SWZ,1950,0.16562787,0.04881354,0.02993373,0.02003025,0.01352631,0.00990083,0.00793501,0.00651569,0.00557393,0.00495636,0.00457114,0.00432004,0.00426924,0.00429831,0.00444128,0.00462916,0.0049378,0.00528734,0.00566638,0.00613775,0.00664973,0.00713667,0.00755654,0.00789897,0.00820461,0.0084746,0.00870175,0.00892606,0.00918825,0.00936884,0.0097273,0.00988736,0.01028548,0.01059512,0.01091985,0.01129083,0.01164488,0.01195525,0.01238356,0.01267538,0.01320398,0.01329771,0.01387359,0.01406821,0.0144538,0.01493527,0.01528062,0.01579652,0.01659931,0.01733974,0.0185,0.01904909,0.02029742,0.02109269,0.02209828,0.02307545,0.02422268,0.02539679,0.02722075,0.02906589,0.03195252,0.03364099,0.0369052,0.0398106,0.04303077,0.04664234,0.05029918,0.05473571,0.05996566,0.06519866,0.07317327,0.0780792,0.08703553,0.09475151,0.10353534,0.11329617,0.12239195,0.13241601,0.14466947,0.15560125,0.16977714,0.17912353,0.19678481,0.21185589,0.22965691,0.24532284,0.26171937,0.27852099,0.29754777,0.314186,0.33975082,0.35333769,0.37788519,0.3993441,0.42410379,0.45038141,0.47275114,0.49638607,0.5177512,0.54461742
SWZ,1951,0.16358194,0.04791059,0.02936878,0.01964442,0.01327284,0.00971879,0.007792,0.00640039,0.00547697,0.00487119,0.00449383,0.00424834,0.00419938,0.00422958,0.00437244,0.00455976,0.00486588,0.00521154,0.00558668,0.00605076,0.00655408,0.00703259,0.00744573,0.00778247,0.00808303,0.0083493,0.0085736,0.00879472,0.00905319,0.00923207,0.0095861,0.00974538,0.0101396,0.01044805,0.01077108,0.01113957,0.01149085,0.01179788,0.01222019,0.0125102,0.01303496,0.01313125,0.01370396,0.01390537,0.01429237,0.01477112,0.01511772,0.01562909,0.01641756,0.0171468,0.01829824,0.01884568,0.02008781,0.02089577,0.02190374,0.0228714,0.02400926,0.02517693,0.02698281,0.02881143,0.03167019,0.03335302,0.03658099,0.03945723,0.04264637,0.04622527,0.04984183,0.05423512,0.05941707,0.0646007,0.07248057,0.07734264,0.08620194,0.09381902,0.10249559,0.11214111,0.12114818,0.13112021,0.14326739,0.15407045,0.16810251,0.17736651,0.19496356,0.21005992,0.22786828,0.2436389,0.25997013,0.27682407,0.295756,0.31255718,0.33719095,0.35099393,0.37588291,0.39731707,0.42114362,0.44903633,0.47160706,0.4943372,0.51733399,0.54262672
SWZ,1952,0.16168797,0.04703743,0.02885445,0.01930308,0.0130437,0.00955375,0.00766397,0.00629934,0.00539293,0.00479806,0.00442819,0.00418872,0.00414219,0.00417448,0.00431877,0.00450781,0.00481328,0.00515848,0.00553286,0.00599308,0.00649235,0.00696673,0.00737727,0.00771289,0.00801283,0.00827952,0.00850476,0.00872732,0.00898599,0.0091663,0.00951991,0.00968076,0.01007447,0.01038446,0.01071034,0.011081,0.01143327,0.01174189,0.0121617,0.01244999,0.01297228,0.01307224,0.01364235,0.01384751,0.01424123,0.01472344,0.01507018,0.01558324,0.01636615,0.0170847,0.01822376,0.01877249,0.02000784,0.02081805,0.02183983,0.02281479,0.02394389,0.02510655,0.02690398,0.02872199,0.03156146,0.03324002,0.03645338,0.0393078,0.04247479,0.04603035,0.0495976,0.05393954,0.05906504,0.06419929,0.07198701,0.07679668,0.08555034,0.09307941,0.10163096,0.11113994,0.12003271,0.129878,0.14194057,0.15263242,0.16648108,0.17568727,0.19311192,0.20818893,0.22599838,0.24181101,0.25828177,0.27504526,0.29400561,0.31077333,0.33540176,0.34854056,0.37358684,0.39533064,0.41911869,0.44611374,0.46992817,0.49220232,0.51530673,0.54321359
SWZ,1953,0.15965897,0.04612705,0.02829914,0.01894064,0.01280381,0.0093752,0.00752454,0.00618985,0.00530216,0.00471993,0.00435804,0.00412434,0.00408098,0.00411653,0.00426281,0.00445464,0.00476017,0.00510595,0.00548044,0.00593803,0.00643409,0.00690484,0.00731426,0.00764994,0.00795117,0.00822006,0.00844821,0.00867383,0.00893467,0.00911802,0.00947122,0.00963395,0.01002777,0.01033886,0.01066713,0.01104143,0.01139644,0.01170808,0.01212896,0.01241729,0.0129357,0.01303764,0.01360601,0.01381372,0.01420995,0.0147,0.01505353,0.01556834,0.01635372,0.01707086,0.0181979,0.01874052,0.01997314,0.02078402,0.02180874,0.02280297,0.02394433,0.02510632,0.02689893,0.02871686,0.03154473,0.03322487,0.03642806,0.03928315,0.04243821,0.04598056,0.04949937,0.05378701,0.05885303,0.06393179,0.07163399,0.07639611,0.08504491,0.09248226,0.10092956,0.11028879,0.11904957,0.12874364,0.1406426,0.15124685,0.16493216,0.1740696,0.19134511,0.20629418,0.22405964,0.23991609,0.25645513,0.27333332,0.2921858,0.30903677,0.33350361,0.34683211,0.37121528,0.3931126,0.41713389,0.44405258,0.46744096,0.49013567,0.51204353,0.54123487
SWZ,1954,0.15760555,0.04516112,0.0277002,0.01854499,0.01255125,0.00919458,0.00737977,0.00607417,0.00520552,0.00463557,0.00428178,0.00405388,0.00401251,0.00404955,0.00419627,0.00438825,0.00469185,0.00503438,0.00540567,0.00585635,0.00634425,0.0068071,0.00721024,0.00754023,0.00783637,0.00810187,0.00832727,0.00855014,0.00880813,0.00899114,0.00934027,0.009502,0.00989147,0.0102,0.01052637,0.01089895,0.01125362,0.01156585,0.01198513,0.012274,0.01278666,0.0128889,0.01345189,0.01366201,0.01405677,0.01454757,0.01490897,0.01542563,0.01620523,0.01692127,0.01803627,0.01856919,0.0197843,0.02059323,0.02161341,0.02260605,0.0237584,0.02492653,0.02670251,0.02850552,0.0313099,0.03298212,0.03615657,0.03899078,0.04212732,0.04563669,0.04910822,0.05334307,0.05834888,0.06337504,0.07099096,0.07572108,0.08428112,0.09164459,0.10000667,0.10926979,0.11792762,0.12750316,0.13927304,0.14977428,0.16340008,0.17252092,0.18963351,0.2044775,0.2220893,0.23795079,0.25455207,0.27147942,0.29042242,0.30722567,0.33163776,0.34501079,0.36942875,0.39082863,0.41497452,0.44202152,0.46539988,0.48815646,0.50952756,0.53726124
SWZ,1955,0.15574342,0.04430895,0.02719042,0.01820596,0.01232955,0.00903818,0.00725863,0.00597709,0.00512578,0.00456725,0.00422107,0.0039991,0.00396087,0.00400118,0.00415047,0.00434604,0.00465054,0.00499511,0.00536795,0.00581761,0.00630437,0.00676543,0.00716948,0.00750176,0.00780037,0.00806931,0.00829903,0.00852645,0.00878751,0.00897501,0.00932682,0.00949181,0.00988292,0.01019389,0.01052331,0.01089949,0.01125775,0.01157559,0.0119982,0.01229123,0.0128055,0.01290971,0.01346838,0.01368067,0.01407782,0.0145692,0.01493598,0.01546315,0.0162471,0.01696489,0.01808184,0.01861404,0.01981755,0.02061924,0.0216415,0.02263774,0.02379339,0.02498065,0.02676733,0.02856779,0.03136228,0.03304131,0.03620964,0.03903959,0.04217341,0.04568435,0.04910581,0.05328106,0.05821885,0.06317763,0.07069737,0.07537213,0.08383566,0.09111042,0.09936546,0.10850316,0.11705368,0.12646643,0.13805423,0.1483909,0.16183058,0.17099077,0.18799341,0.20271843,0.22020048,0.23595929,0.25257949,0.26955375,0.28852613,0.30547114,0.32971931,0.34322216,0.36755713,0.38902349,0.41277239,0.4398333,0.46338026,0.48614179,0.50812951,0.53448875
SWZ,1956,0.15377207,0.04349103,0.02668859,0.01785724,0.01208584,0.00885387,0.00711369,0.00586036,0.00502436,0.00447857,0.00414019,0.00392373,0.00388818,0.00393056,0.00408013,0.00427671,0.00457938,0.00492421,0.00529659,0.00574441,0.00622956,0.00668849,0.00709333,0.0074279,0.00772972,0.00800216,0.00823592,0.00846755,0.00873108,0.00892159,0.00927348,0.0094409,0.00983148,0.0101422,0.01047196,0.01084763,0.01120508,0.01152372,0.01194607,0.01223893,0.01275019,0.01285472,0.01340436,0.01361136,0.01400401,0.01449231,0.01485523,0.01537993,0.01616562,0.01688095,0.01798752,0.01851802,0.01970406,0.02048876,0.02149274,0.02248339,0.02362965,0.02480971,0.02659515,0.02839053,0.03115002,0.03281242,0.03594632,0.03874808,0.04184726,0.04532122,0.04870188,0.05281434,0.05767918,0.06257128,0.06998694,0.07461752,0.08298424,0.09019548,0.09837331,0.10741869,0.11590344,0.12524069,0.13670545,0.14695085,0.16028911,0.16941696,0.18636993,0.20102885,0.2183675,0.23404152,0.25057696,0.26755779,0.28655877,0.30358565,0.32784482,0.34137981,0.36571045,0.38714804,0.41091823,0.43760499,0.46127936,0.48413139,0.50614167,0.53348548
SWZ,1957,0.15182255,0.04256549,0.02613124,0.01750404,0.01187023,0.00870629,0.0070031,0.005777,0.00495645,0.00441797,0.00408719,0.00387691,0.00384336,0.00388754,0.00403905,0.00423746,0.00454026,0.00488323,0.00525415,0.00569584,0.00617339,0.00662537,0.00702371,0.00735207,0.00764835,0.00791712,0.00814692,0.00837541,0.00863656,0.00882709,0.00917723,0.00934555,0.00973494,0.01004541,0.01037494,0.01075045,0.01110824,0.01142983,0.01185489,0.01215468,0.01266909,0.0127814,0.01333307,0.0135437,0.01393542,0.01442584,0.01479546,0.01532324,0.01611184,0.01683847,0.01794776,0.01848274,0.01967031,0.02045228,0.02144778,0.0224333,0.02358577,0.02477075,0.02656023,0.02837722,0.03114749,0.03281036,0.03593724,0.03874132,0.04184033,0.04531076,0.04865252,0.05272599,0.0575286,0.06235675,0.06968139,0.07424779,0.08251797,0.08964543,0.09773627,0.10667302,0.11505651,0.12426906,0.13558868,0.1456585,0.15879109,0.16787783,0.1847098,0.19936256,0.21661217,0.2321834,0.24865565,0.26554029,0.28453211,0.30163917,0.32587891,0.33958686,0.36383073,0.38530164,0.40902268,0.43570249,0.45916902,0.48214355,0.50414901,0.53154793
SWZ,1958,0.1498845,0.04173318,0.0256105,0.01715715,0.01163951,0.00854026,0.00687153,0.00567066,0.00486891,0.00434128,0.00401551,0.00380997,0.00377826,0.00382378,0.00397504,0.00417298,0.00447356,0.00481322,0.0051805,0.005616,0.00608632,0.00653049,0.00692243,0.00724573,0.00753746,0.00780238,0.00803005,0.00825581,0.00851377,0.00870308,0.00904876,0.0092159,0.00960112,0.00990932,0.01023566,0.01060733,0.01096183,0.01128062,0.01170324,0.01200324,0.01251673,0.01263467,0.01318382,0.01339697,0.01378518,0.01426882,0.01463733,0.01516446,0.01594835,0.01667376,0.01778444,0.01832377,0.01950574,0.02028858,0.02127457,0.02224524,0.02338447,0.02456995,0.02634882,0.02815755,0.03092814,0.03259944,0.03570021,0.03848401,0.04156958,0.04502142,0.04832348,0.05235397,0.05711004,0.06187862,0.0691081,0.07362112,0.08179436,0.08884578,0.09685839,0.10571533,0.11403352,0.12315809,0.13437218,0.14435638,0.15733837,0.16637701,0.18307836,0.19765226,0.21487317,0.23039103,0.24678612,0.2635942,0.28247753,0.29962728,0.3238614,0.3376971,0.36198509,0.38342264,0.40714371,0.43375538,0.45722638,0.48016353,0.50228155,0.52958515
SWZ,1959,0.14779744,0.04083369,0.02504908,0.01678383,0.01139227,0.00836252,0.00673108,0.00555719,0.00477319,0.00425907,0.00394026,0.00373842,0.00370865,0.00375547,0.00390653,0.00410399,0.00440228,0.00473834,0.00510191,0.00553063,0.00599293,0.00642927,0.0068143,0.00713166,0.00741825,0.00767872,0.00790306,0.00812594,0.00838021,0.00856775,0.00890864,0.00907427,0.00945459,0.00975956,0.01008341,0.01045102,0.01080153,0.011118,0.01153641,0.01183576,0.01234566,0.01246926,0.0130175,0.01323335,0.01362117,0.01410001,0.01446318,0.01498668,0.01576568,0.01648814,0.01759153,0.01813817,0.01931619,0.02009729,0.02108049,0.02204149,0.02316307,0.02433358,0.02610655,0.02790185,0.03065052,0.03233546,0.03542569,0.03818293,0.04124214,0.04467536,0.04794113,0.05192628,0.05662964,0.06135368,0.06848865,0.07294984,0.08102581,0.08799879,0.0959309,0.10470389,0.11297057,0.12202275,0.13314333,0.14305219,0.15593902,0.16492525,0.18148767,0.1959729,0.21309172,0.22861667,0.24498481,0.26170081,0.28049413,0.29759064,0.32179775,0.33575944,0.36006637,0.38157485,0.40524522,0.43182646,0.45526594,0.47817561,0.50045281,0.52782257
SWZ,1960,0.14568646,0.03996368,0.02453078,0.01643766,0.01116508,0.00819703,0.00660254,0.0054571,0.00469038,0.00418763,0.00387797,0.00368192,0.00365457,0.00370475,0.00385857,0.00405996,0.00435914,0.00469766,0.0050633,0.00549162,0.00595358,0.00638913,0.00677649,0.00709673,0.00738653,0.00765155,0.00788061,0.00810855,0.00836675,0.00855915,0.00890252,0.00907214,0.00945488,0.00976287,0.0100906,0.01046274,0.01081535,0.0111344,0.01155411,0.01185511,0.01236563,0.01249381,0.01304332,0.01326622,0.01365674,0.01413797,0.0145006,0.01501967,0.01579646,0.01651949,0.01762218,0.01817218,0.01935272,0.0201388,0.02112216,0.02208582,0.02320055,0.02435891,0.02611726,0.02791782,0.03065466,0.03234191,0.0354439,0.03820938,0.04125356,0.04467241,0.04790339,0.05183985,0.05647967,0.06114374,0.06818874,0.072587,0.08054578,0.08741779,0.09523836,0.10389278,0.11206447,0.12101765,0.1320132,0.1418057,0.15454761,0.16352705,0.17994432,0.19433213,0.21133925,0.22680123,0.24319833,0.25987127,0.2785589,0.2956197,0.31971488,0.33377372,0.35810862,0.37966602,0.40336897,0.42987777,0.45331606,0.4761958,0.49840989,0.52611292
SWZ,1961,0.14347211,0.03904822,0.02395993,0.01605842,0.01091371,0.00801612,0.00645958,0.00534139,0.00459278,0.00410196,0.00379986,0.0036097,0.00358398,0.00363447,0.00378793,0.00398855,0.00428505,0.00461952,0.00498092,0.00540172,0.00585506,0.00628183,0.00666202,0.0069766,0.00726085,0.00752106,0.00774658,0.00797094,0.0082252,0.0084161,0.00875411,0.0089221,0.00929992,0.00960413,0.00992816,0.01029646,0.01064644,0.0109626,0.01137797,0.01167778,0.01218272,0.01231428,0.01286014,0.01308779,0.01348092,0.01396119,0.01432487,0.01483848,0.015603,0.01632,0.01741259,0.01796385,0.01913636,0.019926,0.0209085,0.02186903,0.02297898,0.02412521,0.0258571,0.02763364,0.0303554,0.03203168,0.03510569,0.03787353,0.04090869,0.04429202,0.04748067,0.05138184,0.05597207,0.06058459,0.06754408,0.07190911,0.07977185,0.08656432,0.09429873,0.10285956,0.11096545,0.1198485,0.13077515,0.14051172,0.15317028,0.16214198,0.17846126,0.19274557,0.20963283,0.22502042,0.24137676,0.25806343,0.27669279,0.29370247,0.31769332,0.33177642,0.35612174,0.37773401,0.40145754,0.42795794,0.45136666,0.4742291,0.49641578,0.52406579
SWZ,1962,0.14130441,0.03810294,0.02336676,0.01566714,0.01065571,0.00783203,0.00631398,0.00522287,0.00449246,0.00401359,0.00371904,0.00353397,0.0035102,0.00356108,0.00371257,0.00391129,0.00420465,0.00453355,0.00488921,0.00530064,0.00574249,0.00615837,0.00652797,0.00683343,0.00710959,0.00736184,0.00758045,0.00779812,0.00804597,0.00823244,0.00856314,0.00872744,0.0090974,0.00939627,0.00971428,0.01007568,0.01042052,0.01073392,0.01114377,0.01144077,0.01193963,0.0120732,0.01261479,0.01284478,0.01323983,0.01372194,0.01408613,0.01459861,0.01535231,0.01605769,0.01713726,0.01768682,0.01885197,0.01963985,0.02062348,0.02158307,0.02268894,0.02382937,0.02553927,0.02728827,0.02997078,0.03164594,0.03469233,0.03743386,0.04046636,0.0438361,0.04698018,0.050835,0.05538376,0.05995184,0.06682722,0.0711545,0.07894258,0.08566165,0.09331385,0.10178609,0.10982688,0.11864091,0.12949763,0.13919937,0.15179719,0.16076424,0.17698558,0.19121306,0.20797453,0.22327623,0.23958207,0.25621413,0.2748403,0.29184407,0.31570951,0.32982946,0.35412054,0.37577236,0.39952474,0.42599901,0.44943054,0.47226916,0.49442054,0.52207994
SWZ,1963,0.13894994,0.0370592,0.02274421,0.01525119,0.01038158,0.0076326,0.00615877,0.00510229,0.0043932,0.00392865,0.00364343,0.00346547,0.00344589,0.00350211,0.00365719,0.00386042,0.00415543,0.0044882,0.00484713,0.00525899,0.00570147,0.00611649,0.00648961,0.00679967,0.00708167,0.00734138,0.00756763,0.00779293,0.0080464,0.00824069,0.00857551,0.00874606,0.00912044,0.00942424,0.00974875,0.01011646,0.01046532,0.01078434,0.01119869,0.01149954,0.01199916,0.01213847,0.01267824,0.01291447,0.01331381,0.01380398,0.01417912,0.0146973,0.01545556,0.01616113,0.01723412,0.01778708,0.01894966,0.01974388,0.02073057,0.02170198,0.02281612,0.02396507,0.02567652,0.02742119,0.03008524,0.03175654,0.03480636,0.03754849,0.04057687,0.04397058,0.04709378,0.05089008,0.05537055,0.05988637,0.06666358,0.0709345,0.07861004,0.08524038,0.09277178,0.10110398,0.1090206,0.1176927,0.12839541,0.13796611,0.15041976,0.15939167,0.17551972,0.18968998,0.20637337,0.22157963,0.23782606,0.25439335,0.27295078,0.2900009,0.31377626,0.32792058,0.35216329,0.37380238,0.39757429,0.42402364,0.44747925,0.47031656,0.49245127,0.52009149
SWZ,1964,0.13642896,0.0360439,0.02210417,0.01482619,0.01009829,0.00742904,0.00599667,0.00496958,0.00428052,0.00382931,0.00355222,0.00337946,0.00336127,0.00341782,0.00357183,0.00377243,0.00406231,0.00438837,0.00474042,0.005142,0.00557203,0.00597491,0.0063369,0.00663735,0.00691027,0.00716228,0.00738275,0.00760139,0.00784804,0.00803805,0.0083646,0.00853157,0.00889825,0.00919557,0.0095134,0.00987456,0.01021732,0.01053167,0.01094072,0.0112401,0.011732,0.01187296,0.01240664,0.01264305,0.01304058,0.01352782,0.01390631,0.01442678,0.01517747,0.01587902,0.01693555,0.01747974,0.01862886,0.01941745,0.02039997,0.02136576,0.02247941,0.02362542,0.0253228,0.02705181,0.02967667,0.0313224,0.03432657,0.03705246,0.04005263,0.04341015,0.04652335,0.05030204,0.05472716,0.05919312,0.0658986,0.07014056,0.07773566,0.08430757,0.09178201,0.10003065,0.10788401,0.11648277,0.12710519,0.13662635,0.14902399,0.15801105,0.17405736,0.18817449,0.20477944,0.21993449,0.23611514,0.25260774,0.2710864,0.28811908,0.31185485,0.32605707,0.35023549,0.37186689,0.39561721,0.42203007,0.44552048,0.46837172,0.49047694,0.51813661
SWZ,1965,0.13380167,0.03503416,0.02146101,0.01440208,0.0098171,0.00722824,0.00583628,0.00483639,0.00416642,0.00372757,0.00345823,0.00329037,0.00327254,0.00332773,0.00347829,0.00367432,0.00395812,0.00427302,0.00461499,0.0050027,0.0054163,0.00580365,0.00614962,0.00643518,0.00669415,0.00693237,0.00714114,0.00734848,0.00758394,0.00776491,0.00807913,0.00823938,0.00859336,0.00888119,0.0091882,0.0095374,0.00987108,0.0101777,0.01057812,0.01087335,0.01135696,0.01149853,0.01202328,0.01225917,0.01265158,0.01313359,0.01350989,0.01402855,0.01477345,0.01546551,0.01650546,0.01704048,0.01816555,0.01894459,0.01991519,0.02087256,0.02197519,0.02311455,0.02479446,0.02650138,0.0290867,0.03069972,0.03364625,0.03632285,0.03929439,0.04260708,0.04568659,0.04945698,0.05386008,0.05827725,0.06490485,0.06912946,0.07666224,0.08318631,0.09061262,0.09881744,0.10663313,0.11518398,0.12575651,0.13525551,0.14762968,0.15661518,0.17259345,0.18666875,0.20319996,0.21830359,0.23446277,0.25087326,0.26926343,0.2862687,0.30991325,0.32421171,0.34835287,0.36996393,0.39369458,0.42003887,0.44356272,0.46644156,0.48854781,0.51617794
SWZ,1966,0.13115896,0.03399963,0.02079424,0.01395768,0.00951662,0.00701176,0.0056605,0.00468863,0.00403836,0.00361253,0.00335072,0.00318721,0.00316935,0.00322241,0.00336768,0.00355635,0.00383312,0.00413632,0.00446353,0.0048357,0.00523087,0.00560052,0.00592783,0.00619625,0.00643891,0.00666106,0.00685561,0.00704921,0.00727219,0.00744243,0.00774139,0.00789282,0.008232,0.00850719,0.00880152,0.00913637,0.00945792,0.00975448,0.01014385,0.01043173,0.01090384,0.0110467,0.0115615,0.01179336,0.01217877,0.01265195,0.01302447,0.01353562,0.0142711,0.01495741,0.01597737,0.01650631,0.01760982,0.01836972,0.0193246,0.02026633,0.02135918,0.0224832,0.02414296,0.02582524,0.02836644,0.02995187,0.03284039,0.03545359,0.0383633,0.04163824,0.04468782,0.0484232,0.05281746,0.05722065,0.0637739,0.06796911,0.07545599,0.08194703,0.08933387,0.09749942,0.10531368,0.1138351,0.12437561,0.13387259,0.14624121,0.15521333,0.17110867,0.18515488,0.20162363,0.21668029,0.23281693,0.24918874,0.26748265,0.28445059,0.30799223,0.32233835,0.34647971,0.36809225,0.39179138,0.41807234,0.44160447,0.46451799,0.48664175,0.51427532
SWZ,1967,0.12846782,0.03287858,0.02008518,0.01349146,0.00921019,0.00679493,0.00548949,0.00454888,0.00392026,0.00350868,0.00325573,0.00309767,0.00308109,0.00313441,0.00327819,0.00346399,0.0037364,0.00403312,0.00435319,0.00471105,0.00509212,0.00544802,0.00576199,0.00601786,0.00624861,0.00645969,0.00664495,0.00682863,0.00704253,0.00720721,0.00749532,0.00764154,0.00796989,0.00823658,0.00852166,0.00884742,0.00916049,0.00945016,0.00983202,0.01011609,0.0105783,0.01072484,0.01123316,0.01146478,0.01184428,0.01231138,0.01268181,0.01318938,0.01391547,0.01459974,0.01560941,0.01613723,0.01722712,0.01797739,0.0189133,0.01984336,0.02092589,0.02204393,0.02368406,0.02535352,0.02786167,0.02943524,0.03228675,0.03485969,0.03771569,0.04093816,0.0439773,0.04768021,0.05202722,0.05642347,0.06292259,0.06708708,0.07449531,0.08094981,0.08828728,0.09638985,0.10416844,0.11265412,0.12312393,0.13256976,0.14487192,0.1538183,0.16962024,0.18362174,0.20004116,0.21506272,0.23118044,0.24751291,0.2657525,0.28267542,0.30610094,0.32048657,0.34458798,0.36623158,0.38991506,0.41612662,0.43966425,0.46260301,0.48476076,0.51240871
SWZ,1968,0.12586204,0.03194329,0.01948344,0.01309107,0.00894015,0.00660048,0.00533233,0.00441707,0.0038064,0.00340661,0.00316069,0.00300676,0.00299013,0.00304147,0.00318079,0.00336011,0.00362525,0.00391037,0.00422076,0.00456423,0.0049245,0.00526511,0.0055638,0.00580598,0.00602398,0.00622278,0.00639715,0.00656999,0.00677322,0.00693002,0.00720668,0.00734614,0.00766182,0.00791809,0.00819165,0.00850491,0.0088076,0.0090873,0.0094578,0.00973471,0.01018388,0.01032846,0.01082655,0.01105597,0.01142627,0.01188123,0.01224467,0.01274188,0.01345396,0.01412725,0.01512159,0.01564813,0.01671875,0.01746001,0.01837752,0.01928176,0.0203452,0.02144329,0.02306066,0.02470045,0.02716648,0.02871914,0.03152473,0.03405369,0.03684927,0.04000029,0.04300085,0.04669396,0.05100332,0.05535862,0.0618219,0.06599089,0.07332874,0.0797376,0.08704757,0.09511301,0.10287443,0.11134134,0.12180109,0.13124005,0.14352447,0.15244053,0.16813697,0.1820826,0.19843673,0.21343787,0.2295467,0.24584387,0.26402856,0.28094647,0.30424319,0.31866014,0.34271263,0.36435432,0.38804624,0.41420351,0.43773597,0.46069236,0.48289321,0.51057455
SWZ,1969,0.1231019,0.03085352,0.01880718,0.01264449,0.00864485,0.00638828,0.00516364,0.00427892,0.00368855,0.00330182,0.00306433,0.00291633,0.00290084,0.00295176,0.00308876,0.0032647,0.00352468,0.00380173,0.00410385,0.00443778,0.0047843,0.00510721,0.00539481,0.00562757,0.00583707,0.00602816,0.00619607,0.00636266,0.00655992,0.0067128,0.00698266,0.00712023,0.00742839,0.00767855,0.00794574,0.00825228,0.0085481,0.0088233,0.00918621,0.00945899,0.00990007,0.01004501,0.01053533,0.01076488,0.01113257,0.01158011,0.01193796,0.01242928,0.01313051,0.01379674,0.01477807,0.0153071,0.0163699,0.01710359,0.01801257,0.01890277,0.01994448,0.02102666,0.02262033,0.02424433,0.02667658,0.02821681,0.03099164,0.03349048,0.03625102,0.03934783,0.04229919,0.04594912,0.05023847,0.05455232,0.06093804,0.06510891,0.07240311,0.0787474,0.08599199,0.09400774,0.10173536,0.11015208,0.12055937,0.12998062,0.14220903,0.15109048,0.16667732,0.18055465,0.19683266,0.21179982,0.22791174,0.24418448,0.26231868,0.27923052,0.30243115,0.31687282,0.34086629,0.36249881,0.38617433,0.41229551,0.43582988,0.45879421,0.48102519,0.50876612
SWZ,1970,0.12016818,0.02970666,0.01810813,0.01218086,0.00833817,0.00616664,0.00498866,0.0041383,0.00356995,0.00319771,0.00296953,0.00282831,0.00281531,0.00286786,0.00300469,0.0031806,0.00343778,0.0037109,0.00400865,0.00433419,0.00467556,0.00498969,0.005265,0.00549448,0.00570138,0.00589077,0.00605822,0.00622458,0.00642059,0.00657516,0.00684253,0.00698186,0.00728902,0.00753845,0.00780439,0.00811037,0.00840453,0.00867864,0.00903941,0.00931142,0.00974765,0.00989597,0.01038103,0.010612,0.01097865,0.01142645,0.01178296,0.01226976,0.01296442,0.01362688,0.01460034,0.01513078,0.0161923,0.01693074,0.01783499,0.01872405,0.019757,0.02082427,0.0224001,0.0240088,0.02642421,0.02795657,0.03071356,0.03320197,0.03594599,0.0390238,0.04192842,0.04551975,0.04975179,0.05404125,0.06034582,0.06447063,0.07171404,0.07802014,0.08517642,0.09309705,0.10077063,0.10911262,0.11942391,0.12877105,0.14091809,0.14976756,0.16524002,0.17904422,0.19523338,0.21015639,0.22625559,0.24251701,0.26061137,0.27752072,0.30062544,0.31512143,0.33904635,0.36066147,0.38431409,0.41037798,0.43392997,0.45690044,0.47915354,0.50694092
SWZ,1971,0.11694605,0.02847567,0.01735987,0.01168347,0.00800852,0.00592804,0.00480028,0.00398741,0.00344284,0.00308641,0.00286836,0.00273447,0.00272438,0.00277905,0.00291608,0.00309255,0.00334719,0.00361693,0.00391077,0.00422813,0.00456034,0.00487062,0.00513999,0.00535938,0.00556494,0.00575358,0.00592142,0.00608852,0.00628408,0.00644071,0.00670646,0.00684756,0.00715403,0.00740452,0.00767065,0.00797684,0.00827033,0.00854496,0.00890349,0.00917719,0.00960929,0.00976084,0.01024157,0.01047507,0.01084063,0.01128801,0.01164738,0.01213146,0.01281824,0.01347649,0.01444087,0.01497356,0.01602787,0.01677215,0.01768001,0.01856685,0.01959865,0.02065894,0.02221211,0.02380408,0.0261913,0.02772537,0.03045661,0.0329341,0.03566905,0.03872902,0.04162079,0.04517745,0.04935983,0.05361372,0.05988194,0.06399583,0.07117264,0.07747727,0.08462129,0.09247979,0.10011424,0.10843403,0.11869753,0.12801688,0.14011525,0.14899547,0.16437321,0.17812685,0.19424638,0.20914207,0.22523823,0.24151181,0.25961502,0.27657108,0.29960957,0.31421516,0.33811518,0.35974182,0.38339664,0.40944114,0.43303051,0.45604902,0.47835488,0.5061998
SWZ,1972,0.1134702,0.02713911,0.01654749,0.01114443,0.00765151,0.00567058,0.00459707,0.00382503,0.00330658,0.00296763,0.00276044,0.00263416,0.00262754,0.00268526,0.00282299,0.00300086,0.00325343,0.00352033,0.00381043,0.00411983,0.00444255,0.00474299,0.00501213,0.0052279,0.00542498,0.00561367,0.0057829,0.0059511,0.0061464,0.00630594,0.00656959,0.00671332,0.00701909,0.00727112,0.00753962,0.00784819,0.00814228,0.00841964,0.00877863,0.00905522,0.00948728,0.00964571,0.01012389,0.01036375,0.01073159,0.01118093,0.0115453,0.01203456,0.01271798,0.01337415,0.01433187,0.01486772,0.01591918,0.01666793,0.01758356,0.01848099,0.01951616,0.02058289,0.02212775,0.02370377,0.02606929,0.02760266,0.03032524,0.03279346,0.03552616,0.03858884,0.04148147,0.04503679,0.0491943,0.05342093,0.05963744,0.06378355,0.07092477,0.07720967,0.08437375,0.09224509,0.09987836,0.10819167,0.1184594,0.12780858,0.13990899,0.14886781,0.16424128,0.17801799,0.19413701,0.2090746,0.22524214,0.24160089,0.25978268,0.27689445,0.2999663,0.31480737,0.33879119,0.36056737,0.38434292,0.41047268,0.43420147,0.45736293,0.47979148,0.50776578
SWZ,1973,0.10974012,0.0257278,0.01568001,0.01056601,0.00726447,0.00539044,0.00437428,0.00364511,0.00315442,0.00283423,0.00263846,0.00251981,0.0025163,0.00257619,0.00271339,0.00289097,0.00314002,0.00340206,0.00368666,0.00398609,0.00429684,0.00458452,0.00484475,0.00505981,0.00525153,0.00543053,0.00559856,0.00576475,0.00595638,0.00611542,0.00637284,0.00651561,0.00681658,0.0070653,0.00733145,0.00763874,0.00793015,0.00820642,0.00856264,0.00883975,0.00926652,0.00943177,0.00990402,0.01014722,0.01051509,0.01096322,0.01132838,0.01181719,0.01249592,0.01314608,0.0140883,0.01462314,0.01566186,0.01640965,0.01732169,0.01822121,0.01926004,0.02032339,0.02185612,0.02341477,0.02573561,0.02725705,0.02994293,0.03239371,0.03509968,0.03814118,0.04102062,0.04455262,0.0486763,0.05285953,0.05898023,0.06310356,0.0701905,0.07642929,0.08353355,0.09137504,0.0990051,0.10726717,0.11746457,0.12680185,0.13884621,0.14783308,0.16311742,0.1768762,0.19292944,0.20783982,0.22401232,0.24038325,0.25856354,0.27574732,0.29876446,0.3137819,0.33775879,0.35959896,0.38341704,0.40956558,0.43338136,0.4566457,0.47918938,0.50717011
SWZ,1974,0.10591904,0.0243408,0.01483797,0.01000759,0.00689475,0.00512322,0.00416305,0.00347536,0.0030111,0.00270839,0.002524,0.00241351,0.00241305,0.00247503,0.00261226,0.00279032,0.00303658,0.00329494,0.00357514,0.00386552,0.00416541,0.0044417,0.0046935,0.0049031,0.00509559,0.00527042,0.0054318,0.00559756,0.00578695,0.00594658,0.00619996,0.00634327,0.00664065,0.00688826,0.00715338,0.0074604,0.00775138,0.00802805,0.00838232,0.00866137,0.00908487,0.00925609,0.00972547,0.00997306,0.01034099,0.01078986,0.01115708,0.01164543,0.01231928,0.01296831,0.01389805,0.01443085,0.01545757,0.01620258,0.01711219,0.018011,0.01905185,0.02011952,0.02163924,0.02318835,0.02547863,0.02698354,0.02963604,0.03206137,0.03475113,0.03776829,0.04063387,0.04415016,0.04824364,0.05240208,0.0584439,0.06254083,0.06955298,0.07577151,0.08282866,0.09060965,0.09823944,0.10649194,0.11662483,0.12593297,0.13794197,0.14696179,0.16216552,0.17590166,0.19191643,0.2068103,0.22298753,0.23936733,0.25754092,0.27478509,0.29775577,0.31292244,0.33689949,0.35880125,0.38266018,0.4088298,0.43273431,0.45609561,0.47873845,0.50680935
SWZ,1975,0.10199169,0.02294702,0.01398146,0.00943907,0.00651521,0.0048487,0.00394412,0.00329688,0.00285934,0.00257437,0.00240091,0.00229778,0.00229949,0.00236216,0.00249712,0.00267238,0.00291309,0.00316385,0.0034353,0.00371282,0.00399759,0.00425853,0.0044973,0.00469654,0.00488069,0.00505267,0.00520782,0.00536373,0.00554777,0.00570462,0.00594997,0.00609093,0.00638097,0.00662348,0.00688407,0.00718643,0.00747361,0.0077488,0.00809887,0.00837762,0.00879599,0.00897293,0.0094374,0.00969011,0.01005708,0.01050408,0.01087273,0.01135945,0.01202463,0.01266852,0.01358628,0.01411574,0.01512711,0.01586669,0.01676886,0.01766412,0.01870134,0.01976885,0.02127881,0.02281019,0.02506838,0.02655825,0.02916381,0.03155556,0.03420992,0.03720048,0.04003442,0.04352114,0.04757817,0.05169708,0.05765936,0.0617177,0.06863373,0.07478611,0.08179904,0.08950623,0.09708019,0.10530095,0.11538598,0.12463378,0.13656036,0.14558022,0.16068776,0.17436451,0.19030188,0.2051544,0.22130621,0.23764774,0.25577236,0.27302702,0.29591213,0.31116433,0.33510639,0.35701686,0.38086666,0.40700814,0.43092593,0.4543433,0.47705462,0.50520002
SWZ,1976,0.09809518,0.02159913,0.01315049,0.00888504,0.00614167,0.00457656,0.00372536,0.00311689,0.00270489,0.00243682,0.00227381,0.0021777,0.00218088,0.00224279,0.00237371,0.00254389,0.00277727,0.00301856,0.00327913,0.00354219,0.00381011,0.00405474,0.00427831,0.00446505,0.00463828,0.0048007,0.00495229,0.00509973,0.00527156,0.0054235,0.00565895,0.00579557,0.0060756,0.00631069,0.00656368,0.00685819,0.00713832,0.00740888,0.00775258,0.00802768,0.0084373,0.0086166,0.00907349,0.00932637,0.00969023,0.01013107,0.0104954,0.01097628,0.01162785,0.01225951,0.01315787,0.0136822,0.01467315,0.01540025,0.01628733,0.01716988,0.01819659,0.01925187,0.0207419,0.02225149,0.02446387,0.02593027,0.02848286,0.03081842,0.03341997,0.03635359,0.03914194,0.04257144,0.04656525,0.05062116,0.05647713,0.06047347,0.0672629,0.07329955,0.08019898,0.08781057,0.09528408,0.10338009,0.11336825,0.12252028,0.13428652,0.14319251,0.15812833,0.1716504,0.18740404,0.20209275,0.21811076,0.23427512,0.2522121,0.26932521,0.29200217,0.30716903,0.33094643,0.35270989,0.37638675,0.40232599,0.42608089,0.44933757,0.47194606,0.50003691
SWZ,1977,0.09427762,0.020311,0.0123525,0.00835786,0.00579119,0.00432397,0.00352298,0.00294898,0.00256001,0.0023066,0.00215317,0.00206357,0.00206711,0.00212675,0.00225263,0.00241586,0.0026407,0.0028695,0.00311653,0.00336184,0.00360891,0.00383382,0.00403675,0.00420497,0.00436102,0.00450749,0.00464563,0.00478446,0.00494243,0.00507971,0.00530311,0.00543328,0.00569981,0.00592458,0.00616667,0.00644864,0.00671921,0.00698098,0.00731472,0.00758423,0.00798135,0.0081597,0.00860627,0.00885618,0.00921112,0.00964235,0.00999754,0.01046582,0.01109869,0.01171275,0.01258405,0.01309635,0.01406486,0.01477445,0.01564039,0.01650153,0.01750852,0.01854512,0.02000435,0.02148588,0.02365267,0.02508145,0.02757987,0.02985536,0.03238406,0.0352477,0.03796221,0.04132582,0.04523502,0.04920715,0.05495242,0.05886065,0.06552466,0.07142823,0.07818022,0.08564748,0.09302353,0.10097902,0.11081618,0.11986357,0.13150554,0.1402481,0.15499768,0.16836785,0.1839433,0.1984552,0.21432254,0.23030598,0.24803961,0.26497495,0.28745822,0.30245382,0.32609033,0.34770685,0.37122351,0.3970095,0.42059754,0.4436759,0.46609141,0.49414128
SWZ,1978,0.0906295,0.01909801,0.01159796,0.00785695,0.00545448,0.00408062,0.00332702,0.0027866,0.00242023,0.00218173,0.00203729,0.00195335,0.00195759,0.00201575,0.00213706,0.00229417,0.00251144,0.00272951,0.00296463,0.00319498,0.00342428,0.00363161,0.00381695,0.00396977,0.00411127,0.00424365,0.00437007,0.0044981,0.00464992,0.00477762,0.00498241,0.00510614,0.00535947,0.0055735,0.00580436,0.00607418,0.00633478,0.00658901,0.00691391,0.00717936,0.00756776,0.00774818,0.00818753,0.00843873,0.00879027,0.00921589,0.00956888,0.0100297,0.01064712,0.01124839,0.01209732,0.01259945,0.01354787,0.01424704,0.01509443,0.01593637,0.01692504,0.01794409,0.01937884,0.02083119,0.02295886,0.02436509,0.02681053,0.02904122,0.03151264,0.03430795,0.03697025,0.04027799,0.0441263,0.04802501,0.05367278,0.05752186,0.06408396,0.06989553,0.07653116,0.083864,0.09113496,0.09900628,0.1087288,0.11765636,0.12921626,0.13789387,0.15248275,0.16571227,0.1811643,0.19554847,0.21131277,0.22716182,0.24476592,0.26157958,0.2838947,0.2988008,0.32233599,0.34386646,0.36729141,0.39296705,0.41645588,0.43942882,0.46173618,0.48972349
SWZ,1979,0.08698847,0.01791708,0.01087272,0.00737443,0.00513055,0.00384541,0.00313835,0.00263145,0.00228726,0.00206338,0.00192794,0.00184987,0.00185534,0.00191294,0.00203091,0.00218387,0.00239503,0.00260522,0.00283129,0.00304977,0.0032651,0.00345823,0.00362968,0.00377043,0.00390095,0.00402262,0.00414044,0.00426066,0.00440497,0.00453223,0.00472652,0.00484014,0.00508465,0.00529161,0.00551521,0.00577714,0.00603114,0.00628054,0.00660002,0.00686342,0.00724598,0.00743123,0.00786585,0.00811977,0.0084708,0.00889498,0.00924715,0.00970672,0.01031335,0.01090481,0.01173699,0.0122327,0.01316373,0.01385362,0.01469017,0.01551745,0.01649161,0.01749403,0.01890512,0.02033746,0.02242822,0.02382155,0.02623266,0.02842138,0.03085463,0.03359959,0.03619883,0.03946004,0.04325464,0.04710288,0.0526613,0.056467,0.06295061,0.06869047,0.0752489,0.08247435,0.08964887,0.09741943,0.10708064,0.11592441,0.12737896,0.13604159,0.15055275,0.16366826,0.17899626,0.19330521,0.20901391,0.22476847,0.24227497,0.25904386,0.28122154,0.29609595,0.31955771,0.34104478,0.36442452,0.39003725,0.41349272,0.43642073,0.45867702,0.48666037
SWZ,1980,0.08339129,0.01673362,0.01016484,0.00690323,0.00481586,0.00361564,0.00295615,0.00248482,0.00216316,0.00195415,0.00182856,0.00175783,0.00176594,0.00182514,0.00194299,0.00209646,0.00230543,0.00251395,0.00273744,0.00295009,0.00315833,0.00334363,0.00350927,0.00364558,0.0037723,0.00389121,0.00400747,0.00412684,0.0042693,0.00439781,0.00459436,0.00470777,0.00494374,0.00515047,0.00537398,0.00563574,0.00588944,0.00614048,0.0064603,0.00672777,0.00711045,0.00730457,0.0077406,0.00800337,0.00835987,0.00879019,0.00914925,0.0096137,0.010222,0.01081326,0.01163806,0.01213563,0.01305877,0.01374638,0.01457898,0.01540504,0.01637275,0.01737048,0.01876608,0.02018797,0.02226214,0.02365503,0.02605323,0.02823336,0.03064403,0.03337089,0.03594742,0.03917095,0.04293956,0.04676825,0.05227958,0.05608216,0.06251937,0.06824182,0.07476993,0.08195731,0.08909535,0.09680967,0.10641377,0.11527165,0.12669521,0.13537337,0.14986442,0.16300229,0.17826564,0.19255916,0.20830211,0.224077,0.24157558,0.25840259,0.2805456,0.29554981,0.31900755,0.34055711,0.36398166,0.38960133,0.41312898,0.43612684,0.4584492,0.48652194
SWZ,1981,0.0797828,0.01564639,0.00952335,0.00648328,0.00454036,0.00341688,0.00279918,0.00235945,0.00205798,0.00186192,0.00174456,0.00167999,0.00169018,0.00175062,0.00186795,0.00202143,0.00222775,0.00243411,0.0026546,0.00286134,0.00306282,0.00324067,0.00340064,0.00353266,0.0036555,0.00377113,0.00388575,0.00400411,0.00414448,0.00427366,0.00446769,0.00458713,0.00481975,0.00501956,0.00524358,0.00550528,0.00575897,0.00601168,0.0063316,0.00660274,0.00698647,0.00718924,0.00762713,0.00790004,0.00826305,0.00870014,0.00906771,0.00953901,0.01014734,0.01074257,0.01156174,0.01205994,0.01297656,0.01366362,0.01449227,0.01531711,0.0162832,0.0172771,0.01866022,0.02006729,0.02211899,0.02351545,0.02589482,0.02806786,0.03047079,0.03317653,0.03574069,0.03893844,0.04266158,0.04646875,0.0519289,0.05573719,0.06212257,0.06782321,0.07433019,0.0814801,0.08860415,0.09627005,0.10580432,0.11462855,0.12605686,0.1347589,0.14916852,0.16233512,0.17759497,0.19186304,0.20761048,0.22341016,0.24090614,0.25778217,0.2798771,0.29502259,0.318477,0.34008379,0.36355038,0.38917306,0.41276913,0.43583308,0.45820593,0.48635195
SWZ,1982,0.0760685,0.01450202,0.00883485,0.0060223,0.00422977,0.0031883,0.00261677,0.00221129,0.00193165,0.00174988,0.00164196,0.00158436,0.00159666,0.00165779,0.00177381,0.00192629,0.00212857,0.00233094,0.00254685,0.00274564,0.0029383,0.0031077,0.00326171,0.00339007,0.00351024,0.00362393,0.00373776,0.00385618,0.00399512,0.00412528,0.00431677,0.00443763,0.00467334,0.00487145,0.0050888,0.00535091,0.00560416,0.00585838,0.00617777,0.00645187,0.00683561,0.00704743,0.00748627,0.00776895,0.00813926,0.00858345,0.00895893,0.00943773,0.01004702,0.01064231,0.011457,0.01195441,0.01285878,0.01354131,0.01436112,0.01517711,0.01613269,0.01711712,0.01847719,0.01986255,0.02187912,0.02326307,0.02561494,0.02776401,0.03014736,0.03283196,0.03539666,0.03859874,0.04227934,0.04603586,0.05143343,0.05523432,0.06156632,0.06722779,0.07369806,0.08080895,0.08790929,0.09554093,0.10500414,0.11377081,0.12514805,0.13390088,0.14822615,0.16134627,0.17659537,0.19088825,0.20662076,0.22240174,0.23988949,0.25680939,0.27883733,0.2940994,0.31755051,0.33920117,0.36269211,0.38830495,0.41195429,0.43506948,0.45748569,0.48570545
SWZ,1983,0.07828004,0.01679539,0.00968757,0.00656668,0.00470837,0.00360108,0.00297761,0.00253983,0.00223234,0.00202716,0.00189807,0.00181949,0.00180478,0.00183199,0.0019094,0.00202739,0.00220166,0.00239313,0.00260847,0.00280529,0.00299597,0.003162,0.00331498,0.00344299,0.00356308,0.00367761,0.00379397,0.0039162,0.00405862,0.00419641,0.00439224,0.00452188,0.00476434,0.00497677,0.00520356,0.00547071,0.00573639,0.00600488,0.00633736,0.00662854,0.0070265,0.00726259,0.00771914,0.00802974,0.00842673,0.00890046,0.00930801,0.00981917,0.01045835,0.01108676,0.01192834,0.01246546,0.01339716,0.01411351,0.01496821,0.0158235,0.0168172,0.017847,0.01924649,0.02067509,0.02272585,0.0241705,0.02656851,0.02878275,0.03123281,0.03399484,0.03662144,0.03989934,0.04368751,0.04752709,0.05295928,0.05689538,0.06330919,0.06913077,0.07578648,0.08308067,0.09035639,0.09805787,0.10751326,0.11628943,0.12764743,0.13648099,0.15080157,0.16395505,0.17919233,0.19360073,0.20946747,0.22533574,0.24289035,0.25998992,0.28204085,0.29759612,0.32113861,0.34297812,0.36662194,0.39233479,0.41616949,0.43947214,0.46191876,0.48990764
SWZ,1984,0.06875401,0.01242052,0.00759779,0.00522036,0.00371959,0.00283911,0.00235786,0.00201811,0.00177579,0.00161212,0.00151,0.001454,0.00146265,0.00152065,0.00162973,0.00177707,0.00196939,0.00216474,0.00237178,0.00255656,0.00273397,0.00288706,0.00302995,0.00315137,0.00326646,0.00337647,0.00349016,0.00360969,0.00374731,0.00388182,0.00406969,0.00419403,0.00442849,0.00463424,0.00485943,0.0051187,0.00536903,0.00563076,0.00595438,0.00623861,0.00662669,0.00685911,0.00730618,0.00761474,0.00800629,0.00847596,0.00888037,0.00938743,0.01001694,0.01063629,0.01146287,0.01198569,0.01290181,0.013601,0.01443321,0.01526807,0.01623851,0.01723818,0.01859699,0.01997736,0.0219667,0.02335493,0.02568355,0.02783127,0.03021948,0.03291373,0.03547166,0.03865436,0.0423506,0.04612592,0.05143668,0.05526084,0.06155488,0.06723129,0.0737156,0.08082379,0.08799359,0.09566324,0.10515339,0.11396132,0.12536634,0.13423388,0.14855694,0.16178253,0.17705077,0.19150467,0.20750541,0.22346313,0.24105842,0.25825309,0.2803505,0.29605248,0.31968796,0.34165485,0.36540593,0.39116586,0.41510885,0.43850034,0.46115759,0.48968302
SWZ,1985,0.06490265,0.01122524,0.00686405,0.00469942,0.00333393,0.00252837,0.00209011,0.00178359,0.00156741,0.00142787,0.00134758,0.00130983,0.00132912,0.0013939,0.0015085,0.00166153,0.00185616,0.00205362,0.00226297,0.00244611,0.00262072,0.00276945,0.00290938,0.00302759,0.00313907,0.00324596,0.00335674,0.00347391,0.00360722,0.00374041,0.00392255,0.00404492,0.00427325,0.00447476,0.00469654,0.00495702,0.00520194,0.00545406,0.00577244,0.00605509,0.00643561,0.00667173,0.00711028,0.00742257,0.00781466,0.00828462,0.00869384,0.00920375,0.00982989,0.01044945,0.01126698,0.01179445,0.01269598,0.01339527,0.0142179,0.01504287,0.0160012,0.01699227,0.01832275,0.01968029,0.0216213,0.02299643,0.0252695,0.02737545,0.02972549,0.03238519,0.03487107,0.03796724,0.04152971,0.0451913,0.05036242,0.05407105,0.06016145,0.06567626,0.07197782,0.07889696,0.08585926,0.09331873,0.10256812,0.11111897,0.12218374,0.13081556,0.14491815,0.15792164,0.17301337,0.1872355,0.20298155,0.21873697,0.23611346,0.2530097,0.27484922,0.29024188,0.31360851,0.33526571,0.35872408,0.38424075,0.40790922,0.43106353,0.453526,0.48181174
SWZ,1986,0.0614937,0.01031066,0.00630966,0.00432797,0.00308131,0.00234267,0.00194053,0.00166044,0.00146175,0.00133365,0.00126056,0.00122774,0.00124818,0.00131264,0.00142506,0.00157578,0.00176657,0.00196031,0.0021654,0.00234177,0.00250846,0.00264865,0.0027809,0.00289212,0.00299606,0.00309567,0.00320013,0.0033115,0.00343832,0.00356722,0.00374168,0.00386059,0.00408152,0.00427756,0.00449436,0.00474982,0.00499543,0.00524299,0.00554985,0.00583118,0.00620569,0.00644538,0.00687856,0.00719436,0.00758667,0.00805824,0.00847243,0.00898632,0.00961237,0.01023447,0.01104772,0.01158334,0.01248251,0.01318572,0.01401357,0.01484091,0.01579814,0.0167912,0.01811354,0.01945862,0.02137204,0.02274274,0.02498537,0.02706629,0.02938638,0.03201774,0.03446182,0.03750925,0.04104057,0.04464406,0.04973704,0.05345203,0.0594624,0.06490282,0.0711475,0.07800432,0.08492907,0.09232812,0.10151552,0.11002427,0.12102061,0.12963226,0.14362569,0.15653981,0.1715395,0.185747,0.201459,0.21716044,0.23452331,0.25143449,0.27317551,0.28859477,0.31192618,0.33357548,0.35701063,0.38248104,0.40613998,0.4292965,0.45177199,0.48009335
SWZ,1987,0.05837518,0.00948872,0.00581057,0.00399434,0.00285313,0.00217423,0.00180434,0.00154737,0.0013646,0.001247,0.00118013,0.00115131,0.00117237,0.00123591,0.00134497,0.00149153,0.00167665,0.00186423,0.00206236,0.00223022,0.00238744,0.00251922,0.00264383,0.00274895,0.00284701,0.00294011,0.00303936,0.00314542,0.00326648,0.00339149,0.0035588,0.00367438,0.00388881,0.00408003,0.00429213,0.00454329,0.0047854,0.00503662,0.00533942,0.0056136,0.00598535,0.00622999,0.00666187,0.00698295,0.00737845,0.00785421,0.00827643,0.00879743,0.0094272,0.01005559,0.01087058,0.01141532,0.01231916,0.01303169,0.01386461,0.01470241,0.01566638,0.01666197,0.01798105,0.01932198,0.02121711,0.02258319,0.02480947,0.02687177,0.02917176,0.03178055,0.03420066,0.03721121,0.0406842,0.04425644,0.04926029,0.0529373,0.05890936,0.06427994,0.07043521,0.07721585,0.08408215,0.09141376,0.10051272,0.10894968,0.11986227,0.12845358,0.14236438,0.15519902,0.17009213,0.18423844,0.19994864,0.21560528,0.23290512,0.24983948,0.27152191,0.28696391,0.31024713,0.33189244,0.35530553,0.38072899,0.40438194,0.42752793,0.4500108,0.47837006
SWZ,1988,0.05559004,0.0088077,0.0053991,0.00371765,0.00266273,0.00203224,0.00168773,0.00144938,0.00127838,0.00116837,0.00110626,0.00108085,0.00110171,0.0011629,0.00126726,0.00140833,0.00158733,0.00176859,0.00195891,0.0021185,0.00226626,0.00238953,0.00250485,0.00260185,0.00269217,0.00277625,0.00286669,0.00296484,0.00307775,0.00319471,0.00335316,0.00346225,0.00366759,0.00385164,0.00405664,0.00429992,0.00453616,0.00478253,0.00508609,0.00535469,0.00571418,0.00595855,0.00638839,0.0067104,0.00710481,0.00758011,0.0080033,0.00852569,0.00915425,0.00978186,0.01059601,0.01114057,0.01204489,0.01276127,0.01359601,0.01443171,0.01539937,0.01639172,0.0177009,0.01902784,0.02091594,0.02225597,0.02446557,0.02650401,0.02877639,0.03135523,0.03372925,0.03671637,0.04014911,0.04365167,0.04863037,0.05223297,0.05815174,0.06349993,0.06959107,0.07628601,0.08310428,0.09037977,0.09943542,0.10782504,0.11869675,0.12727749,0.14110637,0.15388749,0.16868424,0.1827531,0.19841679,0.21405993,0.23130538,0.24821711,0.26985441,0.28534943,0.30857974,0.33021194,0.3536058,0.37898158,0.40262872,0.42577102,0.44824149,0.47663177
SWZ,1989,0.05339422,0.00826176,0.00507396,0.00349842,0.00251345,0.00192168,0.00159957,0.00137811,0.00121801,0.00111506,0.00105755,0.00103542,0.00105751,0.00111966,0.00122448,0.0013669,0.00154545,0.00172782,0.00191961,0.00207921,0.00222732,0.00235008,0.00246665,0.00256567,0.00265779,0.00274437,0.00283745,0.00293792,0.00305166,0.00317128,0.0033293,0.00343965,0.00364498,0.00382966,0.0040362,0.00428178,0.00451912,0.00476817,0.00507351,0.00535284,0.00571291,0.00595654,0.00638741,0.00671725,0.00711748,0.00759969,0.00803231,0.00856448,0.00920149,0.00983952,0.01066119,0.01122101,0.01213319,0.01286334,0.01371351,0.01456617,0.01554653,0.01656062,0.01787807,0.01921212,0.02109918,0.0224618,0.02466522,0.02670619,0.02898569,0.03156873,0.03390552,0.03683996,0.04023098,0.0436809,0.04855235,0.05212948,0.05793196,0.06319506,0.06922997,0.07580768,0.08250265,0.08965947,0.09857728,0.1068412,0.11754756,0.12611025,0.13986883,0.15259701,0.16732385,0.18132287,0.19692599,0.21251277,0.2297341,0.2466308,0.26818841,0.28374056,0.30694503,0.32856009,0.35193035,0.37725966,0.40089824,0.42403818,0.44650591,0.47489734
SWZ,1990,0.05188673,0.00792099,0.00487708,0.00336583,0.00242525,0.00185565,0.00154908,0.00133862,0.00118552,0.00108682,0.00103307,0.00101444,0.00103781,0.00110096,0.00120795,0.00135364,0.00153413,0.00172066,0.00191811,0.00207986,0.00223089,0.00235702,0.00247756,0.00257996,0.00267493,0.00276531,0.00286039,0.00296307,0.00307749,0.00319876,0.00335769,0.00346992,0.00367536,0.00386193,0.00407188,0.00432101,0.00456234,0.00481726,0.00512669,0.00541328,0.00578405,0.00603269,0.00645468,0.0067942,0.00720077,0.00768868,0.00812969,0.00866808,0.00930868,0.00995355,0.01077579,0.01134335,0.01224876,0.01297802,0.01382132,0.01467392,0.01564043,0.01664382,0.01794494,0.0192639,0.02111233,0.02246435,0.02462292,0.0266235,0.0288601,0.03139672,0.03370623,0.03658353,0.03988581,0.04329368,0.04805493,0.05158377,0.05730131,0.0624814,0.06843877,0.07497945,0.08160411,0.08867548,0.09751754,0.10573256,0.11638199,0.12491658,0.13859833,0.15128454,0.16594185,0.17989526,0.19544589,0.21096245,0.22811946,0.24502851,0.2665121,0.2820893,0.30527739,0.32689359,0.35023642,0.37552031,0.39914946,0.42228197,0.44475101,0.47316102
SWZ,1991,0.0514783,0.0077751,0.00481307,0.00332214,0.00239804,0.00183254,0.00153317,0.00132975,0.00117995,0.00108319,0.00103186,0.00101654,0.00104224,0.00110853,0.0012201,0.00137316,0.00155923,0.00175666,0.00196525,0.00213626,0.00229904,0.00243667,0.00257187,0.00268893,0.00279814,0.002904,0.0030129,0.00313117,0.00325875,0.00339344,0.00356597,0.00368941,0.00390913,0.00411035,0.00433756,0.00460624,0.00486529,0.00514035,0.00546843,0.00577536,0.00616851,0.00644605,0.00688314,0.00723275,0.00766447,0.00817951,0.00864748,0.00921324,0.0098825,0.01055595,0.01141138,0.01200464,0.0129348,0.01368942,0.01455721,0.01543979,0.01642958,0.01746132,0.01878482,0.02014048,0.02202329,0.02340511,0.02559051,0.02762101,0.02987998,0.03244236,0.03468972,0.03750284,0.04073062,0.04403806,0.04869996,0.05213768,0.05769595,0.06276012,0.06854242,0.07490674,0.08139683,0.0882601,0.09684811,0.10483494,0.11522725,0.12374516,0.13734086,0.14997842,0.16457724,0.17848562,0.19400675,0.2094608,0.22654013,0.24342441,0.26485914,0.28046599,0.30361375,0.32523874,0.34856384,0.37379911,0.39742613,0.4205482,0.44301022,0.47144043
SWZ,1992,0.05250566,0.00805757,0.00503218,0.00347636,0.00251436,0.00191758,0.00160728,0.00139903,0.00124426,0.00114336,0.00109102,0.0010777,0.00110623,0.00117807,0.00129898,0.00146599,0.00166372,0.00188127,0.00211128,0.00230208,0.00248913,0.00265054,0.00281381,0.00295865,0.00309489,0.00322974,0.00336514,0.00351184,0.00366492,0.00382556,0.00402464,0.00416915,0.00441586,0.00464349,0.00490115,0.005203,0.00549094,0.00579842,0.00615531,0.00649185,0.00691818,0.00722293,0.00769768,0.0080729,0.00851965,0.00907242,0.00957542,0.01017779,0.01088411,0.01159429,0.01249219,0.01311677,0.01407466,0.01485699,0.01575297,0.01667348,0.01768321,0.01875266,0.02010643,0.02150273,0.02344272,0.02487278,0.02708652,0.02916123,0.03146685,0.03406113,0.03624437,0.03895919,0.04209202,0.04531318,0.04982089,0.05317271,0.05855399,0.06343883,0.0690539,0.07518902,0.08145771,0.08812553,0.09642323,0.10410197,0.11417756,0.12267028,0.13619226,0.14877158,0.16330501,0.17717945,0.19267105,0.20808491,0.22509328,0.24193985,0.26329644,0.27894996,0.30206074,0.32367844,0.34699381,0.37217896,0.39580153,0.41892766,0.44137154,0.46979591
SWZ,1993,0.05485304,0.00850368,0.00534619,0.00367395,0.00264748,0.00200466,0.0016832,0.00147089,0.00131023,0.00120564,0.00115393,0.00114514,0.00117942,0.00126038,0.00139608,0.00158553,0.00180155,0.00205184,0.0023161,0.0025399,0.0027676,0.00296812,0.00318015,0.00337391,0.00355932,0.00374747,0.00393206,0.00413275,0.00433312,0.00454326,0.00479352,0.00497776,0.00527547,0.00555217,0.00586554,0.00622824,0.0065661,0.00692798,0.0073323,0.00771551,0.00819303,0.00853762,0.00904877,0.00948514,0.00997206,0.01055496,0.01111047,0.0117653,0.01252739,0.01328801,0.01424663,0.01491143,0.01590493,0.01672054,0.01765075,0.018625,0.0196594,0.02077601,0.02217807,0.02363839,0.02565555,0.027176,0.02944412,0.03158224,0.03396547,0.03663542,0.03872553,0.04131024,0.04429207,0.04739146,0.0517248,0.0549172,0.06007125,0.06472308,0.07004882,0.07590491,0.08183278,0.08815266,0.09609363,0.10335254,0.11293937,0.12140318,0.13484474,0.14737834,0.16183762,0.17567255,0.19114439,0.20651804,0.2234762,0.24029049,0.26155652,0.27723114,0.30032253,0.3219353,0.34523621,0.37037987,0.3939831,0.41711165,0.43957107,0.46801146
SWZ,1994,0.05857428,0.00938956,0.00595224,0.00407204,0.00292279,0.00219649,0.00184599,0.00161822,0.00144388,0.00132998,0.00127579,0.00127001,0.00131063,0.00140326,0.00155802,0.00177585,0.00201478,0.0023067,0.00261475,0.00288325,0.00316754,0.00342321,0.00370398,0.00396718,0.00422284,0.00448903,0.00474567,0.00502409,0.00529357,0.00557436,0.00589789,0.00614067,0.00650806,0.00685226,0.00724075,0.00768336,0.0080848,0.00851412,0.00897098,0.0094077,0.00994005,0.01032614,0.01086629,0.01134994,0.01190546,0.01252946,0.01310395,0.0138111,0.01462574,0.01543522,0.01644691,0.01714569,0.01815668,0.01899603,0.0199472,0.0209678,0.02201141,0.02316688,0.02459911,0.0261263,0.02821162,0.0298088,0.03212793,0.03432294,0.03676013,0.03948972,0.0414959,0.04392704,0.0467374,0.04968651,0.05381434,0.05687668,0.06173719,0.06616592,0.07120174,0.07672706,0.08234597,0.08829622,0.09582328,0.10272082,0.11183989,0.12024424,0.13360155,0.14608178,0.16047881,0.17426544,0.18971128,0.20505441,0.22196274,0.23876331,0.25994002,0.27562659,0.29867817,0.32029774,0.34358397,0.36869405,0.39228466,0.41538704,0.43785579,0.46632779
SWZ,1995,0.06303543,0.01048419,0.00669518,0.00455939,0.00325803,0.00243078,0.00204375,0.00179615,0.00160468,0.00147927,0.00142139,0.00141841,0.00146612,0.00157208,0.00174878,0.00199901,0.00226435,0.00260489,0.00296418,0.00328568,0.00363746,0.0039589,0.00432192,0.00466825,0.00500897,0.00536958,0.00571442,0.00608769,0.00643948,0.00680561,0.0072142,0.00752608,0.00797446,0.00839394,0.00886688,0.00939835,0.00986619,0.01036656,0.01087285,0.0113603,0.01194464,0.01236987,0.01292805,0.01345666,0.01405928,0.01476008,0.01536627,0.01607756,0.01694512,0.01780018,0.01886349,0.01959115,0.02060979,0.02146653,0.02243653,0.023502,0.02454934,0.02574398,0.02720635,0.02879502,0.03095889,0.03263828,0.03499031,0.0372632,0.03976122,0.04253828,0.04447768,0.04679369,0.04942846,0.05222544,0.05612215,0.05904225,0.06362944,0.06778187,0.07253247,0.0777227,0.08296881,0.08856725,0.09563346,0.10209026,0.11076445,0.11912611,0.1323683,0.14479134,0.15911881,0.17286876,0.18828014,0.20358679,0.22045484,0.23724158,0.25834384,0.27404606,0.29704815,0.31866096,0.34193983,0.36701457,0.39061392,0.41369555,0.43612978,0.46463301
SWZ,1996,0.06762381,0.01179926,0.00760731,0.00517638,0.00369417,0.00274569,0.00230841,0.00203362,0.00182012,0.00167938,0.00161421,0.00161118,0.00166588,0.00178664,0.0019871,0.00227307,0.0025668,0.00296037,0.00337632,0.00375949,0.00418937,0.00458571,0.0050458,0.00549121,0.00593434,0.00641023,0.00686591,0.00735874,0.00781439,0.00829033,0.00880558,0.00920752,0.00976026,0.01027808,0.01085593,0.01149825,0.0120419,0.01261932,0.01317126,0.0137016,0.01432166,0.01477707,0.01532532,0.01588367,0.01651744,0.01725573,0.01793715,0.01867022,0.0195235,0.02041664,0.02151239,0.0222663,0.02327284,0.02413813,0.02511783,0.02623054,0.02728322,0.02852116,0.03002094,0.031684,0.03392101,0.03571973,0.03812273,0.04047678,0.04308213,0.04594323,0.0477464,0.04990654,0.05242057,0.05508125,0.05875093,0.06152773,0.06583952,0.06975543,0.07418638,0.07906106,0.08394768,0.08914204,0.09577084,0.10174924,0.10990638,0.11828037,0.13142421,0.14375905,0.15801266,0.17171857,0.18710536,0.20236717,0.2191894,0.23597054,0.25699936,0.27272962,0.29568266,0.31728073,0.34054619,0.36558576,0.38918777,0.41228421,0.43467292,0.46310899
SWZ,1997,0.07154231,0.01274252,0.00823468,0.00556107,0.00393938,0.00290342,0.00244149,0.00215537,0.00192967,0.00178203,0.0017166,0.00171854,0.00178182,0.00191662,0.00213905,0.00245845,0.00277872,0.00322379,0.00369417,0.00413536,0.00463951,0.00510708,0.00566182,0.0062062,0.00675196,0.00734398,0.00791172,0.00852636,0.00908777,0.00967462,0.01029751,0.01079092,0.0114463,0.01206359,0.01274941,0.01349996,0.01411688,0.01476686,0.01535469,0.01591976,0.01656419,0.01703661,0.01756277,0.0181394,0.01879283,0.01955566,0.02026667,0.02106992,0.02193571,0.0227992,0.02392577,0.02470036,0.0256942,0.02655759,0.02753842,0.02868739,0.02974088,0.03101303,0.03254009,0.03427034,0.0365804,0.03846888,0.04092918,0.04335911,0.04603335,0.04897605,0.05066936,0.05261452,0.05494713,0.05749967,0.06094995,0.06356133,0.06757728,0.07123832,0.07536825,0.07987954,0.08441838,0.08922373,0.09538722,0.10093737,0.10857069,0.116906,0.13000903,0.14227178,0.15642267,0.17008203,0.18543866,0.20066635,0.21743642,0.23420749,0.25517194,0.27092912,0.29384291,0.31542589,0.33867363,0.36368748,0.38728602,0.41039103,0.43281661,0.46126406
SWZ,1998,0.0754585,0.01382749,0.00897605,0.00604489,0.00426944,0.00313291,0.00263386,0.00232815,0.00208494,0.00192565,0.00185589,0.00185976,0.00192958,0.00207673,0.00231919,0.00266901,0.00301318,0.00350487,0.00402368,0.00451906,0.00509355,0.00562866,0.00627244,0.00691114,0.00755629,0.00826049,0.00893729,0.00967244,0.01033943,0.01103678,0.01176949,0.01235459,0.01311393,0.01383033,0.01462664,0.01548797,0.01617808,0.01690059,0.01752088,0.01811501,0.01878246,0.01926036,0.01975837,0.02034371,0.02100503,0.02178062,0.02250548,0.0233238,0.02425597,0.0251151,0.0261911,0.02697054,0.02793957,0.02879462,0.02976165,0.03093036,0.03197369,0.03327022,0.03481379,0.0365926,0.03896627,0.04093562,0.04343764,0.04594603,0.04869564,0.0517055,0.05339721,0.05526923,0.05739809,0.05980492,0.06312145,0.06557851,0.06934639,0.07275981,0.07662212,0.08083645,0.08502272,0.08948694,0.09523472,0.10034504,0.1075324,0.11580817,0.12881903,0.14106633,0.15513001,0.16871205,0.18403427,0.1992211,0.21594828,0.23270231,0.25360036,0.26938935,0.2922645,0.31383825,0.33706391,0.36204728,0.38565947,0.4087559,0.43119162,0.45968391
SWZ,1999,0.07891381,0.01482285,0.00965492,0.00649234,0.00458072,0.00335531,0.00282338,0.00250026,0.00224218,0.00207367,0.00200087,0.00200637,0.00208384,0.00224595,0.00251176,0.00289634,0.00326832,0.00380906,0.00438162,0.00493327,0.00557879,0.00617889,0.00691131,0.00764124,0.00838227,0.00919638,0.00998042,0.01083067,0.01159753,0.01240603,0.01324276,0.01392175,0.01478332,0.01559995,0.01650435,0.01748045,0.01824819,0.01904481,0.01969839,0.02032347,0.02100208,0.02149549,0.02194971,0.02254298,0.0232099,0.02399233,0.02473168,0.02556418,0.02651124,0.02744823,0.02852614,0.0292639,0.03021099,0.03106705,0.03203435,0.03322448,0.03426767,0.03560144,0.03717569,0.03902322,0.04145467,0.04354913,0.04612363,0.04874606,0.0516314,0.05476841,0.05635778,0.05815798,0.06022261,0.06247761,0.06559258,0.06797838,0.07150066,0.07468347,0.0782524,0.08214761,0.08598429,0.09002537,0.09530147,0.09989677,0.10647169,0.11473081,0.12762865,0.13980956,0.15384187,0.16736006,0.18262011,0.19776253,0.21444128,0.23118667,0.25201385,0.26783004,0.29067262,0.31223741,0.33544275,0.36038894,0.38401447,0.40713269,0.42955432,0.45807936
SWZ,2000,0.08226454,0.01586759,0.01037364,0.00696648,0.0049058,0.00358603,0.00301671,0.00267423,0.00239928,0.00222018,0.00214261,0.00214846,0.00223261,0.00240807,0.00269392,0.00310952,0.00350678,0.00409411,0.00471603,0.0053243,0.00604071,0.006705,0.00752555,0.00834784,0.00918543,0.01010768,0.01100049,0.01196692,0.01283231,0.01375069,0.01468876,0.01545995,0.01642685,0.017344,0.01836057,0.01945539,0.02030468,0.02118114,0.0218725,0.02252997,0.02322218,0.0237238,0.02413641,0.02472888,0.02539431,0.02618197,0.02692454,0.02776394,0.02871835,0.02966868,0.03080855,0.03155202,0.03242111,0.03327723,0.03424205,0.03545612,0.03649692,0.03785933,0.03946103,0.04137102,0.04386091,0.04606488,0.04871545,0.05145265,0.05446371,0.05774429,0.05928382,0.06094067,0.0629177,0.06511792,0.06802813,0.07027867,0.07361085,0.07656961,0.07986501,0.0834353,0.08692987,0.09058627,0.09538008,0.09950026,0.105513,0.11371172,0.12654007,0.13863362,0.15258421,0.16609219,0.18130326,0.19637488,0.21300187,0.22973321,0.25049724,0.26633516,0.28914335,0.31070335,0.33388902,0.35879364,0.38242341,0.40556619,0.42801349,0.4565272
SWZ,2001,0.08493166,0.01663941,0.01094806,0.00737183,0.00520624,0.00380716,0.00320561,0.00284681,0.00255758,0.00236768,0.00228567,0.00229336,0.00238293,0.00256955,0.00287382,0.00331768,0.00373691,0.00436618,0.0050325,0.0056878,0.00646575,0.00718978,0.00809013,0.00899748,0.00992514,0.01095192,0.01194679,0.01302771,0.01399365,0.01501927,0.01606561,0.01693141,0.018,0.01901967,0.02014825,0.02135325,0.02228006,0.02323633,0.02396155,0.02464926,0.02535898,0.02586344,0.02623703,0.02683527,0.02750068,0.02829443,0.02905158,0.02990029,0.03086493,0.03182804,0.03298143,0.03378764,0.03461935,0.03541281,0.03637588,0.0376166,0.0386507,0.04003115,0.04164516,0.04360569,0.04615347,0.04843736,0.05112999,0.0539402,0.05702848,0.06038323,0.06186602,0.0634054,0.06521371,0.06732584,0.07012423,0.07220528,0.07531816,0.07810931,0.08116802,0.08447383,0.08767728,0.0910298,0.09546918,0.09919615,0.10479998,0.11295499,0.12567052,0.13771921,0.15156853,0.16501915,0.18023004,0.19524402,0.21179453,0.22850807,0.24920548,0.26506906,0.28783908,0.30939283,0.33256144,0.35742577,0.38104804,0.4042032,0.42667,0.45519887
SWZ,2002,0.08593569,0.01668965,0.01104072,0.00739142,0.00520324,0.0037755,0.00318607,0.00284285,0.00255994,0.00237514,0.00230205,0.00232226,0.00242362,0.00262715,0.00295659,0.00344088,0.00388439,0.00457426,0.00530607,0.00603123,0.0069067,0.00772649,0.00876773,0.00983037,0.01092744,0.01215733,0.01335269,0.01466114,0.01582454,0.01707028,0.01832595,0.01938554,0.02065138,0.0218765,0.02323288,0.02466293,0.02574421,0.02685832,0.0276385,0.02838942,0.02911283,0.02964016,0.02989712,0.03050129,0.03115289,0.03192609,0.03268606,0.03352283,0.03445191,0.03539031,0.03648826,0.03727776,0.03803261,0.03874582,0.03956848,0.04079846,0.04174179,0.04310409,0.04464466,0.04660956,0.04912571,0.0515069,0.05414235,0.05698022,0.06010692,0.06348848,0.06487359,0.06622642,0.06781575,0.06973527,0.07226574,0.07428304,0.07702849,0.07955906,0.08233865,0.08531038,0.0881677,0.09114718,0.09514597,0.09843844,0.10350489,0.11163478,0.12425156,0.13621159,0.15000091,0.16337417,0.17854178,0.19354469,0.21003019,0.22670433,0.2473347,0.26322103,0.28595937,0.307506,0.33066004,0.35548685,0.37910378,0.40225425,0.42476034,0.45340391
SWZ,2003,0.08696408,0.01704023,0.01131033,0.00756135,0.00531594,0.00385317,0.00325304,0.00291065,0.00262479,0.0024398,0.00236736,0.00239117,0.00250074,0.00271863,0.00306788,0.00358541,0.00405757,0.00480194,0.005593,0.00638447,0.00734329,0.00823436,0.00938346,0.01056396,0.01178662,0.01315614,0.01449997,0.01596301,0.01724656,0.01863817,0.02000091,0.02117376,0.02256499,0.02391262,0.02541409,0.02701097,0.02819892,0.02942812,0.03026261,0.03107395,0.03181889,0.03238695,0.03257329,0.03319216,0.03384163,0.03461928,0.03537864,0.03621748,0.03713378,0.03807112,0.03913286,0.03993925,0.0406366,0.04141154,0.04222198,0.04342565,0.04437426,0.045772,0.04731581,0.04931777,0.0518329,0.05433578,0.05699873,0.05992605,0.0631521,0.06663973,0.06794875,0.06917299,0.07061544,0.07239466,0.07465569,0.07657197,0.07907336,0.08132381,0.08380859,0.0864777,0.0889947,0.09159812,0.0951552,0.09801816,0.10260532,0.11067382,0.12321362,0.13509971,0.14878661,0.16212092,0.17722587,0.19217546,0.20864027,0.22528374,0.24582602,0.26173109,0.28443473,0.30597699,0.32911536,0.35390895,0.37751791,0.40066453,0.42316417,0.45184873
SWZ,2004,0.0872877,0.01712327,0.01140499,0.00761696,0.00535426,0.00387457,0.00327526,0.00293771,0.00265215,0.00246869,0.00239894,0.00242724,0.002543,0.00277119,0.00313503,0.00367676,0.00416605,0.00494809,0.00578049,0.00661816,0.00763902,0.00858606,0.0098221,0.0110994,0.01242701,0.01391935,0.01539107,0.01699287,0.01838918,0.01991509,0.02138747,0.02267167,0.02417754,0.02564395,0.02728251,0.02902754,0.0303157,0.03165137,0.03252933,0.03339114,0.03415382,0.03475438,0.03487026,0.03550106,0.03613923,0.03690478,0.03766057,0.03848334,0.0393674,0.0402882,0.04129545,0.04209801,0.04271012,0.04345879,0.04428584,0.04548643,0.04635197,0.04775596,0.04926812,0.05128312,0.05375996,0.05633932,0.05897894,0.0619481,0.0652164,0.06874734,0.07000138,0.07111201,0.0724212,0.07410537,0.07617188,0.07797881,0.08027473,0.08238269,0.08462288,0.08704603,0.08934505,0.09168292,0.09491869,0.09745558,0.1016817,0.10972177,0.1221466,0.13397877,0.14757797,0.16083185,0.17591013,0.19078904,0.20719419,0.22384678,0.24430654,0.26021487,0.28288206,0.30441855,0.32754347,0.35230665,0.37591338,0.39905122,0.42154999,0.45025192
SWZ,2005,0.08703667,0.01702477,0.01135806,0.00757335,0.00531807,0.00384166,0.00324954,0.00292036,0.00263856,0.00245777,0.00239093,0.00242251,0.00254196,0.00277579,0.00314696,0.00370163,0.00419973,0.005003,0.00585918,0.00672447,0.00778306,0.00876373,0.01005458,0.01139424,0.01279061,0.01436313,0.01592039,0.01761371,0.01908202,0.02069588,0.02223337,0.02358785,0.0251652,0.02670535,0.02843192,0.03027442,0.03162855,0.033038,0.03394525,0.03484344,0.03561786,0.03624267,0.0363114,0.03694915,0.0375779,0.03832657,0.0390701,0.03987448,0.04072015,0.0416158,0.04257307,0.04336306,0.04390512,0.04462766,0.04542204,0.04666563,0.04749706,0.0488505,0.05033186,0.05234204,0.05477596,0.05739187,0.05999432,0.06297556,0.06626059,0.06980324,0.07101619,0.07205206,0.07326799,0.07487984,0.07681478,0.07856713,0.08067827,0.08268185,0.08480777,0.08704082,0.08917501,0.09136591,0.09439679,0.09673511,0.10072137,0.10873227,0.12107521,0.13281584,0.14634724,0.15953294,0.17454622,0.18938889,0.20571787,0.22234466,0.24275648,0.25867503,0.28129124,0.30282089,0.32593308,0.35066702,0.37427606,0.39741332,0.419902,0.44862013
SWZ,2006,0.080058,0.01485476,0.00992535,0.00668742,0.00477386,0.00349,0.00298241,0.00269962,0.0024583,0.00230363,0.00225378,0.00229349,0.0024143,0.00265163,0.00303018,0.00358926,0.00409049,0.00486992,0.00571406,0.00652541,0.00750639,0.00840783,0.00960166,0.01082585,0.01209954,0.01355753,0.01498945,0.01655408,0.01792966,0.01947107,0.02094967,0.02227945,0.02379967,0.02531622,0.02701509,0.02881438,0.03017975,0.03162024,0.03256696,0.03354344,0.03435933,0.03509891,0.03523565,0.03597144,0.03665911,0.03744947,0.03828176,0.03915496,0.0400356,0.04100597,0.04197913,0.04289906,0.04346607,0.04427555,0.04513454,0.04646117,0.04740682,0.0488454,0.05032029,0.05242301,0.0548211,0.05758883,0.06017804,0.06322639,0.06657801,0.07019427,0.07149565,0.07257293,0.07377884,0.07547402,0.07725677,0.0791441,0.0811605,0.08314319,0.08522082,0.0873998,0.08942666,0.09146991,0.09426543,0.09630686,0.09983624,0.10780084,0.120062,0.1317432,0.14517038,0.15830618,0.17326618,0.18803637,0.20432085,0.220906,0.24124332,0.25719791,0.27976644,0.30127823,0.3243772,0.34908551,0.37269338,0.39583637,0.41832445,0.44704666
SWZ,2007,0.07669174,0.01384145,0.00925334,0.0062411,0.00446787,0.00327149,0.00280293,0.00254465,0.0023229,0.00218175,0.00213904,0.00218059,0.00229995,0.00253417,0.00290701,0.0034579,0.00395133,0.00471572,0.0055482,0.00634087,0.00729817,0.00817368,0.00934299,0.01054197,0.01179065,0.01322676,0.01464042,0.0161831,0.01753678,0.01906994,0.02052282,0.02184702,0.0233498,0.02485846,0.02655411,0.02835362,0.02972537,0.03118423,0.03214344,0.03314859,0.03396942,0.03474775,0.03487858,0.03563859,0.03632992,0.03711384,0.03794755,0.03880474,0.03965066,0.04060348,0.04151539,0.04244165,0.04295793,0.04375743,0.04459761,0.04591429,0.04684708,0.04832733,0.04975443,0.05178172,0.05408306,0.056864,0.05936996,0.06236794,0.06566757,0.06923255,0.07055344,0.07162595,0.07281063,0.07452163,0.07621972,0.07816493,0.08013535,0.08212743,0.08418596,0.08637858,0.08845855,0.09051069,0.09330988,0.09541914,0.09896571,0.10689218,0.11905419,0.13067551,0.1440301,0.15708023,0.17200365,0.18671305,0.20291903,0.21949057,0.23973897,0.25570405,0.27824937,0.29974443,0.32282369,0.34750824,0.37111959,0.39426224,0.4167585,0.44549943
SWZ,2008,0.07537725,0.01348528,0.00900499,0.00607367,0.00434761,0.00318452,0.0027273,0.00247505,0.00225864,0.00212083,0.00207869,0.00211841,0.00223361,0.00246108,0.00282302,0.0033577,0.0038385,0.0045804,0.00538791,0.00615588,0.00708138,0.00792645,0.00905394,0.01020945,0.01141226,0.01279309,0.01415419,0.01563833,0.01694013,0.01841589,0.01981311,0.02108664,0.02253865,0.0239967,0.02563944,0.0273896,0.02872973,0.03015996,0.03111787,0.03211802,0.03295186,0.03372337,0.03388984,0.03464586,0.03533668,0.03611508,0.03693155,0.03777088,0.03859696,0.03952772,0.04042671,0.0413274,0.04185182,0.04264968,0.04348916,0.04479382,0.04573645,0.04720711,0.04867829,0.05067847,0.05290377,0.05565117,0.05814304,0.06111367,0.06437387,0.06790441,0.06923363,0.07033573,0.0715462,0.073268,0.07499407,0.07693978,0.07893889,0.08095108,0.08303184,0.08522928,0.08735946,0.08947604,0.09230085,0.09446788,0.09812052,0.10601371,0.11808455,0.12962852,0.14291012,0.15590328,0.170757,0.18542159,0.20155916,0.21808601,0.23826748,0.254233,0.27673578,0.2982308,0.32128775,0.34594865,0.3695656,0.39271442,0.41520957,0.44398081
SWZ,2009,0.07140119,0.0124578,0.00832476,0.00556442,0.00394369,0.00286286,0.00244456,0.00222328,0.00202822,0.00190558,0.00186843,0.00190812,0.00201769,0.0022309,0.00256793,0.00307362,0.00352725,0.00425163,0.00503928,0.00581026,0.00675251,0.00761286,0.00878525,0.01000677,0.01128886,0.01275805,0.01423217,0.01582958,0.01720226,0.0187751,0.02019292,0.02151232,0.02299499,0.02446869,0.02613859,0.02794588,0.02927803,0.03071397,0.0316297,0.03260566,0.0333784,0.03415584,0.03420099,0.03493849,0.0355924,0.03632957,0.03709365,0.03786342,0.03857685,0.03939197,0.0401097,0.04091383,0.0412339,0.04191256,0.04261007,0.04379106,0.04459786,0.04593663,0.04721956,0.04908478,0.05104894,0.05358472,0.05580757,0.05854912,0.06155411,0.06479964,0.06605773,0.06708482,0.06823982,0.06991988,0.07157378,0.07358876,0.07556517,0.07764731,0.07984331,0.0821917,0.08454359,0.0869987,0.09025897,0.09292654,0.0972327,0.10513486,0.11711987,0.12859406,0.14178618,0.15472196,0.16953274,0.18412192,0.20020599,0.21669655,0.23678564,0.25277049,0.27522006,0.29670267,0.31974587,0.34437441,0.36800613,0.39116443,0.41366726,0.44245826
SWZ,2010,0.06431751,0.0105421,0.00703487,0.00476084,0.00343621,0.00253091,0.00218286,0.00199601,0.00183333,0.00173143,0.0017066,0.0017491,0.00185337,0.00205757,0.00238363,0.00286614,0.00330244,0.00396578,0.00469784,0.0053719,0.00617984,0.00691142,0.00790303,0.00891753,0.00997582,0.01120603,0.01242305,0.01374952,0.01491328,0.01626344,0.01751213,0.01868481,0.01999685,0.02132993,0.02284133,0.02446536,0.02572385,0.02709115,0.02801458,0.02901695,0.02982626,0.03066019,0.0308477,0.03164261,0.03233888,0.03310543,0.03392808,0.0347422,0.03549438,0.03636936,0.0371315,0.03802514,0.03845072,0.03922692,0.04002156,0.04127511,0.04218362,0.04361295,0.04497057,0.04690978,0.04893119,0.0515104,0.05368789,0.05645917,0.05947804,0.062735,0.0641142,0.06526594,0.06651655,0.0683623,0.07002557,0.0722224,0.07428911,0.07651259,0.07882021,0.08128199,0.08374921,0.08625353,0.08954121,0.09223647,0.09637344,0.10423939,0.11618224,0.12759111,0.14070109,0.15356287,0.16832971,0.18286913,0.19887051,0.21533739,0.23533875,0.25132189,0.27373373,0.29519558,0.31822212,0.34281461,0.36644857,0.3896333,0.41214798,0.44097009
SWZ,2011,0.05610462,0.00866472,0.00579077,0.00392732,0.00285284,0.00210727,0.00182808,0.00168294,0.00155434,0.0014748,0.00146079,0.00150533,0.00160217,0.00179057,0.0020914,0.00253778,0.00294078,0.00355163,0.00423174,0.00484433,0.00557881,0.00624404,0.00715846,0.0080965,0.00908003,0.01023721,0.0113858,0.01264392,0.01375329,0.01505622,0.01625559,0.01740216,0.01866558,0.01996852,0.02145225,0.02304346,0.02429034,0.0256666,0.02659242,0.02761147,0.02841982,0.02929385,0.02947429,0.03029869,0.03099488,0.03174387,0.03256789,0.03335485,0.03404531,0.03486962,0.03554183,0.03639894,0.03672419,0.03745615,0.03819173,0.03940316,0.0402555,0.04163597,0.04289848,0.04475098,0.04660843,0.04917683,0.05115235,0.05368834,0.05653369,0.05958866,0.06098369,0.06213278,0.06336649,0.0652577,0.06687412,0.0692205,0.07131856,0.07368062,0.07613574,0.07878085,0.08150719,0.08430044,0.08786666,0.09097074,0.09556961,0.10336464,0.11522109,0.12660728,0.1396398,0.15243356,0.16714102,0.18163005,0.19757209,0.21398864,0.23391234,0.24990045,0.27225558,0.29370639,0.31671023,0.34127996,0.3648946,0.38808871,0.41064021,0.43949987
SWZ,2012,0.05090859,0.00771695,0.00514076,0.00348794,0.00253785,0.00187881,0.00163207,0.00150509,0.00139194,0.00132244,0.00131151,0.00135359,0.00144257,0.00161515,0.00189114,0.00230067,0.00267404,0.00323476,0.00386086,0.00441654,0.00507997,0.00568139,0.00650717,0.00735425,0.00824212,0.00928852,0.01032714,0.01146621,0.01247446,0.01365855,0.01475154,0.01579922,0.01695324,0.01814708,0.01951146,0.02097399,0.02213161,0.02341821,0.0243068,0.0252847,0.02607011,0.02691721,0.02713936,0.02794521,0.02863363,0.02936838,0.03016614,0.03092394,0.03159106,0.03237551,0.03302745,0.03383403,0.03415268,0.0348539,0.03556758,0.03672877,0.0375676,0.0389018,0.04012671,0.04190916,0.04370294,0.04615283,0.04812664,0.05052728,0.05316258,0.05608272,0.05749774,0.05870064,0.05999671,0.06192416,0.06363027,0.06605098,0.06828523,0.07078838,0.07341974,0.07626478,0.07923255,0.08230533,0.08619961,0.0896466,0.09470458,0.10252773,0.11426208,0.12558217,0.13857862,0.15130814,0.16596152,0.18038608,0.19626808,0.2126544,0.23247791,0.24847958,0.27078094,0.29220728,0.31519087,0.33973481,0.36335689,0.38652415,0.40909127,0.43802287
SWZ,2013,0.04843431,0.00721469,0.00478887,0.00325016,0.00236417,0.00175198,0.00151911,0.00139767,0.00128983,0.00122302,0.00121098,0.00124895,0.00132951,0.00148558,0.0017354,0.00210565,0.00244751,0.00295495,0.00351831,0.00401402,0.00460164,0.00513681,0.00586193,0.0066053,0.00738283,0.00829428,0.0091982,0.01019407,0.01108376,0.01211871,0.01309398,0.01401584,0.01505031,0.01611674,0.01733739,0.01864622,0.01969985,0.02086948,0.02171233,0.02262849,0.02340489,0.02418397,0.02447974,0.02524676,0.02591968,0.02664731,0.02740898,0.0281406,0.02880963,0.02956619,0.0302457,0.03099181,0.03137545,0.03205215,0.03276624,0.03388164,0.03472629,0.03602059,0.03725255,0.03897225,0.04077846,0.04308957,0.04506993,0.04746656,0.05000494,0.05276105,0.05419716,0.05548499,0.05688646,0.05884306,0.06071353,0.06313125,0.06555748,0.06817948,0.07098058,0.07401376,0.07718593,0.08048001,0.08467384,0.08842843,0.0938114,0.10164029,0.11335339,0.12457222,0.13749055,0.15019603,0.16479871,0.17916456,0.1949733,0.21132845,0.2310671,0.24706472,0.2693194,0.29072196,0.31367875,0.33818771,0.36182108,0.38500221,0.40753379,0.4365076
SWZ,2014,0.04840355,0.00713001,0.00469801,0.00318697,0.00231377,0.0017147,0.00147983,0.00135305,0.00124181,0.00117122,0.00115418,0.00118625,0.001258,0.00139782,0.001622,0.00195354,0.00226445,0.00271989,0.00321867,0.00365797,0.00417441,0.00464788,0.00527479,0.00591602,0.00658423,0.00735868,0.00812526,0.00897553,0.00974435,0.010624,0.01148159,0.01227026,0.01318361,0.01411926,0.01518685,0.01633417,0.01727632,0.01831515,0.01910316,0.01993709,0.02070048,0.02139991,0.02176788,0.02247917,0.0231316,0.02384384,0.02456168,0.02526977,0.02594787,0.02667927,0.02740739,0.02808736,0.02856508,0.02922959,0.02994844,0.03101311,0.03187316,0.03312,0.03437656,0.03603874,0.03788812,0.04005043,0.0420771,0.04441719,0.04697327,0.04966735,0.05104311,0.05244079,0.05397524,0.05596257,0.05805526,0.06042521,0.0630607,0.065796,0.06876046,0.07197225,0.07533161,0.07881468,0.08327501,0.0873039,0.09300916,0.10077638,0.11244821,0.12366356,0.13646967,0.14911169,0.16369983,0.17801043,0.19375042,0.21006184,0.22971512,0.24572325,0.26791435,0.28929714,0.3122239,0.33670192,0.36032501,0.38352875,0.40607844,0.43502332
SWZ,2015,0.04458699,0.00642576,0.00422878,0.00287403,0.00208792,0.0015509,0.00133662,0.0012204,0.00111848,0.0010538,0.00103763,0.00106656,0.00113058,0.00125504,0.00145501,0.00175062,0.00203349,0.00244022,0.00288334,0.00326657,0.0037126,0.00412268,0.00465706,0.00520286,0.0057695,0.00642225,0.0070679,0.00778663,0.008443,0.00918698,0.00992702,0.01060024,0.01139349,0.01220464,0.0131325,0.0141276,0.01496072,0.01588154,0.01661022,0.01737248,0.01810168,0.01875446,0.01917595,0.01985059,0.02048982,0.02119359,0.02188604,0.02258283,0.02326344,0.02397488,0.02472251,0.02536456,0.02589557,0.02655069,0.02726896,0.02827807,0.02913243,0.03033045,0.03157679,0.03317251,0.03501163,0.03703466,0.03905189,0.04130566,0.04377356,0.04644909,0.04782384,0.04923087,0.05087387,0.05289526,0.0551463,0.0575098,0.06030405,0.06314402,0.0662743,0.06966585,0.07323492,0.07694639,0.08170022,0.08604338,0.09212931,0.09987788,0.1114414,0.12263419,0.13542343,0.14796842,0.16250531,0.1767948,0.19246916,0.20874035,0.22829795,0.24431568,0.26645394,0.2878048,0.31070205,0.3351384,0.35876908,0.38196271,0.40454577,0.43354128
SWZ,2016,0.04342122,0.00615463,0.004032,0.00274303,0.00199129,0.00148109,0.00127183,0.0011558,0.00105507,0.00099051,0.00097223,0.00099717,0.00105426,0.00116546,0.00134455,0.00160888,0.00186712,0.0022315,0.00262497,0.00296139,0.00334746,0.00370504,0.00416099,0.00462524,0.005105,0.00565143,0.00619107,0.00679534,0.0073538,0.00797777,0.00861761,0.00918675,0.00987847,0.01058062,0.01138383,0.01224585,0.01297997,0.01379031,0.01446286,0.01515275,0.01584779,0.01643697,0.01690538,0.01754189,0.0181561,0.01884436,0.01950497,0.02018169,0.02086923,0.02156434,0.02233711,0.02293762,0.02353472,0.02418073,0.02490495,0.0258708,0.02671825,0.02786548,0.02911388,0.03064965,0.03250981,0.03440033,0.03643861,0.03863484,0.041045,0.0436698,0.0451233,0.0466016,0.04828385,0.05033645,0.05277185,0.05509714,0.05805665,0.06096423,0.06421452,0.0677512,0.07147022,0.07534275,0.08032524,0.08489292,0.09125162,0.09899364,0.11049197,0.12159655,0.13434981,0.14688799,0.16134256,0.17557618,0.19121704,0.20745007,0.22691383,0.24293313,0.26501784,0.28634272,0.30920358,0.33359249,0.35721721,0.38043024,0.40300257,0.43206508
SWZ,2017,0.04505591,0.00641368,0.00417673,0.00284776,0.00206505,0.00153878,0.00131429,0.00118368,0.0010737,0.00100211,0.00097807,0.00099754,0.00104867,0.00114999,0.0013142,0.00155455,0.00179478,0.00212446,0.00247603,0.00277633,0.00311459,0.0034288,0.00381713,0.00420908,0.00461042,0.00506085,0.00550284,0.0060004,0.00646862,0.00698055,0.00752928,0.00800104,0.00859755,0.0091994,0.00988369,0.01061979,0.01126078,0.01196061,0.01257475,0.01319038,0.01384712,0.01436383,0.0148651,0.01545265,0.01604301,0.0167005,0.01731765,0.01797166,0.01866078,0.01934292,0.02014856,0.02071104,0.02138522,0.02203094,0.02277081,0.02370197,0.02456478,0.02566685,0.02693801,0.02843732,0.03035405,0.03212932,0.03424108,0.03641725,0.03881875,0.04144814,0.04292198,0.04456704,0.04636998,0.04839625,0.05105484,0.05331904,0.0564645,0.05942302,0.06275764,0.06638165,0.07018728,0.07413136,0.07924123,0.08390757,0.09038301,0.09810836,0.10955528,0.12061347,0.13326745,0.14578339,0.16023835,0.17438808,0.18996397,0.20618742,0.22555911,0.24158308,0.26360638,0.28490454,0.30772868,0.33207138,0.35567885,0.3788934,0.40149606,0.43056559
SWZ,2018,0.04104205,0.00585334,0.0037973,0.00259429,0.00188536,0.00140984,0.00120356,0.00108328,0.00098171,0.00091569,0.00089338,0.00091155,0.00095817,0.00105034,0.00120025,0.0014198,0.00164371,0.00194524,0.00226702,0.00253596,0.00283547,0.00311287,0.00344933,0.00379022,0.00413875,0.00452787,0.00490973,0.00534146,0.00575102,0.00619557,0.00667891,0.0070913,0.00761945,0.00815175,0.00876124,0.00941486,0.00999215,0.01062424,0.01119191,0.01176143,0.01238258,0.01286913,0.01337318,0.01394082,0.01452515,0.0151786,0.01578134,0.01642736,0.01711431,0.01778765,0.01859555,0.01914536,0.01983345,0.02047304,0.0212058,0.02210213,0.02294734,0.02400621,0.02523746,0.02667142,0.02854991,0.03022781,0.03230507,0.03441215,0.03674113,0.03930243,0.04077938,0.04246549,0.04437704,0.04640188,0.04907575,0.05134064,0.05457013,0.05757888,0.06098634,0.06469188,0.06860484,0.07267971,0.07795621,0.08281071,0.08950848,0.09721533,0.10860193,0.11962684,0.13222208,0.1446557,0.15909589,0.17323929,0.18872304,0.20490876,0.22421321,0.24024376,0.26220662,0.28347193,0.30625864,0.33054255,0.35414705,0.37734659,0.39995753,0.4290891
SWZ,2019,0.03796039,0.00541552,0.00350396,0.00239734,0.00174667,0.00131053,0.00111912,0.00100782,0.00091275,0.00085088,0.00083033,0.00084815,0.00089201,0.00097844,0.00112019,0.00132858,0.00154461,0.00183169,0.00213998,0.00239242,0.00267049,0.00292778,0.00323371,0.00354168,0.0038569,0.00420875,0.00455202,0.00494285,0.00531418,0.00571499,0.00615399,0.00652612,0.00700492,0.00748726,0.00804121,0.00863464,0.00916377,0.00974227,0.01026955,0.01079792,0.01138007,0.0118396,0.01232933,0.01287457,0.01343877,0.01408148,0.01467806,0.01530684,0.01598297,0.01664846,0.01744496,0.01799011,0.01867818,0.0193057,0.02002557,0.02089159,0.02170969,0.02272574,0.02391421,0.02527999,0.02709721,0.02869138,0.03071204,0.03274947,0.03500936,0.03749839,0.03898041,0.04068846,0.04263187,0.0447273,0.04743295,0.04964119,0.05292715,0.05597746,0.05944184,0.06320898,0.06719818,0.0713629,0.07676841,0.08176803,0.08863763,0.0963289,0.10765459,0.11863763,0.13118685,0.1435758,0.15794586,0.17206767,0.18753158,0.20365468,0.22287125,0.23892651,0.26082975,0.28206183,0.30480721,0.32903153,0.352612,0.37582083,0.39841817,0.42757943
SWZ,2020,0.03695753,0.00529684,0.00342067,0.00234258,0.00170789,0.00128337,0.00109515,0.00098509,0.00089125,0.00083018,0.00080954,0.00082646,0.00086853,0.00094608,0.00106881,0.00125093,0.00144143,0.00170096,0.00198198,0.00220555,0.00245257,0.00268256,0.00296206,0.00324455,0.00353138,0.00385422,0.00417048,0.00453393,0.00488811,0.00527952,0.00571739,0.00609514,0.00658044,0.00708325,0.00767707,0.00832297,0.00892252,0.00956841,0.01017489,0.01079045,0.01146842,0.0120321,0.0126448,0.01329973,0.01397982,0.01474598,0.01548159,0.01626308,0.01709666,0.01793557,0.01892065,0.01965544,0.02055851,0.02139578,0.02233788,0.02342955,0.02449199,0.02575105,0.02720651,0.02884581,0.03096353,0.03287022,0.03527721,0.03775534,0.04053124,0.0435775,0.0456374,0.04791753,0.05042836,0.05308865,0.05642757,0.05907862,0.06272211,0.06609515,0.06980434,0.07380141,0.07807739,0.08264639,0.08877585,0.09491231,0.10324318,0.11263111,0.12581446,0.13992778,0.15709432,0.17432327,0.19242233,0.20789159,0.22325504,0.23923717,0.25808963,0.2739951,0.29572343,0.31671847,0.33924704,0.36329049,0.38679016,0.40994276,0.43154181,0.45802826
SWZ,2021,0.03887278,0.00558619,0.00359963,0.00247035,0.00180137,0.00135586,0.00115441,0.00103383,0.00093284,0.00086646,0.00084178,0.00085563,0.00089642,0.00100589,0.00120887,0.00149378,0.00178868,0.00212376,0.00245498,0.00272747,0.00301803,0.00329101,0.00360838,0.00392722,0.00424733,0.00459979,0.00495423,0.00535945,0.00577101,0.00622914,0.00674618,0.00720787,0.00778215,0.00837253,0.00904911,0.00978084,0.01047153,0.0112123,0.01192685,0.01264629,0.01344061,0.01411672,0.01487556,0.0156675,0.01650133,0.01743013,0.01832811,0.01928736,0.02030497,0.02131426,0.02248986,0.02339801,0.02449544,0.02549767,0.02658678,0.02781864,0.02906634,0.03054468,0.0323304,0.03438908,0.03701634,0.03939653,0.04232209,0.04526068,0.04848789,0.05201139,0.05453768,0.05738371,0.060565,0.06394673,0.06811913,0.07166092,0.07616527,0.0802643,0.08480154,0.0896502,0.09488197,0.1005752,0.1080472,0.11573609,0.12585696,0.13738845,0.15293336,0.17047255,0.1921559,0.21395457,0.23561185,0.25245114,0.26762365,0.28367452,0.30257815,0.31831988,0.33996437,0.36100311,0.3834489,0.4074024,0.4308419,0.45398764,0.47468908,0.49875987
SWZ,2022,0.04049671,0.00581865,0.00374971,0.00257352,0.00187667,0.00141251,0.00120269,0.00107709,0.00097189,0.00090269,0.00087696,0.00089142,0.00093383,0.00104787,0.00125938,0.00155627,0.00186363,0.00221273,0.00255789,0.00284187,0.00314471,0.00342949,0.00376085,0.00409397,0.00443016,0.0047976,0.00516452,0.00558694,0.00601547,0.00649239,0.00703103,0.00751296,0.00811043,0.00872353,0.00942762,0.01018823,0.01090532,0.01167272,0.01241674,0.01316558,0.01399095,0.01469314,0.01547907,0.01630302,0.01717509,0.01814641,0.0190891,0.02010045,0.0211855,0.02226335,0.0234994,0.02446393,0.02562429,0.02667657,0.02782308,0.02910723,0.03039808,0.03192803,0.03377058,0.03588673,0.03859338,0.04104017,0.04403649,0.04705393,0.0503808,0.05402628,0.05664293,0.05959128,0.06288946,0.06640942,0.07075191,0.07444439,0.0792561,0.08349908,0.08809965,0.09315485,0.09859499,0.10450561,0.11225424,0.12021238,0.13071939,0.14272572,0.15890667,0.17718417,0.19978296,0.22249461,0.24505939,0.2626447,0.27845112,0.29503489,0.31485162,0.33141119,0.35379395,0.37568734,0.39915664,0.4240714,0.44844872,0.47250883,0.49409517,0.51922568
SWZ,2023,0.03989143,0.00573834,0.00371346,0.00254763,0.00185882,0.00139785,0.00119258,0.00107186,0.00096998,0.00090369,0.00088111,0.00089913,0.00094504,0.00104803,0.00122753,0.00148508,0.00175226,0.00208083,0.00242079,0.00270108,0.00300583,0.00329003,0.00362522,0.00396281,0.00430483,0.00468356,0.00505235,0.0054736,0.005889,0.00634335,0.00684886,0.00728743,0.00784158,0.00840285,0.00904646,0.00973923,0.01037375,0.01106032,0.01170588,0.01235783,0.01307469,0.01366374,0.0143107,0.01500918,0.0157478,0.01658536,0.01739444,0.01826504,0.01920084,0.02013542,0.02122085,0.02201972,0.02299572,0.023879,0.02484677,0.02596331,0.02703684,0.02832945,0.02985855,0.03161112,0.03389135,0.03591717,0.03844829,0.040999,0.04384777,0.04699982,0.04910622,0.05151351,0.0542287,0.05714724,0.06085652,0.0639741,0.06821953,0.07212498,0.07634476,0.08091852,0.08590077,0.09119578,0.09808747,0.10484923,0.11393554,0.12422605,0.13868752,0.15395837,0.17223041,0.19050389,0.20986323,0.22669843,0.24351949,0.26109993,0.28197484,0.29954691,0.32336746,0.34634005,0.3710431,0.39736714,0.42300871,0.44829939,0.47208712,0.50147714
SWZ,2024,0.03456224,0.0049078,0.00318085,0.00217678,0.00158465,0.0011876,0.00101175,0.00090915,0.0008225,0.00076629,0.00074755,0.00076374,0.00080332,0.00088096,0.00100806,0.00119457,0.00138902,0.00164706,0.00192441,0.00215245,0.00240398,0.00263922,0.00291928,0.00320152,0.00348833,0.00380795,0.00412106,0.00447517,0.00481252,0.00517974,0.00558225,0.00592719,0.00636935,0.00681577,0.00732596,0.00787198,0.0083661,0.00890743,0.00940518,0.00990719,0.01046195,0.0109089,0.01138766,0.0119238,0.01248653,0.01313614,0.013762,0.01443601,0.01516184,0.0158867,0.01674712,0.01735517,0.01808824,0.01876029,0.01950598,0.02038311,0.02118741,0.02216918,0.02330118,0.02459495,0.02631077,0.02779269,0.02968681,0.03160946,0.03376928,0.03618799,0.03766098,0.03937675,0.04133669,0.0434596,0.04624323,0.04854833,0.05184755,0.05493616,0.05843812,0.06218977,0.0661603,0.07035336,0.07576206,0.08079863,0.08770534,0.09541231,0.10674195,0.11778177,0.13037365,0.1428594,0.15727486,0.17141856,0.18692558,0.20313109,0.22236797,0.2384869,0.2604284,0.28169106,0.30443663,0.32867308,0.35233819,0.37569345,0.39852032,0.42785698
SWZ,2025,0.0340849,0.00483507,0.0031365,0.00214702,0.00156258,0.00117075,0.00099628,0.00089429,0.00080866,0.00075323,0.00073472,0.00075063,0.00078949,0.0008656,0.00099008,0.00117246,0.00136292,0.00161551,0.00188706,0.00211072,0.00235695,0.00258757,0.00286169,0.00313774,0.00341824,0.00373092,0.0040377,0.00438676,0.00471665,0.00507321,0.00546751,0.00580556,0.00623892,0.00667731,0.00717989,0.00771623,0.00820168,0.00873548,0.00922695,0.00972272,0.01026916,0.01071513,0.01119285,0.01172597,0.01228563,0.01292945,0.01355361,0.01422942,0.01495743,0.01568774,0.01655539,0.01718375,0.01793642,0.01861803,0.01937765,0.02026739,0.02107706,0.02206781,0.02320096,0.02449103,0.02619965,0.02766982,0.02954453,0.03144695,0.0335851,0.03597307,0.03743594,0.03914845,0.04111179,0.0432435,0.0460306,0.04834708,0.05165735,0.0547638,0.05828694,0.062112,0.06609639,0.0702619,0.07569754,0.08076606,0.08769534,0.09541635,0.10673564,0.1177832,0.13039316,0.14290646,0.15734332,0.17151964,0.18705052,0.20327838,0.22252284,0.2386729,0.26059031,0.28188127,0.30463431,0.32884619,0.3525204,0.37586485,0.39871695,0.42804924
SWZ,2026,0.03358664,0.00475801,0.00308939,0.00211538,0.00153922,0.00115298,0.00098006,0.00087888,0.00079435,0.00073973,0.00072148,0.00073711,0.00077525,0.00084979,0.0009716,0.00114988,0.00133619,0.00158313,0.00184874,0.00206786,0.00230895,0.00253472,0.00280279,0.00307263,0.00334666,0.00365212,0.00395242,0.00429428,0.00462003,0.00496856,0.0053513,0.00568315,0.00610745,0.00653705,0.00703022,0.00755856,0.0080362,0.00856045,0.00904591,0.00953565,0.01007506,0.0105157,0.01099208,0.01152346,0.01208007,0.01271977,0.01333884,0.01401277,0.01474247,0.01547578,0.01634754,0.01698692,0.01775865,0.01846179,0.0192307,0.02013467,0.02095611,0.02195315,0.02309533,0.02438752,0.02609208,0.02755416,0.02941515,0.03129886,0.03341637,0.03578238,0.0372264,0.03893001,0.04089152,0.04302911,0.04582214,0.04815039,0.05146643,0.05459102,0.05813356,0.06198246,0.0660414,0.07022713,0.07563286,0.08074034,0.08769629,0.09543776,0.10675257,0.1178041,0.13041921,0.14296583,0.15742232,0.17163385,0.18720128,0.2034627,0.22272139,0.23891654,0.26083238,0.28212418,0.3049022,0.32909956,0.35279968,0.37617588,0.39903148,0.42835151
SWZ,2027,0.0330827,0.00467899,0.00304099,0.00208294,0.00151526,0.00113483,0.00096357,0.00086323,0.00077991,0.00072613,0.00070814,0.00072349,0.00076091,0.00083392,0.00095305,0.00112724,0.00130953,0.0015507,0.00181021,0.00202475,0.00226064,0.00248183,0.00274369,0.00300733,0.003275,0.0035732,0.00386688,0.00420152,0.00452092,0.00486522,0.00523957,0.00556169,0.00597787,0.00639868,0.00688194,0.00740067,0.00787265,0.00838867,0.00886632,0.00935071,0.00988375,0.01032076,0.01079178,0.01132157,0.01187694,0.01251309,0.01312937,0.01379851,0.01452668,0.01526313,0.01613702,0.01678504,0.01756687,0.01829144,0.01908218,0.01999587,0.0208313,0.02184108,0.0229897,0.02429226,0.02599927,0.02745632,0.0293075,0.03117808,0.03327641,0.03562123,0.03705399,0.03873946,0.04069331,0.04283139,0.04562748,0.0479695,0.05129166,0.05442907,0.05799115,0.06186196,0.06594661,0.07021136,0.07563426,0.08072356,0.08771328,0.09547935,0.10679636,0.1178572,0.13047401,0.14304145,0.15752305,0.17176722,0.18737321,0.20367802,0.22295826,0.23919895,0.26112294,0.28242917,0.30521544,0.32942789,0.35311766,0.37654051,0.39944352,0.42871016
SWZ,2028,0.03261094,0.00460348,0.00299491,0.0020522,0.00149268,0.0011177,0.00094802,0.00084847,0.00076628,0.00071336,0.00069562,0.00071071,0.00074747,0.00081902,0.0009357,0.00110604,0.00128453,0.00152046,0.00177405,0.00198407,0.00221498,0.00243177,0.00268805,0.00294559,0.00320717,0.00349852,0.00378578,0.00411331,0.00442653,0.00476444,0.00513474,0.00545061,0.00585502,0.00626818,0.00674166,0.00725029,0.00771483,0.00822483,0.00869583,0.00917279,0.00969992,0.01013354,0.01060054,0.01112412,0.01167792,0.01231185,0.0129253,0.01359136,0.01431432,0.01504985,0.01592514,0.01657905,0.01736782,0.01810392,0.01891565,0.0198509,0.02069531,0.02171926,0.0228803,0.02418985,0.02590716,0.02736511,0.02920933,0.03107007,0.03315443,0.03547887,0.03690004,0.03857429,0.04051121,0.04264361,0.04543684,0.04778883,0.05111841,0.05426797,0.05784338,0.06173513,0.06584244,0.07013657,0.07563453,0.08075213,0.08771652,0.09551225,0.10683313,0.11790683,0.13052745,0.14310805,0.15759916,0.171877,0.18751573,0.20386304,0.22317274,0.23946297,0.26139382,0.28271962,0.30551634,0.32974684,0.35345404,0.37685896,0.39982963,0.42909931
SWZ,2029,0.03215166,0.00452894,0.0029494,0.0020219,0.00147051,0.00110097,0.00093282,0.00083408,0.00075298,0.00070089,0.00068346,0.0006983,0.00073441,0.00080458,0.00091887,0.00108555,0.00126037,0.00149117,0.00173922,0.0019446,0.00217043,0.0023828,0.00263354,0.00288547,0.00314087,0.00342548,0.0037065,0.00402693,0.00433382,0.00466532,0.00502892,0.00534297,0.00573922,0.00614058,0.0066053,0.0071037,0.00755996,0.00806183,0.00852831,0.00899886,0.00951778,0.00994828,0.01041144,0.01093015,0.0114775,0.01210878,0.01272068,0.0133835,0.0141029,0.01483358,0.01570589,0.01636495,0.01715772,0.01790194,0.01872438,0.01967977,0.02054529,0.02157756,0.02275183,0.02407367,0.02579655,0.0272629,0.02910491,0.03095715,0.03302912,0.03533629,0.03674461,0.03840523,0.04032996,0.04244554,0.04522756,0.04758136,0.05091173,0.05407179,0.05765661,0.0615598,0.06568537,0.07000212,0.07552074,0.08071944,0.08769727,0.09545784,0.10677807,0.11785649,0.13047342,0.14305768,0.15753881,0.17182321,0.1874827,0.20385261,0.22317385,0.23950283,0.26142342,0.28274651,0.30553375,0.32974607,0.35347766,0.37687531,0.39979628,0.42906384
SWZ,2030,0.03170996,0.00445613,0.00290508,0.00199246,0.00144902,0.00108476,0.00091812,0.00082008,0.00074006,0.00068876,0.00067162,0.00068629,0.00072179,0.00079062,0.00090262,0.00106576,0.00123712,0.00146302,0.00170569,0.00190684,0.00212749,0.00233536,0.00258065,0.00282709,0.0030769,0.00335477,0.00362975,0.00394341,0.00424411,0.00456922,0.00492629,0.00523586,0.00562902,0.00602278,0.00647463,0.00696425,0.00741242,0.00790577,0.00836594,0.00883278,0.00934513,0.00977058,0.01023077,0.01074545,0.01128842,0.01191277,0.01252347,0.0131852,0.01390178,0.01463026,0.01549669,0.01615755,0.01695471,0.01770524,0.01853623,0.01950249,0.02038974,0.02144397,0.02262734,0.02396437,0.02570085,0.02717375,0.02902434,0.03087633,0.03294107,0.03523675,0.03663858,0.03828762,0.04020182,0.04230964,0.04507499,0.04742726,0.05075628,0.05392678,0.05752622,0.06144468,0.06558731,0.06993079,0.0754732,0.08070901,0.08776616,0.09554745,0.1068191,0.11791949,0.13054807,0.14315316,0.15764193,0.17194225,0.18762569,0.20403862,0.22338955,0.23977309,0.26171334,0.28306105,0.30586395,0.33008486,0.35384733,0.37731607,0.40025543,0.42943072
SWZ,2031,0.03127228,0.00438201,0.00285997,0.00196259,0.00142734,0.00106849,0.00090349,0.00080625,0.00072723,0.00067675,0.00065987,0.00067435,0.00070933,0.00077685,0.00088664,0.00104637,0.00121436,0.00143562,0.00167309,0.00187002,0.0020859,0.00228906,0.00252873,0.00276969,0.00301399,0.00328572,0.00355453,0.00386157,0.00415632,0.00447507,0.00482552,0.00513058,0.00551768,0.00590912,0.00635253,0.00682865,0.00726998,0.00775477,0.00820783,0.00866883,0.00917717,0.00959881,0.01005376,0.010565,0.01110411,0.01172331,0.01232793,0.01298851,0.01370399,0.01443048,0.01529326,0.01595219,0.01674979,0.01750637,0.01834345,0.01931756,0.02021672,0.02129237,0.02249791,0.02384462,0.02559613,0.02708269,0.0289384,0.03079941,0.03286336,0.03515046,0.0365486,0.0381902,0.04009377,0.04219309,0.04494845,0.04729015,0.05061188,0.05378697,0.0573973,0.06133213,0.06549123,0.06985586,0.07542143,0.08069153,0.08777921,0.0956384,0.10690816,0.11797087,0.13061623,0.14324356,0.15774329,0.17206211,0.18776355,0.20420691,0.22359042,0.24002438,0.26198367,0.28336072,0.30618157,0.33041133,0.35419957,0.37771008,0.40074133,0.42988404
SWZ,2032,0.03081827,0.00430461,0.00281264,0.00193126,0.00140464,0.00105152,0.00088831,0.00079196,0.00071404,0.00066433,0.00064773,0.00066198,0.00069639,0.00076268,0.00087022,0.00102649,0.0011911,0.0014076,0.00163993,0.00183258,0.00204352,0.00224221,0.00247582,0.00271088,0.00294945,0.00321486,0.00347792,0.00377796,0.00406664,0.00437903,0.00472261,0.00502278,0.0054036,0.00578924,0.00622967,0.00669675,0.00712598,0.00760335,0.00804905,0.00850324,0.00900521,0.00942563,0.00987664,0.01038211,0.01091797,0.01153255,0.01213292,0.01278735,0.01350171,0.01422804,0.01508747,0.01574681,0.01654125,0.01730007,0.01814319,0.01912278,0.02003121,0.02111819,0.02234554,0.02371558,0.02547625,0.02697882,0.0288472,0.0307141,0.03278713,0.03507253,0.0364699,0.03810699,0.04000432,0.04209541,0.04484067,0.04717818,0.05048418,0.05365829,0.05727409,0.06122213,0.06539922,0.06978498,0.07536868,0.08067303,0.08778901,0.09567624,0.10700378,0.11807515,0.13067901,0.14333449,0.15784758,0.17218949,0.18791216,0.20438146,0.22378805,0.24027641,0.26225381,0.28366217,0.30650763,0.33074999,0.35456752,0.37811448,0.40120221,0.43041757
SWZ,2033,0.03043177,0.00423785,0.00277221,0.00190466,0.00138541,0.00103714,0.00087533,0.00077965,0.00070265,0.00065361,0.00063719,0.00065124,0.00068514,0.00075034,0.00085599,0.00100921,0.00117084,0.00138317,0.00161089,0.00179988,0.00200637,0.00220092,0.00242931,0.00265856,0.00289151,0.00315096,0.0034086,0.00370261,0.0039853,0.00429172,0.00462895,0.00492434,0.00529889,0.00567886,0.00611292,0.00657722,0.00699925,0.00746378,0.00790328,0.00835031,0.00884478,0.00926119,0.0097105,0.01021107,0.01074071,0.01135072,0.01194673,0.01259612,0.01330337,0.0140286,0.01488553,0.01554454,0.01633709,0.01709323,0.01793713,0.01892053,0.01983458,0.02092844,0.02216553,0.02355648,0.0253382,0.02684947,0.02873092,0.03060976,0.03268664,0.03497826,0.03638016,0.038014,0.03990632,0.04199164,0.044725,0.04705595,0.0503501,0.05351222,0.05712475,0.06107711,0.06526535,0.0696697,0.07526629,0.08059447,0.08773177,0.09563723,0.10696281,0.11809238,0.13069029,0.14330444,0.1578232,0.17217684,0.1879096,0.20439108,0.2237964,0.24031252,0.26229102,0.28370802,0.30655788,0.33079584,0.3546188,0.37818039,0.40128965,0.43049293
SWZ,2034,0.02998496,0.00415945,0.0027242,0.00187298,0.00136263,0.00102021,0.0008603,0.00076559,0.0006897,0.00064145,0.00062526,0.000639,0.00067234,0.0007363,0.00083984,0.00098988,0.00114826,0.0013561,0.00157892,0.00176391,0.00196581,0.00215595,0.00237871,0.00260224,0.00282885,0.00308164,0.00333344,0.00362101,0.00389799,0.00419782,0.00452834,0.00481884,0.00518673,0.00556046,0.00598773,0.00644513,0.0068662,0.00732296,0.00775039,0.00819158,0.00867838,0.00908992,0.00953526,0.01003395,0.01055906,0.01116232,0.01175497,0.01240026,0.01310272,0.01382197,0.01467681,0.01533793,0.01612941,0.0168859,0.01772756,0.0187115,0.01963182,0.02073083,0.0219754,0.0233771,0.02517944,0.02671551,0.028605,0.03049935,0.03258941,0.03488545,0.03630297,0.03794122,0.03983248,0.04191632,0.04464402,0.04696999,0.05025387,0.05341228,0.05701568,0.06096979,0.06516681,0.06958983,0.07520485,0.0805609,0.08771957,0.09564868,0.10697747,0.11812353,0.13078182,0.14340724,0.15788654,0.17226755,0.18802422,0.20453424,0.22395524,0.24051039,0.26250031,0.28394743,0.30681986,0.33107776,0.35492898,0.37852492,0.40168054,0.4308843
SWZ,2035,0.02955811,0.0040867,0.00268001,0.00184395,0.00134181,0.00100476,0.00084656,0.00075269,0.00067782,0.00063031,0.00061435,0.00062784,0.00066058,0.00072339,0.00082495,0.00097196,0.0011275,0.0013312,0.00154952,0.00173087,0.00192849,0.00211478,0.00233231,0.00255038,0.00277145,0.00301754,0.00326353,0.00354503,0.00381672,0.00411112,0.00443523,0.00472145,0.00508357,0.00545173,0.00587279,0.00632408,0.00674097,0.00719772,0.00761933,0.00804956,0.00853116,0.00893831,0.00937947,0.00987466,0.0103991,0.01099816,0.01158576,0.01222859,0.0129279,0.01364419,0.0144928,0.01515657,0.01594973,0.01670747,0.01755,0.01853153,0.0194542,0.02055854,0.02180843,0.02321811,0.02502983,0.02658999,0.02850292,0.03040616,0.03251122,0.03481899,0.03624662,0.03789661,0.03979043,0.04187242,0.04459449,0.04691651,0.05018734,0.0533382,0.0569347,0.06087851,0.06507586,0.06950905,0.07513539,0.08051637,0.08769078,0.09563428,0.10696068,0.11811509,0.13077847,0.14346598,0.15794098,0.1722882,0.18806601,0.20459745,0.22402623,0.24061482,0.26260267,0.28406445,0.30695406,0.33122479,0.35510192,0.37872644,0.40191909,0.43111916
SWZ,2036,0.02912189,0.00401236,0.00263464,0.00181412,0.00132046,0.00098896,0.00083258,0.00073963,0.0006658,0.00061904,0.00060332,0.00061655,0.00064872,0.00071029,0.00080985,0.00095381,0.00110639,0.00130611,0.00151988,0.0016976,0.00189098,0.00207332,0.0022858,0.00249839,0.00271375,0.00295356,0.00319317,0.00346807,0.00373418,0.00402289,0.00434106,0.00462241,0.00497851,0.00534098,0.0057554,0.00619994,0.00661215,0.0070641,0.00748677,0.00791125,0.00838091,0.0087847,0.00922099,0.00971115,0.01023182,0.0108292,0.01141274,0.01204994,0.01274624,0.01345958,0.01430331,0.01496356,0.01575776,0.01651821,0.01736129,0.01834218,0.01926274,0.02036746,0.02162168,0.02303568,0.02485182,0.02642339,0.02835831,0.03028633,0.03239987,0.03472193,0.0361687,0.03782811,0.03973482,0.04182188,0.04454151,0.04686312,0.05012564,0.05326975,0.05685936,0.0607992,0.06498912,0.06942736,0.07505978,0.08046228,0.08765347,0.09561063,0.10692845,0.1180901,0.13075505,0.14345717,0.15798397,0.17233957,0.18808346,0.20463975,0.22407633,0.24069879,0.26268392,0.28415472,0.30705428,0.33134002,0.35524358,0.3788997,0.40212652,0.43131694
SWZ,2037,0.02871624,0.00394181,0.00259176,0.00178602,0.00130037,0.00097413,0.00081944,0.00072734,0.00065451,0.00060844,0.00059293,0.00060592,0.00063754,0.00069797,0.00079554,0.00093661,0.00108637,0.00128224,0.00149204,0.00166635,0.00185579,0.00203453,0.0022422,0.00244985,0.0026598,0.00289351,0.00312752,0.00339562,0.00365597,0.00393914,0.0042516,0.00452907,0.00487909,0.0052362,0.00564452,0.00608258,0.00649008,0.00693744,0.00735687,0.00778342,0.00824733,0.00864131,0.00907446,0.00955962,0.01007572,0.01066903,0.01125199,0.01188541,0.01257631,0.01328779,0.01412772,0.01478678,0.01557662,0.01634003,0.01718608,0.01816705,0.01908833,0.02018992,0.02144464,0.02286328,0.02468156,0.02626159,0.02820658,0.03015953,0.03229883,0.03462947,0.03609833,0.03777543,0.03969187,0.04179319,0.04451655,0.04683984,0.05009686,0.05323821,0.05682115,0.06075699,0.06494596,0.0693825,0.07501735,0.08043788,0.08764465,0.09561958,0.10693217,0.11809911,0.13076928,0.14348737,0.15802432,0.17244664,0.18820142,0.20473579,0.22419084,0.24085436,0.26284628,0.28433447,0.30724893,0.3315565,0.35549721,0.37919818,0.40247412,0.43166455
SWZ,2038,0.0282817,0.00386511,0.00254485,0.00175526,0.00127851,0.00095804,0.00080536,0.00071429,0.00064256,0.00059724,0.00058196,0.00059469,0.00062574,0.00068499,0.00078056,0.00091852,0.00106538,0.00125724,0.00146281,0.00163398,0.00181938,0.00199447,0.00219736,0.00239994,0.00260469,0.00283226,0.00306043,0.00332218,0.0035761,0.00385309,0.0041595,0.0044328,0.00477733,0.00512847,0.00553046,0.00596198,0.00636439,0.00680651,0.0072223,0.00764586,0.00811166,0.00850153,0.00892448,0.00940593,0.00991691,0.01050474,0.01108402,0.01171664,0.01240341,0.01310985,0.01394637,0.01460454,0.01539181,0.01615205,0.01700073,0.01798362,0.01890568,0.02000639,0.02125712,0.02267538,0.0244947,0.0260798,0.02803068,0.02999554,0.03216015,0.0345168,0.03600237,0.03770105,0.03963626,0.04174975,0.044487,0.04681902,0.05007406,0.05321647,0.05679784,0.06073115,0.06492003,0.06936227,0.07499348,0.08042857,0.0876478,0.09563947,0.10695106,0.11812584,0.13079887,0.14353583,0.15808414,0.17253118,0.18835633,0.20491237,0.22434362,0.24105657,0.2630631,0.28457708,0.30751352,0.33184717,0.35583304,0.3795863,0.40292335,0.43213142
SWZ,2039,0.02789363,0.00379646,0.00250313,0.00172799,0.00125911,0.00094376,0.00079275,0.00070252,0.00063173,0.00058709,0.00057202,0.0005845,0.00061502,0.00067319,0.0007669,0.00090203,0.00104602,0.00123412,0.00143567,0.00160377,0.00178579,0.00195745,0.00215587,0.00235375,0.00255347,0.00277547,0.00299803,0.00325351,0.0035018,0.00377221,0.00407225,0.00434132,0.00468042,0.00502657,0.00542196,0.0058471,0.0062447,0.00668152,0.00709331,0.00751375,0.0079764,0.00837038,0.00878921,0.00925985,0.00976724,0.01034919,0.0109235,0.01155226,0.01223814,0.01294099,0.01377106,0.01442892,0.01521406,0.01597301,0.01681808,0.01780249,0.01872725,0.0198271,0.02107617,0.02248947,0.02430458,0.02589417,0.02784733,0.02981981,0.03199592,0.03437746,0.03589664,0.03761015,0.03956597,0.04169831,0.04444476,0.04679315,0.05005019,0.05319395,0.05677396,0.06070602,0.06489225,0.06933715,0.07496749,0.08040651,0.08762888,0.09562844,0.10692994,0.11810791,0.13077676,0.1435199,0.15807103,0.17253216,0.18837402,0.20499308,0.22442007,0.24112972,0.2631413,0.28466865,0.307614,0.33195694,0.35597155,0.37976653,0.40315037,0.43236704
SWZ,2040,0.02749518,0.00372359,0.0024586,0.00169891,0.00123857,0.00092875,0.0007797,0.00069047,0.0006207,0.00057676,0.0005619,0.00057414,0.00060411,0.00066118,0.00075306,0.00088542,0.00102666,0.00121087,0.00140846,0.00157348,0.00175202,0.00192076,0.00211481,0.00230817,0.00250315,0.00271967,0.0029371,0.00318651,0.00342913,0.00369372,0.00398687,0.00425117,0.00458474,0.00492585,0.00531566,0.00573406,0.00612692,0.00655871,0.00696638,0.00738327,0.00784262,0.00823552,0.00865872,0.00912493,0.00962147,0.01019927,0.0107683,0.011392,0.01207395,0.01277665,0.01360193,0.01425634,0.01504009,0.01579836,0.01664199,0.01762183,0.01854928,0.01965055,0.0208983,0.02230939,0.02411584,0.02570487,0.02766007,0.02963711,0.03182114,0.03421473,0.03576829,0.03751465,0.03948578,0.0416402,0.04440407,0.04676604,0.05003451,0.05318573,0.05676694,0.06070072,0.06488851,0.06933683,0.0749669,0.0804169,0.0876359,0.09564046,0.10692963,0.11811042,0.1307798,0.14353202,0.15808456,0.1725634,0.18842421,0.20507003,0.22454849,0.24129386,0.26327281,0.284824,0.30778635,0.33214638,0.35619552,0.38003895,0.40348379,0.43271839
SWZ,2041,0.02713331,0.0036572,0.00241833,0.00167271,0.00122004,0.00091519,0.0007678,0.0006794,0.00061053,0.00056722,0.00055254,0.00056455,0.00059404,0.00065008,0.00074022,0.00086994,0.00100859,0.00118918,0.00138274,0.00154485,0.00172,0.00188578,0.00207615,0.00226515,0.0024556,0.00266697,0.00287934,0.00312319,0.00336033,0.00361908,0.00390621,0.00416514,0.00449268,0.00482866,0.00521288,0.00562564,0.00601331,0.00644015,0.00684397,0.00725723,0.00771288,0.00810452,0.00852676,0.00899737,0.00948966,0.01005579,0.01062129,0.01123956,0.01191634,0.01261578,0.01343996,0.01409259,0.01487187,0.01563027,0.01647313,0.01745072,0.01837457,0.01947725,0.02072611,0.02213543,0.0239364,0.02552028,0.02747252,0.02945409,0.03164299,0.03404505,0.03562043,0.03740071,0.0394048,0.041576,0.04436034,0.04674418,0.05002147,0.05318939,0.05677775,0.06071558,0.0649075,0.0693631,0.07499302,0.08045367,0.08767482,0.09567717,0.10694878,0.11812724,0.13079394,0.14355634,0.15810973,0.17260073,0.18847977,0.20514973,0.22464308,0.24146848,0.26344369,0.28497671,0.30795849,0.33233513,0.35641716,0.38030568,0.40381069,0.43307322
SWZ,2042,0.02676472,0.00358907,0.00237695,0.00164579,0.00120107,0.00090131,0.0007557,0.0006682,0.00060027,0.00055759,0.00054311,0.00055489,0.00058388,0.00063889,0.0007273,0.0008544,0.00099047,0.00116751,0.0013572,0.00151609,0.00168788,0.00185063,0.00203714,0.00222239,0.00240834,0.00261469,0.00282216,0.00306041,0.00329246,0.00354537,0.00382628,0.0040805,0.00440114,0.00473118,0.00510942,0.0055162,0.00589948,0.00632054,0.00672017,0.00712967,0.00758107,0.00797059,0.00839122,0.00886021,0.00935691,0.00991765,0.01047125,0.01108528,0.01175582,0.01244996,0.01326897,0.01392288,0.01469862,0.01545318,0.01629526,0.01727036,0.01819209,0.01928878,0.02053756,0.02194634,0.02374062,0.02532115,0.02726401,0.0292433,0.03143532,0.03384106,0.03543398,0.0372351,0.0392722,0.04147668,0.0442749,0.04668314,0.04997638,0.05315755,0.05676146,0.06070848,0.06490611,0.06937093,0.07500354,0.08047412,0.08769542,0.09570034,0.10694377,0.11811185,0.13076757,0.14353362,0.15808532,0.17258432,0.188472,0.20516135,0.22466274,0.24152491,0.26353853,0.28507634,0.3080361,0.33242629,0.35653485,0.38046019,0.4040147,0.43329535
SWZ,2043,0.0263829,0.00351809,0.00233347,0.00161744,0.0011811,0.00088677,0.0007431,0.00065659,0.00058966,0.00054766,0.00053336,0.00054488,0.00057333,0.0006273,0.00071394,0.00083834,0.00097176,0.00114512,0.00133084,0.00148658,0.00165458,0.00181418,0.00199667,0.00217788,0.00235993,0.00256118,0.00276383,0.00299662,0.00322347,0.00347094,0.00374562,0.0039949,0.00430943,0.00463271,0.00500421,0.0054048,0.00578357,0.00620003,0.00659501,0.00700085,0.0074484,0.00783586,0.00825466,0.0087221,0.00921776,0.00978304,0.0103322,0.01093434,0.01160098,0.01228987,0.01310289,0.01375517,0.01453174,0.01528475,0.01612342,0.01709762,0.01801854,0.01911235,0.0203552,0.02176413,0.02355535,0.0251337,0.02707139,0.02904437,0.03123523,0.03364584,0.03525402,0.03707353,0.03913235,0.04137163,0.04420162,0.04662937,0.04994231,0.05314521,0.05676249,0.06072819,0.06493784,0.06941475,0.07505374,0.08053918,0.08776212,0.09577194,0.1069969,0.1181503,0.13079441,0.1435634,0.15811567,0.17262973,0.18853197,0.20524228,0.22475934,0.24166399,0.26368975,0.28528267,0.30825008,0.33263537,0.35678248,0.38075547,0.40436914,0.43367773
SWZ,2044,0.02599888,0.00344447,0.00228852,0.00158826,0.00116068,0.00087197,0.00073039,0.00064495,0.00057904,0.00053772,0.00052362,0.00053491,0.00056284,0.00061577,0.00070069,0.0008225,0.00095334,0.00112317,0.00130506,0.00145775,0.00162218,0.00177834,0.00195691,0.00213411,0.00231212,0.00250913,0.00270706,0.00293464,0.00315664,0.00339872,0.00366782,0.00391231,0.00422063,0.00453813,0.00490218,0.0052959,0.00566998,0.00608174,0.00647324,0.0068748,0.00731848,0.00770402,0.00812076,0.0085861,0.00908045,0.00964419,0.01019875,0.01079619,0.01145052,0.012136,0.01294257,0.01359165,0.01436552,0.01512086,0.01595787,0.01692786,0.01784887,0.01894063,0.02018014,0.02158245,0.02337057,0.02494964,0.02688273,0.02885288,0.03103765,0.03344796,0.03507179,0.03690727,0.03898521,0.04124806,0.04411126,0.0465768,0.04990542,0.05313449,0.05677474,0.06075823,0.06499078,0.06948776,0.07513808,0.08064389,0.08787564,0.09589465,0.10710574,0.11825543,0.13088559,0.14365758,0.1582116,0.17274398,0.18866907,0.20540737,0.22494379,0.24189818,0.26394411,0.2855711,0.30859582,0.33299665,0.35717976,0.381213,0.40489729,0.43424509
SWZ,2045,0.02568849,0.00338329,0.00225139,0.00156429,0.00114398,0.0008599,0.00071996,0.00063534,0.00057024,0.00052946,0.00051553,0.00052659,0.00055408,0.00060613,0.00068956,0.00080914,0.00093778,0.0011045,0.00128304,0.00143307,0.00159442,0.00174766,0.00192231,0.00209594,0.00227027,0.00246323,0.00265764,0.00288046,0.0030981,0.00333543,0.00359931,0.00383976,0.00414229,0.00445412,0.004812,0.00519825,0.00556695,0.00597384,0.00636175,0.00676025,0.00719935,0.00758277,0.00799746,0.00846028,0.0089525,0.00951416,0.01006754,0.01067015,0.01131923,0.01199218,0.01279376,0.0134385,0.01420753,0.01496087,0.01579936,0.01676601,0.0176828,0.01877249,0.02000838,0.02140554,0.02318193,0.02476047,0.02669058,0.02865687,0.03083727,0.03324006,0.03487256,0.03672252,0.03881494,0.04109619,0.04397804,0.0464803,0.04983927,0.05308677,0.0567503,0.0607563,0.0650058,0.06952803,0.0751911,0.08071491,0.08795219,0.09597847,0.10716766,0.11830474,0.13091756,0.14367386,0.15821281,0.17274666,0.18867805,0.20543113,0.22496945,0.24195389,0.26400068,0.28564079,0.30867637,0.33310101,0.35729643,0.38135929,0.40508737,0.43444146
SWZ,2046,0.0253202,0.00331139,0.00220744,0.00153574,0.00112405,0.00084549,0.00070764,0.00062412,0.00056002,0.00051989,0.00050613,0.00051697,0.00054394,0.00059498,0.00067674,0.00079383,0.00092001,0.00108335,0.0012582,0.0014053,0.00156326,0.00171338,0.00188402,0.0020533,0.00222367,0.00241219,0.00260251,0.00282108,0.0030341,0.00326652,0.00352514,0.00376129,0.00405832,0.0043643,0.00471556,0.00509509,0.00545724,0.00585823,0.00624215,0.00663734,0.00707311,0.00745376,0.00786645,0.0083271,0.00881715,0.00937636,0.00992849,0.01053004,0.01118469,0.01185305,0.01264116,0.01328396,0.01404799,0.01479827,0.01563518,0.01660332,0.01751825,0.01860294,0.01983685,0.02123043,0.02299888,0.0245699,0.02649773,0.0284642,0.03064191,0.0330421,0.034679,0.03653941,0.03864793,0.0409464,0.04384555,0.04637438,0.04976665,0.05305192,0.05673639,0.06077106,0.06504872,0.06959716,0.07528647,0.08083903,0.08809035,0.09613392,0.10731495,0.11844964,0.13105672,0.14381541,0.1583452,0.17288996,0.18883875,0.20562089,0.22518238,0.2422154,0.2642818,0.28595849,0.30902904,0.33349193,0.35774595,0.38186215,0.40566994,0.43506514
SWZ,2047,0.02502159,0.00325207,0.00217156,0.00151264,0.00110793,0.00083383,0.00069755,0.0006148,0.0005515,0.00051189,0.00049828,0.0005089,0.00053544,0.00058561,0.00066592,0.00078082,0.00090483,0.00106519,0.0012368,0.00138128,0.00153623,0.00168354,0.00185056,0.00201606,0.00218228,0.00236673,0.00255316,0.0027675,0.00297707,0.0032049,0.00345871,0.00369101,0.00398274,0.0042837,0.00462864,0.00500142,0.00535819,0.00575228,0.00613123,0.00652274,0.00695492,0.00733393,0.00774362,0.00820177,0.00868956,0.00924572,0.00979561,0.01039537,0.0110484,0.01172252,0.01250453,0.01313545,0.01389584,0.01464163,0.0154744,0.01643919,0.01735556,0.01843608,0.01966315,0.02105284,0.02281277,0.02437783,0.02629378,0.02825845,0.0304344,0.03282989,0.03447253,0.0363357,0.03845247,0.04076553,0.04367579,0.04622518,0.0496352,0.05295523,0.05667316,0.06072625,0.0650296,0.06960587,0.07531097,0.08089314,0.08815401,0.09620609,0.10736663,0.11848734,0.13107126,0.1438133,0.15831914,0.17284624,0.18878404,0.20556587,0.22511897,0.24217711,0.26423071,0.28590798,0.30897946,0.33344353,0.35771408,0.38185227,0.4056859,0.4350925
SWZ,2048,0.02467045,0.00318126,0.00212806,0.00148452,0.00108848,0.00081988,0.00068574,0.0006041,0.00054177,0.0005028,0.00048936,0.00049973,0.00052578,0.00057503,0.00065379,0.00076635,0.00088805,0.00104518,0.00121331,0.00135501,0.00150667,0.00165092,0.00181409,0.00197565,0.00213778,0.00231741,0.00249988,0.00270974,0.00291537,0.00313941,0.00338824,0.0036167,0.00390328,0.00419902,0.00453817,0.00490421,0.00525528,0.00564359,0.00601642,0.00640326,0.00683153,0.00720887,0.00761717,0.00807231,0.00855811,0.00911191,0.0096598,0.01025767,0.01090933,0.01158292,0.01237079,0.01299853,0.01374656,0.01449079,0.01531972,0.01628054,0.01719545,0.01827728,0.0195006,0.02088377,0.02263763,0.0241988,0.02610743,0.02806365,0.03023967,0.03263599,0.0342865,0.03615769,0.03827958,0.0406043,0.04352853,0.04609818,0.04952609,0.0528724,0.05662867,0.06072143,0.06505005,0.06966216,0.07539734,0.08101274,0.08830056,0.09637641,0.10753143,0.11865364,0.13123296,0.14397256,0.15847034,0.17300238,0.18893884,0.20573398,0.22529595,0.24239644,0.26446365,0.2861661,0.30926141,0.33375531,0.35807113,0.38226513,0.40615339,0.43557729
SWZ,2049,0.02436053,0.00311918,0.00209052,0.00146046,0.00107192,0.00080808,0.0006757,0.00059497,0.00053348,0.00049505,0.00048177,0.00049195,0.00051759,0.00056602,0.00064345,0.00075401,0.00087369,0.00102804,0.00119312,0.00133239,0.00148119,0.00162268,0.00178236,0.00194029,0.00209868,0.00227408,0.00245222,0.00265792,0.00285976,0.00307989,0.00332501,0.00354981,0.00383157,0.00412256,0.00445602,0.0048161,0.00516153,0.00554376,0.00591151,0.00629223,0.00671528,0.00709014,0.00749633,0.00794935,0.0084317,0.00898232,0.00952762,0.0101224,0.01077097,0.01144248,0.01222764,0.01286252,0.01360481,0.01433608,0.01516146,0.0161156,0.01702516,0.01810193,0.01932345,0.02069923,0.02243953,0.02399473,0.02589316,0.02783996,0.03000283,0.03239459,0.03405265,0.03592822,0.03805396,0.04038013,0.04330703,0.04589264,0.04932976,0.05269359,0.05647024,0.0605966,0.06496128,0.06959749,0.07535736,0.0810059,0.08830728,0.09640518,0.10754549,0.11865699,0.13121864,0.14394423,0.15841726,0.17293869,0.18886318,0.20564698,0.22519354,0.24231901,0.26437856,0.28609102,0.30919345,0.33369803,0.35805089,0.38229537,0.40624754,0.43567396
SWZ,2050,0.02405011,0.00306051,0.00205454,0.00143715,0.00105571,0.00079646,0.00066582,0.00058596,0.00052529,0.00048741,0.00047429,0.00048426,0.0005095,0.00055714,0.00063324,0.0007418,0.00085948,0.001011,0.00117301,0.00130979,0.00145572,0.00159444,0.00175056,0.00190488,0.00205954,0.00223077,0.00240489,0.00260581,0.00280388,0.00302001,0.00326102,0.0034832,0.00376018,0.00404653,0.00437459,0.0047286,0.00506908,0.00544524,0.00580755,0.00618338,0.00659989,0.00697111,0.00737479,0.00782545,0.00830586,0.00885249,0.00939515,0.00998719,0.01063256,0.01130147,0.01208367,0.01271843,0.01346721,0.01419409,0.01500616,0.01595606,0.01685969,0.01792974,0.01914539,0.02051864,0.02224774,0.02379272,0.02568231,0.02762087,0.02977421,0.03215313,0.03381889,0.03570246,0.03783278,0.04016389,0.04308849,0.0456849,0.04913179,0.05251077,0.05630552,0.06045477,0.06485766,0.0695362,0.07531739,0.08100367,0.08832945,0.09644932,0.10758933,0.1187015,0.13125408,0.14397478,0.1584346,0.17295288,0.18887302,0.20565954,0.22519222,0.24234749,0.26440755,0.28614016,0.30926434,0.33379341,0.35819511,0.38250395,0.40653401,0.43600558
SWZ,2051,0.02376396,0.00300478,0.00202054,0.00141525,0.00104056,0.00078564,0.00065658,0.00057755,0.00051764,0.00048025,0.00046728,0.00047705,0.00050192,0.00054882,0.00062366,0.00073033,0.00084612,0.00099499,0.00115407,0.00128849,0.00143163,0.00156771,0.00172047,0.00187123,0.00202228,0.00218947,0.00235974,0.00255627,0.00275,0.00296226,0.00319914,0.0034184,0.00369188,0.00397375,0.00429673,0.0046452,0.00498075,0.00535176,0.0057088,0.0060795,0.00649091,0.00685718,0.00725725,0.00770524,0.00818357,0.0087279,0.00926715,0.00985651,0.01049911,0.01116535,0.01194411,0.01257855,0.01332643,0.01406145,0.01486903,0.01580478,0.01670504,0.01776795,0.01897621,0.02034291,0.0220664,0.02360384,0.02548059,0.02741257,0.02955777,0.03192757,0.03359238,0.0354842,0.03762274,0.03995966,0.04288584,0.04548832,0.04894043,0.05233535,0.05614619,0.06031602,0.06474625,0.06946863,0.07528924,0.08100873,0.08836313,0.09651386,0.10765173,0.11877488,0.13132553,0.14404406,0.15849383,0.17301335,0.18892847,0.20571625,0.22523818,0.24241553,0.26446974,0.28621702,0.30935919,0.33391135,0.35835961,0.38273013,0.40683709,0.436354
SWZ,2052,0.02351435,0.00295563,0.00199087,0.00139621,0.00102739,0.00077624,0.00064846,0.00057007,0.00051082,0.00047387,0.00046102,0.00047062,0.00049513,0.00054136,0.00061505,0.00071997,0.00083401,0.00098043,0.00113682,0.00126905,0.00140963,0.00154322,0.00169285,0.00184033,0.0019879,0.00215124,0.0023178,0.0025102,0.00270004,0.00290788,0.00314085,0.00335716,0.00362687,0.00390565,0.00422376,0.004567,0.0048981,0.00526395,0.00561655,0.00598219,0.00638815,0.00675076,0.00714571,0.0075897,0.0080654,0.00860704,0.00914436,0.00972994,0.01036947,0.01103311,0.01180797,0.01244119,0.01318753,0.01392262,0.01473808,0.01566832,0.01655429,0.0176122,0.01881197,0.02016984,0.0218826,0.02341751,0.02528336,0.0272035,0.0293412,0.03170213,0.03336856,0.03525903,0.03740493,0.03975005,0.04267727,0.04528811,0.04873909,0.05214359,0.0559695,0.06015586,0.06460904,0.06936188,0.07522093,0.08098915,0.08836477,0.09654653,0.10768749,0.11881543,0.13137008,0.14408899,0.1585267,0.1730459,0.18895481,0.20573746,0.2252404,0.24243964,0.26447206,0.28622133,0.30936913,0.33393325,0.35841878,0.38284046,0.4070139,0.43656471
SWZ,2053,0.02321631,0.00289721,0.00195513,0.00137313,0.00101144,0.00076484,0.00063883,0.00056135,0.00050292,0.0004665,0.0004538,0.00046321,0.00048734,0.0005328,0.00060525,0.00070829,0.00082044,0.00096423,0.00111776,0.00124765,0.00138545,0.0015164,0.00166266,0.00180671,0.00195074,0.00211003,0.00227275,0.00246084,0.0026467,0.00285023,0.00307828,0.00329146,0.00355699,0.00383197,0.00414626,0.00448404,0.0048106,0.00517141,0.00551919,0.00588032,0.00628059,0.00663883,0.00702979,0.007468,0.00793949,0.00847769,0.00901255,0.00959572,0.01023088,0.01089144,0.01166229,0.01229369,0.01303743,0.01377187,0.0145869,0.01552442,0.01640485,0.01744661,0.01863998,0.01998769,0.02168702,0.02321373,0.02507344,0.02698338,0.02910787,0.03146039,0.03312883,0.03502056,0.0371644,0.03951694,0.04244755,0.0450664,0.04851843,0.05192624,0.05576095,0.05996296,0.06443543,0.06921483,0.07509957,0.08091679,0.08833125,0.0965382,0.10768513,0.1188267,0.13138284,0.14411311,0.15854661,0.17306984,0.18897766,0.20576172,0.22524724,0.24247172,0.26449033,0.28623748,0.30938996,0.33396611,0.35849338,0.38297274,0.40721894,0.43681188
SWZ,2054,0.02293374,0.0028411,0.00192073,0.00135094,0.00099614,0.00075395,0.00062964,0.00055305,0.00049538,0.00045947,0.00044692,0.00045613,0.00047989,0.00052463,0.00059588,0.00069714,0.00080748,0.00094873,0.00109948,0.00122713,0.00136228,0.00149062,0.00163364,0.00177432,0.00191491,0.00207037,0.00222929,0.00241319,0.00259515,0.00279456,0.00301812,0.00322739,0.00348887,0.00375998,0.00407008,0.00440399,0.00472617,0.00508229,0.00542579,0.00578242,0.00617803,0.00653205,0.0069187,0.00735275,0.00781862,0.00835217,0.00888426,0.00946494,0.01009766,0.01075432,0.01152122,0.01215125,0.01289231,0.01362552,0.01443984,0.01537647,0.0162651,0.01730034,0.01847636,0.01981683,0.02150229,0.02301878,0.0248674,0.02677309,0.02888696,0.03122606,0.03289757,0.03479116,0.03693576,0.03928659,0.04222008,0.04484965,0.04830261,0.05171626,0.05555368,0.05976521,0.06425608,0.06905799,0.07496385,0.08081606,0.08826828,0.09651521,0.10765914,0.11881335,0.13137449,0.14410708,0.15853898,0.17306469,0.18896406,0.20574141,0.22520002,0.24243825,0.26442793,0.28616285,0.30929733,0.33386445,0.35841449,0.38293469,0.40723819,0.43685449
SWZ,2055,0.02265769,0.0027854,0.00188654,0.0013289,0.00098097,0.00074318,0.00062059,0.00054488,0.000488,0.00045257,0.00044016,0.00044919,0.00047257,0.00051661,0.0005867,0.0006862,0.00079481,0.0009336,0.00108164,0.00120707,0.00133965,0.00146548,0.00160528,0.00174268,0.00187988,0.00203158,0.00218689,0.00236663,0.00254476,0.0027401,0.00295933,0.00316509,0.00342167,0.00368899,0.00399475,0.00432433,0.00464373,0.00499523,0.0053347,0.0056873,0.00607816,0.00642887,0.00681126,0.00724071,0.00770251,0.00822984,0.00875773,0.00933547,0.00996553,0.01062012,0.01138206,0.0120106,0.01274934,0.01348108,0.01429401,0.01522933,0.01611777,0.01716054,0.01832912,0.01965087,0.02132561,0.02283102,0.02466645,0.02656267,0.02867213,0.03100052,0.03266995,0.03456674,0.03671305,0.03906537,0.04199306,0.0446333,0.04809063,0.05151066,0.05535416,0.05957005,0.0640743,0.06889912,0.07482374,0.08070822,0.0881872,0.09647546,0.10763659,0.11879959,0.13137092,0.14411692,0.15854652,0.17308678,0.18898648,0.20576109,0.22519695,0.24245454,0.264416,0.28613907,0.30925993,0.33381046,0.35838046,0.38294052,0.40730218,0.4369433
SWZ,2056,0.02238536,0.00272936,0.00185216,0.00130676,0.00096579,0.00073242,0.00061159,0.00053679,0.00048069,0.00044575,0.00043347,0.00044232,0.00046535,0.0005087,0.00057765,0.00067546,0.00078237,0.00091881,0.00106424,0.00118751,0.00131755,0.00144096,0.00157769,0.00171188,0.00184579,0.00199382,0.00214562,0.00232141,0.00249576,0.00268715,0.00290214,0.00310454,0.00335671,0.00361933,0.00392089,0.00424603,0.00456213,0.00491075,0.00524627,0.0055951,0.00598172,0.00632899,0.00670809,0.00713302,0.00759032,0.0081131,0.00863519,0.00920855,0.00983551,0.01048786,0.01124686,0.01187292,0.01260934,0.01334011,0.01415159,0.0150851,0.01597318,0.01701499,0.01819107,0.01950492,0.02115744,0.02265543,0.02447747,0.02636267,0.02846315,0.03078826,0.03245902,0.03435493,0.03650553,0.03886164,0.04178846,0.04443211,0.04789578,0.05132768,0.05518024,0.05940656,0.06392194,0.06876771,0.07471555,0.08063393,0.08814276,0.09646625,0.10765508,0.11885648,0.13144466,0.14422153,0.15867403,0.17324276,0.18917254,0.20597228,0.22541165,0.24271409,0.26467859,0.28641658,0.30955163,0.33411682,0.35873101,0.38335758,0.40780487,0.43750485
SWZ,2057,0.02208591,0.00266942,0.0018152,0.00128285,0.00094934,0.00072074,0.00060183,0.00052804,0.00047278,0.00043837,0.00042624,0.00043489,0.00045753,0.00050015,0.00056787,0.00066386,0.00076895,0.00090284,0.00104549,0.00116648,0.00129381,0.00141459,0.00154806,0.00167888,0.00180928,0.00195343,0.00210146,0.00227307,0.00244353,0.00263064,0.00284115,0.00303996,0.00328753,0.00354562,0.00384163,0.00416206,0.00447442,0.00481928,0.0051524,0.0054973,0.00587973,0.00622391,0.00659943,0.00702069,0.0074734,0.00799097,0.00850878,0.00907583,0.00969795,0.01034735,0.01110291,0.0117283,0.01246104,0.01319052,0.01400068,0.01493186,0.01581847,0.01685841,0.01803227,0.0193528,0.02099357,0.0224702,0.02428105,0.026153,0.02824073,0.03055529,0.03223245,0.03412832,0.03627623,0.03863549,0.04156003,0.04420803,0.04766628,0.05110706,0.05496873,0.05920237,0.06372828,0.06858555,0.07454617,0.08049351,0.08802262,0.09637047,0.10756366,0.11879312,0.13140411,0.14419159,0.15865334,0.17324137,0.18917688,0.2059885,0.22540975,0.24273374,0.26467133,0.28639501,0.30950863,0.33404949,0.358675,0.38333126,0.4078332,0.43755774
SWZ,2058,0.02179488,0.00261016,0.00177848,0.00125903,0.00093297,0.00070912,0.00059224,0.00051952,0.00046512,0.00043122,0.00041924,0.00042771,0.00044996,0.00049186,0.00055846,0.00065275,0.00075613,0.00088768,0.00102774,0.00114661,0.00127143,0.00138977,0.00152019,0.00164792,0.00177514,0.0019157,0.00206027,0.00222798,0.00239483,0.00257808,0.00278433,0.00297975,0.00322297,0.00347685,0.00376803,0.00408288,0.00439167,0.0047327,0.00506285,0.00540572,0.00578403,0.00612527,0.00649762,0.00691498,0.00736404,0.00787635,0.00838923,0.00895157,0.00956684,0.01021141,0.01096272,0.01158684,0.01231769,0.01304436,0.01385274,0.01478164,0.01566632,0.01670336,0.01787421,0.01919138,0.02083616,0.02230262,0.0240886,0.02595054,0.02802437,0.03032589,0.03200356,0.03390575,0.03605334,0.03841036,0.04133382,0.04398674,0.04744275,0.05088325,0.05475399,0.05899852,0.06353574,0.06840812,0.07437678,0.08034821,0.08789959,0.09627052,0.10746857,0.11871739,0.13135759,0.14418289,0.1586567,0.17327692,0.18923928,0.20607269,0.22550183,0.24286823,0.26479914,0.28652925,0.3096434,0.33417731,0.35882996,0.38353187,0.40809795,0.43786035
SWZ,2059,0.02154125,0.00255601,0.00174508,0.00123756,0.0009183,0.00069879,0.0005837,0.00051192,0.00045827,0.00042484,0.00041297,0.00042125,0.00044317,0.00048442,0.00054998,0.00064274,0.00074455,0.00087391,0.00101157,0.00112844,0.00125094,0.00136697,0.00149449,0.00161922,0.0017434,0.00188057,0.0020218,0.00218578,0.00234911,0.00252867,0.00273094,0.00292301,0.00316208,0.00341191,0.00369853,0.00400853,0.00431273,0.00465016,0.00497736,0.00531775,0.00569416,0.00603274,0.00640245,0.00681672,0.00726227,0.00777077,0.00827912,0.00883659,0.00944728,0.01008557,0.01083145,0.0114542,0.01218342,0.01290992,0.01371586,0.01464294,0.01552671,0.01656132,0.01772919,0.01904339,0.02068281,0.02215737,0.02393178,0.02577081,0.02783555,0.03012421,0.03180062,0.03370439,0.03585922,0.03821777,0.04113655,0.04379719,0.04725377,0.05069902,0.05457164,0.05882884,0.06338274,0.06827268,0.0742551,0.08024717,0.08781799,0.09621491,0.10741853,0.11868677,0.131346,0.14421352,0.15872315,0.17337185,0.18936694,0.20623318,0.22566815,0.24308581,0.26501519,0.28675075,0.30986362,0.33438669,0.35905759,0.38379553,0.40841674,0.43820383
SWZ,2060,0.02128695,0.00250411,0.00171313,0.00121694,0.00090414,0.00068872,0.00057527,0.00050435,0.00045143,0.00041845,0.00040671,0.0004148,0.00043637,0.00047698,0.00054145,0.00063262,0.00073284,0.00085995,0.00099514,0.00111001,0.00123011,0.00134384,0.00146844,0.00159012,0.00171116,0.00184487,0.00198269,0.00214278,0.0023025,0.00247817,0.00267633,0.00286503,0.00309963,0.00334518,0.00362696,0.00393187,0.00423166,0.0045638,0.00488768,0.00522494,0.00559825,0.00593578,0.00630238,0.00671326,0.00715523,0.00765905,0.00816329,0.00871518,0.00931986,0.00995293,0.01069044,0.01130925,0.0120353,0.0127604,0.01356505,0.01448786,0.01536945,0.01640074,0.01756394,0.01887278,0.02050431,0.02197452,0.02375325,0.02557977,0.02761856,0.02989552,0.03156762,0.03346833,0.03562246,0.03798659,0.04090031,0.04356079,0.04701594,0.05046365,0.05433786,0.05859468,0.06316096,0.06806751,0.07405874,0.08006947,0.08764718,0.09605655,0.10725567,0.11853023,0.13119388,0.14407958,0.15861471,0.1733023,0.18931353,0.20620632,0.22564582,0.2431021,0.26502847,0.28676507,0.30986709,0.33436855,0.35904784,0.38380869,0.40847164,0.4382642
SWZ,2061,0.02102416,0.00244776,0.00167824,0.00119445,0.00088881,0.00067796,0.0005664,0.00049649,0.00044436,0.00041186,0.00040025,0.00040815,0.00042936,0.00046932,0.00053274,0.00062233,0.00072098,0.0008459,0.00097865,0.00109149,0.00120924,0.00132061,0.00144232,0.00156101,0.00167896,0.00180922,0.00194375,0.00210012,0.00225627,0.00242819,0.00262227,0.00280772,0.00303816,0.00327951,0.00355667,0.00385673,0.00415248,0.0044802,0.0047997,0.00513421,0.00550457,0.00584075,0.00620685,0.00661494,0.00705423,0.00755466,0.00805537,0.00860363,0.00920321,0.00983131,0.01056349,0.0111771,0.01189914,0.01262327,0.01342751,0.01434968,0.01522905,0.0162583,0.01741882,0.01872372,0.02034856,0.02181557,0.02358941,0.02542424,0.02745231,0.02970516,0.0313784,0.0332767,0.03542974,0.03779616,0.04071442,0.04337989,0.04683176,0.05028675,0.05416733,0.05843143,0.0630055,0.06793352,0.0739434,0.07997963,0.08757561,0.09600076,0.10720158,0.11849461,0.1311727,0.14408629,0.15864749,0.17338868,0.18945248,0.20638037,0.22584479,0.24336184,0.26529811,0.28705965,0.31017064,0.33466495,0.35936718,0.3841652,0.40888209,0.43869545
SWZ,2062,0.02077177,0.00239234,0.00164395,0.00117238,0.0008738,0.00066744,0.00055782,0.00048891,0.00043756,0.00040553,0.00039404,0.00040178,0.00042265,0.00046198,0.0005244,0.00061254,0.00070971,0.0008326,0.00096314,0.00107409,0.0011896,0.00129881,0.00141777,0.00153369,0.00164876,0.00177582,0.0019072,0.00206009,0.00221296,0.00238128,0.00257156,0.00275383,0.00298031,0.00321779,0.00349042,0.00378581,0.0040776,0.0044011,0.00471682,0.0050471,0.00541452,0.00574895,0.00611365,0.00652101,0.00695749,0.00745463,0.00795217,0.00849638,0.00909179,0.00971461,0.01044048,0.01105053,0.01176602,0.01248683,0.01328955,0.0142103,0.01508936,0.01611476,0.01727192,0.01857277,0.02019,0.02165232,0.02342002,0.0252508,0.02728683,0.02952788,0.03118593,0.03308467,0.0352344,0.03759952,0.04051544,0.04319146,0.04664149,0.05009708,0.05398415,0.0582551,0.06283892,0.06777754,0.07380422,0.0798679,0.08748083,0.09592314,0.10711709,0.11841992,0.1311097,0.14404525,0.1586262,0.17340392,0.18951996,0.20650418,0.22598735,0.24356791,0.2655235,0.28730726,0.31043672,0.33492872,0.35965383,0.38448836,0.40925748,0.43908551
SWZ,2063,0.02053307,0.00234208,0.00161285,0.00115228,0.00086004,0.00065771,0.00054978,0.00048176,0.00043111,0.00039951,0.00038814,0.00039569,0.00041624,0.00045496,0.00051639,0.00060306,0.00069877,0.00081958,0.00094784,0.00105696,0.00117025,0.00127726,0.00139353,0.00150662,0.00161884,0.00174268,0.00187087,0.00202016,0.00216967,0.0023344,0.00252071,0.00269972,0.00292202,0.00315546,0.0034235,0.00371388,0.00400145,0.00432038,0.00463212,0.00495846,0.005321,0.00565338,0.00601599,0.00642138,0.00685687,0.00735018,0.00784428,0.00838442,0.00897481,0.00959291,0.01031171,0.01091682,0.01162708,0.0123415,0.01313978,0.0140573,0.01493479,0.01595762,0.01710872,0.01840388,0.02001218,0.02146802,0.02322681,0.02505102,0.02708078,0.02932781,0.030982,0.03286357,0.03501141,0.03737134,0.04027919,0.04295702,0.04640832,0.04986357,0.0537476,0.05802242,0.06261213,0.06755955,0.07358704,0.07967124,0.08729664,0.09574745,0.10692622,0.11822053,0.13090196,0.14384574,0.15842738,0.17322178,0.18935839,0.20638304,0.22588837,0.24350835,0.26546611,0.28726052,0.31038384,0.33485872,0.3595852,0.38443005,0.40922398,0.43903122
SWZ,2064,0.020316,0.00229132,0.00158161,0.00113233,0.00084659,0.00064838,0.00054219,0.00047509,0.00042514,0.00039393,0.00038266,0.00039005,0.0004103,0.00044848,0.00050903,0.00059441,0.00068883,0.00080784,0.00093406,0.0010415,0.00115281,0.00125779,0.00137152,0.00148204,0.00159157,0.00171249,0.00183777,0.00198376,0.00213015,0.00229159,0.00247434,0.0026503,0.0028688,0.00309848,0.00336239,0.00364838,0.00393199,0.00424682,0.00455494,0.00487784,0.00523658,0.00556563,0.00592657,0.00633013,0.00676425,0.00725673,0.00774796,0.00828491,0.00887151,0.00948528,0.01019906,0.01079976,0.01150469,0.01221551,0.01300774,0.0139208,0.01479677,0.01581765,0.01696629,0.01825546,0.01985613,0.02130721,0.02305824,0.02487624,0.02690045,0.02914236,0.03081397,0.03269204,0.03482328,0.03718285,0.04008281,0.04276094,0.04620917,0.0496723,0.05355744,0.05783208,0.06243075,0.06738967,0.07342371,0.07952085,0.08716108,0.09562712,0.10679502,0.11808769,0.13075786,0.14370627,0.15829173,0.17310152,0.18925674,0.20630822,0.22583829,0.24351695,0.26546762,0.28727091,0.31038921,0.3348349,0.35955695,0.38440056,0.40920333,0.43897099
SWZ,2065,0.02006448,0.00223568,0.00154705,0.00111012,0.00083153,0.00063785,0.00053363,0.00046757,0.00041841,0.00038767,0.00037651,0.00038371,0.00040363,0.00044121,0.00050078,0.00058474,0.00067771,0.0007947,0.00091871,0.00102426,0.00113336,0.0012362,0.00134718,0.00145488,0.00156158,0.0016793,0.00180152,0.00194402,0.00208707,0.00224495,0.00242391,0.00259674,0.00281116,0.00303691,0.00329634,0.00357774,0.00385744,0.00416785,0.00447226,0.00479159,0.00514658,0.00547297,0.0058306,0.00623243,0.006665,0.0071559,0.007647,0.00818102,0.0087644,0.0093748,0.01008368,0.01068166,0.01138165,0.01208858,0.01287756,0.01378442,0.01465726,0.01567605,0.01682253,0.01810907,0.01970129,0.02114806,0.0228927,0.02470519,0.0267241,0.02896176,0.0306395,0.0325362,0.03466528,0.03701028,0.03990803,0.04258653,0.04603106,0.0494982,0.05339396,0.05767423,0.0622795,0.06725525,0.07330166,0.0794203,0.08707204,0.09556045,0.10673191,0.11803464,0.13071011,0.14367016,0.15826868,0.17311079,0.18930044,0.2063969,0.22596501,0.24372843,0.26572777,0.28756864,0.31072414,0.33519135,0.35995212,0.38484691,0.40970788,0.43949043
SWZ,2066,0.01980942,0.00218161,0.00151344,0.00108843,0.0008168,0.00062752,0.00052522,0.00046017,0.00041177,0.0003815,0.00037045,0.00037747,0.00039705,0.00043404,0.00049266,0.00057521,0.00066677,0.00078176,0.00090356,0.00100729,0.00111418,0.00121483,0.00132317,0.00142807,0.0015319,0.00164649,0.00176558,0.00190459,0.00204432,0.00219858,0.00237363,0.00254322,0.00275354,0.00297514,0.00322996,0.00350643,0.00378194,0.00408782,0.00438799,0.00470336,0.00505408,0.00537743,0.00573185,0.00612953,0.00655986,0.00704807,0.00753728,0.00807017,0.00864942,0.00925578,0.00995933,0.01055333,0.01124863,0.01195044,0.012734,0.01363546,0.01450117,0.01551389,0.01665554,0.01793697,0.01952106,0.02095949,0.02269472,0.02449931,0.02650926,0.02873792,0.03041799,0.03231729,0.03446108,0.03680025,0.03967474,0.0423524,0.0457855,0.04924726,0.05314012,0.0574248,0.06203056,0.06700735,0.07305618,0.07918517,0.08683763,0.09532221,0.10647734,0.11777388,0.13043289,0.14338509,0.15796398,0.17280473,0.18900063,0.20610886,0.22567967,0.24348258,0.26549929,0.28736755,0.31052147,0.33498138,0.35975363,0.38466357,0.40955372,0.4393127
SWZ,2067,0.01949866,0.00212821,0.00148038,0.00106704,0.00080214,0.00061722,0.00051674,0.0004527,0.00040513,0.00037539,0.00036455,0.00037148,0.00039081,0.00042731,0.00048511,0.00056643,0.00065673,0.00076994,0.00088978,0.00099192,0.00109694,0.00119563,0.0013016,0.00140415,0.00150553,0.00161742,0.00173385,0.00186981,0.00200672,0.00215794,0.00232964,0.00249635,0.00270307,0.00292109,0.00317173,0.00344386,0.00371546,0.00401725,0.00431382,0.00462548,0.00497243,0.005293,0.00564467,0.00603924,0.00646577,0.00695166,0.00743887,0.00796988,0.00854802,0.00915057,0.00984939,0.01044015,0.0111306,0.01182871,0.0126068,0.01350203,0.01436297,0.01536706,0.01650153,0.01777702,0.0193527,0.02078584,0.02250996,0.02430632,0.02630777,0.02852684,0.03020746,0.0321079,0.03425288,0.03660609,0.03946962,0.04212865,0.04555277,0.04900574,0.0528907,0.05717114,0.06178193,0.06675986,0.0728016,0.0789389,0.08658855,0.09506897,0.10619144,0.11747525,0.13011459,0.1430515,0.15760707,0.17243126,0.18861711,0.20572767,0.22528623,0.24311781,0.26512837,0.28701785,0.31018292,0.33462016,0.35940374,0.38433145,0.40924556,0.43897836
SWZ,2068,0.01920528,0.00208015,0.00145079,0.00104789,0.00078891,0.00060782,0.00050888,0.00044568,0.00039884,0.00036959,0.00035894,0.00036578,0.0003849,0.00042091,0.00047787,0.00055794,0.00064697,0.00075837,0.00087623,0.00097676,0.0010799,0.0011767,0.00128025,0.00138037,0.00147933,0.00158843,0.00170207,0.00183493,0.00196887,0.002117,0.00228531,0.00244905,0.002652,0.00286631,0.00311272,0.00338025,0.00364782,0.00394521,0.004238,0.004546,0.0048888,0.00520643,0.00555509,0.00594645,0.00636967,0.00685095,0.0073359,0.00786436,0.00844008,0.00904144,0.00973525,0.0103229,0.01100895,0.01170282,0.01247663,0.01336526,0.01422018,0.01521778,0.01634194,0.01760855,0.01917428,0.02060133,0.02231701,0.0241028,0.02609491,0.02830445,0.02998505,0.03188535,0.03403057,0.03638481,0.0392582,0.04191189,0.0453102,0.04875819,0.0526333,0.05690615,0.06151513,0.066501,0.07253809,0.07867677,0.08632452,0.09480089,0.1058934,0.11715231,0.12977027,0.14269535,0.15722753,0.17203855,0.18820636,0.20531202,0.22485984,0.24271754,0.26472127,0.28662243,0.30980844,0.33425467,0.35905711,0.38401938,0.40897764,0.43870009
SWZ,2069,0.01896009,0.00203813,0.00142461,0.00103087,0.0007772,0.00059952,0.00050202,0.00043963,0.00039344,0.00036461,0.00035412,0.00036087,0.0003798,0.00041543,0.00047171,0.00055077,0.00063878,0.00074874,0.00086498,0.00096418,0.0010657,0.00116084,0.0012624,0.00136044,0.00145735,0.00156427,0.00167562,0.00180593,0.0019375,0.00208303,0.00224858,0.00240988,0.00260964,0.00282078,0.00306363,0.00332736,0.0035914,0.00388508,0.00417451,0.0044794,0.00481888,0.00513381,0.00547991,0.00586851,0.00628906,0.00676712,0.00724831,0.00777485,0.00834835,0.00894799,0.00964047,0.01022539,0.0109079,0.01159868,0.01236841,0.01325262,0.01410207,0.01509303,0.01621038,0.01746622,0.0190207,0.02044171,0.02214988,0.02392965,0.02591186,0.02811302,0.02979471,0.03169505,0.03384008,0.03619523,0.03906642,0.04173676,0.04512396,0.04855083,0.0524211,0.05668559,0.06129055,0.06627856,0.07231988,0.07846412,0.0861054,0.09458183,0.10564978,0.11689162,0.1294811,0.14239747,0.15691457,0.1717162,0.18787283,0.20496806,0.22450097,0.24238561,0.2643811,0.28629123,0.30948503,0.33394408,0.35877569,0.38375587,0.40874527,0.43844418
SWZ,2070,0.01871999,0.00199724,0.00139939,0.00101451,0.00076592,0.00059154,0.00049536,0.00043369,0.00038812,0.00035969,0.00034935,0.00035602,0.00037475,0.00040996,0.00046556,0.00054355,0.00063047,0.0007389,0.00085347,0.00095129,0.00105118,0.00114462,0.00124408,0.00134002,0.00143471,0.00153923,0.00164822,0.00177575,0.00190471,0.0020475,0.00221001,0.00236873,0.00256514,0.00277286,0.00301182,0.00327151,0.00353186,0.00382145,0.00410728,0.00440862,0.00474443,0.00505657,0.00539957,0.00578501,0.0062024,0.00667688,0.00715464,0.0076766,0.00824741,0.00884442,0.00953382,0.01011878,0.01079726,0.01148481,0.01225063,0.01312944,0.01397436,0.0149579,0.01606664,0.01731359,0.01885263,0.02026378,0.02196221,0.02373434,0.02570878,0.02789809,0.02957973,0.03147982,0.03362324,0.03597709,0.0388438,0.04151641,0.04491289,0.04833102,0.05217746,0.05643594,0.06103292,0.06601755,0.07205328,0.0782077,0.08584192,0.09430723,0.1053466,0.11656669,0.12912549,0.14201475,0.15650921,0.17129937,0.18743878,0.20452069,0.22402306,0.24192032,0.26390071,0.28580991,0.30900291,0.33346079,0.35832569,0.3833447,0.40836608,0.43805036
SWZ,2071,0.01844765,0.00195066,0.00137048,0.0009957,0.00075294,0.00058233,0.00048776,0.00042696,0.00038211,0.00035415,0.00034399,0.00035057,0.00036909,0.00040386,0.00045871,0.00053559,0.00062136,0.00072815,0.00084092,0.00093726,0.00103537,0.001127,0.00122421,0.00131789,0.00141036,0.00151236,0.00161888,0.0017437,0.00187,0.00200994,0.00216941,0.00232544,0.00251846,0.00272275,0.00295775,0.00321322,0.00346988,0.00375548,0.00403765,0.00433554,0.00466763,0.00497715,0.00531748,0.00569976,0.00611424,0.00658537,0.00706014,0.00757868,0.00814487,0.00873968,0.00942604,0.01001031,0.01068849,0.01137335,0.01213623,0.01301114,0.01385179,0.01483029,0.01593117,0.01716911,0.01869688,0.02009578,0.02178244,0.02354688,0.02551417,0.02769634,0.02937686,0.03127748,0.03342118,0.03577479,0.03863757,0.04131336,0.04470731,0.04814105,0.05197966,0.05621659,0.06081244,0.06579451,0.07182434,0.07798535,0.08562379,0.09408568,0.10509323,0.11629778,0.12883152,0.14170269,0.15616688,0.17095026,0.18708264,0.20415741,0.22363784,0.24154565,0.26350824,0.28542205,0.30861546,0.33307387,0.35796845,0.38303697,0.40811309,0.43778526
SWZ,2072,0.01820278,0.00190944,0.0013448,0.00097898,0.00074137,0.00057409,0.00048089,0.00042086,0.00037664,0.0003491,0.00033909,0.00034557,0.00036387,0.00039822,0.00045234,0.00052814,0.00061282,0.00071803,0.00082906,0.00092399,0.00102043,0.00111033,0.00120543,0.00129692,0.00138718,0.00148678,0.00159081,0.00171286,0.00183662,0.00197371,0.00213009,0.00228346,0.00247303,0.00267392,0.00290499,0.00315621,0.00340902,0.00369054,0.00396903,0.00426319,0.00459138,0.00489784,0.00523518,0.0056142,0.00602512,0.0064924,0.00696362,0.00747836,0.00804024,0.00862987,0.00931248,0.00989499,0.010571,0.01125583,0.01201493,0.01288534,0.01372167,0.01469373,0.01578732,0.01701485,0.01852863,0.01991696,0.02158679,0.02333861,0.02529574,0.02746829,0.02914951,0.03104651,0.03318783,0.03553919,0.03839453,0.04106918,0.04445621,0.04788787,0.05173762,0.05596297,0.06053446,0.06551303,0.07152851,0.07768551,0.08531295,0.09377034,0.10473983,0.11591073,0.12841018,0.14125267,0.15567844,0.17042822,0.18653879,0.20359706,0.22304162,0.24094835,0.26286855,0.28476346,0.30794263,0.33238481,0.35728963,0.38238226,0.40750299,0.43716508
SWZ,2073,0.01793408,0.00186401,0.00131621,0.00096018,0.00072834,0.00056481,0.00047325,0.00041414,0.00037066,0.00034358,0.00033373,0.00034014,0.00035821,0.00039211,0.0004455,0.00052021,0.00060378,0.00070745,0.00081673,0.00091018,0.00100491,0.00109306,0.00118603,0.0012754,0.00136351,0.00146078,0.00156251,0.00168189,0.00180317,0.00193767,0.00209109,0.00224185,0.00242814,0.00262567,0.002853,0.00310018,0.00334925,0.00362677,0.00390176,0.0041925,0.00451692,0.00482058,0.00515501,0.00553106,0.00593902,0.00640259,0.00687061,0.00738185,0.00793998,0.00852575,0.00920263,0.00978381,0.01045768,0.01114174,0.01190124,0.01276792,0.01360097,0.01456827,0.01565508,0.01687502,0.01837608,0.01975362,0.02141121,0.02314817,0.0250934,0.02725696,0.02893979,0.03083838,0.03297685,0.03532744,0.03817824,0.04085336,0.04423489,0.04766622,0.05151586,0.05575654,0.06032219,0.06528268,0.0712939,0.07745022,0.08506988,0.09352301,0.10447283,0.11562436,0.12809314,0.14092126,0.15532363,0.17005932,0.18615019,0.20320854,0.22264244,0.24056862,0.26247395,0.28436556,0.30754882,0.33200375,0.35694668,0.38209298,0.40728265,0.43697992
SWZ,2074,0.01766984,0.00181966,0.00128809,0.00094165,0.00071546,0.00055563,0.00046571,0.00040751,0.00036476,0.00033813,0.00032845,0.00033474,0.0003526,0.00038607,0.00043873,0.00051237,0.00059483,0.00069695,0.00080451,0.0008965,0.00098948,0.00107588,0.00116674,0.00125399,0.00134,0.00143495,0.00153437,0.00165119,0.00176995,0.0019018,0.00205238,0.00220052,0.00238349,0.00257773,0.00280123,0.00304443,0.00328983,0.00356333,0.00383472,0.00412207,0.00444284,0.0047436,0.00507518,0.00544808,0.00585309,0.00631325,0.00677781,0.00728555,0.00783984,0.00842189,0.00909398,0.00967122,0.010343,0.01102583,0.01178442,0.01265108,0.01348089,0.01444382,0.01552473,0.01673667,0.01822695,0.01959355,0.02123756,0.02296298,0.02489242,0.02704336,0.02872642,0.03062593,0.03276499,0.03511221,0.03795762,0.0406333,0.04400833,0.04743744,0.05128531,0.05552577,0.06010875,0.0650651,0.07105111,0.07721016,0.08481776,0.09326072,0.10418047,0.11531851,0.12775782,0.14055946,0.15493687,0.16965532,0.18572679,0.20276549,0.22218225,0.24012694,0.26201166,0.28389651,0.30706748,0.33152009,0.35649191,0.38167886,0.40692482,0.43664037
SWZ,2075,0.01742354,0.00177809,0.00126201,0.00092455,0.00070359,0.00054716,0.00045869,0.00040129,0.00035918,0.00033297,0.00032344,0.00032964,0.00034727,0.00038031,0.00043223,0.00050478,0.00058613,0.00068667,0.0007925,0.00088307,0.00097434,0.00105897,0.00114771,0.00123281,0.00131663,0.00140918,0.00150615,0.00162021,0.00173639,0.0018654,0.00201292,0.00215845,0.00233796,0.0025287,0.00274829,0.00298724,0.00322887,0.00349823,0.00376582,0.00404946,0.00436637,0.00466414,0.0049925,0.00536203,0.00576357,0.00621995,0.00668102,0.00718461,0.00773466,0.00831253,0.00897952,0.00955349,0.01022006,0.01090129,0.01165804,0.01252274,0.01335275,0.01431076,0.0153856,0.01658983,0.01806811,0.01942517,0.02105468,0.02276634,0.02468258,0.02681589,0.02849491,0.03039342,0.03253179,0.03487854,0.03771511,0.04039003,0.04375791,0.04718319,0.05102672,0.05526459,0.05984829,0.06482386,0.07079827,0.07693768,0.08453565,0.09296277,0.1038439,0.11495545,0.12736907,0.14014358,0.15448106,0.16917921,0.18522668,0.20224523,0.22162374,0.23958039,0.26144344,0.28331671,0.30647306,0.33090912,0.35589911,0.38112508,0.4064239,0.43615642
SWZ,2076,0.01716066,0.00173381,0.00123383,0.00090588,0.00069056,0.00053783,0.00045105,0.00039463,0.00035324,0.00032748,0.00031811,0.00032421,0.00034162,0.0003742,0.00042542,0.00049691,0.00057716,0.00067618,0.00078031,0.00086944,0.00095902,0.00104189,0.00112855,0.00121159,0.00129338,0.0013837,0.00147844,0.00158995,0.00170373,0.00183017,0.00197479,0.00211777,0.0022941,0.00248149,0.00269727,0.00293223,0.00317011,0.00343555,0.00369953,0.00397955,0.00429264,0.00458753,0.00491291,0.00527907,0.00567734,0.00612989,0.00658759,0.00708746,0.00763308,0.00820679,0.00886869,0.0094395,0.01010191,0.01077873,0.01153371,0.01239601,0.01322486,0.01418211,0.01525098,0.01644803,0.01791556,0.01926262,0.0208799,0.02257772,0.02447939,0.02659884,0.02826947,0.03016305,0.03229924,0.03464474,0.03747608,0.04014732,0.04350714,0.04692857,0.05076664,0.0549999,0.05958258,0.06456086,0.07054871,0.07668381,0.08425031,0.0926667,0.10350621,0.11458648,0.12696484,0.13972055,0.15402178,0.16868827,0.18471277,0.20171047,0.22105405,0.23900603,0.26084469,0.28270997,0.3058509,0.33027123,0.35526801,0.38052307,0.40587229,0.43561703
SWZ,2077,0.016937,0.00169504,0.00120946,0.00088992,0.00067949,0.00052995,0.00044454,0.00038886,0.00034809,0.00032271,0.00031347,0.00031947,0.00033668,0.00036886,0.0004194,0.0004899,0.00056913,0.00066669,0.00076921,0.000857,0.000945,0.00102625,0.00111088,0.00119188,0.00127163,0.00135972,0.0014522,0.00156116,0.00167246,0.00179628,0.00193807,0.00207845,0.00225157,0.00243582,0.00264782,0.0028788,0.00311312,0.00337462,0.00363517,0.00391178,0.00422112,0.00451316,0.00483574,0.00519882,0.00559387,0.00604288,0.00649721,0.00699365,0.00753549,0.00810513,0.00876232,0.00933032,0.00998924,0.01066321,0.01141402,0.01227454,0.01310239,0.0140581,0.01512612,0.01631698,0.01777532,0.01911469,0.02072072,0.02240853,0.02429728,0.02640335,0.0280711,0.02995762,0.03209023,0.03443576,0.03726433,0.03993893,0.04329196,0.04671294,0.05055056,0.05478356,0.05936911,0.06435474,0.07034651,0.07651098,0.08407123,0.09246443,0.1032802,0.11433852,0.12669066,0.13943217,0.15372267,0.16837908,0.18438802,0.20138717,0.22071947,0.23869298,0.26051742,0.28239958,0.30555836,0.32999441,0.35503175,0.38033913,0.40576395,0.43555974
SWZ,2078,0.01669536,0.00165288,0.00118267,0.00087222,0.00066721,0.00052118,0.00043735,0.00038257,0.00034248,0.00031754,0.00030844,0.00031434,0.00033133,0.00036311,0.00041296,0.00048246,0.00056066,0.00065676,0.00075764,0.00084402,0.00093034,0.0010099,0.00109251,0.00117146,0.00124918,0.00133511,0.00142542,0.00153191,0.00164087,0.0017621,0.00190107,0.00203897,0.00220881,0.00238979,0.00259818,0.00282512,0.00305574,0.00331334,0.00357027,0.00384348,0.00414914,0.00443822,0.00475781,0.00511779,0.00550969,0.00595492,0.00640588,0.00689851,0.00743642,0.00800212,0.00865408,0.00921901,0.00987404,0.01054506,0.01129251,0.01214784,0.0129744,0.01392766,0.01499283,0.01618156,0.01763026,0.01896186,0.02055701,0.02223342,0.02411049,0.02620165,0.02786374,0.02974557,0.03186885,0.03420905,0.03703171,0.03970742,0.04305537,0.04647093,0.0503046,0.05453458,0.05911872,0.06410621,0.0700957,0.07626745,0.0838419,0.09222173,0.10298005,0.11401159,0.12632156,0.13903014,0.15328359,0.16792287,0.18390186,0.20086906,0.22016645,0.23813823,0.2599223,0.28177319,0.3049131,0.32933051,0.35436835,0.37968851,0.40513856,0.43492957
SWZ,2079,0.01648268,0.00161576,0.00115919,0.00085677,0.00065647,0.00051353,0.00043105,0.00037701,0.00033751,0.00031293,0.00030396,0.00030976,0.00032654,0.00035793,0.00040715,0.0004757,0.00055293,0.00064768,0.00074703,0.00083212,0.00091692,0.00099489,0.00107562,0.00115267,0.00122843,0.00131221,0.0014004,0.00150448,0.00161112,0.00172987,0.00186607,0.0020015,0.00216827,0.00234603,0.00255081,0.00277401,0.00300102,0.00325473,0.00350822,0.00377794,0.00407999,0.0043662,0.00468273,0.00503944,0.00542816,0.00586971,0.00631706,0.00680591,0.00733956,0.00790124,0.00854822,0.00910964,0.00976066,0.01042847,0.01117259,0.01202371,0.01284559,0.01379626,0.01485779,0.01604245,0.01748607,0.01880973,0.02039442,0.02206051,0.02392536,0.02600412,0.02766015,0.02953549,0.03165306,0.03398333,0.0367959,0.03947092,0.04281309,0.04622716,0.05005422,0.05428064,0.05886404,0.06385281,0.06983884,0.07601676,0.08358891,0.09198477,0.10270647,0.11368967,0.1259678,0.13864364,0.15285945,0.16747552,0.18344104,0.200389,0.21964888,0.23763006,0.25938721,0.28122546,0.30434601,0.32876171,0.35382272,0.3791755,0.40467256,0.43447559
SWZ,2080,0.0162294,0.0015732,0.00113167,0.0008384,0.00064363,0.00050432,0.00042355,0.00037048,0.0003317,0.00030755,0.00029873,0.00030443,0.00032098,0.00035193,0.00040046,0.00046801,0.00054418,0.00063743,0.00073514,0.0008188,0.0009019,0.00097814,0.00105684,0.00113192,0.00120574,0.00128739,0.00137344,0.00147514,0.00157949,0.00169575,0.00182918,0.00196208,0.00212566,0.00230022,0.00250122,0.00272049,0.00294398,0.00319369,0.00344359,0.00370989,0.00400818,0.00429161,0.00460522,0.00495866,0.00534414,0.00578214,0.00622615,0.00671116,0.00724075,0.00779825,0.00844036,0.00899873,0.00964553,0.01031025,0.01105111,0.01189846,0.01271714,0.01366206,0.01472024,0.01590042,0.01733731,0.01865842,0.02023299,0.0218897,0.02374403,0.02581044,0.02746322,0.02933221,0.0314428,0.03376742,0.036566,0.03923661,0.0425721,0.04598456,0.04980986,0.05403062,0.05861337,0.06360478,0.06958792,0.07577148,0.08334177,0.09173704,0.10245484,0.11341157,0.12563559,0.13828932,0.15246733,0.16705807,0.18300229,0.1999453,0.21917762,0.23715907,0.25889694,0.28072779,0.30383887,0.32824205,0.35332821,0.37872054,0.40426746,0.43408697
SWZ,2081,0.01598577,0.00153128,0.00110461,0.00082035,0.00063102,0.0004953,0.00041622,0.00036412,0.00032604,0.00030232,0.00029364,0.00029923,0.00031557,0.00034611,0.00039396,0.00046054,0.00053573,0.00062758,0.00072371,0.00080601,0.00088749,0.00096206,0.00103882,0.00111196,0.00118393,0.00126358,0.00134759,0.00144697,0.00154914,0.00166304,0.00179382,0.00192432,0.00208482,0.00225625,0.00245373,0.00266914,0.00288911,0.00313518,0.00338157,0.00364446,0.00393924,0.00421983,0.00453069,0.0048811,0.00526342,0.00569785,0.00613869,0.00662016,0.00714564,0.00769918,0.00833632,0.00889172,0.00953481,0.0101962,0.01093391,0.01177755,0.01259335,0.01353402,0.01458549,0.01576149,0.0171913,0.01850819,0.0200784,0.02172604,0.02357079,0.02562646,0.0272756,0.0291409,0.03124448,0.03356198,0.03635101,0.03901295,0.04233807,0.04574793,0.04957145,0.05379168,0.05837167,0.06336594,0.06934781,0.07553754,0.08310564,0.0915006,0.10219701,0.11316056,0.12535283,0.13795924,0.15211005,0.16667409,0.18259395,0.19952329,0.21874239,0.23673428,0.25844378,0.28027487,0.30338205,0.32778259,0.35288598,0.37832462,0.40393422,0.43378102
SWZ,2082,0.01573538,0.00149077,0.00107852,0.00080305,0.00061904,0.00048679,0.00040939,0.00035825,0.00032088,0.00029759,0.00028907,0.00029461,0.00031079,0.00034103,0.00038837,0.00045421,0.00052861,0.00061937,0.00071425,0.00079546,0.00087568,0.00094885,0.00102399,0.00109558,0.00116603,0.00124409,0.00132644,0.00142386,0.00152413,0.00163598,0.00176447,0.00189272,0.00205038,0.0022188,0.00241285,0.00262462,0.00284093,0.00308309,0.00332595,0.00358506,0.00387579,0.00415312,0.00446043,0.00480713,0.00518552,0.00561532,0.00605183,0.00652867,0.00704896,0.00759689,0.00822744,0.00877814,0.00941586,0.01007249,0.01080459,0.01164207,0.01245284,0.01338709,0.01443054,0.0155955,0.01701448,0.01832342,0.01988356,0.02152395,0.02335466,0.02539516,0.02703854,0.02889573,0.03099049,0.03329583,0.03606761,0.03872036,0.04202426,0.04542108,0.04923432,0.05344566,0.05802034,0.0630068,0.06897706,0.07516412,0.08271709,0.09109777,0.10175441,0.11268783,0.12486311,0.13742513,0.15150087,0.16602906,0.18190053,0.19879024,0.21796158,0.23595912,0.25762666,0.27942673,0.30251659,0.3268991,0.35202227,0.37749485,0.40317263,0.43305787
SWZ,2083,0.01555752,0.00145944,0.00105897,0.00079038,0.00061039,0.00048077,0.00040448,0.00035396,0.00031708,0.00029411,0.00028571,0.00029119,0.00030726,0.00033728,0.00038422,0.00044945,0.00052321,0.00061302,0.00070685,0.00078718,0.00086629,0.00093826,0.00101192,0.00108201,0.00115099,0.00122743,0.00130809,0.00140359,0.00150194,0.00161172,0.00173795,0.00186402,0.00201892,0.00218446,0.00237516,0.00258334,0.00279623,0.0030345,0.00327379,0.00352945,0.00381618,0.00409021,0.00439417,0.00473703,0.00511159,0.00553689,0.00596907,0.00644117,0.00695637,0.00749901,0.00812291,0.00866919,0.00930138,0.00995335,0.01068032,0.01151122,0.01231695,0.01324471,0.01428048,0.0154361,0.01684044,0.01814188,0.01969146,0.02132263,0.02314525,0.02517029,0.0268084,0.02865856,0.03074367,0.03303934,0.03579354,0.03843539,0.04172218,0.04510096,0.04889898,0.05309901,0.05766655,0.06264844,0.06860165,0.0747827,0.08231727,0.09067834,0.1012865,0.11218092,0.12430849,0.1368515,0.15086285,0.16531108,0.18112849,0.19795612,0.21705203,0.23502179,0.25663299,0.27838211,0.30141128,0.32574719,0.35085623,0.37633135,0.40202634,0.43190717
SWZ,2084,0.01534858,0.00142451,0.00103649,0.0007755,0.00060008,0.00047348,0.00039863,0.00034894,0.00031266,0.00029005,0.0002818,0.00028721,0.00030314,0.0003329,0.00037941,0.00044402,0.00051714,0.00060598,0.00069872,0.00077811,0.00085605,0.00092672,0.00099895,0.00106761,0.0011352,0.00121021,0.00128933,0.00138312,0.0014798,0.00158771,0.00171181,0.00183585,0.00198819,0.00215102,0.00233859,0.00254336,0.00275294,0.00298767,0.0032235,0.00347576,0.00375899,0.0040299,0.00433062,0.00467006,0.00504092,0.00546217,0.00589046,0.00635812,0.00686842,0.00740615,0.00802404,0.00856594,0.00919306,0.00984041,0.01056267,0.01138803,0.01218874,0.01311052,0.01413903,0.01528611,0.01667823,0.01796836,0.0195083,0.02113038,0.02294385,0.02496111,0.02659431,0.02843853,0.03051582,0.03280163,0.03554173,0.03817232,0.04144077,0.04480617,0.04858448,0.05276925,0.05732846,0.06230555,0.0682481,0.07442067,0.08193845,0.09028312,0.10084823,0.11170725,0.12379259,0.13630003,0.15029207,0.16469107,0.18042877,0.19721339,0.21623993,0.23418387,0.25574131,0.27746662,0.30046076,0.32475568,0.34986946,0.37536204,0.40109183,0.43097419
SWZ,2085,0.01514314,0.00138877,0.00101362,0.00076043,0.00058971,0.00046615,0.00039276,0.00034389,0.00030821,0.00028598,0.00027787,0.00028323,0.00029903,0.00032853,0.00037461,0.0004386,0.00051107,0.00059897,0.0006906,0.00076901,0.0008458,0.00091517,0.00098588,0.00105311,0.0011193,0.00119281,0.00127039,0.00136239,0.00145737,0.00156341,0.00168535,0.00180728,0.00195699,0.00211707,0.00230147,0.0025028,0.00270898,0.00294004,0.00317249,0.00342122,0.00370074,0.00396876,0.00426618,0.00460206,0.00496936,0.00538635,0.00581083,0.00627417,0.00677951,0.00731215,0.00792405,0.00846182,0.00908368,0.00972654,0.01044381,0.01126364,0.01205987,0.0129753,0.0139966,0.0151351,0.01651529,0.0177959,0.01932169,0.02093484,0.02273837,0.02474552,0.02638078,0.02821945,0.03029,0.03256784,0.03529368,0.03791667,0.04116712,0.04451803,0.04828196,0.05244714,0.05699433,0.06196625,0.06789858,0.07406962,0.08156826,0.08989685,0.10041883,0.11124141,0.1232813,0.13575073,0.14969726,0.164086,0.179767,0.19647033,0.21543402,0.2333432,0.25483174,0.2765115,0.29947101,0.32371946,0.34881312,0.37431688,0.40007274,0.42994756
SWZ,2086,0.01494727,0.00135923,0.00099473,0.00074787,0.00058091,0.00045985,0.00038754,0.00033931,0.00030415,0.00028225,0.00027426,0.00027956,0.00029521,0.00032441,0.00036999,0.00043325,0.00050496,0.00059182,0.0006823,0.00075976,0.00083545,0.00090366,0.00097292,0.00103866,0.00110338,0.00117523,0.00125101,0.00134099,0.00143397,0.00153792,0.00165753,0.00177716,0.00192403,0.00208122,0.0022623,0.00246004,0.00266271,0.00288984,0.00311857,0.00336355,0.0036388,0.00390327,0.0041971,0.00452873,0.00489161,0.00530373,0.00572345,0.00618174,0.00668141,0.00720802,0.00781276,0.00834553,0.00896136,0.00959847,0.01030972,0.01112237,0.01191285,0.01282092,0.01383283,0.01496076,0.01632653,0.01759561,0.01910646,0.02070326,0.02249419,0.02448754,0.0261198,0.02795663,0.03001701,0.03228363,0.03499207,0.03760187,0.0408317,0.0441619,0.04790306,0.05204649,0.05656892,0.06152256,0.06743401,0.0735932,0.08106797,0.08936605,0.09983303,0.11060849,0.12259084,0.13500854,0.14889699,0.16323814,0.17889551,0.19553546,0.21439292,0.23227527,0.25368907,0.27531975,0.29823994,0.32246632,0.34756706,0.37308997,0.39890165,0.42880349
SWZ,2087,0.01476884,0.00133047,0.0009761,0.0007354,0.00057216,0.0004536,0.00038245,0.00033488,0.00030022,0.00027865,0.00027078,0.00027602,0.00029153,0.00032045,0.00036556,0.00042814,0.00049914,0.00058501,0.00067443,0.00075101,0.00082561,0.00089268,0.00096062,0.00102499,0.00108833,0.00115871,0.0012329,0.00132103,0.00141223,0.00151422,0.00163171,0.0017493,0.00189355,0.00204805,0.0022261,0.00242058,0.00262004,0.00284363,0.00306893,0.00331043,0.00358195,0.00384311,0.00413354,0.00446165,0.00482061,0.00522829,0.00564399,0.0060977,0.00659249,0.00711393,0.00771227,0.00824055,0.00885121,0.00948367,0.01018965,0.01099641,0.01178195,0.01268404,0.01368866,0.01480727,0.01616065,0.01742001,0.01891845,0.02050308,0.02227897,0.02426144,0.02589243,0.02772788,0.02978811,0.03204704,0.03474292,0.03734509,0.04055835,0.04387566,0.04759884,0.05172388,0.05623208,0.06116806,0.06706049,0.07321343,0.08067207,0.08895404,0.09937155,0.11010783,0.12204208,0.13441577,0.14825126,0.16255001,0.17816142,0.19478645,0.21356493,0.23137892,0.25272288,0.27428431,0.2971386,0.32130537,0.34638772,0.37189729,0.39770454,0.4275814
SWZ,2088,0.01456644,0.0012996,0.00095592,0.0007218,0.00056256,0.00044669,0.00037682,0.00033,0.0002959,0.00027468,0.00026694,0.00027211,0.00028746,0.00031608,0.00036068,0.00042252,0.00049274,0.00057755,0.0006658,0.00074144,0.00081493,0.00088077,0.0009473,0.0010103,0.00107222,0.00114103,0.00121361,0.00129985,0.00138918,0.00148918,0.00160441,0.00171988,0.00186151,0.0020132,0.00218805,0.00237916,0.00257531,0.00279523,0.00301703,0.00325488,0.00352244,0.00378032,0.00406711,0.00439137,0.00474653,0.00514959,0.00556095,0.00601007,0.00649959,0.00701579,0.00760767,0.00813122,0.00873632,0.009364,0.01006481,0.01086526,0.01164581,0.01254132,0.01353836,0.01464785,0.01598789,0.01723707,0.01872253,0.02029496,0.02205747,0.0240237,0.02565344,0.02748667,0.02954427,0.03180237,0.03448551,0.03708043,0.04027844,0.0435819,0.04729013,0.0513965,0.05588848,0.06081222,0.06668058,0.07282256,0.08026463,0.08853178,0.09890992,0.10960755,0.12149825,0.13383486,0.14762478,0.16188753,0.1774623,0.19405627,0.21281946,0.23061097,0.2518683,0.27340173,0.29621417,0.32034868,0.34544072,0.37099062,0.39684814,0.42674015
SWZ,2089,0.01437369,0.00126957,0.00093634,0.00070858,0.00055326,0.00044,0.00037138,0.00032529,0.00029174,0.00027085,0.00026324,0.00026834,0.00028354,0.00031186,0.00035598,0.00041713,0.00048662,0.00057042,0.00065759,0.00073229,0.00080474,0.00086945,0.0009346,0.00099624,0.00105684,0.00112417,0.00119514,0.00127961,0.00136716,0.00146523,0.00157834,0.00169173,0.00183084,0.00197994,0.00215173,0.00233956,0.00253255,0.00274898,0.00296743,0.00320183,0.00346557,0.0037202,0.00400367,0.00432411,0.00467544,0.00507437,0.00548153,0.00592606,0.00641067,0.00692156,0.00750733,0.00802642,0.00862606,0.00924889,0.00994473,0.01073937,0.01151481,0.01240407,0.01339334,0.01449396,0.01582162,0.0170602,0.01853284,0.02009297,0.02184249,0.02379448,0.02541739,0.02724835,0.02930226,0.03155679,0.03423411,0.03682127,0.0400042,0.04329473,0.04698646,0.0510765,0.05555094,0.06045912,0.06630754,0.07243132,0.07984952,0.0880982,0.09843389,0.10909694,0.12093717,0.13323236,0.14697376,0.16119592,0.1767268,0.19328297,0.21199446,0.22980608,0.25099842,0.27245417,0.29523266,0.31931952,0.34440812,0.36998111,0.39589452,0.42580586
SWZ,2090,0.01417723,0.00123914,0.00091637,0.00069504,0.00054365,0.00043306,0.00036573,0.00032039,0.00028741,0.00026686,0.00025937,0.0002644,0.00027943,0.00030742,0.00035102,0.00041142,0.00048012,0.00056284,0.0006488,0.00072252,0.00079381,0.00085731,0.00092106,0.00098125,0.00104043,0.00110623,0.00117554,0.00125808,0.0013438,0.00143984,0.00155066,0.00166188,0.00179826,0.00194457,0.00211319,0.0022975,0.00248705,0.00269974,0.00291461,0.00314531,0.00340498,0.00365606,0.00393579,0.00425227,0.00459926,0.00499342,0.00539629,0.00583575,0.00631476,0.00682003,0.00739883,0.00791311,0.00850686,0.00912418,0.00981414,0.01060221,0.01137211,0.01225403,0.01323478,0.01432512,0.01563915,0.01686676,0.01832466,0.01987109,0.02160581,0.02354203,0.02515882,0.02698049,0.02902928,0.03127768,0.03394449,0.03652963,0.03969495,0.04297073,0.04664451,0.0507139,0.05517003,0.06005765,0.06587787,0.07198287,0.07936304,0.08757806,0.09785658,0.10847113,0.12025287,0.1324864,0.14615941,0.16032195,0.17578588,0.1922765,0.2109049,0.22867448,0.24981358,0.27117924,0.29383194,0.31783495,0.34285301,0.3683786,0.39426984,0.42413198
SWZ,2091,0.01402262,0.00121468,0.00090043,0.00068434,0.0005361,0.00042762,0.00036126,0.00031648,0.00028393,0.00026366,0.00025625,0.00026119,0.00027607,0.00030381,0.00034695,0.00040672,0.00047474,0.00055652,0.00064144,0.00071429,0.00078458,0.00084698,0.00090945,0.00096834,0.00102616,0.00109048,0.00115826,0.00123899,0.00132292,0.00141709,0.00152577,0.00163492,0.00176879,0.00191246,0.0020781,0.00225923,0.00244554,0.00265467,0.00286621,0.00309348,0.00334937,0.00359723,0.00387347,0.00418614,0.00452929,0.00491887,0.00531754,0.00575262,0.00622643,0.00672633,0.00729885,0.00780849,0.008397,0.00900944,0.00969395,0.01047571,0.01124065,0.01211608,0.0130887,0.01416967,0.01547059,0.0166882,0.01813332,0.01966675,0.02138819,0.02331024,0.0249223,0.02673804,0.02877746,0.03102145,0.03367889,0.03626099,0.03941911,0.04268259,0.04634222,0.05039596,0.05483633,0.05971025,0.0655064,0.07159403,0.07894794,0.08712916,0.09735494,0.10792923,0.11966424,0.13185694,0.14547234,0.15958945,0.17500524,0.19144998,0.21001842,0.22776739,0.24885392,0.270217,0.2928151,0.31673283,0.34173844,0.36725068,0.39315325,0.42300499
SWZ,2092,0.01381596,0.00118357,0.00087983,0.00067028,0.00052611,0.00042037,0.00035535,0.00031137,0.00027941,0.0002595,0.00025223,0.00025709,0.00027178,0.00029918,0.00034179,0.00040078,0.000468,0.00054867,0.0006324,0.00070422,0.00077333,0.0008345,0.00089555,0.00095306,0.0010095,0.00107226,0.00113842,0.00121731,0.00129939,0.00139153,0.00149802,0.00160499,0.00173616,0.00187707,0.0020395,0.00221726,0.00240026,0.00260562,0.00281357,0.00303722,0.00328913,0.00353358,0.0038062,0.00411486,0.00445388,0.00483891,0.00523307,0.00566336,0.0061321,0.00662638,0.00719219,0.00769718,0.00827995,0.0088875,0.00956663,0.01034198,0.01110163,0.01197056,0.01293521,0.0140063,0.01529396,0.01650074,0.01793269,0.01945358,0.02116086,0.02306862,0.02467598,0.0264864,0.02851889,0.03075296,0.03340147,0.0359801,0.03912858,0.04238844,0.04603454,0.05007429,0.05450203,0.05936331,0.06514125,0.07121409,0.07854228,0.08670006,0.09687044,0.10740274,0.11909381,0.1312508,0.14482431,0.15890014,0.17427679,0.19068831,0.20920937,0.22695079,0.24800041,0.26934585,0.2919618,0.31584671,0.34082529,0.36637499,0.3923191,0.42219513
SWZ,2093,0.01363386,0.00115498,0.00086088,0.00065736,0.00051693,0.00041373,0.00034996,0.00030671,0.00027529,0.00025571,0.00024855,0.00025334,0.00026786,0.00029494,0.00033704,0.00039532,0.0004618,0.00054147,0.00062408,0.00069497,0.00076297,0.00082297,0.00088268,0.00093884,0.00099398,0.00105531,0.00111991,0.00119704,0.00127741,0.00136767,0.001472,0.00157697,0.0017056,0.00184385,0.00200329,0.00217778,0.00235764,0.00255954,0.00276405,0.00298418,0.00323231,0.00347352,0.00374269,0.00404759,0.00438263,0.00476322,0.00515329,0.00557885,0.00604252,0.00653176,0.00709109,0.00759142,0.00816891,0.00877148,0.00944558,0.01021494,0.01096946,0.01183192,0.01278902,0.01385099,0.01512563,0.01632222,0.01774099,0.01924969,0.0209439,0.02283683,0.0244395,0.02624438,0.02827027,0.03049664,0.03313022,0.03570563,0.03884346,0.04209666,0.04573729,0.04976239,0.05417724,0.0590263,0.06478322,0.07084286,0.07814172,0.08626935,0.09638505,0.10686166,0.11849379,0.13060321,0.14412226,0.15815262,0.17346943,0.18982796,0.20827966,0.22598853,0.24696632,0.26825708,0.29081583,0.31467334,0.33959916,0.36508109,0.39102052,0.4208392
SWZ,2094,0.01343788,0.00112565,0.00084127,0.00064388,0.00050729,0.00040671,0.00034427,0.00030181,0.00027095,0.00025172,0.00024468,0.00024938,0.00026373,0.00029047,0.00033204,0.00038959,0.00045528,0.0005339,0.00061539,0.0006853,0.0007522,0.00081101,0.00086937,0.00092421,0.00097802,0.00103794,0.00110103,0.00117639,0.00125504,0.00134345,0.00144568,0.00154857,0.00167473,0.00181034,0.00196676,0.00213804,0.00231469,0.00251311,0.00271429,0.00293087,0.00317513,0.00341306,0.00367877,0.00397987,0.00431096,0.00468699,0.00507278,0.00549378,0.00595212,0.00643598,0.00698913,0.00748462,0.00805647,0.00865416,0.0093228,0.01008618,0.01083558,0.01169128,0.01264027,0.01369284,0.01495448,0.01614007,0.01754541,0.01904096,0.02072165,0.02260019,0.02419666,0.02599512,0.02801325,0.03023113,0.03285086,0.03541505,0.03854091,0.04178467,0.04541503,0.0494324,0.05383214,0.05866734,0.06440266,0.07044506,0.07771577,0.0858099,0.09586634,0.10629205,0.11785615,0.12990859,0.14336882,0.15735086,0.172616,0.1889156,0.20729811,0.22497653,0.24588813,0.26712894,0.28964012,0.31345015,0.33838943,0.36384785,0.38975175,0.419551
SWZ,2095,0.01325513,0.00109768,0.00082255,0.00063105,0.00049815,0.00040006,0.0003389,0.00029721,0.00026688,0.00024797,0.00024103,0.00024566,0.00025984,0.00028628,0.00032736,0.00038421,0.00044919,0.00052685,0.00060728,0.00067629,0.00074213,0.00079984,0.00085692,0.00091048,0.00096305,0.00102161,0.00108331,0.00115704,0.00123404,0.00132068,0.00142096,0.00152193,0.00164569,0.00177889,0.00193248,0.00210071,0.00227439,0.00246949,0.00266757,0.00288097,0.00312161,0.00335645,0.00361898,0.00391663,0.00424413,0.00461614,0.00499802,0.00541479,0.00586857,0.00634743,0.00689475,0.00738637,0.0079532,0.00854645,0.00921065,0.00996862,0.01071394,0.01156408,0.01250601,0.01355012,0.01480031,0.0159767,0.01736998,0.01885443,0.0205232,0.02238978,0.02398293,0.02577658,0.02778955,0.0300016,0.03261128,0.03516995,0.03828137,0.04152023,0.04514423,0.04915625,0.05355626,0.05838424,0.06410689,0.07014244,0.07739428,0.08547053,0.09548164,0.10586825,0.11738821,0.12939282,0.14280552,0.15675614,0.17199083,0.18826575,0.20660126,0.2242744,0.24515316,0.26637712,0.28887354,0.31267375,0.33763229,0.36315959,0.38909827,0.41887818
SWZ,2096,0.01305935,0.00106815,0.00080267,0.00061732,0.0004883,0.00039286,0.00033305,0.00029216,0.00026242,0.00024385,0.00023703,0.00024157,0.00025556,0.00028165,0.00032219,0.00037826,0.00044239,0.00051894,0.00059815,0.00066613,0.00073081,0.00078728,0.00084298,0.00089516,0.00094637,0.00100347,0.00106361,0.00113558,0.00121081,0.00129548,0.00139357,0.00149245,0.00161358,0.00174401,0.00189452,0.00205938,0.00222971,0.00242113,0.00261564,0.00282542,0.00306211,0.00329341,0.00355219,0.00384584,0.00416918,0.00453646,0.00491385,0.0053256,0.00577388,0.00624715,0.00678748,0.00727412,0.0078354,0.00842317,0.00908155,0.00983308,0.01057279,0.01141616,0.01234974,0.01338366,0.01462003,0.01578555,0.01716499,0.01863568,0.02029012,0.02214119,0.02372887,0.02551615,0.02752048,0.02972379,0.03231965,0.03487011,0.03796545,0.04118839,0.04480155,0.04880188,0.05319313,0.05801743,0.06371963,0.06974144,0.07696628,0.08501193,0.09496621,0.10529666,0.11675018,0.12869496,0.14202869,0.15591556,0.1710898,0.18730973,0.20557423,0.22320278,0.24400402,0.26516648,0.28759749,0.31132966,0.33624747,0.36174806,0.38770847,0.41742083
SWZ,2097,0.01286307,0.00103911,0.00078303,0.00060373,0.00047855,0.00038574,0.00032729,0.00028721,0.00025804,0.00023983,0.00023311,0.00023756,0.00025136,0.00027712,0.00031713,0.00037247,0.00043581,0.00051129,0.00058936,0.00065635,0.0007199,0.00077522,0.00082959,0.00088049,0.00093041,0.00098609,0.00104478,0.00111506,0.00118864,0.0012715,0.0013675,0.00146437,0.00158308,0.00171094,0.00185848,0.00202023,0.00218742,0.00237536,0.00256657,0.00277289,0.00300587,0.003234,0.00348928,0.00377914,0.00409865,0.00446162,0.00483488,0.00524211,0.00568527,0.00615326,0.00668743,0.00716932,0.00772526,0.00830855,0.0089617,0.00970726,0.0104423,0.01127931,0.01220552,0.01323035,0.01445392,0.01560908,0.01697593,0.01843452,0.0200757,0.02191321,0.02349588,0.02527797,0.02727588,0.02947099,0.03205472,0.03459795,0.03767956,0.04089097,0.04448828,0.04847973,0.05286388,0.05768401,0.06338003,0.0693919,0.0765963,0.08461996,0.09452617,0.10481531,0.11621375,0.12810725,0.14138449,0.15521303,0.1703341,0.18651373,0.2047288,0.22234555,0.2430936,0.2642256,0.28662917,0.31033452,0.3352524,0.36077177,0.38676828,0.41652026
SWZ,2098,0.01267632,0.00101031,0.00076361,0.00059031,0.00046893,0.00037871,0.00032161,0.00028233,0.00025373,0.00023584,0.00022925,0.00023361,0.00024722,0.00027264,0.00031212,0.00036672,0.00042929,0.00050373,0.00058062,0.00064662,0.00070904,0.00076318,0.00081624,0.00086582,0.00091445,0.00096873,0.00102592,0.0010945,0.00116637,0.00124742,0.00134135,0.00143617,0.00155238,0.00167768,0.00182224,0.00198075,0.00214483,0.00232926,0.00251705,0.00271991,0.00294903,0.0031739,0.00342575,0.00371173,0.00402722,0.00438576,0.00475484,0.00515742,0.00559543,0.00605792,0.00658559,0.00706289,0.00761313,0.00819143,0.00883962,0.00957892,0.01030879,0.01113951,0.01205776,0.01307344,0.01428417,0.01542865,0.01678213,0.01822823,0.01985598,0.02167869,0.02325617,0.02503196,0.02702288,0.0292102,0.03178025,0.03431584,0.03738261,0.04058216,0.04416527,0.04813901,0.05251498,0.05732837,0.0630124,0.06902314,0.07620369,0.08420256,0.0940562,0.10429577,0.11563567,0.1274681,0.14067398,0.1544414,0.16948609,0.1856002,0.20374207,0.22132684,0.24200614,0.26307248,0.28541363,0.30905529,0.3339347,0.35943001,0.38542168,0.41513213
SWZ,2099,0.012495,0.00098233,0.0007447,0.00057724,0.00045959,0.00037191,0.00031614,0.00027766,0.00024961,0.00023204,0.00022555,0.00022984,0.00024327,0.00026837,0.00030737,0.0003613,0.00042316,0.00049666,0.00057251,0.00063756,0.00069893,0.00075198,0.00080378,0.00085216,0.00089958,0.00095257,0.00100838,0.00107536,0.00114569,0.00122502,0.00131708,0.00141005,0.00152394,0.00164686,0.00178874,0.00194432,0.00210547,0.00228677,0.00247148,0.00267114,0.00289682,0.00311868,0.00336746,0.00365013,0.00396207,0.00431662,0.00468203,0.00508058,0.00551407,0.00597185,0.00649373,0.0069669,0.0075125,0.00808641,0.00873021,0.00946485,0.01019049,0.01101575,0.01192754,0.01293499,0.01413469,0.01527007,0.01661183,0.01804686,0.01966339,0.02147424,0.02304776,0.02481939,0.02680482,0.02898653,0.03154659,0.03407586,0.03713083,0.04032128,0.04389416,0.04785702,0.05222122,0.05703292,0.0627099,0.06872175,0.07589787,0.08388109,0.09369651,0.10390239,0.11519802,0.12699074,0.14014283,0.15386375,0.16886198,0.18492355,0.20301039,0.2205862,0.24123203,0.26228325,0.28459958,0.3082244,0.33311733,0.35864221,0.38468164,0.41441775
SWZ,2100,0.01229791,0.00095366,0.00072508,0.00056354,0.00044969,0.00036463,0.00031027,0.00027264,0.00024518,0.00022796,0.00022157,0.00022576,0.000239,0.00026376,0.00030221,0.0003554,0.00041647,0.00048892,0.00056364,0.00062769,0.0006879,0.00073978,0.0007903,0.00083741,0.00088362,0.00093526,0.0009897,0.00105506,0.00112375,0.00120132,0.00129137,0.00138243,0.00149395,0.00161433,0.00175336,0.00190591,0.00206401,0.00224188,0.00242339,0.00261966,0.00284161,0.00306028,0.00330562,0.00358466,0.00389284,0.00424302,0.00460425,0.00499836,0.0054269,0.00587948,0.00639515,0.00686361,0.00740383,0.00797306,0.0086116,0.00934044,0.01006168,0.0108806,0.01178474,0.01278331,0.01397037,0.01509587,0.01642501,0.01784772,0.01945136,0.02124914,0.02281794,0.02458364,0.02656235,0.02873621,0.03128444,0.03380648,0.03684664,0.04002567,0.04358566,0.04753547,0.05188794,0.05668631,0.0623531,0.06836106,0.07552499,0.08350007,0.09327278,0.10344152,0.11469061,0.12643721,0.13953597,0.15320359,0.16814492,0.18415702,0.20217211,0.21972146,0.24032304,0.26135141,0.28364877,0.30724464,0.33213944,0.35768324,0.38375828,0.41350376
