ERI,1950,0.24328516,0.07374409,0.05375096,0.03938841,0.02918487,0.02200054,0.01698246,0.01350234,0.01109613,0.00944856,0.00834118,0.00763185,0.00722305,0.00705199,0.00707176,0.00724756,0.00754889,0.00794658,0.00841477,0.00892554,0.00944528,0.00993261,0.01035038,0.01066835,0.01089389,0.01105446,0.01119016,0.01134101,0.01152755,0.01176049,0.01203492,0.0123408,0.01266833,0.01300763,0.01335678,0.01371671,0.01409145,0.01448648,0.0149019,0.01533515,0.01577837,0.0162216,0.01665607,0.01707547,0.01748771,0.01791269,0.01836986,0.01888653,0.01949161,0.02019787,0.02101288,0.02194482,0.02300473,0.02419399,0.02552442,0.02702206,0.02869911,0.03056613,0.03265647,0.03497579,0.03750938,0.04026351,0.04324698,0.04648541,0.05003519,0.05399415,0.05847434,0.06357765,0.06939323,0.07594613,0.0831969,0.09104009,0.0993599,0.10811084,0.11730158,0.12707763,0.13770526,0.14942422,0.1624763,0.1769767,0.1929111,0.21014659,0.22837532,0.24749448,0.26761833,0.28885015,0.31112952,0.33440315,0.36035765,0.38694786,0.41240318,0.44163832,0.47030385,0.49739096,0.52621409,0.5547627,0.56709569,0.59170459,0.63269897,0.6384701
ERI,1951,0.24109563,0.07290479,0.05323919,0.03905613,0.02896286,0.02184758,0.01687158,0.01341631,0.01102468,0.00938561,0.00828343,0.00757763,0.00717148,0.00700266,0.00702437,0.00720167,0.00750368,0.00790067,0.00836614,0.00887191,0.00938545,0.00986607,0.01027881,0.01059572,0.01082123,0.01098196,0.01111894,0.01127102,0.01145782,0.01169045,0.01196394,0.01226816,0.01259357,0.01293059,0.01327738,0.01363501,0.01400748,0.01439985,0.01481204,0.0152417,0.01568083,0.01611888,0.01654975,0.01696894,0.01737982,0.01780046,0.01825599,0.01876914,0.01936424,0.02006464,0.02087947,0.0218104,0.02286503,0.02405544,0.02538619,0.02687235,0.02854074,0.03040435,0.03247103,0.03476776,0.03729663,0.04004089,0.04301485,0.04624788,0.04978942,0.05373274,0.05819173,0.06327618,0.06906919,0.07559122,0.08281036,0.09062137,0.09889257,0.10757652,0.11670201,0.12641622,0.13697112,0.14863748,0.16163916,0.17609113,0.19194719,0.20911085,0.22734622,0.24637024,0.26622326,0.28707684,0.30925468,0.33266786,0.35718576,0.38441096,0.41193383,0.43804181,0.46703014,0.49491319,0.52110069,0.54886314,0.57646211,0.58889675,0.61324843,0.65227971
ERI,1952,0.23713424,0.07149442,0.05234436,0.03852447,0.02863555,0.0216398,0.01673333,0.01331731,0.01094754,0.00932032,0.0082245,0.00752216,0.00711792,0.00695027,0.0069727,0.00715056,0.00745295,0.00784999,0.00831497,0.008819,0.00932971,0.00980741,0.01021681,0.01053167,0.01075737,0.01091742,0.01105259,0.01120311,0.01138819,0.01161853,0.01188962,0.01219119,0.01251346,0.012847,0.01319024,0.01354455,0.01391427,0.01430471,0.0147155,0.01514408,0.01558263,0.01601984,0.01644864,0.01686746,0.01728113,0.0177025,0.01815533,0.01866877,0.01926215,0.0199545,0.02076525,0.0216964,0.02274962,0.02393346,0.0252626,0.02674536,0.02839843,0.03025009,0.03231043,0.03458157,0.03708746,0.03982659,0.04278937,0.0460104,0.04954208,0.05347082,0.05790682,0.06296256,0.06872936,0.07522232,0.08240563,0.09018234,0.0984204,0.10705438,0.1161121,0.12576222,0.13625616,0.14784912,0.16079559,0.17519171,0.19099432,0.20807956,0.22625283,0.24531467,0.26508286,0.28564956,0.30744502,0.3307928,0.35545568,0.38129616,0.40945974,0.43743872,0.46342486,0.49165223,0.51864243,0.54382685,0.57087867,0.59799244,0.61038448,0.63482275
ERI,1953,0.23286233,0.06977548,0.05124266,0.03786483,0.02826236,0.02142323,0.01660206,0.01322999,0.01088135,0.00926299,0.0081702,0.00746853,0.00706433,0.00689708,0.00692035,0.00709945,0.00740319,0.00780108,0.00826599,0.00876845,0.00927559,0.0097487,0.01015423,0.01046572,0.01069004,0.01085097,0.01098611,0.01113551,0.01131942,0.01154811,0.01181679,0.0121157,0.01243512,0.01276554,0.01310561,0.01345697,0.0138241,0.01421245,0.01462181,0.01504892,0.0154856,0.01592116,0.01634786,0.01676332,0.01717618,0.01760086,0.01805478,0.01856557,0.01915934,0.01984901,0.02064961,0.02157486,0.02262591,0.02380519,0.02512507,0.02660459,0.02825355,0.03008973,0.03213855,0.03440387,0.03688356,0.03959817,0.04255377,0.04576059,0.04927646,0.05319105,0.05760775,0.06263536,0.06836783,0.0748296,0.08197978,0.08971689,0.09791834,0.1065172,0.1155194,0.12509221,0.13551174,0.14703267,0.1598925,0.1742199,0.18995283,0.20697223,0.22505156,0.24403891,0.2638584,0.28431621,0.30576568,0.32868733,0.35328664,0.37926722,0.40605821,0.43462857,0.46243105,0.48759671,0.51485035,0.54083361,0.56522827,0.59185513,0.61862131,0.63151903
ERI,1954,0.22828943,0.06790224,0.05001597,0.03703587,0.02771881,0.021066,0.01635247,0.01304346,0.01073185,0.00913498,0.00805475,0.00736056,0.00696082,0.00679635,0.00682124,0.007001,0.00730443,0.0077009,0.00816311,0.00866148,0.00916295,0.00962887,0.01002728,0.0103336,0.01055393,0.01071306,0.01084808,0.01099594,0.011177,0.01140239,0.01166705,0.01196099,0.01227502,0.01259977,0.01293391,0.01327945,0.01364121,0.01402485,0.01443024,0.01485423,0.01528748,0.01571869,0.01614102,0.01655121,0.01695736,0.01737864,0.0178341,0.01834433,0.01893375,0.01962218,0.02041749,0.02132776,0.02236661,0.02353599,0.0248411,0.02629896,0.02793165,0.02975103,0.03177176,0.03401323,0.03647473,0.03914919,0.04206473,0.04524666,0.0487271,0.05260077,0.05697397,0.06194854,0.06761457,0.07399955,0.08107354,0.08873019,0.09684179,0.10535167,0.1142632,0.12371776,0.13399114,0.14536642,0.15807936,0.17223951,0.18781722,0.20467278,0.22258547,0.24136474,0.26099598,0.28142154,0.30264759,0.3251069,0.34920921,0.37508847,0.40195851,0.42910193,0.45733505,0.48416166,0.50809589,0.53422446,0.5594308,0.58347488,0.61002109,0.63689416
ERI,1955,0.22343954,0.06595604,0.04884876,0.03636171,0.0273291,0.02085315,0.01623746,0.01297364,0.01068056,0.00908877,0.00800809,0.00731213,0.00691113,0.00674696,0.00677361,0.00695623,0.00726267,0.0076612,0.00812382,0.00862035,0.00911815,0.00957891,0.00997131,0.01027308,0.0104917,0.01065051,0.01078696,0.01093715,0.01111893,0.01134351,0.0116067,0.01189857,0.01220993,0.01253204,0.01286376,0.01320701,0.01356671,0.01394853,0.0143522,0.01477451,0.01520637,0.01563507,0.0160536,0.0164605,0.01686277,0.01727922,0.01773433,0.01825006,0.01884286,0.01953048,0.02032803,0.02123617,0.02226327,0.0234244,0.02472533,0.02617768,0.02780056,0.02961746,0.03163705,0.03386732,0.0363232,0.03899831,0.04189292,0.04505442,0.04853068,0.05239198,0.05675012,0.06171085,0.06735831,0.07371637,0.08075807,0.08838972,0.09647855,0.10496077,0.11385052,0.12328583,0.13351428,0.14482024,0.15747024,0.17157244,0.18707703,0.20387949,0.22174299,0.24048974,0.2600576,0.28046361,0.30186601,0.32428484,0.34810214,0.37367418,0.40062602,0.42803554,0.45507642,0.48252179,0.50846112,0.53153228,0.55710668,0.58216491,0.6062822,0.63289521
ERI,1956,0.21792946,0.06388816,0.0475997,0.03563483,0.02692134,0.02062511,0.01611291,0.01289965,0.01062726,0.00904139,0.00796035,0.00726233,0.00685957,0.00669506,0.00672277,0.00690766,0.00721675,0.00761722,0.00808046,0.00857579,0.00907073,0.00952775,0.00991569,0.01021296,0.01042854,0.01058663,0.01072289,0.01087348,0.01105583,0.01127947,0.01154054,0.01182994,0.01213854,0.01245767,0.01278662,0.01312744,0.01348497,0.01386491,0.01426697,0.01468775,0.01511818,0.0155458,0.01596191,0.01636511,0.01676476,0.01717835,0.01762968,0.01814617,0.01874499,0.01943549,0.02023057,0.02113841,0.02216005,0.02330581,0.02459525,0.02604039,0.02765516,0.02946044,0.03147667,0.0337044,0.03614601,0.03881072,0.0416997,0.04483377,0.0482827,0.05213174,0.05646862,0.06140471,0.06702827,0.07335762,0.08036236,0.08795226,0.09600836,0.1044601,0.11331249,0.12271374,0.13290574,0.14414396,0.156699,0.17071127,0.18612936,0.20282839,0.22061188,0.23928814,0.25880754,0.27912434,0.30047694,0.32303323,0.34672499,0.37192275,0.39849107,0.42588409,0.45307421,0.4792591,0.50572932,0.53072669,0.55318865,0.57861868,0.60368743,0.6279649
ERI,1957,0.21208523,0.06189636,0.04625511,0.03472943,0.02630686,0.02019882,0.01580427,0.01266641,0.01043946,0.00888092,0.00781668,0.0071291,0.00673277,0.00657219,0.00660198,0.0067875,0.00709587,0.00749404,0.00795335,0.00844327,0.00893156,0.00938134,0.0097624,0.01005325,0.0102631,0.01041713,0.01055107,0.01069917,0.01087895,0.01109957,0.01135609,0.01163962,0.01194176,0.01225391,0.01257552,0.0129093,0.01326037,0.0136346,0.0140317,0.01444812,0.01487425,0.01529735,0.01570901,0.01610559,0.01649685,0.01690344,0.017348,0.01785768,0.01845561,0.0191506,0.01994546,0.02084534,0.02185863,0.02298739,0.0242464,0.02566274,0.02725152,0.0290294,0.03101451,0.03321985,0.03564025,0.03827168,0.04112922,0.04423151,0.04762211,0.05140826,0.05569114,0.06055722,0.06610038,0.07234412,0.07925319,0.08673472,0.09467478,0.10301858,0.11176227,0.12104137,0.13110681,0.14220625,0.15457957,0.16837342,0.18357004,0.20004286,0.21757342,0.23602304,0.25533048,0.27546839,0.29660102,0.31898965,0.34271071,0.36765442,0.39372441,0.42060047,0.44760417,0.47376282,0.49879535,0.52425018,0.54866985,0.57105485,0.59671888,0.62217339
ERI,1958,0.20614548,0.05963251,0.04489742,0.03395137,0.02588393,0.0199813,0.01569669,0.01261047,0.01040441,0.00884969,0.00778256,0.00709067,0.0066908,0.00652868,0.00655892,0.00674657,0.00705795,0.00745881,0.00791965,0.00840937,0.00889618,0.00934342,0.00972149,0.01000981,0.01021719,0.01036899,0.01050171,0.01064951,0.01082854,0.01104819,0.01130355,0.01158504,0.01188453,0.01219416,0.01251342,0.01284502,0.01319444,0.01356754,0.01396392,0.01437976,0.01480536,0.01522775,0.01563856,0.01603484,0.0164241,0.01682769,0.01727081,0.01777873,0.0183739,0.01907128,0.0198737,0.02077611,0.02178444,0.02291,0.02416055,0.02555868,0.02713461,0.02890534,0.03088347,0.03307835,0.03549702,0.03812677,0.0409701,0.04406284,0.04744594,0.05120031,0.0554511,0.06030081,0.06581949,0.07203652,0.07892255,0.0863785,0.09428516,0.10259093,0.1113087,0.12056261,0.13059061,0.14165403,0.15398759,0.16770942,0.18280845,0.19919008,0.21663107,0.23496319,0.25418949,0.27426425,0.2953642,0.31766111,0.34133959,0.36643309,0.39237207,0.41889817,0.44553975,0.47166329,0.49682497,0.52091576,0.54586269,0.57019938,0.59273786,0.61861344
ERI,1959,0.20026475,0.05745008,0.04350385,0.0330813,0.02534883,0.01965142,0.01548579,0.01246358,0.01028968,0.00874904,0.0076875,0.00699819,0.00659987,0.00643956,0.00647199,0.00666212,0.00697557,0.00737705,0.00783634,0.00832189,0.0088026,0.00924337,0.00961521,0.00989864,0.01010303,0.01025295,0.01038435,0.01053115,0.01070922,0.01092675,0.01117917,0.01145728,0.01175246,0.01205717,0.01237164,0.01269869,0.01304378,0.0134131,0.01380624,0.01421903,0.01464129,0.01505982,0.01546603,0.0158573,0.01624221,0.01663956,0.01707611,0.01758061,0.01817277,0.0188661,0.01966966,0.02057755,0.02158468,0.02269974,0.0239392,0.02531884,0.02686543,0.02861248,0.03057341,0.03275214,0.03515185,0.0377716,0.04060445,0.04367196,0.04703193,0.05076331,0.05496336,0.05975592,0.06522764,0.07138402,0.07820339,0.0855964,0.09343767,0.10166985,0.11030917,0.11949749,0.12945813,0.14043686,0.15268182,0.16630661,0.18127176,0.19748634,0.21476234,0.2329341,0.25197601,0.27193062,0.29295269,0.31521855,0.33880834,0.36385898,0.38993395,0.41631848,0.44260548,0.46836803,0.49352913,0.51785478,0.54158784,0.56666663,0.59134075,0.61440322
ERI,1960,0.19431375,0.05537114,0.04213567,0.03218798,0.02476503,0.01926383,0.01521897,0.01226849,0.01013635,0.00861985,0.00757247,0.00689117,0.00649689,0.00633858,0.00637169,0.00656171,0.0068744,0.00727444,0.0077315,0.00821384,0.00869046,0.00912675,0.00949449,0.00977385,0.00997425,0.01012053,0.01024802,0.0103907,0.01056469,0.01077824,0.01102608,0.01129934,0.01158956,0.01188852,0.01219674,0.01251793,0.01285779,0.01322264,0.01361246,0.01402306,0.01444362,0.01485996,0.01526342,0.0156511,0.01603195,0.01642616,0.01685763,0.0173561,0.01794482,0.01863452,0.01943221,0.02033777,0.02134467,0.02245069,0.02367104,0.02503208,0.02655284,0.02826308,0.03019328,0.03234757,0.03472328,0.03731431,0.04012525,0.04316724,0.04648389,0.0501714,0.05432539,0.05904261,0.06443327,0.07052182,0.07725912,0.08456462,0.09232241,0.10046696,0.10900867,0.11808948,0.12794995,0.13881779,0.1509257,0.16440496,0.1792146,0.19523463,0.21227862,0.23021932,0.24903189,0.26872245,0.28954572,0.31163739,0.33507706,0.35989725,0.38577388,0.41211664,0.43807741,0.46329541,0.48790171,0.5120545,0.53587605,0.55964655,0.58501016,0.61006432
ERI,1961,0.18872314,0.05343898,0.04090817,0.03142788,0.02430425,0.01898613,0.01504684,0.01215237,0.01004747,0.00854237,0.00749832,0.00681812,0.00642475,0.00626757,0.00630233,0.00649439,0.00680895,0.00720977,0.00766591,0.00814518,0.00861691,0.00904754,0.00941014,0.0096863,0.00988474,0.01003001,0.01015717,0.01029905,0.01047159,0.01068299,0.01092816,0.01119798,0.01148461,0.01178035,0.01208504,0.01240257,0.01273925,0.01310134,0.01348852,0.01389681,0.01431546,0.01472951,0.01512971,0.01551353,0.01589004,0.01628035,0.01670952,0.01720432,0.01778864,0.01847688,0.01927237,0.02017274,0.02117922,0.0222879,0.02350235,0.0248487,0.02635768,0.02805121,0.02995564,0.0320912,0.03445473,0.03703411,0.03982899,0.04286342,0.0461703,0.04983122,0.05395928,0.05865064,0.06398541,0.07001237,0.0767068,0.08396059,0.091669,0.09977441,0.10827584,0.11730343,0.12709896,0.13791456,0.14996113,0.16335762,0.17808673,0.19403285,0.21097665,0.2287827,0.24747274,0.26705643,0.28774179,0.30977581,0.3331853,0.35800253,0.38381248,0.41015282,0.43631786,0.46151385,0.48589833,0.50980151,0.53372097,0.55778307,0.58194602,0.60761263
ERI,1962,0.18367415,0.0514764,0.03969179,0.03070319,0.02389038,0.01875873,0.01492345,0.01208065,0.00999768,0.00849871,0.00745396,0.00677075,0.00637565,0.00621823,0.00625357,0.00644732,0.00676411,0.00716681,0.00762381,0.00810236,0.00857194,0.00899945,0.00935876,0.00963233,0.00982951,0.00997381,0.01009999,0.01024084,0.01041173,0.0106209,0.01086348,0.01113066,0.01141437,0.01170751,0.01201021,0.01232564,0.01266022,0.01302078,0.0134069,0.01381409,0.01423193,0.01464579,0.01504541,0.0154276,0.01580221,0.01619049,0.016618,0.0171124,0.01769449,0.01837859,0.01917249,0.02007028,0.02107001,0.02217718,0.023395,0.02473704,0.02623299,0.02791739,0.0298081,0.03192067,0.03426892,0.03683938,0.03962431,0.04264224,0.04594048,0.04959086,0.0536922,0.0583593,0.06367229,0.06964901,0.07629053,0.0835137,0.0911821,0.09925194,0.10772657,0.11672384,0.12647362,0.13722859,0.14922367,0.16256282,0.17722501,0.19311041,0.20999938,0.22770777,0.24624186,0.26567346,0.28622249,0.30809185,0.33143151,0.35620689,0.38199007,0.40821993,0.43430177,0.45957816,0.48379586,0.50733747,0.53091947,0.55506433,0.57953853,0.60414758
ERI,1963,0.17917563,0.04969608,0.03858461,0.03004557,0.02351966,0.01856043,0.01482043,0.01202336,0.00995801,0.0084621,0.0074147,0.00672785,0.00632954,0.00617183,0.0062085,0.00640467,0.00672433,0.00712913,0.00758673,0.00806372,0.00852992,0.00895318,0.00930831,0.00957888,0.00977466,0.0099193,0.01004605,0.01018713,0.01035773,0.01056565,0.01080613,0.01107074,0.01135196,0.01164258,0.01194326,0.01225734,0.01259047,0.01294936,0.01333398,0.01373974,0.01415562,0.0145674,0.01496558,0.01534618,0.01571797,0.01610348,0.01652863,0.01702139,0.01760304,0.01828482,0.01907418,0.01996958,0.02096641,0.02206586,0.02328096,0.02462649,0.02611957,0.02779231,0.02967557,0.0317767,0.03410351,0.03666059,0.03943901,0.04244956,0.04573298,0.04937569,0.05346814,0.05810966,0.06339927,0.06935595,0.07594685,0.08311612,0.09075713,0.09878875,0.10723062,0.11620961,0.12593693,0.13664862,0.14859121,0.16188999,0.17649108,0.19230712,0.20915172,0.22683057,0.24528638,0.26457092,0.28498445,0.30674213,0.32994322,0.35467798,0.3804476,0.40668646,0.43271356,0.45798206,0.48237631,0.50584053,0.52911886,0.55294236,0.57745278,0.60227884
ERI,1964,0.17516469,0.04819153,0.03753617,0.02931827,0.02301326,0.01820216,0.0145589,0.01182331,0.00979655,0.00832455,0.00729204,0.00661446,0.00622173,0.00606815,0.00610943,0.00630943,0.00663222,0.00703878,0.00749875,0.0079795,0.00844875,0.00887274,0.00922457,0.00948999,0.00968204,0.00982425,0.00994947,0.01008832,0.01025549,0.01045858,0.01069292,0.01095053,0.01122447,0.01150807,0.01180167,0.01210911,0.01243633,0.01278946,0.01316846,0.01356909,0.01398006,0.01438625,0.01477856,0.01515377,0.0155198,0.01589819,0.0163163,0.01680276,0.01737884,0.01805561,0.0188372,0.01972126,0.02070739,0.02179391,0.0229892,0.02431815,0.02579934,0.02745262,0.02930655,0.03138183,0.03367821,0.03619394,0.03893801,0.04191917,0.04516918,0.04876672,0.05281564,0.05740643,0.06262219,0.06850194,0.07501589,0.08207344,0.08959842,0.09754364,0.10588671,0.11476831,0.12440523,0.13501018,0.14681207,0.1599512,0.17439934,0.19004062,0.20670315,0.22423272,0.24256199,0.26166431,0.28182329,0.30335275,0.32635992,0.35087448,0.37650625,0.40261234,0.42851047,0.45359289,0.47788628,0.50151833,0.52482059,0.54853907,0.57297098,0.59799392
ERI,1965,0.17165094,0.04682439,0.03667214,0.02879557,0.02271241,0.0180369,0.01446965,0.01177108,0.00975895,0.00828987,0.00725566,0.00657562,0.00618117,0.00602738,0.00607007,0.00627206,0.0065963,0.00700383,0.00746326,0.00794158,0.00840699,0.00882653,0.00917445,0.0094373,0.00962817,0.0097704,0.00989652,0.01003662,0.0102042,0.01040674,0.01063979,0.01089544,0.01116702,0.01144824,0.01173988,0.01204548,0.01237116,0.01272319,0.01310085,0.01349965,0.01390882,0.01431316,0.01470263,0.01507505,0.0154396,0.01581632,0.01623167,0.01671562,0.01728995,0.01796595,0.01874718,0.01962836,0.02060856,0.02169089,0.02288127,0.02420063,0.02567789,0.02733452,0.02918658,0.03125185,0.03354321,0.03604946,0.03877309,0.04174102,0.04498427,0.04857377,0.05260571,0.05718564,0.0623896,0.06824118,0.07473076,0.08177093,0.0892457,0.09713768,0.10546259,0.11431042,0.12391482,0.13450295,0.14628099,0.15936686,0.17376461,0.18938673,0.20600893,0.22349443,0.24181824,0.26093588,0.28103861,0.30243361,0.32534314,0.34980225,0.37536386,0.40149383,0.42744205,0.45259974,0.47691127,0.50059844,0.52412763,0.54780078,0.571964,0.59671876
ERI,1966,0.16844799,0.04557928,0.03585689,0.02827723,0.02239128,0.01784043,0.01434676,0.01168755,0.00969441,0.00823298,0.00720119,0.0065217,0.00612744,0.00597426,0.006018,0.00622201,0.00654698,0.00695413,0.00741235,0.00788782,0.00834943,0.00876493,0.00910906,0.00936913,0.00955835,0.00969994,0.00982586,0.00996578,0.01013309,0.01033448,0.01056561,0.01081881,0.01108748,0.01136557,0.01165416,0.01195713,0.01228028,0.01263006,0.01300605,0.01340312,0.01381011,0.0142123,0.01459965,0.01496885,0.01533016,0.01570533,0.01611886,0.01659991,0.01717173,0.01784534,0.01862524,0.01950478,0.02047933,0.02155256,0.02273551,0.02404589,0.02550881,0.02715749,0.0290093,0.03106902,0.03334615,0.03584226,0.03855035,0.04149152,0.04471459,0.04828808,0.05230091,0.05685122,0.06203025,0.06785521,0.07430094,0.08130173,0.0887452,0.09657168,0.10482625,0.11363773,0.1231877,0.13371328,0.14543888,0.15847471,0.1727935,0.188333,0.20491033,0.22232866,0.24057845,0.25966184,0.27974197,0.30102481,0.32374185,0.34805303,0.37350781,0.39951056,0.42540823,0.45052629,0.4748113,0.498411,0.52189976,0.54573259,0.56984084,0.59439636
ERI,1967,0.16533223,0.04462321,0.03526342,0.02792998,0.02220314,0.01774851,0.01430773,0.01167305,0.00968826,0.00822693,0.00719215,0.00650948,0.00611293,0.00595894,0.00600328,0.00620913,0.00653696,0.00694566,0.00740684,0.00788412,0.0083466,0.00876245,0.00910624,0.00936615,0.00955411,0.00969557,0.00982104,0.00995995,0.01012702,0.01032735,0.01055803,0.01081032,0.01107747,0.01135439,0.0116411,0.01194308,0.01226603,0.01261548,0.01299255,0.01339105,0.01380011,0.01420414,0.0145926,0.01496353,0.01532436,0.01569962,0.01611571,0.01659843,0.01717149,0.01784689,0.01862877,0.01951154,0.02048902,0.02156196,0.02274014,0.02404836,0.02551054,0.02715348,0.02900865,0.03107973,0.03336244,0.03585745,0.03856804,0.04150858,0.04471965,0.04828787,0.05230495,0.0568563,0.06203029,0.06785967,0.07430977,0.08130722,0.08875622,0.09659858,0.1048322,0.11361862,0.12317901,0.13369671,0.14541201,0.15844552,0.17278164,0.18832262,0.20491386,0.22241759,0.24071141,0.259835,0.27996581,0.30125167,0.32386649,0.34797473,0.37332626,0.39931612,0.42521502,0.4504598,0.47486134,0.49854113,0.52196026,0.54568378,0.56983741,0.59424351
ERI,1968,0.16211022,0.04331044,0.0344306,0.02742691,0.02191695,0.01759615,0.01423086,0.01163286,0.00966218,0.00820308,0.00716584,0.00647989,0.00608082,0.00592584,0.00597061,0.00617808,0.0065081,0.00691673,0.00737498,0.0078531,0.00831445,0.00872784,0.00906966,0.00932839,0.00951568,0.00965703,0.0097826,0.00992152,0.01008828,0.01028786,0.01051753,0.01076832,0.01103368,0.01130876,0.01159358,0.01189377,0.01221516,0.01256348,0.0129394,0.01333696,0.01374597,0.01414987,0.01453728,0.0149074,0.01526747,0.01564084,0.01605545,0.01653868,0.01711197,0.01778547,0.01856586,0.01944647,0.02042202,0.02149338,0.02266605,0.02396508,0.02542112,0.02705874,0.02890383,0.03097218,0.03326033,0.03575475,0.03845501,0.04138909,0.04458801,0.04813171,0.05213162,0.05667118,0.06183187,0.06763871,0.07407675,0.08106402,0.08848472,0.0963087,0.1045317,0.11325665,0.1227559,0.1332549,0.14493146,0.15792581,0.17223334,0.18775632,0.20430209,0.22175938,0.24006717,0.25916236,0.27924433,0.30052937,0.32314915,0.34716351,0.3723541,0.39823112,0.42404544,0.44917196,0.47353518,0.49721373,0.52068501,0.54443982,0.56869657,0.59336641
ERI,1969,0.15857005,0.04197153,0.03355977,0.02688725,0.02160071,0.01742071,0.01413545,0.01157577,0.00961902,0.00816132,0.00712112,0.00643211,0.00603135,0.0058768,0.00592373,0.00613459,0.00646816,0.00687888,0.007332,0.00779988,0.00825819,0.00866651,0.00900308,0.00925906,0.00944603,0.00958866,0.0097165,0.00985751,0.0100255,0.01022514,0.01045381,0.01070312,0.01096655,0.01123963,0.01152255,0.01182078,0.01213998,0.01248566,0.01285851,0.01325222,0.01365706,0.01405757,0.01444148,0.01480723,0.01516352,0.01553369,0.01594438,0.01642461,0.01699741,0.01767033,0.01844792,0.01932578,0.02029734,0.02136444,0.02253285,0.02382365,0.02526778,0.02689637,0.0287339,0.03079052,0.03307434,0.0355733,0.03827283,0.0411966,0.04438843,0.04791845,0.05189012,0.05640522,0.06154374,0.06732501,0.07372585,0.08068802,0.08809023,0.09587814,0.10407786,0.1127894,0.12221946,0.13264449,0.14428374,0.15721572,0.17145656,0.18692489,0.20343844,0.22084704,0.23911893,0.25826503,0.27835528,0.29962846,0.32228722,0.34634555,0.37149129,0.39726982,0.42304032,0.44816046,0.4724891,0.49620393,0.5197229,0.54353344,0.56778476,0.59250063
ERI,1970,0.15489923,0.04064117,0.03267583,0.02631701,0.02124299,0.01720036,0.01399831,0.0114846,0.00955096,0.00810324,0.00706658,0.00637846,0.00597766,0.0058231,0.00587027,0.0060817,0.00641596,0.00682705,0.00727976,0.00773858,0.00818794,0.00860056,0.00893749,0.00919236,0.00937867,0.0095208,0.00964784,0.00978774,0.00995422,0.01015192,0.01037822,0.01062483,0.01088549,0.01115553,0.01143534,0.0117306,0.0120471,0.01239044,0.01276139,0.01315376,0.01355722,0.01395658,0.01434045,0.01470573,0.01506005,0.01542865,0.01583788,0.01631575,0.01688688,0.0175597,0.0183367,0.01921094,0.02017729,0.02123708,0.02239801,0.02368092,0.02511225,0.02672452,0.02854891,0.03059405,0.0328628,0.03535307,0.03804986,0.04096297,0.04413312,0.04764296,0.05158664,0.05605959,0.06116073,0.06690828,0.07327343,0.0801884,0.08755718,0.09531895,0.10347001,0.11214394,0.12154007,0.13186699,0.14339996,0.15626301,0.17041834,0.18580158,0.20224828,0.2196162,0.23781789,0.25689167,0.27698169,0.2981746,0.32071314,0.34468969,0.36975071,0.39536075,0.42091794,0.44588347,0.47010561,0.49371156,0.51723248,0.54110257,0.56545684,0.59022583
ERI,1971,0.15116658,0.03919468,0.03171397,0.02569932,0.02086064,0.01697027,0.01385946,0.01139447,0.00948359,0.00804415,0.00700926,0.00632081,0.00591941,0.00576494,0.00581292,0.00602579,0.00636161,0.00677346,0.00722546,0.00768164,0.00811462,0.00851494,0.00885771,0.00911356,0.00929965,0.0094424,0.00957024,0.00971032,0.00987628,0.01007261,0.01029676,0.01054068,0.01079839,0.01106557,0.0113425,0.01163499,0.01194887,0.0122897,0.01265806,0.01304766,0.01344852,0.01384483,0.01422572,0.01458946,0.01494213,0.01530753,0.01571445,0.01619049,0.01675869,0.01742924,0.01820535,0.01907751,0.02003848,0.02109122,0.02224205,0.02351499,0.02493744,0.02653649,0.02834371,0.0303747,0.03263135,0.03510584,0.03779389,0.04070424,0.04386247,0.04734809,0.05126823,0.05570951,0.06076302,0.06646693,0.07279281,0.0796678,0.0869853,0.09471075,0.10283402,0.11145533,0.12081201,0.13110294,0.14253557,0.15529107,0.16937339,0.18465691,0.20100227,0.2183056,0.23648009,0.2554932,0.27552369,0.29674432,0.31922868,0.34311913,0.36814136,0.39371619,0.4191618,0.4439704,0.46809632,0.49166557,0.51516007,0.53911746,0.56359121,0.5884761
ERI,1972,0.14750809,0.03776129,0.03076909,0.02510254,0.02050199,0.0167652,0.01374507,0.01132666,0.00943555,0.0080013,0.00696556,0.00627485,0.00587165,0.00571675,0.00576556,0.0059804,0.00631865,0.00673236,0.0071848,0.00763938,0.00806905,0.00844943,0.00878162,0.00904772,0.00923706,0.00938108,0.00951026,0.00965113,0.00981695,0.01001228,0.01023469,0.01047633,0.01073144,0.01099605,0.01127067,0.011561,0.01187295,0.01221208,0.01257881,0.01296663,0.01336543,0.0137598,0.01413826,0.01449968,0.01485165,0.01521652,0.0156214,0.01609635,0.01666417,0.0173332,0.01810816,0.0189802,0.01993938,0.02098644,0.02213051,0.02339442,0.02480784,0.02639977,0.02819748,0.03021567,0.0324625,0.03492888,0.03760442,0.04050928,0.04366823,0.04714582,0.05104562,0.05546698,0.06049375,0.06615708,0.07244877,0.07929672,0.08658859,0.09427651,0.10237868,0.11098699,0.12029987,0.13056156,0.14197342,0.15465343,0.16865901,0.18391433,0.20021385,0.21746501,0.23559285,0.25457629,0.27456961,0.29575381,0.3182961,0.34216564,0.36715038,0.39274619,0.41822456,0.4429902,0.46701126,0.49051209,0.5139722,0.53788544,0.56241805,0.58741165
ERI,1973,0.14390743,0.03644996,0.02986822,0.02450061,0.02011009,0.01651393,0.01358176,0.01121342,0.0093483,0.00792596,0.00689527,0.00620674,0.00580466,0.00565076,0.00570064,0.00591667,0.00625598,0.00666995,0.00712127,0.007573,0.00799839,0.00837398,0.00868332,0.00894084,0.00914248,0.00929028,0.0094206,0.00956195,0.0097273,0.0099211,0.01014109,0.01037968,0.0106313,0.01089219,0.01116321,0.01145025,0.0117592,0.01209571,0.01246018,0.0128458,0.01324204,0.01363334,0.01400874,0.01436642,0.01471486,0.01507816,0.01548177,0.01595416,0.01652053,0.01718882,0.01796156,0.01883077,0.01978687,0.02082841,0.02196203,0.02321362,0.02461281,0.02619086,0.02797641,0.02998052,0.03221064,0.03466313,0.03732541,0.04021104,0.04335626,0.04682501,0.05070586,0.05509446,0.06008735,0.06570727,0.07194012,0.07873703,0.08598714,0.09363607,0.10168634,0.11025973,0.11954273,0.12973786,0.14109405,0.15371905,0.16761934,0.18277362,0.19902555,0.21621656,0.23433041,0.25335099,0.27325768,0.29428928,0.31676838,0.34066581,0.36560895,0.39116952,0.41669817,0.4415556,0.46560406,0.48906147,0.51249055,0.53637164,0.56083835,0.58585776
ERI,1974,0.14043407,0.03532492,0.02903803,0.02388882,0.01965823,0.01617746,0.01332731,0.01101627,0.00919059,0.00779488,0.00678177,0.00610437,0.00570874,0.00557454,0.00566909,0.00594676,0.00635662,0.00684203,0.00739379,0.00798452,0.00855163,0.00903586,0.00938575,0.00961789,0.00982043,0.00998739,0.01011649,0.01024937,0.01039884,0.01056716,0.01075618,0.01096264,0.01118504,0.01141993,0.01166589,0.01192947,0.01221688,0.01253387,0.01288153,0.01325297,0.01363683,0.0140164,0.01438011,0.01472711,0.01506482,0.01541801,0.01581318,0.01627571,0.01682632,0.0174754,0.01822819,0.01907804,0.02001968,0.02105358,0.02218079,0.0234213,0.02480529,0.02636055,0.02811511,0.03008378,0.03227432,0.03468632,0.03731673,0.04017733,0.04329403,0.04674062,0.05060133,0.05495335,0.05988973,0.06545004,0.07161298,0.07832602,0.08550797,0.09310985,0.10112357,0.10964245,0.11887695,0.12900508,0.14023768,0.15274873,0.16653734,0.18153039,0.1976324,0.21474224,0.23275474,0.25171984,0.2717348,0.29259852,0.31467849,0.33842612,0.36332638,0.38880192,0.41428055,0.43919012,0.46332296,0.48677504,0.51009912,0.53387537,0.55825538,0.58321512
ERI,1975,0.13711746,0.03418567,0.02820655,0.02328317,0.01921651,0.0158532,0.01308581,0.01083212,0.00904548,0.00767572,0.00667931,0.00601206,0.00562193,0.00550567,0.00564196,0.00597762,0.00645415,0.00700733,0.00765469,0.00837805,0.0090803,0.00966834,0.01005697,0.01028337,0.01044736,0.01061289,0.01076729,0.01090021,0.01103635,0.01118195,0.01134285,0.01151944,0.01171447,0.01192484,0.01214717,0.0123884,0.0126556,0.01295503,0.01328764,0.0136466,0.01401965,0.01438886,0.01474165,0.01507788,0.01540648,0.0157501,0.01613621,0.01659158,0.01713049,0.01776092,0.01849475,0.01932734,0.0202543,0.02127945,0.02240128,0.0236342,0.02500266,0.02653598,0.02825962,0.03019261,0.03234776,0.03472297,0.03731773,0.04015168,0.04324436,0.04665954,0.05049414,0.05482192,0.05971633,0.06521532,0.07131823,0.0779625,0.08506067,0.09260424,0.1005819,0.10906366,0.11822745,0.1282855,0.13943449,0.15181277,0.16548774,0.18037765,0.19631823,0.21327562,0.23121871,0.25007777,0.27003119,0.29100247,0.31287333,0.33619303,0.360952,0.38640454,0.4118201,0.43668992,0.4608593,0.4843566,0.50762105,0.53125562,0.5555451,0.5805024
ERI,1976,0.13407738,0.03315511,0.02745711,0.02274193,0.01882683,0.01557155,0.01287906,0.01067567,0.00892201,0.00757334,0.00659016,0.00593092,0.00554532,0.00543032,0.00556477,0.00589653,0.006368,0.00691572,0.00755582,0.00826943,0.00896125,0.00953982,0.00992245,0.01014543,0.01030693,0.01042981,0.01057749,0.01073743,0.01088086,0.01102742,0.0111884,0.01136408,0.01155675,0.01176385,0.01198247,0.01222008,0.01248399,0.01278128,0.0131133,0.01347219,0.0138454,0.01421407,0.01456483,0.01489714,0.01522086,0.01556106,0.01594366,0.01639739,0.0169392,0.01757254,0.01830578,0.01913693,0.02005973,0.02107545,0.0221848,0.02340421,0.02475695,0.02627024,0.02797521,0.02989027,0.03202959,0.03439123,0.03696764,0.03977634,0.04284414,0.04623181,0.05002752,0.0543226,0.05919159,0.06465236,0.07069941,0.07729205,0.08432885,0.09178831,0.09969972,0.1081307,0.11724152,0.12721758,0.13830397,0.15062136,0.16418893,0.17899899,0.19488122,0.21170801,0.22952556,0.24836414,0.26825106,0.28920899,0.3112616,0.33444205,0.35887251,0.38430767,0.40984347,0.43480131,0.45906045,0.4826924,0.50605996,0.52966187,0.55384852,0.57879699
ERI,1977,0.13134477,0.03224827,0.02672727,0.02215165,0.01834769,0.01518196,0.01256209,0.01041741,0.00871002,0.00739664,0.00643908,0.00579715,0.00542214,0.0053114,0.00544446,0.00577063,0.00623394,0.00677259,0.0074021,0.0081032,0.00878208,0.00934931,0.00972394,0.00994189,0.01009887,0.01021801,0.01032441,0.01047646,0.01064339,0.01079513,0.01095507,0.01112847,0.01131749,0.01151932,0.01173187,0.01196321,0.01222128,0.01251352,0.01284198,0.01319891,0.01357049,0.01393714,0.0142845,0.01461135,0.01492746,0.01525955,0.0156363,0.01608466,0.01662358,0.01725823,0.0179914,0.01881646,0.01972933,0.02072981,0.0218166,0.0230102,0.02433713,0.02582413,0.02750045,0.02938848,0.03149984,0.03383118,0.03637252,0.03913438,0.04214323,0.0454726,0.0492141,0.05345345,0.05828496,0.06371899,0.06971048,0.07619289,0.08306923,0.09030775,0.09795437,0.10618334,0.11523664,0.12532127,0.13664649,0.14927589,0.16298938,0.17749284,0.19247037,0.20774787,0.22348269,0.24020372,0.25866097,0.27921091,0.30208463,0.32718023,0.35348044,0.38026031,0.40672312,0.43187903,0.45565124,0.47848347,0.50118001,0.52442146,0.54848997,0.57354217
ERI,1978,0.12889118,0.03119447,0.02598384,0.02164391,0.01801125,0.01496255,0.01241579,0.01031119,0.00862302,0.0073172,0.00636235,0.00572196,0.00534856,0.00523929,0.00537299,0.0056991,0.00616126,0.00669691,0.00731934,0.00800831,0.00867197,0.00922426,0.00958837,0.00980068,0.00995555,0.01007529,0.01018427,0.01030391,0.01046633,0.0106415,0.01080823,0.01098245,0.0111712,0.01137213,0.01158314,0.01181261,0.01206846,0.01235799,0.01268292,0.01303593,0.01340358,0.01376561,0.01410777,0.01442854,0.01473748,0.01506145,0.01543046,0.01587392,0.01640863,0.01704117,0.01777616,0.01860168,0.0195097,0.02050341,0.02158092,0.02276146,0.02407488,0.02555023,0.02721545,0.02908943,0.03118812,0.03350669,0.03603596,0.03878664,0.04177813,0.04508135,0.0487952,0.05300266,0.05778839,0.06318293,0.06914723,0.07559396,0.08241877,0.08961432,0.0972074,0.105353,0.1143376,0.12436463,0.13562451,0.14815263,0.16179078,0.17623915,0.19112613,0.20637127,0.22212295,0.23879048,0.25720706,0.27782042,0.30070279,0.32581714,0.35229663,0.37898082,0.40514453,0.43029762,0.45421714,0.477147,0.49991289,0.52323583,0.54734994,0.57236355
ERI,1979,0.12677164,0.03019594,0.02525429,0.02111997,0.01763952,0.01469892,0.01222492,0.01016619,0.00850559,0.00721574,0.00627025,0.00563554,0.00526562,0.00515757,0.00528999,0.00561307,0.00607084,0.00660086,0.00721502,0.00789251,0.00854354,0.00908388,0.00943933,0.00964673,0.00979823,0.00991633,0.0100245,0.01014378,0.0102751,0.01044447,0.01063054,0.01080934,0.0109974,0.01119686,0.01140595,0.01163282,0.01188576,0.01217217,0.01249385,0.01284329,0.01320752,0.01356659,0.01390538,0.01422233,0.01452657,0.01484472,0.01520678,0.01564333,0.01617346,0.01680109,0.0175319,0.01835553,0.0192588,0.02024163,0.02130602,0.02247121,0.02376583,0.02522214,0.02687007,0.02872625,0.03080284,0.03309873,0.0356029,0.03832667,0.0412897,0.04455648,0.04822413,0.05238352,0.05711688,0.06244586,0.068351,0.07474918,0.08151298,0.08862586,0.09613964,0.10419074,0.11305,0.12296977,0.13413604,0.14656393,0.16006335,0.17438876,0.1891535,0.20421545,0.21982298,0.23638784,0.25464043,0.27514077,0.29804602,0.32312665,0.34955507,0.37627341,0.40209589,0.42663143,0.45019154,0.47292841,0.49554761,0.51884889,0.54311757,0.5683902
ERI,1980,0.12495914,0.02950917,0.02479994,0.02083721,0.01747792,0.01461679,0.0121893,0.01015287,0.00849963,0.00720924,0.00626051,0.00562266,0.00525069,0.00512697,0.00522,0.00548759,0.00588129,0.00634572,0.00686694,0.00741544,0.00793438,0.00837237,0.00868677,0.00889562,0.0090513,0.00917568,0.0092919,0.00941992,0.00956477,0.00972629,0.00992139,0.01013209,0.01034261,0.01055918,0.01078478,0.01102745,0.01129511,0.01159519,0.01192909,0.0122892,0.01266261,0.0130301,0.01337732,0.01370171,0.01401225,0.01433593,0.01470316,0.01514511,0.01568467,0.01632788,0.01707461,0.01791228,0.01882642,0.01981098,0.02086792,0.02202415,0.02331187,0.02476551,0.02642057,0.02829287,0.03038862,0.03269909,0.03521313,0.03793955,0.04090165,0.04416676,0.04782827,0.05197759,0.05670574,0.06203219,0.06792818,0.07433005,0.08111602,0.08824021,0.09574345,0.10379335,0.11264678,0.12254458,0.13371704,0.14617028,0.15970071,0.17403751,0.1888576,0.20400981,0.21967285,0.23634972,0.2547573,0.27533778,0.29835407,0.32366619,0.3502778,0.37721775,0.40344628,0.42812871,0.45166153,0.47466099,0.49766634,0.52127677,0.54577621,0.57119072
ERI,1981,0.12326973,0.02868153,0.02420047,0.02041608,0.01719054,0.01442376,0.01205702,0.01005509,0.00841921,0.00713634,0.00619084,0.00555492,0.00518462,0.00506243,0.0051565,0.00542465,0.0058181,0.00628084,0.00679768,0.00733849,0.00784819,0.00827746,0.00858545,0.00879014,0.00894344,0.00906741,0.00918431,0.0093133,0.00945865,0.00962004,0.00979745,0.01000229,0.01022108,0.01043859,0.01066275,0.01090378,0.01116944,0.01146684,0.01179737,0.01215344,0.01252229,0.0128847,0.01322694,0.01354699,0.01385325,0.01417281,0.01453571,0.01497274,0.01550667,0.01614421,0.01688681,0.01771913,0.01862757,0.01960794,0.02065829,0.02180333,0.0230793,0.02452065,0.02616177,0.02802078,0.03010503,0.03240344,0.03490109,0.03760997,0.04055176,0.04379419,0.04743068,0.051547,0.05623234,0.06151369,0.06736151,0.0737046,0.08044212,0.0875341,0.0949975,0.10298856,0.11178685,0.12161269,0.13267887,0.14503911,0.15848775,0.17273829,0.18744023,0.20250133,0.21809083,0.23464397,0.25297851,0.27354126,0.29647191,0.32173161,0.34841045,0.37533486,0.40152416,0.42626193,0.44950997,0.47200755,0.49478316,0.51832894,0.54281223,0.56833174
ERI,1982,0.12157416,0.02804379,0.02369055,0.02000713,0.01686122,0.01415773,0.01184149,0.00987976,0.00827524,0.00701609,0.0060877,0.00546331,0.00510009,0.00499448,0.00512405,0.00544047,0.0058888,0.00640695,0.00700222,0.00765214,0.00827296,0.00878741,0.00912658,0.00932512,0.00946984,0.00958376,0.00969011,0.00980817,0.00993875,0.01007938,0.01023298,0.01039878,0.01060092,0.01081865,0.01103038,0.01125551,0.01150574,0.01178865,0.01210609,0.01245082,0.01280961,0.01316261,0.01349523,0.01380602,0.01410382,0.01441451,0.01476792,0.01519416,0.01571355,0.01633259,0.01705623,0.01787303,0.01876879,0.01974176,0.02078904,0.02192836,0.0231912,0.02461383,0.02622878,0.02805502,0.03010593,0.03237433,0.03484545,0.03752825,0.04044516,0.04366017,0.04726525,0.05134464,0.05598145,0.06120357,0.06699205,0.07327659,0.07995046,0.0870004,0.09444531,0.1024043,0.11113699,0.12088235,0.13183512,0.14404451,0.15736242,0.17150312,0.1861036,0.20104324,0.21655001,0.23303736,0.25123707,0.27170022,0.29455912,0.319645,0.34618809,0.37312346,0.39927384,0.42400042,0.44736895,0.46966379,0.49202396,0.51538508,0.53978397,0.56521366
ERI,1983,0.11984447,0.02737795,0.02312994,0.01953655,0.01646781,0.01382969,0.01156812,0.00965134,0.00808291,0.00685201,0.0059449,0.00533571,0.0049826,0.00488204,0.00501185,0.00532469,0.00576657,0.00627617,0.0068599,0.00749558,0.00810161,0.00860298,0.0089338,0.00912814,0.00927047,0.00938258,0.00948739,0.00960398,0.00973272,0.0098712,0.01002191,0.01018422,0.0103598,0.01056732,0.01078834,0.01101273,0.0112589,0.01153763,0.01185083,0.01219089,0.01254467,0.01289206,0.01321841,0.01352207,0.01381266,0.01411708,0.01446461,0.01488566,0.01540022,0.01601388,0.01673055,0.01753843,0.018424,0.01938206,0.02041108,0.02153212,0.02277365,0.02417053,0.02576064,0.02756283,0.02958862,0.0318324,0.03427935,0.03693465,0.03981558,0.04298879,0.04654384,0.05056562,0.05513801,0.06028419,0.06598522,0.07218183,0.07876888,0.08572362,0.0930882,0.10098552,0.10964158,0.11928012,0.13012241,0.1421969,0.15534143,0.16933013,0.18380558,0.19863199,0.21399966,0.2303858,0.24850354,0.26882614,0.29161396,0.31669217,0.34314924,0.37005602,0.39634161,0.42115706,0.44464375,0.46720855,0.48955456,0.51272638,0.53718463,0.56277951
ERI,1984,0.11802547,0.02680742,0.02263036,0.01909983,0.01608813,0.01350267,0.01128948,0.00941647,0.00788577,0.00668581,0.0058025,0.00521024,0.00486814,0.00477276,0.00490245,0.00521108,0.00564594,0.00614707,0.0067202,0.00734321,0.00793682,0.00842768,0.00875148,0.00894216,0.00908183,0.00919163,0.00929359,0.00940695,0.00953247,0.00966765,0.0098149,0.00997311,0.01014403,0.01032608,0.01053773,0.01077058,0.01101593,0.01129118,0.01160135,0.01193884,0.01228986,0.01263403,0.0129563,0.01325495,0.01353955,0.01383825,0.01418144,0.01459898,0.01511115,0.0157224,0.01643556,0.01723674,0.01811186,0.01905692,0.02006693,0.02116649,0.02238745,0.02376156,0.02532684,0.02710608,0.02910983,0.03132999,0.03375289,0.03638317,0.0392337,0.04236604,0.04587252,0.04983724,0.05434444,0.0594207,0.06504397,0.07115474,0.07766082,0.08453846,0.09181819,0.09964361,0.10823929,0.11779423,0.12851642,0.14047061,0.1534736,0.16729021,0.18163703,0.19637412,0.21166685,0.22790514,0.24587323,0.26615598,0.28885782,0.31384054,0.34027493,0.36709498,0.39337437,0.41835779,0.44195405,0.46463182,0.4871965,0.51028436,0.53448967,0.56006536
ERI,1985,0.11595785,0.02622139,0.02216054,0.01871931,0.0157775,0.01324911,0.01108254,0.00924886,0.00775005,0.00657464,0.00570975,0.00512923,0.00479419,0.00470119,0.00482871,0.00513295,0.00556099,0.00605504,0.00662045,0.00723413,0.00781996,0.00830454,0.00862503,0.00881415,0.00895167,0.00905957,0.00915854,0.00926797,0.00938987,0.00952146,0.00966572,0.00982086,0.00998811,0.01016631,0.0103547,0.01058129,0.0108378,0.01111557,0.01142601,0.01176463,0.01211738,0.01246234,0.0127852,0.01308271,0.01336592,0.01366224,0.01400299,0.01442055,0.01493235,0.01554503,0.01625814,0.01705607,0.01792513,0.01885953,0.01985869,0.02094319,0.02214751,0.0235089,0.02505916,0.0268222,0.02881189,0.03101713,0.03342467,0.0360381,0.03887235,0.04198575,0.04546225,0.04939432,0.05386204,0.05889382,0.06447505,0.07053303,0.07698491,0.08381514,0.0910501,0.09883182,0.10738665,0.11691762,0.12759559,0.1394596,0.15240425,0.16613352,0.1803588,0.1950309,0.21025886,0.22651779,0.24442301,0.26459607,0.28737448,0.31234144,0.3388163,0.36573893,0.3919451,0.41698016,0.44072206,0.46359781,0.48651822,0.51012632,0.5347235,0.56041992
ERI,1986,0.11348781,0.02547466,0.02153644,0.01820038,0.01534812,0.01289471,0.01078963,0.00900532,0.00754525,0.00639963,0.00555703,0.00499248,0.00466817,0.00456872,0.00466516,0.00492092,0.00529031,0.00572247,0.00620173,0.00669829,0.00716419,0.00755451,0.00783479,0.00802179,0.00816065,0.00827304,0.00837828,0.00849421,0.00862549,0.00877091,0.00893074,0.0091004,0.00927882,0.00946491,0.00966019,0.00987382,0.01012515,0.01041294,0.01072858,0.01106982,0.01142424,0.0117701,0.01209253,0.012388,0.01266796,0.01296087,0.01329899,0.01371656,0.01423387,0.01485564,0.01557785,0.01637989,0.01724293,0.01815795,0.01912776,0.02017963,0.02134897,0.02268021,0.02421106,0.0259594,0.02793483,0.03012589,0.03251381,0.03509729,0.037894,0.04096316,0.04438607,0.04825138,0.05264318,0.05759019,0.06307835,0.06904119,0.07539138,0.08210615,0.08922592,0.09689252,0.10532259,0.114746,0.12533,0.13707634,0.14986745,0.16345429,0.17752896,0.19201535,0.207093,0.22322571,0.24104177,0.26104284,0.28361837,0.30853955,0.33494828,0.36182108,0.38806665,0.41305974,0.43682488,0.45988731,0.48294344,0.50671453,0.53160922,0.55735857
ERI,1987,0.1107731,0.02464752,0.02082765,0.01759444,0.01483233,0.01245846,0.01042312,0.0086991,0.0072892,0.00618372,0.00537147,0.00482837,0.00451794,0.0044374,0.00456661,0.00486402,0.00527907,0.00575603,0.00629908,0.00688551,0.0074432,0.00790294,0.00820637,0.0083856,0.00851623,0.00861966,0.00871554,0.00882122,0.00893771,0.00906203,0.00919725,0.00934159,0.00949651,0.00966129,0.00983592,0.01002997,0.01025175,0.0105258,0.0108405,0.01117289,0.01151612,0.01185033,0.01216031,0.0124421,0.01270779,0.01298633,0.0133101,0.01371327,0.0142151,0.01481999,0.01552398,0.01630749,0.01715175,0.01804717,0.01899329,0.02001714,0.02115547,0.02244848,0.02393615,0.02564076,0.02757066,0.02971602,0.03206341,0.03460937,0.03736505,0.0403879,0.0437557,0.04755114,0.05185285,0.05669582,0.06207018,0.06791441,0.07415078,0.08075581,0.08776636,0.0953279,0.1036394,0.11290826,0.12332525,0.13490081,0.14749299,0.16085005,0.17471617,0.18899146,0.20382329,0.21974015,0.23734743,0.25715676,0.27943385,0.30401856,0.33025536,0.35693653,0.38301694,0.40794235,0.43156296,0.45454426,0.47766436,0.50143347,0.52633439,0.55219973
ERI,1988,0.10771218,0.02361344,0.01999157,0.01692063,0.01429037,0.0120223,0.01007041,0.00841093,0.00704996,0.00598079,0.00519485,0.00467,0.00437139,0.00429687,0.00442703,0.00472141,0.00513046,0.00559927,0.00613157,0.00670467,0.00724795,0.00769486,0.00798891,0.00816216,0.00828923,0.00839045,0.00848449,0.00858831,0.00870233,0.00882329,0.00895386,0.00909235,0.00924051,0.00939781,0.0095649,0.00975148,0.00996619,0.0102171,0.01052142,0.01085906,0.0111997,0.01152801,0.01183095,0.01210471,0.01236107,0.01262986,0.0129445,0.01333971,0.01383458,0.01443404,0.01513328,0.01590887,0.01674042,0.0176168,0.01853618,0.01952561,0.02062563,0.02188137,0.02333109,0.02500037,0.02690012,0.0290148,0.03132818,0.03383893,0.03655425,0.03952714,0.04283465,0.04655847,0.05077448,0.05551439,0.06077604,0.06650277,0.07262153,0.07911452,0.08600953,0.09344481,0.10162447,0.11074917,0.12099501,0.13239524,0.14481906,0.15799363,0.17165775,0.18575769,0.20040759,0.2160889,0.23347573,0.25306034,0.27512285,0.29936668,0.32519612,0.35158286,0.37719444,0.40134333,0.42281105,0.44173404,0.45933333,0.4889751,0.52152248,0.54749365
ERI,1989,0.10619273,0.02375128,0.01985798,0.01673626,0.01411383,0.0118691,0.00994822,0.00831973,0.00697983,0.00592079,0.00513916,0.00461841,0.00432958,0.00427829,0.00444584,0.00478609,0.00524377,0.00575806,0.00634789,0.0069972,0.00761601,0.00811886,0.00843157,0.00859961,0.00872328,0.00882262,0.00891484,0.00901581,0.00911691,0.00921097,0.00930854,0.00941587,0.00954286,0.00968955,0.00985025,0.01003287,0.0102439,0.01048948,0.01076931,0.01109715,0.01144501,0.01177394,0.01208118,0.01236222,0.012624,0.01289714,0.0132167,0.01361893,0.01412355,0.0147337,0.01544296,0.01622457,0.01705262,0.01792561,0.01884829,0.01984194,0.02094208,0.02219259,0.02364171,0.02531929,0.02723615,0.02937461,0.03170835,0.03424198,0.03699195,0.0400016,0.04333855,0.04707989,0.05130298,0.05604393,0.06129922,0.06702107,0.07314134,0.07966968,0.08663799,0.09413376,0.10231423,0.11134868,0.12143732,0.13265879,0.14490901,0.15792994,0.1714402,0.18537221,0.19988075,0.21541108,0.23258981,0.25199167,0.27389011,0.29801423,0.32362699,0.34975152,0.37524228,0.39910991,0.42002953,0.43879837,0.46112679,0.48395784,0.51442577,0.54729945
ERI,1990,0.10039551,0.02138481,0.01802696,0.01521035,0.0128215,0.01077769,0.00902816,0.00754556,0.0063321,0.005381,0.00468483,0.0042243,0.00396873,0.0039187,0.00405825,0.00435026,0.00474833,0.00520016,0.00570987,0.00625586,0.00677033,0.00718971,0.00746107,0.00761755,0.00773186,0.00782364,0.00791016,0.00800648,0.00811266,0.00822536,0.00834648,0.008474,0.00860942,0.00875231,0.00890372,0.0090735,0.00927047,0.00950277,0.00977148,0.01006823,0.0103899,0.01070555,0.01098776,0.01123905,0.01147444,0.01172431,0.01202239,0.0124043,0.01288886,0.01347897,0.01416759,0.01492797,0.01573368,0.01656888,0.01743104,0.01834935,0.01936666,0.02053422,0.02189978,0.02349067,0.02531742,0.02736604,0.02961341,0.03204654,0.03466899,0.03753026,0.04070058,0.04426058,0.04828753,0.05281663,0.05784655,0.06332912,0.0692072,0.07546777,0.08213986,0.08934863,0.09727283,0.10610805,0.1160367,0.12708717,0.13915119,0.15200279,0.16537556,0.17917566,0.19353401,0.20893,0.22596143,0.24514571,0.2668349,0.2907445,0.31614285,0.34224487,0.36783947,0.39174988,0.41325919,0.43286569,0.45537716,0.48304946,0.51007274,0.5398999
ERI,1991,0.09603139,0.02003714,0.01693422,0.01432305,0.01210093,0.01019352,0.0085557,0.00716388,0.00602226,0.00512602,0.00446983,0.00403676,0.0037987,0.00375865,0.00390298,0.00419592,0.00459252,0.0050416,0.00554864,0.00609256,0.00660431,0.00701973,0.00728504,0.00743392,0.0075411,0.00762605,0.007706,0.00779636,0.00789682,0.00800394,0.00811968,0.0082414,0.00837027,0.00850556,0.00864836,0.0088091,0.00899721,0.00922157,0.00948342,0.00977448,0.01007838,0.01038553,0.01067191,0.01092003,0.01114952,0.01139352,0.01168669,0.01206471,0.01254674,0.01313533,0.01382193,0.01457724,0.01537353,0.01619343,0.01703203,0.01792041,0.01890359,0.02003491,0.02136378,0.02292077,0.02471937,0.02674096,0.02896199,0.03136812,0.03395564,0.0367711,0.03988651,0.04338177,0.04733398,0.0517811,0.056726,0.06212295,0.067913,0.07409063,0.08068652,0.08781657,0.0956603,0.1044008,0.11420928,0.12513107,0.13706829,0.14978867,0.16305249,0.17677928,0.19108214,0.2063914,0.2233169,0.24237859,0.26386186,0.28756224,0.31270848,0.33808003,0.36330949,0.38711629,0.40939253,0.43168193,0.45628152,0.48540644,0.51044017,0.5352045
ERI,1992,0.091467,0.01850981,0.01569767,0.01332709,0.01130196,0.00955373,0.00804193,0.00674759,0.00567956,0.00483774,0.00422075,0.00381498,0.003595,0.00354228,0.00362965,0.0038349,0.00412637,0.00446578,0.00481983,0.00515422,0.00545091,0.00569703,0.00589001,0.00603479,0.0061431,0.00623368,0.00632223,0.00642253,0.00654027,0.00667481,0.00682246,0.00697557,0.00713009,0.00728518,0.00744543,0.00762142,0.00782296,0.00805931,0.00833137,0.00863078,0.00894178,0.00924019,0.00951792,0.00977066,0.01000276,0.01024888,0.01054618,0.01093176,0.01142845,0.01203839,0.01274684,0.01351677,0.01431233,0.01511296,0.01591816,0.01676403,0.01770357,0.01879827,0.02010264,0.02164344,0.02343035,0.02544026,0.02763865,0.03000858,0.03254929,0.03530372,0.03834338,0.04175322,0.04561218,0.0499569,0.05479266,0.06007908,0.06575878,0.07181291,0.07827747,0.08527756,0.09298589,0.10159681,0.1112613,0.12200574,0.13375694,0.14630745,0.1594302,0.17306934,0.18733323,0.20261789,0.21946476,0.23839972,0.25971662,0.28312797,0.30820319,0.33372072,0.35843647,0.3836626,0.40734812,0.42956487,0.45167412,0.47577699,0.5057723,0.53113757
ERI,1993,0.08645632,0.01704559,0.01459243,0.01250439,0.01069676,0.00911017,0.00771334,0.00649646,0.00547853,0.00466822,0.00407125,0.00367841,0.00346697,0.00342014,0.00351161,0.00371978,0.00401306,0.00435263,0.00470496,0.00503539,0.00532597,0.00556477,0.00575029,0.00588922,0.00599397,0.00608276,0.00617064,0.00627017,0.00638613,0.00651751,0.00666073,0.00680851,0.00695738,0.00710682,0.00726163,0.00743266,0.00762991,0.00786283,0.00813228,0.0084298,0.00873934,0.00903713,0.00930675,0.00955227,0.00978639,0.01003155,0.01032713,0.01071209,0.01120946,0.01182067,0.01253055,0.01330095,0.01409412,0.01488783,0.01568217,0.01651445,0.01743745,0.01851491,0.01980344,0.02132984,0.02310287,0.02510035,0.02728876,0.02964626,0.03217241,0.03491065,0.0379281,0.04130886,0.04513459,0.04944344,0.05424113,0.0594896,0.06513662,0.07116329,0.07759818,0.08457257,0.09226161,0.10084698,0.11048961,0.12121048,0.13292816,0.14544497,0.15853853,0.17215259,0.18641334,0.20170748,0.21857572,0.23753012,0.25886976,0.28227808,0.30696146,0.33174078,0.35545555,0.37578131,0.4018028,0.43002484,0.46072996,0.4924148,0.50763003,0.53481709
ERI,1994,0.08158985,0.01534813,0.01333146,0.01157953,0.01002688,0.00862816,0.00736304,0.00623332,0.00527037,0.00449336,0.00391644,0.00353567,0.00333117,0.00328795,0.00338079,0.00358896,0.00388127,0.00421872,0.0045671,0.00489122,0.00517371,0.00540395,0.00558193,0.00571518,0.00581611,0.00590244,0.00598831,0.00608561,0.00619872,0.00632638,0.00646495,0.00660729,0.00675005,0.00689314,0.00704178,0.00720706,0.00739921,0.00762788,0.00789401,0.00818916,0.00849705,0.00879351,0.00906273,0.00929877,0.00952587,0.00977477,0.01006982,0.01045276,0.01094862,0.01155854,0.01226625,0.01303278,0.01381951,0.01460278,0.01538174,0.01619554,0.01709838,0.01815366,0.01941951,0.0209238,0.02267471,0.02464798,0.02681097,0.02914301,0.0316382,0.03434106,0.03731992,0.04065468,0.04442639,0.04867644,0.05341211,0.05859694,0.06418049,0.07014745,0.07652567,0.08343441,0.09105689,0.09957693,0.10914147,0.11978071,0.13141327,0.14384003,0.15685195,0.17040467,0.18462054,0.19994678,0.21689821,0.2359415,0.2574825,0.28132218,0.30687646,0.33330624,0.35976514,0.38548971,0.41083174,0.44181592,0.4747339,0.50677866,0.53660128,0.56358912
ERI,1995,0.07673002,0.01384032,0.01219731,0.01074669,0.0094302,0.00820866,0.00706731,0.00601621,0.00509918,0.00434683,0.00378308,0.00340971,0.00320962,0.00316936,0.00326433,0.00347427,0.0037678,0.00410506,0.00445088,0.00476936,0.00504378,0.00526493,0.00543445,0.00556148,0.00565869,0.00574355,0.00582913,0.00592593,0.0060377,0.00616268,0.00629726,0.00643473,0.00657215,0.00670984,0.00685337,0.0070139,0.00720171,0.00742637,0.00768878,0.00798043,0.00828494,0.00857806,0.00884383,0.00907751,0.00929137,0.0095304,0.00982857,0.01021046,0.01070375,0.01131145,0.01201676,0.01277919,0.01355938,0.0143331,0.0150988,0.01589561,0.01677973,0.01781599,0.01906195,0.02054644,0.0222781,0.02423165,0.02637182,0.02867859,0.03114766,0.03381838,0.03676021,0.0400547,0.04377901,0.04797491,0.05265314,0.05777784,0.06330067,0.06920713,0.0755281,0.08238169,0.08993601,0.09838321,0.10787427,0.11843091,0.12997491,0.14231052,0.15522679,0.16867707,0.18279164,0.19798016,0.21485997,0.23383914,0.2551066,0.27857949,0.30377357,0.32953915,0.3544939,0.37781353,0.39736501,0.41505382,0.44126306,0.46997865,0.49039369,0.5564324
ERI,1996,0.07228941,0.01251904,0.01116457,0.00994747,0.00881672,0.00773952,0.00670719,0.00573513,0.00487329,0.00415832,0.00361918,0.00326147,0.00307067,0.00303516,0.00313171,0.00334103,0.00363252,0.00396657,0.00430819,0.00462143,0.00488968,0.00510439,0.00526772,0.00538964,0.00548318,0.00556519,0.00564821,0.00574197,0.00584976,0.00596983,0.00609869,0.00622985,0.00636069,0.00649164,0.00662838,0.00678242,0.00696429,0.00718393,0.00744244,0.00773141,0.00803436,0.00832661,0.00859178,0.00882467,0.00903877,0.00926562,0.00955556,0.00994332,0.01043725,0.01104332,0.01174674,0.01250572,0.01327896,0.01404147,0.0147915,0.01556869,0.01642971,0.01744184,0.01866439,0.02012523,0.0218337,0.0237637,0.02587816,0.0281541,0.03058747,0.03321977,0.03611552,0.03935853,0.04302858,0.04716374,0.05177677,0.05683569,0.06229109,0.06813018,0.07438377,0.08117208,0.08866244,0.0970323,0.1064457,0.11692852,0.12839698,0.14065826,0.15350915,0.166905,0.18099509,0.19622767,0.21317363,0.23245553,0.25433108,0.27860759,0.30495936,0.33265564,0.36057097,0.38820563,0.41564445,0.44261232,0.47058912,0.49973836,0.52899647,0.55953257
ERI,1997,0.06837849,0.01115166,0.01016383,0.00924739,0.00835541,0.00745636,0.00654353,0.00563956,0.00480858,0.00410187,0.00356126,0.0031995,0.00300496,0.00296855,0.00306785,0.00328316,0.00358265,0.00392478,0.00427516,0.00459714,0.00487169,0.00508903,0.00525013,0.00536762,0.00545811,0.00553844,0.00562048,0.00571323,0.00581906,0.0059357,0.00606003,0.00618607,0.00631172,0.0064379,0.00657029,0.00672041,0.00689881,0.0071152,0.00737069,0.00765683,0.00795703,0.00824668,0.00850932,0.00873981,0.00895152,0.00917753,0.00945273,0.00983237,0.01033384,0.01093956,0.01163911,0.01239374,0.013162,0.01391829,0.01466075,0.01542901,0.0162797,0.01727934,0.01848816,0.01993493,0.02162771,0.02354115,0.02563827,0.02789488,0.03030511,0.03291189,0.03578211,0.03899432,0.0426303,0.04673142,0.05130493,0.05632062,0.06173371,0.06752835,0.07373527,0.08047305,0.08791017,0.09622184,0.10555677,0.11595654,0.12734181,0.1395142,0.15227058,0.1655652,0.17953219,0.19459916,0.21135543,0.23029754,0.25182621,0.27573371,0.30126904,0.32772697,0.35472449,0.38100001,0.40629875,0.43299064,0.45982055,0.48865651,0.52257916,0.55196013
ERI,1998,0.06468433,0.01009384,0.00937643,0.00868868,0.00798369,0.00722779,0.00641296,0.00556541,0.00476011,0.00405996,0.00351768,0.00315229,0.00295462,0.0031227,0.00376848,0.00476467,0.00597166,0.00723916,0.00887387,0.01095506,0.01301856,0.01461632,0.01531877,0.01539898,0.01542452,0.01541823,0.01539818,0.01537772,0.0153031,0.01514231,0.01493837,0.01473407,0.01457206,0.01445393,0.01435659,0.01429088,0.01426768,0.01429915,0.01439006,0.01453437,0.01470975,0.01488548,0.01504067,0.01517385,0.01530163,0.01544703,0.01563873,0.01588999,0.01630766,0.01681893,0.0173488,0.01794967,0.01864496,0.0194331,0.02027272,0.02115623,0.02209217,0.02309964,0.02420248,0.02546499,0.02694833,0.02867613,0.03066672,0.03291455,0.03537623,0.03806722,0.04103434,0.04433231,0.04801979,0.05215977,0.05677983,0.06185076,0.06734885,0.0733513,0.07987785,0.08694324,0.0946153,0.10297037,0.11221785,0.12251019,0.13379581,0.14587063,0.15851416,0.17167253,0.18547483,0.20035514,0.21686781,0.23556173,0.25670802,0.28020654,0.30551056,0.33121702,0.35624547,0.38039646,0.40165961,0.42104204,0.43823083,0.45601638,0.482866,0.55873379
ERI,1999,0.06966737,0.01470432,0.01230822,0.01096926,0.00990942,0.00889566,0.00788147,0.00685994,0.00587281,0.0049863,0.00428205,0.00380336,0.00356117,0.00386222,0.00486597,0.00637201,0.00816616,0.01002526,0.01244683,0.01557071,0.01867352,0.0210578,0.02206148,0.02213052,0.02214364,0.0221151,0.02206455,0.02200855,0.02182997,0.02147057,0.02102627,0.0205893,0.02025861,0.02003845,0.01986751,0.01974795,0.01967773,0.01965566,0.01969194,0.01978775,0.0199281,0.02008802,0.02025037,0.02041149,0.02057362,0.02075753,0.0209852,0.02128307,0.02160334,0.0221395,0.02280252,0.02345401,0.02418229,0.02508509,0.0261382,0.02726729,0.0284184,0.02954721,0.03075382,0.03218679,0.03387088,0.03578838,0.03790726,0.04034651,0.04316796,0.0463169,0.04977377,0.0535416,0.05768932,0.06230628,0.06743119,0.07305154,0.07912073,0.08586373,0.09332276,0.10128862,0.10962635,0.11822098,0.12743112,0.13768609,0.14890621,0.16093312,0.17352059,0.18660924,0.2003098,0.21506074,0.2314449,0.24988692,0.27080633,0.2938862,0.31847218,0.34382636,0.36772792,0.38770035,0.40746754,0.43298341,0.46686394,0.49005614,0.49574903,0.52400689
ERI,2000,0.06090435,0.00975678,0.00895511,0.008409,0.00787726,0.00726757,0.00655472,0.00575624,0.00495095,0.00421901,0.00363657,0.00323862,0.0030253,0.00300221,0.00314873,0.00343527,0.00381852,0.00424351,0.00469579,0.00514391,0.00553694,0.00583754,0.00602205,0.00612921,0.00621662,0.00629824,0.00638253,0.00647551,0.00656637,0.00664789,0.00672829,0.00681339,0.00691298,0.00702715,0.00715194,0.00729759,0.00747322,0.00768691,0.007939,0.00822271,0.00852248,0.0088148,0.00908415,0.00932527,0.0095503,0.00979075,0.01008234,0.01046182,0.01095171,0.01154976,0.01227633,0.0130735,0.01386425,0.01464241,0.01541221,0.01620884,0.01708589,0.01810795,0.01933696,0.02080763,0.02253003,0.02447983,0.02661949,0.02892694,0.03139697,0.03406515,0.03699355,0.04026166,0.04395426,0.04811796,0.0527607,0.0578522,0.06334631,0.06925387,0.07560731,0.08248157,0.08999436,0.09828389,0.10754191,0.117858,0.12914915,0.14121896,0.15387104,0.16703906,0.18084769,0.19572165,0.21224012,0.23092384,0.2520472,0.27549558,0.3005831,0.32626838,0.35161326,0.3749905,0.39406409,0.41083818,0.43231148,0.46851235,0.50090523,0.51300942
ERI,2001,0.05615682,0.00766502,0.00746322,0.00723383,0.00692517,0.0064935,0.00592009,0.00522963,0.00451252,0.00385352,0.00332743,0.00296719,0.00277022,0.0027307,0.0028266,0.00304008,0.0033395,0.00368123,0.0040255,0.00433131,0.00458159,0.00477152,0.00490919,0.00501096,0.00509263,0.00517027,0.0052524,0.00534455,0.00544773,0.00555889,0.00567493,0.00579084,0.00590546,0.00602081,0.00614356,0.00628539,0.00645685,0.00666768,0.00691876,0.00720162,0.00749954,0.00778721,0.00804754,0.00827461,0.00848155,0.00870183,0.00897289,0.00933366,0.00980748,0.01039572,0.01107668,0.01183755,0.01262102,0.01336859,0.01408958,0.01482788,0.01564193,0.01660137,0.01776851,0.01917401,0.02082749,0.02270149,0.02475785,0.02696893,0.02932391,0.03186254,0.03465062,0.03777019,0.04130308,0.04529576,0.04976241,0.05466908,0.05997281,0.06565953,0.07175124,0.07836588,0.08567291,0.0938459,0.10303771,0.11328647,0.12451453,0.13651893,0.14909135,0.16219417,0.17594372,0.19074952,0.20717834,0.22574074,0.2467191,0.26988594,0.2946382,0.31964537,0.34368916,0.3660139,0.39075322,0.41639299,0.4331666,0.45291368,0.4902744,0.52382111
ERI,2002,0.0537962,0.0070745,0.00696164,0.00681821,0.00659146,0.00623376,0.00572117,0.00507532,0.00438767,0.00374674,0.00323179,0.00287858,0.00268589,0.00264869,0.00274537,0.00295865,0.00325726,0.00359732,0.00393844,0.00423904,0.00448307,0.00466689,0.00479921,0.00489686,0.00497523,0.00505083,0.00513245,0.00522433,0.00532665,0.0054361,0.00554959,0.00566231,0.00577343,0.00588521,0.00600441,0.00614287,0.00631107,0.00651874,0.0067669,0.007047,0.00734222,0.00762752,0.00788559,0.00811046,0.00831523,0.00853292,0.00880128,0.00915935,0.0096307,0.01021642,0.01089873,0.01163008,0.01239671,0.01315563,0.01387303,0.01460146,0.01540364,0.01634958,0.01750208,0.01889258,0.02053138,0.02239174,0.02443414,0.02663187,0.02897313,0.0314925,0.03425437,0.03733902,0.04082709,0.04476602,0.04917793,0.05404305,0.05932137,0.06500193,0.07110507,0.07771497,0.0849702,0.09302899,0.10203261,0.11205533,0.12310878,0.13511773,0.14796253,0.16157585,0.17598629,0.19127412,0.20760318,0.22517941,0.24416407,0.26460564,0.28659948,0.31037306,0.33534179,0.36217799,0.39202692,0.42567809,0.46058715,0.49309429,0.52283859,0.55403754
ERI,2003,0.05174951,0.0065771,0.00650011,0.00639486,0.00620797,0.00589264,0.00542447,0.00482307,0.00417617,0.00356959,0.003081,0.00274615,0.00256484,0.00253421,0.00263488,0.00284998,0.00314882,0.00348813,0.00383027,0.00413488,0.00438325,0.00456981,0.00470062,0.00479352,0.00486719,0.00493782,0.00501473,0.00510255,0.00520025,0.00530388,0.00541063,0.00551615,0.00562001,0.00572469,0.00583683,0.00596829,0.00612976,0.00633103,0.00657326,0.00684823,0.00713903,0.00742029,0.00767481,0.00789614,0.00809719,0.00831092,0.00857452,0.00892729,0.00939283,0.00997234,0.01064763,0.01137481,0.01210509,0.01284169,0.0135642,0.01428065,0.0150635,0.01598731,0.01711551,0.01848029,0.0200926,0.02192567,0.02393969,0.02610604,0.02841323,0.03089514,0.03361159,0.03664308,0.04007047,0.04394064,0.04827606,0.05306126,0.05826364,0.06386904,0.06989945,0.07644236,0.08362173,0.09158833,0.10048891,0.11039513,0.12131546,0.13319106,0.14591562,0.15941874,0.17370198,0.18888088,0.20511278,0.22255251,0.24138558,0.26172968,0.28343014,0.30665234,0.33165988,0.35766308,0.38537537,0.41560679,0.4493343,0.48473977,0.5177933,0.5474319
ERI,2004,0.04981101,0.00611699,0.00609374,0.00604714,0.00591992,0.00566134,0.00524247,0.00467924,0.00405894,0.00346963,0.00299216,0.00266451,0.00248778,0.00245876,0.00255787,0.00276937,0.0030633,0.00339671,0.0037302,0.00402262,0.00425758,0.00443232,0.00455637,0.00464695,0.0047195,0.00478971,0.00486615,0.00495334,0.00505058,0.00515353,0.00525906,0.0053629,0.00546477,0.0055672,0.00567702,0.00580618,0.0059654,0.00616462,0.0064049,0.00667804,0.00696726,0.00724715,0.00750021,0.00772029,0.0079201,0.00813259,0.00839517,0.00874667,0.0092112,0.00979009,0.0104648,0.01119033,0.0119215,0.01262424,0.01332467,0.01404797,0.01482383,0.01573655,0.01685437,0.01820902,0.0198115,0.02163481,0.02363844,0.02579284,0.02808458,0.03054819,0.03324415,0.03625023,0.03964845,0.043487,0.04778773,0.05253467,0.05769836,0.06327151,0.0692706,0.07578423,0.08294239,0.09088419,0.09975211,0.10962449,0.12050782,0.13234245,0.14504036,0.1585363,0.1728329,0.18802777,0.2043367,0.22196024,0.24104835,0.2618227,0.28427722,0.30856086,0.33480395,0.36301483,0.39277526,0.42405094,0.45568517,0.48777392,0.52022067,0.55044844
ERI,2005,0.04809463,0.00585152,0.00578095,0.00570158,0.00555268,0.00528763,0.00488249,0.00435314,0.00377794,0.00323528,0.00279737,0.00249857,0.00234032,0.00232091,0.0024229,0.00263167,0.00291919,0.00324452,0.00357111,0.00385991,0.00409317,0.00426639,0.00438717,0.00447356,0.00454212,0.00460749,0.00467831,0.00475915,0.00484939,0.00494503,0.005043,0.00513911,0.00523346,0.00532835,0.00543022,0.00555135,0.0057027,0.00589454,0.0061283,0.00639597,0.00668084,0.00695733,0.00720744,0.00742433,0.00762075,0.00782935,0.00808744,0.00843421,0.00889331,0.0094664,0.01013498,0.01085282,0.01157295,0.01226461,0.01291858,0.01360798,0.014377,0.01526677,0.01635606,0.01768229,0.01925617,0.02105024,0.02302286,0.02514295,0.02739519,0.02981192,0.03245355,0.03539809,0.03872516,0.04248479,0.04670208,0.05136215,0.05643629,0.061922,0.06784154,0.07427216,0.08134104,0.08918897,0.09794757,0.1076945,0.11844459,0.1301398,0.14269031,0.15605668,0.17024131,0.18533178,0.20150723,0.21899206,0.23796159,0.2585116,0.28069056,0.30450426,0.33011194,0.35751049,0.38676638,0.4172081,0.44885194,0.48074746,0.51301717,0.54594068
ERI,2006,0.04613713,0.00546461,0.00538616,0.00528235,0.00511282,0.00484176,0.00445157,0.00395896,0.00343418,0.00294525,0.00255406,0.00228982,0.00215327,0.00214268,0.00224272,0.00244098,0.00271224,0.00301886,0.00332476,0.003592,0.00380556,0.00396308,0.00407392,0.00415439,0.00421865,0.00428036,0.00434716,0.00442342,0.00450916,0.00460104,0.00469556,0.00478749,0.00487583,0.00496308,0.0050566,0.00516874,0.00531085,0.00549342,0.00571814,0.00597735,0.00625428,0.00652326,0.00676607,0.00697531,0.00716326,0.00736291,0.00761152,0.00794833,0.00839736,0.00895959,0.00961627,0.01032045,0.01102345,0.01169248,0.01232228,0.01295013,0.01366791,0.01453464,0.01558673,0.01687032,0.01840099,0.02014991,0.02207448,0.02414119,0.02633216,0.02867807,0.03123747,0.03408886,0.03731233,0.0409573,0.04505065,0.04958165,0.05452435,0.05987252,0.06565111,0.07194329,0.07886592,0.0865638,0.09516823,0.10474143,0.11530296,0.12680626,0.13916573,0.15233805,0.16634445,0.18127126,0.19727901,0.21454104,0.23322724,0.25347428,0.27523203,0.29854842,0.32365892,0.35047829,0.37877291,0.40846545,0.43879147,0.46997826,0.50127866,0.53378999
ERI,2007,0.0445264,0.00518055,0.00510746,0.00501052,0.00485137,0.0045963,0.00422775,0.00376212,0.00326568,0.002803,0.00243362,0.0021849,0.00205843,0.00205304,0.00215443,0.0023516,0.00261948,0.00292162,0.00322274,0.00348506,0.00369409,0.00384715,0.00395405,0.00403103,0.00409255,0.00415208,0.00421692,0.00429095,0.00437362,0.00446224,0.00455262,0.00464049,0.00472483,0.00480732,0.0048963,0.0050034,0.00514044,0.0053188,0.00553922,0.00579548,0.00606961,0.00633573,0.00657659,0.00678268,0.00696828,0.00716454,0.00740912,0.00774384,0.00818964,0.00875121,0.00940658,0.01010681,0.0108065,0.0114663,0.01208521,0.0127029,0.01337519,0.0142151,0.01526889,0.01654436,0.01806438,0.01980099,0.02171551,0.02376759,0.0259419,0.02826725,0.03079734,0.03361652,0.03680275,0.04040906,0.0444636,0.0489518,0.05385548,0.05916636,0.06490626,0.07116438,0.07805504,0.08571565,0.0942839,0.10382591,0.11435558,0.12581842,0.13814088,0.1512804,0.16523894,0.18014844,0.19615036,0.21338365,0.23197467,0.25197795,0.27334448,0.29603836,0.31973571,0.34466754,0.37009967,0.39283842,0.41707087,0.44735017,0.47653517,0.53833099
ERI,2008,0.0432302,0.00499741,0.00488014,0.00476678,0.00460408,0.00435553,0.00400335,0.00356165,0.00309163,0.00265391,0.00230512,0.00207168,0.00195571,0.00195773,0.00206492,0.00226623,0.00253672,0.00283978,0.00314288,0.00340996,0.00362393,0.0037796,0.00388453,0.00395718,0.00401579,0.00407325,0.00413668,0.004209,0.00428781,0.00436995,0.00445222,0.00453175,0.00460918,0.0046859,0.00476914,0.00487046,0.00500164,0.00517399,0.00538839,0.00563883,0.0059076,0.006169,0.00640565,0.00660787,0.00678981,0.00698228,0.00722258,0.00755302,0.00799444,0.00855162,0.00920271,0.00989748,0.01058977,0.01123993,0.0118463,0.01244829,0.013107,0.01389959,0.01492037,0.01619513,0.01770238,0.01942282,0.02132154,0.023356,0.02550932,0.02780836,0.03030522,0.03308405,0.03622293,0.03977715,0.04377724,0.04820961,0.05305794,0.05831823,0.06401212,0.07021969,0.07705103,0.08464294,0.09312213,0.10257019,0.1130124,0.12438075,0.13660771,0.14966553,0.16354881,0.17836986,0.19429091,0.21148602,0.23006395,0.25000545,0.27131701,0.29385137,0.31754726,0.34233593,0.36794541,0.3962055,0.42294804,0.44652209,0.47582512,0.50400767
ERI,2009,0.04169484,0.00456926,0.00450588,0.00442018,0.00427871,0.0040529,0.0037286,0.0033208,0.00288736,0.00248433,0.00216367,0.00194982,0.00184495,0.001849,0.00195027,0.00213983,0.00239529,0.00268287,0.00296878,0.00321673,0.00341303,0.00355521,0.00365332,0.00372344,0.00377917,0.00383311,0.00389236,0.00396063,0.00403664,0.00411749,0.00419896,0.00427684,0.0043509,0.00442315,0.00450149,0.00459739,0.00472296,0.00488993,0.00509952,0.00534596,0.00561147,0.00587007,0.00610402,0.00630306,0.00648111,0.00666911,0.00690424,0.00722868,0.00766411,0.00821504,0.00885917,0.00954582,0.01022701,0.01086196,0.01144882,0.01202729,0.01265934,0.01342812,0.01439155,0.01562557,0.01712539,0.01882173,0.02068909,0.02268819,0.02479961,0.0270499,0.02949066,0.03220617,0.03527512,0.03875315,0.0426733,0.04702428,0.0517889,0.05696174,0.06256348,0.06867515,0.0754079,0.0829026,0.09128811,0.10062831,0.1109584,0.12222571,0.13434627,0.14729399,0.16108558,0.17583107,0.19166887,0.2087872,0.22736638,0.24741464,0.26889245,0.29182895,0.31621385,0.34192177,0.36910815,0.39789103,0.42958161,0.46251685,0.49803898,0.53487715
ERI,2010,0.0403643,0.0043279,0.00426635,0.00418334,0.00404804,0.0038337,0.00352704,0.00314219,0.00273363,0.00235417,0.00205289,0.00185302,0.0017569,0.00176601,0.0018702,0.00206084,0.00231606,0.00260252,0.00288875,0.00313933,0.00333835,0.00348208,0.00357867,0.00364544,0.0036987,0.00375048,0.00380751,0.00387314,0.00394618,0.00402333,0.00410015,0.00417271,0.00424086,0.00430701,0.0043797,0.00447018,0.00459028,0.00475188,0.00495638,0.00519816,0.00545956,0.00571445,0.00594484,0.00614029,0.00631447,0.0064982,0.00672893,0.0070488,0.00747904,0.00802509,0.0086645,0.00934583,0.0100207,0.01064635,0.0112208,0.01178435,0.01239897,0.01314862,0.014097,0.01527976,0.01674598,0.01844726,0.02030395,0.02228611,0.02437776,0.02660289,0.02901257,0.03169087,0.0347167,0.0381475,0.04201731,0.0463177,0.05103469,0.05616137,0.06171927,0.06778708,0.07447136,0.08190999,0.09023407,0.09951529,0.10977673,0.12097757,0.13305216,0.14595377,0.15969308,0.1744028,0.19021836,0.20728475,0.22577329,0.24579327,0.26726533,0.28999313,0.3140212,0.33905123,0.36527884,0.39192911,0.41668765,0.44250303,0.4720731,0.5006218
ERI,2011,0.03920055,0.00410435,0.00403414,0.00394275,0.00380285,0.0035914,0.00329805,0.00293692,0.00255769,0.00220771,0.00193102,0.0017487,0.00166314,0.00167555,0.00177659,0.00195898,0.00220287,0.00247729,0.00275064,0.00298818,0.00317556,0.00331006,0.00340174,0.00346614,0.0035167,0.00356546,0.00361894,0.00368071,0.00375,0.00382426,0.00389865,0.00396836,0.00403292,0.00409444,0.004162,0.00424765,0.00436304,0.0045199,0.00471994,0.00495785,0.00521616,0.00546877,0.0056973,0.00589083,0.0060627,0.0062434,0.00647027,0.00678582,0.00721138,0.00775204,0.00838601,0.00906085,0.00972672,0.01034014,0.01089782,0.01144106,0.0120332,0.01275859,0.01368157,0.0148437,0.0162498,0.01791164,0.01976934,0.02173018,0.02379003,0.02597761,0.0283422,0.0309682,0.03393505,0.03730059,0.04110077,0.04532855,0.04997207,0.05502587,0.06050831,0.06649857,0.07309993,0.08044652,0.08866718,0.09783693,0.10798748,0.11906812,0.13102598,0.14382848,0.15746535,0.17205611,0.1877735,0.20476562,0.2231385,0.24296944,0.26432974,0.28704007,0.31088694,0.33585653,0.3619938,0.38867848,0.41735859,0.44486691,0.46830081,0.49673206
ERI,2012,0.03801149,0.0038711,0.00381406,0.00373712,0.00361354,0.00342044,0.00314684,0.00280562,0.0024448,0.00211066,0.00184647,0.0016731,0.00159324,0.00160821,0.00170931,0.00188999,0.00213086,0.00240126,0.00266953,0.00290089,0.00308173,0.00321001,0.00329638,0.00335744,0.0034062,0.0034542,0.0035076,0.00356914,0.00363775,0.00371065,0.00378344,0.00385125,0.00391323,0.00397165,0.00403546,0.00411715,0.00422904,0.00438255,0.00457901,0.00481324,0.00506786,0.00531683,0.00554185,0.00573182,0.00590008,0.00607715,0.00630023,0.00661179,0.00703361,0.00757075,0.00820072,0.00887158,0.00953251,0.01013873,0.01068707,0.01121797,0.0117958,0.01250627,0.0134137,0.01455997,0.01595662,0.01756427,0.01938805,0.02136029,0.02340996,0.02557789,0.02791869,0.03051557,0.03344809,0.03677503,0.04053267,0.04471573,0.04931342,0.05432144,0.05976079,0.06570665,0.0722644,0.07956456,0.08773206,0.09684359,0.10693288,0.11795279,0.12983716,0.14256607,0.15614676,0.17067528,0.18631051,0.2032523,0.22160423,0.24136442,0.2625347,0.28505867,0.30886545,0.33345436,0.35796937,0.38442954,0.41220323,0.44619674,0.48292703,0.49610319
ERI,2013,0.03693651,0.00369257,0.00364639,0.00358457,0.00347774,0.00330193,0.00304531,0.00271971,0.00237207,0.00204836,0.00179191,0.00162389,0.0015474,0.00156541,0.00167033,0.00185539,0.00210097,0.00237565,0.00264994,0.00288981,0.00307899,0.00321311,0.00330013,0.00335844,0.00340545,0.00345243,0.00350498,0.00356568,0.00363251,0.0037023,0.00377102,0.00383476,0.00389299,0.00394758,0.00400738,0.00408471,0.00419236,0.00434233,0.00453565,0.00476687,0.00501869,0.00526507,0.00548761,0.00567521,0.00584099,0.0060155,0.00623601,0.00654485,0.00696373,0.00749817,0.00812564,0.00879336,0.00945122,0.01005384,0.01059707,0.01112163,0.01169095,0.01239145,0.0132887,0.0144248,0.01581159,0.01741615,0.01919026,0.02113666,0.02320796,0.02537486,0.02770574,0.03028929,0.03320495,0.03651195,0.04024797,0.04440791,0.04898235,0.05396903,0.05938887,0.06531905,0.07185939,0.07914162,0.08728869,0.0963742,0.10643475,0.11742569,0.12928518,0.14197795,0.15552379,0.17004662,0.18567096,0.20258155,0.22093783,0.24072101,0.26184488,0.28411439,0.30750097,0.33157908,0.35678951,0.3829843,0.41472683,0.44578285,0.47886204,0.52016291
ERI,2014,0.03590219,0.00350704,0.00346058,0.00339509,0.00328605,0.00311321,0.00286742,0.0025608,0.00223664,0.00193653,0.00169968,0.00154552,0.00147722,0.00149696,0.00159746,0.00177333,0.00200703,0.00226956,0.00253021,0.00275515,0.00293076,0.00305481,0.0031374,0.00319431,0.00323888,0.00328308,0.00333256,0.00339006,0.00345447,0.00352284,0.00359067,0.00365341,0.00371043,0.00376317,0.00382011,0.00389375,0.00399697,0.00414262,0.00433265,0.00456144,0.00481146,0.00505664,0.00527825,0.00546473,0.00562894,0.00580112,0.00601866,0.00632415,0.00673932,0.00726987,0.00789352,0.00855657,0.00920722,0.00980021,0.0103308,0.01083952,0.0113912,0.01207228,0.01294918,0.01406464,0.01542981,0.01701179,0.01876883,0.02064472,0.02267259,0.02484374,0.02714908,0.02969536,0.03256833,0.03582744,0.03951087,0.04361517,0.04813087,0.05305662,0.058414,0.06427879,0.07075482,0.07796918,0.08604625,0.09505412,0.10502549,0.11592368,0.12769203,0.14030114,0.15375507,0.16818926,0.1837526,0.20058665,0.21884544,0.23858062,0.25964607,0.28178974,0.30479186,0.3286772,0.35341405,0.38154446,0.41040289,0.44706986,0.48481879,0.50942452
ERI,2015,0.03492856,0.00331116,0.00327106,0.00321171,0.00311059,0.00294873,0.00271749,0.00242837,0.00212253,0.00183947,0.00161651,0.00147228,0.00141008,0.00143244,0.00153287,0.00170662,0.00193673,0.00219493,0.00245104,0.00267116,0.00284192,0.00296155,0.00304053,0.00309487,0.00313753,0.00317988,0.00322801,0.00328422,0.00334709,0.00341379,0.00347961,0.00353991,0.00359404,0.00364399,0.00369808,0.00376823,0.00386738,0.00400822,0.00419334,0.00441794,0.00466427,0.00490592,0.00512413,0.00530717,0.00546773,0.005636,0.00584914,0.00614988,0.00656024,0.0070858,0.00770428,0.00836229,0.00900703,0.00959144,0.01011176,0.01060849,0.01114603,0.01181174,0.01267139,0.01376871,0.0151159,0.01667907,0.01841628,0.02027877,0.02223274,0.02435881,0.02667144,0.02919463,0.0320326,0.03525127,0.03888968,0.04294473,0.04740906,0.05228025,0.05758177,0.06339096,0.06980866,0.07696539,0.08497929,0.09392012,0.10381746,0.1146289,0.126302,0.13881429,0.15217103,0.16649142,0.18194393,0.19868297,0.21680828,0.23628615,0.25706366,0.27886279,0.3008557,0.32284591,0.34997726,0.37941938,0.41111259,0.44138946,0.47704618,0.51587641
ERI,2016,0.03402963,0.00309301,0.00308107,0.00304974,0.00297596,0.00283965,0.00263067,0.00235935,0.0020665,0.00179229,0.00157506,0.00143423,0.00137371,0.00139689,0.00149798,0.00167237,0.00190324,0.00216205,0.0024195,0.00264196,0.00281469,0.00293524,0.00301341,0.00306619,0.00310775,0.00314909,0.00319582,0.00325079,0.00331223,0.00337699,0.00344073,0.00349878,0.00355053,0.00359797,0.00364989,0.00371792,0.0038144,0.00395215,0.00413372,0.00435506,0.00459912,0.00483911,0.00505575,0.00523719,0.00539601,0.00556229,0.00577316,0.00607115,0.00647846,0.00700099,0.00761625,0.0082707,0.00891203,0.00949241,0.01000668,0.01049668,0.01102675,0.01168378,0.01253397,0.01362014,0.01495546,0.01650712,0.01823202,0.02008116,0.02202905,0.0240857,0.02636331,0.02890808,0.03173699,0.03493677,0.03855276,0.04258311,0.04702043,0.05186403,0.05713502,0.0629119,0.06929764,0.07641923,0.08439795,0.09330084,0.10315872,0.11392643,0.12554753,0.13800383,0.15130969,0.1655804,0.18097157,0.19765315,0.21574215,0.23519424,0.25584346,0.2774863,0.29975517,0.32241204,0.34483532,0.376934,0.41275357,0.45470907,0.47550749,0.50449458
ERI,2017,0.03309867,0.00289229,0.00290693,0.00290236,0.00285495,0.00274326,0.00255526,0.0022999,0.00201801,0.00175067,0.00153761,0.00139922,0.0013399,0.00136287,0.00146229,0.00163418,0.00186216,0.00211795,0.00237087,0.00258684,0.0027525,0.00286661,0.00294078,0.00299179,0.00303264,0.00307404,0.00312101,0.00317573,0.00323707,0.00330175,0.00336517,0.00342291,0.00347416,0.00352088,0.00357185,0.00363926,0.00373513,0.0038716,0.00405131,0.00427009,0.0045116,0.00474981,0.00496508,0.00514512,0.0053024,0.00546693,0.00567585,0.00597176,0.00637679,0.00689718,0.00751065,0.00816305,0.00880147,0.00937843,0.00988815,0.01037151,0.01089467,0.01154474,0.01238761,0.01346642,0.0147931,0.01633545,0.01805146,0.01989031,0.02182616,0.02387843,0.02608349,0.02859134,0.03144316,0.03463525,0.03823444,0.04224511,0.04666089,0.05148043,0.05672739,0.06247698,0.06883355,0.07592759,0.08387791,0.09275324,0.10258073,0.11331698,0.12490317,0.1373168,0.15057487,0.16480222,0.18014736,0.19678783,0.2148366,0.23428078,0.25496387,0.2765246,0.29857407,0.32136415,0.3484091,0.37588262,0.40925925,0.44412293,0.48453064,0.50390337
ERI,2018,0.03216858,0.00278704,0.00277704,0.00274961,0.00268427,0.00256312,0.00237707,0.00213528,0.00187426,0.00163,0.00143715,0.00131371,0.00126376,0.00129075,0.00138985,0.00155785,0.00177965,0.00202845,0.00227479,0.00248526,0.00264678,0.00275797,0.00282974,0.00287863,0.00291725,0.00295632,0.00300068,0.00305243,0.00311031,0.00317185,0.00323234,0.00328705,0.0033353,0.00337868,0.00342581,0.00348877,0.00358019,0.00371206,0.00388664,0.0041002,0.00433659,0.00457048,0.00478269,0.00496011,0.0051144,0.00527529,0.00547978,0.00577052,0.00616985,0.00668404,0.0072913,0.00793741,0.00856837,0.0091354,0.00963306,0.01010175,0.01060675,0.01123743,0.01205997,0.01311734,0.01442196,0.01594019,0.01763051,0.0194428,0.02134831,0.02336553,0.02554029,0.02794318,0.03072748,0.0339126,0.03746882,0.04142577,0.0457851,0.05054631,0.05573216,0.06141948,0.06770622,0.07472338,0.08259172,0.09137778,0.1011152,0.11175778,0.12325257,0.13557955,0.14874996,0.16289016,0.17815378,0.1947056,0.2126877,0.23207924,0.25278887,0.27451072,0.29678341,0.31908409,0.34162556,0.37302087,0.40714714,0.44282377,0.47327174,0.51113916
ERI,2019,0.03131422,0.00260733,0.00262286,0.00262109,0.00258083,0.00248271,0.00231577,0.00208789,0.00183577,0.00159655,0.00140643,0.00128435,0.00123497,0.00126203,0.00136088,0.00152856,0.00175004,0.00199836,0.0022437,0.00245235,0.002611,0.00271913,0.00278832,0.00283538,0.00287321,0.0029122,0.00295707,0.00300932,0.00306728,0.00312801,0.00318753,0.00324121,0.00328831,0.00333085,0.00337718,0.0034392,0.0035294,0.00366022,0.00383365,0.00404538,0.0042794,0.00451039,0.00471982,0.00489531,0.00504811,0.00520741,0.00541011,0.00569875,0.00609572,0.00660742,0.00721186,0.00785524,0.00848357,0.00904741,0.00954088,0.0100052,0.01050528,0.01112923,0.01194506,0.01299577,0.01429342,0.01580456,0.01748574,0.01928764,0.02118306,0.02318802,0.02534836,0.02774559,0.03044702,0.03358917,0.03717062,0.04111959,0.04546176,0.05020487,0.05537082,0.06103447,0.06729807,0.07428459,0.08211769,0.09086882,0.100567,0.11117518,0.12263354,0.13492583,0.14806452,0.16216538,0.17739606,0.19392503,0.2118831,0.23129433,0.25206787,0.27413737,0.29716935,0.32047326,0.34528246,0.37051075,0.40257966,0.44020771,0.48895047,0.50633861
ERI,2020,0.03048305,0.00245615,0.00247814,0.00248374,0.00245251,0.00236551,0.00221171,0.0019982,0.00176001,0.00153298,0.00135234,0.00123679,0.00119121,0.00121969,0.00131815,0.00148405,0.0017029,0.00194825,0.00219061,0.00239649,0.00255266,0.00265831,0.00272543,0.0027709,0.00280735,0.00284529,0.00288905,0.00294029,0.00299711,0.0030564,0.00311389,0.00316567,0.00321096,0.0032516,0.00329619,0.0033563,0.00344426,0.00357248,0.0037436,0.00395317,0.0041848,0.00441334,0.00462007,0.00479306,0.00494403,0.00510158,0.00530202,0.00558787,0.00599477,0.00653813,0.00718954,0.00788827,0.00857391,0.00920481,0.00978415,0.01034919,0.01096223,0.01170728,0.01266406,0.01388683,0.01537769,0.01709268,0.01897865,0.02100439,0.02315384,0.02541819,0.02781374,0.03039599,0.03326739,0.03649846,0.0402077,0.04431748,0.04870936,0.05329378,0.05807834,0.06325816,0.06905371,0.07572109,0.08345712,0.09231917,0.1023364,0.11348259,0.12571431,0.13937869,0.15450907,0.17049842,0.18675291,0.20282876,0.21904873,0.23626415,0.2549376,0.27548588,0.29821923,0.3225561,0.34698416,0.37547573,0.40471703,0.43768225,0.47576308,0.53326813
ERI,2021,0.02957124,0.00234063,0.0023608,0.0023653,0.00233492,0.00225191,0.00210588,0.00190358,0.0016782,0.00146365,0.00129337,0.00118528,0.0011443,0.0011747,0.00127299,0.0014371,0.00165307,0.00189487,0.00213326,0.00233502,0.00248724,0.00258951,0.00265371,0.00269724,0.00273258,0.00276983,0.00281323,0.00286393,0.00292017,0.00297862,0.00303488,0.00308471,0.00312815,0.00316842,0.0032151,0.00327961,0.00337353,0.00350874,0.00369533,0.00393476,0.00420683,0.00448226,0.0047388,0.00497124,0.00519805,0.00544372,0.0057392,0.00612151,0.00661248,0.00722345,0.00793576,0.00869815,0.00945897,0.01017372,0.01083808,0.01149135,0.01219877,0.01304893,0.01412867,0.0154943,0.01714779,0.01904163,0.0211174,0.02335803,0.02575072,0.02827192,0.03092486,0.03374808,0.0368508,0.0403259,0.04416355,0.04845357,0.05309497,0.05797892,0.06322106,0.06893334,0.07523831,0.08229292,0.09039552,0.09974345,0.11036563,0.12224041,0.13529633,0.15040063,0.16768183,0.18594566,0.204017,0.22082381,0.23710704,0.25444726,0.27327277,0.29417793,0.31746988,0.34287253,0.36919287,0.39333467,0.42352046,0.45666077,0.48844308,0.52289811
ERI,2022,0.02931105,0.00231956,0.0023395,0.00234392,0.00231376,0.00223142,0.00208674,0.00188632,0.00166302,0.00145044,0.00128172,0.00117463,0.00113403,0.00116414,0.0012615,0.00142406,0.00163806,0.00187762,0.00211372,0.00231347,0.0024642,0.00256574,0.00262982,0.00267327,0.00270878,0.00274628,0.00278996,0.00284101,0.00289745,0.00295627,0.00301294,0.00306327,0.00310676,0.00314738,0.00319458,0.00325954,0.0033541,0.00348972,0.00367637,0.0039155,0.00418755,0.0044632,0.00471966,0.00495172,0.00517745,0.00542192,0.00571687,0.00609893,0.00658927,0.00719927,0.00791047,0.00867164,0.00943152,0.01014528,0.01080936,0.01146333,0.01217092,0.01302071,0.01410104,0.01546734,0.01711932,0.01901198,0.02108749,0.02332774,0.0257201,0.02823827,0.03088669,0.03370735,0.03680686,0.04027937,0.0441312,0.0483133,0.05291415,0.0578704,0.06313516,0.06885636,0.07516798,0.08222494,0.09032477,0.09967696,0.11029377,0.12215908,0.13521513,0.15030839,0.16759179,0.18584601,0.2038995,0.22069874,0.23696375,0.25436169,0.27329628,0.29431275,0.31788859,0.34373535,0.37102175,0.3991239,0.42443307,0.45468369,0.49043763,0.52087056
ERI,2023,0.02860423,0.00233954,0.00235604,0.00235752,0.00232475,0.00224001,0.00209286,0.00189031,0.00166527,0.00145128,0.00128134,0.00117299,0.00113091,0.00115905,0.00125372,0.00141264,0.00162211,0.00185704,0.00208918,0.00228656,0.00243676,0.00253926,0.00260519,0.00265061,0.0026875,0.00272603,0.00277067,0.00282263,0.00288036,0.00294079,0.00299976,0.00305318,0.00310004,0.003143,0.00319144,0.00325639,0.00334964,0.00348276,0.00366152,0.00388466,0.00413487,0.00438567,0.00461652,0.00481832,0.00500581,0.00520578,0.00545211,0.00578491,0.00622511,0.00678101,0.00743312,0.00812861,0.008817,0.00945201,0.01002854,0.01058693,0.01118896,0.01192321,0.01286643,0.01406885,0.01553616,0.0172256,0.01909245,0.02110188,0.02323264,0.02548081,0.02786573,0.03045439,0.03334039,0.03659843,0.04025255,0.04428134,0.0486508,0.05347714,0.0587496,0.06444398,0.07071181,0.07770538,0.08563173,0.09463013,0.10473178,0.11589911,0.12808414,0.14169992,0.15681415,0.17290259,0.18944065,0.20599498,0.22300742,0.24135691,0.26133497,0.28327107,0.30730056,0.33321972,0.36062668,0.38845078,0.41632089,0.44135179,0.47017579,0.50412266
ERI,2024,0.025275,0.00215016,0.00216476,0.00216669,0.00213821,0.00206267,0.00192848,0.0017435,0.00153771,0.00134183,0.00118625,0.00108682,0.00104847,0.00107495,0.00116293,0.00131048,0.00150438,0.00172246,0.00193907,0.00212486,0.00226802,0.00236719,0.00243255,0.00247857,0.00251627,0.00255485,0.0025997,0.00265167,0.00270947,0.00277056,0.00283083,0.00288758,0.00293862,0.00298544,0.00303583,0.00310106,0.00319286,0.0033217,0.00349011,0.00369439,0.00391998,0.00414325,0.00434737,0.00452041,0.00467285,0.00483218,0.00503104,0.00531211,0.00569712,0.00619187,0.00677598,0.00739513,0.0080024,0.0085515,0.00903637,0.00949549,0.00998567,0.01059622,0.01139079,0.01241203,0.01367332,0.01513514,0.01676234,0.018508,0.02034445,0.02228764,0.0243735,0.02668741,0.0293078,0.03229355,0.03568223,0.03946852,0.04365082,0.04821435,0.05328626,0.05888814,0.06501483,0.07183076,0.07946138,0.08797787,0.09741715,0.10775593,0.1189324,0.13093323,0.1437723,0.1575576,0.17245981,0.18862079,0.20620435,0.22530239,0.24598691,0.26841625,0.29258012,0.31818278,0.34502187,0.37263215,0.40038491,0.42789452,0.45274301,0.48075146
ERI,2025,0.02421676,0.00207115,0.00208385,0.00208512,0.00205767,0.00198548,0.00185685,0.00167948,0.00148209,0.00129421,0.00114505,0.00104988,0.00101363,0.00104002,0.00112597,0.00126971,0.00145841,0.00167073,0.00188188,0.00206338,0.00220359,0.00230091,0.00236528,0.00241084,0.00244839,0.00248692,0.0025315,0.00258319,0.00264069,0.00270149,0.00276179,0.00281893,0.0028708,0.00291864,0.00296983,0.00303498,0.00312663,0.00325485,0.003422,0.00362482,0.00384878,0.00407059,0.00427373,0.00444703,0.00460049,0.00476044,0.00495857,0.00523695,0.005618,0.00610888,0.00668914,0.00730357,0.0079066,0.00845247,0.00893529,0.00939306,0.0098803,0.01048735,0.01127765,0.0122928,0.01354604,0.01499837,0.01661543,0.01834857,0.02017342,0.02210576,0.02417838,0.02647741,0.02907859,0.03204209,0.0354074,0.0391667,0.04332064,0.04786818,0.05281522,0.05834899,0.06451056,0.07131028,0.07890916,0.08738604,0.09677769,0.10706246,0.11818808,0.13013125,0.14291307,0.15665047,0.17150144,0.18762635,0.20515742,0.22416977,0.24472227,0.26696483,0.29102679,0.3167519,0.34384487,0.37187912,0.40044105,0.42833651,0.45529139,0.47939309
ERI,2026,0.02325824,0.00199906,0.00200985,0.00201048,0.00198402,0.00191483,0.00179123,0.00162084,0.00143114,0.00125055,0.00110727,0.00101599,0.00098167,0.00100799,0.00109209,0.00123236,0.00141628,0.00162337,0.00182948,0.00200699,0.00214452,0.00224023,0.00230372,0.00234877,0.00238604,0.00242436,0.0024689,0.00252024,0.00257743,0.00263799,0.00269813,0.00275569,0.0028081,0.00285685,0.00290894,0.00297458,0.00306579,0.00319326,0.0033593,0.00356058,0.00378317,0.00400383,0.00420633,0.0043796,0.004534,0.00469523,0.00489337,0.00517027,0.0055477,0.00603382,0.00661003,0.00722053,0.00781995,0.00836309,0.00884409,0.0093007,0.00978581,0.01038944,0.01117549,0.01218562,0.01343233,0.01487547,0.01648374,0.01820803,0.02002182,0.0219441,0.02400588,0.02629259,0.02887963,0.03182464,0.03516863,0.03890519,0.04303414,0.0475559,0.05249119,0.05789456,0.06398735,0.07083082,0.07841847,0.08686856,0.09622623,0.10647199,0.11755243,0.12945549,0.14219188,0.15588578,0.17070931,0.18680254,0.20432345,0.22330693,0.24379254,0.26590909,0.28978696,0.31544097,0.34268524,0.37099119,0.40004974,0.42882233,0.45632228,0.48271891
ERI,2027,0.02234021,0.00192856,0.00193777,0.00193778,0.00191237,0.00184619,0.00172746,0.00156381,0.00138157,0.00120803,0.00107041,0.00098287,0.00095038,0.00097659,0.00105885,0.00119568,0.00137491,0.00157681,0.00177796,0.00195144,0.00208616,0.00218027,0.00224291,0.00228744,0.00232431,0.00236226,0.00240655,0.00245767,0.0025144,0.00257462,0.00263454,0.00269221,0.0027451,0.00279437,0.00284719,0.00291334,0.00300455,0.00313084,0.00329539,0.00349493,0.00371565,0.00393497,0.00413671,0.0043099,0.0044646,0.00462673,0.00482531,0.00510115,0.0054757,0.00595663,0.00652677,0.00713199,0.00772745,0.00826738,0.00874602,0.00920077,0.0096831,0.0102831,0.01106359,0.01206692,0.01330602,0.01473896,0.01633564,0.0180491,0.01985206,0.02176087,0.02380845,0.02608065,0.0286509,0.03157664,0.03489634,0.03860457,0.04270435,0.04719436,0.05209664,0.05748139,0.06342565,0.07018717,0.07781366,0.08624133,0.09555884,0.10575759,0.11678388,0.12862582,0.14130598,0.15493712,0.16970201,0.18575199,0.20322318,0.22218044,0.24261191,0.26461469,0.28830361,0.31372576,0.34085622,0.36925582,0.39856713,0.42778933,0.4561616,0.48310406
ERI,2028,0.02146612,0.00186099,0.00186875,0.00186822,0.00184366,0.00178035,0.00166637,0.00150914,0.00133404,0.00116729,0.0010351,0.00095114,0.00092041,0.00094652,0.001027,0.00116058,0.00133535,0.00153233,0.00172876,0.00189845,0.00203049,0.00212297,0.00218488,0.00222902,0.00226552,0.00230303,0.00234697,0.00239777,0.00245427,0.00251409,0.00257381,0.00263164,0.00268483,0.00273471,0.00278801,0.00285466,0.00294609,0.00307186,0.00323476,0.00343253,0.00365158,0.00386947,0.00407066,0.00424402,0.00439935,0.00456207,0.00476113,0.00503691,0.00540976,0.00588721,0.00645188,0.00705076,0.00764197,0.00817948,0.00865635,0.00910971,0.00958956,0.01018642,0.01096262,0.01195967,0.01319158,0.01461597,0.0162031,0.01790617,0.01969989,0.02159948,0.02363356,0.02589234,0.02844876,0.03135843,0.03465989,0.03834443,0.04241772,0.04688106,0.0517544,0.05710905,0.06303923,0.06964536,0.07719035,0.08566788,0.09496999,0.10513774,0.11612618,0.12792446,0.14055526,0.15414373,0.16886343,0.18487216,0.20232347,0.22125448,0.24168895,0.26365269,0.28722771,0.31247593,0.33940466,0.36772727,0.3972105,0.4267381,0.45564581,0.48357716
ERI,2029,0.02062377,0.00179466,0.00180122,0.00180034,0.00177675,0.00171615,0.00160681,0.00145591,0.00128773,0.00112755,0.00100065,0.00092017,0.00089111,0.00091709,0.00099582,0.00112615,0.00129654,0.00148867,0.00168047,0.00184639,0.00197579,0.00206661,0.00212766,0.00217143,0.00220765,0.00224473,0.00228822,0.00233855,0.00239465,0.00245423,0.00251362,0.00257155,0.002625,0.00267523,0.00272903,0.00279585,0.00288741,0.00301277,0.00317455,0.00337019,0.00358731,0.00380371,0.00400399,0.00417749,0.00433349,0.00449694,0.00469593,0.00497139,0.00534327,0.00581805,0.0063785,0.00697092,0.00755592,0.00808992,0.00856513,0.00901707,0.00949435,0.01008773,0.01085933,0.01185039,0.01307429,0.01448895,0.01606644,0.01775925,0.019542,0.02143169,0.02345426,0.0256977,0.02823846,0.03113177,0.03441449,0.03807737,0.04212425,0.04655836,0.05140227,0.05672465,0.06262095,0.06920987,0.07658435,0.08497253,0.0943256,0.1044761,0.11543002,0.12718693,0.13977078,0.15330609,0.16798329,0.18394402,0.20135206,0.22026575,0.2406731,0.26263485,0.28614617,0.31126063,0.33800493,0.36612844,0.39558291,0.42528849,0.4545263,0.48303762
ERI,2030,0.01981848,0.00173096,0.00173629,0.001735,0.00171231,0.0016543,0.00154926,0.00140444,0.00124297,0.0010891,0.00096729,0.00089018,0.00086273,0.00088855,0.00096555,0.00109271,0.00125878,0.00144619,0.00163347,0.00179573,0.00192252,0.00201174,0.00207189,0.00211517,0.00215115,0.00218789,0.00223093,0.00228069,0.00233626,0.00239546,0.00245469,0.00251257,0.00256622,0.00261677,0.00267081,0.00273785,0.00282921,0.00295407,0.00311487,0.00330894,0.0035238,0.00373848,0.00393781,0.00411107,0.00426771,0.00443193,0.00463101,0.00490557,0.00527624,0.00574921,0.00630638,0.00689382,0.00747251,0.00800095,0.00847342,0.00892412,0.00939889,0.00998874,0.01075547,0.01174029,0.01295663,0.01436084,0.01592758,0.01761022,0.01938231,0.02126045,0.02327104,0.02550142,0.02802471,0.03089998,0.0341639,0.03780491,0.04182788,0.04623324,0.05104536,0.05633535,0.06219582,0.06874647,0.07610023,0.0843033,0.09356016,0.1037647,0.11469905,0.12641864,0.13895837,0.15244366,0.16706677,0.18298333,0.20034067,0.21920921,0.23960128,0.26152821,0.28501874,0.31004933,0.33664387,0.36458047,0.39388831,0.42357561,0.45300541,0.48187481
ERI,2031,0.01904995,0.0016704,0.00167438,0.00167253,0.00165055,0.00159494,0.001494,0.00135486,0.00119981,0.00105205,0.0009351,0.00086121,0.00083532,0.00086096,0.00093623,0.00106028,0.00122215,0.00140494,0.0015878,0.00174651,0.00187078,0.00195839,0.00201767,0.00206042,0.00209603,0.00213244,0.00217509,0.00222429,0.00227923,0.00233789,0.00239681,0.00245482,0.00250855,0.00255936,0.00261363,0.00268061,0.00277181,0.00289586,0.00305556,0.00324816,0.00346125,0.00367381,0.00387188,0.00404483,0.00420167,0.00436662,0.00456583,0.00483967,0.00520843,0.00567926,0.00623404,0.00681745,0.00739131,0.00791392,0.00838137,0.00882963,0.00930203,0.00988832,0.01065,0.01162812,0.01283642,0.01423044,0.01578533,0.01745625,0.01921742,0.02108395,0.02308036,0.02529662,0.02780415,0.0306587,0.03390113,0.03751919,0.04151687,0.04589488,0.05067432,0.05592777,0.06175048,0.06825864,0.07556652,0.08374208,0.09279636,0.10289735,0.11388484,0.12557897,0.13807457,0.15150809,0.16607556,0.18192845,0.19923356,0.21804048,0.23837512,0.26027168,0.28369504,0.30867165,0.33514628,0.36290741,0.39205927,0.42159703,0.45100279,0.48006426
ERI,2032,0.01834604,0.00161436,0.00161709,0.00161471,0.00159335,0.00153992,0.00144277,0.00130889,0.00115968,0.00101758,0.00090518,0.00083426,0.0008098,0.00083529,0.00090897,0.00103009,0.00118802,0.00136647,0.0015452,0.00170058,0.00182251,0.00190865,0.00196708,0.00200933,0.00204452,0.0020805,0.0021228,0.00217152,0.00222587,0.00228394,0.00234241,0.00240039,0.00245436,0.00250529,0.00255972,0.00262666,0.00271746,0.00284079,0.00299917,0.00319032,0.0034019,0.00361301,0.00380955,0.00398196,0.00413898,0.00430423,0.00450362,0.0047769,0.00514414,0.00561232,0.00616467,0.00674544,0.00731588,0.00783456,0.00829696,0.00874063,0.00920971,0.00979293,0.01054996,0.01152176,0.01272225,0.0141065,0.01565089,0.01731007,0.01905993,0.02091593,0.02289966,0.02510122,0.02759385,0.03043173,0.03365246,0.03724769,0.04122228,0.0455752,0.05032763,0.05554817,0.06133366,0.06780296,0.0750669,0.08319542,0.09222314,0.10211465,0.1129976,0.12475223,0.13722682,0.15062043,0.16514332,0.18094565,0.19819134,0.21695428,0.23723462,0.259081,0.28247719,0.30739064,0.33381785,0.36147665,0.39052867,0.41995689,0.44925707,0.47833547
ERI,2033,0.0176313,0.00155701,0.00155851,0.00155566,0.00153498,0.00148377,0.00139049,0.00126199,0.00111875,0.00098231,0.00087454,0.00080669,0.00078366,0.00080898,0.00088102,0.00099914,0.00115299,0.00132697,0.0015014,0.00165333,0.00177283,0.00185747,0.00191505,0.00195675,0.00199154,0.00202703,0.00206886,0.00211711,0.00217092,0.00222839,0.00228634,0.00234413,0.00239819,0.00244945,0.00250393,0.00257077,0.00266117,0.0027835,0.00294055,0.00312987,0.00333978,0.00354949,0.00374503,0.00391652,0.00407346,0.00423899,0.00443808,0.00471074,0.00507645,0.00554213,0.00609111,0.00666876,0.00723683,0.00775267,0.00821168,0.00865047,0.00911376,0.00969259,0.01044503,0.01141035,0.01260265,0.01397638,0.01550953,0.01715711,0.01889423,0.02073781,0.0227084,0.02489498,0.02737001,0.03018974,0.03339032,0.03695942,0.04090755,0.0452339,0.04995755,0.05514673,0.06089385,0.06731917,0.07453663,0.0826129,0.091585,0.10144432,0.11210211,0.12374215,0.13627645,0.14964304,0.16412174,0.1798726,0.19705971,0.21575271,0.23598022,0.25775829,0.28108163,0.30594397,0.33228031,0.3598672,0.38884845,0.41818283,0.44738214,0.4763579
ERI,2034,0.01699058,0.00150526,0.00150558,0.00150219,0.00148207,0.00143282,0.00134298,0.00121932,0.00108149,0.0009502,0.00084656,0.00078149,0.00075979,0.00078492,0.00085545,0.00097083,0.00112097,0.0012908,0.00146128,0.00161,0.00172723,0.00181047,0.00186728,0.00190849,0.00194285,0.00197789,0.00201921,0.00206691,0.00212022,0.00217718,0.00223462,0.00229212,0.0023461,0.00239748,0.00245218,0.00251878,0.00260872,0.0027301,0.00288566,0.00307329,0.00328131,0.00348962,0.00368434,0.0038555,0.00401194,0.00417742,0.00437619,0.00464778,0.00501204,0.00547544,0.00602152,0.00659541,0.00716099,0.00767541,0.00813236,0.00856809,0.00902545,0.00959751,0.01034427,0.01130362,0.01248811,0.0138517,0.01537368,0.01700983,0.01873536,0.02056603,0.02252265,0.02469508,0.02715366,0.02995404,0.03313476,0.03668153,0.04060208,0.04490083,0.04959692,0.05475586,0.06046964,0.06685335,0.0740228,0.08204858,0.0909645,0.10076643,0.11139139,0.12279432,0.13520513,0.14863684,0.16309092,0.17879695,0.19593146,0.21456373,0.23471663,0.25644058,0.27968606,0.30446645,0.33074268,0.35823549,0.38719112,0.41647461,0.44560378,0.47449521
ERI,2035,0.01635747,0.00145323,0.00145262,0.00144888,0.0014294,0.00138219,0.00129584,0.001177,0.00104454,0.00091837,0.00081882,0.00075644,0.00073606,0.00076104,0.00083004,0.00094271,0.00108919,0.00125495,0.00142148,0.00156701,0.00168197,0.0017638,0.00181984,0.0018606,0.00189456,0.00192911,0.00196995,0.00201706,0.00206979,0.0021263,0.00218334,0.0022406,0.00229443,0.00234583,0.00240062,0.00246724,0.00255665,0.00267708,0.00283122,0.00301701,0.00322329,0.00342999,0.0036239,0.003795,0.00395171,0.00411688,0.00431515,0.0045858,0.00494827,0.00540964,0.00595323,0.00652403,0.00708653,0.0075996,0.00805626,0.00849066,0.00894434,0.00950985,0.01024883,0.01120148,0.01237926,0.01373371,0.01524553,0.016871,0.01858589,0.02040576,0.02234887,0.02450733,0.02695157,0.02973526,0.03289652,0.03642314,0.04032225,0.04459455,0.04926462,0.05439773,0.06008294,0.06643467,0.07356352,0.08154272,0.09041072,0.10016199,0.11073584,0.12211547,0.13428403,0.14758682,0.16212805,0.1778238,0.19492884,0.21352598,0.23363709,0.25530807,0.2785224,0.30325043,0.32947519,0.3569456,0.3859021,0.41523146,0.44439139,0.47329243
ERI,2036,0.01576418,0.00140385,0.00140232,0.00139824,0.00137935,0.00133401,0.00125097,0.0011367,0.0010093,0.00088797,0.00079232,0.00073249,0.00071327,0.00073808,0.00080563,0.00091562,0.00105852,0.00122034,0.00138302,0.00152535,0.00163803,0.00171841,0.00177364,0.00181392,0.0018475,0.00188159,0.0019219,0.00196842,0.0020205,0.0020764,0.00213301,0.00219004,0.00224367,0.00229491,0.00234955,0.00241594,0.00250495,0.00262421,0.00277676,0.00296059,0.00316473,0.0033697,0.0035623,0.00373303,0.00388994,0.00405526,0.00425241,0.00452153,0.00488184,0.00534015,0.00588075,0.0064481,0.00700739,0.0075176,0.00797315,0.00840714,0.00885806,0.00941845,0.0101487,0.01109087,0.01225924,0.01360357,0.01510383,0.0167169,0.0184189,0.02022565,0.02215393,0.02429498,0.02672061,0.02948468,0.03262338,0.03612361,0.03999614,0.04424028,0.04887631,0.0539749,0.05962467,0.06593637,0.07301991,0.08094322,0.08974791,0.09943517,0.10994045,0.12125026,0.1333779,0.14639552,0.16076768,0.17654479,0.19361817,0.21216021,0.23220531,0.25379835,0.27691165,0.30155542,0.32766798,0.35502574,0.38393928,0.41321681,0.44237307,0.47125147
ERI,2037,0.01516958,0.00135399,0.00135168,0.00134732,0.0013291,0.0012857,0.00120597,0.00109632,0.00097403,0.00085756,0.00076581,0.00070855,0.00069052,0.00071508,0.00078118,0.00088855,0.00102786,0.00118573,0.00134462,0.0014838,0.00159416,0.00167309,0.0017275,0.00176731,0.00180056,0.00183427,0.00187413,0.00192009,0.00197159,0.00202691,0.00208305,0.00213994,0.00219352,0.0022447,0.00229921,0.0023653,0.00245385,0.0025723,0.00272331,0.00290531,0.00310754,0.00331076,0.00350232,0.00367259,0.00382982,0.0039957,0.00419273,0.0044602,0.00481839,0.00527413,0.00581165,0.00637619,0.00693311,0.00744156,0.00789564,0.00832961,0.00878,0.00933756,0.01006229,0.01099511,0.01215255,0.0134868,0.01497779,0.01658071,0.01827205,0.02006771,0.02198347,0.02411087,0.02652011,0.02926677,0.03238754,0.03586682,0.03971585,0.04393717,0.04854943,0.05361821,0.05923814,0.06551938,0.07256825,0.08045262,0.08920885,0.09884366,0.1092973,0.12055293,0.13262701,0.14562485,0.15969793,0.1752967,0.19250102,0.21104626,0.23107213,0.25263866,0.27571174,0.300296,0.3263715,0.35367293,0.3825842,0.41190646,0.44110829,0.47008267
ERI,2038,0.01462957,0.00130824,0.00130519,0.00130055,0.00128286,0.00124118,0.00116447,0.00105899,0.00094138,0.00082936,0.00074118,0.00068627,0.00066932,0.00069364,0.00075828,0.00086315,0.00099913,0.00115324,0.00130851,0.00144474,0.0015529,0.00163035,0.00168392,0.00172319,0.00175605,0.00178934,0.00182873,0.00187411,0.00192496,0.00197968,0.00203525,0.00209181,0.00214528,0.00219639,0.00225067,0.00231629,0.00240411,0.00252146,0.00267101,0.00285092,0.00305101,0.00325233,0.00344239,0.00361199,0.00376895,0.00393498,0.00413181,0.00439814,0.00475339,0.0052057,0.0057396,0.00630004,0.00685403,0.0073603,0.00781277,0.00824503,0.00869399,0.00924967,0.00996963,0.01089441,0.01203948,0.0133589,0.01483717,0.0164285,0.01810734,0.01988966,0.02179012,0.02390096,0.02629173,0.02901638,0.03211356,0.03556781,0.03938909,0.04357965,0.04816137,0.05319761,0.05877724,0.06501649,0.07202109,0.07985526,0.08855549,0.09812471,0.10850685,0.11969107,0.13168995,0.14461122,0.15864682,0.17386914,0.19083264,0.20951843,0.22952481,0.25104233,0.27404555,0.29853794,0.32449676,0.35170177,0.38053811,0.40980538,0.43900189,0.46796952
ERI,2039,0.01411122,0.00126354,0.00125996,0.0012552,0.00123815,0.00119821,0.00112448,0.00102307,0.00090998,0.00080228,0.00071755,0.00066491,0.000649,0.0006731,0.00073637,0.00083877,0.00097155,0.00112213,0.0012739,0.00140729,0.0015134,0.00158949,0.0016422,0.00168099,0.00171347,0.0017464,0.00178541,0.00183033,0.00188064,0.00193479,0.00198991,0.00204617,0.0020995,0.00215064,0.00220486,0.00227013,0.00235728,0.00247355,0.00262171,0.0028,0.00299813,0.00319775,0.00338662,0.00355557,0.00371252,0.00387859,0.00407536,0.00434112,0.00469482,0.00514382,0.0056744,0.00623154,0.00678258,0.00728748,0.00773924,0.00817094,0.00861807,0.00917239,0.00989041,0.01081033,0.01194741,0.01325384,0.01471792,0.0162981,0.01796739,0.0197392,0.02162716,0.02372409,0.02609958,0.02880721,0.03188415,0.03531666,0.03911616,0.04328289,0.04783822,0.05284867,0.05840076,0.06460425,0.07157196,0.07936805,0.0880254,0.09754896,0.10787653,0.11900196,0.13094387,0.14380496,0.15778201,0.1729919,0.18953007,0.20796332,0.22818664,0.2497296,0.27271948,0.29717389,0.32307285,0.35019819,0.37902026,0.40827111,0.43747589,0.46650173
ERI,2040,0.01361099,0.00122041,0.00121619,0.00121117,0.00119464,0.00115628,0.00108536,0.0009879,0.00087919,0.00077566,0.00069431,0.00064389,0.00062899,0.00065287,0.00071479,0.00081477,0.00094428,0.00109136,0.00123977,0.00137029,0.00147437,0.00154914,0.00160103,0.00163921,0.00167127,0.00170373,0.00174227,0.00178666,0.00183641,0.00189,0.00194458,0.00200054,0.00205364,0.00210466,0.00215881,0.00222375,0.00231018,0.00242521,0.00257173,0.00274814,0.00294441,0.00314211,0.00332961,0.00349783,0.00365443,0.00382049,0.00401669,0.00428159,0.00463377,0.00508023,0.00560665,0.00615971,0.00670755,0.00720997,0.00766087,0.00809207,0.0085377,0.00908926,0.00980466,0.01072118,0.01185175,0.0131476,0.01459673,0.01616106,0.01781802,0.01957912,0.02145402,0.02353618,0.02589497,0.02858419,0.03164073,0.03504889,0.03882323,0.04296491,0.04749294,0.05247284,0.05799456,0.06416498,0.07109009,0.07884221,0.08745442,0.09692964,0.10720571,0.11827089,0.13014836,0.14294637,0.15685815,0.17200118,0.18852823,0.20644831,0.22638338,0.2481962,0.27122218,0.29566485,0.32152511,0.3485928,0.37738513,0.40664564,0.43586505,0.46493262
ERI,2041,0.013215,0.0011874,0.00118327,0.00117865,0.00116307,0.00112644,0.00105796,0.00096365,0.00085834,0.00075798,0.00067917,0.00063047,0.00061649,0.00064051,0.0007019,0.00080079,0.00092869,0.00107397,0.00122087,0.00135032,0.00145368,0.00152795,0.00157967,0.00161778,0.00164981,0.00168231,0.00172051,0.00176452,0.00181389,0.00186707,0.00192124,0.00197643,0.00202882,0.0020791,0.00213249,0.00219662,0.00228168,0.00239487,0.00253909,0.00271287,0.00290637,0.00310129,0.00328586,0.00345147,0.00360565,0.0037691,0.00396258,0.00422376,0.00457149,0.00501241,0.00553188,0.00607648,0.00661631,0.00711159,0.00755572,0.00798107,0.00842096,0.00896503,0.00967013,0.01057489,0.01169125,0.0129694,0.01439622,0.01593273,0.01756006,0.01929398,0.02114392,0.0231976,0.02552382,0.02817594,0.03119104,0.03455701,0.03828419,0.04237656,0.04685388,0.05177846,0.05724362,0.0633553,0.07021632,0.07789214,0.08642524,0.09582566,0.106024,0.11701017,0.12880166,0.14151066,0.15534057,0.17039859,0.18684114,0.20474821,0.22408251,0.24559536,0.26894751,0.29345057,0.3193242,0.34638829,0.37525261,0.40460541,0.43398196,0.46323447
ERI,2042,0.01282525,0.00115614,0.00115172,0.00114723,0.0011324,0.00109733,0.00103116,0.0009399,0.00083789,0.00074065,0.00066434,0.00061731,0.00060425,0.00062842,0.0006893,0.00078713,0.00091349,0.00105709,0.00120238,0.00133079,0.00143361,0.00150736,0.0015589,0.00159704,0.00162909,0.00166158,0.00169944,0.00174308,0.00179206,0.00184488,0.00189871,0.0019532,0.00200489,0.00205449,0.0021071,0.00217034,0.00225411,0.00236559,0.00250758,0.0026787,0.00286933,0.00306134,0.00324324,0.00340614,0.00355784,0.00371875,0.00390924,0.0041668,0.00450967,0.00494491,0.00545781,0.00599532,0.00652656,0.00701422,0.00745169,0.00787035,0.00830464,0.00884156,0.00953705,0.01042884,0.01153066,0.01279355,0.01420065,0.01571305,0.01731074,0.01901305,0.02083594,0.02286201,0.02515618,0.0277715,0.03074493,0.03406886,0.03775071,0.04179299,0.04621819,0.05108879,0.05649963,0.06255054,0.06934811,0.07695513,0.08540728,0.09473176,0.10485605,0.11576704,0.12748383,0.1401113,0.15386098,0.16884268,0.18520545,0.20303496,0.22237781,0.24323641,0.26631645,0.29120565,0.31717436,0.34428588,0.37327292,0.40277152,0.43232396,0.46182304
ERI,2043,0.01248067,0.00112873,0.00112376,0.00111914,0.0011048,0.00107099,0.00100681,0.00091823,0.00081917,0.00072472,0.00065067,0.00060516,0.00059289,0.00061717,0.00067755,0.00077435,0.00089922,0.0010412,0.00118497,0.00131215,0.00141438,0.00148771,0.00153899,0.00157708,0.00160917,0.00164164,0.00167908,0.00172233,0.0017709,0.00182333,0.0018768,0.00193066,0.0019817,0.00203062,0.00208252,0.00214486,0.0022273,0.00233719,0.00247715,0.00264576,0.00283357,0.00302266,0.00320186,0.00336245,0.00351168,0.0036701,0.00385782,0.00411166,0.00444998,0.00487935,0.00538582,0.00591693,0.00644135,0.00692108,0.00735173,0.00776415,0.0081923,0.00872261,0.00940933,0.0102895,0.01137623,0.01262425,0.01401513,0.01550715,0.01708014,0.01875179,0.02054377,0.02254095,0.02480504,0.02738532,0.03031873,0.03360133,0.03723879,0.04123363,0.04560638,0.05042182,0.05577936,0.06177099,0.06850162,0.07603885,0.08441588,0.09365872,0.10370261,0.11453584,0.12617378,0.13872188,0.15238669,0.16727756,0.18355125,0.20128588,0.22053577,0.24139651,0.26376421,0.28838397,0.31474029,0.34193221,0.37102407,0.40063419,0.43032164,0.45998208
ERI,2044,0.01212923,0.00110042,0.00109513,0.00109054,0.00107683,0.00104441,0.00098232,0.0008965,0.00080043,0.00070879,0.00063701,0.00059302,0.00058156,0.00060594,0.00066584,0.00076164,0.00088504,0.00102545,0.00116775,0.00129381,0.00139528,0.00146821,0.0015194,0.00155742,0.00158959,0.00162216,0.00165928,0.00170212,0.00175032,0.00180237,0.00185551,0.00190878,0.00195924,0.00200755,0.00205875,0.00212028,0.0022014,0.00230965,0.00244771,0.00261399,0.00279911,0.0029853,0.00316176,0.00331992,0.00346701,0.00362288,0.00380782,0.00405811,0.00439169,0.00481544,0.00531515,0.00583985,0.00635805,0.00683156,0.00725482,0.00766063,0.0080829,0.0086059,0.00928429,0.01015359,0.0112265,0.01245882,0.01383382,0.01530915,0.01686132,0.01850748,0.02026949,0.02223396,0.02446693,0.02701463,0.02991033,0.03315387,0.03674885,0.04069864,0.04502351,0.04978549,0.05509089,0.06102808,0.06769783,0.07516672,0.08347368,0.09264812,0.10261452,0.11337341,0.12494136,0.13741885,0.15101681,0.16583052,0.18201968,0.19967285,0.21883644,0.23961468,0.26200258,0.28591223,0.31204318,0.3396423,0.36890884,0.39866224,0.42850351,0.45834052
ERI,2045,0.01179856,0.00107378,0.001068,0.00106333,0.00105009,0.0010189,0.00095875,0.00087554,0.00078233,0.00069338,0.00062377,0.00058124,0.00057056,0.00059502,0.00065442,0.00074922,0.00087119,0.00101001,0.00115085,0.0012758,0.00137655,0.00144883,0.0014999,0.00153799,0.00157015,0.00160279,0.00163965,0.00168213,0.00172989,0.00178156,0.00183433,0.00188699,0.00193688,0.00198463,0.00203518,0.00209588,0.00217574,0.00228237,0.00241845,0.0025825,0.00276508,0.00294847,0.00312215,0.00327778,0.00342261,0.00357626,0.00375832,0.00400501,0.00433401,0.00475187,0.00524498,0.00576279,0.00627463,0.00674241,0.00715996,0.00755848,0.00797438,0.00849026,0.00915943,0.01001812,0.01107778,0.01229539,0.01365308,0.01511152,0.01664622,0.01827032,0.02000699,0.02193891,0.02413586,0.02664887,0.0295083,0.0327138,0.03626703,0.04017192,0.04444935,0.04916044,0.05441277,0.06029371,0.06690443,0.07430779,0.0825422,0.09164913,0.1015473,0.11222989,0.12372599,0.13613653,0.14967083,0.16442132,0.18053488,0.1981045,0.21719083,0.23788962,0.26020715,0.28415788,0.30961468,0.33703363,0.36679853,0.3967797,0.42682901,0.4568923
ERI,2046,0.01148134,0.00104776,0.00104154,0.00103674,0.00102392,0.00099385,0.00093555,0.00085486,0.0007644,0.00067807,0.00061055,0.00056943,0.00055947,0.00058399,0.00064283,0.00073655,0.00085702,0.00099421,0.00113349,0.00125723,0.0013572,0.00142884,0.00147947,0.00151754,0.00154976,0.0015823,0.00161882,0.00166092,0.00170821,0.00175936,0.0018117,0.00186369,0.00191296,0.00196012,0.00201001,0.00206988,0.0021484,0.00225335,0.0023873,0.00254887,0.00272881,0.00290936,0.00308018,0.00323313,0.00337546,0.00352664,0.00370607,0.00394891,0.00427303,0.00468487,0.00517071,0.00568137,0.0061859,0.00664741,0.0070594,0.00745199,0.00786039,0.00836813,0.00902764,0.00987397,0.01091964,0.01212188,0.01346196,0.0149004,0.01641569,0.01801937,0.01973203,0.02163374,0.02379197,0.02626187,0.02907911,0.0322437,0.03575146,0.03960687,0.04383107,0.04848514,0.05367938,0.05949423,0.0660338,0.07336193,0.0815133,0.09053435,0.10034765,0.11094423,0.12234492,0.13466288,0.14811132,0.16277327,0.17879563,0.19625602,0.21522073,0.23580149,0.25799528,0.28182994,0.30727717,0.33400135,0.36361895,0.39404276,0.42428139,0.45451885
ERI,2047,0.01115359,0.00102059,0.00101412,0.00100939,0.00099715,0.00096837,0.00091202,0.00083394,0.00074633,0.00066266,0.0005973,0.00055761,0.00054838,0.00057295,0.00063128,0.00072395,0.00084293,0.00097852,0.00111631,0.00123888,0.00133812,0.00140919,0.00145952,0.00149738,0.00152973,0.00156244,0.00159862,0.00164041,0.00168737,0.00173812,0.00179003,0.00184137,0.00189004,0.00193663,0.00198593,0.00204505,0.00212235,0.00222568,0.00235768,0.00251687,0.00269421,0.00287211,0.00304031,0.00319072,0.00333056,0.00347918,0.00365584,0.00389527,0.00421455,0.00462045,0.00509943,0.00560286,0.00610048,0.00655535,0.00696182,0.00734922,0.00775209,0.0082512,0.00890088,0.00973551,0.01076674,0.01195469,0.01327871,0.01469943,0.01619487,0.0177793,0.01947333,0.02135042,0.02347716,0.0259065,0.02867873,0.03180313,0.03527053,0.03908166,0.04325795,0.0478602,0.05300284,0.05876153,0.0652369,0.07249694,0.08057802,0.08952851,0.09926759,0.10979392,0.12112579,0.13336616,0.14674506,0.1613436,0.17730185,0.19469862,0.2135833,0.23407553,0.25619254,0.27995379,0.30534417,0.33212327,0.36122069,0.39159059,0.42235845,0.45289165
ERI,2048,0.01084491,0.00099512,0.00098819,0.00098336,0.00097156,0.0009439,0.00088937,0.00081375,0.00072885,0.00064776,0.00058447,0.00054617,0.00053766,0.00056229,0.00062009,0.00071176,0.00082931,0.00096333,0.00109969,0.00122116,0.00131969,0.0013902,0.00144027,0.001478,0.00151023,0.00154305,0.00157904,0.00162044,0.00166706,0.00171746,0.00176898,0.00181963,0.0018677,0.0019137,0.00196238,0.00202079,0.00209692,0.0021987,0.00232873,0.00248563,0.00266038,0.00283557,0.00300125,0.00314928,0.00328674,0.00343278,0.00360658,0.00384247,0.00415737,0.0045573,0.00502941,0.00552588,0.00601631,0.00646478,0.00686514,0.00724719,0.00764514,0.0081375,0.00877658,0.009599,0.01061608,0.0117886,0.01309689,0.01450054,0.01597735,0.01754068,0.01921566,0.02107188,0.02317082,0.02556478,0.02829193,0.03136985,0.03479375,0.03856163,0.04269057,0.04724104,0.05233104,0.05803274,0.06444555,0.07163446,0.07964073,0.08852002,0.09818466,0.10863346,0.11989242,0.13206092,0.14536097,0.15988496,0.17577496,0.19310206,0.21191664,0.232318,0.25433445,0.27800903,0.30331717,0.33003307,0.3592476,0.38912812,0.4198464,0.45092135
ERI,2049,0.01054961,0.00097008,0.00096295,0.00095816,0.00094688,0.00092037,0.00086761,0.00079435,0.00071203,0.00063339,0.00057206,0.00053506,0.00052722,0.00055187,0.00060914,0.00069978,0.00081589,0.00094835,0.00108322,0.00120356,0.00130136,0.00137127,0.00142102,0.00145862,0.00149076,0.00152346,0.00155923,0.00160039,0.00164659,0.00169663,0.00174782,0.00179784,0.00184525,0.00189067,0.00193874,0.00199642,0.00207142,0.00217174,0.00229989,0.0024545,0.00262675,0.00279926,0.00296237,0.00310814,0.0032434,0.003387,0.00355793,0.0037902,0.00410058,0.0044951,0.00496032,0.00544983,0.00593339,0.0063752,0.00676975,0.00714594,0.00753883,0.00802514,0.00865573,0.00946527,0.01046781,0.01162533,0.01291684,0.01430404,0.01576326,0.01730717,0.01896147,0.02079684,0.02287246,0.02523555,0.02792382,0.03095575,0.03433007,0.03805206,0.04213561,0.04663588,0.05167417,0.05731892,0.06366969,0.07079085,0.07872097,0.08752627,0.09711838,0.10749247,0.11867423,0.13077025,0.1440021,0.15844568,0.17425957,0.1915186,0.21026443,0.23059702,0.25252406,0.27610514,0.30133999,0.32799412,0.35723963,0.38727811,0.4175565,0.44861581
ERI,2050,0.01025494,0.00094519,0.00093777,0.00093297,0.00092213,0.00089672,0.00084572,0.00077481,0.00069508,0.00061887,0.00055952,0.00052385,0.00051668,0.00054135,0.00059806,0.00068765,0.0008023,0.00093316,0.00106653,0.00118569,0.00128275,0.00135209,0.00140152,0.00143899,0.00147109,0.00150372,0.00153907,0.00157997,0.0016259,0.0016755,0.00172634,0.00177578,0.00182258,0.00186735,0.00191478,0.00197169,0.00204553,0.00214437,0.00227067,0.00242302,0.00259271,0.00276255,0.00292303,0.0030664,0.00319948,0.00334072,0.00350882,0.00373733,0.00404292,0.00443164,0.00489031,0.00537254,0.00584893,0.00628412,0.00667232,0.00704266,0.00742968,0.00790952,0.008532,0.00933049,0.0103172,0.01145859,0.0127331,0.01410194,0.01554343,0.01706818,0.01870271,0.02051469,0.02256611,0.02490205,0.02755513,0.03054645,0.03387061,0.03753886,0.04157272,0.04602338,0.05100996,0.05659722,0.06288432,0.06993653,0.07779225,0.08652014,0.09603501,0.10633458,0.11744026,0.12945707,0.14261772,0.1569913,0.17272051,0.18990042,0.20857775,0.22884111,0.25069941,0.27419321,0.29934109,0.32593385,0.35520226,0.38530668,0.41578106,0.44643682
ERI,2051,0.00997776,0.00092115,0.00091361,0.00090893,0.0008986,0.00087424,0.00082494,0.00075627,0.00067897,0.00060507,0.00054756,0.00051312,0.00050657,0.00053124,0.00058742,0.00067599,0.00078921,0.00091852,0.00105044,0.00116845,0.00126472,0.0013335,0.00138263,0.00141992,0.00145193,0.00148451,0.00151948,0.00155991,0.00160553,0.00165485,0.00170528,0.00175414,0.00180041,0.0018446,0.00189136,0.00194753,0.00202023,0.00211761,0.00224211,0.0023923,0.00255955,0.00272677,0.00288475,0.00302577,0.00315666,0.00329572,0.00346125,0.00368623,0.00398716,0.00437013,0.00482224,0.00529798,0.00576727,0.00619591,0.00657817,0.00694245,0.00732393,0.00779681,0.00841118,0.0091996,0.01017322,0.01129793,0.01255514,0.01390636,0.01532907,0.01683551,0.0184514,0.02024181,0.02226725,0.02457609,0.02719898,0.03015459,0.03343544,0.03705051,0.04102749,0.04542524,0.05036196,0.05589293,0.0621169,0.06909945,0.07688039,0.08553311,0.09496718,0.10518702,0.11621632,0.12815445,0.14123527,0.15553398,0.17118911,0.18827751,0.20686992,0.2270594,0.24884131,0.27225933,0.29731402,0.32381873,0.35309309,0.38323777,0.41379824,0.44467123
ERI,2052,0.00970742,0.00089789,0.00089001,0.00088526,0.00087532,0.00085197,0.00080427,0.00073781,0.00066293,0.00059132,0.00053566,0.00050246,0.00049653,0.00052122,0.00057686,0.00066442,0.00077623,0.00090398,0.00103443,0.00115131,0.00124683,0.00131501,0.00136387,0.00140104,0.00143299,0.00146553,0.00150018,0.00154022,0.00158536,0.00163438,0.00168455,0.00173278,0.0017785,0.00182218,0.00186831,0.00192369,0.00199525,0.00209118,0.00221389,0.00236198,0.00252689,0.00269158,0.00284707,0.00298583,0.00311451,0.00325127,0.00341429,0.00363591,0.00393229,0.00430945,0.00475482,0.00522379,0.00568659,0.00610851,0.00648468,0.00684313,0.00721867,0.00768478,0.00829033,0.00906842,0.01002969,0.01114032,0.01237922,0.01371212,0.01511651,0.01660325,0.01820123,0.01997129,0.02197281,0.0242529,0.02684596,0.02977165,0.03301521,0.03658536,0.04050695,0.0448449,0.04972925,0.05520763,0.06137196,0.06828816,0.07599693,0.08457817,0.093939,0.10408125,0.11503518,0.12690162,0.13991139,0.15413467,0.16972069,0.18674288,0.20525137,0.22536718,0.24709047,0.27045095,0.29545283,0.32189454,0.35118323,0.38139057,0.41205236,0.44307396
ERI,2053,0.00945851,0.00087607,0.000868,0.00086326,0.00085371,0.00083128,0.00078508,0.00072062,0.00064797,0.00057846,0.00052448,0.0004924,0.00048701,0.00051167,0.00056677,0.00065333,0.00076374,0.00088996,0.00101893,0.00113462,0.00122935,0.00129692,0.00134541,0.00138243,0.00141431,0.00144674,0.00148106,0.00152072,0.00156542,0.00161392,0.00166378,0.00171153,0.00175666,0.00179983,0.00184541,0.00190006,0.00197045,0.00206496,0.00218591,0.00233192,0.00249454,0.00265683,0.00280996,0.0029465,0.00307311,0.00320764,0.00336814,0.00358659,0.00387874,0.00425039,0.00468914,0.00515132,0.0056075,0.00602353,0.00639361,0.00674626,0.00711627,0.00757537,0.00817251,0.00893978,0.00988874,0.01098637,0.01221009,0.01352384,0.01490941,0.01637719,0.01795582,0.01970627,0.02168507,0.02393839,0.0264996,0.02939495,0.03260639,0.03613692,0.04001068,0.04428889,0.04911093,0.05453103,0.06063608,0.06748523,0.07512,0.08362545,0.09290857,0.10297154,0.11384127,0.12562433,0.1385555,0.15269578,0.16819163,0.1851298,0.20355654,0.22356863,0.24519845,0.26848047,0.2934036,0.31977243,0.34903461,0.37924068,0.40994717,0.4410473
ERI,2054,0.00919271,0.00085244,0.00084427,0.00083962,0.00083056,0.00080918,0.00076463,0.00070236,0.00063207,0.00056481,0.00051264,0.00048175,0.00047695,0.00050158,0.00055612,0.00064164,0.00075061,0.00087525,0.00100272,0.0011172,0.00121111,0.00127807,0.00132623,0.00136307,0.00139491,0.00142731,0.00146128,0.00150058,0.00154488,0.00159293,0.00164229,0.00168953,0.0017342,0.00177678,0.00182179,0.00187575,0.001945,0.00203798,0.0021571,0.00230095,0.00246119,0.00262099,0.00277172,0.00290602,0.00303045,0.00316272,0.00332056,0.00353559,0.00382344,0.00418958,0.00462161,0.00507668,0.00552576,0.00593528,0.00629964,0.00664599,0.00700997,0.00746199,0.00804988,0.008806,0.00974119,0.01082483,0.01203352,0.01333037,0.014695,0.016142,0.0177008,0.01942895,0.0213845,0.02361088,0.02614074,0.02900215,0.03217994,0.03567541,0.03950623,0.04373222,0.04849192,0.05384376,0.05988475,0.06666925,0.07423202,0.08266394,0.09187097,0.10185775,0.11265125,0.12435341,0.13720831,0.15127649,0.16669715,0.18355506,0.20191267,0.22186149,0.24340806,0.26662366,0.29150113,0.31783203,0.34713805,0.37740588,0.40821138,0.43946526
ERI,2055,0.00893693,0.00082999,0.00082155,0.00081687,0.00080818,0.00078773,0.00074474,0.00068457,0.00061659,0.00055151,0.0005011,0.00047138,0.00046715,0.00049175,0.00054573,0.00063022,0.00073779,0.00086087,0.00098686,0.00110015,0.00119325,0.00125958,0.00130744,0.00134414,0.00137591,0.00140832,0.00144201,0.00148094,0.00152485,0.00157251,0.00162145,0.00166797,0.00171217,0.00175431,0.0017987,0.00185198,0.00192016,0.0020117,0.00212898,0.00227071,0.0024286,0.00258595,0.00273434,0.00286648,0.00298882,0.00311882,0.00327409,0.0034857,0.00376914,0.00412991,0.00455551,0.00500369,0.00544564,0.0058485,0.00620687,0.0065477,0.00690555,0.00735037,0.00792939,0.00867404,0.00959579,0.01066463,0.01185805,0.01313914,0.01448631,0.01591145,0.01744975,0.0191564,0.02108734,0.02328791,0.02578815,0.02861822,0.0317604,0.03522116,0.03901609,0.04319734,0.04790505,0.05319038,0.05915829,0.06587483,0.07336997,0.08173201,0.09086577,0.10077764,0.1114967,0.12312382,0.13590088,0.14989289,0.16524245,0.1820272,0.2003078,0.22019352,0.24168394,0.26482413,0.28964545,0.31594406,0.3452937,0.37563987,0.40654617,0.43793824
ERI,2056,0.00870188,0.00080949,0.00080067,0.00079587,0.00078746,0.00076782,0.00072622,0.00066798,0.00060213,0.00053907,0.00049027,0.00046164,0.00045793,0.00048249,0.00053594,0.00061944,0.00072566,0.00084727,0.00097185,0.00108403,0.00117636,0.0012421,0.00128962,0.00132618,0.00135788,0.00139021,0.00142362,0.00146222,0.00150573,0.00155297,0.00160152,0.00164742,0.00169094,0.00173264,0.00177657,0.00182911,0.00189626,0.00198646,0.002102,0.00224162,0.00239723,0.00255221,0.00269833,0.00282841,0.00294879,0.00307669,0.00322948,0.00343788,0.00371706,0.00407254,0.00449208,0.00493387,0.00536911,0.00576544,0.00611778,0.00645292,0.00680552,0.00724314,0.00781336,0.0085472,0.00945546,0.01051016,0.01168776,0.01295312,0.01428431,0.01569143,0.01720809,0.01889251,0.0207996,0.02297274,0.02544429,0.02824426,0.03135297,0.03477611,0.0385345,0.04267747,0.04733962,0.05256776,0.0584622,0.06509841,0.07251923,0.08081192,0.08987163,0.09970646,0.11034698,0.12189543,0.13459521,0.14850295,0.16376938,0.18047687,0.1986773,0.21847693,0.23989427,0.26296637,0.28769911,0.31393033,0.34329888,0.37369395,0.4046876,0.43618917
ERI,2057,0.00848406,0.00079096,0.00078154,0.00077636,0.00076801,0.000749,0.00070862,0.00065212,0.00058826,0.00052712,0.00047987,0.00045225,0.00044904,0.00047355,0.00052645,0.00060897,0.00071383,0.00083397,0.00095715,0.0010682,0.00115976,0.00122491,0.00127209,0.00130847,0.00134009,0.00137234,0.00140541,0.00144366,0.00148678,0.00153359,0.00158171,0.001627,0.00166991,0.00171093,0.00175436,0.00180632,0.00187235,0.00196121,0.00207508,0.00221263,0.00236591,0.00251851,0.00266234,0.00279035,0.00290879,0.00303464,0.00318502,0.00339018,0.00366518,0.00401529,0.00442857,0.00486404,0.00529279,0.00568274,0.00602892,0.00635811,0.00670507,0.00713622,0.00769735,0.00842003,0.009315,0.01035483,0.01151656,0.01276485,0.01407931,0.01546926,0.01696753,0.01862774,0.02050941,0.02265504,0.02509516,0.02786474,0.03094007,0.0343265,0.0380437,0.04214612,0.04676778,0.05194382,0.05777269,0.06432561,0.07165611,0.07986911,0.08885225,0.09860593,0.1091621,0.12062349,0.1332371,0.14705597,0.16222374,0.17883305,0.19694153,0.21664444,0.23795741,0.26093827,0.28558414,0.31171077,0.34105249,0.37146292,0.40250428,0.4340902
ERI,2058,0.00826235,0.00077209,0.00076209,0.00075663,0.00074837,0.00072999,0.00069087,0.00063614,0.00057427,0.00051503,0.00046933,0.00044274,0.00044,0.00046444,0.00051676,0.00059825,0.0007017,0.00082028,0.00094198,0.00105185,0.00114259,0.00120712,0.00125395,0.00129014,0.00132166,0.00135386,0.00138662,0.0014245,0.00146724,0.00151363,0.00156131,0.00160598,0.00164829,0.00168869,0.0017314,0.00178274,0.00184781,0.00193525,0.00204743,0.00218297,0.00233394,0.00248408,0.00262559,0.00275147,0.00286792,0.00299167,0.00313965,0.00334156,0.00361226,0.003957,0.00436384,0.00479268,0.00521494,0.00559868,0.00593878,0.00626181,0.00660275,0.00702687,0.00757953,0.00829059,0.0091717,0.01019669,0.01134167,0.01257276,0.01386903,0.01524103,0.0167218,0.01836133,0.02021561,0.0223322,0.024741,0.02747749,0.03051964,0.03387018,0.03754819,0.04160631,0.04618668,0.05131859,0.05709049,0.06357235,0.07081381,0.07893534,0.08783752,0.09751513,0.10799159,0.11937019,0.1319008,0.14563579,0.1607176,0.17723197,0.19524984,0.2148731,0.23610573,0.25900413,0.28358709,0.30966315,0.3390037,0.36945894,0.40059653,0.43231723
ERI,2059,0.00804704,0.00075367,0.00074309,0.0007373,0.00072914,0.00071137,0.00067346,0.00062048,0.00056056,0.00050321,0.00045903,0.00043345,0.00043119,0.00045556,0.00050735,0.00058785,0.00068996,0.00080706,0.00092733,0.00103608,0.00112606,0.00119002,0.00123654,0.00127257,0.00130401,0.00133615,0.00136863,0.00140617,0.00144852,0.00149454,0.00154184,0.00158589,0.00162763,0.00166747,0.00170954,0.00176006,0.00182419,0.0019104,0.00202087,0.00215445,0.00230326,0.00245106,0.00259025,0.00271407,0.00282855,0.00295027,0.00309592,0.00329476,0.0035614,0.00390091,0.00430165,0.00472405,0.00513984,0.00551769,0.00585217,0.00616937,0.00650434,0.00692136,0.00746538,0.00816599,0.00903342,0.01004373,0.01117286,0.01238673,0.01366559,0.01501902,0.01648239,0.01810316,0.01993483,0.02202151,0.02439868,0.0271036,0.03011118,0.03342761,0.03706892,0.04108653,0.04562309,0.05071143,0.05643618,0.06285715,0.07002322,0.07805474,0.08686314,0.09645902,0.10685942,0.11815766,0.13060622,0.14425569,0.15925027,0.17567482,0.19359219,0.21311864,0.23426401,0.25707136,0.28155839,0.30755708,0.33688373,0.36733082,0.39850484,0.43030826
ERI,2060,0.00782735,0.00073482,0.00072376,0.0007177,0.00070964,0.00069253,0.00065583,0.00060459,0.00054662,0.00049114,0.00044846,0.00042387,0.00042207,0.00044634,0.00049751,0.00057695,0.00067761,0.00079311,0.00091184,0.00101932,0.00110843,0.00117176,0.00121792,0.00125375,0.00128507,0.0013171,0.00134924,0.00138642,0.00142836,0.00147392,0.00152081,0.00156425,0.00160536,0.00164461,0.00168605,0.00173578,0.00179868,0.00188357,0.00199239,0.00212382,0.00227032,0.00241571,0.00255251,0.00267407,0.00278647,0.002906,0.00304916,0.00324474,0.00350711,0.00384116,0.00423537,0.00465102,0.00505987,0.00543124,0.00575992,0.00607127,0.00640011,0.00680946,0.00734399,0.00803295,0.00888668,0.00988095,0.01099265,0.0121884,0.01344788,0.0147815,0.01622466,0.0178244,0.01963282,0.02169159,0.02403278,0.02670197,0.02967239,0.03294864,0.03655024,0.04052475,0.04501604,0.05005225,0.05572437,0.06208867,0.0691837,0.07713328,0.08584335,0.09533825,0.10565135,0.11686867,0.1292346,0.14279782,0.1577033,0.17403943,0.19186941,0.21130139,0.23236328,0.25510526,0.27953222,0.30547809,0.33484563,0.3653754,0.39665607,0.42862529
ERI,2061,0.00762427,0.00071725,0.00070572,0.00069942,0.00069147,0.00067495,0.00063942,0.0005898,0.00053367,0.00047994,0.00043868,0.00041502,0.00041366,0.00043785,0.00048849,0.00056696,0.00066631,0.00078037,0.00089772,0.00100409,0.00109242,0.00115519,0.00120105,0.00123674,0.00126799,0.00129995,0.00133179,0.00136863,0.00141021,0.00145539,0.00150188,0.00154479,0.00158537,0.00162406,0.00166492,0.00171397,0.00177581,0.00185928,0.00196658,0.00209622,0.00224056,0.00238375,0.00251844,0.002638,0.00274843,0.00286597,0.00300685,0.00319946,0.00345798,0.00378718,0.00417559,0.00458512,0.00498782,0.00535327,0.00567644,0.00598261,0.00630614,0.00670868,0.00723442,0.00791251,0.00875338,0.00973414,0.01082981,0.01200886,0.01325131,0.01456652,0.01599173,0.0175714,0.01935854,0.02139369,0.02370666,0.02634164,0.02927725,0.03251795,0.03608127,0.04001808,0.04447038,0.04946257,0.05508316,0.06139587,0.06843579,0.07631922,0.08495039,0.09435017,0.10456582,0.11569981,0.12799108,0.14147458,0.15629542,0.17254304,0.19028425,0.20962568,0.23058546,0.25323252,0.2775772,0.30344186,0.33278169,0.36332325,0.3946508,0.42667978
ERI,2062,0.00743708,0.00070099,0.00068885,0.00068217,0.00067421,0.00065816,0.00062366,0.00057557,0.00052115,0.00046909,0.00042917,0.00040641,0.00040544,0.00042954,0.00047962,0.00055711,0.00065514,0.00076773,0.00088367,0.00098886,0.00107636,0.00113849,0.00118401,0.00121953,0.00125068,0.00128256,0.00131409,0.00135057,0.00139176,0.00143654,0.00148262,0.00152493,0.00156499,0.00160316,0.00164342,0.00169177,0.00175259,0.00183472,0.00194031,0.00206813,0.00221047,0.00235141,0.00248399,0.00260164,0.00271018,0.00282565,0.00296424,0.00315384,0.00340848,0.00373282,0.0041155,0.004519,0.00491551,0.00527518,0.0055928,0.00589357,0.00621195,0.00660799,0.00712515,0.0077922,0.00861984,0.0095864,0.01066701,0.01182888,0.01305371,0.01435082,0.01575724,0.01731681,0.01908108,0.02109172,0.02337766,0.02598281,0.02888106,0.0320841,0.03560914,0.03950441,0.04391767,0.04886667,0.05443829,0.06069423,0.06767802,0.07550585,0.08406915,0.09338929,0.1035092,0.1145446,0.12675436,0.14016417,0.15490637,0.17107168,0.18872956,0.20799172,0.22887605,0.25144319,0.27572391,0.30154714,0.33091089,0.36150503,0.3929368,0.42511526
ERI,2063,0.00724736,0.00068445,0.00067181,0.00066485,0.00065695,0.00064143,0.000608,0.00056142,0.00050874,0.00045833,0.00041974,0.00039786,0.00039729,0.00042129,0.00047082,0.00054735,0.00064408,0.00075522,0.00086978,0.00097386,0.00106055,0.00112209,0.00116725,0.00120261,0.00123369,0.0012655,0.00129674,0.00133288,0.00137369,0.00141806,0.00146376,0.00150552,0.00154502,0.00158269,0.0016224,0.00167006,0.00172987,0.00181071,0.00191466,0.00204047,0.0021808,0.00231968,0.00245011,0.00256584,0.00267258,0.00278608,0.00292233,0.00310896,0.00335975,0.00367926,0.00405631,0.00445397,0.0048445,0.00519841,0.00551069,0.00580604,0.00611907,0.00650882,0.00701784,0.00767422,0.00848864,0.00944084,0.01050595,0.01165204,0.01285907,0.01413781,0.01552612,0.01706515,0.01880695,0.02079186,0.0230503,0.02562742,0.0284937,0.03165716,0.03514252,0.03899721,0.04336831,0.04827529,0.05379998,0.06000287,0.06692575,0.0746973,0.08320387,0.09245558,0.10249568,0.11343414,0.1255454,0.13887336,0.15354305,0.16963116,0.18720851,0.20638917,0.22719619,0.24968979,0.27389274,0.29965634,0.32903955,0.35968258,0.39119661,0.42351028
ERI,2064,0.00705338,0.00066741,0.00065436,0.00064715,0.00063934,0.00062436,0.00059202,0.00054698,0.00049602,0.00044729,0.00041003,0.00038902,0.00038884,0.0004127,0.00046162,0.0005371,0.00063243,0.00074203,0.00085506,0.00095789,0.00104369,0.00110456,0.00114933,0.00118445,0.00121542,0.00124714,0.00127808,0.00131386,0.00135425,0.00139817,0.00144342,0.00148459,0.00152351,0.00156061,0.00159975,0.00164671,0.00170546,0.00178493,0.00188719,0.00201095,0.00214895,0.00228562,0.00241395,0.00252761,0.00263246,0.00274396,0.00287783,0.00306124,0.00330795,0.00362233,0.00399339,0.00438488,0.00476919,0.0051172,0.00542385,0.00571372,0.00602109,0.00640399,0.00690461,0.00755015,0.00835095,0.00928782,0.01033614,0.0114648,0.0126543,0.0139132,0.01528168,0.01679933,0.01851647,0.0204741,0.02270154,0.02524744,0.02808068,0.031207,0.0346469,0.03845535,0.04278042,0.04763647,0.05310926,0.05925433,0.06611251,0.07381372,0.08225288,0.09143692,0.10139697,0.11224222,0.1242411,0.13744942,0.15201562,0.1680092,0.18548473,0.20455708,0.22525209,0.24763551,0.2717295,0.29737958,0.32671127,0.35733945,0.38886703,0.42122278
ERI,2065,0.00687537,0.00065177,0.00063815,0.00063059,0.00062276,0.00060822,0.00057687,0.00053329,0.00048398,0.00043683,0.00040088,0.00038071,0.00038091,0.00040467,0.00045304,0.00052757,0.00062162,0.00072981,0.00084147,0.00094316,0.00102818,0.00108846,0.00113289,0.00116784,0.00119871,0.00123038,0.00126108,0.00129656,0.0013366,0.00138014,0.00142499,0.0014656,0.00150401,0.0015406,0.00157918,0.00162552,0.00168332,0.00176153,0.00186224,0.00198416,0.00212008,0.0022545,0.00238088,0.00249279,0.00259579,0.00270543,0.00283715,0.00301766,0.0032605,0.00357014,0.00393564,0.00432142,0.00470001,0.00504266,0.0053442,0.00562891,0.00593118,0.00630764,0.00680022,0.0074359,0.00822449,0.00914751,0.01018021,0.01129244,0.01246518,0.01370719,0.01505717,0.01655486,0.0182501,0.02018235,0.02238189,0.02489839,0.02770155,0.03079676,0.03420185,0.03796677,0.04224999,0.04706289,0.05248786,0.05858542,0.06539164,0.07303902,0.08141944,0.09055082,0.10046113,0.11124622,0.12317524,0.13629227,0.15076089,0.16667974,0.18409672,0.20310848,0.22374336,0.24607175,0.27012235,0.29574196,0.32510574,0.35580911,0.38746231,0.41998316
ERI,2066,0.00669693,0.0006359,0.00062191,0.00061413,0.00060637,0.00059232,0.00056195,0.00051979,0.0004721,0.00042649,0.00039176,0.00037241,0.00037294,0.00039656,0.00044436,0.00051789,0.0006106,0.00071731,0.00082756,0.00092806,0.00101219,0.00107185,0.00111591,0.00115063,0.00118137,0.00121291,0.00124332,0.00127846,0.00131811,0.00136123,0.00140565,0.00144568,0.00148353,0.0015196,0.00155761,0.00160326,0.00166009,0.00173703,0.00183611,0.00195611,0.0020899,0.00222206,0.00234619,0.00245626,0.00255756,0.00266522,0.00279475,0.00297237,0.00321134,0.00351601,0.00387578,0.00425564,0.00462832,0.00496548,0.0052619,0.00554148,0.00583844,0.00620847,0.00669272,0.00731795,0.00809414,0.00900326,0.01002008,0.01111507,0.01226992,0.01349351,0.01482546,0.01630163,0.01797309,0.01987897,0.02204818,0.02453315,0.02730189,0.03036203,0.03373077,0.03745462,0.04168829,0.04645015,0.0518214,0.05785925,0.06460535,0.07218976,0.08050256,0.08956056,0.0994032,0.11012266,0.12197484,0.13499937,0.14934718,0.16513421,0.18244225,0.20135775,0.22188706,0.24410338,0.26804038,0.2935536,0.32286296,0.35352918,0.38518434,0.41775043
ERI,2067,0.00653606,0.00062158,0.00060704,0.00059893,0.00059113,0.00057745,0.00054797,0.0005071,0.0004609,0.00041675,0.00038319,0.0003646,0.00036548,0.00038897,0.00043622,0.00050882,0.00060029,0.00070561,0.00081451,0.00091392,0.00099726,0.00105629,0.0011,0.00113454,0.00116514,0.00119658,0.00122669,0.00126153,0.00130083,0.00134357,0.00138761,0.00142709,0.00146441,0.00149996,0.00153745,0.00158247,0.00163835,0.00171412,0.00181172,0.0019299,0.00206169,0.00219179,0.00231387,0.00242198,0.00252165,0.00262762,0.002755,0.00292989,0.00316531,0.0034654,0.00381969,0.00419397,0.00456104,0.00489301,0.00518462,0.00545947,0.00575158,0.00611548,0.00659204,0.00720736,0.00797157,0.00886782,0.00987018,0.01094928,0.01208709,0.01329291,0.0146072,0.0160647,0.01771344,0.01959408,0.02173548,0.02419048,0.02692746,0.02995344,0.03328781,0.03697604,0.04117092,0.04588312,0.05120338,0.0571883,0.06387645,0.071407,0.07966348,0.08866261,0.09844259,0.10910766,0.12091216,0.13387725,0.1481495,0.16383031,0.18102383,0.19985657,0.22032342,0.24247492,0.26634944,0.29181014,0.32113605,0.35185363,0.38359107,0.41628874
ERI,2068,0.00636931,0.00060666,0.00059163,0.00058319,0.00057538,0.00056212,0.00053356,0.00049404,0.00044937,0.0004067,0.00037435,0.00035654,0.00035774,0.0003811,0.00042777,0.00049938,0.00058955,0.00069341,0.00080089,0.00089913,0.00098163,0.00104005,0.00108337,0.0011177,0.00114819,0.00117951,0.00120934,0.00124382,0.00128276,0.00132509,0.00136873,0.00140766,0.00144443,0.00147945,0.00151636,0.00156074,0.00161565,0.00169016,0.00178624,0.00190259,0.00203232,0.00216026,0.00228028,0.00238646,0.00248419,0.00258837,0.00271372,0.00288568,0.00311741,0.00341285,0.00376157,0.00412997,0.00449123,0.00481778,0.00510439,0.00537435,0.00566154,0.00601926,0.00648782,0.00709309,0.00784484,0.00872743,0.00971504,0.01077823,0.01189879,0.01308599,0.01438146,0.01581865,0.01744537,0.01929927,0.02141105,0.02383531,0.02653833,0.02952864,0.03282485,0.03647426,0.04063032,0.04529779,0.05056093,0.05648715,0.06311471,0.07058241,0.07877928,0.08771696,0.09743349,0.10803132,0.11977982,0.13269501,0.14690356,0.16250067,0.17957452,0.19827877,0.21865264,0.24073183,0.26453082,0.28992017,0.31923579,0.34997818,0.38177896,0.41457131
ERI,2069,0.00620673,0.00059204,0.00057668,0.00056804,0.00056027,0.00054744,0.00051978,0.00048155,0.00043833,0.00039706,0.00036582,0.00034875,0.00035024,0.00037344,0.00041954,0.00049016,0.00057903,0.00068146,0.00078752,0.00088457,0.00096619,0.00102399,0.00106693,0.00110101,0.00113138,0.00116258,0.00119211,0.00122625,0.00126479,0.00130673,0.00134996,0.00138835,0.00142459,0.00145909,0.00149545,0.00153916,0.00159315,0.00166644,0.00176098,0.00187554,0.00200326,0.00212909,0.00224706,0.00235138,0.0024473,0.00254948,0.0026728,0.00284209,0.00307009,0.00336095,0.00370432,0.00406705,0.00442248,0.00474371,0.00502539,0.00529057,0.00557298,0.00592476,0.00638565,0.00698101,0.00772077,0.00858983,0.00956256,0.01061033,0.01171448,0.01288378,0.01416043,0.01557708,0.01718119,0.01901034,0.02109231,0.02348531,0.02615507,0.02910906,0.03236721,0.03597563,0.04009116,0.04471578,0.04992912,0.05579219,0.06235528,0.06975932,0.07788907,0.08676366,0.09641556,0.10694663,0.11862552,0.13148149,0.1456371,0.16116335,0.17814101,0.19670693,0.21693421,0.23890567,0.26261746,0.28791788,0.31719142,0.34791818,0.37973902,0.4125867
ERI,2070,0.00610088,0.00058216,0.000566,0.0005567,0.00054851,0.00053557,0.00050834,0.00047092,0.00042873,0.00038848,0.00035808,0.00034153,0.00034317,0.00036606,0.0004114,0.00048084,0.00056819,0.00066888,0.00077318,0.00086865,0.00094898,0.0010059,0.00104825,0.0010819,0.00111189,0.00114277,0.00117196,0.0012057,0.00124379,0.00128522,0.00132798,0.00136592,0.00140176,0.00143588,0.00147183,0.00151501,0.00156827,0.00164059,0.00173385,0.00184683,0.00197284,0.00209689,0.00221316,0.00231598,0.00241054,0.00251125,0.00263254,0.00279943,0.00302428,0.00331088,0.00364937,0.0040068,0.00435682,0.00467289,0.00494996,0.00521066,0.00548828,0.00583421,0.0062876,0.00687333,0.00760111,0.00845669,0.00941417,0.01044574,0.0115333,0.01268476,0.01394246,0.01533769,0.0169179,0.01872045,0.02077328,0.02313352,0.02576809,0.02868489,0.03190251,0.03546788,0.03953913,0.04411782,0.04928224,0.05508893,0.06158186,0.0689187,0.07698207,0.08578794,0.09537667,0.10584377,0.11745983,0.13024934,0.14435144,0.15983257,0.17674559,0.19522017,0.21531556,0.23715571,0.2607843,0.28603058,0.31530298,0.34605681,0.37794174,0.41089632
ERI,2071,0.00598775,0.00057153,0.00055462,0.0005447,0.00053611,0.00052313,0.00049636,0.00045981,0.0004187,0.00037954,0.00035,0.000334,0.00033579,0.00035837,0.00040295,0.00047114,0.00055694,0.00065584,0.00075832,0.00085217,0.00093118,0.00098721,0.00102896,0.0010622,0.00109185,0.00112236,0.00115122,0.00118457,0.00122219,0.00126312,0.00130535,0.00134285,0.00137829,0.00141204,0.00144757,0.00149024,0.00154275,0.00161404,0.00170599,0.00181738,0.00194162,0.00206384,0.00217842,0.00227971,0.00237288,0.00247212,0.00259143,0.00275557,0.00297712,0.00325958,0.00359294,0.00394488,0.00428945,0.00460033,0.0048725,0.00512856,0.00540115,0.00574101,0.00618666,0.00676255,0.00747815,0.00831975,0.00926178,0.01027651,0.01134646,0.01247972,0.01371847,0.01509205,0.0166473,0.01842181,0.02044346,0.02277181,0.02536951,0.0282471,0.03142346,0.03494365,0.03896929,0.0434982,0.04861047,0.0543618,0.06079169,0.06805549,0.07604748,0.08478382,0.09430136,0.10470368,0.11625767,0.12898484,0.14302118,0.15845146,0.17532197,0.19372895,0.21372525,0.23542578,0.25891936,0.28408286,0.31335385,0.34413171,0.37607523,0.40912782
ERI,2072,0.00588773,0.00056201,0.00054434,0.00053379,0.0005248,0.00051172,0.00048535,0.00044956,0.00040943,0.00037126,0.00034251,0.00032702,0.00032894,0.00035122,0.00039507,0.0004621,0.00054642,0.00064367,0.00074443,0.00083675,0.00091451,0.00096968,0.00101082,0.00104362,0.00107291,0.00110305,0.00113153,0.00116446,0.00120161,0.00124203,0.00128375,0.00132077,0.0013558,0.00138917,0.0014243,0.00146643,0.00151821,0.00158848,0.00167911,0.00178895,0.00191146,0.00203187,0.0021448,0.00224465,0.00233646,0.00243427,0.00255173,0.00271333,0.00293139,0.00320983,0.0035385,0.00388504,0.00422438,0.0045304,0.00479801,0.00504947,0.00531725,0.00565123,0.00608943,0.00665593,0.00735999,0.00818833,0.00911542,0.01011421,0.01116707,0.01228231,0.01350292,0.01485604,0.01638746,0.01813435,0.02012507,0.02242104,0.02498447,0.0278228,0.03095755,0.03443363,0.03841294,0.04289182,0.04794908,0.05364279,0.06001191,0.06721064,0.07512493,0.0837859,0.09323037,0.10355765,0.11504596,0.12770805,0.14167907,0.15703978,0.173857,0.19221743,0.21213731,0.23373056,0.25708155,0.28211664,0.31136477,0.34217266,0.37418109,0.40733881
ERI,2073,0.00577847,0.0005518,0.00053344,0.00052232,0.00051298,0.00049987,0.00047395,0.00043898,0.00039986,0.00036271,0.00033479,0.00031982,0.00032186,0.00034383,0.00038693,0.00045274,0.00053554,0.00063103,0.00073004,0.00082075,0.00089722,0.00095151,0.00099204,0.00102441,0.00105336,0.00108318,0.00111133,0.00114384,0.00118055,0.00122048,0.00126168,0.00129824,0.00133283,0.00136581,0.00140054,0.00144217,0.00149323,0.00156249,0.00165181,0.00176007,0.00188086,0.00199947,0.00211069,0.00220908,0.00229955,0.00239589,0.00251143,0.00267047,0.00288508,0.00315906,0.00348288,0.00382419,0.00415805,0.00445911,0.00472222,0.00496917,0.00523191,0.0055599,0.00599046,0.00654736,0.0072397,0.00805472,0.00896689,0.00994946,0.01098539,0.01208237,0.01328427,0.01461719,0.01612536,0.01784509,0.01980447,0.02206742,0.02459535,0.02739652,0.03048896,0.03391997,0.03785362,0.04228203,0.04728448,0.05291841,0.05922561,0.06636347,0.07421131,0.08279369,0.09216285,0.10241764,0.11383401,0.12643306,0.14034262,0.15564208,0.17239322,0.19070385,0.21057737,0.23209082,0.25533135,0.28022684,0.30939704,0.34019881,0.37225434,0.40549015
ERI,2074,0.00567279,0.000542,0.00052298,0.0005113,0.0005016,0.00048845,0.00046295,0.00042876,0.00039061,0.00035443,0.0003273,0.00031283,0.00031498,0.00033663,0.00037897,0.00044359,0.0005249,0.00061867,0.00071592,0.00080509,0.00088026,0.00093368,0.00097361,0.00100553,0.00103411,0.00106356,0.00109137,0.00112347,0.00115967,0.00119908,0.00123977,0.00127584,0.00130999,0.00134255,0.00137686,0.00141797,0.00146829,0.00153653,0.00162452,0.00173117,0.00185017,0.00196697,0.0020765,0.00217336,0.00226248,0.00235738,0.00247101,0.00262746,0.00283867,0.00310828,0.00342685,0.00376285,0.0040915,0.00438745,0.00464604,0.00488861,0.00514645,0.00546831,0.00589121,0.00643841,0.00711894,0.00792059,0.00881788,0.00978437,0.01080313,0.01188204,0.01306485,0.01437675,0.01586167,0.01755451,0.01948266,0.02171157,0.0242026,0.02696442,0.0300158,0.03339977,0.03728511,0.04166164,0.04660646,0.05217784,0.05841743,0.06548886,0.07326972,0.08177977,0.09106415,0.10123742,0.11257753,0.12509885,0.13894135,0.15417606,0.17086267,0.1891021,0.20892015,0.23038115,0.25353716,0.27832674,0.30741822,0.33818205,0.37028118,0.40362146
ERI,2075,0.00556705,0.00053215,0.00051251,0.00050031,0.00049029,0.0004771,0.00045204,0.00041864,0.00038145,0.00034624,0.00031988,0.00030589,0.00030816,0.0003295,0.0003711,0.00043454,0.00051436,0.00060644,0.00070195,0.00078955,0.00086349,0.00091602,0.00095536,0.00098685,0.00101507,0.00104418,0.00107166,0.00110338,0.00113913,0.00117803,0.00121821,0.00125383,0.00128754,0.0013197,0.00135357,0.00139418,0.00144379,0.00151105,0.00159777,0.00170285,0.00182012,0.00193512,0.00204299,0.00213839,0.00222615,0.00231965,0.00243142,0.00258534,0.00279319,0.00305859,0.00337215,0.00370255,0.00402606,0.00431732,0.00457134,0.00480961,0.00506282,0.0053788,0.00579404,0.00633174,0.00700066,0.00778919,0.00867199,0.00962298,0.01062528,0.0116865,0.01285111,0.01414245,0.01560423,0.0172713,0.0191698,0.02136622,0.02382102,0.026544,0.02955416,0.03289497,0.03673262,0.04105782,0.04594728,0.05145754,0.05763139,0.06463587,0.07234998,0.08079384,0.09000722,0.10009636,0.11135796,0.12380485,0.13757174,0.15274369,0.16936999,0.18754709,0.20729218,0.22869401,0.25179099,0.27649232,0.30551956,0.33621707,0.3682906,0.40168142
ERI,2076,0.00546512,0.00052272,0.00050246,0.00048976,0.00047942,0.00046619,0.00044154,0.00040889,0.00037264,0.00033836,0.00031274,0.00029921,0.00030159,0.00032263,0.00036351,0.0004258,0.00050417,0.00059461,0.00068844,0.00077453,0.00084721,0.00089894,0.00093768,0.00096876,0.00099667,0.00102543,0.0010526,0.00108394,0.00111928,0.0011577,0.00119737,0.00123256,0.00126586,0.00129763,0.00133109,0.00137118,0.00142011,0.00148644,0.00157194,0.00167553,0.00179115,0.00190442,0.00201068,0.00210468,0.00219114,0.00228323,0.00239323,0.00254474,0.00274934,0.00301066,0.00331944,0.00364456,0.0039627,0.00424939,0.00449935,0.00473333,0.00498205,0.00529254,0.00570054,0.00622892,0.00688663,0.00766245,0.00853127,0.00946737,0.01045408,0.01149861,0.01264568,0.01391771,0.01535721,0.01699905,0.01886954,0.02103561,0.0234564,0.02614181,0.02911195,0.03241011,0.036205,0.04048048,0.04531628,0.05076912,0.05688052,0.06382167,0.07147072,0.07985099,0.08900269,0.09902587,0.11021,0.12258452,0.13628527,0.15139177,0.16796952,0.1861014,0.2057989,0.22714358,0.2501999,0.27486751,0.30388292,0.33457356,0.36664645,0.40007869
ERI,2077,0.0053718,0.0005139,0.00049301,0.00047978,0.00046909,0.00045579,0.00043151,0.00039955,0.00036417,0.00033078,0.00030587,0.00029279,0.00029526,0.000316,0.0003562,0.00041739,0.00049437,0.00058322,0.00067543,0.00076007,0.00083155,0.00088244,0.00092063,0.00095125,0.00097879,0.0010072,0.00103401,0.00106494,0.00109982,0.00113776,0.00117693,0.00121164,0.00124453,0.00127591,0.00130895,0.00134851,0.00139672,0.0014621,0.00154635,0.00164844,0.00176239,0.00187393,0.00197857,0.00207113,0.00215632,0.00224705,0.00235526,0.00250442,0.00270587,0.00296316,0.00326721,0.0035872,0.00390016,0.00418188,0.00442776,0.00465784,0.00490195,0.00520698,0.00560799,0.0061273,0.00677373,0.00753691,0.00839174,0.00931295,0.01028407,0.01131207,0.01244174,0.01369413,0.01511149,0.01672766,0.01856919,0.02070473,0.02309163,0.02573945,0.02866822,0.03192199,0.03567094,0.03989776,0.04467668,0.05006814,0.05611412,0.06298752,0.07056607,0.07887433,0.0879555,0.09790995,0.10902235,0.12130992,0.13492913,0.14996124,0.16646487,0.18453944,0.20417942,0.22546149,0.24844494,0.27306061,0.30208027,0.3327786,0.364876,0.39834428
ERI,2078,0.00527375,0.00050486,0.00048342,0.00046972,0.00045874,0.00044542,0.00042153,0.00039028,0.00035578,0.00032327,0.00029906,0.00028641,0.00028897,0.00030941,0.00034891,0.00040901,0.0004846,0.00057185,0.00066243,0.00074562,0.00081592,0.00086599,0.0009036,0.00093385,0.00096103,0.00098912,0.00101561,0.00104616,0.00108061,0.00111807,0.00115678,0.00119105,0.00122352,0.00125452,0.00128716,0.00132622,0.00137375,0.00143817,0.00152122,0.00162187,0.00173421,0.00184407,0.00194713,0.00203829,0.00212219,0.00221158,0.00231803,0.0024648,0.00266315,0.0029165,0.00321588,0.0035308,0.00383874,0.00411572,0.00435712,0.00458332,0.00482328,0.00512279,0.00551689,0.00602747,0.006663,0.00741358,0.00825467,0.00916124,0.01011713,0.01112908,0.01224209,0.01347578,0.0148716,0.01646334,0.01827668,0.02038208,0.02273664,0.02534895,0.02823856,0.03144897,0.03515303,0.03933142,0.04405894,0.0493907,0.05537308,0.06218243,0.06969419,0.07793378,0.08694577,0.09683312,0.10788317,0.12010423,0.1336406,0.14859746,0.16503568,0.18304532,0.20263756,0.22387015,0.24679791,0.27135116,0.30037225,0.33110224,0.36323829,0.39675725
ERI,2079,0.00518156,0.00049644,0.00047449,0.00046036,0.0004491,0.00043575,0.00041223,0.00038163,0.00034794,0.00031624,0.00029267,0.00028043,0.00028307,0.00030321,0.00034204,0.00040108,0.00047535,0.00056108,0.00065009,0.00073186,0.00080101,0.00085031,0.00088736,0.0009172,0.00094409,0.00097183,0.00099802,0.0010282,0.00106221,0.00109921,0.00113743,0.00117129,0.00120335,0.00123395,0.0012662,0.00130477,0.00135162,0.00141513,0.001497,0.00159624,0.00170702,0.00181527,0.00191682,0.00200663,0.00208927,0.00217731,0.00228207,0.00242656,0.00262184,0.0028714,0.00316631,0.00347632,0.00377941,0.00405192,0.00428918,0.0045112,0.00474713,0.00504172,0.00542905,0.00593123,0.00655647,0.00729512,0.0081228,0.00901528,0.00995646,0.01095302,0.01205006,0.01326601,0.01464147,0.01620965,0.01799636,0.0200725,0.02239514,0.02497357,0.02782612,0.03099542,0.03465515,0.0387856,0.04346115,0.04873807,0.0546574,0.06140271,0.06884907,0.0770213,0.08596418,0.09578208,0.10676657,0.11892643,0.13239786,0.14727231,0.16363865,0.18158857,0.20112207,0.22231513,0.24520297,0.26971602,0.29873466,0.32950669,0.36172498,0.39533682
ERI,2080,0.00508677,0.0004875,0.00046498,0.00045038,0.00043882,0.00042542,0.00040228,0.00037238,0.00033956,0.00030873,0.00028585,0.00027405,0.00027678,0.00029662,0.00033474,0.00039266,0.00046553,0.00054966,0.00063703,0.00071731,0.00078522,0.00083367,0.00087015,0.00089956,0.00092609,0.00095352,0.00097936,0.00100916,0.00104273,0.00107923,0.00111695,0.00115035,0.00118201,0.00121222,0.00124403,0.00128209,0.00132826,0.00139081,0.00147144,0.00156918,0.00167832,0.00178488,0.00188484,0.00197324,0.00205457,0.00214123,0.00224419,0.0023863,0.0025784,0.00282394,0.00311419,0.00341913,0.00371713,0.00398492,0.00421792,0.0044357,0.00466689,0.00495621,0.0053368,0.00582996,0.00644437,0.0071707,0.00798452,0.00886197,0.00978764,0.01076784,0.01184797,0.01304521,0.01439941,0.01594306,0.01770156,0.01974739,0.02203627,0.02457824,0.02739223,0.03051916,0.03413326,0.03821257,0.04283248,0.0480492,0.05390542,0.06058172,0.06795728,0.07605772,0.08492721,0.0946693,0.10557927,0.11766738,0.13107269,0.14587721,0.16215421,0.1800261,0.199493,0.22061811,0.24345509,0.26791792,0.2969268,0.32770697,0.35998383,0.39369462
ERI,2081,0.00500128,0.00047975,0.00045668,0.00044161,0.00042975,0.00041629,0.00039347,0.00036418,0.00033211,0.00030205,0.00027978,0.00026835,0.00027115,0.00029071,0.00032819,0.00038509,0.00045668,0.00053935,0.00062523,0.00070416,0.00077096,0.00081864,0.00085459,0.00088361,0.0009098,0.00093688,0.00096243,0.00099182,0.00102496,0.00106099,0.00109822,0.00113118,0.00116243,0.00119228,0.00122369,0.00126123,0.00130674,0.00136839,0.00144784,0.00154417,0.00165174,0.00175671,0.0018552,0.00194228,0.0020224,0.00210775,0.00220904,0.0023489,0.00253806,0.00277987,0.00306571,0.00336596,0.0036593,0.0039227,0.00415172,0.00436565,0.00459257,0.00487652,0.00525079,0.00573597,0.00634013,0.00705497,0.00785609,0.00871974,0.00963071,0.01059563,0.01165979,0.01283943,0.01417366,0.01569448,0.01742674,0.01944367,0.02170095,0.02420801,0.02698444,0.0300714,0.03364242,0.03767325,0.04223836,0.04739562,0.05318787,0.05979956,0.06710319,0.07513013,0.08392508,0.09359069,0.1044222,0.11643179,0.12976173,0.14449758,0.16070049,0.17847397,0.19785168,0.21889606,0.24164716,0.26604133,0.29501501,0.3257775,0.35805897,0.39182277
ERI,2082,0.00491581,0.00047174,0.00044818,0.00043267,0.00042052,0.00040701,0.00038453,0.00035585,0.00032456,0.00029527,0.00027363,0.00026258,0.00026545,0.00028474,0.00032159,0.00037747,0.00044779,0.00052899,0.00061337,0.00069096,0.00075664,0.00080354,0.00083893,0.00086756,0.00089344,0.00092019,0.00094541,0.00097447,0.00100718,0.00104276,0.00107952,0.00111205,0.0011429,0.00117239,0.00120342,0.0012405,0.00128534,0.00134611,0.00142443,0.00151938,0.00162541,0.00172879,0.00182582,0.00191162,0.00199055,0.00207463,0.00217427,0.00231193,0.00249815,0.0027363,0.00301783,0.00331339,0.00360214,0.00386129,0.00408637,0.00429647,0.00451927,0.00479806,0.00516556,0.00564279,0.00623724,0.00694056,0.00772914,0.00857945,0.0094762,0.01042585,0.01147436,0.01263666,0.01395134,0.01544988,0.01715677,0.01914597,0.02137243,0.02384623,0.02658615,0.02963368,0.03316398,0.03714948,0.04166349,0.04676339,0.05249432,0.05904328,0.06628396,0.07424164,0.08296684,0.09256226,0.10332403,0.11526142,0.12852132,0.14319336,0.15934346,0.17705989,0.19635656,0.21733373,0.24003026,0.2643718,0.29335405,0.32414885,0.35649186,0.39034489
ERI,2083,0.00482343,0.00046334,0.00043924,0.00042329,0.00041084,0.00039728,0.00037514,0.00034712,0.00031663,0.00028816,0.00026717,0.00025652,0.00025946,0.00027844,0.00031459,0.0003694,0.00043833,0.00051796,0.0006007,0.00067684,0.00074134,0.00078744,0.00082226,0.00085046,0.00087601,0.00090245,0.00092735,0.00095603,0.00098832,0.0010234,0.00105967,0.00109175,0.00112218,0.00115127,0.0011819,0.0012185,0.00126267,0.0013225,0.00139962,0.00149312,0.00159754,0.00169926,0.00179472,0.00187915,0.00195683,0.00203956,0.00213745,0.00227273,0.00245579,0.00268996,0.00296686,0.00325737,0.00354112,0.00379572,0.00401669,0.00422273,0.00444114,0.00471457,0.00507504,0.00554317,0.00612709,0.00681847,0.00759334,0.00842926,0.00931105,0.01024467,0.01127625,0.01242013,0.01371396,0.01518887,0.01686892,0.01882903,0.02102327,0.02346163,0.02616345,0.02916899,0.03265523,0.03659353,0.04105494,0.04609619,0.05176221,0.05824509,0.06541766,0.07330773,0.0819591,0.09148023,0.10216929,0.11403458,0.12722112,0.14182588,0.15791904,0.17559383,0.19484585,0.21575673,0.23840605,0.2627211,0.29173162,0.322605,0.35506665,0.38907889
ERI,2084,0.00474483,0.00045614,0.00043158,0.00041522,0.0004025,0.00038888,0.00036702,0.00033954,0.00030975,0.00028198,0.00026154,0.00025124,0.00025423,0.00027294,0.00030848,0.00036233,0.00043006,0.0005083,0.00058963,0.00066448,0.00072793,0.00077333,0.00080765,0.00083547,0.00086069,0.00088681,0.00091142,0.00093973,0.0009716,0.00100626,0.00104206,0.00107373,0.00110379,0.00113252,0.00116277,0.00119891,0.00124248,0.00130147,0.00137747,0.00146965,0.00157259,0.00167279,0.00176683,0.00185,0.00192656,0.00200809,0.00210443,0.00223761,0.00241784,0.00264843,0.00292111,0.0032071,0.00348636,0.00373679,0.0039541,0.00415658,0.00437106,0.00463965,0.00499391,0.00545399,0.00602784,0.00670836,0.00747129,0.00829395,0.00916214,0.01008152,0.01109796,0.01222482,0.01349969,0.01495299,0.01660861,0.01854214,0.0207071,0.02311328,0.02577982,0.02874723,0.03219224,0.03608551,0.0404984,0.0454856,0.05109162,0.05751013,0.06461597,0.07243714,0.08101994,0.09046525,0.10107885,0.11286864,0.12598108,0.14050985,0.15653356,0.17414625,0.19334656,0.21419491,0.23675383,0.26099592,0.28998632,0.32086323,0.35337847,0.38747817
ERI,2085,0.00466315,0.00044846,0.00042337,0.00040656,0.00039355,0.00037985,0.00035829,0.00033139,0.00030234,0.00027531,0.00025547,0.00024554,0.00024859,0.00026701,0.0003019,0.00035471,0.00042115,0.0004979,0.00057769,0.00065115,0.00071344,0.00075804,0.00079181,0.00081922,0.00084407,0.00086982,0.00089409,0.00092201,0.00095343,0.00098758,0.00102291,0.00105411,0.00108376,0.0011121,0.00114194,0.00117756,0.00122046,0.00127854,0.00135335,0.00144405,0.0015454,0.00164396,0.00173646,0.00181827,0.00189357,0.00197381,0.00206849,0.0021994,0.00237659,0.00260332,0.00287144,0.00315251,0.00342696,0.00367292,0.00388618,0.00408484,0.00429516,0.00455853,0.00490606,0.00535762,0.00592085,0.00658898,0.00733891,0.00814779,0.00900103,0.00990491,0.01090517,0.01201381,0.01326775,0.01469751,0.01632638,0.01823085,0.02036387,0.02273525,0.02536377,0.02828932,0.03168988,0.03553352,0.03989185,0.04482026,0.0503614,0.0567106,0.06374174,0.07148605,0.07998977,0.08935618,0.09988395,0.111587,0.12461284,0.13905792,0.15499621,0.17253214,0.19166361,0.21245535,0.23494838,0.25910384,0.28806962,0.31896454,0.3515346,0.38574813
ERI,2086,0.00457439,0.00044031,0.00041478,0.00039758,0.00038431,0.00037058,0.00034936,0.00032307,0.00029477,0.00026851,0.00024927,0.0002397,0.00024281,0.00026091,0.00029512,0.00034685,0.00041192,0.00048711,0.00056531,0.00063732,0.00069841,0.00074218,0.00077538,0.00080238,0.00082689,0.00085229,0.00087622,0.00090375,0.00093472,0.00096838,0.00100317,0.00103394,0.00106314,0.00109108,0.0011205,0.0011556,0.00119781,0.00125495,0.00132856,0.0014178,0.00151748,0.00161437,0.00170531,0.00178571,0.00185973,0.00193857,0.00203151,0.00216007,0.0023341,0.00255683,0.00282022,0.00309618,0.00336558,0.00360697,0.00381612,0.00401078,0.00421687,0.00447498,0.0048156,0.00525834,0.00581075,0.00646633,0.00720213,0.0079967,0.00883515,0.0097229,0.01070659,0.01179696,0.01302988,0.01443536,0.01603697,0.01791159,0.0200119,0.02234767,0.02493757,0.02782075,0.03117549,0.03496904,0.03927128,0.04413833,0.04961389,0.05589317,0.06284923,0.07051303,0.07893408,0.08821501,0.09865863,0.11026874,0.12320129,0.13755447,0.15340644,0.17085303,0.18990457,0.21062235,0.23305226,0.25713636,0.2860455,0.31692396,0.34952314,0.38379931
ERI,2087,0.00449787,0.00043337,0.00040722,0.00038951,0.00037588,0.00036204,0.00034109,0.00031535,0.00028774,0.00026219,0.00024352,0.0002343,0.00023746,0.00025528,0.00028886,0.0003396,0.00040341,0.00047716,0.00055388,0.00062456,0.00068456,0.00072759,0.00076025,0.00078687,0.00081108,0.00083616,0.00085978,0.00088693,0.00091749,0.00095069,0.00098502,0.00101535,0.00104418,0.00107174,0.00110077,0.00113541,0.00117698,0.00123326,0.00130576,0.00139367,0.00149187,0.00158721,0.00167672,0.00175587,0.00182871,0.00190629,0.0019976,0.002124,0.00229516,0.00251424,0.00277333,0.0030446,0.00330938,0.00354649,0.00375186,0.00394284,0.0041449,0.00439816,0.00473245,0.00516703,0.00570942,0.00635356,0.00707654,0.00785721,0.00868196,0.00955545,0.01052365,0.01159719,0.01281109,0.01419452,0.01577073,0.01761803,0.0196883,0.02199155,0.02454632,0.02739133,0.03070525,0.0344535,0.03870617,0.04351801,0.04893385,0.05515226,0.0620435,0.06963872,0.07798693,0.08719416,0.0975642,0.10910384,0.12195908,0.13623848,0.15202184,0.16940979,0.18839984,0.20906886,0.23145759,0.25551757,0.28444201,0.31534247,0.34801713,0.38242302
ERI,2088,0.00442608,0.00042673,0.00040022,0.00038217,0.00036833,0.00035445,0.00033376,0.00030851,0.00028153,0.00025659,0.0002384,0.00022948,0.00023268,0.00025023,0.00028323,0.00033306,0.00039573,0.00046816,0.00054353,0.00061301,0.00067203,0.00071436,0.00074654,0.00077277,0.00079666,0.00082143,0.00084474,0.00087152,0.00090166,0.00093442,0.0009683,0.00099821,0.00102665,0.00105388,0.00108252,0.0011167,0.00115767,0.00121311,0.00128454,0.00137116,0.00146795,0.00156184,0.00164997,0.00172792,0.00179966,0.00187606,0.00196587,0.00209022,0.00225867,0.00247433,0.00272938,0.0029963,0.00325675,0.0034899,0.0036917,0.00387933,0.00407775,0.00432644,0.00465493,0.00508203,0.0056151,0.00624855,0.00695969,0.00772759,0.00853875,0.00939882,0.01035304,0.01141043,0.01260636,0.01396931,0.01552183,0.01734268,0.01938412,0.02165592,0.02417675,0.02698481,0.03025895,0.03396301,0.03816622,0.04292391,0.04827956,0.05443424,0.06125916,0.06878347,0.07705623,0.08618223,0.09647001,0.10792514,0.12069877,0.13488776,0.1505833,0.16788584,0.18679746,0.20737862,0.22968864,0.25367534,0.28257049,0.31345482,0.34612181,0.38056939
ERI,2089,0.00435438,0.0004198,0.00039289,0.00037448,0.00036039,0.00034645,0.00032603,0.0003013,0.00027496,0.00025068,0.00023302,0.0002244,0.00022765,0.00024493,0.00027733,0.00032623,0.00038773,0.0004588,0.00053277,0.00060098,0.00065894,0.00070056,0.00073221,0.00075805,0.0007816,0.00080605,0.00082905,0.00085547,0.00088519,0.00091748,0.00095089,0.0009804,0.00100844,0.00103529,0.00106358,0.00109727,0.00113763,0.00119224,0.00126257,0.00134787,0.00144319,0.00153561,0.00162235,0.00169905,0.00176967,0.00184487,0.00193314,0.00205541,0.00222107,0.00243323,0.00268418,0.00294668,0.00320274,0.00343185,0.00363,0.00381411,0.0040088,0.00425284,0.00457526,0.00499475,0.00551842,0.00614096,0.00684003,0.00759508,0.00839265,0.00923816,0.01017797,0.01121953,0.01239678,0.01373873,0.0152674,0.01706164,0.0190734,0.02131322,0.02379938,0.02656991,0.02980381,0.03346357,0.03761741,0.04232009,0.04761601,0.05370648,0.06046366,0.06791839,0.07611748,0.08516534,0.09537006,0.10674095,0.11942868,0.1335369,0.1491431,0.16636065,0.18519043,0.20569897,0.2279267,0.25184564,0.28071265,0.31160529,0.34430303,0.37879258
ERI,2090,0.00428134,0.00041311,0.00038566,0.0003668,0.00035239,0.00033835,0.00031818,0.00029396,0.00026829,0.00024467,0.00022754,0.00021925,0.00022253,0.00023953,0.00027131,0.00031923,0.0003795,0.00044916,0.00052168,0.00058857,0.00064546,0.00068635,0.00071749,0.00074295,0.00076617,0.00079027,0.00081297,0.00083902,0.00086831,0.00090013,0.00093305,0.00096213,0.00098978,0.00101625,0.00104413,0.00107738,0.00111709,0.00117084,0.00124007,0.00132402,0.00141786,0.00150876,0.00159411,0.00166955,0.00173899,0.00181295,0.00189964,0.00201974,0.00218253,0.00239103,0.00263772,0.00289564,0.00314717,0.00337211,0.00356651,0.00374699,0.00393776,0.00417702,0.00449323,0.00490472,0.00541867,0.00603002,0.00671657,0.00745828,0.00824199,0.00907276,0.00999686,0.01102201,0.01218078,0.01350087,0.01500498,0.01677231,0.01875398,0.0209606,0.02341114,0.0261429,0.02933556,0.03295008,0.03705403,0.04170146,0.04693641,0.052963,0.05965156,0.06703464,0.07516084,0.08413183,0.09425691,0.10554288,0.11814635,0.13217088,0.14770202,0.16483672,0.1835901,0.20402659,0.22619525,0.25004957,0.2789096,0.30982753,0.34260106,0.37719681
ERI,2091,0.00420487,0.00040602,0.00037823,0.00035906,0.00034445,0.00033038,0.0003105,0.0002868,0.00026176,0.0002388,0.00022218,0.00021419,0.0002175,0.0002342,0.00026537,0.00031232,0.00037137,0.00043963,0.00051071,0.00057631,0.00063212,0.00067227,0.0007029,0.00072799,0.00075089,0.00077466,0.00079704,0.00082273,0.00085161,0.00088297,0.0009154,0.00094404,0.00097129,0.0009974,0.00102488,0.00105764,0.00109676,0.00114964,0.00121776,0.00130039,0.00139273,0.00148212,0.00156605,0.00164027,0.00170854,0.00178124,0.00186636,0.00198432,0.00214423,0.00234909,0.00259148,0.00284483,0.00309188,0.00331271,0.00350342,0.00368036,0.0038673,0.00410181,0.00441193,0.00481556,0.00531978,0.00592008,0.00659434,0.00732286,0.00809284,0.00890926,0.00981813,0.01082617,0.01196659,0.01326583,0.01474542,0.01648601,0.01843823,0.02061226,0.02302702,0.02572023,0.02887141,0.03244066,0.03649474,0.04108737,0.04626202,0.05222393,0.05884429,0.06615446,0.07420462,0.08309797,0.09314198,0.10434294,0.11685561,0.13079125,0.14623476,0.16329181,0.18195791,0.20231328,0.22440408,0.24819702,0.277021,0.30794283,0.3407568,0.37544348
ERI,2092,0.00414117,0.00040002,0.00037177,0.00035221,0.00033733,0.00032317,0.0003035,0.00028024,0.00025578,0.0002334,0.00021725,0.00020954,0.00021288,0.00022933,0.00025992,0.00030598,0.00036391,0.00043088,0.00050062,0.00056501,0.00061982,0.00065927,0.00068939,0.0007141,0.00073668,0.00076012,0.00078217,0.00080748,0.00083594,0.00086685,0.00089881,0.00092702,0.00095386,0.0009796,0.00100671,0.00103899,0.00107749,0.00112957,0.00119662,0.00127796,0.00136889,0.00145683,0.00153941,0.00161243,0.00167963,0.00175116,0.00183478,0.00195074,0.00210798,0.00230943,0.00254782,0.00279686,0.00303971,0.00325671,0.00344397,0.00361759,0.00380092,0.00403096,0.00433529,0.00473161,0.00522678,0.00581661,0.0064794,0.00719566,0.00795271,0.00875556,0.0096501,0.0106421,0.01176406,0.01304328,0.01450017,0.01621472,0.01813853,0.02028158,0.02266221,0.02531774,0.02842841,0.03195296,0.03595783,0.04049617,0.04561128,0.05150885,0.05805981,0.06529706,0.07326936,0.08208109,0.09204208,0.10315506,0.11557513,0.12941115,0.1447569,0.1617156,0.18029171,0.20054353,0.22253488,0.24623139,0.27500037,0.30587532,0.33868712,0.37340612
ERI,2093,0.00406767,0.00039329,0.00036469,0.00034482,0.00032973,0.00031554,0.00029615,0.00027338,0.00024952,0.00022776,0.00021208,0.00020467,0.00020803,0.0002242,0.00025419,0.00029931,0.00035605,0.00042166,0.00049001,0.00055313,0.0006069,0.00064565,0.00067527,0.0006996,0.00072187,0.000745,0.00076674,0.00079169,0.00081971,0.00085016,0.00088166,0.00090946,0.0009359,0.00096125,0.00098798,0.00101981,0.0010577,0.00110893,0.00117493,0.00125495,0.00134443,0.00143091,0.0015121,0.00158389,0.00164994,0.00172028,0.00180237,0.00191621,0.00207066,0.00226857,0.00250278,0.00274734,0.00298573,0.00319872,0.00338242,0.00355262,0.00373225,0.00395765,0.00425597,0.00464457,0.00513032,0.00570927,0.00635995,0.00706346,0.00780721,0.00859599,0.00947579,0.01045157,0.01155498,0.01281272,0.01424622,0.01593508,0.01782966,0.01994117,0.02228763,0.02490547,0.02797516,0.03145522,0.0354111,0.03989601,0.0449529,0.05078887,0.05727408,0.06444141,0.07234129,0.08107625,0.09095892,0.10199404,0.11433379,0.1280886,0.14334953,0.16023065,0.17873272,0.19892423,0.22084665,0.24448766,0.27324842,0.30416252,0.33703896,0.37188341
ERI,2094,0.00399579,0.00038667,0.00035782,0.00033771,0.00032245,0.00030825,0.00028913,0.00026683,0.00024355,0.00022236,0.00020715,2e-04,0.00020338,0.00021927,0.00024869,0.0002929,0.0003485,0.00041279,0.00047979,0.0005417,0.00059447,0.00063253,0.00066166,0.00068562,0.00070758,0.0007304,0.00075185,0.00077643,0.00080404,0.00083403,0.00086507,0.00089245,0.00091851,0.0009435,0.00096983,0.0010012,0.00103851,0.00108892,0.00115385,0.00123261,0.00132065,0.00140568,0.00148553,0.00155611,0.00162106,0.00169021,0.00177082,0.00188264,0.00203434,0.00222881,0.00245896,0.00269914,0.00293324,0.00314228,0.00332253,0.00348942,0.00366549,0.00388644,0.00417893,0.00456006,0.00503659,0.005605,0.00624396,0.00693494,0.00766581,0.00844106,0.00930648,0.01026639,0.01135189,0.01258899,0.01399864,0.01566214,0.01752882,0.01960894,0.02192168,0.02450282,0.0275323,0.03096761,0.03487462,0.03930574,0.04430414,0.05007768,0.05649639,0.06359295,0.07141762,0.08007434,0.08987463,0.10082462,0.1130799,0.12674741,0.14191958,0.15870564,0.17711794,0.19721924,0.21906193,0.24261318,0.2713238,0.30221271,0.33511333,0.37000056
ERI,2095,0.00392752,0.00038052,0.00035121,0.0003307,0.00031517,0.00030088,0.00028198,0.00026015,0.00023747,0.00021687,0.00020212,0.00019525,0.00019866,0.00021427,0.0002431,0.00028639,0.00034081,0.00040375,0.00046936,0.00053001,0.00058174,0.0006191,0.00064775,0.00067134,0.00069299,0.00071549,0.00073665,0.00076089,0.00078809,0.00081762,0.00084817,0.00087513,0.0009008,0.00092542,0.00095136,0.00098226,0.00101897,0.00106858,0.00113245,0.00120993,0.00129658,0.00138016,0.00145865,0.00152804,0.00159187,0.00165981,0.0017389,0.00184867,0.00199763,0.00218858,0.00241464,0.00265043,0.00288018,0.00308526,0.00326193,0.00342546,0.00359791,0.00381434,0.00410095,0.00447453,0.00494173,0.00549941,0.00612658,0.006805,0.00752275,0.00828443,0.00913555,0.01007954,0.01114705,0.01236365,0.01374976,0.01538685,0.01722551,0.0192752,0.02155396,0.02409852,0.02708872,0.03048038,0.03433882,0.03871721,0.04365813,0.04937126,0.05572604,0.06275553,0.07050981,0.07909233,0.0888175,0.0996889,0.1118648,0.12545695,0.14055378,0.15726647,0.17560161,0.19563607,0.21741606,0.24092337,0.26962305,0.30053865,0.33350576,0.3685211
ERI,2096,0.00386827,0.00037483,0.00034529,0.00032456,0.00030888,0.00029457,0.00027588,0.00025444,0.00023226,0.00021217,0.00019781,0.00019116,0.00019458,0.00020995,0.00023827,0.00028077,0.0003342,0.00039598,0.00046039,0.00051996,0.00057079,0.00060751,0.00063569,0.00065894,0.00068028,0.00070248,0.00072334,0.00074724,0.00077406,0.00080316,0.00083328,0.00085984,0.00088515,0.00090943,0.00093502,0.00096548,0.00100162,0.00105047,0.00111338,0.00118967,0.00127499,0.00135726,0.00143448,0.00150276,0.00156556,0.00163241,0.00171011,0.00181801,0.0019645,0.0021523,0.00237461,0.0026064,0.00283221,0.00303364,0.00320706,0.00336743,0.00353652,0.00374881,0.00403003,0.00439668,0.00485533,0.00540312,0.00601931,0.00668611,0.00739167,0.00814049,0.00897812,0.00990714,0.01095751,0.01215455,0.01351839,0.01513045,0.01694102,0.01896113,0.02120786,0.0237164,0.02666779,0.03001668,0.03382708,0.03815184,0.04303447,0.04868499,0.05497324,0.06193215,0.069612,0.07811551,0.08775745,0.09854274,0.11062741,0.12412623,0.13913258,0.15575229,0.17399304,0.19392474,0.21560978,0.23902505,0.26767659,0.29855651,0.33152811,0.3665849
ERI,2097,0.00380736,0.00036905,0.0003392,0.00031819,0.00030232,0.00028798,0.00026952,0.00024849,0.00022683,0.00020726,0.00019332,0.00018692,0.00019035,0.00020546,0.00023324,0.0002749,0.00032727,0.00038784,0.00045098,0.00050937,0.00055925,0.00059531,0.00062302,0.0006459,0.00066694,0.00068882,0.00070938,0.00073293,0.00075935,0.00078803,0.00081769,0.00084384,0.00086875,0.00089269,0.00091792,0.00094794,0.0009835,0.00103156,0.00109345,0.00116854,0.00125249,0.00133338,0.00140934,0.00147645,0.00153819,0.00160391,0.00168017,0.00178612,0.00193,0.00211453,0.00233297,0.00256055,0.00278225,0.00297991,0.00314994,0.00330707,0.00347262,0.00368061,0.00395623,0.00431572,0.0047655,0.005303,0.00590777,0.00656235,0.00725531,0.00799082,0.00881429,0.00972783,0.01076061,0.01193741,0.0132782,0.01486456,0.01664644,0.01863471,0.02084799,0.02332013,0.02623078,0.02953513,0.03329626,0.03756592,0.0423874,0.04797283,0.05419132,0.06107653,0.06867849,0.07709971,0.08665533,0.09734903,0.10933948,0.12273923,0.13764494,0.15416836,0.17230866,0.192138,0.21371162,0.23702648,0.2656072,0.29645235,0.32940812,0.36449097
ERI,2098,0.00374555,0.00036312,0.00033309,0.00031192,0.00029594,0.0002816,0.0002634,0.00024279,0.00022163,0.00020256,0.00018901,0.00018284,0.00018628,0.00020114,0.00022839,0.00026925,0.00032061,0.00038001,0.00044196,0.00049925,0.0005482,0.00058362,0.00061088,0.00063342,0.00065416,0.00067575,0.00069604,0.00071926,0.0007453,0.00077357,0.00080282,0.00082859,0.00085315,0.00087673,0.00090162,0.00093123,0.00096625,0.00101357,0.00107449,0.00114842,0.00123109,0.00131066,0.00138537,0.00145142,0.00151213,0.00157677,0.00165167,0.00175576,0.00189715,0.00207853,0.00229328,0.00251687,0.0027346,0.00292866,0.0030955,0.00324953,0.00341174,0.00361557,0.00388584,0.00423849,0.00467981,0.00520751,0.00580139,0.00644434,0.00712517,0.0078481,0.0086582,0.00955693,0.01057313,0.01173093,0.01304989,0.01461195,0.01636696,0.01832555,0.02050609,0.02294383,0.02581733,0.02907962,0.03279476,0.03701383,0.0417792,0.047304,0.05345842,0.06027565,0.06780648,0.0761528,0.08563111,0.09624406,0.10815012,0.12146574,0.13628474,0.1527233,0.17078526,0.19053377,0.21202828,0.23526067,0.26380581,0.29464244,0.32763892,0.36278917
ERI,2099,0.00369188,0.00035811,0.0003278,0.00030638,0.00029023,0.00027585,0.00025783,0.00023759,0.00021689,0.00019827,0.00018508,0.00017912,0.00018256,0.00019719,0.00022396,0.00026406,0.00031448,0.00037279,0.0004336,0.00048988,0.00053797,0.00057278,0.00059962,0.00062184,0.0006423,0.0006636,0.00068362,0.00070652,0.0007322,0.00076007,0.00078891,0.00081432,0.00083854,0.0008618,0.00088633,0.00091554,0.00095006,0.00099667,0.00105669,0.00112951,0.00121097,0.00128931,0.00136287,0.00142787,0.00148767,0.00155127,0.00162488,0.00172724,0.00186628,0.0020447,0.00225596,0.00247583,0.0026899,0.00288053,0.0030444,0.00319557,0.00335462,0.00355461,0.0038198,0.00416606,0.00459948,0.00511801,0.00570173,0.00633379,0.00700329,0.00771434,0.00851197,0.00939687,0.01039734,0.01153737,0.01283599,0.01437512,0.01610473,0.01803551,0.02018548,0.02258932,0.02542725,0.0286505,0.03232122,0.03649179,0.04120398,0.04667084,0.05276252,0.05951374,0.06697474,0.07524788,0.08465013,0.09518409,0.10700814,0.12023861,0.1349734,0.15132533,0.16930105,0.18896925,0.21038012,0.2335334,0.2620221,0.29283812,0.32584633,0.36105944
ERI,2100,0.00363471,0.00035242,0.00032198,0.0003004,0.00028414,0.00026977,0.00025198,0.00023213,0.0002119,0.00019376,0.00018094,0.00017519,0.00017864,0.00019303,0.00021931,0.00025864,0.00030809,0.00036529,0.00042495,0.00048017,0.00052739,0.00056157,0.00058792,0.00060978,0.00062993,0.00065092,0.00067065,0.00069322,0.00071852,0.00074597,0.00077438,0.00079942,0.00082329,0.00084622,0.0008704,0.00089916,0.00093313,0.00097901,0.00103806,0.00110972,0.00118987,0.00126691,0.00133925,0.00140317,0.00146196,0.00152453,0.0015968,0.00169735,0.00183399,0.00200934,0.00221698,0.00243296,0.00264324,0.00283039,0.00299109,0.00313927,0.00329509,0.00349104,0.00375101,0.00409055,0.00451577,0.00502481,0.00559799,0.00621877,0.00687648,0.00757512,0.00835952,0.00922992,0.01021388,0.01133498,0.01261221,0.01412728,0.01583007,0.01773147,0.01984944,0.02221798,0.02501673,0.02819822,0.03182279,0.03594098,0.04059608,0.04600142,0.0520264,0.05870593,0.06609177,0.07428523,0.08360476,0.09405211,0.10578626,0.11892369,0.13356162,0.14981783,0.16769308,0.18725966,0.20857422,0.23162926,0.26005055,0.29081464,0.32381458,0.35905411
