EGY,1950,0.34098374,0.14920155,0.06365438,0.03046435,0.01638671,0.00855771,0.00437504,0.00277701,0.00273466,0.00323051,0.00321304,0.00330954,0.00344962,0.00357435,0.00365972,0.00370046,0.0037171,0.00372535,0.00373317,0.00374737,0.00377741,0.00382813,0.00390218,0.00400705,0.00413283,0.00426294,0.00437564,0.00445343,0.00449644,0.00450847,0.00451422,0.00454395,0.00461631,0.00475754,0.00497079,0.00524906,0.00557113,0.00590052,0.00620348,0.00645711,0.0066602,0.00682921,0.00699874,0.00721788,0.00754971,0.00805562,0.00878929,0.00979368,0.01108086,0.01261475,0.01427209,0.01580753,0.01696633,0.0176687,0.01812777,0.01867909,0.0195463,0.02088322,0.02281178,0.02536612,0.028558,0.03165422,0.03479916,0.03760635,0.03985472,0.04177425,0.04382076,0.04640179,0.04984178,0.05423056,0.05955994,0.06572023,0.07248139,0.07977699,0.08698817,0.09429366,0.10229679,0.11116182,0.12078642,0.13101429,0.14214233,0.15507154,0.16948826,0.18384232,0.19830791,0.21616421,0.2351918,0.25622056,0.27924504,0.30269832,0.3256148,0.34933531,0.37091967,0.3928785,0.41734826,0.44640082,0.47305785,0.50054513,0.52671149,0.55294423
EGY,1951,0.33278913,0.1342071,0.06885529,0.03126504,0.01632614,0.00903413,0.00496187,0.00321711,0.00293482,0.00326057,0.00325886,0.00336911,0.00351846,0.00364177,0.00372006,0.0037498,0.0037544,0.00375357,0.00375767,0.00377206,0.00380429,0.00386402,0.0039496,0.0040609,0.00419377,0.00433164,0.0044519,0.00453207,0.00457308,0.00458778,0.00459776,0.00463351,0.00471471,0.00485826,0.00507345,0.00535314,0.0056749,0.0060052,0.00631623,0.0065836,0.0068056,0.00699334,0.00717826,0.00741007,0.00774944,0.00826208,0.00899812,0.0100058,0.01131098,0.01288429,0.01461222,0.01622564,0.01746279,0.01822146,0.01865433,0.01911891,0.01988563,0.02114669,0.02301143,0.02557294,0.02884741,0.03200655,0.03535329,0.03847168,0.04099393,0.04304189,0.04506851,0.0475843,0.0510098,0.05544157,0.06089904,0.0672438,0.07427926,0.08197795,0.0896133,0.09724315,0.10519683,0.11409504,0.12408623,0.13492292,0.14634651,0.15857389,0.17258548,0.18823339,0.20399859,0.22008719,0.24027735,0.26187867,0.28542614,0.31061403,0.33574612,0.35899091,0.38199807,0.40477169,0.4308619,0.46023245,0.48298126,0.50939194,0.53546263,0.56125913
EGY,1952,0.31684932,0.12457609,0.05955711,0.03244087,0.01607211,0.00618848,0.00163074,0.0008266,0.00169544,0.00302151,0.00303273,0.00315093,0.00330291,0.00342536,0.00349509,0.00351427,0.00350688,0.00349382,0.00348833,0.00349715,0.00352569,0.00358141,0.00366786,0.00378136,0.00391039,0.00404446,0.00416249,0.00424294,0.00428232,0.00429354,0.0043054,0.00434312,0.00442492,0.00456734,0.00476956,0.00503062,0.00532937,0.00563354,0.00592071,0.00617452,0.00639221,0.00658361,0.00677297,0.00700346,0.00733182,0.00781615,0.00850627,0.00944226,0.01065287,0.01212532,0.01376025,0.01531616,0.01652561,0.0172904,0.01773726,0.01814055,0.01876699,0.01983675,0.02148614,0.02379011,0.02682368,0.02981973,0.03296954,0.03604418,0.038669,0.0408178,0.0428114,0.04511947,0.04822734,0.05231219,0.05739806,0.06338412,0.07005817,0.07743816,0.08488165,0.09233952,0.0999944,0.1081467,0.11739894,0.12777162,0.1389331,0.1505237,0.16275191,0.17675853,0.19253654,0.20863487,0.22540374,0.24647114,0.26874597,0.29248712,0.31743219,0.3411239,0.3618213,0.38425215,0.40915254,0.43910817,0.46442385,0.48823465,0.51652612,0.54398638
EGY,1953,0.30203902,0.11807852,0.05452142,0.0276957,0.01644811,0.00994537,0.00592176,0.00377962,0.00293932,0.00283031,0.00284611,0.00296947,0.00312811,0.003256,0.00332825,0.00334197,0.00332565,0.00330114,0.00328292,0.00328069,0.00330154,0.00335139,0.00343256,0.0035463,0.00367795,0.00381002,0.00392722,0.00400899,0.00405163,0.00406334,0.00407227,0.00411056,0.00419238,0.00433334,0.00453344,0.00478214,0.0050649,0.00535079,0.00561767,0.00585382,0.00606317,0.00625382,0.00644827,0.00668275,0.007008,0.00747909,0.00813952,0.00902982,0.01017134,0.01155683,0.01310783,0.01460067,0.01579106,0.0165624,0.01703568,0.01745926,0.01802454,0.01895065,0.02040483,0.02249268,0.02527539,0.02809199,0.03112178,0.03405788,0.0367058,0.03900673,0.04112997,0.04342243,0.04633416,0.05011767,0.05488555,0.06054929,0.0669379,0.07404001,0.08128939,0.08868356,0.09628148,0.1042392,0.11284628,0.12260008,0.13344245,0.14494188,0.15672122,0.1691257,0.18342483,0.19969982,0.21668084,0.23448639,0.2565688,0.27943758,0.30339819,0.32753132,0.34942793,0.37021946,0.39536878,0.42445724,0.45092812,0.47756576,0.50364658,0.5317757
EGY,1954,0.28841628,0.11086823,0.05195297,0.02547868,0.01411389,0.00784279,0.00429707,0.00273544,0.002431,0.00266376,0.0026781,0.00279965,0.00296188,0.00309844,0.00317912,0.00319848,0.00317927,0.00314796,0.00312016,0.00310711,0.00311873,0.00316199,0.0032376,0.0033455,0.00347663,0.00361128,0.00372751,0.00381022,0.00385575,0.00387162,0.00388087,0.00391494,0.0039952,0.00413361,0.0043301,0.00457544,0.00484587,0.00511745,0.00536889,0.00558835,0.00578349,0.00596849,0.00616348,0.00640253,0.0067297,0.00719439,0.00783776,0.00869418,0.00978592,0.01109904,0.01256427,0.01398553,0.01513475,0.01591041,0.01640519,0.01685929,0.01744289,0.01830026,0.01959792,0.02147312,0.02402144,0.02660999,0.02947228,0.03231159,0.03485326,0.03720386,0.03949009,0.04191076,0.04479709,0.04837086,0.05281848,0.05814973,0.06421137,0.07102726,0.07802385,0.08525211,0.09281804,0.10074637,0.10917494,0.11828692,0.12852494,0.1397375,0.15147323,0.16347862,0.17620365,0.19100629,0.20816312,0.22619709,0.24490596,0.26760854,0.29071955,0.31393359,0.3363929,0.35844772,0.3819976,0.41011042,0.43660945,0.4632814,0.49027234,0.51717704
EGY,1955,0.27603252,0.10317069,0.04910214,0.02442911,0.01306389,0.00673759,0.00338198,0.00212808,0.00213798,0.00257462,0.00257303,0.00268953,0.00285113,0.00299551,0.00308901,0.00311963,0.00310714,0.00307336,0.00303898,0.00301653,0.00301749,0.00305163,0.0031209,0.00322376,0.00335043,0.00348669,0.00360824,0.00369302,0.00374192,0.00376214,0.00377583,0.00380984,0.0038857,0.00402277,0.00421816,0.00446282,0.00473451,0.00499968,0.00524347,0.00545424,0.00563889,0.00581528,0.00600942,0.00625304,0.00658866,0.00706027,0.00770451,0.00855421,0.009626,0.01090755,0.01232337,0.01368953,0.01480358,0.01557158,0.01609373,0.0165809,0.01720353,0.01808856,0.01932714,0.02105749,0.02341042,0.02581285,0.02849378,0.03122836,0.03374169,0.03604527,0.03842968,0.04105493,0.04410943,0.04770407,0.05199412,0.05706633,0.06287523,0.06945847,0.07629335,0.08339636,0.09092836,0.09896845,0.10751854,0.11660484,0.12634835,0.1371314,0.14878731,0.16097441,0.17352436,0.18695491,0.20286516,0.22139968,0.24066675,0.26017575,0.28348463,0.30613195,0.32797556,0.35084498,0.37580631,0.40136086,0.42717631,0.45360804,0.48019015,0.50732903
EGY,1956,0.26843312,0.09786129,0.04727608,0.02386611,0.01294118,0.00680308,0.00350977,0.00223386,0.00217131,0.00253165,0.00249405,0.00259141,0.00274686,0.00289617,0.00301088,0.00307222,0.00309059,0.00308302,0.00307328,0.00308143,0.00311081,0.00316344,0.00323488,0.00333016,0.00344995,0.00357985,0.00370146,0.00379028,0.00383846,0.00385702,0.00386835,0.00389924,0.00396804,0.00409454,0.00428304,0.00452193,0.0047894,0.00505351,0.00528914,0.00549095,0.00566557,0.00582987,0.00601339,0.00625367,0.00659085,0.00706766,0.00771594,0.00856378,0.0096256,0.01088336,0.01226496,0.0135827,0.01464866,0.01539246,0.01591606,0.01643517,0.0170919,0.01801609,0.0192809,0.02094343,0.02313644,0.02533934,0.02783137,0.03039491,0.0328246,0.03511938,0.03746681,0.04019728,0.04346569,0.04724181,0.05156402,0.05648311,0.06203418,0.06837273,0.07500164,0.08197523,0.08941274,0.09744978,0.10614952,0.11539935,0.12515285,0.13545316,0.14670378,0.1588591,0.17165362,0.18495067,0.19944726,0.21668982,0.23656095,0.25673306,0.2767512,0.29971442,0.32104242,0.34337142,0.36927566,0.39343711,0.41819537,0.44312429,0.4697673,0.49654015
EGY,1957,0.26084261,0.09419625,0.04467779,0.022897,0.01259969,0.00671466,0.00356372,0.00234877,0.00228299,0.00258951,0.00247714,0.00253726,0.00267342,0.00281425,0.00292063,0.00297738,0.00299183,0.00297661,0.00294621,0.00291441,0.00289882,0.00291187,0.00296006,0.00304616,0.00316086,0.00328852,0.00341001,0.00350595,0.00356643,0.00359508,0.00361749,0.00365939,0.00373773,0.00386811,0.00405606,0.00429819,0.00457031,0.0048408,0.00508557,0.00528829,0.0054619,0.00562308,0.0058006,0.00603588,0.00637524,0.00685972,0.00752106,0.00838324,0.00945686,0.01072238,0.01210037,0.01340497,0.01444157,0.01515153,0.01565745,0.01617839,0.01686694,0.01782834,0.01914361,0.02085137,0.0229951,0.02505697,0.02736492,0.02976133,0.03204617,0.03428047,0.03663676,0.0393423,0.04273536,0.04676081,0.0513079,0.05630042,0.06172978,0.06783408,0.07425146,0.08105725,0.08841278,0.09641438,0.10518685,0.11468207,0.12470183,0.13510762,0.14594516,0.15778053,0.17065885,0.18433902,0.19882093,0.21468752,0.23333724,0.25436241,0.27525644,0.29492651,0.31675393,0.33871329,0.36425128,0.38809892,0.41222312,0.43628464,0.46044351,0.48755938
EGY,1958,0.25362038,0.09008448,0.04321582,0.02174122,0.01214355,0.00684438,0.0039638,0.00278923,0.00262535,0.0027763,0.00252182,0.00250807,0.00260503,0.00272584,0.00282856,0.00288933,0.00291592,0.0029157,0.0028969,0.00287136,0.00285298,0.00285886,0.00289654,0.00297043,0.00307446,0.00319482,0.00331166,0.00340542,0.00347084,0.00350803,0.00353455,0.00358005,0.00366143,0.00379387,0.00397896,0.00421397,0.00448345,0.00475356,0.00500046,0.00520869,0.00537972,0.00553642,0.00570706,0.00593185,0.00626087,0.00674145,0.00740377,0.00827202,0.00935243,0.01062056,0.01199601,0.01328713,0.01430342,0.01498055,0.01545159,0.01595293,0.01664031,0.01762952,0.01897609,0.02072648,0.02290376,0.02489643,0.02703956,0.02923154,0.03133956,0.03342193,0.03570799,0.03840854,0.04175389,0.0458886,0.05068061,0.05589577,0.06138713,0.06733962,0.0734854,0.08004802,0.08720569,0.09509604,0.10379924,0.11333646,0.12358549,0.13424357,0.14515632,0.15650985,0.16900092,0.18271784,0.19755216,0.21333699,0.23042747,0.25006154,0.27182029,0.29234355,0.3106376,0.33304072,0.35812646,0.38112817,0.40488318,0.42808054,0.45194986,0.47637044
EGY,1959,0.24625701,0.08627773,0.04124924,0.020981,0.01150377,0.00610774,0.00318881,0.00206034,0.0020512,0.00249832,0.00271251,0.00256134,0.00258292,0.00266405,0.00274773,0.00280622,0.00283738,0.00284892,0.00284419,0.00282927,0.00281634,0.00281893,0.00284913,0.00291236,0.00300434,0.00311461,0.00322521,0.00331575,0.00338031,0.00342312,0.00345802,0.00350691,0.00359099,0.00372559,0.00391224,0.00414421,0.00440669,0.00467495,0.00492242,0.00513365,0.00531054,0.00546436,0.00562961,0.00584597,0.00616232,0.00663013,0.00728678,0.00815555,0.00924378,0.01052256,0.01190613,0.01320164,0.01421084,0.01487238,0.01531283,0.01577843,0.0164436,0.0174297,0.01880567,0.02059324,0.02282395,0.02486396,0.02694484,0.02897893,0.03089259,0.03281038,0.03495206,0.03758643,0.04093117,0.0450263,0.04995556,0.0554635,0.06123186,0.0672931,0.07331743,0.07962908,0.08657137,0.09430077,0.10294256,0.11247277,0.12284577,0.13384138,0.14511515,0.1566303,0.16869197,0.18208569,0.19704638,0.21330248,0.23040749,0.24847957,0.26885845,0.29041292,0.30976115,0.32869367,0.35455046,0.37730722,0.40079205,0.4247238,0.44797822,0.4724298
EGY,1960,0.23870441,0.08206747,0.03952093,0.02002925,0.01110085,0.00607615,0.00332772,0.00221614,0.00211489,0.00240249,0.00243754,0.00275086,0.00263447,0.00263851,0.00268276,0.00272362,0.00275377,0.00277084,0.00277858,0.00277825,0.00277634,0.00278457,0.0028114,0.00286661,0.00294703,0.00304428,0.00314408,0.00322822,0.00328976,0.0033321,0.00337268,0.00342961,0.00351651,0.00365301,0.00384099,0.00407372,0.00433248,0.0045935,0.00483977,0.0050529,0.00523447,0.00539588,0.00555979,0.00577184,0.00608009,0.00653448,0.00717663,0.00803761,0.0091241,0.01040903,0.01180184,0.01310485,0.01411934,0.01477593,0.01520362,0.01564001,0.01626804,0.01722809,0.01859606,0.02040833,0.02267017,0.02475928,0.02687606,0.02882766,0.03056331,0.03226935,0.03422887,0.03669655,0.03994976,0.04401652,0.04887063,0.05449199,0.06053884,0.06685699,0.07295711,0.07909574,0.08572265,0.0931692,0.10157706,0.1109692,0.12125063,0.13228675,0.14383499,0.15565301,0.16779679,0.18063681,0.19515414,0.21144776,0.22896385,0.24696483,0.2656159,0.28567926,0.30594998,0.32560328,0.3472576,0.3712168,0.39354512,0.41642384,0.44010793,0.46271402
EGY,1961,0.23107909,0.07816671,0.03760452,0.01919528,0.01059991,0.00575194,0.00316128,0.00217206,0.00214094,0.00242877,0.00237751,0.00250739,0.00286921,0.0027286,0.0026937,0.00269555,0.00270872,0.0027247,0.00273721,0.00274819,0.00275972,0.00277826,0.00281068,0.00286314,0.00293682,0.00302435,0.00311337,0.00318906,0.00324619,0.00328681,0.00332739,0.00338987,0.00348481,0.00362463,0.00381595,0.00405246,0.00431529,0.00457604,0.00481806,0.00503252,0.00521765,0.0053846,0.00555629,0.005767,0.00607148,0.00651962,0.00715211,0.00800534,0.00909542,0.0103953,0.01181604,0.01315144,0.01419281,0.01486703,0.01529526,0.01572187,0.01632466,0.01725461,0.01861004,0.02043744,0.02275927,0.02492248,0.02713232,0.02916177,0.03084944,0.03240806,0.03418554,0.03650474,0.03963201,0.04366586,0.04857145,0.05421614,0.06050964,0.06726324,0.07377868,0.08013316,0.08670842,0.09396162,0.10223522,0.11157356,0.12193329,0.13312608,0.14499869,0.15740601,0.17015838,0.1833621,0.19757836,0.21371473,0.23162215,0.25045095,0.26943899,0.28810919,0.30730219,0.32846935,0.35160115,0.37437708,0.3971055,0.4199288,0.44306671,0.4674116
EGY,1962,0.22319597,0.0739637,0.03580769,0.01825226,0.01014888,0.00559879,0.00314167,0.00217832,0.00212071,0.00238471,0.00236626,0.00240809,0.00257535,0.00292646,0.0027435,0.00266573,0.0026406,0.00264027,0.00265211,0.00266811,0.00269096,0.00272273,0.00276505,0.0028223,0.00289184,0.00297076,0.00304814,0.00311155,0.00315929,0.00319499,0.0032333,0.00329471,0.00339353,0.00353907,0.00373068,0.00396692,0.00422963,0.00449073,0.0047291,0.00493659,0.00512119,0.00529036,0.00546638,0.00568317,0.00598318,0.00642205,0.00703966,0.00787062,0.00893636,0.01022067,0.01163595,0.01298064,0.014039,0.01472931,0.01516877,0.01559098,0.01617707,0.01706889,0.01837299,0.02015938,0.02246092,0.02465142,0.02690192,0.02898958,0.03071918,0.03219237,0.03378216,0.03586881,0.03878146,0.04260909,0.04739234,0.05298726,0.0591889,0.06608358,0.07294123,0.07961442,0.08629324,0.09335364,0.10126151,0.11027412,0.12037027,0.13141889,0.14321008,0.15570419,0.16883311,0.18243102,0.19675831,0.21226527,0.22967091,0.24856902,0.26807956,0.28674229,0.30410245,0.32365653,0.34767004,0.37058119,0.39309735,0.41572438,0.43823066,0.46068171
EGY,1963,0.215708,0.0704266,0.03384725,0.01735707,0.0096382,0.00526337,0.00292105,0.00202839,0.00201292,0.00230591,0.00232171,0.0023949,0.00247142,0.00262486,0.00294016,0.00271289,0.00260928,0.00257172,0.00256772,0.0025829,0.00261023,0.00265254,0.00270742,0.0027741,0.0028482,0.00292284,0.0029917,0.00304396,0.00308012,0.00310705,0.00314052,0.00319904,0.00329566,0.00344364,0.00363973,0.00387521,0.00413709,0.00439809,0.00463722,0.00484146,0.00501932,0.00518804,0.00536594,0.00558619,0.00589075,0.00632273,0.00692781,0.00773978,0.0087783,0.01003348,0.01143091,0.01277204,0.01384506,0.0145576,0.01501592,0.01544913,0.01602856,0.01689965,0.01815894,0.01988499,0.02213696,0.02430913,0.02658886,0.02872204,0.03051449,0.03203182,0.03353262,0.03542057,0.03808023,0.04166888,0.04622295,0.05168092,0.05782406,0.06461594,0.07163272,0.07867554,0.08569479,0.09286458,0.10056286,0.10917793,0.1189204,0.12968457,0.14132188,0.15372987,0.16695473,0.18096097,0.19570704,0.21132388,0.22804802,0.24640631,0.26599899,0.28523617,0.30262203,0.32029337,0.3425644,0.36665927,0.38887663,0.41142233,0.43391276,0.45697697
EGY,1964,0.20888369,0.06730162,0.032207,0.01639619,0.00915743,0.00507451,0.0028559,0.00197814,0.00192648,0.00218947,0.002238,0.00234258,0.00245031,0.00251119,0.00262919,0.00289834,0.00264734,0.00253358,0.00249372,0.00249358,0.00251983,0.00256592,0.00263046,0.00270887,0.00279177,0.00287054,0.00293485,0.00297872,0.00300418,0.00302009,0.00304494,0.00309803,0.00319056,0.00333451,0.0035312,0.00376962,0.00402953,0.00428918,0.00452825,0.00473368,0.0049086,0.00507071,0.00524793,0.00546916,0.00577541,0.00620925,0.00680335,0.00759731,0.00860999,0.00983011,0.01119142,0.01251242,0.01358459,0.01431667,0.01480035,0.0152522,0.01583978,0.01669858,0.01792842,0.01959624,0.02177053,0.02388584,0.0261383,0.02829708,0.03013433,0.03171273,0.03325298,0.03503791,0.03747147,0.04076726,0.04503623,0.05022087,0.05619098,0.06288752,0.06977263,0.07696213,0.08434702,0.09184764,0.09962764,0.10797933,0.11725005,0.12758495,0.13886383,0.15104917,0.16411838,0.17815965,0.19327233,0.20926209,0.22602902,0.24358434,0.26252405,0.28178083,0.29970127,0.31731594,0.33750153,0.36222028,0.3843173,0.40660131,0.42920701,0.45148469
EGY,1965,0.20282645,0.06437995,0.030916,0.01567102,0.0086902,0.00478645,0.00269399,0.00189444,0.00187755,0.00213582,0.0021444,0.00227863,0.00241845,0.00251213,0.00253786,0.0026152,0.00285343,0.0025931,0.00247795,0.00244231,0.00245313,0.00249772,0.00256576,0.00265391,0.00274919,0.00283778,0.00290735,0.00294775,0.00296576,0.0029717,0.00298585,0.00303014,0.00311687,0.00325637,0.00344915,0.00368919,0.00395408,0.00421427,0.00445462,0.00466243,0.00484039,0.00500063,0.00517175,0.00539249,0.00569995,0.00613635,0.00673458,0.00752069,0.00852019,0.00972134,0.01105677,0.01235433,0.01342183,0.01416679,0.01467841,0.01515937,0.01576832,0.0166392,0.01786301,0.01951067,0.02163843,0.02369649,0.02591418,0.02807233,0.02996309,0.03160914,0.03322931,0.03507241,0.03741862,0.04050327,0.04449697,0.04942733,0.05517333,0.06176001,0.06863007,0.07576718,0.08339731,0.0913773,0.09960304,0.1081416,0.11723768,0.12718532,0.13813978,0.15009206,0.16308633,0.17713628,0.19247401,0.20905116,0.22641032,0.24421241,0.26251669,0.2813303,0.29954268,0.31797576,0.33838185,0.36232955,0.38462721,0.40722097,0.42996871,0.45362465
EGY,1966,0.19765894,0.06179067,0.02981806,0.01516673,0.00837395,0.00456914,0.00254969,0.00180243,0.00182217,0.00210644,0.00213651,0.00223054,0.00240356,0.00253343,0.00259408,0.00257942,0.0026314,0.00285611,0.00259242,0.00248131,0.00245712,0.00248705,0.00255463,0.00264764,0.00275444,0.00285727,0.00293811,0.00298457,0.00299938,0.00299805,0.00300256,0.00303682,0.00311599,0.0032517,0.00344304,0.0036833,0.00395532,0.00422682,0.00447384,0.00468881,0.00487466,0.00504307,0.0052172,0.0054373,0.00575135,0.0061984,0.00681187,0.0076189,0.00863023,0.00984146,0.01118397,0.01248231,0.0135516,0.01431384,0.01485531,0.01537846,0.01603191,0.01694343,0.01820426,0.01987683,0.02202208,0.02406728,0.02626254,0.02842452,0.03035257,0.03208845,0.0338118,0.03577486,0.03822452,0.04126237,0.0450852,0.04978685,0.05534337,0.0617942,0.06867064,0.07592,0.08362794,0.09201722,0.10091107,0.11008193,0.11953352,0.12945259,0.1401575,0.15194364,0.16488772,0.179077,0.19466631,0.21175436,0.23003972,0.24878958,0.26767765,0.28611067,0.30412003,0.32311346,0.34466459,0.36967024,0.39254677,0.41569555,0.43895378,0.4622812
EGY,1967,0.19340866,0.0593517,0.02904366,0.01484006,0.0082215,0.00452021,0.00255092,0.00181633,0.00182649,0.00209414,0.00211588,0.00223112,0.00236215,0.00253312,0.00264594,0.00268672,0.0026688,0.00273288,0.00298814,0.00277323,0.00271953,0.0027503,0.0028173,0.00290916,0.00301985,0.0031331,0.00322676,0.00328235,0.00329889,0.00328722,0.00327608,0.0032923,0.0033542,0.0034764,0.0036584,0.00389203,0.00415956,0.00443455,0.00468984,0.00490827,0.00509844,0.00527229,0.00545236,0.00567346,0.00598571,0.00643967,0.00706554,0.00789096,0.00892714,0.0101521,0.01150591,0.0128111,0.01387964,0.01464338,0.01520461,0.01576267,0.01646543,0.01743044,0.01874149,0.02046168,0.02264427,0.02470792,0.02689611,0.0290418,0.03098179,0.03276593,0.03459632,0.03668524,0.03928711,0.04246426,0.04626369,0.05080737,0.05614533,0.06243051,0.06920706,0.07651402,0.08439529,0.09291918,0.10231445,0.11227837,0.12248711,0.13285967,0.14359625,0.15517682,0.1680193,0.18224538,0.19809173,0.21557149,0.23453394,0.25439959,0.27441396,0.29356564,0.31124668,0.33015746,0.35250217,0.37888358,0.4023873,0.42613473,0.45005982,0.47464546
EGY,1968,0.19003059,0.0576103,0.02818889,0.01460461,0.00812646,0.00444907,0.00249689,0.00177486,0.00179518,0.00207254,0.00210825,0.00221441,0.00236771,0.00248945,0.002626,0.00268544,0.00267897,0.00262369,0.00265955,0.00288516,0.00263488,0.00255275,0.00256947,0.002647,0.0027592,0.00288062,0.00299015,0.0030644,0.00309738,0.00309875,0.00309248,0.00310995,0.00316969,0.00328813,0.00346885,0.0037054,0.00397856,0.00426074,0.0045305,0.00476687,0.00496817,0.00515281,0.00534454,0.00557797,0.00589729,0.00635558,0.00699602,0.00784354,0.00891107,0.010178,0.01156141,0.01288959,0.01396942,0.01472946,0.01528634,0.0158605,0.01659855,0.0176201,0.0190004,0.02079413,0.02305274,0.02516728,0.02738877,0.02953164,0.03145257,0.03324654,0.03512746,0.03733583,0.04008708,0.04344849,0.04742057,0.05195658,0.05713722,0.06319669,0.06980019,0.07700801,0.08496412,0.09369753,0.10327314,0.11383086,0.12495871,0.13620975,0.14748814,0.15914347,0.17179995,0.18596536,0.20191644,0.21975213,0.23922546,0.25991212,0.28121771,0.3016477,0.32014166,0.3387845,0.36121082,0.3889842,0.41321412,0.43773475,0.4625176,0.48757519
EGY,1969,0.18720381,0.05630217,0.02750352,0.01424597,0.00803823,0.0045164,0.00260941,0.00186227,0.0018265,0.00205589,0.00208985,0.00220995,0.00235373,0.0025037,0.0026066,0.0027225,0.00277514,0.0027749,0.00274315,0.00282236,0.00310248,0.00289888,0.00284928,0.00288929,0.00298456,0.00310426,0.00321803,0.00330365,0.00334885,0.00335619,0.00334909,0.00335649,0.00340347,0.00350777,0.00367402,0.00389903,0.00416515,0.00444334,0.00471147,0.00495499,0.00516802,0.00535822,0.00555626,0.00579807,0.00612776,0.00659203,0.00723615,0.00809886,0.00918895,0.01048616,0.01190922,0.01325946,0.01435327,0.01511801,0.01567035,0.01624586,0.01700957,0.01807715,0.01952431,0.02139611,0.0237366,0.02591999,0.02819079,0.03036252,0.03227354,0.03404609,0.0359436,0.03821841,0.04111685,0.04466175,0.04885601,0.05359451,0.05877119,0.06466597,0.07102669,0.07805965,0.08592816,0.09476365,0.10458352,0.11535218,0.12715078,0.13942924,0.1516839,0.1639441,0.17669001,0.19065625,0.2065543,0.22452417,0.24440653,0.26566687,0.28787591,0.3096982,0.32955551,0.34908734,0.37129247,0.39986794,0.42481272,0.44998375,0.47538364,0.50152251
EGY,1970,0.18467192,0.05529535,0.02686389,0.0138903,0.00783456,0.00439698,0.00253586,0.00180798,0.00177638,0.00200634,0.0020491,0.0021655,0.00232197,0.00245971,0.00258452,0.00265081,0.00274044,0.00277707,0.00277677,0.00275391,0.00284052,0.00312972,0.00292794,0.00288869,0.00294539,0.00304779,0.00316049,0.00325179,0.00331065,0.00333452,0.00334025,0.00335502,0.00339982,0.00349753,0.0036537,0.00386685,0.00412322,0.00439607,0.00466197,0.00490538,0.00512729,0.00533088,0.00553544,0.00578424,0.00612268,0.00659686,0.00724444,0.00810583,0.00920525,0.01051848,0.01196433,0.01334509,0.01444736,0.01521241,0.01575775,0.01631932,0.01707593,0.01816167,0.01964792,0.02158066,0.02399196,0.02623673,0.02855855,0.03075404,0.03266325,0.03439609,0.03624547,0.03851321,0.0414565,0.04512911,0.04948546,0.05441837,0.0597541,0.06557073,0.07165941,0.07832969,0.0859055,0.09453672,0.10435307,0.1152637,0.12715623,0.14002588,0.15325645,0.16643223,0.17968463,0.19358015,0.20907107,0.2267731,0.24656855,0.2680158,0.29057166,0.31307499,0.33414341,0.35491375,0.37786973,0.40565455,0.43099157,0.45647923,0.48230439,0.5083192
EGY,1971,0.18200722,0.05430624,0.02621542,0.01348264,0.00759181,0.00426297,0.00246676,0.00176987,0.00174495,0.00196672,0.00199594,0.00211898,0.00227074,0.00241787,0.00252084,0.00259694,0.00262264,0.002682,0.00269729,0.00267667,0.00263285,0.0027051,0.00299538,0.00280591,0.00278319,0.00284719,0.00294359,0.00303564,0.00310336,0.00314556,0.00317299,0.00320572,0.00326232,0.00336143,0.00351402,0.00371933,0.00396544,0.00423,0.00449225,0.00473535,0.00495895,0.00517327,0.00539296,0.00564935,0.00599557,0.00647945,0.00713821,0.00800381,0.00910237,0.01042698,0.01189104,0.01329571,0.01442769,0.01519622,0.01573691,0.01628774,0.01702771,0.01810541,0.01961202,0.0215887,0.02406841,0.0263855,0.02877017,0.03101371,0.03293926,0.03466221,0.03646473,0.03867868,0.04161319,0.04533264,0.04982612,0.05493395,0.06047438,0.06645096,0.07243079,0.07878604,0.08595223,0.09425375,0.10383732,0.11473164,0.12676279,0.13971912,0.15357955,0.16780145,0.18203204,0.19646014,0.21185045,0.22907756,0.24854738,0.26986444,0.29258635,0.31542691,0.3371906,0.35926399,0.38359502,0.40986881,0.43536644,0.46094147,0.48687225,0.5138128
EGY,1972,0.17877599,0.05303415,0.02549168,0.0130279,0.00729701,0.00407839,0.00235527,0.00170122,0.00169532,0.00191862,0.00193829,0.00204484,0.00220113,0.00234236,0.00245853,0.00252276,0.0025725,0.00258487,0.00263927,0.00265759,0.00264872,0.00262486,0.00272058,0.0030403,0.00286477,0.00284596,0.00290072,0.00297367,0.00303965,0.00308703,0.00312718,0.00317507,0.00324313,0.00334826,0.00349663,0.00369213,0.00392366,0.00417115,0.00441869,0.00465237,0.0048704,0.00508135,0.00530698,0.0055735,0.00592161,0.0064069,0.00706796,0.00793581,0.00902686,0.01033512,0.01179428,0.01320134,0.01434387,0.01513261,0.01567003,0.01621174,0.0169359,0.0179886,0.01947409,0.0214538,0.02395743,0.02632345,0.0287612,0.03104816,0.03300402,0.03472768,0.03650585,0.03865579,0.04151412,0.04519939,0.04971259,0.05493341,0.06062542,0.06678029,0.07288066,0.07906728,0.08584201,0.09364093,0.10279652,0.11335896,0.12528431,0.13829128,0.1521427,0.16694002,0.18219077,0.19756384,0.21341128,0.23038969,0.24918249,0.26997367,0.2923784,0.31522716,0.33720145,0.35988028,0.38552956,0.41072954,0.43630875,0.46225615,0.48861432,0.51530912
EGY,1973,0.17468377,0.05133912,0.02461327,0.01252591,0.00697173,0.00386494,0.0022182,0.00161247,0.00163391,0.00187043,0.00189654,0.00199181,0.00213071,0.00228644,0.00242158,0.00253407,0.00261184,0.00268809,0.00275201,0.00288511,0.00299236,0.00306348,0.00308651,0.00320966,0.0035536,0.00337201,0.00333592,0.00336128,0.00340033,0.00343416,0.00346533,0.00351152,0.0035825,0.00368922,0.00383473,0.00401758,0.00423126,0.00445661,0.00468065,0.00489471,0.00509918,0.00530045,0.0055182,0.00578674,0.00614161,0.00662532,0.00728496,0.00815269,0.00924209,0.01053654,0.01197277,0.0133729,0.01452043,0.01532642,0.01589223,0.01643799,0.01715875,0.01819801,0.01965594,0.02160917,0.02411124,0.02650162,0.02899202,0.03133854,0.03334428,0.03510479,0.03689001,0.0390208,0.04181685,0.04542584,0.04991038,0.05516378,0.06099248,0.06733301,0.07364708,0.07998058,0.08658458,0.09396629,0.10258036,0.11268266,0.12425876,0.13716827,0.15108844,0.16589137,0.1817792,0.19826713,0.21514817,0.23263547,0.25117215,0.27124717,0.29310412,0.31562511,0.33760846,0.36049904,0.38677452,0.4115418,0.4368629,0.46251604,0.48886389,0.51574452
EGY,1974,0.16939184,0.04894558,0.02356768,0.01196168,0.0066297,0.00366058,0.00209412,0.00152713,0.00156116,0.0017993,0.00183144,0.0019305,0.00205579,0.00218384,0.00230102,0.00237569,0.0024292,0.00245477,0.00248659,0.00249842,0.00256556,0.00261409,0.00264793,0.00267101,0.00281007,0.00316603,0.00297636,0.00292075,0.00292537,0.00295253,0.00299612,0.00306076,0.00315516,0.00328578,0.00345106,0.00364757,0.00386316,0.00408368,0.00429704,0.00449749,0.00469134,0.00488783,0.00510423,0.00537147,0.00573294,0.00622617,0.00688468,0.00775019,0.00883995,0.01013645,0.01156302,0.01294274,0.01408488,0.01489238,0.01546584,0.01602599,0.01673508,0.01775665,0.01919074,0.02110893,0.02357638,0.02596325,0.02847192,0.03086075,0.03291032,0.03470154,0.03650258,0.038617,0.0413664,0.0448775,0.04924187,0.05441952,0.06022977,0.06665306,0.07309087,0.07956793,0.08624587,0.09337067,0.10146972,0.11091804,0.12191972,0.13436893,0.14808837,0.16285371,0.17862886,0.19567218,0.21361313,0.23206812,0.25099739,0.27062444,0.29153306,0.31331389,0.33482486,0.35760553,0.38398923,0.40912764,0.43431349,0.46007836,0.48634569,0.51305352
EGY,1975,0.16317119,0.04617656,0.02227739,0.01135561,0.00627648,0.00343214,0.00193751,0.0014058,0.00145474,0.00170348,0.0017593,0.00186157,0.00198976,0.00210418,0.00220336,0.00228491,0.00233522,0.00237571,0.00239705,0.00243136,0.00245401,0.00253891,0.00260959,0.0026672,0.00270646,0.00285181,0.0032022,0.00298441,0.00290244,0.0028876,0.00291251,0.00297474,0.00307235,0.0032131,0.00339145,0.00359792,0.00381817,0.00403201,0.00423262,0.00441554,0.00459004,0.00477072,0.00497691,0.00523661,0.0055898,0.00608265,0.00674371,0.00760016,0.00867919,0.00996569,0.01138279,0.01274277,0.01385859,0.01466148,0.01524087,0.01581318,0.01653996,0.01754944,0.01895997,0.02084144,0.02325477,0.02559416,0.02808512,0.03048453,0.03257591,0.03441136,0.03624227,0.03836945,0.04109455,0.04454421,0.04878706,0.05381757,0.05953165,0.0659204,0.07244106,0.07904949,0.08587634,0.0930652,0.10085817,0.10971341,0.11996604,0.13174912,0.14493272,0.1594388,0.17511616,0.19197765,0.21044477,0.22996493,0.24985936,0.26983245,0.29018933,0.31089016,0.33155285,0.35372809,0.37982265,0.4061721,0.43120412,0.4567275,0.48326696,0.51009695
EGY,1976,0.15623776,0.04305312,0.02093233,0.01068829,0.00593284,0.00327431,0.00186932,0.00136056,0.00139465,0.00161952,0.00167147,0.00179465,0.00192553,0.00204386,0.00213056,0.00219584,0.00225396,0.00229201,0.0023281,0.00235202,0.00239623,0.00243684,0.00254321,0.00263755,0.002712,0.00275638,0.00289387,0.00322287,0.00297663,0.00287546,0.00285884,0.0029022,0.00299676,0.00313998,0.00332829,0.0035484,0.0037796,0.00399917,0.0041938,0.00436461,0.00452201,0.00468361,0.00487411,0.00512328,0.00546793,0.00595074,0.00661047,0.00746979,0.00854035,0.00981847,0.01123031,0.01258846,0.0136928,0.01447676,0.01505701,0.01563724,0.01637671,0.01740458,0.01880357,0.020663,0.02304215,0.02533732,0.02778865,0.03018282,0.03229942,0.03418954,0.03607378,0.03823821,0.04098402,0.04441887,0.04860999,0.05352756,0.0591069,0.06542091,0.07193864,0.07866899,0.08566873,0.0930488,0.10094355,0.10950615,0.11916589,0.1301986,0.14273488,0.15674763,0.17222961,0.18906534,0.2074193,0.22758603,0.24871371,0.26981559,0.29063608,0.31085697,0.33051427,0.35193484,0.37752419,0.40568305,0.43083647,0.45650766,0.48271957,0.50987579
EGY,1977,0.14905783,0.03991572,0.01951715,0.01004131,0.00558236,0.00307785,0.00176067,0.00129081,0.00133183,0.00154845,0.00159524,0.00171143,0.00186316,0.00198509,0.00207694,0.00213083,0.00217373,0.0022197,0.00225346,0.00229157,0.0023251,0.00238656,0.00244825,0.00257829,0.00269039,0.0027715,0.00280712,0.00292254,0.00322704,0.0029602,0.00285749,0.0028592,0.00293427,0.00307372,0.00326421,0.0034948,0.00374089,0.00397267,0.00417384,0.00433884,0.00448398,0.00462796,0.00479849,0.00503082,0.00536345,0.00583595,0.00648392,0.00734186,0.00841754,0.0096903,0.01109916,0.01245975,0.01357046,0.01434849,0.01491235,0.01549398,0.0162413,0.01728276,0.01870408,0.0205569,0.02292159,0.02519628,0.0276152,0.02998338,0.03211041,0.03404011,0.03599235,0.03822368,0.04102365,0.04450204,0.04870583,0.05360123,0.05909701,0.06531059,0.07179989,0.07857789,0.08575968,0.09337989,0.10153697,0.11027011,0.11968553,0.13016777,0.14199972,0.15543974,0.17053532,0.18730524,0.20577039,0.22597037,0.24796399,0.27057565,0.29279824,0.31371994,0.33309311,0.35369761,0.37879985,0.40935107,0.43546893,0.46205758,0.48951051,0.51713196
EGY,1978,0.14183937,0.03675878,0.0181644,0.00939468,0.00526145,0.00293997,0.00171104,0.00126301,0.00128726,0.00147623,0.00151262,0.00161989,0.00176212,0.00190497,0.00200067,0.00206009,0.00209192,0.00212296,0.00216414,0.00219967,0.0022466,0.00229674,0.0023785,0.00246221,0.00260903,0.00272766,0.00280051,0.00281284,0.00290246,0.00318397,0.00291829,0.00283509,0.00286784,0.00298586,0.00317022,0.00340067,0.00365546,0.00390082,0.00411287,0.00428302,0.00442084,0.00455103,0.00470191,0.00491127,0.00522272,0.00567717,0.00630687,0.00714315,0.00820718,0.00947513,0.01086772,0.01221645,0.01332362,0.0141043,0.01465862,0.01521868,0.01596042,0.01700029,0.01842328,0.02028534,0.02262266,0.02486624,0.02724654,0.02956416,0.03164908,0.03357547,0.03555341,0.03783828,0.04068764,0.04419888,0.04842097,0.05329729,0.05872928,0.06480622,0.07114067,0.0778422,0.08502453,0.09278638,0.10114766,0.11010175,0.11962697,0.12976446,0.14092049,0.1535075,0.16788515,0.18413866,0.20241016,0.22258179,0.24446185,0.2678599,0.29156976,0.31387507,0.33390455,0.3541229,0.37823223,0.41056016,0.43764087,0.46531116,0.49349052,0.52181086
EGY,1979,0.13481839,0.03399914,0.01672752,0.0087415,0.00492125,0.0027552,0.00161692,0.00121061,0.0012431,0.0014222,0.00144783,0.00154215,0.0016746,0.00180901,0.00192771,0.0019925,0.00203066,0.00205133,0.00207837,0.00212119,0.00216563,0.00222871,0.00229893,0.00240285,0.00250253,0.00265647,0.00276766,0.00281779,0.00280487,0.00287459,0.00315125,0.00290688,0.00285505,0.00293009,0.00309219,0.00331629,0.00357153,0.00382712,0.00405455,0.00423709,0.0043812,0.0045049,0.00464263,0.00483248,0.00512046,0.00555269,0.00616308,0.00697986,0.00802167,0.00928027,0.01067378,0.01201376,0.01311869,0.01390509,0.01446871,0.0150223,0.01574363,0.01677879,0.01820173,0.02006846,0.02242111,0.0246476,0.02700354,0.02929044,0.03133301,0.03322452,0.03520538,0.03752126,0.04043103,0.04400024,0.04826499,0.05317119,0.05859487,0.06461403,0.07081415,0.07736537,0.08448518,0.09226745,0.10080207,0.11000175,0.11978693,0.13005298,0.1408448,0.15271963,0.16619528,0.18169892,0.19945203,0.21945537,0.24134568,0.26468025,0.28930297,0.31327329,0.33483273,0.35578836,0.37952481,0.41210774,0.44004278,0.46859048,0.49750247,0.52653133
EGY,1980,0.12791329,0.0312879,0.01548167,0.00805417,0.00458021,0.00263179,0.00159599,0.00121259,0.00122345,0.00137116,0.00138988,0.00147101,0.00158891,0.00171355,0.00182473,0.00191364,0.00195762,0.00198464,0.00200144,0.00203029,0.00208124,0.00214114,0.00222346,0.00231505,0.00243504,0.00254044,0.00268742,0.00277653,0.00280168,0.0027698,0.00283641,0.00312968,0.00291861,0.00290836,0.00302553,0.00322529,0.00347285,0.00372835,0.00396604,0.00416407,0.00432029,0.00444969,0.00457999,0.00475519,0.00502097,0.00542545,0.00600802,0.0067989,0.00781399,0.00904354,0.01042394,0.01176535,0.01286326,0.01364981,0.01422016,0.0147814,0.01549213,0.0165003,0.01791129,0.01977034,0.02211939,0.02436247,0.0266966,0.02895577,0.03096534,0.03281119,0.03475197,0.03706457,0.03999807,0.04362309,0.04794161,0.05288582,0.05833471,0.06433749,0.07046636,0.0768635,0.08381355,0.09152187,0.10007015,0.10944828,0.11949341,0.13002905,0.14093771,0.15239977,0.16509545,0.17961038,0.19653903,0.21597414,0.23767111,0.26100714,0.28556889,0.31054635,0.33392107,0.35653133,0.38111259,0.41293481,0.44177425,0.4713218,0.50153713,0.53104718
EGY,1981,0.12097296,0.02869702,0.01421865,0.00743925,0.00421166,0.00240373,0.00147028,0.00115567,0.00120611,0.00136843,0.00138249,0.00145666,0.00156322,0.00167683,0.00178251,0.00186792,0.00193838,0.00197209,0.00199546,0.00201443,0.00205231,0.00212013,0.00220102,0.00230765,0.00241868,0.00254966,0.00265081,0.00278095,0.0028478,0.00285413,0.00281922,0.00290525,0.0032415,0.00306672,0.00309774,0.00325536,0.00348422,0.0037396,0.00398485,0.00419991,0.00437668,0.0045216,0.00466037,0.0048314,0.00508781,0.00547837,0.00604562,0.00682691,0.00784166,0.00907798,0.01047031,0.01184421,0.01298501,0.01379354,0.01438318,0.01496684,0.01570418,0.0167286,0.01815106,0.02005369,0.02246736,0.02478792,0.02722366,0.02954031,0.03159358,0.03347025,0.03542903,0.0377761,0.04080439,0.04458061,0.04911573,0.05430047,0.05999327,0.06624768,0.07258866,0.07914416,0.08618076,0.09399001,0.10278097,0.1125298,0.12315592,0.13438868,0.14600915,0.15801932,0.17072724,0.18492591,0.20138783,0.22064333,0.24255839,0.26660276,0.2921469,0.31811272,0.3436503,0.36927461,0.39681119,0.42759546,0.45813023,0.48984728,0.52103707,0.55231169
EGY,1982,0.11393239,0.02593428,0.01307914,0.00684936,0.00389905,0.00226221,0.00141527,0.00112855,0.00117391,0.00132372,0.00134328,0.00141113,0.00150805,0.00160749,0.00169987,0.00177838,0.00184442,0.00190416,0.0019343,0.00196024,0.00198827,0.00204176,0.00212855,0.00223053,0.00235317,0.00247055,0.00259449,0.00267351,0.0027788,0.00282562,0.00282937,0.00281279,0.00293096,0.00331806,0.00318255,0.00324749,0.00342624,0.00365518,0.00389418,0.00411233,0.00430354,0.00446792,0.00462197,0.0048012,0.00505145,0.00542698,0.0059691,0.00671719,0.00769748,0.00890205,0.01026443,0.01161319,0.01275637,0.01358733,0.01418602,0.01478036,0.01552996,0.01656417,0.01797429,0.01984396,0.02224258,0.02455893,0.02699868,0.02934228,0.03137789,0.03323219,0.03516072,0.03745922,0.04043813,0.04420038,0.04874949,0.05398787,0.05973059,0.06601391,0.07237074,0.07889402,0.08582676,0.09342854,0.10199384,0.11163679,0.12225911,0.13368169,0.14559674,0.15788906,0.17065183,0.18426185,0.19970523,0.21766889,0.23848538,0.26177165,0.28701489,0.31287322,0.33820128,0.36480371,0.39410636,0.42268158,0.4528299,0.48396223,0.51621757,0.54636808
EGY,1983,0.10668795,0.02349015,0.01169861,0.00623562,0.00355308,0.00203616,0.00127148,0.00103613,0.00110863,0.00126792,0.00128833,0.0013594,0.00144833,0.00153735,0.00161546,0.00168123,0.00174076,0.00179596,0.00185136,0.0018833,0.00191758,0.00196034,0.00203151,0.0021378,0.00225414,0.00238228,0.00249194,0.00259416,0.00264844,0.0027336,0.0027773,0.00279886,0.00281327,0.00297463,0.00341381,0.00330777,0.00338865,0.00356359,0.00377369,0.00398425,0.00417732,0.00435481,0.00452661,0.00471894,0.00497443,0.00533916,0.00585913,0.00657161,0.0075049,0.00865938,0.00997512,0.01128352,0.01239725,0.01323085,0.01385098,0.01444843,0.01519941,0.01623351,0.01763783,0.01947474,0.02181389,0.0240982,0.02651498,0.02884757,0.0309007,0.03272523,0.03461644,0.03686409,0.03976517,0.04344193,0.04793788,0.05315041,0.05891036,0.06520356,0.07155039,0.07804827,0.08490077,0.09233962,0.10062368,0.10995893,0.12039749,0.13174251,0.14378652,0.15631896,0.16930266,0.18288574,0.19760733,0.21437259,0.23368246,0.25566033,0.27994299,0.30534095,0.33043261,0.35666748,0.38681154,0.41331289,0.44268175,0.47329396,0.50389737,0.5346547
EGY,1984,0.09934674,0.02104887,0.01051542,0.00553648,0.00321077,0.00192372,0.00126085,0.00104155,0.00108614,0.00121524,0.00124385,0.00131395,0.00140597,0.00148775,0.00155669,0.00160974,0.0016578,0.00170721,0.00175822,0.00181469,0.00185435,0.00190286,0.00196317,0.00205374,0.00217547,0.00229826,0.0024208,0.00251084,0.00259013,0.00262575,0.00270785,0.00276879,0.00282111,0.00287727,0.00308408,0.00357627,0.00347874,0.00355213,0.00370766,0.00389033,0.00407709,0.00425707,0.0044419,0.00465145,0.00491961,0.00528975,0.00579931,0.00649033,0.00738898,0.00849855,0.00976944,0.01104192,0.01212999,0.01294806,0.01357977,0.01420154,0.0149558,0.01599231,0.01740102,0.01924166,0.02156115,0.02381006,0.02622029,0.02855952,0.03063141,0.03250019,0.0343815,0.03661168,0.03948554,0.04311593,0.0475685,0.0527859,0.05859352,0.06499184,0.07144393,0.07802623,0.08495009,0.09240852,0.10063339,0.10979849,0.1200601,0.13138342,0.14353225,0.15639841,0.16984006,0.18385518,0.1987491,0.21497144,0.23326558,0.2539478,0.27721674,0.30204749,0.32715388,0.35363465,0.38394391,0.40920448,0.43816935,0.46865716,0.50141973,0.53096227
EGY,1985,0.09221549,0.01870248,0.00942292,0.00497566,0.00285083,0.00168183,0.00110333,0.00094023,0.00101817,0.00116313,0.00119654,0.00127339,0.00136426,0.00144996,0.00151251,0.00155745,0.00159379,0.00163263,0.00167853,0.00173108,0.00179515,0.00184896,0.00191489,0.0019943,0.0020995,0.00222826,0.00234537,0.00244911,0.00251683,0.00257807,0.00261119,0.00271013,0.00280176,0.0028967,0.00299511,0.00324318,0.003776,0.00366084,0.0037102,0.00383741,0.00399718,0.00417245,0.0043613,0.00458542,0.00487268,0.00525784,0.00577545,0.00645767,0.00733533,0.00840969,0.00963519,0.01086536,0.01192455,0.01272627,0.01335043,0.01398895,0.01477109,0.01581309,0.01722701,0.0190758,0.02140358,0.02364115,0.02601838,0.02835663,0.03044145,0.03233427,0.03426581,0.03648869,0.03934727,0.04295193,0.04735751,0.05252921,0.05834193,0.06479013,0.07135591,0.07804894,0.08505951,0.09259103,0.10083344,0.10992678,0.11999148,0.13110986,0.14322601,0.15619481,0.16998444,0.18448764,0.19983783,0.21622785,0.23391141,0.25346777,0.27529497,0.29896966,0.32339529,0.34977436,0.38011714,0.40427012,0.43249619,0.4621668,0.49238452,0.5240409
EGY,1986,0.08569781,0.01665645,0.00841395,0.0044799,0.00257392,0.00152169,0.00100856,0.00087441,0.00095981,0.00110545,0.00114832,0.00122825,0.0013257,0.00141074,0.00147808,0.00151732,0.00154616,0.00157379,0.0016095,0.00165707,0.00171703,0.00179483,0.00186578,0.00195063,0.00204439,0.00215607,0.00228027,0.00237916,0.00246158,0.00251188,0.00257067,0.00262046,0.00274985,0.00288463,0.00302351,0.00315821,0.00343337,0.00398445,0.00383404,0.00385035,0.0039534,0.00410166,0.00428608,0.00451429,0.00481648,0.00522193,0.00575657,0.00644923,0.00731909,0.00837222,0.00956139,0.01074612,0.01176627,0.01254505,0.01315797,0.01379075,0.01459049,0.01566146,0.01708179,0.01893842,0.02127902,0.02353435,0.02590636,0.02821673,0.03030866,0.03222163,0.03418339,0.03646469,0.03932175,0.04291855,0.0473071,0.05244065,0.05821773,0.06468706,0.07132506,0.07815967,0.08530739,0.09295085,0.10129306,0.11042912,0.12043987,0.13136955,0.14329368,0.15626407,0.17020285,0.18512164,0.20104282,0.21796932,0.23587865,0.2548178,0.27547317,0.29763747,0.32085762,0.34654674,0.37679674,0.40061638,0.42799857,0.45679051,0.48808417,0.51747595
EGY,1987,0.08011803,0.01502462,0.00755358,0.00403257,0.00233617,0.00140044,0.00094527,0.00082744,0.00090425,0.00103318,0.00106832,0.00115362,0.00125131,0.00134144,0.00140715,0.00145083,0.00147378,0.0014937,0.00151785,0.00155443,0.00160791,0.0016794,0.0017718,0.00185939,0.00195623,0.00205398,0.00215831,0.0022631,0.00233943,0.00240353,0.00245044,0.00252387,0.00260126,0.00276983,0.00294565,0.0031191,0.00327107,0.00354437,0.00408241,0.00389247,0.00388052,0.00396849,0.00412161,0.00433969,0.00463827,0.00504908,0.0055927,0.0062884,0.0071509,0.0081725,0.00931233,0.01043249,0.01138433,0.01210915,0.01268832,0.01329639,0.01407101,0.01513383,0.01655068,0.01837166,0.02066885,0.02289209,0.02523237,0.02748896,0.02950822,0.03138852,0.03332878,0.03559138,0.03844809,0.04196635,0.04625332,0.05125968,0.05687316,0.06316583,0.06968509,0.07645082,0.08359674,0.09122193,0.09950457,0.10855238,0.11839664,0.12903512,0.14050243,0.15299361,0.16664187,0.18140358,0.19742767,0.21460158,0.2326978,0.25146944,0.27102191,0.29146042,0.31256868,0.33640312,0.36522969,0.38938441,0.41560489,0.44304697,0.47203038,0.50429825
EGY,1988,0.0753684,0.01378895,0.00681478,0.0036207,0.00210302,0.00126733,0.00086294,0.00076162,0.00083552,0.00095695,0.00099522,0.00107001,0.0011719,0.00126271,0.00133454,0.00137777,0.00140597,0.00142082,0.00143804,0.00146372,0.00150643,0.00157094,0.00165609,0.00176366,0.00186222,0.00196219,0.00205219,0.00213727,0.00222011,0.00227885,0.00233919,0.00240021,0.00249959,0.0026144,0.00282211,0.00303169,0.00322276,0.00336865,0.00362333,0.0041348,0.003915,0.00388864,0.00398223,0.00416862,0.00445512,0.00485889,0.00540416,0.00610525,0.00696687,0.0079765,0.00907862,0.01014586,0.01103527,0.0116993,0.01223245,0.01280907,0.01355509,0.01458268,0.01597778,0.01777917,0.02002043,0.02219509,0.02449012,0.02670643,0.02866798,0.03047017,0.03236747,0.03458938,0.03739708,0.04087978,0.04504191,0.04989488,0.055326,0.06139178,0.06767925,0.07426998,0.08128393,0.08883777,0.09701942,0.10591207,0.11556168,0.12591591,0.13695834,0.14883866,0.1618435,0.17615634,0.19186565,0.20899764,0.22720819,0.24603977,0.26527057,0.28437588,0.30347874,0.32481429,0.35124176,0.3763159,0.4013053,0.42720896,0.45456423,0.48240354
EGY,1989,0.07143338,0.01277864,0.00628047,0.00328054,0.00189664,0.00115043,0.0007929,0.0007081,0.00078035,0.00089405,0.00093035,0.00100583,0.00109667,0.00119303,0.00126721,0.00131794,0.00134631,0.00136622,0.001378,0.00139627,0.0014276,0.00148081,0.00155855,0.00165883,0.00177799,0.00188136,0.00197556,0.00204881,0.00211451,0.00218158,0.00223723,0.00231119,0.00239763,0.00253357,0.00268622,0.0029294,0.00315987,0.00334837,0.00347372,0.00370171,0.00419268,0.00395282,0.00392912,0.00405311,0.00430439,0.00469269,0.00522872,0.0059322,0.00680381,0.00782047,0.00892113,0.00996178,0.0108099,0.01142098,0.01189765,0.0124267,0.01313715,0.01413206,0.0154909,0.01727681,0.01951377,0.02166799,0.02394852,0.02616028,0.02812379,0.02990316,0.03174875,0.03395289,0.03674964,0.04022728,0.04441896,0.04922588,0.05460085,0.06059383,0.06678061,0.07327051,0.08025181,0.08783175,0.09612182,0.10511266,0.11482918,0.12523677,0.13626298,0.14799862,0.16068625,0.17467371,0.19027741,0.20745002,0.22600193,0.24534851,0.26504595,0.28426025,0.30247931,0.32229308,0.34674159,0.37319421,0.39801493,0.4237515,0.45084731,0.48115934
EGY,1990,0.06807097,0.01188175,0.00585221,0.00303988,0.00172765,0.00102215,0.00069128,0.00062315,0.00070632,0.00082939,0.00087799,0.00094981,0.00104133,0.00112761,0.00120916,0.00126394,0.00130095,0.00132199,0.00133968,0.00135344,0.00137828,0.00142078,0.00148756,0.00158047,0.00169254,0.00181687,0.00191494,0.00199284,0.00204741,0.00209819,0.00216269,0.00223232,0.00233164,0.00245444,0.00262931,0.00281623,0.00308323,0.00331477,0.00348626,0.00358413,0.00379258,0.00427791,0.00403944,0.00404735,0.00423809,0.00459304,0.00511641,0.00581473,0.00669555,0.00773189,0.00885043,0.00990088,0.01073274,0.01131402,0.01174958,0.01223246,0.01290393,0.01386968,0.0152003,0.01695365,0.0191811,0.021348,0.02361509,0.02582151,0.0277911,0.02958128,0.03140913,0.03356206,0.03633863,0.03979966,0.04397648,0.04880461,0.05411543,0.0600309,0.06612608,0.0724932,0.07934694,0.086864,0.09514159,0.10419665,0.11395334,0.12435592,0.135354,0.14698091,0.15941437,0.17295656,0.18810763,0.20507794,0.22360318,0.24326168,0.26346962,0.28314032,0.30137197,0.32006346,0.34264306,0.369752,0.39410575,0.41938197,0.44566672,0.47322697
EGY,1991,0.06497621,0.01105406,0.0054474,0.00283521,0.0016027,0.00093906,0.00063187,0.00057289,0.0006542,0.00076817,0.00080457,0.00088535,0.00097121,0.00105754,0.0011289,0.00119131,0.00123229,0.0012615,0.00127968,0.00129856,0.00131804,0.00135297,0.00140767,0.0014879,0.00159093,0.00170689,0.00182554,0.00190756,0.00196695,0.00200679,0.00205483,0.00213161,0.00222456,0.00235767,0.00251605,0.00272289,0.00292801,0.00319526,0.00340973,0.00355336,0.00362631,0.00382191,0.00431449,0.00410521,0.004174,0.00445927,0.00493757,0.00561046,0.00647273,0.0075064,0.00863499,0.00969534,0.01053001,0.01108804,0.01148693,0.01191879,0.01252971,0.01343714,0.01471484,0.01641224,0.01857589,0.02071741,0.0229811,0.02516075,0.02711578,0.0289021,0.0307268,0.03284095,0.03553616,0.03894494,0.04307196,0.04785323,0.05316031,0.05897697,0.06496479,0.07120759,0.07789961,0.08524635,0.09342146,0.10242975,0.11222639,0.1226472,0.13362017,0.1451999,0.15749778,0.17074134,0.18537923,0.20181286,0.2200494,0.23959339,0.26004562,0.28018309,0.2988536,0.3175316,0.33890899,0.3659313,0.39013712,0.41522554,0.44154021,0.4697695
EGY,1992,0.0619577,0.01030798,0.0050563,0.00263794,0.00149731,0.00088292,0.0006005,0.00054924,0.00062853,0.00073772,0.00077404,0.00084204,0.00093853,0.00102167,0.00109593,0.00115074,0.00120122,0.00123552,0.0012625,0.00128234,0.00130734,0.00133749,0.00138555,0.00145502,0.00154732,0.00165698,0.00177079,0.00187692,0.00194306,0.00198949,0.00202804,0.00208986,0.00219165,0.00232046,0.0024927,0.00268682,0.00291873,0.00312783,0.00338741,0.00358146,0.00370479,0.00376569,0.00397292,0.00451725,0.00436282,0.00452609,0.00493994,0.00557858,0.00643356,0.00747394,0.00863271,0.0097393,0.01061512,0.0111982,0.01158838,0.01199557,0.01256868,0.01343302,0.01467726,0.0163565,0.01851095,0.0206517,0.02295263,0.02519617,0.02718651,0.02901375,0.03088622,0.03305151,0.03577135,0.03917667,0.04335162,0.04820287,0.05359954,0.05956921,0.06561618,0.07191523,0.0786543,0.08602195,0.09422707,0.10335984,0.11336163,0.12410136,0.13538397,0.14724142,0.15981217,0.17325692,0.18794948,0.20424924,0.2223788,0.24213201,0.26301653,0.28398793,0.30371442,0.32338621,0.3452932,0.3717668,0.39636236,0.42170194,0.44814004,0.47633254
EGY,1993,0.05884257,0.0094447,0.0047175,0.00244439,0.00138623,0.00082353,0.00056167,0.00051062,0.00058055,0.00068142,0.00072072,0.00078655,0.00086841,0.00096234,0.00103372,0.00109227,0.00113581,0.00117991,0.00121221,0.00124115,0.00126737,0.00130309,0.00134591,0.0014077,0.00148786,0.00158531,0.00169168,0.00179232,0.00188225,0.0019349,0.00197916,0.00203021,0.002115,0.00225055,0.00241565,0.00262168,0.00283741,0.00307251,0.00326818,0.00350729,0.00368098,0.00379206,0.00385793,0.00410129,0.00473203,0.00466293,0.00494268,0.00550346,0.00631006,0.00733043,0.00848449,0.00961321,0.01052879,0.01114591,0.01155458,0.01194699,0.01248814,0.01330349,0.01448812,0.01611232,0.0182222,0.02033087,0.02260792,0.02486961,0.02690836,0.02875355,0.03064924,0.03284321,0.03559177,0.03899184,0.04312305,0.04798067,0.05340303,0.0594156,0.06557225,0.07187417,0.07861145,0.0859642,0.09412126,0.10320823,0.11325969,0.12413055,0.13566487,0.14775837,0.16052468,0.17415268,0.18894073,0.20515943,0.22298374,0.24244455,0.26337128,0.28462316,0.30507323,0.32573256,0.34856644,0.37426691,0.39907698,0.42463771,0.45118478,0.47979119
EGY,1994,0.05573829,0.0087128,0.00433017,0.00228777,0.00129285,0.00075132,0.00050523,0.00046471,0.00054032,0.00064292,0.0006815,0.00074843,0.00082775,0.00090758,0.0009914,0.00104835,0.00109671,0.00113488,0.00117791,0.00121344,0.00124976,0.00128721,0.00133561,0.00139179,0.00146401,0.001549,0.00164315,0.00173701,0.00182248,0.00189989,0.0019509,0.00200814,0.00208237,0.00220067,0.00237283,0.00257199,0.00280137,0.00302116,0.00324665,0.00342258,0.00364662,0.00381251,0.00393239,0.00403246,0.00435163,0.00512095,0.00515713,0.00557518,0.00629902,0.0072699,0.00840853,0.0095419,0.01049294,0.01116273,0.01161578,0.01203581,0.0125704,0.01336071,0.01450105,0.01606843,0.01812601,0.02019749,0.02244626,0.02469082,0.02675919,0.02866456,0.03058593,0.03281005,0.03559278,0.03902472,0.04314851,0.04795309,0.05337533,0.05940672,0.06560096,0.07201385,0.078743,0.08607871,0.09419789,0.10320199,0.11316041,0.12402625,0.13562804,0.14791065,0.16084521,0.17459975,0.18950785,0.20575844,0.22342271,0.24247007,0.2629803,0.28416252,0.30479081,0.32609729,0.3498858,0.37493376,0.39979289,0.42529105,0.45150874,0.47892979
EGY,1995,0.05239791,0.00788829,0.00394067,0.0020732,0.00119122,0.00071645,0.00049529,0.0004518,0.00051028,0.00059512,0.00062888,0.00069395,0.00077356,0.00085051,0.00092019,0.00098998,0.00103665,0.00107925,0.00111587,0.00116083,0.00120206,0.00124778,0.00129608,0.00135662,0.00142228,0.00149839,0.00157927,0.00166055,0.00173916,0.0018119,0.00188729,0.00195032,0.00202972,0.00213543,0.00228748,0.00249123,0.00271103,0.00294334,0.00315104,0.00335599,0.00351327,0.0037292,0.00390346,0.00405711,0.00422208,0.00464906,0.00558911,0.00574058,0.00629852,0.00716562,0.00823713,0.00934462,0.01029523,0.01099847,0.01150089,0.01196003,0.01251566,0.01328972,0.0143905,0.01589237,0.01786518,0.01985951,0.02204744,0.0242442,0.02628073,0.02820332,0.03017029,0.03239804,0.03518377,0.03861949,0.04274098,0.04749731,0.05281825,0.05880269,0.06497052,0.0713745,0.07817229,0.08544467,0.09348834,0.10239064,0.112194,0.12289117,0.13441935,0.14670601,0.15977367,0.17363191,0.18859086,0.20487219,0.22245657,0.24120462,0.26113492,0.28173145,0.30216132,0.32354897,0.34791039,0.3727571,0.3975226,0.42285172,0.44873425,0.47534624
EGY,1996,0.04924756,0.00720592,0.00357843,0.00189069,0.00108279,0.00064903,0.00045459,0.00042542,0.00048756,0.00056714,0.00058899,0.00064691,0.00072374,0.00080117,0.00086821,0.00092408,0.00098327,0.0010234,0.00106297,0.00109939,0.00114719,0.00119545,0.00125079,0.00131096,0.00138123,0.00145114,0.00152375,0.00159273,0.00166003,0.00172725,0.00179877,0.00188651,0.00197173,0.00208277,0.00222196,0.00240523,0.002631,0.00285507,0.00307803,0.00326645,0.00345465,0.00360349,0.00382992,0.00403983,0.00426089,0.0045241,0.00509001,0.00624313,0.00650851,0.00719186,0.00815108,0.00919218,0.01012557,0.01083755,0.01137929,0.0118901,0.01248655,0.01328429,0.01437129,0.01583578,0.01774485,0.01966089,0.02177882,0.02392786,0.02593409,0.02784172,0.02984113,0.03212888,0.03493074,0.03838729,0.04253736,0.04732358,0.05263208,0.05855061,0.06472044,0.07115005,0.07799316,0.08539797,0.09343377,0.10232273,0.11209428,0.122713,0.13415945,0.14647799,0.15967047,0.1738,0.18900161,0.20547256,0.22323056,0.24204169,0.26181095,0.28196811,0.30197874,0.32337535,0.34805266,0.37333821,0.3981396,0.42349708,0.44933125,0.47569545
EGY,1997,0.0462692,0.00653835,0.00328444,0.00172491,0.00099248,0.0006069,0.00043551,0.00041166,0.00046885,0.00054057,0.00055873,0.00060307,0.00067156,0.0007461,0.00081416,0.00086837,0.00091489,0.00096833,0.0010062,0.00104646,0.00108703,0.00114283,0.00120144,0.00126865,0.00133797,0.00141205,0.00147804,0.00153852,0.00159348,0.00164938,0.00171489,0.00179755,0.00190625,0.00202159,0.00216471,0.00233285,0.00253541,0.00276471,0.00297852,0.00318248,0.00335324,0.00353285,0.00368989,0.00395185,0.00422969,0.00455097,0.00493632,0.00566416,0.00705239,0.00740293,0.00814784,0.00905806,0.00991787,0.01061309,0.01116435,0.01171347,0.01235974,0.01319584,0.01430265,0.01574458,0.01760174,0.01943869,0.02146068,0.023525,0.02547427,0.02734378,0.02931808,0.03162579,0.03447243,0.0379241,0.04207175,0.04686145,0.05217297,0.0580457,0.06411128,0.07050934,0.07734288,0.08475502,0.09289041,0.10172149,0.11142491,0.12195077,0.13324902,0.14540975,0.15856141,0.17274426,0.18815119,0.20478655,0.22264206,0.24152702,0.26124943,0.28111884,0.30055132,0.32138482,0.34593745,0.37128408,0.39590954,0.42107605,0.44667005,0.47258437
EGY,1998,0.04348203,0.00596771,0.0029794,0.00158183,0.00090387,0.00054426,0.00039208,0.00038142,0.00044638,0.00052114,0.0005387,0.00057887,0.00063361,0.00070075,0.00076749,0.00082434,0.00087021,0.00091197,0.00096351,0.0010022,0.00104665,0.00109536,0.001162,0.00123322,0.00131076,0.0013853,0.00145702,0.00151232,0.00156001,0.00160471,0.00165975,0.0017369,0.00184081,0.00198075,0.00212953,0.0023036,0.00249272,0.00270085,0.00292394,0.00312168,0.00331117,0.00347461,0.00366397,0.00385528,0.0041889,0.00457331,0.00502707,0.00556212,0.00647905,0.00812964,0.00850104,0.00917924,0.00990849,0.01053846,0.01108144,0.01164553,0.01233651,0.01323316,0.01439495,0.0158796,0.01773984,0.01955223,0.02152357,0.02352242,0.02541913,0.02726416,0.02923281,0.03155167,0.0344657,0.03802707,0.04224798,0.04713087,0.05255625,0.05855567,0.06470373,0.0711247,0.07806981,0.08562975,0.09394829,0.1030861,0.11294474,0.12364036,0.13510497,0.1473962,0.1606939,0.17518001,0.19102438,0.20829233,0.22675578,0.24619506,0.26647039,0.28678559,0.30641897,0.32718026,0.35175984,0.3782699,0.40331842,0.42889745,0.45489778,0.48123562
EGY,1999,0.04092645,0.0054376,0.00274086,0.00144645,0.00083573,0.00051823,0.00038389,0.00037482,0.00043322,0.00050128,0.00051997,0.00055864,0.00060866,0.00066155,0.0007212,0.00077741,0.00082645,0.00086793,0.00090818,0.00096054,0.00100344,0.00105595,0.00111511,0.00119417,0.00127547,0.00135813,0.00143015,0.00149108,0.00153346,0.00157082,0.00161452,0.00168075,0.00177841,0.00191254,0.00208624,0.00226583,0.00246088,0.00265453,0.00285524,0.00306324,0.00324707,0.00343061,0.00360381,0.00382917,0.00408888,0.00453242,0.00505527,0.00566804,0.00636601,0.00746775,0.0093365,0.00957488,0.01003666,0.01052338,0.01099919,0.01155647,0.01226434,0.01320945,0.01443785,0.01598381,0.01789101,0.01969974,0.02163626,0.02357048,0.02538792,0.02717011,0.02910665,0.03141154,0.03432686,0.03794666,0.04226929,0.04720954,0.05270885,0.05879924,0.0650452,0.07151464,0.07844067,0.08607655,0.0945056,0.10378456,0.11391494,0.12470193,0.1362622,0.1486333,0.16196028,0.17648008,0.19252049,0.21012207,0.22912404,0.24905961,0.26976002,0.29048198,0.31038951,0.33115512,0.35543261,0.38267689,0.40801731,0.43386696,0.4600997,0.48659702
EGY,2000,0.03860463,0.004986,0.00251429,0.00133971,0.0007696,0.00047269,0.00035353,0.00035445,0.00041778,0.00048597,0.00050052,0.0005398,0.00058787,0.00063609,0.00068156,0.00073145,0.00078071,0.0008259,0.00086641,0.00090838,0.00096515,0.00101606,0.00107873,0.00114939,0.00123803,0.00132402,0.00140401,0.0014651,0.00151318,0.00154522,0.0015816,0.00163619,0.00172225,0.00184902,0.00201558,0.00222081,0.00242127,0.00262133,0.00280714,0.00299289,0.00318807,0.00336755,0.00356264,0.003772,0.00406775,0.00443241,0.00501877,0.00570787,0.00649384,0.0073423,0.00857654,0.01051446,0.0104677,0.01065965,0.01098652,0.01147663,0.01217856,0.01314092,0.0144198,0.01603612,0.01800792,0.01985955,0.02178177,0.02366624,0.02540405,0.02709479,0.02895845,0.03121951,0.03410253,0.03769868,0.04205292,0.04706653,0.0525847,0.05870751,0.06500097,0.07152174,0.07844032,0.08598763,0.09442242,0.10373224,0.11391288,0.12488235,0.13641417,0.14875043,0.16201408,0.1764021,0.19230014,0.20991432,0.22904794,0.24930381,0.27024794,0.29111307,0.31113854,0.33190064,0.35588157,0.38358777,0.40906851,0.43500368,0.46125243,0.48759426
EGY,2001,0.03648923,0.00459242,0.00231419,0.00123383,0.0007154,0.00044543,0.0003355,0.00033498,0.00039322,0.00045951,0.00048233,0.00051635,0.00056465,0.00061054,0.00065118,0.00068669,0.0007295,0.0007747,0.00081817,0.00085932,0.00090478,0.0009682,0.00102809,0.00110146,0.00118087,0.00127425,0.0013578,0.00142745,0.00147605,0.00151412,0.0015451,0.00159192,0.00166526,0.00177865,0.00193582,0.00213173,0.00235833,0.00256335,0.00275543,0.00292491,0.00309681,0.00328612,0.00347567,0.00370516,0.00398053,0.00437892,0.00487397,0.00562767,0.00649563,0.00744171,0.00838111,0.00960335,0.01143212,0.01105718,0.01106764,0.01139856,0.01202383,0.01297099,0.01425845,0.01592049,0.01796233,0.0198782,0.02184241,0.02370622,0.0253863,0.02698835,0.02874956,0.03092531,0.03375104,0.03730169,0.04162138,0.04666522,0.05226518,0.05841074,0.06474465,0.07132205,0.0783011,0.08584384,0.09418545,0.10350793,0.11373259,0.12477302,0.13652876,0.14886437,0.16212758,0.17648963,0.19229283,0.20980664,0.22901243,0.24946629,0.27080426,0.29197611,0.31222254,0.333221,0.3573406,0.3851498,0.41088915,0.43703682,0.46344232,0.48987742
EGY,2002,0.03460671,0.00427245,0.00213723,0.00113915,0.00066123,0.00041349,0.00031504,0.00031806,0.00037483,0.00043753,0.00045752,0.0004991,0.00054164,0.00058815,0.00062683,0.00065814,0.00068718,0.00072655,0.00077059,0.00081493,0.00085979,0.00091214,0.00098448,0.00105472,0.00113668,0.00122056,0.00131218,0.00138609,0.00144389,0.00148282,0.00151995,0.00156113,0.00162625,0.00172603,0.00186867,0.00205428,0.0022711,0.00250472,0.00270292,0.00288007,0.00303593,0.00320253,0.00340206,0.00362622,0.00392211,0.00429786,0.00482898,0.00548051,0.00642131,0.00746262,0.008516,0.00940826,0.01046811,0.01210606,0.01151011,0.01151298,0.0119736,0.01283962,0.01410998,0.01578155,0.01787639,0.01987548,0.02191455,0.0238277,0.02548814,0.02703206,0.0287031,0.03077329,0.03350978,0.03700058,0.04127348,0.04628596,0.05192941,0.05817767,0.06455198,0.07118832,0.07824331,0.0858656,0.09421574,0.10344998,0.11370372,0.12480845,0.13665876,0.14926043,0.16254555,0.17693367,0.1927391,0.21018373,0.22931669,0.24988159,0.27145335,0.29305483,0.31363161,0.33489122,0.3593179,0.38681611,0.41276034,0.43910346,0.46563679,0.49210224
EGY,2003,0.03289652,0.00396581,0.00200006,0.00105817,0.00061416,0.00038903,0.00030247,0.00031005,0.00036729,0.00042979,0.00045221,0.00049147,0.00054353,0.00058564,0.00062687,0.00065756,0.00068358,0.00071029,0.00074998,0.00079649,0.00084582,0.00089892,0.00096184,0.00104729,0.00112864,0.00121826,0.00130335,0.00138925,0.00145426,0.00150466,0.00154418,0.00159329,0.00165464,0.00174895,0.00188163,0.00205776,0.00227123,0.00250331,0.00274138,0.00293255,0.00310342,0.00325956,0.00344308,0.00368534,0.00398608,0.00439728,0.00492116,0.00563773,0.00649229,0.00765846,0.00886518,0.00992441,0.01064724,0.01151175,0.01308367,0.01243228,0.01255781,0.01327641,0.01450212,0.01621443,0.01839725,0.02053495,0.02274659,0.02481672,0.02659384,0.02817327,0.02984337,0.03189178,0.03461189,0.0381302,0.04249147,0.0476349,0.05345368,0.05998612,0.06672061,0.07365297,0.0810392,0.08903242,0.09778331,0.10736959,0.11790186,0.12945028,0.14181123,0.15498518,0.16906614,0.18401514,0.20044242,0.21854571,0.23832051,0.25957553,0.28207507,0.30472473,0.32652359,0.34894288,0.37459158,0.40265289,0.42954611,0.45686661,0.48436322,0.51187667
EGY,2004,0.03138517,0.00367445,0.00188717,0.00100682,0.00058019,0.00036371,0.00028267,0.00029291,0.00035029,0.00041061,0.00042897,0.00046908,0.00051674,0.00056733,0.00060252,0.00063491,0.0006594,0.00068232,0.00070808,0.00074871,0.00079862,0.00085423,0.0009156,0.00098819,0.0010822,0.00116803,0.00125614,0.00133249,0.00140761,0.00146354,0.00151323,0.00156309,0.00163067,0.00171815,0.00184078,0.00200037,0.00219629,0.00241668,0.00264473,0.00287118,0.00305013,0.00321626,0.00338244,0.00360041,0.00390944,0.00431269,0.00485828,0.00554323,0.00644361,0.00747016,0.00877701,0.00996777,0.01083726,0.01129781,0.01200839,0.01363493,0.01308408,0.01343458,0.01446758,0.01607778,0.01823602,0.0203895,0.02267512,0.02485455,0.02672613,0.02836492,0.03001318,0.03199674,0.03461291,0.03800469,0.0422558,0.04732522,0.05308955,0.05959384,0.06640013,0.07348145,0.08093269,0.08901197,0.09787038,0.10756804,0.11812402,0.12957535,0.14198841,0.15525903,0.16947455,0.18477884,0.20126174,0.21943383,0.23925444,0.26047028,0.28292431,0.30573428,0.32780932,0.3507499,0.37685796,0.40449272,0.43151145,0.45901257,0.48679866,0.51465298
EGY,2005,0.03002096,0.00347499,0.00174414,0.00094776,0.00055074,0.00034284,0.00026464,0.00027429,0.00032995,0.00038982,0.00041153,0.00044689,0.00049549,0.00054192,0.0005865,0.00061323,0.00064009,0.00066168,0.00068408,0.00071107,0.00075527,0.00081149,0.00087515,0.00094595,0.00102647,0.00112543,0.00120992,0.00128998,0.00135607,0.00142276,0.00147827,0.00153846,0.00160673,0.00170067,0.00181616,0.00196528,0.00214407,0.00234689,0.00256427,0.00278217,0.00300028,0.00317609,0.00335427,0.00355525,0.00383992,0.0042517,0.00478936,0.00549945,0.00636552,0.00744814,0.00859861,0.00991063,0.01093118,0.01154961,0.01183728,0.01257481,0.01441382,0.01406142,0.01470576,0.01610889,0.01815688,0.02028946,0.0225976,0.02486409,0.02685896,0.0286023,0.03031796,0.03228382,0.03483606,0.03811921,0.04223464,0.04718492,0.05287031,0.0593167,0.06609836,0.07326298,0.08087859,0.08902589,0.09797354,0.10778169,0.11844678,0.12990566,0.14218947,0.15549203,0.16978527,0.18520674,0.2020524,0.2202595,0.24012698,0.26135561,0.28371294,0.30638764,0.32850322,0.35158916,0.37811656,0.40526023,0.43216132,0.45960748,0.48742858,0.51538155
EGY,2006,0.02875954,0.0032847,0.00164671,0.00087422,0.00051726,0.00033745,0.00026825,0.00027425,0.00032005,0.00037024,0.00038869,0.00042652,0.0004696,0.000517,0.00055732,0.00059374,0.00061468,0.0006387,0.00065926,0.0006825,0.00071228,0.00076183,0.00082523,0.0008975,0.00097555,0.00106002,0.00115813,0.00123485,0.00130517,0.00136316,0.00142944,0.00149504,0.0015732,0.00166695,0.00178838,0.00192905,0.00209587,0.00227981,0.00247822,0.00268468,0.00289317,0.00310928,0.00329591,0.00350792,0.00377211,0.00415453,0.00469638,0.00539253,0.00628199,0.00732018,0.00853127,0.00966317,0.01081937,0.01159888,0.01204773,0.01233835,0.01323465,0.01541667,0.01531794,0.01629564,0.01810685,0.02010967,0.02238829,0.02467521,0.02676068,0.02863056,0.03045123,0.03248335,0.03501108,0.03821713,0.04220311,0.04699147,0.05253291,0.05888048,0.06559114,0.07272148,0.08041871,0.08873403,0.09774043,0.10763086,0.11840408,0.1299711,0.14225399,0.15540699,0.16972727,0.18522216,0.20217767,0.22075938,0.24063913,0.26189513,0.28425061,0.30681719,0.32880601,0.35197378,0.3786962,0.40575469,0.43245922,0.45970595,0.48734446,0.51511737
EGY,2007,0.02755916,0.00310395,0.0015541,0.00082418,0.00047643,0.0003004,0.0002358,0.00024662,0.00029688,0.0003506,0.0003712,0.00040502,0.00045051,0.00049245,0.00053442,0.00056713,0.00059833,0.00061658,0.00064001,0.00066136,0.00068756,0.00072256,0.00077913,0.00085102,0.00093065,0.00101289,0.00109651,0.00118825,0.0012561,0.00131914,0.00137705,0.00145343,0.00153691,0.00164076,0.00176203,0.00190937,0.00206779,0.00224001,0.00241978,0.002608,0.00280628,0.00301365,0.00324352,0.0034646,0.00374111,0.00410191,0.0046122,0.00531392,0.0061896,0.00725864,0.00842477,0.00963415,0.01060102,0.0115377,0.01216025,0.01262029,0.01304898,0.01422552,0.01687544,0.01705518,0.01840389,0.02014901,0.02229457,0.02456241,0.026684,0.02866205,0.03062641,0.03278043,0.03539299,0.03858844,0.04250794,0.04717415,0.05256078,0.0587774,0.06541393,0.07250318,0.08020111,0.08864448,0.09787474,0.10787024,0.11877915,0.13051491,0.14296855,0.15617676,0.17039332,0.18598161,0.20308234,0.22184915,0.24221023,0.26355577,0.28602979,0.30869343,0.33066391,0.3537888,0.38070619,0.40798242,0.43454359,0.46157006,0.48890999,0.51625725
EGY,2008,0.02642549,0.00293305,0.00146852,0.00077824,0.00044999,0.00028385,0.00022266,0.0002326,0.00027988,0.00033075,0.00035092,0.00038594,0.00042671,0.00047107,0.00050747,0.00054215,0.00056975,0.00059835,0.00061585,0.00064021,0.0006642,0.00069534,0.0007366,0.00080075,0.00087925,0.00096271,0.00104387,0.00112072,0.0012042,0.0012649,0.00132773,0.00139502,0.00148843,0.00159661,0.00172738,0.00187352,0.00203821,0.00220074,0.0023675,0.00253567,0.00271443,0.00291041,0.00312961,0.00339427,0.0036777,0.004049,0.00453182,0.00519301,0.00606934,0.00711613,0.00831251,0.00946758,0.0105185,0.01125148,0.01203937,0.01267781,0.01328245,0.01395641,0.0154937,0.01869716,0.0191667,0.02037917,0.02222984,0.0243427,0.02643702,0.02844672,0.0305174,0.0328151,0.0355495,0.03882722,0.04272153,0.04729601,0.05252534,0.05854525,0.06501139,0.07199356,0.07961849,0.08803126,0.09736569,0.10756748,0.1185478,0.13038702,0.14297927,0.1563256,0.17055143,0.18596802,0.20310433,0.22194843,0.24241463,0.26418954,0.28666528,0.30937905,0.33139656,0.35445979,0.38128689,0.40914484,0.43564074,0.4624921,0.489487,0.51626763
EGY,2009,0.02534291,0.00277446,0.00138358,0.00073248,0.00042238,0.00026506,0.0002072,0.00021681,0.00026188,0.00031042,0.00032992,0.00036384,0.00040568,0.00044539,0.00048476,0.00051423,0.00054423,0.00056942,0.00059733,0.00061559,0.00064262,0.00067123,0.00070838,0.00075666,0.00082709,0.00090947,0.00099246,0.00106755,0.00113661,0.00121384,0.00127458,0.00134672,0.00143052,0.00154837,0.00168335,0.00183954,0.00200327,0.0021731,0.00233027,0.00248557,0.00264418,0.00282058,0.00302822,0.00328111,0.00360996,0.00398777,0.00448184,0.00511241,0.00594282,0.00699298,0.00816728,0.00936346,0.01036241,0.01119188,0.01177083,0.01258376,0.01337612,0.01424044,0.01523715,0.01720558,0.02106809,0.02128,0.02254461,0.02433965,0.0262757,0.02826588,0.03037761,0.03279529,0.03569331,0.03911646,0.04311753,0.0476817,0.05282844,0.05869668,0.06497109,0.07179502,0.07933542,0.08770422,0.09704574,0.10740604,0.1186623,0.13063312,0.14339782,0.15695966,0.17140365,0.18690295,0.2039267,0.22288904,0.24351802,0.26548486,0.2885285,0.31135667,0.33357301,0.35685082,0.38379192,0.41202715,0.43865543,0.46543868,0.49217556,0.51838069
EGY,2010,0.02430305,0.00262827,0.00130976,0.00069126,0.00039896,0.00025187,0.00019837,0.00020802,0.00025036,0.0002949,0.00031064,0.00034301,0.00038331,0.00042417,0.00045897,0.00049178,0.0005167,0.00054453,0.00056909,0.0005978,0.00061859,0.00065024,0.00068452,0.00072824,0.00078192,0.00085565,0.00093736,0.00101462,0.00108219,0.00114508,0.00122234,0.00129186,0.00137986,0.00148672,0.00163065,0.00179042,0.0019643,0.00213282,0.00229773,0.00244297,0.00258837,0.00274397,0.0029311,0.00317104,0.00348536,0.00390974,0.00440847,0.00504907,0.0058417,0.00683494,0.00801133,0.00918177,0.01022827,0.01100465,0.01168587,0.01228104,0.013253,0.01431386,0.01551657,0.01688601,0.01934041,0.02333997,0.0234857,0.0246237,0.02620628,0.02802157,0.03010599,0.03255819,0.03557396,0.03916343,0.04331107,0.04797687,0.05309013,0.05884114,0.06491912,0.07150325,0.07883927,0.08708036,0.09633046,0.10664803,0.11801853,0.13022527,0.14305908,0.15672926,0.17132196,0.18696343,0.20397205,0.22268995,0.24331152,0.26529986,0.28837505,0.31165863,0.3338487,0.35718764,0.38418586,0.4127364,0.4394761,0.46619452,0.49256293,0.51822278
EGY,2011,0.02333733,0.00251295,0.00125045,0.00066288,0.0003836,0.00024161,0.00018894,0.00019677,0.00023634,0.00027898,0.00029556,0.00032294,0.00036113,0.00040069,0.00043759,0.00046706,0.00049666,0.00052058,0.00054935,0.00057655,0.00060954,0.00063603,0.00067364,0.00071393,0.00076247,0.00081853,0.00089112,0.0009671,0.00103681,0.00109771,0.00115981,0.00124457,0.00132852,0.00143822,0.00156905,0.00173662,0.00191306,0.00209159,0.00225449,0.00240752,0.00254191,0.00268335,0.00284809,0.00306504,0.00336274,0.00376684,0.00431141,0.00495188,0.00575002,0.00669375,0.00779835,0.00896882,0.00998728,0.01081639,0.01144232,0.01213999,0.01287926,0.01411976,0.01552485,0.01711399,0.01888903,0.02131398,0.02562949,0.02552149,0.02637859,0.02780773,0.02969646,0.03210399,0.03513522,0.038828,0.04313179,0.04793078,0.05312493,0.0588035,0.0647142,0.07104358,0.07807371,0.08604114,0.09509306,0.10524229,0.11648919,0.12873507,0.14173485,0.15538056,0.16998506,0.1856747,0.20271118,0.22126984,0.24146184,0.26326126,0.28616426,0.30928213,0.33179928,0.35494728,0.38182918,0.40987353,0.43645638,0.4629456,0.48884166,0.51359875
EGY,2012,0.02236944,0.00235964,0.00117292,0.00061595,0.00035382,0.00022038,0.00016945,0.00017522,0.0002119,0.00025378,0.00027461,0.00030322,0.0003366,0.00037425,0.00040948,0.00043999,0.00046456,0.00049112,0.00051359,0.00054197,0.00056976,0.00060512,0.00063528,0.00067824,0.00072341,0.00077437,0.00082935,0.0008969,0.0009665,0.00103108,0.00109257,0.00116329,0.00126324,0.00136871,0.00150241,0.00165642,0.00184197,0.00202447,0.00219932,0.00235136,0.0024948,0.00262521,0.00277541,0.00296861,0.00324097,0.0036256,0.00414645,0.00483773,0.00563795,0.00659214,0.00764717,0.00874722,0.00977991,0.01059081,0.01127848,0.0119202,0.01276538,0.01375922,0.01535826,0.01717582,0.01920968,0.02089581,0.02349782,0.02798266,0.02746846,0.028124,0.02961361,0.03182608,0.03482501,0.03855763,0.04300709,0.04802003,0.05340851,0.05922742,0.06510882,0.07130962,0.07812454,0.08583329,0.09467847,0.10472291,0.11591737,0.12818336,0.14139845,0.15541399,0.17019259,0.18611144,0.20343706,0.22228685,0.24259662,0.26425811,0.28733954,0.31071266,0.33354856,0.35761919,0.38496548,0.41328704,0.44086343,0.46879212,0.4970791,0.5256105
EGY,2013,0.02154399,0.00227543,0.00113657,0.00060356,0.00034958,0.00022025,0.00017185,0.00017809,0.00021262,0.00024943,0.00026228,0.00029369,0.00032802,0.00036177,0.00039773,0.00043025,0.00045991,0.00048548,0.00051537,0.00054355,0.00057921,0.00061478,0.00065703,0.00069329,0.00074166,0.00078983,0.00084024,0.00089075,0.00095276,0.00101747,0.00108204,0.00115127,0.00123657,0.00135888,0.00148906,0.0016477,0.00182093,0.00201612,0.00219831,0.00236603,0.00251115,0.00265396,0.00279551,0.00297704,0.00322835,0.00359061,0.00409629,0.00476933,0.00563844,0.006609,0.00769198,0.00875373,0.00972855,0.01057478,0.0112607,0.01198062,0.0127802,0.01390296,0.01525297,0.01730782,0.01962709,0.02162543,0.02343531,0.02607968,0.03061651,0.02977186,0.03044706,0.03226002,0.03508389,0.03882455,0.04336999,0.04860485,0.05429658,0.06040113,0.06650492,0.07274128,0.07948785,0.08703894,0.09568547,0.10559569,0.11677202,0.1290749,0.14240691,0.1567491,0.17202218,0.18821893,0.20588879,0.22515241,0.24586746,0.26772173,0.29068301,0.31424161,0.33728656,0.36159047,0.38979751,0.4179888,0.44561615,0.47331712,0.50092355,0.52811169
EGY,2014,0.02067464,0.00212681,0.00106261,0.00055943,0.00032106,0.00020011,0.0001585,0.00016326,0.0001923,0.00022706,0.00023972,0.00026324,0.00030012,0.00033407,0.00036425,0.00039485,0.0004232,0.00045016,0.0004753,0.00050608,0.00053546,0.00057285,0.00061018,0.00065584,0.00069579,0.00074552,0.00079172,0.00083622,0.00087975,0.00093602,0.00100029,0.00107169,0.00115353,0.00125722,0.00140025,0.00155001,0.00172274,0.00189939,0.00208974,0.00226036,0.00241739,0.00255721,0.00270676,0.00287288,0.00310326,0.00343065,0.00389485,0.00452867,0.00534942,0.00636761,0.00743725,0.00849879,0.00940339,0.01016554,0.01086663,0.01156197,0.01241528,0.01345405,0.01489959,0.01662139,0.0191312,0.02137999,0.02347637,0.0251844,0.02763528,0.03214747,0.03121969,0.03212767,0.03445078,0.03789808,0.0423243,0.0475185,0.05329551,0.05956282,0.06579868,0.07209228,0.07868344,0.08595246,0.09419863,0.10363495,0.11437826,0.12635007,0.13938847,0.15350607,0.16875931,0.18509748,0.20263856,0.22180685,0.24247329,0.26425016,0.28689748,0.30981877,0.33262075,0.35674662,0.38480349,0.41310968,0.44102771,0.46946027,0.49822684,0.52750719
EGY,2015,0.0199265,0.00205338,0.00101078,0.00053696,0.00030975,0.00019286,0.00015208,0.00015705,0.00018563,0.00021856,0.00022952,0.00025134,0.00027953,0.00031721,0.00034992,0.00037773,0.00040752,0.00043649,0.00046691,0.00049798,0.00053506,0.00057035,0.0006117,0.00065313,0.00070348,0.00074569,0.00079446,0.00083617,0.00087454,0.0009128,0.00096862,0.00103937,0.00112323,0.00122376,0.00134871,0.0015144,0.00168098,0.00186113,0.00203638,0.00221972,0.00238302,0.00253773,0.00268618,0.00286277,0.00307954,0.00338836,0.00382032,0.0044167,0.00520605,0.006188,0.00733542,0.00840979,0.00934007,0.01004941,0.01068178,0.01140603,0.01224641,0.01335733,0.01473523,0.01659555,0.01877782,0.02130211,0.02373101,0.0258046,0.02730151,0.02968204,0.03450187,0.03371934,0.03512447,0.03810685,0.04231706,0.04751318,0.05340309,0.05993973,0.06653908,0.0731584,0.07999604,0.08729096,0.09544943,0.1047049,0.1152295,0.1270743,0.14014589,0.15438379,0.16988472,0.18673344,0.20500435,0.22465144,0.24588627,0.26833722,0.29167944,0.31508919,0.33805478,0.36278009,0.39154255,0.42036528,0.44864813,0.47734343,0.50622009,0.53503868
EGY,2016,0.01919167,0.00194114,0.000971,0.00050589,0.00029241,0.00018555,0.00015086,0.00015411,0.00017383,0.00020299,0.00021341,0.00023337,0.00025963,0.00028763,0.00032244,0.00034986,0.00037303,0.0003993,0.00042674,0.00045616,0.00048538,0.00052073,0.0005548,0.00059801,0.00064296,0.00069489,0.00073535,0.00077897,0.00081441,0.00084793,0.00088625,0.00094858,0.00103113,0.00113215,0.00125174,0.0013954,0.00157558,0.00174642,0.00192305,0.0020887,0.00226355,0.00242356,0.00258627,0.00275994,0.00298514,0.0032749,0.00367947,0.00422917,0.00496118,0.0058886,0.00697459,0.00811804,0.00904861,0.00977657,0.01034706,0.0109909,0.01184532,0.01292118,0.0143462,0.01609197,0.01838023,0.02048791,0.02315417,0.02552788,0.02736541,0.0286783,0.03114269,0.03642687,0.03602712,0.03795487,0.04154526,0.04635334,0.05206776,0.05852881,0.06521533,0.07201929,0.07899369,0.08632817,0.09426114,0.10312731,0.11311239,0.12432127,0.1367955,0.15054311,0.16557336,0.18202075,0.20009918,0.2197197,0.24057413,0.2626624,0.285666,0.30866227,0.33092197,0.35449081,0.38238781,0.41116024,0.43864697,0.46650754,0.49432145,0.52145771
EGY,2017,0.01853497,0.00187796,0.00091355,0.00048434,0.00027523,0.00016619,0.00013954,0.00014372,0.00016113,0.00018795,0.00019672,0.00021504,0.00023857,0.00026415,0.00028916,0.00031937,0.00034314,0.0003639,0.0003895,0.00041718,0.00044665,0.00047634,0.00051217,0.00054837,0.00059427,0.00064007,0.00068992,0.00072502,0.00076224,0.0007925,0.00082529,0.00086865,0.00094039,0.00103728,0.00115438,0.00128947,0.00144399,0.00162698,0.00179226,0.00195788,0.00211294,0.00228213,0.00244705,0.00263138,0.00284815,0.00314031,0.00351621,0.0040257,0.00469347,0.00554276,0.00655466,0.00762213,0.00862501,0.00935134,0.00993728,0.01050808,0.01126535,0.01233238,0.01369309,0.01545901,0.01758803,0.01979508,0.02198447,0.02459525,0.02674019,0.02839977,0.02972943,0.03249002,0.03847125,0.038485,0.0409148,0.0450092,0.05025612,0.05647618,0.06304214,0.06989614,0.07701699,0.08443908,0.09235039,0.10090704,0.11040564,0.12096872,0.13269808,0.14574777,0.16020147,0.17609585,0.19369315,0.21304904,0.23381745,0.25544259,0.27802283,0.3006762,0.32257253,0.34547339,0.3721809,0.40077978,0.42766298,0.45469749,0.48157324,0.50732848
EGY,2018,0.01789308,0.00179123,0.00087496,0.00044965,0.00025875,0.00016369,0.00013787,0.00014123,0.00015667,0.00017911,0.00018762,0.00020448,0.00022698,0.00025068,0.00027431,0.00029596,0.00032379,0.00034615,0.00036717,0.00039415,0.00042331,0.00045472,0.00048642,0.0005258,0.00056595,0.00061429,0.00065983,0.00070635,0.00073673,0.00077028,0.00080111,0.00084009,0.00089419,0.00098211,0.00109786,0.00123433,0.00138493,0.00154744,0.00173296,0.00189383,0.00205552,0.00221061,0.00239048,0.00258225,0.00281595,0.0031067,0.00349609,0.00398938,0.00463351,0.00543922,0.00640085,0.00743263,0.00840331,0.00924917,0.00986169,0.01046966,0.01117272,0.01216668,0.01355905,0.01530948,0.01753526,0.01966389,0.02205971,0.02425409,0.0267613,0.02882941,0.03058896,0.03222793,0.03565235,0.04273021,0.04313803,0.04609891,0.05076189,0.05671821,0.06330934,0.07033511,0.07782361,0.08573033,0.09407996,0.10298423,0.11255433,0.12304633,0.13459008,0.14740927,0.16175175,0.1777425,0.19554353,0.21527953,0.23674839,0.25934124,0.28253779,0.30591538,0.32865173,0.35238991,0.37973412,0.40903467,0.43653962,0.46408093,0.49126463,0.51729803
EGY,2019,0.0172665,0.00170077,0.00084837,0.00043898,0.00024612,0.0001514,0.00013273,0.00013657,0.00015213,0.0001746,0.00018201,0.00019804,0.00021876,0.00024139,0.00026314,0.00028342,0.00030253,0.00032892,0.0003512,0.00037293,0.00040082,0.00043152,0.00046502,0.00050034,0.00054412,0.0005869,0.00063542,0.00067812,0.0007208,0.00074781,0.00078206,0.00081916,0.00086875,0.00093829,0.00104474,0.00118019,0.00133335,0.00149298,0.00165796,0.00184216,0.00200012,0.00216323,0.00232912,0.00253717,0.00277935,0.00308949,0.00347924,0.00399058,0.00462049,0.0054042,0.00632235,0.00730571,0.0082473,0.00906811,0.00981362,0.01045256,0.01119862,0.01213975,0.01345843,0.01525805,0.01747979,0.01973952,0.02206993,0.02452008,0.02658625,0.02906781,0.03128658,0.03341733,0.03564665,0.03990552,0.04831808,0.04903335,0.0524558,0.05780987,0.06416919,0.07129977,0.07906647,0.08747814,0.09647304,0.10597882,0.11605866,0.12675846,0.13836317,0.1511365,0.16540459,0.18147943,0.19963323,0.21988501,0.24211876,0.26586562,0.29054767,0.31503101,0.33900653,0.36416479,0.39304347,0.42303745,0.45173447,0.48044645,0.50872402,0.53606201
EGY,2020,0.01668971,0.0016384,0.00080041,0.00042238,0.00023798,0.00014423,0.00012658,0.00012658,0.00013871,0.00015337,0.00015899,0.00017022,0.00018766,0.00020358,0.00021615,0.00022539,0.00023447,0.0002456,0.00026593,0.00028314,0.00030049,0.00032482,0.00035336,0.00038638,0.00042122,0.00046252,0.00050065,0.00054165,0.00057905,0.00062114,0.00065524,0.00070229,0.00075589,0.00082584,0.00091792,0.00104655,0.00120109,0.00136725,0.00153669,0.00171126,0.00190779,0.00208656,0.00228125,0.00249367,0.00276717,0.00309953,0.00352232,0.00404623,0.00471847,0.00552597,0.00646832,0.00746416,0.00843022,0.00932607,0.01018441,0.01111901,0.01207448,0.01323618,0.01466939,0.01654088,0.01894738,0.02136063,0.02400046,0.02663144,0.02933221,0.03175085,0.0347333,0.03759983,0.0405226,0.04354942,0.04855334,0.05760731,0.05867662,0.0624066,0.06761953,0.07389645,0.0811219,0.08918416,0.09830968,0.10848635,0.11949,0.13121481,0.14359727,0.15802791,0.17504943,0.19374695,0.21329201,0.23257641,0.25212307,0.27313742,0.29525453,0.31742929,0.33872921,0.36124645,0.3872787,0.41493807,0.44157974,0.46851179,0.49537024,0.52137811
EGY,2021,0.01615884,0.00166389,0.0007208,0.00037244,0.00021378,0.00013699,0.00012658,0.00012658,0.00013462,0.00014794,0.00015267,0.00016182,0.00017594,0.00019921,0.0002301,0.00026278,0.00029147,0.00031201,0.00032668,0.00034882,0.00036823,0.00038852,0.0004165,0.00044989,0.00048843,0.00052846,0.0005736,0.0006134,0.00065725,0.00069921,0.00074794,0.00079251,0.0008532,0.0009257,0.00101809,0.00113299,0.00128286,0.00145371,0.00163244,0.00181191,0.00199816,0.00221236,0.00241999,0.00266387,0.00295465,0.00333998,0.00381298,0.00440227,0.00512601,0.006015,0.00700821,0.00805079,0.00904669,0.00997627,0.01089737,0.01190364,0.01309514,0.01440493,0.01601949,0.01798941,0.02047268,0.0231299,0.02595451,0.0289664,0.03189127,0.03489696,0.03770525,0.04121099,0.04476937,0.04846482,0.05224853,0.05811655,0.06835143,0.06977959,0.0737627,0.07952967,0.08669665,0.09512923,0.10496512,0.11629106,0.12874674,0.14197874,0.15583121,0.17189052,0.19094778,0.21154137,0.2323318,0.25180438,0.27096531,0.29166834,0.313631,0.3359564,0.357678,0.38013057,0.40617933,0.4331425,0.45979984,0.48681644,0.51390366,0.54075262
EGY,2022,0.01624583,0.00167286,0.0007247,0.00037446,0.00021494,0.00013772,0.00012725,0.00012725,0.00013534,0.00014872,0.00015347,0.00016268,0.0001769,0.00020035,0.00023142,0.0002643,0.00029315,0.00031375,0.00032835,0.0003505,0.00037004,0.00039055,0.00041874,0.00045231,0.00049097,0.0005311,0.00057653,0.00061656,0.00066075,0.00070316,0.00075225,0.00079711,0.00085812,0.00093108,0.00102402,0.00113925,0.00128925,0.00146088,0.00164101,0.00182153,0.00200864,0.00222378,0.00243228,0.00267699,0.00296953,0.00335756,0.00383343,0.00442596,0.00515352,0.0060474,0.00704644,0.00809577,0.0090985,0.01003463,0.01096178,0.01197497,0.01317431,0.01449138,0.01611541,0.01809681,0.02059313,0.02326564,0.02611038,0.02913904,0.03207829,0.03510786,0.03794226,0.04146229,0.04501507,0.04870925,0.05251021,0.05833313,0.06864823,0.07018631,0.0741836,0.07998844,0.08721052,0.09569633,0.10557523,0.11693434,0.129408,0.14264191,0.15649092,0.17257672,0.19170433,0.21239577,0.23327929,0.25286187,0.27221297,0.29317883,0.31540296,0.33791144,0.35974273,0.38223688,0.40827901,0.43529557,0.46211401,0.48933428,0.51664898,0.54381602
EGY,2023,0.01627165,0.0016623,0.00078033,0.00040848,0.00023381,0.00014979,0.00012832,0.00013022,0.00014468,0.00016221,0.00017134,0.00018305,0.00020266,0.00022736,0.0002549,0.00028271,0.0003084,0.00033039,0.00034993,0.0003739,0.00039847,0.00042438,0.00045522,0.00049078,0.00053074,0.00057283,0.00061737,0.00065773,0.00069679,0.00073392,0.00077618,0.00082311,0.00088635,0.00096609,0.00106914,0.00119491,0.0013462,0.00151311,0.00168621,0.0018585,0.00203075,0.0022134,0.00239661,0.00260826,0.00286337,0.00320078,0.00363232,0.00418475,0.00488487,0.0057589,0.00675623,0.00780451,0.00877357,0.00962292,0.01039093,0.01121647,0.01219997,0.0133563,0.01485084,0.01674956,0.01903168,0.02151363,0.02415279,0.02674202,0.02921798,0.03179434,0.03431162,0.03717814,0.04022511,0.04360612,0.04732593,0.05216921,0.05957375,0.06351681,0.06903364,0.07533519,0.08254816,0.09063428,0.09964013,0.10971872,0.12081749,0.13280842,0.14569361,0.16034829,0.17724849,0.19577292,0.21533424,0.23520343,0.25585399,0.27795587,0.30113015,0.32449482,0.34689509,0.37038398,0.3974913,0.42570802,0.45340158,0.48157365,0.51007028,0.53839741
EGY,2024,0.01363826,0.00139687,0.00069856,0.00037237,0.00021515,0.00013936,0.00011383,0.00011655,0.00013311,0.00015102,0.00016213,0.00017431,0.00019548,0.00021857,0.00024118,0.00026322,0.0002847,0.0003062,0.0003281,0.00035169,0.00037786,0.00040533,0.00043535,0.00046928,0.00050667,0.00054649,0.00058671,0.00062405,0.00065664,0.00068748,0.00072197,0.00076792,0.00082874,0.00090839,0.00101183,0.00113692,0.00127925,0.00143189,0.00158834,0.00174404,0.00189624,0.00204465,0.0021999,0.00237591,0.00258967,0.00286913,0.00324187,0.00373283,0.00437395,0.00518632,0.00613248,0.00712799,0.00802497,0.0087676,0.00937437,0.01001276,0.01077235,0.01174515,0.01306734,0.01481411,0.01681304,0.01902177,0.02136439,0.02345576,0.02542853,0.02750563,0.02963384,0.03180484,0.03429753,0.03728473,0.04078324,0.04454183,0.04910609,0.05495515,0.06154268,0.06815513,0.07506558,0.08247061,0.09035048,0.09889813,0.10833684,0.11875816,0.13029361,0.14310182,0.15732608,0.17315412,0.19075687,0.21014003,0.23117088,0.25337656,0.27645319,0.29967253,0.32172732,0.34518133,0.37216565,0.40032205,0.42771627,0.45554332,0.48388107,0.51206866
EGY,2025,0.01304303,0.00133424,0.00067077,0.00035997,0.00020965,0.00013678,0.00011187,0.00011413,0.00012976,0.00014682,0.00015749,0.00016928,0.0001898,0.00021231,0.00023452,0.00025638,0.00027783,0.00029931,0.00032119,0.0003446,0.00037029,0.00039696,0.00042606,0.00045912,0.0004956,0.00053435,0.00057346,0.0006098,0.00064158,0.00067197,0.00070596,0.00075132,0.00081134,0.00088957,0.00099097,0.00111347,0.00125309,0.00140295,0.00155644,0.00170906,0.00185936,0.00200704,0.00216137,0.00233609,0.00254803,0.00282462,0.00319241,0.00367729,0.00431041,0.00511175,0.00604501,0.00702703,0.00791398,0.00865135,0.00925742,0.00989607,0.01065357,0.01162091,0.01293319,0.014664,0.01664324,0.01882932,0.02114881,0.02322194,0.02518289,0.02725327,0.02937076,0.03153138,0.03402011,0.03699954,0.0404699,0.04418113,0.04869252,0.05448963,0.06094582,0.06753203,0.07451402,0.08187049,0.08972142,0.09825096,0.10765919,0.11803166,0.12949926,0.14221771,0.15632996,0.17202872,0.18950578,0.20877182,0.22968825,0.25176731,0.27474257,0.29798278,0.32015413,0.34371365,0.37071452,0.39882546,0.42621845,0.45401792,0.48242524,0.51087159
EGY,2026,0.01264535,0.00129319,0.00065357,0.00035307,0.00020722,0.00013615,0.00011154,0.0001134,0.0001284,0.00014491,0.00015533,0.00016695,0.00018719,0.00020947,0.00023164,0.00025363,0.00027534,0.00029718,0.00031938,0.00034302,0.00036876,0.00039516,0.00042371,0.00045619,0.00049227,0.0005307,0.00056933,0.00060518,0.00063651,0.00066649,0.00070026,0.00074511,0.00080457,0.0008821,0.00098229,0.0011032,0.00124076,0.00138855,0.00153992,0.00169006,0.0018375,0.0019832,0.00213639,0.00230931,0.0025186,0.00279138,0.00315371,0.00363064,0.00425393,0.00504275,0.00596044,0.00692584,0.00779812,0.00852445,0.00912317,0.0097552,0.01050513,0.011461,0.01275431,0.01445821,0.01640537,0.01855525,0.02083694,0.02287865,0.0248108,0.02685416,0.02895241,0.03109106,0.03355173,0.03650429,0.039941,0.04360501,0.04803931,0.05374106,0.0601105,0.06653509,0.0734695,0.08088355,0.08866258,0.09713789,0.10649886,0.11681678,0.12820807,0.14083025,0.15482415,0.17038116,0.18770444,0.20682081,0.22760556,0.24957202,0.27243284,0.29560486,0.31785313,0.34154518,0.3686592,0.39683893,0.42436935,0.45228855,0.48081861,0.50951035
EGY,2027,0.01230772,0.00125725,0.00063876,0.00034735,0.00020539,0.00013587,0.00011147,0.00011294,0.00012732,0.0001433,0.00015347,0.0001649,0.00018487,0.00020697,0.00022905,0.00025113,0.00027304,0.00029521,0.00031776,0.0003416,0.00036742,0.00039366,0.00042179,0.00045357,0.00048897,0.00052696,0.00056518,0.00060062,0.00063158,0.00066119,0.0006945,0.00073889,0.00079762,0.00087432,0.00097349,0.00109288,0.00122851,0.00137414,0.00152348,0.00167166,0.00181679,0.0019597,0.00211098,0.00228273,0.00248982,0.00275899,0.00311604,0.00358553,0.00419822,0.00497432,0.00587746,0.00682718,0.0076855,0.00840099,0.0089922,0.00961717,0.01035958,0.01130466,0.01258061,0.01425824,0.01617493,0.01829116,0.02053552,0.02254663,0.02445205,0.02646677,0.02854166,0.03066276,0.03309711,0.03601388,0.03941658,0.04304955,0.04742484,0.05302781,0.05929261,0.06563426,0.07240298,0.07976725,0.08760945,0.0960041,0.10529893,0.11556264,0.12688279,0.13940901,0.15328461,0.16869709,0.1858521,0.20477838,0.22537703,0.24718397,0.26990771,0.29294691,0.3151289,0.33885066,0.36601843,0.39426732,0.42192623,0.44991985,0.47851042,0.50727509
EGY,2028,0.01194263,0.00121903,0.00062267,0.00034086,0.00020307,0.00013524,0.00011113,0.00011222,0.000126,0.00014146,0.0001514,0.00016265,0.00018232,0.00020423,0.00022626,0.0002484,0.00027046,0.00029286,0.00031573,0.00033984,0.00036573,0.00039186,0.00041972,0.00045096,0.00048559,0.00052289,0.00056063,0.00059577,0.00062648,0.00065581,0.00068876,0.00073244,0.0007905,0.00086621,0.00096422,0.00108232,0.00121612,0.00135971,0.0015069,0.00165317,0.00179651,0.00193715,0.00208548,0.00225502,0.00246046,0.00272637,0.00307817,0.00354019,0.0041426,0.00490479,0.0057927,0.00672732,0.00757208,0.00827677,0.0088599,0.00947688,0.0102106,0.01114434,0.01240298,0.01405525,0.01594109,0.0180244,0.02023336,0.02221353,0.02409242,0.02608019,0.02812986,0.03022952,0.03264295,0.03552674,0.03888743,0.04249075,0.04682716,0.05235477,0.05851623,0.0647611,0.07145644,0.0786532,0.08645503,0.09492734,0.1041451,0.11435589,0.12563106,0.13809674,0.15188949,0.16719862,0.18423138,0.20300991,0.22344346,0.24510396,0.2677221,0.29069597,0.31284219,0.33656089,0.36379653,0.3921842,0.42012624,0.44836728,0.4771656,0.50614616
EGY,2029,0.01159557,0.00118215,0.00060709,0.00033452,0.00020077,0.00013459,0.00011075,0.00011149,0.00012468,0.00013963,0.00014933,0.0001604,0.00017979,0.00020148,0.00022344,0.00024564,0.00026781,0.00029039,0.00031347,0.00033779,0.00036381,0.00038982,0.00041742,0.00044824,0.00048223,0.0005187,0.00055565,0.00059038,0.0006209,0.00065003,0.00068267,0.00072571,0.00078281,0.00085755,0.00095417,0.00107075,0.00120288,0.00134445,0.00148956,0.00163372,0.00177528,0.00191423,0.00206024,0.00222645,0.00242913,0.00269242,0.00303936,0.00349391,0.00408591,0.00483438,0.00570555,0.00662412,0.00745583,0.00815021,0.00872554,0.00933421,0.01005845,0.01097965,0.01222033,0.01384706,0.01570263,0.01775193,0.01992525,0.02187538,0.02372628,0.02568617,0.02771089,0.02978527,0.03217151,0.03502519,0.03834337,0.04190441,0.04619773,0.05166426,0.05773914,0.06387959,0.07047623,0.07759257,0.08521396,0.0936386,0.10292764,0.11305137,0.12425589,0.13665671,0.15036737,0.16556944,0.18247724,0.2011045,0.22135853,0.24282505,0.26527395,0.28813246,0.31022306,0.33387629,0.36104419,0.38946582,0.41763353,0.44613401,0.47515481,0.5043326
EGY,2030,0.0112693,0.00114721,0.00059227,0.00032847,0.00019855,0.00013394,0.00011038,0.00011078,0.00012341,0.00013787,0.00014734,0.00015825,0.00017737,0.00019886,0.00022074,0.00024301,0.0002653,0.00028803,0.00031127,0.00033571,0.00036183,0.0003878,0.00041517,0.00044565,0.00047915,0.00051498,0.00055105,0.00058511,0.00061536,0.00064441,0.00067685,0.00071936,0.00077564,0.00084918,0.00094453,0.0010595,0.00118988,0.0013298,0.00147301,0.00161531,0.00175504,0.00189244,0.00203688,0.0022006,0.0023994,0.00265904,0.00300218,0.00345016,0.0040324,0.00476788,0.00562358,0.0065255,0.00734408,0.00802946,0.008598,0.00919907,0.00991401,0.01082263,0.01204534,0.01364771,0.01547511,0.01749368,0.0196333,0.02155603,0.02338262,0.02531593,0.02731762,0.02937021,0.0317289,0.03455049,0.03783463,0.04135877,0.04560315,0.05101342,0.05702791,0.0630936,0.06959535,0.07661736,0.0841658,0.09240969,0.10165717,0.11187009,0.12299318,0.13533037,0.14898569,0.16411701,0.18093622,0.19945552,0.21957768,0.24088907,0.26317553,0.2859127,0.30796131,0.33159785,0.35871457,0.38711892,0.41549406,0.4442958,0.47364751,0.50313313
EGY,2031,0.0109595,0.00111358,0.00057794,0.00032258,0.00019636,0.00013328,0.00011,0.00011008,0.00012215,0.00013613,0.00014537,0.00015611,0.00017497,0.00019626,0.00021807,0.00024037,0.0002628,0.00028569,0.00030905,0.00033357,0.00035968,0.00038559,0.00041282,0.00044294,0.00047603,0.00051134,0.0005467,0.00057996,0.00060965,0.00063849,0.00067084,0.00071292,0.00076847,0.00084091,0.00093471,0.00104811,0.00117654,0.00131459,0.00145618,0.0015967,0.00173476,0.00187045,0.00201342,0.00217544,0.00237123,0.00262587,0.00296389,0.00340625,0.00397938,0.00470208,0.00554241,0.00642827,0.0072322,0.00790778,0.00847052,0.00906485,0.00977094,0.01066676,0.01187081,0.01344779,0.01524678,0.01723504,0.01934233,0.02123732,0.02304025,0.02494886,0.0269266,0.02895709,0.0312895,0.03407575,0.03732018,0.04081155,0.04500763,0.05034918,0.05630017,0.06230987,0.06873855,0.07565923,0.08310745,0.09127075,0.10032137,0.11048852,0.12169173,0.13392868,0.14750029,0.1625546,0.17928386,0.19768875,0.21767404,0.23882127,0.26091795,0.28346222,0.30537639,0.32891916,0.35593107,0.38422137,0.41261898,0.44156503,0.47113364,0.50085983
EGY,2032,0.0106403,0.00107912,0.00056304,0.00031628,0.00019386,0.00013238,0.00010942,0.00010919,0.00012073,0.00013423,0.00014325,0.00015381,0.00017238,0.00019347,0.00021519,0.00023752,0.00026002,0.00028306,0.00030655,0.00033106,0.00035709,0.00038281,0.00040986,0.00043972,0.00047238,0.00050724,0.00054201,0.00057462,0.00060363,0.00063196,0.00066408,0.00070581,0.0007607,0.00083211,0.00092441,0.00103589,0.00116237,0.00129829,0.00143796,0.00157692,0.0017133,0.00184736,0.00198855,0.00214881,0.0023423,0.00259273,0.00292388,0.00335886,0.00392363,0.00463394,0.00545876,0.00632823,0.00711768,0.00778122,0.0083367,0.0089248,0.00962238,0.01050527,0.01168971,0.01323976,0.01500837,0.01696526,0.01904,0.02090806,0.02268641,0.02457045,0.02652575,0.02853288,0.03083847,0.03359058,0.03679196,0.04024496,0.04439777,0.04967242,0.05554817,0.06150066,0.06787966,0.07472702,0.0820728,0.09013306,0.09909973,0.10906901,0.12022571,0.13254741,0.14601883,0.16099202,0.1776564,0.19598502,0.21587419,0.23690825,0.25887119,0.28126729,0.30305466,0.32651018,0.35345379,0.38170284,0.41017265,0.43925692,0.46908769,0.49915937
EGY,2033,0.01036056,0.00104816,0.00054974,0.00031073,0.00019174,0.00013168,0.00010899,0.00010848,0.00011951,0.00013257,0.00014136,0.00015176,0.00017007,0.00019096,0.0002126,0.00023497,0.00025756,0.00028073,0.00030436,0.00032892,0.00035481,0.00038029,0.00040706,0.00043666,0.00046902,0.00050343,0.00053771,0.00056985,0.00059835,0.00062607,0.00065767,0.00069896,0.00075335,0.0008239,0.00091491,0.00102468,0.00114901,0.00128298,0.00142064,0.00155793,0.00169309,0.00182575,0.00196551,0.00212398,0.0023155,0.00256295,0.00288869,0.00331509,0.00387047,0.00457038,0.00538146,0.00623583,0.00701182,0.0076648,0.00821172,0.00879325,0.00948425,0.01035619,0.01152295,0.01304762,0.01478717,0.01671368,0.01875798,0.02060172,0.02235898,0.02422023,0.02615574,0.02814358,0.0304238,0.03314447,0.03630774,0.03972228,0.04382985,0.04904782,0.05485556,0.06074312,0.06707537,0.07387857,0.08115557,0.08911393,0.09797655,0.10786816,0.11882361,0.13109891,0.14466167,0.15953463,0.17612575,0.19439928,0.21422671,0.23518213,0.25705261,0.27934059,0.3010184,0.32436757,0.35122142,0.37942992,0.4079989,0.43721299,0.46723735,0.49762497
EGY,2034,0.01006604,0.00101588,0.00053561,0.00030463,0.00018922,0.0001307,0.00010833,0.00010755,0.00011808,0.0001307,0.00013927,0.00014949,0.00016754,0.00018821,0.00020975,0.00023215,0.00025482,0.0002781,0.00030181,0.00032641,0.00035222,0.0003774,0.00040382,0.00043304,0.00046506,0.00049915,0.00053292,0.00056463,0.00059275,0.00062003,0.00065098,0.0006915,0.00074522,0.000815,0.00090479,0.00101293,0.00113517,0.00126678,0.00140241,0.00153771,0.00167128,0.0018028,0.00194112,0.0020979,0.00228705,0.00253148,0.00285269,0.00327146,0.00381524,0.00450249,0.0053007,0.00614037,0.00690271,0.00754474,0.00808338,0.00865561,0.00933833,0.01019996,0.01134933,0.01284829,0.01455739,0.01645156,0.01846304,0.02028117,0.02201688,0.02385591,0.02577037,0.02773879,0.02999488,0.03268213,0.03580596,0.03918258,0.04324027,0.04839388,0.05413754,0.05996044,0.06623033,0.07298566,0.08021795,0.08810238,0.0968537,0.10663803,0.11750782,0.12956813,0.14307418,0.15803728,0.17452214,0.19271771,0.21249186,0.23339062,0.25518835,0.27739156,0.29897408,0.32221029,0.34893582,0.37705839,0.40570027,0.43504515,0.46522819,0.49583887
EGY,2035,0.00979963,0.00098607,0.00052257,0.00029901,0.00018693,0.00012982,0.00010776,0.00010673,0.00011677,0.00012895,0.00013732,0.00014737,0.00016514,0.0001856,0.00020705,0.00022946,0.00025221,0.00027561,0.00029942,0.00032401,0.00034974,0.00037469,0.00040071,0.0004295,0.00046108,0.00049483,0.00052823,0.00055952,0.00058735,0.00061432,0.0006448,0.00068446,0.00073721,0.0008061,0.00089484,0.00100152,0.00112187,0.00125131,0.00138462,0.00151804,0.00164982,0.00177996,0.0019173,0.00207259,0.00225972,0.002501,0.002818,0.00323062,0.0037645,0.00443741,0.00522117,0.00604815,0.00679831,0.00743009,0.00796082,0.00852492,0.00919727,0.01004782,0.01118192,0.01265734,0.01433781,0.01620054,0.01817962,0.01997198,0.02168695,0.02350551,0.02540164,0.02735134,0.02958545,0.03224328,0.03532877,0.0386691,0.04268082,0.04776932,0.05344526,0.05921224,0.06542403,0.07211845,0.07930586,0.08714561,0.09581842,0.10549041,0.11624608,0.12821294,0.14148836,0.1563832,0.17296492,0.19104408,0.21073596,0.23158293,0.25332476,0.27545349,0.29694691,0.32006468,0.34663681,0.37461204,0.40324031,0.43264191,0.46293035,0.49367231
EGY,2036,0.00955133,0.00095782,0.00051035,0.00029388,0.00018495,0.00012916,0.00010736,0.00010605,0.00011562,0.00012737,0.00013551,0.0001454,0.00016292,0.00018318,0.00020455,0.00022699,0.00024985,0.0002734,0.00029735,0.00032197,0.0003476,0.00037235,0.00039806,0.00042636,0.00045746,0.00049076,0.00052377,0.00055477,0.00058229,0.00060904,0.00063922,0.00067821,0.00072992,0.00079761,0.00088518,0.00099059,0.00110925,0.00123674,0.00136793,0.00149916,0.00162929,0.00175782,0.00189394,0.00204827,0.00223365,0.0024722,0.00278487,0.00319171,0.00371732,0.00437775,0.00514508,0.00595743,0.00669742,0.00732039,0.00784386,0.00840019,0.00906342,0.00990061,0.01101858,0.01247265,0.01412649,0.01595919,0.01790621,0.0196724,0.02136577,0.02316411,0.02504296,0.02697617,0.02918845,0.03181839,0.03486872,0.03817253,0.04213904,0.04716555,0.05277136,0.0584765,0.06463758,0.07127416,0.07840114,0.08619449,0.09481769,0.10440892,0.11504343,0.1268861,0.14005778,0.15470085,0.17120625,0.18939249,0.2089607,0.22972676,0.25142215,0.27349947,0.29491822,0.31792908,0.34435383,0.37217172,0.40073918,0.43014069,0.46049762,0.49135999
EGY,2037,0.00929131,0.00092855,0.00049735,0.00028814,0.00018249,0.00012813,0.00010665,0.00010512,0.00011423,0.00012557,0.00013351,0.00014322,0.00016047,0.00018052,0.00020177,0.00022421,0.00024712,0.00027077,0.00029482,0.00031947,0.00034498,0.00036945,0.00039484,0.00042273,0.00045328,0.00048607,0.00051859,0.00054928,0.00057662,0.00060312,0.00063306,0.00067153,0.00072235,0.0007887,0.00087471,0.00097864,0.00109572,0.00122136,0.00135055,0.00147967,0.00160764,0.00173455,0.00186898,0.00202185,0.00220584,0.00244169,0.0027502,0.00315078,0.00366816,0.00431746,0.00506985,0.00586465,0.00659156,0.00720723,0.00772432,0.00827293,0.00892674,0.00975118,0.01084969,0.01228047,0.01390886,0.01571242,0.01762765,0.01936681,0.02103708,0.0228133,0.02467422,0.02659127,0.02878338,0.03138496,0.03440109,0.03767107,0.04159174,0.04655669,0.05209521,0.05773553,0.06383978,0.07042759,0.07749937,0.08523285,0.09380916,0.103356,0.11390999,0.12563064,0.13867752,0.15321736,0.16946394,0.18758071,0.20729623,0.22796415,0.24961723,0.27169723,0.29311622,0.31609122,0.34244563,0.37018432,0.39876543,0.42821442,0.4586902,0.48975138
EGY,2038,0.00903706,0.00089973,0.00048442,0.00028234,0.00017993,0.00012699,0.00010586,0.00010412,0.0001128,0.00012373,0.00013146,0.000141,0.00015798,0.00017781,0.00019894,0.00022134,0.0002443,0.00026803,0.00029215,0.0003168,0.00034221,0.00036642,0.00039143,0.00041891,0.00044898,0.00048119,0.00051315,0.0005434,0.00057052,0.00059689,0.00062657,0.00066457,0.00071467,0.00077986,0.00086417,0.00096621,0.0010815,0.00120543,0.00133274,0.00145991,0.00158586,0.00171064,0.00184345,0.00199445,0.00217658,0.00241024,0.00271474,0.00310936,0.00361806,0.00425637,0.00499547,0.00577455,0.00648531,0.00709065,0.00760334,0.00814551,0.00879021,0.00960183,0.01068179,0.0120859,0.01368698,0.01546287,0.01734734,0.01905977,0.02070602,0.02245849,0.02429925,0.02619911,0.0283709,0.03094516,0.03392568,0.03716153,0.04103756,0.04593827,0.05140748,0.05698313,0.06302371,0.06955163,0.07657244,0.08424489,0.09275197,0.1022471,0.11274569,0.12437187,0.1372798,0.15167506,0.16780273,0.1856257,0.20525872,0.22609334,0.24764097,0.26967935,0.29110066,0.31404968,0.34033152,0.36798807,0.39657123,0.42603511,0.45656361,0.48775304
EGY,2039,0.00879391,0.00087209,0.00047183,0.00027657,0.00017728,0.00012575,0.00010498,0.00010306,0.00011133,0.00012187,0.0001294,0.00013877,0.00015548,0.00017508,0.00019607,0.00021844,0.00024141,0.00026519,0.00028936,0.00031399,0.00033929,0.00036326,0.00038792,0.00041494,0.00044455,0.00047628,0.00050762,0.00053739,0.00056418,0.00059039,0.00061991,0.00065745,0.00070691,0.00077116,0.00085401,0.00095407,0.0010672,0.00118927,0.00131491,0.00144034,0.00156449,0.00168734,0.00181799,0.00196721,0.00214705,0.00237807,0.00267926,0.0030683,0.00356897,0.00419624,0.00492272,0.00568849,0.00638558,0.00697742,0.00748244,0.00802045,0.00865762,0.0094571,0.01051905,0.01189842,0.0134697,0.0152173,0.01707423,0.01876248,0.02038639,0.02211557,0.02393584,0.02581772,0.02796996,0.03051912,0.03346799,0.03667119,0.04050599,0.04534861,0.05075115,0.05626554,0.06224824,0.06871522,0.07568007,0.08330375,0.09174913,0.1011788,0.11162544,0.12319551,0.13600708,0.15025799,0.16623798,0.18393909,0.20325895,0.22402631,0.24578047,0.26773149,0.28913491,0.31208214,0.33832312,0.36591864,0.39451183,0.42398587,0.45453896,0.48579442
EGY,2040,0.00856292,0.00084548,0.00045975,0.00027104,0.00017478,0.00012458,0.00010416,0.00010207,0.00010995,0.00012013,0.00012746,0.00013667,0.00015311,0.0001725,0.00019336,0.00021571,0.00023871,0.00026255,0.00028679,0.00031141,0.0003366,0.00036035,0.0003847,0.0004113,0.00044042,0.0004717,0.00050253,0.00053177,0.0005582,0.00058415,0.00061352,0.00065073,0.00069958,0.00076301,0.00084466,0.00094305,0.00105396,0.00117381,0.00129767,0.00142162,0.00154425,0.0016655,0.00179433,0.0019413,0.00211912,0.00234721,0.0026448,0.00302924,0.0035225,0.00413963,0.00485355,0.00560679,0.00629292,0.00687415,0.00736821,0.00789891,0.00853158,0.00932118,0.01036637,0.01172204,0.01326582,0.01498249,0.01681116,0.01847826,0.02008234,0.02179005,0.02359032,0.02545394,0.02758605,0.03011106,0.0330305,0.03620474,0.0399998,0.04478785,0.05012954,0.05558443,0.06151232,0.06792442,0.07483217,0.08240202,0.09079897,0.10017143,0.1105527,0.12207137,0.1348284,0.14898311,0.16482034,0.18237414,0.20158057,0.22203441,0.24375271,0.26596776,0.28732413,0.31027184,0.33651998,0.3641153,0.39278124,0.42233243,0.45297588,0.48435342
EGY,2041,0.0083361,0.0008192,0.00044773,0.00026549,0.00017221,0.00012335,0.00010328,0.00010102,0.00010851,0.00011832,0.00012546,0.00013449,0.00015067,0.00016982,0.00019054,0.00021283,0.00023583,0.00025971,0.00028397,0.00030855,0.00033361,0.00035711,0.00038115,0.00040735,0.00043598,0.00046673,0.00049705,0.00052584,0.00055182,0.00057743,0.0006065,0.00064334,0.00069168,0.00075422,0.00083472,0.00093159,0.00104048,0.00115788,0.00127939,0.00140156,0.00152278,0.00164254,0.0017697,0.00191454,0.00208953,0.00231464,0.00260787,0.00298686,0.00347318,0.00408011,0.00478159,0.00552137,0.00619641,0.00676905,0.00725441,0.00777318,0.00839684,0.00917874,0.01020831,0.01154002,0.01305552,0.01474164,0.01653712,0.01818023,0.01976566,0.02145249,0.02323239,0.02507594,0.02718516,0.0296827,0.03257072,0.03571484,0.03947021,0.0442006,0.04947965,0.05487527,0.06074353,0.06709682,0.07394613,0.08145248,0.08978663,0.09910562,0.10941896,0.12085982,0.13355309,0.14764028,0.16336901,0.18076036,0.19980066,0.22013309,0.2415172,0.26370972,0.28535789,0.30824801,0.33447056,0.36207435,0.39083034,0.42046721,0.45120671,0.48270433
EGY,2042,0.00811487,0.00079341,0.00043586,0.00025997,0.00016962,0.00012209,0.00010237,9.996e-05,0.00010706,0.0001165,0.00012344,0.00013231,0.00014821,0.00016713,0.00018771,0.00020993,0.00023293,0.00025685,0.00028113,0.00030566,0.00033059,0.00035385,0.00037755,0.00040337,0.00043157,0.00046182,0.00049158,0.00051993,0.00054554,0.00057076,0.00059947,0.00063582,0.00068361,0.00074542,0.00082476,0.00092023,0.00102732,0.00114258,0.00126162,0.00138148,0.00150106,0.00161955,0.00174525,0.00188826,0.0020607,0.00228209,0.00257113,0.00294411,0.00342289,0.00402057,0.00471005,0.00543707,0.00610053,0.00666495,0.00714431,0.00765408,0.00826411,0.00903397,0.01005103,0.01136093,0.01284897,0.01450488,0.01626885,0.01788403,0.019449,0.02111736,0.02287873,0.02470318,0.02678908,0.02925796,0.03211296,0.0352268,0.03894347,0.04361893,0.04883517,0.05417286,0.0599849,0.06627762,0.07306766,0.08051238,0.08877667,0.09802983,0.10828162,0.11964403,0.13224722,0.14625768,0.16190844,0.1791744,0.19802986,0.21817739,0.23942724,0.26126581,0.28290934,0.30604942,0.33215601,0.359697,0.38849787,0.41817436,0.44894339,0.48048292
EGY,2043,0.00790854,0.00076938,0.00042498,0.00025502,0.00016738,0.00012105,0.00010163,9.903e-05,0.00010574,0.00011481,0.00012156,0.00013026,0.00014589,0.00016458,0.00018499,0.00020715,0.00023012,0.00025406,0.00027836,0.00030284,0.00032761,0.00035063,0.00037402,0.00039944,0.0004272,0.00045699,0.00048621,0.00051405,0.00053932,0.00056422,0.00059249,0.00062828,0.00067539,0.00073643,0.00081474,0.00090877,0.00101418,0.00112753,0.00124437,0.00136176,0.00147909,0.001596,0.00172045,0.00186182,0.00203197,0.00224988,0.0025338,0.00290083,0.00337131,0.00395889,0.00463725,0.00535175,0.00600413,0.00655953,0.00703302,0.00753651,0.00813582,0.00888823,0.00988767,0.01117873,0.01264111,0.014267,0.01599903,0.01758717,0.01912666,0.02077376,0.02251808,0.02432425,0.02638669,0.02882518,0.03164451,0.03472462,0.03840058,0.04302014,0.0481742,0.05345144,0.05920627,0.06543997,0.07216703,0.07954783,0.08774334,0.09692276,0.10710065,0.11839283,0.13090816,0.14481843,0.1603882,0.17757367,0.19630196,0.21626454,0.23733846,0.25906842,0.28040669,0.30356409,0.32991609,0.35738215,0.38625189,0.41604473,0.44693667,0.47860905
EGY,2044,0.00771504,0.00074679,0.00041488,0.00025052,0.00016542,0.00012021,0.00010103,9.823e-05,0.00010454,0.00011325,0.0001198,0.00012833,0.00014371,0.00016217,0.00018244,0.00020454,0.00022751,0.00025146,0.00027578,0.00030023,0.00032489,0.00034767,0.00037078,0.00039583,0.00042317,0.00045253,0.00048127,0.00050866,0.00053353,0.00055815,0.0005861,0.0006213,0.0006677,0.00072787,0.00080517,0.00089799,0.00100178,0.00111342,0.00122843,0.00134376,0.00145875,0.00157351,0.00169644,0.00183649,0.00200468,0.00221958,0.00249889,0.00285925,0.0033219,0.00389904,0.00456591,0.00526948,0.00591157,0.00645888,0.00692592,0.00742366,0.00801569,0.00875447,0.00973131,0.01099917,0.01244046,0.01403982,0.01574186,0.01730414,0.0188207,0.02044305,0.02216923,0.02396078,0.02600311,0.02841402,0.03119927,0.03424645,0.03788248,0.04244937,0.04754613,0.05276965,0.05847094,0.06465165,0.07132487,0.0786457,0.08677844,0.09589395,0.10599892,0.11721739,0.12966299,0.14348517,0.15895774,0.17606742,0.19472512,0.21457013,0.23546762,0.25703862,0.27830095,0.30116566,0.32750684,0.35522134,0.38409635,0.41396147,0.44496535,0.47675811
EGY,2045,0.00753125,0.00072502,0.00040514,0.00024618,0.00016354,0.00011938,0.00010045,9.744e-05,0.00010337,0.00011172,0.00011807,0.00012644,0.00014156,0.0001598,0.00017993,0.00020195,0.00022489,0.00024885,0.00027317,0.00029757,0.00032209,0.00034465,0.00036744,0.00039212,0.00041903,0.00044794,0.0004762,0.00050317,0.00052766,0.00055193,0.00057957,0.00061426,0.00065986,0.00071908,0.00079521,0.00088676,0.00098907,0.00109896,0.00121223,0.00132577,0.00143877,0.00155119,0.00167192,0.0018103,0.00197683,0.002189,0.00246407,0.00281814,0.00327185,0.00383867,0.00449311,0.00518469,0.00581764,0.00635728,0.00681866,0.00730985,0.00789501,0.00862366,0.00958156,0.01081996,0.01223429,0.01381056,0.01548454,0.01702112,0.01851432,0.02011302,0.02181561,0.02358957,0.02561361,0.02799796,0.03074903,0.03376122,0.03735402,0.04186395,0.04690058,0.05206883,0.05771668,0.06384083,0.07045866,0.07772067,0.08578543,0.09483281,0.10486383,0.11599755,0.12835682,0.14209646,0.15747059,0.17447203,0.19304979,0.2128265,0.23360903,0.25501045,0.27613899,0.29893132,0.32496651,0.35267704,0.38189881,0.41181076,0.44293457,0.47489974
EGY,2046,0.00734644,0.00070334,0.00039529,0.00024168,0.00016148,0.00011841,9.974e-05,9.655e-05,0.0001021,0.0001101,0.00011626,0.00012445,0.00013931,0.00015731,0.00017727,0.0001992,0.00022209,0.00024604,0.00027033,0.00029464,0.00031901,0.00034133,0.00036381,0.0003881,0.00041458,0.00044304,0.00047081,0.00049735,0.0005215,0.00054542,0.00057268,0.00060685,0.00065176,0.00070993,0.00078479,0.00087488,0.00097565,0.00108393,0.00119541,0.00130725,0.00141852,0.00152896,0.00164719,0.00178302,0.00194739,0.00215705,0.00242811,0.0027762,0.00322133,0.00377656,0.00441871,0.00509725,0.00571981,0.00625289,0.00670877,0.00719394,0.00777099,0.00848963,0.00943217,0.01064501,0.01202557,0.0135725,0.01522239,0.01673554,0.01820568,0.01978031,0.02146044,0.02321114,0.0252139,0.02757393,0.03029241,0.03327007,0.03681836,0.04126907,0.04624252,0.05135397,0.05694797,0.06301717,0.06957725,0.07678018,0.08477961,0.09375466,0.10370886,0.11475823,0.12702086,0.14066112,0.15594258,0.17283318,0.19129177,0.21098429,0.23169582,0.25297798,0.27393816,0.29657786,0.32249792,0.34988558,0.37915927,0.40939733,0.44054369,0.47260225
EGY,2047,0.00716533,0.00068204,0.00038561,0.00023725,0.00015946,0.00011746,9.904e-05,9.568e-05,0.00010086,0.00010852,0.00011448,0.00012251,0.00013711,0.00015488,0.00017468,0.00019653,0.00021938,0.00024331,0.00026759,0.00029183,0.00031604,0.00033812,0.00036031,0.00038424,0.0004103,0.00043832,0.00046562,0.00049174,0.00051557,0.00053921,0.00056611,0.00059973,0.00064397,0.00070125,0.00077481,0.00086341,0.00096252,0.00106921,0.00117914,0.00128932,0.00139906,0.00150792,0.00162418,0.00175731,0.00191873,0.00212555,0.00239309,0.00273578,0.00317306,0.00371752,0.00434642,0.00501253,0.00562398,0.00614957,0.00660168,0.00708158,0.00765174,0.00835975,0.00928788,0.01047994,0.01183184,0.01334305,0.0149632,0.01645792,0.01790827,0.01946021,0.02111862,0.02284854,0.0248256,0.02715984,0.02984983,0.0327965,0.03630312,0.04069617,0.04560716,0.05066191,0.05620452,0.06222319,0.06873278,0.07588048,0.08382155,0.09273555,0.10261846,0.11359192,0.12577166,0.13931713,0.15450619,0.17131441,0.18967733,0.20927334,0.22993262,0.25118304,0.27206687,0.29456877,0.32035521,0.34767623,0.37676371,0.4071437,0.43869387,0.47088082
EGY,2048,0.00699932,0.00066234,0.00037661,0.00023311,0.00015754,0.00011654,9.837e-05,9.484e-05,9.968e-05,0.00010701,0.00011279,0.00012066,0.000135,0.00015255,0.00017219,0.00019394,0.00021674,0.00024065,0.00026488,0.00028904,0.0003131,0.00033493,0.00035682,0.00038039,0.00040605,0.00043364,0.00046049,0.00048621,0.00050971,0.00053308,0.00055967,0.00059278,0.00063631,0.00069272,0.00076513,0.00085222,0.00094964,0.00105461,0.001163,0.00127176,0.00138,0.00148746,0.00160217,0.00173317,0.00189144,0.00209452,0.00235821,0.00269609,0.00312624,0.00366087,0.00427756,0.00493029,0.00553129,0.0060485,0.00649567,0.00697214,0.0075362,0.00823495,0.00914821,0.01032092,0.01164975,0.01313111,0.01471517,0.01618579,0.01762183,0.01915483,0.0207931,0.02250306,0.0244572,0.02676145,0.02942197,0.03234212,0.03581122,0.04015036,0.04500094,0.04999953,0.05549015,0.06145985,0.06792226,0.07502081,0.08290569,0.09176312,0.10158274,0.11248135,0.12458108,0.13803884,0.15313047,0.16984355,0.18812624,0.20763246,0.22820367,0.24941688,0.27028437,0.29270474,0.31833649,0.34552729,0.37461945,0.40482832,0.43652013,0.46909282
EGY,2049,0.0068293,0.00064225,0.00036736,0.00022878,0.0001555,0.00011552,9.761e-05,9.393e-05,9.842e-05,0.00010543,0.00011103,0.00011873,0.00013282,0.00015013,0.0001696,0.00019124,0.00021398,0.00023785,0.00026205,0.0002861,0.00030999,0.00033158,0.00035315,0.00037635,0.0004016,0.00042876,0.00045512,0.00048043,0.0005036,0.00052667,0.00055296,0.00058557,0.00062839,0.00068386,0.0007551,0.00084075,0.00093636,0.00103948,0.00114608,0.00125332,0.00136022,0.00146622,0.00157952,0.00170876,0.00186442,0.00206343,0.00232207,0.00265447,0.00307775,0.00360279,0.00420761,0.00484727,0.00543597,0.00594491,0.00638573,0.00685716,0.00741677,0.0081066,0.00900565,0.01015723,0.01146283,0.01291827,0.01447008,0.01590759,0.01732131,0.0188391,0.02045904,0.0221486,0.02407841,0.0263528,0.02897608,0.0318648,0.03529691,0.03958139,0.04436932,0.04930736,0.05473993,0.06065336,0.06706317,0.07410836,0.08193481,0.09072832,0.10047923,0.11130039,0.12330943,0.13667006,0.15165885,0.16825808,0.18643276,0.20585246,0.22632916,0.24745426,0.26829026,0.29067679,0.3162001,0.34323384,0.37226953,0.40250694,0.43406776,0.46681529
EGY,2050,0.00668085,0.0006242,0.00035908,0.00022494,0.00015371,0.00011465,9.696e-05,9.313e-05,9.73e-05,0.00010399,0.00010942,0.00011697,0.00013081,0.0001479,0.00016719,0.00018873,0.0002114,0.00023523,0.00025938,0.00028334,0.00030705,0.00032839,0.00034966,0.00037249,0.00039733,0.00042407,0.00044999,0.00047489,0.00049774,0.00052052,0.0005465,0.00057865,0.00062084,0.00067542,0.00074547,0.00082976,0.00092375,0.00102501,0.0011298,0.00123539,0.00134096,0.00144582,0.00155775,0.00168554,0.00183919,0.00203493,0.00228843,0.00261442,0.00303061,0.00354704,0.00414109,0.00476898,0.00534662,0.00584592,0.00628106,0.00674643,0.00730041,0.00798393,0.0088703,0.01000306,0.01128548,0.01271701,0.01424315,0.01565393,0.01703809,0.01853455,0.02014228,0.02181567,0.02372328,0.02596944,0.02855932,0.03141228,0.03480656,0.03904228,0.04377296,0.04865449,0.05403035,0.05988733,0.06624351,0.07323689,0.08100851,0.08974381,0.0994268,0.1101737,0.1220986,0.13536032,0.15024541,0.16673427,0.18478948,0.20410103,0.22449494,0.24553136,0.26628852,0.28862733,0.31408484,0.34100049,0.36992744,0.40009362,0.43166266,0.46427021
EGY,2051,0.00652478,0.00060561,0.00035043,0.00022085,0.00015173,0.00011363,9.619e-05,9.222e-05,9.608e-05,0.00010247,0.00010772,0.00011512,0.00012872,0.00014557,0.0001647,0.00018611,0.00020871,0.00023249,0.00025658,0.00028044,0.00030398,0.00032507,0.00034604,0.00036851,0.00039294,0.00041925,0.00044473,0.00046923,0.00049174,0.00051425,0.00053991,0.00057159,0.00061316,0.00066689,0.00073578,0.00081863,0.00091104,0.00101056,0.00111345,0.00121726,0.00132126,0.00142487,0.00153567,0.00166192,0.00181374,0.0020067,0.00225576,0.00257498,0.00298269,0.00348984,0.00407368,0.00469037,0.00525767,0.00574805,0.0061754,0.00663495,0.00718163,0.00785698,0.00873276,0.00984733,0.01110769,0.01251379,0.01401472,0.01540385,0.01676343,0.0182293,0.01981672,0.02147883,0.02336705,0.02558534,0.02814129,0.03096009,0.03430986,0.03849347,0.04317015,0.04799765,0.05331828,0.059118,0.06541814,0.07235657,0.0800731,0.08875263,0.0983735,0.10904762,0.12089344,0.13406626,0.14885059,0.16523533,0.1831842,0.20238643,0.22268846,0.2436668,0.26436625,0.28663867,0.31205154,0.33893534,0.36785219,0.39797448,0.42954851,0.46225159
EGY,2052,0.00637491,0.00058783,0.00034204,0.00021678,0.00014969,0.00011252,9.535e-05,9.125e-05,9.481e-05,0.00010091,0.00010598,0.00011321,0.00012655,0.00014317,0.00016209,0.00018336,0.00020584,0.00022952,0.00025351,0.00027722,0.00030055,0.00032137,0.00034201,0.0003641,0.00038812,0.00041399,0.00043902,0.00046312,0.00048529,0.00050748,0.00053282,0.000564,0.0006049,0.00065777,0.00072551,0.00080692,0.00089761,0.00099539,0.00109648,0.00119836,0.00130058,0.0014026,0.00151206,0.00163693,0.00178673,0.00197701,0.00222206,0.00253516,0.00293388,0.00343008,0.00400281,0.00460876,0.00516614,0.00564812,0.00606814,0.00651918,0.00705848,0.00772349,0.00858638,0.00968489,0.01092379,0.01230565,0.01377987,0.01514789,0.01648829,0.01792888,0.01948608,0.02112807,0.02300187,0.02519526,0.02771783,0.03050185,0.0338086,0.03793284,0.04255153,0.04732785,0.05259485,0.05833748,0.06457922,0.07145875,0.07911569,0.08773761,0.09729679,0.10790172,0.11966682,0.13275204,0.14744093,0.16371761,0.18155879,0.20065758,0.22085775,0.24176008,0.26242697,0.28464652,0.30998474,0.33683988,0.36580173,0.39593094,0.42748217,0.46021431
EGY,2053,0.00620826,0.00056876,0.00033279,0.00021211,0.00014719,0.00011106,9.421e-05,9.002e-05,9.331e-05,9.912e-05,0.00010404,0.0001111,0.00012418,0.00014053,0.00015924,0.00018033,0.00020267,0.00022621,0.00025007,0.00027361,0.00029672,0.00031726,0.00033758,0.0003593,0.00038291,0.00040837,0.00043294,0.00045663,0.00047848,0.00050037,0.00052536,0.00055605,0.00059627,0.00064825,0.00071486,0.00079487,0.00088386,0.00097978,0.00107907,0.00117914,0.00127944,0.00137968,0.00148747,0.0016108,0.00175883,0.00194632,0.00218754,0.0024951,0.00288564,0.00337035,0.00393015,0.00452438,0.00507238,0.00554656,0.00596007,0.00640343,0.00693276,0.00758769,0.00843559,0.00951563,0.01073526,0.01209334,0.01354173,0.01488658,0.016208,0.0176287,0.01916126,0.02077296,0.02262328,0.02479695,0.02728896,0.03003851,0.0333016,0.03736803,0.04192083,0.04664167,0.05185873,0.05754731,0.06373243,0.0705522,0.07814688,0.0867081,0.0962055,0.10674328,0.11843309,0.13143109,0.1460293,0.16220885,0.17994421,0.19894443,0.21905447,0.23987365,0.26049006,0.28267766,0.30795084,0.33474508,0.36376185,0.39396879,0.42556576,0.45832942
EGY,2054,0.00607009,0.00055206,0.00032486,0.00020822,0.00014522,0.00010997,9.337e-05,8.908e-05,9.208e-05,9.761e-05,0.00010235,0.00010926,0.00012209,0.0001382,0.00015671,0.00017765,0.00019986,0.00022331,0.00024705,0.00027044,0.00029334,0.00031361,0.00033361,0.00035496,0.00037815,0.00040317,0.00042729,0.00045057,0.00047208,0.00049367,0.00051833,0.00054852,0.0005881,0.00063922,0.00070469,0.00078334,0.00087074,0.00096488,0.00106232,0.0011607,0.00125934,0.0013578,0.00146388,0.0015855,0.00173179,0.001917,0.00215457,0.00245711,0.00284047,0.00331507,0.00386187,0.00444292,0.00498106,0.00544865,0.00585688,0.00629402,0.00681486,0.00745753,0.00829154,0.00935189,0.01055094,0.0118889,0.01331333,0.01463731,0.01593888,0.01734119,0.01885573,0.02044372,0.02226067,0.02440609,0.02687406,0.02959288,0.03281329,0.0368219,0.04131107,0.04596822,0.05112981,0.05676635,0.06289522,0.06965327,0.0771799,0.08567076,0.09509454,0.10555495,0.11715966,0.13006195,0.14455175,0.16061683,0.17823127,0.19710269,0.21709126,0.23779891,0.25831388,0.28040581,0.30558034,0.33226161,0.36121895,0.3914159,0.42301802,0.45575787
EGY,2055,0.00592752,0.00053507,0.00031674,0.00020422,0.00014316,0.00010883,9.249e-05,8.809e-05,9.082e-05,9.607e-05,0.00010066,0.00010741,0.00012,0.00013588,0.00015419,0.00017499,0.0001971,0.00022045,0.0002441,0.00026735,0.00029004,0.00031006,0.00032977,0.00035076,0.00037357,0.00039818,0.00042186,0.00044475,0.00046594,0.00048724,0.0005116,0.00054132,0.00058026,0.00063057,0.00069496,0.00077231,0.00085819,0.0009507,0.0010464,0.00114303,0.00124012,0.00133703,0.00144133,0.0015611,0.00170538,0.00188828,0.00212269,0.00242037,0.00279717,0.0032628,0.00379814,0.00436591,0.00489245,0.00535267,0.00575666,0.00618867,0.0067024,0.00733429,0.00815198,0.00919382,0.01037088,0.01168731,0.01309183,0.0143969,0.01568106,0.01706421,0.01856267,0.02013464,0.02192606,0.02403408,0.02647061,0.02916739,0.03235193,0.03630757,0.04073748,0.04533817,0.05044158,0.05602814,0.06211239,0.06882025,0.07628997,0.08472064,0.09408076,0.1044749,0.11601107,0.128839,0.14324899,0.15922503,0.17675127,0.19553653,0.21543732,0.23607412,0.25653841,0.27857305,0.30368952,0.33034273,0.35933017,0.38957338,0.42128017,0.45415616
EGY,2056,0.00578625,0.00051843,0.00030866,0.00020013,0.00014097,0.00010755,9.149e-05,8.701e-05,8.947e-05,9.446e-05,9.888e-05,0.00010548,0.00011781,0.00013343,0.00015153,0.00017215,0.0001941,0.00021733,0.00024083,0.00026389,0.00028635,0.00030608,0.00032547,0.00034609,0.00036849,0.00039267,0.0004159,0.00043838,0.00045923,0.00048021,0.00050422,0.00053346,0.00057174,0.00062116,0.00068442,0.0007604,0.00084468,0.00093549,0.00102945,0.00112428,0.00121959,0.00131489,0.0014175,0.00153517,0.00167708,0.00185709,0.002088,0.00238098,0.00275088,0.00320762,0.00373206,0.00428745,0.00480142,0.00525153,0.00564972,0.0060771,0.00658417,0.0072059,0.00800783,0.00902723,0.01018205,0.01147374,0.01285498,0.0141434,0.01541027,0.01677485,0.01825413,0.01980949,0.02158063,0.02365627,0.02604808,0.02871063,0.03186318,0.03576688,0.04013517,0.0446756,0.04971912,0.05524181,0.06127153,0.06792835,0.07533873,0.08370413,0.09299174,0.10330798,0.11476228,0.12750511,0.14182582,0.15770685,0.17513156,0.19382212,0.21363449,0.2341876,0.25459535,0.27657514,0.30161726,0.32821921,0.35724984,0.38754275,0.41931932,0.45233056
EGY,2057,0.00565048,0.00050233,0.00030082,0.00019615,0.00013885,0.00010631,9.053e-05,8.596e-05,8.817e-05,9.29e-05,9.717e-05,0.00010361,0.00011569,0.00013108,0.00014897,0.00016942,0.00019123,0.00021433,0.00023771,0.0002606,0.00028284,0.0003023,0.00032137,0.00034164,0.00036365,0.00038742,0.00041022,0.00043231,0.00045283,0.00047351,0.00049719,0.00052594,0.0005636,0.0006122,0.00067437,0.00074904,0.0008318,0.00092096,0.00101326,0.00110646,0.0012001,0.00129374,0.00139479,0.00151068,0.00165019,0.00182725,0.00205443,0.00234281,0.00270659,0.00315477,0.0036692,0.00421371,0.00471698,0.00515674,0.00554687,0.00596873,0.00647062,0.00708381,0.00787199,0.00887115,0.01000127,0.01126988,0.01262655,0.01389681,0.01515073,0.01649897,0.01796197,0.01950003,0.0212531,0.02330506,0.02566102,0.02827947,0.03139202,0.03525361,0.03956798,0.04405268,0.04903992,0.05450565,0.06047549,0.06708103,0.07444223,0.08275177,0.0919749,0.10221848,0.11359446,0.12625527,0.14049408,0.15629078,0.17363002,0.1922344,0.21197138,0.23246048,0.25281434,0.27474559,0.29972792,0.32627503,0.35533672,0.3857035,0.41756073,0.4506795
EGY,2058,0.00554341,0.00048877,0.00029414,0.00019272,0.00013699,0.00010521,8.965e-05,8.5e-05,8.698e-05,9.145e-05,9.555e-05,0.00010184,0.00011367,0.00012879,0.00014645,0.0001667,0.00018834,0.00021128,0.00023449,0.00025718,0.00027915,0.00029832,0.00031706,0.00033696,0.00035856,0.00038191,0.00040428,0.000426,0.0004462,0.00046661,0.00048998,0.00051829,0.00055536,0.0006032,0.00066436,0.0007378,0.00081915,0.00090681,0.00099758,0.00108931,0.00118158,0.00127376,0.00137329,0.00148766,0.00162529,0.00179955,0.00202305,0.00230675,0.00266475,0.00310553,0.00361065,0.00414536,0.00463958,0.00507096,0.0054526,0.00586638,0.00636188,0.00696791,0.00774386,0.00872471,0.00983202,0.01107409,0.01240686,0.01365614,0.01489398,0.01622875,0.01767582,0.01919733,0.02092908,0.02295675,0.02528246,0.02786211,0.0309197,0.03472499,0.03898886,0.04341797,0.04834515,0.05374793,0.05965409,0.06618998,0.07348734,0.08173583,0.09088601,0.10104439,0.11232359,0.12487871,0.13900854,0.15469449,0.17192138,0.1904146,0.21003895,0.23042906,0.25069795,0.27252806,0.29739344,0.32382922,0.35283374,0.38317202,0.41503657,0.44817076
EGY,2059,0.00545283,0.00047707,0.00028837,0.00018976,0.00013538,0.00010423,8.887e-05,8.412e-05,8.585e-05,9.007e-05,9.399e-05,0.0001001,0.00011166,0.00012649,0.00014388,0.00016387,0.00018529,0.000208,0.00023098,0.00025339,0.00027503,0.00029387,0.00031222,0.00033168,0.0003528,0.00037564,0.00039753,0.00041881,0.00043865,0.0004587,0.00048169,0.00050952,0.00054594,0.00059291,0.00065296,0.00072504,0.00080485,0.00089091,0.00098007,0.00107025,0.00116107,0.00125186,0.00134987,0.00146249,0.0015982,0.00176984,0.00198932,0.00226789,0.00261939,0.00305244,0.00354871,0.00407337,0.0045589,0.00498294,0.0053576,0.00576219,0.00624765,0.00684452,0.00760908,0.00857253,0.00965832,0.01087495,0.01217951,0.01340797,0.01462638,0.01594413,0.01737813,0.01888348,0.02059497,0.02259549,0.0248912,0.02743934,0.03044948,0.03418531,0.03838684,0.04276805,0.04764054,0.05298219,0.05882519,0.06529573,0.07251998,0.08070459,0.089791,0.09987285,0.11106304,0.12351773,0.13754226,0.15312149,0.17024645,0.18864507,0.20818195,0.22849057,0.24869845,0.27045998,0.29522884,0.32157927,0.35056272,0.38089374,0.41278493,0.44599232
EGY,2060,0.00537968,0.00046687,0.00028356,0.00018745,0.00013424,0.00010363,8.838e-05,8.351e-05,8.498e-05,8.895e-05,9.27e-05,9.865e-05,0.00010996,0.00012455,0.0001417,0.00016148,0.00018273,0.00020527,0.00022806,0.00025024,0.0002716,0.00029013,0.00030814,0.00032718,0.00034783,0.00037017,0.0003916,0.00041246,0.00043194,0.00045167,0.00047429,0.00050168,0.00053749,0.00058364,0.00064262,0.00071344,0.00079182,0.00087635,0.00096401,0.00105276,0.00114222,0.00123175,0.00132849,0.00143958,0.00157337,0.00174266,0.00195871,0.00223228,0.00257741,0.00300262,0.0034904,0.00400627,0.00448361,0.00490145,0.00527098,0.00566881,0.00614391,0.00672892,0.00748138,0.00842996,0.00949691,0.01069116,0.0119705,0.0131753,0.01437622,0.01567541,0.01709447,0.01858863,0.02028242,0.02225921,0.02452439,0.02704344,0.03001614,0.03369327,0.03782116,0.04214421,0.0469722,0.0522598,0.05804249,0.06444867,0.07160422,0.07971391,0.08873115,0.09874261,0.10984827,0.12220472,0.13612124,0.15158689,0.16860022,0.18689806,0.20634398,0.22657327,0.24671247,0.26840301,0.29308007,0.31933484,0.34828687,0.37860741,0.41050494,0.44376043
EGY,2061,0.0053045,0.00045622,0.0002786,0.00018511,0.00013312,0.00010305,8.792e-05,8.29e-05,8.411e-05,8.78e-05,9.137e-05,9.714e-05,0.0001082,0.00012252,0.00013944,0.000159,0.00018007,0.00020244,0.00022505,0.00024699,0.00026806,0.00028627,0.00030392,0.00032253,0.00034269,0.00036451,0.00038546,0.00040588,0.000425,0.0004444,0.00046666,0.00049357,0.00052874,0.00057406,0.00063193,0.0007014,0.0007783,0.00086126,0.00094734,0.00103459,0.00112266,0.00121086,0.0013063,0.00141594,0.00154781,0.00171448,0.00192703,0.00219576,0.002534,0.00295066,0.00342882,0.00393517,0.00440459,0.00481581,0.00518063,0.00557297,0.00603949,0.00661116,0.00734712,0.00827819,0.00932677,0.01049894,0.01175358,0.01293532,0.01411348,0.01539389,0.01679422,0.01827329,0.01995256,0.02190596,0.02414136,0.02662782,0.02956248,0.03318741,0.03724823,0.04149599,0.04626383,0.05150438,0.05723076,0.06357237,0.07065725,0.07869413,0.08762888,0.09756269,0.10858886,0.12085067,0.13466122,0.15001143,0.16690822,0.18509965,0.20445561,0.22461234,0.24469834,0.26632406,0.2909204,0.31709894,0.34603174,0.3763602,0.40829147,0.4416088
EGY,2062,0.00522958,0.00044602,0.00027371,0.00018271,0.00013189,0.00010237,8.737e-05,8.223e-05,8.319e-05,8.663e-05,9.003e-05,9.564e-05,0.00010645,0.00012051,0.00013719,0.00015653,0.0001774,0.00019958,0.00022198,0.00024369,0.00026445,0.00028236,0.00029964,0.00031784,0.00033754,0.00035886,0.00037934,0.00039934,0.0004181,0.00043717,0.00045906,0.00048552,0.00052007,0.00056455,0.00062135,0.00068952,0.00076497,0.00084642,0.00093097,0.00101673,0.00110344,0.00119032,0.00128441,0.00139258,0.00152267,0.00168677,0.00189568,0.00215977,0.00249175,0.00289993,0.00336851,0.00386501,0.00432658,0.00473212,0.00509216,0.00547975,0.00593942,0.00650024,0.007219,0.00812919,0.00915836,0.01031109,0.01154368,0.01270499,0.01386273,0.0151204,0.01650321,0.01796446,0.01962648,0.02156158,0.02376986,0.02622688,0.02912246,0.03269828,0.03670361,0.04088774,0.04558104,0.05076128,0.0564422,0.06272675,0.06974411,0.07770925,0.08656662,0.09641174,0.10735358,0.11952882,0.1332395,0.14847804,0.16525696,0.18333599,0.20259362,0.22267442,0.24270718,0.26427349,0.28878426,0.31488499,0.34379483,0.37410871,0.4060517,0.43941104
EGY,2063,0.00514958,0.00043569,0.00026869,0.00018017,0.00013053,0.00010156,8.67e-05,8.145e-05,8.218e-05,8.539e-05,8.862e-05,9.407e-05,0.00010462,0.00011842,0.00013484,0.00015393,0.00017459,0.00019655,0.00021871,0.00024016,0.00026061,0.0002782,0.00029514,0.00031294,0.00033219,0.00035302,0.00037304,0.00039262,0.00041103,0.00042977,0.0004513,0.0004773,0.00051123,0.00055488,0.00061059,0.00067745,0.00075143,0.00083133,0.00091434,0.00099862,0.00108389,0.00116943,0.00126215,0.0013688,0.00149706,0.0016587,0.00186395,0.00212309,0.00244878,0.0028488,0.00330737,0.00379348,0.00424622,0.00464567,0.00500167,0.00538423,0.00583766,0.0063892,0.00709294,0.00798067,0.00898565,0.01011648,0.01132824,0.01247026,0.01360898,0.0148452,0.01620515,0.0176488,0.01928965,0.02120226,0.02338694,0.02581518,0.02867289,0.03219582,0.03614542,0.04027464,0.04490262,0.05000416,0.05562257,0.06185868,0.06881328,0.07670649,0.08548417,0.09524238,0.10608455,0.11816435,0.1317805,0.14691158,0.16357511,0.1815394,0.20069233,0.22069002,0.24066967,0.26218108,0.28661676,0.31264103,0.34153864,0.37185703,0.40381702,0.43723005
EGY,2064,0.00507183,0.00042559,0.00026374,0.00017764,0.00012916,0.00010073,8.603e-05,8.068e-05,8.118e-05,8.415e-05,8.722e-05,9.251e-05,0.00010281,0.00011634,0.0001325,0.00015135,0.00017178,0.00019352,0.00021545,0.00023662,0.00025676,0.00027403,0.0002906,0.00030798,0.00032676,0.0003471,0.00036666,0.0003858,0.00040384,0.00042224,0.00044339,0.00046891,0.0005022,0.00054501,0.00059961,0.00066514,0.00073764,0.00081596,0.00089739,0.00098016,0.00106399,0.00114811,0.00123942,0.00134448,0.0014708,0.00162992,0.00183163,0.00208582,0.00240491,0.00279685,0.0032459,0.00372129,0.00416472,0.00455706,0.00490858,0.00528692,0.00573383,0.00627684,0.00696744,0.00783538,0.00881486,0.00991913,0.01110807,0.01223266,0.01335399,0.01457055,0.01590911,0.01732957,0.01894951,0.02083571,0.02299278,0.02539603,0.02821673,0.03168836,0.03557852,0.03965257,0.04422373,0.04925517,0.05478963,0.06095708,0.06785567,0.07567878,0.08437296,0.09403764,0.10477704,0.11673891,0.13024262,0.14526173,0.16180199,0.17963971,0.19866886,0.21855816,0.23845888,0.25989566,0.28423757,0.31017024,0.33901995,0.36930912,0.4012558,0.43467307
EGY,2065,0.00499509,0.00041563,0.00025885,0.00017514,0.0001278,9.991e-05,8.536e-05,7.991e-05,8.019e-05,8.293e-05,8.585e-05,9.097e-05,0.00010103,0.0001143,0.00013021,0.00014882,0.00016904,0.00019057,0.00021228,0.00023318,0.000253,0.00026996,0.00028618,0.00030315,0.00032147,0.00034132,0.00036042,0.00037914,0.00039681,0.00041488,0.00043564,0.00046071,0.00049337,0.00053535,0.00058888,0.00065309,0.00072414,0.00080092,0.0008808,0.00096206,0.0010445,0.00112727,0.00121717,0.00132071,0.00144517,0.00160181,0.00180007,0.00204962,0.00236233,0.00274604,0.00318586,0.0036513,0.00408527,0.00447023,0.00481643,0.00519043,0.00563211,0.00616667,0.00684536,0.00769591,0.00865307,0.00972962,0.01089105,0.0119963,0.01310245,0.01430145,0.015621,0.01702055,0.0186146,0.02047552,0.02260172,0.02497658,0.02776546,0.03118806,0.0350219,0.03903847,0.04355472,0.0485282,0.05399137,0.06007144,0.0668973,0.07466252,0.08328133,0.09285546,0.10349314,0.11534325,0.12872162,0.14362314,0.16005173,0.17777299,0.19668604,0.21646869,0.23628698,0.25764631,0.28190031,0.3077525,0.33657838,0.36685581,0.39881516,0.43227429
EGY,2066,0.00491772,0.00040589,0.00025404,0.00017264,0.00012642,9.906e-05,8.465e-05,7.911e-05,7.918e-05,8.17e-05,8.446e-05,8.943e-05,9.925e-05,0.00011226,0.00012791,0.00014626,0.00016625,0.00018755,0.00020902,0.00022965,0.00024916,0.0002658,0.00028169,0.00029828,0.00031617,0.00033556,0.00035423,0.00037256,0.00038989,0.00040763,0.00042804,0.00045265,0.00048471,0.0005259,0.00057838,0.00064134,0.00071097,0.00078626,0.00086463,0.00094443,0.00102547,0.00110692,0.00119547,0.00129746,0.0014201,0.0015743,0.00176915,0.00201417,0.00232086,0.00269661,0.00312708,0.0035829,0.00400821,0.00438548,0.00472588,0.00509445,0.00553062,0.00605805,0.00672492,0.00755949,0.00849705,0.00954945,0.01068236,0.0117636,0.01285289,0.01403711,0.01534047,0.0167223,0.01829369,0.02012521,0.02222307,0.02456773,0.02732317,0.03070474,0.03448762,0.03845321,0.04291591,0.04783789,0.05324786,0.05925982,0.06599988,0.07369771,0.08226316,0.09176576,0.10231669,0.11406933,0.127344,0.14213031,0.15845929,0.17609726,0.19492755,0.21463559,0.23439748,0.2557024,0.27989399,0.30569905,0.33453971,0.36484898,0.39685318,0.43038827
EGY,2067,0.00484827,0.0003971,0.00024964,0.00017034,0.00012513,9.825e-05,8.398e-05,7.837e-05,7.825e-05,8.056e-05,8.317e-05,8.8e-05,9.759e-05,0.00011036,0.00012577,0.00014389,0.00016366,0.00018473,0.00020596,0.00022634,0.00024555,0.00026189,0.00027743,0.00029364,0.00031113,0.00033007,0.00034832,0.00036626,0.00038326,0.00040069,0.00042074,0.00044491,0.00047638,0.0005168,0.00056828,0.00063003,0.00069832,0.00077217,0.00084909,0.00092748,0.00100716,0.00108729,0.00117451,0.00127501,0.0013958,0.00154765,0.00173923,0.00197988,0.00228087,0.00264934,0.00307108,0.00351748,0.00393474,0.00430535,0.0046397,0.00500246,0.00543218,0.00595255,0.00660959,0.0074291,0.00834946,0.00938156,0.01049066,0.01154746,0.01261547,0.01378354,0.01507359,0.01644037,0.01799225,0.01979771,0.02186296,0.02417945,0.02689897,0.03023744,0.03397694,0.03789544,0.04230835,0.04717597,0.05253416,0.05849072,0.0651578,0.07276479,0.08125529,0.09069595,0.10116456,0.11281747,0.12598144,0.14064935,0.15684953,0.17438084,0.19312313,0.21274628,0.23243628,0.25366273,0.27776024,0.30348263,0.33228972,0.36258045,0.39457763,0.42811878
EGY,2068,0.00477872,0.00038811,0.00024522,0.00016807,0.00012388,9.749e-05,8.335e-05,7.765e-05,7.732e-05,7.943e-05,8.189e-05,8.657e-05,9.593e-05,0.00010845,0.00012362,0.00014151,0.00016107,0.00018192,0.00020293,0.00022304,0.00024196,0.000258,0.00027321,0.00028903,0.00030609,0.00032458,0.00034239,0.00035994,0.00037659,0.0003937,0.00041339,0.00043712,0.00046798,0.00050761,0.00055805,0.00061856,0.00068546,0.00075784,0.00083326,0.0009102,0.00098851,0.00106731,0.00115319,0.00125221,0.00137122,0.00152064,0.0017089,0.00194509,0.00224012,0.00260105,0.00301398,0.00345071,0.00385924,0.00422324,0.00455232,0.00490879,0.00533136,0.00584316,0.00648961,0.00729479,0.00819698,0.00920901,0.01029571,0.01133043,0.01237459,0.01351998,0.01479342,0.01614664,0.01768011,0.01946057,0.02149379,0.02377429,0.02645664,0.02974485,0.03343308,0.03730684,0.04166882,0.04648161,0.05178059,0.05767881,0.06428143,0.07180579,0.08019224,0.08954367,0.09993537,0.11148888,0.12453605,0.13907616,0.15514385,0.17253802,0.19117059,0.21070947,0.23032517,0.2514661,0.2754553,0.30107684,0.32984187,0.36011659,0.39211739,0.42568661
EGY,2069,0.00469946,0.00037884,0.00024044,0.00016543,0.00012231,9.644e-05,8.247e-05,7.672e-05,7.623e-05,7.815e-05,8.048e-05,8.501e-05,9.414e-05,0.0001064,0.00012132,0.00013894,0.00015824,0.00017884,0.00019959,0.00021942,0.00023801,0.00025376,0.00026865,0.00028411,0.00030075,0.00031881,0.00033621,0.00035337,0.0003697,0.00038649,0.00040583,0.00042912,0.0004594,0.00049825,0.00054769,0.000607,0.00067256,0.0007435,0.00081748,0.00089298,0.00096993,0.00104739,0.00113188,0.00122935,0.00134654,0.00149355,0.00167846,0.00191028,0.00219955,0.00255314,0.00295761,0.0033853,0.00378544,0.00414241,0.00446632,0.00481725,0.00523208,0.00573465,0.00636924,0.00716012,0.00804615,0.00903855,0.01010479,0.01112048,0.01214449,0.01326558,0.01451671,0.015854,0.01737189,0.01913025,0.0211348,0.02338278,0.02602312,0.02926434,0.03289948,0.03672616,0.04104621,0.04580997,0.05105688,0.05689738,0.06344226,0.07090464,0.07920881,0.08845533,0.09875819,0.11023726,0.12319021,0.13762082,0.15357345,0.17085649,0.1893786,0.20884411,0.22841973,0.24950709,0.27342041,0.29896951,0.32772104,0.35801045,0.39005536,0.42369842
EGY,2070,0.00462921,0.0003702,0.00023607,0.00016309,0.00012096,9.557e-05,8.175e-05,7.594e-05,7.527e-05,7.699e-05,7.919e-05,8.358e-05,9.249e-05,0.0001045,0.00011917,0.00013655,0.00015562,0.00017599,0.0001965,0.00021606,0.00023435,0.0002498,0.00026437,0.00027947,0.0002957,0.00031331,0.00033031,0.00034709,0.00036309,0.00037956,0.00039855,0.00042141,0.00045111,0.00048919,0.00053765,0.00059576,0.00066,0.00072952,0.00080207,0.00087618,0.00095176,0.00102791,0.00111104,0.001207,0.00132236,0.00146703,0.0016487,0.00187615,0.00215977,0.00250614,0.0029022,0.00332102,0.00371324,0.00406343,0.00438176,0.00472747,0.00513564,0.00562858,0.00625082,0.00702614,0.00789599,0.00887082,0.00991693,0.01091544,0.01192255,0.01302346,0.01425072,0.01556614,0.01706616,0.01880552,0.02078448,0.02300317,0.02560475,0.02879313,0.03237711,0.03615282,0.04042627,0.04514798,0.05034612,0.05613333,0.06261758,0.07002063,0.0782588,0.08741711,0.09760708,0.10898985,0.12186467,0.1361974,0.15203994,0.16921411,0.18763656,0.20701095,0.22654541,0.24760525,0.27146604,0.29696437,0.32571895,0.35603959,0.3881506,0.42190068
EGY,2071,0.00456136,0.00036176,0.00023181,0.00016082,0.00011966,9.473e-05,8.106e-05,7.517e-05,7.432e-05,7.585e-05,7.791e-05,8.217e-05,9.085e-05,0.00010262,0.00011705,0.00013418,0.00015303,0.00017317,0.00019343,0.00021273,0.00023072,0.00024587,0.00026011,0.00027484,0.00029067,0.00030784,0.00032442,0.00034082,0.00035649,0.00037265,0.00039128,0.0004137,0.00044282,0.00048013,0.00052758,0.00058449,0.00064738,0.00071548,0.00078658,0.00085927,0.0009335,0.00100831,0.00109008,0.00118453,0.00129805,0.00144032,0.00161874,0.00184185,0.00211968,0.00245876,0.00284634,0.0032561,0.00364036,0.00398413,0.00429701,0.00463692,0.00503866,0.00552295,0.00613214,0.00689099,0.00774283,0.00869949,0.00972702,0.01070803,0.01169955,0.01278306,0.01399005,0.01528132,0.0167565,0.01847358,0.02042913,0.02262026,0.02518496,0.02832206,0.03184638,0.03557069,0.03979025,0.04446169,0.04961478,0.05534781,0.06177074,0.06910445,0.0772714,0.08634927,0.09643335,0.10768165,0.12043915,0.13467363,0.15039783,0.1674434,0.18573806,0.20499605,0.22442716,0.24540438,0.26917246,0.29456766,0.32324935,0.35350539,0.38556719,0.41929537
EGY,2072,0.00448267,0.00035306,0.00022717,0.00015816,0.00011799,9.357e-05,8.008e-05,7.418e-05,7.319e-05,7.456e-05,7.65e-05,8.062e-05,8.908e-05,0.0001006,0.00011476,0.00013161,0.00015019,0.00017005,0.00019002,0.00020902,0.0002267,0.00024155,0.00025548,0.00026986,0.00028532,0.00030209,0.00031827,0.0003343,0.00034965,0.00036549,0.00038378,0.00040576,0.0004343,0.00047088,0.00051736,0.0005731,0.00063469,0.00070139,0.00077108,0.00084237,0.00091523,0.00098871,0.00106906,0.00116193,0.00127358,0.0014134,0.00158853,0.00180737,0.0020796,0.00241155,0.00279094,0.00319198,0.00356838,0.00390579,0.00421356,0.00454769,0.00494224,0.00541812,0.00601549,0.0067575,0.00759088,0.00852804,0.00953703,0.01050256,0.01147832,0.01254594,0.01373575,0.01500683,0.01645506,0.0181431,0.02007253,0.0222393,0.02477045,0.02786065,0.03133002,0.03499701,0.03916592,0.04378398,0.04888867,0.05457783,0.06094616,0.06821924,0.07631626,0.08532218,0.09532528,0.1064666,0.11908967,0.13321248,0.14885354,0.16580338,0.18399739,0.20316415,0.22252601,0.24342805,0.26713211,0.29248218,0.32115843,0.35142162,0.38350942,0.41729642
EGY,2073,0.00441571,0.00034492,0.00022302,0.00015592,0.00011667,9.271e-05,7.936e-05,7.339e-05,7.224e-05,7.343e-05,7.524e-05,7.923e-05,8.748e-05,9.876e-05,0.00011267,0.00012928,0.00014762,0.00016725,0.00018698,0.00020571,0.00022309,0.00023766,0.00025128,0.0002653,0.00028035,0.0002967,0.00031249,0.00032815,0.00034316,0.0003587,0.00037664,0.00039819,0.00042616,0.00046198,0.00050749,0.00056205,0.00062233,0.00068764,0.00075589,0.00082581,0.00089733,0.0009695,0.00104853,0.00113988,0.00124972,0.00138719,0.00155908,0.00177363,0.00204029,0.00236511,0.00273615,0.00312841,0.00349699,0.00382807,0.00413095,0.00446002,0.00484779,0.00531473,0.0059007,0.00662709,0.00744127,0.00835799,0.00934653,0.0102963,0.01125846,0.01231026,0.01348468,0.01473904,0.01616474,0.01782159,0.01971773,0.02185687,0.02435709,0.02740244,0.03081909,0.03443112,0.03854003,0.04310444,0.04815315,0.05379,0.06010879,0.0673209,0.07534785,0.08427214,0.09419015,0.10523564,0.11773504,0.13170327,0.14721682,0.16407554,0.18216561,0.20122641,0.22049847,0.24130994,0.2648989,0.2901629,0.31880902,0.34904626,0.38111807,0.41491107
EGY,2074,0.00435568,0.000338,0.00021954,0.00015406,0.00011559,9.2e-05,7.875e-05,7.272e-05,7.141e-05,7.244e-05,7.413e-05,7.799e-05,8.604e-05,9.711e-05,0.0001108,0.00012717,0.00014529,0.00016467,0.00018416,0.00020264,0.00021974,0.00023405,0.00024739,0.00026109,0.00027579,0.00029174,0.00030717,0.00032248,0.00033719,0.00035243,0.00037004,0.0003912,0.00041864,0.00045376,0.00049836,0.00055183,0.0006109,0.00067491,0.00074184,0.00081044,0.00088071,0.00095165,0.00102937,0.00111927,0.00122731,0.00136246,0.00153124,0.0017417,0.00200303,0.00232123,0.00268456,0.00306853,0.00342975,0.00375469,0.00405253,0.00437639,0.00475776,0.00521596,0.00579,0.00650177,0.00729895,0.00819548,0.00916376,0.01009652,0.01104506,0.01208329,0.01324205,0.01448112,0.01588751,0.01751774,0.01937862,0.02148283,0.02394955,0.02695489,0.03032386,0.03388599,0.03793967,0.04244291,0.04743783,0.05301694,0.05928027,0.06644,0.07440104,0.083249,0.09307824,0.10403141,0.11642907,0.1302676,0.14562182,0.16235934,0.18037294,0.19935027,0.21854556,0.23927712,0.26277434,0.28794718,0.31656845,0.34681305,0.37889993,0.4127279
EGY,2075,0.00429689,0.00033079,0.00021603,0.00015226,0.00011461,9.139e-05,7.823e-05,7.211e-05,7.061e-05,7.146e-05,7.302e-05,7.675e-05,8.459e-05,9.543e-05,0.0001089,0.00012504,0.00014294,0.0001621,0.00018135,0.00019958,0.00021641,0.00023046,0.0002435,0.00025687,0.00027119,0.00028673,0.00030176,0.00031672,0.00033112,0.00034606,0.00036334,0.00038409,0.00041098,0.00044537,0.00048903,0.00054136,0.00059916,0.00066182,0.00072738,0.00079464,0.0008636,0.00093329,0.00100972,0.00109814,0.00120441,0.00133719,0.00150276,0.00170899,0.00196475,0.00227591,0.00263115,0.00300647,0.00335985,0.00367847,0.00397121,0.00428967,0.00466451,0.00511428,0.00567612,0.00637167,0.00715127,0.00802797,0.00897408,0.00988801,0.01082022,0.01184383,0.01298853,0.0142117,0.01560003,0.0172064,0.01903568,0.02110163,0.02352569,0.02648548,0.02980783,0.03332126,0.03732167,0.04176593,0.04669644,0.05221784,0.05841772,0.06551673,0.07341878,0.08219247,0.0919358,0.10278939,0.11508543,0.12881426,0.14403198,0.16060715,0.17850431,0.19741901,0.21654986,0.23720032,0.26059682,0.28567617,0.31424229,0.34447557,0.37658082,0.41043982
EGY,2076,0.00423824,0.00032413,0.00021265,0.00015045,0.00011354,9.067e-05,7.762e-05,7.143e-05,6.979e-05,7.047e-05,7.192e-05,7.553e-05,8.319e-05,9.381e-05,0.00010705,0.00012296,0.00014063,0.00015955,0.00017856,0.00019653,0.00021309,0.00022688,0.00023965,0.0002527,0.00026667,0.00028183,0.00029651,0.00031113,0.00032523,0.0003399,0.00035685,0.00037721,0.00040357,0.00043729,0.00048007,0.00053133,0.00058794,0.00064935,0.00071362,0.0007796,0.00084732,0.00091577,0.00099092,0.00107788,0.00118239,0.00131291,0.00147538,0.0016776,0.00192818,0.00223278,0.00258045,0.0029478,0.00329397,0.00360644,0.00389424,0.00420748,0.00457587,0.00501761,0.00556856,0.00624918,0.00701155,0.00787023,0.00879713,0.00969256,0.01060839,0.01161617,0.0127472,0.01395742,0.01532842,0.01691413,0.01871721,0.02075147,0.02313262,0.02604187,0.02931747,0.03278902,0.03674273,0.0411352,0.04600879,0.0514666,0.05760895,0.06464521,0.0724863,0.08120056,0.09086887,0.10163569,0.11383311,0.12746432,0.14258123,0.15903385,0.17678558,0.19561259,0.21472059,0.23532495,0.25864862,0.28365941,0.31220092,0.34242479,0.37456783,0.40850306
EGY,2077,0.00418687,0.00031762,0.00020949,0.00014885,0.00011268,9.015e-05,7.717e-05,7.09e-05,6.908e-05,6.959e-05,7.092e-05,7.44e-05,8.187e-05,9.228e-05,0.00010532,0.00012102,0.00013849,0.00015721,0.00017602,0.00019375,0.00021004,0.00022358,0.00023607,0.00024879,0.0002624,0.00027716,0.00029146,0.00030573,0.00031952,0.0003339,0.00035054,0.00037049,0.00039633,0.00042935,0.00047122,0.00052139,0.00057678,0.00063688,0.00069984,0.00076454,0.00083101,0.00089827,0.00097217,0.00105774,0.00116056,0.00128885,0.0014483,0.00164647,0.00189175,0.00218967,0.00252954,0.00288863,0.00322751,0.00353403,0.00381696,0.00412526,0.00448751,0.00492126,0.00546137,0.00612755,0.00687269,0.00771195,0.00861958,0.00949777,0.01039621,0.01138706,0.01250207,0.01369883,0.01505466,0.01661911,0.01839732,0.02040293,0.02274515,0.0255994,0.02881731,0.03224083,0.03614889,0.04049019,0.04530759,0.05070212,0.05677212,0.06374148,0.07150788,0.08014723,0.08974065,0.10041462,0.11250641,0.12601925,0.14102084,0.15735842,0.17497232,0.19364102,0.2126599,0.23321503,0.25644748,0.28135677,0.30983105,0.34000756,0.37211715,0.40606978
EGY,2078,0.00413409,0.00031156,0.0002064,0.00014717,0.00011168,8.948e-05,7.66e-05,7.027e-05,6.833e-05,6.869e-05,6.992e-05,7.329e-05,8.058e-05,9.08e-05,0.00010362,0.0001191,0.00013636,0.00015486,0.00017344,0.00019094,0.00020697,0.00022027,0.0002325,0.00024495,0.00025823,0.00027264,0.00028662,0.00030058,0.0003141,0.0003282,0.00034455,0.00036415,0.0003895,0.00042188,0.00046293,0.00051211,0.00056641,0.00062534,0.0006871,0.00075063,0.00081595,0.00088207,0.00095478,0.001039,0.0011402,0.00126638,0.001423,0.00161748,0.00185791,0.00214977,0.00248264,0.00283425,0.0031664,0.0034674,0.00374579,0.00404916,0.00440557,0.00483187,0.00536183,0.00601489,0.00674503,0.00756691,0.00845606,0.0093189,0.01020274,0.01117692,0.01227597,0.013458,0.01479955,0.016347,0.01810239,0.0200838,0.02239426,0.02520342,0.02836583,0.03173671,0.03559957,0.03989862,0.04466877,0.05000982,0.05601804,0.06291639,0.07061711,0.07918223,0.08870134,0.09930194,0.11130334,0.12471513,0.13960648,0.15584324,0.17335937,0.19190896,0.21079246,0.23126,0.25442885,0.27925178,0.30764924,0.33775391,0.36980429,0.40370957
EGY,2079,0.0040853,0.00030541,0.00020339,0.00014563,0.00011084,8.895e-05,7.614e-05,6.974e-05,6.764e-05,6.784e-05,6.895e-05,7.221e-05,7.931e-05,8.933e-05,0.00010195,0.00011723,0.00013429,0.00015259,0.00017095,0.00018823,0.00020401,0.00021706,0.00022901,0.00024115,0.00025408,0.00026812,0.00028173,0.00029535,0.00030858,0.00032241,0.00033844,0.00035765,0.00038249,0.00041419,0.00045436,0.00050248,0.00055561,0.00061328,0.00067376,0.00073603,0.00080015,0.00086511,0.0009366,0.00101947,0.00111901,0.00124303,0.0013967,0.00158727,0.00182259,0.0021079,0.00243321,0.00277683,0.0031018,0.00339694,0.00367075,0.00396929,0.00431958,0.0047382,0.00525758,0.00589653,0.0066107,0.00741476,0.00828443,0.00912978,0.00999861,0.01095687,0.01203803,0.01320324,0.01452689,0.01605532,0.01778855,0.01974335,0.02202145,0.02478595,0.02789441,0.03120548,0.03500849,0.03925548,0.04397701,0.04926244,0.05520634,0.06203025,0.06964496,0.07812758,0.08755339,0.09805925,0.10996657,0.12326705,0.13803774,0.15414823,0.17155125,0.18999556,0.20875887,0.2290731,0.25212105,0.27686795,0.30519627,0.33522992,0.36722097,0.40109264
EGY,2080,0.00402693,0.00029893,0.00020005,0.00014378,0.00010971,8.818e-05,7.548e-05,6.902e-05,6.679e-05,6.685e-05,6.785e-05,7.099e-05,7.791e-05,8.772e-05,0.00010011,0.00011515,0.00013197,0.00015002,0.00016813,0.00018514,0.00020065,0.00021345,0.00022513,0.00023695,0.00024955,0.00026322,0.00027648,0.00028978,0.00030272,0.00031626,0.00033198,0.0003508,0.00037513,0.00040616,0.00044544,0.0004925,0.00054445,0.00060088,0.00066008,0.00072108,0.00078395,0.0008477,0.00091791,0.00099931,0.00109709,0.00121881,0.00136943,0.00155602,0.00178617,0.00206501,0.00238276,0.00271838,0.00303613,0.00332518,0.00359394,0.00388728,0.00423118,0.00464154,0.00515003,0.00577473,0.00647259,0.00725872,0.00810957,0.00893736,0.00978946,0.01073164,0.01179593,0.01294245,0.01424613,0.01575216,0.017462,0.01939214,0.02163704,0.02435894,0.02741784,0.03067503,0.03441494,0.03859911,0.04326692,0.04850121,0.05438539,0.06114047,0.06867548,0.07706557,0.0864024,0.09680831,0.10861623,0.12182254,0.13648638,0.15248758,0.16978088,0.18813648,0.20682583,0.22703269,0.24992947,0.27458217,0.30289755,0.33291007,0.36488289,0.39875919
EGY,2081,0.00397544,0.00029317,0.00019713,0.0001422,0.00010877,8.754e-05,7.492e-05,6.841e-05,6.604e-05,6.597e-05,6.687e-05,6.99e-05,7.665e-05,8.625e-05,9.844e-05,0.00011325,0.00012985,0.00014767,0.00016555,0.00018232,0.00019758,0.00021014,0.00022159,0.00023313,0.0002454,0.00025873,0.00027167,0.00028466,0.00029732,0.0003106,0.00032602,0.00034448,0.00036832,0.00039872,0.00043718,0.00048323,0.00053406,0.00058929,0.00064728,0.00070708,0.00076878,0.00083138,0.00090041,0.00098045,0.00107659,0.00119617,0.0013439,0.00152673,0.00175196,0.00202461,0.00233522,0.00266318,0.00297407,0.00325743,0.00352148,0.00380986,0.00414783,0.00455058,0.00504858,0.0056598,0.00634225,0.00711116,0.00794409,0.00875601,0.00959258,0.01051837,0.01156717,0.01269774,0.01398137,0.01546487,0.01714984,0.01905601,0.02127187,0.02395261,0.02696624,0.03017629,0.03386158,0.03798142,0.04258592,0.04776537,0.05359589,0.0602874,0.06774803,0.07605098,0.08528611,0.09559355,0.10729159,0.12039067,0.13495672,0.15085091,0.16803604,0.18628548,0.20489323,0.22501111,0.24777058,0.27225828,0.30048989,0.33047498,0.36240687,0.39624705
EGY,2082,0.0039213,0.00028743,0.00019412,0.00014049,0.0001077,8.679e-05,7.427e-05,6.772e-05,6.524e-05,6.504e-05,6.585e-05,6.878e-05,7.535e-05,8.476e-05,9.673e-05,0.00011132,0.00012769,0.00014526,0.00016289,0.00017941,0.00019441,0.00020674,0.00021795,0.00022922,0.00024119,0.00025418,0.0002668,0.00027949,0.00029189,0.00030491,0.00032004,0.00033814,0.0003615,0.00039127,0.00042893,0.00047402,0.00052376,0.00057782,0.00063463,0.00069326,0.0007538,0.00081526,0.00088308,0.00096176,0.00105623,0.00117367,0.00131855,0.00149767,0.00171814,0.00198481,0.00228849,0.00260914,0.0029133,0.00319103,0.00345039,0.00373375,0.00406564,0.0044609,0.0049488,0.0055467,0.00621424,0.00696654,0.00778198,0.00857847,0.00940063,0.01031062,0.01134284,0.01245811,0.01372381,0.01518401,0.01684336,0.01872327,0.02091041,0.02355423,0.02652381,0.02969068,0.03332799,0.03739231,0.04193178,0.04704656,0.05282051,0.05945665,0.06685147,0.0750769,0.08422112,0.0944226,0.10601994,0.11900995,0.13347581,0.14928833,0.16638713,0.18455525,0.20309067,0.22314544,0.24582716,0.27021172,0.29834362,0.32830225,0.36027168,0.39415014
EGY,2083,0.00387464,0.00028182,0.00019131,0.000139,0.00010685,8.623e-05,7.378e-05,6.717e-05,6.456e-05,6.421e-05,6.492e-05,6.774e-05,7.415e-05,8.336e-05,9.514e-05,0.00010952,0.00012569,0.00014305,0.00016046,0.00017677,0.00019152,0.00020362,0.00021457,0.00022555,0.00023719,0.00024982,0.0002621,0.00027448,0.0002866,0.00029935,0.00031418,0.00033191,0.00035478,0.00038391,0.00042073,0.00046482,0.00051346,0.00056633,0.00062191,0.00067934,0.00073873,0.00079906,0.00086571,0.00094306,0.00103595,0.00115129,0.00129334,0.00146874,0.00168433,0.00194488,0.00224145,0.00255454,0.00285198,0.00312407,0.0033789,0.00365752,0.00398355,0.00437134,0.00484925,0.00543389,0.00608609,0.00682155,0.00761928,0.00840009,0.00920797,0.01010319,0.01111933,0.01221812,0.01346655,0.0149054,0.01653776,0.01838972,0.02054446,0.02314952,0.02607653,0.02919831,0.03278841,0.03680041,0.0412799,0.04632319,0.05202435,0.05859468,0.0659235,0.07406994,0.08312109,0.09321366,0.1046843,0.11755373,0.13189134,0.14758896,0.16459329,0.1826627,0.20110634,0.22105545,0.24362268,0.26789155,0.29589894,0.32571149,0.35760301,0.39146464
EGY,2084,0.00381872,0.00027609,0.00018824,0.00013723,0.00010571,8.541e-05,7.307e-05,6.644e-05,6.372e-05,6.325e-05,6.387e-05,6.659e-05,7.282e-05,8.184e-05,9.339e-05,0.00010753,0.00012345,0.00014056,0.00015771,0.00017374,0.00018824,0.0002001,0.00021081,0.00022151,0.00023285,0.00024516,0.00025712,0.00026919,0.00028104,0.00029353,0.00030806,0.00032543,0.00034782,0.00037632,0.00041233,0.00045543,0.00050299,0.00055469,0.00060907,0.00066529,0.0007235,0.00078267,0.00084807,0.000924,0.00101518,0.00112833,0.00126748,0.00143912,0.00164989,0.00190438,0.00219402,0.00249972,0.00279042,0.00305681,0.00330673,0.00358018,0.0039,0.00427994,0.00474747,0.00531892,0.00595606,0.0066746,0.00745482,0.00821991,0.00901298,0.00989303,0.01089352,0.01197557,0.01320463,0.01462219,0.01622919,0.01805154,0.02017231,0.02273582,0.02562025,0.02870058,0.03224357,0.03620679,0.04063277,0.04561355,0.05123913,0.05773226,0.06499135,0.07306754,0.08203491,0.0920295,0.1033869,0.11612792,0.13035031,0.14593361,0.16284494,0.18085127,0.19923498,0.21911398,0.24158998,0.26578431,0.29374744,0.32349741,0.35531488,0.38918509
EGY,2085,0.0037685,0.00027081,0.0001855,0.00013568,0.00010475,8.472e-05,7.247e-05,6.579e-05,6.297e-05,6.238e-05,6.291e-05,6.553e-05,7.16e-05,8.043e-05,9.178e-05,0.00010569,0.00012138,0.00013825,0.00015516,0.00017095,0.0001852,0.00019684,0.00020732,0.00021777,0.00022881,0.0002408,0.00025246,0.00026424,0.00027582,0.00028806,0.0003023,0.00031933,0.00034125,0.00036915,0.00040438,0.00044653,0.00049302,0.0005436,0.00059683,0.00065189,0.00070895,0.00076701,0.00083125,0.00090586,0.00099542,0.00110647,0.00124287,0.00141089,0.00161698,0.00186561,0.00214845,0.00244698,0.00273117,0.00299207,0.00323746,0.00350599,0.00381987,0.00419238,0.0046499,0.00520838,0.005831,0.00653329,0.00729624,0.00804618,0.00882511,0.00969047,0.010676,0.01174305,0.01295396,0.01434949,0.01593261,0.01772835,0.01981475,0.02233622,0.02517575,0.02821511,0.03171546,0.03563046,0.040007,0.04493214,0.05049117,0.0569029,0.06407809,0.07207684,0.08096535,0.09086617,0.1021144,0.11473152,0.12881611,0.14428131,0.16107712,0.17899337,0.19732033,0.21712106,0.23949222,0.26357506,0.29146039,0.32113716,0.35285685,0.38661811
EGY,2086,0.00371638,0.00026577,0.00018273,0.00013403,0.00010365,8.392e-05,7.177e-05,6.508e-05,6.217e-05,6.149e-05,6.194e-05,6.447e-05,7.039e-05,7.903e-05,9.017e-05,0.00010385,0.0001193,0.00013592,0.00015257,0.00016813,0.00018213,0.00019356,0.00020382,0.00021403,0.00022481,0.0002365,0.00024787,0.00025939,0.00027072,0.00028271,0.00029668,0.00031338,0.00033487,0.0003622,0.00039669,0.00043796,0.00048347,0.00053298,0.00058512,0.0006391,0.00069507,0.00075203,0.00081511,0.00088841,0.00097638,0.00108541,0.00121914,0.00138376,0.00158547,0.00182865,0.00210521,0.00239706,0.00267519,0.00293088,0.0031718,0.00343562,0.00374368,0.00410903,0.00455714,0.00510349,0.00571239,0.00639968,0.0071468,0.00788228,0.00864787,0.00949934,0.01047038,0.011523,0.01271752,0.01409251,0.0156514,0.01742246,0.01947851,0.02195916,0.02475507,0.02775245,0.03121207,0.03508518,0.03941452,0.04429035,0.04979264,0.0561356,0.06322647,0.07113771,0.07994545,0.0897647,0.10091654,0.11342409,0.12738763,0.14272321,0.15941576,0.17723698,0.19550235,0.21525611,0.23754908,0.26154747,0.28936092,0.31898654,0.35066362,0.38436759
EGY,2087,0.0036821,0.00026145,0.00018055,0.00013285,0.00010296,8.346e-05,7.137e-05,6.463e-05,6.161e-05,6.082e-05,6.119e-05,6.362e-05,6.941e-05,7.789e-05,8.887e-05,0.00010237,0.00011765,0.00013409,0.00015055,0.00016591,0.0001797,0.00019093,0.00020097,0.00021094,0.00022144,0.00023283,0.00024393,0.00025517,0.00026628,0.00027803,0.00029174,0.00030812,0.00032919,0.00035598,0.00038976,0.00043017,0.00047473,0.00052323,0.00057432,0.00062728,0.00068225,0.00073824,0.00080029,0.00087243,0.00095902,0.00106622,0.00119751,0.00135892,0.00155648,0.00179441,0.00206486,0.00235024,0.0026225,0.00287338,0.00311029,0.00336987,0.00367281,0.00403148,0.00447071,0.00500547,0.0056011,0.00627363,0.00700548,0.00772734,0.00848002,0.00931837,0.01027572,0.01131449,0.01249338,0.01384961,0.01538542,0.01713068,0.01915752,0.02159981,0.02435059,0.02730436,0.03071898,0.03454889,0.03883406,0.04365873,0.0491061,0.05538467,0.0623979,0.07021356,0.07892081,0.08864558,0.09970091,0.11209651,0.12593463,0.14113534,0.15768501,0.17539648,0.1935691,0.21324464,0.23545918,0.25936498,0.28709439,0.31663627,0.34825055,0.38190487
EGY,2088,0.00364298,0.00025706,0.00017825,0.00013155,0.00010214,8.287e-05,7.085e-05,6.408e-05,6.097e-05,6.008e-05,6.037e-05,6.272e-05,6.836e-05,7.668e-05,8.748e-05,0.00010079,0.00011586,0.00013209,0.00014834,0.00016348,0.00017705,0.00018808,0.00019792,0.00020765,0.0002179,0.000229,0.00023983,0.00025081,0.00026169,0.00027322,0.00028667,0.00030274,0.00032339,0.00034963,0.00038271,0.00042227,0.00046589,0.00051337,0.00056342,0.00061534,0.0006693,0.00072431,0.0007853,0.00085623,0.00094136,0.0010467,0.00117549,0.00133365,0.00152699,0.00175965,0.00202399,0.00230287,0.00256923,0.00281508,0.00304782,0.00330292,0.0036004,0.00395223,0.00438221,0.00490508,0.00548727,0.00614477,0.00686078,0.0075687,0.00830818,0.00913253,0.01007558,0.0110998,0.01226201,0.01359854,0.0151114,0.01683037,0.01882514,0.02122885,0.02393609,0.02684367,0.03021045,0.03399176,0.03823057,0.0430066,0.04839663,0.05461268,0.06155342,0.06928167,0.07788157,0.08749324,0.09844194,0.11073188,0.12445172,0.13952597,0.1559439,0.17352249,0.19160716,0.21119229,0.23331837,0.25715821,0.28482933,0.3143134,0.34587335,0.3795041
EGY,2089,0.00360469,0.0002526,0.00017588,0.00013019,0.00010129,8.227e-05,7.034e-05,6.353e-05,6.034e-05,5.934e-05,5.956e-05,6.182e-05,6.732e-05,7.548e-05,8.61e-05,9.922e-05,0.00011411,0.00013014,0.00014619,0.00016111,0.00017446,0.00018528,0.00019491,0.0002044,0.00021437,0.00022518,0.00023573,0.00024645,0.00025709,0.00026839,0.00028159,0.00029733,0.00031757,0.00034326,0.00037564,0.00041436,0.00045705,0.00050353,0.00055256,0.00060345,0.0006564,0.00071042,0.00077038,0.00084011,0.00092377,0.00102725,0.00115361,0.00130859,0.00149784,0.00172535,0.00198378,0.00225637,0.00251697,0.00275796,0.00298656,0.00323734,0.00352956,0.00387474,0.00429597,0.00480731,0.00537651,0.00601962,0.00672045,0.00741481,0.00814177,0.008953,0.00988212,0.01089254,0.01203901,0.0133567,0.01484787,0.01654303,0.0185078,0.02087276,0.02353911,0.02640499,0.02972421,0.03345713,0.03764754,0.04237707,0.04771776,0.0538749,0.06075206,0.06840597,0.07691557,0.08641563,0.09724658,0.10942895,0.12304756,0.13801435,0.15432182,0.17179241,0.18977916,0.20929586,0.23133891,0.25511931,0.28277675,0.31224665,0.34379738,0.377433
EGY,2090,0.00356858,0.00024847,0.0001737,0.00012895,0.00010051,8.171e-05,6.985e-05,6.302e-05,5.973e-05,5.864e-05,5.878e-05,6.096e-05,6.633e-05,7.432e-05,8.477e-05,9.771e-05,0.0001124,0.00012823,0.00014408,0.00015879,0.00017191,0.00018254,0.00019195,0.00020121,0.00021092,0.00022145,0.00023173,0.00024219,0.0002526,0.00026367,0.00027661,0.00029205,0.00031186,0.00033702,0.00036869,0.00040657,0.00044832,0.0004938,0.00054181,0.00059168,0.00064361,0.00069663,0.00075555,0.0008241,0.00090632,0.00100792,0.00113182,0.00128363,0.00146875,0.0016911,0.00194354,0.00220983,0.00246467,0.00270079,0.0029253,0.00317168,0.00345867,0.00379721,0.0042096,0.00470955,0.00526566,0.0058943,0.00657995,0.00726065,0.00797478,0.00877289,0.0096881,0.01068414,0.01181458,0.0131131,0.01458187,0.0162525,0.01818765,0.02051351,0.02313572,0.02595941,0.02923199,0.03291246,0.03704958,0.0417243,0.04701052,0.05310771,0.05991399,0.06749023,0.07590899,0.08529969,0.09599568,0.10803652,0.12152657,0.13637632,0.15256155,0.16991023,0.18778466,0.20717749,0.22910759,0.25277587,0.2803538,0.30977437,0.34126806,0.37484976
EGY,2091,0.00353375,0.0002446,0.00017166,0.00012778,9.976e-05,8.117e-05,6.938e-05,6.251e-05,5.914e-05,5.796e-05,5.803e-05,6.013e-05,6.537e-05,7.322e-05,8.35e-05,9.625e-05,0.00011076,0.00012638,0.00014202,0.00015654,0.00016946,0.0001799,0.00018912,0.00019817,0.00020765,0.00021792,0.00022795,0.00023819,0.00024838,0.00025925,0.00027195,0.00028711,0.00030655,0.0003312,0.00036223,0.00039933,0.00044023,0.00048479,0.00053185,0.00058078,0.00063179,0.00068389,0.00074182,0.00080927,0.00089017,0.00099002,0.00111161,0.00126044,0.00144175,0.0016593,0.0019062,0.00216659,0.0024161,0.00264765,0.00286825,0.0031105,0.0033924,0.00372467,0.00412872,0.00461786,0.00516181,0.00577675,0.00644811,0.00711607,0.00781813,0.00860374,0.00950619,0.01048923,0.01160459,0.01288552,0.01433377,0.01598177,0.01788993,0.02018137,0.02276408,0.02554751,0.02877927,0.03241582,0.03650396,0.04112862,0.04636304,0.05240853,0.05915894,0.06666815,0.07501344,0.08431794,0.09490923,0.10682193,0.12018262,0.13492632,0.15102447,0.16828769,0.1860845,0.20539126,0.22721245,0.25080493,0.27832532,0.30771704,0.33920906,0.37278506
EGY,2092,0.00349873,0.00024068,0.00016956,0.00012656,9.898e-05,8.061e-05,6.888e-05,6.199e-05,5.855e-05,5.728e-05,5.728e-05,5.93e-05,6.442e-05,7.211e-05,8.223e-05,9.48e-05,0.00010912,0.00012455,0.00013999,0.0001543,0.00016702,0.00017727,0.00018629,0.00019512,0.00020435,0.00021435,0.00022412,0.00023411,0.00024408,0.00025473,0.00026718,0.00028204,0.00030109,0.00032523,0.00035559,0.00039188,0.00043189,0.0004755,0.00052157,0.00056953,0.00061957,0.00067074,0.00072768,0.00079397,0.0008735,0.0009716,0.00109084,0.00123661,0.00141401,0.00162668,0.00186791,0.00212231,0.00236635,0.00259335,0.00281007,0.00304817,0.00332508,0.00365098,0.0040467,0.004525,0.00505663,0.00565791,0.00631468,0.00696964,0.00765952,0.00843232,0.00932129,0.0102909,0.01139086,0.01265311,0.01408004,0.01570429,0.01758374,0.01983888,0.02238118,0.02512255,0.02830764,0.03189714,0.0359347,0.04050179,0.04567574,0.05165611,0.05834052,0.06577713,0.07403589,0.08324514,0.09372461,0.10550491,0.11870748,0.13329497,0.14926412,0.16642197,0.18411986,0.20331469,0.22499775,0.2484417,0.27585237,0.30514097,0.3365553,0.37008323
EGY,2093,0.0034569,0.00023662,0.00016725,0.00012512,9.799e-05,7.985e-05,6.822e-05,6.133e-05,5.783e-05,5.649e-05,5.643e-05,5.838e-05,6.337e-05,7.091e-05,8.084e-05,9.32e-05,0.0001073,0.0001225,0.0001377,0.00015178,0.00016428,0.00017435,0.00018318,0.0001918,0.0002008,0.00021056,0.0002201,0.00022986,0.00023962,0.00025006,0.00026227,0.00027684,0.0002955,0.00031915,0.00034887,0.00038439,0.00042354,0.00046623,0.00051136,0.00055835,0.00060744,0.00065765,0.00071356,0.00077868,0.00085676,0.00095305,0.00106997,0.00121271,0.00138626,0.00159418,0.00182999,0.0020786,0.00231728,0.00253961,0.0027523,0.00298601,0.00325762,0.003577,0.00396419,0.00443176,0.00495124,0.00553901,0.00618161,0.00682347,0.00750092,0.00826079,0.00913602,0.01009163,0.01117602,0.01241979,0.01382504,0.01542581,0.0172772,0.01949697,0.02200034,0.02470256,0.02784388,0.0313861,0.03537681,0.03989293,0.04500837,0.05092666,0.0575458,0.06491657,0.07310323,0.08222709,0.0926136,0.10428832,0.11736934,0.1318163,0.14765646,0.16472656,0.18237484,0.20151319,0.22312217,0.24649316,0.27384753,0.303132,0.33456284,0.36815315
EGY,2094,0.00342486,0.00023305,0.00016533,0.000124,9.727e-05,7.933e-05,6.776e-05,6.085e-05,5.728e-05,5.585e-05,5.574e-05,5.762e-05,6.248e-05,6.988e-05,7.966e-05,9.185e-05,0.00010578,0.00012079,0.0001358,0.00014969,0.000162,0.00017188,0.00018054,0.00018895,0.00019772,0.00020723,0.00021653,0.00022606,0.00023561,0.00024585,0.00025783,0.00027212,0.00029042,0.00031358,0.00034269,0.00037747,0.00041579,0.00045758,0.0005018,0.00054788,0.00059607,0.00064541,0.00070039,0.00076446,0.00084126,0.00093587,0.00105062,0.00119057,0.00136047,0.0015638,0.00179434,0.00203742,0.00227106,0.00248912,0.00269817,0.00292809,0.00319504,0.00350851,0.00388792,0.00434533,0.00485344,0.00542847,0.00605762,0.00668753,0.00735351,0.00810157,0.0089644,0.00990732,0.01097734,0.01220431,0.01358988,0.01516841,0.01699347,0.01917961,0.02164547,0.02431025,0.02741072,0.03090798,0.03485032,0.03931765,0.04437886,0.05023286,0.05678376,0.06408137,0.07219289,0.08123392,0.09152119,0.10308918,0.11605058,0.13036277,0.14604838,0.16297927,0.18053749,0.19960113,0.22110805,0.24436852,0.27161296,0.30078382,0.33214126,0.36566944
EGY,2095,0.00339322,0.00022957,0.00016345,0.00012289,9.654e-05,7.88e-05,6.73e-05,6.037e-05,5.673e-05,5.523e-05,5.505e-05,5.686e-05,6.161e-05,6.888e-05,7.85e-05,9.053e-05,0.00010428,0.00011911,0.00013394,0.00014764,0.00015975,0.00016947,0.00017795,0.00018616,0.00019471,0.00020396,0.00021303,0.00022234,0.00023169,0.00024172,0.00025348,0.0002675,0.00028544,0.00030814,0.00033664,0.00037069,0.0004082,0.00044913,0.00049245,0.00053764,0.00058496,0.00063344,0.00068752,0.00075055,0.0008261,0.00091909,0.0010317,0.0011689,0.00133529,0.00153417,0.00175955,0.00199723,0.00222597,0.00243988,0.00264542,0.00287156,0.00313402,0.00344175,0.00381354,0.00426114,0.00475804,0.0053207,0.00593677,0.00655491,0.00720991,0.0079463,0.00879693,0.00972752,0.01078341,0.01199363,0.01336007,0.01491713,0.01671599,0.01886928,0.02129852,0.02392634,0.02698667,0.03044129,0.03433699,0.0387532,0.043762,0.049556,0.05603692,0.06325945,0.07128983,0.08024748,0.09044211,0.10190208,0.11475034,0.12893984,0.14448974,0.16126865,0.17870108,0.1976712,0.21908567,0.24224297,0.26938036,0.29844155,0.3296838,0.36314083
EGY,2096,0.00336324,0.00022634,0.0001617,0.00012186,9.587e-05,7.83e-05,6.685e-05,5.99e-05,5.62e-05,5.463e-05,5.439e-05,5.613e-05,6.077e-05,6.79e-05,7.738e-05,8.923e-05,0.00010281,0.00011745,0.00013209,0.00014561,0.00015753,0.00016708,0.00017539,0.00018342,0.00019175,0.00020077,0.00020962,0.00021871,0.00022787,0.00023771,0.00024925,0.00026301,0.0002806,0.00030285,0.00033076,0.0003641,0.00040084,0.00044093,0.00048338,0.0005277,0.00057415,0.0006218,0.00067497,0.00073698,0.00081128,0.00090268,0.0010132,0.00114768,0.00131063,0.00150521,0.0017256,0.00195796,0.00218188,0.00239172,0.00259375,0.00281614,0.00307405,0.00337617,0.00374049,0.00417846,0.00466451,0.00521503,0.00581847,0.00642523,0.00706946,0.00779478,0.00863346,0.00955205,0.01059441,0.01178846,0.01313621,0.01467277,0.01644686,0.0185683,0.02096261,0.0235553,0.02657712,0.02999123,0.03384445,0.03821356,0.04317014,0.04890931,0.05532869,0.06247881,0.07043118,0.07930475,0.08941302,0.10078067,0.11352447,0.12761119,0.14305411,0.15972015,0.17703456,0.19590182,0.21723639,0.2403375,0.26742007,0.29642809,0.32762122,0.36103516
EGY,2097,0.0033261,0.00022268,0.00015959,0.00012052,9.494e-05,7.759e-05,6.624e-05,5.93e-05,5.555e-05,5.392e-05,5.363e-05,5.531e-05,5.983e-05,6.682e-05,7.613e-05,8.78e-05,0.00010118,0.00011562,0.00013005,0.00014336,0.00015508,0.00016445,0.00017258,0.00018041,0.00018853,0.00019732,0.00020593,0.00021481,0.00022376,0.00023341,0.00024472,0.0002582,0.00027544,0.00029722,0.00032454,0.00035717,0.00039312,0.00043236,0.00047394,0.00051737,0.00056293,0.00060969,0.00066192,0.00072284,0.00079584,0.00088557,0.00099396,0.0011257,0.00128514,0.00147545,0.00169091,0.00191803,0.00213708,0.00234274,0.00254117,0.00275965,0.00301287,0.00330915,0.00366598,0.00409429,0.00456944,0.00510786,0.00569846,0.00629367,0.00692681,0.00764048,0.00846689,0.00937266,0.01040069,0.01157793,0.01290615,0.014421,0.01616955,0.0182587,0.02061673,0.02317317,0.02615519,0.02952684,0.03333559,0.03765715,0.04256033,0.04823863,0.05459495,0.06167378,0.0695422,0.07832532,0.08833523,0.09960478,0.11224711,0.12622389,0.14156271,0.15812482,0.17533642,0.19408056,0.21529516,0.23831783,0.26535673,0.29432359,0.32547889,0.35886706
EGY,2098,0.00329865,0.00021973,0.00015798,0.00011957,9.431e-05,7.712e-05,6.583e-05,5.887e-05,5.507e-05,5.337e-05,5.303e-05,5.465e-05,5.907e-05,6.594e-05,7.511e-05,8.663e-05,9.985e-05,0.00011412,0.00012839,0.00014153,0.00015309,0.00016231,0.00017028,0.00017794,0.00018587,0.00019444,0.00020285,0.00021153,0.0002203,0.00022977,0.00024088,0.00025413,0.00027104,0.00029241,0.0003192,0.00035118,0.00038641,0.00042488,0.00046566,0.00050831,0.00055308,0.00059907,0.00065049,0.00071049,0.00078236,0.00087065,0.00097713,0.00110641,0.00126265,0.00144892,0.00165979,0.00188205,0.00209664,0.00229849,0.00249371,0.00270883,0.0029579,0.00324892,0.00359876,0.00401814,0.00448307,0.00501001,0.00558853,0.00617277,0.00679572,0.00749871,0.00831375,0.00920808,0.01022277,0.01138432,0.01269436,0.01418875,0.01591279,0.0179712,0.02029487,0.02281625,0.02576031,0.0290914,0.03285709,0.03713258,0.04198538,0.047605,0.053895,0.0609039,0.0686924,0.07738118,0.0872882,0.09844813,0.11098351,0.1248531,0.14007677,0.15653302,0.17364183,0.19226511,0.2133212,0.23620051,0.26314205,0.29204134,0.3231236,0.35644068
EGY,2099,0.0032706,0.0002167,0.00015633,0.0001186,9.367e-05,7.665e-05,6.541e-05,5.843e-05,5.458e-05,5.281e-05,5.243e-05,5.398e-05,5.83e-05,6.504e-05,7.408e-05,8.545e-05,9.851e-05,0.00011261,0.0001267,0.00013967,0.00015107,0.00016014,0.00016795,0.00017543,0.00018316,0.00019151,0.00019972,0.00020819,0.00021678,0.00022607,0.00023698,0.00024998,0.00026657,0.00028752,0.00031376,0.00034508,0.00037957,0.00041725,0.00045722,0.00049906,0.00054304,0.00058825,0.00063883,0.00069789,0.00076863,0.00085544,0.00095999,0.00108674,0.00123973,0.00142192,0.00162802,0.00184533,0.00205542,0.00225341,0.00244533,0.00265697,0.00290186,0.00318754,0.00353029,0.00394046,0.00439505,0.00491032,0.00547646,0.0060496,0.00666196,0.00735408,0.00815748,0.0090399,0.01004115,0.01118638,0.01247762,0.01395104,0.01564975,0.01767608,0.01996439,0.0224499,0.02535401,0.02864287,0.03236364,0.03659046,0.04139009,0.04694981,0.05317128,0.06010212,0.06780756,0.07640139,0.08619604,0.09723551,0.10964491,0.12339581,0.13850261,0.15483723,0.17183855,0.1903391,0.21123862,0.23393485,0.26071103,0.28949105,0.32048047,0.35369968
EGY,2100,0.00323975,0.00021378,0.00015463,0.00011751,9.29e-05,7.606e-05,6.489e-05,5.792e-05,5.403e-05,5.222e-05,5.179e-05,5.328e-05,5.751e-05,6.413e-05,7.303e-05,8.423e-05,9.712e-05,0.00011104,0.00012494,0.00013773,0.00014895,0.00015788,0.00016555,0.00017287,0.00018041,0.00018857,0.00019659,0.00020488,0.0002133,0.00022241,0.00023313,0.00024589,0.00026218,0.00028274,0.00030847,0.00033917,0.00037299,0.00040994,0.00044915,0.00049022,0.00053343,0.00057788,0.00062763,0.00068574,0.00075533,0.00084069,0.00094336,0.00106772,0.00121769,0.00139614,0.00159793,0.00181062,0.00201652,0.00221088,0.00239955,0.00260764,0.00284834,0.00312892,0.00346499,0.00386667,0.00431167,0.00481636,0.00537124,0.00593406,0.00653659,0.00721831,0.00801072,0.00888181,0.00987017,0.0110004,0.01227401,0.01372782,0.01540326,0.01740025,0.01965597,0.02210877,0.02497658,0.02822615,0.03190583,0.03608836,0.04083953,0.04634502,0.05250667,0.05936856,0.06699502,0.07550514,0.08520356,0.0961312,0.10842447,0.12206058,0.13706669,0.15331038,0.17022363,0.18863767,0.20942713,0.23199813,0.2586257,0.28728324,0.31820448,0.35139276
