GTM,1950,136.976,123.472,112.686,104.924,97.801,91.916,86.654,82.304,78.254,74.911,72.523,70.175,69.125,68.313,68.128,67.992,67.932,67.846,66.255,64.629,63.986,62.977,60.318,57.117,54.398,52.504,50.464,47.638,44.567,41.82,39.634,38.065,36.717,35.456,34.368,33.251,32.217,31.246,30.282,29.356,27.971,26.493,25.444,24.616,23.801,22.795,22.003,21.472,20.902,20.19,18.991,18.046,17.465,16.519,15.44,14.368,13.598,13.131,12.669,12.167,11.402,10.67,10.143,9.542,8.658,7.238,6.182,5.759,5.298,4.809,4.237,3.781,3.499,3.235,2.983,2.713,2.498,2.346,2.189,2.022,1.768,1.561,1.455,1.342,1.167,0.859,0.649,0.61,0.564,0.481,0.36,0.27,0.2,0.147,0.106,0.075,0.053,0.037,0.025,0.017
GTM,1951,139.892,126.029,119.107,110.039,102.574,95.626,90.063,85.215,81.266,77.542,74.385,72.069,69.749,68.7,67.874,67.672,67.522,67.455,67.363,65.784,64.169,63.529,62.526,59.881,56.699,53.995,52.105,50.071,47.256,44.201,41.469,39.295,37.732,36.389,35.129,34.038,32.916,31.873,30.892,29.918,28.989,27.611,26.147,25.106,24.281,23.461,22.443,21.626,21.062,20.463,19.737,18.557,17.64,17.086,16.169,15.111,14.04,13.241,12.721,12.193,11.629,10.838,10.112,9.607,9.047,8.221,6.879,5.873,5.466,5.016,4.537,3.976,3.526,3.237,2.968,2.714,2.452,2.248,2.105,1.959,1.801,1.562,1.359,1.24,1.116,0.941,0.672,0.496,0.459,0.422,0.357,0.265,0.197,0.145,0.104,0.074,0.051,0.036,0.025,0.017
GTM,1952,144.832,128.689,121.498,116.34,107.695,100.47,93.885,88.725,84.261,80.61,77.055,73.967,71.677,69.361,68.297,67.457,67.239,67.078,67.004,66.908,65.333,63.728,63.088,62.089,59.457,56.292,53.6,51.716,49.687,46.884,43.846,41.13,38.966,37.406,36.064,34.802,33.706,32.577,31.526,30.538,29.564,28.637,27.271,25.82,24.786,23.954,23.119,22.081,21.235,20.64,20.025,19.305,18.156,17.274,16.741,15.839,14.78,13.689,12.85,12.271,11.687,11.087,10.302,9.604,9.129,8.605,7.823,6.546,5.582,5.183,4.741,4.267,3.715,3.269,2.977,2.706,2.458,2.209,2.019,1.885,1.745,1.59,1.359,1.158,1.028,0.897,0.733,0.51,0.368,0.336,0.305,0.256,0.187,0.136,0.097,0.068,0.047,0.033,0.022,0.015
GTM,1953,149.217,133.353,124.109,118.718,113.919,105.556,98.707,92.549,87.777,83.613,80.13,76.643,73.58,71.29,68.962,67.879,67.023,66.791,66.616,66.531,66.426,64.854,63.254,62.611,61.61,58.993,55.843,53.164,51.286,49.265,46.477,43.457,40.759,38.606,37.051,35.71,34.445,33.343,32.209,31.154,30.166,29.197,28.277,26.925,25.485,24.449,23.603,22.745,21.683,20.815,20.203,19.591,18.893,17.783,16.928,16.403,15.497,14.415,13.291,12.403,11.773,11.156,10.553,9.798,9.139,8.695,8.2,7.453,6.226,5.297,4.9,4.46,3.988,3.446,3.007,2.716,2.452,2.217,1.986,1.808,1.679,1.54,1.383,1.157,0.959,0.826,0.697,0.555,0.378,0.27,0.242,0.217,0.178,0.128,0.09,0.063,0.044,0.029,0.019,0.013
GTM,1954,153.451,137.548,128.696,121.304,116.259,111.654,103.699,97.3,91.56,87.107,83.12,79.705,76.243,73.179,70.87,68.52,67.413,66.535,66.281,66.087,65.986,65.865,64.292,62.691,62.042,61.04,58.434,55.303,52.641,50.775,48.768,46.002,43.005,40.326,38.187,36.639,35.298,34.032,32.927,31.792,30.739,29.759,28.8,27.891,26.551,25.117,24.072,23.204,22.322,21.244,20.365,19.761,19.169,18.5,17.421,16.579,16.041,15.108,13.99,12.824,11.903,11.242,10.626,10.047,9.333,8.714,8.295,7.819,7.095,5.91,5.008,4.608,4.166,3.697,3.17,2.744,2.463,2.213,1.993,1.779,1.612,1.483,1.341,1.178,0.959,0.771,0.644,0.53,0.414,0.278,0.196,0.174,0.154,0.123,0.086,0.059,0.041,0.027,0.019,0.012
GTM,1955,157.28,141.655,132.87,125.849,118.824,113.962,109.697,102.227,96.269,90.871,86.605,82.688,79.297,75.834,72.756,70.425,68.059,66.932,66.039,65.768,65.558,65.441,65.305,63.73,62.128,61.472,60.469,57.876,54.762,52.119,50.265,48.273,45.528,42.554,39.895,37.767,36.22,34.876,33.606,32.498,31.365,30.318,29.351,28.402,27.501,26.167,24.729,23.667,22.775,21.875,20.792,19.926,19.34,18.772,18.127,17.063,16.214,15.639,14.664,13.501,12.308,11.37,10.713,10.122,9.577,8.907,8.319,7.913,7.446,6.736,5.587,4.709,4.305,3.863,3.402,2.894,2.49,2.223,1.992,1.787,1.587,1.424,1.29,1.142,0.977,0.771,0.602,0.491,0.398,0.308,0.206,0.144,0.125,0.108,0.084,0.056,0.039,0.026,0.017,0.011
GTM,1956,160.714,145.369,136.927,129.995,123.339,116.54,112.022,108.186,101.178,95.569,90.366,86.17,82.279,78.885,75.408,72.31,69.961,67.583,66.443,65.535,65.247,65.02,64.885,64.731,63.153,61.551,60.889,59.885,57.307,54.217,51.593,49.753,47.777,45.052,42.099,39.454,37.332,35.784,34.438,33.166,32.058,30.933,29.899,28.944,28.004,27.103,25.765,24.317,23.236,22.324,21.418,20.348,19.507,18.944,18.396,17.758,16.69,15.813,15.185,14.161,12.97,11.77,10.845,10.212,9.653,9.142,8.505,7.938,7.538,7.073,6.373,5.259,4.405,3.998,3.56,3.112,2.631,2.252,2.003,1.787,1.594,1.402,1.239,1.099,0.948,0.787,0.605,0.461,0.371,0.298,0.229,0.151,0.103,0.088,0.074,0.056,0.038,0.025,0.017,0.01
GTM,1957,164.261,148.701,140.574,134.037,127.508,121.094,114.674,110.576,107.145,100.486,95.066,89.936,85.767,81.873,78.464,74.968,71.855,69.492,67.106,65.95,65.03,64.723,64.475,64.322,64.151,62.57,60.972,60.307,59.307,56.747,53.682,51.08,49.251,47.287,44.579,41.642,39.007,36.889,35.338,33.991,32.721,31.622,30.511,29.492,28.544,27.607,26.697,25.348,23.884,22.788,21.868,20.971,19.928,19.114,18.568,18.026,17.377,16.286,15.367,14.684,13.624,12.422,11.241,10.346,9.743,9.214,8.727,8.115,7.563,7.167,6.703,6.013,4.933,4.103,3.697,3.267,2.836,2.385,2.032,1.799,1.595,1.41,1.221,1.057,0.914,0.765,0.617,0.463,0.348,0.277,0.22,0.167,0.109,0.072,0.06,0.048,0.036,0.024,0.015,0.01
GTM,1958,167.724,152.134,143.838,137.683,131.597,125.338,119.302,113.311,109.596,106.464,99.991,94.642,89.539,85.369,81.46,78.031,74.518,71.393,69.016,66.62,65.447,64.512,64.184,63.917,63.746,63.563,61.984,60.393,59.73,58.737,56.197,53.155,50.573,48.754,46.797,44.1,41.175,38.548,36.435,34.886,33.544,32.286,31.201,30.105,29.096,28.15,27.205,26.277,24.913,23.438,22.337,21.424,20.546,19.533,18.74,18.202,17.647,16.969,15.846,14.882,14.156,13.076,11.884,10.735,9.872,9.295,8.79,8.323,7.733,7.198,6.803,6.34,5.658,4.613,3.808,3.404,2.987,2.577,2.156,1.828,1.608,1.411,1.228,1.042,0.879,0.738,0.601,0.474,0.349,0.258,0.202,0.159,0.119,0.074,0.048,0.039,0.031,0.023,0.014,0.009
GTM,1959,170.685,155.572,147.232,140.968,135.307,129.512,123.629,117.997,112.381,108.943,105.966,99.565,94.239,89.136,84.943,81.005,77.543,74.003,70.851,68.449,66.032,64.836,63.877,63.528,63.246,63.064,62.878,61.312,59.737,59.084,58.103,55.588,52.571,50.008,48.2,46.252,43.567,40.656,38.042,35.941,34.403,33.076,31.838,30.772,29.69,28.687,27.736,26.774,25.826,24.448,22.974,21.881,20.989,20.136,19.15,18.368,17.819,17.238,16.522,15.363,14.375,13.614,12.531,11.361,10.247,9.417,8.863,8.38,7.933,7.364,6.844,6.45,5.983,5.308,4.296,3.519,3.122,2.723,2.336,1.942,1.635,1.423,1.229,1.048,0.867,0.711,0.58,0.46,0.355,0.256,0.187,0.144,0.111,0.081,0.05,0.031,0.025,0.019,0.014,0.009
GTM,1960,173.912,158.655,150.731,144.448,138.702,133.337,127.902,122.4,117.118,111.77,108.479,105.557,99.185,93.865,88.753,84.547,80.596,77.125,73.576,70.419,68.011,65.586,64.376,63.406,63.041,62.751,62.559,62.371,60.813,59.248,58.597,57.618,55.114,52.11,49.555,47.746,45.796,43.115,40.214,37.612,35.522,33.998,32.687,31.463,30.407,29.326,28.316,27.346,26.361,25.391,24.007,22.544,21.471,20.6,19.767,18.794,18.007,17.433,16.814,16.054,14.865,13.85,13.066,11.992,10.848,9.771,8.974,8.446,7.987,7.558,7.01,6.499,6.1,5.626,4.956,3.981,3.236,2.852,2.471,2.106,1.738,1.447,1.24,1.05,0.874,0.703,0.559,0.444,0.344,0.259,0.184,0.131,0.099,0.075,0.053,0.031,0.02,0.015,0.011,0.008
GTM,1961,177.462,161.971,153.888,147.998,142.231,136.78,131.761,126.7,121.539,116.52,111.323,108.087,105.183,98.818,93.495,88.376,84.161,80.206,76.732,73.184,70.026,67.614,65.186,63.966,62.989,62.615,62.318,62.121,61.929,60.377,58.818,58.163,57.18,54.683,51.686,49.133,47.319,45.363,42.688,39.799,37.213,35.14,33.63,32.333,31.118,30.061,28.972,27.943,26.95,25.943,24.959,23.583,22.144,21.093,20.239,19.414,18.44,17.634,17.022,16.358,15.553,14.341,13.309,12.516,11.459,10.349,9.314,8.553,8.05,7.611,7.196,6.659,6.15,5.741,5.261,4.6,3.667,2.961,2.593,2.232,1.887,1.54,1.262,1.06,0.876,0.708,0.553,0.428,0.331,0.25,0.185,0.128,0.09,0.066,0.049,0.033,0.019,0.011,0.008,0.006
GTM,1962,181.557,165.609,157.296,151.202,145.794,140.302,135.192,130.543,125.827,120.937,116.071,110.937,107.72,104.814,98.449,93.119,87.998,83.781,79.827,76.352,72.808,69.651,67.239,64.81,63.587,62.604,62.226,61.921,61.719,61.522,59.972,58.413,57.75,56.76,54.268,51.275,48.722,46.903,44.943,42.276,39.403,36.836,34.781,33.285,31.995,30.782,29.716,28.61,27.559,26.544,25.524,24.539,23.182,21.768,20.735,19.889,19.059,18.067,17.228,16.572,15.861,15.019,13.795,12.763,11.971,10.94,9.87,8.878,8.151,7.668,7.241,6.831,6.298,5.786,5.368,4.884,4.241,3.359,2.694,2.343,2,1.672,1.344,1.079,0.885,0.711,0.558,0.423,0.319,0.241,0.179,0.129,0.088,0.06,0.043,0.03,0.02,0.011,0.007,0.005
GTM,1963,185.252,169.766,161.034,154.643,148.984,143.82,138.663,133.933,129.641,125.209,120.48,115.678,110.572,107.353,104.431,98.063,92.728,87.605,83.388,79.435,75.962,72.422,69.271,66.859,64.435,63.21,62.225,61.839,61.528,61.319,61.115,59.565,58.007,57.336,56.337,53.845,50.858,48.306,46.482,44.523,41.868,39.017,36.472,34.434,32.946,31.655,30.434,29.352,28.227,27.157,26.129,25.109,24.135,22.799,21.408,20.383,19.529,18.676,17.655,16.777,16.074,15.324,14.457,13.241,12.219,11.441,10.441,9.412,8.459,7.757,7.287,6.864,6.451,5.917,5.405,4.982,4.503,3.885,3.057,2.437,2.101,1.773,1.46,1.15,0.902,0.719,0.562,0.429,0.317,0.234,0.173,0.125,0.089,0.059,0.039,0.027,0.019,0.012,0.006,0.003
GTM,1964,190.081,173.567,165.292,158.41,152.397,146.947,142.104,137.338,132.986,128.998,124.738,120.077,115.303,110.2,106.967,104.024,97.65,92.31,87.186,82.968,79.017,75.546,72.011,68.867,66.459,64.041,62.815,61.828,61.437,61.119,60.903,60.691,59.141,57.583,56.903,55.896,53.407,50.424,47.875,46.051,44.097,41.46,38.634,36.109,34.084,32.597,31.3,30.065,28.963,27.822,26.741,25.713,24.702,23.742,22.426,21.046,20.015,19.138,18.252,17.194,16.276,15.534,14.759,13.886,12.687,11.688,10.927,9.959,8.965,8.043,7.36,6.894,6.468,6.049,5.518,5.009,4.589,4.123,3.536,2.764,2.184,1.862,1.548,1.249,0.961,0.734,0.569,0.432,0.323,0.234,0.169,0.123,0.086,0.059,0.038,0.025,0.017,0.011,0.007,0.003
GTM,1965,194.866,178.441,169.208,162.686,156.127,150.287,145.149,140.704,136.339,132.311,128.508,124.32,119.688,114.918,109.805,106.55,103.583,97.202,91.855,86.73,82.51,78.56,75.093,71.568,68.432,66.03,63.619,62.392,61.404,61.007,60.683,60.46,60.242,58.693,57.134,56.445,55.429,52.942,49.966,47.425,45.607,43.664,41.049,38.245,35.738,33.72,32.228,30.92,29.668,28.551,27.399,26.319,25.3,24.303,23.353,22.045,20.664,19.612,18.7,17.773,16.68,15.73,14.965,14.181,13.314,12.143,11.168,10.422,9.482,8.516,7.619,6.949,6.481,6.051,5.629,5.105,4.608,4.198,3.75,3.195,2.476,1.934,1.625,1.325,1.045,0.783,0.581,0.44,0.326,0.239,0.17,0.12,0.085,0.059,0.039,0.025,0.015,0.011,0.006,0.004
GTM,1966,199.887,183.288,174.172,166.636,160.373,153.952,148.413,143.683,139.653,135.632,131.802,128.075,123.919,119.293,114.512,109.382,106.103,103.111,96.721,91.367,86.237,82.015,78.07,74.609,71.093,67.967,65.572,63.17,61.944,60.954,60.555,60.224,59.995,59.768,58.219,56.659,55.959,54.933,52.449,49.486,46.957,45.149,43.222,40.629,37.846,35.352,33.335,31.833,30.509,29.241,28.115,26.964,25.893,24.887,23.9,22.952,21.639,20.242,19.157,18.204,17.238,16.119,15.154,14.381,13.598,12.744,11.603,10.649,9.916,8.996,8.055,7.18,6.52,6.05,5.619,5.197,4.687,4.207,3.811,3.383,2.859,2.191,1.686,1.39,1.108,0.852,0.622,0.45,0.333,0.243,0.174,0.121,0.084,0.058,0.038,0.025,0.015,0.009,0.006,0.004
GTM,1967,205.997,188.266,179.027,171.567,164.266,158.104,151.984,146.862,142.563,138.892,135.083,131.337,127.646,123.493,118.85,114.04,108.874,105.553,102.517,96.105,90.73,85.589,81.363,77.419,73.966,70.464,67.353,64.972,62.585,61.367,60.387,59.989,59.658,59.426,59.195,57.648,56.089,55.381,54.349,51.878,48.935,46.431,44.642,42.735,40.165,37.402,34.915,32.896,31.382,30.045,28.771,27.644,26.503,25.447,24.45,23.466,22.509,21.177,19.755,18.633,17.651,16.655,15.525,14.558,13.784,13.009,12.169,11.055,10.122,9.398,8.498,7.579,6.725,6.074,5.605,5.175,4.759,4.267,3.809,3.429,3.02,2.525,1.907,1.441,1.162,0.903,0.677,0.481,0.342,0.247,0.176,0.124,0.084,0.057,0.038,0.025,0.015,0.009,0.006,0.003
GTM,1968,211.155,194.36,184.075,176.45,169.185,161.966,156.085,150.385,145.703,141.773,138.32,134.603,130.897,127.21,123.04,118.365,113.515,108.31,104.939,101.857,95.419,90.027,84.879,80.652,76.717,73.275,69.792,66.701,64.338,61.97,60.764,59.792,59.395,59.064,58.826,58.587,57.041,55.481,54.766,53.734,51.283,48.371,45.896,44.129,42.24,39.689,36.937,34.452,32.425,30.899,29.554,28.28,27.162,26.037,24.991,23.998,23.004,22.022,20.664,19.213,18.069,17.056,16.043,14.914,13.953,13.184,12.419,11.591,10.503,9.588,8.873,7.991,7.093,6.259,5.62,5.154,4.729,4.324,3.856,3.421,3.056,2.663,2.196,1.63,1.204,0.947,0.718,0.525,0.365,0.254,0.18,0.125,0.086,0.057,0.037,0.024,0.015,0.009,0.006,0.003
GTM,1969,216.39,199.575,190.216,181.528,174.073,166.867,159.927,154.454,149.198,144.886,141.18,137.822,134.147,130.445,126.734,122.521,117.792,112.882,107.618,104.184,101.041,94.575,89.164,84.015,79.793,75.873,72.452,68.998,65.939,63.602,61.261,60.071,59.11,58.718,58.385,58.144,57.899,56.357,54.802,54.088,53.066,50.646,47.775,45.334,43.589,41.715,39.175,36.429,33.943,31.911,30.377,29.033,27.771,26.667,25.556,24.514,23.514,22.499,21.483,20.095,18.639,17.469,16.438,15.419,14.299,13.349,12.588,11.83,11.015,9.953,9.056,8.347,7.481,6.602,5.789,5.163,4.705,4.291,3.902,3.457,3.043,2.691,2.315,1.876,1.362,0.983,0.754,0.559,0.399,0.271,0.184,0.128,0.086,0.058,0.037,0.023,0.015,0.009,0.006,0.003
GTM,1970,221.661,204.792,195.428,187.649,179.141,171.739,164.802,158.274,153.236,148.35,144.265,140.658,137.341,133.668,129.934,126.166,121.881,117.074,112.083,106.743,103.233,100.026,93.535,88.115,82.973,78.77,74.878,71.493,68.082,65.063,62.761,60.453,59.283,58.335,57.95,57.618,57.377,57.129,55.598,54.058,53.356,52.359,49.978,47.152,44.746,43.017,41.15,38.614,35.871,33.386,31.354,29.825,28.495,27.247,26.157,25.053,24.007,22.989,21.943,20.89,19.506,18.032,16.848,15.808,14.792,13.687,12.75,11.996,11.247,10.443,9.406,8.523,7.816,6.964,6.105,5.316,4.709,4.265,3.867,3.493,3.071,2.677,2.336,1.975,1.568,1.112,0.783,0.587,0.424,0.296,0.197,0.13,0.089,0.058,0.037,0.023,0.014,0.009,0.005,0.003
GTM,1971,226.429,210.094,200.669,192.885,185.285,176.851,169.714,163.175,157.072,152.391,147.726,143.739,140.17,136.849,133.134,129.334,125.479,121.097,116.197,111.115,105.694,102.113,98.852,92.351,86.935,81.815,77.643,73.796,70.461,67.098,64.128,61.864,59.591,58.441,57.51,57.131,56.806,56.567,56.324,54.812,53.297,52.619,51.652,49.315,46.529,44.151,42.429,40.56,38.025,35.286,32.809,30.788,29.274,27.962,26.73,25.646,24.54,23.477,22.432,21.352,20.304,18.898,17.418,16.231,15.193,14.184,13.095,12.17,11.423,10.681,9.884,8.865,7.992,7.286,6.449,5.613,4.855,4.272,3.845,3.463,3.104,2.702,2.324,1.994,1.651,1.282,0.886,0.609,0.446,0.315,0.215,0.14,0.09,0.059,0.038,0.024,0.014,0.009,0.005,0.003
GTM,1972,231.811,214.824,205.9,198.085,190.516,183.002,174.848,168.101,161.973,156.218,151.747,147.175,143.22,139.631,136.243,132.427,128.501,124.51,119.991,114.964,109.77,104.263,100.613,97.313,90.817,85.427,80.353,76.239,72.458,69.19,65.895,62.984,60.773,58.545,57.429,56.526,56.169,55.863,55.643,55.42,53.944,52.47,51.829,50.898,48.604,45.855,43.498,41.78,39.911,37.382,34.657,32.201,30.206,28.712,27.417,26.197,25.111,23.993,22.908,21.835,20.787,19.709,18.293,16.818,15.634,14.601,13.601,12.528,11.614,10.869,10.128,9.334,8.33,7.464,6.76,5.941,5.136,4.412,3.858,3.448,3.081,2.732,2.346,1.983,1.667,1.35,1.023,0.691,0.463,0.332,0.23,0.153,0.097,0.061,0.039,0.024,0.014,0.008,0.005,0.003
GTM,1973,236.858,220.234,210.643,203.346,195.779,188.317,181.073,173.304,166.945,161.144,155.589,151.202,146.655,142.672,139.009,135.51,131.561,127.492,123.355,118.701,113.556,108.268,102.699,99.011,95.696,89.229,83.888,78.878,74.833,71.124,67.926,64.699,61.846,59.686,57.506,56.424,55.553,55.221,54.938,54.742,54.546,53.11,51.681,51.072,50.174,47.913,45.191,42.846,41.129,39.26,36.743,34.044,31.618,29.65,28.176,26.892,25.672,24.575,23.436,22.326,21.293,20.217,19.119,17.704,16.24,15.065,14.039,13.047,11.986,11.077,10.329,9.584,8.789,7.797,6.943,6.246,5.452,4.682,3.995,3.468,3.073,2.716,2.375,2.004,1.66,1.363,1.078,0.798,0.527,0.346,0.243,0.164,0.106,0.066,0.04,0.025,0.015,0.009,0.005,0.003
GTM,1974,242.383,225.319,216.041,208.111,201.093,193.661,186.473,179.592,172.197,166.145,160.526,155.049,150.676,146.092,142.024,138.236,134.588,130.483,126.258,121.975,117.196,111.951,106.595,100.992,97.29,93.987,87.573,82.298,77.367,73.401,69.77,66.643,63.483,60.691,58.582,56.452,55.41,54.574,54.272,54.022,53.857,53.695,52.304,50.917,50.338,49.463,47.227,44.524,42.192,40.476,38.616,36.12,33.456,31.06,29.116,27.656,26.373,25.144,24.028,22.866,21.811,20.749,19.656,18.548,17.14,15.691,14.524,13.502,12.513,11.458,10.55,9.797,9.047,8.249,7.275,6.436,5.751,4.987,4.254,3.602,3.1,2.715,2.365,2.033,1.679,1.358,1.09,0.842,0.61,0.395,0.253,0.174,0.115,0.073,0.044,0.026,0.015,0.009,0.005,0.003
GTM,1975,248.894,231.083,221.276,213.625,205.972,197.699,190.49,183.65,177.162,170.093,164.324,158.94,153.639,149.387,144.896,140.898,137.168,133.53,129.376,125.076,120.727,115.874,110.54,105.097,99.424,95.703,92.418,86.06,80.865,76.051,72.236,68.754,65.751,62.691,59.988,57.943,55.85,54.81,53.952,53.615,53.331,53.139,52.963,51.583,50.205,49.627,48.758,46.541,43.856,41.532,39.816,37.968,35.506,32.876,30.511,28.59,27.144,25.866,24.63,23.491,22.299,21.214,20.131,19.019,17.895,16.482,15.043,13.891,12.881,11.901,10.859,9.963,9.222,8.484,7.7,6.752,5.942,5.284,4.562,3.87,3.254,2.776,2.407,2.072,1.754,1.426,1.139,0.909,0.705,0.517,0.346,0.237,0.174,0.128,0.091,0.063,0.045,0.035,0.024,0.017
GTM,1976,254.541,237.595,227.033,218.874,211.522,202.401,194.353,187.483,181.025,174.848,168.074,162.558,157.369,152.206,148.058,143.646,139.713,135.994,132.297,128.055,123.679,119.246,114.291,108.857,103.331,97.647,93.946,90.704,84.437,79.376,74.738,71.097,67.759,64.874,61.918,59.296,57.296,55.215,54.154,53.262,52.89,52.575,52.365,52.192,50.82,49.449,48.879,48.024,45.826,43.157,40.842,39.139,37.32,34.893,32.296,29.961,28.062,26.627,25.347,24.091,22.921,21.703,20.597,19.493,18.361,17.219,15.813,14.396,13.259,12.259,11.286,10.263,9.388,8.664,7.935,7.164,6.251,5.476,4.85,4.165,3.508,2.926,2.473,2.121,1.799,1.499,1.205,0.959,0.766,0.598,0.446,0.312,0.228,0.177,0.135,0.101,0.073,0.057,0.043,0.031
GTM,1977,258.954,242.108,232.471,223.82,216.069,206.989,198.14,190.464,184.003,177.877,172.033,165.571,160.298,155.289,150.271,146.235,141.921,138.016,134.24,130.448,126.126,121.662,117.12,112.057,106.54,101.013,95.374,91.732,88.583,82.487,77.641,73.222,69.76,66.571,63.815,60.966,58.41,56.432,54.34,53.244,52.313,51.903,51.568,51.355,51.178,49.816,48.465,47.91,47.068,44.892,42.242,39.953,38.283,36.496,34.107,31.552,29.256,27.381,25.954,24.659,23.38,22.185,20.951,19.824,18.697,17.548,16.404,15.021,13.634,12.513,11.525,10.571,9.582,8.737,8.028,7.314,6.571,5.708,4.981,4.389,3.742,3.128,2.589,2.165,1.832,1.532,1.26,1.01,0.806,0.648,0.509,0.388,0.285,0.219,0.173,0.132,0.1,0.076,0.059,0.044
GTM,1978,265.509,247.909,238.158,230.158,221.839,212.493,203.639,195.115,187.799,181.623,175.779,170.193,163.932,158.798,153.895,148.954,144.976,140.663,136.684,132.804,128.922,124.506,119.932,115.279,110.127,104.595,99.097,93.513,89.949,86.928,81.025,76.369,72.112,68.779,65.705,63.039,60.249,57.713,55.722,53.608,52.48,51.522,51.096,50.761,50.551,50.375,49.03,47.702,47.161,46.324,44.159,41.537,39.284,37.639,35.874,33.514,30.992,28.717,26.852,25.409,24.075,22.771,21.554,20.299,19.146,17.995,16.839,15.707,14.347,12.983,11.878,10.909,9.982,9.024,8.198,7.497,6.802,6.087,5.269,4.574,4.001,3.386,2.809,2.301,1.902,1.586,1.311,1.073,0.863,0.691,0.557,0.443,0.347,0.266,0.207,0.162,0.125,0.097,0.072,0.053
GTM,1979,271.34,254.563,244.028,235.894,228.224,218.238,209.112,200.577,192.411,185.375,179.478,173.897,168.515,162.398,157.37,152.539,147.654,143.665,139.264,135.167,131.184,127.195,122.661,117.972,113.226,108.059,102.557,97.114,91.623,88.195,85.356,79.659,75.171,71.055,67.843,64.867,62.262,59.498,56.956,54.943,52.804,51.652,50.682,50.26,49.928,49.721,49.557,48.238,46.933,46.397,45.562,43.421,40.839,38.619,36.996,35.253,32.923,30.425,28.166,26.292,24.813,23.453,22.128,20.887,19.608,18.431,17.271,16.126,15.009,13.67,12.331,11.25,10.309,9.408,8.476,7.664,6.98,6.309,5.625,4.845,4.178,3.626,3.043,2.501,2.026,1.651,1.362,1.12,0.916,0.737,0.591,0.48,0.388,0.308,0.24,0.186,0.143,0.111,0.085,0.062
GTM,1980,277.575,260.527,250.741,241.813,234.007,224.708,214.944,206.131,197.943,190.051,183.291,177.648,172.265,167.022,161.006,156.042,151.259,146.357,142.273,137.748,133.541,129.45,125.34,120.689,115.91,111.147,106.007,100.562,95.21,89.865,86.616,83.961,78.435,74.085,70.09,66.975,64.062,61.482,58.716,56.157,54.123,51.97,50.81,49.85,49.432,49.104,48.91,48.763,47.468,46.173,45.636,44.812,42.706,40.162,37.969,36.367,34.643,32.334,29.853,27.591,25.685,24.182,22.801,21.453,20.185,18.883,17.698,16.55,15.416,14.309,12.992,11.684,10.636,9.722,8.841,7.928,7.137,6.476,5.832,5.174,4.425,3.787,3.257,2.706,2.198,1.756,1.415,1.16,0.95,0.776,0.623,0.502,0.411,0.336,0.266,0.206,0.157,0.122,0.093,0.069
GTM,1981,285.113,266.898,256.786,248.574,239.974,230.646,221.563,212.108,203.634,195.714,188.085,181.569,176.112,170.857,165.702,159.739,154.809,149.996,144.991,140.769,136.123,131.796,127.581,123.355,118.621,113.829,109.096,104.015,98.661,93.454,88.297,85.226,82.714,77.325,73.089,69.19,66.135,63.249,60.666,57.892,55.323,53.276,51.128,49.983,49.032,48.62,48.307,48.129,47.993,46.707,45.416,44.885,44.081,42.007,39.494,37.326,35.741,34.028,31.732,29.249,26.955,25.033,23.512,22.111,20.736,19.443,18.136,16.959,15.822,14.697,13.6,12.309,11.041,10.024,9.13,8.262,7.377,6.616,5.98,5.356,4.719,4.004,3.396,2.89,2.37,1.899,1.5,1.202,0.983,0.801,0.651,0.524,0.427,0.35,0.285,0.222,0.169,0.13,0.1,0.073
GTM,1982,290.933,274.608,263.298,254.7,246.787,236.557,227.431,218.648,209.533,201.326,193.674,186.301,179.982,174.661,169.494,164.388,158.453,153.481,148.546,143.38,139.006,134.215,129.746,125.409,121.093,116.349,111.598,106.931,101.956,96.765,91.763,86.811,83.899,81.51,76.249,72.114,68.282,65.259,62.372,59.777,56.996,54.422,52.382,50.259,49.129,48.191,47.794,47.498,47.334,47.197,45.915,44.636,44.125,43.34,41.295,38.814,36.673,35.097,33.388,31.088,28.582,26.28,24.348,22.81,21.383,19.985,18.684,17.388,16.221,15.087,13.966,12.883,11.626,10.399,9.405,8.525,7.681,6.831,6.101,5.485,4.877,4.26,3.582,3.006,2.524,2.039,1.615,1.269,1.014,0.825,0.671,0.545,0.442,0.361,0.294,0.233,0.18,0.137,0.104,0.076
GTM,1983,294.205,279.063,269.802,260.498,252.411,243.718,233.771,224.876,216.392,207.538,199.506,191.912,184.491,177.982,172.433,167.092,161.824,155.735,150.579,145.478,140.145,135.622,130.778,126.349,122.107,117.928,113.342,108.754,104.27,99.505,94.55,89.774,85.022,82.256,79.985,74.862,70.835,67.083,64.115,61.283,58.736,56.011,53.475,51.445,49.333,48.192,47.236,46.812,46.492,46.305,46.15,44.889,43.644,43.158,42.398,40.386,37.938,35.809,34.228,32.513,30.206,27.719,25.44,23.527,21.996,20.573,19.195,17.912,16.628,15.469,14.342,13.242,12.185,10.974,9.796,8.844,8.01,7.217,6.421,5.735,5.144,4.564,3.982,3.352,2.816,2.369,1.937,1.566,1.268,1.043,0.869,0.726,0.607,0.504,0.418,0.344,0.277,0.212,0.16,0.115
GTM,1984,300.703,284.374,275.845,268.026,258.99,250.204,241.679,231.899,223.238,214.95,206.219,198.213,190.568,183.003,176.34,170.695,165.275,159.929,153.747,148.527,143.365,137.976,133.429,128.607,124.232,120.077,116.002,111.531,107.068,102.724,98.109,93.296,88.64,83.989,81.297,79.088,74.035,70.052,66.335,63.398,60.598,58.089,55.391,52.867,50.844,48.731,47.574,46.595,46.143,45.796,45.589,45.432,44.191,42.973,42.503,41.755,39.761,37.32,35.186,33.592,31.837,29.533,27.061,24.801,22.898,21.369,19.958,18.59,17.306,16.023,14.858,13.738,12.652,11.616,10.442,9.305,8.393,7.593,6.835,6.071,5.404,4.826,4.262,3.698,3.105,2.599,2.185,1.799,1.471,1.207,1.003,0.845,0.709,0.595,0.493,0.405,0.33,0.259,0.195,0.141
GTM,1985,301.798,291.088,281.304,274.158,266.584,257.021,248.402,240.05,230.5,222.029,213.857,205.156,197.113,189.354,181.667,174.926,169.215,163.73,158.306,152.07,146.798,141.581,136.169,131.631,126.848,122.541,118.472,114.489,110.125,105.777,101.553,97.05,92.329,87.747,83.157,80.511,78.333,73.319,69.362,65.675,62.766,60,57.516,54.836,52.325,50.3,48.179,47.001,45.996,45.517,45.148,44.935,44.782,43.564,42.364,41.898,41.15,39.155,36.711,34.566,32.93,31.166,28.87,26.417,24.174,22.278,20.758,19.348,17.975,16.679,15.387,14.221,13.106,12.032,11.016,9.874,8.781,7.903,7.132,6.396,5.655,5.004,4.437,3.885,3.341,2.783,2.316,1.942,1.6,1.312,1.079,0.898,0.755,0.63,0.521,0.427,0.345,0.273,0.208,0.151
GTM,1986,304.529,292.593,288.114,279.685,272.774,264.672,255.27,246.815,238.679,229.313,220.954,212.811,204.073,195.918,188.04,180.278,173.474,167.702,162.143,156.665,150.381,145.055,139.817,134.415,129.912,125.196,120.972,116.994,113.113,108.861,104.63,100.513,96.099,91.449,86.927,82.389,79.776,77.616,72.631,68.701,65.045,62.169,59.427,56.957,54.29,51.78,49.748,47.61,46.408,45.38,44.879,44.503,44.296,44.154,42.954,41.768,41.298,40.533,38.526,36.075,33.9,32.251,30.485,28.203,25.769,23.54,21.659,20.139,18.72,17.333,16.023,14.729,13.565,12.46,11.404,10.408,9.307,8.256,7.411,6.663,5.945,5.225,4.589,4.032,3.494,2.975,2.461,2.04,1.707,1.406,1.155,0.951,0.79,0.658,0.542,0.443,0.357,0.282,0.215,0.158
GTM,1987,310.856,295.719,289.74,286.547,278.356,270.826,262.865,253.607,245.353,237.389,228.134,219.798,211.61,202.747,194.457,186.497,178.67,171.805,165.955,160.343,154.816,148.485,143.14,137.916,132.558,128.128,123.502,119.374,115.504,111.74,107.617,103.506,99.489,95.158,90.579,86.117,81.632,79.041,76.892,71.939,68.038,64.418,61.565,58.835,56.373,53.706,51.189,49.139,46.985,45.76,44.717,44.213,43.847,43.653,43.521,42.336,41.156,40.668,39.879,37.861,35.392,33.213,31.559,29.796,27.528,25.11,22.9,21.026,19.497,18.062,16.66,15.347,14.058,12.904,11.815,10.781,9.812,8.754,7.747,6.928,6.197,5.495,4.796,4.176,3.629,3.11,2.625,2.165,1.792,1.496,1.233,1.014,0.833,0.688,0.566,0.46,0.37,0.291,0.224,0.163
GTM,1988,319.108,302.378,292.968,288.253,285.275,276.455,269.055,261.22,252.15,244.057,236.194,226.961,218.578,210.26,201.26,192.89,184.868,176.982,170.046,164.15,158.495,152.925,146.58,141.252,136.073,130.789,126.445,121.909,117.885,114.129,110.489,106.485,102.475,98.541,94.281,89.766,85.354,80.904,78.327,76.188,71.266,67.4,63.803,60.958,58.234,55.771,53.095,50.564,48.497,46.33,45.094,44.054,43.559,43.209,43.028,42.899,41.719,40.531,40.017,39.2,37.157,34.689,32.514,30.86,29.097,26.838,24.441,22.245,20.367,18.827,17.377,15.972,14.662,13.387,12.251,11.183,10.178,9.24,8.223,7.254,6.457,5.741,5.054,4.372,3.768,3.238,2.749,2.309,1.901,1.572,1.31,1.08,0.887,0.726,0.592,0.481,0.386,0.302,0.232,0.17
GTM,1989,328.466,311.013,299.725,291.565,287.07,283.467,274.773,267.484,259.82,250.901,242.898,235.053,225.772,217.261,208.809,199.73,191.302,183.223,175.274,168.299,162.368,156.676,151.094,144.77,139.483,134.371,129.168,124.904,120.463,116.542,112.901,109.372,105.465,101.537,97.67,93.47,89.007,84.629,80.202,77.634,75.507,70.62,66.773,63.186,60.344,57.618,55.144,52.455,49.915,47.836,45.668,44.435,43.412,42.932,42.591,42.415,42.281,41.095,39.889,39.343,38.478,36.43,33.971,31.805,30.146,28.378,26.134,23.754,21.564,19.682,18.13,16.677,15.281,13.981,12.728,11.614,10.576,9.601,8.696,7.714,6.777,5.998,5.294,4.619,3.956,3.372,2.87,2.423,2.028,1.67,1.381,1.148,0.945,0.771,0.625,0.503,0.404,0.317,0.242,0.178
GTM,1990,335.524,320.692,308.427,298.38,290.452,285.334,281.831,273.241,266.107,258.579,249.746,241.757,233.859,224.446,215.799,207.265,198.124,189.639,181.496,173.511,166.504,160.538,154.838,149.275,142.998,137.778,132.741,127.615,123.437,119.097,115.288,111.756,108.323,104.498,100.64,96.837,92.689,88.26,83.904,79.499,76.943,74.828,69.963,66.122,62.54,59.694,56.958,54.472,51.776,49.23,47.151,45,43.786,42.783,42.315,41.98,41.8,41.646,40.444,39.217,38.62,37.729,35.681,33.235,31.073,29.407,27.641,25.407,23.036,20.852,18.969,17.418,15.974,14.591,13.311,12.085,11.001,9.993,9.05,8.168,7.214,6.304,5.539,4.843,4.182,3.544,2.993,2.531,2.128,1.777,1.461,1.208,1.001,0.818,0.662,0.53,0.424,0.332,0.252,0.184
GTM,1991,340.227,328.074,318.137,307.108,297.304,288.807,283.793,280.377,271.935,264.926,257.478,248.656,240.616,232.589,223.041,214.312,205.713,196.519,187.969,179.788,171.773,164.735,158.761,153.08,147.558,141.344,136.193,131.226,126.18,122.091,117.854,114.147,110.704,107.346,103.586,99.789,96.035,91.92,87.516,83.181,78.798,76.256,74.14,69.284,65.445,61.859,59.005,56.26,53.767,51.072,48.533,46.471,44.347,43.155,42.169,41.707,41.367,41.17,40.986,39.765,38.489,37.863,36.951,34.905,32.469,30.308,28.641,26.874,24.644,22.281,20.105,18.236,16.696,15.266,13.905,12.649,11.455,10.402,9.422,8.501,7.634,6.703,5.816,5.062,4.38,3.738,3.138,2.633,2.216,1.856,1.545,1.27,1.047,0.862,0.698,0.558,0.443,0.345,0.263,0.192
GTM,1992,345.321,333.2,325.599,316.858,306.065,295.484,287.083,282.126,278.836,270.514,263.582,256.137,247.245,239.038,230.838,221.186,212.377,203.705,194.428,185.834,177.616,169.565,162.526,156.584,150.963,145.524,139.405,134.344,129.479,124.552,120.594,116.491,112.9,109.555,106.284,102.606,98.877,95.167,91.085,86.708,82.401,78.043,75.502,73.367,68.515,64.667,61.074,58.208,55.459,52.965,50.282,47.772,45.745,43.658,42.492,41.521,41.063,40.711,40.491,40.277,39.026,37.732,37.078,36.147,34.102,31.672,29.523,27.852,26.075,23.848,21.5,19.347,17.501,15.977,14.57,13.233,12.005,10.843,9.817,8.856,7.946,7.088,6.176,5.31,4.574,3.912,3.305,2.758,2.303,1.93,1.611,1.337,1.097,0.899,0.734,0.587,0.465,0.361,0.274,0.201
GTM,1993,352.746,338.679,330.834,324.378,315.859,304.383,293.9,285.563,280.729,277.545,269.296,262.365,254.854,245.808,237.439,229.136,219.405,210.524,201.772,192.447,183.816,175.562,167.511,160.502,154.613,149.066,143.71,137.674,132.704,127.942,123.134,119.291,115.289,111.784,108.511,105.308,101.691,98.007,94.327,90.274,85.925,81.641,77.292,74.733,72.579,67.725,63.872,60.272,57.403,54.657,52.175,49.522,47.051,45.061,43.006,41.856,40.893,40.421,40.047,39.796,39.529,38.259,36.947,36.268,35.315,33.268,30.854,28.713,27.031,25.245,23.026,20.705,18.584,16.764,15.263,13.876,12.566,11.366,10.23,9.22,8.265,7.362,6.51,5.618,4.782,4.072,3.446,2.889,2.399,1.994,1.663,1.384,1.144,0.935,0.76,0.613,0.485,0.376,0.286,0.207
GTM,1994,359.292,346.411,336.396,329.66,323.415,314.191,302.812,292.391,284.174,279.442,276.324,268.074,261.073,253.404,244.194,235.72,227.335,217.532,208.566,199.768,190.41,181.745,173.491,165.471,158.519,152.707,147.243,141.967,136.027,131.16,126.516,121.825,118.077,114.158,110.724,107.518,104.374,100.804,97.153,93.502,89.476,85.152,80.873,76.517,73.937,71.757,66.9,63.041,59.442,56.578,53.845,51.392,48.78,46.353,44.396,42.368,41.227,40.258,39.766,39.364,39.062,38.758,37.471,36.145,35.439,34.458,32.418,30.02,27.882,26.189,24.395,22.196,19.909,17.822,16.033,14.55,13.187,11.899,10.717,9.595,8.589,7.639,6.744,5.902,5.039,4.242,3.574,3.001,2.5,2.064,1.708,1.419,1.177,0.969,0.786,0.632,0.501,0.389,0.294,0.214
GTM,1995,366.441,352.962,343.971,335.06,328.575,322.462,313.397,302.186,291.915,283.812,279.136,276.024,267.74,260.656,252.854,243.472,234.795,226.197,216.19,207.039,198.086,188.613,179.87,171.574,163.546,156.609,150.834,145.418,140.202,134.327,129.521,124.93,120.29,116.586,112.711,109.323,106.17,103.085,99.578,95.99,92.396,88.421,84.142,79.902,75.579,73.019,70.852,66.029,62.198,58.628,55.793,53.093,50.671,48.095,45.698,43.759,41.743,40.595,39.609,39.086,38.737,38.393,38.047,36.735,35.387,34.645,33.632,31.579,29.177,27.028,25.312,23.497,21.299,19.024,16.949,15.164,13.677,12.308,11.017,9.831,8.708,7.699,6.748,5.86,5.032,4.208,3.465,2.855,2.343,1.907,1.54,1.247,1.014,0.824,0.662,0.522,0.407,0.314,0.237,0.174
GTM,1996,372.188,360.305,350.522,342.612,333.96,327.614,321.657,312.757,301.695,291.536,283.492,278.82,275.667,267.288,260.053,252.048,242.432,233.508,224.668,214.446,205.116,196.026,186.462,177.672,169.367,161.362,154.471,148.758,143.416,138.276,132.479,127.743,123.213,118.632,114.981,111.165,107.841,104.756,101.743,98.308,94.786,91.248,87.326,83.091,78.891,74.605,72.063,69.91,65.124,61.324,57.79,54.987,52.324,49.938,47.397,45.028,43.102,41.093,39.934,38.929,38.483,38.094,37.709,37.322,35.986,34.614,33.834,32.785,30.72,28.316,26.159,24.419,22.587,20.387,18.12,16.052,14.269,12.775,11.4,10.105,8.917,7.799,6.795,5.859,4.994,4.202,3.439,2.768,2.228,1.787,1.422,1.123,0.89,0.709,0.563,0.44,0.336,0.255,0.191,0.14
GTM,1997,376.32,366.297,357.898,349.173,341.52,333.012,326.819,321.018,312.259,301.31,291.211,283.172,278.454,275.197,266.656,259.204,250.948,241.067,231.884,222.81,212.397,202.921,193.732,184.117,175.318,167.039,159.09,152.27,146.639,141.381,136.324,130.608,125.943,121.478,116.962,113.374,109.628,106.376,103.365,100.421,97.056,93.597,90.115,86.241,82.052,77.892,73.64,71.115,68.974,64.224,60.455,56.957,54.192,51.564,49.211,46.7,44.353,42.437,40.432,39.264,38.356,37.874,37.445,37.021,36.591,35.229,33.833,33.015,31.932,29.858,27.453,25.285,23.519,21.661,19.452,17.189,15.124,13.34,11.839,10.46,9.167,7.988,6.886,5.903,4.998,4.177,3.442,2.754,2.166,1.704,1.335,1.039,0.802,0.622,0.484,0.373,0.282,0.209,0.154,0.112
GTM,1998,380.765,370.717,363.963,356.59,348.117,340.602,332.246,326.203,320.533,311.879,300.986,290.893,282.809,277.992,274.568,265.813,258.108,249.584,239.449,230.032,220.765,210.207,200.633,191.392,181.77,172.996,164.772,156.897,150.163,144.619,139.447,134.47,128.83,124.232,119.832,115.383,111.861,108.187,105.003,102.058,99.18,95.877,92.473,89.044,85.216,81.067,76.94,72.715,70.202,68.067,63.35,59.614,56.153,53.422,50.828,48.503,46.016,43.687,41.778,39.778,38.713,37.781,37.262,36.794,36.328,35.853,34.467,33.048,32.195,31.08,28.996,26.586,24.4,22.597,20.703,18.48,16.215,14.155,12.375,10.873,9.5,8.222,7.063,5.995,5.051,4.197,3.436,2.771,2.168,1.667,1.281,0.981,0.746,0.563,0.426,0.322,0.241,0.177,0.127,0.091
GTM,1999,386.031,375.375,368.42,362.663,355.535,347.201,339.833,331.625,325.709,320.14,311.542,300.654,290.52,282.336,277.355,273.707,264.698,256.725,247.939,237.569,227.957,218.542,207.889,198.261,189.011,179.417,170.699,162.552,154.768,148.126,142.671,137.583,132.683,127.12,122.59,118.258,113.876,110.422,106.815,103.697,100.814,97.995,94.751,91.401,88.02,84.234,80.12,76.018,71.815,69.309,67.179,62.496,58.793,55.369,52.669,50.104,47.802,45.338,43.025,41.125,39.246,38.158,37.197,36.641,36.13,35.621,35.106,33.698,32.261,31.374,30.227,28.125,25.699,23.483,21.633,19.696,17.457,15.196,13.149,11.383,9.894,8.541,7.294,6.174,5.156,4.268,3.478,2.79,2.203,1.686,1.267,0.952,0.712,0.529,0.39,0.286,0.209,0.151,0.108,0.076
GTM,2000,386.515,380.835,373.114,367.125,361.611,354.622,346.436,339.213,331.134,325.317,319.797,311.202,300.267,290.023,281.659,276.433,272.498,263.189,254.925,245.876,235.292,225.516,215.992,205.283,195.646,186.427,176.898,168.266,160.22,152.544,146.007,140.652,135.654,130.843,125.365,120.914,116.659,112.353,108.969,105.433,102.381,99.563,96.808,93.625,90.331,86.996,83.248,79.164,75.085,70.902,68.404,66.285,61.639,57.969,54.579,51.91,49.371,47.093,44.651,42.357,40.594,38.705,37.594,36.602,36.005,35.454,34.906,34.354,32.93,31.475,30.552,29.36,27.229,24.775,22.52,20.616,18.639,16.392,14.149,12.129,10.394,8.933,7.617,6.417,5.351,4.397,3.577,2.861,2.25,1.739,1.303,0.957,0.703,0.514,0.372,0.266,0.19,0.136,0.095,0.066
GTM,2001,391.513,381.36,378.442,371.686,365.957,360.595,353.766,345.739,338.655,330.683,324.922,319.403,310.745,299.671,289.2,280.528,274.937,270.609,260.926,252.323,242.994,232.202,222.289,212.694,201.978,192.385,183.248,173.831,165.331,157.425,149.891,143.493,138.267,133.395,128.701,123.335,118.991,114.835,110.623,107.329,103.88,100.912,98.173,95.494,92.383,89.151,85.864,82.158,78.109,74.061,69.909,67.43,65.328,60.723,57.089,53.736,51.096,48.588,46.335,43.918,41.816,40.045,38.144,37.005,35.98,35.344,34.757,34.176,33.593,32.152,30.675,29.703,28.455,26.282,23.793,21.499,19.55,17.544,15.306,13.098,11.124,9.436,8.021,6.759,5.62,4.621,3.74,2.991,2.351,1.814,1.374,1.008,0.726,0.521,0.372,0.262,0.183,0.126,0.087,0.06
GTM,2002,396.821,386.669,379.135,377.116,370.601,365.012,359.797,353.115,345.221,338.238,330.319,324.558,318.979,310.191,298.906,288.153,279.148,273.201,268.52,258.529,249.67,240.151,229.238,219.265,209.662,198.989,189.472,180.435,171.137,162.764,154.987,147.584,141.306,136.195,131.429,126.833,121.565,117.308,113.233,109.099,105.876,102.502,99.603,96.932,94.313,91.256,88.07,84.823,81.149,77.131,73.11,68.986,66.519,64.425,59.854,56.247,52.922,50.308,47.825,45.593,43.352,41.247,39.463,37.547,36.38,35.327,34.658,34.039,33.429,32.811,31.347,29.837,28.805,27.49,25.272,22.753,20.432,18.451,16.438,14.23,12.076,10.165,8.54,7.187,5.989,4.92,3.993,3.185,2.508,1.937,1.468,1.092,0.786,0.554,0.39,0.272,0.187,0.127,0.086,0.058
GTM,2003,395.504,392.237,384.557,377.89,376.087,369.702,364.252,359.178,352.623,344.827,337.895,329.974,324.156,318.449,309.458,297.904,286.832,277.49,271.208,266.225,255.993,246.955,237.321,226.358,216.383,206.819,196.222,186.799,177.872,168.693,160.442,152.786,145.502,139.336,134.326,129.654,125.146,119.961,115.777,111.771,107.706,104.544,101.234,98.394,95.775,93.204,90.193,87.047,83.834,80.192,76.203,72.205,68.102,65.637,63.542,58.998,55.412,52.114,49.521,47.059,44.988,42.748,40.637,38.839,36.911,35.72,34.643,33.945,33.297,32.654,31.995,30.5,28.946,27.845,26.46,24.204,21.669,19.338,17.349,15.347,13.189,11.106,9.273,7.724,6.44,5.314,4.317,3.461,2.722,2.112,1.605,1.196,0.875,0.618,0.429,0.295,0.202,0.136,0.09,0.06
GTM,2004,392.984,391.179,390.196,383.349,376.892,375.209,368.96,363.648,358.698,352.239,344.493,337.559,329.582,323.634,317.721,308.456,296.582,285.17,275.497,268.914,263.679,253.273,244.123,234.439,223.481,213.549,204.055,193.553,184.238,175.426,166.369,158.241,150.707,143.538,137.479,132.564,127.98,123.55,118.441,114.324,110.38,106.376,103.271,100.015,97.224,94.654,92.127,89.16,86.054,82.875,79.262,75.297,71.313,67.223,64.754,62.651,58.129,54.565,51.292,48.716,46.417,44.344,42.1,39.984,38.174,36.238,35.027,33.931,33.206,32.526,31.844,31.135,29.599,27.996,26.826,25.375,23.094,20.56,18.239,16.259,14.289,12.196,10.199,8.454,6.988,5.776,4.722,3.795,3.004,2.333,1.784,1.335,0.981,0.706,0.492,0.334,0.226,0.151,0.099,0.064
GTM,2005,391.544,389.001,389.301,389.088,382.434,376.089,374.527,368.407,363.211,358.35,351.937,344.189,337.2,329.108,322.973,316.806,307.247,295.066,283.356,273.416,266.613,261.211,250.713,241.521,231.843,220.927,211.058,201.642,191.236,182.02,173.315,164.369,156.349,148.917,141.849,135.879,131.041,126.525,122.156,117.105,113.04,109.144,105.187,102.123,98.909,96.158,93.626,91.137,88.21,85.137,81.982,78.387,74.434,70.454,66.367,63.887,61.771,57.272,53.725,50.473,48.034,45.734,43.655,41.41,39.29,37.473,35.533,34.307,33.193,32.438,31.72,30.993,30.225,28.642,26.99,25.751,24.245,21.952,19.437,17.143,15.19,13.268,11.255,9.352,7.7,6.318,5.18,4.193,3.333,2.606,1.996,1.506,1.112,0.806,0.573,0.392,0.262,0.174,0.114,0.073
GTM,2006,388.058,387.627,387.068,388.131,388.102,381.564,375.345,373.907,367.906,362.806,357.998,351.588,343.79,336.684,328.4,322.003,315.529,305.646,293.155,281.172,271.01,264.039,258.529,247.992,238.806,229.168,218.318,208.531,199.21,188.91,179.806,171.215,162.386,154.48,147.155,140.185,134.3,129.538,125.087,120.776,115.783,111.766,107.915,104.003,100.978,97.806,95.097,92.603,90.151,87.258,84.213,81.075,77.489,73.541,69.564,65.479,62.989,60.863,56.387,52.855,49.751,47.309,45.005,42.921,40.676,38.557,36.736,34.798,33.557,32.425,31.635,30.873,30.089,29.254,27.621,25.92,24.618,23.064,20.774,18.293,16.042,14.132,12.272,10.349,8.546,6.987,5.688,4.621,3.701,2.908,2.245,1.698,1.264,0.922,0.66,0.462,0.31,0.204,0.133,0.085
GTM,2007,386.65,384.571,385.954,386.087,387.312,387.377,380.951,374.847,373.512,367.592,362.531,357.717,351.256,343.348,336.067,327.548,320.876,314.109,303.948,291.217,279.043,268.742,261.679,256.124,245.594,236.439,226.853,216.075,206.367,197.132,186.931,177.929,169.44,160.713,152.902,145.666,138.774,132.956,128.251,123.847,119.58,114.631,110.65,106.834,102.956,99.963,96.822,94.142,91.676,89.247,86.374,83.341,80.209,76.627,72.682,68.706,64.625,62.124,59.984,55.524,52.113,49.008,46.56,44.252,42.164,39.922,37.807,35.987,34.052,32.799,31.643,30.813,29.996,29.146,28.233,26.544,24.793,23.431,21.838,19.564,17.132,14.937,13.082,11.292,9.462,7.759,6.294,5.077,4.081,3.231,2.506,1.91,1.426,1.049,0.755,0.531,0.366,0.242,0.156,0.099
GTM,2008,389.058,383.366,382.981,385.019,385.312,386.625,386.79,380.475,374.47,373.208,367.324,362.258,357.391,350.822,342.741,335.231,326.445,319.491,312.452,302.053,289.139,276.833,266.45,259.345,253.78,243.283,234.175,224.65,213.951,204.326,195.183,185.084,176.183,167.794,159.164,151.44,144.282,137.459,131.702,127.046,122.686,118.458,113.548,109.6,105.816,101.967,98.998,95.883,93.222,90.77,88.353,85.491,82.468,79.342,75.765,71.826,67.855,63.776,61.261,59.102,54.76,51.343,48.235,45.78,43.469,41.38,39.145,37.039,35.224,33.295,32.023,30.838,29.954,29.068,28.137,27.136,25.39,23.591,22.177,20.556,18.311,15.939,13.813,12.021,10.306,8.573,6.972,5.602,4.469,3.55,2.775,2.124,1.598,1.177,0.854,0.605,0.418,0.283,0.184,0.115
GTM,2009,386.966,385.887,381.804,382.057,384.252,384.634,386.046,386.314,380.093,374.162,372.934,367.043,361.924,356.943,350.194,341.877,334.09,325.016,317.784,310.497,299.905,286.854,274.464,264.042,256.93,251.382,240.935,231.891,222.442,211.834,202.304,193.263,183.273,174.478,166.187,157.654,150.013,142.93,136.174,130.475,125.867,121.551,117.364,112.494,108.578,104.821,100.997,98.044,94.944,92.292,89.849,87.441,84.591,81.579,78.463,74.895,70.964,66.995,62.917,60.383,58.311,53.967,50.543,47.431,44.971,42.659,40.573,38.352,36.26,34.451,32.521,31.223,29.992,29.037,28.065,27.042,25.947,24.147,22.311,20.853,19.216,17.013,14.714,12.665,10.941,9.304,7.671,6.177,4.908,3.869,3.032,2.339,1.765,1.308,0.949,0.677,0.471,0.32,0.212,0.134
GTM,2010,388.191,383.964,384.369,380.909,381.315,383.597,384.076,385.584,385.939,379.787,373.89,372.652,366.707,361.475,356.313,349.324,340.731,332.655,323.307,315.829,308.341,297.608,284.474,272.047,261.624,254.531,249.02,238.64,229.671,220.308,209.798,200.371,191.433,181.553,172.857,164.661,156.215,148.651,141.637,134.945,129.3,124.74,120.467,116.315,111.483,107.592,103.855,100.046,97.099,94.006,91.359,88.922,86.525,83.689,80.692,77.586,74.026,70.098,66.126,62.043,59.598,57.487,53.141,49.71,46.595,44.131,41.824,39.749,37.547,35.469,33.659,31.718,30.376,29.079,28.036,26.967,25.847,24.664,22.82,20.96,19.471,17.828,15.678,13.462,11.497,9.847,8.297,6.77,5.388,4.227,3.287,2.541,1.93,1.435,1.047,0.747,0.522,0.356,0.237,0.153
GTM,2011,390.474,385.416,382.576,383.56,380.243,380.728,383.093,383.658,385.243,385.658,379.536,373.632,372.346,366.298,360.906,355.53,348.3,339.457,331.142,321.584,313.935,306.322,295.514,282.352,269.929,259.53,252.471,247.002,236.687,227.788,218.502,208.08,198.741,189.891,180.1,171.484,163.36,154.982,147.478,140.518,133.874,128.273,123.749,119.507,115.382,110.574,106.694,102.961,99.155,96.203,93.107,90.462,88.03,85.642,82.817,79.829,76.725,73.164,69.233,65.253,61.258,58.776,56.624,52.273,48.834,45.719,43.258,40.964,38.904,36.72,34.649,32.825,30.855,29.449,28.074,26.934,25.768,24.559,23.299,21.426,19.555,18.048,16.414,14.328,12.206,10.334,8.766,7.307,5.893,4.63,3.583,2.746,2.091,1.564,1.145,0.821,0.574,0.393,0.263,0.171
GTM,2012,393.883,387.867,384.113,381.827,382.941,379.7,380.264,382.709,383.344,384.983,385.425,379.294,373.343,371.959,365.759,360.167,354.563,347.094,338.026,329.517,319.803,312.04,304.355,293.518,280.364,267.97,257.611,250.595,245.173,234.923,226.093,216.881,206.538,197.279,188.502,178.787,170.237,162.172,153.852,146.399,139.484,132.885,127.321,122.824,118.607,114.497,109.704,105.826,102.092,98.28,95.322,92.225,89.579,87.148,84.761,81.94,78.954,75.845,72.281,68.343,64.444,60.431,57.908,55.71,51.357,47.911,44.803,42.353,40.076,38.03,35.856,33.778,31.921,29.905,28.425,26.967,25.734,24.483,23.2,21.878,19.994,18.129,16.619,15.006,13,10.982,9.21,7.731,6.369,5.07,3.93,2.999,2.264,1.699,1.252,0.901,0.634,0.434,0.292,0.191
GTM,2013,397.792,391.409,386.622,383.395,381.236,382.418,379.253,379.893,382.405,383.093,384.757,385.188,379.011,372.966,371.43,365.034,359.213,353.373,345.682,336.421,327.758,317.937,310.108,302.394,291.568,278.446,266.098,255.789,248.822,243.452,233.267,224.506,215.364,205.097,195.907,187.196,177.546,169.054,161.041,152.772,145.365,138.493,131.933,126.402,121.929,117.728,113.628,108.843,104.964,101.223,97.408,94.44,91.338,88.686,86.247,83.854,81.029,78.042,74.932,71.364,67.509,63.59,59.555,56.985,54.737,50.382,46.938,43.847,41.411,39.15,37.109,34.93,32.828,30.925,28.858,27.303,25.77,24.457,23.134,21.795,20.428,18.549,16.709,15.213,13.64,11.723,9.816,8.149,6.762,5.501,4.321,3.303,2.485,1.851,1.369,0.992,0.7,0.484,0.325,0.215
GTM,2014,397.132,395.386,390.167,385.89,382.789,380.701,381.958,378.873,379.582,382.146,382.859,384.514,384.892,378.618,372.416,370.669,364.03,357.957,351.874,343.972,334.547,325.77,315.886,308.031,300.326,289.533,276.463,264.176,253.929,247.024,241.712,231.603,222.914,213.845,203.651,194.53,185.881,176.295,167.858,159.897,151.679,144.319,137.49,130.968,125.467,121.016,116.829,112.738,107.96,104.079,100.331,96.509,93.528,90.414,87.747,85.295,82.894,80.068,77.083,73.974,70.499,66.626,62.68,58.615,55.994,53.695,49.347,45.916,42.847,40.427,38.173,36.123,33.925,31.788,29.834,27.719,26.098,24.502,23.125,21.747,20.367,18.973,17.121,15.323,13.859,12.336,10.515,8.719,7.158,5.866,4.71,3.65,2.754,2.046,1.503,1.095,0.779,0.54,0.365,0.242
GTM,2015,400.974,394.779,394.126,389.404,385.253,382.224,380.216,381.552,378.542,379.307,381.899,382.603,384.204,384.473,378.029,371.6,369.583,362.667,356.327,350.006,341.92,332.37,323.522,313.617,305.772,298.105,287.368,274.368,262.158,251.988,245.157,239.916,229.889,221.278,212.285,202.167,193.114,184.528,175.007,166.627,158.72,150.555,143.242,136.456,129.973,124.503,120.071,115.899,111.815,107.043,103.159,99.4,95.565,92.562,89.431,86.747,84.284,81.881,79.062,76.082,73.077,69.582,65.681,61.7,57.6,54.928,52.586,48.261,44.85,41.804,39.391,37.133,35.061,32.834,30.659,28.659,26.504,24.827,23.183,21.754,20.338,18.935,17.535,15.727,13.986,12.564,11.095,9.371,7.688,6.237,5.046,3.999,3.061,2.281,1.674,1.211,0.866,0.606,0.413,0.274
GTM,2016,404.746,398.595,393.462,393.289,388.695,384.623,381.682,379.762,381.178,378.232,379.029,381.612,382.257,383.735,383.809,377.108,370.378,368.037,360.811,354.196,347.659,339.423,329.79,320.916,311.028,303.229,295.623,284.97,272.063,259.953,249.88,243.14,237.986,228.054,219.53,210.62,200.584,191.606,183.089,173.637,165.32,157.472,149.365,142.105,135.364,128.921,123.482,119.071,114.913,110.836,106.068,102.175,98.401,94.548,91.521,88.375,85.681,83.216,80.816,78.005,75.154,72.124,68.596,64.657,60.637,56.51,53.797,51.428,47.133,43.744,40.712,38.295,36.021,33.918,31.66,29.451,27.409,25.224,23.503,21.821,20.357,18.919,17.511,16.123,14.372,12.694,11.316,9.906,8.28,6.716,5.38,4.297,3.364,2.544,1.873,1.353,0.964,0.678,0.466,0.311
GTM,2017,407.708,402.587,397.433,392.74,392.668,388.135,384.138,381.277,379.434,380.908,377.993,378.781,381.313,381.852,383.162,383.009,376.048,369.041,366.427,358.969,352.168,345.502,337.197,327.546,318.689,308.846,301.104,293.564,282.988,270.166,258.14,248.149,241.481,236.393,226.532,218.072,209.223,199.246,190.322,181.854,172.455,164.185,156.381,148.317,141.094,134.386,127.972,122.549,118.146,113.987,109.906,105.128,101.216,97.416,93.541,90.491,87.331,84.63,82.161,79.758,77.045,74.167,71.1,67.533,63.557,59.51,55.369,52.631,50.24,45.976,42.6,39.574,37.141,34.84,32.704,30.415,28.175,26.097,23.892,22.136,20.432,18.946,17.504,16.107,14.738,13.049,11.437,10.106,8.759,7.24,5.801,4.59,3.621,2.799,2.091,1.517,1.078,0.754,0.521,0.353
GTM,2018,402.837,405.504,401.348,396.63,392.049,392.043,387.592,383.684,380.908,379.13,380.637,377.716,378.448,380.86,381.208,382.256,381.796,374.513,367.197,364.301,356.624,349.669,342.914,334.577,324.944,316.135,306.363,298.703,291.252,280.777,268.062,256.143,246.25,239.67,234.659,224.882,216.494,207.714,197.806,188.943,180.533,171.191,162.974,155.218,147.2,140.017,133.34,126.953,121.548,117.152,112.991,108.901,104.114,100.183,96.362,92.471,89.405,86.238,83.527,81.05,78.76,76.017,73.104,70,66.4,62.402,58.339,54.198,51.437,49.019,44.776,41.402,38.369,35.913,33.584,31.412,29.098,26.833,24.731,22.517,20.742,19.031,17.54,16.105,14.727,13.383,11.756,10.215,8.939,7.665,6.264,4.959,3.874,3.016,2.302,1.694,1.21,0.846,0.582,0.395
GTM,2019,395.347,400.595,404.173,400.459,395.865,391.363,391.444,387.089,383.269,380.563,378.822,380.321,377.34,377.941,380.139,380.195,380.897,380.067,372.433,364.804,361.649,353.793,346.729,339.93,331.606,322.024,313.293,303.62,296.067,288.73,278.376,265.787,253.989,244.208,237.728,232.805,223.121,214.816,206.112,196.278,187.482,179.134,169.853,161.69,153.983,146.013,138.868,132.227,125.867,120.481,116.092,111.93,107.831,103.037,99.087,95.249,91.345,88.261,85.079,82.354,80.008,77.683,74.911,71.971,68.84,65.22,61.21,57.138,52.992,50.196,47.735,43.501,40.119,37.076,34.595,32.241,30.043,27.712,25.438,23.327,21.123,19.347,17.644,16.16,14.739,13.383,12.07,10.513,9.05,7.842,6.653,5.375,4.202,3.24,2.49,1.873,1.357,0.954,0.656,0.444
GTM,2020,383.549,393.185,399.287,403.295,399.713,395.203,390.79,390.958,386.687,382.931,380.26,378.512,379.949,376.838,377.225,379.135,378.849,379.183,377.994,370.046,362.164,358.821,350.854,343.742,336.948,328.67,319.163,310.524,300.958,293.514,286.293,276.059,263.595,251.916,242.246,235.862,231.023,221.428,213.2,204.566,194.801,186.062,177.767,168.54,160.421,152.757,144.83,137.725,131.117,124.787,119.418,115.033,110.865,106.751,101.942,97.968,94.104,90.177,87.063,83.861,81.266,78.888,76.538,73.753,70.801,67.656,64.02,59.991,55.894,51.723,48.872,46.351,42.12,38.729,35.682,33.185,30.82,28.613,26.29,24.03,21.932,19.758,17.994,16.309,14.837,13.437,12.11,10.835,9.36,7.987,6.855,5.756,4.597,3.549,2.699,2.046,1.518,1.084,0.75,0.508
GTM,2021,371.928,382.055,392.354,398.678,402.838,399.363,394.928,390.564,390.759,386.503,382.751,380.068,378.285,379.659,376.452,376.711,378.465,378.013,378.178,376.831,368.755,360.772,357.357,349.359,342.243,335.468,327.228,317.77,309.18,299.664,292.264,285.081,274.888,262.462,250.82,241.177,234.81,229.979,220.398,212.176,203.547,193.787,185.05,176.754,167.531,159.413,151.749,143.822,136.716,130.103,123.768,118.383,113.971,109.77,105.614,100.763,96.735,92.811,88.823,85.643,82.442,79.785,77.353,74.961,72.153,69.188,66.03,62.385,58.344,54.229,50.039,47.131,44.553,40.354,36.99,33.98,31.513,29.178,26.996,24.707,22.48,20.414,18.29,16.561,14.926,13.501,12.157,10.891,9.683,8.305,7.031,5.986,4.982,3.942,3.014,2.27,1.702,1.249,0.882,0.604
GTM,2022,365.353,370.443,381.207,391.697,398.163,402.429,399.033,394.652,390.325,390.542,386.294,382.532,379.813,377.958,379.217,375.857,375.93,377.476,376.815,376.787,375.271,367.075,359.011,355.544,347.533,340.43,333.684,325.485,316.077,307.536,298.069,290.713,283.57,273.423,261.046,249.448,239.842,233.493,228.665,219.096,210.872,202.238,192.479,183.74,175.445,166.235,158.125,150.467,142.544,135.436,128.813,122.463,117.053,112.605,108.362,104.162,99.272,95.189,91.203,87.151,83.969,80.692,77.958,75.464,73.028,70.199,67.222,64.055,60.405,56.36,52.235,48.037,45.071,42.425,38.246,34.88,31.871,29.39,27.05,24.868,22.606,20.422,18.401,16.35,14.676,13.106,11.741,10.466,9.28,8.16,6.914,5.777,4.851,3.98,3.102,2.334,1.728,1.274,0.918,0.637
GTM,2023,365.628,364.115,369.832,380.753,391.352,397.897,402.217,398.861,394.502,390.184,390.398,386.142,382.358,379.601,377.689,378.871,375.42,375.389,376.826,376.062,375.94,374.35,366.107,358.017,354.531,346.521,339.424,332.685,324.495,315.096,306.559,297.095,289.737,282.589,272.443,260.074,248.479,238.865,232.492,227.624,218.028,209.769,201.102,191.322,182.563,174.251,165.036,156.917,149.245,141.309,134.178,127.528,121.147,115.698,111.199,106.9,102.639,97.694,93.54,89.477,85.354,82.092,78.751,75.962,73.424,70.955,68.111,65.117,61.928,58.257,54.194,50.051,45.845,42.823,40.114,35.974,32.626,29.637,27.159,24.832,22.669,20.454,18.33,16.373,14.414,12.813,11.325,10.036,8.847,7.755,6.734,5.632,4.638,3.836,3.097,2.373,1.755,1.276,0.923,0.653
GTM,2024,366.464,364.261,363.453,369.428,380.415,391.051,397.637,402.001,398.684,394.352,390.045,390.252,385.97,382.142,379.315,377.312,378.385,374.823,374.678,376.008,375.157,374.969,373.338,365.086,357,353.518,345.522,338.436,331.705,323.526,314.135,305.603,296.144,288.784,281.632,271.487,259.124,247.53,237.908,231.512,226.612,217,208.721,200.039,190.253,181.484,173.164,163.946,155.816,148.128,140.175,133.018,126.335,119.92,114.429,109.881,105.534,101.229,96.253,92.056,87.953,83.791,80.478,77.095,74.258,71.671,69.155,66.272,63.24,60.012,56.312,52.232,48.081,43.877,40.818,38.067,33.971,30.645,27.677,25.207,22.896,20.756,18.591,16.53,14.644,12.777,11.249,9.841,8.626,7.516,6.508,5.581,4.603,3.735,3.041,2.416,1.82,1.321,0.943,0.668
GTM,2025,369.382,365.238,363.654,363.123,369.137,380.134,390.795,397.421,401.826,398.544,394.229,389.918,390.098,385.77,381.869,378.947,376.836,377.79,374.121,373.876,375.123,374.218,373.998,372.358,364.118,356.05,352.579,344.599,337.526,330.805,322.636,313.256,304.733,295.283,287.924,280.771,270.63,258.274,246.684,237.063,230.657,225.744,216.134,207.853,199.172,189.389,180.621,172.297,163.079,154.941,147.24,139.271,132.09,125.378,118.936,113.417,108.843,104.478,100.162,95.184,90.979,86.86,82.678,79.328,75.906,73.02,70.38,67.813,64.888,61.819,58.56,54.84,50.752,46.598,42.4,39.317,36.534,32.468,29.155,26.202,23.738,21.44,19.322,17.201,15.195,13.366,11.572,10.101,8.754,7.595,6.547,5.608,4.752,3.871,3.099,2.488,1.947,1.442,1.029,0.72
GTM,2026,369.423,368.173,364.644,363.329,362.84,368.867,379.888,390.585,397.25,401.688,398.422,394.102,389.766,389.899,385.498,381.504,378.475,376.251,377.093,373.328,373.004,374.193,373.258,373.026,371.387,363.166,355.116,351.652,343.687,336.624,329.911,321.751,312.38,303.863,294.418,287.057,279.899,269.76,257.408,245.824,236.201,229.785,224.856,215.249,206.965,198.281,188.501,179.73,171.398,162.177,154.025,146.304,138.313,131.103,124.364,117.898,112.36,107.767,103.389,99.063,94.083,89.863,85.72,81.512,78.121,74.656,71.722,69.031,66.414,63.447,60.34,57.044,53.3,49.2,45.043,40.854,37.744,34.931,30.904,27.614,24.687,22.24,19.968,17.886,15.819,13.876,12.112,10.395,8.988,7.71,6.616,5.639,4.774,3.996,3.213,2.536,2.005,1.541,1.122,0.786
GTM,2027,371.468,368.238,367.587,364.323,363.052,362.577,368.631,379.686,390.419,397.114,401.566,398.295,393.951,389.569,389.629,385.136,381.035,377.895,375.563,376.305,372.466,372.087,373.244,372.296,372.064,370.431,362.227,354.193,350.737,342.782,335.727,329.02,320.866,311.503,302.987,293.545,286.18,279.014,268.873,256.526,244.944,235.32,228.895,223.95,214.343,206.054,197.365,187.584,178.806,170.462,161.23,153.059,145.31,137.293,130.056,123.293,116.814,111.263,106.659,102.27,97.932,92.943,88.698,84.526,80.286,76.85,73.345,70.363,67.625,64.956,61.945,58.794,55.458,51.686,47.572,43.412,39.233,36.101,33.262,29.284,26.028,23.139,20.724,18.494,16.456,14.453,12.58,10.885,9.253,7.917,6.716,5.698,4.8,4.014,3.318,2.629,2.042,1.587,1.2,0.857
GTM,2028,369.962,370.301,367.665,367.272,364.049,362.793,362.349,368.436,379.526,390.288,396.996,401.44,398.145,393.755,389.302,389.269,384.67,380.459,377.212,374.785,375.447,371.559,371.149,372.291,371.344,371.115,369.49,361.302,353.282,349.828,341.882,334.833,328.13,319.98,310.62,302.104,292.661,285.288,278.113,267.967,255.624,244.046,234.42,227.983,223.02,213.412,205.116,196.419,186.633,177.843,169.481,160.232,152.032,144.253,136.211,128.951,122.173,115.688,110.133,105.518,101.116,96.759,91.753,87.476,83.27,78.995,75.516,71.972,68.946,66.156,63.435,60.375,57.175,53.793,49.989,45.864,41.702,37.536,34.387,31.53,27.614,24.407,21.571,19.202,17.023,15.041,13.108,11.311,9.692,8.153,6.897,5.785,4.849,4.034,3.331,2.714,2.117,1.617,1.234,0.916
GTM,2029,369.884,368.823,369.738,367.354,367,363.796,362.569,362.159,368.282,379.399,390.172,396.873,401.292,397.95,393.491,388.946,388.804,384.097,379.781,376.441,373.937,374.545,370.631,370.21,371.347,370.406,370.181,368.561,360.386,352.377,348.924,340.986,333.94,327.237,319.088,309.729,301.21,291.763,284.38,277.192,267.043,254.703,243.128,233.5,227.05,222.066,212.453,204.146,195.437,185.642,176.833,168.445,159.172,150.942,143.131,135.07,127.796,121.012,114.528,108.97,104.342,99.919,95.535,90.504,86.191,81.947,77.64,74.119,70.538,67.466,64.625,61.845,58.729,55.474,52.044,48.21,44.071,39.912,35.766,32.609,29.745,25.907,22.765,19.997,17.684,15.567,13.648,11.791,10.077,8.543,7.106,5.942,4.923,4.076,3.347,2.724,2.185,1.675,1.257,0.942
GTM,2030,371.029,368.77,368.274,369.431,367.087,366.749,363.573,362.383,362.01,368.159,379.287,390.052,396.727,401.099,397.688,393.136,388.489,388.235,383.423,379.014,375.6,373.046,373.622,369.701,369.278,370.418,369.482,369.26,367.643,359.479,351.478,348.024,340.091,333.046,326.341,318.189,308.827,300.3,290.849,283.453,276.252,266.098,253.762,242.189,232.558,226.091,221.083,211.464,203.14,194.414,184.603,175.767,167.346,158.045,149.784,141.949,133.875,126.596,119.813,113.334,107.771,103.122,98.67,94.251,89.19,84.838,80.558,76.221,72.659,69.042,65.922,63.022,60.176,57,53.688,50.206,46.341,42.194,38.043,33.928,30.774,27.919,24.175,21.112,18.424,16.179,14.132,12.282,10.508,8.886,7.449,6.124,5.057,4.138,3.381,2.737,2.193,1.73,1.303,0.959
GTM,2031,370.74,369.933,368.233,367.973,369.167,366.84,366.53,363.39,362.235,361.891,368.052,379.171,389.91,396.538,400.837,397.335,392.681,387.925,387.563,382.659,378.179,374.715,372.134,372.695,368.779,368.361,369.504,368.571,368.35,366.731,358.576,350.581,347.125,339.194,332.147,325.435,317.278,307.91,299.375,289.914,282.505,275.29,265.131,252.798,241.226,231.589,225.104,220.068,210.436,202.092,193.341,183.505,174.635,166.177,156.848,148.561,140.71,132.635,125.359,118.58,112.101,106.525,101.848,97.358,92.898,87.806,83.415,79.1,74.737,71.136,67.479,64.304,61.34,58.422,55.182,51.81,48.277,44.381,40.232,36.101,32.031,28.894,26.064,22.431,19.462,16.865,14.695,12.724,10.952,9.271,7.751,6.422,5.213,4.252,3.432,2.764,2.201,1.735,1.344,0.993
GTM,2032,371.277,369.668,369.407,367.936,367.716,368.924,366.624,366.348,363.244,362.117,361.786,367.94,379.034,389.726,396.282,400.488,396.882,392.12,387.262,386.803,381.827,377.3,373.81,371.219,371.778,367.871,367.457,368.601,367.671,367.447,365.826,357.676,349.687,346.224,338.291,331.239,324.518,316.351,306.975,298.43,288.961,281.537,274.306,264.142,251.811,240.238,230.592,224.084,219.014,209.365,200.992,192.208,182.34,173.432,164.935,155.585,147.282,139.424,131.356,124.085,117.307,110.823,105.225,100.51,95.977,91.472,86.35,81.924,77.577,73.186,69.542,65.841,62.606,59.57,56.578,53.27,49.836,46.253,42.334,38.192,34.095,30.087,26.984,24.195,20.688,17.823,15.325,13.237,11.351,9.667,8.092,6.685,5.47,4.383,3.526,2.805,2.222,1.74,1.347,1.025
GTM,2033,371.569,370.227,369.154,369.116,367.682,367.476,368.711,366.446,366.204,363.128,362.013,361.676,367.807,378.856,389.477,395.941,400.037,396.324,391.459,386.511,385.974,380.952,376.4,372.902,370.313,370.874,366.977,366.567,367.709,366.777,366.548,364.922,356.778,348.79,345.317,337.381,330.319,323.585,315.407,306.021,297.463,287.984,280.545,273.299,263.127,250.794,239.219,229.561,223.025,217.914,208.241,199.83,191.004,181.1,172.153,163.624,154.262,145.953,138.096,130.037,122.769,115.985,109.486,103.859,99.101,94.521,89.971,84.822,80.362,75.983,71.563,67.871,64.12,60.818,57.708,54.635,51.258,47.763,44.135,40.202,36.082,32.036,28.107,25.058,22.324,18.955,16.202,13.811,11.815,10.024,8.44,6.982,5.697,4.601,3.636,2.881,2.255,1.756,1.351,1.026
GTM,2034,370.405,370.54,369.724,368.868,368.865,367.448,367.268,368.534,366.304,366.089,363.026,361.905,361.547,367.635,378.614,389.143,395.499,399.483,395.666,390.711,385.691,385.102,380.055,375.496,372.001,369.42,369.983,366.096,365.687,366.824,365.889,365.654,364.021,355.877,347.888,344.401,336.457,329.384,322.634,314.442,305.046,296.474,286.986,279.53,272.265,262.084,249.749,238.165,228.49,221.92,216.761,207.053,198.596,189.724,179.784,170.803,162.252,152.888,144.581,136.728,128.676,121.404,114.604,108.082,102.419,97.614,92.988,88.398,83.222,78.729,74.316,69.861,66.116,62.309,58.936,55.748,52.592,49.146,45.594,41.93,37.997,33.918,29.941,26.112,23.13,20.463,17.241,14.61,12.334,10.44,8.757,7.287,5.953,4.793,3.817,2.972,2.317,1.782,1.362,1.029
GTM,2035,371.3,369.4,370.046,369.441,368.621,368.633,367.243,367.094,368.394,366.189,365.987,362.918,361.778,361.379,367.401,378.29,388.712,394.955,398.829,394.922,389.895,384.828,384.209,379.156,374.6,371.113,368.539,369.106,365.225,364.815,365.946,365.005,364.76,363.116,354.972,346.977,343.474,335.519,328.429,321.662,313.456,304.048,295.462,285.962,278.488,271.202,261.008,248.666,237.072,227.375,220.761,215.542,205.792,197.283,188.363,178.393,169.389,160.824,151.469,143.166,135.314,127.262,119.975,113.151,106.601,100.901,96.049,91.378,86.748,81.548,77.019,72.567,68.072,64.266,60.399,56.953,53.683,50.445,46.934,43.334,39.646,35.732,31.711,27.825,24.111,21.209,18.621,15.553,13.053,10.904,9.125,7.564,6.214,5.01,3.979,3.121,2.39,1.83,1.382,1.037
GTM,2036,369.942,370.314,368.92,369.769,369.199,368.394,368.432,367.073,366.956,368.281,366.089,365.881,362.793,361.612,361.152,367.087,377.873,388.18,394.314,398.089,394.109,389.035,383.945,383.311,378.263,373.717,370.239,367.672,368.239,364.361,363.947,365.07,364.122,363.863,362.206,354.057,346.054,342.53,334.561,327.455,320.668,312.447,303.026,294.425,284.913,277.417,270.107,259.895,247.542,235.931,226.202,219.536,214.247,204.45,195.888,186.926,176.936,167.919,159.351,150.005,141.705,133.845,125.783,118.473,111.619,105.039,99.301,94.404,89.691,85.02,79.794,75.223,70.726,66.186,62.315,58.386,54.864,51.51,48.194,44.627,40.993,37.299,33.422,29.481,25.702,22.116,19.306,16.806,13.904,11.545,9.534,7.884,6.454,5.233,4.161,3.255,2.511,1.888,1.42,1.051
GTM,2037,368.304,368.98,369.842,368.647,369.53,368.974,368.195,368.264,366.937,366.845,368.181,365.985,365.755,362.629,361.387,360.845,366.683,377.357,387.553,393.587,397.281,393.252,388.154,383.056,382.423,377.384,372.848,369.378,366.816,367.379,363.504,363.084,364.196,363.238,362.962,361.287,353.129,345.116,341.568,333.583,326.459,319.652,311.414,301.978,293.361,283.833,276.312,268.972,258.738,246.369,234.733,224.965,218.236,212.869,203.024,194.414,185.42,175.421,166.401,157.83,148.492,140.186,132.309,124.227,116.888,110.003,103.392,97.619,92.678,87.923,83.209,77.95,73.332,68.784,64.196,60.258,56.264,52.666,49.233,45.845,42.235,38.583,34.903,31.085,27.243,23.586,20.139,17.432,15.031,12.304,10.101,8.244,6.732,5.438,4.348,3.404,2.619,1.984,1.464,1.079
GTM,2038,366.196,367.365,368.519,369.574,368.412,369.31,368.779,368.031,368.13,366.828,366.747,368.078,365.861,365.593,362.406,361.084,360.449,366.182,376.747,386.841,392.792,396.429,392.374,387.269,382.176,381.546,376.517,371.991,368.527,365.967,366.525,362.651,362.224,363.321,362.348,362.053,360.356,352.187,344.16,340.585,332.583,325.438,318.612,310.355,300.905,292.266,282.719,275.168,267.793,257.532,245.138,233.467,223.65,216.851,211.406,201.518,192.87,183.855,173.856,164.834,156.259,146.921,138.597,130.693,122.586,115.215,108.298,101.661,95.855,90.871,86.068,81.306,76.01,71.337,66.736,62.096,58.089,54.031,50.358,46.856,43.409,39.771,36.122,32.477,28.738,25.01,21.487,18.191,15.595,13.309,10.771,8.738,7.042,5.675,4.52,3.559,2.741,2.071,1.54,1.114
GTM,2039,365.968,365.283,366.917,368.256,369.343,368.197,369.118,368.617,367.898,368.021,366.73,366.645,367.955,365.7,365.372,362.107,360.693,359.959,365.59,376.055,386.064,391.955,395.556,391.492,386.392,381.308,380.682,375.664,371.144,367.684,365.124,365.676,361.8,361.362,362.443,361.45,361.131,359.409,351.226,343.183,339.58,331.561,324.395,317.545,309.269,299.799,291.137,281.566,273.981,266.563,256.264,243.836,232.123,222.251,215.38,209.859,199.938,191.264,182.236,172.24,163.214,154.625,145.276,136.924,128.986,120.852,113.45,106.505,99.842,94.003,88.973,84.118,79.3,73.961,69.232,64.572,59.88,55.802,51.684,47.946,44.384,40.896,37.252,33.628,30.038,26.393,22.793,19.413,16.28,13.813,11.656,9.323,7.467,5.939,4.719,3.702,2.866,2.167,1.607,1.17
GTM,2040,363.645,365.073,364.845,366.658,368.03,369.13,368.008,368.958,368.486,367.792,367.925,366.63,366.525,367.796,365.482,365.075,361.719,360.208,359.379,364.917,375.299,385.244,391.097,394.679,390.617,385.526,380.453,379.83,374.82,370.307,366.848,364.286,364.83,360.949,360.497,361.555,360.54,360.194,358.444,350.244,342.183,338.55,330.512,323.325,316.449,308.149,298.658,289.967,280.368,272.739,265.271,254.925,242.452,230.692,220.764,213.826,208.236,198.295,189.601,180.564,170.568,161.528,152.914,143.543,135.156,127.182,119.021,111.592,104.619,97.933,92.059,86.976,82.062,77.181,71.795,67.006,62.286,57.543,53.399,49.229,45.439,41.835,38.324,34.696,31.116,27.599,24.063,20.602,17.381,14.425,12.102,10.093,7.971,6.301,4.941,3.867,2.982,2.267,1.682,1.222
GTM,2041,360.086,362.774,364.646,364.592,366.436,367.821,368.944,367.851,368.829,368.381,367.696,367.825,366.511,366.368,367.581,365.188,364.689,361.239,359.634,358.721,364.182,374.501,384.403,390.234,393.808,389.755,384.673,379.61,378.99,373.986,369.475,366.016,363.451,363.982,360.093,359.623,360.655,359.617,359.238,357.457,349.241,341.161,337.498,329.439,322.226,315.321,306.994,297.476,288.752,279.117,271.436,263.904,253.501,240.98,229.17,219.193,212.195,206.547,196.594,187.885,178.834,168.829,159.762,151.111,141.712,133.288,125.278,117.092,109.637,102.639,95.927,90.012,84.868,79.887,74.94,69.507,64.654,59.876,55.085,50.884,46.676,42.849,39.225,35.713,32.121,28.604,25.174,21.759,18.453,15.406,12.643,10.483,8.634,6.729,5.245,4.051,3.116,2.36,1.76,1.279
GTM,2042,357.233,359.24,362.357,364.396,364.373,366.231,367.638,368.789,367.724,368.725,368.287,367.598,367.708,366.356,366.155,367.289,364.808,364.212,360.67,358.983,358,363.405,373.681,383.557,389.378,392.949,388.905,383.832,378.778,378.157,373.156,368.647,365.186,362.614,363.131,359.23,358.738,359.743,358.675,358.264,356.449,348.212,340.114,336.417,328.336,321.095,314.157,305.798,296.248,287.482,277.802,270.058,262.452,251.985,239.415,227.562,217.543,210.497,204.799,194.837,186.108,177.034,167.007,157.902,149.206,139.775,131.314,123.27,115.063,107.583,100.558,93.815,87.85,82.639,77.588,72.571,67.087,62.171,57.338,52.51,48.264,44.036,40.195,36.57,33.079,29.542,26.103,22.775,19.497,16.362,13.507,10.954,8.969,7.291,5.604,4.301,3.265,2.467,1.832,1.339
GTM,2043,353.949,356.411,358.834,362.112,364.181,364.172,366.052,367.486,368.665,367.621,368.632,368.19,367.482,367.555,366.145,365.868,366.912,364.336,363.648,360.025,358.269,357.239,362.608,372.857,382.717,388.532,392.103,388.066,383.003,377.953,377.33,372.331,367.822,364.357,361.775,362.273,358.357,357.84,358.813,357.713,357.266,355.416,347.161,339.041,335.307,327.2,319.926,312.951,304.555,294.964,286.148,276.412,268.593,260.905,250.372,237.76,225.874,215.826,208.738,202.993,193.018,184.257,175.146,165.085,155.934,147.19,137.727,129.232,121.156,112.93,105.423,98.364,91.583,85.564,80.281,75.155,70.065,64.53,59.556,54.677,49.827,45.554,41.326,37.493,33.89,30.439,26.973,23.627,20.417,17.296,14.351,11.707,9.375,7.577,6.074,4.598,3.469,2.587,1.917,1.394
GTM,2044,350.966,353.15,356.017,358.594,361.901,363.984,363.997,365.903,367.363,368.563,367.531,368.536,368.075,367.331,367.347,365.863,365.497,366.444,363.777,363.006,359.318,357.515,356.456,361.806,372.039,381.889,387.701,391.269,387.24,382.182,377.135,376.509,371.51,366.998,363.524,360.93,361.404,357.471,356.927,357.864,356.73,356.245,354.36,346.082,337.939,334.166,326.028,318.717,311.698,303.255,293.616,284.738,274.935,267.034,259.261,248.668,236.022,224.117,214.048,206.922,201.123,191.124,182.318,173.157,163.054,153.854,145.058,135.567,127.039,118.932,110.685,103.146,96.046,89.222,83.144,77.786,72.582,67.416,61.838,56.813,51.904,47.05,42.772,38.568,34.765,31.203,27.807,24.428,21.191,18.121,15.177,12.443,10.024,7.923,6.314,4.986,3.71,2.748,2.009,1.459
GTM,2045,347.59,350.191,352.767,355.782,358.389,361.709,363.812,363.851,365.783,367.263,368.473,367.435,368.424,367.927,367.127,367.067,365.495,365.036,365.89,363.143,362.303,358.57,356.741,355.671,361.01,371.233,381.074,386.881,390.447,386.421,381.367,376.324,375.69,370.69,366.171,362.686,360.075,360.524,356.571,355.996,356.895,355.726,355.201,353.277,344.976,336.805,332.987,324.814,317.459,310.389,301.892,292.192,283.24,273.364,265.376,257.523,246.879,234.214,222.297,212.211,205.041,199.176,189.139,180.275,171.054,160.905,151.653,142.809,133.293,124.734,116.594,108.318,100.739,93.593,86.721,80.582,75.145,69.86,64.625,59.012,53.954,49.032,44.196,39.936,35.78,32.026,28.523,25.198,21.923,18.819,15.909,13.166,10.659,8.474,6.605,5.185,4.026,2.941,2.136,1.53
GTM,2046,344.951,346.836,349.817,352.538,355.58,358.2,361.54,363.668,363.733,365.684,367.175,368.379,367.324,368.277,367.724,366.85,366.704,365.04,364.49,365.261,362.448,361.561,357.804,355.963,354.89,360.225,370.439,380.272,386.073,389.633,385.609,380.557,375.515,374.872,369.866,365.338,361.838,359.209,359.629,355.652,355.043,355.903,354.697,354.13,352.164,343.835,335.634,331.765,323.55,316.145,309.013,300.449,290.677,281.644,271.691,263.622,255.697,245.014,232.338,220.415,210.308,203.082,197.134,187.046,178.113,168.827,158.631,149.328,140.439,130.898,122.306,114.125,105.815,98.191,90.995,84.074,77.871,72.351,66.991,61.694,56.062,50.988,46.077,41.285,37.068,32.979,29.291,25.862,22.629,19.48,16.531,13.808,11.282,9.013,7.066,5.424,4.187,3.192,2.287,1.627
GTM,2047,342.469,344.216,346.473,349.593,352.34,355.396,358.036,361.399,363.552,363.636,365.597,367.083,368.27,367.18,368.076,367.451,366.491,366.253,364.5,363.869,364.572,361.714,360.799,357.033,355.19,354.12,359.453,369.659,379.48,385.274,388.826,384.803,379.752,374.708,374.053,369.037,364.497,360.98,358.327,358.715,354.713,354.07,354.888,353.643,353.031,351.017,342.657,334.42,330.495,322.231,314.764,307.559,298.916,289.064,279.947,269.922,261.78,253.794,243.082,230.4,218.466,208.324,201.028,194.98,184.832,175.824,166.471,156.229,146.879,137.944,128.378,119.743,111.515,103.165,95.491,88.243,81.27,75.002,69.405,63.977,58.635,53.004,47.938,43.064,38.34,34.185,30.181,26.575,23.239,20.121,17.124,14.357,11.839,9.546,7.519,5.805,4.382,3.32,2.482,1.742
GTM,2048,339.818,341.751,343.862,346.252,349.399,352.16,355.234,357.898,361.285,363.456,363.551,365.507,366.975,368.127,366.983,367.807,367.096,366.047,365.719,363.887,363.189,363.843,360.961,360.033,356.267,354.429,353.365,358.695,368.89,378.7,384.483,388.026,384.002,378.948,373.899,373.229,368.201,363.645,360.108,357.43,357.784,353.756,353.075,353.85,352.562,351.9,349.835,341.438,333.159,329.168,320.845,313.304,306.013,297.283,287.349,278.151,268.064,259.859,251.821,241.082,228.391,216.434,206.245,198.861,192.702,182.486,173.4,163.98,153.696,144.298,135.315,125.716,117.032,108.749,100.356,92.632,85.327,78.302,71.973,66.309,60.829,55.459,49.856,44.823,40.012,35.377,31.302,27.4,23.897,20.679,17.7,14.883,12.319,10.024,7.967,6.18,4.691,3.476,2.583,1.892
GTM,2049,337.545,339.117,341.404,343.645,346.062,349.221,352.002,355.099,357.786,361.191,363.372,363.461,365.4,366.834,367.932,366.717,367.457,366.657,365.519,365.112,363.215,362.471,363.096,360.203,359.272,355.512,353.679,352.622,357.949,368.132,377.926,383.699,387.23,383.203,378.143,373.085,372.396,367.354,362.78,359.219,356.515,356.832,352.776,352.057,352.784,351.449,350.731,348.61,340.17,331.84,327.774,319.38,311.754,304.366,295.546,285.533,276.265,266.125,257.868,249.779,239.01,226.298,214.303,204.05,196.567,190.287,180.002,170.837,161.352,151.026,141.578,132.537,122.897,114.158,105.816,97.379,89.598,82.239,75.167,68.788,63.07,57.559,52.187,46.637,41.665,36.937,32.411,28.434,24.655,21.278,18.204,15.394,12.779,10.436,8.371,6.552,4.996,3.723,2.705,1.969
GTM,2050,335.545,336.858,338.776,341.19,343.457,345.888,349.066,351.869,354.989,357.694,361.108,363.283,363.356,365.262,366.642,367.669,366.371,367.022,366.134,364.918,364.445,362.504,361.732,362.343,359.449,358.521,354.77,352.944,351.89,357.212,367.382,377.161,382.919,386.436,382.402,377.334,372.265,371.553,366.494,361.899,358.313,355.58,355.86,351.773,351.011,351.686,350.299,349.52,347.334,338.845,330.454,326.299,317.822,310.1,302.614,293.705,283.625,274.296,264.115,255.806,247.663,236.85,224.1,212.053,201.727,194.136,187.728,177.373,168.132,158.581,148.21,138.702,129.594,119.907,111.108,102.705,94.219,86.384,78.974,71.867,65.454,59.703,54.185,48.839,43.369,38.482,33.857,29.458,25.6,21.967,18.744,15.844,13.227,10.833,8.721,6.887,5.299,3.965,2.897,2.062
GTM,2051,334.23,334.873,336.525,338.566,341.005,343.286,345.735,348.936,351.76,354.899,357.611,361.021,363.18,363.22,365.072,366.382,367.327,365.942,366.504,365.539,364.259,363.741,361.773,360.989,361.595,358.706,357.784,354.041,352.22,351.169,356.484,366.638,376.399,382.14,385.64,381.596,376.517,371.434,370.697,365.618,361,357.387,354.625,354.864,350.744,349.934,350.552,349.107,348.261,346.001,337.452,328.99,324.731,316.163,308.342,300.758,291.772,281.634,272.254,262.034,253.668,245.456,234.582,221.779,209.671,199.263,191.557,185.02,174.596,165.276,155.656,145.232,135.654,126.472,116.733,107.871,99.404,90.869,82.983,75.536,68.412,61.986,56.228,50.731,45.438,40.075,35.29,30.787,26.536,22.823,19.364,16.326,13.623,11.221,9.059,7.18,5.573,4.209,3.088,2.209
GTM,2052,331.758,333.57,334.547,336.317,338.385,340.838,343.136,345.608,348.83,351.672,354.818,357.526,360.919,363.045,363.034,364.816,366.045,366.902,365.432,365.916,364.887,363.563,363.016,361.037,360.25,360.858,357.975,357.058,353.323,351.507,350.457,355.764,365.9,375.641,381.362,384.84,380.783,375.69,370.59,369.825,364.725,360.082,356.442,353.646,353.841,349.684,348.823,349.378,347.868,346.945,344.601,335.979,327.434,323.062,314.397,306.48,298.808,289.755,279.567,270.139,259.875,251.44,243.138,232.188,219.323,207.145,196.651,188.828,182.158,171.666,162.263,152.562,142.074,132.419,123.157,113.366,104.435,95.901,87.323,79.401,71.933,64.815,58.403,52.667,47.22,42.005,36.768,32.107,27.75,23.673,20.133,16.878,14.049,11.566,9.391,7.463,5.813,4.428,3.278,2.355
GTM,2053,331.266,331.113,333.249,334.342,336.139,338.22,340.691,343.012,345.504,348.742,351.591,354.734,357.426,360.787,362.861,362.782,364.484,365.626,366.397,364.851,365.271,364.197,362.845,362.287,360.306,359.52,360.132,357.257,356.345,352.616,350.803,349.753,355.05,365.166,374.882,380.58,384.034,379.96,374.85,369.732,368.937,363.812,359.145,355.475,352.643,352.789,348.59,347.672,348.156,346.573,345.562,343.121,334.414,325.775,321.285,312.528,304.523,296.773,287.661,277.428,267.946,257.624,249.1,240.692,229.652,216.717,204.466,193.885,185.944,179.137,168.572,159.074,149.281,138.721,128.984,119.638,109.788,100.788,92.191,83.585,75.644,68.179,61.095,54.729,49.044,43.673,38.558,33.469,28.955,24.769,20.895,17.559,14.534,11.936,9.686,7.742,6.048,4.622,3.451,2.501
GTM,2054,329.617,330.633,330.798,333.048,334.166,335.977,338.075,340.567,342.909,345.418,348.664,351.51,354.635,357.296,360.606,362.613,362.454,364.07,365.127,365.821,364.213,364.588,363.487,362.124,361.562,359.584,358.805,359.419,356.552,355.643,351.918,350.106,349.056,354.34,364.433,374.12,379.791,383.217,379.125,373.996,368.857,368.029,362.88,358.185,354.482,351.609,351.702,347.457,346.474,346.88,345.212,344.1,341.548,332.747,324.012,319.404,310.562,302.479,294.66,285.492,275.208,265.658,255.259,246.627,238.098,226.96,213.951,201.626,190.959,182.896,175.945,165.295,155.689,145.795,135.158,125.333,115.897,105.988,96.924,88.277,79.662,71.727,64.293,57.277,50.988,45.381,40.108,35.115,30.198,25.859,21.875,18.235,15.13,12.358,10.005,7.993,6.278,4.812,3.604,2.634
GTM,2055,327.159,328.996,330.324,330.601,332.875,334.007,335.835,337.954,340.467,342.824,345.34,348.583,351.412,354.507,357.118,360.361,362.288,362.046,363.579,364.559,365.19,363.538,363.885,362.772,361.406,360.846,358.875,358.101,358.719,355.857,354.949,351.229,349.417,348.362,353.631,363.697,373.353,378.993,382.389,378.275,373.125,367.962,367.102,361.926,357.2,353.459,350.542,350.576,346.278,345.223,345.539,343.774,342.546,339.872,330.973,322.142,317.426,308.509,300.358,292.471,283.242,272.893,263.256,252.762,244.007,235.348,224.105,211.019,198.622,187.867,179.675,172.563,161.816,152.092,142.088,131.371,121.452,111.92,101.959,92.843,84.167,75.568,67.669,60.303,53.386,47.201,41.696,36.544,31.699,26.983,22.85,19.102,15.724,12.874,10.365,8.261,6.485,4.998,3.754,2.752
GTM,2056,325.951,326.55,328.693,330.128,330.43,332.718,333.867,335.716,337.855,340.383,342.749,345.261,348.488,351.288,354.333,356.878,360.041,361.885,361.562,363.018,363.936,364.521,362.844,363.177,362.062,360.698,360.143,358.179,357.41,358.029,355.172,354.265,350.547,348.732,347.672,352.922,362.957,372.577,378.184,381.546,377.409,372.236,367.05,366.153,360.947,356.186,352.403,349.437,349.406,345.046,343.909,344.122,342.247,340.891,338.089,329.094,320.178,315.36,306.379,298.16,290.199,280.894,270.46,260.718,250.115,241.228,232.427,221.075,207.917,195.446,184.597,176.262,168.972,158.118,148.267,138.149,127.343,117.325,107.704,97.704,88.556,79.876,71.324,63.498,56.233,49.446,43.391,38.012,33.007,28.341,23.857,19.965,16.481,13.386,10.805,8.565,6.709,5.168,3.903,2.869
GTM,2057,323.177,325.355,326.253,328.5,329.959,330.275,332.581,333.75,335.619,337.774,340.309,342.67,345.168,348.365,351.115,354.096,356.564,359.644,361.406,361.009,362.402,363.275,363.833,362.144,362.473,361.361,360.003,359.453,357.495,356.729,357.35,354.495,353.587,349.869,348.05,346.98,352.208,362.21,371.791,377.361,380.685,376.525,371.328,366.115,365.179,359.939,355.139,351.309,348.288,348.183,343.753,342.52,342.617,340.62,339.132,336.201,327.119,318.127,313.216,304.17,295.879,287.83,278.428,267.892,258.027,247.307,238.275,229.329,217.869,204.636,192.087,181.131,172.635,165.152,154.183,144.199,133.957,123.059,112.946,103.247,93.229,84.076,75.424,66.959,59.241,52.109,45.478,39.577,34.352,29.526,25.071,20.857,17.236,14.041,11.243,8.935,6.961,5.35,4.038,2.984
GTM,2058,320.559,322.595,325.064,326.064,328.334,329.808,330.141,332.465,333.654,335.538,337.7,340.232,342.579,345.046,348.195,350.883,353.787,356.173,359.171,360.859,360.401,361.751,362.595,363.139,361.449,361.779,360.672,359.32,358.775,356.823,356.058,356.678,353.826,352.915,349.195,347.367,346.285,351.488,361.452,370.992,376.522,379.808,375.622,370.398,365.157,364.176,358.898,354.055,350.172,347.088,346.899,342.387,341.045,341.014,338.889,337.267,334.215,325.056,315.996,310.992,301.878,293.499,285.34,275.822,265.167,255.17,244.322,235.141,226.046,214.475,201.163,188.524,177.447,168.776,161.087,149.997,139.867,129.493,118.509,108.314,98.556,88.549,79.424,70.84,62.499,54.922,47.951,41.503,35.785,30.745,26.134,21.931,18.016,14.692,11.799,9.303,7.267,5.554,4.183,3.089
GTM,2059,320.072,319.988,322.309,324.876,325.901,328.184,329.674,330.027,332.371,333.575,335.466,337.624,340.141,342.459,344.88,347.966,350.578,353.401,355.708,358.632,360.258,359.758,361.079,361.91,362.45,360.762,361.096,359.995,358.649,358.108,356.159,355.396,356.014,353.161,352.245,348.519,346.681,345.585,350.76,360.683,370.178,375.666,378.912,374.698,369.444,364.169,363.14,357.82,352.927,348.984,345.827,345.54,340.934,339.474,339.308,337.054,335.304,332.138,322.91,313.785,308.683,299.483,290.995,282.706,273.057,262.271,252.131,241.15,231.817,222.567,210.878,197.474,184.731,173.521,164.663,156.756,145.533,135.25,124.747,113.689,103.432,93.644,83.682,74.627,66.148,57.968,50.563,43.779,37.543,32.044,27.228,22.873,18.953,15.365,12.353,9.768,7.571,5.801,4.345,3.202
GTM,2060,318.514,319.513,319.709,322.125,324.714,325.753,328.053,329.563,329.935,332.292,333.503,335.39,337.535,340.024,342.295,344.655,347.666,350.199,352.942,355.176,358.039,359.621,359.094,360.401,361.228,361.769,360.087,360.427,359.331,357.99,357.451,355.504,354.742,355.355,352.499,351.574,347.84,345.989,344.876,350.02,359.899,369.347,374.792,377.994,373.748,368.461,363.148,362.065,356.697,351.748,347.736,344.494,344.098,339.388,337.801,337.499,335.122,333.252,329.979,320.685,311.489,306.27,296.967,288.348,279.912,270.117,259.191,248.901,237.785,228.294,218.88,207.058,193.547,180.689,169.337,160.282,152.136,140.775,130.339,119.717,108.608,98.317,88.533,78.661,69.716,61.381,53.392,46.186,39.622,33.635,28.392,23.841,19.776,16.172,12.924,10.232,7.952,6.047,4.541,3.328
GTM,2061,316.827,317.965,319.237,319.527,321.966,324.57,325.624,327.943,329.471,329.857,332.222,333.431,335.303,337.42,339.863,342.074,344.36,347.293,349.747,352.419,354.593,357.411,358.965,358.426,359.728,360.556,361.101,359.426,359.769,358.678,357.34,356.803,354.858,354.092,354.699,351.837,350.9,347.157,345.29,344.157,349.267,359.102,368.5,373.898,377.052,372.77,367.446,362.092,360.949,355.525,350.511,346.417,343.079,342.563,337.743,336.03,335.596,333.105,331.121,327.742,318.375,309.091,303.736,294.307,285.541,276.944,266.991,255.918,245.476,234.219,224.562,214.966,202.991,189.364,176.384,164.882,155.61,147.213,135.713,125.134,114.416,103.282,92.994,83.259,73.52,64.724,56.565,48.797,41.826,35.519,29.82,24.876,20.626,16.884,13.611,10.712,8.335,6.356,4.736,3.48
GTM,2062,313.499,316.29,317.694,319.057,319.371,321.823,324.442,325.516,327.852,329.394,329.787,332.15,333.344,335.189,337.262,339.644,341.783,343.992,346.847,349.231,351.843,353.974,356.764,358.304,357.761,359.064,359.894,360.444,358.776,359.122,358.035,356.7,356.163,354.217,353.447,354.043,351.172,350.222,346.467,344.582,343.427,348.502,358.287,367.632,372.98,376.083,371.76,366.394,360.993,359.783,354.296,349.203,345.018,341.572,340.93,336,334.166,333.608,331.008,328.91,325.417,315.963,306.572,301.057,291.484,282.557,273.784,263.667,252.444,241.844,230.439,220.594,210.795,198.657,184.904,171.794,160.127,150.627,141.972,130.345,119.641,108.852,97.735,87.494,77.852,68.286,59.675,51.724,44.214,37.515,31.509,26.143,21.534,17.619,14.219,11.287,8.731,6.665,4.981,3.631
GTM,2063,312.635,312.975,316.024,317.517,318.903,319.231,321.698,324.335,325.426,327.777,329.325,329.717,332.064,333.231,335.033,337.045,339.358,341.421,343.554,346.339,348.664,351.233,353.336,356.11,357.646,357.104,358.411,359.247,359.801,358.138,358.487,357.402,356.068,355.528,353.58,352.802,353.385,350.504,349.537,345.766,343.862,342.684,347.721,357.455,366.744,372.036,375.081,370.714,365.3,359.845,358.559,352.995,347.815,343.528,339.97,339.199,334.166,332.217,331.541,328.832,326.613,322.989,313.427,303.908,298.211,288.482,279.38,270.423,260.137,248.758,237.99,226.419,216.366,206.346,194.033,180.146,166.893,155.049,145.316,136.408,124.673,113.873,103.05,91.996,81.85,72.344,62.989,54.594,46.89,39.679,33.298,27.639,22.644,18.406,14.846,11.796,9.204,6.985,5.225,3.82
GTM,2064,310.581,312.119,312.714,315.848,317.364,318.764,319.108,321.594,324.248,325.352,327.709,329.255,329.633,331.954,333.078,334.821,336.763,339,340.988,343.052,345.78,348.062,350.603,352.691,355.46,356.995,356.46,357.77,358.611,359.169,357.511,357.86,356.777,355.442,354.899,352.944,352.155,352.723,349.829,348.843,345.056,343.129,341.926,346.923,356.601,365.828,371.059,374.043,369.626,364.159,358.641,357.265,351.615,346.338,341.942,338.273,337.377,332.248,330.191,329.396,326.571,324.215,320.438,310.745,301.079,295.186,285.286,275.999,266.854,256.391,244.847,233.892,222.134,211.856,201.601,189.099,175.066,161.66,149.64,139.676,130.528,118.716,107.856,97.048,86.106,76.101,66.768,57.66,49.522,42.106,35.241,29.227,23.955,19.367,15.519,12.325,9.625,7.368,5.479,4.011
GTM,2065,308.318,310.075,311.863,312.541,315.698,317.227,318.643,319.005,321.507,324.174,325.286,327.64,329.173,329.524,331.802,332.868,334.542,336.411,338.573,340.493,342.501,345.186,347.442,349.969,352.051,354.818,356.357,355.828,357.143,357.987,358.547,356.893,357.243,356.158,354.82,354.269,352.305,351.504,352.055,349.145,348.138,344.333,342.383,341.153,346.106,355.724,364.883,370.049,372.964,368.491,362.96,357.368,355.892,350.148,344.767,340.264,336.485,335.473,330.255,328.09,327.168,324.212,321.693,317.739,307.898,298.072,291.965,281.884,272.407,263.064,252.415,240.686,229.522,217.56,207.042,196.536,183.829,169.638,156.079,143.891,133.714,124.347,112.495,101.624,90.881,80.1,70.273,61.151,52.331,44.495,37.42,30.952,25.348,20.501,16.34,12.892,10.063,7.71,5.782,4.207
GTM,2066,305.482,307.823,309.825,311.692,312.394,315.563,317.108,318.541,318.919,321.435,324.108,325.217,327.558,329.064,329.374,331.595,332.594,334.194,335.99,338.085,339.949,341.915,344.574,346.814,349.335,351.418,354.188,355.732,355.209,356.526,357.373,357.935,356.283,356.632,355.544,354.199,353.638,351.663,350.848,351.377,348.45,347.421,343.596,341.621,340.361,345.265,354.816,363.903,368.997,371.836,367.296,361.693,356.017,354.431,348.584,343.1,338.495,334.616,333.491,328.185,325.904,324.84,321.729,319.024,314.871,304.868,294.866,288.532,278.266,268.59,259.036,248.179,236.244,224.853,212.675,201.899,191.119,178.191,163.844,150.142,137.804,127.437,117.882,106.044,95.213,84.584,74.005,64.396,55.528,47.045,39.566,32.885,26.86,21.707,17.306,13.581,10.531,8.064,6.053,4.442
GTM,2067,303.817,304.997,307.576,309.655,311.546,312.261,315.445,317.007,318.457,318.848,321.37,324.041,325.137,327.452,328.916,329.169,331.324,332.25,333.779,335.508,337.548,339.371,341.311,343.955,346.191,348.711,350.797,353.571,355.119,354.601,355.921,356.77,357.333,355.681,356.024,354.93,353.577,353.004,351.016,350.182,350.69,347.744,346.69,342.844,340.84,339.545,344.398,353.879,362.885,367.9,370.652,366.036,360.348,354.579,352.875,346.928,341.346,336.645,332.672,331.435,326.034,323.622,322.391,319.102,316.19,311.819,301.636,291.449,284.881,274.419,264.532,254.746,243.658,231.498,219.864,207.454,196.398,185.323,172.17,157.676,143.854,131.395,120.871,111.178,99.405,88.663,78.192,67.856,58.511,49.95,41.861,34.794,28.558,23.018,18.338,14.395,11.103,8.445,6.336,4.653
GTM,2068,302.318,303.342,304.756,307.41,309.511,311.415,312.145,315.347,316.924,318.387,318.783,321.303,323.962,325.032,327.306,328.715,328.902,330.984,331.839,333.303,334.978,336.978,338.775,340.701,343.339,345.574,348.098,350.188,352.966,354.519,354.005,355.327,356.176,356.737,355.083,355.419,354.316,352.953,352.365,350.362,349.507,349.991,347.024,345.945,342.074,340.037,338.704,343.5,352.903,361.823,366.747,369.402,364.7,358.918,353.05,351.228,345.186,339.513,334.721,330.654,329.299,323.789,321.223,319.802,316.313,313.173,308.566,298.195,287.815,280.999,270.332,260.211,250.167,238.828,226.427,214.534,201.87,190.51,179.132,165.761,151.141,137.227,124.685,114.055,104.273,92.619,82.01,71.737,61.693,52.667,44.473,36.835,30.235,24.487,19.458,15.263,11.776,8.908,6.639,4.873
GTM,2069,299.633,301.852,303.103,304.591,307.267,309.381,311.301,312.047,315.264,316.855,318.323,318.718,321.225,323.858,324.888,327.107,328.45,328.566,330.578,331.37,332.78,334.415,336.388,338.172,340.093,342.731,344.97,347.498,349.593,352.374,353.928,353.419,354.741,355.59,356.146,354.487,354.813,353.7,352.323,351.718,349.697,348.822,349.28,346.29,345.181,341.281,339.209,337.836,342.567,351.886,360.708,365.531,368.077,363.277,357.397,351.429,349.494,343.362,337.606,332.725,328.557,327.067,321.426,318.683,317.05,313.341,309.956,305.097,294.529,283.948,276.871,265.974,255.593,245.269,233.661,221.004,208.826,195.887,184.215,172.533,158.961,144.246,130.283,117.712,107.027,97.206,85.717,75.286,65.263,55.567,46.923,39.159,32.029,25.945,20.716,16.207,12.494,9.456,7.009,5.11
GTM,2070,297.873,299.176,301.618,302.941,304.451,307.14,309.269,311.204,311.967,315.195,316.792,318.258,318.641,321.123,323.716,324.691,326.844,328.118,328.166,330.114,330.852,332.223,333.833,335.794,337.572,339.493,342.134,344.377,346.911,349.009,351.793,353.349,352.842,354.163,355.007,355.556,353.891,354.205,353.078,351.686,351.061,349.021,348.123,348.553,345.538,344.395,340.464,338.353,336.932,341.593,350.818,359.53,364.24,366.665,361.763,355.784,349.723,347.678,341.465,335.624,330.649,326.366,324.719,318.925,315.984,314.118,310.171,306.522,301.401,290.628,279.831,272.466,261.314,250.651,240.027,228.131,215.192,202.705,189.482,177.498,165.525,151.777,137.011,123.057,110.513,99.825,90.01,78.731,68.53,58.817,49.537,41.342,34.069,27.499,21.959,17.264,13.274,10.037,7.441,5.396
GTM,2071,296.017,297.426,298.947,301.457,302.802,304.325,307.029,309.174,311.125,311.899,315.134,316.727,318.182,318.541,320.983,323.521,324.433,326.517,327.722,327.708,329.602,330.302,331.648,333.245,335.2,336.98,338.905,341.55,343.799,346.335,348.437,351.222,352.78,352.274,353.59,354.427,354.968,353.293,353.592,352.45,351.04,350.395,348.335,347.411,347.809,344.765,343.585,339.619,337.463,335.99,340.572,349.691,358.281,362.866,365.163,360.158,354.085,347.936,345.789,339.494,333.565,328.479,324.06,322.233,316.266,313.107,310.989,306.787,302.862,297.464,286.471,275.438,267.753,256.325,245.36,234.415,222.203,208.956,196.152,182.647,170.361,158.118,144.237,129.48,115.594,103.134,92.489,82.724,71.712,61.803,52.471,43.675,35.994,29.27,23.292,18.313,14.149,10.672,7.905,5.733
GTM,2072,293.146,295.578,297.199,298.788,301.32,302.678,304.216,306.935,309.096,311.058,311.838,315.071,316.652,318.082,318.403,320.791,323.266,324.109,326.125,327.267,327.202,329.058,329.734,331.067,332.659,334.615,336.398,338.328,340.979,343.233,345.772,347.876,350.661,352.218,351.709,353.019,353.848,354.377,352.691,352.973,351.814,350.384,349.716,347.633,346.682,347.044,343.967,342.746,338.741,336.535,335,339.495,348.495,356.953,361.405,363.571,358.469,352.307,346.077,343.826,337.445,331.412,326.197,321.619,319.589,313.432,310.035,307.646,303.177,298.961,293.269,282.034,270.736,262.706,250.981,239.692,228.395,215.838,202.275,189.149,175.376,162.809,150.333,136.376,121.691,107.933,95.606,85.052,75.393,64.712,55.17,46.291,38.05,30.944,24.806,19.435,15.018,11.382,8.409,6.093
GTM,2073,291.254,292.716,295.355,297.043,298.653,301.197,302.571,304.124,306.858,309.03,310.997,311.776,314.996,316.554,317.946,318.213,320.539,322.945,323.722,325.675,326.766,326.664,328.495,329.158,330.487,332.08,334.04,335.828,337.765,340.42,342.677,345.219,347.324,350.108,351.661,351.148,352.449,353.266,353.782,352.081,352.344,351.166,349.716,349.024,346.915,345.93,346.255,343.141,341.875,337.824,335.561,333.958,338.352,347.223,355.539,359.855,361.893,356.698,350.455,344.144,341.785,335.302,329.145,323.778,319.021,316.769,310.403,306.753,304.078,299.326,294.803,288.787,277.281,265.695,257.296,245.253,233.608,221.926,209.012,195.131,181.696,167.677,154.865,142.211,128.24,113.689,100.113,87.97,77.562,68.078,57.805,48.706,40.358,32.735,26.242,20.712,15.949,12.088,8.974,6.485
GTM,2074,288.915,290.832,292.497,295.2,296.909,298.532,301.091,302.48,304.048,306.792,308.97,310.935,311.703,314.899,316.419,317.758,317.965,320.222,322.562,323.278,325.18,326.233,326.108,327.925,328.585,329.915,331.512,333.477,335.272,337.214,339.873,342.132,344.677,346.781,349.56,351.108,350.587,351.878,352.682,353.18,351.464,351.706,350.508,349.034,348.314,346.176,345.156,345.438,342.283,340.967,336.863,334.534,332.852,337.137,345.87,354.039,358.222,360.137,354.855,348.53,342.134,339.65,333.046,326.744,321.204,316.25,313.754,307.164,303.246,300.271,295.22,290.356,283.982,272.184,260.29,251.494,239.099,227.066,214.985,201.708,187.518,173.794,159.569,146.569,133.794,119.873,105.512,92.17,80.272,70.081,60.85,51.066,42.492,34.742,27.779,21.925,17.007,12.844,9.536,6.925
GTM,2075,286.568,288.501,290.616,292.344,295.068,296.789,298.428,301.001,302.405,303.983,306.734,308.909,310.864,311.607,314.766,316.234,317.512,317.652,319.844,322.122,322.788,324.652,325.682,325.544,327.358,328.019,329.353,330.956,332.928,334.729,336.675,339.337,341.599,344.142,346.244,349.016,350.555,350.026,351.304,352.091,352.571,350.837,351.058,349.836,348.337,347.584,345.413,344.355,344.589,341.389,340.013,335.849,333.445,331.676,335.845,344.435,352.46,356.512,358.307,352.939,346.529,340.033,337.402,330.655,324.189,318.458,313.288,310.53,303.705,299.504,296.208,290.828,285.59,278.83,266.716,254.492,245.259,232.481,220.042,207.552,193.921,179.444,165.469,151.096,137.967,125.135,111.317,97.202,84.16,72.577,62.684,53.794,44.582,36.607,29.504,23.227,18.016,13.705,10.14,7.363
GTM,2076,284.417,286.162,288.289,290.465,292.213,294.95,296.686,298.339,300.926,302.34,303.925,306.673,308.837,310.769,311.475,314.583,315.99,317.203,317.277,319.409,321.638,322.266,324.106,325.124,324.982,326.797,327.463,328.804,330.413,332.391,334.197,336.147,338.812,341.073,343.613,345.709,348.472,350.001,349.462,350.723,351.491,351.952,350.2,350.396,349.147,347.619,346.832,344.624,343.522,343.703,340.449,339.007,334.774,332.286,330.424,334.473,342.923,350.804,354.73,356.404,350.944,344.434,337.819,335.02,328.11,321.46,315.521,310.116,307.084,300.01,295.508,291.861,286.116,280.474,273.298,260.847,248.257,238.548,225.368,212.515,199.62,185.653,170.927,156.76,142.302,129.107,116.271,102.615,88.811,76.143,64.96,55.454,46.996,38.433,31.109,24.685,19.097,14.528,10.825,7.833
GTM,2077,282.617,284.018,285.953,288.139,290.335,292.097,294.848,296.598,298.266,300.863,302.283,303.866,306.603,308.744,310.639,311.295,314.342,315.683,316.832,316.847,318.929,321.12,321.726,323.553,324.566,324.427,326.247,326.92,328.268,329.884,331.867,333.677,335.63,338.295,340.554,343.089,345.177,347.929,349.445,348.893,350.135,350.885,351.323,349.55,349.718,348.44,346.878,346.053,343.805,342.654,342.774,339.459,337.94,333.631,331.054,329.098,333.028,341.339,349.08,352.877,354.424,348.859,342.228,335.472,332.483,325.393,318.54,312.374,306.724,303.4,296.063,291.229,287.195,281.057,274.98,267.358,254.533,241.543,231.333,217.744,204.478,191.195,176.927,162.012,147.715,133.239,120.033,107.249,93.821,80.41,68.203,57.511,48.484,40.546,32.688,26.05,20.314,15.412,11.483,8.367
GTM,2078,281.059,282.225,283.812,285.805,288.011,290.221,291.997,294.762,296.526,298.203,300.807,302.225,303.796,306.511,308.616,310.459,311.057,314.038,315.317,316.405,316.373,318.419,320.586,321.179,323.002,324.017,323.884,325.708,326.389,327.744,329.366,331.354,333.168,335.122,337.784,340.039,342.566,344.645,347.384,348.884,348.316,349.539,350.266,350.682,348.885,349.021,347.711,346.113,345.244,342.95,341.743,341.794,338.409,336.807,332.415,329.748,327.7,331.515,339.687,347.287,350.949,352.352,346.661,339.889,332.972,329.772,322.483,315.413,309.008,303.097,299.465,291.835,286.635,282.184,275.623,269.078,260.965,247.73,234.32,223.59,209.596,195.934,182.293,167.784,152.746,138.383,123.947,110.787,98.123,85.005,72.078,60.427,50.32,41.863,34.51,27.392,21.452,16.405,12.19,8.882
GTM,2079,279.188,280.673,282.023,283.665,285.678,287.898,290.121,291.911,294.69,296.464,298.147,300.748,302.155,303.705,306.383,308.439,310.224,310.757,313.674,314.895,315.935,315.868,317.889,320.043,320.633,322.457,323.477,323.351,325.184,325.872,327.233,328.86,330.852,332.667,334.621,337.278,339.527,342.044,344.11,346.833,348.316,347.731,348.933,349.637,350.026,348.2,348.302,346.955,345.316,344.4,342.054,340.782,340.754,337.293,335.6,331.126,328.37,326.234,329.938,337.97,345.418,348.93,350.167,344.33,337.396,330.3,326.869,319.363,312.062,305.405,299.219,295.244,287.291,281.697,276.795,269.779,262.718,254.069,240.403,226.56,215.309,200.922,186.895,172.954,158.268,143.174,128.806,114.469,101.425,88.964,76.253,63.909,52.912,43.481,35.659,28.941,22.574,17.338,12.986,9.436
GTM,2080,277.343,278.809,280.473,281.877,283.541,285.567,287.8,290.038,291.84,294.629,296.408,298.089,300.68,302.065,303.58,306.208,308.205,309.927,310.397,313.256,314.429,315.433,315.344,317.353,319.503,320.095,321.923,322.95,322.834,324.672,325.368,326.735,328.366,330.359,332.174,334.124,336.775,339.014,341.52,343.572,346.277,347.741,347.138,348.316,348.993,349.351,347.494,347.559,346.171,344.487,343.515,341.109,339.764,339.651,336.107,334.322,329.767,326.928,324.709,328.298,336.184,343.465,346.804,347.853,341.847,334.734,327.438,323.756,316.023,308.479,301.554,295.062,290.711,282.408,276.389,271.002,263.484,255.863,246.644,232.534,218.261,206.493,191.748,177.413,163.236,148.438,133.349,119.036,104.871,92.027,79.868,67.669,56.012,45.762,37.07,29.931,23.872,18.262,13.737,10.06
GTM,2081,275.861,276.97,278.611,280.33,281.752,283.43,285.47,287.717,289.967,291.78,294.573,296.352,298.023,300.592,301.941,303.406,305.978,307.911,309.57,309.984,312.795,313.932,314.914,314.814,316.818,318.969,319.566,321.401,322.436,322.327,324.173,324.875,326.246,327.881,329.874,331.686,333.63,336.273,338.502,340.992,343.028,345.713,347.157,346.533,347.684,348.33,348.655,346.765,346.785,345.353,343.616,342.582,340.106,338.681,338.476,334.847,332.973,328.342,325.423,323.119,326.588,334.311,341.404,344.546,345.382,339.188,331.875,324.364,320.417,312.443,304.639,297.417,290.587,285.829,277.149,270.672,264.751,256.683,248.464,238.653,224.099,209.407,197.147,182.1,167.522,153.173,138.326,123.304,109.119,95.214,82.674,70.928,59.35,48.478,39.043,31.138,24.707,19.324,14.477,10.648
GTM,2082,274.231,275.494,276.776,278.468,280.206,281.643,283.334,285.388,287.647,289.908,291.726,294.517,296.286,297.935,300.469,301.77,303.178,305.687,307.558,309.161,309.527,312.303,313.418,314.387,314.284,316.289,318.445,319.05,320.892,321.935,321.835,323.686,324.394,325.768,327.402,329.393,331.201,333.138,335.77,337.984,340.459,342.477,345.14,346.561,345.914,347.034,347.648,347.933,346.006,345.979,344.494,342.698,341.592,339.04,337.529,337.229,333.518,331.557,326.855,323.856,321.464,324.799,332.337,339.217,342.137,342.739,336.338,328.807,321.068,316.838,308.607,300.516,292.965,285.769,280.573,271.486,264.501,257.995,249.343,240.499,230.084,215.095,200.015,187.314,172.031,157.277,142.817,127.981,113.103,99.137,85.594,73.47,62.254,51.406,41.391,32.819,25.72,20.013,15.33,11.229
GTM,2083,271.826,273.87,275.302,276.634,278.346,280.098,281.549,283.253,285.319,287.589,289.854,291.671,294.452,296.198,297.812,300.299,301.543,302.89,305.337,307.152,308.708,309.041,311.792,312.894,313.861,313.76,315.77,317.933,318.546,320.396,321.447,321.354,323.21,323.922,325.297,326.93,328.916,330.717,332.645,335.263,337.462,339.919,341.917,344.556,345.951,345.277,346.364,346.94,347.185,345.214,345.134,343.589,341.724,340.541,337.907,336.306,335.913,332.125,330.082,325.308,322.225,319.731,322.911,330.242,336.884,339.56,339.902,333.275,325.514,317.533,313.002,304.487,296.078,288.172,280.58,274.91,265.371,257.832,250.702,241.437,231.953,220.932,205.54,190.128,177.046,161.597,146.726,132.217,117.47,102.826,89.186,76.124,64.536,53.966,43.93,34.824,27.132,20.851,15.889,11.899
GTM,2084,270.672,271.471,273.679,275.161,276.514,278.239,280.004,281.469,283.185,285.261,287.535,289.798,291.606,294.366,296.078,297.645,300.074,301.258,302.544,304.935,306.704,308.225,308.536,311.275,312.373,313.342,313.247,315.264,317.434,318.057,319.914,320.971,320.884,322.744,323.458,324.832,326.461,328.441,330.233,332.149,334.752,336.935,339.372,341.347,343.96,345.325,344.621,345.67,346.206,346.404,344.384,344.243,342.63,340.69,339.422,336.704,335.016,334.535,330.671,328.546,323.697,320.517,317.904,320.909,328.007,334.387,336.794,336.854,329.986,321.981,313.743,308.881,300.049,291.296,283.005,274.987,268.793,258.757,250.626,242.841,232.949,222.82,211.212,195.473,179.796,166.396,150.842,135.918,121.436,106.872,92.574,79.38,66.923,55.99,46.156,36.992,28.815,22.016,16.569,12.343
GTM,2085,268.716,270.321,271.283,273.541,275.041,276.408,278.147,279.925,281.402,283.128,285.207,287.481,289.735,291.52,294.246,295.912,297.423,299.792,300.915,302.146,304.49,306.225,307.724,308.023,310.758,311.858,312.832,312.745,314.771,316.949,317.579,319.444,320.506,320.425,322.287,323,324.37,325.994,327.965,329.747,331.649,334.235,336.399,338.814,340.764,343.346,344.678,343.942,344.95,345.44,345.585,343.509,343.297,341.609,339.588,338.232,335.433,333.662,333.093,329.157,326.943,322.006,318.713,315.961,318.768,325.611,331.701,333.815,333.575,326.452,318.186,309.661,304.434,295.259,286.132,277.426,268.933,262.163,251.598,242.843,234.382,223.859,213.098,200.948,184.929,169.057,155.396,139.802,124.903,110.544,96.276,82.447,69.828,58.099,47.918,38.892,30.629,23.395,17.502,12.877
GTM,2086,266.317,268.371,270.135,271.145,273.422,274.937,276.316,278.068,279.858,281.344,283.075,285.155,287.417,289.651,291.402,294.082,295.692,297.143,299.451,300.521,301.706,304.016,305.728,307.215,307.512,310.247,311.354,312.335,312.257,314.291,316.477,317.114,318.984,320.052,319.974,321.834,322.545,323.912,325.527,327.487,329.255,331.143,333.711,335.854,338.244,340.165,342.713,344.01,343.236,344.198,344.636,344.722,342.582,342.292,340.523,338.418,336.977,334.1,332.249,331.593,327.578,325.266,320.224,316.797,313.888,316.477,323.037,328.812,330.615,330.054,322.658,314.104,305.263,299.638,290.093,280.563,271.394,262.381,254.993,243.872,234.476,225.33,214.188,202.84,190.207,173.978,157.973,144.112,128.557,113.78,99.657,85.813,72.587,60.673,49.765,40.411,32.23,24.891,18.616,13.615
GTM,2087,263.793,265.978,268.188,269.999,271.028,273.318,274.846,276.238,278.003,279.802,281.293,283.022,285.091,287.334,289.533,291.24,293.864,295.414,296.806,299.06,300.085,301.236,303.524,305.224,306.707,307.006,309.747,310.86,311.851,311.783,313.825,316.016,316.661,318.535,319.605,319.529,321.387,322.094,323.454,325.06,327.007,328.76,330.631,333.178,335.296,337.657,339.548,342.059,343.316,342.5,343.411,343.788,343.806,341.595,341.222,339.371,337.186,335.662,332.71,330.779,330.03,325.925,323.496,318.333,314.753,311.669,314.014,320.266,325.707,327.176,326.275,318.578,309.704,300.519,294.464,284.518,274.539,264.862,255.289,247.253,235.562,225.515,215.694,203.977,192.097,179.041,162.667,146.593,132.61,117.193,102.654,88.9,75.616,63.126,52.018,42.009,33.522,26.219,19.826,14.496
GTM,2088,262.77,263.459,265.796,268.053,269.882,270.926,273.228,274.769,276.173,277.946,279.75,281.24,282.96,285.009,287.218,289.372,291.024,293.589,295.08,296.418,298.627,299.618,300.748,303.024,304.72,306.205,306.51,309.257,310.381,311.38,311.322,313.371,315.569,316.219,318.095,319.165,319.088,320.941,321.643,322.993,324.587,326.521,328.258,330.109,332.632,334.724,337.053,338.908,341.379,342.592,341.728,342.581,342.89,342.833,340.546,340.087,338.154,335.89,334.287,331.261,329.244,328.391,324.179,321.614,316.31,312.561,309.278,311.36,317.283,322.365,323.478,322.2,314.17,304.948,295.391,288.871,278.479,268.002,257.778,247.617,238.907,226.642,215.956,205.497,193.26,180.906,167.485,151.031,134.97,120.962,105.802,91.634,78.392,65.809,54.162,43.945,34.875,27.291,20.901,15.45
GTM,2089,261.086,262.44,263.281,265.663,267.937,269.78,270.837,273.152,274.705,276.117,277.895,279.698,281.178,282.878,284.895,287.059,289.158,290.751,293.258,294.695,295.988,298.165,299.134,300.252,302.524,304.222,305.713,306.026,308.782,309.914,310.923,310.872,312.928,315.131,315.785,317.661,318.731,318.65,320.497,321.19,322.529,324.111,326.028,327.747,329.575,332.072,334.133,336.429,338.244,340.67,341.832,340.915,341.699,341.936,341.796,339.43,338.887,336.877,334.536,332.855,329.748,327.636,326.661,322.324,319.603,314.14,310.199,306.702,308.5,314.073,318.77,319.491,317.798,309.405,299.808,289.846,282.809,271.922,260.913,250.112,239.344,229.949,217.124,205.837,194.792,182.093,169.32,155.595,139.143,123.196,109.282,94.516,80.867,68.281,56.514,45.797,36.515,28.418,21.776,16.303
GTM,2090,259.592,260.761,262.263,263.147,265.548,267.836,269.692,270.761,273.088,274.65,276.067,277.844,279.637,281.097,282.764,284.736,286.846,288.888,290.423,292.875,294.269,295.53,297.684,298.642,299.756,302.03,303.733,305.232,305.556,308.319,309.461,310.477,310.435,312.496,314.701,315.356,317.232,318.298,318.213,320.051,320.734,322.062,323.627,325.527,327.225,329.027,331.494,333.522,335.779,337.552,339.925,341.031,340.052,340.763,340.918,340.695,338.252,337.627,335.54,333.124,331.359,328.162,325.935,324.82,320.339,317.444,311.802,307.652,303.924,305.42,310.615,314.892,315.18,313.038,304.251,294.245,283.833,276.224,264.806,253.233,241.838,230.453,220.377,207.038,195.201,183.624,170.519,157.384,143.429,127.083,111.372,97.692,83.469,70.489,58.68,47.822,38.084,29.778,22.693,16.998
GTM,2091,258.277,259.271,260.585,262.131,263.033,265.448,267.748,269.617,270.698,273.033,274.6,276.016,277.784,279.558,280.985,282.607,284.525,286.578,288.561,290.044,292.452,293.813,295.053,297.195,298.149,299.267,301.545,303.257,304.765,305.098,307.871,309.02,310.044,310.009,312.073,314.279,314.933,316.805,317.866,317.775,319.603,320.275,321.588,323.137,325.015,326.688,328.463,330.896,332.888,335.102,336.826,339.141,340.181,339.134,339.765,339.837,339.532,337.014,336.309,334.147,331.652,329.79,326.486,324.127,322.85,318.208,315.116,309.278,304.903,300.93,302.101,306.883,310.694,310.515,307.885,298.672,288.209,277.297,269.071,257.09,244.937,232.938,220.946,210.226,196.426,184.098,172.041,158.586,145.165,131.081,114.963,99.631,86.338,72.813,60.626,49.697,39.802,31.084,23.799,17.73
GTM,2092,255.768,257.959,259.097,260.454,262.018,262.935,265.361,267.675,269.555,270.644,272.983,274.549,275.956,277.704,279.446,280.829,282.399,284.26,286.254,288.186,289.624,292,293.34,294.568,296.706,297.663,298.786,301.073,302.795,304.311,304.654,307.435,308.592,309.622,309.592,311.656,313.862,314.514,316.38,317.435,317.335,319.151,319.81,321.107,322.637,324.491,326.136,327.88,330.276,332.226,334.392,336.06,338.31,339.278,338.158,338.706,338.696,338.31,335.721,334.936,332.694,330.106,328.132,324.703,322.192,320.734,315.909,312.602,306.554,301.941,297.702,298.518,302.845,306.153,305.465,302.305,292.616,281.646,270.194,261.315,248.753,236.01,223.417,210.858,199.543,185.344,172.576,160.093,146.365,132.755,118.665,102.92,88.121,75.378,62.679,51.39,41.401,32.519,24.868,18.613
GTM,2093,254.791,255.456,257.788,258.967,260.342,261.919,262.849,265.288,267.613,269.501,270.594,272.933,274.489,275.877,277.594,279.292,280.622,282.135,283.939,285.882,287.77,289.176,291.531,292.859,294.084,296.223,297.187,298.319,300.615,302.346,303.872,304.224,307.011,308.175,309.209,309.182,311.246,313.449,314.097,315.957,317.001,316.892,318.694,319.339,320.616,322.122,323.949,325.565,327.275,329.631,331.534,333.644,335.251,337.427,338.318,337.121,337.587,337.497,337.033,334.372,333.502,331.169,328.474,326.369,322.795,320.113,318.452,313.425,309.888,303.616,298.746,294.217,294.639,298.472,301.235,299.996,296.247,286.028,274.511,262.488,252.928,239.776,226.456,213.31,200.236,188.38,173.839,160.687,147.85,133.944,120.267,106.316,91.105,77.001,64.946,53.181,42.855,33.861,26.045,19.472
GTM,2094,252.226,254.483,255.286,257.658,258.856,260.244,261.835,262.776,265.226,267.559,269.452,270.544,272.874,274.412,275.768,277.44,279.085,280.36,281.817,283.569,285.469,287.325,288.711,291.054,292.378,293.606,295.751,296.723,297.865,300.17,301.91,303.445,303.806,306.599,307.767,308.804,308.778,310.84,313.037,313.68,315.53,316.565,316.445,318.23,318.857,320.112,321.594,323.392,324.973,326.644,328.954,330.805,332.854,334.389,336.488,337.298,336.027,336.412,336.244,335.701,332.964,331.999,329.558,326.738,324.483,320.746,317.872,315.989,310.745,306.962,300.45,295.297,290.446,290.442,293.739,295.909,294.058,289.658,278.866,266.77,254.155,243.895,230.165,216.308,202.662,189.133,176.785,161.96,148.495,135.399,121.437,107.84,94.192,79.679,66.405,55.158,44.393,35.086,27.149,20.416
GTM,2095,250.612,251.923,254.315,255.157,257.547,258.759,260.16,261.762,262.716,265.173,267.511,269.403,270.487,272.797,274.303,275.616,277.236,278.826,280.044,281.45,283.159,285.027,286.862,288.237,290.576,291.903,293.137,295.29,296.272,297.424,299.738,301.488,303.032,303.4,306.196,307.367,308.405,308.379,310.435,312.627,313.262,315.1,316.123,315.991,317.758,318.363,319.594,321.047,322.813,324.357,325.984,328.242,330.032,332.012,333.474,335.49,336.221,334.876,335.183,334.937,334.311,331.487,330.41,327.844,324.878,322.454,318.534,315.447,313.323,307.851,303.803,297.025,291.559,286.358,285.89,288.606,290.119,287.589,282.483,271.084,258.384,245.165,234.208,219.941,205.6,191.514,177.581,164.794,149.759,136.076,122.84,108.967,95.612,82.443,68.77,56.445,46.084,36.379,28.158,21.301
GTM,2096,249.389,250.313,251.756,254.187,255.048,257.451,258.676,260.089,261.702,262.663,265.125,267.461,269.345,270.41,272.689,274.152,275.414,276.978,278.512,279.68,281.043,282.722,284.568,286.392,287.763,290.104,291.438,292.68,294.843,295.836,296.998,299.321,301.079,302.629,303.003,305.801,306.973,308.011,307.982,310.033,312.215,312.841,314.668,315.676,315.528,317.274,317.857,319.06,320.482,322.209,323.712,325.289,327.489,329.212,331.119,332.502,334.436,335.089,333.672,333.901,333.572,332.852,329.926,328.718,326.007,322.878,320.263,316.138,312.825,310.444,304.724,300.384,293.312,287.505,281.924,280.952,283.023,283.808,280.543,274.681,262.648,249.331,235.515,223.895,209.144,194.381,179.907,165.625,152.468,137.321,123.537,110.305,96.685,83.753,71.215,58.506,47.201,37.799,29.222,22.113
GTM,2097,246.377,249.092,250.148,251.63,254.078,254.953,257.369,258.605,260.029,261.65,262.616,265.077,267.404,269.269,270.303,272.539,273.951,275.157,276.666,278.15,279.276,280.609,282.265,284.101,285.922,287.295,289.641,290.984,292.237,294.411,295.414,296.585,298.916,300.681,302.236,302.614,305.413,306.584,307.618,307.585,309.628,311.8,312.416,314.229,315.221,315.053,316.775,317.333,318.506,319.891,321.578,323.033,324.555,326.687,328.339,330.168,331.474,333.328,333.903,332.416,332.562,332.139,331.308,328.262,326.904,324.03,320.717,317.889,313.546,309.988,307.332,301.338,296.675,289.282,283.106,277.11,275.577,276.932,276.927,272.872,266.217,253.531,239.605,225.233,212.995,197.822,182.692,167.886,153.328,139.893,124.752,111.012,97.948,84.762,72.407,60.64,48.971,38.753,30.394,22.974
GTM,2098,245.725,246.085,248.929,250.022,251.522,253.984,254.871,257.299,258.545,259.977,261.603,262.568,265.02,267.329,269.162,270.154,272.34,273.696,274.848,276.308,277.748,278.844,280.155,281.801,283.634,285.457,286.837,289.191,290.545,291.808,293.992,295.004,296.184,298.523,300.293,301.852,302.231,305.029,306.198,307.228,307.188,309.222,311.383,311.986,313.781,314.754,314.565,316.26,316.789,317.929,319.275,320.915,322.314,323.773,325.835,327.412,329.163,330.393,332.168,332.668,331.104,331.156,330.623,329.664,326.48,324.952,321.893,318.374,315.32,310.742,306.921,303.962,297.664,292.651,284.91,278.329,271.869,269.714,270.291,269.435,264.548,257.065,243.733,229.236,214.361,201.559,186.019,170.576,155.511,140.77,127.174,112.183,98.651,85.937,73.342,61.709,50.802,40.243,31.191,23.918
GTM,2099,244.248,245.437,245.924,248.803,249.915,251.428,253.902,254.802,257.24,258.494,259.931,261.556,262.511,264.945,267.224,269.015,269.956,272.086,273.389,274.491,275.909,277.319,278.394,279.695,281.337,283.173,285.002,286.391,288.756,290.12,291.393,293.586,294.608,295.797,298.141,299.914,301.474,301.855,304.648,305.812,306.836,306.79,308.813,310.96,311.548,313.323,314.274,314.062,315.728,316.224,317.324,318.625,320.211,321.55,322.942,324.93,326.432,328.108,329.261,330.957,331.374,329.726,329.668,329.008,327.901,324.559,322.84,319.574,315.835,312.537,307.708,303.598,300.301,293.674,288.278,280.156,273.123,266.146,263.312,263.052,261.294,255.538,247.217,233.274,218.259,202.941,189.623,173.772,158.091,142.86,128.053,114.44,99.765,86.622,74.42,62.559,51.745,41.788,32.422,24.569
GTM,2100,243.405,243.963,245.276,245.8,248.697,249.822,251.348,253.834,254.743,257.188,258.448,259.883,261.5,262.437,264.841,267.077,268.818,269.705,271.782,273.033,274.094,275.482,276.872,277.936,279.234,280.879,282.72,284.559,285.958,288.333,289.708,290.992,293.194,294.224,295.419,297.766,299.541,301.102,301.481,304.27,305.427,306.443,306.389,308.398,310.529,311.098,312.852,313.778,313.54,315.172,315.633,316.689,317.938,319.465,320.738,322.059,323.973,325.401,327.001,328.079,329.691,330.018,328.268,328.083,327.276,326.002,322.481,320.549,317.062,313.086,309.526,304.418,299.987,296.325,289.338,283.526,274.977,267.438,259.898,256.333,255.183,252.479,245.837,236.7,222.196,206.724,191.016,177.233,161.144,145.319,130.039,115.31,101.845,87.665,75.072,63.531,52.502,42.6,33.695,25.561
