"country","code","region","income","pop","gdp_pc_ppp","poorest_share","poorer_share","middle_share","richer_share","richest_share","cases_richest","cases_richer","cases_middle","cases_poorer","cases_poorest","notif_richest","notif_richer","notif_middle","notif_poorer","notif_poorest","untreated_richest","untreated_richer","untreated_middle","untreated_poorer","untreated_poorest","oop_treated_richest_und","oop_treated_richer_und","oop_treated_middle_und","oop_treated_poorer_und","oop_treated_poorest_und","nm_treated_richest_und","nm_treated_richer_und","nm_treated_middle_und","nm_treated_poorer_und","nm_treated_poorest_und","ind_treated_richest_und","ind_treated_richer_und","ind_treated_middle_und","ind_treated_poorer_und","ind_treated_poorest_und","total_treated_richest_und","total_treated_richer_und","total_treated_middle_und","total_treated_poorer_und","total_treated_poorest_und","oop_untreated_richest_und","oop_untreated_richer_und","oop_untreated_middle_und","oop_untreated_poorer_und","oop_untreated_poorest_und","nm_untreated_richest_und","nm_untreated_richer_und","nm_untreated_middle_und","nm_untreated_poorer_und","nm_untreated_poorest_und","ind_untreated_richest_und","ind_untreated_richer_und","ind_untreated_middle_und","ind_untreated_poorer_und","ind_untreated_poorest_und","total_untreated_richest_und","total_untreated_richer_und","total_untreated_middle_und","total_untreated_poorer_und","total_untreated_poorest_und","oop_richest_und","oop_richer_und","oop_middle_und","oop_poorer_und","oop_poorest_und","nm_richest_und","nm_richer_und","nm_middle_und","nm_poorer_und","nm_poorest_und","ind_richest_und","ind_richer_und","ind_middle_und","ind_poorer_und","ind_poorest_und","total_richest_und","total_richer_und","total_middle_und","total_poorer_und","total_poorest_und","oop_treated_richest_d","oop_treated_richer_d","oop_treated_middle_d","oop_treated_poorer_d","oop_treated_poorest_d","nm_treated_richest_d","nm_treated_richer_d","nm_treated_middle_d","nm_treated_poorer_d","nm_treated_poorest_d","ind_treated_richest_d","ind_treated_richer_d","ind_treated_middle_d","ind_treated_poorer_d","ind_treated_poorest_d","total_treated_richest_d","total_treated_richer_d","total_treated_middle_d","total_treated_poorer_d","total_treated_poorest_d","oop_untreated_richest_d","oop_untreated_richer_d","oop_untreated_middle_d","oop_untreated_poorer_d","oop_untreated_poorest_d","nm_untreated_richest_d","nm_untreated_richer_d","nm_untreated_middle_d","nm_untreated_poorer_d","nm_untreated_poorest_d","ind_untreated_richest_d","ind_untreated_richer_d","ind_untreated_middle_d","ind_untreated_poorer_d","ind_untreated_poorest_d","total_untreated_richest_d","total_untreated_richer_d","total_untreated_middle_d","total_untreated_poorer_d","total_untreated_poorest_d","oop_richest_d","oop_richer_d","oop_middle_d","oop_poorer_d","oop_poorest_d","nm_richest_d","nm_richer_d","nm_middle_d","nm_poorer_d","nm_poorest_d","ind_richest_d","ind_richer_d","ind_middle_d","ind_poorer_d","ind_poorest_d","total_richest_d","total_richer_d","total_middle_d","total_poorer_d","total_poorest_d","cc_treated_richest","cc_treated_richer","cc_treated_middle","cc_treated_poorer","cc_treated_poorest","oop_treated_richest","oop_treated_richer","oop_treated_middle","oop_treated_poorer","oop_treated_poorest","cc_untreated_richest","cc_untreated_richer","cc_untreated_middle","cc_untreated_poorer","cc_untreated_poorest","oop_untreated_richest","oop_untreated_richer","oop_untreated_middle","oop_untreated_poorer","oop_untreated_poorest","cc_richest","cc_richer","cc_middle","cc_poorer","cc_poorest","oop_richest","oop_richer","oop_middle","oop_poorer","oop_poorest"
"Afghanistan","AFG","EMR","LIC",42647492,2201.722907,0.0755,0.118,0.157,0.0021,0.6474,87851.28475942,105977.536571473,127378.484850601,144441.640087732,170350.132249337,45629.381602456,18472.838795287,19303.664206604,17377.4497972,15293.428210151,42221.903156964,87504.6977761862,108074.820643996,127064.190290532,155056.704039187,59090816.508318,16597298.236089,12116641.621196,9135353.57991201,8384513.544503,82797792.080884,27357425.486116,23182175.553247,19207734.726335,14022783.194563,257894354.63171,68282375.3601298,39436336.705446,21349743.453435,9958691.07708302,399782963.22091,112237099.08233,74735153.87989,49692831.759681,32365987.816149,55155129.5524836,80360256.0156206,70104734.8153809,69293928.43699,89761274.825156,72519554.3499634,121003006.03121,120137884.094704,128674070.307599,133572511.073383,245761067.611629,332342477.473037,223479500.543427,160928659.76976,102991324.346896,373435751.514076,533705739.519868,413722119.453513,358896658.514349,326325110.245435,114245946.060802,96957554.251709,82221376.436576,78429282.016902,98145788.369659,155317346.430847,148360431.517326,143320059.647951,147881805.033934,147595294.267946,503655422.24334,400624852.83316,262915837.248877,182278403.223194,112950015.42398,773218714.73499,645942838.6022,488457273.3334,408589490.27403,358691098.06159,27085828.637989,4295443.79320601,3092211.545449,2321401.5549981,2079861.73876791,38256902.029405,7721684.308346,6608638.12222803,5535406.16897899,3955547.88198799,117849058.25336,17591193.893666,10320686.563158,5471215.67365,2581310.95402201,183191788.92075,29608321.9952202,20021536.230835,13328023.397626,8616720.57477796,33230608.8334722,46896534.8166639,40317369.1868592,39086023.321045,49743577.948549,43753439.0215589,70618935.8982491,69066279.9792824,72543453.10091,73976793.732604,148156087.518601,193986337.083103,128522588.199196,90796011.936721,57071530.576453,225140135.373633,311501807.798015,237906237.365337,202425488.358677,180791902.257606,60316437.471461,51191978.60987,43409580.732309,41407424.876044,51823439.687317,82010341.050964,78340620.206595,75674918.101511,78078859.269889,77932341.614592,266005145.77196,211577530.976773,138843274.762353,96267227.610371,59652841.530475,408331924.29438,341110129.79323,257927773.59617,215753511.7563,189408622.832384,36489.17211733,15559.868403496,16800.13822663,15547.327480438,14142.582000794,10721.1488338919,4061.72517655919,4374.2836463063,4758.66445048149,6650.156679644,33768.3344491465,73641.2435521735,93977.764783692,113591.918780309,143377.087262431,9849.38386708413,19118.5378579748,24319.806722419,34541.8269724167,67218.18922836,70257.506566477,89201.11195567,110777.903010322,129139.246260746,157519.669263224,20570.532700976,23180.2630345339,28694.090368725,39300.491422898,73868.345908004
"Angola","AGO","AFR","LMIC",37885849,8347.952791,0.038,0.077,0.126,0.002,0.757,12921.568773577,15587.660795317,18735.410151126,21245.137066272,25055.8765927651,-3197.193073106,-7954.38433183398,-9376.42293090897,-9191.109569002,-7832.27063550596,16118.7618466837,23542.0451271506,28111.833082036,30436.246635275,32888.14722827,-707205.117552295,-1214484.8060609,-1002994.1283222,-820432.711797595,-741209.593737796,-1190105.935554,-2515614.058615,-2407132.831828,-2130167.72706701,-1535063.10348651,-2796321.77524102,-4800406.28011799,-3091316.14085901,-1857604.12366579,-829075.557601102,-4693632.82834804,-8530505.14479405,-6501443.101008,-4808204.56253001,-3105348.25482601,3429672.7435084,3545530.3123367,2990560.7957804,2702100.6287078,3111649.8460558,6392514.1072026,7491122.0967522,7220767.6590188,7088028.2936698,6510602.86507879,14729319.1069722,14259657.4523327,9286442.17976511,6161013.5650527,3486273.7708648,24551505.9576831,25296309.861422,19497770.634565,15951142.487431,13108526.482,2722467.62595619,2331045.50627591,1987566.66745831,1881667.9169103,2370440.25231791,5202408.17164698,4975508.03813699,4813634.82719201,4957860.566603,4975539.76159301,11932997.331731,9459251.17221504,6195126.03890699,4303409.441387,2657198.21326379,19857873.1293349,16765804.716628,12996327.533557,11142937.9249,10003178.227174,-604569.536988102,-873682.569766201,-705680.296940599,-577454.290350601,-522289.989149101,-1060343.13884619,-1821622.5563218,-1697278.3492016,-1503197.45293871,-1084649.9214966,-2468841.15550101,-3471195.57387,-2179330.1164922,-1309917.2387911,-584587.655435201,-4133753.83133501,-6166500.69995701,-4582288.76263499,-3390568.98207998,-2191527.5660809,2049127.12715948,2110465.64845555,1760214.1967699,1575815.7788618,1779935.021822,3820629.82021927,4461335.1883833,4251150.0257132,4133673.75129391,3724282.8660357,8799737.9508896,8489816.5799723,5466328.7976116,3593136.0675487,1994406.6763983,14669494.8982684,15061617.4168111,11477693.0200947,9302625.59770469,7498624.564256,1444557.5901715,1236783.0786894,1054533.8998293,998361.4885111,1257645.0326728,2760286.681373,2639712.63206199,2553871.676512,2630476.298355,2639632.944539,6330896.79538798,5018621.00610203,3286998.68111899,2283218.82875749,1409819.0209631,10535741.066933,8895116.71685398,6895404.25746101,5912056.615623,5307096.998175,-998.023825629003,-2640.32161863899,-3505.69272096001,-4284.08496000498,-5061.426527223,-96.2403011054994,-216.595631891199,-285.6985186369,-391.3940980099,-1037.08528059669,5051.7083846137,7814.4281695664,10511.5641252038,14191.665982058,21252.323037272,485.51947548119,640.32384172482,855.45667159291,1295.0345240729,4352.09174648611,4053.684558985,5174.10655092701,7005.87140424398,9907.58102205303,16190.896510048,389.279174375701,423.7282098337,569.758152956099,903.640426063099,3315.006465889
"Argentina","ARG","AMR","UMIC",45696159,30175.53597,0.051,0.096,0.149,0.227,0.477,0,0,0,0,0,0,0,0,0,0,0,0,0,0,0,0,0,0,0,0,0,0,0,0,0,0,0,0,0,0,0,0,0,0,0,0,0,0,0,0,0,0,0,0,0,0,0,0,0,0,0,0,0,0,0,0,0,0,0,0,0,0,0,0,0,0,0,0,0,0,0,0,0,0,0,0,0,0,0,0,0,0,0,0,0,0,0,0,0,0,0,0,0,0,0,0,0,0,0,0,0,0,0,0,0,0,0,0,0,0,0,0,0,0,0,0,0,0,0,0,0,0,0,0,0,0,0,0,0,0,0,0,0,0,0,0,0,0,0,0,0,0,0,0,0,0,0,0,0,0,0,0,0,0,0,0,0,0,0,0,0,0,0,0,0
"Azerbaijan","AZE","EUR","UMIC",10202850,25088.95018,0.0801,0.1231,0.1665,0.0022,0.6281,119.914014056398,144.655730930997,173.867297042802,197.157923270501,232.522133387101,-155.6159278013,-205.319548220701,-272.723493112899,-272.269790274899,-230.466433855599,275.52994185776,349.97527915162,446.590790155659,469.427713545399,462.988567242599,-124672.831106199,-117475.1522917,-111393.220588529,-92417.8691876503,-83036.4894852694,-174340.841046602,-182427.6449201,-194069.620787401,-176322.379445899,-126455.92995723,-247874.0199164,-215607.5224328,-155306.2060633,-94792.8762008799,-41783.1100055799,-546887.692069106,-515510.319644399,-460769.047439203,-363533.1248344,-251275.529447999,220642.06698103,199862.47098867,182076.20836242,159284.03869262,167791.95913175,306988.67434241,309137.76110586,316668.84038077,302513.88450627,253506.8209405,438877.14302691,366930.30933907,254276.1218989,163544.83790437,84172.89830017,966507.88435035,875930.5414336,753021.1706421,625342.7611032,505471.678372402,95969.2358748987,82387.3186969999,70682.9877739009,66866.1695049014,84755.4696464986,132647.833295804,126710.116185799,122599.219593398,126191.505060401,127050.890983302,191003.1231106,151322.786906298,98969.9158356003,68751.9617034998,42389.7882945901,419620.192281201,360420.221789196,292252.123202905,261809.636268899,254196.148924299,-87095.0192396399,-81327.8859391203,-75875.9134609299,-62973.2030517003,-56647.09927369,-121822.059247399,-126355.760724001,-132155.018441871,-120034.39563006,-86132.8509794902,-173301.832663301,-149403.241988599,-105797.39696173,-64606.1825061403,-28487.4582535299,-382218.911150403,-357086.888651602,-313828.3288645,-247613.781187898,-171267.408506699,139403.890401389,126247.980343148,114419.20474712,99443.8865260603,102881.41154032,194148.89092827,195443.82856521,198993.79116582,188812.21118008,155382.38806792,277416.10780418,231882.42934737,159744.41236385,102093.59430836,51604.6964298598,610968.88913383,553574.23825573,473157.40827679,390349.692014489,309868.4960381,52308.8711617514,44920.0944040203,38543.2912861798,36470.68347436,46234.3122666311,72326.8316808008,69088.0678412989,66838.7727239002,68777.8155500013,69249.5370883998,104114.2751408,82479.1873588003,53947.0154021196,37487.4118022202,23117.2381763197,228749.9779834,196487.349604003,159329.0794123,142735.910826597,138601.087531399,-34.5369171987104,-46.7702819824299,-72.0640530543296,-99.4153475247103,-138.143401966499,-12.6586266592401,-15.37474708325,-22.27003184101,-29.4361694659801,-59.7061488023601,61.17426852167,79.718646559061,117.99378624068,171.44397068476,277.5812912152,22.35247661879,26.180773347645,36.4316883731931,50.7385323337301,119.8925473946,26.6373513229601,32.9483645766304,45.9297331863399,72.0286231600003,139.437889248798,9.6938499595401,10.8060262643999,14.1616565321901,21.3023628677702,60.18639859223
"Burundi","BDI","AFR","LIC",14047786,949.8346131,0.071,0.11,0.15,0.0021,0.6669,1132.2335387876,1365.8459474203,1641.6628745129,1861.57401969339,2195.4844894733,345.698960461596,-751.845821050701,-811.782612426294,-693.347522996293,-622.996740851304,786.534578326026,2117.6917684709,2453.4454869392,2554.9215426897,2818.4812303247,402129.1182805,-561411.728674904,-434698.934778299,-308371.964016002,-292809.6590859,384465.2532572,-789935.675930001,-679745.468718894,-530038.679806001,-401521.9935669,1317163.62445199,-1705100.875286,-1010812.0058382,-533559.638133403,-252274.082247801,2103757.99598998,-3056448.27989,-2125256.409335,-1371970.2819553,-946605.734900795,809690.554569096,1592687.30527094,1309310.5076243,1140433.4882255,1345553.2362897,1081016.46974307,2191859.5592826,2033480.9901327,1923941.0716872,1804276.4061052,2668609.43412814,4864838.6517018,3076102.3874746,1966477.5390248,1138795.9693732,4559316.4584403,8649385.5162553,6418893.8852316,5030852.0989376,4288625.61176829,1211819.6728496,1031275.576596,874611.572845906,832061.524209701,1052743.5772038,1465481.7230003,1401923.8833525,1353735.5214138,1393902.39188121,1402754.4125383,3985773.05858099,3159737.77641602,2065290.38163629,1432917.9008914,886521.887125403,6663074.45442998,5592937.23636398,4293637.47589597,3658881.816982,3342019.876867,146937.329543799,-410763.329319902,-317077.6077106,-225348.7775387,-214539.332781101,114843.144121796,-574892.816742603,-495400.578949999,-385933.584052097,-293026.056452101,480080.523140192,-1249598.9385447,-739472.018978,-389632.698003799,-184081.79804953,741860.996805996,-2235255.08460701,-1551950.20563859,-1000915.0595946,-691647.187282696,500725.095842629,961812.567959379,784334.838570911,669939.86683001,777157.922414601,667641.911951603,1323566.30104544,1218414.23987382,1130342.9760892,1042299.7542618,1649903.275151,2938119.3923478,1842993.8752497,1155163.7514661,657676.0259331,2818270.28294522,5223498.2613526,3845742.9536945,2955446.5943853,2477133.70260949,647662.425386399,551049.2386395,467257.230860401,444591.089291301,562618.589633498,782485.056073301,748673.484302901,723013.660923801,744409.392037295,749273.697809704,2129983.798292,1688520.45380309,1103521.8562717,765531.0534622,473594.2278836,3560131.27975002,2988243.176745,2293792.74805599,1954531.53479071,1785486.5153268,246.944229856097,-574.2388777339,-652.292857835695,-586.979525758994,-561.538334256395,76.7759585970016,-153.740938363109,-171.416841685499,-177.814701884201,-259.6455578648,563.581422588424,1616.67890102951,1970.8701426966,2163.3328365964,2540.5642761347,170.670689729991,433.51683502666,518.62793246816,655.234991991581,1174.9704494209,810.525652444601,1042.4400232956,1318.5772848609,1576.3533108374,1979.02594187841,247.446648326999,279.775896663599,347.211090782601,477.420290107399,915.324891556098
"Benin","BEN","AFR","LMIC",14462724,4434.564218,0.076,0.119,0.161,0.221,0.423,1523.1144658562,1837.3768744516,2208.4140652705,2504.2451239283,2953.4314882249,-1763.6684589733,-2348.4059583508,-2376.9754664951,-2250.1989359951,-1942.5838077515,3286.78292482947,4185.7828328024,4585.3895317657,4754.4440599234,4896.0152959764,-532474.962418309,-519846.0176526,-375744.94523754,-293421.75077023,-269110.157844,-981774.001166001,-1021531.25571974,-824444.33058219,-709853.12776559,-519371.1731776,-1193877.9239049,-1053150.90323111,-583964.22494627,-341745.91477474,-154692.2971108,-2708126.8874891,-2594528.1766034,-1784153.500766,-1345020.7933105,-943173.628132409,1008676.5511076,928631.03128774,725663.50098395,623822.72719162,683747.16064157,1803969.06339415,1808056.00710002,1585452.09757734,1493681.3711991,1302639.0483104,2238015.18238206,1883745.89563761,1130356.21573208,721449.01462424,388790.43364285,5050660.79688381,4620432.93402535,3441471.81429333,2838953.113015,2375176.6425948,476201.58868929,408785.013635141,349918.55574642,330400.976421379,414637.00279757,822195.062228199,786524.7513803,761007.766995201,783828.2434335,783267.875132799,1044137.2584771,830594.992406501,546391.990785819,379703.0998495,234098.13653205,2342533.9093947,2025904.757422,1657318.3135274,1493932.3197044,1432003.0144624,-368354.21664382,-347525.77204266,-251074.72204752,-196266.25520476,-180178.44707412,-673824.87060603,-681699.99044312,-550754.53651651,-474049.68201781,-347011.69390757,-824525.880427839,-704436.562870339,-390411.89653522,-228267.24925761,-103290.921528799,-1866704.9676776,-1733662.3253562,-1192241.1550993,-898583.18648018,-630481.062510501,624393.327172373,567257.222203128,439158.42902982,373905.98838642,403137.64633786,1115547.96116371,1104246.93903871,959669.59318578,895198.08795603,767891.50168162,1385870.83666677,1150949.34994558,684123.75843501,432343.19478896,229093.60376103,3125812.12500285,2822453.51118742,2082951.78065061,1701447.2711314,1400122.7517805,256039.11052856,219731.45016046,188083.70698229,177639.73318166,222959.19926374,441723.090557691,422546.9485956,408915.05666928,421148.40593822,420879.80777404,561344.956238901,446512.78707524,293711.86189979,204075.94553135,125802.68223223,1259107.1573252,1088791.1858313,890710.625551401,802864.084651299,769641.689269999,-497.994212362079,-700.51910677054,-824.90267286148,-1022.19303109644,-1271.7117910394,-91.49960541613,-111.407143549375,-124.03361901723,-158.7702848269,-357.48575092769,926.753748135365,1248.70599752549,1591.40988353143,2159.39836700312,3205.505440757,170.544422378649,198.635264348073,238.955604999333,335.12005952913,900.28014572608,428.75953577328,548.186890754951,766.507210669901,1137.2053359067,1933.7936497175,79.0448169625199,87.22812079869,114.9219859821,176.34977470223,542.794394798389
"Burkina Faso","BFA","AFR","LIC",23548781,2896.187416,0.073,0.112,0.151,0.211,0.453,2939.361344957,3545.8362992074,4261.8772801601,4832.7827491509,5699.63882956561,1468.5250518454,-2646.4749849544,-3324.2426693907,-3075.481446271,-2678.2837261701,1470.83629311164,6192.31128416184,7586.11994955077,7908.264195422,8377.9225557357,629016.838848,-792664.959486399,-709436.164358329,-545966.63087971,-509010.00821848,1379714.4206407,-2034027.0206711,-2032709.4306399,-1705066.2773617,-1266563.0876479,1797020.78063551,-2156058.6301727,-1484343.8989167,-847435.699220521,-386360.50464042,3805752.04012419,-4982750.61033029,-4226489.493915,-3098468.607462,-2161933.6005067,609140.302684519,1856721.96370007,1615581.51152213,1404619.84857771,1590275.87094623,1464806.01630561,4755159.44725116,4650966.78050584,4391333.8877046,3967012.3631977,1864113.13103615,5056735.38170097,3385709.60333985,2175737.16875975,1207930.02781167,3938059.45002627,11668616.7926522,9652257.8953678,7971690.905042,6765218.2619556,1238157.1415326,1064057.0042136,906145.3471638,858653.217698021,1081265.8627278,2844520.4369463,2721132.42658,2618257.3498659,2686267.6103429,2700449.2755498,3661133.9116716,2900676.7515282,1901365.7044231,1328301.4695392,821569.52317127,7743811.4901505,6685866.18232191,5425768.40145279,4873222.2975801,4603284.6614488,264775.622756511,-596434.441008191,-516032.71494314,-397286.98549181,-370260.55633398,566899.6085811,-1527698.9654719,-1479489.9206565,-1241228.6804218,-921671.161014229,743029.075462103,-1623637.1132974,-1080504.20118591,-616442.16614619,-281102.91345426,1574704.3067997,-3747770.5197774,-3076026.8367855,-2254957.8320598,-1573034.6308024,404585.692055199,1171572.92860737,1005786.0586286,861426.32704406,954692.96765675,970372.374350816,2998321.41781629,2894644.02971618,2693176.95700064,2381091.70399219,1235573.41671283,3191378.60142068,2108210.1110301,1334317.10199614,725141.48882863,2610531.48311883,7361272.94784436,6008640.19937483,4888920.3860408,4060926.1604775,669361.31481171,575138.487599189,489753.343685471,464139.34155225,584432.41132277,1537271.982932,1470622.4523445,1415154.1090597,1451948.2765788,1459420.5429779,1978602.4921749,1567741.4881232,1027705.9098441,717874.935849961,444038.57537437,4185235.7899186,3613502.4280668,2932613.3625893,2633962.5539811,2487891.529675,717.371022689602,-1405.2550168159,-1959.1271498156,-2082.2950615457,-2148.2797000021,119.78706582539,-198.7115436961,-267.50952482541,-323.38004052945,-624.56327219547,720.070523222538,3287.66067917253,4471.58994643874,5354.7869051552,6719.3483175508,121.390129384431,464.974761467042,610.480745525059,830.740229321,1954.00200733311,1437.4415459122,1882.4056623566,2512.4627966231,3272.4918436095,4571.0686175489,241.17719520982,266.26321777095,342.97122069964,507.36018879156,1329.4387351376
"Bangladesh","BGD","SEAR","LMIC",173562364,9646.769844,0.082,0.122,0.16,0.215,0.421,92145.9395956099,111158.30246705,133605.44701158,151502.74329014,178677.78529748,9590.18947663996,-80505.5547223899,-83621.0758675199,-80669.3594184599,-69150.94141976,82555.7501189775,191663.857189443,217226.522879101,232172.102708602,247828.72671724,1226678.63242701,-6056635.333446,-4483345.75626349,-3592192.86618119,-3281580.857257,3126575.40926898,-26006083.512696,-21514669.021876,-18746792.153685,-13741765.828339,4257266.46227896,-23708288.388562,-13443057.053209,-8036847.171469,-3597016.1932984,8610520.50396991,-55771007.2347101,-39441071.831349,-30375832.1913351,-20620362.878894,8531078.65892212,14421539.0281842,11637325.1212711,10392162.0368367,11775660.5886637,33783061.1242387,61327034.9088428,55680355.135728,53761153.792005,48803539.795461,37572097.4506081,56898373.9964415,35251381.295432,23200546.0160994,12959520.9938993,79886237.2337691,132646947.933469,102569061.552431,87353861.844941,73538721.378024,9757757.29134899,8364903.694738,7153979.365008,6799969.170655,8494079.73140702,36909636.5335081,35320951.396147,34165686.113852,35014361.63832,35061773.9671221,41829363.912887,33190085.607879,21808324.242223,15163698.84463,9362504.80060101,88496757.7377398,76875940.69877,63127989.7210799,56978029.653605,52918358.49913,-142444.50707151,-4419507.6761511,-3249519.2684297,-2607624.04060841,-2379552.7858419,-1497937.17734897,-18924668.9219429,-15587847.341348,-13585836.04994,-9944039.08535701,-1224667.62974,-17338816.764032,-9772489.92151901,-5830841.83388631,-2611651.1165684,-2865049.31416202,-40682993.3621261,-28609856.531297,-22024301.924435,-14935242.987767,5442043.19088747,8962288.11209675,7134857.3174365,6300880.6150354,6992265.2401358,21537816.0549985,38101786.1945742,34138808.2122102,32598635.897954,28980532.716899,23941053.3537788,35364566.9192612,21617481.3426803,14066044.7828117,7696255.8893038,50920912.5996648,82428641.2259317,62891146.872327,52965561.2958,43669053.846339,5299598.6838159,4542780.4359457,3885338.0490067,3693256.57442699,4612712.4542937,20039878.87765,19177117.272631,18550960.870862,19012799.848013,19036493.631543,22716385.724038,18025750.15523,11844991.421161,8235202.94892499,5084604.7727354,48055863.2855029,41745647.863806,34281290.34103,30941259.3713651,28733810.8585721,2851.58517722896,-25527.765582418,-30805.569810872,-37942.476925707,-45221.715106796,150.834560131701,-1211.8505623356,-1443.6248923854,-1999.9537938771,-6267.957611605,24462.0195018054,60788.6807427053,80021.363116952,109151.884552925,162015.62312762,1409.72771330132,2890.79192979282,3748.8138669349,5756.0895902601,22459.532295463,27313.604679035,35260.9151602869,49215.79330608,71209.40762721,116793.90802082,1560.5622734331,1678.9413674573,2305.1889745494,3756.135796383,16191.574683859
"Bolivia","BOL","AMR","LMIC",12413315,11189.80551,0.052,0.1,0.148,0.223,0.477,1218.5160294999,1469.93100252189,1766.7667129617,2003.43631007949,2362.7926141512,-44.1080656655977,-884.997804183797,-1563.6972163353,-1545.9159320642,-1313.2421493923,1262.62409516554,2354.92880670566,3330.463929297,3549.3522421436,3676.0347635433,-22595.6603478007,-464266.293820202,-602025.2419351,-497799.036548801,-450181.8014076,-133543.277572393,-1504808.57981171,-2100362.0997489,-1883466.2327486,-1354120.3347885,-41451.348210305,-1444934.0111603,-1415567.9362379,-862078.465132799,-384679.312964499,-197590.286130011,-3414008.884792,-4117955.277922,-3243343.73443009,-2188981.4491607,959663.586140976,1263847.85161207,1283272.91356453,1146415.35936041,1268156.8147839,2713658.17281277,3969141.05807495,4484082.7468833,4333256.1501795,3804862.592006,3143883.37830118,3899447.18228034,3021930.61441817,1979612.085297,1074249.3937987,6817205.13725493,9132436.09196738,8789286.2748661,7459283.59483691,6147268.8005886,937067.925793201,799581.557792,681247.671629399,648616.322811499,817975.013376299,2580114.8952405,2464332.47826329,2383720.64713439,2449789.917431,2450742.2572175,3102432.03009079,2454513.17112011,1606362.6781803,1117533.6201642,689570.080834102,6619614.85112402,5718427.207176,4671330.99694401,4215939.86040701,3958287.351427,-106935.201600399,-372455.287773501,-436367.40755979,-360796.35147361,-326458.30537785,-342833.947704799,-1194427.3915571,-1521437.2537755,-1364625.4204978,-981313.296663199,-335985.9267473,-1156925.7488647,-1026247.4201093,-624613.8918861,-278607.49033732,-785755.076052994,-2723808.42819521,-2984052.08144461,-2350035.6638575,-1586379.0923784,618740.007694531,809086.716132035,808331.68316127,714983.81382068,773220.450306,1751329.82318207,2539886.28390711,2823005.33263269,2702233.3219872,2319606.2322301,2030575.10831639,2497544.66154495,1903501.37132295,1234851.62373172,655128.67943535,4400644.93919299,5846517.66158407,5534838.3871169,4652068.7595396,3747955.3619714,511804.806094099,436631.428358499,371964.275601501,354187.4623471,446762.144928101,1408495.87547719,1345458.89235,1301568.0788572,1337607.9014894,1338292.9355669,1694589.1815691,1340618.9126802,877253.951213699,610237.731845599,376521.189098001,3614889.863141,3122709.23338901,2550786.3056723,2302033.09568219,2161576.269593,-23.5066776938002,-522.381541896499,-1015.5534905823,-1129.2430318893,-1103.0669653333,-4.51955498616007,-75.4271997679198,-142.08145075405,-183.22166869019,-341.025403690221,682.099672981372,1389.31403932262,2163.1450320277,2592.6138590451,3087.626143944,116.63189949062,199.998057844851,302.343171169566,420.43731914411,953.79918565932,658.592995287599,866.932497425998,1147.5915414454,1463.3708271558,1984.5591786106,112.11234450446,124.57085807693,160.26172041553,237.215650453921,612.773781969001
"Brazil","BRA","AMR","UMIC",211998573,22333.41166,0.037,0.078,0.125,0.194,0.566,0,0,0,0,0,0,0,0,0,0,0,0,0,0,0,0,0,0,0,0,0,0,0,0,0,0,0,0,0,0,0,0,0,0,0,0,0,0,0,0,0,0,0,0,0,0,0,0,0,0,0,0,0,0,0,0,0,0,0,0,0,0,0,0,0,0,0,0,0,0,0,0,0,0,0,0,0,0,0,0,0,0,0,0,0,0,0,0,0,0,0,0,0,0,0,0,0,0,0,0,0,0,0,0,0,0,0,0,0,0,0,0,0,0,0,0,0,0,0,0,0,0,0,0,0,0,0,0,0,0,0,0,0,0,0,0,0,0,0,0,0,0,0,0,0,0,0,0,0,0,0,0,0,0,0,0,0,0,0,0,0,0,0,0,0
"Bhutan","BTN","SEAR","LMIC",791524,16253.96295,0.088,0.078,0.125,0.228,0.481,190.17388459283,229.412237562221,275.73940829578,312.6764493845,368.761213674609,59.2765549681903,-171.59191626571,-247.69213794088,-244.29708335615,-207.70837412888,130.897329624632,401.004153827938,523.431546236657,556.97353274065,576.46958780349,29982.8048316299,-61395.73303757,-63912.670325345,-52591.710850311,-47526.6186296861,39846.0773865399,-91020.3851673699,-105754.92335915,-94502.2461637501,-68154.7509530501,87556.3685991596,-152415.34721362,-121924.22837018,-73866.5820555799,-32807.006591959,157385.250817331,-304831.465418559,-291591.82205467,-220960.53906964,-148488.3761747,66527.4418617718,144197.622289236,134822.469612343,119771.392993899,132125.640326235,87573.821967222,212898.519597123,223622.312836128,215572.846508625,189587.56537179,173958.806446737,359909.414389179,258016.397049486,168516.7248771,91136.9307122109,328060.070275731,717005.556275538,616461.179497956,503860.96437962,412850.13641023,96510.2466934,82801.8892516701,70909.799287,67179.6821435899,84599.0216965501,127419.89935377,121878.13442975,117867.38947699,121070.60034487,121432.81441873,261515.17504589,207494.06717555,136092.1686793,94650.1428215299,58329.92412025,485445.32109306,412174.090856981,324869.35744329,282900.42530998,264361.76023554,7180.53304704011,-47746.8026069599,-46360.118858984,-38144.736085051,-34498.969258886,9626.75621274021,-70661.2648216099,-76738.438930867,-68578.73005879,-49474.6040463391,23434.87434906,-118702.36523741,-88502.3843370602,-53615.2388931869,-23813.515313234,40242.1636088397,-237110.43266598,-211600.94212692,-160338.70503703,-107787.08861845,45856.1049962658,93248.0320303688,85326.040710579,75062.471416844,80991.568585239,60398.7430039438,137643.843389774,141519.999919085,135120.191560865,116218.679569606,120324.222270805,232762.670200122,163307.910787449,105639.007272216,55874.993298826,226579.070271014,463654.545620264,390153.951417112,315821.67024992,253085.24145367,53036.6380433001,45501.229423409,38965.921851594,36917.7353317919,46492.5993263529,70025.4992166799,66982.5785681698,64781.5609882099,66541.4615020801,66744.0755232598,143759.09661987,114060.30496271,74805.52645039,52023.7683790301,32061.477985593,266821.23387985,226544.112954279,178553.0092902,155482.9652129,145298.15283521,11.3894536003,-33.3954468908111,-55.57603395235,-76.81374202813,-112.56577916602,2.71212004496201,-7.252088554761,-11.668560141767,-15.831752467656,-38.709326155673,25.18426135201,78.0458515991049,117.451702309648,175.133507840762,312.41552670858,6.01630107817769,16.9523424705928,24.6548857737944,36.0877504520403,107.406476723192,36.573714952309,44.650404708294,61.8756683572999,98.3197658126401,199.84974754256,8.728421123141,9.70025391583098,12.986325632027,20.255997984386,68.6971505675199
"China","CHN","WPR","UMIC",1408975000,27104.87027,0.074,0.114,0.157,0.219,0.436,0,0,0,0,0,0,0,0,0,0,0,0,0,0,0,0,0,0,0,0,0,0,0,0,0,0,0,0,0,0,0,0,0,0,0,0,0,0,0,0,0,0,0,0,0,0,0,0,0,0,0,0,0,0,0,0,0,0,0,0,0,0,0,0,0,0,0,0,0,0,0,0,0,0,0,0,0,0,0,0,0,0,0,0,0,0,0,0,0,0,0,0,0,0,0,0,0,0,0,0,0,0,0,0,0,0,0,0,0,0,0,0,0,0,0,0,0,0,0,0,0,0,0,0,0,0,0,0,0,0,0,0,0,0,0,0,0,0,0,0,0,0,0,0,0,0,0,0,0,0,0,0,0,0,0,0,0,0,0,0,0,0,0,0,0
"DRC","COD","AFR","LIC",109276265,1709.732077,0.055,0.096,0.137,0.219,0.493,452628.13767091,546018.36665972,656280.51468065,744193.4484405,877679.40244884,41607.6334943401,-152900.54503745,-159350.90203374,-144741.92799643,-126941.73292365,411020.504176563,698918.911697168,815631.4167144,888935.37643693,1004621.13537248,6409432.59502798,-17106548.532992,-12669973.624556,-9637777.3374896,-8835904.65689,10086192.778782,-41416714.9579999,-34456725.188307,-28262983.483887,-21125733.093256,36007812.82618,-85104454.523685,-48745912.9150429,-27323496.889479,-12367923.448929,52503438.1999898,-143627718.01468,-95872611.727901,-65224257.7108539,-42329561.199076,63132205.004481,76754806.1546549,63757094.0678016,58256908.1791919,69660249.474306,137190816.179499,182015486.930647,170290358.619928,167897492.67088,160984560.032048,344584809.616177,386911683.964832,246995581.597453,165257748.284741,97855894.09542,544907830.800157,645681977.050134,481043034.285182,391412149.134812,328500703.601773,69541637.599508,59648257.621663,51087120.443246,48619130.841703,60824344.817415,147277008.958281,140598771.972647,135833633.431621,139634509.186993,139858826.938791,380592622.44236,301807229.44115,198249668.682409,137934251.395262,85487970.64649,597411269.00014,502054259.03545,385170422.55727,326187891.42395,286171142.4027,-991129.432597011,-13392615.7031335,-9911058.43866231,-7542067.8696269,-6945801.82628261,-4102323.33929604,-32191146.841613,-26813369.920381,-22009786.824959,-16441695.352766,-4833228.65079701,-66904343.8155829,-38222661.8569,-21389819.631326,-9729370.7804469,-9926681.42268991,-112488106.36033,-74947090.215943,-50941674.325912,-33116867.959495,37681092.2761597,44861237.2286199,36862723.649831,33191083.1071494,39033673.6808199,81801988.4331701,106367666.880695,98478336.1777251,95682779.172581,90229781.129302,205641570.000725,226147511.660176,142827331.233229,94166472.41758,54835417.5445748,325124650.710055,377376415.76949,278168391.060785,223040334.697311,184098872.354697,36689962.843562,31468621.525487,26951665.211169,25649015.237523,32087871.854537,77699665.093873,74176520.039081,71664966.257344,73672992.347622,73788085.776537,200808341.34993,159243167.844591,104604669.37633,72776652.786254,45106046.764128,315197969.28737,264888309.40916,203221300.844845,172098660.371399,150982004.395202,17271.8383568319,-68601.6673929821,-78648.8602766551,-83022.364449946,-90690.515320164,1504.4496336315,-4877.718263958,-5666.182705462,-7021.929141015,-17549.770427311,171721.784101427,312835.495794485,401880.265880892,509669.85595888,717704.57960845,14506.7393102941,22288.5682396676,28932.2589135153,43331.4779991312,138600.508447457,188993.622458259,244233.828401501,323231.40560423,426647.49150894,627014.06428829,16011.1889439256,17410.8499757096,23266.076208053,36309.548858116,121050.738020146
"Congo","COG","AFR","LMIC",6332961,7026.362024,0.042,0.082,0.132,0.219,0.525,2051.955148851,2475.33263088702,2975.19767135801,3373.74425312199,3978.89264720201,-3110.6366256568,-3276.99401066369,-3259.3598664123,-3170.5865810157,-2709.48728137019,5162.5917745075,5752.3266415508,6234.55753777,6544.3308341377,6688.379928571,-430150.343297301,-321705.81647066,-227516.97329729,-184649.32464993,-166612.51151085,-1011607.8560596,-846451.852001,-678924.905547198,-600248.008229101,-433739.6432861,-2015348.7624853,-1401193.95289519,-763394.6876279,-454328.2142337,-203335.17264353,-3457106.96184219,-2569351.6213668,-1669836.5664723,-1239225.5471127,-803687.3274405,711114.19549179,563278.11850827,434553.261659791,381276.58965929,413826.201522349,1678974.25333095,1484121.32423465,1294872.4377185,1233091.1496311,1069745.0244069,3353883.467913,2460224.8183303,1457250.3442548,937771.528454499,501714.725086201,5743971.9167358,4507624.2610731,3186676.0436332,2552139.2677449,1985285.9510154,280963.852194501,241572.3020376,207036.288362499,196627.265009301,247213.690011499,667366.397271305,637669.472233705,615947.532171499,632843.141401999,636005.381120801,1338534.7054276,1059030.8654352,693855.656626798,483443.314220797,298379.5524427,2286864.95489299,1938272.639707,1516839.4771609,1312913.7206322,1181598.62357499,-281273.8117899,-210497.43738184,-148870.54140428,-120810.2053408,-109130.56412157,-662028.834496001,-553898.910059899,-444042.111452,-392460.235263091,-283815.20445858,-1319545.5170913,-916897.441667002,-499268.560749801,-297321.07211059,-133076.46534537,-2262848.1633772,-1681293.7891088,-1092181.2136062,-810591.512714498,-526022.233925501,428770.519881,337311.98271498,257565.72670987,224054.30246507,238950.16495018,1012422.55225969,888670.65412313,767407.570625421,724694.9032673,617739.7657947,2022453.22180715,1472981.32307802,863585.56135964,551157.14847815,289735.99260204,3463646.2939478,2698963.9599161,1888558.8586949,1499906.3542105,1146425.9233469,147496.708091091,126814.54533315,108695.18530559,103244.09712428,129819.600828599,350393.7177637,334771.744063202,323365.4591734,332234.6680042,333924.5613361,702907.7047159,556083.881410994,364317.0006098,253836.0763676,156659.527256671,1200798.13057061,1017670.1708074,796377.645088896,689314.841496095,620403.6894214,-934.739354731701,-1042.3963900716,-1180.4089516122,-1446.441198504,-1724.7989821942,-67.1049522268202,-64.2707547415,-72.3703770652298,-99.6974214896204,-288.76639310629,1551.42392908913,1829.7914775337,2257.9782695982,2985.1652342349,4257.43630618609,111.367666829415,112.717955643062,138.27171625927,205.77373511489,712.400253395401,616.684574357401,787.3950874621,1077.569317986,1538.72403573091,2532.63732399201,44.2627146026002,48.4472009015499,65.9013391940402,106.07631362528,423.633860289101
"Colombia","COL","AMR","UMIC",52886363,21494.60027,0.034,0.072,0.115,0.219,0.56,0,0,0,0,0,0,0,0,0,0,0,0,0,0,0,0,0,0,0,0,0,0,0,0,0,0,0,0,0,0,0,0,0,0,0,0,0,0,0,0,0,0,0,0,0,0,0,0,0,0,0,0,0,0,0,0,0,0,0,0,0,0,0,0,0,0,0,0,0,0,0,0,0,0,0,0,0,0,0,0,0,0,0,0,0,0,0,0,0,0,0,0,0,0,0,0,0,0,0,0,0,0,0,0,0,0,0,0,0,0,0,0,0,0,0,0,0,0,0,0,0,0,0,0,0,0,0,0,0,0,0,0,0,0,0,0,0,0,0,0,0,0,0,0,0,0,0,0,0,0,0,0,0,0,0,0,0,0,0,0,0,0,0,0,0
"Cabo Verde","CPV","AFR","LMIC",524877,11261.77065,0.057,0.097,0.143,0.216,0.487,8.48154789077307,10.231535648438,12.29767694887,13.9450287059599,16.44634803952,7.475449731656,2.20245854338395,-13.8878353521601,-13.736659221937,-11.667071845897,1.00609815911741,8.0290771050545,26.18551230103,27.681687927901,28.113419885416,1531.44262714,306.957571865001,-1440.96653414439,-1195.58674792691,-1084.8564277335,7119.75126456108,1589.72419566999,-8413.650469032,-7525.73409664299,-5426.093099822,6059.95629012003,1081.36117768002,-4048.970459139,-2454.431525641,-1096.76511905731,14711.1501818202,2978.04294521012,-13903.587462316,-11175.752370212,-7607.714646612,226.093104116211,1199.59094623903,2724.7079294333,2412.8945815033,2614.995217941,927.328423894732,6114.79248120017,15857.7039750113,15168.057917099,13080.493282277,826.702632506813,4387.54054761636,7638.3333157842,4951.39281647649,2643.6991056706,1980.12416051776,11701.9239750555,26220.745220228,22532.345315079,18339.187605888,1757.53573125601,1506.54851810301,1283.74139528901,1217.30783357599,1530.138790208,8047.07968845603,7704.51667686994,7444.05350597901,7642.32382045605,7654.40018245496,6886.65892262699,5468.901725295,3589.36285664496,2496.96129083598,1546.93398661399,16691.27434234,14679.9669202699,12317.1577579101,11356.592944868,10731.4729592759,823.707038548891,29.7925238462922,-1057.0126820959,-876.739714413205,-795.309851325401,3840.94946027698,165.907426391961,-6164.31472789095,-5514.99848366098,-3976.73960093901,3266.46874193603,86.4969382040435,-2967.80579546498,-1799.3102004273,-803.876072369996,7931.12524076109,282.196888442966,-10189.1332054511,-8191.048398502,-5575.92552463396,157.907158894004,811.846049784178,1774.2708990641,1556.7316904218,1650.0507098435,654.66429436788,4138.02817078049,10322.1598485326,9783.77299660099,8252.68222908099,580.508108801831,2968.33870981614,4972.7133919521,3194.2232631811,1667.9678257853,1393.07956206372,7918.21293038084,17069.1441395484,14534.727950203,11570.700764711,981.61419744289,841.638573630495,717.258216968199,679.991976008598,854.740858518009,4495.61375464499,4303.93559717201,4157.84512064204,4268.77451294003,4275.94262814196,3846.976850737,3054.83564802102,2004.90759648802,1394.913062754,864.0917534154,9324.204802825,8200.40981882403,6880.01093409804,6343.67955170106,5994.77524007601,2.17944089152499,0.693431495113998,-5.16109898920899,-6.601161102741,-7.85283513271105,0.1398506834984,0.0369771970685999,-0.267053408966699,-0.382665069320598,-1.2072016764222,0.293940219641689,2.53404370515196,9.7246207215384,13.300346992712,18.923707953257,0.0186910536558836,0.133999844836597,0.50339198726575,0.7709550235832,2.90767220495201,2.47338111116701,3.22747520026502,4.56352173232898,6.69918588997098,11.070872820547,0.1585417371542,0.170977041905099,0.236338578299101,0.388289954262497,1.70047052852999
"Dominican Republic","DOM","AMR","UMIC",11427557,27541.18357,0.062,0.11,0.156,0.223,0.449,0,0,0,0,0,0,0,0,0,0,0,0,0,0,0,0,0,0,0,0,0,0,0,0,0,0,0,0,0,0,0,0,0,0,0,0,0,0,0,0,0,0,0,0,0,0,0,0,0,0,0,0,0,0,0,0,0,0,0,0,0,0,0,0,0,0,0,0,0,0,0,0,0,0,0,0,0,0,0,0,0,0,0,0,0,0,0,0,0,0,0,0,0,0,0,0,0,0,0,0,0,0,0,0,0,0,0,0,0,0,0,0,0,0,0,0,0,0,0,0,0,0,0,0,0,0,0,0,0,0,0,0,0,0,0,0,0,0,0,0,0,0,0,0,0,0,0,0,0,0,0,0,0,0,0,0,0,0,0,0,0,0,0,0,0
"Ecuador","ECU","AMR","UMIC",18135478,15840.26686,0.047,0.093,0.142,0.221,0.497,0,0,0,0,0,0,0,0,0,0,0,0,0,0,0,0,0,0,0,0,0,0,0,0,0,0,0,0,0,0,0,0,0,0,0,0,0,0,0,0,0,0,0,0,0,0,0,0,0,0,0,0,0,0,0,0,0,0,0,0,0,0,0,0,0,0,0,0,0,0,0,0,0,0,0,0,0,0,0,0,0,0,0,0,0,0,0,0,0,0,0,0,0,0,0,0,0,0,0,0,0,0,0,0,0,0,0,0,0,0,0,0,0,0,0,0,0,0,0,0,0,0,0,0,0,0,0,0,0,0,0,0,0,0,0,0,0,0,0,0,0,0,0,0,0,0,0,0,0,0,0,0,0,0,0,0,0,0,0,0,0,0,0,0,0
"Egypt","EGY","EMR","LMIC",116538258,19094.14494,0.097,0.135,0.169,0.214,0.385,19.1270778913022,23.0735452793015,27.7329831668976,31.4479920047015,37.0888172808991,19.1270778913022,19.1662648741985,-28.0262090538017,-27.5507271191018,-23.4529238012983,0,3.9072804051172,55.7591922206402,58.9987191237997,60.5417410821974,6478.87789273076,4698.45717372,-4697.81827973947,-3872.33135464042,-3525.51557093021,25256.2485455051,20354.2516341954,-23519.2711691,-20900.3905926012,-15163.9574772008,20942.3960780017,13847.3062601015,-10903.8280789014,-6605.79346869886,-2950.53667702992,52677.522516191,38900.0150679946,-39120.917527698,-31378.5154159963,-21640.0097251013,0,835.589958715769,9424.37016775005,8352.51594865997,9162.20233023027,0,3762.4821344118,46854.1068011299,44948.9318535002,39184.2454608995,0,2767.8619228776,21808.55113037,14177.26755455,7624.49476668006,0,7365.93401600519,78087.0280992603,67478.7153567001,55970.9425578006,6478.87789273076,5534.04713242967,4726.55188800953,4480.18459401932,5636.68675931077,25256.2485455051,24116.7337687016,23334.8356319964,24048.5412608981,24020.2879837006,20942.3960780017,16615.1681828983,10904.7230514996,7571.47408589907,4673.95808965061,52677.522516191,46265.9490839988,38966.1105715036,36100.1999407038,34330.932832703,3696.55118106958,2602.37523692939,-3584.18169764988,-2952.09848528029,-2688.66018343018,14399.070736099,11238.1599161997,-17906.0732359998,-15922.5794974007,-11543.5834433008,11942.2696584985,7635.99551829882,-8308.38406213,-5028.70472976007,-2246.43638882972,30037.8915755004,21476.5306714028,-29798.6389956996,-23903.3827124983,-16478.6800155006,0,554.0657231737,6280.52163258201,5507.60930627398,5903.03176108003,0,2509.9849673896,31211.0666541099,29638.5226654503,25239.9142338987,0,1839.9135381487,14528.45327246,9346.18664378999,4911.29160590004,0,4903.96422871199,52020.04155915,44492.3186155204,36054.2376008984,3696.55118106958,3156.44096010923,2696.33993491996,2555.5108209895,3214.37157764938,14399.070736099,13748.1448836997,13304.9934181012,13715.9431679994,13696.3307906985,11942.2696584985,9475.90905640088,6220.0692104008,4317.48191404995,2664.85521707032,30037.8915755004,26380.4949001968,22221.4025634006,20588.9359030947,19575.5575853996,7.29842873780035,7.9893304114994,-13.4970385068009,-16.2315088550968,-17.6361587758001,0.681417309639983,0.617307591689951,-0.99787219450991,-1.36344480949015,-3.4881133439003,0,1.6304685020509,26.8459624274101,34.7618493478403,45.5331729244972,0,0.12552110566377,1.983997342832,2.91657509778508,8.99373983051009,7.29842873780035,9.61979891349984,13.3489239205992,18.530340492598,27.8970141485988,0.681417309639983,0.742828697349978,0.98612514832007,1.55313028829005,5.5056264866098
"Eritrea","ERI","AFR","LIC",3535603,1742.32363,0.09,0.1095,0.1471,0.0021,0.6513,3309.10506725973,3991.8688069813,4797.9809382786,5440.7008895378,6416.5992265036,2591.61595756901,1282.8627698959,1253.5949028146,1149.5733917299,1004.50416761451,717.489109690654,2709.00603708548,3544.38603546396,4291.12749780785,5412.09505888908,1075140.01973182,377600.28963222,262520.20259109,199699.98840036,187741.35265087,1816650.90508873,714073.14633259,559537.29233718,469798.00296429,352159.50452221,2959650.6256224,963298.756222669,511218.94284491,286871.05594,130748.00726293,5851441.5504429,2054972.1921875,1333276.4377732,956369.047304649,670648.86443601,307662.113463099,807983.751843998,751242.41720707,757753.471923896,1020630.24515631,505842.149601913,1501651.64871549,1576626.38736799,1734117.90519726,1868005.32402434,795147.199672426,2010309.73009928,1436173.45639333,1068714.32204345,703156.97171516,1608651.46273744,4319945.13065877,3764042.2609684,3560585.6991646,3591792.54089586,1382802.13319492,1185584.04147622,1013762.61979816,957453.46032425,1208371.59780718,2322493.05469064,2215724.79504806,2136163.67970518,2203915.90816155,2220164.82854655,3754797.8252948,2973608.48632193,1947392.39923824,1355585.37798346,833904.9789781,7460093.0131804,6374917.3228463,5097318.6987415,4516954.7464692,4262441.4053318,539504.51133349,142919.63415802,95466.19170387,72401.51319785,68281.5786914699,911972.86326247,271871.77588468,204722.25389877,172681.31207175,129796.05887119,1487795.96837038,368046.83041913,187460.62012932,104945.66042049,47788.887131665,2939273.3429664,782838.2404618,487649.065731971,350028.48569009,245866.52469433,191371.37380488,483617.344177943,440256.20809416,433563.870083988,570219.07701828,315061.396141623,898766.248138672,924049.340935075,992006.07903987,1043252.70154681,495865.20374817,1203084.45360742,841540.00850996,611229.844629916,392811.040396069,1002297.97369467,2585468.04592404,2205845.55753919,2036799.79375377,2006282.81896117,730875.88513836,626536.97833597,535722.39979803,505965.38328183,638500.65570975,1227034.25940409,1170638.02402335,1128771.59483384,1164687.39111162,1173048.760418,1983661.17211856,1571131.28402655,1029000.62863929,716175.50505041,440599.92752773,3941571.316661,3368306.2863859,2693494.62327114,2386828.27944388,2252149.34365549,1202.72676912794,641.98209591047,695.95134004969,741.16112430799,783.345716763411,242.040183166758,110.166020559359,114.94636435867,137.20315281614,253.743836903,332.033882944027,1353.68266757701,1965.38341157991,2764.05394987074,4219.98039557418,67.2953521544077,233.210240638943,325.384144851404,512.712500974206,1366.82099119367,1534.76065207197,1995.66476348748,2661.33475162959,3505.2150741788,5003.3261123375,309.335535321163,343.3762611983,440.33050921008,649.91565379035,1620.56482809668
"Ethiopia","ETH","AFR","LIC",132059767,3278.489673,0.083,0.128,0.168,0.224,0.397,163027.589108323,196664.878996363,236379.0961775,268043.57403356,316122.54096165,-15012.967249035,-74126.642021141,-75974.755240337,-70620.3272118911,-61389.6083354771,178040.556357358,270791.521017506,312353.851417844,338663.901245453,377512.149297133,-2810521.433189,-8341864.30694661,-5929301.753595,-4592619.608412,-4345418.8019863,-5842263.57422501,-25585997.055417,-21171442.107582,-17750568.273551,-13205161.759959,-9134390.81540495,-28701172.376199,-15873429.761749,-9014313.23269551,-4137013.6397583,-17787175.822819,-62629033.7385631,-42974173.622926,-31357501.114658,-21687594.201704,28367527.2694237,30260970.2743894,24741483.8129083,22396003.9921008,26558657.3261406,76642225.0262651,93136469.0926265,86533287.5818241,85076085.421133,80523088.989894,104370835.018834,104429161.174081,65786836.7598296,43670530.4926289,25528073.8174745,209380587.314523,227826600.541096,177061608.154562,151142619.905863,132609820.13351,25557005.836234,21919105.967442,18812182.0593138,17803384.3836886,22213238.524155,70799961.45204,67550472.037211,65361845.474242,67325517.147584,67317927.229935,95236444.2034311,75727988.797882,49913406.998081,34656217.259934,21391060.177716,191593411.491703,165197566.802534,134087434.531636,119785118.791205,110922225.931806,-3574428.8484626,-6318050.3337405,-4519684.8612862,-3503446.1184822,-3294394.4431619,-8764695.08469999,-19408415.867405,-16040299.660382,-13464087.129861,-9996843.26890649,-12542462.124231,-21761395.178522,-12075217.2194439,-6863300.0011684,-3144058.1442699,-24881586.057393,-47487861.379669,-32635201.741112,-23830833.249512,-16435295.856339,17184407.1257728,17991599.2775339,14539153.1527799,12986478.2318933,15125686.2984442,46471731.6010037,55383791.2238065,50848458.4472938,49314785.0419421,45844603.619776,63262786.0516489,62091110.7667459,38657754.9568629,25321451.6141183,14536370.6539962,126918924.778425,135466501.268087,104045366.556937,87622714.887954,75506660.572217,13609978.2773101,11673548.9437934,10019468.2914937,9483032.11341111,11831291.8552824,37707036.516305,35975375.356401,34808158.786912,35850697.912082,35847760.35087,50720323.927418,40329715.588223,26582537.737419,18458151.61295,11392312.5097263,102037338.721032,87978639.8884169,71410164.815824,63791881.638442,59071364.715879,-4927.39245279002,-26606.451297982,-31264.236019978,-36138.333945544,-42014.236089713,-471.515046926499,-1973.3802407632,-2250.9318468221,-2921.0454641103,-7773.51634963899,59505.7361372304,97150.6613657271,128304.892253793,173111.06019725,258305.901308824,5242.10301435103,7188.92244302905,9253.74982915066,14014.2636446918,47760.390182191,54578.34368444,70544.2100677461,97040.6562338151,136972.726251707,216291.66521911,4770.5879674245,5215.5422022658,7002.8179823286,11093.2181805814,39986.873832552
"Fiji","FJI","WPR","UMIC",928784,16032.25741,0.084,0.129,0.168,0.0023,0.6168,19.9947209859399,24.1202081486499,28.99100760079,32.87453678355,38.7712413491804,-9.21101578880007,-11.1115137961899,-27.05190544418,-27.2136907143999,-22.97163137198,29.2057367747356,35.2317219448461,56.042913044965,60.088227497949,61.74287272116,-1487.47722331499,-1238.43380347601,-2137.00676556901,-1799.631351064,-1609.219564592,-8147.07106063003,-7834.79875192,-15569.5319980201,-14198.674458231,-10155.0412809099,-5433.66304828494,-4395.16546483198,-5975.67891327903,-3683.496068284,-1620.952392564,-15068.2113322397,-13468.3980202298,-23682.2176768701,-19681.8018775799,-13385.2132380661,4562.6305958646,3881.5545911165,4391.5375085967,3936.8317159603,4296.688245411,26159.045317256,25045.8489350985,32144.478283424,31213.82783787,27232.851703816,17729.7357806168,14131.0994945703,12355.763523082,8138.964060332,4379.716513814,48451.411693738,43058.503020785,48891.779315102,43289.623614163,35909.256463042,3075.15337254899,2643.120787641,2254.53074302801,2137.20036489601,2687.468680819,18011.97425662,17211.05018318,16574.9462853901,17015.1533796401,17077.8104229101,12296.072732332,9735.93402973795,6380.08460980305,4455.467992049,2758.76412125098,33383.2003615,29590.1050005597,25209.56163823,23607.82173659,22524.0432249801,-1244.62612649702,-1043.33785024199,-1569.85153965199,-1321.43426524239,-1182.4265840757,-6912.49501596496,-6640.87112031807,-11440.781336199,-10432.829707288,-7465.34226853104,-4636.013655558,-3734.29842018301,-4395.145109934,-2711.10979977201,-1194.2651934313,-12793.1347980199,-11418.5073907401,-17405.77798578,-14465.373772303,-9842.03404603701,2939.86740000623,2500.57526189659,2812.7357526677,2499.6148464808,2664.45416561409,16846.1872907135,16133.0184714533,20580.744352123,19814.741940329,16883.127444819,11419.1643904201,9104.4511283222,7913.6315457508,5168.5573784462,2716.33091978569,31205.2190811402,27738.0448616722,31307.111650542,27482.914165257,22263.9125302189,1695.24127350998,1457.237411654,1242.884213016,1178.180581238,1482.02758153802,9933.692274748,9492.14735113503,9139.96301592398,9381.91223304195,9417.78517628799,6783.15073486301,5370.15270813805,3518.48643581598,2457.44757867299,1522.06572635498,18412.08428312,16319.53747093,13901.33366476,13017.54039296,12421.87848418,-2.746186940629,-3.60306863906601,-10.4389905508481,-13.530663941497,-15.7306150413701,-0.117292382828701,-0.128752275121503,-0.369328182400402,-0.545604459781195,-1.901563334103,8.7184698004379,11.4499514986221,21.634076302738,29.888889875448,42.28340720967,0.376435576699757,0.41050548861153,0.76555096460447,1.2054326206518,5.10963628491099,5.97228285980901,7.84688285955599,11.195085751889,16.3582259339498,26.5527921682997,0.259143193871001,0.281753213490003,0.396222782204102,0.659828160870596,3.208072950808
"Gabon","GAB","AFR","UMIC",2538952,21509.52279,0.084,0.108,0.157,0.0023,0.6487,573.193357222801,691.459665546805,831.092016120412,942.422058270298,1111.4642714076,-1687.0635180351,-2035.1533409053,-2073.5574816531,-2099.4660926165,-1768.0686915406,2260.2568752579,2726.6130064522,2904.6494977735,3041.8881508868,2879.5329629482,-318287.231246061,-272110.85056551,-196612.65406714,-166157.7596849,-149220.43219585,-809884.0907443,-776591.587963199,-638075.096043501,-587174.385514298,-419427.21302402,-1827539.3550524,-1448538.5116689,-803477.026469901,-498284.86652104,-219740.55973717,-2955710.6770427,-2497240.9501975,-1638164.7765806,-1251617.0117203,-788388.204956999,425272.07046824,364249.69832873,276025.78966611,241763.34733844,243174.626917291,1087326.6990835,1039731.0265141,891693.647033719,848741.4779767,680418.112646399,2446730.7227278,1938140.0458745,1125610.1293928,723572.70621815,357884.49522134,3959329.4922795,3342120.7707173,2293329.5660926,1814077.5315333,1281477.234785,106984.83922218,92138.8477632096,79413.1355989706,75605.5876535401,93954.1947214399,277442.608339202,263139.438550901,253618.550990298,261567.092462398,260990.899622299,619191.367675498,489601.534205697,322133.102922801,225287.8396971,138143.935484199,1003618.8152369,844879.820519805,655164.789512098,562460.519813001,493089.0298279,-201744.09390208,-172538.75934905,-124712.99399369,-105419.53491639,-94611.8564838902,-513883.98735339,-492581.02780788,-404624.219864939,-372298.30777279,-265873.419662939,-1158556.0585024,-918307.612778898,-509535.81154483,-316102.94780196,-139368.02547416,-1874184.1397579,-1583427.3999358,-1038873.0254035,-793820.7904911,-499853.301620999,257757.81841844,220786.94760723,166306.59943367,145029.12194746,143821.38039761,659247.33302872,630418.76418834,537454.57517417,509279.76358579,402541.26358927,1482833.26629792,1174702.16542916,678253.96645689,434118.100412141,211726.74516669,2399838.4177451,2025907.8772247,1382015.1410648,1088426.9859454,758089.3891536,56013.7245163703,48248.1882581795,41593.60543998,39609.5870310701,49209.5239137197,145363.345675301,137837.736380501,132830.3553093,136981.455813,136667.843926299,324277.207795497,256394.552650299,168718.154912099,118015.1526102,72358.7196925301,525654.277987197,442480.477288999,343142.115661301,294606.195454299,258236.087532602,-466.73588312277,-593.913918017499,-685.869614917699,-886.051278533101,-1080.0104491376,-25.987337705118,-28.2417061669701,-33.350618236645,-49.0611415345001,-162.99764033164,625.35714217402,795.76609868952,960.687538797551,1283.9046951714,1759.2849729603,34.817849756183,37.8531160243,46.711399048187,71.053238692904,265.18939700275,158.621259051199,201.852180671998,274.817923879898,397.853416638303,679.2745238227,8.83051205106506,9.61140985733005,13.3607808115398,21.9920971584099,102.191756671109
"Ghana","GHA","AFR","LMIC",34427414,8027.168423,0.084,0.096,0.148,0.0022,0.6698,11243.235252939,13563.038701859,16301.938841989,18485.686854484,21801.463888589,-17607.5486159649,-18509.456055239,-18426.101190773,-17899.7788489766,-15304.3499728377,28850.7838689041,32072.4947570978,34728.040032762,36385.46570346,37105.813861426,-7985758.5277627,-6001052.2998304,-4260926.119365,-3435794.3517497,-3135239.6075543,-17370385.685928,-14440688.5445114,-11517397.7103523,-10198434.5112728,-7399692.81100401,-20017579.397574,-13761049.7066905,-7457944.3082908,-4473836.5324446,-1999393.3432053,-45373723.611264,-34202790.551033,-23236268.138008,-18108065.395467,-12534325.7617636,13115185.7547146,10383220.9924543,7986112.4378224,6949514.4592271,7570820.4379307,28322096.2864183,24939467.0166825,21689965.5348077,20687900.825382,17859832.138782,32578268.7065072,23744765.4204528,14007899.7345728,9015521.1138125,4805639.36266899,74015550.747641,59067453.429589,43683977.707203,36652936.398421,30236291.939381,5129427.2269519,4382168.692624,3725186.3184574,3513720.1074775,4435580.8303764,10951710.60049,10498778.472171,10172567.824455,10489466.314109,10460139.327778,12560689.308935,9983715.71376202,6549955.426282,4541684.58136791,2806246.0194638,28641827.136376,24864662.878557,20447709.569194,18544871.002954,17701966.177618,-5067553.6328466,-3805523.5211502,-2700417.0105626,-2177914.0990618,-1988024.2909426,-11011775.8754827,-9157194.3989142,-7305963.7957868,-6466883.4258325,-4691916.9925763,-12687796.9307471,-8724676.2783566,-4728908.3084095,-2835209.7246454,-1267519.68598907,-28767126.439076,-21687394.198421,-14735289.1147589,-11480007.2495396,-7947460.969508,7778451.082885,6121195.9005946,4668826.5532137,4034593.382614,4331784.2996103,16797743.8325119,14704128.4016508,12681148.7998264,12009729.88684,10218479.819675,19322324.5400195,13998698.1477945,8189261.6908904,5234164.8762474,2749943.2405323,43898519.455417,34824022.45004,25539237.043931,21278488.145701,17300207.359817,2710897.4500384,2315672.37944441,1968409.54265121,1856679.2835523,2343760.0086677,5785967.957029,5546934.002736,5375185.00403921,5542846.461007,5526562.82709901,6634527.60927199,5274021.86943769,3460353.38248079,2398955.151602,1482423.5545432,15131393.01634,13136628.251618,10803947.929172,9798480.896162,9352746.39031002,-8241.0433637069,-9418.0350821931,-10522.6431732221,-11924.8414504851,-12233.241249596,-1343.14609687176,-1293.11668454893,-1390.82306161721,-1781.71747800374,-3453.4627761797,13501.082194988,16317.0860762032,19829.1186081871,24245.711626895,29658.189560003,2205.06355629816,2244.3156072812,2622.2585850434,3625.5188851373,8383.8529590183,5260.038831281,6899.05099401,9306.47543496499,12320.87017641,17424.948310407,861.9174594264,951.198922732199,1231.4355234262,1843.8014071335,4930.3901828386
"Guinea","GIN","AFR","LMIC",14754785,4579.101873,0.084,0.131,0.173,0.0023,0.6097,9116.08981804509,10997.001862026,13217.720286783,14988.317679261,17676.771721136,5492.40409875719,-5689.4369775495,-6134.65134463309,-5738.63824391431,-4976.5125793872,3623.68571928772,16686.4388395752,19352.3716314167,20726.9559231761,22653.284300523,2398987.8387536,-1755610.2975112,-1345280.5396977,-1046774.5262693,-971201.6321817,3022394.1826127,-2543182.0994506,-2183711.8875923,-1837746.5515405,-1362846.3318833,7194858.216631,-4767145.33053049,-2799267.2613834,-1624173.8351683,-734477.4210812,12616240.237998,-9065937.72749299,-6328259.688674,-4508694.9129782,-3068525.3851461,1589472.57799824,5162331.15098371,4249611.23340183,3789494.1950319,4410135.7819904,2003706.96456706,7355306.19656864,6842991.42665582,6645799.9080439,6156971.3535818,4543340.49391178,14125997.0510994,8962075.6541831,5896127.3217924,3375696.7708725,8136520.03647709,26643634.3986517,20054678.3142408,16331421.4248683,13942803.9064446,3988460.4167518,3406720.8534726,2904330.6937041,2742719.6687625,3438934.1498086,5026101.1471798,4812124.09711801,4659279.53906351,4808053.3565034,4794125.0216985,11738198.710543,9358851.72056839,6162808.39279971,4271953.4866241,2641219.3497913,20752760.274475,17577696.671159,13726418.625567,11822726.51189,10874278.521298,1099284.232409,-1354068.8022906,-1025086.7582046,-798321.698788,-739784.45613241,1382347.8756066,-1953151.5851207,-1661799.8818224,-1401408.5908865,-1037290.4016349,3314105.4855255,-3690948.4966476,-2143788.2763104,-1240159.8069286,-561343.384600719,5795737.593541,-6998168.8840591,-4830674.9163374,-3439890.096603,-2338418.2423681,1037408.39697215,3178835.15716045,2580854.89927891,2267502.64994052,2581940.7379021,1309135.66499228,4529765.69059086,4156876.34237164,3976662.5944119,3604769.9377088,2973310.05221055,8704220.75168548,5445283.88668543,3528258.33970706,1976075.06636691,5319854.11417499,16412821.5994368,12183015.1283359,9772423.5840595,8162785.74197759,2136692.6293811,1824766.3548698,1555768.1410744,1469180.9511525,1842156.2817696,2691483.540599,2576614.1054702,2495076.4605492,2575254.0035254,2567479.5360738,6287415.53773601,5013272.2550379,3301495.610375,2288098.5327785,1414731.6817662,11115591.707716,9414652.715378,7352340.21199851,6332533.48745641,5824367.4996096,1699.6652878598,-1851.9773778553,-2243.5871400086,-2636.2389999148,-3234.8563256161,358.96332513593,-339.73760484042,-400.27542534923,-500.665151553331,-1066.2535431579,1123.54763666287,5430.41617486048,7074.3844319807,9520.9459628352,14722.1844586485,232.580922579945,995.511678903065,1261.42316560673,1808.98163875962,4855.960828978,2823.2129245227,3578.4387970051,4830.7972919721,6884.70696292041,11487.328133033,591.54424771587,655.77407406266,861.1477402575,1308.3164872063,3789.7072858201
"Gambia","GMB","AFR","LIC",2759988,3445.251592,0.084,0.116,0.157,0.0022,0.6408,1326.1184504897,1599.7349039315,1922.7830238156,2180.3519944401,2571.4416589107,1004.76708148,-700.483827759601,-804.039695595,-743.3790071534,-647.5356307325,321.351369009727,2300.21873169116,2726.82271941053,2923.73100159355,3218.9772896432,475913.10366319,-240788.66310741,-195677.55935443,-151002.51940664,-140383.99004164,546815.10123698,-298299.32596209,-277016.53524484,-232331.00737332,-171664.31369,1350746.9967391,-618297.7993549,-386675.08384742,-218481.9477797,-99900.6410318799,2373475.2016392,-1157385.7884244,-859369.178446701,-601815.474559691,-411948.94476352,161127.701328811,788342.813561724,662172.868497925,593231.72569729,697988.9821675,171597.39179276,987829.550845857,942419.2720432,914114.62846292,856822.45444794,410449.715009209,2016412.59398171,1303418.61193703,857288.01430409,494985.01931893,743174.80813078,3792584.95838929,2908010.75247815,2364634.3684643,2049796.45593438,637040.804992,547554.15045432,466495.30914349,442229.20629065,557604.99212586,718412.49302975,689530.224883771,665402.73679836,681783.6210896,685158.140757941,1761196.7117483,1398114.7946268,916743.52808961,638806.06652439,395084.37828706,3116650.0097701,2635199.1699649,2048641.5740315,1762818.8939046,1637847.5111709,233193.27288393,-193755.13534201,-153511.4759246,-118471.53564087,-110180.13757797,269416.0377319,-241074.83516427,-217659.32033698,-182505.22602455,-134983.99780978,666015.163240099,-497503.21112409,-303176.70887172,-171481.27034529,-78343.4935353509,1168624.473856,-932333.181630401,-674347.50513331,-472458.03201072,-323507.6289231,110122.14938401,488862.699066358,404928.304988883,356823.871278006,410696.4617545,117832.411991007,612752.120546884,576317.436647915,549968.98509535,504273.72862071,283139.228927607,1250978.9085123,797251.728729179,515790.1527025,291284.91634085,511093.790302624,2352593.72812554,1778497.47036598,1422583.00907587,1206255.10671606,343315.42226794,295107.56372436,251416.82906428,238352.33563713,300516.32417653,387248.4497229,371677.28538261,358658.11631094,367463.7590708,369289.73081092,949154.39216774,753475.697388209,494075.019857461,344308.88235722,212941.4228055,1679718.2641586,1420260.5464952,1104149.9652326,950124.977065129,882747.477792962,365.66948567099,-268.35892871598,-342.16534280713,-385.27401375146,-447.912212510751,89.5395510375199,-57.50031303281,-70.8975897835699,-85.67417975953,-164.68054218718,116.557023963049,881.210072775595,1159.7912203917,1514.59128065716,2226.71839591728,28.813419968486,188.924484551455,240.751251475713,337.135371449589,818.8515896056,482.22650963404,612.85114405962,817.62587758457,1129.3172669058,1778.8061834065,118.352971006,131.42417151863,169.85366169215,251.46119169006,654.17104741842
"Equatorial Guinea","GNQ","AFR","UMIC",1892516,17566.76003,0.064,0.106,0.152,0.223,0.455,0,0,0,0,0,0,0,0,0,0,0,0,0,0,0,0,0,0,0,0,0,0,0,0,0,0,0,0,0,0,0,0,0,0,0,0,0,0,0,0,0,0,0,0,0,0,0,0,0,0,0,0,0,0,0,0,0,0,0,0,0,0,0,0,0,0,0,0,0,0,0,0,0,0,0,0,0,0,0,0,0,0,0,0,0,0,0,0,0,0,0,0,0,0,0,0,0,0,0,0,0,0,0,0,0,0,0,0,0,0,0,0,0,0,0,0,0,0,0,0,0,0,0,0,0,0,0,0,0,0,0,0,0,0,0,0,0,0,0,0,0,0,0,0,0,0,0,0,0,0,0,0,0,0,0,0,0,0,0,0,0,0,0,0,0
"Guatemala","GTM","AMR","UMIC",18406359,14368.66012,0.046,0.093,0.14,0.214,0.507,450.689983912698,543.6803159261,653.470321411402,741.006811974799,873.921179106699,266.934507956701,259.7107576989,19.8007713273,19.744973989702,16.7204473351994,183.755475955991,283.96955822708,633.66955008413,721.26183798514,857.2007317715,143632.1066486,100978.423521199,5890.37444507983,4832.70059106965,4591.80550814001,510521.306306403,393347.517020401,23204.7930625975,20480.3104883023,15909.5189280007,439898.890006803,281138.401689,11556.9268557001,7605.42076055054,3255.42124558007,1094052.30296179,775464.342230596,40652.0943633988,32918.4318398982,23756.7456816994,101093.540249038,108459.886671654,172474.07232546,164538.86969172,208984.73797235,353878.393181218,432964.828097085,775081.320624,800062.827132979,805329.207796199,310648.618462503,313504.305990181,377966.04080947,263605.5776109,164633.83102671,765620.551892756,854929.02075892,1325521.43375893,1228207.2744356,1178947.7767952,244725.64689764,209438.310192849,178364.44677055,169371.57028279,213576.5434805,864399.6994876,826312.345117599,798286.113686599,820543.137621298,821238.726724099,750547.508469198,594642.7076791,389522.967665199,271210.998371441,167889.252272289,1859672.85485449,1630393.3629895,1366173.5281224,1261125.7062754,1202704.5224769,69666.6134874001,45440.96118127,-11645.8004218,-9770.6331765498,-8741.10820031026,248152.2816035,175822.2820873,-53999.9493860006,-49182.6308757998,-34689.8376397192,213175.528971102,125278.231572,-26248.2519561201,-15737.8129671598,-7068.59035780001,530994.424061999,346541.474840596,-91894.0017639995,-74691.0770195983,-50499.5361978989,65386.0531329567,70153.5464140003,110082.205145845,103234.9305487,126597.54403011,228941.158065437,280269.323609004,494555.30263978,501972.25666508,487870.702603148,200976.937639879,202850.513427958,241196.39394144,165420.31175839,99716.4922223,495304.148838274,553273.383450962,845833.90172706,770627.49897217,714184.7388555,135052.66662035,115594.50759528,98436.4047240401,93464.2973721502,117856.4358298,477093.439668898,456091.605696402,440555.3532538,452789.625789199,453180.864963401,414152.466610998,328128.7449999,214948.14198531,149682.49879123,92647.90186449,1026298.5729003,899814.858291499,753939.8999632,695936.421952598,663685.202657703,111.5234787884,119.162980389479,10.4592752506996,12.3331595948002,13.0388197392003,13.8894612937299,12.434241144398,1.06490257312998,1.46226895021005,3.22877380276032,77.0344942206901,129.937515289075,331.88760084997,453.67066729045,669.8707806071,9.5350978761528,13.4175243915466,33.31245028822,51.522490554883,162.91322838107,188.557973009079,249.10049567856,342.346876100701,466.0038268852,682.9096003464,23.424559169883,25.851765535944,34.3773528613501,52.9847595051001,166.14200218383
"Indonesia","IDN","SEAR","UMIC",283487931,16448.27552,0.079,0.118,0.154,0.21,0.439,668288.489455449,806175.66408402,968973.59512781,1098773.74853471,1295860.75913635,112268.97449527,60759.82700295,18769.3830952104,18650.1816538395,15813.8255130602,556019.514960172,745415.837081068,950204.21203259,1080123.56688087,1280046.93362329,20049394.424883,8183307.88421404,1659991.224123,1103443.02564496,1502263.27674204,70198795.5994601,31744401.6968298,6986756.94887996,5213407.35052991,5238845.06467986,96639555.74301,32874246.0197001,4238120.95148993,3523480.731444,1540842.53847396,186887745.76735,72801955.6007404,12884869.1245003,9840331.10761023,8281950.87988997,109776764.424163,104352482.944671,94098976.0533,89077036.353745,112434392.22121,339750627.536732,361901383.907574,370910676.123461,381615607.782374,384400857.14051,464426831.562706,410327176.759228,285175710.093121,199766640.371209,124095895.458925,913954223.523604,876581043.611474,750185362.26988,670459284.50733,620931144.82064,129826158.849046,112535790.828886,95758967.277423,90180479.37939,113936655.497952,409949423.13619,393645785.6044,377897433.07233,386829015.1329,389639702.20519,561066387.30571,443201422.77893,289413831.04461,203290121.10266,125636737.9974,1100841969.29095,949382999.21222,763070231.39437,680299615.61495,629213095.70053,3607383.60776895,-2172472.36079597,-3953321.388605,-3422485.31932098,-2807352.952723,15468871.9359601,-5833615.24527001,-15438794.84478,-14530764.4663529,-9624049.831586,21427648.65677,-8400607.33245015,-12515851.740382,-7127504.344405,-3173190.10843998,40503904.2005,-16406694.9385104,-31907967.9737701,-25080754.13008,-15604592.89275,68427022.9575359,64611248.8160492,57081604.345985,53465005.258238,66024883.979806,211978029.187869,224244180.584265,225105331.673935,229131607.60615,225780344.698357,289792744.693681,254243960.649645,173054972.149029,119895478.158368,72870018.436357,570197796.839088,543099390.04996,455241908.16895,402492091.022753,364675247.11452,72034406.5653051,62438776.455253,53128282.95738,50042519.938916,63217531.027083,227446901.12383,218410565.33899,209666536.82916,214600843.13979,216156294.86677,311220393.35045,245843353.31719,160539120.40865,112767973.813962,69696828.327916,610701701.03959,526692695.11144,423333940.19518,377411336.89267,349070654.22177,36824.55806935,21502.9167837601,7744.78276570002,9405.68566701002,10717.14700189,2518.13294343509,1233.1422383014,406.563749013003,616.163438174,1808.93905923003,183123.594910876,264655.797698851,387959.582887019,549897.76321113,877635.95990051,12536.7136056946,15210.192365172,22113.0072242863,35707.6118972649,143666.628531442,219948.15298023,286158.71448262,395704.36565272,559303.44887814,888353.10690241,15054.8465491301,16443.334603474,22519.570973299,36323.775335439,145475.56759067
"India","IND","SEAR","LMIC",1450935791,11158.88092,0.082,0.142,0.175,0.219,0.382,193194.0488864,233055.548786899,280118.4444449,317642.0851756,374617.5353918,136385.837378401,-38259.9556019995,-61772.7799916007,-59894.4586335998,-51245.9698281605,56808.2115079824,271315.504388925,341891.22443656,377536.54380921,425863.50522,31633600.99507,-6478913.9864099,-7158335.71861005,-5891963.57716012,-5421092.21981001,72939862.9177799,-15974220.6019592,-21537448.0440998,-18905490.8266196,-13564854.7902403,110338800.893889,-19740090.5054007,-17672249.3112097,-10161870.15292,-4628395.11667597,214912264.8067,-42193225.0938015,-46368033.0739202,-34959324.5566902,-23614342.12673,14268965.298471,46133941.983212,41076517.01958,37878734.712875,45509669.5611401,29828718.991312,114227853.125861,115896443.45305,115812005.40591,110884264.01513,44671945.9081092,142667010.599528,98447668.6199571,66713428.0799,39474307.239606,88769630.197892,303028805.7086,255420629.09259,220404168.19869,195868240.815881,45902566.29354,39655027.99681,33918181.3009701,31986771.13571,40088577.3413298,102768581.90909,98253632.5239096,94358995.4089499,96906514.5792904,97319409.2249002,155010746.802,122926920.09413,80775419.3087497,56551557.9269795,34845912.12293,303681895.0047,260835580.614899,209052596.0187,185444843.641991,172253898.68915,16104279.1943099,-7355230.57695007,-6837797.01836109,-5588852.80090809,-5121594.36877906,37442423.65555,-18160879.6509099,-20030339.5416698,-17584277.75775,-12679378.4611802,56675898.8717804,-22604435.41289,-16681519.1086299,-9727168.42883992,-4401731.41249603,110222601.721651,-48120545.6407499,-43549655.6686497,-32900298.9874897,-22202704.2424502,9075241.2379921,29114241.2762016,25452855.211359,23144046.423257,27122938.5657829,18978618.9407346,72093720.614117,71813812.6867909,70763643.5228899,66095428.6578801,28409861.240048,90068425.079483,61010852.717494,40770763.9390509,23527362.920216,56463721.4187752,191276386.969802,158277520.61564,134678453.8852,116745730.14387,25179520.4322999,21759010.69925,18615058.1929901,17555193.62235,22001344.197,56421042.5962801,53932840.9632001,51783473.1451201,53179365.7651296,53416050.1967001,85085760.1118298,67463989.6665998,44329333.6088595,31043595.5102098,19125631.50772,166686323.14043,143155841.32905,114727864.94699,101778154.8977,94543025.9014196,36769.3629137198,-10955.2488315399,-20465.0632591401,-25902.1232226007,-32336.6575080995,4203.03115528199,-1060.09011037298,-1923.51029263,-2620.93705793202,-7003.19262942998,15350.1939164447,77590.5284232631,113235.64381495,163195.33213948,268562.404926221,1768.54238100126,7596.6953840284,10733.522383659,16554.989717334,58231.13987351,52119.5568301603,66635.2795917201,92770.5805558097,137293.20891688,236225.7474181,5971.57353628299,6536.60527365399,8810.01209102897,13934.052659402,51227.94724409
"Iran","IRN","EMR","UMIC",91567738,18441.55775,0.07,0.117,0.16,0.22,0.433,0,0,0,0,0,0,0,0,0,0,0,0,0,0,0,0,0,0,0,0,0,0,0,0,0,0,0,0,0,0,0,0,0,0,0,0,0,0,0,0,0,0,0,0,0,0,0,0,0,0,0,0,0,0,0,0,0,0,0,0,0,0,0,0,0,0,0,0,0,0,0,0,0,0,0,0,0,0,0,0,0,0,0,0,0,0,0,0,0,0,0,0,0,0,0,0,0,0,0,0,0,0,0,0,0,0,0,0,0,0,0,0,0,0,0,0,0,0,0,0,0,0,0,0,0,0,0,0,0,0,0,0,0,0,0,0,0,0,0,0,0,0,0,0,0,0,0,0,0,0,0,0,0,0,0,0,0,0,0,0,0,0,0,0,0
"Iraq","IRQ","EMR","UMIC",46042015,14464.31869,0.089,0.131,0.169,0.223,0.388,106.656485465799,128.662792126401,154.6447676358,175.360414237206,206.814805885901,-45.0808238809004,-54.3822970215042,-88.4509298935955,-88.8853923407005,-75.058897475199,151.73730934674,183.04508914797,243.095697529481,264.245806577801,281.8737033611,-52204.5637313947,-46254.5510884002,-54304.7343377993,-45407.6202602983,-41212.3584730998,-62990.0154865012,-59282.3902599961,-78731.7439225987,-71281.6985331997,-51425.0026910976,-91142.6999572068,-72263.2388629988,-62984.0841125026,-39261.8065699991,-17246.2132649301,-206337.279174998,-177800.180210993,-196020.562372804,-155951.125363603,-109883.574428998,182804.91172448,157820.1330441,149678.07897327,135359.6119271,154335.6213091,212915.64763398,202338.99543362,217429.81847799,214769.0048471,194123.9970554,302940.4281988,240914.17419952,173956.26533432,116020.855645739,64442.0266023101,698660.98755726,601073.30267724,541064.162785601,466149.472419903,412901.6449669,130600.347993098,111565.581955697,95373.3446355984,89951.9916667975,113123.262836002,149925.632147402,143056.605173498,138698.074555494,143487.306313798,142698.994364403,211797.728241697,168650.9353365,110972.181221902,76759.0490758009,47195.8133374006,492323.708381981,423273.122465998,345043.600412801,310198.347056299,303018.070537895,-44596.8873568997,-39168.2447925992,-41859.6427920014,-34991.0375663005,-31720.2582328506,-53216.8272362016,-50218.836022798,-60720.3621462993,-55094.4686900005,-39651.7002226003,-76317.6667631045,-60566.3524894975,-48499.8451125994,-30150.2839497197,-13255.5038594697,-174131.38135621,-149953.433304891,-151079.850050904,-120235.790206,-84627.4623149,117089.21107115,101070.22099108,94778.0618576403,84910.2362311296,94489.0738794003,136406.35995358,129595.26180726,137697.964885769,134746.17791874,118848.212397899,193872.99484484,154179.71793291,110100.6101014,72747.1105848905,39449.0362181403,447368.56586957,384845.20073126,342576.636844801,292403.524734702,252786.322495498,72492.323714301,61901.9761983976,52918.4190656003,49919.1986647993,62768.8156466,83189.5327172987,79376.425784599,76977.6027395017,79651.7092287987,79196.5121752992,117555.328081705,93613.3654433973,61600.7649888992,42596.8266350999,26193.5323586697,273237.18451339,234891.767426297,191496.786794007,172167.734528705,168158.860180505,-14.9560444717899,-18.8540305247989,-34.4842130815996,-44.1388357098986,-52.7427171959025,-7.0141999524194,-7.94076177327952,-13.6445325099503,-17.2687704402406,-27.7976497080999,50.475139255969,63.324269127997,94.73902537207,131.33576631049,198.1340432652,23.64960605225,26.666061120893,37.4289591040899,51.2559770103699,104.2582221542,35.5190947841784,44.4702386033005,60.2548122904991,87.1969306005994,145.391326069395,16.6354060998301,18.7252993476195,23.7844265941303,33.9872065701402,76.4605724460016
"Jordan","JOR","EMR","LMIC",11552876,10821.49098,0.088,0.131,0.171,0.0023,0.6078,19.128602500034,23.07538445864,27.73519374743,31.45049870651,37.0917736097999,-14.670330246002,-19.54894118102,-24.7858627472191,-24.678741707556,-20.909970087963,33.7989327460365,42.6243256396632,52.521056494657,56.129240414069,58.0017436977611,-14852.2581958059,-14276.230539993,-12677.389749386,-10556.874374039,-9627.13059093198,-44765.8477102001,-47343.1224517901,-48054.3212850299,-43242.3072600998,-31050.7807086199,-45493.8018555501,-40002.4435629803,-28042.4967767,-17125.281943821,-7634.040276427,-105111.90776157,-101621.79655476,-88774.20781112,-70924.4635779699,-48311.9515759798,34454.4709408499,31032.8249082355,26935.796195815,24073.758901813,26754.453229607,102895.002468788,102867.220078393,101634.394199108,98460.461562641,86393.0556510701,106703.767455103,88425.025134611,59669.479863486,39140.897719381,21254.397535019,244053.24086474,222325.07012124,188239.67025841,161675.11818384,134401.9064157,19602.212745044,16756.594368242,14258.406446429,13516.8845277759,17127.322638675,58129.1547585898,55524.0976265999,53580.07291407,55218.1543025398,55342.2749424702,61209.9655995499,48422.5815716302,31626.98308679,22015.61577556,13620.3572585919,138941.333103171,120703.27356648,99465.4624472894,90750.6546058804,86089.9548397302,-11611.749625255,-10936.764968529,-9487.928869216,-7901.66089105001,-7201.78873407302,-34915.26184552,-36267.40688525,-35914.4801214999,-32343.1487003299,-23234.798891195,-35675.66210849,-30787.5155706201,-21003.818796169,-12829.434639509,-5716.01753282899,-82202.6735792798,-77991.6874243901,-66406.22778688,-53074.2442308799,-36152.6051580999,22522.8647523887,20264.0721912902,17426.512640321,15426.841318151,16735.058000951,67289.340681716,67183.29525382,65747.779851415,63095.626401206,54053.6449795651,69759.933355959,57751.701943304,38617.373575126,25090.272264284,13300.787730216,159572.138790064,145199.069388413,121791.666066863,103612.739983642,84089.49071073,10911.1151271331,9327.30722276104,7938.58377110702,7525.18042710202,9533.26926687802,32374.07883619,30915.88836858,29833.29972991,30752.47770088,30818.8460883701,34084.2712474701,26964.1863726799,17613.554778957,12260.8376247759,7584.77019738604,77369.4652107898,67207.3819640097,55385.4382799799,50538.49575275,47936.8855526303,-8.261759719,-11.9899380582921,-16.7106780940841,-18.639971308825,-17.959576852887,-1.5683196930829,-1.9281328857526,-2.599524670619,-3.351645640957,-5.99739302766298,19.0250317414956,26.136458872019,35.410014030778,42.394607218295,49.8164855992261,3.60142175004126,4.19447162225777,5.5051178925861,7.61645715882879,16.628024346071,10.763272022495,14.146520813727,18.6993359366941,23.7546359094702,31.85690874634,2.0331020569581,2.26633873650499,2.905593221967,4.264811517873,10.6306313184081
"Kazakhstan","KAZ","EUR","UMIC",20592571,40813.04428,0.098,0.131,0.163,0.215,0.393,99.885117052203,120.494295266501,144.826736502197,164.227195616804,193.684622213303,-104.705359512998,-126.309092660398,-176.548130253701,-179.863292398702,-151.134903272097,204.59047656515,246.80338792693,321.374866755899,344.090488015499,344.8195254854,-49561.1132600997,-42687.0069365986,-43786.4091105014,-37227.9721223302,-32979.0102961902,-91554.0663970001,-85217.9888763987,-96970.9832979999,-90333.179076001,-64287.9168194998,-105344.5807833,-84471.499148,-65025.4647834003,-40592.3082245309,-17680.0294107599,-246459.760440499,-212376.494960904,-205782.857191898,-168153.459422901,-114946.956526499,97031.5228476501,83738.3013951902,79069.0133122797,70489.0846205698,74670.0495069297,178223.27918819,168001.06184566,176629.7808678,172097.01606517,146235.691813,206520.70317402,164858.43973792,117919.33819479,77568.0329615599,40551.28625067,481775.505209871,416597.80297877,373618.132374899,320154.1336473,261457.027570501,47470.4095875025,41051.2944586016,35282.6042016987,33261.1124981996,41691.0392108001,86669.2127911001,82783.0729691982,79658.7975698002,81763.8369891979,81947.7749935016,101176.122390702,80386.9405899011,52893.8734113015,36975.7247369997,22871.2568399105,235315.744769409,204221.30801779,167835.275182903,152000.674224399,146510.071044102,-36549.7858836409,-31491.9758131709,-31489.5973788397,-26753.95926408,-23731.8350499701,-67398.6353313997,-62934.6901458986,-69876.1221510004,-65016.3244945016,-46274.9151604902,-77700.3355683014,-62248.6619574986,-46800.0113650486,-29230.3873528903,-12753.3003582698,-181648.756783396,-156675.327916406,-148165.730894901,-121000.671111498,-82760.0505688004,62579.697900458,54001.179889644,50829.0395318798,44985.8592438502,46590.3565098504,114955.73085207,108369.41012311,113593.06054259,109873.40017215,91238.0601501111,133182.93588427,106327.09678679,75798.3358763498,49503.4037916497,25294.60288742,310718.3646368,268697.68679954,240220.43595082,204362.66320765,163123.019547399,26029.9120167997,22509.2040764708,19339.4421530394,18231.8999797599,22858.5214598905,47557.0955206007,45434.7199772,43716.9383915998,44857.0756775998,44963.1449896023,55482.6003159024,44078.4348292984,28998.3245113008,20273.0164387599,12541.3025291497,129069.607853495,112022.358883098,92054.7050559968,83361.9920962006,80362.9689785987,-10.5170075849101,-12.49311499334,-21.5116529082197,-36.0248907492496,-67.3121906529996,-2.81098734214902,-3.09902571375596,-5.00895527260991,-7.2995668660501,-21.7876282870802,20.547400720705,24.404970900484,39.16098006688,68.8857703630301,153.5920197879,5.5157501794332,6.07992857858829,9.11635426367502,13.9492960507949,49.7125460336902,10.0303931357898,11.9118559071403,17.6493271586605,32.8608796137996,86.2798291347972,2.70476283728408,2.98090286483989,4.10739899105988,6.64972918473995,27.9249177467009
"Kyrgyz Republic","KGZ","EUR","LMIC",7224614,8009.409194,0.1,0.138,0.174,0.225,0.363,1600.6807628966,1930.9473339369,2320.880006088,2631.7765902096,3103.8382693565,-1973.201548171,-2474.7413884519,-2499.4065218574,-2374.1499110511,-2046.9723068049,3573.88231106762,4405.68872238886,4820.2865279454,5005.9265012607,5150.8105761613,-1410548.9793464,-1279639.3269961,-914182.35597804,-725126.12737887,-672570.08739658,-1375131.8110707,-1378264.2833225,-1117191.40418935,-959957.700714501,-703226.18043343,-3160802.3135251,-2588535.1662096,-1426350.3326047,-833044.998156301,-378495.41213715,-5946483.1039421,-5246438.7765283,-3457724.092772,-2518128.8262497,-1754291.6799672,2576494.58742118,2281772.60184494,1773602.82670614,1538260.16469928,1693792.5917784,2504689.07722785,2458542.85860792,2160496.28211241,2032564.39101894,1777294.2238689,5663196.21162365,4578922.39704176,2736032.42822706,1744859.17448042,937236.778026969,10744379.8762727,9319237.8574946,6670131.5370456,5315683.7301987,4408323.5936742,1165945.6080748,1002133.2748488,859420.470728099,813134.0373205,1021222.5043819,1129557.2661572,1080278.5752854,1043304.8779231,1072606.6903044,1074068.0434355,2502393.8980986,1990387.2308321,1309682.0956224,911814.1763242,558741.365889819,4797896.77233049,4072799.0809663,3212407.4442736,2797554.903949,2654031.913707,-966495.62077987,-853571.5402984,-610336.90647173,-484011.85953752,-448342.83758523,-941799.99199933,-919315.619901409,-745270.7553516,-640658.19861546,-469263.93196524,-2155946.8611263,-1723936.5594648,-950292.04496077,-554895.298664199,-251757.33615616,-4064242.4739056,-3496823.7196646,-2305899.7067841,-1679565.3568171,-1169364.10570661,1587211.37931718,1387050.32810639,1067922.740968,916991.24941868,992110.598752731,1543272.22892786,1494534.83266325,1300854.88235255,1211815.49970187,1041226.19168456,3488152.21076212,2783506.37150899,1647457.76004938,1040229.11191253,549112.9805194,6618635.81900714,5665091.53227861,4016235.3833699,3169035.861033,2582449.7709567,620715.7585373,533478.78780804,457585.834496269,432979.38988116,543767.7611675,601472.2369285,575219.212761801,555584.1270009,571157.301086402,571962.259719301,1332205.3496358,1059569.8120441,697165.715088598,485333.81324831,297355.64436323,2554393.3451016,2168267.812614,1710335.6765859,1489470.5042159,1413085.6652501,-668.83409292417,-872.39008817787,-979.18347356708,-1159.0109626614,-1390.3687740683,-239.10120628729,-279.03951954813,-299.61843822232,-363.1853237136,-635.9317541614,1211.10879022894,1553.65363127588,1889.09180871214,2443.54533688417,3499.6887021427,433.574935555471,496.920837071566,577.8119194086,765.92659787025,1600.38141726502,542.27469730476,681.263543098001,909.908335145001,1284.5343742228,2109.3199280745,194.47372926818,217.88131752343,278.193481186269,402.74127415665,964.449663103602
"Cambodia","KHM","WPR","LMIC",17638801,7969.933611,0.0704,0.1145,0.157,0.0022,0.6559,48182.07190301,58123.421884767,69860.780440209,79219.074684614,93428.597466752,21562.295782183,10028.369769795,10036.608427804,9632.18340463599,8272.84857949501,26619.7761208275,48095.0521149724,59824.1720124042,69586.891279978,85155.748887257,8043968.6361783,2691419.8187703,1851899.3655358,1508572.5886428,1391330.4404484,21050797.448635,7733811.83749902,6351913.92449801,5546609.691249,3983465.4485935,43179461.247345,13354785.972586,7276732.11182898,4196374.6336766,1927320.4618155,72274227.332159,23780017.628856,15480545.401863,11251556.91357,7302116.35085702,9706351.49275086,12411103.5505712,10880697.9102624,10599354.3984627,13863315.545039,26384704.0701621,37920793.9602271,37948304.7786661,40054411.4394607,41496325.08181,53185605.9932457,63313968.4962242,42922079.4883884,30560911.076772,19711971.988238,89276661.5561587,113645866.007023,91751082.177317,81214676.914695,75071612.615088,17750320.128929,15102523.3693414,12732597.2757982,12107926.9871055,15254645.9854875,47435501.518796,45654605.797726,44300218.703163,45601021.13071,45479790.530403,96365067.240592,76668754.468811,50198811.600218,34757285.710449,21639292.4500537,161550888.888317,137425883.635879,107231627.57918,92466233.828264,82373728.9659449,3659131.4275708,778087.682560202,519580.504231401,427748.973422401,397699.978729399,9477281.754429,2087743.68874049,1745732.80348819,1527262.0905588,1081817.4485127,19536029.762358,3740527.478513,2028341.2101779,1146730.5442187,535947.307272498,32672442.944357,6606358.849814,4293654.51789701,3101741.608199,2015464.73451461,6015740.33957804,7454240.615653,6419568.02396685,6168505.7957169,7913007.2971896,16361202.3481787,22783845.1160353,22388230.8128835,23316052.6292242,23695561.0011488,32966853.0231766,38033152.5816967,25322105.2609041,17790496.7076878,11253009.7589613,55343795.7109333,68271238.3133849,54129904.0977541,47275055.1326286,42861578.057299,9674871.7671488,8232328.2982131,6939148.5281982,6596254.7691393,8310707.27591901,25838484.102607,24871588.804775,24133963.616372,24843314.719783,24777378.449661,52502882.785534,41773680.06021,27350446.471082,18937227.2519069,11788957.0662338,88016238.655291,74877597.163199,58423558.615652,50376796.740829,44877042.791814,11410.664681638,5741.94746648399,6236.64619495701,6667.651994905,6628.870868411,1058.78924743355,447.32260641822,492.52561035944,643.1763757959,1438.7467142954,14076.212268804,27544.2102200935,37220.4302631623,48208.5287360976,68241.532302697,1299.15554587233,2144.53997688163,2929.0226223777,4632.65145815003,14867.6092366959,25486.876950442,33286.157686578,43457.07645812,54876.180731002,74870.403171109,2357.94479330592,2591.8625832998,3421.5482327372,5275.8278339459,16306.3559509912
"Lao PDR","LAO","WPR","LMIC",7769819,9787.850984,0.07,0.108,0.147,0.0021,0.6729,1760.8148609877,2124.1217113323,2553.0637338914,2895.06279968951,3414.3501174432,64.6362881204986,-1624.5134034699,-2066.8217123836,-2018.7355422969,-1722.5531945171,1696.17857286733,3748.63511480232,4619.885446275,4913.7983419864,5136.9033119604,10752.8269704394,-140690.20205021,-128852.64343021,-104866.23672311,-96195.75812584,31632.5382356979,-660122.5465349,-672830.582662499,-594663.839134,-432909.43250192,15192.4104666002,-564981.7966088,-388614.18459839,-232915.58059678,-104494.30301454,57577.7756728008,-1365794.5451939,-1190297.4106911,-932445.6564539,-633599.4936423,208665.79924162,328709.219681393,289733.865809088,257382.35997429,287421.530604,866165.126571889,1518786.46695476,1504505.12605237,1449811.42965797,1289468.59204817,903107.682522063,1293982.14598994,867524.24180455,565304.47058183,309847.68324478,1977938.60833557,3141477.83262609,2661763.23366602,2272498.26021411,1886737.8058969,219418.62621206,188019.01763118,160881.22237889,152516.12325118,191225.77247816,897797.664807599,858663.920419902,831674.543389797,855147.590523999,856559.1595462,918300.0929887,729000.349381201,478910.0572061,332388.88998505,205353.38023024,2035516.3840084,1775683.2874322,1471465.8229749,1340052.6037602,1253138.3122547,-16320.5610621898,-106980.30384856,-93737.6171993101,-76325.8961170199,-69890.9692333101,-74563.8204854988,-499179.386981599,-488590.524935549,-431902.6891068,-314141.16986915,-87519.9288261998,-426711.566766819,-282226.722711691,-169107.28827343,-75842.46905202,-178404.310373802,-1032871.2575969,-864554.8648466,-677335.873497199,-459874.60815448,134637.437024276,208354.140618578,180482.582087227,158571.583509049,172979.38612524,558569.240241588,962075.898435782,936983.29274384,892949.106455939,775894.02711494,582388.026971988,819603.735690361,540362.34896344,348253.23795766,186510.64319249,1275594.70423785,1990033.77474472,1657828.22379451,1399773.92792266,1135384.05643268,118316.87596208,101373.83677002,86744.9648879203,82245.6873920299,103088.41689193,484005.4197561,462896.5114542,448392.7678083,461046.417349199,461752.857245799,494868.0981459,392892.168923499,258135.626251751,179145.949684241,110668.17414047,1097190.3938641,957162.517147798,793273.358948,722438.0544254,675509.4482782,16.5308656011002,-461.934516351799,-691.687734523401,-889.1334926093,-1094.7194002306,0.91212470439109,-21.1109481513739,-31.138520219569,-44.406394264748,-148.10023451437,453.13703152786,1066.25183739494,1546.07264335989,2163.64524087505,3264.7790618065,24.4572021078573,48.5306227883262,69.341791837742,107.804623573816,441.47016414039,469.6678971289,604.3173210432,854.384908836502,1274.5117482657,2170.0596615759,25.369326812248,27.4196746369521,38.2032716181731,63.3982293090698,293.36992962603
"Liberia","LBR","AFR","LIC",5612817,1884.913143,0.073,0.116,0.16,0.0022,0.6488,8066.9916102241,9731.44446020889,11696.5980796615,13263.431513218,15642.492781059,-12881.5332467144,-12383.7808685371,-12832.7480934065,-11706.9904461226,-10250.0876604105,20948.5248569383,22115.225328746,24529.3461730681,24970.4219593401,25892.5804414694,-7629378.1703013,-5202294.6065948,-3808231.8020687,-2908616.04721561,-2703178.42709258,-15989211.6979509,-12195783.145124,-10148333.025343,-8406858.775347,-6234545.711661,-41734131.700081,-26400077.6357143,-14907839.6322782,-8336949.5633977,-3821621.9624206,-65352721.568332,-43798155.387433,-28864404.45969,-19652424.3859603,-12759346.1011742,12343737.2728831,9244499.4652556,7248880.3779312,6184368.1276432,6811934.6251562,26146135.8892942,21878822.5335453,19476883.3472868,18018287.3075851,15863743.9492916,67878562.4638045,47073888.7267518,28466221.7366962,17810484.6311405,9689778.5331243,106368435.625982,78197210.725552,55191985.461914,42013140.066369,32365457.107572,4714359.1025818,4042204.8586607,3440648.5758625,3275752.0804276,4108756.1980636,10156924.1913432,9683039.3884213,9328550.3219438,9611428.5322381,9629198.23763041,26144430.763725,20673811.091038,13558382.104418,9473535.06774271,5868156.5707037,41015714.05765,34399055.338119,26327581.002224,22360715.680408,19606111.006398,-4763146.7426232,-3246851.05780136,-2377423.60770797,-1816033.32524794,-1688209.7382074,-9999326.6785473,-7620451.144423,-6340205.5580388,-5252192.8538017,-3896114.5843052,-26090117.6671456,-16489797.2064011,-9311818.8651778,-5209245.1849185,-2388077.20806675,-40852591.088316,-27357099.4086254,-18029448.0309246,-12277471.3639682,-7972401.5305794,7257448.7461281,5385467.69457627,4197783.22940877,3549227.8060507,3862126.9061872,15371408.3816883,12741904.7939301,11274234.353564,10335979.1935466,8989279.0028354,39921779.1275877,27427104.1299626,16484582.4961906,10220818.4703792,5492508.5245304,62550636.2554041,45554476.6184693,31956600.0791633,24106025.4699765,18343914.433553,2494302.0035049,2138616.6367749,1820359.6217008,1733194.4808028,2173917.1679798,5372081.70314109,5121453.6495071,4934028.7955252,5083786.3397448,5093164.4185302,13831661.460442,10937306.923562,7172763.63101269,5011573.2854607,3104431.3164636,21698045.167088,18197377.209843,13927152.048239,11828554.106009,10371512.9029734,-9886.2230489318,-10098.6717449738,-10926.0626431599,-10307.0446378066,-9376.496485605,-1541.9102224821,-1362.02098556115,-1482.95847821619,-1720.18569434646,-2898.10051316686,16075.0032246004,18032.8608477752,20883.7247909627,21981.1652767559,23685.1577959141,2506.87938787766,2433.49849148073,2837.86780828425,3672.63608634764,7328.7963754803,6188.7801756686,7934.18910280151,9957.66214780271,11674.1206389498,14308.661310309,964.969165395562,1071.47750591961,1354.9093300681,1952.4503920011,4430.6958623135
"Libya","LBY","EMR","UMIC",7381023,13953.79803,0.088,0.131,0.171,0.0023,0.6078,0,0,0,0,0,0,0,0,0,0,0,0,0,0,0,0,0,0,0,0,0,0,0,0,0,0,0,0,0,0,0,0,0,0,0,0,0,0,0,0,0,0,0,0,0,0,0,0,0,0,0,0,0,0,0,0,0,0,0,0,0,0,0,0,0,0,0,0,0,0,0,0,0,0,0,0,0,0,0,0,0,0,0,0,0,0,0,0,0,0,0,0,0,0,0,0,0,0,0,0,0,0,0,0,0,0,0,0,0,0,0,0,0,0,0,0,0,0,0,0,0,0,0,0,0,0,0,0,0,0,0,0,0,0,0,0,0,0,0,0,0,0,0,0,0,0,0,0,0,0,0,0,0,0,0,0,0,0,0,0,0,0,0,0,0
"Sri Lanka","LKA","SEAR","LMIC",21916000,15632.59248,0.074,0.108,0.146,0.002,0.67,150.927989722302,182.068783561503,218.835486641197,248.149886826795,292.660523744606,-207.176996921495,-308.0386790224,-418.030043901599,-414.409364085994,-351.684399700294,358.1049866439,490.10746258389,636.8655305429,662.559250912902,644.344923444994,-55921.8573190197,-59016.9328360604,-56852.5561385499,-47165.8866914203,-42895.8980991403,-245229.863087498,-295715.562590197,-319417.359067798,-285615.246174801,-206374.498975001,-172802.634609599,-168892.044631202,-127284.727575999,-77746.5290902397,-34676.4809743799,-473954.355016097,-523624.54005751,-503554.642782398,-410527.661956504,-283946.878048599,96362.954479316,93664.8235016831,86450.79606255,75173.51263993,78155.9448473901,426706.21296306,468868.07312351,486897.2384953,458145.890790401,378706.833637699,302000.97510391,271251.35484336,194448.52621837,124467.06999681,63555.2513788799,825070.142546291,833784.25146856,767796.5607762,657786.473427203,520418.029863998,40441.0971602909,34647.8906656299,29598.2399239996,28007.6259485194,35260.0467482489,181476.349875599,173152.510533296,167479.879427396,172530.644615598,172332.334662698,129198.340494398,102359.310212102,67163.7986423001,46720.5409065001,28878.7704045,351115.787530199,310159.711410999,264241.917993702,247258.811470702,236471.1518154,-39944.6650579702,-41516.1986121703,-39289.5324049401,-32585.2358918698,-29616.5942689404,-175715.246384602,-207826.348896202,-220707.0409142,-197500.751946498,-142629.479560999,-123873.738372199,-119063.9144565,-88015.8599255895,-53740.9792089807,-23962.29534402,-339533.649814799,-368406.461964898,-348012.433244798,-283826.967047401,-196208.369174,62215.408538513,60593.781600441,55590.2461003901,48004.54270907,49025.1623321599,275640.90211182,303146.1443509,312917.66085575,292541.49400039,237538.001633801,195041.90118257,175452.93170365,125018.77543377,79472.57335993,39865.9577045999,532898.2118329,539192.857655,493526.682389939,420018.610069402,326429.121670701,22270.7434805501,19077.5829882696,16300.7136954395,15419.3068172,19408.5680632303,99925.6557272002,95319.7954546995,92210.6199414991,95040.7420538999,94908.5220729001,71168.1628104001,56389.0172472,37002.9155081995,25731.5941509502,15903.6623605806,193364.562018096,170786.395690098,145514.249145195,136191.643022001,130220.752496704,-87.3603015563003,-142.349591461902,-221.734563812697,-262.632012034599,-274.195228609402,-6.59052395523008,-8.96929925826998,-13.51309532555,-18.62787634856,-47.9284530716104,151.018658843617,226.48822747369,337.77108949081,419.9421491923,502.341507971298,11.4083803013047,14.250582456031,20.578969644417,29.7753171852449,87.7802784619398,63.6583572873988,84.1386360118995,116.036525678101,157.310137157801,228.146279361805,4.8178563460699,5.28128319775988,7.0658743188601,11.1474408366903,39.8518253903312
"Lesotho","LSO","AFR","LMIC",2337423,2998.470395,0.046,0.089,0.142,0.0023,0.7207,429.144236104708,517.689059423297,622.230428696406,705.582137664998,832.142382147998,-2655.6045407848,-2554.6458573418,-2592.7724395396,-2444.0594967675,-2113.3331520878,3084.7487768896,3072.334916765,3215.0028682361,3149.6416344324,2945.4755342365,-3381198.813905,-2317891.9311764,-1670867.5833967,-1314864.2237694,-1207819.235521,-4383885.91918129,-3331968.99823949,-2710500.4605687,-2328567.7922903,-1708723.0861617,-23430619.523071,-14782377.207181,-8157743.78582999,-4727782.4814822,-2139379.1793936,-31195704.256157,-20432238.136596,-12539111.829796,-8371214.49754201,-5055921.5010763,3926392.8845977,2782809.6461752,2066057.0504848,1695188.0767679,1679544.9143487,5091178.0301686,4004427.2783493,3359865.0483089,2998256.8993881,2373215.0392476,27160750.480466,17745017.876352,10115391.676263,6093509.818214,2983696.04536299,36178321.395232,24532254.800877,15541313.775057,10786954.79437,7036455.998959,545194.070692703,464917.714998797,395189.467088103,380323.852998503,471725.678827703,707292.110988006,672458.280110002,649364.58774069,669689.107097998,664491.95308499,3730130.95739603,2962640.66917098,1957647.89043301,1365727.336732,844316.865968987,4982617.13907599,4100016.66428101,3002201.945261,2415740.29682803,1980534.49788302,-2117209.5353477,-1451057.3636117,-1045887.9777199,-823426.2241873,-756237.05887376,-2744983.6919267,-2086210.6762833,-1697210.260985,-1457856.3158332,-1069633.9454393,-14664493.012088,-9252336.284491,-5107098.4094706,-2959787.7588476,-1339356.8083511,-19526686.239363,-12789604.324387,-7850196.64817579,-5241070.298868,-3165227.8126643,2405283.7120504,1696627.8689347,1254574.9889637,1024318.5317412,1005450.635779,3118525.2920043,2441364.3591747,2040233.9736657,1811621.8872473,1420534.256172,16635052.756018,10817514.129722,6141526.25450601,3681418.63986389,1785557.4675034,22158861.760072,14955506.357831,9436335.217136,6517359.05885199,4211542.35945401,288074.176702701,245570.505322903,208687.011243798,200892.307553805,249213.576905198,373541.600077502,355153.682891503,343023.712680802,353765.571414106,350900.310732707,1970559.74392897,1565177.84522998,1034427.845036,721630.881016001,446200.659152389,2632175.52070999,2165902.03344399,1586138.56896102,1276288.759985,1046314.54679,-2363.7041945627,-2352.7714221652,-2427.5027166281,-2303.5652461546,-2004.794925284,-537.05623319341,-481.63060902443,-505.149342893131,-580.689168064299,-830.201883420501,2745.8549966514,2829.5981847565,3010.0552572579,2968.52638747,2794.189145738,623.302888789191,578.992512271709,626.240888577799,747.914444694601,1156.3214646289,382.150802088698,476.826762591299,582.552540629797,664.961141314998,789.394220453993,86.2466555957999,97.3619032472998,121.0915456847,167.225276630397,326.119581208397
"Morocco","MAR","EMR","LMIC",38081173,10305.05469,0.067,0.107,0.147,0.0021,0.6769,0,0,0,0,0,0,0,0,0,0,0,0,0,0,0,0,0,0,0,0,0,0,0,0,0,0,0,0,0,0,0,0,0,0,0,0,0,0,0,0,0,0,0,0,0,0,0,0,0,0,0,0,0,0,0,0,0,0,0,0,0,0,0,0,0,0,0,0,0,0,0,0,0,0,0,0,0,0,0,0,0,0,0,0,0,0,0,0,0,0,0,0,0,0,0,0,0,0,0,0,0,0,0,0,0,0,0,0,0,0,0,0,0,0,0,0,0,0,0,0,0,0,0,0,0,0,0,0,0,0,0,0,0,0,0,0,0,0,0,0,0,0,0,0,0,0,0,0,0,0,0,0,0,0,0,0,0,0,0,0,0,0,0,0,0
"Moldova","MDA","EUR","UMIC",2389275,18716.51339,0.102,0.141,0.175,0.219,0.363,137.45863065157,165.82030754398,199.305817211271,226.004094418191,266.5424412908,137.21726724148,161.93029190829,10.6756093439599,10.6369276334299,9.01022205555,0.241363410089203,3.89001563569712,188.630207867302,215.36716678476,257.53221923524,182824.41361101,153675.83206013,7066.61901112925,6015.99059271999,5379.37006146973,238608.2367729,222978.187179849,11836.9683868,10914.0468827905,7809.12963064015,393519.002471101,304765.8174823,10822.5341759697,6703.24136580992,3004.56537367008,814951.652855098,681419.836722299,29726.1215738989,23633.2788412999,16193.0650658011,209.505781207676,3145.19253746092,127328.440927399,121418.0935981,155065.79153789,360.17596829384,4820.53245110632,208097.74909588,215798.57794272,218810.36235914,929.838241150007,8191.88984281152,194663.927002378,136352.52042574,85184.2468256999,1499.51999065153,16157.6148313788,530090.11702566,473569.191966549,459060.400722731,183033.91939222,156821.02459759,134395.05993852,127434.08419082,160445.16159936,238968.412741201,227798.719630972,219934.717482692,226712.624825509,226619.49198979,394448.8407123,312957.707325101,205486.461178349,143055.76179155,88188.81219937,816451.172845699,697577.451553602,559816.238599502,497202.470807802,475253.465788502,102899.95300924,86036.2915049605,-8752.97689686995,-7198.7660325598,-6561.46422548033,134348.35484754,124859.022990569,-14186.0015265103,-12726.1028211303,-9159.73737002024,221407.443732999,170447.55390734,-13421.7239423804,-8151.96950506,-3583.9820803802,458655.751589801,381342.868402898,-36360.7023656983,-28076.838358799,-19305.1836758805,177.636063901613,2293.49577020904,84462.620570401,78995.4031105801,96958.3146810899,302.610906375608,3481.10025708555,138080.539473878,140430.62865334,136822.10646259,767.634287674471,5809.3267263504,129150.761828095,88732.484588799,53260.33560916,1247.88125795169,11583.922753645,351693.92187237,308158.51635272,287040.75675285,103077.58907314,88329.7872751802,75709.6436735401,71796.6370780296,90396.8504556101,134650.965753919,128340.12324766,123894.53794737,127704.5258322,127662.36909258,222175.078020699,176256.880633701,115729.03788571,80580.51508374,49676.3535287799,459903.6328477,392926.791156501,315333.219506599,280081.677994,267735.573077001,47.6569549770902,58.80909913291,4.3308342945702,5.38991356432007,6.3589838955304,19.897788348655,21.925205569795,1.56371165836981,1.96589276847021,3.26122993974013,0.0848227178778937,1.41792705261941,76.433003199444,109.07814994222,181.6554629271,0.0359371471523581,0.533084420826584,27.081830394728,39.055155394359,92.1784029842102,47.7417776949701,60.2270261855401,80.7638374940097,114.46806350655,188.01444682264,19.933725495807,22.4582899906219,28.6455420531101,41.0210481628299,95.4396329239398
"Madagascar","MDG","AFR","LIC",31964956,1883.537431,0.0537,0.1043,0.141,0.0021,0.6989,35066.399984763,42301.608872222,50843.933716579,57654.800833501,67996.3405347021,-1178.29061932699,-23362.739773621,-24615.714519789,-22206.750963797,-19527.387440628,36244.6906040895,65664.3486458429,75459.648236368,79861.551797298,87523.727975329,-415925.742536001,-2959858.5809981,-2177974.6422822,-1652001.8713324,-1579814.4094734,-124821.985256001,-8587235.4460848,-7358772.4956865,-6006761.7373075,-4528122.3316296,-1453543.19936699,-13076785.236693,-7455638.0991023,-4079550.1704912,-1886281.9531803,-1994290.92715895,-24623879.263776,-16992385.237071,-11738313.779131,-7994218.6942834,6692426.20520838,8357643.35923488,6787991.04889944,6014428.5260963,7041609.9445941,16566183.3398982,24294896.343643,22478200.4493947,21556699.3615808,20099942.6170194,30892301.7711806,36411029.1609508,22775033.9035416,14776352.1936344,8510198.9175746,54150911.3162871,69063568.8638283,52041225.4018355,42347480.0813116,35651751.479188,6276500.4626724,5397784.7782368,4610016.4066172,4362426.6547639,5461795.5351207,16441361.354642,15707660.897559,15119427.953709,15549937.624273,15571820.28539,29438758.571814,23334243.924258,15319395.804439,10696802.0231433,6623916.9643942,52156620.389128,44439689.600053,35048840.164765,30609166.302181,27657532.784905,-732333.155033,-2131417.0719613,-1571645.463203,-1190560.4712754,-1132957.8991091,-1352133.28415921,-6192794.8964742,-5283413.6827932,-4314884.3113737,-3247043.6253607,-3148982.23844801,-9385708.4290804,-5353646.5358943,-2937863.9351329,-1357560.2723775,-5233448.67764002,-17709920.397516,-12208705.68189,-8443308.71778201,-5737561.7968473,4073332.01547989,5005237.16006989,4026396.73127861,3513103.43345888,4040135.1444166,10106870.2546081,14555910.156757,13332269.9953405,12593654.5156311,11536425.868114,18819092.8917679,21806944.8784938,13509473.8686001,8633351.5324914,4884442.0405992,32999295.161856,41368092.1953207,30868140.5952192,24740109.4815815,20461003.0531298,3340998.8604468,2873820.0881085,2454751.2680757,2322542.9621835,2907177.2453074,8754736.9704489,8363115.2602829,8048856.3125473,8278770.2042574,8289382.24275349,15670110.65332,12421236.449413,8155827.33270581,5695487.5973585,3526881.7682217,27765846.484215,23658171.797805,18659434.913328,16296800.763799,14723441.256282,-646.594701499009,-13419.535982701,-15457.329057261,-15589.622113977,-15734.608674438,-56.4032438825998,-1020.600240975,-1169.4781795516,-1421.6028191622,-3164.2813907798,19270.71493138,37717.4911141471,47390.1060407047,56033.743213425,70501.184124396,1745.96335446417,2865.82050831328,3580.86676587991,5122.9255067826,14178.5172472131,18624.12022988,24297.955131446,31932.776983444,40444.121099449,54766.575449958,1689.5601105816,1845.2202673383,2411.3885863283,3701.3226876205,11014.2358564333
"Mexico","MEX","AMR","UMIC",130861007,25688.0965,0.056,0.098,0.141,0.207,0.498,0,0,0,0,0,0,0,0,0,0,0,0,0,0,0,0,0,0,0,0,0,0,0,0,0,0,0,0,0,0,0,0,0,0,0,0,0,0,0,0,0,0,0,0,0,0,0,0,0,0,0,0,0,0,0,0,0,0,0,0,0,0,0,0,0,0,0,0,0,0,0,0,0,0,0,0,0,0,0,0,0,0,0,0,0,0,0,0,0,0,0,0,0,0,0,0,0,0,0,0,0,0,0,0,0,0,0,0,0,0,0,0,0,0,0,0,0,0,0,0,0,0,0,0,0,0,0,0,0,0,0,0,0,0,0,0,0,0,0,0,0,0,0,0,0,0,0,0,0,0,0,0,0,0,0,0,0,0,0,0,0,0,0,0,0
"Myanmar","MMR","SEAR","LMIC",54500091,5997.465163,0.089,0.13,0.166,0.0022,0.6128,137235.389563957,165551.00538646,198982.13257108,225637.05016928,266109.56032721,-78674.755363155,-89926.0712589399,-90626.250694018,-86375.284751638,-74377.8329034579,215910.144927112,255477.076645407,289608.383265101,312012.334920917,340487.39323067,-23235429.635338,-19086489.601314,-13646638.92717,-10856768.4348323,-10238370.977222,-43643457.148134,-39434997.991846,-32037776.272486,-27828705.500355,-20603474.468974,-115541185.779232,-85496368.3902839,-46490171.738577,-27126923.566301,-12294431.567769,-182420072.56271,-144017855.98344,-92174586.938235,-65812397.501488,-43136277.013964,65565265.883359,55438535.8875803,44682291.4199629,40321178.9549616,46622835.064412,120564177.20489,113093284.701726,103002341.848201,100694138.643848,93213795.264521,310189029.427643,240603876.150643,148823727.91696,98471016.135631,56173114.160127,496318472.515892,409135696.739949,296508361.185123,239486333.734441,196009744.489059,42329836.248021,36352046.286267,31035652.492792,29464410.52013,36384464.08719,76920720.056756,73658286.70988,70964565.575716,72865433.143494,72610320.7955461,194647843.6484,155107507.760357,102333556.178381,71344092.569329,43878682.592358,313898399.95318,265117840.7565,204333774.24689,173673936.23295,152873467.475096,-16690906.602226,-13371400.935269,-9561578.3487242,-7609380.8295709,-7131999.0268938,-31181952.539914,-27544260.213714,-22357975.665086,-19406005.15317,-14331706.1927795,-81987213.4527531,-59488627.113459,-32425810.364535,-18932052.729597,-8570698.0907806,-129860072.594896,-100404288.262443,-64345364.378345,-45947438.712338,-30034403.310454,40096242.8294406,33468978.5060658,26720045.2761237,23898527.9731812,27253237.3494129,73711859.3573165,68269737.9271219,61598030.01076,59700894.020966,54492013.405921,189656806.025004,145277580.352198,89017065.565676,58380902.171155,32830872.136579,303464908.211761,247016296.785385,177335140.852559,141980324.165302,114576122.891913,23405336.227214,20097577.570796,17158466.9274,16289147.14361,20121238.322519,42529906.817403,40725477.713406,39240054.345673,40294888.867795,40160307.213142,107669592.572251,85788953.2387379,56591255.201141,39448849.441559,24260174.045799,173604835.61687,146612008.522939,112989776.474214,96032885.452965,84541719.58146,-31007.231119359,-37896.709888517,-42188.3121571681,-47545.636393713,-52517.181086285,-3360.7707968038,-3505.5629107199,-3900.2345755018,-5092.5935825621,-12156.8600643259,85088.2105069917,107681.632673562,134808.95395648,171804.958222764,240403.460191459,9286.72820610264,9994.6392159127,12474.225435643,18375.0567837089,55690.653881666,54080.979387633,69784.922785045,92620.641799313,124259.321829049,187886.27910517,5925.9574092988,6489.0763051928,8573.9908601412,13282.4632011468,43533.793817341
"Mongolia","MNG","WPR","UMIC",3524788,19097.73142,0.082,0.126,0.168,0.226,0.398,320.551250405297,386.690211257403,464.777865291398,527.0378056224,621.572559226304,-1092.6525336519,-1274.3818644884,-1248.9120421665,-1242.9164747994,-1053.2914922373,1413.2037840571,1661.0720757458,1713.6899074579,1769.9542804218,1674.86405146361,-759398.0013128,-629356.618335702,-438003.59212404,-364082.69280888,-328755.36353312,-850589.7176672,-786744.001069201,-619875.8185791,-560074.250599129,-401844.73983092,-2625151.6497852,-2010564.4932133,-1073700.2735429,-656825.4922175,-290797.585205059,-4235139.368765,-3426665.112618,-2131579.684246,-1580982.4356255,-1021397.688569,982906.1647937,820211.890139401,600615.147978101,519259.465201098,524323.021531202,1100842.8327847,1026408.1597967,852036.3362936,798449.285209399,639879.942037299,3394203.8295386,2619359.4594834,1471994.1797959,934069.083910599,461879.723666701,5477952.827117,4465979.50941901,2924645.6640676,2251777.83432111,1626082.68723519,223508.163481005,190855.2718038,162611.555854,155176.772392303,195567.6579981,250253.115117498,239664.158727497,232160.517714597,238375.034610197,238035.202206403,769052.179753006,608794.966270193,398293.906252995,277243.591693103,171082.138461601,1242813.45835099,1039314.39680198,793065.979820997,670795.398696005,604684.998666093,-462760.080893829,-383502.085588969,-266892.80918032,-221884.57572496,-200382.50774947,-518404.10923495,-479499.541447571,-377809.01256954,-341336.66984837,-244917.37095282,-1599832.3571434,-1225223.970457,-654256.0395757,-400228.48601051,-177200.75832559,-2580996.5472722,-2088225.5974936,-1298957.8613256,-963449.7315838,-622500.637027839,580674.220380701,484185.1345465,352668.0857586,303747.255419601,303553.149486801,650429.617543899,605945.805886501,500299.4081637,467094.518590501,370494.069055203,2005510.6819916,1546368.6718115,864358.0518151,546476.398936402,267449.5117022,3236614.5199161,2636499.61224461,1717325.5457374,1317318.1729463,941496.730244197,117914.139487002,100683.048957601,85775.2765784003,81862.6796946004,103170.641737297,132025.508308999,126446.264438901,122490.395594198,125757.848742098,125576.6981024,405678.324848101,321144.701354496,210102.012239404,146247.912925899,90248.7533766013,655617.972644001,548274.014751002,418367.684411794,353868.4413625,318996.093216203,-444.89673579586,-550.722917192719,-590.20579523207,-692.315014333701,-754.829923329598,-91.76794036004,-98.6270477565199,-104.42218197975,-136.40094885609,-264.03049139029,575.442620715701,717.738642476601,809.6976569246,985.768951044396,1200.1572661077,118.71285736795,128.55307722316,143.25475857064,194.19695178689,419.840226724798,130.545884919899,167.015725283898,219.491861692499,293.453936710699,445.32734277811,26.9449170079097,29.9260294666501,38.8325765908903,57.7960029307997,155.8097353345
"Mozambique","MOZ","AFR","LIC",34631766,1699.705034,0.046,0.076,0.112,0.0017,0.7643,136789.923539102,165013.6268829,198336.236640779,224904.63238609,265245.7687907,82840.618121911,-33070.5114225131,-37555.4491136039,-33791.878462879,-29744.8340777401,53949.305417191,198084.138305413,235891.685754378,258696.510848973,294990.602868438,18375826.679424,-4612643.71880199,-3792228.5918926,-2875874.0787891,-2695560.5280753,50178151.604446,-15734905.116046,-14137556.519274,-11523484.361314,-8631459.09196401,151502719.57097,-39583931.0280679,-24478291.143532,-13670024.224749,-6353995.70999399,220056697.85484,-59931479.86291,-42408076.2547001,-28069382.664853,-17681015.330035,11335099.6701194,30022768.5647659,25313000.2263622,23425769.9164934,28493437.5572951,31817824.7370277,94308488.2943641,89957237.5724941,89474128.82544,87152008.662289,102002878.300092,240212045.935497,155486606.194861,104798337.527016,62710118.039239,145155802.707239,364543302.794628,270756843.993717,217698236.268948,178355564.258823,29710926.349544,25410124.845964,21520771.6344695,20549895.8377047,25797877.029219,81995976.341474,78573583.178318,75819681.05322,77950644.464125,78520549.570324,253505597.87106,200628114.907429,131008315.051329,91128313.302266,56356122.329245,365212500.56208,304611822.93171,228348767.73901,189628853.604094,160674548.928789,8492466.7203843,-4509061.1879754,-3556710.8251261,-2696088.2210841,-2524408.5473024,23032707.768388,-14878038.54442,-13051110.255306,-10645383.807355,-7976694.8775855,69226252.507607,-37592536.543081,-22559412.224067,-12537493.979404,-5814422.24881719,100751426.996379,-56979636.2754769,-39167233.304499,-25878966.007843,-16315525.673705,7261733.77991988,17982817.7554795,14967037.4420667,13590887.1363043,16202953.8848341,20418686.0859665,56519253.6760508,53233223.6804594,51957397.5715182,49593870.444807,65150208.7624043,143939629.329028,91999499.3311149,60838340.6535008,35684345.8725066,92830628.6282907,218441700.760559,160199760.453641,126386625.361322,101481170.202148,15754200.5003042,13473756.5675041,11410326.6169406,10894798.9152202,13678545.3375317,43451393.854354,41641215.131631,40182113.425153,41312013.764163,41617175.567222,134376461.270011,106347092.785947,69440087.107048,48300846.674097,29869923.62369,193582055.624669,161462064.485082,121032527.149142,100507659.35348,85165644.528443,50096.449268679,-21434.744750279,-25870.621238125,-24986.466980399,-24326.065401779,3194.1996209557,-1153.1479953559,-1453.8886193342,-1787.3772486097,-4296.698313645,32631.2242440271,128522.994193666,162591.581758253,191263.521708859,241153.958309476,2079.13039918655,6937.5759267269,9126.00245317918,13664.3720917261,42726.4622639527,82727.673512706,107088.249443387,136720.960520128,166277.054728459,216827.892907695,5273.3300201423,5784.427931371,7672.11383384489,11876.9948431164,38429.763950308
"Mauritania","MRT","AFR","LMIC",5169395,7271.340405,0.078,0.124,0.169,0.0023,0.6267,1266.7693437222,1528.1403660695,1836.7307899981,2082.7725185939,2456.3593557388,-264.225141464,-1131.0676479145,-1145.6325154496,-1100.512932263,-944.86908055634,1530.99448518621,2659.20801398407,2982.36330544767,3183.28545085692,3401.2284362951,-49558.77938239,-136541.73580184,-97249.7038642919,-76830.788260627,-71671.62238955,-164877.298360491,-630729.75317707,-514645.82635537,-451049.6335702,-329765.43350241,-160254.391306301,-436211.35984092,-239072.9882354,-140668.31582512,-63850.565893986,-374690.4690492,-1203482.8488198,-850968.51845506,-668548.73765595,-465287.62178595,263294.537264259,319317.775156525,252391.758626948,223437.517435958,255227.170521261,1058542.45145576,1489122.19052052,1345341.35048488,1304627.81277021,1180411.49242843,889551.945137772,1017002.17338659,621073.454166935,406093.595105529,228138.181614193,2211388.93385779,2825442.13906364,2218806.56327876,1934158.9253117,1663776.84456389,213735.75788187,182776.03935469,155142.05476265,146606.72917533,183555.54813171,893665.153095271,858392.437343449,830695.52412951,853578.179200009,850646.058926021,729297.55383147,580790.81354567,382000.46593154,265425.2792804,164287.61572021,1836698.4648086,1621959.2902438,1367838.0448237,1265610.1876557,1198489.2227779,-48987.9875214002,-97033.096018843,-69134.5109109681,-54747.584766923,-50887.060037439,-179507.7078696,-449469.63373751,-366140.74641739,-320600.09551443,-234242.08011312,-162175.479632751,-309753.42475107,-169823.94574358,-99966.7378103531,-45311.765743926,-390671.175023701,-856256.15450742,-605099.20307195,-475314.41809171,-330440.90589449,163760.530846694,195171.600604822,152439.88361861,133496.667905848,149437.539974307,659557.359344751,910573.661992523,812383.39690068,779046.66048494,691030.25736467,553697.528170792,621591.351595667,374973.558945336,242510.405257361,133535.215683207,1377015.41836223,1727336.61419301,1339796.83946462,1155053.73364814,974003.01302218,114772.5433253,98138.50458598,83305.372707642,78749.083138927,98550.47993686,480049.65147515,461104.02825501,446242.65048329,458446.5649705,456788.17725154,391522.04853803,311837.92684459,205149.61320175,142543.66744701,88223.449939278,986344.243338499,871080.45968556,734697.63639268,679739.31555643,643562.107127691,-106.79003685838,-497.69572425326,-575.8866638323,-664.562135246581,-711.82899787331,-7.50416881761498,-29.45740867314,-33.24767090745,-44.214895551144,-116.95376693352,620.118917277197,1170.31684724919,1499.59880749616,1922.51075716894,2562.10834018328,43.6824217224264,69.1352474590066,86.484659626177,127.959133578752,420.74703052269,513.32888041882,672.62112299594,923.712143663859,1257.9486219223,1850.2793423099,36.178252904812,39.677838785867,53.236988718727,83.744238027607,303.79326358918
"Malawi","MWI","AFR","LIC",21655286,1859.447961,0.07,0.11,0.149,0.0021,0.6689,7076.31775062301,8536.366033367,10260.187268338,11634.604371251,13721.502969001,-3371.0540450476,-8527.05557846891,-9032.34798901931,-8011.04381523409,-7091.34479744411,10447.3717956706,17063.4216118365,19292.5352573577,19645.6481864847,20812.847766446,-1945697.8525888,-3510411.0861271,-2645273.8121476,-1973496.882922,-1851264.6982265,-3989901.455024,-7979806.28874369,-6799568.26188681,-5482671.4128677,-4105286.0031064,-7312595.48095199,-12580033.616251,-7285594.7467542,-3953660.51056,-1834535.0682003,-13248194.788565,-24070250.991122,-16730436.820789,-11409828.806349,-7791085.7695334,6045547.12664262,7040069.62217922,5654676.4584486,4830633.8513024,5435233.9340765,12383451.1396931,15987915.1343115,14502408.9671422,13408066.7947685,12044684.3962977,23134106.9812739,25119170.2108529,15513534.2289815,9706573.4674148,5383005.8424838,41563105.2476096,48147154.9673438,35670619.654572,27945274.1134853,22862924.172858,4099849.2740538,3529658.536052,3009402.6463012,2857136.9683803,3583969.23584989,8393549.68467,8008108.845568,7702840.705256,7925395.38190101,7939398.39319199,15821511.500322,12539136.594601,8227939.482227,5752912.95685479,3548470.7742834,28314910.459045,24076903.976221,18940182.833784,16535445.307136,15071838.403325,-1592771.1586364,-2461301.9547673,-1851979.6344726,-1380995.8270978,-1296985.3611186,-3268483.50859889,-5595965.27553359,-4763777.1100379,-3839728.0117411,-2877388.4052868,-6031348.59310299,-8819103.8262759,-5101860.7811294,-2770338.3197672,-1285345.6637429,-10892603.260337,-16876371.056577,-11717617.5256393,-7991062.158606,-5459719.4301481,3817103.77859029,4376385.04519005,3484461.85422198,2930656.4026083,3241186.7185309,7821948.91584085,9941161.9415352,8943057.173553,8139461.4232565,7185479.0453449,14617957.2843841,15624072.7072398,9566643.730719,5892333.4405717,3211000.4457308,26257009.9788152,29941619.6939651,21994162.7584941,16962451.2664365,13637666.2096066,2224332.6199539,1915083.0904228,1632482.2197494,1549660.5755105,1944201.3574123,4553465.407242,4345196.66600149,4179280.0635152,4299733.4115154,4308090.64005811,8586608.69128199,6804968.880964,4464782.9495897,3121995.1208045,1925654.7819879,15364406.718477,13065248.637389,10276545.232854,8971389.10783,8177946.77945799,-2165.1811190753,-5903.440473125,-6688.04441681351,-6382.491041284,-6170.0099808589,-398.025400337299,-931.681699123921,-1040.9578352946,-1178.9976676433,-2036.2470531118,6712.75044158819,11813.3103458092,14283.1877341751,15648.3421038993,18108.023426268,1237.06209352653,1865.18831116325,2223.35935950266,2888.71181048867,5973.3806774307,4547.5693225129,5909.86987268421,7595.1433173616,9265.851062616,11938.013445409,839.0366931893,933.5066120394,1182.401524208,1709.7141428454,3937.1336243189
"Malaysia","MYS","WPR","UMIC",35557673,38728.94303,0.059,0.102,0.15,0.221,0.468,0,0,0,0,0,0,0,0,0,0,0,0,0,0,0,0,0,0,0,0,0,0,0,0,0,0,0,0,0,0,0,0,0,0,0,0,0,0,0,0,0,0,0,0,0,0,0,0,0,0,0,0,0,0,0,0,0,0,0,0,0,0,0,0,0,0,0,0,0,0,0,0,0,0,0,0,0,0,0,0,0,0,0,0,0,0,0,0,0,0,0,0,0,0,0,0,0,0,0,0,0,0,0,0,0,0,0,0,0,0,0,0,0,0,0,0,0,0,0,0,0,0,0,0,0,0,0,0,0,0,0,0,0,0,0,0,0,0,0,0,0,0,0,0,0,0,0,0,0,0,0,0,0,0,0,0,0,0,0,0,0,0,0,0,0
"Namibia","NAM","AFR","UMIC",3030131,11686.60206,0.028,0.058,0.098,0.0018,0.8142,370.221690066806,446.609094062092,536.796679396008,608.70399625611,717.887211748006,-427.364506086502,-509.741767398998,-501.325808296599,-501.014419905601,-423.929257975404,797.586196153201,956.3508614611,1038.1224876926,1109.7184161618,1141.8164697237,-349639.951932602,-295990.034553897,-207192.068366501,-174121.147000499,-156602.931951601,-524947.853603199,-495173.854614206,-390700.487644903,-354705.148959205,-254578.206948999,-1965265.611325,-1537726.500631,-822582.613439202,-505340.076037802,-223962.174725398,-2839853.41685998,-2328890.38980001,-1420475.16944999,-1034166.37199801,-635143.313625999,658057.04432086,558824.90035519,429931.295743199,385904.6922826,421498.030403599,975673.689008601,927665.9457577,809085.522750501,785446.225809999,683263.393483497,3678462.36963809,2901312.8202588,1717384.4315003,1126521.7579069,607576.3445336,5312193.1029675,4387803.6663716,2956401.24999391,2297872.67599961,1712337.7684208,308417.092388302,262834.865801401,222739.227376703,211783.545281999,264895.098452099,450725.835405193,432492.091143504,418385.035105601,430741.076850802,428685.186534494,1713196.75831401,1363586.31962702,894801.818061009,621181.681869105,383614.169808298,2472339.68610698,2058913.27657199,1535926.08054301,1263706.30400202,1077194.454795,-240882.4720858,-203820.3273445,-142444.2078798,-119696.030228799,-107673.47899005,-360656.832673799,-340365.824893802,-268498.070447698,-243717.807795998,-174866.892342899,-1352570.408675,-1058800.952975,-566176.061067,-347676.976459101,-154073.8149148,-1954109.71343499,-1602987.105214,-977118.33939451,-711090.814483896,-436614.186247803,406412.39230265,344876.85199593,261967.915946441,233329.92060371,249798.738477599,602496.22459113,572441.025850031,493010.897332501,474864.566376099,404897.605169199,2271892.8509589,1790596.8433956,1046419.8861863,681059.843585901,359964.958039399,3280801.4678527,2707914.7212415,1801398.6994651,1389254.3305658,1014661.3016862,165529.920216899,141056.5246513,119523.708066501,113633.890374999,142125.259487599,241839.391917303,232075.200956099,224512.826884799,231146.7585802,230030.7128262,919322.442283005,731795.890420005,480243.825119302,333382.867126703,205891.143124498,1326691.75441799,1104927.61602798,824280.360071003,678163.516081989,578047.115438297,-216.476822029501,-274.977073008398,-286.044479585802,-315.147620161202,-318.159901821098,-29.6221040036303,-32.5023916520399,-34.8840088315201,-46.5832022289596,-97.4306291167104,403.99814441277,515.72909664178,592.133268892399,697.955359334199,856.806378370995,55.392078978227,61.0476948882961,72.2858221449201,103.21506810502,262.6878371984,187.521322383302,240.752023633402,306.088789306501,382.807739172902,538.646476549897,25.7699749745998,28.5453032362593,37.4018133133904,56.6318658760611,165.257208081599
"Niger","NER","AFR","LIC",27032412,2015.022821,0.087,0.124,0.159,0.208,0.422,4683.6716261144,5650.04806024881,6791.0104776042,7700.709365389,9081.98534723801,4590.01504037171,-986.395651166502,-2296.66183587381,-2079.71410527969,-1826.120378962,93.656585742789,6636.44371141527,9087.6723134779,9780.423470669,10908.1057261998,3737962.3339535,-574674.514027402,-948839.846774697,-716449.3075037,-669567.876725301,4860461.04531591,-815994.809964806,-1540592.9978081,-1268388.1464719,-944669.4683415,10118706.018731,-1380985.100382,-1815005.6533002,-1012985.4949224,-467290.0723124,18717129.398,-2771654.42437398,-4304438.49788299,-2997822.9488982,-2081527.41737921,78807.602552505,3844513.55011292,3755126.83168566,3389010.3506151,4023798.7852433,95890.9315803337,5531242.65394922,6083831.95858091,5943533.6662205,5629590.9976449,206875.107389966,9560515.51727627,7188215.24931214,4758160.7240137,2769723.6948621,381573.641522805,18936271.7213384,17027174.0395787,14090704.7408491,12423113.4777502,3816769.936506,3269839.0360855,2806286.9849109,2672561.0431112,3354230.908518,4956351.9768962,4715247.8439845,4543238.9607728,4675145.5197487,4684921.5293033,10325581.12612,8179530.41689399,5373209.59601191,3745175.2290912,2302433.6225498,19098703.039522,16164617.296964,12722735.541695,11092881.791951,10341586.060371,1984727.3992129,-673306.053570699,-821445.8901827,-621021.6718491,-580761.5659055,2581347.6014967,-963536.699914202,-1334708.5191792,-1098653.2684985,-818806.945486099,5374209.47228049,-1651014.6959378,-1573882.5215693,-877406.2970412,-403993.92937091,9940284.47299001,-3287857.449423,-3730036.9309312,-2597081.2373888,-1803562.4407625,64660.1603477008,2429122.79974829,2328371.52702732,2056194.93993543,2382169.5378395,79843.5510998296,3495263.79326903,3773999.15649377,3608636.9867365,3334248.1843929,170570.651886709,6043137.05400992,4458933.23908328,2888379.9315456,1640231.41900871,315074.363334239,11967523.6470272,10561303.9226044,8553211.8582176,7356649.1412412,2049387.5595606,1755816.7461775,1506925.6368446,1435173.2680863,1801407.971934,2661191.1525965,2531727.0933548,2439290.63731451,2509983.718238,2515441.2389068,5544780.12416719,4392122.35807209,2885050.717514,2010973.6345044,1236237.4896379,10255358.836324,8679666.197605,6831266.9916729,5956130.62082879,5553086.7004787,2661.854019088,-615.309717042895,-1534.6121120664,-1534.3986693302,-1530.3725814436,820.3447706592,-165.507066517001,-399.247409305301,-445.941979266901,-681.9126028174,54.4088642539792,4123.74630079608,6069.62356842125,7215.781426887,9140.2470450135,16.8834566521557,1105.88073312337,1576.31826762145,2095.25404463437,4070.2853962287,2716.262883342,3508.4365837532,4535.0114563548,5681.3827575568,7609.87446356979,837.2282273114,940.373666606301,1177.0708583161,1649.3120653674,3388.3727934112
"Nigeria","NGA","AFR","LMIC",232679478,6439.812922,0.071,0.116,0.162,0.0023,0.6487,303552.30379145,366183.8920684,440130.5300856,499088.80367677,588610.34573453,-51265.9483651901,-167945.35193425,-170831.37118649,-166033.73018192,-141933.22313413,354818.252156632,534129.244002643,610961.901272084,665122.5338587,730543.56886866,-29332549.34261,-65331373.595073,-47051023.128663,-38073867.406276,-34559011.446071,-39014095.09285,-105291641.65779,-86334513.775862,-75942674.248426,-54880874.7641419,-69561085.9574304,-152614251.05447,-84876363.516855,-50483878.4597801,-22548197.807291,-137907730.39288,-323237266.30733,-218261900.42138,-164500420.11448,-111988084.01751,195238505.767267,207498824.214742,168689428.214213,152518812.874874,178545027.704925,279151947.635547,334630539.429,308018643.597892,305642447.643048,283849394.577615,489574724.830123,485935127.445312,303543210.137921,202536195.969693,116464020.778267,963965178.232937,1028064491.08905,780251281.950022,660697456.48761,578858443.0608,165905956.42466,142167450.61967,121638405.08555,114444945.468599,143986016.258855,240137852.5427,229338897.7712,221684129.82203,229699773.39462,228968519.81347,420013638.87269,333320876.39085,218666846.62106,152052317.509918,93915822.970976,826057447.84005,704827224.78172,561989381.52864,496197036.37313,466870359.0433,-31201671.841542,-49620940.464212,-35625648.147118,-28827232.667313,-26180286.558459,-43117786.256918,-80019438.936097,-65292194.6365099,-57528053.343454,-41572273.970766,-76160248.2214301,-116008241.01887,-64216893.449325,-38219993.803103,-17077336.840171,-150479706.31989,-245648620.41917,-165134736.23295,-124575279.81387,-84829897.369396,119725484.203862,125485141.553393,100539185.311377,89896458.305946,103019416.48414,171267437.25947,202394878.303586,183571131.360203,180093232.444098,163754299.020127,300304065.434292,293874528.316787,180897562.474743,119363834.533062,67196272.498661,591296986.897624,621754548.173765,465007879.146324,389353525.283103,333969988.002924,88523812.362321,75864201.0891809,64913537.164259,61069225.638633,76839129.9256819,128149651.002549,122375439.367485,118278936.723693,122565179.100641,122182025.049361,224143817.21287,177866287.29791,116680669.025418,81143840.72996,50118935.65849,440817280.57774,376105927.75459,299873142.91337,264778245.46924,249140090.63353,-21757.9352673551,-76419.132028018,-86885.995688347,-100425.13099847,-107572.70079413,-4793.983839077,-14120.687082924,-15317.066887463,-19382.560856407,-36052.891393813,150026.810033106,242932.469751778,310687.728770972,402271.592025294,553693.93278927,32398.2147074553,44773.7412581204,54727.4386380864,77627.179689992,185625.708855842,128268.874765753,166513.33772376,223801.73308263,301846.46102683,446121.23199514,27604.230868379,30653.054175197,39410.371750623,58244.618833584,149572.817462032
"Nepal","NPL","SEAR","LMIC",29651054,5736.621343,0.087,0.131,0.17,0.222,0.39,7549.37716469099,9107.03123754897,10946.091766756,12412.390123775,14638.800125997,-3758.36523693,-6958.213777817,-7071.818423032,-6651.80631819202,-5756.395419293,11307.7424016204,16065.2450153664,18017.910189788,19064.196441967,20395.195545289,-1409732.50130479,-1897850.9763073,-1388776.9078903,-1083662.5915772,-992579.798540901,-2840931.51525199,-3981155.96786,-3240829.21931189,-2802783.88673091,-2048704.0142424,-5043308.74977398,-6080432.76798502,-3390095.2094558,-1960194.5353366,-885756.6007661,-9293972.76633102,-11959439.712153,-8019701.336658,-5846641.01364499,-3927040.41354899,4340853.51849496,4393684.6258761,3495246.0993245,3081192.5015832,3523279.9644683,8244492.0238403,9187232.4784053,8286092.553373,7978190.28433059,7247033.5999739,15078822.255604,14037412.7819887,8581303.752412,5562196.0227239,3119034.7452519,27664167.7979391,27618329.88627,20362642.40511,16621578.808638,13889348.309694,2931121.0171901,2495833.6495688,2106469.1914342,1997529.910006,2530700.1659274,5403560.508589,5206076.51054499,5045263.334061,5175406.39759901,5198329.58573198,10035513.50583,7956980.01400301,5191208.54295602,3602001.487387,2233278.14448589,18370195.0316089,15658890.174117,12342941.068451,10774937.794993,9962307.89614505,-1093701.9545837,-1328098.7317264,-968694.589826997,-756683.723454703,-694429.7376098,-2164003.02438989,-2783683.9465452,-2267943.9229643,-1956903.5341411,-1431834.8053602,-3876212.13027999,-4250228.78914899,-2366525.9246349,-1367714.4775602,-618589.8131149,-7133917.109254,-8362011.46742001,-5603164.437426,-4081301.735156,-2744854.3560849,2682606.15065637,2680932.6015222,2110218.8000711,1839268.7612863,2065792.0478343,5092052.17736064,5605257.3880593,5002494.3472393,4761466.4004127,4248575.2485534,9313882.1206638,8562130.1454689,5179792.0871008,3319721.6960416,1828835.5626988,17088540.4486808,16848320.1350502,12292505.2344112,9920456.85774021,8143202.85908701,1588904.19607271,1352833.8697958,1141524.2102443,1082585.0378316,1371362.31022441,2928049.152971,2821573.4415141,2734550.424275,2804562.8662716,2816740.4431933,5437669.99038398,4311901.35631999,2813266.16246609,1952007.2184815,1210245.7495839,9954623.33942699,8486308.66763002,6689340.796985,5839155.122585,5398348.50300199,-1874.77103386,-3758.44787068,-4201.289819161,-4494.66022986898,-4581.75862107301,-283.108571229399,-478.701474867901,-523.739419801399,-649.088624206601,-1271.1285672493,5647.89610099884,8680.2144500176,10703.8989568541,12882.448089063,16235.555376734,851.21849137894,1106.10665921547,1334.1677326308,1862.4563783547,4507.983469165,3773.125067138,4921.76657933701,6502.60913769301,8387.78785919398,11653.79675566,568.109920149502,627.405184347601,810.428312829401,1213.3677541481,3236.85490191539
"Pakistan","PAK","EMR","LMIC",251269164,6286.979927,0.096,0.131,0.164,0.0021,0.6069,374684.97440989,451993.28259167,543268.14305923,616042.35348637,726541.849869991,296047.57894868,19992.6559351203,14005.7426163,13291.8834972703,11464.0298875603,78637.395461206,432000.626656552,529262.400442932,602750.46998911,715077.81998243,82286289.3208029,4505519.63699901,2071465.09415805,1579867.74271899,1519583.71358699,152600844.58565,9078731.77711987,5024349.44865108,4060200.36365306,2996079.35545099,287495476.99628,12488339.80181,4815185.22642195,2996720.57964098,1487317.01683199,522382610.90273,26072591.21593,11910999.7692304,8636788.68600988,6002980.08588004,21247676.5030958,84425788.2134995,73665339.565187,70241113.633131,88943043.749836,39696255.824395,175333288.793176,172965474.497769,178360941.360285,179789120.892052,75530499.0127279,275376715.984005,183951837.54035,128711776.029098,80002270.375308,136474431.340219,535135792.99068,430582651.603302,377313831.022512,348734435.01719,103533965.823898,88931307.8505,75736804.659345,71820981.37585,90462627.463423,192297100.41004,184412020.5703,177989823.94642,182421141.72394,182785200.2475,363025976.00902,287865055.78581,188767022.76677,131708496.608735,81489587.39214,658857042.24295,561208384.20662,442493651.37253,385950619.70852,354737415.10307,41864770.586998,-3609397.60221499,-3284374.65332201,-2641525.56286299,-2386363.161082,77557922.686476,-7609812.05133498,-7576537.21809399,-6652976.46244705,-4863131.14586604,146043579.65891,-12898383.66456,-8370832.50967205,-4782938.35545999,-2082459.66960698,265466272.93239,-24117593.3181,-19231744.3810899,-14077440.380771,-9331953.97655404,13861836.4229981,51471102.6383059,44037294.3643151,41288201.3072134,51065974.457566,25910406.9323035,106849522.785373,103366024.882061,104822314.676598,103219982.020238,49290159.7563326,167805374.130571,109953169.171237,75654924.398525,45935905.583593,89062403.1116343,326125999.55425,257356488.417613,221765440.382336,200221862.061396,55726607.009996,47861705.036091,40752919.710994,38646675.744349,48679611.296484,103468329.618779,99239710.734038,95789487.6639659,98169338.214151,98356850.8743711,195333739.41524,154906990.46602,101582336.661566,70871986.043065,43853445.913986,354528676.04401,302008406.23614,238124744.03652,207688000.00157,190889908.08484,114528.116847271,8309.57705019019,6582.52845833008,7439.97393432003,8193.23324105004,15300.832955081,954.351898641995,749.969980638009,962.929988907999,2027.09064131096,30427.6624084274,178943.881372198,245711.692350965,336160.106384355,511974.45858981,4035.49331572681,20264.4667781733,27077.8022380412,41695.9406929963,127064.083292411,144955.779255702,187253.45842239,252294.22080929,343600.08031867,520167.69183086,19336.326270808,21218.818676816,27827.772218679,42658.870681905,129091.173933721
"Peru","PER","AMR","UMIC",34217848,17802.41825,0.055,0.104,0.153,0.222,0.466,512.412451223994,618.137907009979,742.963769219001,842.48847423197,993.605603734963,-539.309613394988,-650.58472888,-770.855715957994,-778.174736251996,-656.044222908007,1051.7220646197,1268.7226358896,1513.8194851769,1620.6632104842,1649.649826643,-408036.248676002,-353606.666767702,-301386.926150993,-256009.195860498,-229385.804710403,-698117.234847009,-662608.047241002,-631238.084112018,-577208.299218997,-414846.379384607,-1059666.00269002,-834040.820954978,-536227.99145101,-332054.528900608,-144921.7513652,-2165819.48621297,-1850255.53496301,-1468853.00171405,-1165272.02398002,-789153.935460001,807417.055280801,698253.232779199,596193.145326499,533309.249405202,581156.323128,1359557.8373572,1294675.4708195,1238942.879749,1202981.6105267,1043603.72656101,2047285.8160143,1615836.3743364,1047564.5815115,689572.612542696,365778.772752903,4214260.7086522,3608765.0779351,2882700.60658701,2425863.47247499,1990538.82244202,399380.806604996,344646.566011995,294806.219175607,277300.053544804,351770.518417001,661440.602510005,632067.423579007,607704.795637012,625773.311307997,628757.347175986,987619.813325047,781795.553381026,511336.590061009,357518.083642006,220857.021387696,2048441.22244,1758509.54297101,1413847.604873,1260591.44849503,1201384.88698095,-288858.143150389,-250213.345412299,-209982.267449193,-178078.564819895,-159737.974013999,-491925.907824993,-467221.818810001,-438913.686709702,-401514.167150497,-288472.909362406,-745961.141659021,-587558.052575007,-372707.641358197,-230856.216854095,-100905.050358098,-1526745.192635,-1304993.21679699,-1021603.59551701,-810448.948824972,-549115.933734998,506147.105111349,437738.62559813,370346.9343065,328885.9581137,351129.206235506,851658.8760322,811054.2518785,769468.034841299,741863.370307803,630431.914409004,1283030.0333408,1012709.3059077,650750.868809201,425287.795592602,221063.068066001,2640836.01448429,2261502.1833843,1790565.83795719,1496037.1240142,1202624.18871,217288.961960897,187525.280185796,160364.666857295,150807.393293798,191391.232221603,359732.968207002,343832.433068991,330554.348131999,340349.203157008,341959.005047008,537068.891681015,425151.253333002,278043.227450997,194431.578738496,120158.017707899,1114090.82184899,956508.966585994,768962.242439985,685588.175188988,653508.254976988,-123.895277235999,-154.420476683204,-212.462661768099,-294.146047452799,-398.3289989974,-34.5916387085399,-38.0528759232311,-49.6275234999994,-67.6723586918997,-149.479831414101,241.49251587882,301.23154311197,417.309305856703,612.7345411641,1001.83473187999,67.18605354084,74.11902310134,97.3318985374904,140.689776934971,375.556197148595,117.597238642804,146.811066428803,204.846644088604,318.58849371101,603.505732883001,32.5944148322997,36.0661471781004,47.7043750374996,73.0174182429982,226.076365734596
"Philippines","PHL","WPR","LMIC",115843670,11794.13755,0.069,0.107,0.146,0.209,0.469,143583.10489593,173208.4373248,208185.89508252,236073.71499292,278418.24937193,91050.93502917,18635.25533388,-96162.4551271498,-95007.1545458999,-80726.99780453,52532.1698667686,154573.181990919,304348.350209666,331080.86953881,359145.24717646,21459542.2585721,3149024.85051811,-11313657.429853,-9339405.39349502,-8583393.12041801,42212284.5869601,6366736.53833985,-28484083.66415,-25152933.503783,-18448418.647786,128518681.78346,16555502.7342701,-49350340.10641,-30298691.9144399,-13524817.186581,192190508.62899,26071264.1231403,-89148081.2004199,-64791030.8117199,-40556628.9547801,12813764.7429185,26029977.6569763,36195833.3384021,33000701.159535,38028735.834791,23634767.9069142,56571005.7387814,89570673.055033,88249969.036684,80978971.3131701,76690664.2104979,146871330.898543,156937130.364244,104689467.530751,59496475.310602,113139196.86033,229472314.294301,282703636.75768,225940137.726973,178504182.45856,34273307.00149,29179002.5074941,24882175.90855,23661295.766039,29445342.714373,65847052.49387,62937742.2771199,61086589.3908899,63097035.5329001,62530552.66539,205209345.99396,163426833.63282,107586790.25783,74390775.6163099,45971658.1240209,305329705.48933,255543578.417439,193555555.55726,161149106.91525,137947553.50377,10226686.661413,-663712.200335979,-8809229.69046801,-7276153.126021,-6652875.611177,20218323.283667,-1727097.99734592,-22059874.8635809,-19553570.23332,-14265252.900931,61151549.1111302,-4419478.81858993,-38329878.53868,-23452840.363917,-10462980.652439,91596559.05621,-6810289.01625967,-69198983.09273,-50282563.7232599,-31381109.164546,8403117.71606655,16521966.8327843,22332918.2574757,20137064.3825398,22654876.685585,15562857.2200498,35925144.5019674,55255682.702631,53846418.83917,48244680.993751,50370366.1046659,93242646.4208819,96809435.767004,63881367.43145,35445174.607517,74336341.0407822,145689757.755633,174398036.72711,137864850.65316,106344732.286853,18629804.37748,15858254.632448,13523688.567008,12860911.256519,16002001.074409,35781180.503716,34198046.504622,33195807.839049,34292848.6058509,33979428.092821,111521915.2158,88823167.6022899,58479557.2283299,40428527.067534,24982193.9550771,165932900.09699,138879468.73936,105199053.63438,87582286.9299002,74963623.1222999,34641.1439136601,7520.55897526001,-42792.48623841,-49904.18819345,-54943.8733221202,2429.3423588166,442.554207728099,-2640.07586421381,-3668.59663292201,-10071.352049402,19933.3052096227,62619.4310776316,135387.925161413,173931.256848083,244566.29919957,1433.05079250809,3745.54176240421,8329.7508302325,12750.0083118199,44660.99584412,54574.4491232801,70139.99005289,92595.4389229999,124027.06865463,189622.42587745,3862.39315132469,4188.0959701323,5689.674966019,9081.411678898,34589.6437947189
"Papua New Guinea","PNG","WPR","LMIC",10576502,4888.554831,0.0659,0.119,0.157,0.0022,0.6559,23994.687927276,28945.483544125,34790.692031531,39451.125696115,46527.472795493,21991.462224175,18160.698477098,7374.63201183599,7232.50120014499,6162.091578422,2003.22570310044,10784.785067027,27416.0600196957,32218.6244959696,40365.381217071,1004434.07049821,595899.69476519,170877.618476801,139604.23908086,123311.82331793,4951921.8323899,3296514.325471,1084766.9925204,944086.146277405,681718.838789098,7834289.9697205,4260027.5766864,959495.892980903,577036.679020401,258879.925983289,13790645.872608,8152441.59692301,2215140.5039781,1660727.0643786,1063910.5880903,86815.8481439056,343289.096982955,624363.763930101,611304.1387676,813145.27942928,459212.525735346,1916547.16420196,3949708.47989029,4202814.3795909,4480961.4946826,779382.19961076,2593002.13038346,3539698.31491357,2555965.17724223,1682069.96503301,1325410.57349001,4852838.39156838,8113770.558734,7370083.6956007,6976176.739145,1091249.91864206,939188.79174815,795241.38240691,750908.377848459,936457.102747209,5411134.3581253,5213061.4896729,5034475.4724107,5146900.5258682,5162680.3334718,8613672.1693313,6853029.7070699,4499194.2078945,3133001.8562626,1940949.8910163,15116056.446099,13005279.988491,10328911.0627121,9030810.75997929,8040087.32723531,542842.413261229,297591.48250612,57308.0432584002,46822.2824436203,40747.72497109,2675826.8020508,1645235.9529944,365334.587618701,313880.799562901,226068.610839602,4229510.0792919,2119871.3429518,321887.358284999,193417.081239998,86966.48068735,7448179.29460381,4062698.7784522,744529.989162102,554120.163246498,353782.816498101,58807.9576861903,220225.669040196,381190.682008881,367270.465583202,475693.5827881,309093.210083236,1230200.85576462,2411655.61655359,2525148.58266515,2621314.5283438,523870.861789798,1661889.33518828,2160994.43392668,1535445.36961331,984264.81835752,891772.029559224,3112315.8599931,4953840.73248913,4427864.4178616,4081272.9294895,601650.37094743,517817.15154632,438498.72526728,414092.74802682,516441.30775919,2984920.0121339,2875436.808759,2776990.2041723,2839029.382228,2847383.1391835,4753380.9410817,3781760.6781401,2482881.7922117,1728862.4508534,1071231.29904489,8339951.32416309,7175014.6384453,5698370.7216512,4981984.5811082,4435055.74598759,6251.459170651,5464.3517496281,2548.6259436361,3178.61766555501,3807.398645676,171.25688841286,125.67204193714,60.8975803569501,89.0352716297402,347.752520157601,568.051476984597,3243.10446283086,9472.0818835818,14155.567805397,24953.921837184,15.5755601598712,74.92167705757,224.566157753821,394.73521123348,2268.2805167635,6819.5106476355,8707.4562124589,12020.707827218,17334.185470953,28761.32048286,186.83244857273,200.59371899471,285.46373811078,483.77048286322,2616.0330369212
"Paraguay","PRY","AMR","UMIC",6929153,18523.68102,0.051,0.096,0.142,0.212,0.499,13.0664859852004,15.7624786040997,18.9455304117,21.4834042672992,25.3368817736991,12.8021019036987,15.4437647013001,-24.3821632361996,-26.7054850010009,-22.5745068629003,0.26438408156776,0.31871390269921,43.3276936478831,48.1888892683196,47.9113886365503,8678.93983269017,7441.78282557987,-8362.89431976993,-7672.5213518003,-6917.05290758004,26284.3319792002,25125.8335999995,-31899.4211715013,-31689.7461218983,-22708.1990286,27727.3308598995,21947.8409707993,-19032.0345757008,-12771.8858868405,-5656.79820861015,62690.602671802,54515.457396403,-59294.3500670046,-52134.1533605978,-35282.0501447991,171.8362586477,142.06223258187,14829.0872582479,13800.730931794,14645.3181842398,486.16974235359,440.50122485384,56552.6997650501,57071.8861036799,48192.6568848304,686.46309165925,565.88565284781,33765.9186621309,23033.72223504,11988.2699812902,1344.4690926605,1148.44911028352,105147.70568543,93906.3392705107,74826.2450502999,8850.77609134,7583.84505816083,6466.19293847959,6128.20957998,7728.26527665928,26770.5017215982,25566.3348249011,24653.2785935998,25382.1399816982,25484.4578562006,28413.7939515002,22513.7266235985,14733.8840862997,10261.8363482002,6331.47177267075,64035.0717644021,55663.9065066949,45853.3556183949,41772.1859098971,39544.1949054971,4775.74452672992,4095.74101103004,-6252.10329611972,-5687.24196986994,-5127.57182990992,14468.1358216014,13833.1525868997,-23842.8179139998,-23480.3909366,-16829.0200350191,15250.7724999003,12069.3781873994,-14232.1232907698,-9467.88220495917,-4191.97657963005,34494.6528483033,29998.2717853002,-44327.0445009992,-38635.515111398,-26148.5684444997,110.882464504572,91.6652783541809,9822.12343974601,9070.31595978106,9394.70761206001,313.71550814686,284.23224566963,37455.588505866,37496.1153771901,30904.1445528399,442.96075807063,365.13621489822,22368.787768422,15135.024914544,7688.56742264004,867.55873072206,741.03373892202,69646.4997140302,61701.4562515202,47987.4195875302,4886.62699124031,4187.40628938004,3570.0201436202,3383.07398989983,4267.13578215986,14781.8513296992,14117.3848326001,13612.7705917992,14015.7244407013,14075.1245178003,15693.7332580015,12434.5144023001,8136.66447765008,5667.14270958956,3496.59084300976,35362.2115788981,30739.3055242971,25319.4552130029,23065.9411401004,21838.8511429019,4.48568313507985,5.86577685316024,-10.6253686324999,-14.5357343247306,-16.40280484094,0.705619593835991,0.781180960955908,-1.35768081781805,-2.01433343550002,-4.57060264122993,0.0932482655689489,0.123431403186875,18.893996224115,26.2354116673898,34.8163937379795,0.014408932445443,0.016167615729303,2.4148627785596,3.63634654460202,9.70229236827004,4.57893140065016,5.98920825634013,8.26862759161031,11.6996773426999,18.4135888969995,0.720028526282022,0.797348576685977,1.05718196074201,1.62201310909995,5.13168972703988
"Sudan","SDN","EMR","LIC",50448963,2127.400391,0.078,0.121,0.161,0.0022,0.6378,8884.3401314769,10717.435536377,12881.698747422,14607.283925352,17227.391955505,-9926.8414081573,-10341.3876710762,-10872.5243685445,-9692.997158412,-8562.9014330447,18811.1815396342,21058.8232074534,23754.2231159673,24300.2810837639,25790.293388549,-4204003.5906215,-3131539.0236504,-2344645.6217297,-1748631.3494417,-1626307.04353224,-8660069.0911205,-7086347.2228989,-5946086.2416398,-4805568.8755603,-3598512.4422886,-12548985.8543013,-8634553.9428632,-4988603.8855842,-2742077.3925911,-1265359.45133812,-25413058.536043,-18852440.189412,-13279335.7489537,-9296277.6175933,-6490178.937159,7978101.04970531,6369382.4644384,5098259.2993926,4361840.6463323,4943585.1281683,16195308.2944183,14308514.3799454,12908897.4891113,11940892.9215574,10778500.9997866,23916607.3074373,17629663.3374426,10866811.2552459,6841427.7146955,3810722.0770039,48090016.6515608,38307560.1818264,28873968.0437497,23144161.2825847,19532808.2049592,3774097.4590838,3237843.440788,2753613.6776629,2613209.2968906,3317278.084636,7535239.203298,7222167.1570465,6962811.2474715,7135324.04599701,7179988.55749801,11367621.453136,8995109.39457929,5878207.3696616,4099350.3221044,2545362.6256658,22676958.115518,19455119.992414,15594632.294795,13847883.664992,13042629.2678,-2801285.5882463,-2070877.6883442,-1549654.10292018,-1155662.16091043,-1076914.59123714,-5749163.6156559,-4677734.3767293,-3927692.280105,-3174207.461117,-2377928.7697367,-8370007.8403221,-5715826.3964045,-3299176.9125321,-1812604.80678691,-836926.73992958,-16920457.0442249,-12464438.4614782,-8776523.2955573,-6142474.4288143,-4291770.1009035,4811156.28127757,3795135.96707282,3015944.51094997,2547192.13352542,2844095.9160599,9760497.56706888,8522946.0078805,7635272.981395,6973335.2221103,6201707.5660587,14425103.4898866,10506453.430223,6429006.986107,3995232.5272505,2192156.1605186,28996757.3382332,22824535.4051764,17080224.4784521,13515759.8828862,11237959.6426372,2009870.6930312,1724258.2787286,1466290.4080298,1391529.972615,1767181.3248228,4011333.9514131,3845211.6311511,3707580.70129,3799127.7609933,3823778.796322,6055095.64956461,4790627.0338184,3129830.073575,2182627.7204636,1355229.4205889,12076300.294009,10360096.943698,8303701.18289469,7373285.4540718,6946189.54173371,-4980.9004133196,-5595.185291185,-6469.5714975903,-6577.9759509845,-6851.1200533166,-940.28041193283,-901.56767787981,-1010.10292110788,-1166.29709448827,-2165.5417463575,9437.90573936458,11394.3417167015,14133.2865739835,16483.840564094,20630.6261952877,1784.72468379566,1838.42932369793,2211.78273000593,2932.15400332075,6531.6888316561,4457.0053260451,5799.1564255166,7663.7150763931,9905.86461310901,13779.506141972,844.444271862829,936.8616458181,1201.6798088981,1765.8569088325,4366.1470852985
"Senegal","SEN","AFR","LMIC",18501984,5110.399698,0.073,0.115,0.156,0.216,0.44,2389.37208523169,2882.36840518549,3464.42965284601,3928.51195877002,4633.169017696,1773.53806723999,-1642.62740266829,-1888.97510099401,-1802.62118982991,-1551.5114879208,615.834017991687,4524.99580785372,5353.4047538398,5731.1331486002,6184.6805056163,337718.803281,-213935.4151108,-179371.932364801,-144627.23823973,-129384.52177388,1219458.3547238,-908680.595198795,-835904.850386299,-722196.271251902,-524346.492061898,1312535.8337636,-796429.778423898,-503056.0112813,-295870.1119153,-132039.25217256,2869712.99176799,-1919045.788734,-1518332.7940325,-1162693.6214068,-785770.266008295,107412.419010779,596266.27080074,506034.36724142,454120.36811708,517873.92441514,452994.517963612,2506428.40121071,2377376.6314542,2306904.900537,2113317.2392753,444329.724868482,2189286.20485088,1417364.46711223,933038.00720754,526123.979041141,1004736.66184287,5291980.87686229,4300775.4658079,3694063.2758615,3157315.1427316,445131.2222919,382330.8556899,326662.434876701,309493.129877299,388489.4026413,1672452.8726874,1597747.8060119,1541471.7810679,1584708.6292851,1588970.7472134,1756865.5586322,1392856.426427,914308.455830898,637167.895292301,394084.7268686,3874449.653611,3372935.088129,2782442.6717755,2531369.65445471,2371544.8767233,170507.8150733,-164177.02229053,-133536.08522215,-107430.16752051,-96613.8034368297,610102.9109836,-694468.017221797,-623960.5917711,-539146.664079998,-392036.043540001,660527.576302901,-608692.828309,-374551.8255309,-220117.59826403,-98484.30257256,1441138.3023597,-1467337.8678214,-1132048.5025242,-866694.4298645,-587134.149549298,68674.8283270127,369594.932905719,309009.69792664,273648.05975383,305330.92825235,288254.705278506,1552808.49811214,1452149.76320656,1390648.9330289,1245956.0401433,283405.87609602,1357034.90785115,865705.96638815,562359.39286866,310174.44270577,640335.409701538,3279438.33886902,2626865.4275214,2226656.3856514,1861461.4111015,239182.643400311,205417.91061519,175473.612704489,166217.892233321,208717.12481552,898357.616262004,858340.4808903,828189.171435397,851502.268948901,853919.9966034,943933.452398904,748342.0795421,491154.140857201,342241.7946047,211690.14013321,2081473.7120613,1812100.4710476,1494816.9249972,1359961.9557868,1274327.2615522,712.149552544302,-717.181972914703,-936.623126018996,-1070.2323180515,-1154.7951385961,53.6871712495704,-44.7793336866102,-57.8204084529002,-77.2657446541502,-201.820579046851,247.665662297915,1974.31477657292,2654.1559303891,3401.9393963112,4603.0861545862,19.2290939472847,123.565441827366,163.698432759434,245.55343997366,803.308315768501,959.815214842198,1257.1328036582,1717.5328043701,2331.7070782597,3448.29101599001,72.91626519685,78.78610814075,105.87802430653,168.2876953195,601.487736721701
"El Salvador","SLV","AMR","UMIC",6338193,13264.02709,0.056,0.108,0.154,0.224,0.458,138.7972435267,167.4351148325,201.246716314901,228.204989256101,269.138110562402,23.5658963496007,-53.7127746450024,-210.919401455598,-209.664500779098,-177.7520984731,115.231347177123,221.147889477501,412.16611777044,437.869490035159,446.8902090353,18220.5052326005,-21522.6213313499,-63188.6135464702,-52633.74223857,-47204.8558569103,52170.1330544949,-91059.6599768996,-300771.927739602,-271501.100258999,-194206.6612349,56138.0097819008,-72062.3136727996,-155121.4644673,-94840.1200146191,-42122.20657448,126528.648068994,-184644.594981097,-519082.005753398,-418974.962512203,-283533.7236664,64532.667499143,92300.50349077,123463.90359232,109765.81361642,119522.59277611,260709.384585943,389535.393519101,588908.29765579,568461.23774837,492578.703326201,230076.130471475,298357.26959483,303018.20161154,197728.77805422,105854.98349782,555318.18255656,780193.1666047,1015390.4028596,875955.829419,717956.279600199,82753.1727317404,70777.8821594203,60275.29004585,57132.0713778399,72317.736919201,312879.517640404,298475.733542301,288136.369916201,296960.137489401,298372.042091198,286214.140253302,226294.9559219,147896.737144299,102888.6580396,63732.7769233296,681846.830625504,595548.571623608,496308.397106305,456980.866906799,434422.555933699,3376.95369648933,-21364.81611042,-46451.7276232601,-38673.8992272699,-34749.2629714604,2325.48188310117,-89713.0137101002,-221104.218451302,-199604.243801,-142961.292107001,7474.20673600212,-70208.4100848008,-113954.813059729,-69663.70748989,-30950.9296098603,13176.6423157007,-181286.239905298,-381510.7591343,-307941.850518197,-208661.484688399,42196.5500237089,60341.564507536,79642.799377232,70128.40064248,74585.9887669701,170012.825138485,254116.119928642,379817.72377568,363192.319849869,307376.8449356,150210.940512448,194859.095429413,195398.26049927,126318.01106088,66046.4411208099,362420.315674638,509316.77986559,654858.78365218,559638.73155323,448009.274823399,45573.5037201997,38976.74839711,33191.0717539694,31454.5014152098,39836.7257955102,172338.307021603,164403.106218599,158713.505324297,163588.076048803,164415.552828602,157685.147248399,124650.685344599,81443.4474395998,56654.30357097,35095.5115109496,375596.957990199,328030.539960302,273348.024517894,251696.881035,239347.790135,11.94036652865,-29.3735774314009,-128.633147352701,-147.0474058788,-146.473606888199,1.40896222654499,-3.03456908522003,-12.9242286389101,-17.2549953452601,-36.6833741084197,57.249062878291,120.642058394831,251.28118136046,307.08068063471,368.2237892661,7.1311488131858,12.4703886331892,25.267752722612,36.041081663726,92.3161630089598,69.1894294069398,91.2684809633993,122.6480340077,160.033274755897,221.7501823778,8.54011103973198,9.43581954795991,12.34352408371,18.7860863184696,55.6327889005297
"Suriname","SUR","AMR","UMIC",634431,22066.73207,0.059,0.111,0.153,0.22,0.457,3.274585971053,3.95022742642897,4.74793055842099,5.38394594413205,6.34966414843302,-1.508131180769,-1.81930210585102,-7.43576741724604,-7.48659193127094,-6.31764039192001,4.782717151822,5.7695295322801,12.183697975667,12.870537875402,12.667304540354,-6317.49087187997,-5572.89848743007,-13786.161850141,-11527.026242124,-10448.0995735311,-6743.74813738,-6554.6271183698,-20791.5006420999,-19098.33174571,-13667.091737173,-13676.8040563301,-10715.4670838001,-23120.34905035,-14312.6237829119,-6303.006274643,-26738.0430655908,-22842.9926896002,-57698.0115425903,-44937.9817707399,-30418.1975853401,18278.6950688787,15758.2435406002,22485.403532213,19834.579288861,20970.9498418551,21072.6978030872,20233.4520903298,34016.335489218,32708.2036898879,27276.278743278,42242.8061551694,33316.1201105247,37882.682370976,24583.036076835,12668.060786436,81594.199027136,69307.815741455,94384.4213924069,77125.8190555801,60915.2893715699,11961.20419701,10185.3450531699,8699.24168206984,8307.55304673011,10522.85026833,14328.9496657001,13678.8249719599,13224.8348471201,13609.87194418,13609.1870061099,28566.0020988397,22600.65302672,14762.33332062,10270.4122939298,6365.05451179296,54856.1559615396,46464.8230518494,36686.4098498104,32187.8372848402,30497.0917862197,-5307.50332447898,-4642.88797111495,-9808.82960596203,-8211.40433372802,-7439.686597917,-5816.90083895996,-5628.37043392984,-14804.486468469,-13593.427453237,-9727.74795674696,-11763.3586256802,-9239.48710643011,-16481.094788559,-10201.0241081,-4494.44538061001,-22887.7627891097,-19510.7455114797,-41094.4108629902,-32005.8558950701,-21661.87993528,11995.483662024,10337.1885509787,14672.458693215,12857.601438515,13325.197595569,13830.5113746269,13278.6454337059,22200.663171093,21203.115592918,17338.35960028,27748.726238564,21884.5034871065,24738.712697331,15946.81422958,8056.25722742098,53574.721275215,45500.3374717909,61611.834561639,50007.5312610129,38719.8144232698,6687.98033754493,5694.30057986407,4863.62908725301,4646.19710478699,5885.51099765196,8013.61053566006,7650.2749997701,7396.17670263001,7609.68813967984,7610.61164352996,15985.36761289,12645.01638067,8257.61790876999,5745.79012148001,3561.81184681202,30686.9584860997,25989.5919603002,20517.42369864,18001.67536595,17057.9344880003,-1.007634018511,-1.28454691552901,-5.48466678198702,-5.96270452159104,-5.596201734065,-0.590992195370006,-0.676941634849015,-2.82231135103299,-3.28255623094,-3.89402225450505,3.20106447024474,4.06360103291345,8.9858561640154,10.250598953331,11.22021120732,1.87093454595373,2.14934067625486,4.6276575050366,5.64579818554429,7.810812676419,2.19343045173497,2.77905411738396,3.50118938202803,4.28789443174003,5.62400947325409,1.27994235058401,1.47239904140702,1.80534615400398,2.36324195460401,3.91679042191498
"Eswatini","SWZ","AFR","LMIC",1242822,11784.28006,0.087,0.068,0.107,0.0019,0.7361,1495.2188787929,1803.7256238605,2167.9673304975,2458.3802927234,2899.3398837775,-2116.84046714393,-2472.08664473654,-2445.18075073387,-2424.86648397267,-2057.57056481711,3612.05934593685,4275.81226859708,4613.14808123133,4883.2467766961,4956.9104485946,-1380127.13560822,-1152255.89684688,-821061.38106703,-686342.73399073,-616586.15050488,-2554747.1060735,-2345096.63685286,-1854108.06067519,-1668736.12620155,-1211781.92279749,-6538008.1746103,-4971180.2136515,-2669658.7441431,-1634571.30173193,-715710.35605781,-10472882.416292,-8468532.7473512,-5344828.1858853,-3989650.1619242,-2544078.42936021,2378272.04151272,2006922.22121377,1546900.65204933,1375911.88213814,1471055.29220548,4372236.94709184,4084526.17467756,3535505.53107968,3397718.12575287,2917353.4875156,10948526.321855,8499601.44353761,5007004.23200877,3261690.47538328,1728252.26194079,17699035.3104597,14591049.839429,10089410.4151378,8035320.4832743,6116661.0416618,998144.905904509,854666.32436689,725839.2709823,689569.14814741,854469.141700589,1817489.8410183,1739429.5378247,1681397.4704045,1728981.9995514,1705571.5647181,4410518.1472448,3528421.2298861,2337345.4878656,1627119.1736513,1012541.905883,7226152.8941675,6122517.09207769,4744582.22925249,4045670.32135011,3572582.6123017,-922308.53468641,-768284.76785491,-546029.57872278,-456087.77906865,-409792.1191563,-1702301.77692013,-1562670.3344413,-1235887.83971385,-1112324.97733195,-806354.11135042,-4341584.7515406,-3302271.0548167,-1774196.55926232,-1085372.62841362,-476203.7157178,-6966195.063147,-5633226.1571129,-3556113.9776989,-2653785.38481425,-1692349.94622453,1457982.57367604,1226939.5618304,935423.27692624,825931.87042459,868260.2398235,2677240.10249013,2495934.20488935,2138045.02230842,2040033.68323128,1721421.75605709,6706441.15780022,5194370.99417737,3027574.29451724,1957860.02584108,1019357.25217111,10841663.8339664,8917244.76089705,6101042.5937519,4823825.5794969,3609039.2480517,535674.03898963,458654.793975489,389393.69820345,369844.091355939,458468.12066719,974938.325569998,933263.870448079,902157.182594571,927708.70589933,915067.644706629,2364856.4062597,1892099.9393606,1253377.7352549,872487.39742743,543153.53645332,3875468.7708193,3284018.6037842,2544928.6160529,2170040.1946828,1916689.3018271,-921.59248301752,-1152.42252919315,-1240.32272096727,-1423.50137018245,-1511.45081712781,-136.700434571768,-146.866120343164,-159.029947973217,-211.591823284884,-448.67775053266,1572.50420110092,1993.91500511737,2341.39210303451,2868.32619699413,3643.2354659453,233.377472666963,253.981420425215,299.791586692473,425.818403456686,1081.22104399537,650.91171808341,841.492475924229,1101.06938206725,1444.8248268117,2131.7846488175,96.677038095195,107.11530008205,140.76163871926,214.2265801718,632.54329346271
"Syrian Arab Republic","SYR","EMR","LIC",24672760,4650.066878,0.092,0.14,0.179,0.231,0.358,1353.556991324,1632.8348064852,1962.5670721374,2225.4653681443,2624.6470169504,1191.3106617738,-487.223946189401,-831.1062613616,-754.3730529317,-661.7838112265,162.246329550246,2120.0587526746,2793.67333349895,2979.8384210759,3286.4308281769,207053.38392743,-61979.1234693502,-73881.75926916,-55586.3367212601,-52334.2633519999,601339.07575611,-199827.65235872,-269875.20817934,-221304.61155035,-166848.18814432,759454.171212619,-205705.893775701,-189347.42911379,-106210.55079441,-48629.4392682959,1567846.6308962,-467512.6696038,-533104.39656228,-383101.49906601,-267811.89076461,29090.5885373555,264372.662803112,246169.927083336,219375.067072488,258735.478642833,86793.0499035457,860368.533339719,907907.795779874,874159.85185321,824742.5474347,102797.894814592,889357.52713722,637257.437886591,417925.112044273,241397.319703194,218681.533255493,2014098.72328005,1791335.1607498,1511460.03096997,1324875.34578072,236143.97246479,202393.53933377,172288.16781418,163788.73035123,206401.21529083,688132.12565966,660540.880980999,638032.58760053,652855.24030285,657894.359290379,862252.066027209,683651.63336153,447910.0087728,311714.56124987,192767.8804349,1786528.1641517,1546586.0536763,1258230.7641876,1128358.531904,1057063.4550161,108357.24280564,-60316.36674681,-62430.008567977,-47107.32119638,-44273.939714724,314587.43549372,-195149.19589937,-228792.77503496,-187656.24019049,-141181.18723705,398040.36241993,-201470.37486336,-160667.90678029,-89916.98493948,-41228.589449573,820985.0407192,-456935.937509539,-451890.69038323,-324680.546326349,-226683.71640135,22304.2226782184,172293.066891086,157759.950360158,137761.645725808,158497.763345929,66250.625496147,560671.47306645,581881.546160348,548924.30341631,505196.46337177,79185.8888900279,579851.035976192,408593.279469206,262447.176214135,147925.250198831,167740.737064393,1312815.57593373,1148234.77598971,949133.12535625,811619.47691654,130661.46548385,111976.70014428,95329.94179219,90654.3245294279,114223.82363121,380838.06098987,365522.27716708,353088.77112539,361268.06322582,364015.27613472,477226.25130996,378380.66111283,247925.37268891,172530.19127465,106696.66074926,988725.777783599,855879.63842424,696344.08560648,624452.5790299,584935.760515179,385.26540428303,-169.31427317232,-334.97358358433,-383.06864501428,-454.448438735539,30.005248764836,-10.933555853936,-21.244770359559,-27.20781759166,-78.1226853926401,52.431326542605,737.718295844076,1125.997057922,1513.27037036435,2256.99057354343,4.0782009695864,47.807422416034,71.3183913582182,107.451137018503,388.02961121545,437.69673082564,568.40402267176,791.02347433766,1130.2017253501,1802.5421348079,34.083449734423,36.873866562098,50.073620998658,80.2433194268419,309.90692582281
"Chad","TCD","AFR","LIC",20299123,2961.931924,0.069,0.11,0.159,0.214,0.448,9741.61126505981,11751.58641032,14124.684531877,16016.775532375,18889.704025037,-3521.14280698499,-7437.58977458029,-7675.8587108371,-7058.90842577939,-6161.4091013431,13262.7540720452,19189.1761849008,21800.5432427142,23075.6839581547,25051.11312638,-2725718.06721069,-4233154.9060938,-3066393.4775884,-2343245.9343453,-2232301.2626286,-2126214.5922614,-3683841.8168737,-3051638.4985766,-2540114.1944719,-1912372.4807397,-6748505.43182901,-8762922.44879159,-4884644.0055056,-2757865.3801507,-1253887.9289238,-11600438.091301,-16679919.171759,-11002675.981671,-7641225.5089681,-5398561.672292,10449318.3342241,10875303.3726975,8757723.0518994,7731357.014255,8991432.9382845,8265230.66986517,9545197.7087533,8706165.3545284,8358389.2890354,7747765.176093,24030084.3825117,22476999.0953693,13893427.3948849,9036633.0258053,5118506.5941538,42744633.386601,42897500.1768202,31357315.8013126,25126379.329096,21857704.7085316,7723600.2670134,6642148.4666037,5691329.5743111,5388111.0799097,6759131.6756558,6139016.07760379,5861355.8918798,5654526.8559518,5818275.0945635,5835392.6953534,17281578.950682,13714076.646578,9008783.38937929,6278767.6456547,3864618.6652301,31144195.2953,26217581.005062,20354639.819642,17485153.820128,16459143.036239,-2234931.7664548,-2965698.757866,-2153169.2811638,-1647209.1863772,-1562424.5726141,-1754674.2779269,-2586179.7979236,-2142244.9699097,-1783639.1544959,-1339216.8125196,-5385094.2013703,-6133302.2270347,-3425590.3512024,-1934334.3256465,-879904.20487956,-9374700.24575201,-11685180.782824,-7721004.602276,-5365182.6665196,-3781545.5900134,6336912.75329021,6493351.57544187,5176552.6783319,4509556.0924712,5152175.155132,5015354.51432281,5698861.93922142,5145228.347532,4874072.1220751,4438115.8869464,14563347.3179239,13417236.7836324,8211081.0594179,5269434.0702,2932754.4855051,25915614.585537,25609450.2982957,18532862.0852818,14653062.2847462,12523045.5275834,4101980.9868355,3527652.817576,3023383.397168,2862346.906094,3589750.5825178,3260680.2363959,3112682.1412978,3002983.3776223,3090432.9675792,3098899.0744268,9178253.11655401,7283934.5565978,4785490.7082155,3335099.7445534,2052850.2806255,16540914.339785,13924269.515472,10811857.483006,9287879.61822601,8741499.93757039,-1572.9627407091,-3506.8985082831,-3931.7375622564,-4220.1320237859,-4621.971356063,-611.395186355199,-1210.4873681458,-1303.4691608858,-1492.2485297196,-2311.0806657419,5927.77894864173,9050.8828993739,11169.5665552828,13793.7432917522,18790.6204606825,2316.10346602588,3127.00526618331,3709.40717445764,4878.440404651,9402.4851001218,4354.8162079326,5543.9843910907,7237.8289930265,9573.61126796661,14168.649104619,1704.7082796708,1916.5178980375,2405.938013572,3386.1918749314,7091.4044343799
"Thailand","THA","SEAR","UMIC",71668011,24708.24394,0.079,0.119,0.161,0.226,0.415,3008.91985715,3629.746737056,4362.732468742,4947.14812935801,5834.51792420202,-3392.387652857,-4092.33499008999,-6121.40529981704,-6198.75332435902,-5220.027676909,6401.3075100068,7722.0817271457,10484.1377685594,11145.901453717,11054.545601111,-640087.530072697,-535357.537154995,-567864.630788296,-480957.641033601,-435976.706025597,-2420645.878535,-2338075.703217,-2869605.561831,-2632457.44234702,-1889434.468091,-2558803.03728101,-2035916.85031199,-1657276.7929537,-1023683.2982124,-454048.5504095,-5619536.445889,-4909350.09068596,-5094746.98557299,-4137098.38159299,-2779459.724525,1198133.18656225,1012745.3678409,975544.083500169,866743.789016001,919156.330107201,4613969.133035,4435228.7563457,4899634.9505816,4722630.67764761,3978796.55539601,4823497.7555795,3837935.6896977,2842629.1731925,1846177.6571469,962097.0453327,10635600.0751768,9285909.8138842,8717808.2072742,7435552.1238106,5860049.93083599,558045.656489499,477387.830685802,407679.452711903,385786.1479825,483179.624081604,2193323.2545,2097153.053128,2030029.38874999,2090173.23530099,2089362.08730602,2264694.71829799,1802018.83938402,1185352.38023899,822494.358934492,508048.494923197,5016063.62928796,4376559.723198,3623061.22170097,3298453.74221796,3080590.20631099,-466691.770820893,-391479.9013592,-400736.7124792,-339418.334656302,-307233.5023307,-1772217.886178,-1709253.091537,-2021502.93626501,-1854708.62998219,-1330438.05488279,-1869021.91427198,-1486968.24679001,-1168844.1476553,-722330.862440303,-320180.490592498,-4107931.571271,-3587701.23968601,-3591083.796399,-2916457.827079,-1957852.04780601,773894.99064675,654324.30790726,625273.935093121,551905.42595231,573242.8105806,2979887.67249135,2863782.8315831,3138995.3755673,3005325.0452726,2480487.59396959,3115660.4948339,2478974.76992314,1821499.4490554,1175233.0341794,599872.514645901,6869443.1579721,5997081.9094136,5585768.75971591,4732463.50540429,3653602.9191961,307203.219825797,262844.406548101,224537.222614001,212487.091295999,266009.308249902,1207669.786313,1154529.74004701,1117492.439303,1150616.41529101,1150049.539087,1246638.580562,992006.523132995,652655.3014002,452902.171739101,279692.024053402,2761511.58670104,2409380.66972804,1994684.96331701,1816005.67832601,1695750.87139001,-532.533760629405,-669.274119154194,-1221.9565084216,-1841.770574995,-2739.69804718799,-32.07041146851,-34.7821884240202,-61.7006804175098,-93.8169030152794,-383.155929656397,1004.54381416129,1261.25154018828,2091.7359622614,3311.73147963821,5803.71562447902,60.584729100569,65.684562104037,105.74407927284,168.81033190943,811.779930861798,472.010053532002,591.977421033997,869.779453839801,1469.960904643,3064.01757729199,28.5143176320598,30.90237368002,44.0433988553204,74.9934288941495,428.624001205499
"Tajikistan","TJK","EUR","LMIC",10590927,5405.980116,0.075,0.12,0.164,0.0022,0.6388,542.364453730403,654.269870812801,786.392168790699,891.734383129893,1051.68474966921,-130.967877509098,-791.323642812302,-811.7990364455,-755.307929101702,-656.343343590001,673.332331239454,1445.59351362508,1598.1912052361,1647.0423122317,1708.0280932592,-211282.754830196,-1098100.3684603,-802969.731341701,-624581.5986926,-577698.7764147,-199915.240645804,-970998.8790382,-796103.0849404,-671409.634517998,-497284.8960617,-588526.082886696,-2186482.3754071,-1223233.3673314,-699969.7276734,-317355.84336208,-999724.078363001,-4255581.62290499,-2822306.1836134,-1995960.9608841,-1392339.5158384,1262598.10556074,1996656.49987452,1569590.9129725,1352946.9839527,1501040.5108648,1032056.0262814,1766045.49358454,1563677.7103571,1461640.4557635,1289895.765187,2892191.90818294,4010462.5677232,2416657.2400753,1530691.1115612,829424.4231249,5186846.04002507,7773164.5611824,5549925.8634048,4345278.5512774,3620360.6991767,1051315.3507305,898556.131414197,766621.181630798,728365.385260001,923341.734450102,832140.785635605,795046.614546299,767574.625416696,790230.821245499,792610.869125299,2303665.825297,1823980.19231629,1193423.8727438,830721.383887798,512068.579762898,4187121.96166199,3517582.93827701,2727619.67979199,2349317.59039301,2228021.1833383,-225596.8323007,-756216.1297311,-552441.110310601,-429797.681124501,-397834.117852401,-198772.839552499,-667902.503132001,-547761.321931399,-462091.7168973,-342039.731836392,-573550.938039497,-1507138.8141396,-842851.91353,-482196.335166499,-218640.75071812,-997920.609891996,-2931257.4470026,-1943054.3457721,-1374085.7331883,-958514.6004069,795168.762941166,1242901.8376818,967679.64236991,824347.840020729,898093.0437632,649576.93568721,1098582.3167305,963639.84949141,890303.677966241,771478.640058499,1822301.27278607,2495872.396418,1489820.95354796,932476.200380219,496205.566286659,3267046.97141445,4837356.5508304,3421140.4454093,2647127.7183673,2165777.25010829,569571.9306405,486685.7079507,415238.5320592,394550.1588962,500258.925910801,450804.0961348,430679.813598502,415878.527559999,428211.961068999,429438.908222098,1248750.3347466,988733.582278498,646969.040018,450279.8652137,277564.8155686,2269126.361522,1906099.1038277,1478086.09963709,1273041.985179,1207262.6497015,-88.0330064504997,-561.4270612033,-602.900212402797,-603.264944646802,-577.0063749203,-48.73197925758,-283.751323438939,-296.268365105749,-318.12175945838,-384.602563341001,454.67221368858,1025.45382093232,1186.68126176894,1315.2005915789,1501.5625365386,252.978753996246,518.36912748544,583.25439225764,693.88147222124,1001.2256891237,366.639207238002,464.026759729099,583.781049366102,711.935646932201,924.556161618297,204.24677473866,234.6178040465,286.986027151899,375.7597127628,616.6231257828
"Timor-Leste","TLS","SEAR","LMIC",1400638,4758.39202,0.095,0.134,0.169,0.0022,0.5998,3012.4528099143,3634.0086397917,4367.8550138639,4952.9568718603,5841.3685806543,1973.432241711,-1530.2210568252,-1694.1091993136,-1622.1642026397,-1394.4181694315,1039.02056820331,5164.2296966168,6061.96421317754,6575.1210745,7235.7867500858,545118.520391391,-314093.14220059,-241275.948521291,-195515.47907501,-177817.3254464,1700497.9936274,-1049746.6403281,-938484.452275403,-814794.167790601,-587799.754850602,4590535.34733841,-2290160.5685108,-1391313.4690885,-812109.262608899,-366871.02362761,6836151.8613569,-3654000.3510395,-2571073.8698851,-1822418.9094744,-1132488.1039246,305233.993620124,1042891.83023078,859847.71136692,780254.52553363,915012.48537046,875220.837569449,3512015.68602236,3312793.10668403,3263378.94482466,3042348.1720242,2397910.87456769,7817518.07699554,5002655.47187063,3327904.00143273,1923684.51382538,3578365.70575726,12372425.5932488,9175296.2899215,7371537.471791,5881045.17122,850352.51401152,728798.68803019,618571.762845621,584739.046458621,737195.15992406,2575718.8311969,2462269.0456942,2374308.6544087,2448584.7770341,2454548.4171736,6988446.22190611,5527357.5084848,3611342.0027822,2515794.7388238,1556813.4901978,10414517.5671149,8718425.2422093,6604222.4200366,5549118.5623166,4748557.06729539,251229.01062846,-251054.55469835,-189103.15689067,-152867.16825282,-139215.73225538,792429.784605,-842638.4402136,-734261.06938304,-637730.13575238,-461212.76172273,2140588.86396851,-1849585.5405134,-1094154.3394253,-639761.705385029,-288948.97420233,3184247.6592021,-2943278.5354254,-2017518.5656989,-1430359.0093902,-889377.468180401,205305.878856435,642346.182308435,521210.731278082,466737.10507881,534985.33697209,590404.230360805,2164529.96433978,2008855.53467249,1952310.19663813,1779143.73700967,1612464.90231093,4817857.70056701,3033375.50881272,1990721.26657014,1124919.35313704,2408175.01152817,7624733.84721525,5563441.77476325,4409768.5682871,3439048.4271188,456534.8894849,391291.62761008,332107.5743874,313869.93682599,395769.60471671,1382834.0149658,1321891.5241261,1274594.4652894,1314580.0608858,1317930.9752869,3753053.7662795,2968272.1600536,1939221.1693875,1350959.5611851,835970.378934711,5592422.6707302,4681455.3117898,3545923.2090643,2979409.55889679,2549670.9589383,1270.9918763034,-1057.2387149465,-1239.263540798,-1260.3836554032,-1177.5345038726,86.5762446025601,-60.8066793206199,-74.0412200051601,-96.54038106146,-219.251186608371,669.998082851181,3568.35530100839,4434.47645966246,5108.3598762846,6109.6254669672,45.1934565287729,205.497719632021,265.030016852745,391.520227311285,1138.90679749765,1940.9899591545,2511.1165860619,3195.2129188644,3847.9762208814,4932.0909630945,131.76970113134,144.6910403114,190.98879684758,294.97984624982,919.655610889278
"Tunisia","TUN","EMR","LMIC",12277109,14451.2545,0.077,0.123,0.164,0.219,0.417,0,0,0,0,0,0,0,0,0,0,0,0,0,0,0,0,0,0,0,0,0,0,0,0,0,0,0,0,0,0,0,0,0,0,0,0,0,0,0,0,0,0,0,0,0,0,0,0,0,0,0,0,0,0,0,0,0,0,0,0,0,0,0,0,0,0,0,0,0,0,0,0,0,0,0,0,0,0,0,0,0,0,0,0,0,0,0,0,0,0,0,0,0,0,0,0,0,0,0,0,0,0,0,0,0,0,0,0,0,0,0,0,0,0,0,0,0,0,0,0,0,0,0,0,0,0,0,0,0,0,0,0,0,0,0,0,0,0,0,0,0,0,0,0,0,0,0,0,0,0,0,0,0,0,0,0,0,0,0,0,0,0,0,0,0
"Ukraine","UKR","EUR","UMIC",37860221,18550.46289,0.1,0.143,0.176,0.0022,0.5788,5470.9077988424,6599.713742591,7932.450254795,8995.05223398501,10608.494452972,-6762.1313218758,-8819.6405881746,-9147.0051200015,-9052.09458903629,-7686.84122465529,12233.0391207186,15419.3543307655,17079.4553747964,18047.1468230205,18295.335677627,-12556461.568061,-11577069.879548,-8501352.71047479,-7082460.7788548,-6481346.4285013,-15325325.311933,-15907226.503057,-13287191.314955,-11878385.188826,-8573546.7066319,-27094469.206457,-23275411.747051,-13113888.940746,-7939733.04084061,-3551945.0273466,-54976256.086452,-50759708.1296561,-34902432.966177,-26900579.008522,-18606838.16248,22697004.7171001,20276656.9915149,15963322.8287724,14197001.2034504,15386421.6071486,27751961.5576017,27746929.2979052,24691742.7133997,23587425.3946528,20260676.563658,49128801.0389119,40748251.7525368,24595606.6498363,15972856.4736885,8494397.1235929,99577767.313613,88771838.041957,65250672.192008,53757283.071791,44141495.2944,10140543.149039,8699587.11196601,7461970.11829698,7114540.424595,8905075.17864698,12426636.245669,11839702.794848,11404551.398444,11709040.205827,11687129.857026,22034331.832454,17472840.005486,11481717.70909,8033123.43284801,4942452.0962463,44601511.227161,38012129.9123019,30348239.225832,26856704.06327,25534657.13192,-8795795.5829467,-8021611.8997177,-5868577.3583376,-4884456.7635407,-4464865.82670119,-10727392.564425,-10999884.0563514,-9143681.7532855,-8178577.606546,-5901995.5719966,-18986582.676573,-16118260.720058,-9047493.5664472,-5482437.2326783,-2449922.1630688,-38509770.823946,-35139756.676128,-24059752.67807,-18545471.602765,-12816783.561767,14366573.6767222,12800607.9444079,9967779.9356932,8792637.6314629,9356976.970007,17552861.0581353,17503373.0125563,15408329.103163,14610939.1481406,12322093.87143,31092529.3549019,25718284.5200773,15355847.1782082,9896047.1252699,5165188.3985093,63011964.0897597,56022265.477041,40731956.217064,33299623.904873,26844259.239946,5570778.093775,4778996.0446907,4099202.5773555,3908180.8679222,4892111.143306,6825468.49371001,6503488.956204,6264647.34987801,6432361.541595,6420098.29943401,12105946.678329,9600023.80001903,6308353.61176102,4413609.89259161,2715266.2354403,24502193.265814,20882508.800913,16672203.538994,14754152.302109,14027475.67818,-3261.75137718731,-4470.487008299,-5024.30695134259,-5784.0416397363,-6086.1464324127,-1575.5421324918,-1937.1268328807,-2088.170320445,-2511.4349101214,-3559.0998702312,5903.18594471457,7820.6148985965,9385.7748790079,11534.4187113496,14485.8148158021,2849.04966630815,3387.62864600617,3901.2470170497,5009.6505927552,8474.2984200439,2641.43456752739,3350.1278902974,4361.4679276653,5750.37707161299,8399.66838338898,1273.5075338163,1450.5018131254,1813.0766966047,2498.2156826338,4915.19854981281
"Venezuela","VEN","AMR","UMIC",28405543,17349.176,0.0484,0.0908,0.137,0.0021,0.7217,1581.1416059441,1907.3766858106,2292.5495358542,2599.6510739591,3065.95040032839,-1648.22886476661,-1988.3059795006,-2479.5095851747,-2568.9245464851,-2149.4439674203,3229.37047071071,3895.68266531112,4772.05912102887,5168.5756204442,5215.3943677487,-435044.079283521,-376369.30106622,-330062.67034714,-284271.362873,-258416.744941349,-2798557.0937222,-2681675.9079238,-2668046.3185714,-2516439.1221401,-1805252.4199765,-1586787.0108819,-1243879.9036053,-836174.749065099,-533827.95185636,-234237.13542864,-4820388.183887,-4301925.11259539,-3834283.73798349,-3334538.4368695,-2297906.3003465,853827.683934613,734838.17869506,635109.120014624,574040.32121517,619980.26849103,5488702.87643014,5254868.57278175,5154484.32279482,5067874.2135619,4343854.5886294,3070795.935824,2425051.51526369,1614028.54104922,1075209.59339998,569149.26270301,9413326.49618879,8414758.26674047,7403621.9838587,6717124.128177,5532984.1198234,418783.604651101,358468.877628841,305046.44966749,289768.95834217,361563.523549689,2690145.78270791,2573192.6648579,2486438.0042234,2551435.0914218,2538602.1686529,1484008.9249421,1181171.6116584,777853.7919842,541381.641543699,334912.127274379,4592938.31230199,4112833.154145,3569338.24587511,3382585.6913076,3235077.81947699,-319580.30483793,-275993.23997764,-238792.96403123,-205788.874751,-186397.00072964,-2054827.7016777,-1968753.2426427,-1932682.4874007,-1820280.1176283,-1302878.4957989,-1160705.4795766,-911859.8783819,-605562.683904991,-386114.33999993,-169445.9849223,-3535113.4860923,-3156606.3610023,-2777038.1353369,-2412183.3323793,-1658721.4814508,551188.299147337,474208.443469175,407487.907593614,366049.60060635,386254.16565781,3542080.17462984,3391307.76689858,3307346.74437698,3230895.04898521,2705913.7868885,1980903.6537003,1564833.28915427,1035704.43517793,685453.15328894,354638.54507075,6074172.12747752,5430349.49952202,4750539.0871485,4282397.8028805,3446806.497617,231607.99430941,198215.203491529,168694.94356238,160260.72585535,199857.16492817,1487252.4729522,1422554.5242558,1374664.2569762,1410614.9313569,1403035.2910896,820198.1741236,652973.410772402,430141.7512729,299338.81328902,185192.56014846,2539058.6413852,2273743.1385198,1973500.9518116,1870214.4705013,1788085.0161662,-490.8920719418,-645.9271485598,-957.917953694403,-1290.0664593191,-1493.533830684,-28.838757165754,-31.649358301108,-45.793746438103,-68.96967788291,-219.84803462565,962.387098107347,1266.11093317998,1844.16862406061,2595.90933567698,3623.9316031994,56.5381904875308,61.9390515974608,88.066346506366,138.793841777123,533.74819102911,471.495026165601,620.1837846201,886.250670366197,1305.8428763579,2130.3977725155,27.6994333217771,30.289693296353,42.2726000682601,69.82416389422,313.90015640347
"Vietnam","VNM","WPR","LMIC",100987686,16385.50656,0.068,0.118,0.161,0.22,0.433,29485.783334115,35569.550180023,42752.412967187,48479.3696041469,57175.11251198,-36703.30063098,-56646.830093813,-58340.440052776,-57129.724478471,-48701.625823571,66189.0839650956,92216.3802738375,101092.853019963,105609.094082619,105876.73833555,-31542516.022503,-34533530.535901,-25253369.199885,-20748257.460411,-18917037.206827,-38360265.454006,-46439419.24426,-38496295.724878,-34184350.916559,-24726099.153459,-80196035.482416,-82090819.617265,-46110307.926957,-27708456.539702,-12357402.9946657,-150098816.95893,-163063769.39742,-109859972.851721,-82641064.9166709,-56000539.354951,56877630.8014315,56201249.7574179,43761969.470609,38297556.665539,41152275.357788,68771749.727751,75531892.5404486,66663234.405154,63160656.743492,53742688.357768,145288956.677564,133700447.421715,79920876.718255,51240559.010645,26874862.787338,270938337.206746,265433589.71958,190346080.594018,152698772.419676,121769826.502893,25335114.778929,21667719.221517,18508600.270724,17549299.205129,22235238.150961,30411484.273745,29092473.296189,28166938.680275,28976305.826933,29016589.204311,65092921.1951399,51609627.80445,33810568.791298,23532102.470944,14517459.792672,120839520.24782,102369820.32216,80486107.7422998,70057707.50301,65769287.1479499,-22350391.447852,-23570478.975661,-17176249.457215,-14108444.4088825,-12864953.4921967,-27139011.634145,-31701481.004947,-26183723.332726,-23251981.293254,-16821232.53151,-56945971.010195,-56096485.234706,-31392236.721437,-18864297.999096,-8412685.6595612,-106435374.09219,-111368445.215314,-74752209.511378,-56224723.701233,-38098871.683267,36085267.2772917,35315982.5613411,27206513.2816504,23617236.0732293,24912004.177852,43617379.0369687,47468044.8938752,41449147.8143973,38955495.13708,32545127.95999,92220720.3471493,84068015.6746457,49718202.1603024,31618694.2061738,16281267.0807939,171923366.66141,166852043.129862,118373863.25635,94191425.416483,73738399.218636,13734875.829439,11745503.585681,10030263.824436,9508791.66434598,12047050.685655,16478367.402824,15766563.888928,15265424.481671,15703513.843826,15723895.428481,35274749.336954,27971530.439939,18325965.438866,12754396.207077,7868581.42123201,65487992.5692201,55483597.914548,43621653.744972,37966701.7152489,35639527.535369,-11928.212078319,-19263.531530688,-22093.403120773,-27058.184853641,-32618.350731411,-3815.8207949047,-5404.7501449238,-5961.96479183849,-7613.2685972464,-14153.205881001,21518.7618428658,31348.656420884,38256.8850928584,49989.047220771,70884.830920812,6876.87331966869,8801.95318007188,10340.5445646961,14061.4364242947,30757.701241426,9590.549764547,12085.124890197,16163.481972085,22930.86236713,38266.480189401,3061.052524764,3397.2030351481,4378.5797728576,6448.167827048,16604.495360426
"Vanuatu","VUT","WPR","LMIC",327777,3602.40727,0.076,0.124,0.172,0.0023,0.6257,25.709216614404,31.0137689100191,37.276643910293,42.270086582393,49.852070601858,5.94535624709596,-19.444942283839,-29.679382353684,-29.208446677177,-24.853872972738,19.7638603673067,50.4587111938569,66.9560262639767,71.47853325957,74.705943574596,750.748996648996,-1891.5565849885,-2024.427345667,-1665.5609582376,-1525.861861469,4026.982253542,-10860.906987639,-13222.924698001,-11770.222075134,-8557.68924677202,2740.18842936898,-6123.30095222098,-5090.238439844,-3078.94146817159,-1375.5064366551,7517.91967956,-18875.764524848,-20337.590483512,-16514.724501543,-11459.057544897,2731.25537247253,4882.31830569271,4567.9029842253,4073.5335070043,4551.4910989054,13889.0987401626,28058.4011533309,29837.0234208529,28784.7216247151,25574.743585908,9499.26436858106,15850.4320089257,11481.1584312725,7528.4523074088,4135.3066627696,26119.6184812161,48791.1514679493,45886.0848363511,40386.707439128,34261.541347583,3482.0043691215,2990.7617207043,2543.47563855819,2407.9725487667,3025.6292374364,17916.080993705,17197.494165692,16614.098722852,17014.499549581,17017.054339135,12239.45279795,9727.13105670502,6390.9199914285,4449.51083923721,2759.8002261145,33637.5381607771,29915.386943101,25548.494352839,23871.982937584,22802.483802686,76.6635178457982,-1508.1537478551,-1492.7609490573,-1227.7399176651,-1121.8512780013,489.017527855001,-8668.56144632699,-9749.013069939,-8679.830006763,-6300.8473940854,323.056420331006,-4896.26225582261,-3756.5580091229,-2271.7010256539,-1014.7200059104,888.737466030987,-15072.977450005,-14998.33202812,-12179.270950082,-8437.41867799699,1836.48235710618,3151.33181227555,2890.06069617734,2550.51495665769,2783.6804118318,9350.34882758629,18114.0731996718,18874.0618037733,18024.802293043,15646.0964408961,6397.3352053112,10237.730674743,7266.2679193848,4715.2031151478,2530.4536225967,17584.1663900037,31503.1356866904,29030.3904193355,25290.5203648486,20960.230475325,1913.145874952,1643.1780644205,1397.29974712,1322.7750389926,1661.8291338305,9839.36635544201,9445.511753345,9125.048733834,9344.97228628001,9345.24904681102,6720.391625641,5341.4684189204,3509.7099102619,2443.502089494,1515.7336166863,18472.903856035,16430.158236686,14032.058391216,13111.249414767,12522.811797327,1.862347091896,-6.577698123755,-11.829387948687,-14.860903290681,-17.155934992273,0.0977585435574495,-0.280557136782799,-0.4954246913275,-0.7078881038034,-2.2692738138414,6.1903344805395,17.0907596703211,26.7065635467013,36.3862342455778,51.580399221112,0.319142301272635,0.73150262805802,1.11799177790982,1.73154048419906,6.8134810456325,8.05268157243501,10.513061546567,14.877175598015,21.525330954897,34.4244642288389,0.41690084483008,0.45094549127522,0.62256708658232,1.0236523803957,4.54420723179109
"Yemen","YEM","EMR","LIC",40583164,3164.321542,0.073,0.115,0.153,0.0021,0.6569,7844.936700379,9463.57322311289,11374.6333178812,12898.337531321,15211.911903815,-7505.3561812167,-7364.1906977561,-7568.0982831099,-6995.3303748481,-6094.0241122861,15350.2928815956,16827.7639208689,18942.7316009909,19893.667906169,21305.9360161009,-2467935.7278956,-1718760.321922,-1250442.37311702,-965648.5697991,-902204.83687067,-5260885.65695091,-4104683.8334858,-3390350.0708241,-2840923.8583441,-2106645.1402103,-7036664.7509642,-4542916.7545481,-2544761.4799089,-1441430.97300391,-660302.33426794,-14765486.13581,-10366360.909956,-7185553.9238501,-5248003.4011471,-3669152.3113489,5043720.30503985,3927252.54482479,3139073.78413747,2754180.7434692,3144722.9402354,10771135.9317055,9368894.4772723,8474732.3207885,8074278.7086962,7349877.8759478,14373270.3714839,10368041.3318828,6373939.2857713,4106538.6106387,2301063.52234839,30188126.6082292,23664188.3539798,17987745.3906972,14934998.0628042,12795664.3385318,2575784.5771442,2208492.2229027,1888631.4110204,1788532.1736701,2242518.1033648,5510250.2747547,5264210.6437865,5084382.2499644,5233354.85035209,5243232.7357375,7336605.62051959,5825124.5773346,3829177.8058623,2665107.6376348,1640761.1880805,15422640.472418,13297827.444024,10802191.4668476,9686994.66165709,9126512.02718289,-1695893.0591407,-1177880.70109303,-857478.42287765,-662184.815716891,-618046.10153322,-3618600.5030792,-2812917.306842,-2322980.8922957,-1946673.0929526,-1443489.87771943,-4835483.7608669,-3112057.3600714,-1743800.9553927,-988076.87051492,-452221.5239766,-10149977.3230868,-7102855.36800651,-4924260.2705659,-3596934.7791844,-2513757.5032292,3077073.55907917,2362117.05629933,1870243.17433133,1621225.37058848,1820318.92086471,6572886.26222578,5635301.90713401,5049066.25365615,4752791.9440336,4254554.4730292,8768857.99210211,6235307.52114458,3797026.26539951,2417060.78006972,1331964.97929797,18418817.8134071,14232726.484578,10716335.6933869,8791078.0946918,7406838.3731918,1381180.4999385,1184236.3552063,1012764.75145368,959040.554871581,1202272.8193315,2954285.7591466,2822384.600292,2726085.3613605,2806118.8510809,2811064.5953098,3933374.2312353,3123250.1610731,2053225.3100068,1428983.9095548,879743.45532137,8268840.4903204,7129871.1165715,5792075.422821,5194143.3155073,4893080.8699626,-3259.6599901574,-3457.8383562161,-3988.6898795966,-4351.6496731021,-4667.4243019478,-507.46370082209,-454.45756188115,-504.00618803382,-619.138312643669,-1270.63352293578,6666.06089850385,7902.76647541806,9985.2525184663,12375.7278776708,16317.965678253,1037.92097277573,1038.39527301613,1261.68511433335,1760.90269362862,4440.8953067239,3406.4009083465,4444.9281192019,5996.5626388696,8024.07820456871,11650.5413763052,530.45727195363,583.93771113498,757.67892629952,1141.76438098491,3170.2617837881
"South Africa","ZAF","AFR","UMIC",64007187,15457.48914,0.023,0.048,0.082,0.0017,0.8454,21601.19923485,26058.1491570501,31320.2935736899,35515.8453730999,41886.3213722801,-20108.844684972,-24257.8788556999,-30588.0627872401,-30745.28619743,-25960.590650424,41710.043919826,50316.02801275,61908.356360947,66261.131570529,67846.9120227101,-11362515.103958,-9686602.024297,-8562434.08772302,-7234404.19237798,-6294460.67207,-28832373.62076,-27256914.0416799,-27417800.6402,-25021864.4368941,-17595349.040409,-88100735.5611296,-71273006.5318499,-50152964.95524,-30736559.3935101,-13566345.457225,-128295624.28584,-108216522.59783,-86133199.6831603,-62992828.0227699,-37456155.1697099,22888076.5775955,19497130.9489949,16934635.964388,15268366.504183,16444203.432197,58782013.041535,55830839.113254,55042611.027631,53507123.656487,46177793.7623659,186712153.665346,148986068.635631,100860320.792674,66050048.565384,35418131.849764,268382243.284478,224314038.69788,172837567.78469,134825538.72606,98040129.0443301,11525561.473637,9810528.92469698,8372201.876665,8033962.31180495,10149742.760128,29949639.4207799,28573925.0715699,27624810.38743,28485259.2195902,28582444.7219498,98611418.1042204,77713062.1037798,50707355.83744,35313489.17187,21851786.39254,140086618.99864,116097516.100039,86704368.1015301,71832710.70327,60583973.8746204,-8133357.52845103,-6934742.59582397,-5987636.67379701,-5063219.45183802,-4426662.20023301,-20728432.080608,-19625541.520237,-19247425.0458159,-17562127.641371,-12386628.464225,-63933774.4470096,-51529031.72352,-35204185.68642,-21599871.29967,-9535235.699157,-92795564.0560598,-78089315.8395796,-60439247.4060402,-44225218.39288,-26348526.363614,14367309.8387009,12241581.9419864,10516655.2416268,9408659.57900719,9918657.04813701,36929026.3207213,35082268.6233088,34190251.554116,32971954.401387,27851338.12037,117303469.701881,93582336.627242,62639739.057171,40708896.082272,21361331.769985,168599805.861303,140906187.192537,107346645.852915,83089510.0626659,59131326.938496,6233952.31024903,5306839.34616202,4529018.56782898,4345440.127168,5491994.84790403,16200594.240113,15456727.103072,14942826.508301,15409826.760016,15464709.656144,53369695.25488,42053304.9037299,27435553.37075,19109024.7825999,11826096.0708289,75804241.8052402,62816871.3529601,46907398.4468803,38864291.6697798,32782800.5748701,-11355.530496686,-14675.255875236,-19529.527166647,-21163.6310949509,-20379.789388867,-716.1487486478,-783.626046806603,-1105.9152401658,-1550.8263611516,-3980.855904934,23548.8051720836,30445.5585112272,39531.565935248,45627.500926677,53275.177115189,1483.71424429355,1624.9826196597,2241.8135098574,3345.5821537756,10385.737765993,12193.274675397,15770.302635991,20002.038768603,24463.8698317299,32895.38772632,767.5654956457,841.356572853096,1135.8982696917,1794.755792624,6404.881861059
"Zambia","ZMB","AFR","LMIC",21314956,4223.950208,0.039,0.073,0.119,0.205,0.564,53984.278796037,65122.791272306,78273.592214647,88758.835907826,104679.505342169,25031.245647051,-15748.92140946,-16865.724295501,-16018.004878644,-13811.401203586,28953.0331489856,80871.7126817674,95139.3165101469,104776.84078647,118490.906545753,7977555.45812529,-3313405.24030349,-2575813.4577949,-2072082.2403939,-1852663.8456301,12210633.149962,-6132587.167009,-5277580.56475641,-4544845.3654979,-3323520.1590031,36314780.738783,-14842654.0055341,-8755575.55074298,-5125673.8329086,-2276420.1648579,56502969.3468699,-24288646.412846,-16608969.573295,-11742601.4388,-7452604.16949099,8591560.27017382,17548720.1411405,14749814.1845113,13603153.247833,16279076.5342199,14531438.7920239,31664722.9674686,29894004.8009864,29893504.5583126,28647779.0472568,41422719.9892499,76599637.8033015,49356459.7860879,33415460.447001,19778137.453953,64545719.0514476,125813080.911911,94000278.7715857,76912118.253146,64704993.035429,16569115.728299,14235314.900837,12174000.7267165,11531071.0074391,14426412.6885899,26742071.941986,25532135.80046,24616424.23623,25348659.192815,25324258.888253,77737500.728033,61756983.797767,40600884.235345,28289786.614092,17501717.2890953,121048688.398318,101524434.499065,77391309.1982909,65169516.814346,57252388.865939,3314684.6254139,-3077760.0495206,-2326048.7485651,-1863087.3582702,-1680163.7461851,4954333.1958978,-5632516.12632379,-4748887.47478151,-4088434.0709204,-2990738.0926934,14888682.827114,-13627302.512422,-7856081.4312349,-4594552.8547898,-2053657.5751675,23157700.648426,-22337578.688266,-14931017.654582,-10546074.28398,-6724559.414046,5484681.11798329,10637266.4281274,8790783.72482822,7986048.7644218,9340979.6347313,9244272.68546351,19188432.9187987,17819062.4003831,17548495.6830433,16437390.6366627,26390006.7528655,46421310.3668589,29415823.079478,19615552.0270356,11346847.5877564,41118960.5563123,76247009.7137847,56025669.2046891,45150096.4745012,37125217.8591509,8799365.7433972,7559506.3786067,6464734.9762632,6122961.4061516,7660815.8885463,14198605.8813617,13555916.792475,13070174.9256017,13460061.612123,13446652.5439692,41278689.57998,32794007.854437,21559741.648243,15020999.1722458,9293190.01258881,64276661.204738,53909431.025518,41094651.550108,34604022.19052,30400658.445105,9744.10706568901,-6508.42691667999,-7630.29860842798,-8563.48035755701,-9540.23229826899,1184.6324650516,-681.547685705,-802.9905701405,-1043.3964503714,-2409.0608276242,11270.8802314234,33473.8182149605,43143.8129045257,55993.3166186131,81794.930287977,1375.2506029764,3486.17598117721,4502.5419501099,6768.1724321298,20527.2042475443,21014.987297112,26965.39129828,35513.514296097,47429.836261056,72254.697989708,2559.8830680279,2804.6282954722,3699.5513799693,5724.7759817583,18118.1434199205
"Zimbabwe","ZWE","AFR","LMIC",16634373,3921.697956,0.06,0.091,0.132,0.0021,0.7149,21837.472436393,26343.17232917,31662.873907103,35904.316513084,42344.472567681,-55121.1624655334,-53815.6506168521,-54172.5868540281,-51723.7786518046,-44509.5976669349,76958.6349019264,80158.8229460219,85835.460761131,87628.095164889,86854.070234616,-36776119.4804551,-25469795.2327547,-18178610.1111134,-14577305.2164193,-13362096.6182378,-94652957.8630126,-73072372.666769,-58999342.3876917,-51134688.6561593,-37360674.7463336,-165447148.908234,-105958602.837516,-58136925.8661807,-34115128.8934772,-15395460.5071084,-296876226.251702,-204500770.737039,-135314878.364986,-99827122.766056,-66118231.8716797,51352676.9580219,37967303.7941453,28777761.6932758,24610098.8240875,25954188.0380493,132178585.980979,108985355.930472,93660817.145651,86833552.614333,73004799.951449,230710418.827755,157772732.441209,92077857.373833,57761052.4620255,30033667.336221,414241681.766756,304725392.165827,214516436.21276,169204703.900446,128992655.325719,14576557.4775671,12497508.5613906,10599151.5821624,10032793.6076682,12592091.4198115,37525628.117967,35912983.263703,34661474.75796,35698863.958174,35644125.205115,65263269.91952,51814129.6036929,33940931.507652,23645923.568549,14638206.8291128,117365455.515054,100224621.428788,79201557.847774,69377581.134391,62874423.454039,-23105465.2539336,-16003803.7439756,-11421721.375078,-9156296.09031752,-8392168.05780891,-59472942.4200159,-45916480.676925,-37072935.1739483,-32132473.1388461,-23474631.8231457,-103961042.411804,-66587764.026238,-36536457.8409398,-21440364.9634871,-9675379.15000351,-186539450.085754,-128508048.447139,-85031114.3899658,-62729134.192651,-41542179.0309582,30791017.4868856,22592434.8511204,17008294.2524276,14443740.0927858,15028414.6573155,79251666.79704,64848312.6510981,55346511.1891468,50952612.9874145,42264067.1129118,138361003.726946,93902107.9024384,54428758.7036901,33904330.8912816,17391796.0099992,248403688.010873,181342855.404657,126783564.145264,99300683.971482,74684277.780227,7685552.2329521,6588631.1071448,5586572.8773496,5287444.0024683,6636246.5995066,19778724.377024,18931831.974172,18273576.015199,18820139.848569,18789435.289766,34399961.315142,27314343.8762,17892300.862751,12463965.9277948,7716416.8599956,61864237.925118,52834806.957518,41752449.755298,36571549.7788309,33142098.749268,-35962.3838307564,-37830.6651753939,-40642.3087949697,-41557.5461693741,-38887.5447716895,-5734.14504799982,-5155.18211405391,-5499.86261016432,-6757.55324542581,-12028.322671147,50211.8637030055,56351.3484620992,64399.3965039402,70402.547820195,75880.458113086,8003.84982000562,7677.81312774805,8713.0203497789,11444.7649145795,23467.5906933802,14249.4798722494,18520.683286705,23757.08770897,28845.001650821,36992.913341396,2269.7047720058,2522.6310136941,3213.1577396146,4687.2116691537,11439.2680222331
