MMR,1950,681.791,526.671,475.077,448.111,426.2,408.832,395.387,385.312,378.802,375.28,373.794,374.264,373.71,371.962,370.092,370.133,370.287,366.755,360.884,353.773,348.076,341.76,333.448,323.622,313.509,303.55,292.367,285.574,282.369,278.921,274.22,271.162,264.125,253.626,242.213,233.209,222.811,215.272,210.376,205.896,199.851,194.71,189.8,184.783,179.773,175.096,170.67,164.686,157.45,149.962,143.236,136.003,129.785,124.532,119.462,113.877,108.66,103.474,98.24,93.07,88.114,83.256,78.197,73.013,67.88,62.975,58.102,53.477,49.114,44.913,40.782,36.841,33.072,29.449,25.999,22.744,19.7,16.862,14.213,11.776,9.523,7.424,5.822,4.687,3.805,2.955,2.333,1.773,1.268,0.854,0.543,0.442,0.356,0.221,0.085,0.052,0.056,0.044,0.029,0.014
MMR,1951,693.831,596.323,489.629,456.374,437.969,420.345,405.143,392.804,383.287,377.035,373.599,372.094,372.483,371.823,369.971,368.002,367.933,367.969,364.321,358.329,351.089,345.255,338.833,330.475,320.66,310.593,300.697,289.587,282.81,279.564,276.06,271.308,268.178,261.122,250.657,239.302,230.332,219.985,212.454,207.525,203.007,196.95,191.797,186.884,181.879,176.881,172.205,167.754,161.747,154.49,146.973,140.203,132.951,126.716,121.444,116.366,110.788,105.556,100.333,95.042,89.784,84.746,79.816,74.724,69.549,64.455,59.605,54.798,50.231,45.911,41.75,37.671,33.792,30.106,26.592,23.276,20.177,17.304,14.651,12.203,9.982,7.963,6.121,4.731,3.75,2.996,2.287,1.771,1.316,0.919,0.604,0.373,0.296,0.231,0.14,0.053,0.031,0.033,0.025,0.016
MMR,1952,706.328,609.091,555.815,470.958,446.299,432.067,416.607,402.526,390.757,381.516,375.363,371.92,370.344,370.627,369.861,367.912,365.849,365.667,365.57,361.788,355.662,348.302,342.36,335.873,327.51,317.736,307.728,297.892,286.84,280.057,276.753,273.183,268.38,265.186,258.119,247.697,236.399,227.459,217.154,209.625,204.662,200.107,194.049,188.897,183.991,178.996,174.002,169.304,164.802,158.748,151.451,143.902,137.099,129.849,123.617,118.339,113.249,107.664,102.393,97.106,91.73,86.396,81.289,76.316,71.223,66.085,61.049,56.255,51.511,46.994,42.716,38.602,34.59,30.796,27.218,23.838,20.678,17.748,15.059,12.601,10.364,8.364,6.579,4.983,3.794,2.961,2.324,1.74,1.319,0.957,0.651,0.416,0.251,0.194,0.148,0.087,0.032,0.019,0.019,0.014
MMR,1953,721.414,624.921,570.943,536.119,461.258,440.663,428.457,414.077,400.555,389.061,379.927,373.776,370.272,368.601,368.772,367.898,365.848,363.677,363.357,363.097,359.163,352.904,345.449,339.438,332.929,324.593,314.877,304.927,295.136,284.124,277.326,273.962,270.332,265.488,262.245,255.181,244.802,233.559,224.64,214.373,206.846,201.854,197.275,191.23,186.086,181.19,176.195,171.184,166.439,161.86,155.742,148.403,140.832,134.015,126.783,120.565,115.276,110.161,104.543,99.207,93.84,88.386,82.99,77.841,72.855,67.784,62.696,57.717,52.975,48.281,43.81,39.577,35.523,31.597,27.912,24.465,21.235,18.241,15.491,12.992,10.736,8.711,6.933,5.375,4.012,3.006,2.305,1.775,1.301,0.962,0.681,0.451,0.281,0.164,0.124,0.092,0.054,0.019,0.011,0.011
MMR,1954,736.707,642.395,588.361,551.829,525.564,455.631,437.075,425.904,412.083,398.845,387.467,378.351,372.151,368.556,366.772,366.815,365.812,363.629,361.31,360.811,360.36,356.269,349.897,342.384,336.346,329.851,321.561,311.905,302.009,292.253,281.275,274.462,271.048,267.377,262.511,259.234,252.182,241.848,230.66,221.764,211.535,204.018,199.012,194.428,188.407,183.275,178.379,173.368,168.317,163.502,158.832,152.649,145.277,137.705,130.893,123.693,117.485,112.173,107.007,101.333,95.927,90.479,84.961,79.529,74.368,69.393,64.36,59.324,54.398,49.696,45.051,40.631,36.459,32.486,28.672,25.119,21.822,18.759,15.944,13.386,11.086,9.04,7.234,5.675,4.334,3.183,2.345,1.764,1.329,0.951,0.685,0.472,0.304,0.185,0.105,0.077,0.056,0.032,0.011,0.006
MMR,1955,751.524,659.834,607.218,569.812,541.54,519.465,452.092,434.585,423.942,410.397,397.281,385.929,376.777,370.505,366.817,364.927,364.851,363.726,361.411,358.945,358.276,357.658,353.446,347.011,339.484,333.451,326.982,318.735,309.123,299.255,289.514,278.555,271.723,268.26,264.55,259.665,256.351,249.301,239.001,227.853,218.971,208.779,201.276,196.265,191.679,185.677,180.544,175.626,170.571,165.453,160.55,155.784,149.541,142.155,134.597,127.799,120.626,114.412,109.052,103.812,98.072,92.581,87.062,81.507,76.068,70.918,65.968,60.976,55.983,51.102,46.439,41.847,37.491,33.401,29.533,25.854,22.452,19.318,16.434,13.81,11.452,9.36,7.528,5.939,4.589,3.45,2.491,1.8,1.326,0.976,0.681,0.477,0.319,0.201,0.119,0.066,0.047,0.033,0.018,0.006
MMR,1956,764.133,676.654,625.986,589.092,559.65,535.478,515.545,449.577,432.624,422.245,408.825,395.741,384.363,375.154,368.803,365.02,363.024,362.822,361.562,359.103,356.485,355.655,354.895,350.604,344.146,336.636,330.625,324.181,315.963,306.376,296.52,286.783,275.843,268.997,265.493,261.75,256.845,253.491,246.433,236.159,225.047,216.182,206.036,198.558,193.548,188.959,182.966,177.813,172.847,167.724,162.522,157.525,152.669,146.383,139.003,131.469,124.682,117.523,111.28,105.847,100.521,94.704,89.14,83.577,78.012,72.59,67.468,62.544,57.587,52.634,47.793,43.177,38.653,34.384,30.4,26.663,23.138,19.904,16.949,14.257,11.834,9.686,7.808,6.191,4.812,3.661,2.705,1.917,1.356,0.975,0.7,0.476,0.325,0.212,0.13,0.076,0.042,0.029,0.019,0.01
MMR,1957,777.286,690.976,643.745,608.176,579.03,553.623,531.577,512.771,447.611,430.947,420.677,407.291,394.191,382.764,373.491,367.06,363.182,361.075,360.738,359.332,356.727,353.968,353.004,352.142,347.811,341.36,333.883,327.891,321.459,313.251,303.672,293.82,284.087,273.17,266.315,262.775,259,254.071,250.667,243.594,233.342,222.268,213.426,203.335,195.889,190.878,186.274,180.27,175.071,170.034,164.826,159.534,154.45,149.521,143.209,135.841,128.328,121.538,114.368,108.073,102.558,97.136,91.251,85.639,80.058,74.508,69.116,64.023,59.123,54.193,49.278,44.485,39.926,35.493,31.336,27.484,23.898,20.543,17.49,14.727,12.237,10.026,8.095,6.434,5.027,3.846,2.876,2.086,1.448,1.001,0.702,0.491,0.325,0.217,0.137,0.083,0.048,0.026,0.018,0.012
MMR,1958,790.546,705.653,659.172,626.235,598.147,572.959,549.67,528.76,510.56,445.896,429.369,419.123,405.721,392.578,381.094,371.75,365.237,361.255,359.02,358.533,356.974,354.228,351.351,350.287,349.36,345.021,338.594,331.149,325.165,318.728,310.516,300.938,291.087,281.363,270.478,263.621,260.046,256.235,251.275,247.814,240.724,230.494,219.468,210.661,200.631,193.216,188.196,183.56,177.521,172.254,167.129,161.829,156.456,151.301,146.313,139.986,132.631,125.126,118.31,111.107,104.753,99.142,93.635,87.704,82.072,76.502,70.981,65.623,60.555,55.674,50.771,45.898,41.168,36.694,32.377,28.359,24.659,21.242,18.075,15.217,12.658,10.384,8.393,6.681,5.234,4.026,3.029,2.223,1.579,1.071,0.722,0.494,0.336,0.218,0.142,0.089,0.053,0.03,0.016,0.011
MMR,1959,800.662,719.907,674.531,641.903,616.234,592.042,568.958,546.812,526.519,508.636,444.285,427.805,417.526,404.071,390.857,379.285,369.838,363.199,359.068,356.667,356,354.28,351.406,348.442,347.315,346.358,342.032,335.64,328.227,322.247,315.804,307.592,298.026,288.199,278.504,267.666,260.819,257.218,253.373,248.384,244.872,237.773,227.582,216.621,207.86,197.895,190.506,185.462,180.775,174.684,169.334,164.121,158.74,153.302,148.094,143.06,136.718,129.362,121.844,114.98,107.757,101.331,95.635,90.065,84.12,78.489,72.941,67.454,62.126,57.075,52.21,47.341,42.527,37.882,33.517,29.342,25.482,21.955,18.721,15.754,13.105,10.762,8.71,6.942,5.446,4.201,3.178,2.347,1.687,1.171,0.775,0.509,0.34,0.227,0.144,0.091,0.057,0.033,0.02,0.012
MMR,1960,810.46,731.318,689.507,657.565,632.048,610.188,588.073,566.122,544.59,524.617,506.879,442.738,426.257,415.932,402.436,389.182,377.567,368.066,361.349,357.115,354.587,353.788,351.955,349.005,345.995,344.832,343.85,339.526,333.135,325.717,319.703,313.222,304.987,295.416,285.594,275.913,265.102,258.242,254.588,250.685,245.647,242.072,234.958,224.806,213.902,205.175,195.258,187.867,182.77,178,171.832,166.39,161.087,155.635,150.144,144.887,139.802,133.424,126.041,118.483,111.554,104.278,97.789,92.03,86.422,80.487,74.872,69.351,63.893,58.591,53.557,48.714,43.893,39.161,34.63,30.401,26.39,22.708,19.368,16.335,13.582,11.155,9.039,7.213,5.666,4.377,3.32,2.465,1.782,1.252,0.848,0.547,0.35,0.229,0.149,0.093,0.059,0.036,0.022,0.013
MMR,1961,820.227,742.336,701.736,672.824,647.816,626.041,606.215,585.223,563.886,542.677,522.855,505.165,441.187,424.69,414.324,400.806,387.534,375.897,366.353,359.568,355.239,352.606,351.701,349.79,346.796,343.763,342.574,341.558,337.21,330.797,323.348,317.282,310.753,302.489,292.911,283.092,273.417,262.623,255.734,252.015,248.045,242.954,239.32,232.197,222.083,211.233,202.529,192.637,185.22,180.044,175.173,168.919,163.388,158.009,152.497,146.96,141.652,136.497,130.06,122.626,115.002,108,100.681,94.152,88.356,82.737,76.824,71.23,65.73,60.295,55.017,50.007,45.201,40.453,35.832,31.44,27.37,23.542,20.055,16.919,14.099,11.576,9.381,7.497,5.897,4.562,3.466,2.58,1.875,1.326,0.909,0.6,0.377,0.237,0.151,0.097,0.06,0.038,0.024,0.014
MMR,1962,830.897,753.406,713.616,685.398,663.174,641.832,622.068,603.345,582.962,561.948,540.895,521.129,503.437,439.61,423.104,412.709,399.183,385.906,374.246,364.656,357.797,353.378,350.655,349.67,347.711,344.692,341.64,340.416,339.349,334.957,328.5,321.004,314.881,308.303,300.015,290.429,280.612,270.934,260.147,253.221,249.43,245.392,240.255,236.565,229.439,219.363,208.557,199.856,189.967,182.5,177.226,172.248,165.915,160.306,154.864,149.303,143.716,138.34,133.091,126.572,119.055,111.37,104.308,96.97,90.427,84.621,79.003,73.117,67.54,62.059,56.645,51.397,46.427,41.685,37.037,32.552,28.326,24.436,20.81,17.536,14.617,12.029,9.746,7.789,6.135,4.753,3.616,2.697,1.967,1.398,0.962,0.643,0.414,0.254,0.157,0.098,0.062,0.038,0.024,0.016
MMR,1963,843.922,765.31,725.397,697.615,675.911,657.255,637.892,619.218,601.087,581.022,560.164,539.168,519.405,501.694,438.027,421.521,411.111,397.584,384.297,372.605,362.965,356.036,351.545,348.759,347.719,345.727,342.69,339.615,338.339,337.2,332.743,326.229,318.684,312.505,305.883,297.572,287.98,278.156,268.469,257.679,250.711,246.847,242.749,237.572,233.833,226.703,216.651,205.868,197.147,187.238,179.707,174.329,169.247,162.848,157.177,151.678,146.063,140.411,134.943,129.575,122.938,115.348,107.617,100.515,93.183,86.652,80.846,75.233,69.369,63.805,58.337,52.953,47.75,42.846,38.193,33.674,29.352,25.308,21.617,18.21,15.164,12.482,10.135,8.099,6.379,4.95,3.77,2.816,2.056,1.466,1.016,0.683,0.445,0.279,0.168,0.101,0.063,0.039,0.024,0.016
MMR,1964,855.883,779.88,738.401,709.862,688.307,670.047,653.307,635.02,616.937,599.118,579.205,558.405,537.418,517.642,499.912,436.423,419.928,409.501,395.966,382.656,370.925,361.235,354.252,349.71,346.883,345.805,343.787,340.723,337.609,336.26,335.032,330.502,323.927,316.336,310.107,303.446,295.113,285.507,275.671,265.967,255.171,248.164,244.235,240.084,234.872,231.084,223.938,213.896,203.114,194.352,184.409,176.807,171.328,166.155,159.706,153.98,148.422,142.739,136.998,131.414,125.893,119.15,111.499,103.742,96.628,89.329,82.822,77.021,71.408,65.562,60.007,54.562,49.223,44.093,39.281,34.748,30.385,26.247,22.406,18.93,15.76,12.959,10.527,8.431,6.64,5.151,3.93,2.938,2.148,1.534,1.066,0.721,0.472,0.301,0.185,0.11,0.065,0.041,0.025,0.016
MMR,1965,869.745,793.788,754.104,723.48,700.897,682.641,666.224,650.512,632.797,615.016,597.339,577.48,556.688,535.69,515.899,498.156,434.856,418.371,407.919,394.359,381.015,369.245,359.52,352.505,347.938,345.085,343.971,341.92,338.815,335.642,334.207,332.88,328.274,321.644,314.013,307.737,301.037,292.677,283.054,273.197,263.471,252.673,245.633,241.646,237.445,232.198,228.349,221.168,211.111,200.311,191.491,181.512,173.845,168.28,163.028,156.535,150.751,145.119,139.344,133.491,127.757,122.093,115.254,107.565,99.809,92.706,85.452,78.971,73.172,67.551,61.722,56.184,50.776,45.506,40.477,35.785,31.396,27.208,23.273,19.654,16.41,13.49,10.948,8.772,6.924,5.371,4.098,3.068,2.247,1.606,1.119,0.757,0.499,0.319,0.199,0.121,0.071,0.042,0.027,0.017
MMR,1966,885.932,809.776,769.39,739.853,714.892,695.454,678.957,663.525,648.355,630.934,613.291,595.661,575.809,555.007,534.003,514.215,496.476,433.384,416.913,406.431,392.848,379.48,367.692,357.956,350.93,346.347,343.469,342.311,340.206,337.037,333.786,332.251,330.819,326.134,319.45,311.777,305.451,298.704,290.307,280.656,270.771,261.024,250.223,243.153,239.111,234.856,229.562,225.632,218.391,208.299,197.462,188.58,178.569,170.849,165.209,159.883,153.342,147.484,141.757,135.866,129.864,123.991,118.192,111.278,103.575,95.842,88.762,81.555,75.095,69.291,63.662,57.856,52.35,47.004,41.832,36.93,32.386,28.161,24.166,20.45,17.071,14.077,11.42,9.142,7.221,5.614,4.283,3.208,2.353,1.684,1.174,0.798,0.527,0.339,0.212,0.13,0.078,0.045,0.028,0.019
MMR,1967,898.144,827.979,786.667,755.745,731.528,709.584,691.843,676.298,661.396,646.511,629.228,611.633,593.999,574.128,553.305,532.285,512.484,494.727,431.82,415.329,404.793,391.176,377.791,366.002,356.272,349.248,344.654,341.747,340.535,338.368,335.13,331.802,330.173,328.646,323.896,317.169,309.462,303.091,296.298,287.866,278.188,268.286,258.526,247.733,240.643,236.547,232.233,226.875,222.844,215.526,205.385,194.512,185.576,175.547,167.787,162.078,156.676,150.075,144.123,138.277,132.246,126.108,120.103,114.189,107.223,99.527,91.83,84.776,77.612,71.169,65.356,59.726,53.959,48.51,43.256,38.211,33.462,29.086,25.047,21.264,17.787,14.665,11.936,9.553,7.537,5.863,4.484,3.359,2.465,1.768,1.234,0.839,0.555,0.358,0.226,0.14,0.085,0.051,0.03,0.019
MMR,1968,912.716,842.32,805.994,773.621,747.756,726.406,706.099,689.276,674.243,659.614,644.858,627.623,610.028,592.373,572.48,551.647,530.626,510.823,493.055,430.342,413.832,403.253,389.624,376.248,364.477,354.761,347.736,343.12,340.166,338.883,336.636,333.317,329.904,328.179,326.558,321.744,314.969,307.221,300.795,293.947,285.471,275.767,265.844,256.074,245.291,238.172,234.011,229.619,224.175,220.022,212.611,202.415,191.509,182.527,172.49,164.694,158.913,153.421,146.738,140.669,134.672,128.505,122.241,116.121,110.112,103.115,95.44,87.78,80.746,73.621,67.193,61.38,55.765,50.061,44.699,39.564,34.672,30.097,25.91,22.076,18.528,15.309,12.459,10.004,7.895,6.134,4.694,3.525,2.586,1.855,1.298,0.884,0.586,0.379,0.239,0.149,0.091,0.056,0.034,0.022
MMR,1969,926.459,858.395,821.241,793.373,765.878,742.783,723.003,703.593,687.267,672.499,657.996,643.281,626.044,608.427,590.739,570.826,549.979,528.95,509.131,491.327,428.8,412.264,401.65,388.027,374.677,362.934,353.235,346.206,341.558,338.547,337.185,334.854,331.455,327.964,326.15,324.443,319.567,312.745,304.954,298.469,291.564,283.048,273.321,263.384,253.607,242.831,235.675,231.433,226.944,221.396,217.108,209.599,199.352,188.427,179.41,169.371,161.537,155.671,150.07,143.283,137.075,130.938,124.642,118.267,112.054,105.968,98.95,91.297,83.672,76.653,69.567,63.163,57.366,51.791,46.18,40.934,35.944,31.226,26.846,22.87,19.263,15.97,13.023,10.458,8.28,6.436,4.92,3.694,2.718,1.95,1.364,0.931,0.619,0.401,0.254,0.158,0.097,0.059,0.037,0.024
MMR,1970,938.615,872.669,837.712,808.736,785.59,760.855,739.341,720.463,701.563,685.506,670.863,656.399,641.676,624.411,606.757,589.034,569.098,548.232,527.184,507.332,489.481,427.161,410.615,399.987,386.39,373.075,361.362,351.673,344.626,339.932,336.852,335.401,332.985,329.506,325.938,324.04,322.247,317.305,310.431,302.593,296.045,289.084,280.534,270.788,260.844,251.059,240.285,233.079,228.735,224.131,218.463,214.031,206.426,196.141,185.207,176.164,166.123,158.242,152.269,146.535,139.622,133.275,127,120.589,114.125,107.837,101.687,94.653,87.023,79.431,72.432,65.394,59.031,53.278,47.775,42.288,37.188,32.369,27.853,23.695,19.955,16.602,13.586,10.931,8.654,6.749,5.161,3.874,2.848,2.048,1.433,0.979,0.651,0.423,0.269,0.168,0.104,0.064,0.039,0.025
MMR,1971,952.174,885.163,852.22,825.291,800.999,780.559,757.409,736.8,718.427,699.802,683.873,669.269,654.795,640.037,622.735,605.046,587.291,567.332,546.443,525.364,505.472,487.584,425.501,408.969,398.345,384.784,371.505,359.813,350.121,343.041,338.288,335.13,333.587,331.083,327.528,323.887,321.902,320.018,315.007,308.074,300.184,293.575,286.561,277.979,268.22,258.264,248.465,237.676,230.401,225.938,221.2,215.405,210.829,203.137,192.826,181.891,172.819,162.766,154.816,148.716,142.823,135.783,129.301,122.906,116.4,109.863,103.513,97.303,90.252,82.641,75.084,68.112,61.141,54.849,49.17,43.772,38.438,33.511,28.89,24.599,20.687,17.21,14.134,11.411,9.053,7.059,5.416,4.065,2.989,2.148,1.507,1.028,0.684,0.446,0.284,0.176,0.109,0.067,0.042,0.027
MMR,1972,965.516,898.868,864.848,839.818,817.519,795.932,777.053,754.821,734.726,716.633,698.143,682.254,667.628,653.1,638.267,620.885,603.109,585.265,565.221,544.25,523.095,503.145,485.221,423.391,406.888,396.285,382.771,369.537,357.871,348.183,341.082,336.286,333.07,331.457,328.893,325.285,321.591,319.535,317.573,312.501,305.522,297.591,290.936,283.887,275.286,265.518,255.551,245.729,234.916,227.56,222.968,218.095,212.18,207.472,199.707,189.38,178.446,169.335,159.255,151.219,144.995,138.943,131.783,125.18,118.684,112.101,105.505,99.095,92.821,85.746,78.155,70.642,63.719,56.844,50.653,45.079,39.815,34.661,29.931,25.533,21.493,17.855,14.663,11.881,9.457,7.388,5.668,4.269,3.138,2.255,1.581,1.081,0.719,0.467,0.297,0.185,0.115,0.07,0.044,0.028
MMR,1973,976.631,912.763,878.983,852.639,832.104,812.452,792.419,774.437,752.727,732.915,714.957,696.515,680.614,665.94,651.346,636.438,618.986,601.141,583.221,563.103,542.066,520.868,500.899,482.982,421.436,404.979,394.4,380.923,367.715,356.056,346.353,339.211,334.36,331.078,329.391,326.758,323.09,319.329,317.191,315.135,309.994,302.96,294.99,288.288,281.199,272.576,262.788,252.793,242.926,232.067,224.613,219.881,214.87,208.838,204.004,196.172,185.824,174.879,165.71,155.581,147.446,141.067,134.86,127.594,120.891,114.312,107.665,101.012,94.54,88.196,81.102,73.54,66.093,59.247,52.501,46.446,41.01,35.909,30.964,26.458,22.314,18.554,15.216,12.328,9.847,7.721,5.933,4.469,3.297,2.369,1.66,1.133,0.755,0.491,0.312,0.195,0.121,0.073,0.044,0.028
MMR,1974,986.152,923.565,892.441,866.286,844.465,826.603,808.547,789.465,772.04,750.657,731.007,713.093,694.597,678.542,663.621,648.7,633.408,615.554,597.305,579.007,558.575,537.309,515.975,495.962,478.074,416.867,400.533,390.071,376.736,363.67,352.137,342.545,335.496,330.718,327.496,325.854,323.266,319.636,315.903,313.768,311.698,306.562,299.55,291.608,284.921,277.848,269.241,259.467,249.466,239.576,228.694,221.167,216.325,211.211,205.097,200.165,192.281,181.921,170.964,161.734,151.556,143.324,136.808,130.471,123.13,116.355,109.712,103.012,96.307,89.776,83.369,76.269,68.764,61.419,54.686,48.11,42.223,36.958,32.051,27.345,23.096,19.237,15.785,12.767,10.194,8.013,6.176,4.653,3.425,2.464,1.72,1.167,0.77,0.492,0.306,0.182,0.105,0.057,0.028,0.011
MMR,1975,990.892,933.801,903.674,879.93,858.2,839.015,822.717,805.597,787.072,769.96,748.743,729.141,711.173,692.532,676.236,660.994,645.695,629.998,611.745,593.126,574.51,553.844,532.443,511.07,491.096,473.298,412.465,396.271,385.929,372.732,359.795,348.381,338.892,331.926,327.219,324.048,322.442,319.883,316.278,312.556,310.407,308.314,303.176,296.181,288.264,281.584,274.511,265.901,256.112,246.084,236.153,225.239,217.637,212.687,207.474,201.28,196.241,188.29,177.895,166.905,157.599,147.366,139.043,132.401,125.95,118.553,111.715,105.011,98.253,91.491,84.899,78.437,71.351,63.932,56.724,50.141,43.763,38.078,33.011,28.327,23.89,19.928,16.381,13.257,10.566,8.306,6.416,4.85,3.573,2.564,1.793,1.211,0.795,0.504,0.309,0.18,0.098,0.048,0.023,0.01
MMR,1976,999.923,939.507,914.372,891.344,871.883,852.741,835.11,819.736,803.168,784.963,768.011,746.848,727.197,709.084,690.209,673.599,657.983,642.277,626.177,607.553,588.617,569.759,548.956,527.515,506.187,486.31,468.639,408.198,392.15,381.924,368.852,356.039,344.736,335.346,328.46,323.813,320.688,319.103,316.559,312.963,309.24,307.069,304.947,299.806,292.823,284.921,278.233,271.139,262.501,252.678,242.601,232.619,221.672,214,208.947,203.636,197.354,192.19,184.147,173.695,162.66,153.264,142.983,134.58,127.832,121.285,113.842,106.945,100.175,93.353,86.534,79.889,73.392,66.35,59.056,52.021,45.622,39.475,34.02,29.183,24.753,20.618,16.976,13.761,10.976,8.613,6.654,5.042,3.727,2.677,1.867,1.265,0.827,0.523,0.317,0.183,0.097,0.048,0.02,0.006
MMR,1977,1010.502,949.197,920.526,902.206,883.36,866.431,848.826,832.117,817.289,801.036,782.994,766.086,744.87,725.064,706.696,687.483,670.467,654.411,638.265,621.753,602.787,583.592,564.571,543.715,522.313,501.092,481.359,463.843,403.805,387.911,377.809,364.874,352.192,341.01,331.729,324.933,320.353,317.273,315.707,313.176,309.587,305.863,303.672,301.525,296.383,289.411,281.517,274.805,267.67,258.985,249.113,238.984,228.953,217.983,210.25,205.098,199.684,193.3,187.987,179.829,169.329,158.238,148.757,138.444,129.983,123.144,116.512,109.023,102.062,95.222,88.338,81.469,74.79,68.289,61.327,54.195,47.365,41.183,35.295,30.098,25.525,21.384,17.58,14.275,11.406,8.957,6.908,5.235,3.878,2.796,1.953,1.321,0.866,0.545,0.329,0.189,0.099,0.047,0.022,0.006
MMR,1978,1020.082,961.013,930.925,908.852,894.513,878.111,862.662,845.951,829.77,815.24,799.137,781.141,764.186,742.857,722.861,704.24,684.735,667.396,651.01,634.554,617.773,598.609,579.294,560.228,539.406,518.096,496.997,477.395,460.001,400.316,384.527,374.492,361.641,349.041,337.934,328.714,321.958,317.397,314.312,312.721,310.16,306.541,302.784,300.547,298.348,293.177,286.183,278.259,271.484,264.271,255.508,245.563,235.37,225.286,214.291,206.491,201.225,195.683,189.167,183.67,175.346,164.761,153.618,144.069,133.744,125.244,118.324,111.606,104.071,97.041,90.129,83.191,76.293,69.612,63.141,56.299,49.363,42.772,36.837,31.24,26.337,22.061,18.241,14.793,11.839,9.313,7.189,5.438,4.031,2.912,2.042,1.383,0.905,0.572,0.345,0.199,0.105,0.049,0.021,0.008
MMR,1979,1029.498,971.436,943.037,919.383,901.227,889.256,874.317,859.751,843.571,827.695,813.316,797.259,779.224,762.146,740.633,720.39,701.474,681.655,663.992,647.297,630.57,613.579,594.293,574.933,555.893,535.157,513.968,493.005,473.532,456.252,396.916,381.223,371.249,358.477,345.956,334.917,325.751,319.026,314.469,311.368,309.738,307.14,303.486,299.694,297.405,295.143,289.928,282.892,274.915,268.053,260.742,251.889,241.871,231.62,221.492,210.475,202.601,197.203,191.508,184.83,179.1,170.626,159.962,148.787,139.188,128.876,120.347,113.346,106.54,98.953,91.853,84.881,77.908,71.012,64.366,57.965,51.281,44.578,38.261,32.607,27.338,22.765,18.821,15.351,12.27,9.668,7.478,5.662,4.189,3.029,2.128,1.448,0.949,0.599,0.365,0.208,0.111,0.054,0.022,0.006
MMR,1980,1041.662,981.875,953.895,931.674,911.839,896.017,885.459,871.392,857.35,841.475,825.752,811.413,795.306,777.137,759.845,738.06,717.494,698.225,678.057,660.061,643.076,626.124,608.988,589.648,570.311,551.347,530.733,509.688,488.869,469.53,452.366,393.381,377.79,367.889,355.208,342.774,331.811,322.701,316.007,311.454,308.336,306.67,304.036,300.353,296.528,294.187,291.856,286.582,279.486,271.438,264.474,257.057,248.118,238.035,227.737,217.57,206.531,198.571,193.017,187.145,180.255,174.308,165.689,154.964,143.779,134.156,123.87,115.315,108.233,101.333,93.695,86.537,79.523,72.548,65.692,59.121,52.828,46.338,39.899,33.889,28.552,23.645,19.434,15.849,12.741,10.026,7.766,5.892,4.363,3.148,2.213,1.509,0.993,0.627,0.379,0.217,0.114,0.056,0.023,0.007
MMR,1981,1047.419,994.927,964.795,942.819,924.309,906.763,892.334,882.61,869.051,855.299,839.572,823.892,809.501,793.269,774.905,757.354,735.28,714.399,694.811,674.348,656.091,638.9,621.813,604.618,585.298,566.033,547.172,526.684,505.77,485.077,465.847,448.776,390.122,374.618,364.774,352.166,339.801,328.895,319.821,313.135,308.567,305.416,303.701,301.023,297.301,293.429,291.015,288.591,283.231,276.048,267.905,260.825,253.296,244.272,234.132,223.785,213.573,202.496,194.425,188.687,182.56,175.482,169.317,160.568,149.804,138.633,128.993,118.737,110.158,102.986,95.992,88.314,81.116,74.093,67.154,60.376,53.918,47.769,41.505,35.366,29.697,24.715,20.202,16.378,13.164,10.421,8.061,6.125,4.545,3.283,2.303,1.57,1.036,0.657,0.398,0.227,0.121,0.057,0.025,0.006
MMR,1982,1054.671,1001.566,978.036,953.75,935.397,919.138,902.989,889.411,880.192,866.932,853.331,837.647,821.91,807.363,790.888,772.208,754.28,731.814,710.538,690.581,669.808,651.308,633.956,616.796,599.607,580.366,561.222,542.5,522.165,501.403,480.855,461.758,444.805,386.517,371.125,361.364,348.851,336.574,325.736,316.707,310.041,305.471,302.3,300.547,297.837,294.08,290.162,287.668,285.134,279.674,272.393,264.152,256.96,249.33,240.233,230.042,219.649,209.38,198.246,190.042,184.064,177.728,170.46,164.09,155.23,144.451,133.306,123.659,113.433,104.825,97.565,90.485,82.789,75.585,68.591,61.726,55.069,48.761,42.792,36.794,30.995,25.709,21.119,17.028,13.606,10.768,8.379,6.355,4.724,3.418,2.401,1.633,1.075,0.684,0.415,0.236,0.123,0.06,0.024,0.009
MMR,1983,1070.669,1009.401,984.744,966.876,946.202,930.091,915.23,899.948,886.899,877.98,864.88,851.315,835.555,819.62,804.753,787.854,768.675,750.208,727.217,705.458,685.087,664.004,645.298,627.85,610.692,593.587,574.495,555.528,536.996,516.859,496.294,475.936,457.02,440.238,382.363,367.127,357.486,345.099,332.938,322.191,313.232,306.61,302.059,298.891,297.122,294.391,290.606,286.641,284.056,281.407,275.838,268.46,260.132,252.842,245.127,235.97,225.73,215.283,204.941,193.736,185.338,179.15,172.61,165.17,158.615,149.668,138.888,127.781,118.124,107.933,99.3,91.961,84.822,77.141,69.97,63.047,56.299,49.8,43.679,37.933,32.245,26.829,21.963,17.794,14.138,11.12,8.65,6.598,4.892,3.543,2.49,1.692,1.11,0.7,0.423,0.238,0.119,0.056,0.023,0.006
MMR,1984,1088.584,1027.528,994.101,974.752,960.2,941.618,926.78,912.688,897.863,885.066,876.261,863.2,849.624,833.828,817.843,802.921,785.967,766.736,748.208,725.168,703.356,682.94,661.835,643.123,625.686,608.551,591.474,572.412,553.462,534.927,514.783,494.205,473.834,454.903,438.097,380.458,365.203,355.513,343.091,330.893,320.101,311.086,304.391,299.756,296.491,294.612,291.768,287.863,283.76,281.002,278.157,272.42,264.896,256.441,249.02,241.185,231.928,221.595,211.042,200.58,189.189,180.618,174.203,167.45,159.841,153.104,144.067,133.282,122.202,112.526,102.363,93.708,86.309,79.133,71.502,64.401,57.584,50.987,44.682,38.786,33.305,27.969,22.974,18.556,14.823,11.601,8.974,6.85,5.117,3.706,2.615,1.788,1.18,0.752,0.461,0.271,0.148,0.072,0.031,0.013
MMR,1985,1095.841,1045.946,1012.316,984.205,968.118,955.592,938.284,924.214,910.575,896.008,883.334,874.56,861.481,847.854,831.989,815.921,800.903,783.853,764.526,745.898,722.78,700.904,680.448,659.338,640.641,623.231,606.131,589.083,570.048,551.11,532.571,512.423,491.842,471.475,452.542,435.729,378.344,363.076,353.341,340.891,328.662,317.833,308.77,302.013,297.299,293.942,291.949,288.982,284.944,280.687,277.741,274.694,268.786,261.127,252.557,245.009,237.052,227.682,217.236,206.557,195.897,184.394,175.652,169.019,162.074,154.309,147.399,138.277,127.486,116.434,106.741,96.621,87.969,80.54,73.368,65.831,58.839,52.167,45.762,39.69,34.065,28.898,23.957,19.417,15.462,12.166,9.364,7.11,5.313,3.876,2.735,1.877,1.248,0.8,0.495,0.295,0.167,0.087,0.04,0.016
MMR,1986,1081.319,1054.141,1030.851,1002.407,977.563,963.476,952.192,935.661,922.05,908.672,894.238,881.605,872.804,859.663,845.944,829.971,813.783,798.631,781.444,761.99,743.242,720.047,698.125,677.653,656.567,637.905,620.537,603.474,586.451,567.436,548.505,529.964,509.822,489.251,468.899,449.979,433.17,376.047,360.772,350.994,338.52,326.267,315.408,306.305,299.493,294.703,291.249,289.128,286.023,281.833,277.408,274.264,271.013,264.942,257.155,248.473,240.794,232.7,223.196,212.611,201.735,190.932,179.324,170.424,163.589,156.464,148.559,141.473,132.262,121.467,110.445,100.75,90.701,82.087,74.669,67.545,60.142,53.302,46.818,40.646,34.857,29.556,24.752,20.246,16.178,12.688,9.818,7.417,5.513,4.023,2.859,1.963,1.309,0.844,0.525,0.315,0.18,0.097,0.049,0.022
MMR,1987,1063.25,1041.237,1039.219,1020.888,995.678,972.868,960.018,949.493,933.436,920.092,906.85,892.459,879.796,870.902,857.631,843.748,827.589,811.198,795.835,778.449,758.825,739.94,716.674,694.729,674.275,653.242,634.641,617.33,600.315,583.328,564.346,545.439,526.917,506.807,486.274,465.963,447.078,430.288,373.451,358.18,348.373,335.888,323.625,312.752,303.622,296.763,291.897,288.341,286.083,282.824,278.473,273.876,270.536,267.09,260.867,252.959,244.166,236.345,228.094,218.431,207.663,196.639,185.701,174.005,164.965,157.946,150.65,142.604,135.339,126.037,115.24,104.266,94.597,84.655,76.122,68.759,61.725,54.498,47.849,41.598,35.708,30.252,25.323,20.923,16.874,13.279,10.242,7.779,5.752,4.175,2.968,2.05,1.367,0.885,0.553,0.334,0.193,0.105,0.053,0.024
MMR,1988,1044.449,1025.01,1026.893,1029.371,1014.12,990.925,969.379,957.291,947.225,931.447,918.241,905.041,890.622,877.868,868.823,855.367,841.27,824.883,808.261,792.67,775.088,755.316,736.332,713.046,691.122,670.719,649.76,631.229,613.973,596.999,580.042,561.089,542.212,523.718,503.647,483.16,462.897,444.048,427.277,370.731,355.465,345.627,333.135,320.872,309.986,300.831,293.916,288.965,285.285,282.869,279.442,274.919,270.147,266.616,262.977,256.603,248.569,239.65,231.661,223.225,213.35,202.42,191.253,180.197,168.434,159.274,152.076,144.612,136.421,128.969,119.578,108.795,97.898,88.292,78.505,70.097,62.834,55.932,48.923,42.513,36.543,30.989,25.919,21.406,17.437,13.849,10.718,8.113,6.031,4.354,3.077,2.127,1.426,0.922,0.578,0.351,0.204,0.111,0.056,0.025
MMR,1989,1028.19,1008.063,1011.319,1017.34,1022.594,1009.263,987.329,966.576,954.957,945.163,929.535,916.377,903.148,888.641,875.738,866.491,852.806,838.462,821.828,804.97,789.162,771.415,751.543,732.514,709.256,687.39,667.061,646.181,627.713,610.502,593.559,576.623,557.701,538.854,520.39,500.363,479.924,459.704,440.887,424.128,367.882,352.619,342.752,330.259,317.994,307.096,297.906,290.923,285.863,282.042,279.448,275.838,271.138,266.193,262.472,258.639,252.108,243.931,234.861,226.674,217.976,207.915,196.83,185.537,174.381,162.576,153.308,145.936,138.298,129.957,122.317,112.849,102.111,91.336,81.842,72.259,64.026,56.909,50.183,43.443,37.326,31.695,26.534,21.894,17.826,14.301,11.168,8.482,6.284,4.56,3.206,2.201,1.477,0.96,0.601,0.364,0.21,0.116,0.057,0.025
MMR,1990,1035.774,993.409,994.875,1002.093,1010.763,1017.777,1005.656,984.513,964.249,952.905,943.248,927.669,914.472,901.13,886.443,873.298,863.754,849.756,835.098,818.171,801.057,785.043,767.164,747.238,728.214,705.026,683.251,663.018,642.232,623.837,606.682,589.784,572.89,554.021,535.228,516.818,496.851,476.472,456.306,437.527,420.791,364.858,349.609,339.725,327.24,314.98,304.069,294.838,287.773,282.595,278.621,275.844,272.056,267.186,262.079,258.171,254.14,247.436,239.092,229.846,221.386,212.475,202.233,191.009,179.614,168.381,156.547,147.175,139.621,131.803,123.312,115.495,105.979,95.326,84.72,75.384,66.049,58.032,51.101,44.599,38.174,32.402,27.161,22.433,18.247,14.631,11.54,8.844,6.572,4.752,3.356,2.291,1.526,0.99,0.621,0.375,0.215,0.115,0.055,0.025
MMR,1991,1037.113,1001.828,980.733,985.887,995.585,1005.92,1014.043,1002.69,982.054,962.097,950.903,941.288,925.666,912.334,898.77,883.789,870.289,860.346,845.959,830.934,813.697,796.341,780.162,762.207,742.286,723.321,700.244,678.591,658.471,637.795,619.488,602.407,585.577,568.75,549.959,531.243,512.905,493.015,472.707,452.604,433.875,417.172,361.579,346.359,336.47,323.999,311.746,300.818,291.535,284.379,279.067,274.933,271.973,268.009,262.98,257.712,253.613,249.366,242.464,233.928,224.414,215.729,206.607,196.198,184.859,173.383,162.092,150.24,140.762,133.022,125.024,116.394,108.425,98.902,88.387,78.003,68.875,59.838,52.083,45.389,39.167,33.118,27.748,22.945,18.68,14.963,11.795,9.126,6.844,4.96,3.489,2.391,1.581,1.017,0.636,0.38,0.215,0.112,0.055,0.021
MMR,1992,1035.946,1003.732,988.965,971.735,979.33,990.659,1002.085,1010.928,1000.079,979.768,959.99,948.84,939.145,923.329,909.668,895.661,880.15,866.071,855.537,840.612,825.128,807.543,789.956,773.659,755.697,735.861,717.03,694.135,672.671,652.73,632.229,614.08,597.142,580.453,563.762,545.115,526.536,508.319,488.551,468.354,448.353,429.711,413.079,357.867,342.706,332.838,320.399,308.162,297.22,287.887,280.642,275.207,270.926,267.8,263.676,258.499,253.073,248.771,244.288,237.169,228.408,218.694,209.789,200.465,189.913,178.482,166.94,155.593,143.722,134.134,126.206,118.04,109.298,101.216,91.734,81.408,71.295,62.422,53.725,46.279,39.876,33.992,28.371,23.449,19.113,15.321,12.064,9.329,7.06,5.163,3.639,2.482,1.645,1.049,0.646,0.384,0.214,0.107,0.049,0.02
MMR,1993,1032.483,1003.884,991.316,980.159,965.405,974.555,986.921,999.031,1008.318,997.775,977.648,957.929,946.701,936.798,920.654,906.539,891.99,875.894,861.224,850.129,834.732,818.884,801.066,783.365,767.057,749.169,729.473,710.805,688.106,666.829,647.062,626.731,608.734,591.941,575.388,558.83,540.319,521.863,503.756,484.093,463.996,444.089,425.528,408.964,354.137,339.028,329.165,316.74,304.497,293.521,284.121,276.774,271.207,266.778,263.485,259.2,253.861,248.257,243.722,238.971,231.561,222.579,212.665,203.55,194.047,183.37,171.858,160.255,148.852,136.961,127.266,119.16,110.849,102.036,93.887,84.499,74.415,64.62,56.05,47.741,40.66,34.608,29.12,23.976,19.531,15.673,12.351,9.538,7.213,5.324,3.785,2.586,1.706,1.089,0.664,0.388,0.212,0.104,0.048,0.014
MMR,1994,1029.383,1001.738,991.874,982.746,973.937,960.789,970.936,983.952,996.483,1006.029,995.647,975.578,955.797,944.36,934.114,917.517,902.855,887.709,871.021,855.8,844.217,828.456,812.367,794.432,776.721,760.48,742.724,723.197,704.707,682.202,661.105,641.504,621.336,603.488,586.832,570.411,553.974,535.586,517.238,499.224,479.652,459.645,439.825,421.341,404.838,350.396,335.323,325.444,313.012,300.744,289.714,280.234,272.78,267.084,262.507,259.044,254.586,249.066,243.256,238.456,233.363,225.696,216.493,206.391,197.083,187.415,176.622,165.033,153.365,141.904,129.996,120.206,111.948,103.532,94.692,86.529,77.283,67.489,58.06,49.839,41.972,35.311,29.669,24.626,19.985,16.03,12.645,9.772,7.382,5.444,3.906,2.693,1.779,1.131,0.691,0.4,0.215,0.105,0.047,0.016
MMR,1995,1020.888,1000.092,990.326,983.699,976.794,969.494,957.372,968.138,981.546,994.311,1003.974,993.631,973.508,953.556,941.811,931.141,914.054,898.851,883.166,865.979,850.324,838.393,822.407,806.204,788.261,770.618,754.487,736.875,717.507,699.168,676.825,655.874,636.408,616.374,598.646,582.1,565.779,549.432,531.129,512.855,494.901,475.397,455.458,435.706,417.28,400.817,346.744,331.678,321.753,309.283,296.965,285.865,276.296,268.731,262.9,258.168,254.516,249.862,244.131,238.079,232.923,227.516,219.586,210.171,199.897,190.408,180.584,169.675,158.004,146.268,134.75,122.842,112.983,104.609,96.133,87.319,79.188,70.137,60.679,51.664,43.85,36.48,30.296,25.111,20.546,16.417,12.943,10.015,7.572,5.578,4,2.784,1.858,1.182,0.721,0.418,0.225,0.108,0.048,0.014
MMR,1996,1012.552,992.852,989.009,982.343,977.843,972.391,966.077,954.621,965.774,979.411,992.288,1001.956,991.542,971.241,950.986,938.809,927.617,909.975,894.214,878.009,860.384,844.386,832.21,816.108,799.889,782.015,764.491,748.502,731.045,711.839,693.649,671.463,650.661,631.33,611.43,593.822,577.38,561.149,544.877,526.65,508.439,490.538,471.097,451.223,431.536,413.161,396.725,343.012,327.933,317.943,305.418,293.041,281.87,272.213,264.539,258.572,253.671,249.813,244.934,238.961,232.608,227.143,221.412,213.225,203.609,193.175,183.511,173.529,162.498,150.742,138.94,127.379,115.501,105.611,97.168,88.681,79.943,71.896,63.089,54.022,45.48,38.134,31.317,25.658,20.964,16.89,13.268,10.262,7.768,5.729,4.104,2.856,1.924,1.241,0.758,0.44,0.238,0.116,0.05,0.017
MMR,1997,1009.984,985.989,982.345,981.461,976.847,973.731,969.208,963.509,952.46,963.826,977.559,990.433,1000,989.405,968.828,948.2,935.554,923.85,905.707,889.476,872.871,854.94,838.733,826.435,810.318,794.154,776.389,758.997,743.139,725.817,706.741,688.669,666.612,645.929,626.708,606.917,589.4,573.03,556.855,540.628,522.446,504.271,486.404,467.003,447.175,427.53,409.181,392.741,339.363,324.241,314.162,301.569,289.125,277.877,268.132,260.343,254.223,249.134,245.04,239.906,233.628,226.996,221.218,215.168,206.737,196.933,186.347,176.506,166.356,155.197,143.354,131.501,119.926,108.115,98.241,89.774,81.326,72.708,64.794,56.283,47.66,39.643,32.817,26.589,21.476,17.279,13.689,10.551,7.985,5.898,4.232,2.945,1.984,1.293,0.802,0.468,0.254,0.124,0.058,0.018
MMR,1998,1002.476,984.612,975.988,975.146,976.179,972.884,970.65,966.715,961.399,950.593,962.054,975.784,988.558,997.924,987.055,966.13,945.082,931.96,919.772,901.197,884.59,867.691,849.57,833.263,820.935,804.868,788.799,771.155,753.888,738.143,720.929,701.959,683.981,662.034,641.45,622.319,602.614,585.161,568.835,552.691,536.485,518.324,500.171,482.321,462.95,443.15,423.526,405.178,388.707,335.653,320.471,310.285,297.615,285.103,273.78,263.941,256.023,249.731,244.426,240.065,234.605,228.045,221.127,215.035,208.673,200.007,190.021,179.279,169.252,158.928,147.643,135.731,123.855,112.307,100.614,90.805,82.364,74.001,65.557,57.832,49.681,41.567,34.136,27.88,22.269,17.714,14.014,10.894,8.217,6.069,4.362,3.041,2.049,1.336,0.839,0.498,0.273,0.134,0.061,0.025
MMR,1999,995.881,978.141,974.822,969.045,970.091,972.388,969.951,968.276,964.704,959.61,948.929,960.387,974.014,986.581,995.634,984.389,963.033,941.519,927.907,915.261,896.307,879.403,862.305,844.086,827.765,815.476,799.505,783.554,766.043,748.899,733.261,716.15,697.283,679.4,657.56,637.073,618.025,598.394,580.993,564.7,548.574,532.376,514.232,496.093,478.252,458.894,439.108,419.486,401.116,384.595,331.859,316.607,306.31,293.568,280.987,269.585,259.643,251.58,245.092,239.544,234.852,229.1,222.253,215.052,208.654,201.985,193.084,182.909,172.003,161.781,151.28,139.88,127.926,116.066,104.592,93.067,83.369,74.999,66.769,58.552,51.078,43.354,35.81,29.013,23.359,18.374,14.369,11.152,8.482,6.241,4.486,3.128,2.113,1.376,0.864,0.52,0.292,0.146,0.068,0.024
MMR,2000,991.156,972.466,968.606,967.893,963.934,966.2,969.326,967.453,966.149,962.81,957.842,947.193,958.542,971.93,984.128,992.691,980.901,958.974,936.888,922.73,909.614,890.313,873.174,855.959,837.729,821.472,809.284,793.462,777.669,760.318,743.325,727.823,710.846,692.111,674.352,652.648,632.282,613.336,593.794,576.454,560.202,544.104,527.927,509.812,491.698,473.873,454.536,434.758,415.132,396.732,380.153,327.761,312.443,302.042,289.235,276.592,265.112,255.056,246.831,240.125,234.281,229.284,223.229,216.096,208.62,201.921,194.947,185.809,175.442,164.37,153.955,143.292,131.809,119.857,108.068,96.726,85.424,75.892,67.648,59.615,51.697,44.559,37.337,30.426,24.298,19.265,14.897,11.427,8.676,6.438,4.606,3.212,2.169,1.415,0.886,0.532,0.301,0.152,0.068,0.028
MMR,2001,991.857,968.437,963.032,961.672,962.7,959.961,963.051,966.736,965.247,964.183,960.977,956.033,945.293,956.37,969.323,980.933,988.798,976.287,953.666,930.946,916.231,902.681,883.111,865.833,848.602,830.457,814.346,802.328,786.705,771.115,753.966,737.162,721.836,705.032,686.471,668.871,647.333,627.111,608.284,588.846,571.583,555.387,539.329,523.188,505.116,487.035,469.228,449.905,430.131,410.492,392.057,375.419,323.398,308.022,297.525,284.658,271.953,260.383,250.198,241.79,234.818,228.698,223.388,217.033,209.624,201.879,194.88,187.596,178.215,167.651,156.416,145.823,135.026,123.501,111.606,99.944,88.787,77.764,68.453,60.399,52.635,45.094,38.372,31.719,25.478,20.033,15.614,11.841,8.883,6.577,4.745,3.291,2.22,1.445,0.905,0.538,0.301,0.151,0.072,0.024
MMR,2002,1004.699,969.706,959.093,956.107,956.436,958.642,956.735,960.385,964.449,963.211,962.284,959.098,954.038,943.024,953.606,965.884,976.684,983.668,970.32,946.956,923.616,908.407,894.525,874.804,857.507,840.371,822.403,806.513,794.723,779.347,763.998,747.089,730.515,715.4,698.804,680.446,663.029,641.676,621.611,602.915,583.591,566.412,550.282,534.279,518.183,500.156,482.109,464.314,444.997,425.216,405.557,387.086,370.395,318.774,303.352,292.761,279.833,267.057,255.383,245.051,236.411,229.192,222.791,217.171,210.523,202.844,194.834,187.531,179.929,170.298,159.541,148.157,137.416,126.528,115.017,103.234,91.756,80.84,70.15,61.123,53.331,45.916,38.834,32.597,26.561,21.004,16.232,12.406,9.199,6.728,4.84,3.382,2.266,1.472,0.916,0.543,0.297,0.151,0.066,0.024
MMR,2003,1017.275,982.947,960.462,952.206,950.864,952.348,955.363,954.03,958.064,962.378,961.28,960.371,957.053,951.682,940.159,950.002,961.385,971.208,977.218,963.016,938.962,915.104,899.536,885.469,865.736,848.546,831.604,813.891,798.276,786.756,771.658,756.582,739.94,723.619,708.74,692.372,674.231,657.005,635.842,615.936,597.369,578.163,561.073,545.012,529.065,513.01,495.022,476.994,459.197,439.869,420.071,400.388,381.882,365.141,313.948,298.479,287.788,274.785,261.919,250.122,239.592,230.742,223.27,216.589,210.661,203.725,195.778,187.499,179.879,171.949,162.069,151.131,139.629,128.779,117.852,106.411,94.798,83.562,72.943,62.649,53.976,46.527,39.544,32.992,27.297,21.897,17.018,12.895,9.636,6.961,4.945,3.445,2.324,1.497,0.927,0.543,0.294,0.144,0.069,0.017
MMR,2004,1001.318,996.012,973.771,953.625,946.976,946.756,949.034,952.606,951.669,955.956,960.408,959.33,958.275,954.619,948.689,936.408,945.293,955.625,964.399,969.437,954.464,929.849,905.632,889.871,875.772,856.162,839.184,822.515,805.109,789.809,778.583,763.788,749,732.643,716.59,701.958,685.82,667.898,650.86,629.877,610.125,591.685,572.591,555.589,539.593,523.695,507.67,489.707,471.679,453.862,434.509,414.685,394.977,376.44,359.654,308.911,293.39,282.584,269.49,256.515,244.559,233.854,224.788,217.064,210.105,203.872,196.648,188.427,179.868,171.922,163.661,153.543,142.452,130.875,119.97,109.058,97.744,86.358,75.42,65.166,55.34,47.102,40.08,33.603,27.632,22.511,17.747,13.523,10.018,7.294,5.118,3.519,2.366,1.534,0.942,0.549,0.291,0.146,0.058,0.023
MMR,2005,982.367,981.225,987.054,967.031,948.472,942.919,943.472,946.295,950.248,949.572,954.001,958.464,957.243,955.841,951.612,944.899,931.687,939.51,948.773,956.558,960.757,945.186,920.207,895.822,880.037,866.042,846.656,829.958,813.598,796.52,781.539,770.608,756.109,741.607,725.526,709.729,695.327,679.402,661.674,644.801,623.979,604.36,586.031,567.035,550.104,534.156,518.285,502.266,484.298,466.246,448.383,428.991,409.133,389.398,370.828,353.991,303.712,288.121,277.176,263.965,250.836,238.727,227.844,218.563,210.59,203.355,196.812,189.29,180.785,171.938,163.661,155.075,144.747,133.545,121.944,111.039,100.199,89.07,77.971,67.401,57.584,48.308,40.587,34.069,28.153,22.793,18.25,14.109,10.511,7.588,5.365,3.645,2.418,1.56,0.965,0.555,0.292,0.144,0.065,0.016
MMR,2006,967.044,963.299,972.525,980.315,961.841,944.397,939.619,940.716,943.923,948.133,947.608,952.048,956.35,954.757,952.741,947.67,939.943,925.641,932.334,940.548,947.436,950.945,934.955,909.797,885.414,869.75,855.977,836.899,820.538,804.532,787.808,773.169,762.552,748.366,734.159,718.362,702.824,688.65,672.929,655.388,638.669,618,598.51,580.285,561.381,544.513,528.598,512.736,496.698,478.706,460.611,442.692,423.257,403.368,383.608,365.003,348.106,298.3,282.621,271.512,258.168,244.9,232.636,221.576,212.083,203.863,196.35,189.489,181.656,172.856,163.717,155.121,146.234,135.734,124.47,112.904,102.054,91.344,80.457,69.714,59.588,50.294,41.645,34.513,28.555,23.231,18.486,14.515,10.972,7.964,5.585,3.823,2.504,1.595,0.98,0.569,0.296,0.146,0.058,0.022
MMR,2007,956.555,949.135,955.066,966.061,975.19,957.791,941.129,936.894,938.371,941.834,946.188,945.683,949.964,953.887,951.678,948.813,942.72,933.886,918.5,924.15,931.472,937.666,940.702,924.504,899.35,875.116,859.68,846.197,827.466,811.458,795.806,779.434,765.124,754.806,740.916,726.987,711.45,696.145,682.168,666.624,649.24,632.65,612.112,592.73,574.589,555.757,538.922,523.012,507.125,491.04,472.997,454.838,436.85,417.365,397.438,377.647,358.994,342.015,292.682,276.893,265.591,252.099,238.688,226.27,215.037,205.337,196.867,189.066,181.872,173.716,164.618,155.196,146.299,137.149,126.528,115.261,103.784,93.048,82.528,71.956,61.652,52.057,43.371,35.422,28.933,23.569,18.846,14.706,11.292,8.318,5.864,3.98,2.629,1.655,1.004,0.579,0.303,0.148,0.064,0.016
MMR,2008,953.49,939.671,941.303,948.923,961.173,971.247,954.605,938.491,934.631,936.357,939.961,944.327,943.672,947.579,950.885,947.835,943.955,936.765,926.842,910.478,915.257,921.896,927.616,930.391,914.17,889.166,865.185,850.041,836.884,818.513,802.857,787.549,771.512,757.516,747.478,733.86,720.179,704.872,689.766,675.954,660.553,643.296,626.81,606.379,587.078,568.994,550.202,533.369,517.431,501.489,485.328,467.213,448.977,430.912,411.371,391.398,371.558,352.835,335.75,286.891,270.962,259.458,245.814,232.265,219.697,208.297,198.385,189.657,181.555,174.016,165.533,156.145,146.465,137.306,127.942,117.256,106.037,94.706,84.141,73.879,63.7,53.918,44.94,36.933,29.729,23.907,19.142,15.01,11.453,8.571,6.133,4.186,2.741,1.74,1.044,0.594,0.31,0.154,0.06,0.022
MMR,2009,933.253,929.919,926.237,930.851,939.885,953.011,963.745,947.784,932.303,929.057,931.393,935.492,940.101,939.364,942.863,945.51,941.616,936.768,928.598,917.785,900.708,904.873,911.085,916.559,919.248,903.144,878.385,854.709,839.868,827.016,808.971,793.623,778.61,762.862,749.128,739.31,725.911,712.426,697.299,682.345,668.65,653.353,636.195,619.783,599.442,580.21,562.162,543.391,526.533,510.536,494.512,478.254,460.059,441.743,423.595,403.995,383.97,364.074,345.272,328.063,279.813,263.769,252.061,238.282,224.616,211.922,200.363,190.244,181.251,172.843,164.956,156.164,146.528,136.644,127.278,117.762,107.097,96.043,84.996,74.751,64.905,55.288,46.194,37.978,30.762,24.376,19.265,15.127,11.597,8.625,6.271,4.346,2.865,1.803,1.093,0.615,0.318,0.156,0.068,0.017
MMR,2010,930.614,918.755,923.139,920.917,926.61,936.444,950.16,961.332,945.725,930.491,927.379,929.727,933.692,937.975,936.705,939.463,941.213,936.351,930.54,921.493,909.95,892.334,896.091,902.062,907.454,910.193,894.285,869.811,846.445,831.901,819.339,801.595,786.527,771.777,756.281,742.771,733.14,719.918,706.584,691.587,676.738,663.116,647.88,630.773,614.388,594.082,574.86,556.792,537.983,521.053,504.954,488.814,472.434,454.132,435.713,417.459,397.767,377.653,357.659,338.732,321.361,273.611,257.416,245.496,231.569,217.77,204.93,193.196,182.847,173.574,164.852,156.621,147.535,137.673,127.618,118.092,108.469,97.852,86.965,76.191,66.268,56.853,47.811,39.407,31.934,25.469,19.838,15.376,11.809,8.826,6.379,4.496,3.012,1.911,1.152,0.661,0.341,0.167,0.068,0.023
MMR,2011,919.99,917.549,912.863,918.44,917.159,923.546,933.893,947.983,959.431,944.048,928.948,925.862,928.108,931.82,935.681,933.838,935.892,936.873,931.254,924.747,915.12,903.138,885.25,888.814,894.706,900.115,902.947,887.229,862.992,839.869,825.537,813.169,795.627,780.739,766.156,750.813,737.433,727.894,714.757,701.486,686.538,671.715,658.096,642.855,625.738,609.323,588.995,569.724,551.58,532.683,515.629,499.387,483.096,466.563,448.132,429.583,411.193,391.38,371.141,351.015,331.905,314.354,267.132,250.786,238.648,224.575,210.642,197.649,185.73,175.144,165.587,156.554,147.999,138.652,128.61,118.434,108.802,99.13,88.623,77.977,67.565,58.066,49.185,40.809,33.158,26.459,20.746,15.849,12.016,9.001,6.542,4.585,3.128,2.024,1.235,0.708,0.379,0.183,0.084,0.024
MMR,2012,914.298,908.205,912.296,908.746,915.148,914.502,921.348,932.025,946.344,957.949,942.683,927.619,924.46,926.514,929.903,933.317,930.94,932.403,932.788,926.626,919.657,909.683,897.473,879.486,882.984,888.876,894.337,897.255,881.689,857.631,834.679,820.481,808.228,790.809,776.024,761.53,746.266,732.94,723.421,710.3,697.024,682.062,667.21,653.539,638.241,621.06,604.566,584.164,564.797,546.533,527.506,510.296,493.884,477.419,460.713,442.127,423.421,404.865,384.898,364.506,344.186,324.908,307.169,260.505,244.006,231.648,217.424,203.349,190.196,178.083,167.257,157.424,148.106,139.261,129.697,119.525,109.279,99.592,89.926,79.6,69.274,59.315,50.334,42.072,34.419,27.545,21.612,16.627,12.428,9.192,6.699,4.724,3.209,2.118,1.322,0.773,0.419,0.209,0.091,0.037
MMR,2013,906.803,903.574,903.523,908.557,905.753,912.698,912.474,919.618,930.504,944.96,956.644,941.416,926.313,923.005,924.797,927.825,930.798,927.942,928.916,928.844,922.304,915.044,904.877,892.572,874.581,878.075,883.992,889.5,892.478,877.023,853.091,830.255,816.134,803.943,786.594,771.857,757.4,742.162,728.837,719.288,706.131,692.806,677.787,662.867,649.104,633.71,616.43,599.815,579.302,559.803,541.384,522.201,504.812,488.21,471.552,454.652,435.891,417.003,398.251,378.102,357.491,337.003,317.55,299.62,253.555,236.909,224.326,209.947,195.724,182.405,170.101,159.049,148.962,139.391,130.298,120.566,110.316,100.056,90.372,80.79,70.734,60.833,51.433,43.071,35.499,28.606,22.514,17.333,13.049,9.516,6.85,4.846,3.314,2.18,1.391,0.836,0.467,0.236,0.116,0.044
MMR,2014,906.441,896.709,899.077,899.982,905.724,903.468,910.801,910.872,918.217,929.235,943.759,955.449,940.177,924.934,921.374,922.811,925.404,927.897,924.566,925.091,924.635,917.807,910.352,900.086,887.762,869.826,873.359,879.328,884.897,887.938,872.587,848.774,826.044,811.993,799.855,782.565,767.869,753.434,738.206,724.868,715.27,702.064,688.673,673.581,658.574,644.701,629.189,611.788,595.028,574.384,554.735,536.147,516.796,499.22,482.418,465.556,448.444,429.486,410.39,391.419,371.038,350.244,329.584,309.958,291.84,246.401,229.603,216.787,202.243,187.871,174.388,161.906,150.651,140.347,130.565,121.272,111.42,101.138,90.917,81.306,71.891,62.199,52.822,44.071,36.392,29.546,23.416,18.083,13.623,10.006,7.098,4.96,3.4,2.252,1.432,0.881,0.506,0.265,0.12,0.059
MMR,2015,906.623,896.75,892.325,895.577,897.161,903.41,901.549,909.162,909.445,916.928,928.021,942.549,954.158,938.729,923.215,919.262,920.212,922.268,924.221,920.398,920.495,919.704,912.661,905.089,894.799,882.522,864.694,868.304,874.357,880.006,883.125,867.893,844.211,821.599,807.63,795.556,778.332,763.674,749.264,734.045,720.689,711.037,697.775,684.315,669.144,654.039,640.045,624.402,606.863,589.944,569.157,549.348,530.583,511.061,493.29,476.279,459.197,441.857,422.681,403.36,384.131,363.542,342.561,321.734,301.938,283.634,238.866,221.918,208.861,194.154,179.64,166.012,153.382,141.962,131.486,121.543,112.096,102.177,91.925,81.819,72.37,63.233,54.02,45.272,37.246,30.295,24.191,18.813,14.217,10.447,7.465,5.139,3.48,2.309,1.478,0.906,0.532,0.286,0.144,0.057
MMR,2016,914.631,897.084,892.27,888.789,892.73,894.839,901.474,899.911,907.73,908.163,915.727,926.824,941.256,952.652,936.899,920.935,916.42,916.747,918.176,919.548,915.239,914.951,913.899,906.724,899.122,888.887,876.726,859.062,862.799,868.973,874.739,877.968,862.884,839.36,816.893,803.027,791.034,773.89,759.286,744.906,729.701,716.333,706.631,693.313,679.779,664.523,649.314,635.188,619.403,601.717,584.631,563.697,543.725,524.781,505.081,487.107,469.874,452.557,434.968,415.558,395.991,376.52,355.721,334.557,313.565,293.603,275.111,231.04,213.938,200.638,185.775,171.137,157.396,144.658,133.119,122.517,112.458,102.907,92.976,82.822,72.915,63.734,54.987,46.355,38.31,31.045,24.835,19.46,14.808,10.915,7.803,5.409,3.606,2.363,1.514,0.931,0.544,0.299,0.144,0.071
MMR,2017,919.235,905.619,892.897,888.918,886.074,890.488,892.96,899.863,898.507,906.465,906.983,914.557,925.569,939.798,950.862,934.686,918.205,913.11,912.846,913.727,914.634,909.974,909.439,908.247,901.042,893.486,883.351,871.329,853.831,857.683,863.957,869.812,873.123,858.156,834.764,812.411,798.618,786.674,769.579,754.995,740.615,725.391,711.979,702.197,688.795,675.157,659.788,644.445,630.156,614.202,596.342,579.065,557.963,537.81,518.67,498.775,480.579,463.098,445.518,427.652,407.933,388.112,368.387,347.377,326.032,304.88,284.753,266.071,222.747,205.499,191.961,176.963,162.235,148.423,135.626,124.02,113.341,103.22,93.624,83.757,73.797,64.202,55.414,47.175,39.215,31.923,25.442,19.97,15.313,11.366,8.148,5.651,3.794,2.445,1.544,0.951,0.558,0.303,0.154,0.064
MMR,2018,916.778,910.376,901.362,889.472,886.113,883.751,888.525,891.277,898.389,897.188,905.23,905.766,913.248,924.034,937.88,948.421,931.644,914.508,908.746,907.859,908.209,908.705,903.779,903.09,901.852,894.702,887.26,877.285,865.446,848.152,852.147,858.55,864.515,867.928,853.098,829.853,807.631,793.919,782.03,764.987,750.425,736.043,720.801,707.34,697.469,683.976,670.225,654.731,639.241,624.776,608.639,590.595,573.116,551.84,531.5,512.153,492.052,473.614,455.864,437.999,419.812,399.826,379.74,359.758,338.537,317.013,295.701,275.407,256.533,214.007,196.625,182.867,167.769,152.997,139.166,126.364,114.739,104.037,93.914,84.346,74.638,64.987,55.825,47.547,39.91,32.678,26.162,20.458,15.715,11.754,8.486,5.902,3.963,2.573,1.599,0.969,0.567,0.308,0.15,0.075
MMR,2019,910.895,908.193,906.127,897.959,886.718,883.844,881.851,886.898,889.859,897.115,896.005,904.052,904.495,911.74,922.129,935.424,945.299,927.828,910.005,903.599,902.163,902.088,902.296,897.222,896.49,895.3,888.277,881.005,871.225,859.594,842.519,846.671,853.21,859.296,862.813,848.122,825.02,802.921,789.286,777.442,760.44,745.888,731.492,716.219,702.694,692.717,679.114,665.229,649.592,633.938,619.281,602.947,584.708,567.017,545.557,525.013,505.442,485.113,466.411,448.371,430.212,411.716,391.452,371.098,350.854,329.418,307.709,286.228,265.758,246.689,205.001,187.508,173.559,158.402,143.634,129.833,117.069,105.472,94.801,84.741,75.286,65.84,56.607,47.984,40.299,33.319,26.829,21.077,16.129,12.085,8.794,6.16,4.149,2.693,1.687,1.006,0.58,0.317,0.16,0.067
MMR,2020,907.682,902.902,904.256,902.941,895.363,884.583,882.052,880.319,885.558,888.657,895.99,894.896,902.853,903.089,909.981,919.873,932.56,941.771,923.675,905.283,898.383,896.559,896.219,896.283,891.177,890.485,889.395,882.518,875.414,865.812,854.359,837.469,841.739,848.372,854.532,858.112,843.515,820.517,798.499,784.897,773.059,756.059,741.475,727.029,711.684,698.061,687.941,674.192,660.14,644.329,628.48,613.603,597.046,578.586,560.66,538.992,518.221,498.398,477.812,458.819,440.478,421.991,403.169,382.615,361.983,341.47,319.812,297.91,276.257,255.613,236.356,195.579,178.013,163.913,148.749,134.038,120.318,107.648,96.139,85.57,75.664,66.436,57.374,48.678,40.688,33.661,27.369,21.626,16.627,12.414,9.05,6.392,4.339,2.827,1.774,1.069,0.609,0.329,0.163,0.081
MMR,2021,899.678,900.567,899.549,901.509,900.674,893.48,883.002,880.692,879.127,884.48,887.649,894.994,893.844,901.652,901.658,908.228,917.718,929.949,938.69,920.195,901.472,894.307,892.297,891.85,891.877,886.803,886.174,885.165,878.394,871.394,861.894,850.534,833.737,838.037,844.677,850.826,854.383,839.795,816.816,794.798,781.152,769.243,752.172,737.49,722.927,707.449,693.662,683.339,669.382,655.101,639.05,622.943,607.784,590.943,572.203,553.974,532.034,510.969,490.825,469.917,450.546,431.82,412.945,393.735,372.835,351.868,331.04,309.136,287.041,265.231,244.444,225.049,185.348,167.805,153.679,138.655,124.138,110.608,98.117,86.777,76.399,66.758,57.878,49.314,41.232,33.922,27.581,21.998,17.012,12.766,9.277,6.567,4.499,2.959,1.867,1.13,0.655,0.353,0.175,0.078
MMR,2022,893.316,893.252,897.59,897.136,899.52,899.017,892.087,881.816,879.651,878.189,883.6,886.784,894.09,892.846,900.479,900.247,906.515,915.663,927.532,935.92,917.157,898.231,890.915,888.819,888.338,888.367,883.33,882.736,881.767,875.048,868.088,858.625,847.293,830.523,834.777,841.345,847.404,850.858,836.213,813.19,791.11,777.352,765.302,748.097,733.247,718.493,702.809,688.787,678.181,663.945,649.366,633.013,616.591,601.089,583.91,564.838,546.253,523.988,502.561,482.01,460.692,440.867,421.674,402.344,382.696,361.417,340.1,318.949,296.796,274.507,252.555,231.664,212.201,173.828,156.415,142.322,127.492,113.226,99.963,87.745,76.691,66.649,57.432,49.047,41.088,33.72,27.195,21.655,16.898,12.756,9.318,6.579,4.52,3.004,1.918,1.172,0.686,0.383,0.197,0.095
MMR,2023,886.078,887.107,890.258,895.191,895.198,897.927,897.687,890.958,880.836,878.769,877.365,882.787,885.933,893.138,891.733,899.136,898.629,904.586,913.412,924.968,933.085,914.153,895.119,887.732,885.603,885.122,885.171,880.177,879.616,878.677,871.99,865.051,855.603,844.281,827.525,831.726,838.218,844.186,847.536,832.827,809.754,787.61,773.74,761.556,744.221,729.214,714.284,698.412,684.172,673.306,658.812,643.959,627.334,610.625,594.816,577.329,557.956,539.051,516.496,494.753,473.861,452.209,432.02,412.452,392.751,372.744,351.156,329.546,308.109,285.732,263.27,241.196,220.219,200.692,163.496,146.181,132.097,117.425,103.388,90.401,78.509,67.829,58.224,49.524,41.716,34.435,27.803,22.011,17.162,13.073,9.609,6.834,4.688,3.129,2.022,1.255,0.746,0.424,0.23,0.114
MMR,2024,884.511,880.133,884.199,887.93,893.3,893.647,896.627,896.578,889.994,879.974,877.964,876.573,881.956,885.006,892.045,890.422,897.546,896.74,902.383,910.907,922.193,930.094,911.054,891.97,884.561,882.435,881.976,882.058,877.107,876.576,875.656,868.988,862.058,852.615,841.292,824.539,828.674,835.076,840.935,844.163,829.373,806.234,784.009,770.009,757.669,740.186,725.002,709.875,693.793,679.314,668.16,653.388,638.245,621.329,604.315,588.174,570.36,550.663,531.408,508.536,486.453,465.201,443.2,422.639,402.686,382.605,362.229,340.326,318.413,296.69,274.1,251.493,229.343,208.337,188.811,152.887,135.734,121.717,107.269,93.542,80.925,69.472,59.287,50.234,42.146,34.983,28.41,22.519,17.457,13.289,9.857,7.054,4.874,3.249,2.108,1.325,0.799,0.462,0.255,0.134
MMR,2025,877.11,878.78,877.311,881.936,886.093,891.785,892.381,895.543,895.628,889.143,879.185,877.19,875.765,881.05,883.941,890.756,888.867,895.687,894.579,899.93,908.193,919.262,927.007,907.917,888.833,881.438,879.337,878.912,879.026,874.113,873.601,872.69,866.03,859.099,849.649,838.315,821.554,825.608,831.903,837.635,840.721,825.831,802.609,780.285,766.136,753.62,735.969,720.586,705.24,688.925,674.182,662.721,647.652,632.197,614.971,597.631,581.137,562.967,542.919,523.283,500.07,477.627,455.999,433.641,412.697,392.349,371.878,351.124,328.895,306.679,284.678,261.903,239.196,217.03,196.062,176.603,142.046,125.121,111.238,97.097,83.777,71.646,60.755,51.179,42.775,35.363,28.881,23.028,17.872,13.529,10.029,7.242,5.036,3.381,2.19,1.382,0.845,0.495,0.277,0.148
MMR,2026,870.918,871.616,876.026,875.112,880.15,884.621,890.547,891.323,894.614,894.791,888.363,878.426,876.397,874.882,880.007,882.68,889.224,887.044,893.557,892.17,897.27,905.324,916.234,923.881,904.789,885.741,878.382,876.317,875.926,876.069,871.185,870.682,869.767,863.106,856.162,846.695,835.337,818.553,822.51,828.679,834.264,837.188,822.18,798.858,776.418,762.1,749.387,731.546,715.94,700.353,683.78,668.754,656.965,641.578,625.792,608.233,590.544,573.672,555.118,534.685,514.639,491.065,468.249,446.235,423.511,402.174,381.422,360.55,339.403,316.846,294.335,272.081,249.167,226.421,204.309,183.451,164.13,131.027,114.406,100.739,87.006,74.213,62.693,52.479,43.607,35.915,29.214,23.426,18.291,13.863,10.219,7.376,5.175,3.497,2.282,1.438,0.883,0.523,0.297,0.162
MMR,2027,867.525,865.639,868.94,873.878,873.375,878.716,883.418,889.515,890.418,893.795,894.024,887.614,877.649,875.531,873.863,878.771,881.179,887.426,884.954,891.18,889.556,894.455,902.36,913.168,920.764,901.708,882.716,875.402,873.376,873.014,873.177,868.311,867.804,866.874,860.201,853.234,843.737,832.341,815.522,819.363,825.388,830.805,833.544,818.4,794.96,772.383,757.875,744.943,726.889,711.039,695.185,678.335,663.005,650.867,635.142,618.999,601.087,583.023,565.738,546.766,525.92,505.442,481.493,458.293,435.882,412.783,391.044,369.875,348.587,327.043,304.165,281.382,258.921,235.928,213.215,191.23,170.554,151.445,119.887,103.66,90.316,77.113,64.974,54.184,44.741,36.637,29.689,23.712,18.621,14.199,10.481,7.523,5.277,3.597,2.362,1.499,0.918,0.548,0.315,0.173
MMR,2028,860.937,862.481,863.047,866.859,872.184,871.984,877.547,882.414,888.631,889.621,893.047,893.287,886.846,876.798,874.527,872.65,877.295,879.414,885.362,882.618,888.598,886.786,891.542,899.352,910.105,917.687,898.686,879.762,872.496,870.502,870.161,870.332,865.473,864.952,863.996,857.3,850.297,840.757,829.306,812.436,816.143,822.001,827.228,829.761,814.458,790.881,768.15,753.43,740.253,721.964,705.842,689.701,672.557,656.904,644.392,628.302,611.78,593.487,575.017,557.283,537.861,516.578,495.651,471.317,447.723,424.904,401.422,379.269,357.668,335.959,314.019,290.847,267.839,245.23,222.232,199.63,177.849,157.432,138.617,108.706,92.987,80.093,67.554,56.192,46.226,37.615,30.308,24.117,18.864,14.469,10.746,7.725,5.388,3.673,2.434,1.555,0.96,0.571,0.33,0.183
MMR,2029,855.154,856.114,859.96,861.026,865.215,870.825,870.847,876.569,881.554,887.851,888.889,892.324,892.529,886.002,875.809,873.332,871.199,875.555,877.382,883.05,880.075,885.859,883.917,888.585,896.345,907.079,914.667,895.733,876.877,869.654,867.685,867.354,867.521,862.658,862.112,861.12,854.386,847.333,837.733,826.214,809.276,812.827,818.498,823.512,825.813,810.332,786.598,763.692,748.733,735.286,716.738,700.327,683.88,666.421,650.421,637.508,621.03,604.103,585.395,566.483,548.267,528.37,506.635,485.241,460.512,436.514,413.279,389.405,366.824,344.783,322.653,300.343,276.922,253.75,231.067,208.142,185.728,164.231,144.161,125.74,97.594,82.514,70.212,58.464,47.974,38.894,31.144,24.641,19.206,14.673,10.964,7.931,5.541,3.756,2.49,1.605,0.996,0.597,0.344,0.193
MMR,2030,849.918,850.55,853.672,857.994,859.429,863.895,869.714,869.897,875.732,880.796,887.136,888.184,891.582,891.697,885.024,874.63,871.9,869.487,873.552,875.108,880.535,877.379,883.022,881.004,885.63,893.376,904.112,911.717,892.851,874.059,866.871,864.916,864.584,864.736,859.858,859.276,858.234,851.448,844.33,834.654,823.049,806.025,809.401,814.862,819.638,821.681,806,782.088,758.986,743.764,730.022,711.194,694.475,677.7,659.903,643.533,630.192,613.301,595.931,576.774,557.386,538.663,518.272,496.067,474.194,449.06,424.648,400.986,376.706,353.69,331.212,308.686,286.049,262.439,239.178,216.499,193.727,171.583,150.459,130.838,112.942,86.682,72.388,60.81,49.955,40.4,32.232,25.346,19.644,14.955,11.133,8.103,5.697,3.869,2.55,1.644,1.03,0.622,0.361,0.201
MMR,2031,841.675,845.517,848.182,851.765,856.438,858.145,862.814,868.785,869.083,874.993,880.101,886.447,887.46,890.766,890.73,883.854,873.215,870.208,867.515,871.308,872.632,877.868,874.587,880.141,878.093,882.712,890.465,901.214,908.839,890.035,871.299,864.135,862.183,861.839,861.966,857.063,856.43,855.323,848.471,841.269,831.502,819.791,802.666,805.844,811.069,815.581,817.34,801.434,777.323,754.001,738.492,724.431,705.308,688.256,671.131,652.974,636.207,622.41,605.068,587.219,567.579,547.69,528.438,507.534,484.845,462.475,436.928,412.092,387.988,363.296,339.847,316.954,294.074,271.17,247.449,224.177,201.581,179.045,157.264,136.623,117.585,100.365,76.116,62.742,51.999,42.101,33.508,26.255,20.225,15.313,11.361,8.238,5.829,3.984,2.63,1.687,1.058,0.643,0.376,0.212
MMR,2032,835.923,837.48,843.221,846.331,850.254,855.188,857.096,861.912,867.989,868.365,874.318,879.43,885.738,886.661,889.816,889.573,882.45,871.544,868.258,865.304,868.864,870.005,875.104,871.751,877.264,875.219,879.85,887.623,898.386,906.026,887.278,868.587,861.436,859.476,859.109,859.2,854.259,853.562,852.373,845.438,838.135,828.257,816.423,799.175,802.132,807.095,811.317,812.764,796.608,772.275,748.71,732.893,718.493,699.051,681.645,664.144,645.602,628.413,614.119,596.289,577.924,557.774,537.364,517.561,496.126,472.937,450.058,424.087,398.814,374.257,349.158,325.3,302.035,278.861,255.763,232.009,208.809,186.381,164.176,142.87,122.848,104.551,88.178,66.037,53.692,43.858,34.947,27.318,20.97,15.782,11.646,8.417,5.933,4.081,2.713,1.743,1.087,0.662,0.39,0.221
MMR,2033,829.448,831.914,835.26,841.423,844.863,849.039,854.162,856.217,861.138,867.288,867.707,873.664,878.74,884.955,885.729,888.676,888.183,880.788,869.614,866.07,862.895,866.271,867.283,872.297,868.916,874.421,872.401,877.057,884.85,895.624,903.271,884.566,865.912,858.763,856.785,856.384,856.426,851.431,850.653,849.366,842.33,834.908,824.899,812.922,795.534,798.243,802.918,806.82,807.923,791.491,766.912,743.088,726.941,712.178,692.395,674.609,656.707,637.752,620.103,605.273,586.916,568.008,547.328,526.374,506,484.016,460.313,436.907,410.498,384.776,359.771,334.292,310.067,286.491,263.097,239.883,216.181,193.139,170.975,149.218,128.53,109.29,91.909,76.543,56.567,45.321,36.435,28.516,21.839,16.38,12.016,8.637,6.07,4.16,2.783,1.8,1.124,0.68,0.401,0.229
MMR,2034,825.301,825.612,829.76,833.518,839.995,843.681,848.042,853.305,855.463,860.455,866.644,867.071,872.99,877.975,884.04,884.609,887.305,886.536,878.869,867.449,863.685,860.337,863.583,864.517,869.491,866.117,871.634,869.65,874.331,882.142,892.919,900.561,881.891,863.261,856.106,854.098,853.649,853.628,848.566,847.689,846.285,839.13,831.569,821.408,809.269,791.72,794.155,798.515,802.065,802.792,786.057,761.214,737.113,720.612,705.46,685.311,667.119,648.79,629.387,611.24,595.831,576.921,557.447,536.215,514.698,493.732,471.182,446.949,422.997,396.142,369.977,344.548,318.733,294.206,270.392,246.858,223.613,200.05,177.263,155.483,134.32,114.42,96.143,79.844,65.616,47.808,37.689,29.761,22.823,17.08,12.487,8.925,6.238,4.263,2.842,1.851,1.163,0.706,0.414,0.236
MMR,2035,816.563,821.614,823.522,828.067,832.132,838.843,842.709,847.207,852.569,854.798,859.829,866.02,866.414,872.242,877.078,882.937,883.258,885.677,884.632,876.715,865.085,861.151,857.682,860.849,861.75,866.718,863.371,868.912,866.964,871.67,879.489,890.258,897.885,879.239,860.625,853.452,851.403,850.892,850.79,845.642,844.65,843.11,835.814,828.094,817.762,805.436,787.705,789.841,793.852,797.016,797.332,780.272,755.149,730.751,713.871,698.301,677.762,659.137,640.342,620.454,601.771,585.752,566.263,546.201,524.395,502.295,480.716,457.581,432.799,408.285,380.987,354.404,328.596,302.513,277.757,253.786,230.196,207.006,183.683,161.275,140.03,119.639,100.714,83.575,68.492,55.49,39.803,30.814,23.842,17.868,13.036,9.287,6.455,4.388,2.917,1.892,1.198,0.731,0.43,0.245
MMR,2036,813.174,813.043,819.584,821.878,826.719,831.012,837.896,841.895,846.489,851.918,854.187,859.222,865.377,865.683,871.364,875.995,881.603,881.654,883.795,882.492,874.364,862.574,858.522,854.985,858.117,859.017,863.999,860.69,866.256,864.343,869.065,876.884,887.632,895.232,876.601,857.993,850.791,848.684,848.096,847.898,842.647,841.518,839.821,832.365,824.462,813.935,801.402,783.47,785.274,788.904,791.648,791.524,774.118,748.693,723.975,706.688,690.672,669.718,650.621,631.322,610.91,591.661,575.006,554.915,534.237,511.837,489.135,466.924,443.179,417.83,392.755,365.04,338.086,311.963,285.688,260.787,236.745,213.186,190.154,167.195,145.322,124.795,105.372,87.604,71.741,57.964,46.23,32.582,24.71,18.686,13.653,9.706,6.725,4.546,3.006,1.944,1.227,0.754,0.446,0.254
MMR,2037,810.196,809.788,811.077,817.984,820.568,825.628,830.092,837.102,841.196,845.855,851.32,853.595,858.594,864.66,864.822,870.3,874.685,880.019,879.797,881.68,880.157,871.865,859.97,855.85,852.288,855.416,856.338,861.344,858.075,863.664,861.78,866.507,874.313,885.031,892.595,873.968,855.355,848.109,845.93,845.248,844.933,839.562,838.277,836.4,828.762,820.654,809.91,797.146,778.988,780.429,783.643,785.938,785.344,767.567,741.819,716.756,699.036,682.546,661.139,641.533,621.69,600.728,580.89,563.57,542.852,521.537,498.523,475.197,452.326,427.954,402.039,376.421,348.34,321.082,294.724,268.342,243.382,219.357,195.934,173.185,150.751,129.6,109.995,91.728,75.264,60.77,48.339,37.88,26.171,19.393,14.3,10.181,7.041,4.744,3.12,2.008,1.263,0.773,0.461,0.265
MMR,2038,800.89,806.934,807.875,809.526,816.706,819.507,824.731,829.319,836.419,840.577,845.273,850.743,852.982,857.893,863.813,863.778,869.011,873.125,878.183,877.707,879.369,877.676,869.272,857.321,853.177,849.623,852.769,853.722,858.756,855.524,861.129,859.263,863.985,871.769,882.445,889.96,871.327,852.694,845.389,843.122,842.328,841.879,836.365,834.902,832.823,824.978,816.643,805.658,792.639,774.23,775.275,778.044,779.859,778.763,760.586,734.49,709.062,690.88,673.873,651.975,631.82,611.407,589.872,569.419,551.405,530.034,508.06,484.41,460.437,436.885,411.88,385.421,359.304,330.923,303.441,276.933,250.533,225.606,201.703,178.545,156.243,134.528,114.309,95.824,78.87,63.807,50.725,39.647,30.456,20.575,14.862,10.679,7.397,4.976,3.263,2.089,1.307,0.799,0.474,0.273
MMR,2039,798.487,797.769,805.072,806.363,808.286,815.67,818.632,823.977,828.655,835.816,840.01,844.709,850.142,852.295,857.062,862.782,862.509,867.472,871.315,876.116,875.423,876.912,875.1,866.635,854.671,850.535,847.009,850.183,851.171,856.229,853.029,858.641,856.781,861.488,869.239,879.863,887.316,868.661,849.997,842.617,840.243,839.317,838.712,833.036,831.371,829.066,820.992,812.404,801.152,787.849,769.165,769.786,772.078,773.379,771.741,753.135,726.668,700.851,682.166,664.601,642.174,621.44,600.432,578.299,557.206,538.467,516.421,493.762,469.451,444.807,420.567,394.947,367.987,341.435,312.837,285.218,258.648,232.327,207.539,183.888,161.16,139.505,118.726,99.646,82.447,66.912,53.302,41.64,31.906,23.964,15.793,11.114,7.77,5.235,3.427,2.186,1.361,0.827,0.49,0.281
MMR,2040,792.873,795.482,795.969,803.601,805.154,807.281,814.818,817.898,823.329,828.069,835.263,839.46,844.123,849.47,851.482,856.051,861.529,860.994,865.687,869.277,873.858,872.996,874.363,872.481,863.999,852.053,847.947,844.458,847.663,848.683,853.76,850.582,856.19,854.327,859.009,866.715,877.275,884.648,865.959,847.249,839.775,837.277,836.198,835.416,829.555,827.664,825.107,816.779,807.911,796.365,782.75,763.77,763.939,765.72,766.466,764.247,745.184,718.322,692.08,672.853,654.685,631.702,610.367,588.736,565.98,544.218,524.726,501.98,478.607,453.611,428.29,403.375,377.184,349.786,322.875,294.149,266.484,239.948,213.814,189.299,166.071,143.978,123.194,103.563,85.795,69.999,55.938,43.791,33.539,25.131,18.413,11.829,8.096,5.506,3.61,2.3,1.427,0.863,0.508,0.291
MMR,2041,787.542,789.98,793.728,794.542,802.42,804.173,806.451,814.1,817.267,822.757,827.529,834.726,838.887,843.464,848.669,850.487,854.818,860.031,859.233,863.675,867.048,871.455,870.476,871.769,869.86,861.391,849.486,845.419,841.972,845.207,846.252,851.338,848.171,853.765,851.891,856.537,864.186,874.662,881.942,863.204,844.43,836.847,834.202,832.949,831.967,825.897,823.756,820.921,812.312,803.135,791.267,777.319,758.023,757.704,758.937,759.088,756.25,736.699,709.408,682.705,662.891,644.09,620.531,598.565,576.285,552.879,530.426,510.152,486.674,462.562,436.875,410.893,385.346,358.643,330.887,303.704,274.944,247.331,220.94,195.13,171.06,148.464,127.235,107.544,89.242,72.906,58.575,46.005,35.313,26.45,19.336,13.81,8.636,5.749,3.804,2.429,1.505,0.907,0.532,0.303
MMR,2042,782.11,784.757,788.276,792.335,793.396,801.461,803.362,805.753,813.483,816.709,822.231,827.006,834.166,838.242,842.68,847.689,849.272,853.342,858.289,857.248,861.474,864.676,868.96,867.911,869.174,867.27,858.835,846.98,842.955,839.547,842.806,843.868,848.953,845.788,851.358,849.462,854.058,861.634,872.014,879.18,860.377,841.523,833.81,830.999,829.549,828.341,822.039,819.621,816.479,807.561,798.046,785.829,771.527,751.891,751.048,751.69,751.208,747.707,727.628,699.869,672.671,652.239,632.779,608.613,585.991,563.034,538.955,515.782,494.69,470.455,445.593,419.229,392.627,366.504,339.367,311.34,283.975,255.281,227.833,201.726,176.418,153.007,131.277,111.141,92.734,75.888,61.053,48.212,37.13,27.875,20.374,14.519,10.093,6.144,3.979,2.563,1.591,0.957,0.56,0.317
MMR,2043,779.291,779.429,783.101,786.921,791.216,792.463,800.667,802.679,805.153,812.938,816.195,821.721,826.46,833.534,837.471,841.716,846.49,847.816,851.623,856.324,855.074,859.13,862.212,866.422,865.346,866.609,864.73,856.34,844.538,840.554,837.179,840.452,841.52,846.595,843.424,848.959,847.028,851.561,859.049,869.311,876.346,857.461,838.509,830.647,827.646,825.974,824.516,817.959,815.234,811.755,802.497,792.619,780.034,765.349,745.347,743.94,743.952,742.791,738.576,717.924,689.662,661.943,640.87,620.716,595.921,572.61,548.951,524.176,500.253,478.31,453.305,427.706,400.708,373.546,346.922,319.437,291.23,263.78,235.266,208.127,182.484,157.896,135.383,114.753,95.908,78.922,63.605,50.299,38.951,29.343,21.497,15.318,10.626,7.189,4.26,2.684,1.682,1.014,0.591,0.334
MMR,2044,776.474,776.706,777.82,781.784,785.833,790.305,791.693,800,802.092,804.622,812.437,815.698,821.187,825.843,832.777,836.523,840.536,845.053,846.12,849.684,854.173,852.761,856.698,859.708,863.883,862.811,864.096,862.252,853.911,842.161,838.211,834.862,838.138,839.204,844.259,841.07,846.559,844.579,849.033,856.416,866.542,873.424,854.439,835.372,827.339,824.123,822.205,820.472,813.631,810.57,806.722,797.101,786.838,773.854,758.757,738.359,736.351,735.691,733.799,728.812,707.544,678.755,650.497,628.75,607.873,582.418,558.396,534.008,508.505,483.803,460.994,435.231,408.935,381.361,353.716,326.675,298.931,270.643,243.224,215.037,188.389,163.433,139.808,118.434,99.106,81.695,66.211,52.455,40.681,30.819,22.659,16.186,11.228,7.581,4.993,2.882,1.765,1.074,0.627,0.354
MMR,2045,775.231,773.974,775.138,776.538,780.722,784.943,789.551,791.045,799.427,801.573,804.135,811.95,815.176,820.582,825.101,831.844,835.36,839.118,843.376,844.205,847.559,851.882,850.359,854.223,857.201,861.375,860.326,861.642,859.838,851.542,839.839,835.915,832.583,835.854,836.908,841.933,838.715,844.141,842.099,846.457,853.715,863.684,870.393,851.29,832.087,823.858,820.407,818.218,816.18,809.028,805.6,801.356,791.347,780.667,767.255,751.712,730.895,728.246,726.86,724.179,718.362,696.446,667.113,638.291,615.84,594.202,568.067,543.306,518.158,491.9,466.407,442.738,416.257,389.32,361.248,333.204,305.836,277.931,249.679,222.435,194.765,168.835,144.819,122.402,102.373,84.497,68.604,54.66,42.475,32.229,23.833,17.086,11.884,8.025,5.276,3.383,1.9,1.13,0.667,0.377
MMR,2046,769.182,772.807,772.443,773.885,775.502,779.854,784.207,788.915,790.485,798.918,801.096,803.66,811.44,814.584,819.853,824.184,830.697,833.96,837.461,841.48,842.105,845.296,849.501,847.913,851.745,854.723,858.914,857.901,859.252,857.485,849.231,837.565,833.658,830.333,833.591,834.623,839.604,836.344,841.692,839.571,843.816,850.929,860.72,867.231,847.988,828.63,820.185,816.472,813.984,811.611,804.116,800.294,795.629,785.202,774.073,760.197,744.181,722.917,719.575,717.405,713.875,707.182,684.592,654.687,625.279,602.089,579.663,552.821,527.287,501.349,474.325,448.053,423.557,396.412,368.909,340.422,312.071,284.471,256.521,228.453,201.576,174.654,149.702,126.877,105.881,87.35,71.018,56.689,44.305,33.687,24.954,17.995,12.563,8.507,5.593,3.581,2.234,1.219,0.703,0.401
MMR,2047,762.971,766.848,771.315,771.223,772.875,774.656,779.136,783.587,788.368,789.991,798.451,800.633,803.163,810.858,813.869,818.952,823.055,829.314,832.324,835.59,839.403,839.869,842.946,847.08,845.467,849.298,852.295,856.515,855.541,856.925,855.191,846.969,835.332,831.434,828.106,831.34,832.338,837.261,833.944,839.2,836.982,841.093,848.04,857.63,863.918,844.516,824.982,816.298,812.294,809.477,806.738,798.876,794.634,789.514,778.635,767.021,752.651,736.131,714.381,710.292,707.279,702.851,695.238,671.941,641.44,611.417,587.459,564.212,536.631,510.296,483.553,455.778,428.763,403.49,375.756,347.768,318.958,290.397,262.681,234.834,207.145,180.872,154.963,131.249,109.835,90.417,73.48,58.738,45.996,35.178,26.115,18.867,13.25,9.006,5.938,3.803,2.368,1.436,0.759,0.423
MMR,2048,760.367,760.72,765.397,770.119,770.232,772.046,773.954,778.53,783.051,787.883,789.535,797.996,800.143,802.593,810.153,812.979,817.834,821.689,827.694,830.47,833.532,837.185,837.539,840.548,844.651,843.044,846.893,849.92,854.172,853.235,854.649,852.938,844.74,833.123,829.225,825.885,829.083,830.034,834.885,831.496,836.639,834.307,838.265,845.023,854.386,860.425,840.843,821.114,812.165,807.843,804.666,801.536,793.284,788.588,782.978,771.612,759.483,744.59,727.525,705.252,700.359,696.458,691.091,682.509,658.469,627.349,596.693,571.94,547.834,519.489,492.339,464.808,436.32,408.619,382.639,354.4,326.018,296.982,268.327,240.644,213.097,186.026,160.629,135.995,113.74,93.901,76.151,60.855,47.727,36.578,27.318,19.78,13.919,9.519,6.301,4.047,2.522,1.525,0.896,0.459
MMR,2049,754.501,758.183,759.305,764.229,769.149,769.42,771.357,773.359,778.005,782.577,787.436,789.09,797.515,799.582,801.899,809.274,811.875,816.483,820.086,825.856,828.43,831.333,834.872,835.162,838.141,842.244,840.663,844.541,847.603,851.885,850.98,852.414,850.717,842.534,830.93,827.022,823.659,826.806,827.696,832.459,828.979,833.993,831.528,835.309,841.855,850.964,856.728,836.948,817.002,807.759,803.091,799.529,795.981,787.307,782.123,775.985,764.102,751.426,735.967,718.315,695.478,689.739,684.907,678.549,668.948,644.131,612.371,581.063,555.477,530.481,501.362,473.412,445.129,415.987,387.672,361.065,332.409,303.729,274.584,245.985,218.534,191.529,165.352,141.103,117.976,97.347,79.18,63.148,49.515,38.012,28.452,20.729,14.621,10.02,6.674,4.303,2.689,1.627,0.955,0.543
MMR,2050,745.907,752.39,756.799,758.167,763.281,768.35,768.743,770.772,772.845,777.539,782.138,786.998,788.62,796.961,798.897,801.033,808.181,810.537,814.895,818.267,823.834,826.251,829.042,832.514,832.779,835.757,839.879,838.334,842.246,845.341,849.649,848.768,850.213,848.523,840.346,828.745,824.816,821.417,824.501,825.312,829.969,826.383,831.246,828.628,832.21,838.518,847.346,852.808,832.807,812.62,803.059,798.018,794.046,790.048,780.92,775.21,768.51,756.078,742.811,726.742,708.459,685.035,678.41,672.597,665.194,654.519,628.898,596.478,564.49,538.041,512.136,482.259,453.546,424.568,394.848,366.002,338.851,309.874,281.011,251.908,223.565,196.589,170.406,145.401,122.542,101.092,82.191,65.75,51.459,39.501,29.622,21.632,15.354,10.549,7.042,4.568,2.867,1.74,1.021,0.58
MMR,2051,743.979,743.87,751.043,755.685,757.24,762.501,767.686,768.17,770.268,772.389,777.109,781.709,786.534,788.078,796.286,798.04,799.953,806.856,808.966,813.092,816.264,821.672,823.98,826.705,830.148,830.416,833.416,837.567,836.063,840.007,843.13,847.457,846.591,848.038,846.345,838.166,826.558,822.593,819.144,822.148,822.865,827.399,823.688,828.379,825.584,828.943,834.987,843.509,848.639,828.393,807.942,798.04,792.603,788.187,783.704,774.086,767.816,760.52,747.495,733.591,716.868,697.925,673.89,666.331,659.482,650.979,639.183,612.725,579.616,546.926,519.598,492.793,462.198,432.777,403.178,372.963,343.673,316.068,286.884,257.988,229.129,201.287,175.07,149.996,126.409,105.126,85.459,68.343,53.658,41.118,30.836,22.564,16.056,11.102,7.431,4.832,3.051,1.859,1.094,0.621
MMR,2052,737.454,741.998,742.56,749.955,754.777,756.477,761.85,767.122,767.674,769.82,771.968,776.689,781.254,785.999,787.413,795.437,796.971,798.643,805.297,807.178,811.107,814.124,819.421,821.662,824.36,827.804,828.096,831.127,835.313,833.849,837.82,840.964,845.3,844.44,845.881,844.174,835.982,824.355,820.342,816.83,819.736,820.341,824.73,820.875,825.37,822.376,825.49,831.244,839.429,844.195,823.681,802.949,792.682,786.817,781.925,776.917,766.778,759.915,751.973,738.311,723.725,706.316,686.684,662.009,653.465,645.523,635.87,622.9,595.566,561.748,528.35,500.152,472.48,441.224,411.169,381.031,350.407,320.764,292.818,263.578,234.851,206.482,179.43,154.263,130.552,108.576,88.986,71.161,55.86,42.949,32.158,23.536,16.784,11.636,7.84,5.112,3.236,1.984,1.172,0.668
MMR,2053,730.572,735.541,740.716,741.5,749.068,754.029,755.841,761.298,766.634,767.234,769.406,771.556,776.242,780.728,785.343,786.577,794.379,795.673,797.101,803.524,805.212,808.985,811.894,817.123,819.338,822.038,825.502,825.829,828.897,833.115,831.686,835.678,838.834,843.17,842.307,843.733,842.002,833.784,822.124,818.05,814.456,817.248,817.723,821.947,817.925,822.202,818.987,821.828,827.265,835.079,839.45,818.649,797.618,786.957,780.629,775.222,769.658,758.966,751.459,742.826,728.478,713.176,695.051,674.695,649.347,639.763,630.679,619.819,605.615,577.371,542.837,508.749,479.715,451.225,419.383,388.775,358.18,327.243,297.362,269.223,240.127,211.819,184.229,158.261,134.409,112.262,92.018,74.196,58.247,44.781,33.647,24.591,17.543,12.19,8.235,5.406,3.431,2.11,1.254,0.717
MMR,2054,728.529,728.722,734.291,739.679,740.636,748.336,753.404,755.301,760.822,766.202,766.829,769.002,771.117,775.725,780.081,784.515,785.532,793.091,794.144,795.348,801.573,803.11,806.775,809.619,814.819,817.037,819.758,823.253,823.621,826.724,830.972,829.571,833.574,836.732,841.06,840.186,841.583,839.816,831.558,819.853,815.7,812.01,814.669,814.992,819.029,814.819,818.853,815.395,817.936,823.025,830.437,834.383,813.277,791.92,780.834,774.009,768.052,761.895,750.607,742.411,733.033,717.968,701.917,683.038,661.92,635.865,625.192,614.91,602.78,587.286,558.115,522.883,488.148,458.33,429.089,396.745,365.666,334.709,303.571,273.6,245.468,216.768,189.171,162.663,138.045,115.716,95.264,76.83,60.823,46.771,35.147,25.781,18.368,12.77,8.649,5.693,3.638,2.243,1.337,0.77
MMR,2055,722.175,726.732,727.507,733.28,738.831,739.922,747.724,752.874,754.833,760.398,765.803,766.43,768.57,770.609,775.087,779.264,783.48,784.259,791.575,792.404,793.416,799.489,800.919,804.52,807.338,812.538,814.778,817.532,821.064,821.471,824.604,828.874,827.493,831.499,834.652,838.962,838.065,839.42,837.603,829.293,817.526,813.279,809.474,811.979,812.131,815.955,811.535,815.303,811.575,813.789,818.498,825.479,828.972,807.536,785.827,774.282,766.925,760.385,753.59,741.658,732.722,722.563,706.747,689.907,670.233,648.311,621.522,609.707,598.163,584.704,567.878,537.785,501.899,466.578,436.044,406.128,373.366,341.908,310.701,279.513,249.656,221.78,193.772,167.193,142.037,118.983,98.316,79.647,63.073,48.919,36.774,26.981,19.297,13.401,9.081,5.993,3.84,2.384,1.425,0.823
MMR,2056,714.736,720.436,725.544,726.521,732.453,738.131,739.325,747.206,752.416,754.42,760.007,765.411,766.007,768.07,769.98,774.28,778.24,782.218,782.76,789.848,790.488,791.352,797.316,798.685,802.26,805.08,810.299,812.573,815.365,818.933,819.374,822.532,826.816,825.446,829.447,832.585,836.865,835.933,837.234,835.352,826.973,815.13,810.771,806.831,809.161,809.116,812.708,808.057,811.53,807.508,809.363,813.666,820.186,823.189,801.395,779.305,767.271,759.348,752.181,744.698,732.079,722.363,711.385,694.777,677.103,656.591,633.832,606.276,593.26,580.393,565.561,547.384,516.402,479.922,444.094,412.919,382.407,349.318,317.593,286.286,255.252,225.758,198.437,171.431,146.15,122.566,101.218,82.308,65.481,50.808,38.529,28.283,20.236,14.108,9.55,6.308,4.053,2.523,1.519,0.878
MMR,2057,710.392,713.056,719.279,724.579,725.714,731.769,737.545,738.819,746.757,752.009,754.037,759.624,764.994,765.513,767.448,769.183,773.267,776.992,780.731,781.051,787.947,788.439,789.2,795.099,796.444,800.02,802.864,808.114,810.426,813.255,816.855,817.326,820.499,824.788,823.422,827.408,830.521,834.757,833.777,835.009,833.046,824.582,812.646,808.155,804.061,806.192,805.931,809.265,804.358,807.508,803.164,804.636,808.503,814.525,816.999,794.816,772.321,759.767,751.236,743.392,735.173,721.83,711.298,699.455,682.009,663.454,642.066,618.431,590.07,575.795,561.56,545.331,525.81,493.989,456.993,420.742,389.005,357.983,324.682,292.84,261.636,231.009,202.178,175.729,150.012,126.256,104.393,84.849,67.765,52.83,40.086,29.688,21.255,14.826,10.077,6.649,4.276,2.669,1.611,0.939
MMR,2058,707.008,708.763,711.93,718.338,723.788,725.045,731.197,737.048,738.381,746.359,751.634,753.662,759.215,764.507,764.901,766.66,768.182,772.031,775.517,779.035,779.169,785.913,786.305,787.007,792.878,794.228,797.826,800.702,805.988,808.339,811.203,814.827,815.318,818.499,822.785,821.415,825.374,828.448,832.629,831.586,832.732,830.671,822.106,810.058,805.417,801.148,803.058,802.557,805.607,800.419,803.217,798.528,799.59,802.987,808.47,810.371,787.776,764.853,751.738,742.553,733.984,724.99,710.89,699.495,686.736,668.405,648.929,626.622,602.066,572.87,557.292,541.666,524.042,503.203,470.608,433.183,396.594,364.381,332.957,299.596,267.841,236.995,207.075,179.224,153.942,129.745,107.671,87.628,69.96,54.762,41.755,30.946,22.357,15.607,10.614,7.033,4.518,2.823,1.709,0.999
MMR,2059,699.335,705.427,707.666,711.014,717.566,723.133,724.486,730.71,736.618,737.993,745.992,751.266,753.261,758.737,763.902,764.121,765.669,766.958,770.57,773.838,777.168,777.158,783.795,784.128,784.808,790.679,792.053,795.685,798.601,803.922,806.308,809.199,812.842,813.345,816.527,820.8,819.414,823.334,826.356,830.466,829.345,830.389,828.212,819.527,807.35,802.536,798.07,799.737,798.973,801.712,796.217,798.64,793.581,794.199,797.086,801.987,803.278,780.246,756.861,743.144,733.259,723.926,714.12,699.22,686.912,673.182,653.923,633.482,610.211,584.693,554.645,537.744,520.725,501.729,479.615,446.322,408.554,371.721,339.139,307.462,274.246,242.833,212.649,183.758,157.18,133.305,110.79,90.507,72.363,56.63,43.36,32.299,23.353,16.453,11.2,7.427,4.791,2.991,1.812,1.062
MMR,2060,695.009,697.799,704.352,706.768,710.259,716.924,722.582,724.009,730.288,736.235,737.633,745.63,750.87,752.79,758.139,763.128,763.137,764.452,765.507,768.902,771.984,775.167,775.059,781.632,781.943,782.629,788.52,789.931,793.601,796.556,801.909,804.324,807.233,810.886,811.394,814.567,818.817,817.403,821.272,824.228,828.25,827.034,827.957,825.645,816.822,804.496,799.489,794.808,796.208,795.156,797.555,791.733,793.753,788.295,788.434,790.772,795.052,795.695,772.193,748.313,733.954,723.332,713.204,702.538,686.792,673.517,658.77,638.539,617.081,592.803,566.3,535.403,517.18,498.787,478.453,455.117,421.199,383.178,346.212,313.409,281.678,248.861,218.096,188.896,161.328,136.262,113.966,93.247,74.841,58.66,44.909,33.596,24.417,17.218,11.83,7.851,5.07,3.178,1.924,1.128
MMR,2061,691.44,693.509,696.747,703.47,706.026,709.629,716.383,722.112,723.594,729.912,735.881,737.278,745.242,750.405,752.199,757.374,762.152,761.929,763.013,763.853,767.061,769.997,773.08,772.914,779.46,779.778,780.49,786.412,787.864,791.572,794.562,799.942,802.378,805.299,808.953,809.458,812.61,816.826,815.371,819.174,822.048,825.967,824.637,825.421,822.954,813.971,801.479,796.261,791.341,792.45,791.083,793.121,786.949,788.535,782.646,782.266,784.019,787.643,787.589,763.585,739.176,724.144,712.755,701.782,690.209,673.567,659.277,643.463,622.208,599.688,574.377,546.884,515.164,495.637,475.905,454.281,429.773,395.311,357.15,320.204,287.38,255.85,223.738,193.945,166.031,140.03,116.645,96.053,77.221,60.766,46.6,34.861,25.447,18.039,12.407,8.311,5.372,3.369,2.049,1.2
MMR,2062,685.745,689.976,692.478,695.884,702.74,705.407,709.099,715.922,721.704,723.226,729.565,735.532,736.897,744.783,749.821,751.443,756.406,760.951,760.499,761.367,762.024,765.089,767.924,770.947,770.761,777.308,777.651,778.4,784.36,785.853,789.597,792.617,798.015,800.465,803.39,807.037,807.527,810.647,814.815,813.306,817.028,819.803,823.601,822.14,822.764,820.121,810.96,798.284,792.833,787.651,788.443,786.741,788.392,781.843,782.959,776.604,775.674,776.807,779.723,778.926,754.387,729.428,713.693,701.49,689.625,677.091,659.508,644.151,627.211,604.887,581.275,554.921,526.455,493.954,473.159,452.13,429.26,403.639,368.738,330.589,293.869,261.277,230.255,199.178,170.666,144.287,120.025,98.446,79.663,62.799,48.355,36.239,26.456,18.839,13.025,8.734,5.697,3.577,2.176,1.28
MMR,2063,678.764,684.316,688.963,691.63,695.17,702.132,704.885,708.646,715.521,721.34,722.885,729.222,735.155,736.445,744.205,749.07,750.484,755.216,759.529,758.864,759.55,760.066,763.031,765.807,768.807,768.627,775.195,775.576,776.367,782.365,783.896,787.669,790.712,796.121,798.576,801.497,805.127,805.591,808.667,812.772,811.195,814.82,817.479,821.135,819.522,819.964,817.126,807.77,794.89,789.183,783.718,784.171,782.109,783.343,776.385,776.993,770.141,768.627,769.094,771.254,769.663,744.566,719.033,702.555,689.49,676.679,663.13,644.56,628.075,609.957,586.531,561.811,534.427,505.023,471.796,449.772,427.486,403.423,376.776,341.581,303.654,267.418,235.368,205.193,175.465,148.489,123.829,101.433,81.763,64.883,50.054,37.668,27.553,19.623,13.629,9.189,6,3.802,2.315,1.362
MMR,2064,670.67,677.372,683.324,688.132,690.929,694.573,701.619,704.44,708.253,715.164,721.004,722.548,728.851,734.709,735.877,743.463,748.119,749.304,753.804,757.903,757.057,757.603,758.022,760.928,763.683,766.687,766.535,773.134,773.558,774.393,780.423,781.987,785.783,788.841,794.254,796.706,799.612,803.213,803.639,806.658,810.686,809.024,812.535,815.059,818.554,816.768,817.009,813.955,804.383,791.28,785.295,779.528,779.616,777.168,777.95,770.548,770.616,763.238,761.097,760.851,762.206,759.779,734.099,707.961,690.695,676.715,662.907,648.29,628.675,611.012,591.674,567.131,541.312,512.926,482.631,448.742,425.531,402.034,376.857,349.313,314.029,276.585,241.145,209.979,180.973,152.853,127.602,104.794,84.369,66.7,51.807,39.065,28.697,20.479,14.226,9.636,6.326,4.013,2.465,1.452
MMR,2065,667.535,669.314,676.401,682.508,687.441,690.342,694.069,701.18,704.053,707.903,714.834,720.673,722.184,728.412,734.145,735.143,742.519,746.946,747.904,752.19,756.105,755.122,755.571,755.935,758.818,761.577,764.605,764.491,771.128,771.597,772.471,778.53,780.121,783.933,786.998,792.405,794.845,797.725,801.284,801.659,804.605,808.54,806.779,810.154,812.525,815.836,813.859,813.877,810.587,800.778,787.431,781.149,775.057,774.753,771.884,772.176,764.303,763.796,755.855,753.042,752.036,752.541,749.236,722.94,696.161,678.057,663.111,648.25,632.505,611.797,592.913,572.331,546.673,519.779,490.436,459.306,424.814,400.459,375.828,349.658,321.408,286.297,249.656,215.358,185.402,157.839,131.519,108.134,87.293,68.936,53.349,40.507,29.819,21.373,14.879,10.081,6.648,4.24,2.608,1.55
MMR,2066,661.296,666.206,668.363,675.601,681.829,686.864,689.846,693.639,700.799,703.709,707.579,714.508,720.313,721.751,727.856,733.417,734.209,741.357,745.555,746.301,750.406,754.179,753.101,753.496,753.839,756.727,759.511,762.575,762.506,769.181,769.69,770.6,776.682,778.291,782.11,785.175,790.567,792.983,795.824,799.329,799.638,802.497,806.322,804.442,807.664,809.858,812.967,810.779,810.553,807.004,796.938,783.33,776.73,770.287,769.557,766.232,766.004,757.629,756.506,747.961,744.434,742.627,742.237,737.999,711.05,683.59,664.601,648.637,632.663,615.734,593.896,573.764,551.935,525.187,497.257,467.008,435.093,400.062,374.638,348.99,322.014,293.31,258.694,223.209,190.378,161.909,135.996,111.619,90.22,71.45,55.242,41.799,30.988,22.261,15.567,10.57,6.973,4.467,2.762,1.644
MMR,2067,658.496,660,665.273,667.58,674.937,681.262,686.376,689.424,693.266,700.461,703.391,707.259,714.155,719.885,721.202,727.136,732.49,733.058,739.976,743.962,744.53,748.494,752.17,751.038,751.413,751.764,754.677,757.497,760.603,760.579,767.289,767.835,768.773,774.87,776.492,780.311,783.364,788.729,791.11,793.901,797.337,797.565,800.318,804.017,802,805.048,807.046,809.932,807.512,807.02,803.189,792.847,778.962,772.017,765.192,764.001,760.192,759.407,750.497,748.716,739.528,735.247,732.598,731.259,726.028,698.386,670.206,650.283,633.241,616.1,597.943,574.955,553.568,530.504,502.701,473.783,442.673,410.027,374.55,348.172,321.685,294.147,265.307,231.548,197.553,166.465,139.691,115.586,93.275,73.972,57.363,43.368,32.045,23.186,16.252,11.086,7.33,4.698,2.918,1.746
MMR,2068,654.189,657.229,659.086,664.504,666.929,674.38,680.784,685.96,689.056,692.933,700.147,703.076,706.913,713.733,719.341,720.49,726.217,731.346,731.689,738.395,742.202,742.633,746.499,750.119,748.968,749.35,749.728,752.678,755.541,758.689,758.708,765.449,766.024,766.984,773.089,774.713,778.522,781.555,786.882,789.214,791.94,795.292,795.425,798.056,801.606,799.433,802.286,804.071,806.711,804.037,803.256,799.123,788.487,774.299,766.98,759.74,758.057,753.731,752.352,742.867,740.385,730.521,725.448,721.901,719.549,713.261,684.883,655.944,635.033,616.858,598.506,579.092,554.946,532.315,508.042,479.229,449.358,417.438,384.147,348.352,321.193,294.106,266.317,237.708,205.156,172.938,143.799,118.885,96.728,76.595,59.489,45.116,33.313,24.027,16.964,11.599,7.705,4.95,3.077,1.849
MMR,2069,647.644,652.949,656.331,658.332,663.864,666.384,673.91,680.375,685.598,688.729,692.626,699.838,702.734,706.497,713.196,718.634,719.579,725.083,729.985,730.121,736.647,740.315,740.653,744.462,748.06,746.918,747.328,747.744,750.737,753.642,756.83,756.888,763.652,764.252,765.227,771.331,772.949,776.738,779.738,785.014,787.284,789.93,793.183,793.201,795.691,799.072,796.724,799.365,800.912,803.285,800.337,799.245,794.79,783.833,769.315,761.589,753.907,751.699,746.819,744.805,734.709,731.487,720.911,714.992,710.49,707.058,699.647,670.491,640.748,618.8,599.45,579.855,559.169,533.88,510.028,484.58,454.789,424.011,391.359,357.546,321.62,293.914,266.529,238.853,210.839,179.798,149.571,122.539,99.629,79.552,61.7,46.871,34.721,25.028,17.616,12.133,8.08,5.215,3.248,1.953
MMR,2070,641.504,646.433,652.067,655.587,657.703,663.327,665.923,673.508,680.019,685.276,688.427,692.323,699.501,702.325,705.967,712.496,717.731,718.454,723.732,728.426,728.387,734.774,738.346,738.63,742.418,746.02,744.908,745.356,745.817,748.854,751.8,755.024,755.113,761.897,762.511,763.493,769.586,771.189,774.946,777.902,783.113,785.305,787.856,790.991,790.877,793.205,796.4,793.859,796.265,797.554,799.636,796.393,794.968,790.162,778.855,763.979,755.816,747.664,744.895,739.422,736.73,725.991,721.987,710.653,703.831,698.309,693.728,685.121,655.142,624.558,601.536,580.98,560.125,538.174,511.767,486.724,460.124,429.396,397.784,364.52,330.367,294.553,266.597,239.275,212.074,184.983,155.687,127.617,102.829,82.058,64.186,48.698,36.14,26.138,18.387,12.626,8.471,5.48,3.429,2.067
MMR,2071,640.964,640.32,645.568,651.337,654.969,657.176,662.872,665.528,673.159,679.703,684.979,688.127,691.991,699.095,701.8,705.275,711.601,716.613,717.114,722.185,726.702,726.529,732.818,736.334,736.6,740.394,744.02,742.949,743.442,743.951,747.028,750.011,753.264,753.38,760.172,760.796,761.776,767.848,769.426,773.137,776.034,781.166,783.266,785.704,788.702,788.437,790.585,793.574,790.821,792.97,793.98,795.751,792.19,790.403,785.215,773.527,758.268,749.642,740.984,737.614,731.513,728.106,716.688,711.851,699.706,691.922,685.311,679.506,669.631,638.791,607.341,583.218,561.441,539.332,516.132,488.641,462.426,434.706,403.112,370.781,337.084,302.828,267.429,239.577,212.676,186.278,160.372,133.01,107.242,84.824,66.318,50.75,37.62,27.26,19.244,13.208,8.834,5.757,3.612,2.187
MMR,2072,635.227,639.801,639.472,644.852,650.729,654.45,656.729,662.484,665.186,672.849,679.41,684.684,687.801,691.593,698.575,701.114,704.388,710.492,715.28,715.578,720.472,724.853,724.589,730.82,734.316,734.591,738.408,742.072,741.047,741.587,742.14,745.255,748.269,751.545,751.679,758.475,759.097,760.066,766.107,767.644,771.299,774.123,779.16,781.151,783.456,786.299,785.865,787.814,790.576,787.591,789.463,790.173,791.607,787.702,785.521,779.916,767.822,752.154,743.032,733.835,729.827,723.059,718.896,706.753,701.026,688.014,679.201,671.432,664.326,653.114,621.385,589.056,563.821,540.827,517.48,493.056,464.501,437.141,408.362,376.013,343.137,309.243,275.189,240.554,213.161,187.01,161.682,137.183,111.924,88.593,68.661,52.526,39.278,28.433,20.111,13.852,9.261,6.018,3.803,2.308
MMR,2073,631.891,634.089,638.966,638.769,644.255,650.217,654.01,656.347,662.146,664.882,672.561,679.121,684.362,687.407,691.079,697.896,700.235,703.288,709.17,713.753,713.878,718.636,722.924,722.607,728.818,732.319,732.621,736.476,740.183,739.206,739.791,740.384,743.53,746.569,749.862,750.008,756.795,757.408,758.354,764.352,765.838,769.42,772.156,777.08,778.945,781.1,783.769,783.148,784.88,787.395,784.158,785.731,786.117,787.189,782.906,780.298,774.247,761.719,745.615,735.964,726.194,721.511,714.04,709.071,696.154,689.472,675.535,665.627,656.627,648.15,635.544,602.911,569.705,543.368,519.173,494.61,468.975,439.386,410.939,381.204,348.272,315.084,281.296,247.798,214.275,187.664,162.527,138.496,115.611,92.614,71.841,54.488,40.738,29.752,21.026,14.513,9.737,6.325,3.985,2.436
MMR,2074,627.161,630.78,633.272,638.275,638.185,643.753,649.785,653.634,656.016,661.846,664.6,672.278,678.805,683.974,686.901,690.408,697.024,699.143,701.977,707.654,712.064,712.058,716.722,720.955,720.622,726.835,730.362,730.704,734.603,738.354,737.424,738.049,738.677,741.849,744.906,748.208,748.356,755.128,755.72,756.632,762.573,763.993,767.489,770.121,774.915,776.634,778.621,781.097,780.272,781.766,784.014,780.506,781.758,781.793,782.468,777.777,774.709,768.183,755.191,738.621,728.407,718.035,712.636,704.417,698.582,684.835,677.134,662.208,651.135,640.835,630.926,616.876,583.339,549.277,521.857,496.484,470.715,443.885,413.321,383.884,353.355,320.069,286.868,253.542,220.954,188.849,163.286,139.393,116.874,95.805,75.221,57.108,42.336,30.917,22.045,15.204,10.223,6.664,4.197,2.559
MMR,2075,621.988,626.072,629.977,632.594,637.697,637.692,643.328,649.415,653.308,655.722,661.57,664.322,671.967,678.422,683.472,686.235,689.543,695.94,697.841,700.474,705.977,710.252,710.157,714.767,718.979,718.656,724.892,728.458,728.847,732.79,736.584,735.696,736.358,737.014,740.205,743.271,746.573,746.716,753.46,754.02,754.886,760.757,762.097,765.491,768.001,772.645,774.202,776.002,778.268,777.219,778.454,780.414,776.616,777.519,777.171,777.412,772.282,768.724,761.689,748.204,731.14,720.333,709.321,703.16,694.134,687.374,672.737,663.944,647.969,635.667,624.01,612.613,597.081,562.661,527.777,499.301,472.756,445.797,417.824,386.382,356.115,325.012,291.671,258.817,226.312,194.954,164.514,140.224,117.795,96.998,77.941,59.902,44.457,32.196,22.958,15.977,10.735,7.012,4.433,2.701
MMR,2076,617.446,620.921,625.282,629.309,632.026,637.211,637.274,642.965,649.094,653.017,655.45,661.296,664.017,671.589,677.926,682.812,685.378,688.469,694.646,696.346,698.808,704.178,708.362,708.216,712.806,717.024,716.729,723.003,726.612,727.048,731.035,734.868,734.019,734.71,735.388,738.59,741.659,744.951,745.078,751.783,752.299,753.105,758.891,760.136,763.41,765.779,770.257,771.633,773.23,775.267,773.974,774.933,776.583,772.467,772.99,772.224,772.002,766.404,762.321,754.746,740.738,723.154,711.719,700.024,693.045,683.157,675.402,659.815,649.865,632.783,619.198,606.134,593.209,576.185,540.912,505.243,475.724,448.024,419.921,390.896,358.737,327.855,296.473,263.435,231.288,199.929,170.057,141.48,118.68,97.925,79.055,62.19,46.73,33.883,23.963,16.678,11.309,7.382,4.677,2.86
MMR,2077,612.923,616.401,620.145,624.626,628.75,631.548,636.799,636.916,642.649,648.808,652.749,655.18,660.994,663.645,671.1,677.272,681.961,684.31,687.185,693.161,694.692,697.023,702.3,706.432,706.269,710.866,715.108,714.855,721.171,724.826,725.309,729.336,733.203,732.385,733.1,733.793,736.998,740.06,743.333,743.432,750.086,750.545,751.279,756.962,758.095,761.231,763.445,767.738,768.917,770.292,772.08,770.527,771.187,772.499,768.038,768.146,766.932,766.217,760.118,755.479,747.33,732.77,714.638,702.532,690.104,682.245,671.431,662.614,646.016,634.843,616.609,601.693,587.184,572.714,554.193,518.103,481.671,451.126,422.315,393.156,363.226,330.563,299.353,268.047,235.674,204.566,174.617,146.446,119.917,98.816,79.947,63.193,48.608,35.689,25.273,17.447,11.831,7.794,4.933,3.023
MMR,2078,608.173,611.896,615.637,619.498,624.075,628.277,631.142,636.445,636.605,642.369,648.545,652.484,654.884,660.626,663.16,670.452,676.428,680.901,683.034,685.71,691.515,692.916,695.158,700.384,704.494,704.342,708.964,713.245,713.041,719.4,723.099,723.626,727.687,731.583,730.79,731.521,732.222,735.42,738.464,741.708,741.768,748.357,748.746,749.39,754.956,755.959,758.941,760.981,765.073,766.036,767.17,768.691,766.856,767.192,768.137,763.296,762.959,761.268,760.024,753.394,748.164,739.409,724.266,705.545,692.717,679.501,670.698,658.89,648.942,631.279,618.827,599.398,583.118,567.146,551.118,531.1,494.212,457.048,425.523,395.685,365.615,334.987,302.107,270.923,240.059,208.686,178.888,150.572,124.304,100.002,80.81,64.022,49.49,37.2,26.677,18.441,12.404,8.174,5.222,3.197
MMR,2079,602.174,607.166,611.144,614.999,618.955,623.61,627.877,630.793,636.138,636.329,642.109,648.283,652.191,654.521,660.147,662.52,669.615,675.375,679.633,681.569,684.077,689.75,691.064,693.256,698.461,702.579,702.455,707.115,711.441,711.286,717.688,721.429,721.995,726.084,730.001,729.228,729.966,730.666,733.849,736.865,740.066,740.074,746.585,746.889,747.429,752.858,753.715,756.526,758.376,762.249,762.978,763.855,765.088,762.946,762.925,763.469,758.223,757.41,755.208,753.403,746.21,740.356,730.959,715.189,695.836,682.231,668.165,658.349,645.485,634.342,615.566,601.784,581.134,563.472,546.028,528.438,506.908,469.246,431.407,398.99,368.267,337.487,306.442,273.696,242.903,212.821,182.723,154.468,127.998,103.828,81.923,64.836,50.239,37.956,27.869,19.511,13.143,8.591,5.489,3.393
MMR,2080,598.463,601.187,606.425,610.516,614.465,618.497,623.215,627.534,630.492,635.865,636.075,641.852,647.994,651.832,654.046,659.512,661.69,668.571,674.116,678.176,679.946,682.325,687.908,689.172,691.347,696.558,700.702,700.621,705.326,709.698,709.592,716.034,719.811,720.41,724.522,728.454,727.691,728.428,729.118,732.273,735.25,738.397,738.34,744.757,744.96,745.378,750.655,751.352,753.975,755.619,759.254,759.732,760.329,761.247,758.77,758.362,758.475,752.796,751.476,748.731,746.331,738.542,732.026,721.94,705.496,685.46,671.017,656.04,645.145,631.163,618.769,598.842,583.69,561.809,542.759,523.839,504.662,481.606,443.228,404.809,371.644,340.234,309.019,277.904,245.654,215.591,186.575,157.989,131.497,107.078,85.199,65.846,50.974,38.607,28.493,20.425,13.934,9.121,5.78,3.573
MMR,2081,596.422,597.492,600.458,605.807,609.99,614.014,618.109,622.877,627.236,630.224,635.614,635.822,641.568,647.64,651.363,653.418,658.689,660.655,667.321,672.669,676.562,678.204,680.497,686.027,687.276,689.458,694.695,698.879,698.846,703.598,708.016,707.955,714.433,718.24,718.867,722.994,726.932,726.171,726.9,727.567,730.685,733.611,736.689,736.554,742.861,742.945,743.228,748.336,748.857,751.275,752.695,756.074,756.281,756.574,757.149,754.305,753.481,753.133,746.991,745.131,741.813,738.783,730.362,723.135,712.308,695.136,674.362,659.018,643.07,631.031,615.884,602.187,581.077,564.538,541.425,520.983,500.562,479.778,455.216,416.214,377.371,343.655,311.831,280.527,249.704,218.289,189.242,161.538,134.691,110.179,88.017,68.604,51.869,39.252,29.044,20.929,14.62,9.692,6.151,3.772
MMR,2082,591.879,595.465,596.774,599.85,605.288,609.545,613.631,617.776,622.583,626.972,629.976,635.364,635.542,641.219,647.175,650.738,652.601,657.659,659.415,665.884,671.066,674.831,676.386,678.63,684.141,685.399,687.61,692.885,697.114,697.133,701.93,706.391,706.372,712.878,716.711,717.356,721.492,725.428,724.661,725.37,726.003,729.072,731.932,734.929,734.698,740.878,740.83,740.96,745.883,746.211,748.408,749.586,752.689,752.6,752.559,752.758,749.518,748.247,747.408,740.775,738.344,734.417,730.718,721.617,713.622,701.994,684.035,662.464,646.159,629.183,615.95,599.585,584.545,562.242,544.301,519.958,498.101,476.16,453.78,427.77,388.299,349.24,315.245,283.349,252.317,222.132,191.836,164.057,137.908,113.027,90.715,71,54.147,40.023,29.594,21.382,15.015,10.194,6.553,4.024
MMR,2083,586.751,590.937,594.756,596.174,599.338,604.85,609.167,613.302,617.487,622.323,626.727,629.73,635.087,635.197,640.758,646.556,649.927,651.58,656.426,657.989,664.292,669.345,673.023,674.53,676.758,682.276,683.562,685.814,691.134,695.412,695.48,700.32,704.82,704.837,711.366,715.217,715.875,720.009,723.935,723.151,723.827,724.417,727.423,730.204,733.102,732.761,738.797,738.601,738.565,743.287,743.406,745.363,746.281,749.081,748.667,748.261,748.054,744.393,742.646,741.284,734.133,731.096,726.522,722.103,712.271,703.447,690.952,672.143,649.725,632.404,614.355,599.877,582.259,565.853,542.355,523.005,497.416,474.125,450.674,426.75,399.414,359.68,320.683,286.755,255.146,224.73,195.47,166.542,140.274,115.92,93.23,73.32,56.155,41.874,30.246,21.839,15.379,10.495,6.909,4.297
MMR,2084,583.066,585.826,590.238,594.163,595.669,598.906,604.477,608.843,613.017,617.23,622.083,626.485,629.457,634.746,634.742,640.145,645.751,648.912,650.355,655.009,656.408,662.583,667.549,671.179,672.671,674.907,680.452,681.779,684.079,689.447,693.772,693.887,698.766,703.298,703.345,709.891,713.752,714.415,718.539,722.443,721.631,722.265,722.798,725.726,728.413,731.196,730.731,736.609,736.25,736.032,740.536,740.429,742.13,742.762,745.23,744.461,743.661,743.021,738.91,736.658,734.743,727.043,723.363,718.095,712.898,702.273,692.553,679.122,659.408,636.094,617.713,598.548,582.783,563.896,546.109,521.416,500.628,473.778,449.064,424.154,398.795,370.311,330.595,292.009,258.506,227.527,198.015,169.937,142.619,118.108,95.791,75.503,58.115,43.527,31.721,22.378,15.749,10.778,7.134,4.544
MMR,2085,580.341,582.154,585.137,589.652,593.664,595.243,598.54,604.158,608.562,612.765,616.994,621.844,626.216,629.12,634.294,634.134,639.347,644.742,647.695,648.946,653.436,654.712,660.8,665.718,669.33,670.831,673.096,678.679,680.056,682.406,687.821,692.19,692.349,697.261,701.82,701.891,708.445,712.308,712.965,717.07,720.941,720.09,720.67,721.132,723.968,726.543,729.198,728.593,734.296,733.761,733.346,737.615,737.263,738.68,738.997,741.104,739.949,738.729,737.626,733.037,730.252,727.751,719.466,715.092,709.071,703.033,691.546,680.856,666.426,645.755,621.507,602.019,581.703,564.627,544.457,525.276,499.366,477.109,449.012,422.923,396.659,370.032,340.659,301.313,263.503,230.767,200.709,172.361,145.719,120.255,97.752,77.708,59.953,45.133,33.039,23.518,16.172,11.063,7.344,4.703
MMR,2086,573.745,579.444,581.474,584.56,589.161,593.243,594.88,598.225,603.881,608.312,612.532,616.759,621.579,625.882,628.673,633.69,633.342,638.346,643.532,646.294,647.385,651.749,652.942,658.98,663.88,667.501,669.032,671.338,676.967,678.396,680.795,686.255,690.664,690.86,695.801,700.38,700.466,707.021,710.876,711.52,715.593,719.421,718.518,719.029,719.406,722.133,724.584,727.095,726.338,731.852,731.123,730.495,734.509,733.888,734.995,734.969,736.682,735.116,733.447,731.854,726.759,723.407,720.281,711.365,706.241,699.404,692.452,680.034,668.306,652.817,631.144,605.926,585.297,563.813,545.41,523.947,503.336,476.188,452.464,423.174,395.814,368.359,340.711,310.789,272.187,235.496,203.815,174.937,148.01,123.062,99.7,79.448,61.83,46.661,34.337,24.556,17.041,11.391,7.558,4.855
MMR,2087,567.365,572.861,578.772,580.905,584.075,588.745,592.884,594.57,597.951,603.635,608.084,612.3,616.497,621.249,625.439,628.075,632.902,632.348,637.143,642.139,644.74,645.708,649.989,651.135,657.156,662.064,665.713,667.285,669.64,675.317,676.797,679.243,684.743,689.187,689.417,694.378,698.97,699.065,705.611,709.449,710.069,714.1,717.87,716.903,717.33,717.607,720.212,722.523,724.877,723.952,729.259,728.324,727.465,731.198,730.282,731.048,730.649,731.942,729.938,727.792,725.679,720.05,716.093,712.292,702.691,696.752,689.027,681.086,667.671,654.843,638.243,615.527,589.311,567.523,544.86,525.115,502.324,480.247,451.869,426.715,396.337,367.864,339.46,311.125,281.025,243.515,208.23,177.863,150.423,125.177,102.188,81.168,63.329,48.216,35.574,25.576,17.833,12.03,7.801,5.008
MMR,2088,564.388,566.497,572.2,578.21,580.427,583.665,588.391,592.577,594.3,597.71,603.409,607.855,612.042,616.171,620.81,624.846,627.293,631.913,631.154,635.76,640.595,643.073,643.959,648.192,649.324,655.352,660.287,663.977,665.599,668.005,673.731,675.258,677.749,683.283,687.758,688.013,692.987,697.584,697.679,704.207,708.018,708.602,712.579,716.28,715.235,715.564,715.725,718.195,720.353,722.534,721.428,726.513,725.353,724.24,727.666,726.426,726.822,726.024,726.87,724.402,721.752,719.09,712.889,708.279,703.748,693.402,686.577,677.89,668.889,654.417,640.435,622.673,598.881,571.657,548.701,524.852,503.725,479.573,456.024,426.461,399.969,368.666,339.318,310.29,281.63,251.711,215.587,181.957,153.159,127.417,104.12,83.346,64.829,49.49,36.841,26.559,18.619,12.62,8.259,5.183
MMR,2089,558.591,563.533,565.846,571.646,577.736,580.022,583.316,588.089,592.311,594.062,597.488,603.184,607.6,611.72,615.737,620.222,624.069,626.311,630.725,629.779,634.226,638.938,641.333,642.174,646.391,647.533,653.589,658.564,662.303,663.977,666.433,672.206,673.778,676.306,681.87,686.368,686.641,691.622,696.216,696.302,702.801,706.574,707.11,711.019,714.636,713.498,713.715,713.75,716.07,718.061,720.056,718.754,723.599,722.19,720.797,723.885,722.294,722.297,721.074,721.446,718.487,715.304,712.054,705.237,699.92,694.594,683.436,675.649,665.932,655.806,640.225,625.035,606.07,581.188,552.957,528.82,503.753,481.203,455.687,430.696,400.048,372.364,340.373,310.471,281.177,252.546,223.121,188.639,156.912,129.938,106.164,85.078,66.7,50.769,37.899,27.569,19.381,13.21,8.687,5.503
MMR,2090,555.156,557.747,562.887,565.298,571.179,577.335,579.676,583.016,587.825,592.075,593.843,597.266,602.933,607.282,611.29,615.153,619.45,623.092,625.13,629.356,628.255,632.579,637.207,639.558,640.385,644.61,645.783,651.879,656.901,660.691,662.417,664.922,670.737,672.35,674.911,680.498,685.011,685.297,690.274,694.855,694.922,701.381,705.105,705.582,709.409,712.927,711.682,711.774,711.669,713.825,715.635,717.428,715.914,720.494,718.813,717.111,719.833,717.867,717.448,715.777,715.647,712.168,708.415,704.531,697.041,690.954,684.76,672.72,663.901,653.09,641.781,625.039,608.589,588.398,562.416,533.173,507.821,481.496,457.514,430.662,404.311,372.728,344.079,311.719,281.615,252.403,224.112,195.469,162.888,133.311,108.431,86.893,68.207,52.332,38.956,28.42,20.162,13.782,9.114,5.801
MMR,2091,551.038,554.321,557.108,562.345,564.837,570.783,576.995,579.38,582.757,587.593,591.858,593.624,597.018,602.618,606.856,610.71,614.386,618.479,621.918,623.769,627.838,626.617,630.86,635.441,637.777,638.616,642.871,644.087,650.229,655.303,659.143,660.919,663.47,669.323,670.968,673.557,679.16,683.681,683.971,688.937,693.495,693.532,699.941,703.601,704.004,707.735,711.138,709.776,709.731,709.473,711.451,713.066,714.64,712.892,717.179,715.197,713.163,715.493,713.127,712.263,710.117,709.456,705.422,701.051,696.476,688.255,681.325,674.189,661.202,651.289,639.328,626.776,608.827,591.092,569.655,542.564,512.28,485.675,458.091,432.698,404.595,377.02,344.731,315.428,283.049,253.087,224.262,196.599,169.027,138.606,111.434,88.909,69.798,53.626,40.244,29.28,20.833,14.372,9.532,6.102
MMR,2092,545.667,550.213,553.689,556.573,561.888,564.446,570.446,576.701,579.123,582.527,587.379,591.642,593.378,596.706,602.196,606.28,609.948,613.421,617.312,620.564,622.259,626.208,624.908,629.104,633.671,636.018,636.888,641.184,642.45,648.644,653.768,657.657,659.48,662.072,667.955,669.63,672.238,677.85,682.372,682.657,687.601,692.124,692.122,698.466,702.049,702.364,705.985,709.263,707.77,707.576,707.151,708.938,710.34,711.673,709.666,713.631,711.323,708.931,710.846,708.057,706.724,704.076,702.847,698.21,693.168,687.84,678.818,670.971,662.824,648.832,637.767,624.598,610.753,591.568,572.525,549.822,521.586,490.23,462.366,433.55,406.822,377.603,349.02,316.337,286.721,254.667,225.147,196.993,170.253,144.057,116.058,91.541,71.561,54.994,41.331,30.319,21.517,14.89,9.967,6.4
MMR,2093,541.713,544.852,549.588,553.159,556.121,561.5,564.112,570.157,576.447,578.897,582.316,587.165,591.399,593.07,596.287,601.623,605.523,608.989,612.26,615.966,619.062,620.639,624.506,623.164,627.346,631.922,634.299,635.213,639.558,640.878,647.122,652.295,656.23,658.094,660.721,666.631,668.327,670.948,676.561,681.075,681.344,686.256,690.735,690.68,696.946,700.438,700.652,704.151,707.291,705.654,705.296,704.692,706.271,707.439,708.506,706.212,709.831,707.174,704.402,705.876,702.642,700.811,697.624,695.78,690.487,684.711,678.558,668.664,659.834,650.61,635.564,623.288,608.858,593.685,573.244,552.864,528.847,499.426,467,437.9,407.933,379.997,349.873,320.584,287.848,258.262,226.826,198.028,170.833,145.322,120.822,95.51,73.819,56.496,42.476,31.207,22.332,15.414,10.351,6.708
MMR,2094,536.453,540.906,544.233,549.062,552.71,555.738,561.17,563.826,569.906,576.222,578.688,582.105,586.925,591.093,592.654,595.72,600.872,604.569,607.834,610.921,614.471,617.449,618.947,622.769,621.416,625.608,630.214,632.633,633.598,637.996,639.371,645.662,650.882,654.858,656.758,659.415,665.343,667.054,669.68,675.285,679.78,680.025,684.895,689.316,689.195,695.369,698.757,698.859,702.222,705.211,703.419,702.886,702.087,703.436,704.345,705.117,702.514,705.761,702.733,699.561,700.57,696.864,694.5,690.73,688.214,682.204,675.623,668.572,657.739,647.863,637.509,621.353,607.813,592.09,575.557,553.833,532.062,506.68,476.067,442.601,412.343,381.352,352.411,321.682,292.021,259.569,230.309,199.766,171.974,146.042,122.088,99.609,77.168,58.399,43.73,32.143,23.04,16.036,10.742,6.985
MMR,2095,532.63,535.656,540.294,543.712,548.619,552.331,555.411,560.888,563.578,569.684,576.016,578.479,581.868,586.623,590.681,592.091,594.973,599.924,603.421,606.502,609.435,612.867,615.766,617.219,621.029,619.689,623.911,628.559,631.029,632.049,636.499,637.926,644.263,649.523,653.535,655.467,658.146,664.085,665.804,668.426,674.013,678.48,678.69,683.504,687.856,687.656,693.724,696.996,696.975,700.19,703.016,701.056,700.332,699.316,700.411,701.033,701.488,698.553,701.402,697.984,694.39,694.906,690.695,687.752,683.344,680.095,673.296,665.839,657.821,645.992,635.014,623.466,606.155,591.314,574.265,556.339,533.278,510.056,483.288,451.505,417.083,385.79,353.98,324.327,293.324,263.625,231.752,203.097,173.727,147.241,122.895,100.832,80.633,61.171,45.299,33.165,23.785,16.583,11.203,7.266
MMR,2096,527.443,531.842,535.05,539.779,543.274,548.243,552.007,555.131,560.642,563.36,569.48,575.809,578.245,581.568,586.214,590.12,591.348,594.03,598.781,602.095,605.024,607.84,611.192,614.047,615.489,619.309,618.002,622.266,626.964,629.489,630.564,635.064,636.541,642.92,648.215,652.256,654.212,656.907,662.852,664.568,667.177,672.738,677.166,677.33,682.075,686.342,686.052,692.002,695.148,694.991,698.046,700.694,698.552,697.616,696.36,697.176,697.487,697.601,694.314,696.746,692.915,688.874,688.861,684.1,680.525,675.419,671.364,663.705,655.302,646.256,633.377,621.239,608.443,589.944,573.769,555.361,535.976,511.519,486.819,458.672,425.793,390.546,358.418,326.083,296.041,265.096,235.655,204.632,176.871,148.968,124.108,101.678,81.778,64.047,47.551,34.431,24.597,17.161,11.613,7.597
MMR,2097,524.912,526.664,531.241,534.54,539.344,542.902,547.923,551.73,554.889,560.425,563.158,569.278,575.577,577.948,581.162,585.656,589.381,590.41,592.895,597.462,600.624,603.436,606.174,609.483,612.326,613.78,617.63,616.368,620.683,625.435,628.014,629.143,633.691,635.213,641.627,646.952,651.017,652.991,655.694,661.633,663.34,665.927,671.448,675.827,675.931,680.595,684.766,684.374,690.195,693.201,692.896,695.78,698.235,695.89,694.72,693.199,693.709,693.69,693.442,689.783,691.774,687.507,682.986,682.398,677.035,672.767,666.893,661.955,653.37,643.962,633.831,619.846,606.491,592.409,572.693,555.146,535.312,514.4,488.516,462.335,432.871,399.018,363.148,330.475,297.939,267.836,237.24,208.334,178.444,151.882,125.755,102.851,82.61,65.077,49.881,36.214,25.588,17.783,12.043,7.892
MMR,2098,517.6,524.14,526.069,530.736,534.109,538.976,542.585,547.648,551.49,554.675,560.227,562.958,569.048,575.283,577.545,580.61,584.922,588.447,589.279,591.583,595.999,599.045,601.779,604.473,607.77,610.624,612.111,616.004,614.796,619.165,623.969,626.602,627.781,632.374,633.935,640.379,645.727,649.809,651.792,654.497,660.423,662.109,664.664,670.137,674.452,674.483,679.053,683.117,682.613,688.293,691.148,690.684,693.379,695.621,693.05,691.619,689.812,689.996,689.622,688.992,684.944,686.467,681.73,676.685,675.469,669.444,664.41,657.694,651.807,642.234,631.764,620.487,605.342,590.731,575.325,554.358,535.37,514.04,491.557,464.245,436.634,405.958,371.33,335.133,302.24,269.829,239.958,209.986,181.908,153.446,128.411,104.388,83.709,65.862,50.783,38.068,26.972,18.541,12.509,8.204
MMR,2099,515.639,516.838,523.549,525.569,530.31,533.745,538.662,542.314,547.411,551.279,554.479,560.029,562.732,568.757,574.884,576.996,579.88,583.993,587.322,587.974,590.127,594.427,597.395,600.088,602.77,606.078,608.965,610.495,614.439,613.289,617.712,622.568,625.251,626.477,631.109,632.703,639.172,644.537,648.628,650.613,653.308,659.212,660.869,663.381,668.79,673.028,672.978,677.444,681.389,680.761,686.287,688.978,688.341,690.827,692.833,690.012,688.299,686.183,686.021,685.276,684.243,679.78,680.8,675.552,669.934,668.024,661.269,655.397,647.773,640.872,630.257,618.665,606.184,589.844,573.941,557.168,534.887,514.383,491.513,467.446,438.756,409.811,378.112,342.998,306.802,274.014,242.019,212.654,183.595,156.651,129.936,106.772,85.113,66.865,51.498,38.836,28.412,19.586,13.071,8.54
MMR,2100,510.65,514.884,516.254,523.054,525.147,529.949,533.434,538.393,542.079,547.202,551.085,554.284,559.805,562.444,568.361,574.337,576.269,578.956,582.873,586.023,586.525,588.564,592.786,595.713,598.392,601.088,604.427,607.357,608.94,612.94,611.847,616.323,621.229,623.959,625.226,629.889,631.513,637.998,643.372,647.465,649.443,652.122,657.992,659.609,662.064,667.399,671.55,671.406,675.756,679.572,678.81,684.17,686.684,685.854,688.109,689.851,686.761,684.744,682.302,681.775,680.638,679.18,674.27,674.742,668.931,662.68,660.008,652.45,645.674,637.081,629.109,617.392,604.622,590.897,573.324,556.087,537.872,514.207,492.139,467.713,442.099,412.123,382.023,349.58,314.307,278.442,246.049,214.738,186.17,158.328,132.854,108.218,87.211,68.113,52.386,39.464,29.047,20.678,13.84,8.945
