BGD,1950,0.25893828,0.07548788,0.04933306,0.03288258,0.02242798,0.01528779,0.01050841,0.00755257,0.00588999,0.00499784,0.00435657,0.00401103,0.00388083,0.00392633,0.0041288,0.00447488,0.00491427,0.00534307,0.00566469,0.00581623,0.00583014,0.00576876,0.00567119,0.00558024,0.00554357,0.00559088,0.00570687,0.00585705,0.00602608,0.00622198,0.00646614,0.00675664,0.00703536,0.00718412,0.00717744,0.00709173,0.00702403,0.00703088,0.00710638,0.00726077,0.00750838,0.00785496,0.00830534,0.008852,0.00948863,0.01021764,0.01104017,0.01194406,0.01290783,0.01391498,0.01494705,0.0159721,0.01696828,0.01794939,0.01898424,0.02021476,0.02218168,0.02457024,0.02732493,0.0304128,0.03383972,0.03755845,0.04152124,0.04565341,0.04987433,0.05410963,0.05775329,0.06204928,0.06741349,0.07404712,0.08191185,0.09095066,0.10091016,0.1116242,0.12298677,0.13504035,0.14792527,0.16204896,0.17791,0.19582605,0.21593775,0.23809997,0.26239961,0.28909581,0.31841717,0.35063816,0.38637394,0.42640096,0.47135582,0.52228037,0.5782383,0.63899206,0.70698828,0.78250751,0.86569207,0.95287917,0.98507554,1,1,1
BGD,1951,0.25121637,0.0679597,0.04921221,0.03265826,0.02219357,0.01525258,0.01054612,0.00758222,0.00587558,0.00494864,0.00431701,0.0039743,0.00384257,0.00388386,0.00408085,0.00442099,0.00485799,0.00528618,0.00560953,0.00576728,0.00578636,0.0057263,0.00562686,0.00553179,0.00548861,0.00552779,0.00563975,0.00578977,0.00595653,0.00615142,0.00640434,0.00670541,0.00699129,0.00715579,0.00716159,0.00708034,0.00700409,0.00699425,0.00706631,0.00721281,0.00744651,0.00778151,0.00821927,0.00875827,0.00938637,0.01010634,0.01091879,0.01181742,0.01277765,0.01377789,0.01479568,0.01579311,0.01675239,0.0176899,0.01867281,0.01983574,0.02171585,0.0240313,0.02673236,0.02976701,0.03311972,0.03678925,0.04067604,0.04473662,0.04890462,0.05316844,0.05689783,0.06111115,0.06633632,0.07281104,0.08063753,0.08974916,0.09962424,0.11021873,0.12142933,0.13338201,0.14630001,0.16036967,0.17603474,0.19369141,0.21356448,0.23569702,0.25985977,0.28623164,0.31517941,0.34708523,0.38232963,0.42157587,0.46560753,0.51512397,0.57101034,0.63197374,0.69826478,0.77271143,0.85443785,1,1,1,1,1
BGD,1952,0.2436011,0.06589277,0.04404119,0.03239701,0.0219228,0.01414573,0.00932094,0.00667262,0.00544004,0.00487333,0.00426084,0.00392685,0.00379749,0.00383641,0.00402771,0.00436046,0.00478978,0.00521515,0.0055384,0.00569947,0.00572652,0.00567304,0.00557652,0.00548094,0.00543452,0.00546729,0.00557042,0.00571565,0.00588157,0.00607316,0.00632342,0.00663159,0.00692736,0.00710037,0.00712362,0.0070559,0.00698506,0.00696676,0.00702127,0.00716231,0.00738523,0.00770357,0.00812664,0.00865052,0.00926975,0.00997865,0.01077777,0.01166176,0.01261239,0.01360469,0.01461126,0.01559013,0.01651749,0.01741433,0.01834882,0.01945178,0.02124314,0.02345258,0.02606237,0.02902645,0.03230844,0.03588505,0.03970618,0.04367349,0.04775413,0.05195157,0.0557096,0.05998848,0.06509414,0.07138107,0.0789919,0.08801426,0.0979267,0.10838828,0.11942878,0.13117193,0.14392579,0.15796762,0.17349498,0.19084928,0.21034006,0.23210843,0.25612997,0.28222968,0.3107043,0.34207541,0.37680268,0.415303,0.45827424,0.50654743,0.56059974,0.62125006,0.68773288,0.75976015,0.83990261,0.93156964,0.97852163,1,1,1
BGD,1953,0.23674279,0.06414399,0.04273833,0.02904867,0.02179829,0.01655427,0.01222481,0.00883041,0.00637159,0.00484975,0.00425383,0.00393024,0.00380562,0.00384569,0.00403443,0.00436173,0.00478478,0.0052049,0.0055292,0.00569445,0.00572824,0.00568498,0.00559662,0.00550549,0.00546004,0.00549101,0.00558901,0.00572657,0.00588902,0.00608072,0.00632807,0.0066341,0.00693887,0.0071258,0.00716191,0.00711457,0.00705887,0.00704724,0.00709376,0.00721688,0.00743304,0.00773917,0.00814493,0.00865385,0.00925896,0.0099617,0.01075168,0.01162348,0.01256099,0.01354596,0.01454777,0.01551943,0.01643241,0.01730149,0.01819922,0.01925531,0.02097817,0.02309529,0.02559692,0.02847224,0.03168911,0.0352026,0.03894059,0.04285665,0.04685973,0.05098578,0.05470627,0.05901862,0.06419101,0.07034987,0.07776077,0.08655564,0.09639139,0.10691986,0.11784538,0.12943426,0.14198627,0.15586756,0.17137904,0.18859024,0.20776148,0.22912937,0.25278488,0.27877168,0.30698828,0.33791013,0.37212507,0.41008428,0.45226192,0.49946509,0.55228024,0.61102834,0.67723769,0.74997295,0.82761762,0.91658945,0.96542131,1,1,1
BGD,1954,0.22935461,0.06170381,0.04105752,0.0277662,0.01921978,0.01333841,0.0093604,0.00686321,0.00542821,0.00463588,0.00406945,0.00376746,0.00365546,0.00369892,0.0038843,0.00420207,0.00461154,0.00501849,0.00533196,0.00549256,0.00552389,0.00548057,0.00539626,0.00530803,0.00526167,0.00528773,0.00537782,0.00550376,0.00565193,0.00583352,0.00607392,0.00637022,0.00666726,0.00685999,0.00690764,0.00686916,0.00682825,0.00682556,0.00687289,0.00698198,0.00717356,0.00746544,0.00785112,0.00833488,0.0089165,0.00959676,0.01037286,0.01122667,0.01214271,0.01310571,0.01409172,0.01505074,0.01594816,0.01679248,0.01764908,0.01865097,0.0202965,0.02231563,0.02469154,0.02742106,0.03051036,0.03391828,0.03755399,0.04134733,0.04525846,0.04926222,0.05288181,0.05710884,0.06226531,0.06844118,0.07565862,0.08417697,0.09371117,0.10410675,0.11506013,0.12648197,0.1388239,0.15243682,0.16771149,0.18483638,0.20376771,0.2246919,0.24780117,0.27326966,0.3012326,0.3317109,0.36528408,0.40253995,0.4439114,0.48995633,0.54131756,0.59839834,0.66200859,0.73401758,0.81187379,0.89836358,0.95404872,1,1,1
BGD,1955,0.22285598,0.05922934,0.03932833,0.02659336,0.01834493,0.01268655,0.00890688,0.00657073,0.00525248,0.00452939,0.00397734,0.00369009,0.00359034,0.00364204,0.00382964,0.00414399,0.00454451,0.00493979,0.00524355,0.00539886,0.00543225,0.00539321,0.0053151,0.00523559,0.0051955,0.00522346,0.00531139,0.00543228,0.00557157,0.0057414,0.00597379,0.00626529,0.00655618,0.00674703,0.00680701,0.00678527,0.00675602,0.00676994,0.00682811,0.00693983,0.00711875,0.00738676,0.0077585,0.00822308,0.00878156,0.00944065,0.01019733,0.01104108,0.01194175,0.01288512,0.013851,0.01479698,0.01568599,0.01651946,0.01735585,0.01831992,0.01990529,0.0218458,0.02412324,0.02672663,0.0296707,0.03295517,0.03649165,0.04019151,0.04399235,0.04791989,0.05144553,0.05557114,0.06063178,0.06678012,0.07400656,0.08230848,0.09154596,0.10162381,0.11244421,0.12389971,0.13605815,0.1494356,0.16440411,0.18125048,0.20006602,0.22070223,0.24330313,0.26815045,0.29552405,0.32569869,0.35874439,0.39527544,0.43585746,0.48094943,0.53095272,0.58638036,0.648003,0.71668355,0.7937641,0.87642222,0.93909425,0.99825167,1,1
BGD,1956,0.21705105,0.05711041,0.03796512,0.02564342,0.01770996,0.01229059,0.00867891,0.00645619,0.0052019,0.00450372,0.00395201,0.00366916,0.0035781,0.00363942,0.00383452,0.00415117,0.00454865,0.00493596,0.005231,0.005382,0.00541577,0.00538344,0.00531324,0.00524232,0.00521239,0.00524778,0.00533889,0.00545927,0.0055953,0.00575771,0.00597959,0.00626469,0.00655359,0.0067432,0.00680645,0.00680058,0.00678979,0.00681562,0.00689084,0.00701431,0.00719684,0.00745311,0.0078015,0.00825274,0.00879348,0.00943184,0.01016986,0.01099734,0.01189168,0.01282214,0.01377085,0.01470001,0.01558038,0.01641095,0.01724173,0.01818935,0.01973241,0.02161237,0.02381221,0.02631996,0.02913962,0.03228066,0.03569987,0.03931006,0.04303116,0.04686236,0.05033916,0.05436783,0.05931519,0.0653562,0.07255166,0.08086589,0.0898839,0.09966049,0.1101604,0.12149342,0.13370261,0.14689418,0.16162043,0.17814749,0.19667317,0.21720284,0.2395097,0.26382545,0.29054339,0.32009852,0.35283803,0.38880632,0.42864141,0.47293475,0.52193641,0.575931,0.63581849,0.7024244,0.77610788,0.86610579,0.93975446,1,1,1
BGD,1957,0.21052728,0.05426082,0.03609581,0.0243328,0.01672367,0.01155513,0.00814966,0.00608289,0.0049366,0.00429653,0.00374971,0.00347308,0.00338749,0.00345457,0.0036545,0.00397306,0.00436702,0.00474628,0.00502855,0.00516488,0.00518654,0.00514557,0.0050734,0.00500259,0.00497333,0.00501091,0.00510205,0.00521864,0.00534741,0.00549955,0.00570669,0.00597456,0.0062516,0.00643547,0.00649385,0.00648612,0.00648455,0.00652146,0.00660129,0.00673534,0.00692388,0.00717781,0.00750801,0.00792834,0.00844765,0.00906044,0.00977066,0.01057305,0.01144623,0.01236671,0.01329834,0.01420631,0.01506504,0.01588031,0.01669864,0.0176271,0.01913163,0.0209494,0.02306654,0.02547246,0.02816954,0.03115564,0.03440205,0.0378684,0.04147145,0.04519412,0.04856087,0.05250918,0.057326,0.06322079,0.07028008,0.07854516,0.08757348,0.09711712,0.10730615,0.11831422,0.13041334,0.14367982,0.15822599,0.17451709,0.19272912,0.21298297,0.23522385,0.25927197,0.28546466,0.3143557,0.34647109,0.3821643,0.42144051,0.4650042,0.51325228,0.56627911,0.62472512,0.6895804,0.76125437,0.84334055,0.92276808,0.98099551,1,1
BGD,1958,0.20530566,0.05225895,0.03488835,0.02359159,0.01624042,0.01125173,0.00798055,0.0060073,0.00491591,0.00429519,0.00373574,0.0034486,0.0033574,0.00342279,0.00362483,0.00394657,0.00434235,0.00471948,0.00499713,0.00512856,0.00514729,0.00510672,0.00503705,0.00497256,0.00494937,0.00499235,0.00509031,0.00521216,0.00534288,0.00549372,0.00569602,0.00595453,0.0062207,0.00640031,0.00646061,0.0064543,0.00645572,0.00650608,0.00660137,0.00674475,0.00694902,0.00721459,0.00754763,0.0079547,0.00844735,0.00904299,0.00973224,0.0105115,0.01136357,0.0122661,0.01319012,0.0140826,0.01492323,0.01572196,0.01653225,0.01745594,0.01894197,0.02072472,0.02278088,0.02510496,0.02770308,0.03056972,0.03366209,0.03695747,0.04042579,0.04404263,0.0473269,0.05116004,0.05587561,0.06160539,0.06847757,0.07656267,0.08551472,0.09504764,0.10495671,0.11558951,0.12728416,0.14036367,0.15491109,0.17092182,0.18878815,0.20860949,0.23045804,0.25434144,0.28014799,0.3083614,0.33963004,0.37450052,0.41332522,0.45611801,0.50341011,0.55547726,0.61276419,0.67595812,0.74569991,0.82871314,0.91807049,0.98267093,1,1
BGD,1959,0.20000753,0.05024206,0.03350504,0.02271712,0.01566438,0.01076179,0.00744807,0.00540276,0.00430598,0.00384144,0.00369616,0.00339812,0.00329704,0.00335617,0.0035562,0.00388155,0.00428404,0.00466777,0.00494776,0.00507753,0.0050917,0.00504638,0.00497398,0.00490848,0.00488824,0.0049343,0.00503561,0.00516319,0.00529822,0.0054497,0.00564869,0.00589988,0.00615529,0.00632463,0.00638156,0.00637707,0.00637861,0.00643011,0.0065368,0.00669328,0.00690492,0.00718476,0.00752846,0.00793694,0.00841468,0.00898149,0.00965213,0.01041017,0.01124043,0.01212442,0.01303425,0.01392393,0.01475386,0.01553879,0.01633523,0.01725177,0.0187284,0.02049406,0.02251821,0.0247846,0.02730541,0.03008007,0.03306139,0.03621142,0.03951928,0.04301432,0.0462189,0.04997411,0.05457705,0.06021499,0.06693513,0.07485393,0.0836654,0.09318125,0.10315187,0.11356064,0.12493369,0.13766691,0.15210995,0.16822945,0.18591201,0.20549165,0.22701701,0.25063349,0.27643128,0.3044083,0.33514329,0.36932433,0.4075174,0.4501162,0.49691236,0.54830682,0.60490654,0.66724945,0.73575738,0.81416886,0.90010496,0.96548133,1,1
BGD,1960,0.19741563,0.04962083,0.032863,0.02225631,0.01546985,0.01081356,0.0076806,0.00571573,0.00458083,0.00395451,0.00350806,0.00353324,0.00339879,0.00343107,0.00360847,0.00391795,0.00431502,0.00470216,0.00498704,0.00511517,0.00512222,0.0050668,0.00498511,0.00491361,0.00489009,0.00493772,0.00504167,0.00517287,0.00531478,0.00547247,0.0056744,0.0059248,0.0061757,0.00633867,0.00639054,0.0063873,0.00639464,0.00644965,0.00656101,0.00673261,0.0069612,0.00725312,0.0076167,0.00804215,0.00852727,0.00908492,0.00973205,0.01047797,0.01129454,0.0121651,0.01306578,0.01395155,0.01478998,0.01557649,0.01637192,0.01728686,0.01876571,0.02053629,0.02255887,0.02480909,0.02728781,0.03000393,0.03291675,0.03598054,0.03916713,0.04252845,0.04565381,0.04935852,0.05391358,0.0594699,0.06613655,0.07394365,0.08264316,0.09210108,0.10217268,0.11276667,0.12399819,0.13644678,0.15055413,0.16660428,0.18445503,0.20389169,0.22521882,0.24855326,0.27413397,0.30218005,0.33273472,0.3664162,0.40394859,0.44596496,0.49267811,0.54366849,0.59966355,0.66134504,0.72889798,0.81026318,0.89270257,0.95338588,1,1
BGD,1961,0.190852,0.04680389,0.03123038,0.02124055,0.014725,0.01024749,0.00725969,0.00541302,0.00436414,0.00378228,0.00333992,0.00311639,0.00329876,0.00331327,0.00347208,0.00376644,0.00415433,0.00454153,0.00483148,0.00496407,0.00497014,0.0049096,0.00482086,0.00474263,0.00471377,0.00475728,0.00486115,0.0049929,0.00513622,0.00529795,0.00550183,0.0057501,0.00599482,0.00614873,0.00619035,0.00617684,0.00617861,0.00623152,0.00633773,0.00650477,0.00673864,0.00703703,0.00740213,0.00783636,0.00832643,0.00887768,0.00950037,0.0102063,0.01099549,0.01183761,0.01270984,0.01357101,0.01438826,0.01516408,0.01593998,0.01683001,0.01827561,0.02001711,0.02201118,0.02422365,0.02664572,0.02927344,0.03207895,0.0350216,0.0380622,0.04123451,0.04416457,0.04771013,0.0521238,0.05753396,0.06401349,0.0716586,0.08013467,0.0893587,0.09922935,0.10977137,0.12104499,0.13322143,0.14694933,0.16258472,0.18030638,0.19987058,0.22098519,0.24404601,0.26925829,0.29699921,0.32755748,0.36095774,0.39784684,0.43903046,0.48499275,0.53578926,0.59122787,0.65205762,0.71852733,0.79271874,0.86769188,0.94475885,1,1
BGD,1962,0.18570525,0.04473417,0.02969714,0.02009987,0.01387422,0.00958456,0.00670419,0.00491466,0.00390324,0.0033605,0.00297456,0.00278564,0.00275376,0.0030884,0.00324645,0.0035346,0.00391715,0.00430387,0.00460299,0.00475034,0.00476958,0.00471592,0.00462903,0.00454855,0.00451475,0.0045522,0.00464962,0.00477819,0.00491776,0.00507454,0.00527378,0.0055141,0.00574828,0.00589176,0.00592448,0.00590268,0.0058948,0.00594083,0.00604204,0.00619923,0.00642207,0.00671788,0.0070806,0.00750769,0.00799846,0.00854672,0.00915387,0.00982429,0.01056038,0.01136219,0.01219265,0.01301184,0.01379168,0.01453322,0.01528434,0.01613841,0.01752919,0.01920743,0.0211416,0.02329561,0.02565015,0.02818972,0.03087386,0.03367875,0.03657081,0.03956708,0.04228681,0.04558938,0.04977603,0.054958,0.06119041,0.06853056,0.07672741,0.08559902,0.09510759,0.1053279,0.11642494,0.12850134,0.14175521,0.15675168,0.17376369,0.19289607,0.21382769,0.23630679,0.26082987,0.28771905,0.31741778,0.35021933,0.38610158,0.4257932,0.46995506,0.51893487,0.57304021,0.63199787,0.69607515,0.77480239,0.85965029,0.93707541,1,1
BGD,1963,0.18348385,0.04468031,0.02945674,0.02000517,0.01399059,0.00986537,0.00709224,0.00535643,0.00434128,0.00374886,0.0032932,0.00304108,0.00295285,0.0030146,0.00344735,0.00369546,0.00404031,0.00440136,0.00468724,0.00483165,0.00485184,0.00479865,0.00470986,0.00462773,0.00459242,0.00462874,0.00472637,0.00485604,0.00500084,0.00516348,0.00536875,0.00561722,0.00585836,0.00600902,0.00604968,0.00603543,0.0060318,0.00607744,0.00618029,0.00634073,0.00656187,0.00685512,0.00722436,0.00765868,0.00815268,0.00871326,0.00933036,0.00999944,0.01071557,0.0114812,0.01229116,0.01308904,0.01384715,0.01457297,0.01531167,0.01616391,0.01753697,0.01919106,0.02109615,0.0232284,0.02556791,0.028086,0.03072929,0.03346175,0.03627167,0.03917782,0.04178701,0.04491729,0.04889437,0.05388624,0.05993404,0.06708393,0.07505735,0.08375768,0.09304468,0.1030438,0.1139569,0.12596363,0.13918595,0.15375546,0.17017005,0.18864363,0.20923197,0.2316419,0.25567565,0.28197037,0.3108961,0.34289668,0.37826251,0.41695522,0.45958176,0.50667109,0.55884513,0.61635591,0.67808445,0.74363284,0.8103338,0.90248101,0.96309758,1
BGD,1964,0.1786122,0.04254049,0.02804876,0.01877753,0.01290203,0.00890586,0.00623857,0.00459453,0.0036731,0.00317711,0.00280595,0.00262079,0.00258117,0.00266178,0.0028672,0.00345327,0.0037962,0.00414773,0.0044311,0.00458558,0.00462623,0.00459497,0.00452321,0.0044487,0.00441275,0.00444182,0.00452871,0.00464791,0.00478305,0.00493906,0.00513716,0.00537893,0.00561673,0.0057637,0.00579852,0.00577563,0.00576152,0.00579363,0.0058801,0.00602849,0.00624136,0.00652343,0.00688225,0.00731718,0.00781449,0.00837578,0.00900283,0.00967813,0.01038694,0.01112389,0.0118869,0.01265478,0.01338122,0.01407204,0.01477872,0.01559884,0.0169426,0.01855587,0.02041473,0.02249597,0.02478995,0.02726943,0.02986693,0.03253053,0.03523524,0.03802746,0.0405258,0.04350937,0.04727235,0.05201412,0.0578391,0.06477326,0.07253391,0.08098236,0.09005636,0.09977662,0.11042309,0.12225439,0.13547645,0.15010449,0.16616955,0.18412815,0.2041601,0.22638365,0.25054971,0.27655017,0.30511763,0.33662709,0.37152672,0.41013815,0.45221031,0.49827705,0.54914244,0.60532822,0.66654043,0.73283495,0.80635161,0.88201227,0.96429261,1
BGD,1965,0.17893607,0.04367563,0.02886911,0.01966316,0.01381971,0.00985858,0.00724373,0.00564285,0.00470726,0.00412284,0.00360987,0.00328386,0.00313673,0.00314825,0.00327889,0.00353794,0.00418162,0.00448319,0.00472248,0.00484548,0.00486877,0.00483329,0.00476452,0.00469694,0.00466793,0.00470303,0.00479424,0.00491689,0.0050582,0.0052248,0.00543952,0.00569936,0.00595655,0.0061262,0.00618264,0.00617796,0.00617821,0.00622157,0.0063147,0.00646667,0.00668807,0.00698273,0.00735147,0.00779688,0.00831559,0.00890121,0.00955147,0.01026201,0.01100476,0.01176324,0.0125273,0.01327964,0.01401064,0.01470639,0.01541843,0.01625089,0.01760737,0.01924477,0.02111934,0.02321345,0.02551662,0.0280134,0.03064026,0.03332845,0.03603567,0.03879565,0.04126316,0.04421203,0.04790166,0.05250078,0.05815122,0.06495043,0.07260414,0.08098357,0.08998819,0.09969358,0.11022744,0.12189802,0.13500403,0.14969159,0.16588407,0.18353846,0.2030974,0.22481629,0.24889383,0.2751613,0.30354297,0.33481798,0.36936424,0.40767951,0.44992422,0.4956973,0.54580702,0.60106738,0.66145668,0.73266007,0.8072852,0.89057637,0.96510426,1
BGD,1966,0.1734812,0.04061317,0.02685918,0.0180098,0.01229791,0.00840928,0.00584165,0.00428552,0.00343658,0.00299425,0.00265508,0.00248382,0.00243961,0.00250793,0.0026904,0.00297844,0.00335607,0.00405678,0.00429399,0.00441606,0.0044489,0.0044307,0.00438368,0.00433372,0.00431342,0.00434641,0.00442726,0.00453392,0.00465556,0.00480043,0.00499261,0.0052333,0.00547345,0.0056298,0.00567747,0.0056633,0.00565054,0.00567724,0.0057513,0.00587977,0.0060741,0.00634573,0.00669488,0.00711834,0.00761642,0.00819305,0.00883682,0.00953819,0.01028162,0.01103648,0.01178119,0.01248927,0.01315541,0.01380385,0.01446253,0.01523458,0.01652673,0.01809843,0.01991499,0.02193604,0.02416069,0.02657311,0.02912171,0.03174318,0.03437576,0.03703226,0.03936011,0.04215572,0.04567648,0.05005443,0.05539559,0.06183485,0.06916269,0.07721607,0.08588625,0.09522968,0.10547879,0.11682464,0.12962774,0.14409047,0.16023961,0.17791178,0.19701058,0.21806856,0.24143137,0.26741449,0.29586963,0.32669276,0.36069317,0.39827609,0.43977366,0.48521031,0.53442141,0.58822077,0.64685443,0.71242309,0.78354633,0.86852505,0.93786046,1
BGD,1967,0.17176089,0.04006495,0.02636192,0.01768652,0.01208365,0.00825726,0.0057259,0.00418793,0.00334647,0.00290716,0.00257314,0.00241415,0.00237613,0.0024434,0.00261495,0.00289573,0.00325223,0.00362751,0.00427102,0.00437106,0.00438513,0.00436012,0.00431616,0.00427715,0.0042694,0.00431219,0.0043969,0.00450236,0.00461877,0.00475698,0.00494375,0.00518064,0.00542183,0.00558095,0.00563284,0.00562523,0.00561718,0.00564502,0.00571704,0.0058411,0.00602727,0.00628871,0.00663291,0.0070556,0.00755099,0.00812647,0.00878212,0.00949943,0.01025814,0.01104039,0.01180852,0.01252408,0.01317274,0.01378379,0.01442592,0.01517902,0.01644859,0.01800253,0.01980425,0.0218218,0.02402877,0.02642051,0.02894476,0.03155085,0.03418337,0.03683346,0.03912924,0.04185103,0.04528987,0.04957731,0.05478281,0.06100512,0.06808183,0.07594024,0.08444881,0.09365054,0.10373198,0.11497385,0.12758703,0.14186463,0.15793765,0.1757572,0.19509047,0.21588594,0.23879697,0.26430389,0.29279172,0.32407673,0.35801463,0.39550789,0.43680682,0.48213732,0.53181636,0.58560366,0.64395669,0.71276253,0.78421747,0.87150987,0.95463232,1
BGD,1968,0.17070878,0.03963446,0.02620361,0.01749416,0.01196249,0.00819977,0.00568669,0.00413947,0.00327936,0.00283021,0.00251162,0.0023519,0.00232076,0.00239067,0.00255863,0.00282557,0.00317369,0.00352738,0.00383,0.00435842,0.00434982,0.00430613,0.00425516,0.0042189,0.00422196,0.00427753,0.00437255,0.00448218,0.00459721,0.00472943,0.0049081,0.00513761,0.00537326,0.0055333,0.0055894,0.00558804,0.00558863,0.00562275,0.00569648,0.00581799,0.00599786,0.00624825,0.00657897,0.00699308,0.00748375,0.0080524,0.00870267,0.00942852,0.0102005,0.01099574,0.01179015,0.0125279,0.01318201,0.01377221,0.01437242,0.01510411,0.01634585,0.01786721,0.01964118,0.02163384,0.02382726,0.02619095,0.02868652,0.03126038,0.03387107,0.03651716,0.03880465,0.0414845,0.04483161,0.04901284,0.05409621,0.06014008,0.06694782,0.07449995,0.08276402,0.09175423,0.10164202,0.11265666,0.12510243,0.13911038,0.1549114,0.17257073,0.19197597,0.21292483,0.23543571,0.26031517,0.28812457,0.31926075,0.35348622,0.39064905,0.43154027,0.4762645,0.5252947,0.57903922,0.63680577,0.70111944,0.76830071,0.83564191,0.91494985,0.9998074
BGD,1969,0.17006692,0.03946071,0.02602464,0.01746528,0.01189492,0.0080859,0.00557111,0.00404837,0.00322147,0.00279755,0.00248092,0.00232881,0.00229267,0.00236601,0.002534,0.00279547,0.00312823,0.00347535,0.00375919,0.00394531,0.00437688,0.0043121,0.00424397,0.00420103,0.00420644,0.0042725,0.00438065,0.00450144,0.0046218,0.00475423,0.00492924,0.00515379,0.00538561,0.00554333,0.00560221,0.00560494,0.00561058,0.00565263,0.00573292,0.00585742,0.00603694,0.00628385,0.00660729,0.0070129,0.00750084,0.00807132,0.00872198,0.00945037,0.01024033,0.01105889,0.01187596,0.01264958,0.01333377,0.01393576,0.01452048,0.01521613,0.01644673,0.01795495,0.01971376,0.02169877,0.02388809,0.02625826,0.02874492,0.03131195,0.03391254,0.03655945,0.03886783,0.0415608,0.04488925,0.04900433,0.0540134,0.05997542,0.06665194,0.07398284,0.08199427,0.09080581,0.10055203,0.11144941,0.1237531,0.13769865,0.15334206,0.17086228,0.1902798,0.21152184,0.23442952,0.2591234,0.28652952,0.31724633,0.35168138,0.38957954,0.4305739,0.47542188,0.52447309,0.57808826,0.63620602,0.70109851,0.77038252,0.85392575,0.92965999,1
BGD,1970,0.18699099,0.05107929,0.03391874,0.02450051,0.01885409,0.01501406,0.01240908,0.01069011,0.00939254,0.00821841,0.00706808,0.00614766,0.00558129,0.0053036,0.00516817,0.0051694,0.00529005,0.0054757,0.00564094,0.00570024,0.00569211,0.00598271,0.00583854,0.00575836,0.00577123,0.00587755,0.00604824,0.00623868,0.00643326,0.00664555,0.00690134,0.00720355,0.00750825,0.00773956,0.00787745,0.00796556,0.0080563,0.00818259,0.00835005,0.00856065,0.00882137,0.00914492,0.00953869,0.01000311,0.01054287,0.01117151,0.01188855,0.01268746,0.01355707,0.01447808,0.01541052,0.01630651,0.01713758,0.01789909,0.01864419,0.01948443,0.02084309,0.02249967,0.02439645,0.02651661,0.02885436,0.03137882,0.03403967,0.0367896,0.03959771,0.04245513,0.04499714,0.04795308,0.05153322,0.05586387,0.0610448,0.0671846,0.07404411,0.08159587,0.08982774,0.09880979,0.10865866,0.11942887,0.13146756,0.14511765,0.16052922,0.1776886,0.19674218,0.21775786,0.24069215,0.26547078,0.29228986,0.32211631,0.3555692,0.39308633,0.43418177,0.47828308,0.52635715,0.57840262,0.63277529,0.69479153,0.76710709,0.83723424,0.91431016,0.99935694
BGD,1971,0.23179795,0.08231091,0.0540109,0.0388744,0.02924792,0.02239799,0.01760576,0.01431175,0.01189733,0.01000736,0.00847889,0.00749746,0.00714151,0.00768824,0.00915341,0.01126176,0.01369523,0.01610936,0.01906428,0.02278047,0.02643526,0.02926856,0.03081848,0.03093514,0.03113472,0.03136915,0.03162826,0.03187541,0.031713,0.03100625,0.03012884,0.02944259,0.02926867,0.02943071,0.02955064,0.0296529,0.02977455,0.02991772,0.03003304,0.03013229,0.03028681,0.03057497,0.03105388,0.03178186,0.03274752,0.03388674,0.03511947,0.03637868,0.0376276,0.03889317,0.04020165,0.04154666,0.0429428,0.04453264,0.04637619,0.04847084,0.05112628,0.05400852,0.05715343,0.06065524,0.06451605,0.06872781,0.07328603,0.07824889,0.08355352,0.08915615,0.09463387,0.10060638,0.10730275,0.11493005,0.12354349,0.13320766,0.14373566,0.1559635,0.16987064,0.18425734,0.19810197,0.21039316,0.22228584,0.23577411,0.2509848,0.26805395,0.28691673,0.30778121,0.33079928,0.35606556,0.38352667,0.41331841,0.44649601,0.4837321,0.52529955,0.57047203,0.6186697,0.67033683,0.72349659,0.79222449,0.86835325,0.94432589,1,1
BGD,1972,0.16922009,0.03909313,0.02580002,0.01721027,0.01178336,0.00807625,0.00557386,0.00400886,0.00311875,0.00264371,0.00231956,0.00215239,0.00211426,0.00218417,0.00234916,0.00259817,0.00292148,0.00324511,0.00350538,0.00366081,0.00373748,0.00376258,0.00377703,0.00411821,0.00408053,0.00412403,0.00423561,0.00437959,0.00453136,0.00468728,0.00486942,0.00508454,0.00529762,0.0054365,0.00548266,0.0054838,0.00549631,0.00555051,0.00564532,0.00578448,0.00597419,0.00622025,0.00652984,0.0069077,0.00735688,0.0078888,0.0085102,0.00921848,0.00999426,0.01081677,0.01166508,0.01249523,0.01325436,0.01393604,0.01458853,0.015296,0.01646562,0.017876,0.01952946,0.02143077,0.02353594,0.02582489,0.02824862,0.03074415,0.03326864,0.03582711,0.03807105,0.0407217,0.04402391,0.04808088,0.05291565,0.05857503,0.06485108,0.07169751,0.07905189,0.08699005,0.09576999,0.10575943,0.11727542,0.13043567,0.14535536,0.16208777,0.18069706,0.20115964,0.22377149,0.24878301,0.27629319,0.30621435,0.33871119,0.37490549,0.41532725,0.46004485,0.50822944,0.55834142,0.61287822,0.67627851,0.75562522,0.8614625,0.92797903,1
BGD,1973,0.16894904,0.03921014,0.02564651,0.01718078,0.01169267,0.00792339,0.00541897,0.00388794,0.00304424,0.00260597,0.00228903,0.00212231,0.002069,0.00212421,0.00227952,0.00252436,0.00282637,0.00314216,0.00339655,0.00354628,0.00361089,0.00363696,0.00363944,0.00366069,0.0040308,0.00405412,0.00414608,0.00427946,0.00443045,0.00459524,0.00478899,0.00501297,0.00522851,0.00536537,0.00540632,0.00540106,0.00540831,0.00545898,0.00555548,0.00569715,0.00589032,0.00614242,0.00645528,0.00683169,0.00727354,0.00779126,0.00839296,0.00907956,0.00983884,0.01064917,0.01148311,0.01230196,0.01307137,0.01377092,0.01443862,0.01517653,0.01636616,0.01777386,0.0193868,0.02121273,0.02327092,0.0255072,0.02786872,0.03031087,0.0327802,0.03528889,0.03747349,0.0400704,0.04330336,0.0472914,0.05207204,0.0576533,0.06379412,0.07042415,0.07754262,0.08523082,0.09367892,0.10318443,0.11414509,0.12681465,0.14124284,0.15748596,0.17555423,0.19556502,0.21755147,0.24193037,0.26901151,0.29887957,0.33140408,0.36676029,0.40594638,0.44929616,0.49674133,0.54559242,0.59923461,0.67814099,0.74715681,0.82382104,0.91791988,0.99501603
BGD,1974,0.17206884,0.04148534,0.02622239,0.01737328,0.01193162,0.00821685,0.00572322,0.00416728,0.0032765,0.0027922,0.00245065,0.00226801,0.00220564,0.00224478,0.00238633,0.0026261,0.00293258,0.00323637,0.00349529,0.00365047,0.00371704,0.00373539,0.00373997,0.0037493,0.0038073,0.00424003,0.00431337,0.00443049,0.00457563,0.00474458,0.00495194,0.00519283,0.0054236,0.00557009,0.00561605,0.00561209,0.00561951,0.00567197,0.00577262,0.00592435,0.00612931,0.00639551,0.00672659,0.00712057,0.00757809,0.00810774,0.00871631,0.00940646,0.01016935,0.01099083,0.0118426,0.01267858,0.01346924,0.01421252,0.01493083,0.01571769,0.01698089,0.01846202,0.0201318,0.02198176,0.02403509,0.02630704,0.02870415,0.03117783,0.03369571,0.03625489,0.0384968,0.04114263,0.04444461,0.04850405,0.05337969,0.0590976,0.06537313,0.07211421,0.07929414,0.08703628,0.09551025,0.10491484,0.115599,0.12795226,0.14217281,0.15824832,0.17620243,0.19609372,0.21810549,0.24236566,0.26937314,0.29944689,0.33262309,0.36873231,0.40775637,0.45052867,0.49710465,0.54654488,0.59753546,0.65379721,0.7693143,0.84911358,0.89637862,0.97770333
BGD,1975,0.16670563,0.03836504,0.02544719,0.01665607,0.01126124,0.00765959,0.00524999,0.00376328,0.00293376,0.00249809,0.00218663,0.00203398,0.00198766,0.00203013,0.00215869,0.00238149,0.00267614,0.00297718,0.00321603,0.00337102,0.00343969,0.00345721,0.00345196,0.00346091,0.00350413,0.00361391,0.00408916,0.00418253,0.00430455,0.00445972,0.00466217,0.00490679,0.00514462,0.00529688,0.00534231,0.00533165,0.00532697,0.00536505,0.00545218,0.00559162,0.00578874,0.0060473,0.00637129,0.00675971,0.00720718,0.00772107,0.00830638,0.00896499,0.00969116,0.01047446,0.01129408,0.01210322,0.01286449,0.01358075,0.01429317,0.01507777,0.01632719,0.01780994,0.01947151,0.02128429,0.02325258,0.02539558,0.02769812,0.03006622,0.0324608,0.03490415,0.03703016,0.03955776,0.04271372,0.04662488,0.05132706,0.05686571,0.062979,0.0695111,0.07639044,0.08373578,0.09181767,0.10086914,0.11113416,0.12287903,0.13640535,0.15186136,0.16919002,0.18846064,0.20979804,0.23349258,0.25971658,0.2889972,0.32165739,0.35774476,0.39685761,0.43874359,0.48410549,0.53259245,0.58885002,0.65332196,0.71703723,0.87824057,0.917656,0.96485211
BGD,1976,0.16497389,0.03774999,0.02476178,0.01665963,0.0111106,0.0073024,0.00486994,0.00347306,0.00277609,0.00244571,0.00214935,0.00198982,0.00194687,0.00199255,0.00212192,0.00233389,0.00261607,0.00291356,0.00315845,0.00329906,0.00337016,0.00338924,0.00338198,0.00338083,0.00342384,0.00351995,0.00367452,0.00417795,0.0042758,0.00440722,0.00459446,0.00483272,0.00507496,0.00523915,0.00529876,0.00529773,0.00529653,0.00533163,0.00541203,0.0055439,0.00573313,0.00598715,0.00630652,0.00669133,0.0071382,0.00764884,0.00822715,0.00887289,0.00957942,0.01033926,0.01113586,0.01193093,0.01268528,0.01339199,0.01409676,0.01489444,0.01615739,0.0176502,0.01934531,0.02118862,0.02316422,0.02526844,0.02749062,0.02982021,0.03216556,0.03454222,0.03661574,0.0390802,0.04217301,0.04600273,0.05063308,0.05608158,0.06211502,0.06860232,0.07541922,0.08263484,0.09048771,0.09929007,0.10927991,0.12062072,0.13352744,0.14827106,0.16496232,0.18358513,0.20429492,0.22731344,0.25296732,0.28141667,0.31320159,0.34865721,0.38758533,0.4293567,0.47389656,0.52172707,0.5720762,0.6342606,0.70221475,0.76863965,0.92992669,0.95133624
BGD,1977,0.16274342,0.03688118,0.02429323,0.01616532,0.01108995,0.00761018,0.00522666,0.00370654,0.00282389,0.00235336,0.00206385,0.00191868,0.00186678,0.00190903,0.00202987,0.00222735,0.00248221,0.00275113,0.00298205,0.00312579,0.00318556,0.0032122,0.00321109,0.00320935,0.00323903,0.00332741,0.003459,0.00362605,0.0041247,0.00423131,0.00439539,0.0046192,0.00485622,0.00502594,0.00509601,0.00510391,0.00510505,0.00513704,0.0052105,0.00533432,0.00551658,0.00576422,0.00608081,0.00646253,0.00690629,0.0074148,0.00798575,0.00861747,0.00930053,0.01002687,0.01078372,0.01153801,0.01226123,0.0129463,0.01362857,0.014405,0.01565619,0.01713851,0.01881389,0.02065432,0.02261507,0.02467356,0.02679737,0.02898418,0.0312374,0.03351757,0.03549219,0.03786315,0.04083937,0.04453165,0.04897897,0.05423386,0.06004544,0.06630875,0.07292813,0.07991675,0.08745192,0.09580215,0.10529503,0.11610652,0.12834758,0.14218537,0.15786026,0.17553583,0.1952519,0.21724344,0.24178914,0.26924235,0.29975488,0.33393151,0.37199684,0.41369039,0.4585903,0.50667308,0.5586899,0.62109289,0.68938418,0.76669547,0.84774661,0.96829587
BGD,1978,0.16000469,0.03616555,0.02361514,0.01579461,0.01071088,0.00722576,0.00492442,0.00353076,0.00277405,0.00238757,0.00210182,0.00194841,0.00190366,0.0019374,0.00206131,0.00226287,0.00252244,0.00278662,0.00300915,0.00315374,0.00322252,0.00323874,0.00324383,0.00324687,0.00327691,0.00335678,0.00348962,0.00364524,0.00382474,0.00435903,0.00450288,0.0047105,0.00494212,0.0051163,0.00520015,0.00522458,0.00523953,0.00527842,0.00535326,0.00547492,0.00565485,0.00590293,0.00622318,0.00661556,0.00707365,0.00760096,0.00819642,0.00885184,0.00955648,0.01029882,0.01106463,0.01182329,0.01254965,0.01324584,0.0139462,0.01474013,0.01602341,0.01757067,0.01932697,0.02125283,0.02333051,0.02550306,0.02771359,0.02993315,0.03217415,0.03449547,0.03649174,0.0388786,0.04190213,0.04565526,0.0501916,0.05554074,0.06148036,0.06787499,0.07465425,0.08185656,0.08960081,0.09810419,0.10766714,0.11856982,0.13092958,0.14480408,0.16034184,0.17786156,0.19759754,0.21968178,0.24442816,0.27213884,0.30317726,0.33771652,0.37628198,0.41898771,0.46571928,0.51600342,0.56964621,0.63330701,0.69920801,0.77533821,0.85865696,0.93995313
BGD,1979,0.15685878,0.03449429,0.02329077,0.01541691,0.01051006,0.00721148,0.00498803,0.00360055,0.00281116,0.00238615,0.0020863,0.0019432,0.00189473,0.00193676,0.00205146,0.0022535,0.00251236,0.00277634,0.00298919,0.00312139,0.00318997,0.00321605,0.00321236,0.00322242,0.00325693,0.00333571,0.00345704,0.0036109,0.00377536,0.00396943,0.00455669,0.00474305,0.00495639,0.00512185,0.00520674,0.00524229,0.00527195,0.00532352,0.00540456,0.00552731,0.00570495,0.00595034,0.00627003,0.00666425,0.0071307,0.00766962,0.00828039,0.00895583,0.00967796,0.01043384,0.01120546,0.01196114,0.01267927,0.0133666,0.0140682,0.01487246,0.01616849,0.0177351,0.01954292,0.02153429,0.02367775,0.02594715,0.02824718,0.03052387,0.03276078,0.03502983,0.03702931,0.03941612,0.04243116,0.04620282,0.05076214,0.05615114,0.06211667,0.06856287,0.07538812,0.08266058,0.09053041,0.09914881,0.10875415,0.11958959,0.13188886,0.14571992,0.16110791,0.17826477,0.1975983,0.21945061,0.2440087,0.27161338,0.3025862,0.33734442,0.37592118,0.41878409,0.46627216,0.5183066,0.57419436,0.63906657,0.70875317,0.78410123,0.86771471,0.95309743
BGD,1980,0.15356124,0.03316402,0.02232754,0.01529208,0.01031109,0.00685624,0.00463731,0.00334925,0.00269158,0.00236607,0.00207669,0.00192024,0.00187968,0.00191634,0.0020368,0.00222635,0.00248205,0.00274188,0.00295349,0.00307599,0.00313286,0.00315954,0.00316611,0.00316769,0.00320851,0.0032905,0.00340912,0.0035495,0.00371037,0.00388667,0.00411467,0.00475591,0.00494517,0.00508951,0.00516369,0.00519949,0.00524028,0.00530683,0.00540062,0.00552927,0.00570716,0.00594855,0.00626266,0.00665229,0.00711552,0.00765717,0.00827347,0.0089575,0.00969226,0.01045727,0.01123327,0.01198483,0.01268995,0.01335962,0.0140438,0.01484114,0.01613713,0.01770019,0.01950778,0.02153138,0.02372044,0.02603328,0.02840931,0.03075286,0.03302134,0.03525581,0.03716788,0.03953358,0.04251827,0.04624136,0.05077046,0.05612335,0.06206097,0.06845532,0.07525106,0.08248317,0.09033159,0.09897815,0.10858675,0.11933052,0.13139922,0.14498495,0.16012327,0.17689145,0.19557805,0.21671161,0.24070035,0.26774346,0.29820145,0.33244814,0.37079494,0.41314522,0.46022383,0.51246067,0.56963094,0.64375197,0.72290954,0.81258382,0.91314906,1
BGD,1981,0.14992765,0.0319277,0.0214347,0.01464709,0.01022982,0.00714317,0.005018,0.00364915,0.00283457,0.00237412,0.00206471,0.00191556,0.00186111,0.00190419,0.00201799,0.0022109,0.00245197,0.00270786,0.00291553,0.00303773,0.00308357,0.00309711,0.00310311,0.00311442,0.00314668,0.00323453,0.00335631,0.00349436,0.0036422,0.00381554,0.00402547,0.00429266,0.00495494,0.00507487,0.00512821,0.00515406,0.00519593,0.00527419,0.00538315,0.00552428,0.00570744,0.00594828,0.00625742,0.00664023,0.00709734,0.00763405,0.00825179,0.00894077,0.00968427,0.01046277,0.01124879,0.0120054,0.01270651,0.01336257,0.0140277,0.01480581,0.01609217,0.01765374,0.01945656,0.02147972,0.02370491,0.02606915,0.02849338,0.03092008,0.03326035,0.03552762,0.03739809,0.0396697,0.04262952,0.04631609,0.05078813,0.05610325,0.06199735,0.06835874,0.07509594,0.08229479,0.09009922,0.09872459,0.10836955,0.11912338,0.13109759,0.14443717,0.15931162,0.17580598,0.19406121,0.21447779,0.23766924,0.26406675,0.29387759,0.32752317,0.36527457,0.40734111,0.45379343,0.50549824,0.56278232,0.63020248,0.70501003,0.78840186,0.87157545,0.95628419
BGD,1982,0.14613118,0.03068066,0.0206972,0.01409737,0.00981639,0.00686375,0.00486138,0.00359349,0.00284707,0.00241042,0.00206946,0.00190457,0.00185832,0.00188808,0.00200789,0.002194,0.00243754,0.0026783,0.00288297,0.00300342,0.00305114,0.00305425,0.0030487,0.00306043,0.00310256,0.00318136,0.00330877,0.00345045,0.00359705,0.0037587,0.00396689,0.00421652,0.00449092,0.00510481,0.0051339,0.00513841,0.00516964,0.00524852,0.00536924,0.00552615,0.00572308,0.00597102,0.00628183,0.00666195,0.00711444,0.00764714,0.00826208,0.00895518,0.00970666,0.010497,0.01129962,0.01206882,0.01277695,0.0134305,0.01408339,0.0148442,0.01611397,0.01767038,0.01947764,0.02150219,0.02373376,0.02614511,0.02863332,0.03111933,0.0335563,0.0359072,0.03781512,0.04005089,0.04292054,0.04659314,0.05104141,0.05631316,0.06218716,0.06852277,0.07524371,0.08239691,0.09018651,0.09879072,0.10844378,0.11927323,0.13129941,0.14458162,0.1592382,0.1755017,0.19352477,0.21355001,0.23605318,0.26169537,0.29093203,0.32401712,0.36128214,0.40290986,0.44931304,0.50062563,0.55769722,0.62457956,0.69847507,0.78134837,0.87474689,0.9643213
BGD,1983,0.14210655,0.02925608,0.01984054,0.01356975,0.00941589,0.00654553,0.00462044,0.00342459,0.00274515,0.00237182,0.00209196,0.00189815,0.00183501,0.00187108,0.00197538,0.00216515,0.0023998,0.00264146,0.00283041,0.00294913,0.00299668,0.00300155,0.00298387,0.00298278,0.00302373,0.003111,0.00322788,0.00337447,0.00352411,0.00368349,0.00387808,0.00412342,0.00437746,0.0045922,0.0051275,0.0051071,0.00511633,0.00518397,0.0053046,0.00547242,0.00568415,0.00594483,0.00626155,0.00664188,0.00708977,0.00761546,0.00822371,0.00891122,0.00966468,0.01046145,0.01127489,0.01206013,0.01277999,0.0134392,0.01408755,0.01483302,0.01608117,0.01761505,0.01941131,0.02143475,0.0236613,0.02607298,0.02860666,0.03115598,0.03364937,0.03609646,0.0380833,0.04035558,0.04318445,0.04675493,0.05117989,0.05641468,0.06222779,0.06852778,0.07520901,0.08233501,0.09006571,0.09864302,0.10825754,0.11907626,0.13116268,0.1444745,0.15903626,0.17502508,0.19275193,0.21246906,0.23447893,0.25929243,0.28761727,0.31996535,0.35649,0.39744488,0.44320828,0.49430166,0.55074668,0.62012142,0.69667496,0.78260035,0.86940739,0.95608841
BGD,1984,0.13799549,0.02788378,0.01893944,0.01302043,0.00907242,0.00633896,0.00450789,0.00336941,0.00271623,0.00234307,0.00204343,0.00190611,0.00181777,0.00183639,0.00194537,0.00211605,0.0023509,0.00258092,0.00277005,0.00287462,0.00292397,0.00293195,0.00291705,0.00290336,0.00293065,0.00301478,0.00313818,0.0032724,0.00342598,0.00358789,0.0037795,0.00401003,0.00425842,0.00445187,0.00458471,0.00506887,0.00505207,0.00509641,0.00520484,0.00537197,0.00559436,0.0058699,0.0061996,0.00658572,0.00703303,0.00755207,0.00814973,0.00882548,0.00956701,0.010359,0.01117187,0.01196113,0.01269116,0.01335691,0.01400648,0.01474248,0.01596616,0.01746584,0.01922397,0.02121849,0.02342427,0.02580861,0.02831938,0.03089469,0.03343421,0.03592094,0.03799209,0.04033256,0.04318174,0.04668382,0.05096522,0.05613466,0.06186463,0.06805402,0.07464905,0.08168026,0.08932106,0.09776126,0.107264,0.11795292,0.12993296,0.1432082,0.15769525,0.17346871,0.19077561,0.2100368,0.23157259,0.25571379,0.28300371,0.31422838,0.34982106,0.38984996,0.43474771,0.48501905,0.54117464,0.60677259,0.68014473,0.7629815,0.85650918,0.94972979
BGD,1985,0.13417508,0.02693388,0.01825956,0.01264227,0.00892639,0.00634721,0.00460875,0.00351442,0.00286804,0.00248126,0.00216984,0.00198709,0.00193102,0.00191157,0.00198835,0.00215051,0.00235368,0.00257676,0.00275084,0.00285601,0.00289143,0.00290094,0.0028879,0.00287429,0.00288722,0.00295664,0.00307633,0.0032176,0.00336025,0.00352819,0.00372436,0.00395337,0.00418813,0.00437724,0.00449066,0.00457852,0.00505685,0.00507697,0.00516409,0.00532102,0.00554451,0.00583223,0.00617828,0.00657873,0.00703248,0.00755055,0.0081399,0.00880217,0.00952803,0.01030364,0.01110787,0.01189413,0.01262766,0.01330488,0.01396317,0.01470195,0.01591117,0.01737819,0.01909064,0.02103308,0.02319439,0.02554187,0.0280088,0.03054568,0.03310019,0.03562398,0.03773249,0.04015138,0.04305982,0.04656556,0.05075043,0.05573456,0.06135975,0.0674297,0.07388106,0.08079091,0.0882951,0.09659298,0.10588556,0.11637872,0.12814016,0.14122089,0.15558213,0.1711871,0.18817428,0.20689067,0.22782668,0.25134024,0.27779967,0.30781752,0.34211947,0.38108154,0.42495092,0.47425908,0.52952628,0.59287009,0.66465127,0.74583537,0.83768624,0.93727174
BGD,1986,0.1290707,0.02520112,0.01705882,0.01171876,0.00822492,0.00583128,0.00423841,0.00325331,0.00268403,0.00234039,0.00203034,0.00188136,0.0018229,0.00186817,0.00193575,0.00209576,0.00232299,0.0025406,0.00272945,0.00283353,0.00287807,0.00287639,0.00286547,0.00285386,0.00286771,0.0029249,0.00303255,0.00317332,0.00332476,0.00348092,0.0036812,0.00391253,0.00414479,0.00432173,0.00443451,0.00450764,0.00460315,0.00513155,0.00519161,0.00532473,0.00553559,0.00582229,0.00617943,0.00659673,0.00706753,0.00759738,0.00819451,0.00886099,0.00959005,0.01037106,0.01118366,0.01198797,0.01274344,0.01344491,0.01413061,0.01489132,0.01612634,0.01761358,0.01933834,0.02129182,0.02347059,0.02585693,0.02838028,0.0309703,0.03358521,0.03622389,0.0384525,0.04098615,0.04406936,0.0477511,0.05207428,0.05711089,0.0627119,0.06885678,0.0753653,0.08231429,0.0899065,0.0983143,0.1077708,0.11842237,0.13040902,0.14372326,0.15837851,0.17438075,0.19173543,0.21068165,0.2316485,0.2551714,0.28160635,0.31135299,0.34496234,0.3831315,0.42641396,0.47516881,0.52995823,0.59231056,0.66309286,0.74306231,0.83338876,0.92432579
BGD,1987,0.12473485,0.02370623,0.01631524,0.01119111,0.00783009,0.00553786,0.00401377,0.00307875,0.00255509,0.00226636,0.00203409,0.00186612,0.00181663,0.00183898,0.00195781,0.0020893,0.00229191,0.00251552,0.00268237,0.00279152,0.00282919,0.0028353,0.00281218,0.0028017,0.00281518,0.00287005,0.00296215,0.003087,0.0032352,0.00339959,0.00358853,0.0038256,0.00406166,0.00423628,0.00433501,0.00440462,0.00448115,0.00460831,0.00517852,0.0052859,0.00547465,0.00575033,0.00610782,0.00653752,0.00702599,0.00757237,0.0081781,0.00884582,0.0095686,0.01033848,0.01113917,0.01193311,0.01268934,0.01339814,0.01409695,0.01487704,0.01612572,0.01761954,0.0193363,0.02126438,0.02340742,0.02575508,0.0282557,0.03083861,0.03344099,0.03607591,0.03836462,0.04097887,0.04413284,0.04794056,0.05237799,0.05747185,0.06301415,0.06900172,0.07546339,0.08234844,0.08984555,0.09819268,0.10757935,0.11817314,0.13005421,0.14331223,0.15790167,0.17388267,0.19131649,0.21029788,0.23112608,0.2542584,0.28026411,0.30956199,0.34247722,0.37951111,0.42159361,0.46940497,0.52328586,0.58474882,0.65445224,0.73341856,0.82281997,0.91760087
BGD,1988,0.12025991,0.02256318,0.01523697,0.01066653,0.00746324,0.00524059,0.00381137,0.00297472,0.00253305,0.00229001,0.00204973,0.00194369,0.00187256,0.00190501,0.00200261,0.0021972,0.00237712,0.00258319,0.00276547,0.00285711,0.00290373,0.00290351,0.00288859,0.00286465,0.00287922,0.0029356,0.00302953,0.0031439,0.00328147,0.00344828,0.00365132,0.00388357,0.00413347,0.00431896,0.00442024,0.00447936,0.00455667,0.00466985,0.00484113,0.00548647,0.00565382,0.00591455,0.00627104,0.00671414,0.0072312,0.00781426,0.00845811,0.00915791,0.00990714,0.01069738,0.0115149,0.01232551,0.01309943,0.01383625,0.01456927,0.01539208,0.01670661,0.01826928,0.02005558,0.02204518,0.02423896,0.02663384,0.02918457,0.0318398,0.03453331,0.03725395,0.03962645,0.04240204,0.04575888,0.04978398,0.05452536,0.0599353,0.06574199,0.07187663,0.07838993,0.08546545,0.0931537,0.10168698,0.11133635,0.1222265,0.13446831,0.14808795,0.16314205,0.17962377,0.19765805,0.21740114,0.23899737,0.26277525,0.28923634,0.31904013,0.35252835,0.38996299,0.43209366,0.48004769,0.53450466,0.59586593,0.6651402,0.74350513,0.83188153,0.92062767
BGD,1989,0.11553948,0.02106276,0.01447033,0.00993488,0.00709606,0.00518204,0.00389154,0.00307818,0.00259729,0.00230577,0.00205593,0.00194531,0.00194064,0.00195576,0.00207553,0.00225454,0.00251669,0.00270223,0.00286589,0.00297113,0.0029936,0.00299808,0.00297352,0.00295765,0.00296101,0.00302254,0.00312263,0.00324366,0.00337311,0.00352844,0.00373169,0.00397537,0.00421688,0.00441601,0.00453042,0.00459668,0.00466848,0.0047872,0.0049456,0.00516761,0.00590546,0.00613701,0.00647115,0.0069069,0.00743245,0.00804166,0.00872184,0.00946105,0.01024451,0.01106439,0.01190629,0.01273765,0.01353142,0.01428808,0.01505114,0.01591179,0.01728745,0.01893092,0.02080402,0.02288408,0.02516293,0.02763252,0.03025066,0.03297268,0.0357566,0.03858762,0.04104542,0.04392823,0.0474858,0.0517602,0.05676629,0.06254122,0.06871459,0.07514949,0.08182081,0.0889501,0.09685535,0.10559902,0.11544542,0.12661457,0.13915465,0.15313605,0.16857203,0.18556175,0.20411437,0.2244524,0.24679105,0.27125307,0.29818246,0.32816237,0.36177892,0.39924032,0.4409841,0.48791398,0.54116499,0.60032072,0.66644609,0.74097115,0.82485753,0.90210321
BGD,1990,0.11104536,0.01964153,0.01362267,0.00949761,0.00664551,0.00470375,0.00346537,0.00274927,0.00237521,0.00216428,0.00193778,0.00182733,0.00181866,0.00190011,0.0019924,0.00218607,0.00240986,0.00266621,0.00278984,0.00286255,0.00289424,0.00287572,0.00285951,0.00283787,0.00284925,0.00289632,0.0029938,0.00311066,0.00323638,0.00337232,0.00355033,0.003779,0.00401812,0.00419771,0.00431859,0.00439207,0.00446374,0.00456611,0.00471741,0.00491089,0.00517349,0.00596448,0.00625208,0.00664134,0.00712932,0.00771178,0.00837868,0.00911093,0.00988659,0.01068901,0.01150461,0.01230172,0.01305784,0.01377867,0.0145078,0.01534327,0.01668152,0.01828642,0.02012508,0.02216079,0.02438155,0.02677089,0.02928517,0.03188438,0.03453579,0.03725631,0.03963795,0.0424186,0.04586039,0.0500739,0.05502497,0.06070651,0.06685385,0.07323741,0.07976744,0.08657297,0.09400045,0.10239792,0.11181824,0.12245068,0.13445478,0.14781055,0.16255685,0.17877118,0.19660402,0.21611917,0.23757307,0.26117514,0.28701722,0.31547008,0.34700751,0.3821225,0.42119318,0.46470248,0.51347552,0.56862973,0.62934961,0.69714305,0.77330377,0.84816477
BGD,1991,0.11176092,0.02231911,0.01492426,0.01097285,0.00837051,0.00655992,0.00537055,0.00462611,0.00411895,0.00369065,0.00324099,0.00291492,0.00273964,0.00270521,0.00276548,0.00284097,0.00301125,0.0031774,0.00334088,0.00334603,0.00332654,0.00330213,0.00325455,0.00323813,0.00324708,0.00330996,0.00340631,0.0035384,0.00368249,0.00384309,0.00403364,0.00427288,0.00453296,0.00474425,0.00487383,0.00497286,0.00506577,0.00518226,0.00533516,0.00554399,0.00580553,0.00614769,0.00703818,0.00741964,0.00789925,0.00848288,0.00916348,0.00992546,0.01073873,0.0115776,0.01241912,0.01323374,0.0140016,0.0147365,0.01548925,0.01635582,0.01773298,0.01937806,0.02125681,0.02333634,0.02558922,0.02799615,0.03050745,0.03308595,0.03570595,0.03839206,0.04077915,0.04358741,0.047038,0.05126029,0.0562983,0.06209913,0.06835582,0.07495954,0.08171719,0.08865006,0.09597996,0.10406133,0.11329438,0.12371161,0.13544289,0.14858882,0.16309668,0.17904003,0.19652465,0.21581007,0.23704915,0.26051517,0.28641936,0.31491943,0.34630969,0.3810027,0.41971106,0.46299888,0.51144883,0.56736664,0.62830059,0.69622198,0.7720642,0.85634026
BGD,1992,0.10201999,0.0175413,0.01189975,0.0080689,0.00579703,0.00427822,0.0032304,0.00255075,0.00213853,0.00189347,0.00171063,0.00163022,0.0016231,0.00168128,0.00181637,0.00203058,0.00221901,0.00244143,0.00259315,0.00270555,0.00267744,0.00265134,0.002632,0.00260229,0.0026136,0.00265409,0.00273432,0.00282627,0.00294142,0.00307011,0.00322665,0.00341184,0.00361763,0.0037914,0.00390088,0.0039622,0.00403729,0.00413404,0.00426051,0.00442854,0.00465818,0.00494787,0.00532363,0.00626051,0.00667816,0.00719666,0.00781707,0.00852655,0.00929946,0.01010345,0.01090717,0.01167133,0.01237731,0.01303704,0.01370374,0.01447717,0.01574278,0.01727936,0.01904781,0.0210147,0.02315631,0.02543762,0.02780674,0.03021805,0.03264649,0.03512308,0.0373056,0.03991967,0.04317634,0.04716671,0.05195182,0.05755823,0.06363591,0.07001142,0.07659159,0.08332375,0.09037829,0.09804581,0.10673202,0.11674766,0.12800777,0.14058734,0.15454887,0.16988489,0.18672126,0.20524243,0.22576554,0.24845414,0.27357783,0.30137127,0.33188427,0.3653245,0.40227956,0.4435829,0.48980794,0.54279848,0.59997236,0.66346728,0.73392122,0.81225047
BGD,1993,0.09752541,0.01648504,0.01108561,0.007617,0.0052677,0.0037053,0.00275324,0.00224291,0.00200629,0.00187715,0.00168919,0.00161308,0.00161474,0.00168024,0.00180933,0.00201593,0.00228772,0.00247644,0.00265855,0.00273421,0.00278388,0.00271753,0.00267128,0.00265164,0.00264452,0.00269454,0.00277008,0.00287091,0.00297448,0.00310605,0.00326712,0.0034569,0.0036463,0.00380421,0.00391292,0.0039876,0.00405523,0.00416321,0.00429812,0.00446786,0.00468663,0.00497672,0.00533436,0.00578423,0.00684339,0.00734007,0.00794311,0.00864887,0.0094348,0.01027163,0.01111835,0.01192466,0.01265961,0.01333618,0.01400952,0.01478673,0.01606694,0.0176261,0.01943772,0.02146262,0.02367671,0.02604701,0.02850072,0.03098529,0.03346482,0.03596912,0.03815476,0.04077636,0.04408339,0.04816549,0.05304955,0.0587858,0.06510587,0.07177186,0.07863988,0.08576126,0.09318865,0.10113032,0.10990517,0.11987715,0.13131639,0.14406091,0.15815684,0.17372325,0.19080335,0.2096253,0.23044126,0.25358702,0.27920635,0.30760413,0.33890944,0.37305904,0.41044816,0.45181468,0.49801808,0.54997247,0.6062188,0.66807679,0.73614918,0.81093937
BGD,1994,0.09302528,0.01504317,0.01045123,0.00712481,0.00498308,0.00358145,0.00269712,0.00219318,0.00193352,0.00178237,0.00160227,0.00152535,0.00153075,0.00160129,0.00173161,0.00192207,0.00217193,0.00244242,0.00257796,0.00268032,0.00269232,0.00270543,0.00262341,0.00257971,0.00258308,0.0026131,0.00269446,0.00278616,0.00289449,0.00300958,0.00316875,0.0033578,0.00354457,0.00367741,0.00376441,0.00383371,0.00391011,0.00400478,0.00414502,0.00431726,0.00453092,0.00480124,0.00514785,0.00556421,0.00607392,0.00722898,0.00779073,0.00845438,0.00920798,0.01002702,0.01087538,0.0116942,0.01244243,0.01312085,0.01378518,0.01454161,0.01578722,0.01730629,0.01907444,0.02106765,0.02325646,0.02560829,0.02805539,0.03052552,0.03297712,0.03543013,0.03754613,0.04007538,0.04327356,0.04726395,0.05207035,0.05770425,0.06392645,0.07059958,0.07751631,0.08467419,0.092238,0.10028412,0.10903187,0.11873523,0.12971228,0.14219498,0.15597365,0.17114554,0.18789116,0.20634098,0.22677347,0.24944573,0.27470604,0.3027299,0.3337165,0.36769474,0.40476634,0.44544143,0.4904604,0.54127995,0.59646107,0.65703524,0.72359614,0.7968187
BGD,1995,0.08862975,0.01410535,0.00950032,0.0066919,0.00464977,0.00324974,0.00239725,0.00194404,0.00174307,0.00164754,0.00151231,0.00143722,0.00143695,0.001506,0.00163594,0.00182277,0.0020513,0.00229622,0.00251819,0.00257499,0.00261304,0.00259104,0.0025854,0.0025078,0.00248756,0.00252669,0.00258688,0.00268315,0.00278132,0.00290079,0.00304133,0.00322606,0.00341031,0.00353885,0.00360093,0.00364988,0.00372109,0.00382314,0.00394817,0.00412289,0.00433541,0.00459576,0.00491646,0.00531395,0.00578026,0.0063454,0.00758467,0.00819618,0.00889575,0.00967058,0.01049042,0.0113026,0.01205694,0.01274276,0.01340202,0.01413949,0.01534153,0.01680232,0.01850362,0.0204246,0.02255275,0.02485006,0.02725043,0.02968772,0.0320992,0.03449755,0.03654397,0.03896756,0.04202335,0.04584218,0.05048432,0.05595875,0.06199403,0.06848305,0.0753268,0.08245125,0.0899619,0.09805144,0.1067982,0.11634555,0.12689087,0.13871519,0.15202931,0.16665765,0.18275875,0.20060323,0.22036485,0.24232901,0.26675348,0.29402219,0.32419717,0.35737716,0.39374726,0.43350115,0.47712785,0.5262578,0.58017046,0.63948205,0.70464691,0.77633112
BGD,1996,0.08414804,0.01329954,0.00872568,0.00596556,0.004284,0.00317433,0.00246016,0.0020375,0.00180332,0.0016551,0.00148815,0.00144494,0.0014441,0.00151039,0.00164876,0.00185101,0.00209765,0.00234353,0.00256067,0.00271955,0.00271175,0.00271182,0.00266755,0.00266178,0.00260494,0.00262224,0.00269701,0.00277767,0.00288699,0.00300177,0.00315358,0.0033268,0.00351709,0.00365412,0.00372169,0.00375617,0.00381656,0.00392262,0.00406316,0.00423019,0.0044546,0.0047247,0.00504874,0.00543726,0.00590676,0.0064546,0.00711128,0.00851851,0.0092035,0.0099702,0.01079975,0.01164192,0.01244742,0.01319162,0.01390452,0.01468269,0.01593039,0.01743646,0.01918824,0.0211717,0.02337659,0.02578065,0.02830587,0.03088217,0.03344846,0.03598985,0.03814212,0.04065777,0.04380009,0.04770941,0.05246353,0.05811813,0.06439006,0.07112106,0.07823928,0.08578259,0.09377535,0.10235375,0.11173797,0.12191841,0.13297685,0.14507019,0.15848807,0.17350958,0.18996821,0.20813102,0.22834824,0.2507812,0.27574848,0.30359142,0.33456554,0.3685242,0.40571106,0.44639792,0.49066337,0.54152373,0.59642551,0.65679171,0.7229308,0.79527851
BGD,1997,0.07983639,0.01214981,0.00825473,0.00549225,0.00382578,0.00275942,0.00208337,0.0016971,0.00150027,0.00139321,0.0012735,0.00121186,0.00123487,0.00128838,0.00139689,0.0015665,0.00177771,0.00199106,0.00216686,0.00229411,0.00238136,0.00235048,0.00233535,0.00230093,0.00231545,0.00229735,0.00233883,0.0024184,0.00249749,0.00260908,0.00274107,0.00290936,0.00306657,0.0031882,0.00324348,0.00326256,0.00328852,0.00336114,0.00348157,0.00364114,0.00383445,0.00408786,0.0043881,0.00473866,0.00514693,0.00563217,0.00619016,0.00684523,0.00820683,0.00885556,0.00955675,0.01027991,0.01098897,0.0116676,0.01233196,0.01305535,0.0141847,0.01552967,0.01707498,0.0188106,0.02073496,0.02283365,0.02505777,0.02733852,0.0296212,0.03189951,0.03382994,0.03607195,0.03884958,0.04228733,0.04645973,0.05142495,0.05697041,0.06295574,0.0692731,0.07598463,0.08322887,0.09105564,0.09960405,0.10899761,0.11916423,0.13012564,0.14201384,0.15515104,0.16987592,0.18613893,0.20423106,0.22447123,0.24704273,0.27225477,0.30027764,0.33132622,0.36553992,0.403271,0.44475927,0.49161304,0.54321691,0.60033883,0.66352592,0.73331483
BGD,1998,0.07576844,0.01173491,0.00726984,0.00500584,0.00339324,0.00228193,0.00161997,0.00128462,0.00115389,0.00110626,0.00102195,0.00098687,0.00098584,0.00104933,0.00113677,0.00126887,0.00144281,0.00162291,0.00177422,0.00187219,0.00193672,0.00198374,0.00194463,0.00193091,0.00191838,0.00195784,0.00196587,0.0020135,0.00208785,0.00216588,0.00228418,0.00241927,0.00256191,0.00265069,0.00269751,0.00271398,0.0027334,0.00277783,0.00286475,0.00299576,0.00316518,0.00336903,0.00362744,0.00392635,0.00426711,0.00466025,0.00512073,0.00564145,0.0062382,0.00746342,0.00802165,0.00859878,0.00917622,0.00974474,0.01032069,0.01095515,0.01193002,0.01307504,0.01437757,0.01582798,0.01742879,0.01917442,0.0210274,0.02294696,0.02487983,0.02681961,0.0284804,0.03039443,0.03274631,0.03563042,0.03910534,0.04322846,0.04783473,0.05284292,0.05816026,0.06380063,0.06990447,0.07661492,0.08397838,0.0920554,0.10089899,0.1103937,0.12052857,0.13146605,0.14354874,0.15715572,0.17227333,0.18916408,0.20811082,0.22930009,0.25292147,0.27903735,0.30796856,0.33994096,0.37523152,0.41688438,0.46305742,0.51440318,0.57127058,0.63395513
BGD,1999,0.07169831,0.01114476,0.00675371,0.00424028,0.00297601,0.00217525,0.0016217,0.00126223,0.00104375,0.00091314,0.00081327,0.00079411,0.00080584,0.00084147,0.00093342,0.00104408,0.00118321,0.00133565,0.00146737,0.00155521,0.00160212,0.00163412,0.00166032,0.00162633,0.00162917,0.0016419,0.00169676,0.00171415,0.00176018,0.00183217,0.00191655,0.00203567,0.00214884,0.00223306,0.00226214,0.00227847,0.00229773,0.00233617,0.00239716,0.00249517,0.00263378,0.00280918,0.00301648,0.00327131,0.00356,0.00388709,0.00426049,0.00469091,0.00516687,0.00570196,0.00679633,0.00725628,0.00771787,0.00818316,0.0086688,0.00921998,0.01006599,0.01105668,0.01217201,0.0134045,0.01475534,0.01622341,0.01778282,0.01940149,0.02104857,0.02271059,0.02414402,0.02580291,0.02782418,0.03028421,0.0332234,0.03668512,0.04053668,0.04472383,0.04920382,0.0539858,0.05915224,0.06484742,0.07120291,0.07820075,0.08584342,0.09413993,0.1029545,0.11230948,0.12239319,0.13358332,0.14625033,0.16036131,0.17615079,0.19389432,0.21367036,0.23558183,0.25981143,0.28670573,0.3163563,0.3504846,0.38781492,0.42931458,0.47548765,0.52689218
BGD,2000,0.06789827,0.01014353,0.00646717,0.00397283,0.00253873,0.00169331,0.00122697,0.00102531,0.00097445,0.00096074,0.00086826,0.00081652,0.00083605,0.00088496,0.00095809,0.00109358,0.00123815,0.00138868,0.00152912,0.00162948,0.001689,0.00171939,0.00174261,0.00177008,0.00174862,0.00177509,0.00180992,0.0018811,0.00190616,0.00196764,0.0020698,0.0021867,0.00232098,0.00240655,0.00244659,0.00244738,0.00246469,0.00250445,0.00256897,0.00266119,0.00280023,0.0029903,0.00322577,0.00349843,0.00382316,0.00418776,0.00459519,0.00505108,0.00556199,0.00611413,0.00672021,0.0079553,0.00842659,0.00890379,0.00941742,0.01002002,0.01096394,0.01207555,0.01332193,0.01468128,0.01615483,0.01774045,0.01941517,0.02115296,0.02292551,0.02473717,0.02631424,0.02814926,0.03039512,0.03311328,0.03634258,0.04011715,0.04428705,0.04880456,0.05363753,0.05883521,0.06448687,0.07070982,0.07767648,0.08548381,0.09406026,0.10336769,0.11338168,0.1239774,0.13522194,0.14741005,0.16101803,0.17649697,0.19382733,0.21330613,0.23517197,0.25946821,0.28642614,0.31629216,0.34947305,0.38722205,0.42909502,0.47585752,0.52808946,0.5864499
BGD,2001,0.06432962,0.00856345,0.00620849,0.00401067,0.00250887,0.00160259,0.00112803,0.00094986,0.00093316,0.0009432,0.00084462,0.0008065,0.00079501,0.00084899,0.00093237,0.00103911,0.00120364,0.00135058,0.00147876,0.00158,0.00164639,0.00168465,0.00170215,0.00172358,0.00176443,0.00176731,0.00181566,0.00186297,0.00194232,0.00197825,0.00206303,0.00218944,0.00230848,0.00240447,0.00243727,0.00244743,0.00245038,0.00249003,0.00255639,0.00264964,0.00277344,0.00295011,0.00318245,0.00346273,0.00378064,0.00415447,0.00456945,0.00502514,0.00552213,0.00606681,0.00664142,0.00725026,0.00851499,0.00896164,0.00944749,0.01003676,0.01098572,0.01212415,0.01340936,0.01480864,0.01630891,0.01790814,0.01958208,0.02131027,0.02307301,0.02487919,0.0264729,0.0283401,0.03063363,0.03341848,0.03670892,0.04053606,0.04473068,0.04923765,0.05404149,0.05921197,0.06487979,0.071159,0.07818037,0.08607089,0.09488359,0.10449381,0.11483083,0.12589995,0.13760668,0.15008759,0.16369946,0.17896247,0.19637238,0.21593143,0.23788052,0.26240004,0.28966744,0.32001307,0.35363165,0.3924956,0.43564343,0.48406559,0.53841513,0.59943175
BGD,2002,0.06096568,0.00771199,0.00536639,0.00393867,0.00259143,0.0016443,0.00112716,0.00091234,0.00087304,0.00088231,0.00081691,0.00077278,0.00077398,0.0007941,0.00087834,0.00099161,0.00111899,0.00128442,0.00140721,0.00149704,0.00156614,0.0016132,0.00163905,0.00165431,0.00168748,0.00175049,0.00177448,0.00183403,0.0018892,0.00198098,0.00204061,0.00214963,0.00227801,0.00235695,0.00239878,0.00239972,0.00241037,0.00243492,0.00250102,0.00259676,0.00272162,0.00288005,0.00309651,0.003371,0.00369446,0.0040588,0.0044802,0.00493964,0.00543081,0.00595382,0.00651245,0.00707958,0.00766711,0.00894667,0.0093971,0.00995296,0.01087927,0.01201001,0.01330751,0.01472912,0.01624993,0.01785438,0.01951743,0.02121608,0.02293932,0.02470604,0.02626792,0.02812753,0.03042735,0.03323036,0.03655185,0.040396,0.0445911,0.04905984,0.05378008,0.05884538,0.06440833,0.07062261,0.07761442,0.08546772,0.09426662,0.10402463,0.11457833,0.12588887,0.13799884,0.15087226,0.16468564,0.17982905,0.19685612,0.21633835,0.23822243,0.2626905,0.29005027,0.32060737,0.35465945,0.39461921,0.43875771,0.48866098,0.54516568,0.60915762
BGD,2003,0.05782973,0.00709745,0.00493061,0.00347322,0.00259478,0.00197932,0.0015271,0.0012095,0.00099799,0.00086402,0.00077735,0.0007595,0.0007527,0.00078445,0.0008334,0.00094863,0.0010857,0.00121563,0.00136418,0.00145253,0.00151406,0.00156493,0.00159959,0.00162191,0.00164828,0.00170385,0.00178864,0.0018259,0.00189402,0.00196329,0.00208119,0.0021643,0.00227508,0.00236332,0.0023877,0.00239812,0.00240074,0.00243529,0.00248885,0.00258739,0.00271849,0.00288062,0.00307797,0.00333714,0.00365626,0.00402896,0.00444442,0.00491564,0.00541653,0.00593976,0.00648302,0.00704194,0.00759494,0.00817338,0.00951759,0.01004453,0.01094664,0.01206672,0.01337196,0.01482601,0.01639336,0.01804593,0.01974311,0.02145994,0.02318245,0.02493926,0.0264903,0.02834661,0.0306729,0.03352506,0.03691737,0.04085378,0.04512914,0.0496651,0.05441199,0.05945534,0.06498033,0.07116958,0.07819061,0.08612072,0.09500065,0.10487636,0.11573265,0.12742361,0.13995159,0.15342655,0.16784078,0.18338367,0.20047832,0.21974329,0.24173388,0.26632668,0.29384233,0.32470605,0.35921215,0.39933602,0.4441008,0.49462314,0.55190064,0.61691204
BGD,2004,0.05492526,0.00656482,0.00461922,0.00324925,0.00233173,0.00171654,0.00132273,0.00108994,0.00095826,0.00086821,0.00075949,0.00072061,0.00073728,0.00076077,0.00082046,0.00089836,0.00103983,0.00118291,0.00129645,0.00141422,0.00147325,0.00151586,0.00155289,0.0015831,0.00161616,0.00166508,0.00174285,0.00184295,0.00188888,0.00197002,0.00206289,0.00220394,0.00228375,0.00235124,0.00238475,0.00237908,0.00239304,0.00242145,0.00248632,0.0025721,0.0027051,0.0028724,0.00307085,0.00330375,0.00360027,0.00396131,0.00437855,0.00483664,0.00534402,0.00587228,0.00641116,0.00695007,0.00749151,0.00802985,0.00862341,0.01008632,0.01095019,0.01203271,0.01331432,0.01476578,0.01635959,0.01805566,0.01979838,0.02154558,0.0232819,0.02503268,0.02656674,0.0284064,0.03071947,0.0335849,0.03701089,0.04100233,0.0453525,0.0499471,0.05473761,0.05977898,0.06524383,0.07134814,0.07829193,0.08619646,0.0950905,0.10497038,0.11585608,0.12776462,0.14057601,0.15435665,0.16926148,0.18527289,0.20258778,0.22167516,0.24311687,0.26743475,0.29461955,0.32511205,0.35928082,0.39656797,0.43912827,0.48669558,0.53999497,0.60009487
BGD,2005,0.05207359,0.00599098,0.00424536,0.00303159,0.00217168,0.00158888,0.00122542,0.00102161,0.00091792,0.00085527,0.00077457,0.0007149,0.00071065,0.00075724,0.00080956,0.00089755,0.00099847,0.00114979,0.00128078,0.00136566,0.00145739,0.00149919,0.00153043,0.00156401,0.0016052,0.00166098,0.00173246,0.00182648,0.00193925,0.00199989,0.00210673,0.00222581,0.00237062,0.00240718,0.00241998,0.00242302,0.00241981,0.00245894,0.00251828,0.00261827,0.00274132,0.00291567,0.00312598,0.00336631,0.00364041,0.0039856,0.00440044,0.00487228,0.0053782,0.00592674,0.0064841,0.00703089,0.00756319,0.00810184,0.00866633,0.00934972,0.01125133,0.01231849,0.01358862,0.01504656,0.01667254,0.01843519,0.02026418,0.02209906,0.02390483,0.02570652,0.02726401,0.02912469,0.03147061,0.03438559,0.03790414,0.04202496,0.04653597,0.05131686,0.05627721,0.06147578,0.06705618,0.07322792,0.08023397,0.08823284,0.0973029,0.10742846,0.1185748,0.1307999,0.14416707,0.15860688,0.17422534,0.19119312,0.20947772,0.22931038,0.25111191,0.27543803,0.30303114,0.33397542,0.36863433,0.40727835,0.45009624,0.49780893,0.55077045,0.60968425
BGD,2006,0.04942997,0.00546949,0.00393069,0.00282267,0.0020523,0.00155466,0.00126291,0.00110791,0.00102061,0.00093202,0.00077352,0.00073877,0.00071418,0.00073909,0.00081631,0.00089841,0.00101002,0.00111839,0.00126234,0.00136803,0.00142826,0.00150303,0.00153283,0.00156096,0.00160587,0.00167062,0.0017504,0.00183915,0.00194708,0.00207902,0.00216685,0.00230002,0.00242226,0.00252711,0.00250576,0.0024872,0.0024938,0.00251646,0.0025883,0.00268386,0.00282466,0.00299014,0.00321058,0.00346698,0.00375168,0.00407328,0.00447328,0.00494587,0.00547118,0.00602285,0.00660779,0.00718,0.00772584,0.00825967,0.00883013,0.00948848,0.01053083,0.01277819,0.01404353,0.01550262,0.01715242,0.01897026,0.02089353,0.02284374,0.02476485,0.02666123,0.02828321,0.03019562,0.03259866,0.03558971,0.03920764,0.04348157,0.04818605,0.05319663,0.05841557,0.0638572,0.06967353,0.07604245,0.08319945,0.091351,0.10061882,0.11104264,0.12257185,0.13520355,0.1490503,0.16425308,0.18076184,0.19868893,0.21822078,0.23932652,0.26216,0.28709478,0.3149168,0.34656503,0.38197268,0.42160328,0.46480207,0.51274016,0.56585169,0.62445457
BGD,2007,0.04715701,0.00518108,0.00369166,0.00269468,0.00198504,0.00155204,0.00133564,0.00124884,0.00120494,0.00111876,0.00090633,0.00079274,0.00078917,0.00079175,0.0008451,0.0009567,0.00106541,0.00118688,0.00128661,0.00141094,0.00149495,0.0015391,0.0016032,0.00163055,0.00167142,0.00174285,0.00183567,0.00193727,0.00204362,0.00217535,0.00234497,0.00246378,0.00260402,0.00268685,0.00273832,0.00268283,0.00266776,0.00270324,0.00276069,0.0028741,0.00301532,0.00320807,0.00342648,0.00370382,0.00401745,0.00436221,0.00474741,0.00521826,0.00576164,0.00635393,0.00696161,0.00758406,0.00817642,0.00874301,0.00932747,0.01001596,0.01106924,0.01238405,0.01507655,0.01657907,0.01828547,0.02019315,0.02224579,0.02436969,0.02648645,0.02857716,0.03034963,0.03240863,0.03496546,0.03813683,0.04197654,0.04651962,0.051562,0.05696512,0.06262454,0.06854912,0.07484532,0.0817052,0.08933576,0.09793919,0.10769351,0.11868975,0.13094197,0.14442972,0.15919792,0.17545419,0.19339706,0.21295574,0.23424424,0.25749953,0.28255816,0.30950028,0.33894063,0.37188356,0.40923727,0.45213983,0.49804443,0.54878914,0.60493421,0.66695421
BGD,2008,0.04458806,0.00464262,0.00335416,0.00243571,0.00180576,0.00143299,0.00125342,0.00119088,0.00116933,0.00111279,0.00094557,0.00080691,0.00074031,0.00077102,0.00080411,0.00088727,0.00102492,0.00113848,0.00124587,0.00131744,0.00141635,0.00148275,0.00151425,0.00157337,0.00161146,0.00167437,0.00176789,0.00187598,0.00198854,0.00211043,0.00227042,0.00246794,0.00258594,0.00267754,0.0026986,0.00271571,0.00266248,0.00267332,0.00274076,0.00283378,0.00298757,0.00317158,0.00341003,0.00367082,0.00399061,0.00434817,0.00473619,0.00516226,0.0056712,0.00624726,0.00686159,0.00746869,0.00807582,0.0086545,0.00923696,0.00990092,0.01093889,0.01219296,0.01369666,0.01669453,0.0183456,0.02019793,0.02221952,0.02434851,0.0265163,0.02868322,0.03052946,0.03263791,0.03522274,0.03839721,0.0422284,0.04676474,0.05180506,0.05725026,0.06298717,0.06902444,0.07546499,0.08244509,0.09017626,0.09880881,0.10850036,0.11939746,0.13156745,0.14506425,0.15991485,0.17624501,0.19431915,0.21434951,0.23623907,0.26012279,0.28614671,0.31402393,0.34404396,0.37694858,0.41360143,0.4581557,0.50535038,0.55777959,0.61590996,0.68042686
BGD,2009,0.04240897,0.00443396,0.00304939,0.00223358,0.00165301,0.00127997,0.00108279,0.0010074,0.00099972,0.00100573,0.00097208,0.00087157,0.00077935,0.00074356,0.00080379,0.00086406,0.0009687,0.00111379,0.00121237,0.0012912,0.0013365,0.00141627,0.0014683,0.00149479,0.00156471,0.00162513,0.0017096,0.00181863,0.0019377,0.00206502,0.00221232,0.00239702,0.00259418,0.00266218,0.00269438,0.00268318,0.00270615,0.00268068,0.00272293,0.00282436,0.00295344,0.00314669,0.00337044,0.00364849,0.00394497,0.00430376,0.0047009,0.00512553,0.00558092,0.00611461,0.00670673,0.00731673,0.00790307,0.00849319,0.00908336,0.0097385,0.01073764,0.01196183,0.01338471,0.01504824,0.01833131,0.02011043,0.02205974,0.02414321,0.02630605,0.02851764,0.03043472,0.03261,0.03523229,0.03841681,0.04222578,0.04672162,0.05171899,0.0571249,0.06287214,0.0689607,0.07549312,0.08259988,0.09042575,0.0991232,0.10879313,0.11955275,0.13152646,0.14483138,0.15958222,0.17588188,0.19389786,0.21391475,0.23614845,0.26049314,0.28695978,0.31562042,0.34636933,0.37961388,0.41589144,0.46187086,0.50928756,0.56185282,0.62004052,0.68432452
BGD,2010,0.04035621,0.00421538,0.00286034,0.00199429,0.00148864,0.00118384,0.00101131,0.00092915,0.0008955,0.00086846,0.00080554,0.00082282,0.00077317,0.00072009,0.00071081,0.00079109,0.00086287,0.00096117,0.00108253,0.00114739,0.00119931,0.0012251,0.00128549,0.00132889,0.00136171,0.00144437,0.00151833,0.00160839,0.00171777,0.00184091,0.00198225,0.00214161,0.0023133,0.00245346,0.00245992,0.00245894,0.00245075,0.00249553,0.00250022,0.0025705,0.00269926,0.00285679,0.00307661,0.00332268,0.00361854,0.00392964,0.00430017,0.00470253,0.00512072,0.00555903,0.00606315,0.00660421,0.0071487,0.00767353,0.0082297,0.00884214,0.00975295,0.01084374,0.01212582,0.01357718,0.01525052,0.01853923,0.02025541,0.02209667,0.0240372,0.02606287,0.02786912,0.02993759,0.03241659,0.03538618,0.03890263,0.0430166,0.04757104,0.05249599,0.05773616,0.06333846,0.06938708,0.07599949,0.08330374,0.09137552,0.10030905,0.11015446,0.12100129,0.13301827,0.14636941,0.1612347,0.17774854,0.19607625,0.21649283,0.23922589,0.26404429,0.29086459,0.31997778,0.35133699,0.38509569,0.42608511,0.469514,0.51734247,0.57019889,0.62849637
BGD,2011,0.03844624,0.00407576,0.00264627,0.00182111,0.00129363,0.00098412,0.0008418,0.0008078,0.00082333,0.00082962,0.00076805,0.00075224,0.00080522,0.00078853,0.00076121,0.0007719,0.00087331,0.00094734,0.00103404,0.00113384,0.0011771,0.0012152,0.00122865,0.00128437,0.00133639,0.00138802,0.00149142,0.00157913,0.00167966,0.00180423,0.00195334,0.00211992,0.00228193,0.00241479,0.00250223,0.0024777,0.00248174,0.00249785,0.00257281,0.00260811,0.00271315,0.00288111,0.00307956,0.00334225,0.00362859,0.00396825,0.00432093,0.00473311,0.00516936,0.0056128,0.00606653,0.00657187,0.00710345,0.00764151,0.00818572,0.00881894,0.00974733,0.01084062,0.01209888,0.01353976,0.01514909,0.01698432,0.0205665,0.02234939,0.02423742,0.02624224,0.0280706,0.03021578,0.0328031,0.03588747,0.03949798,0.04368495,0.04828068,0.05323086,0.05849769,0.06413574,0.07028178,0.07704457,0.08455281,0.09287701,0.10203838,0.11208958,0.12305508,0.13507386,0.14838192,0.16323204,0.17985668,0.1983973,0.21902254,0.24205002,0.26760991,0.29533936,0.3253618,0.35808453,0.39316079,0.4362696,0.4822497,0.53298084,0.58911626,0.6514215
BGD,2012,0.03666882,0.00371361,0.00258547,0.0017006,0.00119343,0.00091306,0.00077451,0.0007305,0.00073385,0.00073751,0.00069342,0.00067914,0.00069719,0.00077652,0.00078616,0.00077892,0.00079925,0.00089741,0.00095329,0.00101422,0.0010908,0.00111984,0.00114865,0.00115584,0.00121363,0.00127843,0.00134342,0.00145229,0.00154456,0.0016554,0.00179982,0.00196847,0.00213152,0.00224836,0.00232194,0.00237258,0.00234964,0.00237438,0.0024183,0.00252271,0.00259259,0.00273398,0.00293893,0.00317337,0.00347039,0.003789,0.00416062,0.00453631,0.00496266,0.00540173,0.00583367,0.0062566,0.00672277,0.00722025,0.00775233,0.00834539,0.00925188,0.01031185,0.0115099,0.01284958,0.01435872,0.01602351,0.01788249,0.02152567,0.02324796,0.02508761,0.02679143,0.02884446,0.03137535,0.03441356,0.03795876,0.04202778,0.04645235,0.05116806,0.0561576,0.06149293,0.06731402,0.07378173,0.0810101,0.08906084,0.09794197,0.10762577,0.11813874,0.12953561,0.14201337,0.15590083,0.17148944,0.18900282,0.20857799,0.23041135,0.25472102,0.28154915,0.31070269,0.34235976,0.37669259,0.41951204,0.46536496,0.51628603,0.57241856,0.63450239
BGD,2013,0.03495806,0.00345017,0.00235844,0.00166563,0.00111614,0.00077976,0.00063644,0.00061929,0.00066154,0.00069655,0.00065875,0.00065482,0.00067239,0.00071777,0.00082631,0.00085884,0.00086202,0.00087944,0.00096869,0.00100503,0.00105146,0.00111818,0.00113826,0.00116396,0.00117555,0.00124777,0.00132921,0.00140714,0.00152668,0.00163564,0.00177644,0.00195082,0.00212781,0.00225431,0.00231719,0.0023579,0.00240866,0.00240972,0.00246396,0.00254481,0.00269166,0.00280478,0.00299465,0.00325089,0.00353611,0.00388928,0.00426148,0.00468649,0.0051006,0.00555959,0.00601847,0.00644853,0.00685743,0.00732152,0.00784851,0.00846815,0.00938165,0.01048608,0.01172621,0.01308841,0.01458773,0.01625572,0.0180562,0.0200315,0.02395788,0.02575079,0.02741507,0.029472,0.03206643,0.03523902,0.0389653,0.04323165,0.04782908,0.05268224,0.05775729,0.06315316,0.06903527,0.07557688,0.08295939,0.09124095,0.10042099,0.11044562,0.12124759,0.13289508,0.14548563,0.15931503,0.17479803,0.1922487,0.21188609,0.23386933,0.25830608,0.28533764,0.31520067,0.34771006,0.38276559,0.42561181,0.47257976,0.52510069,0.58355387,0.64823885
BGD,2014,0.03331896,0.00318536,0.00220418,0.0015262,0.00109776,0.0008369,0.00069595,0.00063841,0.00062781,0.00062775,0.00060157,0.00060021,0.0006248,0.0006676,0.00073892,0.00087546,0.00092689,0.00092679,0.00092674,0.00099649,0.00101256,0.00104343,0.0010963,0.00110931,0.00113874,0.00116646,0.00125674,0.0013512,0.00143836,0.00157193,0.00170136,0.00186076,0.00203196,0.00216549,0.00223734,0.00227174,0.00231873,0.00239875,0.00243036,0.00251739,0.00262949,0.00280934,0.00295138,0.00316951,0.00345298,0.00376532,0.00414703,0.0045435,0.00498537,0.00540774,0.00586725,0.00631073,0.00671623,0.00710499,0.00757394,0.00815683,0.00905168,0.01010581,0.01133323,0.01268019,0.01414381,0.01574049,0.017483,0.01932842,0.02132849,0.02540135,0.02693766,0.02887351,0.03137356,0.0344919,0.03821708,0.04251122,0.04713735,0.05198722,0.05702388,0.06233011,0.06809565,0.07451287,0.08176443,0.08997319,0.09913921,0.10921427,0.12011086,0.13179028,0.14436897,0.15802923,0.173116,0.1900569,0.20918038,0.23074495,0.25479274,0.2813258,0.31073809,0.34336899,0.37866085,0.41766175,0.46142346,0.50982866,0.56331085,0.62215887
BGD,2015,0.03172714,0.00301913,0.00203271,0.0014251,0.00100581,0.00074307,0.00060736,0.00055878,0.00055756,0.00056396,0.00053855,0.00054472,0.00056987,0.00061809,0.0006841,0.00077954,0.00093679,0.00098766,0.00096837,0.00094384,0.00099453,0.00099677,0.00101623,0.00106237,0.00108066,0.0011231,0.00116594,0.00126742,0.00136972,0.00146767,0.00162027,0.00176707,0.00192406,0.00205485,0.00213611,0.00217941,0.00221773,0.00228923,0.00239819,0.00245975,0.00257749,0.00272169,0.00293443,0.0031044,0.00334956,0.00366211,0.00400251,0.00441054,0.00482354,0.00527445,0.0056943,0.00613607,0.00655135,0.00693278,0.00732231,0.00784191,0.00868737,0.00971771,0.01088655,0.0122147,0.01365469,0.01520323,0.01685658,0.01862878,0.02047947,0.02249673,0.02643552,0.02822065,0.03057059,0.03356249,0.03720202,0.04146711,0.04609989,0.05095699,0.05596155,0.0611891,0.06681245,0.07304895,0.08010219,0.08809912,0.09711164,0.10708887,0.1179479,0.12963099,0.14213983,0.15566436,0.17043231,0.18680328,0.20521663,0.22603451,0.24942055,0.27532435,0.30398964,0.33590903,0.3710785,0.41185222,0.45666912,0.50678109,0.56269731,0.62502755
BGD,2016,0.0301668,0.00283312,0.00190487,0.00130205,0.00092956,0.00069941,0.00057032,0.00051291,0.00049786,0.00049593,0.00047759,0.00048175,0.00051115,0.00055778,0.00062714,0.00071379,0.00082522,0.00098498,0.00101816,0.00097253,0.00093029,0.00096683,0.00095913,0.00097336,0.00102303,0.00105418,0.00110904,0.00116117,0.00126885,0.00138044,0.00149555,0.00166317,0.00180664,0.00192533,0.00200595,0.00205839,0.00210376,0.00216405,0.00226135,0.00239809,0.00248987,0.00263717,0.00281264,0.00305524,0.0032496,0.00352094,0.00386025,0.00422321,0.00464683,0.00506537,0.00551221,0.00590981,0.00632024,0.00670806,0.00708612,0.00751904,0.00828373,0.00925141,0.01038529,0.01163974,0.01304735,0.01455672,0.01614413,0.01780604,0.01956459,0.02140883,0.023202,0.02744609,0.0296102,0.03240875,0.03587344,0.04000197,0.0445624,0.04938569,0.05435537,0.05949974,0.06498037,0.07099613,0.07777589,0.08546979,0.09415536,0.10386064,0.11449939,0.1260161,0.13839055,0.15168672,0.16613229,0.18196016,0.1995364,0.21933463,0.24162155,0.26648812,0.2941271,0.32484354,0.35878831,0.39695792,0.4394043,0.48664881,0.53931488,0.59789956
BGD,2017,0.02866457,0.00267116,0.00177002,0.00120816,0.0008425,0.00061972,0.00050521,0.00046321,0.00045813,0.00045443,0.00041659,0.00042381,0.00044858,0.00049633,0.00056207,0.0006502,0.00074994,0.00086114,0.00100642,0.00101294,0.00094783,0.00089568,0.00092078,0.00090921,0.00092768,0.00098794,0.00103098,0.00109339,0.00115122,0.00126654,0.00139299,0.00152158,0.00168391,0.00179027,0.00186147,0.0019147,0.0019682,0.00203378,0.00211796,0.00224052,0.00240392,0.00252435,0.00269802,0.00289959,0.0031658,0.0033811,0.00367364,0.00403147,0.00440409,0.00483018,0.0052401,0.00566264,0.00602568,0.00640622,0.00678758,0.00720384,0.00786347,0.00873367,0.00978882,0.01099431,0.01231018,0.01377151,0.01530497,0.01688572,0.01851699,0.02025297,0.0218657,0.02385572,0.02851896,0.03108501,0.03430267,0.03819797,0.04257082,0.04727749,0.05217293,0.05723912,0.06258403,0.06839277,0.07487359,0.08220376,0.09048681,0.09975825,0.11001784,0.1212068,0.13330782,0.14636032,0.16045542,0.17582141,0.19268867,0.21144697,0.23247803,0.25598537,0.28232076,0.31172939,0.34414642,0.38086234,0.42169224,0.46713517,0.51773674,0.57415209
BGD,2018,0.02719387,0.00252022,0.00163909,0.00110238,0.00076754,0.00056729,0.00046539,0.0004286,0.00042381,0.00041804,0.00037819,0.00036612,0.0003911,0.00043249,0.00049716,0.00058128,0.00068255,0.00078137,0.00087825,0.00099792,0.00098263,0.00090625,0.00084712,0.00086697,0.00086106,0.00089038,0.00096101,0.0010112,0.0010773,0.00114218,0.00126955,0.00140615,0.00152818,0.00165516,0.00171834,0.00176475,0.00182012,0.00189234,0.00197971,0.00208606,0.00223107,0.00241754,0.00256016,0.0027533,0.00297158,0.00325514,0.00348398,0.00378737,0.00414936,0.00451779,0.00493095,0.00531306,0.00569822,0.00602928,0.00639956,0.00681311,0.00744036,0.00819048,0.00913179,0.01024409,0.01149908,0.01285348,0.01432838,0.01584617,0.01738761,0.01898479,0.02049184,0.02227497,0.02456247,0.02966991,0.03260041,0.03618924,0.04028022,0.04476097,0.04951239,0.05448019,0.05971938,0.06535691,0.07158668,0.07856751,0.08643188,0.09524611,0.10502074,0.11578783,0.12752719,0.14028797,0.15414454,0.16918278,0.18562367,0.2037229,0.22377155,0.24608675,0.27115059,0.29940056,0.33070664,0.36533311,0.40382722,0.44657846,0.49397121,0.54651877
BGD,2019,0.02582148,0.00241078,0.00152261,0.00100511,0.00068979,0.00051226,0.00043468,0.00041903,0.00042738,0.00042191,0.00036486,0.00034871,0.00035428,0.00039454,0.00045201,0.00053381,0.00063164,0.00073466,0.00082253,0.00090007,0.00100466,0.00097767,0.00089523,0.00083598,0.0008597,0.00086457,0.00090477,0.00098374,0.00104053,0.00111865,0.00119958,0.00134369,0.00148336,0.00157845,0.00166635,0.00170629,0.00175284,0.00182513,0.00191987,0.0020335,0.00217009,0.00234983,0.00257355,0.00275271,0.00297774,0.00323369,0.00355635,0.00381463,0.00414448,0.00452831,0.00490823,0.00532016,0.00568789,0.00606371,0.00640301,0.00682731,0.00747603,0.00822712,0.00908416,0.01013004,0.01134838,0.01270669,0.01413957,0.01566963,0.01721935,0.01879776,0.0202416,0.02198766,0.02415063,0.02690323,0.03275964,0.03621683,0.04018499,0.04458497,0.04932318,0.05436535,0.05972657,0.06548215,0.07177027,0.07874036,0.08651321,0.09519311,0.10482386,0.11544691,0.12713539,0.13992048,0.15386427,0.16902077,0.18546057,0.20342669,0.22306952,0.24463608,0.26873295,0.29589989,0.32620759,0.3615105,0.40024105,0.44361374,0.49217269,0.54647024
BGD,2020,0.02455918,0.0015011,0.00137466,0.00125389,0.00112156,0.00096918,0.00080599,0.00064524,0.00050031,0.00038466,0.00031133,0.00027518,0.000272,0.00029593,0.00034697,0.00043546,0.00055498,0.00067128,0.00074633,0.00076001,0.00073811,0.00071092,0.00069278,0.00069339,0.00071711,0.00076631,0.0008367,0.00091268,0.00097883,0.00102656,0.0010614,0.00109998,0.00115315,0.00122699,0.00132226,0.00143367,0.00155442,0.00167301,0.00178314,0.00188403,0.00198285,0.00210044,0.00225927,0.0024866,0.00279893,0.00319019,0.0036204,0.00400944,0.0043117,0.00454964,0.00480545,0.00518357,0.005761,0.00660533,0.00774935,0.00915764,0.01071562,0.01219225,0.01336941,0.01417102,0.01469541,0.01522443,0.01601829,0.01728675,0.01917,0.02165276,0.02464321,0.02793173,0.03129658,0.03459436,0.03774262,0.04085873,0.04416489,0.04785755,0.05213207,0.05709841,0.06278854,0.06917677,0.07628661,0.08413596,0.09268258,0.10199361,0.11221535,0.12414333,0.13810688,0.15352723,0.169797,0.18624906,0.20328861,0.22184346,0.24208749,0.26414323,0.28829528,0.31492042,0.34419978,0.3771528,0.41312448,0.45265278,0.49599962,0.5434207
BGD,2021,0.02339099,0.00150206,0.00130462,0.00113183,0.00097369,0.00082572,0.00069097,0.00057414,0.00047994,0.0004131,0.00037822,0.0003822,0.00043094,0.00053569,0.00070897,0.00095914,0.00123653,0.00142049,0.00142149,0.00124067,0.0009997,0.00079624,0.00066269,0.0006032,0.00060232,0.00064937,0.00072783,0.00081297,0.00088544,0.0009309,0.00095466,0.00097055,0.00099121,0.0010281,0.00108565,0.00116535,0.00126563,0.00138221,0.00151275,0.00165673,0.00181897,0.00200907,0.00223885,0.00252444,0.00287759,0.00330426,0.00380334,0.00436506,0.00498416,0.00564821,0.0063371,0.00702619,0.0076815,0.00827572,0.0088262,0.00939164,0.01003968,0.01085332,0.01190318,0.0132049,0.01470198,0.01626598,0.01776819,0.01913506,0.02038403,0.02163066,0.02302923,0.02476899,0.02704574,0.0299517,0.03344478,0.03733081,0.04135915,0.04534587,0.04920688,0.05299871,0.05690164,0.06120625,0.0663618,0.07262515,0.07998265,0.08826849,0.09730259,0.10782846,0.12001623,0.13300569,0.14602078,0.15834419,0.17072558,0.18442226,0.1995084,0.21601126,0.23396489,0.2536229,0.2753849,0.30082902,0.3284065,0.35902829,0.39304585,0.43083773
BGD,2022,0.0207521,0.00203613,0.0013535,0.00093036,0.00065871,0.00049303,0.00040833,0.0003813,0.00038184,0.00037988,0.0003623,0.00035469,0.00038044,0.00041978,0.00047546,0.00055566,0.00065223,0.00074827,0.00080984,0.00084043,0.00085015,0.00083519,0.00081901,0.00082404,0.00084576,0.00087736,0.00092509,0.0009872,0.00105881,0.00114611,0.00125731,0.00138984,0.00152277,0.00162985,0.00169603,0.00173757,0.0017764,0.001833,0.00191633,0.00201191,0.00212631,0.00226693,0.00242432,0.00259904,0.00279717,0.00302361,0.00328186,0.00357148,0.00389281,0.00424263,0.00459851,0.00495142,0.00531288,0.00565351,0.00597637,0.00641554,0.00702282,0.00779584,0.00870294,0.00972251,0.01086239,0.01211878,0.01345685,0.01483443,0.01627528,0.01782886,0.01959519,0.0216473,0.02405916,0.02692643,0.03025234,0.03379258,0.03759366,0.04177486,0.0462416,0.0508798,0.05586614,0.06131563,0.06736387,0.07416187,0.08183049,0.09044027,0.09994248,0.11034722,0.12168327,0.13403387,0.14756888,0.16245974,0.17894301,0.19726919,0.21760877,0.24014891,0.26516781,0.29305141,0.32425461,0.35938389,0.39976745,0.44494847,0.49562867,0.55260259
BGD,2023,0.01973766,0.00194469,0.00129546,0.00089246,0.00063333,0.00047505,0.00039398,0.00036823,0.00036903,0.0003675,0.00035101,0.00034406,0.00036936,0.00040795,0.00046253,0.00054107,0.00063556,0.00072976,0.0007907,0.00082157,0.0008321,0.00081826,0.00080313,0.00080851,0.00083016,0.00086151,0.00090828,0.00096912,0.00103942,0.00112518,0.00123438,0.00136437,0.00149509,0.00160011,0.00166509,0.00170647,0.00174454,0.00179965,0.00188127,0.00197522,0.00208754,0.00222516,0.00237954,0.00255157,0.00274566,0.00296755,0.00322013,0.00350093,0.00381337,0.00415469,0.00450477,0.00484706,0.00519245,0.00552545,0.00584614,0.00628041,0.00688012,0.00764857,0.00854796,0.00954757,0.01065891,0.01188505,0.013193,0.01453995,0.01594999,0.0174718,0.01920075,0.02120807,0.02357006,0.02638057,0.02964462,0.03312663,0.03686392,0.04097602,0.04534784,0.04990283,0.05484599,0.06024971,0.06624732,0.07298128,0.08057562,0.08910604,0.09852821,0.1088396,0.12006251,0.13230416,0.1457329,0.16049457,0.17682906,0.19503465,0.21529212,0.23777149,0.26268881,0.29041746,0.32136463,0.3560811,0.39613233,0.44103152,0.4914295,0.54811891
BGD,2024,0.01875133,0.00185548,0.00123867,0.00085528,0.00060839,0.00045736,0.00037987,0.00035537,0.00035643,0.00035534,0.00033989,0.00033362,0.0003585,0.00039633,0.00044983,0.00052678,0.00061926,0.00071165,0.00077195,0.00080312,0.00081441,0.00080162,0.00078748,0.00079325,0.00081481,0.0008459,0.00089185,0.00095151,0.00102044,0.00110465,0.00121194,0.0013393,0.00146757,0.00157102,0.00163477,0.00167548,0.00171318,0.00176734,0.00184723,0.00193949,0.00205,0.00218492,0.00233588,0.00250454,0.0026956,0.00291278,0.0031601,0.00343453,0.00373724,0.00406898,0.00441052,0.00474778,0.00508282,0.0054005,0.00571434,0.00614352,0.00673478,0.00749186,0.0083845,0.00937493,0.01046399,0.01166049,0.01293741,0.01425502,0.01563495,0.0171254,0.01882206,0.02078756,0.02309828,0.0258503,0.02904952,0.03247368,0.03615283,0.04019876,0.04450298,0.04896626,0.05383291,0.05919544,0.06514775,0.07183017,0.07935859,0.08782155,0.09716745,0.10740455,0.11854141,0.13067704,0.14401187,0.15867863,0.17489484,0.1929628,0.21311715,0.23554115,0.26043312,0.28809905,0.3189356,0.35344552,0.39326112,0.43794688,0.48821436,0.54480993
BGD,2025,0.01785979,0.00177368,0.00118642,0.00082095,0.00058527,0.00044092,0.00036671,0.00034336,0.00034462,0.0003439,0.00032939,0.00032371,0.00034819,0.00038527,0.00043767,0.00051303,0.00060354,0.00069414,0.00075373,0.00078508,0.00079706,0.00078522,0.00077199,0.0007781,0.00079956,0.00083031,0.00087539,0.00093396,0.00100157,0.00108409,0.00118938,0.00131424,0.00143996,0.00154158,0.00160458,0.00164452,0.0016814,0.00173486,0.00181348,0.00190404,0.0020127,0.00214536,0.0022934,0.00245831,0.00264565,0.00285947,0.0031015,0.00337015,0.0036659,0.00398722,0.00431919,0.00464863,0.00497919,0.00528753,0.00558674,0.00600621,0.00658903,0.00733406,0.00821286,0.00919554,0.0102742,0.01144772,0.01269417,0.01398138,0.0153324,0.01679212,0.01845661,0.02038543,0.02264792,0.02533975,0.02847189,0.03183365,0.03545353,0.03943751,0.04367497,0.04807299,0.05284995,0.05813118,0.06403751,0.07066716,0.07813457,0.08652787,0.09579684,0.10594776,0.11700037,0.1290374,0.14225515,0.15680967,0.17290912,0.19083043,0.21081258,0.23309782,0.25789917,0.28549707,0.31621676,0.35054993,0.39018405,0.43455705,0.48452864,0.54090556
BGD,2026,0.01699008,0.00169352,0.00113528,0.00078734,0.00056262,0.00042481,0.00035383,0.0003316,0.00033307,0.0003327,0.00031911,0.00031402,0.00033811,0.0003745,0.00042584,0.00049964,0.00058825,0.00067716,0.00073607,0.00076758,0.00078025,0.00076934,0.00075696,0.00076341,0.00078481,0.00081529,0.00085952,0.000917,0.00098347,0.0010645,0.00116772,0.00129007,0.00141349,0.00151321,0.00157527,0.00161491,0.00165091,0.00170329,0.00178087,0.0018703,0.00197714,0.00210753,0.00225324,0.002415,0.00259814,0.00280782,0.00304613,0.00330896,0.0035984,0.00391228,0.00423371,0.00455421,0.00487739,0.00518241,0.00547312,0.00587496,0.00644448,0.00717763,0.008042,0.00900948,0.0100796,0.011243,0.01246622,0.01372383,0.01504517,0.01647586,0.01810948,0.02000281,0.02222379,0.02486021,0.02792502,0.03122345,0.03478159,0.03870543,0.04288401,0.04722147,0.05194148,0.05713329,0.06295812,0.06954279,0.07695767,0.08529805,0.0945019,0.10458208,0.11555599,0.1275172,0.14064963,0.15509427,0.17108962,0.18890196,0.2087431,0.23086045,0.25553389,0.28305403,0.313718,0.34794253,0.38751034,0.43173342,0.4814261,0.53755265
BGD,2027,0.01618993,0.00161905,0.00108757,0.00075588,0.00054134,0.0004096,0.00034162,0.00032043,0.00032206,0.000322,0.00030923,0.00030467,0.00032835,0.00036404,0.00041433,0.00048656,0.00057328,0.00066049,0.0007187,0.00075029,0.00076353,0.0007535,0.00074189,0.00074858,0.00076989,0.00080007,0.00084347,0.00089983,0.00096506,0.00104468,0.00114593,0.00126544,0.00138632,0.00148429,0.00154525,0.00158443,0.00161997,0.00167125,0.00174735,0.00183574,0.00194136,0.00206936,0.0022125,0.00237159,0.002551,0.00275569,0.00298909,0.0032476,0.0035304,0.00383726,0.00415102,0.00446125,0.00477561,0.00507403,0.00536216,0.0057527,0.00630012,0.00701545,0.00786479,0.00881564,0.00986847,0.01102289,0.01223542,0.01346983,0.01476118,0.01616088,0.01776386,0.01962129,0.02179986,0.02438561,0.02738524,0.0306157,0.03410624,0.03796197,0.04207775,0.04635667,0.05101735,0.05614638,0.06187158,0.06836262,0.07572114,0.0840032,0.09314361,0.10314774,0.11403982,0.12590966,0.13895775,0.15330138,0.1691673,0.18685492,0.2065652,0.22851547,0.25299376,0.2803611,0.31092438,0.34507346,0.38461171,0.42877169,0.47832412,0.53419283
BGD,2028,0.01541407,0.00154667,0.00104118,0.00072525,0.00052061,0.00039478,0.00032973,0.00030953,0.00031133,0.00031157,0.00029961,0.00029556,0.00031884,0.00035385,0.00040314,0.00047386,0.00055871,0.00064428,0.00070183,0.00073354,0.00074735,0.00073819,0.00072737,0.00073429,0.00075548,0.00078539,0.00082802,0.00088334,0.00094737,0.00102557,0.00112514,0.00124217,0.00136022,0.00145631,0.00151644,0.00155505,0.00159002,0.00164054,0.00171516,0.00180202,0.00190661,0.00203318,0.00217375,0.00233009,0.00250656,0.00270702,0.0029348,0.00318791,0.003466,0.00376573,0.00407247,0.00437561,0.00468,0.00497053,0.00525289,0.00563866,0.00617143,0.00686011,0.0076887,0.00862309,0.00965802,0.01079517,0.01199932,0.01322451,0.01449338,0.01586279,0.01743439,0.01925792,0.02139575,0.02393237,0.02687497,0.03004292,0.03346479,0.03725066,0.04130008,0.04552165,0.05013108,0.05520228,0.06086478,0.06725264,0.07451388,0.08274605,0.09183194,0.10177832,0.11260117,0.12439665,0.13736612,0.1516353,0.16740948,0.18497513,0.20457076,0.22640187,0.25072519,0.27791086,0.30833941,0.34241394,0.38201296,0.42621454,0.47578513,0.53161071
BGD,2029,0.01467303,0.00147685,0.00099643,0.00069569,0.00050058,0.00038043,0.00031819,0.00029894,0.00030087,0.00030138,0.0002902,0.00028663,0.00030951,0.00034385,0.00039214,0.00046136,0.00054434,0.00062823,0.00068514,0.00071694,0.00073127,0.00072293,0.00071291,0.00072006,0.0007411,0.0007707,0.00081255,0.00086685,0.00092971,0.00100647,0.00110422,0.00121908,0.00133464,0.00142835,0.00148745,0.0015257,0.00155998,0.00160961,0.00168304,0.00176832,0.00187116,0.00199646,0.00213563,0.00228909,0.00246239,0.00265941,0.00288227,0.00312903,0.00340106,0.00369555,0.00399498,0.00429152,0.00458904,0.0048703,0.0051454,0.00552293,0.00604788,0.00671783,0.0075156,0.00842682,0.00944354,0.01056219,0.01174873,0.01296658,0.01422669,0.01557283,0.01711302,0.01890098,0.02099911,0.02348706,0.0263726,0.02948461,0.03284109,0.03655305,0.04053098,0.04468791,0.04924349,0.05426104,0.0598613,0.06617989,0.07332722,0.08145771,0.09048899,0.10037669,0.11113817,0.12285948,0.1357533,0.14993646,0.16562752,0.18308844,0.20254466,0.22424248,0.24842474,0.27542743,0.30563943,0.33954323,0.37912781,0.42336936,0.47295068,0.52875434
BGD,2030,0.01399569,0.00141229,0.00095489,0.00066817,0.00048186,0.00036698,0.00030735,0.00028897,0.00029098,0.0002917,0.00028124,0.0002781,0.00030057,0.00033423,0.00038155,0.00044932,0.00053048,0.00061269,0.00066888,0.00070074,0.00071552,0.0007079,0.00069859,0.00070598,0.00072685,0.00075608,0.00079713,0.00085039,0.00091209,0.00098741,0.00108329,0.00119575,0.00130918,0.00140085,0.00145837,0.00149613,0.00152996,0.00157864,0.00165073,0.00173472,0.00183571,0.00195876,0.00209669,0.00224869,0.00241862,0.0026119,0.00283073,0.00307188,0.00333683,0.00362469,0.00391887,0.00420855,0.00449979,0.00477503,0.00504149,0.00540936,0.00592281,0.00658155,0.00735727,0.00823447,0.00922595,0.0103259,0.01149376,0.01269499,0.01394848,0.0152856,0.01680167,0.01855419,0.02061095,0.02305149,0.02588057,0.02893609,0.03223391,0.03587507,0.03977653,0.04386261,0.0483552,0.05331504,0.05885596,0.06510422,0.07217225,0.08018048,0.08909823,0.09892379,0.10961943,0.1212719,0.13408681,0.14818427,0.16377726,0.1811416,0.20047737,0.22201716,0.2460488,0.27289344,0.30290337,0.33657201,0.37606547,0.42031258,0.4699644,0.52582143
BGD,2031,0.01336052,0.00135146,0.00091576,0.00064221,0.00046419,0.00035427,0.0002971,0.00027954,0.00028163,0.00028256,0.00027275,0.00027002,0.00029211,0.00032513,0.00037152,0.00043791,0.00051737,0.00059799,0.00065347,0.00068537,0.0007006,0.00069367,0.00068501,0.00069261,0.00071337,0.00074229,0.00078256,0.00083482,0.00089541,0.00096942,0.0010636,0.00117379,0.00128501,0.00137523,0.00143152,0.00146827,0.00150152,0.00154944,0.00162017,0.00170274,0.00180237,0.00192323,0.00205889,0.00220992,0.00237846,0.00256802,0.00278274,0.00301957,0.0032785,0.00355892,0.00384664,0.00413181,0.00441669,0.00468668,0.00494801,0.00530524,0.00580625,0.00645053,0.00721326,0.00806679,0.00902229,0.01009715,0.01124734,0.01243203,0.01367061,0.0150021,0.01651005,0.0182367,0.02025456,0.02264869,0.0254259,0.02842872,0.03167109,0.03525298,0.03908581,0.04310043,0.04752862,0.05242753,0.05791208,0.06410123,0.07109823,0.07903191,0.0878265,0.09753994,0.1081808,0.11977516,0.13253339,0.14655964,0.16207404,0.17934555,0.19859012,0.22001276,0.2438864,0.27058016,0.30042927,0.33388939,0.37322566,0.41739763,0.46706998,0.52300694
BGD,2032,0.01274297,0.00129189,0.00087732,0.00061666,0.00044676,0.0003417,0.00028694,0.00027018,0.00027235,0.00027346,0.00026428,0.00026194,0.00028364,0.00031602,0.00036145,0.00042644,0.00050416,0.00058317,0.0006379,0.00066981,0.0006855,0.00067927,0.00067124,0.00067902,0.00069964,0.00072825,0.00076773,0.00081896,0.00087839,0.00095103,0.0010435,0.00115145,0.00126038,0.00134883,0.00140436,0.00144031,0.00147252,0.00151955,0.00158902,0.00167003,0.00176797,0.0018871,0.00202035,0.00216889,0.00233639,0.00252428,0.00273458,0.00296663,0.00322055,0.00349422,0.00377417,0.00405314,0.0043337,0.00459797,0.00485463,0.00520461,0.00569167,0.00631965,0.00706474,0.0079031,0.0088321,0.00986866,0.01099269,0.0121601,0.01338202,0.01469741,0.01619843,0.01791351,0.01989983,0.02224677,0.024969,0.02791912,0.03110495,0.03462551,0.03839607,0.04234121,0.04669766,0.05152719,0.05694435,0.063069,0.06999721,0.07785422,0.08656503,0.09614236,0.10665938,0.11819231,0.13088909,0.14485103,0.16028408,0.17746407,0.19660028,0.21791499,0.24165047,0.26816086,0.29783223,0.33110253,0.37028462,0.41429458,0.4638942,0.51986099
BGD,2033,0.01216178,0.00123543,0.0008409,0.00059242,0.0004302,0.00032974,0.00027727,0.00026125,0.00026349,0.00026476,0.00025616,0.00025417,0.00027547,0.00030723,0.00035177,0.00041541,0.00049149,0.00056896,0.00062296,0.00065479,0.00067086,0.00066529,0.0006578,0.0006657,0.00068616,0.00071446,0.00075323,0.00080347,0.00086176,0.00093302,0.00102378,0.00112958,0.00123634,0.00132301,0.00137755,0.00141317,0.00144456,0.00149034,0.00155847,0.00163805,0.00173413,0.00185111,0.00198256,0.00212844,0.00229314,0.00247984,0.00268813,0.00291516,0.00316371,0.00343186,0.00370494,0.00397651,0.00425116,0.00451196,0.00476356,0.00510694,0.00558402,0.00619453,0.00692051,0.0077393,0.00865172,0.00966084,0.01074568,0.01188797,0.0130935,0.01439208,0.01587631,0.0175822,0.01955398,0.02186398,0.02453305,0.02742962,0.03056172,0.03402285,0.03773214,0.04161783,0.04590777,0.05066363,0.05600836,0.0620613,0.06892006,0.0767081,0.08533909,0.09482989,0.10520397,0.11660721,0.12924653,0.14314724,0.15851579,0.17561153,0.19465197,0.21585205,0.23947197,0.26583324,0.2953057,0.32838137,0.36743278,0.41128209,0.46071037,0.51659342
BGD,2034,0.01160544,0.00118099,0.00080565,0.00056889,0.00041407,0.00031806,0.0002678,0.00025251,0.0002548,0.00025623,0.0002482,0.00024654,0.00026743,0.00029855,0.00034218,0.00040448,0.0004789,0.00055483,0.00060808,0.00063984,0.00065628,0.00065141,0.00064452,0.00065248,0.00067273,0.0007007,0.00073874,0.00078802,0.00084518,0.00091505,0.00100404,0.00110763,0.00121228,0.00129726,0.00135074,0.00138581,0.00141676,0.00146148,0.00152793,0.00160595,0.00170035,0.001815,0.00194416,0.00208821,0.00224996,0.0024335,0.00264044,0.00286515,0.00310804,0.00337025,0.00363767,0.00390269,0.00417014,0.00442578,0.00467462,0.00501108,0.0054789,0.0060762,0.00678159,0.00757893,0.00846968,0.00946132,0.01051771,0.0116207,0.01280121,0.01408265,0.01554856,0.01723391,0.01919252,0.02148266,0.02410828,0.02695133,0.03002695,0.03342982,0.03707784,0.04090307,0.04513501,0.04982088,0.05508671,0.06106046,0.06783963,0.07555498,0.08411138,0.09351705,0.1037996,0.11504964,0.12755381,0.14139537,0.15670064,0.1737291,0.19268084,0.2137802,0.23727941,0.26351995,0.29283752,0.32570789,0.3646444,0.40839695,0.45771095,0.51348696
BGD,2035,0.01106675,0.00112824,0.00077141,0.00054598,0.00039833,0.00030664,0.00025854,0.00024396,0.00024631,0.00024788,0.0002404,0.00023907,0.00025956,0.00029004,0.00033278,0.00039377,0.00046657,0.00054098,0.0005935,0.00062517,0.00064193,0.0006377,0.00063145,0.00063954,0.00065954,0.00068715,0.00072447,0.00077283,0.00082894,0.00089748,0.00098473,0.00108611,0.00118865,0.00127207,0.00132461,0.00135907,0.00138939,0.00143338,0.00149838,0.00157449,0.00166703,0.0017796,0.00190622,0.00204784,0.00220766,0.00238787,0.00259122,0.00281441,0.00305462,0.00331061,0.00357196,0.00383169,0.00409283,0.00434195,0.00458626,0.00491823,0.00537654,0.00596162,0.00665131,0.00742579,0.00829309,0.00926219,0.01030098,0.0113761,0.01251734,0.01377323,0.01522096,0.01688483,0.01881891,0.02109166,0.02369392,0.02649555,0.02951635,0.03285981,0.03644976,0.04021648,0.0443915,0.04901899,0.05421281,0.06010404,0.06679979,0.07443624,0.08291924,0.09225096,0.10244977,0.11360982,0.12596053,0.13966581,0.15491959,0.17189243,0.190785,0.21180289,0.23520808,0.2613336,0.29053664,0.32325731,0.36207451,0.40574692,0.45500536,0.51071608
BGD,2036,0.01055372,0.00107746,0.00073842,0.00052387,0.00038312,0.00029559,0.00024956,0.00023566,0.00023804,0.00023974,0.00023278,0.00023174,0.00025184,0.00028169,0.00032353,0.00038322,0.00045443,0.00052733,0.00057909,0.00061064,0.00062767,0.00062403,0.00061837,0.00062664,0.00064643,0.00067363,0.00071019,0.00075759,0.00081262,0.00087985,0.00096538,0.00106447,0.00116477,0.00124654,0.00129824,0.0013322,0.00136187,0.00140498,0.00146882,0.00154329,0.0016335,0.00174369,0.00186802,0.00200682,0.00216389,0.00234187,0.00254135,0.00276046,0.00299881,0.00325169,0.00350656,0.00376049,0.00401655,0.00426001,0.00449837,0.00482396,0.00527526,0.00584765,0.00652239,0.00727892,0.00812082,0.00906501,0.01008038,0.01113833,0.01225152,0.01346664,0.01488666,0.01652814,0.01843543,0.02067693,0.02325665,0.02603676,0.02901373,0.03229728,0.0358254,0.03953435,0.04365152,0.04821847,0.05334885,0.05916056,0.0657643,0.07331157,0.08170749,0.09095868,0.10107711,0.11214644,0.12440282,0.13793974,0.1530431,0.1699582,0.18878726,0.20973761,0.23305057,0.25906945,0.28814299,0.32073485,0.35946557,0.40302639,0.45221959,0.50789779
BGD,2037,0.01014548,0.00103561,0.00071103,0.00050535,0.00037024,0.00028611,0.00024178,0.00022837,0.00023069,0.00023242,0.00022582,0.00022497,0.00024459,0.00027374,0.00031459,0.00037286,0.00044235,0.00051356,0.00056432,0.00059549,0.00061252,0.00060931,0.00060407,0.00061234,0.0006318,0.0006584,0.000694,0.00074021,0.0007939,0.00085954,0.00094305,0.00103968,0.00113744,0.00121726,0.00126796,0.00130143,0.00133061,0.00137285,0.0014354,0.00150859,0.00159686,0.00170415,0.00182592,0.00196234,0.00211635,0.00229133,0.00248831,0.00270317,0.00293706,0.00318794,0.00343989,0.00368767,0.00393824,0.00417742,0.00441081,0.00472875,0.005171,0.00573349,0.00639295,0.00713254,0.00795456,0.00887173,0.00986122,0.01089597,0.01199208,0.013178,0.01455447,0.01616344,0.01804295,0.02025084,0.02279302,0.02555264,0.02850753,0.03174301,0.03520853,0.03885526,0.04291456,0.04741923,0.0524829,0.05822308,0.06473693,0.07218424,0.08048068,0.08963511,0.0996643,0.11064426,0.12280175,0.13623121,0.15114329,0.16788489,0.18664023,0.20750726,0.23072975,0.25662629,0.28555714,0.31797657,0.35659382,0.40001707,0.44903541,0.50457358
BGD,2038,0.0097596,0.00099568,0.00068495,0.00048776,0.00035805,0.00027716,0.00023443,0.00022147,0.00022372,0.00022545,0.00021922,0.00021855,0.00023772,0.0002662,0.00030612,0.00036303,0.00043089,0.00050051,0.00055035,0.00058116,0.00059823,0.00059544,0.00059062,0.00059889,0.00061803,0.00064414,0.00067884,0.00072388,0.00077627,0.00084035,0.00092191,0.00101623,0.00111161,0.0011895,0.00123915,0.00127217,0.001301,0.00134253,0.00140382,0.0014756,0.00156245,0.00166744,0.00178604,0.00191982,0.00207138,0.00224307,0.00243681,0.00264911,0.00287854,0.00312482,0.00337516,0.00362055,0.00386547,0.00410014,0.00433015,0.00464174,0.00507393,0.00562492,0.00627277,0.00699572,0.0077996,0.00869629,0.00965867,0.01066874,0.01174277,0.01291215,0.01425883,0.01582075,0.01766383,0.0198394,0.02234416,0.02506991,0.02800758,0.03122276,0.03464304,0.03823181,0.04223451,0.04668396,0.05168726,0.05736188,0.0638052,0.07116737,0.07936746,0.08842827,0.09836907,0.10927065,0.12135415,0.13469974,0.14952094,0.16608142,0.18467901,0.2055033,0.22868073,0.25452955,0.28338605,0.31571922,0.35430417,0.39772818,0.44674636,0.50227675
BGD,2039,0.00944158,0.00096082,0.00066191,0.00047203,0.00034698,0.00026892,0.00022757,0.00021496,0.00021706,0.00021872,0.00021275,0.0002122,0.00023087,0.00025861,0.00029751,0.00035294,0.00041906,0.00048697,0.00053575,0.00056608,0.00058305,0.00058067,0.00057627,0.00058454,0.00060335,0.00062895,0.00066287,0.00070682,0.00075794,0.00082047,0.00090009,0.00099219,0.00108543,0.00116161,0.00121033,0.00124301,0.00127165,0.0013127,0.00137302,0.00144358,0.00152897,0.00163239,0.00174863,0.00187906,0.00202797,0.00219722,0.00238736,0.00259627,0.00282307,0.00306474,0.00331071,0.00355483,0.00379766,0.00402725,0.0042532,0.00455974,0.00498274,0.0055205,0.00615421,0.00686354,0.00764845,0.00852503,0.00946535,0.01044736,0.01149543,0.01264049,0.01396758,0.01549383,0.01728106,0.01941013,0.02187301,0.02455865,0.02745746,0.03064941,0.03404501,0.03758399,0.04152391,0.04590742,0.05084414,0.05644431,0.06280541,0.07008362,0.07818082,0.08712568,0.09695225,0.10774333,0.11972925,0.13297802,0.1476898,0.16413011,0.18250439,0.20312888,0.226231,0.25199173,0.28074779,0.31294321,0.35143676,0.39476167,0.44370356,0.49914479
BGD,2040,0.00913164,0.00092673,0.00063934,0.00045659,0.00033611,0.00026081,0.00022084,0.00020856,0.00021051,0.0002121,0.00020639,0.00020594,0.00022411,0.00025113,0.000289,0.00034296,0.00040735,0.00047355,0.00052128,0.00055112,0.00056798,0.00056601,0.000562,0.00057024,0.00058871,0.00061376,0.0006469,0.00068981,0.00073968,0.00080065,0.00087829,0.0009681,0.00105918,0.00113377,0.00118158,0.00121381,0.00124215,0.00128269,0.00134205,0.00141144,0.00149531,0.00159678,0.00171135,0.00183916,0.00198424,0.0021505,0.00233766,0.00254257,0.00276561,0.00300437,0.00324565,0.00348537,0.00372721,0.00395537,0.00417671,0.00447759,0.00489284,0.00541851,0.00603632,0.00672942,0.0074988,0.00835461,0.00927368,0.01023338,0.01125278,0.01237049,0.01367103,0.01517367,0.0169191,0.01898301,0.02139122,0.02403491,0.02689117,0.03004005,0.03341176,0.03692701,0.04081702,0.04513196,0.04999524,0.05551955,0.06179504,0.06898359,0.07698564,0.08581516,0.0955123,0.10617503,0.11803956,0.13117616,0.14577523,0.16208724,0.18031939,0.20068633,0.22355809,0.24921588,0.2778485,0.30990245,0.34827491,0.39147293,0.44027644,0.49559981
BGD,2041,0.00883088,0.00089369,0.00061746,0.0004416,0.00032555,0.00025292,0.00021428,0.00020234,0.00020415,0.00020567,0.0002002,0.00019986,0.00021755,0.00024385,0.00028073,0.00033327,0.00039597,0.00046051,0.00050722,0.00053659,0.00055333,0.00055174,0.00054815,0.00055636,0.00057448,0.00059903,0.00063139,0.0006733,0.00072203,0.00078156,0.00085725,0.00094481,0.0010337,0.00110673,0.00115381,0.00118565,0.00121366,0.00125363,0.00131205,0.00138035,0.00146282,0.00156233,0.0016748,0.00180091,0.00194309,0.00210506,0.00228874,0.00249048,0.00270924,0.00294404,0.00318262,0.00341778,0.00365555,0.00388356,0.00410419,0.00439906,0.00480621,0.00532171,0.00592529,0.00660075,0.00735236,0.00819166,0.00908949,0.01002848,0.01102593,0.01211447,0.01338648,0.01485954,0.01657767,0.01859363,0.02092904,0.02351905,0.02633354,0.02943856,0.03276885,0.03626551,0.04013804,0.04440383,0.04919767,0.05464677,0.06084433,0.06795041,0.07586398,0.0846011,0.0941861,0.10472282,0.1164682,0.1294919,0.14399061,0.16020445,0.17832592,0.19857143,0.22120346,0.24665715,0.27522657,0.30720497,0.34556781,0.3887503,0.43755572,0.49289881
BGD,2042,0.00854152,0.0008618,0.00059635,0.00042715,0.00031537,0.00024532,0.00020796,0.00019633,0.000198,0.00019944,0.0001942,0.00019397,0.00021118,0.00023679,0.00027271,0.00032388,0.00038495,0.00044789,0.00049359,0.00052247,0.00053906,0.00053779,0.00053455,0.00054276,0.00056054,0.00058457,0.00061618,0.0006571,0.0007047,0.00076286,0.00083673,0.000922,0.00100866,0.00108005,0.00112638,0.00115796,0.00118566,0.00122502,0.00128243,0.00134957,0.00143066,0.00152831,0.00163858,0.00176238,0.00190268,0.00206133,0.00223994,0.00243785,0.00265313,0.00288332,0.00311799,0.00335054,0.00358396,0.00380851,0.00402962,0.00432245,0.00472107,0.00522587,0.00581711,0.00647646,0.00720853,0.00802868,0.00890942,0.00982734,0.01080412,0.01187005,0.01311121,0.01455206,0.01623575,0.01821858,0.0204991,0.02301413,0.02577243,0.02883258,0.03211847,0.03557553,0.03943294,0.04368023,0.04842093,0.05379409,0.05990859,0.06693294,0.07475672,0.08339797,0.0928832,0.10329843,0.11491033,0.12780365,0.14217776,0.15827898,0.17628865,0.19640745,0.21889805,0.24408178,0.27241335,0.30429901,0.3426136,0.38575604,0.43450468,0.48979714
BGD,2043,0.00825959,0.00083109,0.00057593,0.00041312,0.00030543,0.00023787,0.00020175,0.00019044,0.00019199,0.00019336,0.00018835,0.0001882,0.00020495,0.00022988,0.00026486,0.00031466,0.00037413,0.00043547,0.00048016,0.00050855,0.00052499,0.00052402,0.0005211,0.00052929,0.00054676,0.00057028,0.00060116,0.0006411,0.00068759,0.00074442,0.0008166,0.0008998,0.00098423,0.00105392,0.00109942,0.0011307,0.00115815,0.0011969,0.00125323,0.00131914,0.00139881,0.00149466,0.00160292,0.00172433,0.00186209,0.00201866,0.00219335,0.00238568,0.0025968,0.00282326,0.00305331,0.00328195,0.00351296,0.00373367,0.00395172,0.0042436,0.00463787,0.0051315,0.00570981,0.00635505,0.00706911,0.0078681,0.00872881,0.00962973,0.01058519,0.01162952,0.01284641,0.01425257,0.015899,0.01784097,0.0200827,0.02254192,0.02522085,0.02822064,0.03146099,0.03487515,0.03869483,0.04292599,0.04764567,0.05296001,0.05899069,0.06592777,0.07366307,0.08220781,0.09159054,0.10189901,0.11338399,0.12613403,0.14036806,0.15633482,0.1742227,0.19422071,0.21657295,0.24160079,0.26963822,0.301262,0.33952728,0.38261989,0.43132408,0.48655261
BGD,2044,0.00799844,0.00080225,0.00055678,0.00039996,0.00029613,0.0002309,0.00019594,0.00018492,0.00018633,0.00018764,0.00018283,0.00018276,0.00019906,0.00022334,0.00025742,0.00030592,0.00036385,0.00042366,0.0004674,0.00049532,0.00051162,0.00051094,0.00050832,0.00051646,0.00053363,0.00055668,0.00058683,0.00062582,0.00067123,0.00072673,0.00079727,0.00087858,0.00096099,0.00102894,0.00107351,0.00110443,0.00113165,0.00116991,0.00122524,0.00128992,0.00136811,0.00146218,0.00156857,0.00168789,0.0018231,0.00197694,0.00214926,0.00233741,0.00254262,0.00276483,0.0029914,0.00321566,0.00344321,0.00366239,0.00387735,0.004165,0.00455654,0.0050441,0.0056095,0.00624056,0.00693935,0.00771944,0.00855875,0.00944043,0.01037966,0.0114028,0.01259758,0.01397731,0.01558528,0.01748488,0.01968097,0.02210317,0.02472495,0.02764112,0.03082129,0.0341935,0.03797403,0.04216782,0.04687192,0.0521646,0.05813314,0.06498552,0.07263018,0.08108378,0.09036757,0.10057083,0.11194929,0.12456802,0.1386527,0.15447298,0.17222036,0.19209189,0.21431799,0.23919906,0.26706993,0.29838011,0.33642174,0.37947392,0.42813739,0.48333293
BGD,2045,0.0077343,0.00077321,0.00053751,0.00038672,0.00028676,0.00022388,0.00019009,0.00017936,0.00018064,0.00018187,0.00017727,0.00017728,0.00019314,0.00021677,0.00024996,0.00029717,0.00035358,0.00041188,0.00045465,0.00048209,0.0004982,0.00049779,0.00049545,0.00050352,0.00052036,0.00054295,0.00057241,0.00061045,0.00065476,0.00070894,0.00077777,0.00085716,0.00093771,0.00100405,0.00104758,0.00107804,0.00110498,0.00114273,0.00119713,0.00126057,0.00133719,0.00142926,0.0015336,0.00165082,0.00178361,0.00193446,0.0021034,0.00228882,0.00248932,0.00270505,0.00292729,0.00314803,0.00337123,0.00358739,0.00380121,0.00408412,0.00446882,0.00495134,0.0055086,0.00612463,0.00680715,0.00757024,0.00838943,0.00924933,0.01016885,0.01117473,0.01234641,0.01370048,0.01527712,0.01713115,0.01927767,0.0216528,0.02423522,0.02708901,0.03018111,0.0334927,0.03723191,0.04138399,0.04604714,0.05132076,0.05726341,0.06405118,0.07160538,0.07996302,0.08915125,0.09925094,0.11052274,0.12303143,0.13697973,0.15264428,0.1702404,0.18996917,0.21206923,0.2368247,0.26454866,0.29569328,0.3334764,0.37633344,0.42499948,0.48020382
BGD,2046,0.00747355,0.00074497,0.00051867,0.00037372,0.00027751,0.00021691,0.00018427,0.00017384,0.00017501,0.00017618,0.00017177,0.00017186,0.00018728,0.00021027,0.00024256,0.00028849,0.00034338,0.00040016,0.00044195,0.00046888,0.0004848,0.00048463,0.00048256,0.00049056,0.00050707,0.00052918,0.00055796,0.0005951,0.00063832,0.00069117,0.00075834,0.00083577,0.00091448,0.00097944,0.00102204,0.00105188,0.00107842,0.00111557,0.00116899,0.00123127,0.00130632,0.00139631,0.0014984,0.00161335,0.00174377,0.00189183,0.00205718,0.00223882,0.00243623,0.00264681,0.00286236,0.00307868,0.0032984,0.00351057,0.00372162,0.00400174,0.00437907,0.00485213,0.00540248,0.00600875,0.00667419,0.00741931,0.0082204,0.00905981,0.00995699,0.010942,0.01209462,0.01342204,0.0149683,0.01678473,0.01887858,0.02120247,0.02373468,0.02654511,0.02957167,0.0327927,0.03647027,0.04057751,0.0451941,0.05042062,0.0563385,0.06309814,0.07058103,0.07884017,0.08792444,0.09792051,0.10908301,0.12147625,0.13530532,0.15082126,0.16824803,0.1878131,0.2097587,0.23437581,0.2619601,0.29294135,0.33059676,0.37319046,0.42166151,0.47687631
BGD,2047,0.00724398,0.00071966,0.00050179,0.00036207,0.00026924,0.0002107,0.00017908,0.0001689,0.00016995,0.00017106,0.00016683,0.00016698,0.00018199,0.00020439,0.00023585,0.0002806,0.0003341,0.00038949,0.00043038,0.00045686,0.00047263,0.00047272,0.00047091,0.00047885,0.00049504,0.00051669,0.00054481,0.0005811,0.00062334,0.00067496,0.00074055,0.0008162,0.00089314,0.00095684,0.00099878,0.00102812,0.00105416,0.00109071,0.00114319,0.00120441,0.00127817,0.00136634,0.00146634,0.00157909,0.00170731,0.00185306,0.0020155,0.00219359,0.00238731,0.002595,0.0028058,0.00301584,0.00323181,0.00344155,0.00364955,0.00392606,0.00429918,0.0047635,0.00530357,0.00590294,0.00655855,0.00728652,0.00807032,0.00889323,0.00977147,0.01073523,0.01186759,0.01317553,0.01469369,0.01647736,0.0185315,0.02080503,0.0232873,0.02604808,0.02903505,0.03219531,0.03578591,0.03983416,0.04440888,0.04959104,0.05546383,0.06220596,0.06966683,0.07785907,0.08684843,0.09674441,0.10781061,0.12009959,0.13381827,0.14921951,0.16650065,0.18589885,0.2076842,0.23215039,0.25959991,0.29044489,0.32799056,0.37047677,0.41870474,0.47375331
BGD,2048,0.00701138,0.0006941,0.00048475,0.00035033,0.0002609,0.00020442,0.00017384,0.00016392,0.00016485,0.00016589,0.00016183,0.00016205,0.00017665,0.00019846,0.0002291,0.00027267,0.00032478,0.00037877,0.00041877,0.00044478,0.00046038,0.00046069,0.00045913,0.000467,0.00048288,0.00050405,0.0005315,0.00056692,0.00060816,0.00065856,0.00072256,0.00079635,0.00087151,0.00093384,0.00097512,0.00100416,0.00102978,0.00106562,0.00111709,0.00117714,0.00124954,0.00133598,0.00143388,0.00154424,0.00166992,0.0018131,0.00197268,0.00214745,0.00233716,0.00254074,0.00274858,0.00295373,0.00316336,0.00336969,0.00357554,0.00384736,0.00421439,0.00467214,0.00520121,0.00578841,0.00643552,0.00715207,0.00791738,0.00872244,0.00958351,0.01052702,0.01163596,0.01292002,0.01441415,0.01616337,0.01817823,0.02040993,0.02283748,0.02554281,0.0284769,0.03159692,0.03512464,0.03907943,0.04358906,0.04872285,0.05454364,0.06123595,0.06867521,0.07684191,0.08575811,0.09555057,0.10651041,0.11869504,0.13230066,0.14758131,0.16473768,0.18397839,0.20558298,0.22987552,0.25716072,0.2878583,0.32530755,0.36769347,0.41582773,0.47065056
BGD,2049,0.00679147,0.00066986,0.0004686,0.00033919,0.00025299,0.00019846,0.00016884,0.00015915,0.00015995,0.00016091,0.00015702,0.00015729,0.00017149,0.00019271,0.00022255,0.00026495,0.00031567,0.00036828,0.00040738,0.00043293,0.00044835,0.0004489,0.00044758,0.00045539,0.00047095,0.00049165,0.00051843,0.00055297,0.00059319,0.00064236,0.00070481,0.00077674,0.00085007,0.00091105,0.00095159,0.00098032,0.00100566,0.00104086,0.00109124,0.00115007,0.00122102,0.0013057,0.00140169,0.00150973,0.00163273,0.00177303,0.00192957,0.00210116,0.00228718,0.0024864,0.00269007,0.00289227,0.00309704,0.00329734,0.00350004,0.00376811,0.00412788,0.00457703,0.00509754,0.00567194,0.0063051,0.00701185,0.00776483,0.00855092,0.00939358,0.01031879,0.01140541,0.01266241,0.01412789,0.01584717,0.01782113,0.02001145,0.02239344,0.02503807,0.02791292,0.03097837,0.03446417,0.03835,0.0427568,0.0478157,0.05357766,0.06020921,0.06758802,0.07572481,0.08460751,0.09431472,0.10515806,0.11721991,0.1307037,0.14585089,0.16286458,0.18195733,0.20337558,0.22745484,0.25453153,0.28502721,0.32233475,0.36459458,0.41259591,0.46729122
BGD,2050,0.00657977,0.00064623,0.0004529,0.00032839,0.00024533,0.0001927,0.00016403,0.00015454,0.00015521,0.00015609,0.00015235,0.00015267,0.00016648,0.00018714,0.00021619,0.00025748,0.00030687,0.00035816,0.00039638,0.00042148,0.00043671,0.00043747,0.00043638,0.00044412,0.00045937,0.00047961,0.00050574,0.00053941,0.00057862,0.00062655,0.00068744,0.00075758,0.00082907,0.00088866,0.00092852,0.00095692,0.00098205,0.00101676,0.00106618,0.00112375,0.00119319,0.00127602,0.00137007,0.00147605,0.00159647,0.00173378,0.00188701,0.00205534,0.00223797,0.00243333,0.00263272,0.0028309,0.00303304,0.00322907,0.00342619,0.0036898,0.00404374,0.00448357,0.0049939,0.00555878,0.00617799,0.0068699,0.00761303,0.00838736,0.00921138,0.01011809,0.01118562,0.01241822,0.01385335,0.0155396,0.01747963,0.01962907,0.02196863,0.02456534,0.02737856,0.03038617,0.03381874,0.03766243,0.04199796,0.04694885,0.05263146,0.05920345,0.06652032,0.07459691,0.08345392,0.09313289,0.10389571,0.11584224,0.12920485,0.14423221,0.16111528,0.18006961,0.20134378,0.2252399,0.25210703,0.28240017,0.31956179,0.36171609,0.40963563,0.46425164
BGD,2051,0.00637955,0.00062427,0.00043828,0.0003183,0.00023815,0.00018729,0.00015949,0.00015021,0.00015076,0.00015156,0.00014796,0.00014833,0.00016177,0.0001819,0.00021022,0.00025046,0.00029862,0.00034865,0.00038604,0.00041068,0.00042571,0.00042663,0.00042574,0.00043339,0.00044835,0.00046817,0.00049369,0.00052656,0.00056482,0.00061158,0.00067097,0.0007394,0.00080925,0.0008675,0.00090666,0.00093477,0.00095962,0.00099387,0.00104246,0.00109891,0.00116681,0.00124773,0.00133975,0.00144364,0.00156182,0.00169627,0.00184608,0.00201087,0.00219003,0.00238186,0.00257748,0.00277149,0.00296978,0.00316363,0.00335673,0.00361313,0.00396035,0.00439236,0.00489174,0.00544541,0.00605427,0.00673143,0.00745956,0.00822468,0.00903731,0.00992507,0.01097303,0.01218445,0.01359203,0.01524359,0.01714659,0.01926264,0.02156023,0.0241123,0.0268772,0.02982384,0.03319879,0.03698738,0.04127853,0.04615349,0.05172051,0.05820925,0.06546312,0.07347502,0.08227012,0.09192484,0.10266342,0.11452752,0.12777,0.14267046,0.15942907,0.17824837,0.19937741,0.22312209,0.24979659,0.2798683,0.3168554,0.35886365,0.40667667,0.46120704
BGD,2052,0.0061803,0.00060211,0.00042351,0.00030811,0.0002309,0.00018181,0.00015489,0.00014582,0.00014624,0.00014696,0.0001435,0.00014391,0.00015697,0.00017655,0.00020412,0.00024327,0.00029014,0.00033887,0.00037542,0.00039959,0.00041442,0.00041552,0.00041484,0.00042241,0.00043706,0.00045643,0.00048131,0.00051334,0.00055062,0.00059616,0.00065399,0.00072059,0.00078869,0.00084566,0.00088406,0.00091181,0.0009364,0.00097012,0.00101786,0.0010733,0.00113978,0.0012187,0.00130853,0.00141014,0.00152597,0.00165785,0.00180427,0.00196525,0.00214048,0.00232852,0.00252053,0.00271072,0.00290487,0.00309523,0.00328652,0.00353747,0.00387498,0.00429792,0.00478751,0.00532851,0.00592448,0.00658976,0.007302,0.00805162,0.00885455,0.00972987,0.01075683,0.01194541,0.0133274,0.01494538,0.01680711,0.01888346,0.02114419,0.02364895,0.02636562,0.02926192,0.03257247,0.03629788,0.04052728,0.04535029,0.05083083,0.05719207,0.06435115,0.07229004,0.08101083,0.09059433,0.10130477,0.11313944,0.12628897,0.14105388,0.15766946,0.17634816,0.19732198,0.22089945,0.24739936,0.27725109,0.31402807,0.35585341,0.40351813,0.45794752
BGD,2053,0.00599228,0.00058139,0.00040965,0.00029852,0.00022405,0.00017663,0.00015054,0.00014165,0.00014196,0.00014261,0.00013928,0.00013973,0.00015243,0.00017149,0.00019833,0.00023644,0.00028207,0.00032955,0.00036527,0.00038901,0.00040366,0.00040495,0.00040447,0.00041197,0.00042633,0.00044528,0.00046957,0.00050081,0.00053717,0.00058158,0.00063795,0.00070284,0.00076925,0.00082499,0.00086278,0.00089014,0.00091444,0.00094767,0.00099455,0.00104905,0.00111439,0.00119161,0.00127929,0.00137861,0.00149205,0.00162146,0.00176508,0.00192253,0.00209382,0.00227786,0.00246627,0.00265307,0.00284367,0.0030304,0.00321862,0.00346655,0.00379659,0.00420774,0.00468689,0.00521732,0.00579981,0.00645163,0.00715213,0.0078865,0.00867445,0.0095402,0.01055418,0.01172006,0.0130767,0.01466567,0.01649036,0.01852574,0.02074643,0.02321326,0.02588302,0.02873333,0.03199507,0.03565508,0.03981972,0.0445787,0.05000511,0.05627808,0.06330471,0.07114692,0.07979566,0.08930672,0.09995105,0.11176605,0.12489543,0.13957064,0.15605182,0.17458955,0.19542278,0.21884428,0.24517599,0.27485035,0.31144213,0.35306829,0.40056464,0.45486366
BGD,2054,0.00581719,0.00056178,0.00039657,0.00028948,0.00021761,0.00017177,0.00014646,0.00013774,0.00013792,0.00013849,0.00013529,0.00013577,0.00014812,0.00016669,0.00019284,0.00022996,0.00027442,0.00032072,0.00035565,0.00037896,0.00039341,0.00039486,0.00039456,0.00040199,0.00041606,0.00043458,0.00045829,0.00048875,0.00052421,0.00056751,0.00062246,0.00068567,0.0007504,0.00080487,0.00084204,0.00086914,0.00089312,0.00092585,0.00097192,0.00102542,0.00108963,0.00116543,0.00125123,0.00134817,0.00145909,0.00158587,0.00172671,0.00188119,0.00204875,0.00222869,0.00241324,0.00259664,0.00278414,0.0029679,0.00315299,0.00339674,0.00372206,0.00412395,0.0045897,0.00510884,0.00568002,0.00631768,0.00700471,0.00772804,0.0085012,0.00935198,0.01035578,0.01150721,0.0128384,0.01439824,0.01619023,0.01818809,0.02036621,0.02279047,0.02542187,0.02822598,0.03144148,0.03505028,0.03914529,0.04383414,0.04919023,0.05540451,0.06233517,0.07003387,0.07857755,0.08801004,0.09857649,0.11031863,0.12342472,0.13807305,0.15444977,0.17283186,0.19349588,0.21674478,0.24288329,0.27234441,0.30873616,0.35011847,0.3973463,0.45139616
BGD,2055,0.00563956,0.00054244,0.0003836,0.00028046,0.00021114,0.00016685,0.00014232,0.00013379,0.00013387,0.00013438,0.00013129,0.00013181,0.00014382,0.00016188,0.00018734,0.00022347,0.00026675,0.00031187,0.000346,0.00036886,0.00038311,0.00038471,0.00038458,0.00039193,0.00040572,0.00042384,0.00044697,0.00047669,0.00051127,0.0005535,0.00060707,0.00066866,0.00073175,0.00078494,0.00082143,0.00084823,0.00087198,0.00090417,0.00094938,0.00100188,0.00106485,0.00113918,0.00122338,0.00131817,0.00142632,0.00155018,0.0016879,0.00183924,0.00200346,0.00217931,0.00235963,0.00253907,0.00272311,0.00290394,0.00308607,0.00332505,0.00364382,0.00403881,0.00449322,0.00499712,0.00555545,0.00618041,0.00685232,0.00756181,0.00832339,0.00915817,0.01014486,0.0112834,0.01259656,0.01412577,0.01588342,0.01784677,0.01998445,0.02236186,0.02494829,0.02771348,0.0308809,0.03444,0.03847932,0.04309216,0.048371,0.05450944,0.0613768,0.06897325,0.07736394,0.08668552,0.09717249,0.10883692,0.12187317,0.13650768,0.15287043,0.17115833,0.19167355,0.21476517,0.24074982,0.27004153,0.30629024,0.34754102,0.39461258,0.44850644
BGD,2056,0.00546775,0.00052326,0.00037078,0.00027159,0.00020481,0.00016206,0.00013829,0.00012993,0.0001299,0.00013032,0.00012736,0.0001279,0.00013957,0.00015714,0.00018192,0.00021707,0.00025919,0.00030313,0.00033648,0.00035891,0.00037296,0.00037471,0.00037476,0.00038202,0.00039553,0.00041324,0.0004358,0.00046476,0.00049846,0.00053959,0.00059176,0.00065171,0.00071318,0.00076508,0.00080087,0.00082735,0.00085087,0.00088262,0.00092696,0.00097846,0.00104023,0.00111301,0.00119562,0.00128869,0.00139447,0.00151524,0.00164966,0.00179766,0.00195856,0.00213092,0.0023072,0.00248254,0.00266283,0.00284071,0.00302042,0.00325538,0.00356756,0.00395423,0.00440041,0.00489179,0.0054336,0.00604478,0.0067037,0.00739836,0.00814633,0.00896935,0.00993899,0.01105848,0.01235639,0.01386409,0.01558696,0.01751519,0.01961687,0.021951,0.02448935,0.02721027,0.03033909,0.03384846,0.03783564,0.04238922,0.04758667,0.05364374,0.06043085,0.06796109,0.07624454,0.08540423,0.09577669,0.10736041,0.12031838,0.13488264,0.15123556,0.16951237,0.18992345,0.21285059,0.23866057,0.26777706,0.30386766,0.34496002,0.39188216,0.44559766
BGD,2057,0.00530571,0.00050563,0.00035891,0.00026331,0.00019886,0.00015752,0.00013446,0.00012626,0.00012613,0.0001265,0.00012364,0.00012421,0.00013555,0.00015265,0.00017677,0.00021096,0.00025195,0.00029476,0.00032734,0.00034934,0.00036321,0.0003651,0.00036532,0.00037251,0.00038575,0.00040307,0.00042508,0.00045333,0.00048619,0.0005263,0.00057717,0.00063559,0.00069554,0.00074626,0.00078134,0.00080744,0.00083067,0.00086194,0.00090551,0.000956,0.00101657,0.00108789,0.00116885,0.00126026,0.00136419,0.00148232,0.00161325,0.00175771,0.00191505,0.00208394,0.00225679,0.00242815,0.00260442,0.00277886,0.00295582,0.00318698,0.00349314,0.00387132,0.00430768,0.00478991,0.00531811,0.00591169,0.00655656,0.00723852,0.00797168,0.00878063,0.0097372,0.01083744,0.01211334,0.01360247,0.0153006,0.01719328,0.01925829,0.02155388,0.02404772,0.02672063,0.02980436,0.03327294,0.03720677,0.0417035,0.0468359,0.05280556,0.05950461,0.06694827,0.0751607,0.0842053,0.09440429,0.10586529,0.11873805,0.13321983,0.14949948,0.16776949,0.1881681,0.21098121,0.23661368,0.26554009,0.30147271,0.34240109,0.38916033,0.44272425
BGD,2058,0.0051466,0.00048799,0.0003471,0.00025511,0.00019299,0.00015306,0.0001307,0.00012266,0.00012242,0.00012271,0.00011995,0.00012054,0.00013155,0.00014819,0.00017166,0.00020494,0.00024484,0.00028654,0.00031836,0.00033991,0.0003547,0.00035554,0.00035589,0.000363,0.00037595,0.00039288,0.00041434,0.00044186,0.00047387,0.00051292,0.00056242,0.00061926,0.00067761,0.00072709,0.00076151,0.00078725,0.00081019,0.00084098,0.00088372,0.00093325,0.00099251,0.00106221,0.00114145,0.00123092,0.00133286,0.00144877,0.0015765,0.00171701,0.0018704,0.0020354,0.0022047,0.00237263,0.00254496,0.00271568,0.00288944,0.00311657,0.00341695,0.00378712,0.00421322,0.00468427,0.00520209,0.00578075,0.0064072,0.00707505,0.00779538,0.00858882,0.00952961,0.01061436,0.01186748,0.01332996,0.01500536,0.01687195,0.01889861,0.02115372,0.02360682,0.02623429,0.02926773,0.03268758,0.03657629,0.04101366,0.04608206,0.05197967,0.05858217,0.06592838,0.07404502,0.08301068,0.09308403,0.10435417,0.11709074,0.13147655,0.14766262,0.16584868,0.1862321,0.20901995,0.23451772,0.26323788,0.29897515,0.33971705,0.3862798,0.43964304
BGD,2059,0.00500093,0.00047208,0.00033636,0.0002476,0.00018756,0.00014891,0.00012719,0.0001193,0.00011897,0.00011919,0.00011653,0.00011714,0.00012785,0.00014404,0.0001669,0.00019929,0.00023814,0.00027878,0.00030986,0.000331,0.00034556,0.00034656,0.00034705,0.00035407,0.00036678,0.00038333,0.00040428,0.00043113,0.00046235,0.00050043,0.0005487,0.00060409,0.00066101,0.00070935,0.00074312,0.0007685,0.00079112,0.00082138,0.00086332,0.0009119,0.00097006,0.00103825,0.00111582,0.00120354,0.00130347,0.00141731,0.00154262,0.00167976,0.00182898,0.0019899,0.00215541,0.0023199,0.00248889,0.00265595,0.00282614,0.00304871,0.00334312,0.00370571,0.00412234,0.00458203,0.00508759,0.00565491,0.00626582,0.00691507,0.00762095,0.00840064,0.00932393,0.01039018,0.01162446,0.01305956,0.0147037,0.01654648,0.01854504,0.02075784,0.02316796,0.02575354,0.02873892,0.0321043,0.03593911,0.0403252,0.04532644,0.05115294,0.0576757,0.0649163,0.07292665,0.08178798,0.09177691,0.10291196,0.11544271,0.12968259,0.14576708,0.16385656,0.18415424,0.20692816,0.23240206,0.26098225,0.29654022,0.33710523,0.38351084,0.43671967
BGD,2060,0.00486337,0.00045644,0.00032588,0.00024031,0.00018234,0.00014494,0.00012384,0.00011608,0.00011565,0.0001158,0.00011323,0.00011385,0.00012426,0.00014003,0.0001623,0.00019386,0.00023172,0.00027134,0.00030173,0.00032246,0.00033677,0.00033789,0.0003385,0.00034543,0.00035787,0.00037405,0.00039449,0.00042066,0.00045109,0.0004882,0.00053521,0.00058914,0.00064459,0.0006918,0.00072493,0.00074999,0.00077234,0.00080211,0.00084324,0.00089085,0.00094786,0.00101466,0.00109053,0.00117641,0.0012744,0.00138599,0.00150893,0.00164346,0.00178907,0.00194562,0.00210711,0.00226798,0.00243377,0.002598,0.00276496,0.00298296,0.00327116,0.00362623,0.00403411,0.00448349,0.00497687,0.00553121,0.00613069,0.00676479,0.0074523,0.0082174,0.00912585,0.01017263,0.0113857,0.01279847,0.01441143,0.0162221,0.01819608,0.02037873,0.02274536,0.02528834,0.02823114,0.0315461,0.03532294,0.03965059,0.04459544,0.05034968,0.05679566,0.06395062,0.07184781,0.08059522,0.09047334,0.10151774,0.1139022,0.12791701,0.14384093,0.16181827,0.18200676,0.20467865,0.23012326,0.25865839,0.29407109,0.33442001,0.38060549,0.43360535
BGD,2061,0.00473286,0.00044173,0.00031597,0.00023339,0.00017736,0.00014114,0.00012062,0.000113,0.00011247,0.00011255,0.00011006,0.00011069,0.00012082,0.00013617,0.00015787,0.00018862,0.0002255,0.00026414,0.00029384,0.00031417,0.00032822,0.00032946,0.00033018,0.00033701,0.00034919,0.000365,0.00038494,0.00041046,0.00044011,0.00047627,0.00052207,0.00057457,0.0006286,0.00067469,0.0007072,0.00073191,0.00075397,0.00078327,0.00082359,0.00087022,0.00092603,0.0009914,0.00106575,0.00114975,0.00124569,0.00135512,0.00147548,0.00160744,0.00175022,0.00190292,0.00206002,0.00221693,0.00237917,0.00254051,0.00270485,0.00291838,0.00320012,0.0035472,0.00394621,0.00438587,0.004868,0.00540922,0.00599533,0.00661818,0.00729043,0.00803647,0.00892863,0.0099582,0.01114861,0.01253612,0.01412301,0.01590112,0.01784109,0.01999676,0.02233199,0.02483083,0.02772887,0.03099773,0.03471927,0.03898262,0.04386185,0.04955297,0.0559188,0.06298888,0.07079181,0.079415,0.08916828,0.10008999,0.11237343,0.1262259,0.14190161,0.15970189,0.17976589,0.20231356,0.22763979,0.25613262,0.29150764,0.33169423,0.3776437,0.4304054
BGD,2062,0.00460112,0.00042714,0.00030611,0.00022649,0.00017236,0.00013731,0.00011739,0.00010989,0.00010928,0.0001093,0.00010689,0.00010754,0.00011738,0.00013232,0.00015344,0.00018337,0.00021928,0.00025692,0.00028594,0.00030586,0.00031968,0.00032104,0.00032187,0.00032863,0.00034055,0.00035601,0.00037547,0.00040035,0.00042927,0.00046451,0.00050913,0.00056026,0.00061292,0.00065793,0.00068983,0.0007142,0.00073597,0.00076478,0.00080433,0.00085,0.00090463,0.00096853,0.00104133,0.00112372,0.00121759,0.00132474,0.00144264,0.00157177,0.00171177,0.00186144,0.00201463,0.0021671,0.00232536,0.00248333,0.00264486,0.00285446,0.00312977,0.00346846,0.00385792,0.00428751,0.00475877,0.0052876,0.00585988,0.00646917,0.0071298,0.00785968,0.00873079,0.00974153,0.01091158,0.01227218,0.01382973,0.01558071,0.01748642,0.01960546,0.02191313,0.02438117,0.02723396,0.03045623,0.03412923,0.03833387,0.04314476,0.04876747,0.05506869,0.06205723,0.06977477,0.07830374,0.08793272,0.09873054,0.11089468,0.12465334,0.1401728,0.15772862,0.17763106,0.2000764,0.22530401,0.25370957,0.28911546,0.32933501,0.37519704,0.42780977
BGD,2063,0.00448605,0.00041414,0.00029734,0.00022035,0.00016794,0.00013393,0.00011478,0.00010714,0.00010644,0.0001064,0.00010407,0.00010472,0.0001143,0.00012886,0.00014982,0.00017866,0.00021369,0.00025044,0.00027884,0.00029839,0.00031198,0.00031346,0.00031438,0.00032105,0.00033274,0.00034787,0.00036687,0.00039116,0.00041938,0.00045377,0.0004973,0.00054715,0.00059853,0.00064255,0.00067387,0.00069793,0.00071944,0.00074781,0.00078664,0.00083145,0.00088498,0.00094751,0.00101879,0.00109961,0.00119185,0.00129684,0.00141235,0.00153904,0.00167624,0.00182321,0.00197366,0.00212254,0.00227672,0.00243131,0.00259002,0.0027961,0.00306634,0.00339759,0.00377808,0.00419801,0.00465925,0.00517738,0.00573795,0.00633466,0.0069829,0.00770204,0.00855697,0.00954594,0.01069619,0.01203495,0.01356428,0.01528745,0.01716755,0.01925268,0.02152568,0.02397002,0.02679437,0.02997216,0.03359886,0.03775475,0.04250609,0.04806006,0.0542927,0.06121737,0.06885347,0.07729725,0.08683247,0.0975031,0.10954088,0.12317797,0.13860443,0.15600061,0.17564722,0.19792505,0.22304521,0.25134485,0.28667642,0.32692363,0.37280742,0.42530819
BGD,2064,0.00437286,0.00040143,0.00028874,0.00021433,0.00016358,0.00013058,0.00011194,0.00010443,0.00010364,0.00010354,0.00010127,0.00010193,0.00011125,0.00012545,0.00014588,0.000174,0.00020816,0.00024402,0.0002718,0.00029098,0.00030434,0.00030591,0.00030693,0.0003135,0.00032496,0.00033975,0.00035831,0.00038201,0.00040954,0.00044308,0.00048552,0.0005341,0.00058421,0.00062722,0.00065798,0.00068171,0.00070295,0.00073088,0.00076898,0.00081292,0.00086538,0.00092652,0.00099624,0.00107535,0.00116582,0.00126895,0.00138195,0.00150597,0.00164049,0.00178443,0.00193214,0.00207828,0.00222884,0.00237953,0.00253494,0.00273703,0.00300204,0.00332654,0.00369816,0.00410798,0.0045585,0.00506559,0.0056149,0.00619978,0.00683511,0.00754108,0.00838361,0.00935395,0.010479,0.01179386,0.01329736,0.01499032,0.01684046,0.01889708,0.02113415,0.023543,0.02634173,0.02948806,0.03306563,0.03716955,0.04186569,0.04735316,0.05350958,0.06035826,0.06792363,0.07627781,0.08571979,0.09628734,0.10818548,0.1216832,0.13697641,0.15427168,0.17374424,0.19574456,0.22068032,0.24885933,0.28409064,0.32426129,0.37017528,0.42269754
BGD,2065,0.00426501,0.00038897,0.00028034,0.00020845,0.00015934,0.00012734,0.00010918,0.00010178,0.00010089,0.00010073,9.852e-05,9.918e-05,0.00010824,0.00012206,0.00014197,0.00016937,0.00020265,0.00023762,0.00026478,0.00028359,0.00029672,0.0002984,0.00029951,0.00030599,0.00031719,0.00033163,0.00034972,0.00037281,0.00039963,0.00043229,0.00047361,0.00052089,0.00056968,0.00061166,0.00064181,0.00066522,0.00068619,0.00071367,0.00075104,0.0007941,0.00084548,0.00090528,0.00097343,0.00105082,0.0011394,0.00124055,0.00135144,0.00147273,0.00160436,0.00174543,0.00189009,0.00203358,0.00218153,0.00232894,0.00248073,0.00267855,0.00293803,0.00325581,0.00361947,0.00401942,0.00445887,0.00495426,0.00549206,0.00606571,0.00668911,0.00738169,0.00820952,0.00916545,0.01026891,0.01155429,0.0130298,0.014695,0.01651255,0.0185359,0.0207426,0.02311449,0.02587474,0.02899209,0.03253353,0.03658163,0.04121794,0.04664151,0.05272174,0.05948345,0.06696163,0.07523378,0.08457255,0.09503139,0.10680869,0.12014292,0.13527134,0.1524067,0.17174914,0.1935357,0.21814071,0.24608161,0.2811454,0.32115296,0.36691647,0.41938423
BGD,2066,0.00415598,0.00037677,0.00027206,0.00020264,0.00015512,0.00012452,0.00010643,9.948e-05,9.818e-05,9.796e-05,9.582e-05,9.649e-05,0.0001053,0.00011875,0.00013814,0.00016484,0.00019728,0.00023137,0.00025792,0.00027637,0.00028928,0.00029105,0.00029224,0.00029863,0.00030959,0.00032371,0.00034136,0.00036387,0.00039002,0.00042185,0.00046213,0.00050818,0.00055575,0.00059674,0.00062633,0.00064941,0.00067009,0.00069713,0.00073379,0.00077599,0.00082632,0.00088482,0.00095151,0.00102721,0.00111388,0.00121293,0.0013216,0.00144061,0.0015693,0.00170731,0.00184913,0.00198962,0.00213494,0.00227993,0.00242847,0.00262142,0.00287487,0.00318548,0.00354116,0.00393222,0.00436086,0.00484428,0.00536998,0.00593218,0.00654418,0.00722421,0.00803698,0.00897611,0.0100626,0.01132278,0.01276497,0.014401,0.01618979,0.01817846,0.0203513,0.02269363,0.0254157,0.02849305,0.03200386,0.03601328,0.04059008,0.04595062,0.05196491,0.05864849,0.06603794,0.07422205,0.08347988,0.09383583,0.10550578,0.11872052,0.13368632,0.15066196,0.16985244,0.19152137,0.21592271,0.24353836,0.27839834,0.31828493,0.36393792,0.41631377
BGD,2067,0.0040611,0.00036624,0.00026488,0.00019756,0.00015143,0.00012165,0.00010399,9.714e-05,9.579e-05,9.552e-05,9.344e-05,9.41e-05,0.00010269,0.00011582,0.00013475,0.0001608,0.00019247,0.00022577,0.00025177,0.00026989,0.0002826,0.00028446,0.00028573,0.00029203,0.00030279,0.00031661,0.00033386,0.00035586,0.00038141,0.00041251,0.00045185,0.00049682,0.0005433,0.00058343,0.00061249,0.00063525,0.00065566,0.00068227,0.00071829,0.00075973,0.00080912,0.00086645,0.00093183,0.00100608,0.00109103,0.00118814,0.00129466,0.00141151,0.001538,0.00167314,0.00181216,0.00195012,0.00209276,0.00223561,0.00238211,0.00257111,0.00281852,0.00312214,0.00347013,0.00385315,0.00427297,0.00474568,0.00526,0.00581121,0.00641275,0.00708205,0.00788214,0.00880577,0.00987468,0.01111684,0.01253282,0.01413632,0.01589729,0.01785808,0.01999834,0.02231033,0.02500506,0.02804581,0.03151784,0.03549819,0.04003772,0.04533972,0.05129285,0.05791314,0.06522704,0.07332501,0.08249852,0.09277893,0.1043507,0.11746325,0.13231674,0.14913589,0.16817424,0.18970202,0.21400148,0.2414258,0.27598154,0.31569431,0.36126944,0.41358687
BGD,2068,0.00396517,0.00035561,0.00025764,0.00019245,0.0001477,0.00011876,0.00010154,9.478e-05,9.337e-05,9.306e-05,9.103e-05,9.17e-05,0.00010006,0.00011286,0.00013132,0.00015674,0.00018764,0.00022016,0.00024559,0.00026337,0.00027588,0.00027781,0.00027915,0.00028537,0.00029591,0.00030944,0.0003263,0.00034778,0.00037273,0.00040309,0.00044148,0.00048535,0.00053073,0.00056998,0.00059851,0.00062096,0.0006411,0.0006673,0.00070266,0.00074331,0.00079174,0.00084788,0.00091191,0.00098465,0.00106791,0.00116302,0.00126727,0.00138169,0.00150576,0.00163848,0.00177453,0.00190965,0.00204972,0.00219002,0.00233445,0.00252043,0.00276234,0.00305826,0.00339789,0.00377213,0.00418288,0.00464572,0.00514865,0.00568822,0.00627837,0.00693646,0.00772417,0.00863297,0.00968355,0.01090445,0.01229887,0.01387393,0.01559972,0.01752972,0.01964039,0.02191896,0.024581,0.02759197,0.03102386,0.0349611,0.03946743,0.04472788,0.05061749,0.05717177,0.06441777,0.07243489,0.0815166,0.09170764,0.1032006,0.11620955,0.13095718,0.14766153,0.16653636,0.18790698,0.21206208,0.23938465,0.27376143,0.31317175,0.35859044,0.41085792
BGD,2069,0.0038789,0.00034569,0.0002509,0.0001877,0.00014424,0.00011608,9.926e-05,9.257e-05,9.11e-05,9.073e-05,8.875e-05,8.942e-05,9.755e-05,0.00011004,0.00012804,0.00015284,0.00018297,0.00021471,0.00023961,0.00025707,0.00026938,0.0002714,0.00027282,0.00027896,0.00028928,0.0003025,0.00031895,0.00033991,0.00036424,0.00039386,0.0004313,0.00047406,0.00051833,0.0005567,0.0005847,0.00060683,0.00062669,0.00065247,0.00068718,0.00072707,0.00077456,0.00082955,0.00089229,0.00096358,0.00104521,0.00113848,0.00124051,0.00135251,0.00147402,0.0016042,0.00173787,0.0018701,0.00200743,0.00214547,0.00228761,0.00247079,0.00270845,0.00299754,0.00332831,0.00369331,0.00409446,0.00454735,0.00503991,0.00556798,0.00614624,0.00679234,0.00756719,0.00846147,0.00949433,0.01069296,0.01206198,0.01361296,0.01530713,0.01719735,0.01927401,0.02152074,0.02414452,0.02711716,0.03051238,0.03440049,0.03885301,0.04406858,0.04990385,0.05637903,0.06354192,0.07147227,0.08045124,0.09052506,0.10190054,0.11479916,0.12940561,0.14596231,0.1646708,0.18581447,0.20973988,0.23683483,0.27102299,0.31013974,0.35511687,0.40708005
BGD,2070,0.00379055,0.00033593,0.00024422,0.00018296,0.00014078,0.00011338,9.696e-05,9.036e-05,8.884e-05,8.842e-05,8.65e-05,8.716e-05,9.508e-05,0.00010725,0.00012481,0.00014899,0.00017838,0.00020935,0.00023371,0.00025084,0.00026297,0.00026507,0.00026656,0.00027262,0.00028273,0.00029567,0.00031174,0.0003322,0.00035596,0.00038488,0.00042143,0.00046316,0.00050638,0.00054391,0.0005714,0.00059321,0.00061279,0.00063814,0.00067221,0.00071135,0.00075794,0.0008118,0.00087327,0.00094316,0.00102319,0.00111463,0.00121458,0.00132415,0.00144303,0.00157048,0.0017016,0.00183146,0.00196585,0.00210125,0.00224114,0.00242094,0.0026543,0.00293771,0.00326035,0.00361543,0.0040064,0.00444875,0.00493089,0.00544847,0.00601488,0.0066483,0.00740938,0.00828871,0.00930441,0.01048193,0.01182523,0.01334908,0.01501781,0.01687381,0.01890893,0.02112143,0.02371136,0.02664336,0.02999724,0.03384513,0.03824395,0.04340108,0.04918896,0.05560747,0.06268767,0.07053148,0.07942121,0.089389,0.10064376,0.1134221,0.12791873,0.14433544,0.16289529,0.18387166,0.2075664,0.23442882,0.26840096,0.30735,0.35205278,0.40359205
BGD,2071,0.00371041,0.00032684,0.00023801,0.00017857,0.00013757,0.00011089,9.485e-05,8.832e-05,8.675e-05,8.628e-05,8.44e-05,8.506e-05,9.277e-05,0.00010464,0.00012178,0.00014538,0.00017407,0.00020432,0.00022818,0.00024501,0.00025695,0.00025914,0.00026069,0.00026666,0.00027657,0.00028922,0.00030492,0.00032489,0.00034809,0.00037633,0.00041201,0.00045274,0.00049495,0.00053165,0.00055864,0.00058014,0.00059946,0.00062441,0.00065787,0.00069629,0.000742,0.00079479,0.00085506,0.00092359,0.00100211,0.00109182,0.00118979,0.0012972,0.00141357,0.00153835,0.00166685,0.00179438,0.00192663,0.0020595,0.0021971,0.00237406,0.00260305,0.00288127,0.00319762,0.00354414,0.00392479,0.00435662,0.0048284,0.00533616,0.00589261,0.00651441,0.00726212,0.00812671,0.00912606,0.01028442,0.01160465,0.0131023,0.01474353,0.01657322,0.01857399,0.02074563,0.02330052,0.0261978,0.02950924,0.03331337,0.03766927,0.04276897,0.04849507,0.05486422,0.06188559,0.06964219,0.07844097,0.08831464,0.09945683,0.11210588,0.1264745,0.14277631,0.16118402,0.18199814,0.20551012,0.2321192,0.2658435,0.30456083,0.34908639,0.40033822
BGD,2072,0.00363632,0.00031862,0.00023236,0.00017454,0.00013462,0.00010858,9.288e-05,8.643e-05,8.481e-05,8.43e-05,8.246e-05,8.312e-05,9.065e-05,0.00010224,0.00011898,0.00014204,0.00017007,0.00019966,0.00022304,0.00023959,0.00025137,0.00025362,0.00025524,0.00026114,0.00027085,0.00028325,0.0002986,0.00031813,0.00034082,0.00036844,0.00040333,0.00044314,0.00048443,0.00052039,0.00054691,0.0005681,0.00058717,0.00061174,0.00064463,0.00068238,0.00072729,0.00077909,0.00083825,0.00090555,0.00098266,0.00107079,0.00116692,0.0012723,0.00138648,0.00150874,0.00163472,0.00175983,0.00188993,0.00202098,0.00215625,0.00233022,0.00255534,0.00282825,0.00313885,0.00347877,0.00385054,0.00427174,0.00473316,0.00523113,0.0057782,0.00639016,0.00712544,0.00797567,0.00895891,0.0100991,0.01139862,0.01287308,0.01448812,0.01628974,0.018265,0.02040371,0.02291703,0.02577924,0.02905568,0.03281639,0.03712746,0.04218327,0.04785124,0.05415815,0.06113162,0.06883085,0.07754233,0.08732591,0.09837638,0.11091446,0.12515655,0.14133631,0.15963436,0.18029924,0.20365314,0.23008384,0.26356607,0.30205494,0.34637959,0.39749806
BGD,2073,0.00356417,0.00031017,0.0002266,0.00017048,0.00013166,0.00010629,9.093e-05,8.454e-05,8.286e-05,8.23e-05,8.05e-05,8.115e-05,8.848e-05,9.979e-05,0.00011613,0.00013863,0.000166,0.0001949,0.0002178,0.00023407,0.00024567,0.000248,0.00024967,0.00025549,0.000265,0.00027711,0.00029209,0.00031115,0.00033328,0.00036023,0.00039426,0.00043309,0.00047338,0.00050854,0.00053457,0.00055546,0.00057427,0.00059847,0.00063077,0.00066784,0.0007119,0.00076268,0.00082068,0.00088671,0.0009624,0.00104888,0.00114318,0.0012465,0.00135842,0.00147828,0.00160166,0.00172427,0.00185199,0.00198114,0.00211485,0.00228581,0.00250677,0.00277463,0.00307887,0.00341218,0.00377648,0.00418775,0.00463784,0.00512524,0.00566224,0.0062643,0.00698827,0.00782417,0.00879046,0.00991111,0.01118886,0.01264009,0.01422941,0.0160013,0.0179459,0.02005771,0.02253416,0.02535026,0.0285866,0.03230623,0.03656627,0.04156795,0.0471831,0.05342141,0.06032146,0.06796275,0.07660554,0.08628652,0.09723004,0.10965655,0.12376384,0.13978965,0.15793143,0.17844881,0.20160786,0.22782745,0.26107275,0.29924699,0.34326292,0.39408987
BGD,2074,0.00349293,0.00030198,0.00022099,0.00016651,0.00012876,0.00010404,8.902e-05,8.269e-05,8.096e-05,8.036e-05,7.86e-05,7.924e-05,8.638e-05,9.742e-05,0.00011338,0.00013535,0.00016208,0.00019032,0.00021276,0.00022875,0.00024019,0.00024258,0.00024431,0.00025003,0.00025935,0.00027118,0.00028581,0.0003044,0.00032601,0.00035232,0.00038554,0.00042344,0.00046279,0.00049718,0.00052274,0.00054333,0.00056188,0.0005857,0.00061744,0.00065384,0.0006971,0.00074688,0.00080378,0.00086858,0.00094287,0.0010278,0.00112029,0.00122165,0.00133141,0.00144891,0.00156995,0.00169008,0.00181538,0.0019424,0.00207439,0.00224305,0.00245984,0.00272246,0.00302087,0.00334727,0.00370445,0.0041077,0.00454763,0.00502385,0.00555031,0.00614202,0.00685488,0.00767805,0.00862807,0.00972916,0.01098487,0.01241319,0.01397841,0.01572288,0.01763698,0.01971834,0.02216623,0.02494353,0.02813081,0.03180718,0.03602258,0.04096825,0.04652552,0.05270783,0.05953525,0.06709925,0.07568251,0.08529307,0.09612911,0.10844315,0.12243419,0.13831967,0.15629726,0.17664844,0.19965213,0.22566537,0.25869383,0.29663275,0.34033628,0.39086473
BGD,2075,0.00342364,0.0002942,0.00021565,0.0001627,0.00012596,0.00010185,8.714e-05,8.088e-05,7.91e-05,7.846e-05,7.674e-05,7.738e-05,8.433e-05,9.51e-05,0.00011067,0.00013212,0.0001582,0.00018578,0.00020775,0.00022346,0.00023473,0.00023718,0.00023898,0.00024463,0.00025375,0.00026533,0.00027961,0.00029776,0.00031887,0.00034455,0.00037699,0.00041398,0.00045242,0.00048607,0.00051115,0.00053143,0.00054973,0.00057316,0.00060433,0.00064008,0.00068255,0.00073136,0.00078716,0.00085074,0.00092365,0.00100701,0.00109773,0.0011971,0.00130471,0.00141986,0.0015385,0.00165629,0.00177907,0.00190377,0.00203363,0.00219967,0.00241288,0.00266999,0.00296208,0.00328179,0.00363122,0.00402651,0.00445792,0.0049238,0.00543872,0.00601924,0.00672016,0.00753042,0.00846543,0.00954718,0.01078021,0.01218451,0.01372515,0.01544316,0.01732842,0.01937875,0.02179362,0.02454026,0.02768549,0.0313082,0.03547552,0.04037057,0.04586606,0.05198474,0.05875114,0.06623647,0.07473633,0.08428442,0.09504675,0.10724528,0.12111622,0.13687865,0.15470284,0.17487488,0.19769813,0.22354257,0.2563496,0.29405783,0.33750974,0.38770044
BGD,2076,0.00335566,0.00028649,0.00021035,0.00015893,0.0001232,9.969e-05,8.531e-05,7.912e-05,7.73e-05,7.661e-05,7.492e-05,7.556e-05,8.233e-05,9.284e-05,0.00010804,0.00012897,0.00015444,0.00018139,0.00020292,0.00021835,0.00022944,0.00023195,0.00023378,0.00023934,0.00024827,0.00025959,0.00027353,0.00029124,0.00031184,0.00033691,0.00036856,0.00040465,0.00044218,0.00047509,0.00049971,0.00051969,0.00053773,0.0005608,0.00059141,0.00062649,0.00066816,0.000716,0.00077071,0.00083305,0.00090458,0.00098636,0.00107532,0.00117276,0.00127823,0.00139111,0.00150742,0.0016229,0.00174343,0.00186586,0.00199358,0.00215681,0.00236637,0.00261894,0.00290473,0.00321754,0.00355978,0.00394673,0.00436999,0.0048275,0.00533205,0.00590074,0.00658924,0.00738612,0.00830636,0.00937058,0.01058161,0.01196158,0.01347685,0.01516826,0.01702597,0.01904719,0.02142848,0.02413973,0.02725144,0.03082793,0.03493616,0.03977682,0.04521642,0.05126728,0.05796419,0.06538345,0.07379798,0.0832564,0.09395268,0.10607174,0.11981745,0.1354504,0.15313816,0.17314066,0.19576784,0.22141512,0.25404303,0.29152412,0.33474587,0.38469202
BGD,2077,0.00329111,0.00027928,0.00020536,0.00015537,0.00012058,9.764e-05,8.356e-05,7.743e-05,7.557e-05,7.484e-05,7.319e-05,7.382e-05,8.042e-05,9.068e-05,0.00010552,0.00012597,0.00015084,0.00017718,0.00019827,0.00021343,0.00022435,0.00022691,0.00022878,0.00023426,0.000243,0.00025406,0.00026767,0.00028497,0.00030508,0.00032956,0.00036047,0.00039569,0.00043235,0.00046455,0.00048872,0.0005084,0.00052618,0.00054888,0.00057893,0.00061337,0.00065426,0.00070116,0.00075482,0.00081598,0.00088616,0.00096643,0.00105366,0.00114922,0.00125264,0.00136329,0.00147737,0.00159063,0.00170893,0.00182931,0.00195487,0.00211524,0.00232092,0.00256885,0.00284941,0.00315536,0.00349022,0.00386947,0.00428422,0.00473376,0.00522999,0.00578804,0.00646345,0.0072465,0.00815157,0.00919871,0.01038997,0.01174653,0.01323631,0.01490058,0.01673093,0.01872473,0.02107473,0.02375037,0.02682402,0.0303638,0.03442137,0.03919621,0.0445761,0.05056579,0.05718873,0.06453267,0.07287573,0.08224229,0.09284232,0.1048907,0.11855129,0.13404892,0.15159288,0.17144394,0.19388444,0.21931646,0.25172891,0.28902131,0.33200537,0.38171302
BGD,2078,0.00323244,0.00027255,0.00020072,0.00015206,0.00011814,9.574e-05,8.193e-05,7.586e-05,7.395e-05,7.318e-05,7.156e-05,7.218e-05,7.861e-05,8.863e-05,0.00010312,0.00012309,0.00014739,0.00017313,0.0001938,0.00020871,0.00021948,0.0002221,0.00022402,0.00022941,0.00023797,0.00024879,0.00026207,0.00027896,0.00029859,0.0003225,0.00035269,0.0003871,0.00042292,0.00045443,0.00047816,0.00049754,0.00051507,0.0005374,0.00056694,0.00060078,0.00064094,0.00068697,0.00073965,0.00079975,0.0008687,0.00094754,0.00103319,0.00112697,0.00122848,0.00133705,0.00144899,0.00156019,0.0016764,0.00179485,0.00191862,0.00207626,0.0022782,0.00252141,0.00279676,0.00309711,0.00342473,0.00379617,0.00420318,0.00464453,0.00513306,0.00568288,0.00634686,0.00711586,0.0080058,0.00903596,0.01020846,0.01154447,0.01301031,0.01464795,0.01645105,0.01841847,0.02073994,0.02338361,0.02642031,0.02992005,0.03393868,0.03865834,0.04396794,0.04989416,0.0564525,0.06371829,0.07198152,0.08127367,0.09177658,0.10372165,0.11730675,0.13271205,0.15010225,0.16978824,0.19205379,0.21726829,0.2494238,0.28645979,0.32920756,0.37861275
BGD,2079,0.00317087,0.00026564,0.00019595,0.00014865,0.00011563,9.377e-05,8.026e-05,7.425e-05,7.23e-05,7.15e-05,6.991e-05,7.052e-05,7.679e-05,8.656e-05,0.00010072,0.00012022,0.00014394,0.00016911,0.00018935,0.00020401,0.00021462,0.00021727,0.00021923,0.00022454,0.00023291,0.00024348,0.00025645,0.00027293,0.0002921,0.00031545,0.00034493,0.00037851,0.00041351,0.00044434,0.00046763,0.00048672,0.000504,0.00052597,0.00055498,0.00058821,0.00062763,0.00067276,0.00072443,0.0007834,0.0008511,0.0009285,0.00101249,0.00110448,0.001204,0.00131046,0.00142027,0.00152933,0.00164345,0.00175991,0.00188176,0.00203681,0.00223486,0.00247315,0.00274284,0.00303725,0.00335858,0.00372192,0.00412062,0.00455406,0.00503407,0.0055756,0.00622989,0.0069857,0.00785923,0.00887129,0.01002384,0.01133899,0.01278251,0.0143936,0.01616827,0.0181075,0.02039957,0.02301219,0.0260137,0.02947241,0.03344637,0.03812142,0.04337042,0.0492197,0.05570908,0.0629055,0.07108471,0.08029304,0.09071958,0.10256336,0.116042,0.13137395,0.14866967,0.16819496,0.19029078,0.21532726,0.24726371,0.28405603,0.32657201,0.37577879
BGD,2080,0.00311323,0.00025926,0.00019153,0.00014547,0.00011328,9.192e-05,7.868e-05,7.273e-05,7.076e-05,6.992e-05,6.836e-05,6.896e-05,7.507e-05,8.462e-05,9.845e-05,0.0001175,0.00014069,0.0001653,0.00018514,0.00019955,0.00021,0.0002127,0.00021468,0.00021991,0.00022812,0.00023845,0.00025113,0.00026722,0.00028595,0.00030877,0.00033757,0.00037039,0.0004046,0.00043478,0.00045765,0.00047646,0.00049349,0.00051512,0.00054362,0.00057626,0.00061498,0.00065926,0.00070995,0.00076784,0.00083431,0.00091035,0.00099278,0.00108301,0.00118066,0.00128507,0.00139283,0.00149989,0.00161196,0.00172654,0.00184652,0.00199903,0.00219357,0.00242708,0.00269121,0.00297955,0.00329461,0.0036513,0.00404184,0.00446724,0.00493951,0.00547246,0.00611763,0.00686285,0.00772179,0.00871542,0.009848,0.01114223,0.01256437,0.01415208,0.01589987,0.01781119,0.02007361,0.02265596,0.02562512,0.02904671,0.03297708,0.03760346,0.04280535,0.04859037,0.05499777,0.06212177,0.07022843,0.07934953,0.0896902,0.10145665,0.11483127,0.1300547,0.14727648,0.16670506,0.18863395,0.21349536,0.24525115,0.28182789,0.32410867,0.37309967
BGD,2081,0.00305758,0.00025304,0.0001872,0.00014236,0.00011097,9.011e-05,7.713e-05,7.124e-05,6.922e-05,6.835e-05,6.682e-05,6.741e-05,7.336e-05,8.267e-05,9.617e-05,0.00011477,0.0001374,0.00016144,0.00018088,0.00019503,0.00020534,0.00020808,0.0002101,0.00021526,0.00022328,0.00023338,0.00024574,0.00026144,0.00027973,0.000302,0.00033012,0.00036216,0.00039558,0.00042511,0.00044754,0.00046604,0.00048281,0.00050407,0.00053206,0.00056412,0.00060213,0.00064557,0.00069532,0.00075214,0.00081741,0.00089207,0.00097299,0.00106151,0.00115725,0.00125964,0.00136531,0.00147034,0.00158041,0.00169307,0.00181124,0.00196123,0.00215222,0.0023812,0.00263968,0.00292175,0.00323004,0.0035797,0.00396312,0.00438016,0.00484408,0.00536877,0.00600396,0.00673856,0.00758495,0.0085612,0.00967228,0.01094409,0.01234323,0.01390685,0.01562925,0.01751228,0.01974293,0.02229207,0.02522658,0.02861035,0.03249689,0.03707024,0.04221424,0.0479426,0.05427407,0.06130213,0.06932212,0.07835658,0.08859293,0.10025386,0.11352995,0.12862203,0.14570073,0.16501871,0.18680695,0.21144298,0.24294785,0.27926161,0.32122513,0.36985709
BGD,2082,0.00300393,0.00024714,0.00018309,0.0001394,0.00010878,8.839e-05,7.565e-05,6.982e-05,6.778e-05,6.688e-05,6.538e-05,6.596e-05,7.176e-05,8.086e-05,9.405e-05,0.00011223,0.00013436,0.00015787,0.00017693,0.00019085,0.00020101,0.00020378,0.00020583,0.00021091,0.00021877,0.00022865,0.00024073,0.00025607,0.00027394,0.00029572,0.00032322,0.00035453,0.00038723,0.00041616,0.0004382,0.00045642,0.00047294,0.00049387,0.00052138,0.00055289,0.00059024,0.00063288,0.00068174,0.00073756,0.00080167,0.00087502,0.00095448,0.00104142,0.00113539,0.00123584,0.00133958,0.00144269,0.00155084,0.00166172,0.00177812,0.00192575,0.0021134,0.00233808,0.00259155,0.00286766,0.00316946,0.00351212,0.00388863,0.00429901,0.00475485,0.00527132,0.00589765,0.00662166,0.00745662,0.00841911,0.00951154,0.01076124,0.012138,0.01367832,0.01537739,0.01723669,0.01943867,0.02195662,0.02485843,0.02820804,0.03205734,0.03658639,0.04167853,0.04735067,0.05362856,0.06058321,0.0685085,0.07746225,0.08762081,0.09918642,0.11236943,0.12738026,0.14434245,0.16353507,0.18523986,0.20976572,0.24107546,0.27719343,0.31896656,0.36736947
BGD,2083,0.00295064,0.00024124,0.00017898,0.00013643,0.00010657,8.664e-05,7.416e-05,6.838e-05,6.63e-05,6.537e-05,6.39e-05,6.447e-05,7.012e-05,7.898e-05,9.186e-05,0.00010958,0.00013117,0.00015412,0.00017278,0.00018646,0.00019648,0.0001993,0.00020139,0.00020639,0.00021408,0.00022373,0.00023552,0.00025048,0.00026792,0.00028918,0.00031601,0.00034659,0.00037852,0.00040682,0.00042843,0.00044635,0.00046262,0.00048319,0.0005102,0.00054114,0.00057782,0.00061965,0.00066759,0.00072239,0.00078533,0.00085733,0.00093526,0.00102053,0.00111272,0.00121119,0.00131287,0.001414,0.00152014,0.00162916,0.00174378,0.00188892,0.00207313,0.00229333,0.00254151,0.00281171,0.00310665,0.00344181,0.00381058,0.00421363,0.00466228,0.00516988,0.00578632,0.00649967,0.00732171,0.0082698,0.00934533,0.01057339,0.01192511,0.01343953,0.01511251,0.01694647,0.0191204,0.02160543,0.02447087,0.02778154,0.03158939,0.03607138,0.04110942,0.04671858,0.05292825,0.0598176,0.06765432,0.07649584,0.08655721,0.09802698,0.11109281,0.12598716,0.14284144,0.16188386,0.18342646,0.20783336,0.23898707,0.2748575,0.31637824,0.36452835
BGD,2084,0.00290392,0.00023587,0.00017527,0.00013378,0.00010462,8.511e-05,7.285e-05,6.712e-05,6.501e-05,6.405e-05,6.259e-05,6.315e-05,6.867e-05,7.734e-05,8.994e-05,0.0001073,0.00012844,0.00015093,0.00016925,0.0001827,0.00019257,0.0001954,0.0001975,0.00020242,0.00020995,0.00021939,0.00023091,0.00024553,0.00026257,0.00028335,0.00030958,0.00033945,0.00037067,0.00039838,0.00041962,0.0004373,0.00045336,0.00047364,0.0005002,0.00053061,0.00056664,0.0006077,0.00065476,0.00070857,0.00077041,0.00084116,0.00091768,0.00100141,0.00109194,0.00118868,0.00128857,0.00138793,0.00149236,0.00159976,0.00171287,0.00185593,0.00203712,0.00225347,0.00249702,0.00276202,0.00305127,0.00337975,0.00374162,0.00413791,0.00458018,0.00508144,0.0056891,0.00639272,0.00720411,0.00813896,0.0092001,0.01041196,0.0117431,0.01323308,0.01488191,0.0166926,0.01884218,0.0213012,0.02413553,0.02741153,0.03118228,0.0356236,0.04061727,0.0461753,0.05232516,0.05915036,0.06692692,0.07568517,0.08563875,0.0970191,0.10999928,0.12478635,0.14153487,0.160483,0.18188831,0.20614899,0.23720389,0.27295402,0.31426334,0.36220697
BGD,2085,0.00285466,0.00023047,0.00017149,0.00013104,0.00010258,8.35e-05,7.147e-05,6.579e-05,6.365e-05,6.266e-05,6.123e-05,6.178e-05,6.715e-05,7.561e-05,8.791e-05,0.00010486,0.00012549,0.00014746,0.00016541,0.00017864,0.00018837,0.00019124,0.00019337,0.00019821,0.00020558,0.0002148,0.00022604,0.00024031,0.00025695,0.00027724,0.00030286,0.00033204,0.00036256,0.00038968,0.00041052,0.00042791,0.00044371,0.00046365,0.00048973,0.0005196,0.000555,0.00059531,0.00064154,0.00069439,0.00075513,0.00082464,0.00089976,0.00098191,0.00107071,0.0011656,0.00126364,0.00136114,0.00146366,0.00156931,0.00168068,0.00182142,0.00199942,0.00221158,0.00245027,0.00270972,0.00299283,0.00331455,0.0036689,0.00405766,0.00449238,0.00498622,0.00558566,0.0062784,0.00707753,0.00799861,0.00904315,0.01023766,0.01154987,0.01301555,0.01463663,0.01642055,0.01854193,0.02097211,0.023775,0.02701308,0.03074109,0.03513451,0.04007707,0.04557919,0.05166509,0.05841633,0.06611253,0.07479535,0.08464648,0.0958946,0.10876112,0.12343588,0.14004231,0.15884432,0.18011064,0.204178,0.23501014,0.27059016,0.31168732,0.35929558
BGD,2086,0.00280376,0.00022511,0.00016772,0.0001283,0.00010052,8.187e-05,7.007e-05,6.445e-05,6.229e-05,6.128e-05,5.988e-05,6.041e-05,6.565e-05,7.391e-05,8.593e-05,0.00010248,0.00012264,0.00014411,0.0001617,0.00017469,0.00018426,0.00018715,0.00018929,0.00019406,0.00020127,0.00021029,0.00022127,0.0002352,0.00025146,0.00027129,0.00029632,0.00032482,0.00035466,0.00038121,0.00040167,0.00041878,0.00043434,0.00045395,0.00047956,0.00050889,0.00054363,0.00058316,0.0006285,0.00068037,0.00073997,0.00080817,0.00088185,0.0009624,0.00104945,0.00114244,0.00123859,0.00133425,0.00143487,0.00153865,0.00164822,0.00178652,0.00196122,0.00216923,0.00240298,0.00265697,0.00293398,0.00324895,0.00359621,0.00397736,0.00440431,0.00489016,0.00548093,0.00616419,0.00695074,0.00785739,0.00888607,0.0100623,0.011356,0.01280108,0.01439662,0.01615213,0.01824414,0.02064441,0.02341649,0.02662077,0.03030795,0.03465395,0.03954537,0.04499323,0.05102026,0.05770483,0.06532363,0.07392494,0.08370254,0.09484858,0.10758233,0.12214814,0.1386493,0.15731657,0.17844929,0.20239869,0.23305775,0.26846475,0.3094684,0.35696159
BGD,2087,0.00275914,0.00022005,0.00016418,0.00012575,9.862e-05,8.037e-05,6.878e-05,6.321e-05,6.102e-05,5.997e-05,5.859e-05,5.912e-05,6.422e-05,7.228e-05,8.4e-05,0.00010016,0.00011984,0.00014082,0.00015804,0.00017082,0.00018026,0.00018319,0.00018536,0.00019004,0.00019709,0.00020589,0.00021658,0.00023016,0.00024602,0.00026536,0.00028979,0.00031761,0.00034675,0.00037272,0.00039278,0.0004096,0.00042492,0.00044419,0.00046934,0.00049815,0.00053228,0.00057108,0.0006156,0.00066656,0.00072514,0.00079213,0.00086445,0.00094352,0.00102894,0.00112014,0.00121447,0.00130839,0.00140732,0.00150949,0.00161747,0.00175366,0.00192534,0.00212947,0.00235866,0.00260743,0.00287872,0.00318722,0.00352764,0.00390193,0.00432145,0.00479959,0.00538164,0.00605555,0.00683163,0.00772406,0.00873661,0.00989564,0.01117002,0.01259507,0.01416908,0.01589854,0.01795918,0.02032773,0.02306691,0.0262365,0.02988495,0.03418204,0.03901815,0.04440606,0.05036933,0.05698489,0.06452414,0.073034,0.082714,0.09376812,0.10637466,0.12077475,0.13713099,0.15565106,0.1765977,0.20035534,0.23081626,0.26596387,0.30669377,0.35398105
BGD,2088,0.00271672,0.00021542,0.00016094,0.00012339,9.686e-05,7.897e-05,6.759e-05,6.206e-05,5.985e-05,5.878e-05,5.742e-05,5.793e-05,6.291e-05,7.079e-05,8.227e-05,9.807e-05,0.00011733,0.00013787,0.00015477,0.00016734,0.00017665,0.0001796,0.00018178,0.0001864,0.0001933,0.00020192,0.00021237,0.00022565,0.00024116,0.00026009,0.00028399,0.0003112,0.00033973,0.00036518,0.00038489,0.00040147,0.00041657,0.00043554,0.00046028,0.00048861,0.00052216,0.00056028,0.00060402,0.00065411,0.0007117,0.00077758,0.00084861,0.00092625,0.00101012,0.00109965,0.00119224,0.00128446,0.00138169,0.0014823,0.00158869,0.00172268,0.00189143,0.00209176,0.00231653,0.00256037,0.00282612,0.00312854,0.00346245,0.00383009,0.00424282,0.00471336,0.00528679,0.00595112,0.00671676,0.0075973,0.00859416,0.00973613,0.01099305,0.01239804,0.01395217,0.01566098,0.01769433,0.02003114,0.02273818,0.02587433,0.02948761,0.03374433,0.03853155,0.04386441,0.04976863,0.05632248,0.0637953,0.07223065,0.08182544,0.09278979,0.10531647,0.11960149,0.13580297,0.15419656,0.17502066,0.1986203,0.22892092,0.26393581,0.30448035,0.35158285
BGD,2089,0.00267845,0.00021108,0.00015789,0.00012118,9.521e-05,7.767e-05,6.646e-05,6.097e-05,5.873e-05,5.764e-05,5.629e-05,5.68e-05,6.165e-05,6.936e-05,8.058e-05,9.603e-05,0.00011486,0.00013496,0.00015155,0.00016392,0.00017312,0.00017609,0.0001783,0.00018284,0.0001896,0.00019802,0.00020823,0.00022119,0.00023635,0.00025485,0.00027821,0.00030482,0.00033272,0.00035766,0.00037701,0.00039332,0.0004082,0.00042687,0.00045119,0.00047905,0.00051205,0.00054952,0.00059253,0.0006418,0.00069845,0.00076326,0.0008331,0.00090938,0.00099175,0.00107968,0.00117062,0.0012612,0.0013568,0.0014559,0.0015609,0.00169292,0.00185882,0.0020556,0.0022761,0.00251518,0.0027757,0.00307216,0.00339983,0.00376103,0.00416709,0.00463064,0.00519546,0.00585008,0.0066047,0.00747293,0.00845601,0.00958042,0.01081874,0.01220421,0.01373667,0.01542459,0.01743394,0.01974,0.02241075,0.02550922,0.02908242,0.03329457,0.03803202,0.04330492,0.04914166,0.05562301,0.06301842,0.07137071,0.0808715,0.09172645,0.10413506,0.11830906,0.13435249,0.15253704,0.17317621,0.19658695,0.22663147,0.26138403,0.30167751,0.34844604
BGD,2090,0.0026422,0.00020677,0.00015489,0.00011903,9.361e-05,7.641e-05,6.538e-05,5.993e-05,5.765e-05,5.652e-05,5.519e-05,5.569e-05,6.042e-05,6.795e-05,7.892e-05,9.403e-05,0.00011245,0.00013212,0.00014839,0.00016057,0.00016965,0.00017265,0.00017487,0.00017934,0.00018594,0.00019416,0.00020411,0.00021675,0.00023154,0.0002496,0.0002724,0.00029837,0.00032563,0.00035003,0.00036902,0.00038508,0.00039974,0.00041812,0.00044202,0.00046939,0.00050183,0.00053864,0.00058091,0.00062935,0.00068505,0.00074877,0.00081742,0.00089238,0.00097325,0.00105957,0.0011489,0.00123791,0.00133194,0.0014296,0.00153326,0.00166347,0.00182671,0.00201995,0.00223634,0.00247074,0.00272611,0.00301682,0.00333833,0.00369335,0.00409297,0.00454972,0.00510659,0.0057516,0.00649517,0.00735055,0.00831947,0.00942847,0.01064786,0.01201285,0.01352459,0.01519018,0.0171757,0.01945538,0.022092,0.02514974,0.02868008,0.03284443,0.03753061,0.04274639,0.04851469,0.05491918,0.06223061,0.07049435,0.07989958,0.09064496,0.10292537,0.11696019,0.13286929,0.15086505,0.17125684,0.1944448,0.22423746,0.25868186,0.29865672,0.3451143
BGD,2091,0.00260076,0.00020228,0.00015173,0.00011673,9.189e-05,7.504e-05,6.421e-05,5.88e-05,5.65e-05,5.536e-05,5.404e-05,5.453e-05,5.914e-05,6.65e-05,7.722e-05,9.199e-05,0.00010999,0.00012923,0.00014519,0.00015716,0.00016609,0.0001691,0.00017133,0.00017572,0.00018218,0.00019021,0.00019992,0.00021226,0.0002267,0.00024433,0.0002666,0.00029196,0.00031859,0.00034247,0.00036111,0.00037692,0.00039135,0.00040943,0.0004329,0.00045979,0.00049163,0.00052773,0.00056921,0.00061676,0.00067145,0.00073401,0.00080136,0.00087491,0.00095425,0.00103887,0.00112647,0.00121381,0.00130614,0.00140214,0.00150419,0.00163226,0.00179263,0.00198213,0.00219406,0.00242358,0.0026735,0.00295819,0.00327334,0.00362173,0.00401454,0.00446392,0.00501215,0.00564736,0.00637902,0.00722053,0.00817374,0.00926599,0.01046792,0.01181116,0.01330018,0.01494339,0.01690257,0.01915531,0.02176189,0.02478087,0.02826501,0.03237913,0.03701175,0.04217049,0.04787584,0.05420546,0.06143246,0.06960667,0.07891909,0.08956549,0.10173384,0.1156392,0.13140905,0.14927448,0.16948096,0.19242496,0.22199545,0.25622671,0.29594389,0.34215298
BGD,2092,0.00256419,0.00019797,0.00014873,0.00011456,9.028e-05,7.377e-05,6.312e-05,5.775e-05,5.542e-05,5.424e-05,5.295e-05,5.342e-05,5.791e-05,6.509e-05,7.557e-05,9e-05,0.0001076,0.00012641,0.00014206,0.00015383,0.00016264,0.00016566,0.0001679,0.00017222,0.00017852,0.00018634,0.0001958,0.00020782,0.00022189,0.00023908,0.00026079,0.00028552,0.00031151,0.00033485,0.00035313,0.00036867,0.00038289,0.00040067,0.00042372,0.00045013,0.0004814,0.00051683,0.00055757,0.00060429,0.00065803,0.00071951,0.00078565,0.00085785,0.00093575,0.0010188,0.00110475,0.0011905,0.00128129,0.00137585,0.00147651,0.00160268,0.00176036,0.00194648,0.00215429,0.0023791,0.0026239,0.00290275,0.0032118,0.00355402,0.00394038,0.00438302,0.00492317,0.00554912,0.00627003,0.0070982,0.00803605,0.00911126,0.01029566,0.01162016,0.01308654,0.01470679,0.01664105,0.01886541,0.02144242,0.02442783,0.02786831,0.03192827,0.03650343,0.04160065,0.04724037,0.05349747,0.0606366,0.06871241,0.07791922,0.08845349,0.10049954,0.11426428,0.12986805,0.14755007,0.16757591,0.19026976,0.21949034,0.25339958,0.29278451,0.33858571
BGD,2093,0.00252534,0.00019388,0.00014582,0.00011243,8.867e-05,7.249e-05,6.202e-05,5.67e-05,5.436e-05,5.316e-05,5.188e-05,5.234e-05,5.672e-05,6.374e-05,7.398e-05,8.81e-05,0.0001053,0.00012371,0.00013905,0.00015063,0.0001593,0.00016233,0.00016458,0.00016882,0.00017499,0.00018263,0.00019187,0.0002036,0.00021735,0.00023415,0.00025537,0.00027954,0.00030495,0.0003278,0.00034574,0.00036103,0.00037503,0.00039252,0.00041516,0.0004411,0.00047182,0.0005066,0.00054659,0.00059249,0.00064529,0.00070569,0.00077063,0.0008415,0.00091793,0.00099943,0.00108381,0.00116794,0.00125709,0.00135012,0.00144925,0.00157334,0.00172821,0.00191082,0.00211461,0.00233484,0.0025745,0.00284773,0.00315073,0.00348677,0.00386671,0.00430237,0.00483444,0.00545104,0.00616112,0.00697666,0.0078993,0.00895754,0.01012392,0.01142953,0.01287647,0.01447371,0.01638249,0.01858047,0.02112722,0.02408099,0.02748557,0.03149743,0.03601529,0.0410521,0.04662765,0.05281702,0.05988086,0.0678674,0.07697536,0.08740495,0.09934221,0.11299077,0.12846104,0.14598556,0.16584065,0.18837477,0.21735191,0.25094818,0.29007102,0.33562173
BGD,2094,0.00249314,0.00019011,0.00014318,0.00011052,8.725e-05,7.136e-05,6.105e-05,5.576e-05,5.339e-05,5.217e-05,5.09e-05,5.135e-05,5.562e-05,6.248e-05,7.25e-05,8.631e-05,0.00010314,0.00012116,0.00013622,0.00014761,0.00015617,0.00015922,0.00016147,0.00016564,0.00017167,0.00017913,0.00018813,0.00019958,0.00021299,0.00022939,0.00025011,0.0002737,0.00029853,0.0003209,0.0003385,0.00035356,0.00036735,0.00038456,0.00040682,0.00043232,0.00046251,0.00049669,0.000536,0.0005811,0.00063305,0.00069246,0.0007563,0.00082596,0.00090104,0.00098108,0.001064,0.00114673,0.00123444,0.00132613,0.00142401,0.00154636,0.00169873,0.00187814,0.00207817,0.00229428,0.00252927,0.00279716,0.00309464,0.00342499,0.00379916,0.00422876,0.00475352,0.00536186,0.00606218,0.00686612,0.00777538,0.00881772,0.009967,0.01125411,0.01268241,0.01426121,0.01614566,0.01831772,0.0208374,0.02375961,0.02713087,0.0311028,0.03556888,0.04054369,0.04605386,0.05217383,0.05916296,0.0670675,0.07607727,0.08639645,0.09821527,0.11173895,0.1270727,0.1444377,0.16410299,0.18642831,0.21517971,0.24846941,0.28719842,0.3323981
BGD,2095,0.00245858,0.00018633,0.00014051,0.00010857,8.578e-05,7.019e-05,6.004e-05,5.479e-05,5.24e-05,5.115e-05,4.99e-05,5.033e-05,5.45e-05,6.12e-05,7.1e-05,8.449e-05,0.00010094,0.00011857,0.00013334,0.00014454,0.00015298,0.00015604,0.00015831,0.00016241,0.0001683,0.00017559,0.00018437,0.00019554,0.00020864,0.00022465,0.00024489,0.00026793,0.0002922,0.00031409,0.00033136,0.00034618,0.00035976,0.00037669,0.00039856,0.00042362,0.00045329,0.00048685,0.00052548,0.00056982,0.00062085,0.00067927,0.00074199,0.0008104,0.00088412,0.00096266,0.00104405,0.00112532,0.00121155,0.00130177,0.00139822,0.00151868,0.00166843,0.00184446,0.00204055,0.00225229,0.00248255,0.00274504,0.0030367,0.00336123,0.00372929,0.00415246,0.00466972,0.00526936,0.0059597,0.00675173,0.00764718,0.00867401,0.00980572,0.0110736,0.01248181,0.01404098,0.0159039,0.0180492,0.02054014,0.02343204,0.02676789,0.03070072,0.03512244,0.04003991,0.04548154,0.0515296,0.05844175,0.066266,0.0751886,0.08540321,0.09710504,0.11050418,0.1257065,0.14292732,0.16242399,0.18454895,0.21306163,0.24612524,0.28454313,0.3293394
BGD,2096,0.00242257,0.0001824,0.00013773,0.00010653,8.425e-05,6.898e-05,5.9e-05,5.379e-05,5.138e-05,5.012e-05,4.888e-05,4.93e-05,5.336e-05,5.99e-05,6.948e-05,8.266e-05,9.874e-05,0.00011598,0.00013045,0.00014147,0.00014977,0.00015283,0.0001551,0.00015912,0.00016488,0.00017198,0.00018054,0.00019142,0.00020419,0.00021981,0.00023955,0.00026203,0.00028571,0.00030711,0.00032405,0.00033862,0.00035199,0.00036863,0.0003901,0.00041469,0.00044381,0.00047672,0.00051462,0.00055815,0.00060827,0.0006656,0.00072717,0.0007943,0.00086661,0.00094366,0.0010235,0.00110325,0.00118801,0.00127682,0.00137183,0.00149036,0.00163751,0.00181021,0.00200234,0.00220966,0.00243511,0.00269229,0.00297821,0.00329674,0.00365867,0.00407523,0.00458473,0.00517556,0.00585551,0.00663541,0.00751669,0.0085274,0.00964172,0.01088952,0.01227641,0.01381383,0.01565312,0.01777347,0.02023323,0.0230911,0.02639055,0.03027913,0.03465394,0.03951852,0.04489279,0.0508609,0.05768776,0.06542219,0.07425085,0.08436263,0.09594122,0.10920261,0.12425791,0.14132371,0.16065188,0.18258283,0.21084814,0.24365003,0.28182836,0.32630281
BGD,2097,0.00238772,0.00017871,0.00013511,0.0001046,8.279e-05,6.781e-05,5.799e-05,5.282e-05,5.04e-05,4.911e-05,4.789e-05,4.83e-05,5.225e-05,5.864e-05,6.799e-05,8.087e-05,9.658e-05,0.00011342,0.00012761,0.00013843,0.00014661,0.00014967,0.00015194,0.0001559,0.00016152,0.00016846,0.0001768,0.00018741,0.00019987,0.00021512,0.00023438,0.00025632,0.00027945,0.00030037,0.00031698,0.00033131,0.00034447,0.00036082,0.0003819,0.00040604,0.00043463,0.00046692,0.00050411,0.00054685,0.00059609,0.00065239,0.00071278,0.00077868,0.00084961,0.00092517,0.00100348,0.00108173,0.00116494,0.00125232,0.00134591,0.00146245,0.00160691,0.00177626,0.00196445,0.00216735,0.00238793,0.00263973,0.00292006,0.00323271,0.00358843,0.00399849,0.00450025,0.00508231,0.00575217,0.00652005,0.00738755,0.0083825,0.00947969,0.01070865,0.0120745,0.01359021,0.01540523,0.01750048,0.01993355,0.02275778,0.02602031,0.0298675,0.03419414,0.03900768,0.0443245,0.05021928,0.05695769,0.06459991,0.07333223,0.08334337,0.09481178,0.10794019,0.12284512,0.13974833,0.1589032,0.18064454,0.20866738,0.24118859,0.2790648,0.32325054
BGD,2098,0.0023547,0.00017512,0.00013256,0.00010274,8.138e-05,6.669e-05,5.703e-05,5.191e-05,4.947e-05,4.817e-05,4.696e-05,4.736e-05,5.121e-05,5.746e-05,6.66e-05,7.92e-05,9.457e-05,0.00011106,0.00012498,0.00013563,0.00014368,0.00014674,0.00014901,0.00015289,0.00015838,0.00016514,0.00017328,0.00018362,0.00019578,0.00021066,0.00022947,0.00025089,0.00027349,0.00029397,0.00031026,0.00032435,0.00033731,0.0003534,0.00037409,0.00039781,0.00042589,0.00045758,0.00049411,0.0005361,0.00058447,0.00063982,0.00069916,0.00076383,0.00083351,0.00090769,0.0009846,0.00106148,0.00114332,0.00122936,0.0013217,0.00143655,0.00157858,0.00174486,0.0019295,0.00212842,0.00234454,0.00259135,0.00286644,0.00317382,0.00352393,0.00392791,0.00442262,0.00499653,0.00565703,0.00641394,0.00726858,0.00824902,0.00933025,0.01054152,0.01188852,0.01338362,0.01517525,0.0172455,0.01965245,0.02244857,0.02567534,0.02948147,0.0337642,0.03852674,0.04378993,0.04962456,0.05628414,0.06383256,0.07246743,0.08237637,0.09373786,0.10674878,0.12151053,0.13825147,0.1572314,0.17878752,0.20658573,0.23885158,0.27643335,0.32030493
BGD,2099,0.0023236,0.00017159,0.00013007,0.00010093,8.002e-05,6.561e-05,5.61e-05,5.101e-05,4.855e-05,4.723e-05,4.603e-05,4.641e-05,5.016e-05,5.626e-05,6.519e-05,7.75e-05,9.251e-05,0.00010864,0.00012228,0.00013274,0.00014068,0.00014375,0.00014602,0.00014982,0.00015518,0.00016177,0.00016969,0.00017976,0.0001916,0.0002061,0.00022443,0.00024531,0.00026736,0.00028736,0.00030333,0.00031718,0.00032994,0.00034575,0.00036607,0.00038935,0.00041691,0.00044801,0.00048386,0.0005251,0.00057262,0.00062698,0.00068527,0.00074876,0.00081709,0.0008899,0.00096539,0.00104089,0.00112135,0.00120608,0.00129715,0.00141031,0.00154997,0.00171312,0.00189407,0.00208892,0.00230052,0.0025422,0.00281188,0.00311381,0.00345841,0.0038564,0.0043439,0.00490973,0.00556071,0.00630646,0.00714822,0.00811375,0.00917893,0.01037222,0.01169996,0.01317519,0.01494288,0.01698723,0.01936619,0.02213268,0.02532723,0.02909043,0.03332579,0.03803754,0.04324185,0.04901467,0.05560358,0.06306162,0.07158902,0.08138561,0.09262861,0.10551468,0.12013785,0.13670892,0.15549527,0.17684164,0.2043912,0.23638857,0.27366535,0.31718506
BGD,2100,0.00229244,0.00016838,0.00012777,9.921e-05,7.872e-05,6.456e-05,5.519e-05,5.014e-05,4.767e-05,4.634e-05,4.515e-05,4.552e-05,4.918e-05,5.514e-05,6.387e-05,7.589e-05,9.057e-05,0.00010634,0.00011972,0.00013001,0.00013783,0.00014091,0.00014318,0.00014693,0.00015217,0.0001586,0.00016632,0.00017615,0.00018771,0.00020188,0.0002198,0.00024021,0.00026178,0.00028136,0.00029703,0.00031063,0.00032318,0.00033873,0.00035869,0.00038157,0.00040866,0.00043921,0.00047445,0.00051499,0.00056172,0.00061518,0.00067243,0.00073485,0.00080196,0.00087338,0.00094753,0.00102169,0.00110079,0.0011842,0.00127393,0.00138531,0.00152263,0.00168284,0.00186023,0.00205112,0.00225844,0.00249529,0.00275979,0.00305638,0.00339547,0.00378773,0.00426832,0.00482617,0.00546813,0.00620317,0.0070327,0.00798438,0.00903428,0.01021081,0.01152039,0.01297666,0.01472273,0.01674237,0.01909443,0.02183167,0.02499518,0.02872291,0.03291324,0.03757533,0.04272668,0.04843817,0.05496196,0.06234774,0.07078198,0.08046708,0.09159454,0.10435918,0.11885379,0.13528043,0.15388761,0.17502938,0.20233215,0.23406754,0.27105865,0.31424678
