MDG,1950,0.15456558,0.03861719,0.03235386,0.02712552,0.0227113,0.01896176,0.01578392,0.01311864,0.01095529,0.00926712,0.00802462,0.00718452,0.00668556,0.00648232,0.00651969,0.00675233,0.00712819,0.00758969,0.00809278,0.00859767,0.009079,0.00951345,0.00988186,0.01016925,0.0103837,0.01054693,0.0106898,0.01084342,0.01102343,0.01123869,0.0114863,0.0117598,0.01205241,0.01235741,0.01267611,0.01301173,0.01336973,0.01375626,0.01416897,0.01460129,0.01504113,0.015474,0.01589246,0.01629473,0.01669153,0.01710226,0.01754659,0.01805162,0.01863857,0.01932255,0.02011273,0.02100887,0.02202349,0.02317172,0.02446109,0.02589983,0.02751153,0.02931914,0.03133214,0.03356235,0.03602069,0.03870409,0.04160998,0.04476152,0.04820867,0.05204039,0.05636096,0.06127624,0.06687637,0.07318545,0.08017282,0.08774666,0.09579148,0.1042508,0.11313754,0.12259228,0.13285803,0.14418653,0.15681542,0.17087263,0.18634831,0.20318275,0.22122728,0.240308,0.26036777,0.28144417,0.30361158,0.32696793,0.35173033,0.37776416,0.40428639,0.43265509,0.46115807,0.48704337,0.51035803,0.53193777,0.55660342,0.5865388,0.61125672,0.62503977
MDG,1951,0.15299985,0.03809583,0.03195554,0.02681766,0.02247753,0.0187842,0.01564792,0.01301209,0.01086865,0.00919347,0.00795959,0.00712522,0.0066298,0.00642866,0.00646686,0.00669941,0.00707428,0.0075333,0.00803191,0.00852975,0.00900251,0.0094281,0.00978895,0.0100729,0.01028653,0.01045036,0.01059541,0.01075051,0.01093085,0.01114567,0.01139167,0.01166257,0.01195189,0.01225301,0.01256769,0.01290003,0.01325519,0.01363865,0.01404958,0.01448172,0.01492195,0.01535556,0.01577307,0.01617311,0.01656566,0.01697228,0.01741706,0.01792245,0.01851039,0.01919464,0.01998458,0.02088179,0.02188726,0.02301552,0.02428672,0.02571543,0.02731293,0.02910506,0.03111047,0.03333115,0.03577278,0.03843907,0.04133377,0.04447403,0.04790629,0.0517178,0.05601415,0.06089943,0.0664618,0.07272744,0.07966867,0.08719434,0.09518898,0.10359988,0.11243732,0.12184062,0.13204715,0.14330438,0.15584977,0.16980986,0.18517511,0.20188279,0.21980258,0.23883132,0.25888603,0.2798692,0.30199225,0.32530914,0.34983594,0.37579937,0.40267495,0.4296378,0.45779457,0.48562952,0.51090612,0.53365935,0.55498033,0.57970877,0.6095397,0.6341558
MDG,1952,0.15130547,0.03762079,0.03152702,0.02642137,0.02212041,0.01846798,0.01537481,0.01278135,0.01067594,0.00903225,0.00782243,0.00700511,0.00652078,0.00632535,0.00636501,0.00659554,0.0069662,0.00741973,0.00791171,0.00840175,0.00886574,0.00928293,0.00963622,0.00991468,0.01012641,0.01028968,0.01043433,0.01058927,0.01076846,0.01098116,0.01122435,0.0114915,0.01177631,0.01207195,0.01237957,0.01270417,0.01305267,0.01343055,0.01383641,0.01426531,0.01470379,0.01513562,0.01555136,0.01594688,0.01633356,0.01673251,0.01717053,0.01767471,0.01826144,0.01894481,0.01973211,0.0206242,0.02162327,0.02273207,0.02397102,0.0253682,0.02694131,0.02870473,0.03068068,0.03287987,0.03529785,0.03793259,0.04079384,0.04390346,0.0473005,0.05106812,0.0553101,0.06013181,0.06562013,0.07180055,0.07864868,0.0860778,0.09397325,0.10228105,0.11101417,0.12030597,0.13039127,0.14151145,0.15390078,0.1676884,0.1828648,0.19936893,0.21706512,0.23587058,0.25579051,0.27667695,0.29857703,0.32172638,0.34608746,0.37169736,0.39839208,0.42554886,0.45224072,0.47961169,0.50665253,0.53100977,0.55297941,0.57393926,0.59873931,0.62865053
MDG,1953,0.149044,0.03703051,0.03103648,0.02601405,0.02177658,0.01818558,0.01514,0.0125875,0.01051538,0.00889754,0.00770666,0.00690248,0.00642677,0.00623632,0.00627776,0.00650741,0.00687502,0.00732416,0.0078105,0.00829331,0.00874832,0.00915613,0.0095016,0.0097743,0.00998297,0.01014659,0.01029222,0.01044751,0.01062647,0.01083752,0.01107788,0.01134128,0.01162151,0.01191221,0.01221414,0.01253185,0.0128737,0.01324679,0.01364901,0.0140751,0.01451259,0.01494389,0.01535812,0.01575201,0.01613381,0.01652712,0.0169582,0.01745714,0.01804497,0.01872918,0.0195171,0.02040701,0.02140056,0.0225022,0.02372102,0.02508624,0.02662925,0.0283712,0.03032297,0.03249819,0.03490092,0.03751843,0.04035424,0.04343578,0.0468066,0.05054281,0.05474446,0.0595155,0.06494459,0.07105732,0.07782948,0.08517891,0.09299623,0.1012267,0.1098797,0.11908854,0.12908009,0.14009351,0.15235814,0.16600384,0.18102716,0.19737058,0.21490132,0.23352701,0.25327966,0.27412507,0.29602732,0.31902284,0.34329071,0.36881081,0.39524507,0.42233567,0.44937744,0.4754604,0.50216418,0.52864251,0.55266114,0.57457965,0.59568472,0.6205953
MDG,1954,0.14643508,0.03638985,0.03052135,0.02560083,0.02144107,0.01791034,0.01492179,0.01240925,0.01036886,0.00877486,0.00760104,0.00680851,0.00634023,0.00615409,0.00619761,0.00642717,0.00679323,0.0072398,0.00772319,0.00820217,0.00865247,0.00905416,0.00939353,0.0096626,0.00986806,0.01003129,0.01017794,0.01033321,0.01051214,0.01072149,0.01096029,0.01122136,0.01149845,0.01178625,0.01208432,0.01239811,0.01273477,0.01310244,0.01350203,0.01392591,0.01436322,0.01479596,0.01520988,0.01560261,0.01598228,0.01637057,0.01679706,0.01728996,0.0178748,0.01856166,0.01935098,0.02024094,0.02122927,0.02232186,0.02352876,0.02486938,0.02637867,0.02809023,0.03002313,0.032177,0.03455857,0.03716509,0.03998443,0.04304105,0.04638262,0.05008827,0.05425615,0.05898107,0.06435554,0.07040694,0.07710892,0.08438914,0.09213595,0.10030088,0.10888915,0.1180219,0.12793016,0.13884101,0.1509857,0.16449323,0.17937749,0.19558383,0.2129825,0.23149282,0.25109544,0.27182052,0.29371682,0.31666368,0.3406883,0.36599719,0.39227534,0.41908928,0.44605787,0.4724936,0.49776969,0.52382888,0.54987412,0.57331408,0.5946873,0.6156715
MDG,1955,0.14381091,0.03559049,0.02988284,0.02509162,0.021035,0.01758021,0.0146524,0.01219469,0.01019112,0.0086252,0.00747158,0.00669285,0.00623335,0.00605204,0.00609746,0.00632658,0.00668985,0.00713177,0.00760921,0.00808132,0.00852362,0.00891666,0.00924712,0.00950962,0.00971175,0.00987351,0.01002006,0.01017593,0.01035431,0.01056168,0.01079731,0.01105415,0.0113263,0.01160886,0.01190151,0.01220986,0.01254057,0.01290182,0.01329634,0.0137167,0.01415096,0.01458236,0.01499598,0.0153868,0.01576253,0.0161478,0.01656789,0.01705477,0.01763272,0.01831433,0.01910429,0.01999184,0.02097445,0.02205589,0.02324669,0.02456966,0.02604937,0.02772139,0.02961914,0.0317484,0.03410298,0.03668194,0.03948087,0.04251182,0.04581551,0.04947689,0.05359848,0.05826849,0.06357662,0.06955062,0.0761688,0.0833608,0.09101586,0.09908912,0.10758866,0.11662842,0.12642892,0.13721808,0.14922037,0.16256854,0.17727892,0.19330155,0.21051563,0.2288406,0.24825176,0.26875674,0.29045315,0.31337272,0.33737959,0.36246726,0.38860576,0.41530173,0.44199295,0.46834025,0.49398671,0.51846703,0.54408268,0.57000463,0.59346604,0.61510703
MDG,1956,0.142376,0.0352491,0.02953718,0.02475378,0.02071562,0.01728789,0.0143872,0.01196412,0.01000069,0.00846529,0.00733644,0.00657548,0.00612748,0.00595217,0.00599922,0.00622659,0.00658557,0.0070211,0.00749112,0.00795583,0.00839088,0.00877646,0.00909978,0.00935564,0.00955364,0.00971374,0.00985943,0.01001467,0.01019226,0.01039759,0.01063,0.01088274,0.01115003,0.01142732,0.01171451,0.01201717,0.01234217,0.01269719,0.01308569,0.01350194,0.01393307,0.01436112,0.01477352,0.01516394,0.01553708,0.01591792,0.01633514,0.01681582,0.01738811,0.0180626,0.01884636,0.01973252,0.02070921,0.02178056,0.02295534,0.024258,0.02571686,0.02735742,0.02921499,0.0313087,0.03363832,0.03618925,0.03895843,0.04196513,0.0452375,0.04885379,0.05292193,0.05753487,0.0627765,0.06867332,0.0752052,0.08230732,0.0898717,0.0978517,0.10625739,0.11520291,0.12489813,0.1355616,0.14742023,0.16060419,0.17513788,0.19097525,0.20800154,0.2261433,0.24537211,0.2656868,0.28715677,0.30987575,0.3338632,0.35892726,0.38484572,0.41141226,0.43800732,0.46410856,0.4897038,0.51462497,0.53865898,0.56421389,0.59020151,0.61383653
MDG,1957,0.14054444,0.03470756,0.02905344,0.02432443,0.02033842,0.01696078,0.01410743,0.01172274,0.00979683,0.00829706,0.0071925,0.00644902,0.00601228,0.00584289,0.00589167,0.00611743,0.00647242,0.00690227,0.00736515,0.00782229,0.0082502,0.00862881,0.00894511,0.00919485,0.00938764,0.00954494,0.00968958,0.0098438,0.01001998,0.01022321,0.0104523,0.0107007,0.01096294,0.01123466,0.01151616,0.01181311,0.01213224,0.01248143,0.01286384,0.01327501,0.0137031,0.01412787,0.01453611,0.01492506,0.0152974,0.01567502,0.01608738,0.01656529,0.01713126,0.01779946,0.01857454,0.01945163,0.02042268,0.02148264,0.02264106,0.02392186,0.02535547,0.02697136,0.02879491,0.03084633,0.03313839,0.03566142,0.03839795,0.04136829,0.04460722,0.0481807,0.05219063,0.05673619,0.06190652,0.0677237,0.07416695,0.08117269,0.08863837,0.09651741,0.10481616,0.11364995,0.12322917,0.13376435,0.14547551,0.15849837,0.17285467,0.18850236,0.20532563,0.22325009,0.24225353,0.26233335,0.28355767,0.30600349,0.32976883,0.35480746,0.38068989,0.40702053,0.43344726,0.45938576,0.48463947,0.5094201,0.53384991,0.55779032,0.58349909,0.60967517
MDG,1958,0.13849754,0.03411311,0.02854485,0.02388999,0.01996872,0.01664815,0.01384479,0.01150321,0.00960922,0.00813829,0.00705857,0.00633051,0.00590391,0.00573998,0.00579058,0.00601525,0.00636689,0.00679175,0.00724814,0.00769771,0.00811801,0.00848998,0.00880007,0.00904409,0.00923252,0.0093865,0.00952973,0.00968327,0.00985817,0.01005923,0.01028515,0.01052934,0.01078657,0.01105283,0.01132862,0.01161997,0.01193348,0.0122768,0.01265324,0.01305846,0.01348266,0.01390554,0.01431037,0.01469462,0.01506584,0.01544346,0.01585349,0.0163277,0.01689243,0.01755507,0.01832393,0.01919112,0.02015074,0.02120226,0.02234622,0.02360854,0.02501955,0.02661102,0.02841236,0.03043291,0.0326859,0.03517385,0.03788399,0.04082209,0.04402375,0.04756168,0.05152591,0.05601021,0.06110991,0.06685374,0.07321785,0.08013856,0.08751478,0.09530424,0.1035119,0.11224679,0.12171928,0.13214124,0.14372486,0.15660147,0.17080089,0.18627975,0.20292789,0.2206693,0.23947972,0.25936442,0.28038807,0.30262448,0.32615359,0.35101116,0.37690585,0.40325192,0.42952875,0.45541635,0.48065553,0.50524031,0.52967108,0.55411775,0.57825017,0.60411644
MDG,1959,0.13628777,0.03346338,0.02800541,0.02344219,0.01959733,0.01634068,0.01359059,0.01129282,0.00943388,0.00798734,0.00692805,0.00621628,0.0057988,0.00563989,0.00569219,0.00591601,0.00626482,0.00668528,0.00713595,0.00757842,0.00799115,0.00835632,0.00866116,0.00890059,0.00908501,0.00923617,0.00937726,0.00952961,0.0097033,0.00990221,0.01012496,0.01036512,0.01061756,0.01087854,0.01114882,0.01143467,0.01174297,0.01208101,0.01245188,0.01285127,0.01327004,0.01369039,0.01409425,0.01447474,0.01484073,0.0152179,0.01562907,0.0161022,0.01666461,0.01732703,0.01809012,0.01894924,0.01989529,0.02093068,0.02206104,0.02330492,0.02469574,0.02626569,0.0280465,0.03004959,0.03227539,0.03472423,0.03739344,0.04029383,0.0434486,0.04693699,0.05086271,0.05531258,0.06037809,0.06608495,0.07239834,0.07922995,0.0864554,0.09403823,0.10202051,0.11057498,0.11999867,0.13055113,0.14244346,0.15568404,0.17005708,0.18526712,0.20093337,0.21692269,0.23343962,0.25095427,0.2702572,0.29194482,0.31625494,0.3429969,0.37127816,0.39996585,0.42777548,0.45390546,0.4785965,0.50216538,0.52540684,0.54926176,0.57374621,0.5983781
MDG,1960,0.13389168,0.0326273,0.02733766,0.02290898,0.0191713,0.01599933,0.01331544,0.01106871,0.00924829,0.00783022,0.00678944,0.00609171,0.0056846,0.00553025,0.00558399,0.00580675,0.00615265,0.00656867,0.00701345,0.00744869,0.00785293,0.00821016,0.00850872,0.00874404,0.00892504,0.00907327,0.00921225,0.00936257,0.00953439,0.00973079,0.00994994,0.01018561,0.01043289,0.01068827,0.01095276,0.01123274,0.01153528,0.01186774,0.01223269,0.01262572,0.01303756,0.01345191,0.01385371,0.01423345,0.01459495,0.01496642,0.01537756,0.01585223,0.01641329,0.01707202,0.01783255,0.01868198,0.01961499,0.02063157,0.02174062,0.02296642,0.0243347,0.0258802,0.02763477,0.02961119,0.03181269,0.03422736,0.03685193,0.03970918,0.04282612,0.04626743,0.05013754,0.05452983,0.05952572,0.06514678,0.07136622,0.07810576,0.08523941,0.09272863,0.10061283,0.10906502,0.1183743,0.12879109,0.14052796,0.15360002,0.16779401,0.18281898,0.19831339,0.21414619,0.23052639,0.24791437,0.26708255,0.28861554,0.31272766,0.33921118,0.36715752,0.39552142,0.42319252,0.4492422,0.47372714,0.4972575,0.52055834,0.54431824,0.56891645,0.59406964
MDG,1961,0.13215475,0.03206297,0.02684592,0.02248108,0.01880087,0.01568148,0.01304559,0.01084208,0.00905872,0.00767078,0.00665293,0.00596995,0.00557308,0.00542538,0.0054803,0.00570135,0.00604338,0.00645414,0.00689255,0.00732061,0.00771695,0.00806596,0.00835812,0.00858932,0.00876812,0.00891427,0.00905107,0.00919932,0.0093687,0.00956228,0.0097778,0.0100089,0.01025091,0.01050055,0.01075903,0.01103299,0.01132952,0.01165617,0.01201534,0.01240199,0.01280698,0.01321358,0.01360914,0.01398763,0.01434897,0.01471606,0.01512194,0.01559798,0.01616228,0.01682078,0.01757795,0.01842398,0.01934494,0.02034532,0.02143192,0.02263345,0.02398173,0.02550438,0.02723595,0.02918857,0.03136645,0.03375944,0.03635144,0.0391644,0.04223679,0.04563714,0.04945628,0.05378898,0.05872403,0.06427468,0.07040988,0.07705897,0.08410672,0.0915108,0.09930713,0.10766506,0.11687481,0.12718245,0.13879369,0.15172797,0.16577919,0.18065441,0.19599111,0.21167196,0.22790716,0.24516995,0.26423475,0.28568324,0.30972762,0.33613286,0.3639604,0.39212875,0.41960671,0.44564095,0.47016006,0.49359579,0.51697429,0.5409109,0.56553845,0.59093796
MDG,1962,0.12994045,0.03129276,0.02622871,0.02198603,0.01840323,0.01536135,0.01278661,0.01063078,0.00888399,0.00752341,0.00652534,0.00585595,0.00546649,0.00532296,0.00538066,0.0056005,0.00593989,0.00634688,0.00678046,0.0072025,0.00759188,0.00793335,0.00821816,0.00844468,0.00862109,0.00876621,0.00890165,0.00904805,0.00921525,0.00940596,0.0096179,0.00984462,0.01008154,0.01032571,0.01057853,0.01084685,0.01113797,0.01145937,0.0118135,0.01219482,0.01259367,0.01299364,0.01338145,0.01375442,0.01411612,0.01448458,0.01488722,0.01535947,0.01592724,0.01659053,0.01734797,0.01818968,0.0191049,0.02009007,0.02115705,0.02233366,0.02365647,0.02515924,0.02686967,0.02880176,0.03095874,0.03333053,0.03590218,0.03868313,0.04171125,0.04506621,0.04884191,0.0531206,0.05799266,0.06347997,0.06954489,0.0761133,0.08307914,0.0904104,0.09813692,0.10642086,0.11554475,0.12575508,0.13725324,0.15005595,0.16396889,0.17871278,0.19392928,0.20949927,0.22564023,0.24281603,0.26179962,0.28316484,0.30712048,0.33343894,0.36117773,0.38925183,0.41661087,0.44258639,0.46725252,0.49086315,0.51423018,0.53824396,0.56297406,0.58831343
MDG,1963,0.12805683,0.03066055,0.02570233,0.02154707,0.01803735,0.015057,0.0125341,0.01042148,0.00870966,0.0073765,0.00639891,0.00574385,0.00536365,0.00522381,0.00528246,0.00550271,0.00583896,0.006242,0.00667083,0.00708724,0.00747011,0.00780477,0.0080829,0.00830371,0.00847724,0.00862116,0.00875593,0.0089008,0.00906574,0.00925361,0.00946193,0.00968432,0.00991627,0.01015506,0.01040237,0.01066514,0.01095087,0.01126718,0.01161632,0.01199263,0.01238565,0.01277871,0.01315924,0.0135238,0.01388026,0.01425055,0.01465614,0.0151264,0.01569174,0.01635979,0.0171224,0.01796302,0.01887094,0.01984652,0.02089399,0.0220476,0.0233435,0.02482027,0.02651175,0.02842438,0.03056284,0.032915,0.03546534,0.03822426,0.0412173,0.04452422,0.04824942,0.05247859,0.05729066,0.06271019,0.06870967,0.07520879,0.08209772,0.08935197,0.09701079,0.10522714,0.114274,0.12439198,0.135785,0.1484699,0.16225433,0.17687148,0.19197705,0.20744948,0.22349615,0.24058591,0.25947889,0.28075587,0.3046278,0.33087129,0.35856287,0.3866086,0.41394376,0.43986588,0.46451364,0.48827579,0.51178058,0.53572662,0.56049717,0.58595226
MDG,1964,0.1262493,0.029978,0.02513677,0.02107783,0.01764796,0.01473428,0.01226696,0.01020033,0.00852547,0.00722106,0.00626485,0.00562473,0.00525411,0.00511934,0.00517794,0.00539611,0.00573051,0.00612862,0.00655195,0.00696212,0.00733788,0.00766504,0.00793625,0.00815119,0.0083204,0.00846259,0.0085966,0.00874044,0.00890326,0.00908805,0.00929244,0.0095101,0.00973666,0.00996965,0.010211,0.01046784,0.0107476,0.01105804,0.0114014,0.01177171,0.01215822,0.01254326,0.01291461,0.01327005,0.01361653,0.01398114,0.01438917,0.01486304,0.01542645,0.01609129,0.01685714,0.01769986,0.01860191,0.01956458,0.02059647,0.02172555,0.02299456,0.02444168,0.02610534,0.02799718,0.03011416,0.03244454,0.03497027,0.03770104,0.04066316,0.04392506,0.04759107,0.05175674,0.05650471,0.06184988,0.06776793,0.07418955,0.08099895,0.08816502,0.09573323,0.10386487,0.11282227,0.12283847,0.13411312,0.14666915,0.16031715,0.17479078,0.1897564,0.2051011,0.22102501,0.23798667,0.25675532,0.27790952,0.30167832,0.32784381,0.35548554,0.38351492,0.41084243,0.43674205,0.46131574,0.48503537,0.50867937,0.53278668,0.5575762,0.58320194
MDG,1965,0.12443248,0.02939489,0.02465901,0.0206861,0.01732655,0.01447054,0.01205038,0.01002198,0.00837743,0.00709628,0.00615723,0.00552911,0.00516627,0.00503581,0.00509598,0.00531187,0.00564357,0.00604023,0.00646014,0.00686664,0.00723799,0.00755997,0.00782587,0.00803629,0.00820182,0.00834137,0.00847438,0.00861733,0.00877867,0.00896106,0.00916234,0.00937627,0.00959861,0.00982706,0.01006378,0.01031613,0.0105917,0.01089809,0.01123771,0.01160438,0.01198706,0.01236752,0.01273243,0.01308062,0.01342048,0.01377808,0.01418438,0.01466532,0.01523662,0.01590278,0.01666806,0.0175157,0.01841987,0.01937562,0.0203933,0.02150664,0.02275275,0.02417664,0.0258165,0.02768767,0.02979181,0.03210839,0.03461911,0.03733102,0.04026969,0.04350466,0.0471301,0.05124276,0.0559353,0.06122738,0.06708611,0.07344618,0.08020374,0.08731869,0.09482777,0.10289704,0.111795,0.12174377,0.13293654,0.1453969,0.15894798,0.17332973,0.18821165,0.2034878,0.21935912,0.23626815,0.25496311,0.2760328,0.29970928,0.32580353,0.35341921,0.38148064,0.40890312,0.43492032,0.4595748,0.48327353,0.50685724,0.5310026,0.55580714,0.58132735
MDG,1966,0.12314959,0.02899992,0.02429026,0.02034605,0.01701807,0.01419607,0.01181138,0.00981814,0.00820568,0.00695187,0.00603417,0.00542131,0.00506841,0.00494318,0.00500479,0.00521906,0.0055454,0.00593711,0.0063527,0.00675416,0.00712039,0.00743693,0.00769725,0.00790274,0.00806452,0.00820114,0.00833191,0.00847344,0.008633,0.00881284,0.00901071,0.00922052,0.00943816,0.00966151,0.00989296,0.01014003,0.01041047,0.01071189,0.01104647,0.0114081,0.01178542,0.01216002,0.012518,0.01285716,0.01318768,0.01353736,0.01393565,0.01441457,0.01499319,0.01566662,0.01643103,0.01727422,0.01817822,0.0191302,0.02013464,0.02122819,0.0224541,0.02385175,0.02546583,0.02731043,0.02939051,0.03168958,0.03418007,0.03686872,0.03977836,0.04297824,0.04656363,0.05062181,0.05524597,0.06046594,0.06625535,0.07254061,0.07922222,0.08627168,0.09371428,0.10170398,0.11051292,0.12037195,0.13146429,0.14381054,0.15723803,0.17149935,0.18626978,0.2014396,0.21721075,0.23402618,0.25261672,0.27355745,0.29710249,0.32307015,0.35059706,0.37861824,0.40604614,0.43211047,0.45681292,0.48052916,0.50406767,0.52819841,0.55316092,0.57884868
MDG,1967,0.12112345,0.02817194,0.02363727,0.01983138,0.01661201,0.01387437,0.01155422,0.00960971,0.00803343,0.00680597,0.00590705,0.00530698,0.00496219,0.00484133,0.00490435,0.00511763,0.00544107,0.00582739,0.00623858,0.00663436,0.00699479,0.00730496,0.00755884,0.00775861,0.00791614,0.00805007,0.00817893,0.00831875,0.00847658,0.0086538,0.008848,0.00905326,0.00926571,0.00948352,0.00970936,0.00995088,0.01021582,0.01051183,0.01084087,0.01119658,0.01156759,0.01193508,0.01228534,0.01261564,0.0129352,0.01327428,0.01366399,0.0141344,0.01471081,0.01539132,0.01616181,0.01700117,0.01789618,0.01884249,0.01983701,0.02091192,0.02211377,0.02348806,0.02507407,0.02689125,0.02894303,0.03121527,0.03368388,0.03634643,0.0392251,0.04238676,0.04592647,0.04993306,0.05449106,0.05963079,0.06533595,0.07154059,0.07813751,0.0851007,0.09246673,0.10037579,0.10908588,0.11883357,0.1298125,0.14203642,0.15533231,0.16945605,0.1840945,0.1991389,0.21478237,0.23146899,0.24993265,0.27073845,0.29413364,0.31996394,0.34737332,0.37532207,0.40272327,0.428797,0.45354119,0.47729934,0.50086046,0.52497179,0.54996417,0.57585886
MDG,1968,0.11857109,0.02723461,0.0229056,0.019265,0.01617524,0.01353713,0.01129133,0.00940083,0.00786289,0.00666195,0.00578105,0.00519286,0.00485546,0.00473849,0.00480263,0.00501494,0.00533587,0.00571856,0.00612514,0.00651742,0.00687109,0.0071764,0.00742465,0.00761885,0.00777145,0.00790155,0.00802755,0.00816476,0.00831995,0.00849426,0.00868478,0.00888559,0.00909293,0.00930528,0.0095256,0.00976191,0.01002199,0.01031341,0.01063811,0.01098937,0.01135563,0.01171775,0.01206151,0.01238475,0.01269605,0.01302507,0.01340594,0.01387028,0.01444101,0.01512223,0.01590189,0.01674679,0.01763435,0.01856619,0.01954813,0.02060573,0.02178212,0.02312698,0.02468592,0.02647225,0.02849457,0.0307362,0.03317483,0.0358106,0.03865564,0.04177627,0.04526519,0.0492116,0.05370187,0.05875888,0.06436861,0.07047697,0.07698529,0.08385689,0.09112968,0.09895276,0.1075653,0.1171904,0.12803009,0.14011167,0.15325791,0.16722515,0.18170421,0.19659591,0.21208837,0.2286115,0.24689687,0.26751453,0.29070355,0.31630572,0.34350019,0.37125149,0.39849044,0.42442354,0.44902147,0.47261363,0.49595988,0.51981412,0.54454464,0.57033757
MDG,1969,0.11558247,0.02616807,0.02210578,0.01867623,0.01574736,0.01322724,0.01106412,0.00922833,0.00772491,0.00654492,0.00567665,0.00509613,0.00476347,0.00464924,0.00471442,0.00492656,0.00524626,0.00562653,0.0060293,0.00641793,0.00676824,0.00706453,0.00730789,0.00749709,0.00764562,0.00777279,0.00789695,0.00803276,0.0081862,0.00835808,0.0085454,0.00874217,0.00894484,0.00915216,0.00936743,0.00959889,0.00985453,0.01014168,0.01046205,0.01080871,0.01116968,0.01152584,0.01186272,0.0121778,0.0124808,0.01280084,0.01317126,0.01362697,0.01419231,0.0148681,0.01564861,0.01650241,0.01739406,0.0183162,0.01928129,0.02032549,0.02148601,0.02280924,0.02434471,0.02611104,0.02811022,0.03032967,0.03274393,0.03535488,0.03817732,0.04126826,0.0447203,0.04862111,0.05305796,0.05805695,0.0635966,0.06962367,0.07605241,0.08285526,0.09005692,0.09780573,0.10635033,0.11589526,0.12662936,0.13859196,0.1516242,0.16548076,0.17985409,0.19464368,0.21004651,0.22648417,0.24466584,0.26516704,0.28824005,0.31372176,0.3407916,0.36845375,0.39564388,0.42159074,0.44625399,0.46994138,0.49340131,0.51734883,0.54213136,0.567914
MDG,1970,0.11385374,0.02549674,0.02153815,0.01819607,0.0153422,0.01288677,0.01077933,0.00899099,0.00752656,0.00637752,0.0055326,0.00496845,0.00464617,0.00453724,0.00460366,0.00481372,0.00512887,0.00550286,0.00589822,0.00627891,0.00662447,0.00691689,0.00715031,0.00733563,0.00748016,0.00760395,0.00772525,0.00785847,0.00800914,0.00817761,0.00836072,0.00855254,0.00874963,0.00895093,0.00915995,0.00938519,0.00963469,0.00991581,0.01022985,0.01056963,0.01092296,0.01127039,0.01159789,0.01190282,0.01219469,0.01250402,0.01286329,0.01330612,0.01385994,0.01452644,0.01529623,0.01614393,0.01703594,0.01795263,0.01889821,0.0199166,0.02105538,0.0223555,0.0238633,0.02559984,0.02757158,0.0297585,0.03213849,0.03471034,0.03749021,0.0405378,0.04393732,0.04777674,0.05214219,0.0570612,0.06251582,0.06844512,0.07476261,0.08145159,0.08854598,0.09618045,0.10460313,0.11403086,0.12463596,0.1364455,0.14930927,0.16299539,0.17719124,0.19179535,0.20700282,0.22325298,0.24126302,0.2615935,0.28450478,0.30986677,0.33682029,0.36430852,0.39131691,0.41708719,0.44163969,0.46531381,0.48886979,0.51301704,0.53803316,0.56402608
MDG,1971,0.11165684,0.02478966,0.0209805,0.01775298,0.01498917,0.01260446,0.01055157,0.00880479,0.007372,0.00624683,0.00541956,0.00486793,0.00455374,0.00445038,0.0045216,0.0047357,0.00505409,0.00543041,0.00582913,0.00621495,0.00656542,0.00686502,0.00709977,0.00727589,0.00741757,0.00753753,0.00765512,0.0077849,0.00793205,0.00809645,0.00827483,0.00846147,0.00865315,0.00884884,0.00905205,0.00927165,0.00951607,0.00979283,0.01010321,0.01043949,0.01078909,0.011132,0.01145388,0.01175281,0.01203805,0.0123402,0.01269344,0.01313039,0.01367708,0.0143382,0.01510507,0.015948,0.0168394,0.01776084,0.01870382,0.01970605,0.0208239,0.02210839,0.02360052,0.02531787,0.0272698,0.02944018,0.03179939,0.03434976,0.03710412,0.04012339,0.04349318,0.04729352,0.05161126,0.05647469,0.06186964,0.06774081,0.07399647,0.08062002,0.08765567,0.09524125,0.10360264,0.11295327,0.12347562,0.13518465,0.14793229,0.16151029,0.17563418,0.19019882,0.20538417,0.2216047,0.23955796,0.2597869,0.28253554,0.30766891,0.33442256,0.36178369,0.38867214,0.41461849,0.4395031,0.46335809,0.48704923,0.51123752,0.53621285,0.56208931
MDG,1972,0.10900694,0.02399863,0.02037538,0.01729841,0.01465123,0.01235461,0.01036482,0.00866223,0.00725879,0.00615202,0.00533667,0.00479176,0.00448187,0.00437997,0.00444895,0.00465923,0.00497148,0.00534075,0.00572987,0.00610197,0.00643877,0.00672596,0.00695884,0.00713483,0.00726895,0.00738867,0.00750518,0.00763367,0.00777996,0.00794312,0.00812037,0.00830505,0.00849391,0.00868644,0.00888618,0.00910256,0.00934399,0.00961828,0.00992628,0.01026016,0.01060656,0.01094492,0.01126154,0.01155325,0.01183195,0.0121273,0.01247321,0.01290569,0.01344765,0.01410368,0.01486643,0.01570582,0.01659076,0.01750753,0.01845138,0.01944847,0.02054933,0.0218155,0.02329651,0.02500608,0.02694855,0.0291072,0.03145796,0.033993,0.03673005,0.03972778,0.04306977,0.04684314,0.05112502,0.05594702,0.06129938,0.06712159,0.07333623,0.07991306,0.08689203,0.09443264,0.10274695,0.11204373,0.12250419,0.1341469,0.1468439,0.16034429,0.17438993,0.18891301,0.2040479,0.22026959,0.23821691,0.25842967,0.2812109,0.30631939,0.3330458,0.36038546,0.38722649,0.4128605,0.43737935,0.46102335,0.48395735,0.50622921,0.53347841,0.56317263
MDG,1973,0.10695877,0.02337783,0.01983712,0.01682702,0.01423976,0.01199897,0.01006111,0.00840598,0.00704423,0.00597265,0.00518503,0.00466019,0.00436335,0.00426856,0.00434031,0.00454995,0.00485921,0.00522414,0.00560836,0.00597564,0.00630773,0.00659042,0.00681914,0.00699669,0.00712859,0.00723946,0.00735216,0.00747613,0.00761794,0.00777672,0.00794954,0.00812964,0.00831374,0.00850137,0.00869606,0.00890723,0.00914332,0.00941243,0.0097154,0.0100442,0.01038517,0.01071756,0.01102799,0.01131323,0.01158553,0.0118757,0.01221693,0.01264459,0.01318284,0.01383427,0.01458932,0.01542093,0.01629834,0.01720353,0.01813863,0.01913147,0.0202219,0.02146682,0.02292394,0.02461572,0.02654052,0.02867671,0.03100114,0.03350912,0.03621103,0.03916893,0.04246379,0.0461842,0.0504095,0.05516603,0.0604467,0.06619305,0.07233127,0.07883483,0.08573274,0.09318007,0.10139887,0.11060297,0.12095385,0.13247265,0.14504849,0.15842089,0.17232843,0.18671639,0.201737,0.21785313,0.23569054,0.25578049,0.27843293,0.30340267,0.32999205,0.35714339,0.38380144,0.40933418,0.4332878,0.45634044,0.47888271,0.49997284,0.52479705,0.55666805
MDG,1974,0.10587534,0.02317324,0.01957079,0.01652555,0.01392682,0.01169501,0.00978226,0.00816254,0.00683898,0.00580283,0.00504412,0.0045403,0.00425701,0.00416904,0.00424233,0.00444931,0.00475321,0.00511177,0.00548974,0.00585184,0.00617974,0.00645888,0.00668435,0.00685863,0.00699207,0.00709956,0.0072034,0.00732274,0.00745958,0.00761377,0.00778227,0.0079581,0.00813778,0.00832075,0.00851063,0.00871681,0.00894777,0.00921178,0.00950988,0.00983404,0.0101703,0.01049757,0.01080256,0.01108233,0.01134902,0.01163367,0.01197075,0.01239462,0.01292853,0.01357644,0.01432634,0.01514874,0.01601636,0.01691154,0.01783233,0.01881407,0.01989834,0.02113157,0.02256675,0.02423416,0.02614103,0.02825854,0.03055778,0.03303514,0.03570406,0.03861915,0.0418652,0.04552828,0.04968968,0.0543793,0.05958532,0.0652534,0.07131156,0.07773557,0.08455682,0.0919138,0.1000233,0.10911129,0.11934581,0.13073008,0.14315955,0.15639613,0.17016788,0.18441065,0.19928783,0.21527782,0.23298698,0.2529302,0.27540888,0.30019439,0.32659043,0.35356244,0.3800027,0.40534286,0.42939373,0.45215926,0.47434045,0.49541311,0.51932076,0.54822616
MDG,1975,0.1054384,0.02323677,0.01948841,0.01634569,0.01369103,0.01143815,0.00953191,0.00793757,0.0066475,0.00564518,0.00491495,0.00443213,0.00416249,0.00408124,0.0041557,0.00435945,0.00465737,0.00500903,0.00538055,0.00573772,0.00606212,0.00633863,0.00656168,0.00673329,0.00686367,0.00697179,0.00707146,0.00718284,0.00731525,0.00746508,0.00762957,0.00780148,0.00797713,0.00815578,0.00834111,0.00854265,0.00876893,0.00902834,0.00932201,0.00964206,0.00997425,0.01029723,0.0105973,0.01087186,0.01113355,0.01141305,0.0117451,0.0121655,0.01269611,0.0133398,0.01408595,0.01490221,0.01575884,0.0166422,0.017551,0.01851687,0.01958936,0.02081701,0.02224222,0.02388963,0.02577417,0.02787612,0.03015825,0.03261062,0.03524784,0.038128,0.04132841,0.04493939,0.04904025,0.053664,0.05880408,0.06440173,0.07038899,0.07674187,0.08349243,0.09077895,0.09879794,0.10777076,0.11788288,0.12914886,0.14144574,0.15454545,0.16820087,0.18232904,0.19707694,0.21293227,0.23052391,0.25034755,0.27268818,0.29731318,0.32354482,0.35034918,0.3766433,0.40179786,0.42570647,0.44867744,0.47065515,0.49165624,0.51571987,0.54736643
MDG,1976,0.1068824,0.0241065,0.01990192,0.01643941,0.01357875,0.01121273,0.00926535,0.0076801,0.00642519,0.00546651,0.00477588,0.00432299,0.00407288,0.00400095,0.00407649,0.00427473,0.00456331,0.0049051,0.00526862,0.0056214,0.00594448,0.00622125,0.00644437,0.00661434,0.00674118,0.00684401,0.00694072,0.00704558,0.00716981,0.0073155,0.00747679,0.007646,0.00781877,0.00799379,0.00817471,0.00837124,0.00859238,0.00884698,0.00913634,0.00945275,0.00978166,0.01010108,0.010397,0.01066619,0.01092216,0.01119622,0.01152282,0.01193826,0.01246581,0.01310666,0.01384854,0.01466008,0.01550825,0.01637679,0.01726924,0.01821854,0.01927104,0.02048431,0.02190346,0.02354202,0.02540834,0.02748964,0.0297577,0.03219288,0.03480249,0.03764649,0.04080653,0.04436616,0.04841045,0.05297161,0.05804746,0.06358592,0.06951283,0.07580647,0.08249682,0.08972082,0.09767537,0.10655984,0.11655734,0.12770667,0.13989996,0.15288848,0.16643378,0.1804784,0.19514509,0.21089581,0.22837015,0.2480995,0.27035186,0.2948831,0.32101432,0.34773596,0.3739654,0.39909619,0.42295419,0.44593871,0.46835144,0.48904948,0.5129893,0.5446882
MDG,1977,0.10819742,0.0249516,0.02030716,0.0165426,0.01349188,0.01102388,0.00904007,0.00746246,0.00623765,0.00531639,0.00465984,0.00423289,0.00399977,0.00393604,0.00401274,0.0042065,0.0044874,0.00482125,0.00517861,0.00552853,0.00585137,0.00612914,0.00635301,0.00652189,0.00664558,0.00674354,0.00683454,0.00693641,0.00705565,0.00719586,0.00735483,0.00752198,0.00769251,0.00786452,0.00804171,0.008234,0.00845081,0.00870151,0.00898764,0.00930152,0.00962841,0.00994563,0.01023859,0.01050391,0.0107548,0.01102384,0.01134622,0.01175781,0.01228215,0.01292186,0.01366234,0.01447013,0.01531346,0.01617278,0.01704969,0.01798295,0.01902056,0.02021719,0.02162717,0.02326683,0.02513197,0.02720168,0.02945466,0.03188074,0.034477,0.03729663,0.04042421,0.04394878,0.04794907,0.05246378,0.05749003,0.06298067,0.06886854,0.07512288,0.08177514,0.08895824,0.09686858,0.10570751,0.11563585,0.12669326,0.13879863,0.15172041,0.16519589,0.17917311,0.19380142,0.20951674,0.22693152,0.24658928,0.26880551,0.29331655,0.31942642,0.34612033,0.37234017,0.39748107,0.42140556,0.44445779,0.467074,0.48873801,0.51231447,0.54361919
MDG,1978,0.10945815,0.02576358,0.02070006,0.0166572,0.01343591,0.01087832,0.0088629,0.00729123,0.00609066,0.00519926,0.0045697,0.00416317,0.00394344,0.00388599,0.00396306,0.00415252,0.00442649,0.0047533,0.00510519,0.00545247,0.00577499,0.00605349,0.00627789,0.00644594,0.00656703,0.00666083,0.00674697,0.00684425,0.00696166,0.00709901,0.00725434,0.00742005,0.00758873,0.00775821,0.00793219,0.00812085,0.008334,0.00858139,0.00886469,0.00917642,0.00950161,0.00981731,0.01010823,0.01037045,0.01061751,0.01088173,0.01119974,0.01160811,0.01212936,0.0127663,0.01350567,0.01431123,0.01514933,0.0160021,0.01686844,0.01778578,0.01880825,0.0199923,0.02138857,0.02302293,0.02489389,0.02696594,0.02920864,0.03161951,0.03420601,0.03701122,0.04011338,0.04360521,0.0475714,0.05204397,0.05702697,0.0624721,0.06831756,0.07453989,0.0811587,0.0883074,0.09617734,0.10497011,0.11485015,0.12583469,0.13784499,0.15067981,0.16409505,0.17800876,0.19257438,0.20825426,0.22563351,0.2452262,0.2673555,0.29181986,0.31790139,0.34456992,0.37076628,0.39591269,0.41987379,0.4430278,0.465761,0.48759994,0.51201183,0.54232193
MDG,1979,0.1107179,0.02652366,0.02107212,0.01676946,0.01338943,0.01074853,0.00870259,0.00713416,0.0059539,0.0050889,0.00448409,0.00409689,0.00388998,0.00383882,0.00391701,0.00410346,0.00437203,0.00469315,0.00504065,0.00538597,0.0057085,0.00598797,0.00621305,0.00638056,0.00649969,0.00659008,0.00667212,0.00676551,0.00687972,0.00701654,0.00717037,0.007333,0.00750024,0.0076674,0.00783842,0.00802372,0.00823349,0.0084779,0.00875865,0.00906826,0.00939184,0.00970612,0.00999566,0.01025567,0.01049946,0.01075986,0.01107314,0.01147752,0.01199595,0.01262998,0.01336634,0.01417016,0.01500498,0.01585114,0.01670998,0.01761657,0.01862376,0.01979444,0.02118074,0.0228043,0.02467352,0.02675542,0.02900337,0.03140504,0.03397661,0.03677272,0.03986161,0.04332987,0.0472664,0.05170958,0.05665601,0.06206491,0.06787246,0.07406042,0.08065611,0.08777821,0.0956192,0.10437598,0.11421472,0.12515859,0.13710493,0.14985559,0.16319825,0.17707071,0.19158977,0.20722005,0.22457806,0.24414601,0.26621437,0.29059583,0.31664739,0.34331508,0.36952265,0.39468664,0.41869814,0.44193522,0.46483832,0.48697495,0.51146586,0.54287506
MDG,1980,0.11201438,0.02730608,0.02148011,0.01693223,0.01340337,0.01068282,0.00860439,0.00703301,0.00586471,0.00501724,0.00442936,0.00405556,0.00385774,0.00381109,0.00388998,0.00407401,0.0043384,0.00465515,0.00499921,0.0053429,0.00566526,0.0059453,0.00617093,0.00633806,0.0064559,0.00654415,0.00662352,0.00671436,0.00682656,0.0069621,0.00711686,0.0072792,0.0074439,0.00760984,0.00777883,0.00796174,0.00816912,0.00841148,0.00869066,0.00899904,0.00932145,0.00963486,0.00992355,0.01018268,0.01042468,0.01068225,0.01099233,0.01139272,0.01190804,0.0125402,0.01327437,0.01407559,0.01490906,0.01575234,0.01660536,0.01750612,0.01850513,0.019664,0.02104107,0.0226594,0.02452265,0.02660813,0.02887183,0.03128388,0.03385039,0.03663602,0.03972142,0.04318364,0.04710571,0.05153001,0.05645998,0.0618461,0.0676319,0.07379637,0.08037242,0.08748723,0.09531688,0.10405996,0.11387869,0.1248007,0.13673101,0.14944441,0.1627272,0.1765507,0.19105461,0.20666059,0.22398742,0.24356113,0.26564312,0.29000575,0.31602114,0.342713,0.36896913,0.39418271,0.41824198,0.44156929,0.46464266,0.48718882,0.51202779,0.54272215
MDG,1981,0.11344686,0.02810838,0.02192184,0.01714296,0.01347427,0.01067718,0.00856456,0.00698522,0.00582185,0.00498419,0.00440615,0.00404009,0.00384757,0.00380331,0.00388181,0.0040632,0.00432372,0.00463665,0.00497773,0.00531994,0.00564217,0.00592279,0.00614904,0.00631628,0.00643341,0.00652036,0.00659811,0.00668735,0.0067983,0.00693316,0.00708769,0.00725165,0.00741662,0.00758035,0.00774858,0.00793019,0.00813617,0.00837729,0.0086555,0.0089632,0.0092849,0.00959729,0.00988528,0.01014382,0.01038548,0.0106419,0.01094981,0.01134769,0.01185944,0.01248877,0.01322113,0.01401989,0.01485056,0.01569269,0.01654371,0.01744035,0.018436,0.01958976,0.02095811,0.0225703,0.02443127,0.02651313,0.02878291,0.03121333,0.03379229,0.03657477,0.03965239,0.04311514,0.04703654,0.05145279,0.056371,0.06174897,0.06751977,0.07367004,0.0802292,0.08732993,0.09515793,0.10389361,0.11370213,0.12460878,0.13652337,0.14922987,0.16248441,0.17625164,0.19070818,0.20630422,0.22360627,0.24314332,0.26522817,0.28959925,0.31558516,0.34223027,0.36851172,0.39378379,0.4179094,0.44130856,0.46451382,0.48735438,0.50748623,0.53428939
MDG,1982,0.11469501,0.02876473,0.02229332,0.01732786,0.01354456,0.01068335,0.00854013,0.0069511,0.00578917,0.00495797,0.00438738,0.00402765,0.00383954,0.00379748,0.0038763,0.00405642,0.00431473,0.00462538,0.00496474,0.00530624,0.00562876,0.00591028,0.00613745,0.00630515,0.00642224,0.00650851,0.00658535,0.0066737,0.00678385,0.00691818,0.00707244,0.00723627,0.00740279,0.00756668,0.00773277,0.00791389,0.0081191,0.00835953,0.00863718,0.00894442,0.00926573,0.00957746,0.00986436,0.0101223,0.01036372,0.01062033,0.01092757,0.01132364,0.01183306,0.01245877,0.01318821,0.0139851,0.01481344,0.01565322,0.01650416,0.01740037,0.01839397,0.01954681,0.02091251,0.02251819,0.02437503,0.02645658,0.02872463,0.03116329,0.03376309,0.03656066,0.03963842,0.04309773,0.04702574,0.051449,0.05636758,0.06174251,0.06751412,0.07365703,0.08020875,0.08729815,0.09511814,0.103861,0.11367332,0.12458372,0.13649886,0.14920774,0.16247422,0.17622685,0.19063182,0.20618292,0.22348512,0.24301012,0.26507011,0.28946369,0.31548276,0.34210864,0.36833103,0.39359223,0.41770294,0.44104969,0.46499471,0.48963763,0.51377627,0.53512793
MDG,1983,0.11555665,0.02918637,0.02253567,0.01745127,0.01359436,0.01069145,0.00852773,0.00693138,0.00576947,0.0049419,0.00437587,0.00402018,0.00383488,0.00379422,0.00387337,0.00405288,0.00431004,0.00461948,0.00495802,0.00529941,0.00562235,0.00590469,0.00613274,0.0063009,0.00641797,0.00650386,0.00658,0.00666772,0.00677739,0.00691137,0.00706542,0.00722917,0.00739565,0.0075611,0.00772737,0.00790655,0.00811152,0.00835149,0.00862871,0.0089355,0.00925629,0.00956742,0.00985334,0.01010983,0.01035058,0.01060706,0.01091467,0.0113101,0.01181754,0.01244065,0.01316604,0.01395973,0.01478617,0.01562371,0.01647269,0.01736942,0.01836326,0.01951474,0.02088018,0.02248378,0.02433438,0.02641214,0.02868052,0.03111811,0.0337272,0.03654657,0.03964025,0.04310064,0.04702655,0.05145863,0.05638701,0.06176481,0.06753514,0.0736806,0.08022516,0.08730674,0.0951146,0.10384867,0.11366807,0.12458144,0.13649947,0.14920901,0.16247904,0.17624706,0.19063819,0.20612994,0.22337689,0.24289386,0.26494101,0.2893122,0.3153543,0.34202858,0.36827157,0.39356157,0.41783623,0.44149094,0.46516648,0.4900311,0.51587972,0.540967
MDG,1984,0.11575903,0.02928591,0.02259439,0.01748424,0.01361162,0.01069975,0.00853155,0.00693347,0.00577112,0.00494367,0.00437788,0.00402238,0.0038372,0.00379651,0.00387543,0.00405457,0.0043113,0.00462037,0.00495867,0.00530005,0.00562315,0.00590563,0.00613392,0.00630232,0.00641942,0.00650523,0.00658125,0.00666879,0.00677838,0.00691236,0.00706643,0.0072302,0.00739673,0.00756226,0.00773022,0.00790985,0.00811332,0.00835349,0.00863065,0.0089373,0.00925777,0.00956835,0.00985358,0.01010895,0.01034808,0.01060395,0.01091162,0.01130772,0.01181469,0.01243588,0.01315874,0.01394843,0.01477197,0.01560808,0.01645538,0.01735072,0.01834567,0.01949799,0.02086255,0.02246644,0.02431546,0.02638744,0.02865287,0.03109187,0.033701,0.03653085,0.03964775,0.04312591,0.04705505,0.0514874,0.05642796,0.06181965,0.0675963,0.07374335,0.08029356,0.08736984,0.09517185,0.10389546,0.11370841,0.12463308,0.13655885,0.14927666,0.16255317,0.17633076,0.19074373,0.20622166,0.22340586,0.24287035,0.26491329,0.28927458,0.31530541,0.34201691,0.36831846,0.39362824,0.41792574,0.4417429,0.4657325,0.49033451,0.51643061,0.54322871
MDG,1985,0.11513226,0.02898797,0.02240475,0.01736464,0.0135366,0.01065204,0.00849957,0.00690986,0.00575192,0.00492686,0.00436254,0.00400802,0.00382344,0.00378321,0.00386269,0.00404251,0.00429992,0.0046095,0.00494806,0.0052894,0.00561226,0.00589433,0.00612202,0.00629,0.00640687,0.00649245,0.00656829,0.00665563,0.0067649,0.0068985,0.0070521,0.0072153,0.00738123,0.00754621,0.00771368,0.00789439,0.00809786,0.00833616,0.00861322,0.00891951,0.00923944,0.00954922,0.00983339,0.01008757,0.01032507,0.0105788,0.01088557,0.01128151,0.01178894,0.01240931,0.01312971,0.01391624,0.01473503,0.0155674,0.01641227,0.01730462,0.01829657,0.0194483,0.02081183,0.02241296,0.0242605,0.02632913,0.02858698,0.03102136,0.03363019,0.0364579,0.03958255,0.04308081,0.04702427,0.05145573,0.05639193,0.06179197,0.06757863,0.07372694,0.08027252,0.08734783,0.09513643,0.10384562,0.11363885,0.12454772,0.13647585,0.14919326,0.1624716,0.17624956,0.19066691,0.20616152,0.22331789,0.24269432,0.26465945,0.28899734,0.31499975,0.34168602,0.3680218,0.39339236,0.41770765,0.44153518,0.46565813,0.49052144,0.51628007,0.54326277
MDG,1986,0.11376891,0.02841231,0.02203306,0.01713487,0.01340033,0.0105742,0.00845609,0.00688491,0.00573564,0.00491336,0.00434894,0.00399339,0.00380795,0.00376738,0.00384685,0.00402698,0.00428487,0.00459479,0.00493321,0.00527367,0.00559504,0.00587544,0.00610154,0.00626826,0.00638455,0.00647009,0.00654606,0.0066335,0.0067427,0.00687594,0.00702897,0.00719144,0.00735652,0.00752062,0.00768734,0.00786747,0.00807202,0.00831061,0.00858605,0.00889263,0.00921255,0.00952203,0.00980545,0.01005846,0.01029463,0.01054653,0.01085099,0.01124623,0.01175396,0.01237549,0.01309571,0.01388022,0.01469601,0.0155233,0.01636374,0.01725259,0.01824018,0.01938749,0.0207492,0.02234848,0.0241928,0.02625991,0.02851454,0.03094121,0.03354513,0.03637171,0.03949253,0.04299637,0.04695809,0.05140267,0.05633671,0.06173151,0.06752766,0.07368864,0.0802383,0.08731144,0.09510174,0.10379817,0.11357693,0.12446613,0.13637974,0.14910419,0.16238942,0.17617915,0.19060884,0.20612147,0.22331213,0.24267392,0.26455918,0.28883453,0.31483975,0.34152401,0.36785906,0.39329105,0.41769843,0.44158668,0.46579071,0.49089397,0.51704333,0.54381635
MDG,1987,0.1115838,0.02734554,0.0213084,0.01664439,0.01306738,0.01034439,0.00829143,0.00675984,0.00563451,0.00482682,0.00427152,0.00392171,0.0037397,0.00370122,0.0037821,0.0039632,0.00422157,0.00453127,0.0048686,0.00520697,0.00552543,0.00580249,0.00602543,0.00618948,0.00630361,0.00638765,0.00646243,0.00654851,0.00665603,0.00678716,0.00693764,0.00709733,0.0072595,0.00742066,0.0075845,0.00776191,0.00796393,0.00820172,0.00847539,0.00877785,0.00909629,0.00940393,0.0096853,0.00993592,0.01016942,0.01041858,0.01071969,0.01111085,0.01161594,0.0122354,0.01295378,0.01373411,0.01454291,0.01536138,0.01619018,0.01706742,0.01804371,0.01917832,0.02052668,0.02211479,0.0239473,0.02600045,0.02824224,0.03065318,0.0332355,0.03604177,0.03914365,0.0426228,0.04656633,0.05100273,0.05591959,0.06127829,0.06703445,0.07317133,0.07969728,0.08673072,0.09446605,0.10310063,0.11278886,0.12357595,0.13537726,0.14800057,0.16122183,0.17495973,0.18934899,0.2048066,0.22191101,0.2411487,0.26278679,0.28670035,0.31236961,0.338851,0.36508372,0.39051435,0.41503248,0.43899238,0.46303803,0.48775153,0.51342473,0.53977072
MDG,1988,0.10881755,0.02631319,0.02060036,0.01616696,0.01274745,0.01012812,0.00814093,0.00664935,0.00554771,0.00475368,0.00420631,0.00386127,0.00368225,0.00364589,0.00372843,0.00391096,0.00417045,0.00448062,0.00481744,0.00515397,0.00546938,0.00574285,0.00596232,0.00612381,0.00623635,0.00631951,0.00639395,0.00647967,0.00658641,0.0067162,0.00686483,0.00702222,0.00718188,0.0073405,0.00750189,0.00767709,0.00787732,0.00811381,0.00838878,0.00869202,0.009008,0.0093162,0.00959723,0.00984677,0.01007843,0.01032539,0.01062455,0.01101372,0.01151683,0.01213677,0.01285684,0.01363918,0.01444702,0.01526077,0.0160822,0.01694886,0.01791487,0.01904053,0.02037996,0.02196022,0.02378909,0.02583938,0.02807679,0.03048459,0.03306046,0.03585368,0.0389437,0.04241347,0.04634342,0.05077676,0.05570732,0.06107613,0.06682502,0.07295176,0.07948758,0.08653421,0.09426992,0.10289637,0.11258233,0.12335217,0.13513721,0.14773894,0.16094385,0.17469212,0.18909068,0.20456759,0.22170073,0.24099107,0.26272484,0.28668264,0.31231405,0.33876816,0.36501893,0.39042399,0.4148996,0.43891616,0.46312884,0.48806957,0.51408704,0.54097064
MDG,1989,0.10555275,0.02515089,0.01977618,0.0155866,0.01233849,0.0098367,0.007928,0.00648734,0.00541821,0.00464469,0.00411031,0.00377354,0.0035998,0.00356681,0.00365135,0.00383489,0.00409446,0.00440356,0.00473796,0.00507058,0.00538087,0.00564878,0.00586319,0.00602093,0.00613133,0.00621347,0.00628737,0.00637252,0.00647817,0.00660611,0.00675213,0.00690636,0.00706247,0.00721746,0.00737536,0.0075473,0.00774464,0.00797873,0.00825183,0.00855622,0.00887287,0.00917746,0.00945814,0.00970608,0.00993526,0.01017908,0.0104749,0.01086122,0.01136149,0.01197839,0.01269754,0.01347929,0.0142857,0.01509379,0.01590482,0.01675811,0.01770746,0.01881703,0.02014199,0.02170794,0.02352352,0.02556433,0.02779225,0.03018766,0.03275078,0.0355261,0.03858934,0.04203126,0.04593359,0.05033343,0.05524092,0.06060579,0.06634993,0.0724553,0.07896724,0.0860108,0.09374511,0.10235339,0.11200844,0.12275096,0.13449245,0.14705426,0.1602197,0.17394203,0.1883527,0.20384843,0.22100698,0.24031941,0.26208902,0.28611488,0.31175288,0.33813761,0.36436535,0.3898532,0.41441646,0.43853804,0.46294883,0.48814079,0.51439553,0.54154265
MDG,1990,0.10219081,0.02393332,0.01888859,0.01493866,0.0118624,0.00948202,0.00765767,0.00627484,0.00524526,0.00449863,0.00398255,0.00365814,0.00349254,0.00346468,0.00355223,0.00373719,0.00399686,0.00430467,0.00463631,0.00496467,0.00526954,0.00553152,0.0057403,0.00589363,0.00600102,0.00608138,0.006154,0.00623768,0.0063414,0.00646669,0.00660926,0.00675944,0.00691112,0.00706148,0.00721484,0.00738254,0.00757601,0.0078068,0.00807723,0.00837961,0.00869765,0.00900273,0.00927856,0.00952557,0.00975241,0.00999319,0.01028559,0.0106687,0.01116649,0.01178088,0.01249692,0.0132768,0.01408033,0.0148832,0.01568365,0.01652146,0.01745279,0.01854202,0.01984825,0.02139802,0.02319823,0.02522464,0.02744154,0.02982462,0.03237079,0.03512717,0.03816462,0.04157083,0.04543584,0.04979896,0.05466491,0.0600012,0.06573905,0.07183689,0.07832194,0.08533332,0.0930533,0.10164293,0.11125614,0.12194113,0.13362992,0.14612656,0.15923643,0.17290781,0.18728363,0.20278305,0.21994318,0.23925369,0.26100656,0.28502329,0.31068298,0.33702163,0.36312908,0.38855617,0.41316904,0.43734057,0.46180846,0.48713151,0.51354825,0.54081155
MDG,1991,0.09907792,0.02275244,0.01799696,0.0142658,0.01135241,0.00909159,0.00735388,0.006033,0.00504732,0.00433153,0.00383682,0.00352681,0.0033705,0.00334807,0.00343808,0.00362318,0.00388114,0.00418557,0.00451223,0.00483407,0.00513141,0.00538577,0.00558766,0.00573567,0.00583959,0.00591787,0.00598918,0.00607134,0.00617284,0.00629509,0.00643376,0.00657931,0.00672587,0.00687089,0.00701887,0.00718142,0.00737011,0.00759652,0.00786306,0.00816209,0.00847723,0.00878332,0.00905893,0.00929911,0.00952372,0.00976083,0.01004896,0.01042744,0.01092068,0.01153083,0.01224182,0.01301474,0.01381126,0.01460492,0.01539311,0.01621342,0.01712278,0.0181881,0.01946838,0.02099369,0.02277162,0.02477538,0.0269691,0.02933048,0.03185137,0.03457552,0.03757637,0.04093715,0.04474445,0.04904676,0.05385216,0.05912282,0.06481012,0.07088267,0.07734114,0.08430179,0.09196051,0.10050418,0.11006415,0.12067183,0.13226924,0.1446835,0.15769973,0.17128462,0.18557266,0.20099151,0.2181062,0.23736912,0.25907563,0.28304127,0.30867412,0.3350326,0.36109016,0.38638102,0.41090424,0.43508835,0.45956067,0.48489742,0.51142711,0.53886728
MDG,1992,0.09598824,0.02171959,0.01718872,0.01363077,0.01085102,0.00869288,0.00703353,0.00577215,0.00483125,0.00414863,0.0036779,0.00338457,0.00323915,0.00322298,0.0033157,0.0035007,0.00375634,0.00405662,0.00437753,0.00469232,0.00498169,0.00522815,0.00542307,0.00556567,0.00566583,0.00574174,0.00581132,0.00589168,0.00599072,0.00610958,0.00624403,0.00638467,0.00652578,0.00666505,0.00680722,0.00696401,0.00714724,0.00736862,0.00763055,0.00792545,0.00823691,0.00853959,0.00881611,0.00905552,0.00927184,0.00950603,0.0097898,0.01016336,0.01065127,0.01125587,0.01196105,0.01272624,0.0135119,0.01429372,0.01506726,0.01587016,0.01675765,0.01779759,0.0190513,0.02054828,0.02229941,0.02427784,0.02644466,0.02877697,0.03126846,0.03395783,0.03691528,0.04022741,0.04397659,0.04820858,0.05294142,0.05814106,0.06375356,0.0697675,0.07619338,0.08311683,0.09070865,0.09917218,0.1086674,0.11920409,0.13070813,0.14301673,0.15593648,0.16940754,0.1835814,0.19887707,0.21587427,0.23506522,0.25670883,0.2806267,0.30621673,0.33255771,0.35863424,0.3838478,0.40818296,0.4322169,0.45664115,0.48192877,0.50843205,0.53595409
MDG,1993,0.09285374,0.02090777,0.0164339,0.01294451,0.01024179,0.00816355,0.00658152,0.00539098,0.00451116,0.00387859,0.00344644,0.0031808,0.00305362,0.00304744,0.00314354,0.0033265,0.00357615,0.00386784,0.00417857,0.0044825,0.00476094,0.00499712,0.00518318,0.00531882,0.00541377,0.00548565,0.0055518,0.00562853,0.00572332,0.00583706,0.00596541,0.00609916,0.00623271,0.00636386,0.00649763,0.006646,0.00682101,0.00703468,0.00728959,0.00757821,0.00788406,0.00818161,0.00845314,0.00869225,0.00890602,0.00912922,0.00940804,0.00977516,0.01025603,0.01085287,0.01154934,0.01230396,0.01307486,0.01383632,0.01458642,0.01536195,0.01621884,0.01722403,0.01844004,0.0198984,0.02160918,0.02354815,0.02567559,0.02796431,0.03040664,0.03304262,0.03593681,0.03917308,0.04283754,0.04697287,0.05159546,0.05668297,0.06218717,0.06808986,0.07442219,0.08127744,0.08878913,0.09713318,0.1064876,0.1168951,0.12826111,0.14040963,0.15316073,0.16647582,0.18047323,0.19558791,0.21239114,0.23139158,0.25289338,0.27668121,0.30216495,0.32841445,0.35443725,0.3796419,0.40386766,0.42767379,0.45189946,0.47707906,0.50345767,0.53087565
MDG,1994,0.089937,0.01996747,0.01573675,0.0124338,0.00986812,0.00788841,0.00637615,0.0052341,0.00438683,0.00377514,0.00335589,0.00309789,0.00297512,0.002971,0.00306703,0.00324845,0.00349558,0.00378411,0.00409115,0.00439082,0.00466451,0.00489596,0.00507766,0.00520987,0.00530235,0.00537231,0.00543676,0.00551168,0.00560433,0.00571552,0.00584082,0.00597106,0.00610085,0.0062281,0.00635797,0.00650261,0.00667424,0.00688502,0.00713767,0.00742472,0.0077295,0.00802623,0.008297,0.00853517,0.0087532,0.00897776,0.00924863,0.00961509,0.01009374,0.01068765,0.01138034,0.01212998,0.01289436,0.01364632,0.01438365,0.01514671,0.01599045,0.01698216,0.01818259,0.01962356,0.02131659,0.02323576,0.02534434,0.02761464,0.0300355,0.03264711,0.03551678,0.03872427,0.04235367,0.04645245,0.05103362,0.05607158,0.06152922,0.06739187,0.07368173,0.08051391,0.08803031,0.09636861,0.1056815,0.11603659,0.12737566,0.13949837,0.15220594,0.16546839,0.17942587,0.19447729,0.21121724,0.23015477,0.25162135,0.27544803,0.3009914,0.32731589,0.35340085,0.37867081,0.40297782,0.4267506,0.45084404,0.47597055,0.50244744,0.52999873
MDG,1995,0.08697463,0.01881164,0.01493868,0.01188343,0.00948771,0.00762169,0.00618293,0.0050867,0.00426799,0.00367435,0.00326673,0.00301616,0.0028976,0.00289562,0.00299281,0.00317479,0.00342205,0.00371017,0.00401625,0.00431441,0.00458591,0.00481464,0.00499356,0.00512318,0.00521353,0.00528167,0.00534428,0.00541715,0.00550743,0.00561584,0.00573802,0.00586482,0.00599097,0.00611462,0.00624103,0.00638242,0.00655114,0.0067595,0.00701023,0.00729597,0.00759996,0.00789613,0.00816635,0.00840385,0.00862104,0.008851,0.00912347,0.00948066,0.00995861,0.01054969,0.01123836,0.01198254,0.01273995,0.01348343,0.01420982,0.0149597,0.01579182,0.01677233,0.01796183,0.01938975,0.02106753,0.02297043,0.02506003,0.02731206,0.02971515,0.03230618,0.03515296,0.03833875,0.04194331,0.04601236,0.05056421,0.05556931,0.06098676,0.06681334,0.07307421,0.07987364,0.08737808,0.09573396,0.10504994,0.1153676,0.12665812,0.13876275,0.15145766,0.16469153,0.17861351,0.1936444,0.2103323,0.22920966,0.2506029,0.27437004,0.299916,0.32624477,0.35233999,0.37760892,0.40193374,0.425763,0.44981367,0.47480918,0.50123385,0.52885689
MDG,1996,0.08387475,0.01774808,0.01417636,0.01134119,0.00910263,0.00734593,0.0059808,0.00493274,0.00414497,0.00357075,0.00317512,0.00293175,0.00281726,0.00281721,0.00291485,0.00309629,0.00334235,0.00362869,0.00393226,0.00422712,0.00449479,0.00471938,0.00489426,0.00502057,0.00510838,0.00517467,0.00523572,0.00530677,0.0053948,0.0055005,0.00561949,0.00574279,0.00586516,0.00598489,0.00610752,0.00624534,0.00641075,0.0066162,0.00686451,0.00714831,0.00745089,0.00774601,0.00801518,0.00825138,0.00846707,0.00869537,0.00897389,0.00933287,0.00980007,0.0103903,0.01107553,0.01181447,0.0125644,0.01329807,0.01401256,0.01474781,0.0155629,0.01652825,0.01770327,0.01911741,0.02077958,0.02266494,0.02473648,0.02696768,0.02935022,0.0319192,0.03473722,0.03788697,0.04145197,0.04547615,0.0499804,0.05494823,0.06033962,0.066146,0.07239814,0.07918382,0.08663549,0.09491067,0.10412553,0.1143056,0.12545146,0.13753348,0.15045737,0.16413866,0.17860584,0.19400498,0.21056132,0.22844728,0.24781254,0.26872965,0.29112955,0.31492184,0.33994856,0.36606946,0.39323687,0.42115176,0.44936761,0.47742654,0.5049103,0.53179221
MDG,1997,0.08058513,0.01679326,0.01344671,0.01078679,0.00867965,0.00701951,0.00572422,0.00472575,0.00397248,0.00342164,0.00304171,0.00280877,0.00270129,0.00270586,0.00280598,0.00298818,0.00323313,0.00351594,0.00381306,0.00409824,0.00435407,0.00456681,0.0047315,0.00485085,0.00493532,0.00500114,0.00506335,0.00513559,0.0052238,0.00532817,0.0054444,0.00556386,0.00568177,0.00579674,0.00591447,0.00604738,0.00620777,0.00640785,0.0066504,0.00692809,0.00722422,0.00751277,0.00777539,0.00800501,0.00821415,0.0084362,0.00870899,0.00907182,0.00954059,0.01011939,0.01080265,0.01153638,0.01227773,0.01299872,0.01369634,0.01441155,0.0152034,0.01614314,0.01729494,0.01868765,0.02033037,0.02219482,0.02424233,0.02644618,0.02879444,0.0313247,0.03409833,0.03719407,0.04069564,0.04465192,0.04908162,0.05396807,0.05927993,0.06500535,0.07116863,0.07786804,0.08523613,0.09341447,0.10254704,0.11267779,0.12376685,0.13575567,0.14858319,0.16221753,0.17666229,0.19203628,0.20856793,0.22645416,0.24577676,0.26662133,0.28890463,0.31258424,0.3376182,0.36379535,0.39108912,0.41917213,0.44761015,0.47593744,0.50357841,0.53049584
MDG,1998,0.07732837,0.01561396,0.01260188,0.01018223,0.0082456,0.00670324,0.00548631,0.004538,0.0038166,0.00328613,0.00291951,0.00269534,0.00259335,0.00260135,0.00270377,0.00288738,0.0031326,0.00341387,0.00370713,0.00398587,0.00423323,0.00443698,0.00459389,0.00470776,0.00478923,0.00485416,0.00491656,0.00498897,0.00507654,0.005179,0.0052921,0.00540765,0.00552121,0.00563179,0.00574516,0.00587369,0.00602966,0.00622512,0.00646272,0.00673518,0.00702592,0.00730902,0.00756631,0.00779079,0.00799487,0.00821185,0.00847962,0.0088375,0.0093096,0.00988846,0.01055869,0.01128779,0.01202058,0.01272962,0.01341181,0.01410884,0.01488073,0.01579845,0.01692654,0.0182976,0.01991978,0.02176436,0.02378916,0.02596595,0.02828289,0.03077477,0.03350552,0.03655329,0.03999849,0.04389115,0.04825505,0.05307175,0.05831,0.06396391,0.07005292,0.07666747,0.08394882,0.09203971,0.10106967,0.11111082,0.12214044,0.13406235,0.14679256,0.16032965,0.17472289,0.19006489,0.20655388,0.22438577,0.24366699,0.26440552,0.28654326,0.3100366,0.33490857,0.36105762,0.38836694,0.41650527,0.44498897,0.47335494,0.5010273,0.52784761
MDG,1999,0.07429581,0.01456033,0.01189355,0.0097263,0.00796442,0.00653568,0.00538674,0.00447465,0.00376963,0.00324388,0.00287694,0.0026512,0.00254824,0.0025568,0.00266108,0.00284767,0.00309601,0.00337893,0.00367143,0.00394628,0.00418725,0.00438354,0.00453375,0.00464365,0.0047241,0.00479047,0.00485574,0.00493098,0.00502055,0.00512364,0.00523604,0.00535001,0.00546161,0.00557025,0.0056819,0.00580882,0.00596305,0.00615641,0.00639137,0.00666057,0.00694752,0.00722656,0.00747969,0.00770021,0.00790065,0.00811423,0.00837875,0.00873362,0.00920301,0.00978771,0.01046118,0.01118072,0.011912,0.01261624,0.0132912,0.01397902,0.0147404,0.01564711,0.01676343,0.01812205,0.01973457,0.02157111,0.0235888,0.02575613,0.02805989,0.03053478,0.03324191,0.03626184,0.03967492,0.04352938,0.04785044,0.05262451,0.05781911,0.06342655,0.06947076,0.07603662,0.08325681,0.09128354,0.10024925,0.11021539,0.12118852,0.13309017,0.14580302,0.15930049,0.17365485,0.18900436,0.2055306,0.22340113,0.2427203,0.26352494,0.2856618,0.309115,0.33390135,0.3599806,0.38733205,0.41553773,0.4441274,0.4726192,0.50045811,0.52748729
MDG,2000,0.07145296,0.01386636,0.01133965,0.00929401,0.00762938,0.00627573,0.00518379,0.00431452,0.00364042,0.00313594,0.00278352,0.00256745,0.00247099,0.00248343,0.00258912,0.00277513,0.00302119,0.00330009,0.00358716,0.00385547,0.00408917,0.00427833,0.00442231,0.00452793,0.00460658,0.00467283,0.00473878,0.00481458,0.00490395,0.00500578,0.00511588,0.00522674,0.00533469,0.00543946,0.00554721,0.00567024,0.00582054,0.00600987,0.00624069,0.00650572,0.00678854,0.00706357,0.00731282,0.00752948,0.00772609,0.00793579,0.00819624,0.00854684,0.00901188,0.00959225,0.01026913,0.01098834,0.01170549,0.01240152,0.01306307,0.01373377,0.01447522,0.01536037,0.01645491,0.01779151,0.01938173,0.02119832,0.02319648,0.02534368,0.02762266,0.03006547,0.03273233,0.03570113,0.03905534,0.04284494,0.04709444,0.05179279,0.05691327,0.06244621,0.06841304,0.07490079,0.0820344,0.0899576,0.09881081,0.10865967,0.11950422,0.13129331,0.14392734,0.15735265,0.17162078,0.18688913,0.20338512,0.2212652,0.24060076,0.26142132,0.28360468,0.30702694,0.33174532,0.357723,0.38500322,0.41325462,0.44193259,0.47057269,0.49861146,0.52590722
MDG,2001,0.06833669,0.01270553,0.01053063,0.00873693,0.00725172,0.00602074,0.00500631,0.00418063,0.00352898,0.00303508,0.00268726,0.00247303,0.0023767,0.00238891,0.00249496,0.00268213,0.00292962,0.00320919,0.00349477,0.00375846,0.00398515,0.00416649,0.00430346,0.00440396,0.0044795,0.0045445,0.00461007,0.00468539,0.00477362,0.00487332,0.0049804,0.00508769,0.00519185,0.00529292,0.00539719,0.00551692,0.005664,0.00584999,0.00607727,0.00633853,0.00661737,0.00688825,0.00713325,0.00734561,0.00753789,0.00774333,0.00799965,0.00834618,0.00880727,0.00938393,0.01005717,0.01078004,0.01149657,0.01217888,0.01283322,0.01349327,0.01422216,0.01509347,0.01617317,0.01749422,0.01906787,0.02086686,0.02284941,0.02498076,0.02724228,0.02966375,0.03230541,0.0352469,0.0385699,0.04232618,0.04654093,0.05120196,0.05628423,0.0617822,0.06771565,0.0741689,0.08126875,0.0891533,0.09795648,0.10775355,0.11854913,0.13028499,0.14288418,0.1563042,0.17057156,0.18582464,0.20230857,0.22023361,0.23965786,0.26056249,0.28281034,0.3063087,0.33099643,0.35689845,0.38407024,0.41224364,0.44094255,0.46962937,0.49775407,0.52516154
MDG,2002,0.06579546,0.01180388,0.00992791,0.00835598,0.00702713,0.00589954,0.00494739,0.00415392,0.00351521,0.00302335,0.00267293,0.00245508,0.00235586,0.00236661,0.00247259,0.00266111,0.00291099,0.00319314,0.00348089,0.00374563,0.00397212,0.00415229,0.00428764,0.00438672,0.0044613,0.00452593,0.00459154,0.00466674,0.00475449,0.00485321,0.00495887,0.00506454,0.00516707,0.00526671,0.00536981,0.00548867,0.00563515,0.00582074,0.00604778,0.006309,0.00658799,0.0068592,0.00710461,0.00731741,0.00751011,0.00771582,0.00797231,0.00831891,0.00877983,0.00935605,0.01002873,0.01075087,0.01147377,0.01215715,0.01280028,0.01345758,0.01418136,0.01504672,0.01612012,0.01743494,0.01900272,0.02079535,0.02277086,0.02489749,0.02715501,0.02957215,0.03220636,0.0351372,0.03844811,0.04219056,0.04639263,0.05104227,0.05611265,0.06159892,0.06752342,0.07396696,0.08105384,0.08892586,0.09771296,0.10748691,0.11826385,0.12998808,0.14257347,0.15599695,0.17029394,0.18557823,0.20207551,0.22001794,0.23953088,0.26056466,0.28290791,0.30645044,0.33116982,0.3569766,0.38401546,0.41204186,0.44064016,0.46932926,0.49748662,0.52496754
MDG,2003,0.06318939,0.01100842,0.00932109,0.00789304,0.00667366,0.00562818,0.00473625,0.00398553,0.00337661,0.00290539,0.00256879,0.00235946,0.00226464,0.00227667,0.0023816,0.0025675,0.00281393,0.00309237,0.00337594,0.00363585,0.00385708,0.00403214,0.00416299,0.00425844,0.00433,0.00439188,0.0044549,0.00452747,0.00461226,0.00470772,0.00480981,0.0049116,0.00501004,0.00510542,0.00520424,0.00531894,0.00546153,0.00564367,0.00586782,0.00612675,0.00640399,0.00667378,0.00691783,0.00712896,0.00731953,0.00752271,0.00777632,0.00811994,0.00857799,0.0091513,0.00982073,0.01053885,0.01125626,0.01194016,0.0125758,0.01321084,0.01392018,0.01476809,0.01582288,0.01711842,0.01866683,0.02044022,0.02239544,0.02449943,0.02673433,0.02912705,0.03173437,0.03463386,0.03790884,0.04161214,0.04577175,0.05037951,0.05540978,0.06085629,0.06674241,0.07315149,0.08020276,0.08803447,0.09678027,0.10650725,0.11722843,0.12890204,0.14144639,0.15482882,0.16910729,0.18441269,0.20094546,0.21890523,0.23844072,0.25959216,0.28210173,0.30576817,0.33056031,0.35644674,0.38346714,0.41148113,0.44009694,0.46887785,0.49725014,0.52498549
MDG,2004,0.06080742,0.01052147,0.00886857,0.00748138,0.0063047,0.00530362,0.00445713,0.00375148,0.00318302,0.00274494,0.00243318,0.00224039,0.00215554,0.0021716,0.00227542,0.00245663,0.00269595,0.00296694,0.00324371,0.00349799,0.003715,0.00388627,0.00401378,0.00410559,0.00417346,0.00423076,0.0042888,0.00435648,0.00443611,0.00452702,0.00462407,0.00472078,0.00481413,0.00490365,0.00499688,0.00510541,0.00524197,0.00541922,0.00563877,0.00589506,0.00617027,0.00643847,0.00668227,0.00689187,0.00708157,0.00728264,0.00753274,0.00787418,0.00832827,0.00889958,0.00956594,0.01027768,0.01098891,0.01166008,0.0122901,0.01290811,0.01358132,0.01440621,0.01543241,0.01670132,0.01822342,0.01996746,0.02189592,0.02396782,0.026168,0.02852535,0.031089,0.03394161,0.03716013,0.04080115,0.04489781,0.04943749,0.0544056,0.05979432,0.06562413,0.07198158,0.07898,0.08675494,0.09543544,0.10509214,0.11574379,0.12733509,0.13980779,0.15313853,0.16735743,0.18265467,0.19922932,0.21723279,0.23679349,0.25792678,0.2805327,0.30428073,0.32899295,0.35474547,0.38161131,0.40944717,0.43796573,0.46668561,0.4950864,0.5228966
MDG,2005,0.05844834,0.00977631,0.00833913,0.00711186,0.00605208,0.00513246,0.00433824,0.00366249,0.00310994,0.00268002,0.00237271,0.00218265,0.00209937,0.0021167,0.00222225,0.00240572,0.00264737,0.00291992,0.00319688,0.00344926,0.00366259,0.0038294,0.00395266,0.00404152,0.00410795,0.00416513,0.00422372,0.00429181,0.00437134,0.0044614,0.00455681,0.00465134,0.00474231,0.00482948,0.00492052,0.00502704,0.00516161,0.00533679,0.00555417,0.00580813,0.00608093,0.00634663,0.00658789,0.00679502,0.00698235,0.0071811,0.00742891,0.00776814,0.00822005,0.00878938,0.00945391,0.01016341,0.01087151,0.01153846,0.01216301,0.01278503,0.01345546,0.01426216,0.01528185,0.01654207,0.01805486,0.01978898,0.02170702,0.02376809,0.02595541,0.02829724,0.03084661,0.03368391,0.03688537,0.04050463,0.04457502,0.04908634,0.0540229,0.05938147,0.06518326,0.07151128,0.07847932,0.08622794,0.09487954,0.10450063,0.115118,0.12667078,0.13909492,0.15238448,0.16657314,0.18183325,0.1984054,0.21648901,0.23616035,0.25734852,0.27999234,0.30390225,0.3287883,0.35461069,0.3814742,0.40932803,0.43779228,0.46646924,0.49482796,0.5226116
MDG,2006,0.05628907,0.00927761,0.0078741,0.00667786,0.00565261,0.00477224,0.0040209,0.00338942,0.00287867,0.00248518,0.00220668,0.00203712,0.00196662,0.00198981,0.00209582,0.00227546,0.00251039,0.00277485,0.00304355,0.00328846,0.00349509,0.003656,0.00377423,0.0038587,0.00392129,0.00397483,0.0040297,0.0040938,0.00416892,0.00425425,0.00434464,0.0044337,0.00451869,0.00459948,0.00468384,0.00478358,0.0049115,0.00508035,0.00529197,0.00554102,0.00580975,0.00607204,0.00631005,0.00651356,0.00669673,0.00689068,0.0071331,0.00746662,0.00791275,0.00847631,0.00913498,0.0098376,0.01053617,0.01118942,0.01179574,0.01239547,0.01305084,0.01383428,0.01481459,0.01604776,0.01753132,0.01923514,0.02112111,0.02314718,0.02529549,0.02759178,0.03008808,0.03286888,0.03600846,0.03956076,0.0435575,0.04799056,0.05284802,0.05812572,0.06384955,0.07010138,0.07698918,0.08465219,0.09321671,0.10274342,0.11325736,0.12470951,0.13703263,0.15021565,0.16430961,0.17948841,0.19597294,0.214015,0.23375574,0.25505563,0.27774381,0.3016858,0.32675118,0.35277619,0.37976371,0.40772514,0.43638161,0.46524082,0.49383512,0.52186343
MDG,2007,0.05423515,0.00870181,0.00743174,0.00634259,0.0054005,0.00458312,0.00387823,0.00327992,0.00279196,0.00241352,0.00214449,0.00198038,0.00191252,0.00193614,0.00204083,0.00221804,0.00245012,0.00271182,0.00297823,0.00322157,0.00342714,0.00358692,0.00370371,0.00378647,0.00384695,0.00389809,0.00395027,0.0040115,0.00408368,0.00416598,0.00425338,0.00433953,0.00442153,0.00449921,0.00458046,0.00467714,0.00480222,0.00496859,0.0051782,0.00542589,0.00569399,0.00595622,0.00619447,0.00639811,0.00658098,0.00677422,0.00701544,0.00734726,0.00779128,0.00835241,0.00900818,0.00970724,0.01040119,0.0110479,0.01164557,0.01223497,0.0128787,0.01366055,0.01463085,0.01583626,0.01730606,0.01899234,0.02085863,0.02286279,0.02498713,0.02725777,0.02972538,0.03247453,0.03558436,0.03910651,0.04307227,0.04747044,0.0522896,0.05752814,0.06320984,0.06942144,0.07627061,0.08389166,0.0924125,0.10190096,0.11237513,0.12378294,0.13606626,0.14920583,0.1632445,0.178374,0.19481925,0.21281079,0.23255917,0.25399787,0.2768407,0.30081224,0.32585734,0.35198407,0.3790537,0.40700128,0.43562683,0.46452832,0.49314167,0.52121127
MDG,2008,0.05237872,0.00809295,0.0069922,0.00603423,0.00519032,0.00444267,0.00378362,0.00321238,0.00273866,0.00236652,0.00209973,0.00193607,0.00186796,0.00189134,0.00199606,0.00217369,0.00240638,0.00266821,0.00293329,0.0031733,0.00337418,0.00352899,0.00364129,0.00372096,0.00378002,0.00383107,0.00388392,0.00394579,0.00401814,0.00409985,0.00418586,0.00427015,0.00435017,0.00442585,0.00450513,0.00459992,0.00472305,0.00488731,0.00509458,0.00533962,0.00560484,0.00586416,0.00609956,0.0063005,0.00648076,0.00667132,0.00690992,0.00723906,0.00768025,0.00823846,0.00889124,0.0095869,0.01027689,0.01091876,0.01151014,0.01209185,0.01272705,0.01349989,0.014474,0.0156766,0.01712385,0.0188025,0.02065731,0.02264753,0.02475528,0.02700677,0.02945293,0.03217662,0.03525665,0.03875001,0.0426862,0.04705437,0.05183988,0.05704094,0.06268332,0.06884995,0.07565339,0.08322745,0.09169414,0.10112307,0.11154118,0.12289125,0.13511297,0.14819688,0.16217572,0.17722496,0.1935852,0.21149468,0.23113904,0.25255033,0.27553657,0.29966885,0.32473138,0.35083576,0.37802116,0.40607163,0.43470321,0.463563,0.49215175,0.52009653
MDG,2009,0.0505819,0.00773643,0.00665145,0.00571294,0.00489288,0.00417337,0.00354574,0.00300733,0.00256479,0.00221995,0.00197481,0.00182657,0.00176803,0.00179578,0.00190086,0.00207568,0.00230342,0.00255944,0.00281895,0.00305412,0.0032509,0.00340231,0.00351159,0.00358817,0.00364421,0.00369223,0.00374181,0.00380022,0.00386879,0.00394639,0.00402803,0.00410763,0.00418285,0.00425368,0.00432784,0.00441733,0.00453518,0.00469438,0.00489704,0.00513813,0.0054001,0.00565675,0.00588978,0.00608823,0.00626564,0.00645275,0.0066872,0.00701185,0.00744833,0.0080017,0.00864943,0.00933925,0.01002142,0.01065257,0.01122988,0.01179406,0.01240895,0.0131601,0.01411193,0.01530561,0.0167365,0.0183776,0.02021074,0.02217332,0.0242484,0.02646164,0.02886405,0.0315392,0.03456489,0.03799888,0.04187714,0.04618779,0.05091681,0.05605904,0.06163965,0.06774219,0.07447444,0.08197499,0.09036584,0.0997126,0.11004563,0.12131836,0.13346504,0.14647299,0.16038451,0.17536281,0.19163105,0.20944934,0.22901876,0.25034722,0.27336266,0.29773014,0.32303345,0.3492219,0.37646516,0.40473096,0.43360418,0.46266828,0.49147524,0.51970636
MDG,2010,0.04901808,0.00718525,0.00629141,0.00550031,0.00478801,0.00414094,0.00355564,0.00303605,0.00259701,0.00224716,0.00199422,0.00183865,0.0017746,0.00179913,0.00190297,0.00207856,0.00230864,0.00256758,0.00282952,0.00306559,0.00326146,0.00341109,0.00351893,0.00359501,0.00365096,0.00369938,0.00374976,0.00380892,0.0038782,0.00395635,0.00403833,0.00411809,0.00419322,0.00426404,0.00433856,0.00442862,0.00454716,0.00470716,0.00491067,0.00515266,0.00541555,0.00567303,0.00590682,0.00610603,0.00628419,0.00647215,0.00670747,0.00703293,0.00747037,0.00802477,0.00867343,0.00936412,0.01004723,0.01067927,0.0112577,0.01182337,0.01243975,0.01319234,0.01414595,0.01534172,0.01678999,0.01844004,0.02025841,0.02222484,0.02429972,0.02651162,0.02891246,0.03158684,0.03461345,0.03804848,0.04192759,0.04624433,0.05098166,0.05613312,0.06171885,0.0678222,0.07455431,0.08205173,0.09044484,0.09980009,0.11014226,0.12142601,0.13359249,0.14661859,0.16054017,0.17552963,0.19179779,0.20958508,0.22912336,0.25044339,0.27343727,0.29790292,0.3234942,0.34991209,0.37717685,0.40541541,0.43439169,0.4635596,0.4924053,0.52063614
MDG,2011,0.0475727,0.00685195,0.00596437,0.00518378,0.00448875,0.00386584,0.00331002,0.00282288,0.00241569,0.00209438,0.00186434,0.00172511,0.00167111,0.0016999,0.00180341,0.00197499,0.00219876,0.00245066,0.00270571,0.00293607,0.00312739,0.00327287,0.00337704,0.0034499,0.00350284,0.00354782,0.00359433,0.00364945,0.0037145,0.00378843,0.00386614,0.00394148,0.00401194,0.00407765,0.00414678,0.00423138,0.00434429,0.00449868,0.00469691,0.00493421,0.00519323,0.0054476,0.00567862,0.00587499,0.00604992,0.00623401,0.0064648,0.00678494,0.00721633,0.00776439,0.00840636,0.00908929,0.00976272,0.01038217,0.01094436,0.01149058,0.01208491,0.01281328,0.01374104,0.01491025,0.01633157,0.01797083,0.01976635,0.02168039,0.02372001,0.0258865,0.02823415,0.03084824,0.03380859,0.03717301,0.04097663,0.04521432,0.04987673,0.05495468,0.06046706,0.06649018,0.07313287,0.08053325,0.08881732,0.09806106,0.10829133,0.11945892,0.13150939,0.14442915,0.15824347,0.17311663,0.18926939,0.20692682,0.22629582,0.24745479,0.2703303,0.29468015,0.32031183,0.34697668,0.37441769,0.40263156,0.43154674,0.46078651,0.48971599,0.51798126
MDG,2012,0.04631475,0.0063714,0.00565496,0.00500928,0.00441389,0.00385804,0.00334067,0.00286891,0.00246196,0.00213277,0.00189276,0.00174482,0.00168471,0.00171088,0.00181503,0.00199013,0.00221931,0.0024772,0.00273863,0.00297467,0.00317019,0.00331796,0.00342175,0.00349348,0.00354642,0.00359249,0.00364041,0.00369682,0.00376278,0.00383684,0.00391421,0.00398902,0.00405911,0.00412477,0.00419402,0.00427902,0.00439268,0.0045478,0.00474663,0.00498439,0.00524364,0.00549817,0.00572936,0.00592592,0.00610116,0.00628575,0.00651717,0.00683812,0.00727019,0.00781864,0.00846112,0.00914483,0.00981938,0.01044065,0.01100552,0.01155485,0.01215271,0.01288479,0.01381592,0.01498821,0.01641277,0.01805566,0.01987485,0.02180245,0.02382691,0.02600209,0.02835439,0.03097219,0.03393591,0.03730418,0.04111286,0.04535478,0.05002004,0.05510705,0.06063164,0.06666887,0.07332069,0.08072386,0.08900826,0.09824691,0.10847708,0.11965076,0.13170623,0.14463058,0.15845703,0.17333609,0.18947763,0.20711959,0.2264509,0.24752048,0.27031828,0.29464425,0.32025402,0.34705368,0.37481647,0.40325467,0.43218867,0.46140592,0.49044356,0.51882546
MDG,2013,0.04505207,0.00610573,0.0054051,0.00477812,0.00420502,0.00367414,0.00318292,0.00273672,0.00235263,0.00204256,0.00181716,0.0016792,0.00162477,0.00165263,0.00175537,0.00192663,0.00215065,0.00240338,0.00266057,0.00289404,0.00308807,0.00323517,0.0033385,0.00340859,0.00345894,0.00350182,0.00354619,0.00359873,0.00366087,0.0037316,0.00380591,0.00387787,0.00394508,0.00400767,0.00407361,0.00415499,0.00426506,0.00441701,0.0046131,0.00484882,0.005107,0.00536125,0.00559272,0.00578956,0.00596455,0.00614816,0.00637791,0.00669655,0.0071259,0.00767113,0.00830974,0.00898897,0.00965776,0.01027112,0.01082571,0.01136263,0.01194615,0.01266278,0.01357772,0.01473277,0.01613915,0.01776328,0.01956283,0.02148984,0.02349605,0.0256172,0.02793852,0.03051596,0.03343439,0.03675403,0.0405126,0.0447048,0.0493193,0.05435438,0.05983377,0.06582736,0.07243459,0.07978387,0.08800436,0.09717454,0.10732988,0.1184365,0.13043501,0.14330494,0.15708066,0.17192032,0.18801697,0.2055955,0.22486181,0.24584468,0.26850182,0.29271984,0.31829979,0.3450824,0.37299813,0.40176645,0.43093501,0.4602038,0.48927043,0.51783523
MDG,2014,0.04389171,0.00577146,0.00514657,0.00457921,0.00405211,0.00355567,0.00308908,0.00265982,0.00228727,0.00198482,0.00176444,0.00162971,0.00157723,0.00160683,0.0017118,0.00188575,0.0021125,0.00236713,0.00262571,0.0028601,0.00305407,0.00319948,0.00329974,0.00336698,0.00341563,0.00345827,0.00350343,0.00355695,0.00361921,0.00368879,0.0037611,0.00383044,0.00389492,0.00395489,0.00401837,0.00409734,0.00420478,0.00435387,0.00454702,0.00477943,0.00503394,0.00528438,0.00551189,0.00570492,0.00587631,0.00605637,0.00628256,0.0065977,0.00702355,0.00756556,0.00820109,0.00887707,0.00954247,0.0101517,0.01070075,0.01123076,0.01180629,0.01251397,0.01341962,0.01456559,0.01596295,0.01757807,0.01936903,0.02128738,0.02330878,0.02543045,0.02771427,0.03027835,0.03317499,0.0364681,0.04019633,0.04435572,0.04893665,0.05393575,0.05937652,0.06533861,0.07191792,0.07924138,0.08742915,0.09655739,0.1066645,0.11770998,0.1296446,0.14244788,0.15614521,0.17089795,0.18691738,0.20442234,0.22361301,0.2445482,0.26716206,0.29129468,0.31683409,0.34364889,0.37158553,0.40051367,0.43000577,0.45953032,0.48870104,0.51735436
MDG,2015,0.04282814,0.00540005,0.00489885,0.00443497,0.0039878,0.00354721,0.0031137,0.00269815,0.00232616,0.00201718,0.00178829,0.00164605,0.00158827,0.00161458,0.00171748,0.00189079,0.00211806,0.0023736,0.00263137,0.00286175,0.00305007,0.00319027,0.00328745,0.00335414,0.0034033,0.00344685,0.0034935,0.00354882,0.00361303,0.00368429,0.0037579,0.00382839,0.00389382,0.00395487,0.00401964,0.00410015,0.00420925,0.00435986,0.0045544,0.00478816,0.00504375,0.00529496,0.00552317,0.00571681,0.00588886,0.00606975,0.00629691,0.00661321,0.00704065,0.0075846,0.00822244,0.00890067,0.00956802,0.01017935,0.01073076,0.01126334,0.01184184,0.01255314,0.01346294,0.01461379,0.01601676,0.01763752,0.01943399,0.02135837,0.02338666,0.02554031,0.02784361,0.03039377,0.03330461,0.03660753,0.04034454,0.04451196,0.04910073,0.05410833,0.05955598,0.06552336,0.07211696,0.07946095,0.08767472,0.09682567,0.10695054,0.11801225,0.12995586,0.14277094,0.15648214,0.17124091,0.18725887,0.20477161,0.22396783,0.24489428,0.26751772,0.29165108,0.31714186,0.34395933,0.37197409,0.40097249,0.43066848,0.46055932,0.49005287,0.51887972
MDG,2016,0.04169024,0.00526279,0.00470283,0.00419395,0.00372023,0.00327241,0.00284945,0.00245841,0.00211789,0.0018412,0.00164015,0.0015186,0.00147395,0.00150617,0.0016092,0.00177782,0.00199716,0.00224347,0.00249201,0.00271434,0.00289599,0.00303108,0.00312453,0.00318781,0.00323378,0.00327398,0.00331651,0.00336752,0.00342755,0.0034948,0.00356421,0.00363018,0.00369082,0.00374659,0.00380571,0.00388018,0.00398295,0.00412705,0.00431506,0.00454275,0.00479313,0.00503979,0.00526378,0.00545318,0.00562053,0.0057961,0.00601716,0.00632648,0.00674627,0.00728234,0.00791211,0.0085817,0.0092385,0.00983584,0.01036952,0.0108807,0.01143454,0.0121189,0.01300025,0.01412146,0.01549425,0.01708426,0.01884804,0.02073632,0.02272414,0.02483163,0.02710608,0.02960416,0.03241989,0.03564988,0.03930241,0.04337933,0.04787372,0.05278477,0.05813498,0.06400075,0.07048692,0.07772668,0.08583335,0.09487181,0.10486979,0.11579064,0.12758589,0.14024181,0.15379539,0.1683986,0.18425398,0.20160087,0.22065297,0.2414466,0.26393549,0.28797083,0.31336577,0.34004781,0.3679899,0.39697815,0.42662489,0.45655622,0.48622223,0.51518542
MDG,2017,0.04061076,0.00494815,0.0044857,0.00405875,0.00364917,0.00324739,0.00285319,0.00247588,0.00213851,0.0018588,0.00165265,0.00152632,0.00147815,0.00150842,0.00161081,0.00178016,0.00200126,0.00224966,0.00250008,0.00272332,0.00290476,0.00303878,0.0031311,0.00319394,0.0032398,0.00328058,0.00332406,0.00337556,0.00343588,0.0035033,0.00357282,0.00363867,0.00369911,0.0037549,0.00381414,0.00388894,0.00399212,0.00413668,0.00432507,0.00455292,0.00480339,0.00505032,0.00527454,0.00546416,0.00563182,0.00580769,0.00602912,0.00633884,0.00675888,0.00729508,0.00792497,0.00859464,0.00925167,0.0098492,0.01038302,0.0108947,0.01144924,0.0121342,0.01301603,0.01413768,0.0155106,0.01710083,0.01886513,0.02075361,0.02274127,0.02484894,0.02712397,0.02964907,0.03247591,0.03567872,0.03933441,0.04340798,0.04789649,0.05279995,0.05814194,0.06399985,0.07047554,0.07770146,0.08580297,0.09484069,0.10484068,0.11575671,0.12753958,0.14018043,0.1537094,0.16828763,0.18411488,0.2014165,0.22040666,0.24115285,0.2635948,0.28757139,0.31294638,0.33960887,0.36749056,0.39647206,0.42615993,0.45609332,0.48585935,0.51508886
MDG,2018,0.03951537,0.00460048,0.00423431,0.00388682,0.00354064,0.00318612,0.00282324,0.00246308,0.00213245,0.00185312,0.00164462,0.00151542,0.0014649,0.00149362,0.00159524,0.00176474,0.00198677,0.00223638,0.00248738,0.00270997,0.00288965,0.00302132,0.00311149,0.00317307,0.00321858,0.00325937,0.00330326,0.00335519,0.00341533,0.0034823,0.00355134,0.00361677,0.00367662,0.00373176,0.00379057,0.00386498,0.00396793,0.00411227,0.00430046,0.00452806,0.00477811,0.00502461,0.00524861,0.00543793,0.00560517,0.00578061,0.00600159,0.00631098,0.00673082,0.00726672,0.00789621,0.0085655,0.00922204,0.00981899,0.01035168,0.01086161,0.0114144,0.01209764,0.01297762,0.01409736,0.01546848,0.01705663,0.0188189,0.02070536,0.0226902,0.02479423,0.02706567,0.02958749,0.03243865,0.03564912,0.03927206,0.04334483,0.0478258,0.05271902,0.0580487,0.06389358,0.07035726,0.07756963,0.08565559,0.09468823,0.10468821,0.11560696,0.12738477,0.1400116,0.15352222,0.16806971,0.18386458,0.20113258,0.22007436,0.24076232,0.26317437,0.28712833,0.31246959,0.33913633,0.36701909,0.39596122,0.42566513,0.45566947,0.48547828,0.51485971
MDG,2019,0.03845997,0.00441465,0.00401401,0.00364338,0.00328679,0.00293508,0.00258727,0.00225161,0.00194968,0.00169852,0.00151373,0.0014019,0.00136221,0.00139592,0.00149802,0.00166417,0.00188023,0.00212277,0.00236742,0.00258555,0.00276234,0.00289177,0.00297917,0.00303738,0.00307972,0.00311739,0.0031576,0.00320569,0.00326177,0.00332399,0.00338812,0.00344874,0.00350388,0.00355398,0.00360728,0.00367592,0.00377267,0.00391063,0.00409245,0.00431407,0.00455878,0.00480054,0.00502033,0.00520575,0.00536868,0.00553904,0.00575405,0.00605649,0.00646863,0.0069964,0.00761732,0.00827731,0.00892317,0.00950688,0.01002326,0.0105134,0.01104311,0.01170108,0.01255403,0.01364531,0.01498693,0.0165446,0.01827452,0.02012612,0.02207234,0.02413173,0.02635136,0.02881451,0.03160029,0.03476804,0.03832415,0.04228284,0.04668293,0.05148645,0.05672243,0.06246866,0.06882782,0.07592897,0.08389244,0.0927916,0.10266237,0.11345314,0.12510506,0.1375991,0.15096917,0.16536911,0.18099453,0.19808145,0.21683432,0.2373217,0.25954329,0.28337976,0.30866243,0.33530526,0.36323284,0.39219407,0.42179307,0.45163061,0.48122016,0.51034984
MDG,2020,0.0374989,0.00409025,0.00378742,0.00350049,0.00321084,0.0029081,0.00259128,0.00227047,0.00197189,0.00171743,0.00152695,0.00140951,0.0013652,0.00138751,0.00146739,0.00160676,0.00179732,0.00202114,0.00225098,0.00245245,0.0026126,0.0027281,0.00280689,0.00286035,0.00289872,0.00293364,0.00297236,0.00301955,0.00307684,0.00314301,0.00321259,0.00327996,0.00334283,0.00340563,0.00347898,0.00357252,0.00369675,0.00386206,0.0040713,0.00432226,0.0045986,0.00487461,0.00513149,0.00535781,0.00556652,0.00578766,0.00605882,0.0064233,0.00690519,0.00751242,0.00822272,0.00898204,0.00973755,0.01044906,0.01111623,0.01177656,0.01249159,0.01334602,0.01441063,0.01573476,0.01733025,0.0191631,0.02118976,0.02338703,0.02573486,0.02822027,0.03085778,0.0336993,0.03685817,0.04041648,0.04436557,0.04860882,0.05311655,0.05797084,0.06320869,0.06894289,0.07530468,0.08245196,0.09067963,0.10016597,0.11087927,0.12271715,0.13554136,0.15016535,0.16683768,0.18473616,0.20310136,0.22120651,0.23980492,0.26010672,0.28208173,0.30563613,0.33067513,0.3570766,0.38475765,0.41352433,0.44291457,0.47247861,0.50181688,0.53070776
MDG,2021,0.03651125,0.00381521,0.00359502,0.00337629,0.00314223,0.0028816,0.00259223,0.00228508,0.00198988,0.00173256,0.00153712,0.00141495,0.0013672,0.00139439,0.00149056,0.00165248,0.0018662,0.00210782,0.00234975,0.00256085,0.0027283,0.00284913,0.0029322,0.00299055,0.00303531,0.00307761,0.00312421,0.00317905,0.00324263,0.00331407,0.00338854,0.00346064,0.00352925,0.00359932,0.00368129,0.00378455,0.00391964,0.00409722,0.00432006,0.00458642,0.00488034,0.00517663,0.00545694,0.00571272,0.00595832,0.0062219,0.00653854,0.00694924,0.00747918,0.00813786,0.00890228,0.00971744,0.01052932,0.01128918,0.01199561,0.01269606,0.01346232,0.01438849,0.01557351,0.01707262,0.01887259,0.02091396,0.02312819,0.02548225,0.02797132,0.0305965,0.03338619,0.03640491,0.03974763,0.04348808,0.0476441,0.05219135,0.05704957,0.06221406,0.06780438,0.07389791,0.08066527,0.08829778,0.09706684,0.10712436,0.11845962,0.13099536,0.14464173,0.160426,0.17858071,0.19792557,0.217358,0.2358208,0.25427891,0.27444941,0.29632208,0.31978635,0.34477585,0.37123483,0.39901151,0.42785331,0.45733152,0.48692822,0.51618482,0.5450196
MDG,2022,0.03352834,0.0034953,0.00329381,0.00309359,0.00287925,0.00264043,0.00237576,0.00209451,0.00182407,0.00158827,0.00140914,0.00129747,0.00125397,0.00127926,0.00136786,0.00151695,0.00171434,0.00193767,0.00216151,0.00235715,0.00251277,0.0026266,0.00270561,0.00276195,0.0028057,0.00284708,0.00289365,0.00294817,0.00301124,0.00308171,0.00315536,0.00322835,0.00329789,0.00336897,0.00345165,0.00355484,0.00368898,0.00386354,0.00408159,0.00434158,0.0046288,0.00491952,0.00519626,0.00545073,0.00569634,0.00596014,0.00627513,0.00668163,0.00720428,0.00785305,0.00860626,0.00940872,0.01021055,0.01096409,0.01166777,0.01236783,0.01312964,0.01404974,0.01522484,0.01670967,0.01849324,0.02051127,0.02270215,0.02503393,0.02750225,0.03010793,0.0328719,0.03586527,0.03918099,0.04289245,0.04701941,0.0515306,0.05640294,0.06155305,0.06705467,0.07311748,0.07983128,0.08739985,0.09609393,0.10606808,0.11731697,0.12975137,0.1432875,0.15897081,0.17702254,0.19626656,0.2155649,0.23386817,0.25214496,0.27209235,0.29376299,0.31705734,0.34189683,0.36824601,0.39601113,0.42486309,0.4543782,0.48404105,0.51333442,0.54213282
MDG,2023,0.0312442,0.00336983,0.00312955,0.0028998,0.00266652,0.00242077,0.00216213,0.00189745,0.00164918,0.00143638,0.00127659,0.00117838,0.00114163,0.0011671,0.00125026,0.0013882,0.00157025,0.001776,0.00198304,0.0021658,0.00231268,0.00242206,0.0024983,0.00255213,0.00259366,0.00263226,0.00267636,0.00272781,0.0027873,0.0028537,0.00292275,0.00299225,0.00305834,0.0031238,0.00319759,0.00328907,0.00340967,0.00356811,0.00376747,0.00400608,0.00426996,0.00453687,0.00478993,0.00502,0.00523897,0.0054729,0.00575306,0.00612009,0.00659689,0.00719245,0.00788704,0.00862537,0.00936226,0.01005195,0.01069124,0.0113228,0.01200372,0.01283032,0.01388743,0.01522519,0.01684177,0.01867738,0.02068602,0.02283067,0.02510031,0.02750217,0.03005405,0.03283971,0.03594669,0.03944256,0.0433543,0.04765203,0.05232777,0.05736188,0.06273945,0.06859703,0.07513453,0.08246858,0.09082776,0.10034148,0.11102255,0.12279368,0.13558688,0.15008641,0.16646702,0.18398405,0.20191863,0.21962322,0.23779567,0.25760953,0.2791185,0.30228704,0.32706633,0.35338097,0.38114783,0.41007806,0.43973347,0.46951819,0.49896596,0.52791226
MDG,2024,0.03091829,0.00343178,0.00314616,0.00287982,0.00261912,0.00235562,0.00208924,0.00182548,0.00158367,0.00137977,0.00122842,0.00113663,0.00110366,0.00113052,0.00121309,0.00134828,0.00152581,0.00172595,0.00192812,0.00210803,0.00225373,0.00236305,0.00243904,0.00249198,0.0025321,0.00256883,0.0026109,0.00265999,0.0027167,0.00277995,0.00284575,0.00291187,0.00297443,0.00303482,0.00310049,0.00318159,0.0032905,0.00343625,0.0036215,0.00384406,0.00409037,0.00433842,0.00457161,0.00477981,0.00497396,0.00517994,0.00542844,0.00576028,0.00619749,0.00674765,0.00739169,0.00807531,0.00875473,0.00938554,0.00996339,0.01052793,0.0111326,0.01187143,0.01281804,0.01401876,0.01547935,0.01714773,0.01898855,0.02095965,0.02304277,0.02525127,0.02760765,0.03020125,0.03311491,0.03641196,0.0401251,0.04423064,0.04873081,0.05361582,0.05891493,0.06466808,0.07100006,0.07814449,0.08620972,0.09530597,0.1054614,0.11661437,0.12871666,0.14208868,0.15682491,0.17264238,0.18925042,0.20643044,0.22458944,0.24434452,0.26576901,0.28882695,0.31354593,0.33985503,0.36762519,0.39656952,0.42629986,0.45615567,0.48564791,0.51466745
MDG,2025,0.03216222,0.00366153,0.00332245,0.00301149,0.00271455,0.00242318,0.00213666,0.00186045,0.00161212,0.00140572,0.00125415,0.00116332,0.00113223,0.00116214,0.00124917,0.00138986,0.00157328,0.00177944,0.0019881,0.00217519,0.00232767,0.00244187,0.00252062,0.00257452,0.00261465,0.00265062,0.00269121,0.00273886,0.00279397,0.0028553,0.00291897,0.00298225,0.00304125,0.00309661,0.00315517,0.00322724,0.00332603,0.00346192,0.0036375,0.00384949,0.00408386,0.00431818,0.00453538,0.00472438,0.00489561,0.00507561,0.00529607,0.0055978,0.0060021,0.00651564,0.00711884,0.00775848,0.00838986,0.00896871,0.00949003,0.0099917,0.01052753,0.01118736,0.01203513,0.01311312,0.01443432,0.01595731,0.01765087,0.01946846,0.02138506,0.02341924,0.02560382,0.02802964,0.03077406,0.03389665,0.03743652,0.04137975,0.04573192,0.05049354,0.05568591,0.06138152,0.06761725,0.07455084,0.08237534,0.09110737,0.10079479,0.11139549,0.122872,0.13520653,0.14841326,0.16261888,0.17798023,0.19468242,0.212887,0.23265888,0.25405075,0.27705982,0.30170469,0.32798004,0.35575145,0.38468409,0.41438668,0.44424305,0.47372553,0.50270963
MDG,2026,0.03109836,0.00354022,0.00321199,0.00291154,0.00262502,0.00234412,0.00206773,0.00180131,0.00156178,0.00136274,0.00121669,0.00112934,0.00109996,0.00112983,0.00121527,0.00135303,0.00153233,0.00173391,0.00193794,0.00212106,0.00227077,0.00238305,0.00246063,0.0025138,0.00255357,0.00258935,0.00262974,0.00267724,0.00273214,0.00279316,0.00285653,0.00291998,0.00297962,0.00303563,0.00309496,0.00316766,0.00326623,0.00340124,0.00357558,0.00378612,0.00401883,0.00425171,0.00446835,0.00465771,0.00483015,0.00501164,0.00523299,0.00553457,0.00593719,0.00644774,0.00704752,0.00768321,0.00831137,0.00888869,0.00941014,0.00991331,0.01045024,0.01111006,0.01195597,0.01303007,0.01434537,0.01586043,0.01754508,0.01935342,0.02126196,0.02328912,0.02546572,0.02788277,0.03061698,0.03372687,0.03725208,0.04117864,0.04551212,0.05025349,0.05542575,0.06110136,0.06736529,0.07429838,0.08204445,0.09075401,0.1004036,0.11096157,0.12239162,0.13467905,0.1478409,0.16199744,0.17730325,0.19396244,0.21213075,0.23186514,0.2531789,0.27605796,0.30055224,0.32666473,0.35432564,0.38318768,0.41285592,0.44268737,0.47218823,0.50120046
MDG,2027,0.0300939,0.00342517,0.0031071,0.00281657,0.00253994,0.00226894,0.00200211,0.00174499,0.00151383,0.00132179,0.001181,0.001097,0.00106921,0.00109902,0.00118293,0.00131788,0.00149333,0.00169058,0.00189032,0.00206966,0.00221645,0.00232697,0.0024035,0.00245605,0.00249536,0.00253085,0.00257107,0.00261828,0.00267297,0.00273379,0.00279696,0.00286047,0.0029205,0.00297733,0.00303731,0.00311055,0.00320939,0.00334355,0.00351642,0.0037253,0.00395655,0.0041882,0.00440427,0.00459412,0.00476773,0.00495072,0.00517297,0.00547454,0.00587589,0.0063837,0.00697994,0.00761205,0.00823746,0.00881343,0.00933527,0.00983989,0.01037795,0.01103822,0.01188278,0.01295338,0.01426331,0.01577071,0.01744741,0.0192477,0.02114839,0.02316899,0.02533874,0.02774825,0.03047359,0.03357287,0.03708493,0.04099613,0.04531334,0.0500369,0.05519014,0.06084691,0.06709231,0.07405847,0.081806,0.09043399,0.10006269,0.11058611,0.12197642,0.13422108,0.1473396,0.16145411,0.17671427,0.19331617,0.21144279,0.23114659,0.25243016,0.27523674,0.29960361,0.32557526,0.35309056,0.38185946,0.41150887,0.44132245,0.47081305,0.49986228
MDG,2028,0.02914086,0.00331475,0.00300653,0.00272549,0.00245832,0.00219682,0.0019391,0.00169082,0.00146767,0.0012823,0.00114653,0.00106572,0.00103945,0.00106914,0.00115152,0.00128368,0.00145531,0.00164839,0.00184397,0.00201971,0.0021636,0.00227202,0.00234753,0.00239948,0.00243836,0.00247341,0.00251331,0.00256019,0.00261446,0.00267499,0.00273797,0.00280152,0.00286171,0.00291899,0.00297968,0.00305322,0.00315211,0.00328576,0.00345702,0.00366379,0.00389308,0.00412342,0.00433881,0.00452884,0.00470346,0.00488761,0.00511049,0.00541167,0.00581141,0.0063163,0.00690852,0.00753612,0.00815832,0.0087326,0.00925424,0.00975983,0.01029828,0.01095821,0.01180086,0.0128672,0.01417056,0.01566906,0.01733605,0.01912708,0.02101888,0.02303067,0.02519151,0.02759186,0.03030645,0.03339296,0.03689002,0.04078298,0.04508035,0.04978323,0.05491407,0.06054663,0.06676755,0.07370846,0.08148542,0.09010805,0.09964306,0.11013867,0.12148592,0.13368212,0.14674827,0.16080757,0.17601336,0.19255103,0.21059739,0.23024128,0.25148034,0.27424662,0.29852452,0.32435424,0.35172093,0.38034034,0.40992609,0.43971347,0.46917779,0.4982111
MDG,2029,0.0281929,0.00320442,0.00290624,0.00263475,0.00237701,0.00212497,0.00187637,0.00163687,0.00142163,0.00124292,0.00111214,0.00103449,0.00100973,0.0010393,0.00112011,0.00124944,0.00141723,0.00160606,0.00179755,0.00196973,0.00211086,0.00221716,0.00229132,0.00234275,0.00238131,0.002416,0.00245551,0.00250199,0.00255588,0.00261598,0.00267877,0.00274244,0.00280288,0.0028605,0.00292165,0.00299569,0.00309452,0.0032276,0.00339772,0.00360241,0.00382949,0.00405822,0.00427307,0.00446342,0.00463899,0.00482443,0.00504788,0.0053487,0.00574682,0.0062489,0.00683747,0.00746067,0.00807928,0.00865204,0.00917376,0.00968035,0.01021934,0.01087877,0.01171945,0.01278186,0.01407902,0.01556872,0.01722615,0.0190077,0.02089106,0.02289476,0.02504624,0.02743722,0.03014154,0.03321572,0.03669826,0.04057417,0.04485209,0.04953432,0.05464394,0.06025332,0.06644906,0.07336392,0.08111371,0.08976723,0.09929532,0.1096935,0.12101241,0.13316498,0.14618209,0.16018722,0.17533642,0.19181434,0.20978861,0.22934307,0.25052042,0.27324671,0.2974835,0.32321838,0.35043947,0.37891113,0.40838747,0.43811662,0.46755864,0.4965722
MDG,2030,0.02728928,0.00309834,0.00280998,0.00254781,0.00229914,0.00205615,0.00181627,0.00158521,0.00137752,0.00120512,0.00107912,0.00100448,0.00098116,0.00101062,0.00108993,0.00121653,0.00138061,0.00156535,0.00175283,0.0019217,0.00206022,0.00216465,0.00223747,0.00228807,0.00232635,0.00236077,0.00239994,0.00244594,0.00249936,0.00255908,0.00262152,0.0026853,0.00274606,0.00280408,0.00286555,0.00293982,0.00303878,0.00317118,0.00334014,0.00354327,0.00376821,0.0039951,0.00420913,0.00439992,0.00457658,0.00476322,0.00498739,0.00528785,0.00568445,0.0061838,0.00676893,0.00738823,0.00800345,0.00857435,0.00909634,0.00960423,0.01014381,0.01080298,0.01164164,0.01270022,0.01399174,0.01547328,0.01712153,0.01889404,0.020769,0.02276539,0.02490858,0.0272901,0.02998433,0.03304717,0.0365162,0.04037615,0.04463655,0.04929926,0.05438846,0.05997675,0.06614932,0.07303833,0.08076117,0.0893868,0.09894883,0.10934207,0.12056087,0.13268698,0.14566204,0.15961883,0.17471493,0.19113244,0.20904151,0.22851706,0.24959799,0.2722665,0.29646578,0.32215773,0.34928033,0.37760839,0.40697981,0.43661102,0.46600304,0.49500365
MDG,2031,0.02642766,0.0029966,0.00271762,0.00246433,0.00222437,0.00198998,0.00175842,0.00153544,0.00133503,0.0011687,0.00104725,0.00097553,0.00095358,0.00098292,0.00106079,0.00118475,0.00134518,0.0015259,0.00170947,0.001875,0.00201109,0.00211371,0.0021854,0.00223515,0.00227287,0.00230712,0.00234606,0.00239167,0.00244458,0.00250383,0.00256596,0.00262968,0.00269072,0.00274921,0.00281107,0.00288544,0.00298428,0.00311623,0.00328397,0.00348554,0.00370889,0.00393402,0.00414697,0.00433789,0.00451572,0.00470368,0.00492846,0.0052287,0.00562374,0.00612043,0.00670217,0.00731775,0.00793007,0.00849923,0.00902107,0.00953043,0.01007093,0.01072992,0.01156683,0.01262156,0.01390755,0.01538158,0.01702136,0.01878526,0.02065236,0.02264157,0.02477749,0.02715091,0.02983526,0.03288732,0.03634429,0.04018988,0.0444345,0.0490804,0.05415111,0.05971997,0.06587256,0.07273903,0.08043654,0.08903625,0.09857222,0.10900731,0.12022718,0.13225578,0.14521142,0.1591324,0.1741871,0.19055339,0.20840128,0.2278114,0.24881472,0.27139491,0.29555211,0.32122455,0.34832225,0.37657533,0.40587046,0.43543475,0.46476376,0.49374764
MDG,2032,0.02563048,0.0029008,0.00263104,0.0023863,0.0021546,0.00192836,0.00170455,0.00148905,0.00129539,0.0011347,0.00101745,0.00094839,0.0009277,0.00095691,0.00103342,0.00115492,0.00131199,0.00148891,0.00166877,0.00183117,0.00196488,0.00206593,0.00213657,0.00218564,0.00222273,0.00225646,0.00229519,0.00234045,0.00239288,0.00245159,0.00251331,0.00257695,0.00263807,0.00269694,0.00275922,0.00283372,0.00293228,0.00306351,0.00323022,0.00343014,0.00365185,0.00387573,0.00408761,0.00427833,0.00445693,0.00464625,0.00487177,0.00517166,0.00556532,0.00605931,0.0066377,0.00724959,0.00785908,0.00842688,0.00894855,0.00945876,0.01000026,0.01065929,0.01149441,0.01254542,0.01382566,0.01529212,0.01692388,0.01867962,0.02053896,0.02252115,0.02464954,0.02701544,0.02969075,0.03273153,0.03617622,0.04000804,0.04423748,0.04886721,0.05392098,0.05947103,0.06560383,0.07244939,0.08012306,0.08869616,0.09820535,0.10861555,0.11988098,0.13191325,0.14476916,0.15867308,0.17369461,0.19001729,0.2078083,0.22714984,0.24808201,0.27058358,0.29465227,0.32028629,0.34736575,0.3755944,0.40485564,0.43435933,0.46363618,0.49256924
MDG,2033,0.02485417,0.00280713,0.00254614,0.00230968,0.00208596,0.00186762,0.00165143,0.00144324,0.00125618,0.00110103,0.00098794,0.00092149,0.00090201,0.00093107,0.00100619,0.00112523,0.00127892,0.00145208,0.00162816,0.00178734,0.00191862,0.00201799,0.00208769,0.00213611,0.00217272,0.00220587,0.00224407,0.002289,0.00234098,0.00239915,0.00246034,0.00252377,0.00258494,0.00264398,0.00270659,0.00278126,0.00287956,0.00300985,0.00317519,0.00337354,0.00359336,0.00381576,0.00402693,0.0042173,0.00439622,0.00458638,0.00481257,0.00511207,0.00550394,0.00599504,0.00656958,0.00717735,0.00778353,0.00834959,0.00887108,0.00938177,0.00992332,0.01058202,0.011415,0.0124615,0.0137352,0.01519275,0.01681513,0.01856178,0.02041228,0.02238592,0.02450519,0.02686128,0.02952591,0.03255378,0.0359828,0.03979745,0.04400883,0.04861917,0.05365246,0.0591807,0.06528912,0.07210808,0.07975301,0.08829357,0.09776686,0.10814217,0.11937349,0.13144547,0.14429802,0.1580858,0.17308171,0.18935602,0.20708333,0.22634323,0.24718011,0.26958795,0.29355418,0.31907694,0.34609478,0.37427932,0.40352585,0.43298283,0.46218863,0.4910566
MDG,2034,0.02407513,0.00271217,0.0024607,0.00223293,0.00201754,0.00180722,0.00159867,0.0013978,0.00121725,0.00106753,0.00095853,0.00089464,0.00087631,0.00090516,0.00097889,0.00109543,0.00124575,0.00141516,0.00158752,0.0017434,0.00187216,0.00196977,0.00203842,0.00208631,0.00212248,0.0021552,0.00219283,0.00223716,0.00228875,0.00234645,0.00240716,0.00247027,0.00253136,0.00259056,0.00265331,0.00272807,0.00282615,0.00295557,0.00311938,0.00331588,0.003534,0.0037548,0.00396517,0.00415571,0.00433494,0.00452558,0.00475203,0.00505124,0.00544147,0.00592953,0.00650037,0.00710388,0.00770672,0.00827095,0.00879228,0.00930384,0.00984542,0.01050318,0.01133412,0.01237635,0.01364343,0.01509222,0.01670491,0.01844231,0.02028449,0.02225008,0.02436043,0.02670699,0.02936071,0.03237638,0.03579079,0.03958785,0.04378108,0.04837293,0.05338676,0.0588944,0.0649809,0.07177478,0.07939219,0.0879034,0.09734403,0.10768557,0.11888425,0.13092512,0.14382637,0.1576205,0.17249848,0.18875383,0.20643514,0.22563081,0.24638462,0.26870123,0.29258125,0.31801358,0.34493673,0.37307778,0.40233591,0.43181255,0.46101263,0.48984977
MDG,2035,0.02331107,0.00261877,0.0023766,0.00215732,0.00195,0.00174762,0.00154658,0.0013529,0.00117882,0.00103445,0.00092945,0.0008681,0.00085093,0.00087956,0.00095186,0.00106593,0.00121288,0.00137857,0.00154722,0.00169989,0.00182608,0.00192191,0.00198949,0.00203679,0.00207269,0.00210506,0.00214232,0.00218604,0.00223698,0.00229429,0.00235461,0.00241749,0.00247845,0.00253774,0.00260067,0.00267542,0.0027733,0.002902,0.00306445,0.00325907,0.00347532,0.00369481,0.00390433,0.00409503,0.0042752,0.00446643,0.00469287,0.00499148,0.00538035,0.00586574,0.00643292,0.00703256,0.00763213,0.00819473,0.00871602,0.00922869,0.00977093,0.010428,0.01125654,0.01229499,0.01355618,0.01499659,0.01660026,0.01832862,0.02016282,0.02212138,0.02422377,0.02656145,0.02920504,0.03220882,0.03560999,0.03939124,0.04356662,0.04814068,0.05313684,0.05862579,0.06469247,0.07146466,0.07905688,0.08754063,0.0969524,0.10726386,0.11843112,0.13044226,0.1433156,0.15716977,0.17206761,0.18819505,0.20586299,0.2250121,0.24569795,0.2679296,0.29171654,0.31706405,0.34390024,0.37195303,0.40120917,0.43071319,0.4599539,0.48880673
MDG,2036,0.02261891,0.0025326,0.00229922,0.00208793,0.00188809,0.00169295,0.00149887,0.00131177,0.00114356,0.00100409,0.00090273,0.00084365,0.00082751,0.00085594,0.00092691,0.00103865,0.00118252,0.00134475,0.00150999,0.00165969,0.00178353,0.00187758,0.00194407,0.00199076,0.00202631,0.00205847,0.00209537,0.00213863,0.00218891,0.00224555,0.00230553,0.00236821,0.00242905,0.00248828,0.00255123,0.0026259,0.00272337,0.00285129,0.00301247,0.00320531,0.00341959,0.00363752,0.00384639,0.00403707,0.00421799,0.0044103,0.00463671,0.0049343,0.00532136,0.00580425,0.00636803,0.00696369,0.00756021,0.00812097,0.0086421,0.00915564,0.0096985,0.01035526,0.01118139,0.01221533,0.01347073,0.01490317,0.01649777,0.01821724,0.02004302,0.0219942,0.02408901,0.02641809,0.02905139,0.03204314,0.03543027,0.03919599,0.04335405,0.04790903,0.05288645,0.05835659,0.0644032,0.07115334,0.07872105,0.08717646,0.09655762,0.10683865,0.11797346,0.12995072,0.14279154,0.15661404,0.17158285,0.18773602,0.20525036,0.22438069,0.24500585,0.26715369,0.2908364,0.31607344,0.34280918,0.37076163,0.39995025,0.42944377,0.4587061,0.48759423
MDG,2037,0.02196336,0.00245172,0.00222597,0.00202175,0.00182877,0.00164038,0.00145282,0.00127206,0.00110951,0.00097476,0.00087694,0.00082006,0.00080491,0.00083315,0.00090284,0.00101232,0.00115312,0.00131199,0.00147388,0.00162068,0.00174226,0.00183466,0.00190001,0.00194605,0.00198121,0.00201308,0.00204976,0.00209259,0.00214233,0.00219828,0.00225763,0.00232015,0.00238092,0.00244013,0.00250299,0.00257747,0.00267454,0.0028015,0.00296136,0.0031525,0.00336487,0.00358106,0.00378894,0.00397971,0.00416115,0.00435431,0.0045812,0.00487768,0.00526237,0.0057421,0.00630249,0.00689426,0.00748738,0.00804632,0.00856691,0.00908106,0.0096242,0.01028042,0.0111043,0.0121334,0.01338185,0.01480602,0.01639141,0.01810131,0.01991817,0.02186077,0.02394689,0.02626686,0.02888917,0.03186763,0.03523939,0.03898743,0.04312697,0.04766185,0.05261738,0.05806563,0.06408991,0.0708154,0.07835563,0.08678058,0.09612709,0.1063725,0.11747119,0.1294101,0.1422105,0.15599265,0.17092249,0.18715582,0.20469823,0.22363745,0.24423233,0.26630236,0.28988108,0.31499718,0.34161091,0.36945673,0.39857467,0.42800808,0.45726958,0.48619163
MDG,2038,0.0213223,0.00237274,0.00215453,0.00195728,0.00177101,0.00158925,0.00140805,0.00123342,0.0010764,0.00094623,0.00085182,0.0007971,0.00078289,0.00081089,0.00087932,0.0009866,0.0011244,0.00127993,0.00143857,0.00158253,0.00170191,0.00179273,0.00185706,0.00190239,0.00193714,0.0019687,0.00200509,0.00204761,0.00209687,0.00215228,0.00221099,0.00227308,0.00233384,0.00239312,0.00245598,0.00253021,0.0026268,0.00275289,0.00291133,0.00310081,0.00331145,0.00352607,0.00373288,0.0039235,0.0041057,0.0042996,0.00452692,0.00482308,0.0052056,0.00568194,0.00623862,0.00682696,0.00741719,0.00797437,0.00849488,0.00900971,0.00955336,0.01020925,0.01103134,0.01205665,0.01329882,0.01471461,0.0162918,0.01799347,0.01980235,0.02173773,0.023816,0.02612803,0.02874148,0.03170892,0.03506736,0.03880005,0.04292292,0.04744102,0.05237869,0.05780741,0.06381255,0.07051842,0.07803695,0.08643806,0.09575874,0.10597659,0.11704723,0.12895861,0.14172977,0.15548037,0.17038069,0.18658464,0.20424302,0.22323631,0.24362608,0.26568512,0.28919915,0.31422847,0.34074528,0.36850127,0.39758307,0.42699603,0.45625057,0.48522634
MDG,2039,0.02070573,0.00229674,0.00208547,0.00189472,0.00171476,0.00153927,0.00136422,0.00119552,0.00104386,0.0009182,0.00082713,0.00077449,0.0007612,0.00078894,0.00085606,0.00096109,0.0010959,0.00124804,0.00140331,0.00154441,0.00166153,0.00175074,0.00181405,0.00185872,0.00189293,0.0019241,0.00196013,0.00200223,0.00205107,0.00210591,0.00216406,0.00222562,0.00228601,0.00234533,0.00240817,0.00248214,0.00257807,0.00270304,0.00285994,0.00304742,0.00325608,0.00346899,0.00367459,0.00386466,0.00404706,0.00424167,0.00446895,0.00476431,0.00514498,0.00561742,0.00616925,0.00675287,0.00733973,0.00789474,0.00841427,0.00892931,0.00947259,0.01012729,0.01094643,0.01196671,0.01320163,0.01460737,0.01617351,0.01786501,0.01966404,0.02158958,0.02365752,0.02595814,0.02855901,0.03151201,0.03485309,0.03856542,0.04266616,0.04716066,0.05207435,0.05747717,0.06345373,0.07012992,0.0776168,0.08598279,0.09526497,0.10544255,0.11646936,0.1283353,0.14106011,0.15476018,0.16960646,0.18575373,0.20335294,0.2224583,0.24287689,0.26466534,0.28812494,0.31303944,0.33941947,0.36703247,0.39601099,0.42534948,0.45454664,0.48347725
MDG,2040,0.02011865,0.00222356,0.00201917,0.00183481,0.00166102,0.00149159,0.00132241,0.00115939,0.00101282,0.0008914,0.00080353,0.00075287,0.00074043,0.00076794,0.0008338,0.00093668,0.00106865,0.00121763,0.00136971,0.00150804,0.00162306,0.00171073,0.00177305,0.0018171,0.00185084,0.00188151,0.00191709,0.00195873,0.00200708,0.00206148,0.00211913,0.00218031,0.00224033,0.00229942,0.0023623,0.00243609,0.00253144,0.00265526,0.00281058,0.00299617,0.00320277,0.00341405,0.00361862,0.00380834,0.00399088,0.00418595,0.00441357,0.00470812,0.00508701,0.00555665,0.00610401,0.00668268,0.00726583,0.00781917,0.00833827,0.00885355,0.00939697,0.01005063,0.01086723,0.0118829,0.01311129,0.0145084,0.01606443,0.01774575,0.01953617,0.02145348,0.02351222,0.02580302,0.02839237,0.0313324,0.03465866,0.03835332,0.04243432,0.04690798,0.05179989,0.05718075,0.0631336,0.06978308,0.07724234,0.08557937,0.09482993,0.10497489,0.11596773,0.127797,0.14048411,0.15414545,0.16895021,0.18505021,0.20260005,0.22165577,0.2422268,0.2640651,0.28724616,0.31212343,0.33840931,0.36591612,0.39482299,0.42411245,0.45329335,0.48222575
MDG,2041,0.01955882,0.00215362,0.00195571,0.00177739,0.00160942,0.00144575,0.00128217,0.00112457,0.0009829,0.00086558,0.00078076,0.00073203,0.00072042,0.00074767,0.00081233,0.00091309,0.00104222,0.00118808,0.00133705,0.00147261,0.00158544,0.00167161,0.00173295,0.0017764,0.00180974,0.00184003,0.00187516,0.00191633,0.0019642,0.00201811,0.00207539,0.00213624,0.00219602,0.00225484,0.00231747,0.00239112,0.00248598,0.00260875,0.00276244,0.00294608,0.00315072,0.00336022,0.00356375,0.00375321,0.00393595,0.00413129,0.00435888,0.00465288,0.00502981,0.00549655,0.00604039,0.00661424,0.0071931,0.00774407,0.00826297,0.00877875,0.00932206,0.00997491,0.01078877,0.0117998,0.01302154,0.01441011,0.01595674,0.01762795,0.01940872,0.02131797,0.02336799,0.02564883,0.02822683,0.03115325,0.0344642,0.03814158,0.0422031,0.04665554,0.05152534,0.05688291,0.06281217,0.06943547,0.07686489,0.08517109,0.09438952,0.10450101,0.11545879,0.12725161,0.13989906,0.15351852,0.16828081,0.18433196,0.20182526,0.2208221,0.24133431,0.26333998,0.28655372,0.31112051,0.33734892,0.36474548,0.39356417,0.42277797,0.45190644,0.48081612
MDG,2042,0.01898988,0.00208236,0.00189141,0.0017195,0.00155762,0.00139987,0.00124198,0.00108982,0.00095302,0.00083977,0.00075797,0.00071111,0.00070032,0.00072731,0.00079073,0.00088941,0.00101571,0.00115841,0.00130427,0.00143712,0.00154775,0.0016323,0.00169268,0.00173551,0.00176844,0.00179838,0.0018331,0.00187373,0.00192106,0.00197446,0.0020313,0.00209194,0.00215153,0.00221022,0.00227257,0.00234579,0.00244021,0.00256199,0.00271413,0.00289577,0.00309834,0.00330613,0.00350846,0.00369765,0.00388076,0.00407655,0.00430399,0.00459716,0.00497255,0.00543633,0.00597666,0.00654687,0.00712169,0.00766982,0.00818795,0.0087047,0.00924843,0.00990047,0.01071214,0.0117187,0.01293419,0.01431456,0.01585244,0.01751495,0.01928687,0.02118783,0.02323029,0.02550275,0.0280705,0.03098494,0.03428159,0.037943,0.04198752,0.04642135,0.05127127,0.05660822,0.06251592,0.06911725,0.07652222,0.08480079,0.09399153,0.10407642,0.11500662,0.12677113,0.13938945,0.15297637,0.16770555,0.18372145,0.20117293,0.22012108,0.24058507,0.26254826,0.28596024,0.31056927,0.33650171,0.36386464,0.3926386,0.42181551,0.45092418,0.47983677
MDG,2043,0.01845571,0.00201496,0.00183042,0.00166443,0.00150825,0.00135608,0.00120359,0.0010566,0.00092445,0.00081507,0.00073616,0.0006911,0.00068108,0.00070784,0.00077009,0.00086674,0.00099037,0.00113004,0.00127287,0.00140309,0.00151166,0.00159465,0.00165399,0.00169625,0.00172876,0.00175835,0.00179269,0.00183285,0.00187958,0.00193244,0.00198882,0.00204919,0.00210871,0.00216733,0.00222956,0.00230234,0.00239605,0.00251694,0.00266766,0.0028474,0.0030479,0.00325394,0.00345517,0.00364395,0.00382742,0.0040238,0.0042513,0.00454353,0.00491708,0.00537835,0.00591509,0.00648164,0.00705366,0.00759912,0.00811587,0.00863286,0.00917736,0.00982904,0.01063841,0.01164095,0.01285017,0.01422257,0.01575179,0.01740594,0.01917006,0.02106298,0.02309694,0.02536151,0.02791979,0.03082239,0.03410526,0.03775044,0.0417779,0.04619411,0.05102507,0.05634165,0.06222816,0.06880676,0.07618828,0.08444077,0.09360229,0.10365954,0.11456282,0.12629955,0.13888921,0.15244585,0.1671419,0.18312111,0.20053275,0.21943354,0.23984303,0.26175571,0.2851216,0.30992819,0.335886,0.36295399,0.39172549,0.42087163,0.44996079,0.47886857
MDG,2044,0.01801657,0.00195827,0.00177867,0.00161729,0.00146566,0.0013181,0.00117017,0.00102762,0.0008995,0.00079348,0.0007171,0.00067363,0.00066429,0.00069082,0.00075204,0.0008469,0.00096811,0.00110508,0.00124515,0.00137291,0.00147955,0.00156115,0.00161951,0.00166113,0.0016933,0.00172256,0.00175655,0.00179629,0.00184251,0.00189477,0.00195064,0.00201068,0.00207002,0.00212864,0.00219074,0.00226322,0.00235618,0.0024759,0.00262528,0.00280327,0.00300181,0.00320601,0.00340599,0.00359429,0.00377775,0.00397448,0.00420199,0.0044933,0.00486466,0.00532283,0.0058562,0.00641871,0.00698755,0.00753125,0.00804631,0.00856236,0.00910644,0.00975767,0.01056467,0.01156241,0.01276509,0.01412873,0.01564864,0.01729345,0.01904891,0.02093355,0.02295795,0.02521209,0.0277597,0.03064933,0.03391634,0.03754347,0.04155085,0.04594629,0.05075589,0.05604913,0.0619102,0.06846128,0.07581262,0.0840334,0.09315978,0.10317905,0.11404468,0.12574364,0.13829337,0.15180707,0.1664574,0.18238302,0.19973421,0.21856899,0.23890239,0.26073173,0.28401517,0.30874143,0.33485482,0.36190222,0.39037375,0.41947974,0.44850238,0.47734909
MDG,2045,0.01750897,0.00189374,0.00172042,0.00156476,0.00141853,0.00127625,0.00113347,0.00099587,0.00087216,0.00076982,0.00069616,0.00065437,0.00064574,0.00067199,0.00073204,0.00082494,0.00094352,0.00107753,0.00121465,0.00133974,0.00144424,0.00152429,0.00158164,0.00162255,0.00165421,0.00168312,0.00171673,0.001756,0.0018017,0.00185337,0.00190864,0.00196827,0.00202738,0.0020859,0.002148,0.00222017,0.00231248,0.00243093,0.00257858,0.00275475,0.00295129,0.00315362,0.00335217,0.00353984,0.00372335,0.00392025,0.00414772,0.00443819,0.00480749,0.00526227,0.00579166,0.00635043,0.00691574,0.00745746,0.00797213,0.00848738,0.00903027,0.00968013,0.01048502,0.01147829,0.01267404,0.01402909,0.01553925,0.01717465,0.0189213,0.02079789,0.02281375,0.02505766,0.02759346,0.03047062,0.03372263,0.03733175,0.0413196,0.04569397,0.05048226,0.05575368,0.06159098,0.0681158,0.07543872,0.08362878,0.09272362,0.10270992,0.11354011,0.12520487,0.1377209,0.15119868,0.16581167,0.18169592,0.19899767,0.21777735,0.23805253,0.25981823,0.2830326,0.30769446,0.33374903,0.3609692,0.38947912,0.41835054,0.44739781,0.47624569
MDG,2046,0.01704931,0.00183425,0.00166667,0.00151627,0.00137503,0.00123759,0.00109952,0.00096648,0.00084685,0.00074789,0.00067674,0.0006365,0.00062851,0.0006545,0.00071346,0.00080452,0.0009207,0.00105198,0.00118634,0.00130901,0.00141148,0.00149001,0.00154638,0.00158664,0.00161778,0.00164625,0.00167947,0.00171828,0.00176346,0.00181459,0.00186933,0.00192848,0.00198731,0.00204571,0.0021077,0.0021797,0.00227141,0.00238877,0.00253472,0.00270882,0.00290347,0.00310407,0.00330132,0.0034883,0.00367173,0.00386886,0.00409612,0.00438577,0.00475324,0.00520496,0.00573032,0.00628498,0.00684738,0.00738696,0.00790111,0.00841696,0.00895883,0.00960662,0.01040863,0.011398,0.01258754,0.01393405,0.01543524,0.0170613,0.0187995,0.02066822,0.02267607,0.02491121,0.02743577,0.03029964,0.0335376,0.03713014,0.0410991,0.04545353,0.05022061,0.05547054,0.06128582,0.06778602,0.07508142,0.08324184,0.09230493,0.10226022,0.11305758,0.12468704,0.13716888,0.1506122,0.16518912,0.18103323,0.19828974,0.21701514,0.23723041,0.25893582,0.28208261,0.3066716,0.33265836,0.35981784,0.38851955,0.41744038,0.44627418,0.47516139
MDG,2047,0.01657833,0.00177378,0.0016122,0.00146721,0.00133108,0.00119859,0.00106528,0.00093679,0.00082128,0.00072575,0.00065713,0.00061844,0.00061108,0.00063677,0.00069462,0.00078378,0.00089745,0.00102597,0.0011575,0.00127764,0.00137809,0.00145503,0.00151031,0.0015499,0.00158058,0.00160861,0.00164139,0.00167977,0.00172443,0.00177501,0.00182923,0.00188796,0.00194641,0.00200461,0.00206645,0.00213818,0.00222942,0.00234573,0.00249013,0.00266215,0.0028546,0.00305353,0.00324955,0.00343587,0.0036191,0.00381627,0.0040433,0.00433186,0.0046974,0.00514617,0.00566765,0.00621793,0.00677679,0.0073147,0.00782803,0.00834423,0.00888644,0.00953217,0.01033032,0.01131464,0.01249824,0.01383656,0.01532834,0.01694546,0.01867489,0.02053575,0.02253545,0.02476199,0.02727643,0.03012713,0.0333496,0.03692592,0.04087677,0.04521121,0.04995762,0.05518555,0.06097862,0.06745568,0.07472506,0.08285664,0.0918892,0.10181357,0.11258089,0.12417886,0.13662673,0.15003676,0.16458131,0.18038939,0.19760547,0.21628594,0.23644811,0.25809923,0.28119254,0.30572324,0.33164951,0.3587577,0.38744741,0.41658695,0.44551327,0.47422772
MDG,2048,0.0161215,0.0017147,0.00155909,0.00141944,0.0012883,0.00116063,0.00103198,0.00090791,0.00079637,0.00070416,0.00063799,0.00060081,0.00059404,0.00061943,0.00067615,0.00076346,0.00087466,0.00100041,0.00112921,0.00124686,0.00134527,0.0014207,0.00147487,0.00151372,0.00154391,0.00157154,0.00160384,0.00164169,0.00168585,0.00173586,0.00178955,0.00184785,0.00190596,0.00196386,0.00202547,0.00209687,0.00218753,0.0023029,0.00244577,0.00261584,0.00280605,0.00300296,0.00319775,0.00338347,0.00356651,0.00376357,0.00399017,0.0042776,0.0046409,0.00508658,0.00560429,0.00615033,0.0067053,0.00724081,0.00775372,0.00826984,0.00881205,0.00945709,0.0102513,0.0112294,0.01240565,0.01373594,0.01521854,0.01682599,0.01854676,0.02039906,0.02239019,0.02460748,0.02711138,0.02994941,0.03315573,0.03671342,0.04064563,0.04495985,0.04968431,0.05488941,0.06065808,0.06710983,0.07435246,0.0824541,0.09145378,0.1013448,0.11207785,0.12364244,0.13605498,0.1494259,0.16393255,0.17970122,0.19687312,0.21550458,0.23561321,0.25720433,0.28023503,0.30470396,0.33056371,0.35760519,0.3862668,0.41539893,0.44455166,0.47337097
MDG,2049,0.01570783,0.00166316,0.00151315,0.00137857,0.00125212,0.00112893,0.00100444,0.0008843,0.00077623,0.0006869,0.0006229,0.00058707,0.00058093,0.00060625,0.00066229,0.00074838,0.00085789,0.00098174,0.00110864,0.0012247,0.00132181,0.00139613,0.00144958,0.00148788,0.00151772,0.00154512,0.00157702,0.00161435,0.00165795,0.00170746,0.00176061,0.00181833,0.00187593,0.00193336,0.00199442,0.00206522,0.00215502,0.00226918,0.00241051,0.00257855,0.0027665,0.00296109,0.00315394,0.00333853,0.00352079,0.00371704,0.00394246,0.00422795,0.00458832,0.0050298,0.00554265,0.00608372,0.00663394,0.00716544,0.00767578,0.00819074,0.00873123,0.00937376,0.01016375,0.01113343,0.01229846,0.01361667,0.01508729,0.01668196,0.01838946,0.02022896,0.02220669,0.02440958,0.02689685,0.02971552,0.03289904,0.0364303,0.04033331,0.04461788,0.04931031,0.05448016,0.06021264,0.06662448,0.07382421,0.08187956,0.09082778,0.10066597,0.11134397,0.12285132,0.13520603,0.14851471,0.16295658,0.17865799,0.19575887,0.21431237,0.23433618,0.25584029,0.27877361,0.30314092,0.32889896,0.35583586,0.38443747,0.41353505,0.44268276,0.47173958
MDG,2050,0.01529029,0.00161141,0.00146688,0.00133723,0.00121549,0.00109681,0.00097652,0.00086039,0.00075587,0.00066947,0.00060768,0.00057324,0.00056776,0.00059305,0.00064844,0.00073335,0.00084118,0.00096319,0.00108826,0.00120271,0.00129864,0.00137191,0.00142463,0.0014625,0.00149197,0.00151908,0.00155056,0.00158745,0.00163049,0.00167941,0.00173209,0.00178924,0.00184637,0.00190338,0.001964,0.00203415,0.00212308,0.00223603,0.00237577,0.00254195,0.00272771,0.00292021,0.00311114,0.00329433,0.00347594,0.00367156,0.00389598,0.00417954,0.00453696,0.00497445,0.00548231,0.00601854,0.0065644,0.00709237,0.00760002,0.00811328,0.00865284,0.00929273,0.01007852,0.01104187,0.01219616,0.01350152,0.01495915,0.01654184,0.01823702,0.02006353,0.02202858,0.02421693,0.02668778,0.02948717,0.03264834,0.03615488,0.04002917,0.0442826,0.04894375,0.05407953,0.05977594,0.06614856,0.07330458,0.08131297,0.09021077,0.09999721,0.11062006,0.12207025,0.13436547,0.14761312,0.16199298,0.17762445,0.19465187,0.21312798,0.23306671,0.25448349,0.27732342,0.30158699,0.32723881,0.35407342,0.38262152,0.41168453,0.44082889,0.46991437
MDG,2051,0.01487532,0.00156021,0.00142116,0.00129642,0.00117925,0.00106503,0.00094888,0.00083667,0.00073565,0.00065216,0.00059251,0.00055941,0.00055457,0.00057981,0.00063452,0.00071821,0.00082432,0.00094439,0.00106756,0.00118034,0.00127496,0.0013472,0.00139918,0.00143655,0.00146573,0.00149254,0.00152355,0.00155997,0.00160249,0.00165081,0.0017029,0.00175948,0.00181608,0.00187266,0.00193282,0.00200236,0.00209032,0.00220198,0.00234008,0.00250429,0.00268798,0.00287841,0.00306754,0.00324923,0.00342972,0.00362465,0.00384805,0.00412962,0.00448382,0.00491699,0.00541977,0.00595066,0.00649193,0.00701638,0.00752143,0.00803246,0.0085701,0.0092077,0.0099886,0.01094499,0.01209013,0.01338239,0.0148254,0.01639425,0.01807724,0.01989111,0.02184266,0.02401667,0.02647033,0.02924998,0.03238811,0.03586956,0.03971598,0.04393777,0.04856503,0.05366664,0.05932746,0.06566018,0.07277265,0.08073295,0.08957966,0.09931595,0.10988529,0.12127897,0.13351577,0.1467014,0.16102149,0.17658664,0.19353841,0.21193696,0.23179693,0.25313641,0.275898,0.30008274,0.32565197,0.35240881,0.38093571,0.40999581,0.43916106,0.46830126
MDG,2052,0.01452184,0.00151518,0.00138089,0.00126047,0.0011473,0.00103687,0.00092435,0.00081557,0.0007176,0.00063664,0.00057888,0.00054693,0.00054261,0.00056775,0.00062181,0.00070435,0.00080885,0.00092713,0.00104848,0.00115968,0.00125301,0.00132417,0.00137548,0.00141235,0.00144114,0.00146766,0.00149815,0.00153402,0.001576,0.00162375,0.00167521,0.00173112,0.00178722,0.00184331,0.001903,0.00197194,0.00205898,0.00216928,0.0023057,0.00246791,0.00264947,0.00283796,0.00302532,0.00320567,0.00338499,0.00357881,0.00380121,0.00408089,0.00443197,0.0048607,0.00535819,0.00588379,0.00642005,0.00694083,0.00744337,0.00795229,0.00848752,0.0091219,0.00989844,0.0108473,0.0119828,0.01326392,0.01469222,0.01624556,0.01791438,0.01971565,0.02165386,0.02381234,0.02624861,0.02900719,0.03212122,0.03557601,0.03939324,0.04358319,0.04817463,0.0532375,0.05886013,0.0651504,0.07221479,0.08012242,0.08891103,0.09858871,0.1090971,0.12042539,0.13259233,0.14570353,0.15994668,0.17543033,0.19229059,0.2105856,0.23033816,0.25157115,0.27422005,0.2982862,0.32373219,0.35035959,0.3787967,0.40778657,0.43689959,0.46600868
MDG,2053,0.0141365,0.00146696,0.00133792,0.00122215,0.00111334,0.00100705,0.00089837,0.00079327,0.00069857,0.0006203,0.00056456,0.00053385,0.00053009,0.00055513,0.00060854,0.00068991,0.00079278,0.00090922,0.00102873,0.00113829,0.00123038,0.00130046,0.00135103,0.0013875,0.00141596,0.0014422,0.00147228,0.0015076,0.001549,0.00159618,0.0016471,0.00170235,0.00175786,0.00181353,0.00187276,0.00194113,0.00202732,0.00213637,0.00227108,0.00243132,0.00261078,0.00279733,0.00298318,0.00316232,0.00334075,0.00353354,0.00375465,0.00403265,0.00438091,0.00480553,0.00529785,0.00581822,0.00634983,0.00686685,0.00736714,0.00787454,0.008408,0.00903915,0.00981089,0.01075349,0.0118795,0.01314982,0.01456652,0.01610538,0.01775955,0.01954767,0.02147439,0.02361955,0.02603949,0.02877945,0.03187094,0.03530136,0.03909168,0.04325287,0.04781341,0.05284134,0.0584278,0.0646813,0.07170472,0.07956629,0.08830517,0.09793248,0.10838956,0.11966563,0.13177689,0.14482763,0.15901029,0.1744279,0.19121869,0.20943672,0.22910333,0.2502574,0.27283163,0.29682251,0.32219403,0.34874978,0.37716063,0.40614552,0.43528103,0.46443608
MDG,2054,0.01382218,0.00142731,0.00130218,0.00119002,0.00108461,0.0009817,0.00087624,0.00077422,0.00068232,0.00060638,0.00055237,0.00052278,0.00051954,0.00054453,0.0005974,0.00067784,0.00077939,0.00089435,0.00101239,0.00112068,0.00121178,0.00128107,0.00133111,0.00136726,0.00139563,0.00142175,0.00145143,0.00148634,0.00152721,0.00157384,0.00162427,0.00167882,0.00173363,0.00178866,0.00184733,0.00191502,0.0020001,0.00210771,0.00224054,0.00239845,0.00257542,0.00275948,0.00294307,0.00312043,0.0032972,0.00348824,0.00370706,0.00398184,0.00432605,0.00474514,0.00523055,0.00574366,0.0062683,0.0067794,0.00727465,0.00777794,0.00830778,0.00893354,0.00969705,0.01062868,0.01174143,0.01299613,0.014396,0.01591756,0.01755146,0.01931854,0.02122668,0.02335335,0.02575129,0.02846471,0.0315261,0.03492457,0.03868043,0.04280467,0.04732633,0.05231257,0.05785592,0.06406279,0.07103848,0.07884792,0.08752969,0.09710151,0.1075015,0.1187212,0.13077688,0.1437691,0.15789218,0.17324732,0.18997155,0.20812377,0.22772124,0.24880288,0.27131427,0.2952517,0.32057497,0.34709035,0.37552352,0.40455358,0.43376686,0.46303655
MDG,2055,0.01353219,0.00139074,0.00126905,0.0011601,0.00105782,0.00095795,0.00085549,0.00075634,0.00066699,0.00059323,0.00054084,0.00051227,0.00050951,0.00053445,0.00058678,0.00066627,0.00076654,0.00088009,0.00099671,0.00110376,0.00119389,0.00126235,0.00131189,0.00134771,0.00137588,0.00140192,0.00143121,0.00146567,0.00150607,0.00155212,0.00160199,0.00165584,0.00171002,0.00176441,0.00182244,0.00188947,0.00197348,0.00207966,0.00221068,0.00236639,0.00254085,0.00272242,0.00290378,0.00307929,0.00325459,0.00344399,0.00366081,0.00393242,0.00427224,0.00468604,0.00516491,0.00567111,0.00618881,0.00669391,0.00718432,0.00768318,0.00820938,0.00883017,0.009586,0.01050651,0.01160533,0.01284567,0.01422854,0.01573281,0.01734952,0.01909611,0.02098422,0.02309072,0.02546763,0.02815572,0.03118674,0.03455415,0.03827515,0.04236246,0.04684489,0.05178956,0.05729128,0.06345102,0.07037534,0.07813227,0.08675703,0.09627111,0.10661226,0.11777151,0.12976722,0.14269882,0.15675941,0.17204688,0.18869922,0.20677569,0.2262992,0.24730451,0.26973761,0.29360706,0.31887248,0.34533665,0.37377715,0.40284052,0.43211351,0.46147686
MDG,2056,0.01324135,0.00135457,0.00123639,0.00113066,0.00103146,0.00093465,0.00083511,0.0007388,0.00065199,0.00058032,0.00052953,0.00050196,0.00049967,0.00052455,0.00057637,0.00065492,0.00075392,0.00086607,0.00098131,0.00108717,0.00117637,0.00124402,0.00129302,0.00132857,0.00135655,0.00138245,0.00141144,0.00144547,0.00148538,0.00153095,0.00158025,0.00163335,0.00168688,0.00174068,0.00179806,0.00186435,0.00194732,0.00205212,0.00218139,0.00233499,0.0025071,0.00268618,0.00286531,0.00303899,0.00321275,0.0034007,0.00361561,0.00388439,0.00421991,0.0046281,0.00510073,0.00560044,0.00611161,0.00661075,0.00709628,0.00759096,0.00811324,0.00872917,0.00947793,0.01038809,0.01147298,0.01269836,0.01406584,0.01555291,0.0171528,0.01888262,0.02075173,0.02283721,0.0251921,0.02785679,0.03085975,0.03419683,0.03788531,0.04193679,0.04638177,0.0512865,0.05674895,0.0628661,0.0697419,0.07744634,0.08601821,0.09547974,0.10576574,0.11686946,0.12880838,0.14168268,0.15568727,0.1709136,0.18749878,0.20550528,0.2249567,0.24589553,0.2682634,0.29206826,0.31728277,0.34370898,0.3721669,0.40127189,0.4306148,0.4600749
MDG,2057,0.01298013,0.00132094,0.0012057,0.00110278,0.00100631,0.00091225,0.00081544,0.00072178,0.0006374,0.00056776,0.00051848,0.0004919,0.00049005,0.00051487,0.00056616,0.00064377,0.00074146,0.00085216,0.00096598,0.00107059,0.00115881,0.00122564,0.00127408,0.00130927,0.00133706,0.0013628,0.0013914,0.00142506,0.00146448,0.0015095,0.00155828,0.00161061,0.00166343,0.00171664,0.00177343,0.00183898,0.00192085,0.0020243,0.00215182,0.00230333,0.00247313,0.00264983,0.0028267,0.00299853,0.00317076,0.00335721,0.00357045,0.0038365,0.00416803,0.00457058,0.00503643,0.00552974,0.00603459,0.00652796,0.00700845,0.00749872,0.00801716,0.00862774,0.0093693,0.01026944,0.01134084,0.01255069,0.01390145,0.01537228,0.01695455,0.01866697,0.02051981,0.02258403,0.02491449,0.02755305,0.03052812,0.0338351,0.03748941,0.0415049,0.04591062,0.05077398,0.05619487,0.06226744,0.06909442,0.07674348,0.08525569,0.09466109,0.10488863,0.11593102,0.1278077,0.14061641,0.15455552,0.16971386,0.18622418,0.20415001,0.22351914,0.24437627,0.2666717,0.29040696,0.31555472,0.34192971,0.37039383,0.39952838,0.42892894,0.45847782
MDG,2058,0.01270104,0.00128574,0.00117385,0.00107402,0.00098056,0.00088943,0.00079548,0.00070456,0.00062264,0.00055506,0.00050732,0.00048168,0.00048028,0.00050502,0.00055577,0.00063246,0.00072887,0.00083812,0.00095051,0.00105391,0.0011412,0.00120723,0.00125514,0.00128999,0.00131757,0.00134319,0.00137141,0.00140465,0.00144365,0.00148814,0.00153638,0.00158801,0.0016401,0.00169264,0.00174881,0.00181365,0.00189438,0.00199636,0.00212215,0.00227154,0.00243901,0.00261332,0.00278797,0.00295784,0.00312845,0.00331334,0.00352477,0.00378829,0.00411593,0.00451321,0.00497232,0.00545868,0.00595737,0.00644525,0.00692093,0.00740665,0.00792107,0.0085265,0.00926046,0.01015062,0.01120906,0.01240406,0.01373779,0.01519132,0.01675744,0.01845217,0.02028876,0.02233556,0.02464238,0.02725342,0.03019897,0.03347752,0.03709969,0.04107941,0.04544792,0.05027054,0.05565144,0.06168092,0.06846158,0.07606032,0.08451598,0.09386525,0.10403897,0.11502596,0.12684475,0.13959402,0.15347247,0.16856843,0.18501443,0.20287069,0.22216588,0.24294987,0.26517495,0.28884954,0.31394007,0.34026224,0.36873726,0.39791268,0.427383,0.45703348
MDG,2059,0.01244334,0.0012531,0.00114431,0.00104731,0.00095658,0.00086816,0.00077682,0.00068843,0.00060878,0.00054308,0.00049675,0.00047199,0.00047095,0.00049559,0.00054579,0.00062152,0.00071666,0.00082448,0.00093541,0.00103752,0.00112383,0.00118906,0.00123642,0.00127091,0.00129824,0.00132366,0.00135153,0.00138434,0.00142285,0.00146687,0.00151457,0.00156545,0.00161688,0.00166872,0.0017242,0.00178831,0.00186798,0.00196852,0.00209251,0.00223987,0.00240506,0.00257706,0.00274958,0.00291762,0.00308656,0.00326984,0.00347946,0.00374039,0.00406447,0.00445672,0.00490964,0.00538927,0.00588136,0.00636407,0.00683535,0.00731689,0.00782718,0.00842732,0.00915403,0.01003397,0.01107981,0.01226084,0.01357862,0.01501484,0.01656402,0.01824294,0.02006307,0.0220925,0.02437982,0.02696425,0.02987888,0.03312696,0.03671837,0.04066397,0.04499482,0.04977803,0.05511799,0.06110393,0.0678373,0.0753853,0.08378611,0.09307751,0.10319123,0.1141205,0.12587933,0.13856396,0.15237635,0.16740075,0.18377176,0.20155136,0.22076442,0.24146295,0.26360527,0.28720022,0.31222144,0.33847802,0.36692881,0.39610796,0.42561164,0.4553227
MDG,2060,0.01221367,0.0012232,0.00111734,0.00102305,0.00093486,0.00084893,0.00076002,0.00067392,0.00059632,0.00053233,0.00048726,0.0004633,0.00046261,0.00048714,0.00053688,0.00061181,0.00070585,0.00081247,0.0009222,0.00102322,0.00110867,0.00117322,0.00122012,0.0012543,0.00128142,0.00130666,0.00133416,0.0013666,0.00140467,0.00144821,0.00149549,0.00154574,0.00159655,0.00164785,0.00170271,0.00176612,0.00184483,0.00194414,0.00206652,0.00221196,0.00237516,0.00254512,0.0027158,0.0028823,0.00304995,0.00323185,0.00343996,0.00369872,0.00401966,0.00440782,0.00485544,0.00532954,0.00581587,0.00629353,0.00676134,0.00723973,0.00774696,0.00834258,0.00906293,0.00993425,0.01096859,0.01213747,0.01344188,0.01486367,0.01639769,0.0180619,0.01986967,0.02188403,0.02415474,0.02672013,0.02960834,0.03282833,0.03639146,0.04030959,0.04461032,0.04936004,0.05466774,0.06061783,0.06731322,0.07482045,0.08317821,0.0924272,0.10249479,0.11337718,0.12509295,0.13773242,0.15149769,0.16647293,0.18279047,0.20051634,0.21967714,0.24032122,0.26240946,0.28595598,0.31093574,0.33716549,0.3656402,0.39486539,0.42445088,0.45427996
MDG,2061,0.01194514,0.00118941,0.00108683,0.00099552,0.00091019,0.00082703,0.00074082,0.00065734,0.00058207,0.00052002,0.00047638,0.00045331,0.000453,0.0004774,0.00052655,0.00060051,0.00069323,0.00079837,0.00090663,0.00100636,0.00109076,0.00115443,0.0012008,0.00123466,0.00126157,0.00128665,0.00131376,0.00134575,0.00138335,0.00142635,0.00147307,0.00152265,0.00157275,0.00162337,0.00167756,0.00174014,0.00181767,0.00191552,0.0020361,0.00217934,0.00234012,0.00250771,0.00267618,0.00284082,0.00300683,0.00318706,0.00339311,0.00364906,0.00396614,0.00434922,0.00479086,0.00525855,0.00573853,0.00621016,0.00667283,0.00714732,0.00765079,0.008241,0.00895337,0.009814,0.01083494,0.01198872,0.01327715,0.01468236,0.01619909,0.01784497,0.01963571,0.02163307,0.02388263,0.02642422,0.02928531,0.0324723,0.0359989,0.03988042,0.04414534,0.04885572,0.05412235,0.0600292,0.0666764,0.07413249,0.08243554,0.09163065,0.10164259,0.11246504,0.12411939,0.13669961,0.15040395,0.1653123,0.18155927,0.1992104,0.21829727,0.23887183,0.26089153,0.28437224,0.30929489,0.33547707,0.36396331,0.39322322,0.42286961,0.45279853
MDG,2062,0.01169358,0.00115766,0.00105815,0.00096965,0.00088698,0.00080643,0.00072275,0.0006417,0.00056863,0.00050839,0.00046609,0.00044386,0.00044388,0.00046816,0.00051673,0.00058971,0.00068117,0.00078488,0.00089171,0.00099018,0.00107358,0.00113639,0.00118218,0.00121573,0.00124244,0.00126736,0.00129411,0.00132567,0.00136278,0.00140528,0.00145145,0.00150031,0.00154979,0.00159976,0.00165328,0.00171511,0.00179149,0.0018879,0.00200674,0.00214793,0.0023064,0.00247164,0.00263806,0.00280091,0.00296541,0.0031441,0.00334832,0.00360151,0.00391487,0.00429313,0.00472898,0.00519093,0.00566507,0.00613148,0.00658934,0.00705948,0.0075597,0.00814521,0.00885038,0.00970077,0.01070878,0.01184853,0.01312127,0.01451087,0.01601203,0.01764154,0.01941577,0.02139579,0.02362726,0.02614595,0.0289813,0.03214159,0.03563407,0.03947844,0.04370668,0.04838132,0.05361078,0.05947583,0.06607883,0.07348581,0.08173712,0.09088053,0.1008398,0.11160797,0.12320334,0.13572148,0.14936702,0.16421174,0.18038778,0.19796507,0.21697442,0.23747412,0.25942509,0.2828374,0.30769431,0.333819,0.36229158,0.39156445,0.42124659,0.45123577
MDG,2063,0.01143637,0.00112532,0.00102895,0.00094335,0.00086342,0.00078552,0.00070443,0.00062584,0.00055497,0.00049657,0.00045563,0.00043423,0.0004346,0.00045872,0.00050671,0.00057871,0.00066884,0.00077111,0.00087648,0.00097366,0.00105605,0.00111802,0.00116321,0.00119638,0.0012229,0.00124767,0.00127407,0.0013052,0.00134181,0.00138375,0.00142939,0.00147751,0.00152629,0.00157567,0.0016285,0.00168953,0.00176479,0.00185969,0.00197668,0.00211574,0.00227189,0.0024347,0.00259888,0.00275992,0.00292281,0.0030999,0.00330224,0.00355272,0.00386213,0.00423534,0.00466519,0.00512106,0.0055895,0.00605065,0.00650401,0.00696961,0.00746556,0.00804634,0.0087444,0.00958454,0.010579,0.01170391,0.01296068,0.0143334,0.01581833,0.0174315,0.01918939,0.0211507,0.02336155,0.02585816,0.02866595,0.03179795,0.03525998,0.03906645,0.0432539,0.04788809,0.05308037,0.05890402,0.06546031,0.07281813,0.08101525,0.09010547,0.10001018,0.11072325,0.12226211,0.13471776,0.14829914,0.16308165,0.17919062,0.19669512,0.21563086,0.23605651,0.25794007,0.28129353,0.30609511,0.33217077,0.36064644,0.38994784,0.41969312,0.44977561
MDG,2064,0.01119757,0.00109513,0.00100178,0.00091886,0.00084148,0.00076608,0.00068738,0.00061109,0.00054225,0.00048555,0.00044587,0.00042523,0.00042591,0.00044988,0.00049732,0.0005684,0.0006573,0.00075817,0.00086218,0.00095815,0.00103955,0.00110073,0.00114537,0.00117816,0.00120444,0.00122906,0.00125512,0.00128585,0.00132199,0.0013634,0.00140848,0.00145593,0.00150404,0.00155278,0.00160503,0.00166531,0.00173948,0.00183303,0.00194825,0.00208525,0.00223919,0.00239979,0.00256186,0.00272111,0.00288257,0.00305818,0.00325882,0.00350685,0.00381274,0.00418115,0.00460535,0.00505554,0.00551857,0.00597527,0.00642472,0.00688672,0.00737882,0.0079545,0.0086463,0.00947737,0.01045963,0.01157052,0.0128121,0.01416945,0.0156387,0.01723685,0.01898048,0.02092545,0.02311666,0.02559125,0.02837547,0.03148045,0.03491375,0.03868994,0.04283965,0.04743302,0.05258707,0.05837346,0.06488786,0.07219839,0.08034602,0.08938486,0.09923748,0.10989712,0.12138183,0.13378032,0.14729868,0.16201323,0.17805554,0.19548849,0.21434608,0.23469313,0.25649759,0.27977683,0.30451131,0.33052176,0.35896959,0.38826462,0.41802786,0.44816058
MDG,2065,0.01095846,0.00106469,0.00097429,0.00089407,0.0008192,0.00074627,0.00067001,0.00059603,0.00052927,0.00047429,0.00043588,0.00041603,0.00041702,0.00044083,0.00048769,0.00055781,0.00064544,0.00074489,0.00084743,0.00094215,0.00102254,0.00108288,0.00112698,0.00115942,0.00118544,0.00120987,0.00123561,0.00126596,0.00130163,0.00134251,0.00138703,0.00143374,0.0014812,0.00152929,0.00158087,0.00164045,0.00171352,0.00180564,0.00191911,0.00205396,0.00220556,0.00236383,0.00252377,0.00268112,0.00284092,0.00301499,0.0032138,0.00345923,0.00376147,0.00412503,0.00454324,0.00498741,0.00544472,0.00589652,0.00634215,0.00680044,0.00728895,0.0078592,0.00854341,0.00936523,0.01033519,0.0114319,0.0126574,0.01399821,0.01545121,0.01703257,0.01876086,0.02068911,0.02286038,0.02531087,0.0280681,0.03114657,0.03454859,0.03829213,0.04240779,0.0469587,0.05206885,0.05781152,0.06428272,0.071545,0.07963868,0.08862455,0.09842081,0.10902367,0.12045023,0.13278872,0.14624488,0.16088823,0.17685327,0.19421177,0.21299112,0.2332558,0.25498162,0.27818554,0.30285451,0.32881206,0.35725171,0.38656053,0.41636713,0.44657379
MDG,2066,0.01072762,0.0010353,0.00094765,0.00087,0.00079758,0.000727,0.00065309,0.00058137,0.00051663,0.00046333,0.00042615,0.00040706,0.00040836,0.00043202,0.00047831,0.00054749,0.00063386,0.00073192,0.00083305,0.00092647,0.00100588,0.0010654,0.00110894,0.00114106,0.00116686,0.0011911,0.00121649,0.00124647,0.00128171,0.00132208,0.00136606,0.00141207,0.00145884,0.00150632,0.00155725,0.00161608,0.00168815,0.00177888,0.00189063,0.00202346,0.00217276,0.00232871,0.00248655,0.00264212,0.00280029,0.00297273,0.00316979,0.00341268,0.0037114,0.0040703,0.00448286,0.00492108,0.00537278,0.00581981,0.00626161,0.00671678,0.00720205,0.00776768,0.00844462,0.00925651,0.0102149,0.0112984,0.01250878,0.01383334,0.01527019,0.01683562,0.0185482,0.02046024,0.02261304,0.02504118,0.02777149,0.03082218,0.03419598,0.03790677,0.04198859,0.04650404,0.05157147,0.05726733,0.06369161,0.0709076,0.07894985,0.08788119,0.09762235,0.10816647,0.11953332,0.13180904,0.14520022,0.15977266,0.17565502,0.1929236,0.21161619,0.23178993,0.25342072,0.27653281,0.30111249,0.32699012,0.35539208,0.38467913,0.41448448,0.44471548
MDG,2067,0.01049444,0.00100561,0.0009208,0.00084573,0.0007758,0.00070764,0.00063605,0.00056659,0.00050387,0.00045223,0.00041628,0.00039794,0.00039952,0.00042301,0.0004687,0.00053691,0.00062199,0.00071859,0.00081828,0.00091039,0.00098871,0.0010474,0.00109037,0.0011221,0.00114768,0.00117174,0.00119673,0.00122628,0.00126107,0.00130092,0.00134435,0.00138964,0.0014357,0.0014825,0.00153277,0.00159081,0.00166176,0.00175112,0.00186107,0.00199176,0.00213873,0.00229223,0.00244779,0.00260145,0.00275796,0.00292863,0.00312368,0.00336393,0.00365891,0.00401295,0.00441965,0.00485181,0.00529744,0.00573929,0.00617689,0.00662838,0.00711051,0.00767132,0.00834115,0.00914258,0.01008762,0.01115744,0.01235237,0.01366024,0.01507965,0.01662757,0.01832357,0.02021713,0.02234991,0.0247549,0.02745748,0.03047746,0.03381849,0.03749644,0.04154072,0.04601715,0.0510455,0.05669189,0.06306173,0.07022302,0.07821135,0.08708624,0.09676632,0.107249,0.1185504,0.13075869,0.1440799,0.15857812,0.17437986,0.19155635,0.21015175,0.23023549,0.25177638,0.27479849,0.2992961,0.32510011,0.35347968,0.38277288,0.41261023,0.4429018
MDG,2068,0.01026872,0.00097695,0.0008949,0.00082232,0.00075475,0.00068893,0.00061963,0.00055231,0.00049154,0.00044152,0.00040676,0.00038914,0.00039099,0.00041431,0.00045944,0.00052669,0.00061053,0.00070573,0.00080399,0.00089485,0.00097214,0.00102995,0.00107238,0.00110377,0.00112913,0.00115303,0.00117769,0.00120683,0.00124114,0.00128051,0.00132343,0.00136803,0.00141343,0.00145958,0.00150917,0.00156648,0.00163636,0.00172435,0.00183267,0.00196132,0.00210605,0.00225729,0.00241068,0.00256245,0.00271736,0.00288645,0.00307959,0.00331719,0.00360869,0.0039581,0.00435927,0.00478578,0.00522588,0.00566273,0.00609635,0.00654447,0.00702357,0.00758046,0.00824392,0.00903625,0.00996875,0.01102454,0.01220534,0.01349814,0.01490179,0.01643317,0.01811341,0.01999033,0.02210377,0.02448746,0.02716544,0.03015817,0.03346801,0.03711335,0.04112558,0.04556506,0.05055695,0.05616484,0.0624851,0.06959216,0.07752694,0.08635264,0.09598002,0.10640571,0.11764987,0.12979577,0.14305296,0.15748219,0.17321005,0.19030678,0.20881174,0.22880206,0.25026042,0.27320175,0.29761975,0.32335367,0.35170337,0.38099055,0.41085012,0.44118711
MDG,2069,0.01006293,0.00094991,0.00087049,0.00080029,0.00073496,0.0006713,0.00060416,0.00053888,0.00047991,0.0004314,0.00039775,0.0003808,0.00038291,0.00040606,0.00045063,0.000517,0.00059966,0.00069354,0.00079048,0.00088012,0.00095645,0.00101345,0.00105528,0.00108634,0.00111147,0.00113518,0.00115953,0.00118828,0.00122212,0.00126098,0.0013034,0.00134737,0.00139214,0.00143769,0.00148666,0.00154324,0.00161212,0.00169879,0.00180547,0.00193225,0.00207483,0.00222388,0.00237528,0.00252529,0.00267867,0.00284632,0.00303782,0.00327299,0.00356112,0.00390624,0.00430218,0.00472338,0.00515837,0.00559078,0.00602061,0.00646561,0.00694204,0.00749523,0.0081534,0.0089375,0.00985897,0.01090156,0.01206774,0.01334676,0.01473622,0.01625265,0.01791788,0.0197788,0.02187458,0.02423733,0.02689221,0.02986036,0.03314206,0.03675568,0.04073521,0.04514269,0.05009913,0.05567015,0.06195129,0.06900762,0.07688724,0.08566145,0.09524089,0.10561512,0.11680306,0.12889167,0.14208664,0.15645019,0.17210705,0.18912845,0.20755264,0.22745105,0.24881508,0.27167254,0.29600709,0.32165893,0.34996727,0.37923305,0.40909874,0.43947208
MDG,2070,0.00985797,0.00092376,0.00084691,0.00077905,0.00071589,0.00065432,0.0005892,0.00052591,0.00046868,0.00042159,0.000389,0.00037269,0.00037502,0.00039798,0.00044199,0.00050745,0.00058892,0.00068147,0.00077705,0.00086548,0.00094077,0.00099697,0.00103823,0.00106888,0.0010938,0.00111734,0.00114136,0.00116975,0.00120316,0.0012415,0.00128338,0.00132672,0.00137088,0.00141582,0.00146416,0.00152,0.00158786,0.00167327,0.00177834,0.00190321,0.00204377,0.00219069,0.00234008,0.00248839,0.00264018,0.00280623,0.00299599,0.00322876,0.00351347,0.00385417,0.00424501,0.00466095,0.00509092,0.005519,0.00594526,0.00638689,0.00686041,0.00740977,0.00806234,0.00883884,0.00974972,0.01078013,0.01193197,0.01319601,0.01457194,0.01607434,0.01772533,0.01957011,0.02164794,0.02399055,0.02662166,0.02956554,0.03282062,0.03640436,0.04035056,0.04472365,0.04964799,0.05518122,0.06142291,0.06843766,0.0762638,0.08498251,0.09450953,0.10483555,0.11597149,0.1280019,0.14113743,0.15543364,0.17101863,0.18796321,0.20630819,0.22612507,0.24740126,0.2701742,0.29444041,0.32002989,0.34830686,0.37756205,0.40743874,0.43784952
MDG,2071,0.0096617,0.00089931,0.0008243,0.00075824,0.00069691,0.00063722,0.00057404,0.00051265,0.0004572,0.0004116,0.00038009,0.00036446,0.00036704,0.00038983,0.00043326,0.00049778,0.00057802,0.0006692,0.00076338,0.00085056,0.00092488,0.00098026,0.001021,0.0010513,0.00107593,0.00109932,0.001123,0.00115099,0.00118395,0.00122178,0.00126311,0.00130576,0.0013493,0.00139366,0.00144136,0.00149646,0.00156326,0.0016473,0.0017507,0.00187355,0.00201186,0.00215656,0.00230377,0.00245012,0.00260017,0.00276432,0.00295192,0.00318186,0.00346278,0.00379848,0.00418341,0.00459346,0.00501761,0.00544055,0.00586238,0.00629989,0.0067692,0.00731333,0.00795887,0.00872594,0.00962511,0.01064177,0.01177808,0.01302485,0.01438307,0.01586894,0.01750321,0.01932901,0.02138468,0.0237023,0.02630541,0.02921871,0.03244147,0.03599033,0.03989787,0.04422786,0.04910883,0.05459868,0.06078984,0.06775152,0.0755216,0.08417288,0.09362809,0.1038843,0.11495341,0.12691109,0.13996711,0.15418114,0.16967599,0.18652768,0.20477723,0.22449853,0.24567912,0.26835129,0.29252143,0.31803323,0.34627057,0.37550452,0.40538803,0.43583328
MDG,2072,0.00948494,0.00087728,0.00080391,0.00073943,0.00067971,0.0006217,0.00056026,0.00050059,0.00044671,0.00040246,0.00037194,0.0003569,0.0003597,0.0003823,0.00042518,0.00048881,0.00056788,0.00065775,0.00075062,0.0008366,0.00090995,0.00096458,0.00100477,0.00103474,0.00105913,0.00108227,0.00110566,0.00113327,0.00116579,0.00120314,0.00124396,0.00128595,0.00132887,0.00137267,0.00141979,0.0014742,0.00154001,0.00162278,0.00172457,0.00184556,0.00198178,0.00212433,0.00226959,0.00241413,0.0025625,0.00272498,0.00291053,0.00313773,0.00341508,0.00374623,0.00412563,0.00453001,0.00494885,0.00536701,0.00578479,0.0062186,0.00668427,0.00722339,0.00786228,0.00862057,0.00950863,0.01051318,0.01163542,0.0128671,0.01420893,0.01567796,0.01729729,0.01910629,0.02114214,0.02343627,0.02601287,0.02889822,0.03208967,0.03560604,0.03947887,0.04377025,0.04860938,0.05405547,0.06020296,0.0671137,0.07483068,0.083428,0.09281611,0.10300076,0.11400037,0.12589129,0.1388748,0.15300756,0.16841851,0.18517859,0.20333518,0.22296224,0.24405054,0.26663171,0.29070682,0.31613039,0.3443209,0.37352484,0.40339712,0.43385704
MDG,2073,0.00929803,0.00085364,0.00078199,0.0007192,0.0006612,0.00060498,0.00054543,0.00048762,0.00043545,0.00039263,0.0003632,0.00034882,0.00035185,0.00037427,0.00041659,0.00047928,0.00055713,0.00064561,0.0007371,0.00082187,0.00089423,0.00094806,0.00098773,0.00101734,0.00104152,0.00106447,0.00108748,0.00111473,0.00114681,0.00118365,0.00122396,0.00126531,0.00130757,0.00135076,0.0013973,0.00145102,0.00151582,0.00159726,0.00169739,0.00181637,0.00195042,0.00209072,0.00223385,0.0023766,0.00252328,0.00268399,0.00286755,0.00309191,0.00336544,0.00369178,0.00406548,0.00446388,0.00487689,0.00529011,0.00570365,0.00613363,0.00659567,0.0071299,0.00776167,0.00851063,0.00938698,0.01037852,0.01148677,0.01270307,0.01402892,0.01548051,0.01708256,0.01887466,0.02089079,0.02316135,0.0257101,0.02856591,0.0317256,0.03520703,0.03904401,0.04329713,0.04809533,0.05349552,0.05959488,0.06645766,0.07411912,0.08266089,0.09199186,0.10210567,0.1130298,0.12484741,0.13776222,0.1518201,0.16714782,0.1838237,0.20188943,0.22142513,0.24242151,0.2649123,0.28889769,0.31422889,0.34236271,0.37154016,0.40140921,0.43188895
MDG,2074,0.00911519,0.00083115,0.00076116,0.00069998,0.00064363,0.00058911,0.00053133,0.0004753,0.00042474,0.00038327,0.00035484,0.00034108,0.00034433,0.00036656,0.0004083,0.00047008,0.00054672,0.00063386,0.00072397,0.00080752,0.00087892,0.00093197,0.0009711,0.00100038,0.00102431,0.00104709,0.00106977,0.00109659,0.00112825,0.00116461,0.00120439,0.00124511,0.00128676,0.00132932,0.00137522,0.00142825,0.00149208,0.00157224,0.00167076,0.00178781,0.00191971,0.00205784,0.0021989,0.00233977,0.00248482,0.00264375,0.00282523,0.00304686,0.00331658,0.00363811,0.00400622,0.00439892,0.00480622,0.00521436,0.00562377,0.00604991,0.00650829,0.0070377,0.00766273,0.00840228,0.009267,0.01024573,0.01133996,0.01254201,0.0138526,0.01528822,0.01687329,0.01864684,0.0206441,0.02289235,0.02541452,0.02824074,0.03136834,0.03481579,0.03861574,0.04283085,0.04758977,0.05294602,0.05899587,0.06580682,0.07341687,0.08190116,0.09117355,0.10122724,0.11207643,0.12381337,0.13665006,0.15063331,0.16587928,0.18246437,0.20043929,0.21987814,0.24077984,0.26317814,0.28707555,0.31232358,0.34039694,0.36953203,0.3993901,0.42988066
MDG,2075,0.008945,0.00081018,0.00074173,0.00068206,0.00062722,0.00057428,0.00051814,0.00046373,0.00041467,0.00037446,0.00034695,0.00033374,0.00033718,0.00035921,0.00040038,0.00046126,0.00053674,0.00062256,0.00071135,0.0007937,0.00086413,0.00091644,0.00095504,0.00098397,0.00100767,0.00103022,0.0010526,0.00107904,0.00111022,0.00114611,0.00118539,0.00122548,0.00126654,0.00130852,0.0013538,0.00140612,0.00146901,0.00154795,0.00164491,0.0017601,0.00188992,0.00202591,0.00216496,0.00230401,0.00244738,0.00260466,0.00278414,0.00300305,0.0032692,0.00358603,0.00394861,0.00433572,0.0047376,0.00514074,0.00554586,0.0059683,0.00642304,0.00694776,0.00756627,0.00829697,0.00915012,0.01011619,0.01119671,0.01238454,0.01368119,0.01510175,0.01667153,0.01842716,0.02040417,0.02263143,0.02512882,0.02792724,0.03102332,0.03443716,0.03820202,0.04237896,0.04710016,0.05241614,0.05842093,0.06518137,0.07273913,0.08117402,0.09039026,0.10038741,0.11117917,0.12284317,0.1356023,0.14951136,0.16468938,0.1812021,0.19909906,0.21846465,0.23929267,0.26162553,0.28546575,0.31066838,0.33873351,0.36787676,0.39777058,0.42833573
MDG,2076,0.00876463,0.00078781,0.00072097,0.00066287,0.00060963,0.00055836,0.00050399,0.00045133,0.00040387,0.00036502,0.0003385,0.00032589,0.00032953,0.00035136,0.00039194,0.00045184,0.00052607,0.00061051,0.00069787,0.00077896,0.00084834,0.00089984,0.00093792,0.00096648,0.00098993,0.00101229,0.00103429,0.00106035,0.00109106,0.00112639,0.00116515,0.00120458,0.00124499,0.00128638,0.00133103,0.00138259,0.00144443,0.00152208,0.00161741,0.00173063,0.00185825,0.00199197,0.00212886,0.00226603,0.00240763,0.00256309,0.00274058,0.00295665,0.00321898,0.00353097,0.00388766,0.00426872,0.00466481,0.00506283,0.00546338,0.00588165,0.00633264,0.00685239,0.00746408,0.00818556,0.00902686,0.00997927,0.01104502,0.01221764,0.01349893,0.01490428,0.01645807,0.0181958,0.02015116,0.02235356,0.02482481,0.02759418,0.0306571,0.03403395,0.03775957,0.0418953,0.04657267,0.05184324,0.05779891,0.06450424,0.07200023,0.08037202,0.08952614,0.09945278,0.11017224,0.12176132,0.1344276,0.14823594,0.16331507,0.17973379,0.19752863,0.21678063,0.23749368,0.25970281,0.28341859,0.30849759,0.33646149,0.36551631,0.39533352,0.42584225
MDG,2077,0.00859728,0.0007673,0.00070199,0.00064537,0.00059362,0.00054388,0.00049111,0.00044004,0.00039403,0.00035639,0.00033078,0.0003187,0.0003225,0.00034411,0.00038414,0.00044317,0.00051622,0.00059936,0.00068543,0.00076534,0.00083379,0.00088451,0.00092207,0.00095031,0.00097351,0.00099566,0.00101735,0.001043,0.00107329,0.00110812,0.00114632,0.00118515,0.00122497,0.00126577,0.00130983,0.00136069,0.00142155,0.00149793,0.00159174,0.00170314,0.00182871,0.00196031,0.00209517,0.0022305,0.00237046,0.00252417,0.00269964,0.00291314,0.00317189,0.0034793,0.00383063,0.00420601,0.00459654,0.0049897,0.00538611,0.00580039,0.00624754,0.00676268,0.0073679,0.00808074,0.00891104,0.00985099,0.01090259,0.01206074,0.01332763,0.01471842,0.01625833,0.01797988,0.01991643,0.02209572,0.02454043,0.02728349,0.03031668,0.03366013,0.03734887,0.04144567,0.04608355,0.05131096,0.05722219,0.06387986,0.07132275,0.07963698,0.08873244,0.09860274,0.10925804,0.12078207,0.13338268,0.14710652,0.16209455,0.17842752,0.19614638,0.21531836,0.23594611,0.2580766,0.28171392,0.30672479,0.33465494,0.36369851,0.39352909,0.42407174
MDG,2078,0.00840843,0.00074557,0.00068199,0.00062701,0.0005769,0.00052881,0.00047773,0.00042831,0.00038381,0.00034741,0.0003227,0.00031116,0.00031512,0.00033648,0.00037589,0.00043396,0.00050579,0.00058751,0.00067218,0.00075086,0.00081829,0.00086824,0.00090525,0.00093315,0.00095615,0.00097811,0.00099948,0.00102477,0.00105458,0.00108892,0.00112658,0.00116471,0.00120391,0.00124409,0.00128749,0.00133762,0.00139745,0.00147249,0.00156465,0.00167412,0.00179754,0.00192689,0.00205957,0.00219287,0.0023309,0.00248266,0.00265587,0.00286639,0.00312139,0.00342392,0.00376948,0.00413896,0.0045235,0.00491121,0.00530294,0.00571289,0.00615561,0.00666523,0.00726345,0.00796692,0.00878552,0.00971235,0.01074941,0.01189193,0.01314329,0.01451855,0.01604321,0.01774873,0.01966604,0.02182273,0.02423989,0.02695292,0.02995571,0.03326539,0.03691667,0.04097224,0.04556793,0.05075138,0.05661474,0.0632235,0.07061444,0.07887275,0.08790674,0.09771446,0.10830971,0.11976536,0.13229813,0.14595407,0.16085512,0.17709628,0.19473249,0.21383486,0.2343912,0.25644696,0.28001833,0.30496692,0.33287141,0.3619114,0.39176533,0.42235793
MDG,2079,0.00825136,0.0007259,0.00066374,0.00061013,0.00056141,0.00051478,0.00046525,0.00041735,0.00037424,0.00033902,0.00031518,0.00030415,0.00030827,0.00032943,0.00036828,0.00042546,0.00049618,0.00057665,0.00066001,0.00073753,0.00080403,0.00085324,0.00088976,0.0009173,0.00094007,0.00096185,0.0009829,0.00100781,0.00103721,0.00107104,0.00110821,0.00114573,0.0011843,0.00122395,0.00126678,0.00131623,0.00137515,0.001449,0.00153962,0.00164727,0.00176872,0.00189605,0.00202679,0.00215836,0.0022948,0.00244491,0.00261627,0.00282426,0.00307583,0.0033741,0.00371446,0.00407854,0.00445786,0.00484075,0.00522836,0.00563471,0.00607404,0.00657903,0.00717094,0.00786629,0.00867439,0.00958948,0.01061358,0.01174245,0.01297957,0.01434075,0.01585189,0.0175428,0.01944408,0.02158099,0.02397475,0.02666058,0.02963326,0.03291318,0.03653177,0.04055103,0.04510776,0.05025014,0.05607055,0.06263231,0.06997531,0.07818399,0.08716333,0.09691074,0.10744474,0.11884207,0.13130844,0.14489801,0.15973265,0.17588566,0.19342777,0.21244424,0.2329263,0.25490255,0.27838787,0.30325811,0.33110776,0.36011351,0.38995692,0.42056477
MDG,2080,0.00809046,0.00070673,0.00064597,0.00059372,0.00054636,0.00050113,0.00045309,0.00040667,0.00036491,0.00033082,0.0003078,0.00029727,0.00030152,0.00032245,0.00036073,0.00041701,0.00048655,0.00056574,0.00064779,0.00072409,0.00078962,0.00083808,0.00087407,0.00090129,0.0009238,0.00094539,0.00096616,0.00099071,0.00101967,0.00105303,0.00108966,0.00112657,0.00116453,0.00120356,0.00124581,0.00129458,0.00135256,0.00142522,0.00151435,0.00162018,0.00173964,0.00186495,0.00199375,0.00212354,0.00225829,0.00240662,0.00257595,0.0027813,0.00302935,0.00332316,0.00365842,0.00401707,0.00439104,0.00476918,0.00515245,0.00555479,0.00599035,0.00649061,0.00707588,0.0077625,0.00856006,0.00946319,0.01047421,0.01158943,0.01281261,0.01415913,0.0156561,0.01733197,0.01921635,0.02133438,0.02370504,0.02636504,0.02930731,0.03255414,0.03614038,0.04012418,0.04464252,0.04974248,0.05551811,0.06203321,0.0693255,0.07748402,0.08641092,0.09610088,0.10657153,0.11790444,0.13031029,0.14382999,0.15859532,0.17468021,0.19213247,0.21105617,0.23146003,0.25337601,0.27680175,0.30161323,0.32943449,0.3584259,0.38827915,0.41892106
MDG,2081,0.00792805,0.00068742,0.0006281,0.00057723,0.00053127,0.00048745,0.0004409,0.00039596,0.00035554,0.00032257,0.00030038,0.00029033,0.00029471,0.00031541,0.00035311,0.00040848,0.00047685,0.00055471,0.00063546,0.00071058,0.00077509,0.00082279,0.00085827,0.00088513,0.00090741,0.00092877,0.00094922,0.00097342,0.00100194,0.0010348,0.00107091,0.00110716,0.00114453,0.00118296,0.00122455,0.00127263,0.00132965,0.00140107,0.00148868,0.00159269,0.00171008,0.00183327,0.00196009,0.00208806,0.0022211,0.00236763,0.00253487,0.00273746,0.00298197,0.00327123,0.00360112,0.0039544,0.00432292,0.00469609,0.00507509,0.00547321,0.00590468,0.00639995,0.00697859,0.00765618,0.00844248,0.00933343,0.01033093,0.0114321,0.012641,0.01397283,0.01545464,0.01711446,0.01898104,0.02107871,0.02342654,0.02606018,0.02897267,0.03218512,0.03573433,0.03968185,0.04416138,0.04921816,0.05494593,0.06141044,0.06865002,0.07675258,0.0856233,0.09525454,0.10566095,0.116923,0.12925746,0.14270997,0.15739848,0.17340809,0.1907874,0.20961499,0.22992161,0.25175701,0.27512107,0.29987401,0.32766038,0.3566411,0.38650446,0.41718522
MDG,2082,0.00777501,0.00066901,0.00061099,0.00056139,0.0005167,0.00047422,0.00042907,0.00038553,0.00034641,0.00031453,0.00029312,0.00028353,0.00028803,0.00030848,0.0003456,0.00040006,0.00046725,0.00054378,0.00062315,0.00069706,0.00076059,0.00080746,0.0008424,0.00086892,0.00089094,0.0009121,0.00093223,0.00095606,0.00098416,0.00101651,0.00105209,0.00108773,0.00112446,0.00116232,0.0012033,0.00125064,0.00130674,0.00137696,0.00146306,0.00156528,0.00168067,0.00180177,0.00192659,0.0020528,0.00218419,0.00232899,0.00249423,0.00269415,0.0029351,0.00321994,0.00354457,0.00389238,0.00425571,0.00462404,0.00499878,0.00539304,0.00582047,0.0063107,0.0068828,0.00755182,0.00832707,0.00920567,0.01019011,0.01127752,0.01247259,0.01379034,0.01525795,0.01690174,0.0187507,0.02082848,0.02315351,0.02576278,0.02864678,0.03182754,0.03534051,0.03924904,0.04369117,0.04870682,0.05438867,0.06080229,0.06798815,0.07603559,0.08484683,0.09441811,0.10476147,0.11595415,0.12821219,0.14158727,0.15620356,0.1721308,0.18942972,0.2081781,0.22837955,0.25010689,0.27337689,0.29805226,0.32577384,0.35469765,0.38452672,0.41518982
MDG,2083,0.00761401,0.00065021,0.00059361,0.00054535,0.00050198,0.00046083,0.00041712,0.00037496,0.0003371,0.00030627,0.00028562,0.00027646,0.00028104,0.00030119,0.00033764,0.00039109,0.00045703,0.00053215,0.00061007,0.00068265,0.00074512,0.00079124,0.00082561,0.0008518,0.00087363,0.00089462,0.00091453,0.00093806,0.00096582,0.00099778,0.00103291,0.00106803,0.00110427,0.00114162,0.00118211,0.00122886,0.00128407,0.00135321,0.00143792,0.00153848,0.00165204,0.00177117,0.00189406,0.0020185,0.00214829,0.00229143,0.00245464,0.00265191,0.0028894,0.00316987,0.00348944,0.00383184,0.00418981,0.00455342,0.00492381,0.00531394,0.00573731,0.0062222,0.00678732,0.00744745,0.00821166,0.00907757,0.01004811,0.01112151,0.01230222,0.01360541,0.01505866,0.01668667,0.01851718,0.02057425,0.02287578,0.02545971,0.02831626,0.03146539,0.03494348,0.03881224,0.04321344,0.0481895,0.0538282,0.06019419,0.06732774,0.07532254,0.08407959,0.09359223,0.10387671,0.11500791,0.12720113,0.14050635,0.1550555,0.17092535,0.18815895,0.20684648,0.22698933,0.24863217,0.27181727,0.29642676,0.32412915,0.35305126,0.38290014,0.41361653
MDG,2084,0.00747807,0.00063345,0.00057795,0.00053075,0.00048847,0.00044845,0.00040598,0.00036509,0.00032837,0.00029851,0.00027855,0.00026979,0.00027444,0.0002943,0.00033011,0.00038256,0.00044726,0.00052098,0.00059746,0.00066871,0.00073004,0.00077536,0.00080919,0.00083497,0.00085653,0.00087732,0.00089697,0.0009202,0.00094756,0.00097907,0.00101375,0.00104833,0.00108405,0.00112092,0.00116088,0.00120706,0.00126143,0.00132945,0.00141281,0.00151173,0.00162346,0.00174069,0.00186174,0.00198451,0.00211275,0.00225433,0.00241568,0.00261044,0.00284458,0.0031208,0.00343534,0.00377251,0.00412525,0.00448411,0.00485052,0.00523676,0.00565613,0.00613613,0.00669442,0.00734569,0.00809907,0.00895284,0.00990971,0.01096883,0.01213555,0.01342426,0.0148631,0.01647534,0.0182878,0.02032341,0.02260076,0.02515862,0.02798631,0.03110466,0.03454774,0.03837795,0.04273627,0.04766606,0.05325914,0.05957483,0.06665231,0.07458643,0.08327946,0.09272535,0.10293732,0.11399495,0.12611228,0.13933532,0.1537952,0.16957652,0.18672917,0.20532293,0.22537134,0.24691715,0.26997507,0.294456,0.32205992,0.35091135,0.38070647,0.41138628
MDG,2085,0.00732848,0.00061561,0.00056138,0.00051537,0.00047426,0.00043546,0.00039433,0.00035476,0.00031926,0.0002904,0.00027117,0.00026282,0.00026753,0.00028708,0.00032221,0.00037363,0.00043703,0.00050929,0.00058428,0.00065415,0.00071432,0.00075876,0.00079203,0.00081745,0.00083872,0.00085928,0.00087869,0.00090159,0.00092856,0.00095961,0.00099379,0.00102783,0.00106301,0.00109936,0.00113879,0.00118432,0.00123783,0.0013047,0.00138659,0.00148382,0.00159365,0.00170886,0.001828,0.00194899,0.00207554,0.00221535,0.00237464,0.00256671,0.00279732,0.00306908,0.00337835,0.00370993,0.00405724,0.00441105,0.00477296,0.00515515,0.00557019,0.00604473,0.00659599,0.00723777,0.00797944,0.00882025,0.00976293,0.01080681,0.01195797,0.01323128,0.01465443,0.01624964,0.01804278,0.02005598,0.02230683,0.0248362,0.02763268,0.03071697,0.03412399,0.0379134,0.04222804,0.04710807,0.05264733,0.05890949,0.06592804,0.07379818,0.08242078,0.09179222,0.10192642,0.11289981,0.12493314,0.13806909,0.15243536,0.16811527,0.18516688,0.20366674,0.22360554,0.24504005,0.26798427,0.29232577,0.31980791,0.34856743,0.37830548,0.40894893
MDG,2086,0.00721755,0.00060132,0.00054788,0.00050265,0.00046235,0.00042442,0.00038433,0.0003458,0.00031127,0.00028324,0.00026459,0.00025657,0.00026129,0.00028051,0.00031496,0.00036534,0.00042749,0.00049829,0.00057176,0.00064022,0.00069915,0.00074267,0.00077523,0.00080018,0.00082107,0.00084123,0.0008603,0.00088281,0.00090931,0.00093983,0.00097343,0.00100692,0.0010416,0.00107744,0.00111637,0.0011613,0.001214,0.00127983,0.00136037,0.00145594,0.00156399,0.00167736,0.00179477,0.00191427,0.00203945,0.00217782,0.00233534,0.00252508,0.00275256,0.00302028,0.00332478,0.00365122,0.00399345,0.0043428,0.00470073,0.00507923,0.00549066,0.00596037,0.00650511,0.00713846,0.00786925,0.00869774,0.00962715,0.01065724,0.01179401,0.01305265,0.01446172,0.01604136,0.01781695,0.01980988,0.0220371,0.02453986,0.02730743,0.03036065,0.03373427,0.03748863,0.04176488,0.04660267,0.05209349,0.05830334,0.06527047,0.07308563,0.08164753,0.09095246,0.10101717,0.1119191,0.12387692,0.13693883,0.15122985,0.16682904,0.18379255,0.20220516,0.22206415,0.24340321,0.26625247,0.29050192,0.31788867,0.34657094,0.37626939,0.40691178
MDG,2087,0.00711104,0.00058857,0.00053575,0.00049114,0.00045152,0.00041434,0.00037515,0.00033757,0.00030393,0.00027665,0.00025854,0.00025081,0.00025553,0.00027444,0.00030824,0.00035766,0.00041859,0.00048802,0.00056006,0.00062718,0.00068498,0.00072765,0.00075959,0.00078407,0.00080464,0.0008245,0.00084322,0.00086536,0.00089144,0.00092145,0.00095453,0.00098749,0.00102167,0.00105707,0.00109548,0.00113983,0.00119178,0.00125658,0.00133585,0.00142986,0.00153615,0.00164776,0.00176345,0.00188137,0.00200509,0.00214188,0.00229744,0.00248464,0.0027089,0.00297258,0.00327233,0.00359364,0.00393073,0.00427526,0.00462889,0.00500315,0.00541007,0.00587452,0.0064122,0.00703653,0.00775643,0.00857227,0.00948786,0.01050369,0.01162593,0.01286919,0.01426267,0.01582599,0.01758298,0.01955475,0.02175771,0.02423375,0.02697095,0.02999175,0.03333094,0.03704833,0.04128678,0.04608159,0.05152489,0.05768037,0.06458891,0.072348,0.08084926,0.09008782,0.10008029,0.1109069,0.12278837,0.13576895,0.14998078,0.16550035,0.18237939,0.20070101,0.22047249,0.24173452,0.26449468,0.28866166,0.31598764,0.34460346,0.37425884,0.40489656
MDG,2088,0.00702022,0.0005767,0.00052433,0.00048024,0.00044119,0.00040469,0.00036633,0.00032964,0.00029685,0.0002703,0.00025271,0.00024527,0.00024999,0.00026859,0.00030178,0.00035026,0.00041003,0.00047813,0.00054878,0.00061458,0.00067124,0.00071308,0.0007444,0.0007684,0.00078856,0.0008081,0.00082651,0.00084823,0.00087386,0.00090338,0.00093591,0.00096837,0.00100205,0.00103698,0.00107493,0.0011187,0.00116991,0.00123373,0.00131172,0.00140422,0.00150881,0.00161865,0.00173273,0.00184921,0.00197157,0.00210699,0.00226082,0.00244567,0.00266681,0.00292665,0.00322186,0.00353828,0.0038705,0.00421054,0.00456013,0.00493065,0.00533354,0.00579297,0.00632438,0.00694029,0.00764971,0.0084538,0.00935606,0.01035795,0.01146618,0.01269513,0.01407361,0.01562062,0.01735994,0.01931119,0.02149073,0.02394095,0.02664933,0.02963779,0.03294274,0.0366237,0.04082369,0.04557777,0.05097438,0.05707804,0.06392723,0.07162334,0.08006314,0.08923507,0.09915449,0.10990121,0.12169954,0.13459491,0.14871567,0.16414606,0.18093404,0.1991566,0.21881905,0.2399722,0.26263089,0.2866839,0.31391028,0.3424425,0.37201118,0.4025835
MDG,2089,0.00692278,0.00056454,0.00051273,0.0004692,0.00043079,0.00039499,0.0003575,0.00032169,0.00028975,0.00026392,0.00024685,0.00023969,0.00024442,0.0002627,0.00029527,0.00034279,0.0004014,0.00046815,0.0005374,0.0006019,0.00065742,0.00069842,0.00072912,0.00075265,0.00077242,0.00079158,0.00080968,0.00083102,0.00085616,0.00088516,0.00091716,0.0009491,0.00098228,0.00101671,0.00105416,0.00109736,0.0011478,0.00121061,0.00128732,0.00137826,0.00148113,0.00158919,0.00170154,0.00181651,0.00193745,0.00207135,0.00222336,0.00240578,0.0026237,0.0028795,0.00317008,0.00348153,0.00380878,0.00414419,0.00448954,0.00485595,0.00525462,0.00570874,0.00623329,0.00684073,0.00753938,0.00833118,0.00922008,0.01020743,0.01130075,0.01251459,0.01387775,0.01540757,0.01712761,0.01905765,0.02121265,0.02363605,0.02631469,0.02927042,0.03253897,0.03618131,0.04034101,0.04505154,0.0504019,0.05645296,0.06324426,0.07087588,0.07924705,0.08835218,0.09819941,0.10886696,0.1205798,0.13338674,0.14741842,0.16275553,0.17945465,0.19758802,0.2171549,0.2382047,0.26076425,0.28473228,0.31188281,0.34036311,0.369909,0.40046577
MDG,2090,0.00682637,0.00055216,0.00050085,0.00045785,0.00042003,0.00038494,0.00034833,0.00031345,0.00028239,0.00025731,0.00024077,0.00023391,0.00023865,0.00025662,0.00028853,0.00033507,0.00039246,0.00045782,0.00052562,0.00058875,0.00064309,0.00068321,0.00071327,0.00073633,0.00075572,0.00077451,0.00079224,0.00081321,0.0008379,0.00086635,0.00089779,0.00092921,0.00096188,0.00099584,0.00103277,0.00107538,0.00112508,0.00118685,0.00126225,0.00135161,0.00145271,0.00155898,0.00166961,0.00178299,0.00190254,0.00203495,0.00218513,0.00236512,0.00257982,0.0028315,0.00311725,0.00342362,0.00374584,0.00407658,0.00441771,0.00478003,0.00517436,0.00562326,0.00614092,0.00673948,0.00742752,0.00820692,0.00908207,0.01005512,0.01113328,0.01233154,0.01367916,0.01519215,0.01689273,0.01880064,0.02093119,0.02332751,0.02597632,0.02889945,0.03213248,0.03573534,0.03985402,0.04452067,0.04982348,0.05582417,0.06255848,0.07012894,0.07843146,0.08746378,0.09724045,0.1078318,0.11946196,0.13217943,0.14611931,0.16136507,0.17796871,0.1960108,0.21548459,0.23643263,0.25888122,0.2827434,0.30981436,0.3382204,0.36771849,0.39825486
MDG,2091,0.00671676,0.00053987,0.00048917,0.00044678,0.00040961,0.00037524,0.0003395,0.00030553,0.00027531,0.00025094,0.00023491,0.00022833,0.00023305,0.00025069,0.00028196,0.00032752,0.0003837,0.00044768,0.00051404,0.00057584,0.00062903,0.00066833,0.00069777,0.0007204,0.00073946,0.00075793,0.00077536,0.00079595,0.00082022,0.00084819,0.00087907,0.00090996,0.00094213,0.00097559,0.00101202,0.001054,0.00110293,0.00116371,0.00123781,0.00132561,0.00142497,0.0015294,0.00163827,0.00175,0.00186789,0.00199862,0.00214674,0.00232408,0.00253543,0.00278296,0.00306381,0.00336495,0.00368201,0.00400789,0.00434447,0.0047023,0.0050918,0.00553484,0.00604526,0.00663463,0.00731152,0.00807868,0.00894005,0.00989849,0.01096179,0.0121442,0.01347568,0.0149715,0.01665303,0.01853879,0.02064427,0.02301403,0.02563325,0.02852427,0.03172256,0.03528764,0.03936526,0.04398848,0.04924518,0.05519656,0.06187946,0.06939355,0.07763541,0.08659973,0.09630445,0.10682679,0.11838358,0.13102206,0.14487831,0.16004164,0.17656748,0.19453103,0.21393462,0.23481393,0.25718927,0.28097581,0.30799328,0.33637423,0.36586046,0.39641461
MDG,2092,0.006628,0.00052863,0.00047839,0.00043649,0.00039988,0.00036614,0.00033119,0.00029806,0.00026864,0.00024494,0.0002294,0.00022307,0.0002278,0.00024515,0.00027582,0.00032048,0.00037554,0.00043824,0.00050326,0.00056381,0.00061591,0.0006544,0.00068326,0.00070543,0.00072413,0.00074228,0.0007594,0.0007796,0.00080342,0.00083092,0.00086129,0.00089165,0.00092335,0.00095637,0.00099232,0.00103376,0.00108196,0.00114178,0.00121469,0.00130102,0.00139875,0.00150151,0.00160877,0.00171908,0.00183563,0.00196491,0.00211135,0.00228644,0.0024948,0.00273859,0.00301504,0.00331142,0.00362377,0.00394543,0.00427822,0.00463239,0.005018,0.00545618,0.00596025,0.00654162,0.00720852,0.00796431,0.00881355,0.00975885,0.01080858,0.01197723,0.01329414,0.01477421,0.01643844,0.01830461,0.02038713,0.02273171,0.02532406,0.02818546,0.03135186,0.03488237,0.03892287,0.04350458,0.04871706,0.05462131,0.06125362,0.06871563,0.0768993,0.08580064,0.09543432,0.10588097,0.11736546,0.12992622,0.14369797,0.15877052,0.1752043,0.1930762,0.21238133,0.23316384,0.25543721,0.2791137,0.30602191,0.33430956,0.36373,0.39422714
MDG,2093,0.00653701,0.00051759,0.00046782,0.00042641,0.00039034,0.00035723,0.00032305,0.00029072,0.00026208,0.00023904,0.00022396,0.00021788,0.00022259,0.00023963,0.0002697,0.00031346,0.00036739,0.0004288,0.00049248,0.00055177,0.00060278,0.00064046,0.00066871,0.00069045,0.00070877,0.00072657,0.00074337,0.00076318,0.00078654,0.00081351,0.00084336,0.00087322,0.00090439,0.00093693,0.0009724,0.00101324,0.0010607,0.00111952,0.00119117,0.001276,0.00137203,0.00147304,0.00157864,0.0016874,0.00180253,0.00193028,0.00207484,0.00224756,0.0024528,0.00269268,0.00296458,0.00325607,0.00356348,0.00388055,0.00420927,0.0045595,0.00494088,0.00537384,0.00587117,0.00644396,0.00710052,0.00784445,0.00868064,0.00961255,0.01064809,0.01180192,0.01310377,0.01456684,0.01621208,0.0180571,0.02011568,0.02243324,0.02499585,0.02782587,0.03095798,0.0344515,0.03845229,0.04299041,0.04815405,0.05400621,0.06058305,0.06798634,0.07610906,0.08494271,0.09450337,0.10486798,0.11626569,0.12874366,0.14242756,0.15740587,0.17373942,0.19150994,0.21071463,0.23139009,0.25355982,0.27713226,0.30394068,0.33213766,0.36149324,0.39195901
MDG,2094,0.00643676,0.00050594,0.00045672,0.00041586,0.00038038,0.00034793,0.00031457,0.00028309,0.00025525,0.00023291,0.00021831,0.0002125,0.00021719,0.00023392,0.00026336,0.00030617,0.00035893,0.00041899,0.00048126,0.00053922,0.00058911,0.00062595,0.00065359,0.00067487,0.00069286,0.00071033,0.00072681,0.00074627,0.00076919,0.00079564,0.00082493,0.00085429,0.00088496,0.00091698,0.00095193,0.00099219,0.00103889,0.00109672,0.0011671,0.00125042,0.00134477,0.00144403,0.00154791,0.0016551,0.00176868,0.00189481,0.00203741,0.00220753,0.00240955,0.00264541,0.00291262,0.00319914,0.00350157,0.00381391,0.00413828,0.00448438,0.00486137,0.00528891,0.0057793,0.00634328,0.00698909,0.00772106,0.00854396,0.00946185,0.01048335,0.01162224,0.01290859,0.01435501,0.01598099,0.01780428,0.01983865,0.02212978,0.02466261,0.02746032,0.03055869,0.03401541,0.03797719,0.04247303,0.04759054,0.05339159,0.0599147,0.06726242,0.0753268,0.0841006,0.09359499,0.10388823,0.11520614,0.12760058,0.14120782,0.15610725,0.17235861,0.19004421,0.20916716,0.22976624,0.25185789,0.275363,0.30211868,0.3302752,0.35960823,0.39008154
MDG,2095,0.00634518,0.00049507,0.00044632,0.00040596,0.00037103,0.00033919,0.00030659,0.00027591,0.00024881,0.00022711,0.00021298,0.0002074,0.00021208,0.0002285,0.00025735,0.00029926,0.0003509,0.00040969,0.00047063,0.00052734,0.00057613,0.00061218,0.00063923,0.00066007,0.0006777,0.00069484,0.00071101,0.00073009,0.00075258,0.00077854,0.00080728,0.00083611,0.0008663,0.00089786,0.00093228,0.00097195,0.00101793,0.00107479,0.00114394,0.00122575,0.00131844,0.00141601,0.00151824,0.00162391,0.00173606,0.00186063,0.00200141,0.00216913,0.00236799,0.00260002,0.00286273,0.00314443,0.0034421,0.00374999,0.00407021,0.00441229,0.00478518,0.00520767,0.00569153,0.00624716,0.00688272,0.00760299,0.00841328,0.00931771,0.01032534,0.01145031,0.01272186,0.01415198,0.01575991,0.01756201,0.01957241,0.02183751,0.02434182,0.02710776,0.03017187,0.03359275,0.03751564,0.04196932,0.04704078,0.05279142,0.05925855,0.06654768,0.07455068,0.08325965,0.09268711,0.10290596,0.11414381,0.12644851,0.1399616,0.15477371,0.17093302,0.18851854,0.20753298,0.22802012,0.2499989,0.27338543,0.30003188,0.32808925,0.35733439,0.38773239
MDG,2096,0.00624516,0.00048416,0.00043594,0.0003961,0.00036175,0.00033055,0.00029871,0.00026882,0.00024247,0.00022139,0.00020769,0.00020235,0.00020701,0.00022312,0.00025136,0.00029236,0.0003429,0.0004004,0.00046002,0.0005155,0.00056322,0.00059849,0.00062499,0.00064543,0.00066274,0.00067958,0.00069548,0.00071421,0.00073629,0.00076178,0.00079001,0.00081833,0.00084801,0.00087912,0.00091306,0.00095212,0.00099736,0.00105327,0.00112119,0.00120154,0.00129256,0.0013884,0.00148897,0.00159304,0.00170365,0.00182661,0.0019654,0.00213064,0.0023263,0.00255433,0.00281252,0.00308935,0.00338211,0.00368542,0.00400135,0.00433915,0.00470749,0.00512466,0.00560178,0.00614889,0.00677409,0.00748262,0.00828001,0.00917113,0.01016492,0.01127563,0.01253301,0.01394724,0.01553726,0.0173193,0.01930621,0.02154554,0.02402199,0.02675785,0.02978884,0.03317416,0.03706051,0.04147439,0.04650308,0.05220763,0.05862504,0.06586013,0.0738072,0.08245827,0.09182514,0.10198233,0.11315247,0.12538584,0.13882008,0.15355206,0.16964213,0.18715544,0.20609112,0.22649256,0.24838459,0.27168839,0.29825569,0.32625237,0.35545409,0.38582254
MDG,2097,0.00615096,0.00047369,0.00042599,0.00038667,0.00035286,0.00032227,0.00029116,0.00026202,0.00023638,0.0002159,0.00020262,0.0001975,0.00020214,0.00021795,0.00024561,0.00028574,0.00033519,0.00039147,0.0004498,0.00050407,0.00055077,0.00058526,0.00061119,0.00063122,0.00064819,0.00066473,0.00068033,0.00069872,0.00072038,0.00074539,0.00077311,0.00080093,0.00083012,0.00086072,0.00089418,0.00093268,0.00097717,0.00103213,0.00109888,0.00117779,0.00126722,0.00136139,0.00146033,0.0015629,0.00167202,0.00179338,0.0019303,0.00209309,0.00228569,0.00250991,0.00276362,0.0030358,0.00332388,0.00362276,0.00393465,0.00426844,0.00463243,0.00504435,0.00551502,0.006054,0.00666924,0.00736646,0.00815139,0.00902933,0.01000979,0.01110654,0.01234948,0.0137485,0.01532093,0.01708286,0.01904721,0.02126084,0.02370909,0.02641485,0.02941359,0.03276338,0.03661188,0.04098627,0.04597188,0.05163025,0.0579981,0.0651804,0.07306991,0.08166137,0.0909665,0.10105899,0.11216377,0.1243258,0.13768577,0.15233648,0.16834523,0.18578989,0.20465493,0.22498072,0.24679368,0.27002401,0.29653421,0.32448765,0.35367545,0.38405477
MDG,2098,0.00604395,0.00046238,0.00041526,0.00037652,0.00034331,0.00031338,0.00028307,0.00025475,0.00022986,0.00021002,0.00019719,0.00019229,0.00019689,0.00021238,0.00023941,0.00027859,0.00032688,0.00038183,0.00043879,0.00049178,0.00053738,0.00057108,0.00059641,0.00061602,0.00063266,0.00064888,0.00066417,0.0006822,0.00070343,0.00072793,0.00075511,0.00078241,0.00081108,0.00084117,0.00087407,0.00091196,0.00095568,0.00100959,0.00107503,0.00115239,0.00124006,0.0013324,0.00142952,0.00153039,0.00163787,0.00175744,0.00189224,0.00205236,0.00224152,0.00246158,0.00271044,0.00297735,0.00326026,0.00355419,0.0038614,0.00419062,0.00454972,0.00495567,0.00541891,0.00594885,0.00655316,0.00723798,0.00800926,0.00887274,0.00983822,0.01091971,0.0121467,0.01352833,0.01508183,0.0168217,0.01876083,0.0209469,0.02336394,0.02603587,0.02899869,0.03230997,0.03611647,0.04044557,0.04538359,0.05099014,0.05730247,0.06442577,0.07225228,0.08077523,0.09000938,0.10002848,0.11105726,0.12314337,0.13642181,0.15098831,0.16690452,0.18425415,0.20303386,0.22326709,0.24497778,0.26810074,0.29451289,0.32238571,0.35150876,0.38185026
MDG,2099,0.00595042,0.0004521,0.00040548,0.00036725,0.00033458,0.00030523,0.00027563,0.00024806,0.00022387,0.0002046,0.00019219,0.0001875,0.00019207,0.00020726,0.00023371,0.00027203,0.00031925,0.00037297,0.00042865,0.00048046,0.00052502,0.00055797,0.00058275,0.00060193,0.00061824,0.00063416,0.00064917,0.00066685,0.00068767,0.0007117,0.00073837,0.00076517,0.00079336,0.00082297,0.00085537,0.00089266,0.00093568,0.00098867,0.0010529,0.00112883,0.00121491,0.0013056,0.00140111,0.00150043,0.00160642,0.00172442,0.00185732,0.00201501,0.0022011,0.00241734,0.00266184,0.00292405,0.00320217,0.00349173,0.00379485,0.00412002,0.00447487,0.00487564,0.00533223,0.00585387,0.00644835,0.00712202,0.00788102,0.00873152,0.00968358,0.01075117,0.0119641,0.01333026,0.01486643,0.01658721,0.018504,0.02066516,0.0230551,0.02569668,0.02862698,0.03190397,0.03567427,0.03996362,0.0448591,0.05042174,0.05668685,0.0637608,0.07153531,0.08000318,0.08917748,0.09913526,0.11010221,0.1221261,0.13534563,0.14985083,0.16570683,0.1829912,0.20170814,0.22189444,0.24355812,0.26663498,0.29301618,0.32088176,0.35002986,0.38042346
MDG,2100,0.00585363,0.00044226,0.00039619,0.00035849,0.00032638,0.00029763,0.00026871,0.00024182,0.00021828,0.00019955,0.0001875,0.000183,0.00018753,0.00020242,0.00022831,0.0002658,0.000312,0.00036457,0.00041904,0.00046972,0.00051334,0.00054558,0.00056986,0.00058867,0.00060466,0.00062029,0.00063503,0.00065237,0.00067279,0.00069638,0.00072256,0.00074888,0.00077659,0.00080574,0.00083765,0.00087435,0.00091664,0.00096871,0.00103178,0.00110627,0.00119076,0.0012798,0.00137367,0.00147144,0.00157588,0.00169224,0.00182323,0.00197849,0.00216152,0.00237403,0.00261415,0.00287177,0.00314521,0.00343022,0.00372921,0.00405026,0.00440069,0.00479625,0.0052463,0.00575969,0.00634428,0.00700702,0.00775405,0.00859188,0.00953086,0.01058488,0.01178372,0.0131349,0.01465409,0.0163556,0.01825109,0.02038788,0.02275066,0.02536299,0.02826075,0.03150283,0.03523634,0.0394863,0.04433834,0.04985438,0.05607119,0.0630931,0.07081245,0.07922158,0.08833314,0.09822247,0.1091191,0.12107198,0.13421979,0.14865559,0.16443613,0.18163998,0.20026298,0.22034873,0.24191839,0.26489369,0.29116665,0.31892883,0.34798965,0.37831569
