ARG,1950,412.529,400.538,391.548,379.702,368.777,358.758,349.689,341.592,334.146,327.403,321.303,315.98,312.819,311.27,310.397,309.088,308.372,308.902,309.854,311.316,312.411,313.926,312.01,307.46,301.771,297.69,292.698,286.761,280.434,274.029,267.383,260.074,255.938,254.209,252.681,249.622,247.741,244.098,238.838,233.211,228.465,222.981,217.684,212.637,207.406,201.799,196.3,189.872,182.694,175.336,168.302,160.948,154.064,147.637,141.316,134.673,128.116,122.186,116.68,111.261,105.741,100.584,94.542,87.822,81.058,74.886,68.536,62.73,57.478,52.476,47.412,42.679,38.319,34.266,30.496,26.904,23.548,20.693,18.256,16.066,13.995,12.231,10.481,8.748,7.151,5.821,4.61,3.602,2.822,2.242,1.612,1.311,1.088,0.734,0.36,0.271,0.259,0.198,0.138,0.074
ARG,1951,421.066,402.783,397.972,390.084,378.916,370.026,360.316,351.429,343.36,335.791,328.848,322.568,317.135,313.965,312.499,311.659,310.287,309.517,310.051,311.072,312.605,313.774,315.324,313.392,308.786,303,298.804,293.673,287.648,281.264,274.769,268.067,260.69,256.449,254.638,253.017,249.84,247.85,244.138,238.76,232.94,227.99,222.256,216.476,211.361,206.057,200.374,194.792,188.284,181.031,173.6,166.49,159.067,152.109,145.605,139.209,132.499,125.875,119.87,114.283,108.779,103.179,97.935,91.836,85.086,78.302,72.095,65.72,59.867,54.543,49.467,44.365,39.623,35.282,31.282,27.598,24.13,20.92,18.193,15.866,13.785,11.842,10.2,8.607,7.067,5.677,4.54,3.529,2.704,2.075,1.614,1.135,0.9,0.728,0.479,0.23,0.168,0.157,0.117,0.079
ARG,1952,428.107,411.355,400.182,396.428,389.221,379.939,371.36,361.837,352.987,344.816,337.069,329.963,323.584,318.143,315.044,313.603,312.7,311.277,310.507,311.1,312.183,313.78,314.979,316.507,314.521,309.826,303.94,299.617,294.403,288.324,281.859,275.311,268.544,261.08,256.771,254.874,253.141,249.867,247.805,243.977,238.419,232.412,227.224,221.05,215.204,210.015,204.634,198.867,193.197,186.606,179.275,171.769,164.583,157.091,150.061,143.482,137.013,130.235,123.541,117.459,111.791,106.209,100.532,95.211,89.06,82.283,75.475,69.225,62.814,56.907,51.513,46.38,41.272,36.564,32.29,28.386,24.821,21.501,18.452,15.868,13.666,11.71,9.913,8.409,6.982,5.635,4.445,3.488,2.657,1.995,1.497,1.138,0.782,0.603,0.476,0.306,0.143,0.102,0.092,0.066
ARG,1953,434.355,418.697,408.711,398.617,395.508,390.021,381.058,372.666,363.188,354.251,345.921,338.03,330.837,324.448,319.068,315.99,314.489,313.537,312.109,311.39,312.035,313.171,314.795,315.973,317.446,315.375,310.59,304.596,300.197,294.934,288.781,282.268,275.661,268.815,261.297,256.918,254.922,253.095,249.759,247.584,243.587,237.854,231.636,226.049,219.81,213.894,208.626,203.163,197.311,191.55,184.871,177.463,169.884,162.625,155.066,147.967,141.315,134.77,127.926,121.164,115.007,109.263,103.607,97.864,92.472,86.273,79.465,72.625,66.323,59.87,53.911,48.466,43.308,38.239,33.611,29.445,25.668,22.242,19.081,16.2,13.767,11.703,9.886,8.244,6.886,5.626,4.462,3.454,2.658,1.984,1.457,1.069,0.794,0.532,0.4,0.307,0.192,0.087,0.061,0.053
ARG,1954,439.938,425.197,416.021,407.106,397.668,396.071,390.883,382.112,373.78,364.241,355.173,346.72,338.75,331.545,325.204,319.836,316.7,315.149,314.183,312.795,312.118,312.807,313.963,315.568,316.698,318.091,315.936,311.053,304.997,300.552,295.222,289.025,282.459,275.781,268.884,261.311,256.849,254.768,252.875,249.439,247.103,242.939,237.011,230.439,224.779,218.468,212.472,207.119,201.565,195.619,189.758,182.989,175.5,167.845,160.512,152.887,145.716,138.987,132.364,125.447,118.615,112.384,106.566,100.843,95.038,89.575,83.322,76.472,69.589,63.225,56.733,50.741,45.275,40.14,35.159,30.659,26.638,23.014,19.748,16.761,14.064,11.8,9.891,8.231,6.756,5.554,4.46,3.472,2.635,1.986,1.451,1.042,0.746,0.54,0.353,0.258,0.193,0.118,0.052,0.035
ARG,1955,444.06,430.992,422.511,414.376,406.115,398.045,396.737,391.731,383.026,374.646,364.999,355.824,347.301,339.32,332.15,325.813,320.391,317.207,315.639,314.703,313.348,312.708,313.416,314.554,316.115,317.173,318.486,316.242,311.304,305.211,300.706,295.336,289.091,282.461,275.735,268.787,261.147,256.615,254.475,252.487,248.91,246.42,242.073,235.83,229.189,223.452,217.062,210.983,205.539,199.89,193.848,187.887,181.026,173.457,165.73,158.323,150.633,143.391,136.582,129.88,122.894,115.995,109.698,103.815,98.03,92.165,86.623,80.305,73.402,66.467,60.043,53.529,47.534,42.093,37.026,32.177,27.834,23.978,20.52,17.423,14.619,12.115,10.027,8.284,6.787,5.481,4.43,3.494,2.667,1.982,1.461,1.043,0.731,0.51,0.36,0.229,0.163,0.118,0.07,0.031
ARG,1956,448.807,435.291,428.322,420.855,413.354,406.313,398.536,397.397,392.455,383.713,375.242,365.504,356.266,347.727,339.768,332.592,326.197,320.722,317.514,315.958,315.04,313.714,313.085,313.776,314.875,316.371,317.36,318.588,316.29,311.318,305.176,300.634,295.219,288.918,282.245,275.471,268.459,260.765,256.182,253.954,251.832,248.116,245.452,240.815,234.497,227.776,221.951,215.472,209.298,203.753,197.999,191.851,185.782,178.824,171.171,163.368,155.884,148.125,140.805,133.911,127.126,120.069,113.106,106.746,100.8,94.952,89.015,83.38,76.979,70.009,63.022,56.55,50.048,44.099,38.739,33.795,29.12,24.969,21.302,18.033,15.127,12.53,10.238,8.35,6.788,5.467,4.337,3.44,2.658,1.985,1.44,1.036,0.72,0.491,0.333,0.228,0.141,0.097,0.069,0.039
ARG,1957,454.984,440.158,432.671,426.668,419.817,413.407,406.648,399.049,397.981,393.014,384.199,375.649,365.856,356.603,348.081,340.114,332.883,326.439,320.945,317.75,316.213,315.321,314.008,313.367,314.022,315.066,316.499,317.413,318.586,316.252,311.234,305.063,300.479,295.01,288.667,281.948,275.115,268.051,260.32,255.666,253.319,251.066,247.2,244.273,239.555,233.157,226.354,220.437,213.865,207.595,201.946,196.088,189.836,183.66,176.609,168.877,161,153.441,145.614,138.217,131.241,124.377,117.258,110.242,103.826,97.821,91.904,85.887,80.145,73.652,66.622,59.599,53.117,46.674,40.822,35.584,30.792,26.31,22.356,18.883,15.808,13.098,10.707,8.629,6.933,5.548,4.392,3.421,2.662,2.016,1.472,1.043,0.73,0.495,0.328,0.217,0.144,0.087,0.058,0.039
ARG,1958,463.547,446.354,437.597,431.061,425.638,419.797,413.659,407.067,399.535,398.44,393.405,384.521,375.919,366.107,356.864,348.326,340.303,333.02,326.552,321.067,317.887,316.372,315.492,314.168,313.497,314.1,315.085,316.448,317.31,318.44,316.06,311.011,304.804,300.167,294.656,288.267,281.491,274.602,267.498,259.707,254.949,252.479,250.075,245.97,242.95,238.14,231.649,224.752,218.73,212.055,205.678,199.915,193.943,187.58,181.291,174.142,166.325,158.369,150.728,142.826,135.347,128.287,121.346,114.169,107.103,100.629,94.553,88.55,82.431,76.562,69.972,62.89,55.867,49.424,43.098,37.399,32.329,27.728,23.465,19.731,16.475,13.616,11.126,8.963,7.112,5.621,4.42,3.432,2.618,1.994,1.475,1.049,0.723,0.492,0.324,0.209,0.134,0.087,0.05,0.032
ARG,1959,459.134,454.81,443.834,436.012,430.055,425.577,419.991,414.021,407.504,399.963,398.806,393.704,384.772,376.154,366.35,357.094,348.501,340.431,333.125,326.668,321.203,318.047,316.543,315.652,314.302,313.585,314.133,315.051,316.365,317.189,318.266,315.852,310.767,304.513,299.836,294.278,287.832,281.004,274.077,266.913,259.036,254.173,251.565,248.932,244.748,241.635,236.73,230.146,223.153,217.028,210.252,203.769,197.896,191.818,185.348,178.954,171.71,163.813,155.781,148.06,140.088,132.536,125.401,118.396,111.172,104.059,97.523,91.368,85.266,79.039,73.047,66.378,59.284,52.309,45.956,39.788,34.267,29.381,24.973,20.928,17.413,14.371,11.727,9.452,7.506,5.867,4.563,3.525,2.685,2.006,1.494,1.08,0.749,0.502,0.333,0.212,0.133,0.083,0.052,0.029
ARG,1960,460.842,450.591,452.385,442.325,435.053,430.02,425.796,420.362,414.448,407.905,400.299,399.074,393.922,384.972,376.358,366.537,357.225,348.582,340.486,333.189,326.75,321.312,318.169,316.658,315.74,314.347,313.578,314.062,314.93,316.205,316.977,318.015,315.558,310.425,304.134,299.408,293.792,287.291,280.422,273.433,266.18,258.211,253.222,250.391,247.673,243.4,240.182,235.17,228.482,221.384,215.144,208.257,201.662,195.673,189.481,182.901,176.394,169.051,161.065,152.951,145.148,137.105,129.483,122.278,115.211,107.937,100.769,94.155,87.898,81.681,75.335,69.227,62.51,55.453,48.585,42.376,36.411,31.103,26.427,22.235,18.429,15.153,12.347,9.936,7.891,6.17,4.744,3.624,2.745,2.047,1.494,1.086,0.764,0.516,0.335,0.215,0.134,0.081,0.049,0.03
ARG,1961,462.731,452.307,448.3,450.909,441.401,435,430.195,426.116,420.747,414.819,408.218,400.547,399.271,394.099,385.151,376.518,366.641,357.277,348.608,340.519,333.237,326.826,321.405,318.258,316.723,315.763,314.321,313.492,313.929,314.758,315.982,316.713,317.703,315.194,310.021,303.686,298.899,293.227,286.683,279.75,272.672,265.324,257.244,252.051,249.137,246.325,241.955,238.622,233.494,226.695,219.484,213.124,206.122,199.412,193.305,186.997,180.303,173.679,166.23,158.154,149.957,142.071,133.965,126.28,119.01,111.881,104.55,97.31,90.6,84.227,77.888,71.437,65.246,58.533,51.571,44.864,38.842,33.111,28.036,23.586,19.628,16.077,13.053,10.495,8.324,6.509,5.007,3.784,2.837,2.104,1.533,1.092,0.774,0.529,0.347,0.218,0.137,0.082,0.048,0.028
ARG,1962,467.296,454.236,450.188,446.969,450.06,441.091,435.113,430.519,426.529,421.257,415.402,408.789,401.154,399.948,394.854,385.937,377.257,367.331,357.903,349.173,341.063,333.773,327.351,321.899,318.701,317.117,316.115,314.637,313.752,314.099,314.841,315.969,316.599,317.481,314.867,309.602,303.178,298.293,292.503,285.824,278.775,271.589,264.15,256.086,250.825,247.822,244.908,240.435,236.98,231.732,224.816,217.49,211.007,203.889,197.064,190.84,184.416,177.605,170.861,163.305,155.137,146.862,138.901,130.74,122.997,115.666,108.466,101.064,93.737,86.917,80.423,73.976,67.452,61.228,54.575,47.761,41.255,35.445,29.962,25.132,20.922,17.209,13.921,11.157,8.847,6.913,5.319,4.023,2.984,2.193,1.592,1.131,0.786,0.542,0.36,0.229,0.14,0.085,0.049,0.029
ARG,1963,478.162,458.711,452.205,448.928,446.177,449.747,441.188,435.42,430.92,427.035,421.836,415.968,409.388,401.826,400.693,395.624,386.659,377.927,367.934,358.447,349.695,341.578,334.276,327.826,322.327,319.083,317.46,316.42,314.887,313.914,314.174,314.819,315.844,316.366,317.134,314.421,309.064,302.545,297.537,291.61,284.81,277.65,270.371,262.942,254.821,249.482,246.38,243.355,238.768,235.179,229.799,222.759,215.31,208.698,201.46,194.515,188.167,181.619,174.684,167.811,160.143,151.885,143.533,135.504,127.293,119.492,112.086,104.798,97.304,89.872,82.934,76.328,69.803,63.257,57.056,50.522,43.903,37.634,32.064,26.852,22.29,18.341,14.895,11.889,9.397,7.341,5.645,4.268,3.169,2.304,1.657,1.173,0.812,0.547,0.366,0.237,0.146,0.087,0.051,0.028
ARG,1964,483.146,469.399,456.748,450.994,448.182,445.926,449.888,441.539,435.858,431.463,427.651,422.437,416.601,410.1,402.618,401.508,396.389,387.37,378.57,368.516,359.007,350.251,342.121,334.791,328.293,322.751,319.47,317.809,316.71,315.089,314.029,314.192,314.731,315.642,316.049,316.707,313.892,308.435,301.794,296.644,290.587,283.674,276.417,269.147,261.658,253.475,248.052,244.843,241.697,236.988,233.259,227.741,220.571,212.997,206.255,198.894,191.827,185.351,178.674,171.611,164.606,156.827,148.484,140.065,131.974,123.714,115.846,108.348,100.954,93.352,85.81,78.765,72.082,65.53,59.02,52.899,46.527,40.137,34.124,28.809,23.884,19.604,15.933,12.768,10.05,7.829,6.021,4.551,3.378,2.457,1.749,1.228,0.848,0.57,0.372,0.242,0.151,0.09,0.052,0.029
ARG,1965,486.252,474.352,467.471,455.584,450.286,447.976,446.13,450.291,442.025,436.446,432.125,428.294,423.115,417.361,410.944,403.49,402.321,397.144,388.056,379.19,369.115,359.6,350.834,342.674,335.293,328.752,323.175,319.86,318.141,316.949,315.237,314.076,314.13,314.551,315.34,315.633,316.177,313.249,307.663,300.878,295.591,289.411,282.395,275.147,267.813,260.254,252.001,246.485,243.157,239.88,235.038,231.157,225.493,218.188,210.483,203.605,196.116,188.919,182.306,175.492,168.292,161.152,153.267,144.844,136.363,128.209,119.889,111.935,104.323,96.802,89.084,81.443,74.325,67.615,61.096,54.681,48.689,42.517,36.381,30.65,25.616,21.002,17.029,13.657,10.788,8.366,6.415,4.85,3.598,2.616,1.861,1.293,0.885,0.593,0.386,0.245,0.155,0.094,0.054,0.03
ARG,1966,490.294,477.523,472.47,466.324,454.903,450.109,448.209,446.567,450.806,442.654,437.158,432.817,429.024,423.929,418.263,411.879,404.371,403.138,397.885,388.731,379.844,369.763,360.238,351.44,343.228,335.803,329.227,323.619,320.246,318.433,317.146,315.333,314.06,313.993,314.287,314.959,315.135,315.554,312.484,306.746,299.827,294.41,288.119,281.114,273.801,266.396,258.761,250.432,244.816,241.362,237.944,232.965,228.928,223.114,215.671,207.835,200.818,193.197,185.865,179.109,172.155,164.82,157.552,149.566,141.07,132.528,124.301,115.904,107.843,100.101,92.446,84.626,76.924,69.787,63.111,56.683,50.408,44.579,38.628,32.766,27.332,22.597,18.309,14.656,11.591,9.021,6.884,5.191,3.854,2.801,1.992,1.385,0.937,0.624,0.405,0.256,0.158,0.097,0.057,0.032
ARG,1967,495.708,481.677,475.685,471.355,465.658,454.764,450.395,448.702,447.14,451.482,443.413,437.9,433.598,429.893,424.893,419.261,412.822,405.252,403.935,398.613,389.437,380.544,370.453,360.896,352.044,343.785,336.325,329.717,324.055,320.587,318.68,317.286,315.36,313.966,313.77,313.945,314.495,314.544,314.808,311.574,305.694,298.647,293.116,286.836,279.763,272.376,264.893,257.177,248.766,243.044,239.457,235.895,230.774,226.577,220.611,213.029,205.058,197.898,190.141,182.669,175.768,168.675,161.211,153.821,145.741,137.174,128.56,120.242,111.746,103.56,95.682,87.907,80.023,72.314,65.221,58.637,52.344,46.242,40.595,34.884,29.311,24.192,19.771,15.822,12.497,9.74,7.461,5.598,4.145,3.018,2.146,1.49,1.009,0.665,0.43,0.27,0.166,0.099,0.059,0.033
ARG,1968,502.073,487.28,479.887,474.613,470.723,465.549,455.092,450.933,449.318,447.872,452.302,444.216,438.747,434.542,430.938,425.973,420.282,413.78,406.129,404.73,399.382,390.202,381.297,371.172,361.559,352.656,344.363,336.87,330.207,324.449,320.884,318.868,317.356,315.303,313.776,313.456,313.505,313.923,313.812,313.895,310.504,304.489,297.328,291.808,285.454,278.303,270.835,263.267,255.462,246.963,241.126,237.399,233.685,228.416,224.052,217.929,210.203,202.092,194.78,186.878,179.262,172.214,164.983,157.396,149.887,141.71,133.06,124.355,115.922,107.308,98.99,90.986,83.127,75.234,67.584,60.597,54.153,48.03,42.127,36.687,31.239,25.978,21.2,17.116,13.52,10.528,8.08,6.085,4.482,3.256,2.32,1.612,1.09,0.718,0.459,0.287,0.176,0.105,0.06,0.035
ARG,1969,508.645,493.912,485.55,478.855,474.016,470.662,465.934,455.696,451.614,450.111,448.754,453.159,445.123,439.759,435.663,432.097,427.069,421.31,414.719,406.987,405.551,400.195,391.006,382.065,371.88,362.215,353.276,344.948,337.398,330.636,324.78,321.103,318.963,317.318,315.128,313.474,313.023,312.935,313.183,312.883,312.79,309.248,303.109,295.971,290.37,283.93,276.691,269.133,261.468,253.565,244.97,239.01,235.132,231.255,225.831,221.291,214.999,207.119,198.856,191.38,183.326,175.559,168.363,160.999,153.288,145.653,137.366,128.609,119.787,111.216,102.474,94.034,85.938,78.054,70.221,62.697,55.868,49.606,43.685,38.008,32.803,27.65,22.738,18.329,14.605,11.376,8.724,6.582,4.864,3.512,2.495,1.737,1.175,0.773,0.493,0.306,0.186,0.11,0.063,0.035
ARG,1970,521.488,500.796,492.236,484.543,478.274,473.97,471.06,466.543,456.383,452.417,451.005,449.622,454.073,446.144,440.891,436.834,433.198,428.098,422.242,415.567,407.803,406.35,400.979,391.755,382.754,372.52,362.817,353.845,345.46,337.81,330.952,324.987,321.188,318.915,317.132,314.814,313.031,312.441,312.183,312.237,311.757,311.499,307.824,301.7,294.486,288.793,282.257,274.92,267.26,259.492,251.482,242.784,236.693,232.656,228.608,223.019,218.292,211.822,203.776,195.351,187.703,179.491,171.574,164.234,156.737,148.897,141.121,132.697,123.806,114.844,106.122,97.266,88.741,80.616,72.778,65.077,57.735,51.106,45.054,39.362,33.94,29.002,24.177,19.642,15.626,12.277,9.418,7.102,5.259,3.807,2.688,1.864,1.264,0.83,0.529,0.327,0.197,0.116,0.066,0.037
ARG,1971,536.832,513.891,499.163,491.248,483.963,478.207,474.33,471.623,467.183,457.14,453.261,451.829,450.49,455.037,447.215,442,437.879,434.169,428.973,423.032,416.324,408.547,407.072,401.664,392.386,383.336,373.069,363.337,354.31,345.831,338.089,331.13,325.055,321.135,318.731,316.827,314.388,312.476,311.725,311.282,311.165,310.529,310.13,306.459,300.257,292.962,287.174,280.537,273.099,265.334,257.461,249.344,240.544,234.325,230.13,225.914,220.162,215.248,208.599,200.387,191.801,183.987,175.628,167.576,160.101,152.472,144.495,136.561,127.979,118.939,109.833,100.981,92.054,83.511,75.428,67.7,60.175,53.045,46.633,40.804,35.351,30.197,25.542,21.056,16.897,13.264,10.272,7.756,5.748,4.174,2.955,2.038,1.378,0.909,0.579,0.357,0.215,0.126,0.071,0.039
ARG,1972,553.767,529.899,512.57,498.382,490.716,484.242,478.74,475.094,472.55,468.157,458.144,454.197,452.635,451.264,455.819,447.971,442.685,438.527,434.796,429.554,423.529,416.753,408.905,407.352,401.844,392.453,383.315,372.946,363.162,354.128,345.618,337.841,330.827,324.697,320.712,318.217,316.223,313.685,311.661,310.779,310.181,309.915,309.148,308.722,304.96,298.67,291.284,285.389,278.64,271.09,263.213,255.226,246.994,238.09,231.736,227.374,222.979,217.053,211.937,205.094,196.706,187.955,179.974,171.471,163.281,155.664,147.885,139.743,131.616,122.847,113.641,104.401,95.455,86.516,78.026,70.056,62.496,55.19,48.304,42.134,36.555,31.372,26.521,22.181,18.062,14.3,11.06,8.427,6.25,4.54,3.223,2.227,1.495,0.982,0.628,0.387,0.232,0.135,0.075,0.042
ARG,1973,570.564,547.165,528.625,511.811,497.885,491.024,484.793,479.521,476.039,473.544,469.18,459.1,455.023,453.434,452.076,456.595,448.682,443.361,439.185,435.405,430.075,423.976,417.126,409.205,407.54,401.914,392.434,383.192,372.772,362.981,353.917,345.371,337.54,330.473,324.285,320.21,317.629,315.536,312.887,310.736,309.698,308.952,308.554,307.762,307.232,303.37,296.985,289.5,283.489,276.623,268.955,260.961,252.857,244.511,235.501,229.011,224.478,219.896,213.789,208.463,201.422,192.858,183.947,175.805,167.163,158.836,151.062,143.109,134.773,126.428,117.464,108.108,98.775,89.802,80.929,72.562,64.759,57.405,50.343,43.721,37.815,32.508,27.622,23.098,19.094,15.349,11.981,9.12,6.829,4.969,3.533,2.448,1.647,1.073,0.684,0.423,0.254,0.147,0.083,0.045
ARG,1974,590.693,564.333,545.982,527.925,511.347,498.285,491.679,485.681,480.569,477.127,474.658,470.221,460.007,455.905,454.338,452.951,457.394,449.455,444.125,439.902,436.024,430.614,424.429,417.497,409.464,407.662,401.938,392.349,383.048,372.626,362.802,353.702,345.099,337.213,330.086,323.809,319.65,316.969,314.761,311.983,309.676,308.488,307.609,307.189,306.295,305.652,301.682,295.193,287.603,281.471,274.478,266.689,258.576,250.353,241.894,232.777,226.146,221.438,216.661,210.365,204.824,197.583,188.848,179.784,171.487,162.705,154.224,146.27,138.116,129.56,120.986,111.838,102.376,93.02,84.095,75.358,67.17,59.572,52.449,45.652,39.315,33.698,28.69,24.124,19.946,16.288,12.918,9.932,7.433,5.463,3.894,2.706,1.827,1.194,0.754,0.466,0.281,0.163,0.091,0.049
ARG,1975,611.695,584.838,563.268,545.368,527.517,511.846,499.04,492.679,486.863,481.806,478.397,475.848,471.262,461.026,456.954,455.365,453.902,458.309,450.367,444.985,440.653,436.671,431.159,424.878,417.818,409.641,407.718,401.871,392.222,382.919,372.465,362.605,353.445,344.784,336.836,329.618,323.258,319,316.201,313.856,310.917,308.457,307.131,306.243,305.72,304.715,303.949,299.865,293.266,285.564,279.303,272.183,264.269,256.036,247.696,239.12,229.896,223.123,218.23,213.252,206.764,201.004,193.568,184.669,175.458,167.002,158.065,149.41,141.244,132.862,124.076,115.285,105.998,96.497,87.195,78.392,69.846,61.875,54.511,47.641,41.13,35.102,29.799,25.116,20.892,17.07,13.763,10.759,8.14,5.983,4.31,3.005,2.037,1.338,0.847,0.52,0.312,0.183,0.103,0.056
ARG,1976,626.695,605.167,583.036,562.09,544.575,526.967,511.446,498.724,492.404,486.603,481.55,478.134,475.56,470.932,460.637,456.483,454.797,453.223,457.52,449.498,444.054,439.679,435.67,430.148,423.863,416.806,408.634,406.71,400.871,391.236,381.944,371.501,361.645,352.486,343.817,335.855,328.618,322.233,317.937,315.091,312.689,309.689,307.156,305.746,304.761,304.134,303.012,302.12,297.915,291.204,283.388,276.997,269.748,261.711,253.36,244.904,236.211,226.88,219.96,214.877,209.693,203.013,197.039,189.415,180.359,170.999,162.371,153.258,144.397,135.997,127.374,118.373,109.406,100.045,90.584,81.413,72.786,64.469,56.739,49.626,43.03,36.828,31.134,26.169,21.827,17.952,14.489,11.525,8.874,6.599,4.758,3.354,2.284,1.508,0.961,0.591,0.354,0.206,0.117,0.063
ARG,1977,642.886,620.399,603.337,581.83,561.271,543.997,526.54,511.107,498.428,492.122,486.326,481.267,477.825,475.199,470.494,460.1,455.826,454.009,452.302,456.479,448.377,442.875,438.464,434.434,428.905,422.621,415.573,407.413,405.495,399.679,390.067,380.796,370.371,360.524,351.37,342.697,334.727,327.474,321.065,316.735,313.839,311.381,308.316,305.709,304.209,303.123,302.381,301.137,300.109,295.78,288.949,281.017,274.492,267.112,258.951,250.48,241.905,233.094,223.651,216.576,211.296,205.903,199.03,192.846,185.034,175.815,166.292,157.464,148.142,139.048,130.394,121.539,112.358,103.282,93.927,84.588,75.603,67.194,59.136,51.671,44.837,38.544,32.683,27.354,22.751,18.768,15.252,12.147,9.522,7.211,5.263,3.716,2.56,1.698,1.09,0.675,0.405,0.234,0.132,0.073
ARG,1978,655.613,636.797,618.554,602.097,580.98,560.664,543.543,526.179,510.792,498.136,491.834,486.031,480.943,477.447,474.731,469.911,459.386,454.965,453.004,451.167,455.235,447.074,441.532,437.098,433.056,427.527,421.249,414.217,406.078,404.179,398.391,388.81,379.564,369.161,359.328,350.177,341.503,333.524,326.256,319.826,315.46,312.519,310.001,306.87,304.184,302.591,301.399,300.54,299.168,298.002,293.543,286.594,278.545,271.888,264.379,256.095,247.506,238.812,229.881,220.324,213.093,207.62,202.023,194.967,188.578,180.579,171.185,161.477,152.424,142.871,133.534,124.644,115.601,106.309,97.202,87.939,78.77,70.006,61.838,54.053,46.872,40.337,34.369,28.868,23.916,19.682,16.054,12.887,10.123,7.815,5.818,4.164,2.876,1.933,1.249,0.781,0.472,0.275,0.155,0.085
ARG,1979,664.001,649.852,635.025,617.362,601.262,580.379,560.211,543.174,525.851,510.482,497.83,491.521,485.686,480.542,476.961,474.134,469.18,458.518,453.963,451.885,449.952,453.948,445.756,440.194,435.748,431.698,426.172,419.902,412.889,404.773,402.889,397.127,387.573,378.345,367.954,358.125,348.973,340.291,332.296,325.01,318.553,314.146,311.149,308.569,305.361,302.589,300.894,299.585,298.598,297.091,295.777,291.183,284.111,275.941,269.152,261.511,253.101,244.392,235.572,226.517,216.843,209.457,203.789,197.991,190.754,184.153,175.949,166.356,156.429,147.121,137.321,127.749,118.656,109.485,100.159,91.106,81.976,73.016,64.498,56.59,49.097,42.226,36.017,30.402,25.283,20.722,16.861,13.587,10.761,8.326,6.322,4.618,3.236,2.182,1.428,0.9,0.549,0.323,0.183,0.1
ARG,1980,668.168,658.647,648.216,633.929,616.611,600.719,579.967,559.871,542.872,525.564,510.205,497.549,491.21,485.325,480.109,476.435,473.494,468.42,457.652,453.004,450.853,448.864,452.821,444.62,439.048,434.593,430.535,425.007,418.744,411.74,403.636,401.758,396.009,386.466,377.241,366.849,357.012,347.843,339.138,331.118,323.8,317.304,312.843,309.778,307.117,303.822,300.949,299.137,297.698,296.57,294.913,293.437,288.7,281.497,273.203,266.274,258.494,249.952,241.11,232.158,222.97,213.176,205.634,199.771,193.769,186.341,179.505,171.063,161.233,151.056,141.472,131.428,121.654,112.417,103.194,93.913,84.958,76.007,67.283,59.034,51.411,44.241,37.71,31.863,26.629,21.911,17.753,14.268,11.346,8.854,6.738,5.023,3.595,2.46,1.616,1.032,0.635,0.377,0.216,0.118
ARG,1981,668.317,663.232,657.168,647.225,633.255,616.141,600.367,579.68,559.609,542.613,525.305,509.942,497.266,490.886,484.946,479.66,475.907,472.879,467.725,456.9,452.208,450.025,448.014,451.948,443.743,438.161,433.693,429.616,424.078,417.806,410.8,402.694,400.802,395.046,385.494,376.253,365.842,355.98,346.779,338.039,329.977,322.612,316.061,311.531,308.381,305.626,302.226,299.234,297.288,295.702,294.417,292.595,290.946,286.054,278.713,270.288,263.207,255.28,246.593,237.61,228.515,219.188,209.277,201.576,195.512,189.293,181.65,174.541,165.82,155.714,145.262,135.401,125.144,115.228,105.921,96.72,87.538,78.728,69.986,61.527,53.577,46.273,39.465,33.315,27.864,23.04,18.739,14.991,11.885,9.312,7.147,5.341,3.901,2.727,1.818,1.165,0.727,0.435,0.252,0.14
ARG,1982,666.723,663.919,662.014,656.373,646.703,632.902,615.89,600.162,579.49,559.418,542.418,525.104,509.732,497.044,490.645,484.687,479.385,475.618,472.578,467.423,456.612,451.931,449.758,447.741,451.655,443.439,437.828,433.324,429.207,423.63,417.322,410.282,402.14,400.203,394.406,384.818,375.532,365.073,355.159,345.904,337.104,328.979,321.544,314.918,310.298,307.045,304.173,300.649,297.522,295.423,293.675,292.215,290.216,288.384,283.328,275.84,267.276,260.034,251.947,243.106,233.973,224.732,215.269,205.243,197.382,191.109,184.65,176.761,169.341,160.304,149.904,139.183,129.081,118.68,108.701,99.394,90.275,81.236,72.601,64.095,55.928,48.309,41.358,34.943,29.204,24.168,19.76,15.877,12.531,9.792,7.551,5.695,4.173,2.982,2.035,1.325,0.829,0.504,0.294,0.165
ARG,1983,664.267,662.739,662.871,661.353,655.949,646.427,632.71,615.733,600.01,579.329,559.251,542.245,524.927,509.556,496.88,490.492,484.553,479.277,475.54,472.532,467.411,456.64,451.983,449.818,447.786,451.665,443.419,437.761,433.203,429.023,423.388,417.024,409.929,401.731,399.726,393.871,384.226,374.877,364.355,354.374,345.047,336.174,327.97,320.451,313.735,309.011,305.637,302.633,298.971,295.69,293.424,291.498,289.852,287.663,285.634,280.405,272.762,264.048,256.633,248.374,239.369,230.08,220.695,211.097,200.955,192.926,186.417,179.68,171.5,163.722,154.341,143.643,132.685,122.404,111.935,101.954,92.719,83.73,74.868,66.438,58.203,50.365,43.119,36.567,30.584,25.283,20.684,16.704,13.24,10.296,7.915,5.997,4.435,3.179,2.217,1.477,0.94,0.573,0.339,0.192
ARG,1984,663.697,660.687,661.858,662.338,661.033,655.752,646.294,632.6,615.622,599.884,579.194,559.113,542.109,524.807,509.476,496.858,490.535,484.671,479.477,475.823,472.889,467.834,457.115,452.479,450.306,448.238,452.056,443.755,438.026,433.389,429.123,423.406,416.96,409.786,401.507,399.413,393.476,383.753,374.326,363.724,353.662,344.248,335.286,326.989,319.373,312.552,307.707,304.198,301.046,297.23,293.784,291.339,289.224,287.382,284.996,282.762,277.352,269.546,260.671,253.072,244.632,235.461,226.017,216.491,206.759,196.494,188.275,181.496,174.44,165.929,157.766,148.038,137.079,125.952,115.571,105.09,95.191,86.072,77.242,68.584,60.391,52.46,44.992,38.156,32.033,26.504,21.656,17.497,13.943,10.888,8.33,6.291,4.675,3.384,2.368,1.614,1.051,0.652,0.387,0.223
ARG,1985,664.875,660.365,659.867,661.369,662.049,660.864,655.645,646.204,632.498,615.498,599.748,579.055,558.977,541.991,524.73,509.464,496.926,490.683,484.903,479.797,476.228,473.361,468.353,457.666,453.026,450.823,448.696,452.437,444.068,438.256,433.534,429.174,423.368,416.832,409.571,401.205,399.012,392.991,383.187,373.672,362.988,352.836,343.33,334.272,325.876,318.152,311.217,306.241,302.586,299.274,295.294,291.67,289.034,286.72,284.674,282.079,279.628,274.026,266.043,256.997,249.202,240.575,231.236,221.639,211.969,202.094,191.688,183.242,176.144,168.719,159.842,151.28,141.232,130.073,118.858,108.435,98.037,88.271,79.304,70.668,62.254,54.343,46.767,39.72,33.341,27.685,22.638,18.26,14.551,11.422,8.775,6.591,4.88,3.55,2.509,1.714,1.141,0.725,0.437,0.253
ARG,1986,667.717,661.752,659.586,659.409,661.102,661.89,660.758,655.558,646.108,632.384,615.372,599.616,578.926,558.873,541.933,524.737,509.56,497.12,490.966,485.277,480.258,476.764,473.946,468.963,458.282,453.613,451.357,449.156,452.809,444.364,438.465,433.65,429.192,423.29,416.659,409.308,400.85,398.555,392.444,382.558,372.957,362.186,351.944,342.342,333.185,324.684,316.849,309.797,304.685,300.879,297.403,293.256,289.454,286.627,284.113,281.86,279.056,276.383,270.582,262.42,253.2,245.212,236.404,226.904,217.159,207.341,197.308,186.731,178.023,170.571,162.752,153.513,144.587,134.284,123.011,111.764,101.39,91.123,81.517,72.727,64.309,56.168,48.577,41.394,34.793,28.889,23.708,19.139,15.223,11.947,9.226,6.96,5.124,3.713,2.637,1.814,1.202,0.774,0.473,0.274
ARG,1987,672.24,664.764,660.998,659.155,659.162,660.963,661.805,660.685,655.472,646.001,632.264,615.248,599.495,578.83,558.826,541.958,524.849,509.774,497.44,491.377,485.772,480.828,477.388,474.595,469.61,458.906,454.189,451.867,449.582,453.138,444.612,438.623,433.711,429.15,423.15,416.421,408.975,400.424,398.026,391.827,381.855,372.166,361.306,350.972,341.273,332.012,323.402,315.453,308.279,303.028,299.066,295.425,291.108,287.127,284.109,281.395,278.933,275.913,273.013,267.008,258.664,249.273,241.097,232.116,222.459,212.562,202.581,192.363,181.582,172.579,164.75,156.539,146.972,137.747,127.273,115.943,104.76,94.484,84.376,74.957,66.37,58.204,50.378,43.146,36.389,30.258,24.838,20.13,16.03,12.558,9.697,7.359,5.445,3.924,2.777,1.921,1.282,0.822,0.511,0.3
ARG,1988,677.724,669.424,664.018,660.58,658.922,659.029,660.877,661.734,660.604,655.372,645.885,632.144,615.131,599.402,578.786,558.855,542.078,525.066,510.098,497.868,491.887,486.352,481.461,478.049,475.251,470.238,459.495,454.714,452.315,449.939,453.399,444.789,438.705,433.695,429.03,422.928,416.101,408.559,399.913,397.411,391.122,381.067,371.289,360.339,349.909,340.108,330.742,322.021,313.954,306.654,301.262,297.141,293.332,288.847,284.685,281.475,278.558,275.883,272.643,269.509,263.297,254.772,245.214,236.856,227.707,217.891,207.826,197.653,187.215,176.199,166.881,158.673,150.103,140.268,130.823,120.234,108.94,97.867,87.719,77.797,68.593,60.243,52.37,44.9,38.066,31.758,26.11,21.173,16.932,13.286,10.242,7.772,5.789,4.195,2.955,2.038,1.369,0.885,0.547,0.327
ARG,1989,683.417,675.006,668.665,663.586,660.342,658.794,658.953,660.815,661.66,660.508,655.258,645.763,632.025,615.033,599.345,578.795,558.948,542.261,525.343,510.471,498.329,492.409,486.918,482.051,478.639,475.814,470.756,459.959,455.11,452.633,450.169,453.531,444.84,438.664,433.557,428.789,422.587,415.663,408.029,399.292,396.688,390.312,380.173,370.306,359.267,348.741,338.837,329.363,320.529,312.341,304.916,299.38,295.102,291.127,286.473,282.133,278.729,275.606,272.713,269.247,265.875,259.457,250.756,241.039,232.505,223.183,213.192,202.932,192.533,181.844,170.574,160.941,152.387,143.513,133.488,123.874,113.261,102.05,91.115,81.121,71.412,62.456,54.383,46.844,39.766,33.356,27.515,22.351,17.89,14.103,10.893,8.253,6.148,4.488,3.181,2.187,1.468,0.957,0.599,0.357
ARG,1990,688.972,680.687,674.151,668.152,663.276,660.15,658.665,658.85,660.708,661.537,660.37,655.108,645.606,631.873,614.898,599.236,578.724,558.922,542.282,525.411,510.593,498.498,492.602,487.12,482.252,478.822,475.962,470.859,460.019,455.114,452.576,450.04,453.323,444.567,438.315,433.125,428.268,421.981,414.974,407.261,398.443,395.748,389.292,379.079,369.129,358.004,347.385,337.382,327.802,318.856,310.552,303.003,297.327,292.893,288.755,283.933,279.414,275.812,272.48,269.363,265.667,262.056,255.437,246.567,236.697,227.98,218.468,208.274,197.783,187.125,176.162,164.641,154.722,145.874,136.77,126.611,116.915,106.323,95.225,84.457,74.645,65.187,56.522,48.772,41.609,34.957,28.995,23.63,18.947,14.956,11.61,8.817,6.558,4.789,3.422,2.368,1.584,1.033,0.651,0.393
ARG,1991,702.112,686.162,679.686,673.51,667.73,662.99,659.939,658.493,658.684,660.537,661.357,660.179,654.898,645.373,631.617,614.617,598.921,578.383,558.559,541.906,525.031,510.22,498.137,492.237,486.746,481.866,478.421,475.537,470.411,459.551,454.616,452.044,449.463,452.691,443.893,437.59,432.339,427.414,421.061,413.987,406.212,397.328,394.553,388.029,377.75,367.725,356.523,345.816,335.719,326.037,316.985,308.568,300.902,295.09,290.504,286.204,281.217,276.518,272.716,269.167,265.824,261.896,258.049,251.234,242.198,232.17,223.255,213.524,203.091,192.333,181.393,170.157,158.413,148.261,139.187,129.916,119.698,109.961,99.419,88.459,77.887,68.295,59.132,50.806,43.422,36.669,30.467,24.968,20.082,15.879,12.345,9.425,7.029,5.124,3.662,2.556,1.722,1.119,0.706,0.43
ARG,1992,707.785,699.19,685.024,678.919,672.979,667.35,662.703,659.703,658.275,658.469,660.318,661.127,659.919,654.592,645,631.163,614.064,598.266,577.636,557.737,541.03,524.119,509.293,497.205,491.291,485.795,480.914,477.472,474.59,469.466,458.614,453.678,451.097,448.497,451.696,442.88,436.544,431.252,426.277,419.876,412.752,404.927,395.99,393.146,386.564,376.226,366.132,354.858,344.069,333.882,324.104,314.95,306.426,298.647,292.704,287.973,283.511,278.359,273.479,269.474,265.709,262.141,257.987,253.912,246.905,237.703,227.503,218.362,208.379,197.676,186.635,175.417,163.94,152.037,141.724,132.503,123.13,112.895,103.149,92.683,81.891,71.552,62.225,53.401,45.455,38.469,32.146,26.404,21.368,16.954,13.21,10.11,7.587,5.551,3.963,2.769,1.883,1.234,0.777,0.474
ARG,1993,712.916,705.046,698.122,684.317,678.427,672.68,667.101,662.493,659.521,658.098,658.266,660.065,660.805,659.504,654.118,644.46,630.552,613.375,597.488,576.809,556.884,540.158,523.233,508.407,496.314,490.389,484.884,480.006,476.569,473.679,468.549,457.697,452.756,450.164,447.541,450.696,441.841,435.449,430.088,425.035,418.561,411.362,403.463,394.449,391.513,384.857,374.454,364.284,352.927,342.046,331.757,321.868,312.6,303.961,296.06,289.98,285.092,280.463,275.138,270.068,265.853,261.865,258.068,253.689,249.383,242.178,232.791,222.389,212.984,202.716,191.725,180.405,168.942,157.285,145.294,134.896,125.581,116.148,105.929,96.198,85.842,75.265,65.21,56.203,47.774,40.255,33.707,27.845,22.586,18.026,14.089,10.805,8.128,5.988,4.294,3,2.045,1.354,0.861,0.526
ARG,1994,719.38,710.284,703.998,697.41,683.825,678.14,672.433,666.892,662.316,659.349,657.893,658.004,659.723,660.356,658.996,653.538,643.8,629.804,612.533,596.588,575.884,555.94,539.201,522.269,507.438,495.346,489.413,483.907,479.037,475.6,472.704,467.569,456.723,451.777,449.173,446.515,449.611,440.707,434.246,428.807,423.672,417.116,409.83,401.85,392.752,389.722,382.993,372.517,362.261,350.813,339.83,329.43,319.425,310.042,301.283,293.26,287.036,281.987,277.182,271.675,266.402,261.967,257.753,253.725,249.121,244.571,237.142,227.535,216.892,207.185,196.607,185.321,173.745,162.089,150.323,138.319,127.888,118.514,109.047,98.869,89.185,78.982,68.671,58.964,50.335,42.351,35.301,29.22,23.841,19.074,14.997,11.534,8.696,6.424,4.64,3.257,2.222,1.475,0.949,0.584
ARG,1995,724.423,716.848,709.263,703.296,696.914,683.55,677.901,672.23,666.721,662.151,659.153,657.634,657.658,659.261,659.837,658.405,652.864,643.031,628.94,611.612,595.637,574.911,554.956,538.213,521.269,506.44,494.352,488.418,482.92,478.049,474.612,471.712,466.58,455.741,450.792,448.165,445.457,448.483,439.517,432.984,427.468,422.242,415.596,408.223,400.16,390.982,387.86,381.053,370.5,360.154,348.612,337.522,327.011,316.896,307.399,298.525,290.382,284.016,278.806,273.824,268.132,262.662,258.013,253.581,249.329,244.492,239.681,232.001,222.142,211.229,201.203,190.313,178.761,166.985,155.204,143.394,131.425,120.991,111.573,102.085,91.961,82.356,72.344,62.344,53.022,44.808,37.296,30.728,25.12,20.22,15.939,12.33,9.318,6.898,4.998,3.533,2.42,1.607,1.036,0.645
ARG,1996,719.114,721.988,715.85,708.584,702.808,696.639,683.307,677.691,672.055,666.554,661.952,658.891,657.283,657.186,658.73,659.234,657.718,652.074,642.135,627.984,610.628,594.626,573.887,553.931,537.179,520.232,505.41,493.335,487.406,481.904,477.03,473.593,470.695,465.565,454.732,449.763,447.091,444.317,447.261,438.228,431.619,426.013,420.687,413.945,406.477,398.327,389.067,385.843,378.947,368.306,357.856,346.207,335.007,324.382,314.15,304.536,295.543,287.272,280.757,275.372,270.196,264.309,258.633,253.766,249.107,244.613,239.512,234.395,226.415,216.261,205.047,194.683,183.495,171.725,159.813,147.976,136.176,124.279,113.863,104.422,94.942,84.919,75.447,65.695,56.074,47.205,39.461,32.46,26.407,21.295,16.892,13.102,9.96,7.387,5.363,3.8,2.617,1.742,1.12,0.697
ARG,1997,710.389,716.819,721.015,715.175,708.106,702.54,696.395,683.095,677.516,671.888,666.356,661.688,658.538,656.81,656.655,658.128,658.549,656.929,651.172,641.165,626.982,609.603,593.584,572.844,552.88,536.128,519.183,504.374,492.319,486.382,480.875,476,472.569,469.673,464.54,453.699,448.688,445.96,443.109,445.961,436.861,430.166,424.463,419.03,412.184,404.622,396.387,387.036,383.698,376.703,365.961,355.399,343.642,332.33,321.587,311.238,301.507,292.389,283.986,277.313,271.741,266.364,260.278,254.394,249.308,244.409,239.644,234.24,228.77,220.447,209.967,198.441,187.756,176.319,164.397,152.419,140.579,128.825,117.02,106.64,97.199,87.764,77.892,68.616,59.188,50.009,41.638,34.4,27.939,22.417,17.812,13.905,10.6,7.908,5.75,4.086,2.825,1.894,1.225,0.763
ARG,1998,703.098,708.202,715.89,720.356,714.701,707.848,702.309,696.191,682.923,677.345,671.684,666.085,661.329,658.06,656.276,656.05,657.436,657.754,656.018,650.184,640.137,625.928,608.532,592.507,571.76,551.8,535.054,518.116,503.327,491.279,485.334,479.818,474.949,471.522,468.623,463.471,452.596,447.531,444.732,441.795,444.551,435.371,428.58,422.769,417.22,410.268,402.605,394.271,384.817,381.347,374.234,363.383,352.701,340.829,329.396,318.533,308.06,298.201,288.95,280.401,273.55,267.776,262.188,255.896,249.795,244.465,239.288,234.205,228.439,222.556,213.845,203.015,191.187,180.223,168.601,156.598,144.609,132.807,121.123,109.437,99.123,89.726,80.394,70.748,61.745,52.719,44.048,36.235,29.549,23.661,18.695,14.616,11.212,8.387,6.132,4.36,3.021,2.032,1.323,0.827
ARG,1999,702.941,701.013,707.32,715.255,719.887,714.435,707.603,702.094,696.014,682.754,677.146,671.419,665.732,660.858,657.54,655.688,655.382,656.668,656.872,655.061,649.181,639.1,624.872,607.475,591.437,570.695,550.74,534.006,517.084,502.301,490.258,484.303,478.787,473.92,470.493,467.575,462.382,451.463,446.333,443.458,440.435,443.086,433.821,426.929,421.009,415.342,408.289,400.516,392.074,382.505,378.893,371.655,360.692,349.892,337.905,326.356,315.371,304.774,294.785,285.395,276.692,269.663,263.689,257.893,251.396,245.068,239.471,233.984,228.539,222.371,216.044,206.935,195.779,183.706,172.535,160.801,148.776,136.812,125.066,113.471,101.924,91.712,82.408,73.238,63.876,55.204,46.628,38.499,31.264,25.141,19.828,15.413,11.843,8.919,6.54,4.677,3.242,2.185,1.427,0.898
ARG,2000,709.241,700.921,700.171,706.716,714.802,719.631,714.201,707.399,701.922,695.847,682.556,676.884,671.07,665.267,660.344,656.963,655.034,654.632,655.806,655.937,654.077,648.158,638.05,623.818,606.412,590.372,569.638,549.697,532.98,516.059,501.282,489.243,483.284,477.767,472.899,469.457,466.496,461.252,450.278,445.078,442.126,439.006,441.546,432.191,425.193,419.163,413.381,406.21,398.317,389.757,380.06,376.295,368.933,357.856,346.936,334.838,323.17,312.059,301.335,291.209,281.67,272.811,265.601,259.427,253.423,246.71,240.13,234.229,228.386,222.534,215.929,209.138,199.646,188.218,175.971,164.665,152.879,140.862,128.946,117.273,105.79,94.421,84.358,75.208,66.265,57.248,48.963,40.88,33.323,26.685,21.136,16.4,12.528,9.449,6.978,5.005,3.488,2.352,1.537,0.971
ARG,2001,706.449,707.247,700.092,699.58,706.275,714.552,719.386,713.983,707.218,701.754,695.644,682.285,676.515,670.574,664.72,659.735,656.28,654.254,653.737,654.835,654.919,653.017,647.062,636.941,622.696,605.292,589.256,568.538,548.621,531.911,514.992,500.22,488.196,482.236,476.716,471.834,468.353,465.337,460.027,448.992,443.721,440.683,437.457,439.876,430.425,423.322,417.183,411.272,403.975,395.951,387.258,377.425,373.502,366.012,354.819,343.78,331.568,319.779,308.541,297.682,287.41,277.719,268.704,261.316,254.943,248.717,241.763,234.897,228.649,222.405,216.114,209.055,201.813,191.991,180.36,168.015,156.634,144.83,132.846,120.997,109.424,98.092,86.946,77.094,68.159,59.508,50.893,43.042,35.49,28.532,22.505,17.54,13.373,10.027,7.417,5.358,3.746,2.542,1.661,1.05
ARG,2002,700.49,704.512,706.439,699.517,699.155,706.047,714.33,719.186,713.815,707.057,701.553,695.372,681.918,676.022,670.031,664.113,659.056,655.51,653.372,652.785,653.835,653.877,651.937,645.963,635.821,621.578,604.179,588.155,567.462,547.552,530.849,513.931,499.174,487.162,481.196,475.656,470.736,467.205,464.122,458.742,447.647,442.294,439.162,435.825,438.119,428.576,421.367,415.106,409.056,401.619,393.449,384.613,374.641,370.557,362.935,351.63,340.471,328.141,316.227,304.855,293.853,283.43,273.589,264.42,256.857,250.272,243.798,236.569,229.373,222.735,216.061,209.31,201.81,194.165,184.079,172.322,159.938,148.513,136.716,124.787,113.031,101.594,90.463,79.603,70.021,61.366,53.061,44.896,37.519,30.524,24.178,18.767,14.375,10.761,7.913,5.727,4.035,2.747,1.808,1.143
ARG,2003,699.68,698.389,703.554,705.738,698.996,698.752,705.72,714.049,718.928,713.569,706.815,701.304,695.092,681.579,675.585,669.466,663.396,658.172,654.466,652.183,651.476,652.435,652.417,650.441,644.448,634.307,620.083,602.711,586.715,566.06,546.188,529.52,512.629,497.9,485.91,479.942,474.396,469.467,465.922,462.814,457.402,446.278,440.878,437.681,434.258,436.441,426.813,419.493,413.105,406.912,399.331,391.02,382.053,371.951,367.711,359.965,348.547,337.264,324.809,312.757,301.237,290.081,279.507,269.512,260.184,252.423,245.593,238.828,231.269,223.686,216.602,209.454,202.238,194.324,186.325,176.05,164.207,151.809,140.359,128.585,116.737,105.113,93.869,83.001,72.486,63.237,54.915,47,39.316,32.439,26.017,20.288,15.48,11.641,8.543,6.142,4.334,2.969,1.96,1.246
ARG,2004,695.885,697.631,697.465,702.877,705.23,698.602,698.43,705.44,713.786,718.674,713.323,706.563,701.018,694.744,681.14,675.017,668.744,662.509,657.125,653.28,650.882,650.088,650.986,650.93,648.934,642.935,632.801,618.601,601.259,585.295,564.678,544.842,528.203,511.332,496.623,484.645,478.664,473.102,468.154,464.586,461.442,455.987,444.826,439.363,436.088,432.562,434.619,424.889,417.442,410.91,404.551,396.814,388.349,379.237,368.995,364.584,356.703,345.162,333.74,321.143,308.942,297.262,285.95,275.216,265.06,255.552,247.56,240.436,233.317,225.362,217.33,209.758,202.125,194.461,186.176,177.884,167.443,155.544,143.151,131.687,119.957,108.224,96.784,85.793,75.257,65.158,56.304,48.375,40.91,33.765,27.443,21.645,16.569,12.392,9.12,6.529,4.562,3.119,2.064,1.309
ARG,2005,699.513,693.897,696.736,696.802,702.376,704.842,698.29,698.164,705.195,713.552,718.44,713.079,706.29,700.683,694.314,680.586,674.312,667.878,661.488,655.967,652.015,649.537,648.685,649.546,649.47,647.467,641.469,631.351,617.182,599.874,583.942,563.363,543.558,526.945,510.089,495.394,483.422,477.423,471.839,466.87,463.274,460.09,454.587,443.382,437.851,434.492,430.857,432.781,422.945,415.366,408.686,402.162,394.267,385.647,376.395,366.013,361.433,353.415,341.748,330.184,317.449,305.1,293.269,281.808,270.922,260.601,250.902,242.652,235.202,227.696,219.327,210.851,202.828,194.778,186.753,178.199,169.665,159.103,147.178,134.812,123.364,111.718,100.15,88.947,78.262,68.1,58.449,50.018,42.506,35.508,28.905,23.135,17.938,13.476,9.874,7.103,4.956,3.365,2.229,1.424
ARG,2006,707.199,697.555,693.031,696.104,696.322,702.003,704.54,698.036,697.93,704.97,713.326,718.202,712.811,705.962,700.26,693.767,679.894,673.46,666.871,660.349,654.723,650.697,648.168,647.28,648.122,648.039,646.037,640.046,629.95,615.812,598.54,582.637,562.092,542.313,525.719,508.871,494.183,482.209,476.185,470.572,465.574,461.942,458.708,453.149,441.89,436.284,432.831,429.074,430.852,420.902,413.18,406.341,399.644,391.583,382.806,373.407,362.88,358.121,349.958,338.158,326.445,313.566,301.07,289.091,277.479,266.435,255.926,246.001,237.45,229.625,221.699,212.899,203.998,195.569,187.168,178.868,170.08,161.343,150.686,138.757,126.447,115.054,103.547,92.206,81.304,70.983,61.246,52.082,44.108,37.048,30.546,24.506,19.296,14.693,10.82,7.754,5.44,3.69,2.429,1.554
ARG,2007,708.64,705.294,696.722,692.435,695.658,695.968,701.712,704.293,697.815,697.723,704.763,713.105,717.948,712.499,705.564,699.742,693.11,679.092,672.515,665.803,659.185,653.491,649.423,646.866,645.961,646.794,646.71,644.714,638.733,628.655,614.547,597.303,581.423,560.902,541.141,524.555,507.705,493.012,481.03,474.971,469.319,464.283,460.607,457.312,451.686,440.364,434.671,431.112,427.221,428.842,418.765,410.892,403.887,397.008,388.777,379.835,370.285,359.604,354.655,346.337,334.395,322.532,309.512,296.87,284.743,272.972,261.745,251.016,240.824,231.928,223.694,215.329,206.114,196.831,188.061,179.389,170.844,161.857,152.936,142.202,130.291,118.071,106.783,95.472,84.417,73.872,63.961,54.689,46.041,38.558,31.979,25.997,20.529,15.883,11.861,8.549,5.982,4.086,2.69,1.713
ARG,2008,708.717,706.802,704.497,696.153,692.018,695.342,695.716,701.493,704.088,697.614,697.522,704.551,712.858,717.64,712.107,705.06,699.102,692.327,678.178,671.482,664.68,658.002,652.269,648.182,645.611,644.696,645.526,645.441,643.451,637.477,627.413,613.328,596.107,580.239,559.731,539.976,523.386,506.52,491.814,479.811,473.703,467.999,462.909,459.173,455.803,450.093,438.694,432.895,429.209,425.162,426.601,416.38,408.337,401.145,394.067,385.645,376.519,366.798,355.943,350.782,342.288,330.193,318.169,304.999,292.202,279.908,267.946,256.488,245.482,234.957,225.657,216.972,208.159,198.553,188.932,179.885,170.966,162.201,153.031,143.935,133.147,121.3,109.237,98.126,87.096,76.411,66.299,56.871,48.131,40.063,33.127,27.086,21.67,16.812,12.753,9.318,6.557,4.465,2.958,1.884
ARG,2009,708.443,707.009,706.096,703.988,695.785,691.74,695.121,695.527,701.318,703.918,697.444,697.344,704.344,712.6,717.308,711.688,704.537,698.462,691.581,677.347,670.58,663.732,657.028,651.28,647.188,644.61,643.688,644.511,644.422,642.429,636.45,626.389,612.315,595.097,579.227,558.716,538.952,522.345,505.451,490.718,478.682,472.512,466.744,461.591,457.785,454.328,448.524,437.037,431.122,427.303,423.092,424.34,413.973,405.757,398.377,391.094,382.481,373.168,363.269,352.237,346.855,338.187,325.944,313.764,300.451,287.495,275.015,262.833,251.108,239.787,228.908,219.2,210.094,200.888,190.968,181.099,171.819,162.693,153.735,144.401,135.157,124.351,112.615,100.759,89.885,79.184,68.908,59.258,50.335,42.138,34.657,28.275,22.773,17.918,13.643,10.135,7.235,4.96,3.281,2.105
ARG,2010,717.531,706.833,706.378,705.655,703.666,695.549,691.557,694.966,695.383,701.175,703.77,697.288,697.167,704.127,712.323,716.953,711.247,704.012,697.849,690.896,676.615,669.816,662.949,656.235,650.482,646.387,643.802,642.869,643.679,643.579,641.572,635.579,625.509,611.428,594.204,578.316,557.789,538.002,521.365,504.431,489.661,477.581,471.34,465.495,460.266,456.377,452.821,446.912,435.326,429.285,425.32,420.934,421.983,411.461,403.066,395.49,387.994,379.18,369.667,359.58,348.36,342.75,333.906,321.517,309.183,295.715,282.579,269.877,257.43,245.394,233.726,222.477,212.379,202.894,193.359,183.197,173.119,163.641,154.329,145.191,135.714,126.352,115.576,104.009,92.425,81.846,71.527,61.702,52.551,44.163,36.538,29.662,23.852,18.902,14.604,10.895,7.911,5.506,3.67,2.353
ARG,2011,726.04,715.982,706.247,705.979,705.371,703.447,695.375,691.408,694.829,695.25,701.039,703.624,697.123,696.971,703.88,712.007,716.557,710.776,703.471,697.243,690.248,675.947,669.133,662.259,655.543,649.785,645.688,643.091,642.141,642.933,642.813,640.784,634.767,624.675,610.577,593.333,577.416,556.861,537.041,520.364,503.379,488.561,476.426,470.097,464.161,458.843,454.857,451.186,445.155,433.456,427.273,423.146,418.569,419.397,408.711,400.12,392.33,384.602,375.565,365.832,355.539,344.116,338.265,329.239,316.697,304.19,290.539,277.177,264.195,251.426,239.032,226.988,215.373,204.915,195.097,185.292,174.924,164.666,155.005,145.514,136.214,126.621,117.191,106.51,95.187,83.951,73.737,63.866,54.554,45.96,38.16,31.157,24.926,19.72,15.345,11.616,8.472,5.997,4.059,2.622
ARG,2012,731.151,724.574,715.458,705.893,705.736,705.199,703.318,695.266,691.306,694.722,695.136,700.916,703.485,696.96,696.774,703.633,711.699,716.184,710.35,703.007,696.747,689.735,675.434,668.616,661.738,655.016,649.251,645.144,642.53,641.556,642.321,642.171,640.11,634.056,623.93,609.804,592.529,576.57,555.978,536.115,519.389,502.344,487.468,475.268,468.842,462.805,457.385,453.292,449.496,443.333,431.514,425.18,420.884,416.106,416.71,405.852,397.058,389.047,381.073,371.8,361.84,351.338,339.712,333.621,324.413,311.709,299.006,285.136,271.504,258.202,245.08,232.318,219.923,207.997,197.247,187.171,177.148,166.615,156.204,146.38,136.741,127.319,117.669,108.236,97.721,86.706,75.874,66.074,56.69,47.924,39.911,32.72,26.344,20.755,16.14,12.32,9.13,6.503,4.486,2.95
ARG,2013,735.856,729.772,724.113,715.158,705.689,705.596,705.1,703.237,695.189,691.224,694.63,695.037,700.802,703.354,696.808,696.594,703.416,711.438,715.879,710.023,702.669,696.399,689.386,675.091,668.268,661.383,654.651,648.871,644.745,642.105,641.1,641.825,641.636,639.531,633.429,623.256,609.088,591.771,575.76,555.123,535.207,518.421,501.307,486.364,474.088,467.553,461.403,455.871,451.661,447.729,441.422,429.476,422.983,418.51,413.525,413.892,402.856,393.85,385.602,377.369,367.852,357.655,346.943,335.118,328.784,319.382,306.493,293.558,279.425,265.478,251.826,238.34,225.235,212.543,200.376,189.403,179.126,168.924,158.254,147.713,137.757,128.014,118.528,108.892,99.534,89.253,78.607,68.226,58.885,50.025,41.832,34.423,27.849,22.098,17.133,13.085,9.788,7.094,4.929,3.309
ARG,2014,739.716,734.537,729.348,723.846,714.984,705.565,705.5,705.019,703.16,695.11,691.144,694.544,694.939,700.689,703.225,696.663,696.43,703.22,711.209,715.622,709.76,702.41,696.136,689.124,674.832,667.999,661.101,654.351,648.55,644.401,641.729,640.684,641.363,641.125,638.966,632.804,622.575,608.36,590.991,574.92,554.229,534.254,517.4,500.205,485.186,472.826,466.169,459.893,454.237,449.897,445.816,439.358,427.273,420.613,415.952,410.747,410.864,399.636,390.399,381.897,373.388,363.612,353.173,342.246,330.215,323.616,313.991,300.873,287.654,273.204,258.902,244.876,231.042,217.638,204.71,192.362,181.219,170.77,160.407,149.615,138.965,128.912,119.112,109.624,100.069,90.849,80.866,70.646,60.768,51.933,43.641,36.061,29.284,23.349,18.234,13.886,10.39,7.599,5.371,3.631
ARG,2015,742.15,738.439,734.135,729.09,723.68,714.874,705.488,705.435,704.954,703.088,695.035,691.064,694.456,694.838,700.576,703.096,696.517,696.266,703.03,710.991,715.387,709.524,702.178,695.901,688.884,674.589,667.741,660.824,654.055,648.228,644.055,641.348,640.26,640.89,640.597,638.375,632.152,621.861,607.592,590.168,574.034,553.284,533.246,516.318,499.036,483.934,471.481,464.693,458.282,452.495,448.018,443.782,437.163,424.939,418.104,413.251,407.817,407.671,396.241,386.76,377.994,369.199,359.162,348.48,337.336,325.084,318.19,308.301,294.904,281.35,266.548,251.877,237.498,223.368,209.733,196.634,184.163,172.883,162.281,151.773,140.879,130.155,120.052,110.257,100.828,91.415,82.392,72.757,63.003,53.666,45.373,37.68,30.733,24.602,19.308,14.814,11.06,8.097,5.779,3.976
ARG,2016,743.12,740.905,738.051,733.883,728.925,723.57,714.797,705.422,705.369,704.884,703.014,694.955,690.978,694.36,694.728,700.45,702.951,696.352,696.082,702.822,710.758,715.137,709.274,701.932,695.644,688.617,674.316,667.447,660.511,653.718,647.868,643.669,640.924,639.788,640.363,640.009,637.724,631.429,621.072,606.746,589.263,573.06,552.246,532.136,515.127,497.749,482.556,470.001,463.07,456.512,450.582,445.959,441.556,434.769,422.397,415.38,410.32,404.64,404.206,392.56,382.819,373.771,364.678,354.374,343.439,332.061,319.557,312.316,302.101,288.371,274.437,259.261,244.237,229.554,215.193,201.393,188.184,175.626,164.23,153.493,142.862,131.905,121.163,111.078,101.361,92.067,82.867,74.104,64.874,55.641,46.895,39.189,32.132,25.842,20.368,15.711,11.822,8.639,6.177,4.295
ARG,2017,727.757,741.907,740.527,737.805,733.722,728.814,723.489,714.729,705.358,705.299,704.806,702.928,694.864,690.88,694.248,694.6,700.299,702.776,696.156,695.866,702.582,710.497,714.858,708.992,701.646,695.342,688.299,673.985,667.096,660.137,653.322,647.445,643.216,640.428,639.239,639.753,639.333,636.973,630.6,620.168,605.778,588.227,571.946,551.058,530.867,513.766,496.278,480.982,468.311,461.218,454.497,448.407,443.621,439.037,432.064,419.532,412.312,407.023,401.067,400.311,388.422,378.396,369.045,359.635,349.038,337.823,326.165,313.346,305.674,295.057,280.931,266.576,251.03,235.688,220.761,206.231,192.321,179.036,166.409,154.909,144.052,133.331,122.364,111.671,101.68,92.117,83.031,74.114,65.682,56.93,48.292,40.207,33.153,26.786,21.198,16.402,12.387,9.107,6.483,4.503
ARG,2018,707.41,726.606,741.545,740.283,737.643,733.612,728.732,723.42,714.663,705.29,705.228,704.729,702.841,694.769,690.778,694.133,694.465,700.142,702.595,695.958,695.655,702.352,710.244,714.588,708.712,701.358,695.033,687.97,673.645,666.733,659.752,652.913,647.007,642.745,639.913,638.668,639.117,638.626,636.19,629.734,619.227,604.769,587.148,570.785,549.818,529.541,512.343,494.741,479.335,466.546,459.286,452.397,446.144,441.195,436.427,429.27,416.575,409.147,403.621,397.381,396.295,384.162,373.854,364.204,354.476,343.581,332.059,320.086,306.904,298.75,287.692,273.167,258.423,242.573,227,211.911,197.282,183.307,169.971,157.298,145.719,134.783,124.03,113.12,102.549,92.72,83.372,74.548,65.961,57.901,49.66,41.636,34.223,27.824,22.135,17.214,13.059,9.651,6.926,4.801
ARG,2019,668.425,706.313,726.259,741.316,740.125,737.535,733.531,728.665,723.354,714.595,705.218,705.152,704.646,702.747,694.667,690.668,694.006,694.317,699.97,702.402,695.751,695.439,702.118,709.984,714.304,708.415,701.048,694.698,687.615,673.276,666.341,659.335,652.47,646.534,642.236,639.354,638.049,638.428,637.862,635.345,628.802,618.212,603.68,585.982,569.53,548.48,528.108,510.804,493.078,477.555,464.638,457.201,450.135,443.714,438.594,433.635,426.283,413.416,405.767,399.989,393.446,392.016,379.634,369.037,359.081,349.016,337.789,325.914,313.566,299.96,291.267,279.75,264.845,249.77,233.694,217.967,202.781,188.097,174.084,160.719,148.024,136.408,125.45,114.732,103.957,93.583,83.985,74.916,66.41,58.208,50.572,42.886,35.51,28.788,23.054,18.03,13.758,10.223,7.382,5.164
ARG,2020,655.816,667.415,705.979,726.042,741.17,740.019,737.453,733.462,728.6,723.291,714.527,705.145,705.074,704.559,702.647,694.557,690.55,693.871,694.16,699.792,702.207,695.545,695.224,701.882,709.72,714.011,708.101,700.72,694.344,687.239,672.885,665.925,658.893,652,646.03,641.691,638.757,637.388,637.692,637.047,634.442,627.808,617.129,602.519,584.738,568.189,547.046,526.575,509.156,491.3,475.652,462.601,454.982,447.731,441.138,435.843,430.685,423.128,410.079,402.196,396.152,389.299,387.515,374.885,363.996,353.717,343.281,331.677,319.392,306.613,292.539,283.285,271.329,256.103,240.778,224.557,208.743,193.507,178.794,164.764,151.397,138.723,127.125,116.214,105.608,95.036,84.927,75.619,66.883,58.747,50.976,43.808,36.706,29.994,23.963,18.875,14.49,10.832,7.866,5.538
ARG,2021,630.742,654.837,667.103,705.746,725.869,741.038,739.919,737.371,733.388,728.528,723.214,714.441,705.047,704.955,704.409,702.454,694.313,690.247,693.502,693.736,699.324,701.71,695.037,694.705,701.342,709.158,713.429,707.506,700.113,693.727,686.612,672.254,665.279,658.224,651.298,645.285,640.892,637.895,636.452,636.675,635.943,633.25,626.527,615.758,601.059,583.187,566.536,545.297,524.72,507.178,489.196,473.406,460.195,452.379,444.917,438.092,432.535,427.077,419.206,405.862,397.6,391.124,383.83,381.516,368.524,357.262,346.613,335.818,323.88,311.277,298.181,283.806,274.105,261.774,246.293,230.744,214.38,198.463,183.161,168.429,154.416,141.106,128.523,117.021,106.234,95.818,85.538,75.781,66.86,58.554,50.885,43.642,37.033,30.599,24.623,19.342,14.956,11.249,8.223,5.827
ARG,2022,624.348,629.831,654.548,666.887,705.572,725.73,740.925,739.821,737.28,733.297,728.43,723.103,714.314,704.895,704.769,704.18,702.17,693.97,689.835,693.023,693.201,698.744,701.105,694.429,694.094,700.725,708.532,712.789,706.86,699.457,693.055,685.919,671.543,664.532,657.435,650.464,644.4,639.952,636.895,635.39,635.539,634.729,631.949,625.132,614.264,599.46,581.483,564.722,543.383,522.706,505.056,486.958,471.034,457.658,449.62,441.902,434.784,428.893,423.074,414.836,401.167,392.509,385.594,377.85,374.961,361.55,349.833,338.713,327.45,315.066,302.04,288.541,273.818,263.636,250.949,235.269,219.571,203.149,187.214,171.935,157.27,143.358,130.183,117.738,106.319,95.635,85.447,75.591,66.393,58.068,50.378,43.337,36.755,30.809,25.114,19.907,15.379,11.677,8.609,6.155
ARG,2023,622.991,623.501,629.577,654.36,666.749,705.461,725.639,740.845,739.745,737.201,733.212,728.334,722.993,714.186,704.745,704.589,703.958,701.903,693.655,689.474,692.618,692.766,698.287,700.635,693.959,693.619,700.234,708.019,712.257,706.311,698.889,692.461,685.295,670.891,663.838,656.693,649.67,643.548,639.039,635.915,634.336,634.4,633.495,630.61,623.679,612.694,597.772,579.68,562.799,541.354,520.572,502.802,484.577,468.507,454.955,446.686,438.708,431.302,425.087,418.916,410.327,396.353,387.319,379.986,371.808,368.372,354.579,342.44,330.875,319.15,306.319,292.864,278.965,263.905,253.266,240.248,224.406,208.598,192.158,176.251,161.035,146.475,132.704,119.688,107.405,96.157,85.722,75.912,66.569,57.937,50.177,43.069,36.621,30.663,25.342,20.334,15.834,11.994,8.911,6.413
ARG,2024,620.346,622.167,623.249,629.409,654.242,666.664,705.392,725.578,740.784,739.681,737.133,733.137,728.253,722.903,714.084,704.63,704.455,703.802,701.723,693.457,689.259,692.385,692.521,698.025,700.357,693.668,693.308,699.897,707.653,711.862,705.896,698.451,691.997,684.799,670.363,663.265,656.069,648.987,642.801,638.219,635.016,633.346,633.308,632.291,629.283,622.222,611.108,596.06,577.841,560.831,539.273,518.378,500.488,482.145,465.953,452.26,443.81,435.629,428,421.532,415.086,406.22,392.015,382.694,375.042,366.539,362.676,348.576,336.068,324.08,311.888,298.588,284.687,270.385,255.006,243.969,230.693,214.745,198.878,182.453,166.589,151.444,136.996,123.383,110.577,98.56,87.596,77.474,68.023,59.098,50.912,43.602,36.971,31.016,25.581,20.786,16.357,12.461,9.21,6.659
ARG,2025,619.18,619.548,621.921,623.087,629.299,654.161,666.601,705.334,725.52,740.721,739.613,737.059,733.058,728.163,722.802,713.969,704.498,704.3,703.623,701.522,693.241,689.029,692.142,692.264,697.749,700.063,693.359,692.977,699.539,707.266,711.446,705.456,697.986,691.5,684.265,669.79,662.642,655.389,648.242,641.986,637.328,634.038,632.271,632.121,630.979,627.834,620.634,609.382,594.197,575.846,558.705,537.03,516.025,498.015,479.556,463.238,449.394,440.744,432.347,424.476,417.738,410.996,401.843,387.407,377.791,369.807,360.957,356.627,342.185,329.265,316.811,304.129,290.364,276.051,261.402,245.77,234.387,220.884,204.853,188.944,172.554,156.763,141.732,127.455,114.066,101.536,89.845,79.223,69.47,60.427,51.964,44.264,37.447,31.327,25.891,20.994,16.731,12.881,9.576,6.887
ARG,2026,618.829,618.4,619.309,621.763,622.979,629.223,654.1,666.547,705.278,725.459,740.654,739.541,736.98,732.97,728.063,722.686,713.836,704.345,704.121,703.423,701.304,693.011,688.789,691.887,691.994,697.459,699.752,693.032,692.629,699.163,706.859,711.008,704.992,697.491,690.967,683.688,669.17,661.963,654.646,647.433,641.103,636.361,632.979,631.106,630.831,629.551,626.258,618.909,607.507,592.178,573.694,556.419,534.631,513.516,495.387,476.806,460.35,446.342,437.477,428.845,420.718,413.69,406.641,397.195,382.522,372.599,364.26,355.03,350.187,335.36,321.989,309.044,295.871,281.675,267.005,252.075,236.245,224.543,210.829,194.733,178.801,162.475,146.801,131.945,117.908,104.81,92.621,81.314,71.088,61.754,53.169,45.209,38.038,31.748,26.163,21.26,16.909,13.185,9.905,7.164
ARG,2027,618.991,618.067,618.167,619.155,621.659,622.905,629.165,654.048,666.495,705.22,725.394,740.583,739.463,736.893,732.869,727.948,722.552,713.681,704.168,703.923,703.205,701.071,692.77,688.538,691.619,691.711,697.154,699.425,692.687,692.261,698.766,706.43,710.546,704.499,696.96,690.392,683.062,668.495,661.226,653.842,646.556,640.146,635.315,631.831,629.84,629.427,627.997,624.546,617.035,605.476,589.999,571.38,553.972,532.073,510.847,492.595,473.882,457.274,443.087,433.993,425.109,416.707,409.377,402.014,392.267,377.35,367.098,358.369,348.717,343.307,328.059,314.209,300.773,287.141,272.568,257.606,242.444,226.448,214.441,200.53,184.388,168.46,152.246,136.751,122.14,108.412,95.67,83.88,73.011,63.234,54.371,46.284,38.872,32.263,26.526,21.492,17.131,13.33,10.143,7.413
ARG,2028,619.124,618.246,617.838,618.017,619.052,621.585,622.849,629.117,653.999,666.442,705.159,725.327,740.506,739.376,736.793,732.754,727.814,722.396,713.504,703.972,703.706,702.973,700.828,692.519,688.275,691.338,691.412,696.831,699.08,692.324,691.874,698.348,705.977,710.054,703.969,696.388,689.769,682.382,667.76,660.425,652.97,645.606,639.11,634.18,630.583,628.461,627.899,626.31,622.687,615.005,603.283,587.657,568.903,551.362,529.352,508.014,489.626,470.768,453.996,439.617,430.274,421.123,412.435,404.796,397.109,387.048,371.866,361.252,352.092,341.97,335.943,320.248,305.92,292.024,277.984,263.096,247.891,232.527,216.383,204.082,189.991,173.828,157.952,141.911,126.668,112.374,99.022,86.699,75.365,64.988,55.71,47.362,39.821,32.992,26.972,21.802,17.328,13.513,10.261,7.596
ARG,2029,618.327,618.396,618.023,617.691,617.915,618.98,621.529,622.802,629.07,653.946,666.386,705.095,725.253,740.42,739.278,736.679,732.621,727.658,722.216,713.304,703.757,703.476,702.731,700.574,692.256,687.998,691.042,691.096,696.492,698.716,691.941,691.467,697.908,705.496,709.528,703.401,695.769,689.093,681.644,666.966,659.559,652.027,644.578,637.988,632.95,629.225,626.963,626.242,624.478,620.675,612.816,600.929,585.153,566.264,548.59,526.464,505.002,486.466,467.449,450.502,435.916,426.31,416.88,407.898,399.942,391.915,381.516,366.041,355.024,345.386,334.749,328.067,311.925,297.15,282.843,268.459,253.304,237.882,222.334,206.055,193.474,179.226,163.089,147.328,131.535,116.619,102.711,89.797,77.951,67.128,57.295,48.561,40.774,33.818,27.597,22.181,17.586,13.673,10.405,7.686
ARG,2030,617.788,617.615,618.177,617.878,617.592,617.844,618.925,621.483,622.756,629.022,653.893,666.325,705.023,725.17,740.324,739.165,736.547,732.465,727.479,722.017,713.088,703.529,703.237,702.478,700.309,691.979,687.707,690.73,690.764,696.134,698.335,691.539,691.038,697.441,704.983,708.963,702.784,695.098,688.359,680.845,666.105,658.621,651.006,643.466,636.77,631.609,627.749,625.336,624.441,622.494,618.504,610.464,598.411,582.483,563.458,545.645,523.392,501.794,483.097,463.911,446.776,431.968,422.088,412.372,403.088,394.798,386.407,375.636,359.83,348.366,338.202,327.02,319.667,303.113,287.94,273.286,258.6,243.202,227.58,211.858,195.464,182.624,168.261,152.216,136.646,121.18,106.663,93.206,80.792,69.48,59.223,49.979,41.838,34.653,28.308,22.711,17.902,13.886,10.535,7.8
ARG,2031,617.568,617.093,617.402,618.035,617.779,617.522,617.79,618.879,621.438,622.708,628.971,653.835,666.261,704.946,725.077,740.212,739.034,736.391,732.286,727.278,721.798,712.858,703.291,702.984,702.214,700.03,691.689,687.4,690.402,690.415,695.759,697.934,691.117,690.582,696.941,704.429,708.351,702.116,694.37,687.565,679.98,665.173,657.607,649.901,642.258,635.444,630.152,626.148,623.569,622.491,620.356,616.172,607.948,595.727,579.645,560.478,542.514,520.122,498.376,479.505,460.137,442.799,427.764,417.601,407.591,397.989,389.34,380.547,369.362,353.185,341.231,330.509,318.772,310.766,293.849,278.342,263.381,248.416,232.792,216.98,201.101,184.617,171.556,157.144,141.269,125.969,110.906,96.854,83.913,72.059,61.337,51.693,43.086,35.579,29.025,23.31,18.341,14.142,10.703,7.9
ARG,2032,615.61,616.888,616.886,617.262,617.938,617.71,617.468,617.744,618.835,621.391,622.658,628.916,653.773,666.189,704.857,724.97,740.081,738.879,736.212,732.086,727.059,721.565,712.617,703.041,702.722,701.936,699.737,691.383,687.078,690.057,690.048,695.366,697.512,690.667,690.094,696.403,703.831,707.688,701.392,693.58,686.704,679.044,664.164,656.509,648.7,640.941,634.002,628.569,624.407,621.655,620.389,618.057,613.677,605.267,592.872,576.631,557.309,539.179,516.635,494.729,475.674,456.111,438.564,423.294,412.841,402.521,392.578,383.531,374.294,362.648,346.062,333.585,322.293,310.024,301.403,284.187,268.386,253.14,237.91,222.07,206.084,190.07,173.54,160.324,145.94,130.318,115.368,100.776,87.257,74.895,63.66,53.577,44.597,36.668,29.824,23.919,18.839,14.5,10.909,8.031
ARG,2033,616.943,614.946,616.683,616.748,617.167,617.87,617.657,617.422,617.701,618.789,621.342,622.606,628.857,653.704,666.108,704.755,724.845,739.928,738.701,736.011,731.865,726.826,721.321,712.364,702.781,702.446,701.644,699.429,691.061,686.738,689.695,689.663,694.951,697.064,690.187,689.571,695.822,703.183,706.969,700.608,692.727,685.775,678.032,663.075,655.316,647.394,639.512,632.437,626.853,622.525,619.593,618.132,615.601,611.019,602.417,589.842,573.426,553.936,535.625,512.919,490.843,471.588,451.822,434.063,418.553,407.795,397.141,386.818,377.332,367.601,355.45,338.429,325.419,313.579,300.822,291.634,274.161,258.087,242.569,227.083,211.04,194.901,178.795,162.288,148.994,134.722,119.434,104.906,90.857,77.937,66.214,55.648,46.258,37.984,30.761,24.597,19.347,14.906,11.194,8.191
ARG,2034,616.495,616.293,614.747,616.55,616.655,617.099,617.817,617.612,617.379,617.655,618.74,621.29,622.549,628.792,653.624,666.013,704.634,724.697,739.751,738.501,735.792,731.631,726.58,721.066,712.1,702.506,702.156,701.338,699.105,690.723,686.382,689.315,689.258,694.511,696.586,689.67,689.004,695.192,702.481,706.192,699.761,691.805,684.771,676.937,661.891,654.02,645.975,637.961,630.74,624.996,620.496,617.38,615.719,612.983,608.196,599.392,586.621,570.015,550.342,531.838,508.958,486.697,467.236,447.267,429.289,413.528,402.438,391.413,380.67,370.696,360.426,347.734,330.273,316.753,304.407,291.213,281.489,263.78,247.445,231.663,215.934,199.708,183.457,167.327,150.924,137.635,123.557,108.679,94.647,81.208,68.952,57.922,48.081,39.426,31.887,25.389,19.911,15.318,11.514,8.411
ARG,2035,616.752,615.858,616.098,614.615,616.456,616.587,617.047,617.772,617.568,617.334,617.608,618.69,621.234,622.485,628.718,653.533,665.903,704.494,724.525,739.551,738.281,735.557,731.385,726.324,720.798,711.823,702.218,701.852,701.015,698.765,690.367,686.009,688.915,688.827,694.041,696.07,689.111,688.39,694.508,701.721,705.351,698.844,690.809,683.684,675.749,660.603,652.611,644.435,636.278,628.903,622.993,618.317,615.014,613.149,610.201,605.195,596.174,583.19,566.378,546.509,527.799,504.732,482.282,462.611,442.431,424.224,408.189,396.732,385.294,374.082,363.575,352.724,339.481,321.609,307.621,294.817,281.22,270.967,253.037,236.448,220.413,204.458,188.09,171.795,155.721,139.51,126.309,112.505,98.113,84.65,71.892,60.355,50.075,41.005,33.119,26.334,20.564,15.773,11.838,8.656
ARG,2036,615.298,616.129,615.667,615.968,614.524,616.389,616.535,617.002,617.729,617.524,617.287,617.557,618.634,621.17,622.412,628.632,653.426,665.771,704.328,724.33,739.33,738.044,735.308,731.125,726.052,720.516,711.53,701.914,701.529,700.675,698.408,689.993,685.614,688.489,688.367,693.535,695.514,688.507,687.725,693.769,700.899,704.443,697.855,689.731,682.504,674.457,659.204,651.081,642.764,634.457,626.923,620.844,615.988,612.491,610.416,607.246,602.005,592.747,579.533,562.502,542.423,523.491,500.23,477.588,457.701,437.301,418.842,402.499,390.632,378.734,367.011,355.93,344.484,330.71,312.474,298.068,284.838,270.849,260.07,241.926,225.096,208.826,192.685,176.245,159.987,144.057,128.124,115.094,101.642,87.816,74.995,62.976,52.218,42.741,34.473,27.375,21.348,16.305,12.202,8.907
ARG,2037,614.279,614.691,615.941,615.539,615.877,614.458,616.337,616.49,616.959,617.685,617.477,617.237,617.503,618.571,621.098,622.327,628.529,653.298,665.619,704.141,724.117,739.094,737.795,735.047,730.853,725.769,720.22,711.223,701.595,701.193,700.319,698.032,689.601,685.195,688.034,687.872,692.989,694.913,687.851,687.006,692.971,700.012,703.462,696.784,688.562,681.222,673.053,657.687,649.423,640.958,632.495,624.798,618.546,613.507,609.812,607.513,604.104,598.609,589.096,575.637,558.37,538.065,518.903,495.444,472.605,452.491,431.848,413.105,396.416,384.094,371.692,359.418,347.748,335.724,321.457,302.911,288.119,274.472,260.096,248.788,230.442,213.388,196.921,180.662,164.232,148.101,132.4,116.827,104.051,91.037,77.85,65.739,54.523,44.599,35.956,28.514,22.207,16.939,12.62,9.185
ARG,2038,613.562,613.684,614.507,615.815,615.449,615.811,614.406,616.293,616.447,616.915,617.639,617.428,617.184,617.441,618.501,621.014,622.226,628.408,653.149,665.445,703.936,723.887,738.846,737.534,734.775,730.568,725.473,719.911,710.901,701.261,700.839,699.948,697.639,689.185,684.749,687.547,687.34,692.398,694.262,687.144,686.228,692.109,699.055,702.402,695.624,687.291,679.829,671.532,656.042,647.631,639.011,630.389,622.528,616.1,610.87,606.966,604.428,600.759,594.989,585.206,571.483,553.964,533.425,514.026,490.364,467.316,446.953,426.034,406.969,389.893,377.071,364.128,351.286,339.041,326.475,311.765,292.945,277.775,263.714,248.954,237.118,218.59,201.351,184.756,168.462,152.132,136.215,120.827,105.701,93.266,80.771,68.296,56.962,46.606,37.552,29.767,23.153,17.637,13.123,9.511
ARG,2039,609.779,612.982,613.505,614.383,615.726,615.384,615.76,614.362,616.251,616.404,616.87,617.59,617.376,617.123,617.372,618.418,620.915,622.108,628.267,652.981,665.255,703.717,723.647,738.587,737.263,734.492,730.273,725.165,719.589,710.566,700.913,700.473,699.559,697.225,688.743,684.273,687.023,686.765,691.761,693.559,686.379,685.39,691.18,698.02,701.253,694.363,685.911,678.32,669.882,654.264,645.7,636.923,628.141,620.11,613.5,608.071,603.941,601.142,597.194,591.133,581.058,567.055,549.271,528.491,508.847,484.972,461.693,441.044,419.813,400.388,382.883,369.523,356.022,342.631,329.845,316.779,301.653,282.571,267.028,252.552,237.413,225.055,206.384,189.029,172.39,156.153,140.012,124.392,109.404,94.811,82.804,70.907,59.218,48.724,39.269,31.11,24.188,18.4,13.673,9.895
ARG,2040,605.86,609.215,612.807,613.384,614.296,615.661,615.333,615.716,614.321,616.208,616.36,616.823,617.538,617.316,617.053,617.289,618.319,620.798,621.97,628.109,652.798,665.053,703.487,723.398,738.319,736.982,734.198,729.966,724.844,719.254,710.218,700.551,700.089,699.149,696.784,688.271,683.76,686.458,686.144,691.074,692.802,685.556,684.487,690.177,696.9,700.004,692.995,684.416,676.684,668.099,652.349,643.628,634.694,625.746,617.541,610.739,605.094,600.718,597.642,593.396,587.024,576.638,562.338,544.283,523.252,503.35,479.237,455.692,434.72,413.137,393.313,375.348,361.432,347.388,333.481,320.198,306.657,291.12,271.783,255.869,240.982,225.473,212.622,193.879,176.493,159.903,143.813,127.949,112.716,98.217,84.242,72.748,61.529,50.692,41.085,32.557,25.299,19.237,14.276,10.317
ARG,2041,602.971,605.313,609.044,612.687,613.298,614.232,615.611,615.29,615.675,614.279,616.165,616.313,616.772,617.479,617.248,616.973,617.193,618.204,620.661,621.815,627.936,652.601,664.842,703.249,723.139,738.04,736.691,733.892,729.647,724.51,718.906,709.857,700.173,699.685,698.714,696.313,687.764,683.207,685.848,685.475,690.334,691.987,684.669,683.512,689.089,695.682,698.651,691.513,682.797,674.918,666.181,650.297,641.418,632.32,623.204,614.814,607.805,601.927,597.288,593.915,589.352,582.645,571.931,557.326,538.987,517.694,497.504,473.118,449.272,427.935,405.963,385.707,367.269,352.814,338.263,323.882,310.123,296.108,280.162,260.575,244.294,229.005,213.158,199.875,181.149,163.829,147.377,131.524,116.027,101.271,87.349,74.075,63.181,52.719,42.784,34.096,26.501,20.141,14.94,10.784
ARG,2042,599.274,602.438,605.147,608.928,612.604,613.235,614.183,615.569,615.25,615.634,614.236,616.118,616.262,616.713,617.412,617.168,616.877,617.079,618.071,620.508,621.646,627.752,652.397,664.622,703.003,722.872,737.752,736.389,733.576,729.317,724.165,718.546,709.479,699.777,699.257,698.25,695.809,687.218,682.612,685.192,684.754,689.536,691.108,683.712,682.455,687.908,694.362,697.184,689.907,681.048,673.015,664.124,648.104,639.064,629.798,620.502,611.914,604.68,598.551,593.632,589.941,585.038,577.978,566.924,552,533.362,511.774,491.257,466.561,442.371,420.633,398.24,377.541,358.65,343.688,328.67,313.836,299.6,285.108,268.75,248.924,232.282,216.621,200.501,186.867,168.255,151.092,134.871,119.346,104.312,90.126,76.866,64.377,54.168,44.523,35.528,27.771,21.111,15.651,11.292
ARG,2043,594.361,598.756,602.278,605.033,608.847,612.541,613.187,614.141,615.528,615.209,615.591,614.191,616.069,616.207,616.648,617.334,617.074,616.766,616.948,617.922,620.344,621.468,627.561,652.187,664.396,702.748,722.596,737.456,736.078,733.25,728.976,723.808,718.17,709.084,699.357,698.802,697.753,695.267,686.63,681.971,684.485,683.978,688.677,690.16,682.674,681.307,686.628,692.932,695.596,688.173,679.165,670.976,661.928,645.77,636.562,627.119,617.629,608.826,601.352,594.954,589.737,585.705,580.443,573.016,561.606,546.344,527.373,505.451,484.565,459.516,434.948,412.771,389.947,368.829,349.524,334.095,318.63,303.341,288.625,273.651,256.883,236.829,219.859,203.89,187.581,173.689,155.285,138.371,122.475,107.378,92.902,79.373,66.865,55.242,45.788,37.007,28.966,22.144,16.421,11.841
ARG,2044,592.208,593.86,598.601,602.168,604.954,608.787,612.494,613.146,614.102,615.488,615.168,615.548,614.143,616.014,616.142,616.571,617.243,616.966,616.638,616.804,617.761,620.17,621.284,627.365,651.971,664.164,702.488,722.313,737.151,735.757,732.915,728.623,723.438,717.778,708.667,698.91,698.315,697.22,694.684,685.998,681.281,683.724,683.142,687.75,689.132,681.548,680.063,685.24,691.383,693.879,686.306,677.145,668.799,659.588,643.289,633.904,624.269,614.569,605.534,597.802,591.12,585.581,581.19,575.552,567.741,555.952,540.314,520.968,498.67,477.367,451.926,426.945,404.318,381.087,359.588,339.914,324.036,308.12,292.374,277.171,261.712,244.54,224.294,207.061,190.867,174.464,160.405,142.306,125.739,110.27,95.699,81.872,69.095,57.423,46.729,38.085,30.193,23.111,17.237,12.431
ARG,2045,587.667,591.72,593.709,598.494,602.091,604.896,608.74,612.453,613.108,614.063,615.448,615.125,615.5,614.089,615.952,616.068,616.483,617.137,616.842,616.498,616.647,617.593,619.991,621.095,627.164,651.751,663.928,702.222,722.023,736.838,735.429,732.569,728.26,723.051,717.364,708.224,698.433,697.792,696.647,694.056,685.317,680.538,682.905,682.24,686.746,688.017,680.326,678.714,683.737,689.709,692.033,684.304,674.989,666.48,657.102,640.654,631.078,621.234,611.308,602.027,594.02,587.03,581.153,576.386,570.355,562.133,549.926,533.867,514.097,491.375,469.613,443.746,418.341,395.287,371.689,349.857,329.835,313.504,297.135,280.923,265.229,249.286,231.738,211.373,193.962,177.639,161.235,147.103,129.409,113.292,98.351,84.403,71.325,59.387,48.62,38.903,31.1,24.114,18.007,13.06
ARG,2046,583.585,587.194,591.574,593.607,598.419,602.034,604.851,608.701,612.416,613.07,614.023,615.406,615.078,615.447,614.028,615.879,615.982,616.38,617.016,616.704,616.347,616.484,617.421,619.809,620.902,626.959,651.525,663.684,701.947,721.724,736.517,735.089,732.21,727.878,722.643,716.925,707.75,697.921,697.229,696.03,693.381,684.585,679.739,682.021,681.264,685.656,686.807,679.002,677.253,682.113,687.908,690.052,682.166,672.692,664.014,654.46,637.849,628.065,617.997,607.831,598.286,589.985,582.671,576.438,571.276,564.823,556.15,543.476,526.945,506.701,483.511,461.247,434.942,409.137,385.694,361.777,339.634,319.263,302.473,285.642,268.962,252.778,236.375,218.519,198.124,180.634,164.274,147.964,133.862,116.679,101.118,86.805,73.584,61.348,50.321,40.513,31.795,24.858,18.803,13.655
ARG,2047,579.528,583.127,587.053,591.474,593.534,598.364,601.99,604.812,608.664,612.379,613.031,613.982,615.361,615.027,615.388,613.958,615.795,615.882,616.263,616.883,616.557,616.188,616.317,617.244,619.622,620.706,626.75,651.293,663.433,701.665,721.417,736.184,734.738,731.836,727.476,722.21,716.456,707.242,697.37,696.624,695.366,692.654,683.796,678.877,681.064,680.203,684.474,685.496,677.569,675.676,680.366,685.977,687.937,679.89,670.252,661.395,651.65,634.862,624.855,614.549,604.126,594.298,585.685,578.032,571.425,565.841,558.926,549.748,536.552,519.494,498.729,475.029,452.243,425.524,399.361,375.578,351.365,328.909,308.189,290.932,273.635,256.486,239.835,223.037,204.959,184.636,167.16,150.859,134.748,120.787,104.221,89.316,75.737,63.341,52.024,41.966,33.141,25.436,19.4,14.272
ARG,2048,576.924,579.082,582.99,586.956,591.403,593.48,598.322,601.953,604.777,608.629,612.341,612.991,613.938,615.311,614.969,615.319,613.877,615.698,615.768,616.134,616.74,616.403,616.025,616.146,617.063,619.43,620.504,626.533,651.054,663.174,701.374,721.099,735.84,734.369,731.44,727.048,721.746,715.951,706.694,696.777,695.973,694.651,691.872,682.946,677.943,680.024,679.053,683.192,684.077,676.022,673.979,678.493,683.915,685.685,677.47,667.658,658.609,648.654,631.678,621.433,610.873,600.175,590.047,581.108,573.097,566.091,560.042,552.609,542.869,529.095,511.457,490.124,465.892,442.604,415.511,389.04,364.936,340.426,317.658,296.583,278.854,261.091,243.497,226.44,209.332,191.131,170.98,153.616,137.479,121.673,107.969,92.125,77.986,65.245,53.757,43.42,34.358,26.538,19.868,14.737
ARG,2049,570.594,576.491,578.951,582.896,586.888,591.351,593.439,598.285,601.918,604.742,608.592,612.302,612.948,613.89,615.254,614.902,615.241,613.783,615.587,615.643,615.995,616.59,616.245,615.858,615.97,616.878,619.234,620.296,626.31,650.807,662.908,701.074,720.77,735.48,733.981,731.019,726.591,721.247,715.408,706.106,696.139,695.272,693.882,691.028,682.025,676.927,678.897,677.807,681.805,682.544,674.356,672.159,676.493,681.719,683.292,674.899,664.899,655.639,645.463,628.285,617.787,606.954,595.963,585.523,576.239,567.844,560.397,553.826,545.82,535.458,521.047,502.778,480.85,456.106,432.35,404.933,378.175,353.745,328.94,305.857,284.427,266.223,248.015,230.04,212.663,195.34,177.114,157.235,140.089,124.227,108.84,95.508,80.498,67.232,55.414,44.9,35.575,27.533,20.746,15.104
ARG,2050,565.029,570.174,576.363,578.86,582.83,586.837,591.311,593.404,598.251,601.884,604.707,608.553,612.26,612.9,613.834,615.19,614.826,615.149,613.676,615.466,615.508,615.85,616.436,616.083,615.687,615.79,616.687,619.031,620.081,626.081,650.553,662.633,700.762,720.426,735.098,733.568,730.569,726.1,720.711,714.823,705.471,695.452,694.516,693.051,690.112,681.022,675.826,677.674,676.458,680.306,680.894,672.57,670.216,674.362,679.384,680.746,672.162,661.957,652.472,642.06,624.667,613.897,602.774,591.477,580.704,571.051,562.232,554.289,547.142,538.497,527.454,512.35,493.417,470.907,445.685,421.506,393.784,366.735,341.978,316.874,293.477,271.695,253.039,234.451,216.18,198.58,181.141,162.991,143.493,126.679,111.209,96.355,83.52,69.454,57.149,46.325,36.821,28.535,21.545,15.788
ARG,2051,560.633,564.623,570.051,576.274,578.795,582.781,586.798,591.276,593.371,598.219,601.849,604.67,608.513,612.214,612.847,613.771,615.114,614.737,615.045,613.558,615.335,615.366,615.699,616.278,615.916,615.512,615.605,616.491,618.822,619.859,625.843,650.289,662.347,700.434,720.061,734.693,733.124,730.084,725.571,720.135,714.193,704.788,694.71,693.701,692.15,689.117,679.935,674.632,676.349,674.997,678.692,679.123,670.66,668.143,672.095,676.9,678.034,669.241,658.817,649.095,638.43,620.803,609.745,598.317,586.695,575.567,565.503,556.206,547.711,539.924,530.581,518.792,502.956,483.367,460.306,434.649,410.057,382.027,354.687,329.596,304.197,280.489,258.382,239.337,220.455,201.988,184.262,166.807,148.845,129.845,113.48,98.518,84.322,72.114,59.081,47.811,38.02,29.558,22.346,16.41
ARG,2052,555.223,560.239,564.503,569.965,576.212,578.748,582.743,586.765,591.244,593.338,598.184,601.813,604.63,608.468,612.162,612.785,613.699,615.027,614.635,614.929,613.43,615.197,615.221,615.546,616.116,615.745,615.332,615.413,616.287,618.606,619.629,625.596,650.014,662.045,700.087,719.671,734.258,732.648,729.562,725,719.511,713.514,704.05,693.909,692.814,691.169,688.035,678.753,673.335,674.915,673.423,676.957,677.229,668.622,665.935,669.679,674.25,675.139,666.122,655.465,645.487,634.549,616.677,605.313,593.563,581.592,570.068,559.54,549.71,540.603,532.113,522.007,509.429,492.863,472.643,449.069,422.988,397.971,369.63,341.994,316.571,290.88,266.89,244.528,225.181,206.107,187.541,169.79,152.431,134.778,116.394,100.599,86.273,72.857,61.386,49.462,39.267,30.54,23.162,17.03
ARG,2053,550.813,554.84,560.123,564.42,569.905,576.165,578.709,582.71,586.733,591.213,593.306,598.149,601.774,604.585,608.417,612.101,612.715,613.614,614.929,614.523,614.804,613.297,615.055,615.07,615.388,615.949,615.569,615.145,615.215,616.077,618.381,619.39,625.338,649.724,661.725,699.717,719.254,733.788,732.133,728.998,724.384,718.838,712.781,703.253,693.038,691.85,690.102,686.86,677.472,671.933,673.369,671.733,675.103,675.207,666.451,663.585,667.104,671.422,672.047,662.793,651.887,641.635,630.408,612.276,600.59,588.492,576.132,564.159,553.114,542.693,532.914,523.658,512.744,499.374,482.096,461.278,437.197,410.681,385.23,356.572,328.643,302.888,276.938,252.741,230.219,210.672,191.504,172.942,155.281,138.14,120.918,103.273,88.174,74.611,62.079,51.445,40.667,31.578,23.961,17.674
ARG,2054,544.031,550.44,554.728,560.043,564.361,569.86,576.128,578.678,582.68,586.702,591.18,593.272,598.111,601.732,604.537,608.359,612.033,612.632,613.518,614.819,614.402,614.674,613.16,614.909,614.917,615.226,615.776,615.386,614.951,615.009,615.859,618.148,619.14,625.066,649.417,661.383,699.319,718.804,733.283,731.578,728.39,723.719,718.113,711.987,702.387,692.091,690.801,688.945,685.586,676.086,670.421,671.709,669.926,673.125,673.056,664.141,661.079,664.357,668.403,668.749,659.242,648.068,637.522,625.99,607.585,595.55,583.065,570.263,557.79,546.171,535.102,524.588,514.518,502.789,488.641,470.681,449.264,424.658,397.696,371.798,342.825,314.606,288.549,262.417,238.11,215.535,195.888,176.729,158.287,140.836,124.042,107.38,90.599,76.325,63.634,52.08,42.341,32.739,24.802,18.304
ARG,2055,540.968,543.67,550.332,554.65,559.985,564.317,569.824,576.097,578.648,582.65,586.671,591.147,593.235,598.07,601.684,604.48,608.292,611.952,612.538,613.411,614.701,614.274,614.539,613.018,614.758,614.758,615.057,615.598,615.197,614.75,614.796,615.63,617.903,618.877,624.778,649.088,661.016,698.89,718.318,732.737,730.979,727.734,723.001,717.328,711.125,701.442,691.06,689.663,687.689,684.208,674.591,668.797,669.933,667.997,671.016,670.762,661.676,658.402,661.421,665.178,665.227,655.446,643.986,633.132,621.276,602.573,590.149,577.224,563.929,550.899,538.651,526.871,515.577,504.684,492.15,477.246,458.594,436.551,411.404,383.983,357.631,328.343,299.867,273.585,247.374,223.068,200.545,180.903,161.87,143.671,126.561,110.242,94.279,78.49,65.152,53.431,42.903,34.119,25.739,18.965
ARG,2056,533.803,540.615,543.565,550.256,554.595,559.942,564.283,569.793,576.068,578.619,582.618,586.638,591.112,593.194,598.023,601.629,604.416,608.214,611.861,612.435,613.297,614.577,614.143,614.401,612.871,614.604,614.595,614.883,615.412,615,614.542,614.573,615.393,617.646,618.597,624.469,648.735,660.619,698.427,717.794,732.148,730.331,727.026,722.224,716.475,710.187,700.417,689.941,688.427,686.329,682.721,672.986,667.061,668.039,665.943,668.771,668.316,659.044,655.544,658.287,661.738,661.465,651.393,639.63,628.448,616.241,597.203,584.337,570.92,557.078,543.436,530.496,517.963,505.881,494.172,480.849,465.175,445.799,423.11,397.401,369.512,342.7,313.129,284.477,258.071,231.897,207.701,185.34,165.82,147.04,129.215,112.579,96.88,81.753,67.066,54.761,44.063,34.612,26.856,19.707
ARG,2057,531.377,533.461,540.513,543.492,550.201,554.553,559.908,564.253,569.765,576.04,578.589,582.588,586.603,591.072,593.149,597.97,601.566,604.341,608.126,611.76,612.323,613.176,614.448,614.008,614.257,612.721,614.444,614.424,614.702,615.22,614.796,614.323,614.341,615.141,617.372,618.297,624.135,648.353,660.19,697.928,717.228,731.512,729.633,726.258,721.381,715.545,709.165,699.302,688.727,687.089,684.863,681.124,671.269,665.207,666.02,663.753,666.375,665.704,656.232,652.492,654.942,658.061,657.444,647.065,634.982,623.444,610.843,591.421,578.062,564.097,549.653,535.341,521.666,508.37,495.507,482.996,468.868,452.384,432.255,408.891,382.608,354.245,326.994,297.225,268.503,242.093,216.07,192.096,170.019,150.749,132.356,115.038,99.022,84.089,69.922,56.425,45.207,35.585,27.274,20.585
ARG,2058,526.423,531.044,533.363,540.443,543.439,550.161,554.52,559.879,564.226,569.738,576.01,578.559,582.553,586.565,591.029,593.098,597.91,601.494,604.256,608.029,611.652,612.206,613.051,614.317,613.869,614.111,612.565,614.279,614.248,614.514,615.02,614.582,614.096,614.095,614.874,617.079,617.974,623.776,647.94,659.728,697.387,716.615,730.825,728.877,725.424,720.461,714.534,708.057,698.092,687.412,685.647,683.289,679.416,669.435,663.232,663.868,661.416,663.816,662.914,653.23,649.234,651.367,654.133,653.154,642.444,630.013,618.076,605.029,585.174,571.266,556.701,541.594,526.568,512.153,498.101,484.473,471.14,456.161,438.829,417.914,393.857,366.982,338.169,310.556,280.698,252.031,225.728,199.974,176.349,154.687,135.803,117.932,101.272,86.024,71.985,58.884,46.627,36.546,28.07,20.929
ARG,2059,522.526,526.099,530.948,533.295,540.391,543.4,550.129,554.492,559.852,564.198,569.709,575.98,578.526,582.517,586.523,590.979,593.04,597.84,601.412,604.162,607.924,611.538,612.084,612.923,614.18,613.725,613.958,612.403,614.105,614.064,614.318,614.812,614.359,613.855,613.833,614.587,616.762,617.624,623.387,647.495,659.227,696.804,715.955,730.081,728.056,724.517,719.461,713.436,706.853,696.783,685.994,684.098,681.603,677.591,667.481,661.125,661.571,658.919,661.08,659.933,650.024,645.752,647.546,649.936,648.568,637.504,624.679,612.289,598.742,578.404,563.893,548.666,532.855,517.108,501.958,487.166,472.749,458.547,442.678,424.46,402.73,377.954,350.508,321.324,293.454,263.636,235.143,209.068,183.713,160.572,139.463,121.107,103.911,88.059,73.713,60.684,48.71,37.736,28.861,21.565
ARG,2060,518.689,522.21,526.005,530.881,533.245,540.352,543.369,550.101,554.466,559.826,564.171,569.68,575.948,578.49,582.475,586.475,590.921,592.972,597.76,601.32,604.061,607.813,611.42,611.96,612.792,614.04,613.577,613.799,612.236,613.925,613.873,614.114,614.592,614.123,613.598,613.553,614.278,616.42,617.247,622.967,647.013,658.686,696.174,715.239,729.272,727.159,723.527,718.374,712.244,705.55,695.37,684.472,682.44,679.805,675.647,665.398,658.877,659.116,656.252,658.16,656.75,646.598,642.029,643.465,645.453,643.665,632.198,618.928,606.031,591.927,571.058,555.882,539.95,523.428,506.968,491.097,475.544,460.291,445.176,428.372,409.231,386.655,361.171,333.228,303.783,275.78,246.123,217.929,192.215,167.402,144.887,124.475,106.8,90.433,75.526,62.2,50.25,39.462,29.832,22.197
ARG,2061,516.959,518.38,522.12,525.94,530.833,533.208,540.323,543.342,550.076,554.44,559.799,564.143,569.649,575.913,578.45,582.429,586.42,590.855,592.896,597.672,601.222,603.954,607.7,611.298,611.831,612.654,613.895,613.422,613.635,612.061,613.738,613.673,613.9,614.361,613.871,613.323,613.25,613.944,616.051,616.838,622.512,646.492,658.101,695.49,714.46,728.39,726.184,722.453,717.194,710.953,704.143,693.853,682.841,680.669,677.886,673.573,663.172,656.473,656.492,653.4,655.039,653.346,642.932,638.05,639.1,640.654,638.394,626.47,612.701,599.24,584.523,563.067,547.182,530.536,513.309,496.15,479.537,463.172,447.042,430.966,413.186,393.083,369.662,343.54,315.205,285.627,257.612,228.243,200.488,175.279,151.159,129.417,109.859,93.026,77.629,63.787,51.555,40.749,31.229,22.968
ARG,2062,513.538,516.658,518.293,522.056,525.894,530.796,533.178,540.296,543.318,550.051,554.414,559.772,564.113,569.615,575.874,578.405,582.375,586.356,590.782,592.811,597.577,601.119,603.844,607.582,611.172,611.699,612.513,613.744,613.261,613.463,611.878,613.543,613.463,613.673,614.113,613.6,613.026,612.922,613.582,615.65,616.395,622.019,645.927,657.466,694.746,713.611,727.43,725.123,721.286,715.916,709.559,702.632,692.228,681.099,678.779,675.838,671.356,660.792,653.902,653.686,650.354,651.701,649.705,639.015,633.795,634.427,635.493,632.702,620.267,605.941,591.859,576.468,554.385,537.781,520.428,502.509,484.627,467.222,450.005,432.95,415.868,397.069,375.996,351.794,325.133,296.534,266.948,239.046,210.113,182.948,158.398,135.122,114.315,95.772,79.925,65.624,52.921,41.849,32.282,24.07
ARG,2063,511.82,513.243,516.572,518.231,522.01,525.858,530.767,533.153,540.272,543.293,550.026,554.387,559.742,564.08,569.577,575.83,578.353,582.314,586.285,590.699,592.719,597.477,601.012,603.73,607.461,611.043,611.56,612.365,613.586,613.092,613.283,611.687,613.337,613.24,613.43,613.847,613.309,612.703,612.567,613.19,615.216,615.916,621.487,645.316,656.776,693.935,712.686,726.385,723.972,720.021,714.535,708.061,701.014,690.491,679.24,676.762,673.65,668.985,658.246,651.154,650.688,647.096,648.129,645.811,634.821,629.235,629.398,629.916,626.532,613.528,598.59,583.823,567.709,544.998,527.678,509.629,490.994,472.341,454.104,435.985,417.961,399.829,379.997,358.01,333.123,306.048,277.31,247.846,220.204,191.865,165.447,141.716,119.456,99.748,82.364,67.634,54.503,43.008,33.193,24.913
ARG,2064,510.295,511.532,513.16,516.512,518.186,521.976,525.83,530.742,533.129,540.249,543.268,550,554.359,559.71,564.044,569.535,575.78,578.294,582.245,586.206,590.611,592.623,597.374,600.902,603.612,607.335,610.909,611.416,612.211,613.421,612.917,613.096,611.485,613.118,613.003,613.17,613.561,612.992,612.356,612.182,612.766,614.746,615.398,620.909,644.65,656.023,693.051,711.681,725.252,722.725,718.658,713.053,706.459,699.286,688.64,677.257,674.608,671.311,666.451,655.527,648.218,647.484,643.611,644.312,641.647,630.331,624.331,623.966,623.873,619.833,606.203,590.59,575.09,558.242,534.912,516.888,498.116,478.715,459.25,440.13,421.071,402.03,382.829,362.014,339.204,313.749,286.379,257.631,228.444,201.217,173.636,148.132,125.391,104.32,85.859,69.761,56.225,44.335,34.144,25.642
ARG,2065,508.936,510.012,511.45,513.102,516.468,518.152,521.948,525.806,530.719,533.106,540.224,543.243,549.972,554.328,559.675,564.002,569.487,575.723,578.227,582.169,586.121,590.517,592.524,597.268,600.789,603.491,607.205,610.768,611.266,612.052,613.25,612.733,612.898,611.273,612.886,612.747,612.889,613.25,612.65,611.978,611.767,612.306,614.238,614.836,620.28,643.923,655.202,692.09,710.589,724.023,721.379,717.192,711.466,704.746,697.44,686.662,675.137,672.303,668.807,663.741,652.62,645.078,644.054,639.882,640.224,637.18,625.495,619.025,618.071,617.301,612.54,598.219,581.88,565.632,548.052,524.119,505.362,485.815,465.607,445.28,425.236,405.186,385.112,364.889,343.178,319.655,293.751,266.215,237.61,208.864,182.223,155.574,131.166,109.598,89.87,72.789,58.048,45.781,35.235,26.405
ARG,2066,508.294,508.658,509.932,511.393,513.059,516.435,518.125,521.925,525.783,530.696,533.083,540.199,543.217,549.942,554.294,559.636,563.957,569.432,575.659,578.154,582.087,586.03,590.422,592.422,597.158,600.671,603.365,607.069,610.622,611.11,611.884,613.069,612.54,612.688,611.045,612.636,612.472,612.585,612.915,612.279,611.57,611.316,611.809,613.687,614.225,619.593,643.132,654.31,691.048,709.407,722.699,719.934,715.624,709.771,702.92,695.473,684.551,672.871,669.84,666.135,660.849,649.515,641.723,640.39,635.896,635.847,632.377,620.269,613.275,611.669,610.159,604.603,589.54,572.463,555.468,537.162,512.605,493.06,472.695,451.629,430.4,409.385,388.329,367.27,346.108,323.607,299.484,273.255,245.706,217.411,189.282,163.404,137.875,114.749,94.517,76.269,60.637,47.322,36.429,27.284
ARG,2067,504.323,508.021,508.58,509.876,511.351,513.027,516.409,518.102,521.903,525.762,530.675,533.06,540.173,543.188,549.909,554.256,559.592,563.904,569.37,575.587,578.075,582,585.939,590.322,592.316,597.044,600.549,603.233,606.927,610.469,610.946,611.708,612.88,612.334,612.465,610.8,612.365,612.174,612.255,612.55,611.878,611.128,610.829,611.269,613.087,613.556,618.845,642.272,653.341,689.919,708.131,721.275,718.387,713.949,707.963,700.97,693.369,682.292,670.447,667.208,663.28,657.756,646.192,638.132,636.465,631.619,631.13,627.177,614.596,607.019,604.697,602.369,595.958,580.137,562.321,544.583,525.519,500.287,479.908,458.674,436.709,414.53,392.527,370.512,348.55,326.553,303.371,278.769,252.367,224.973,197.171,169.847,144.929,120.719,99.045,80.295,63.601,49.488,37.699,28.243
ARG,2068,503.936,504.057,507.945,508.525,509.835,511.319,513,516.386,518.081,521.882,525.739,530.65,533.034,540.145,543.156,549.873,554.214,559.541,563.845,569.302,575.511,577.992,581.911,585.843,590.219,592.206,596.926,600.421,603.095,606.779,610.309,610.774,611.523,612.678,612.116,612.224,610.536,612.073,611.85,611.899,612.156,611.443,610.648,610.3,610.683,612.432,612.828,618.032,641.337,652.293,688.7,706.761,719.752,716.734,712.161,706.032,698.885,691.12,679.876,667.858,664.395,660.227,654.446,642.636,634.287,632.256,627.011,626.024,621.531,608.424,600.206,597.095,593.885,586.591,570.008,551.457,532.94,513.058,487.112,465.846,443.698,420.783,397.637,374.696,351.803,329.042,306.315,282.567,257.634,231.227,204.172,177.055,150.744,126.996,104.282,84.213,67.024,51.956,39.464,29.258
ARG,2069,500.189,503.675,503.983,507.89,508.485,509.804,511.295,512.979,516.365,518.06,521.86,525.716,530.626,533.007,540.114,543.121,549.831,554.165,559.484,563.78,569.229,575.431,577.905,581.819,585.744,590.114,592.092,596.803,600.287,602.951,606.623,610.14,610.593,611.326,612.463,611.879,611.964,610.249,611.755,611.5,611.511,611.729,610.973,610.128,609.723,610.04,611.716,612.036,617.148,640.325,651.159,687.389,705.294,718.124,714.969,710.25,703.967,696.654,688.713,677.293,665.089,661.386,656.957,650.903,638.826,630.159,627.715,622.017,620.475,615.383,601.695,592.771,588.807,584.683,576.491,559.146,539.824,520.465,499.713,473.007,450.806,427.692,403.811,379.749,355.951,332.288,308.832,285.488,261.321,236.222,209.999,183.48,157.266,132.187,109.801,88.749,70.365,54.815,41.481,30.666
ARG,2070,497.504,499.932,503.602,503.93,507.852,508.455,509.779,511.273,512.958,516.344,518.04,521.838,525.693,530.6,532.977,540.081,543.082,549.785,554.111,559.421,563.71,569.153,575.347,577.817,581.724,585.641,590.002,591.972,596.673,600.147,602.8,606.459,609.963,610.401,611.115,612.232,611.624,611.682,609.938,611.411,611.12,611.092,611.265,610.461,609.563,609.093,609.341,610.94,611.176,616.191,639.232,649.944,685.988,703.727,716.386,713.084,708.21,701.758,694.268,686.139,674.534,662.129,658.167,653.459,647.107,634.736,625.707,622.795,616.59,614.432,608.681,594.353,584.664,579.818,574.762,565.661,547.514,527.356,507.101,485.423,457.918,434.729,410.629,385.833,360.938,336.389,312.061,288.022,264.204,239.782,214.704,188.864,163.107,138.024,114.38,93.533,74.228,57.607,43.814,32.27
ARG,2071,494.125,497.253,499.862,503.551,503.892,507.821,508.431,509.758,511.253,512.939,516.324,518.018,521.815,525.668,530.571,532.945,540.043,543.037,549.732,554.051,559.354,563.636,569.074,575.262,577.725,581.625,585.534,589.886,591.847,596.537,600.001,602.642,606.287,609.775,610.194,610.888,611.981,611.347,611.376,609.601,611.038,610.709,610.638,610.763,609.905,608.943,608.407,608.581,610.096,610.244,615.157,638.058,648.64,684.489,702.053,714.53,711.07,706.024,699.395,691.718,683.391,671.582,658.96,654.721,649.711,643.032,630.325,620.88,617.447,610.678,607.844,601.366,586.345,575.869,570.121,564.116,554.052,535.038,513.989,492.776,470.119,441.769,417.571,392.535,366.907,341.288,316.094,291.212,266.734,242.605,218.11,193.255,168.032,143.276,119.542,97.519,78.31,60.836,46.099,34.131
ARG,2072,492.046,493.88,497.185,499.813,503.513,503.863,507.798,508.41,509.738,511.234,512.919,516.303,517.995,521.79,525.64,530.54,532.909,540,542.987,549.675,553.986,559.283,563.561,568.991,575.173,577.63,581.522,585.423,589.764,591.717,596.395,599.846,602.475,606.104,609.573,609.972,610.643,611.71,611.047,611.045,609.236,610.633,610.263,610.145,610.216,609.297,608.27,607.661,607.754,609.182,609.239,614.048,636.801,647.248,682.889,700.264,712.545,708.912,703.685,696.867,688.991,680.449,668.422,655.567,651.024,645.682,638.63,625.536,615.627,611.613,604.225,600.643,593.378,577.647,566.371,559.703,552.69,541.584,521.641,499.639,477.415,453.718,424.512,399.35,373.461,347.11,320.872,295.147,269.853,245.094,220.837,196.475,172.08,147.724,124.199,102.016,81.72,64.249,48.738,35.952
ARG,2073,488.926,491.807,493.814,497.136,499.776,503.484,503.84,507.777,508.391,509.719,511.213,512.898,516.281,517.971,521.763,525.609,530.505,532.868,539.952,542.933,549.613,553.919,559.211,563.482,568.907,575.081,577.53,581.413,585.305,589.637,591.578,596.245,599.682,602.296,605.908,609.356,609.732,610.377,611.415,610.722,610.685,608.841,610.196,609.779,609.608,609.618,608.633,607.536,606.85,606.86,608.195,608.159,612.859,635.458,645.762,681.181,698.352,710.42,706.604,701.186,694.168,686.077,677.302,665.038,651.929,647.054,641.332,633.855,620.328,609.901,605.25,597.178,592.785,584.706,568.256,556.167,548.525,540.419,528.196,507.259,484.247,460.945,436.183,406.176,380.132,353.498,326.529,299.784,273.669,248.123,223.266,199.081,175.087,151.409,128.159,106.08,85.564,67.102,51.52,38.047
ARG,2074,486.548,488.692,491.742,493.767,497.101,499.748,503.461,503.819,507.758,508.372,509.7,511.193,512.876,516.257,517.945,521.734,525.576,530.466,532.823,539.899,542.874,549.548,553.849,559.135,563.4,568.818,574.984,577.425,581.3,585.181,589.503,591.433,596.086,599.509,602.105,605.695,609.121,609.471,610.089,611.095,610.37,610.295,608.412,609.721,609.251,609.021,608.966,607.913,606.739,605.971,605.893,607.135,607.001,611.588,634.024,644.173,679.352,696.304,708.146,704.137,698.517,691.281,682.957,673.931,661.41,648.02,642.766,636.612,628.657,614.646,603.653,598.296,589.482,584.249,575.336,558.161,545.211,536.506,527.23,513.809,491.816,467.731,443.323,417.538,386.824,360.006,332.732,305.259,278.152,251.808,226.192,201.437,177.566,154.201,131.489,109.575,89.071,70.341,53.87,40.274
ARG,2075,482.037,486.318,488.628,491.695,493.731,497.073,499.725,503.442,503.801,507.74,508.352,509.68,511.173,512.854,516.233,517.918,521.702,525.539,530.421,532.773,539.843,542.813,549.482,553.777,559.057,563.316,568.726,574.884,577.316,581.18,585.052,589.361,591.279,595.917,599.323,601.899,605.467,608.865,609.189,609.776,610.749,609.987,609.874,607.947,609.202,608.675,608.381,608.257,607.129,605.877,605.023,604.856,606,605.765,610.232,632.491,642.474,677.396,694.115,705.716,701.503,695.662,688.191,679.616,670.317,657.511,643.797,638.109,631.471,622.986,608.443,596.821,590.7,581.117,575.021,565.26,547.314,533.423,523.581,513.047,498.351,475.232,450.043,424.571,397.844,366.541,339.052,311.25,283.418,256.11,229.719,204.238,179.824,156.528,134.046,112.542,92.105,73.31,56.542,42.163
ARG,2076,477.77,481.813,486.256,488.583,491.662,493.704,497.051,499.706,503.424,503.783,507.721,508.333,509.66,511.151,512.829,516.205,517.886,521.666,525.497,530.373,532.72,539.784,542.749,549.413,553.702,558.976,563.227,568.629,574.777,577.2,581.054,584.915,589.211,591.116,595.736,599.122,601.676,605.218,608.588,608.882,609.436,610.374,609.573,609.415,607.439,608.637,608.047,607.685,607.487,606.28,604.946,604.006,603.745,604.788,604.445,608.783,630.852,640.656,675.303,691.775,703.123,698.686,692.607,684.882,676.032,666.431,653.297,639.209,633.037,625.862,616.795,601.662,589.357,582.441,572.074,565.095,554.427,535.638,520.738,509.673,497.797,481.737,457.46,431.206,404.746,377.185,345.404,317.356,289.169,261.139,233.814,207.581,182.47,158.66,136.197,114.846,94.699,75.887,58.992,44.304
ARG,2077,475.639,477.552,481.752,486.213,488.55,491.635,493.683,497.032,499.688,503.406,503.765,507.702,508.314,509.638,511.127,512.803,516.175,517.852,521.625,525.451,530.323,532.664,539.723,542.683,549.341,553.625,558.892,563.134,568.527,574.665,577.079,580.922,584.77,589.052,590.94,595.54,598.904,601.434,604.947,608.288,608.55,609.069,609.967,609.124,608.916,606.885,608.02,607.364,606.929,606.653,605.366,603.946,602.917,602.559,603.493,603.034,607.233,629.097,638.711,673.066,689.276,700.348,695.671,689.335,681.332,672.179,662.23,648.718,634.212,627.502,619.736,610.023,594.249,581.24,573.51,562.34,554.417,542.761,523.066,507.078,494.706,481.395,463.92,438.519,411.28,383.937,355.644,323.506,295.042,266.633,238.59,211.455,185.619,161.146,138.196,116.818,96.755,78.127,61.149,46.292
ARG,2078,474.427,475.425,477.494,481.71,486.18,488.524,491.614,493.665,497.015,499.671,503.388,503.747,507.683,508.292,509.615,511.101,512.775,516.142,517.814,521.582,525.402,530.268,532.606,539.66,542.616,549.267,553.543,558.802,563.036,568.419,574.547,576.95,580.781,584.614,588.881,590.749,595.328,598.667,601.171,604.655,607.962,608.19,608.671,609.525,608.633,608.37,606.28,607.348,606.622,606.111,605.754,604.383,602.875,601.752,601.291,602.109,601.525,605.572,627.22,636.631,670.677,686.603,697.378,692.44,685.822,677.513,668.01,657.661,643.725,628.751,621.45,613.029,602.615,586.182,572.452,563.885,551.858,542.902,530.181,509.508,492.359,478.586,463.778,444.903,418.452,390.332,362.206,333.291,300.948,272.229,243.784,215.938,189.235,164.065,140.487,118.653,98.524,79.917,63.034,48.048
ARG,2079,469.735,474.216,475.368,477.452,481.678,486.156,488.504,491.597,493.648,496.998,499.654,503.37,503.727,507.662,508.27,509.59,511.074,512.743,516.105,517.772,521.536,525.352,530.214,532.547,539.595,542.545,549.189,553.457,558.706,562.932,568.305,574.421,576.813,580.631,584.448,588.695,590.544,595.098,598.411,600.885,604.336,607.608,607.798,608.237,609.043,608.097,607.775,605.623,606.618,605.817,605.227,604.787,603.33,601.73,600.506,599.934,600.627,599.907,603.794,625.211,634.409,668.121,683.74,694.193,688.97,682.04,673.377,663.472,652.675,638.265,622.778,614.821,605.688,594.545,577.44,562.974,553.512,540.542,530.473,516.601,494.885,476.49,461.256,444.959,424.741,397.342,368.441,339.641,310.247,277.867,249.081,220.811,193.406,167.406,143.166,120.741,100.184,81.476,64.563,49.599
ARG,2080,468.974,469.531,474.161,475.327,477.422,481.654,486.135,488.486,491.58,493.632,496.982,499.636,503.352,503.707,507.64,508.246,509.563,511.042,512.708,516.065,517.728,521.487,525.299,530.156,532.485,539.526,542.47,549.106,553.366,558.607,562.822,568.185,574.289,576.667,580.469,584.267,588.493,590.32,594.847,598.132,600.574,603.992,607.224,607.374,607.764,608.515,607.511,607.126,604.907,605.828,604.949,604.277,603.751,602.203,600.507,599.176,598.483,599.038,598.176,601.894,623.067,632.033,665.382,680.671,690.774,685.233,677.945,668.876,658.52,647.224,632.294,616.234,607.565,597.691,585.802,568.011,552.756,542.309,528.324,517.05,501.946,479.11,459.418,442.731,424.992,403.512,375.261,345.688,316.353,286.642,254.419,225.777,197.927,171.238,146.209,123.155,102.046,82.937,65.896,50.862
ARG,2081,462.865,468.772,469.477,474.121,475.298,477.398,481.634,486.118,488.47,491.564,493.615,496.964,499.619,503.332,503.686,507.617,508.221,509.534,511.009,512.669,516.022,517.681,521.436,525.245,530.097,532.42,539.454,542.391,549.018,553.27,558.5,562.706,568.056,574.146,576.509,580.293,584.072,588.274,590.075,594.574,597.828,600.237,603.617,606.807,606.91,607.248,607.941,606.876,606.422,604.133,604.974,604.016,603.261,602.643,601,599.198,597.75,596.927,597.339,596.325,599.864,620.771,629.486,662.447,677.373,687.089,681.186,673.485,663.96,653.102,641.258,625.749,609.069,599.657,589.02,576.364,557.837,541.714,530.203,515.118,502.552,486.123,462.125,441.155,423.059,403.952,381.29,352.292,322.186,292.48,262.643,230.791,202.543,175.395,149.696,125.899,104.198,84.576,67.165,51.985
ARG,2082,460.302,462.668,468.72,469.438,474.091,475.274,477.379,481.618,486.102,488.454,491.548,493.598,496.947,499.599,503.311,503.664,507.592,508.192,509.502,510.973,512.628,515.978,517.634,521.385,525.188,530.035,532.351,539.379,542.307,548.925,553.168,558.388,562.581,567.918,573.993,576.339,580.103,583.859,588.036,589.811,594.279,597.5,599.872,603.211,606.352,606.403,606.683,607.315,606.183,605.659,603.297,604.058,603.017,602.172,601.459,599.712,597.796,596.222,595.262,595.521,594.347,597.692,618.313,626.756,659.293,673.82,683.097,676.775,668.611,658.58,647.171,634.717,618.578,601.254,591.077,579.657,566.174,546.835,529.769,517.106,500.838,486.884,469.069,443.935,421.741,402.31,381.907,358.152,328.542,298.068,268.178,238.429,207.207,179.638,153.468,129.025,106.627,86.454,68.573,53.056
ARG,2083,456.127,460.11,462.617,468.681,469.41,474.069,475.256,477.362,481.603,486.086,488.438,491.531,493.581,496.928,499.58,503.29,503.64,507.564,508.16,509.467,510.933,512.586,515.932,517.584,521.331,525.128,529.969,532.279,539.298,542.218,548.826,553.058,558.267,562.449,567.77,573.827,576.154,579.895,583.626,587.777,589.524,593.958,597.143,599.476,602.767,605.855,605.85,606.07,606.635,605.435,604.836,602.399,603.077,601.949,601.011,600.194,598.334,596.296,594.588,593.483,593.582,592.234,595.366,615.678,623.824,655.896,669.972,678.748,671.959,663.282,652.693,640.672,627.554,610.762,592.78,581.814,569.548,555.153,534.932,516.845,502.942,485.403,469.991,450.8,424.595,401.259,380.563,358.942,334.217,304.156,273.5,243.643,214.241,183.934,157.326,132.409,109.391,88.571,70.18,54.236
ARG,2084,453.417,455.94,460.061,462.581,468.653,469.387,474.051,475.24,477.348,481.588,486.072,488.423,491.514,493.563,496.909,499.559,503.267,503.615,507.534,508.127,509.429,510.893,512.543,515.885,517.533,521.274,525.065,529.899,532.203,539.212,542.124,548.722,552.943,558.139,562.305,567.61,573.646,575.953,579.67,583.375,587.496,589.211,593.611,596.756,599.043,602.281,605.313,605.249,605.405,605.899,604.626,603.953,601.439,602.029,600.809,599.769,598.84,596.859,594.69,592.843,591.585,591.508,589.972,592.875,612.85,620.667,652.215,665.779,673.998,666.689,657.448,646.241,633.553,619.745,602.283,583.629,571.811,558.611,543.228,522.049,502.863,487.625,468.755,451.888,431.369,404.183,379.781,357.898,335.174,309.624,279.299,248.678,219.114,190.353,161.248,135.879,112.387,90.974,71.99,55.584
ARG,2085,449.749,453.235,455.892,460.026,462.554,468.632,469.37,474.035,475.225,477.333,481.572,486.056,488.406,491.497,493.545,496.889,499.536,503.242,503.586,507.503,508.091,509.391,510.851,512.498,515.836,517.478,521.214,524.999,529.824,532.12,539.121,542.023,548.61,552.819,558,562.15,567.435,573.449,575.733,579.425,583.102,587.192,588.873,593.233,596.332,598.569,601.752,604.722,604.595,604.683,605.105,603.759,603.006,600.412,600.908,599.589,598.439,597.388,595.28,592.975,590.98,589.555,589.288,587.546,590.198,609.8,617.241,648.201,661.194,668.795,660.916,651.048,639.166,625.783,611.264,593.116,573.731,560.972,546.756,530.298,508.087,487.715,471.075,450.883,432.6,410.826,382.742,357.359,334.398,310.709,284.513,254.137,223.817,194.843,167.021,139.396,115.447,93.566,74.028,57.086
ARG,2086,445.868,449.569,453.188,455.858,459.999,462.533,468.614,469.354,474.02,475.211,477.319,481.558,486.04,488.39,491.479,493.526,496.868,499.513,503.214,503.555,507.468,508.054,509.351,510.809,512.451,515.784,517.421,521.151,524.928,529.746,532.033,539.023,541.915,548.489,552.684,557.849,561.981,567.245,573.236,575.495,579.159,582.805,586.861,588.505,592.821,595.87,598.053,601.176,604.082,603.888,603.905,604.252,602.831,601.996,599.315,599.71,598.284,597.015,595.836,593.594,591.145,588.988,587.382,586.909,584.94,587.313,606.493,613.506,643.812,656.174,663.098,654.584,644.032,631.447,617.347,602.095,583.202,563.008,549.224,533.904,516.286,492.962,471.351,453.311,431.842,412.21,389.249,360.36,334.11,310.209,285.726,259.089,228.931,199.211,171.131,144.542,118.572,96.233,76.239,58.787
ARG,2087,443.985,445.693,449.525,453.155,455.832,459.979,462.517,468.6,469.341,474.006,475.198,477.304,481.543,486.024,488.372,491.461,493.505,496.846,499.487,503.185,503.523,507.433,508.017,509.309,510.764,512.401,515.729,517.36,521.082,524.852,529.661,531.939,538.918,541.8,548.359,552.538,557.685,561.797,567.037,573.003,575.235,578.87,582.483,586.502,588.104,592.369,595.365,597.491,600.55,603.388,603.125,603.07,603.34,601.838,600.915,598.14,598.427,596.885,595.49,594.177,591.792,589.186,586.854,585.051,584.349,582.126,584.179,602.88,609.416,638.999,650.667,656.838,647.632,636.364,623.051,608.209,592.162,572.44,551.362,536.462,519.949,501.074,476.587,453.748,434.346,411.673,390.75,366.678,337.104,310.13,285.451,260.375,233.562,203.926,175.116,148.234,123.07,98.943,78.502,60.617
ARG,2088,439.776,443.813,445.649,449.492,453.129,455.813,459.963,462.502,468.586,469.327,473.993,475.183,477.289,481.527,486.008,488.355,491.442,493.484,496.82,499.459,503.155,503.49,507.397,507.977,509.267,510.716,512.349,515.67,517.295,521.009,524.771,529.57,531.84,538.806,541.674,548.217,552.379,557.506,561.595,566.812,572.75,574.954,578.556,582.133,586.108,587.664,591.876,594.815,596.88,599.872,602.639,602.305,602.174,602.363,600.775,599.758,596.882,597.051,595.386,593.86,592.405,589.866,587.089,584.564,582.542,581.586,579.071,580.755,598.925,604.93,633.719,644.618,649.966,640.036,628.027,613.961,598.313,581.379,560.754,538.711,522.605,504.8,484.609,458.975,434.959,414.261,390.449,368.304,343.23,313.117,285.585,260.33,234.919,208.237,179.436,151.845,126.357,102.823,80.82,62.507
ARG,2089,436.591,439.609,443.77,445.618,449.468,453.11,455.797,459.948,462.488,468.573,469.314,473.979,475.169,477.274,481.51,485.991,488.337,491.421,493.461,496.794,499.43,503.122,503.455,507.359,507.936,509.221,510.666,512.292,515.607,517.224,520.931,524.683,529.473,531.732,538.684,541.538,548.063,552.205,557.311,561.376,566.567,572.474,574.648,578.214,581.75,585.678,587.183,591.339,594.219,596.218,599.141,601.834,601.427,601.217,601.319,599.64,598.518,595.534,595.579,593.785,592.12,590.51,587.803,584.838,582.102,579.835,578.585,575.733,577.006,594.586,600.011,627.92,637.979,642.458,631.775,618.997,604.11,587.566,569.664,548.051,524.966,507.552,488.391,466.887,440.163,415.044,393.107,368.229,344.962,319.015,288.536,260.646,235.067,209.626,183.394,155.742,129.567,105.684,84.087,64.431
ARG,2090,434.174,436.428,439.567,443.74,445.594,449.449,453.094,455.783,459.936,462.476,468.559,469.301,473.965,475.154,477.259,481.495,485.973,488.317,491.399,493.437,496.767,499.401,503.089,503.42,507.319,507.892,509.172,510.611,512.232,515.538,517.149,520.847,524.589,529.368,531.614,538.551,541.388,547.894,552.016,557.098,561.138,566.3,572.176,574.316,577.842,581.331,585.208,586.661,590.756,593.572,595.505,598.356,600.973,600.489,600.194,600.202,598.422,597.191,594.091,594.005,592.076,590.261,588.483,585.59,582.418,579.444,576.894,575.306,572.079,572.895,589.829,594.608,621.555,630.724,634.293,622.827,609.211,593.411,575.886,556.927,534.245,510.032,491.244,470.725,447.953,420.22,394.067,370.958,345.119,320.854,294.197,263.555,235.562,209.959,184.808,159.354,133.055,108.513,86.55,67.138
ARG,2091,431.863,434.013,436.388,439.538,443.717,445.576,449.434,453.081,455.77,459.923,462.464,468.546,469.286,473.951,475.139,477.243,481.478,485.954,488.296,491.376,493.41,496.739,499.369,503.055,503.383,507.277,507.845,509.12,510.553,512.166,515.466,517.068,520.757,524.489,529.255,531.486,538.406,541.225,547.71,551.81,556.866,560.879,566.011,571.851,573.951,577.433,580.873,584.697,586.094,590.125,592.875,594.738,597.515,600.052,599.485,599.099,599.005,597.118,595.769,592.549,592.326,590.249,588.268,586.305,583.209,579.804,576.554,573.679,571.712,568.066,568.381,584.598,588.672,614.593,622.824,625.439,613.118,598.567,581.767,563.169,543.065,519.222,493.827,473.66,451.824,427.852,399.183,372.069,347.884,321.209,296.1,268.928,238.38,210.583,185.274,160.744,136.287,111.566,88.98,69.2
ARG,2092,428.349,431.706,433.975,436.359,439.515,443.699,445.561,449.421,453.069,455.758,459.91,462.451,468.533,469.273,473.936,475.124,477.228,481.461,485.935,488.274,491.352,493.384,496.709,499.338,503.019,503.343,507.232,507.796,509.064,510.49,512.096,515.388,516.98,520.659,524.378,529.13,531.345,538.247,541.047,547.509,551.584,556.614,560.598,565.694,571.496,573.553,576.987,580.375,584.141,585.479,589.444,592.125,593.917,596.615,599.066,598.41,597.925,597.721,595.721,594.248,590.903,590.529,588.291,586.129,583.962,580.634,576.959,573.392,570.152,567.764,563.658,563.417,578.848,582.175,607.01,614.253,615.823,602.55,586.975,569.08,549.317,527.968,502.907,476.341,454.834,431.746,406.635,377.107,349.136,323.993,296.639,270.874,243.438,213.287,185.998,161.312,137.626,114.408,91.598,71.239
ARG,2093,426.338,428.195,431.668,433.946,436.337,439.498,443.684,445.549,449.409,453.057,455.747,459.898,462.438,468.52,469.26,473.922,475.109,477.212,481.443,485.915,488.252,491.327,493.357,496.679,499.304,502.982,503.3,507.184,507.741,509.003,510.422,512.02,515.302,516.886,520.552,524.258,528.994,531.193,538.074,540.853,547.291,551.34,556.341,560.292,565.35,571.107,573.118,576.501,579.834,583.54,584.816,588.713,591.324,593.041,595.654,598.013,597.26,596.668,596.35,594.23,592.629,589.146,588.608,586.194,583.832,581.432,577.838,573.852,569.928,566.282,563.434,558.818,557.967,572.565,575.108,598.792,604.958,605.371,591.052,574.356,555.272,534.243,511.584,485.317,457.633,434.847,410.563,384.379,354.099,325.395,299.444,271.598,245.425,218.028,188.585,162.128,138.284,115.686,94.066,73.45
ARG,2094,424.027,426.188,428.158,431.64,433.925,436.32,439.484,443.672,445.538,449.398,453.046,455.735,459.885,462.425,468.506,469.246,473.908,475.094,477.195,481.423,485.893,488.229,491.301,493.328,496.648,499.268,502.941,503.254,507.132,507.683,508.938,510.349,511.939,515.21,516.783,520.436,524.125,528.844,531.026,537.886,540.642,547.053,551.075,556.043,559.957,564.973,570.682,572.645,575.974,579.248,582.891,584.104,587.931,590.466,592.103,594.626,596.883,596.027,595.323,594.884,592.639,590.897,587.262,586.547,583.935,581.345,578.68,574.777,570.441,566.121,562.031,558.669,553.494,552,565.715,567.432,589.857,594.827,593.969,578.502,560.585,540.205,517.842,493.875,466.448,437.721,413.709,388.289,361.128,330.222,300.938,274.362,246.271,219.989,192.948,164.539,139.127,116.372,95.235,75.528
ARG,2095,421.11,423.88,426.152,428.131,431.619,433.908,436.307,439.472,443.661,445.526,449.386,453.034,455.722,459.873,462.413,468.493,469.233,473.894,475.079,477.177,481.404,485.871,488.205,491.274,493.299,496.614,499.23,502.897,503.205,507.075,507.619,508.866,510.269,511.849,515.11,516.67,520.307,523.982,528.681,530.844,537.68,540.412,546.795,550.785,555.717,559.59,564.56,570.219,572.131,575.402,578.616,582.194,583.342,587.093,589.548,591.097,593.521,595.672,594.705,593.884,593.318,590.937,589.042,585.24,584.323,581.49,578.637,575.662,571.413,566.688,561.934,557.347,553.424,547.66,545.49,558.269,559.08,580.112,583.768,581.513,564.797,545.549,523.803,500.104,474.868,446.356,416.652,391.472,365.007,336.984,305.61,275.936,248.977,220.94,194.867,168.517,141.35,117.221,95.924,76.575
ARG,2096,419.26,420.965,423.845,426.126,428.111,431.603,433.895,436.296,439.462,443.65,445.516,449.374,453.022,455.711,459.861,462.4,468.481,469.219,473.879,475.062,477.159,481.384,485.848,488.179,491.246,493.266,496.577,499.187,502.848,503.15,507.013,507.55,508.79,510.183,511.752,515,516.546,520.167,523.824,528.503,530.645,537.455,540.161,546.513,550.468,555.359,559.189,564.111,569.717,571.573,574.786,577.936,581.448,582.526,586.198,588.566,590.019,592.338,594.375,593.293,592.348,591.643,589.113,587.048,583.06,581.919,578.826,575.668,572.346,567.713,562.562,557.323,552.194,547.678,541.295,538.413,550.168,549.969,569.472,571.683,567.908,549.83,529.175,506.057,481.062,454.625,425.091,394.481,368.222,340.824,312.088,280.438,250.618,223.573,195.908,170.381,144.942,119.253,96.767,77.255
ARG,2097,417.324,419.118,420.931,423.82,426.107,428.096,431.591,433.884,436.285,439.45,443.639,445.504,449.363,453.011,455.699,459.849,462.388,468.468,469.206,473.864,475.046,477.141,481.363,485.826,488.154,491.216,493.232,496.537,499.142,502.796,503.091,506.946,507.475,508.705,510.088,511.646,514.879,516.41,520.014,523.651,528.309,530.427,537.211,539.889,546.205,550.121,554.969,558.752,563.623,569.171,570.972,574.123,577.21,580.65,581.653,585.237,587.511,588.864,591.071,592.988,591.787,590.708,589.851,587.156,584.902,580.704,579.299,575.908,572.41,568.702,563.646,558.02,552.252,546.551,541.412,534.38,530.716,541.332,540.023,557.845,558.484,553.048,533.527,511.459,487.006,460.778,433.195,402.708,371.291,344.058,315.87,286.603,254.923,225.254,198.44,171.478,146.718,122.439,98.577,78.047
ARG,2098,414.718,417.185,419.085,420.907,423.8,426.091,428.084,431.579,433.874,436.274,439.44,443.628,445.493,449.352,453,455.688,459.838,462.378,468.456,469.191,473.847,475.028,477.122,481.342,485.801,488.125,491.183,493.194,496.493,499.091,502.738,503.027,506.873,507.393,508.613,509.984,511.528,514.746,516.26,519.846,523.462,528.098,530.192,536.945,539.59,545.866,549.741,554.543,558.277,563.093,568.583,570.327,573.414,576.431,579.796,580.718,584.209,586.381,587.627,589.717,591.51,590.176,588.949,587.926,585.047,582.577,578.133,576.427,572.7,568.822,564.691,559.166,553.019,546.692,540.39,534.594,526.847,522.307,531.67,529.137,545.124,544.042,536.836,515.86,492.407,466.679,439.271,410.603,379.255,347.148,319.082,290.285,260.732,229.322,200.121,173.871,147.83,124.093,101.349,79.627
ARG,2099,412.694,414.582,417.152,419.061,420.888,423.786,426.079,428.073,431.569,433.864,436.264,439.43,443.618,445.482,449.342,452.989,455.678,459.828,462.366,468.442,469.178,473.832,475.011,477.103,481.319,485.774,488.094,491.147,493.152,496.445,499.037,502.676,502.956,506.794,507.304,508.511,509.87,511.399,514.6,516.097,519.663,523.257,527.867,529.934,536.653,539.262,545.497,549.327,554.08,557.763,562.522,567.951,569.634,572.655,575.598,578.879,579.714,583.103,585.17,586.304,588.272,589.928,588.45,587.059,585.849,582.76,580.041,575.312,573.264,569.164,564.87,560.268,554.227,547.531,540.615,533.678,527.159,518.608,513.102,521.083,517.211,531.19,528.268,519.249,496.843,472.062,445.109,416.577,386.909,354.817,322.17,293.449,264.285,234.745,203.925,175.524,150.063,125.191,102.861,81.991
ARG,2100,410.679,412.56,414.55,417.128,419.043,420.874,423.774,426.069,428.063,431.559,433.854,436.254,439.419,443.607,445.472,449.332,452.98,455.668,459.818,462.354,468.429,469.164,473.815,474.993,477.081,481.295,485.744,488.059,491.107,493.107,496.392,498.976,502.608,502.88,506.706,507.205,508.4,509.743,511.257,514.441,515.919,519.463,523.033,527.616,529.652,536.334,538.904,545.094,548.877,553.579,557.208,561.909,567.276,568.894,571.842,574.705,577.897,578.637,581.922,583.877,584.893,586.727,588.234,586.597,585.023,583.601,580.268,577.259,572.21,569.784,565.274,560.516,555.398,548.812,541.538,534.003,526.366,519.034,509.595,503.021,509.49,504.155,515.978,511.164,500.324,476.541,450.478,422.351,392.779,362.219,329.53,296.527,267.392,238.158,208.952,179.056,151.67,127.249,103.921,83.345
