COL,1950,484.288,425.402,404.385,385.409,367.865,351.703,336.822,323.15,310.94,300.098,290.054,280.45,273.032,267.202,261.88,256.478,252.168,246.119,238.659,230.939,224.468,217.669,210.147,202.277,194.383,186.878,179.357,172.19,165.447,159.043,152.492,145.872,141.455,138.68,136.131,132.96,130.895,126.551,120.253,113.665,108.445,102.455,97.861,94.579,91.524,87.821,84.7,81.354,77.739,74.194,71.047,67.9,64.941,62.204,59.584,56.935,54.341,52.214,50.433,48.713,46.905,45.366,43.116,40.335,37.458,35.002,32.385,30.013,27.926,25.953,23.854,21.821,20.301,19.125,18.042,16.925,15.988,14.702,13.159,11.441,10.066,8.69,7.31,5.941,4.683,3.45,2.266,1.485,1.101,0.933,0.626,0.559,0.419,0.273,0.109,0.068,0.072,0.054,0.036,0.019
COL,1951,500.909,454.932,414.294,398.147,380.559,363.824,348.468,334.358,321.351,309.646,299.092,289.167,279.582,272.097,266.125,260.602,254.966,250.405,244.108,236.411,228.474,221.807,214.855,207.237,199.328,191.454,184.021,176.616,169.586,162.988,156.717,150.283,143.761,139.407,136.669,134.149,131.005,128.957,124.661,118.447,111.969,106.863,101.001,96.509,93.291,90.254,86.526,83.318,79.852,76.125,72.514,69.389,66.36,63.557,60.965,58.448,55.853,53.251,51.065,49.18,47.319,45.393,43.748,41.447,38.673,35.843,33.445,30.918,28.633,26.614,24.739,22.666,20.635,19.071,17.819,16.658,15.487,14.513,13.253,11.783,10.169,8.86,7.549,6.242,4.966,3.822,2.745,1.758,1.126,0.817,0.678,0.443,0.386,0.28,0.175,0.068,0.041,0.042,0.031,0.019
COL,1952,515.209,471.007,443.264,408.071,393.33,376.587,360.68,346.095,332.643,320.131,308.706,298.264,288.354,278.704,271.076,264.899,259.132,253.237,248.41,241.861,233.94,225.818,219.006,211.967,204.322,196.441,188.645,181.325,174.057,167.165,160.699,154.541,148.2,141.757,137.449,134.731,132.218,129.085,127.045,122.799,116.688,110.348,105.381,99.656,95.26,92.084,89.033,85.245,81.934,78.36,74.57,70.978,67.946,65.052,62.373,59.868,57.385,54.771,52.108,49.825,47.819,45.868,43.891,42.225,39.952,37.234,34.464,32.105,29.61,27.337,25.357,23.445,21.335,19.263,17.639,16.322,15.121,13.955,12.999,11.805,10.425,8.911,7.659,6.406,5.179,4.018,3.014,2.118,1.332,0.839,0.599,0.488,0.31,0.261,0.181,0.11,0.043,0.025,0.025,0.017
COL,1953,532.422,485.398,459.376,436.883,403.355,389.44,373.527,358.388,344.452,331.482,319.238,307.913,297.474,287.485,277.679,269.829,263.39,257.343,251.171,246.072,239.284,231.171,222.911,216.013,208.948,201.334,193.539,185.865,178.686,171.563,164.81,158.461,152.399,146.136,139.757,135.484,132.778,130.271,127.158,125.146,120.984,115.01,108.826,103.994,98.383,94.048,90.871,87.768,83.899,80.495,76.862,73.089,69.583,66.665,63.883,61.278,58.796,56.285,53.606,50.854,48.472,46.393,44.415,42.449,40.807,38.581,35.911,33.172,30.812,28.306,26.052,24.015,22.041,19.889,17.795,16.144,14.815,13.634,12.514,11.595,10.459,9.148,7.711,6.501,5.314,4.188,3.168,2.326,1.607,0.996,0.617,0.433,0.344,0.211,0.17,0.114,0.069,0.026,0.015,0.014
COL,1954,549.888,502.569,473.852,452.999,432.028,399.519,386.41,371.268,356.778,343.322,330.611,318.456,307.121,296.581,286.404,276.345,268.199,261.445,255.089,248.624,243.258,236.255,227.995,219.654,212.729,205.697,198.177,190.518,183,175.98,169.011,162.388,156.147,150.17,143.981,137.665,133.43,130.75,128.271,125.21,123.266,119.224,113.4,107.36,102.635,97.1,92.783,89.569,86.393,82.454,79,75.383,71.692,68.296,65.475,62.76,60.175,57.66,55.077,52.309,49.489,47.047,44.953,42.994,41.068,39.455,37.257,34.606,31.869,29.481,26.994,24.693,22.604,20.586,18.425,16.351,14.724,13.427,12.289,11.217,10.321,9.219,7.949,6.573,5.415,4.316,3.318,2.456,1.772,1.205,0.734,0.447,0.305,0.234,0.138,0.108,0.072,0.042,0.015,0.009
COL,1955,567.019,520.136,491.166,467.59,448.203,428.126,396.565,384.199,369.702,355.687,342.484,329.854,317.683,306.243,295.511,285.079,274.734,266.288,259.237,252.602,245.886,240.307,233.153,224.81,216.449,209.557,202.614,195.229,187.723,180.365,173.493,166.65,160.132,153.972,148.062,141.93,135.668,131.475,128.831,126.399,123.413,121.558,117.634,111.938,106.004,101.34,95.83,91.488,88.215,84.971,80.999,77.559,74.01,70.417,67.111,64.345,61.645,59.022,56.429,53.751,50.909,48.038,45.592,43.524,41.606,39.719,38.117,35.92,33.265,30.512,28.14,25.622,23.291,21.173,19.145,17.012,14.995,13.423,12.176,11.078,10.038,9.143,8.051,6.813,5.508,4.425,3.439,2.586,1.877,1.33,0.889,0.531,0.314,0.208,0.154,0.088,0.067,0.043,0.024,0.009
COL,1956,584.651,537.379,508.865,484.974,462.853,444.321,425.097,394.385,382.648,368.624,354.86,341.735,329.085,316.805,305.167,294.175,283.452,272.807,264.066,256.736,249.85,242.926,237.187,229.943,221.578,213.255,206.453,199.641,192.411,185.065,177.856,171.113,164.374,157.94,151.85,145.998,139.925,133.723,129.583,126.992,124.627,121.733,119.97,116.147,110.546,104.679,100.033,94.515,90.133,86.803,83.523,79.571,76.192,72.73,69.217,65.967,63.207,60.466,57.763,55.07,52.309,49.417,46.552,44.143,42.122,40.247,38.382,36.764,34.546,31.872,29.149,26.739,24.203,21.86,19.741,17.732,15.657,13.724,12.22,11.019,9.954,8.928,8.018,6.93,5.733,4.52,3.539,2.687,1.979,1.41,0.981,0.642,0.373,0.214,0.136,0.098,0.055,0.04,0.025,0.014
COL,1957,602.304,555.138,526.262,502.745,480.27,458.996,441.286,422.84,392.833,381.557,367.786,354.102,340.958,328.199,315.722,303.824,292.535,281.505,270.565,261.544,253.96,246.863,239.783,233.947,226.674,218.346,210.119,203.446,196.784,189.712,182.517,175.439,168.803,162.153,155.793,149.765,143.973,137.961,131.83,127.754,125.231,122.949,120.149,118.465,114.719,109.179,103.342,98.681,93.14,88.72,85.36,82.094,78.207,74.903,71.513,68.051,64.805,61.996,59.173,56.364,53.584,50.767,47.885,45.072,42.726,40.755,38.906,37.035,35.375,33.119,30.466,27.716,25.275,22.733,20.397,18.3,16.336,14.348,12.512,11.08,9.921,8.873,7.848,6.919,5.845,4.713,3.619,2.765,2.056,1.487,1.039,0.707,0.451,0.254,0.141,0.087,0.06,0.033,0.023,0.014
COL,1958,620.822,573.442,544.586,520.496,498.277,476.573,456.082,439.105,421.297,391.791,380.749,367.053,353.347,340.094,327.141,314.407,302.211,290.615,279.284,268.069,258.804,251.016,243.767,236.593,230.717,223.471,215.234,207.138,200.609,194.1,187.171,180.105,173.136,166.589,160.019,153.728,147.762,142.03,136.084,130.031,126.035,123.593,121.399,118.686,117.062,113.364,107.851,102.009,97.318,91.753,87.32,83.973,80.76,76.951,73.711,70.362,66.899,63.605,60.702,57.771,54.878,52.04,49.23,46.406,43.673,41.392,39.452,37.601,35.696,33.974,31.717,29.023,26.246,23.781,21.245,18.937,16.887,14.997,13.109,11.374,10.005,8.872,7.827,6.794,5.852,4.816,3.781,2.832,2.118,1.547,1.098,0.752,0.499,0.308,0.167,0.09,0.054,0.037,0.019,0.014
COL,1959,638.71,591.929,562.902,538.782,515.972,494.501,473.568,453.82,437.478,420.15,390.925,379.958,366.236,352.406,338.933,325.678,312.594,300.028,288.07,276.407,264.906,255.407,247.447,240.094,232.886,227.036,219.885,211.791,203.863,197.506,191.16,184.384,177.453,170.602,164.158,157.68,151.474,145.588,139.937,134.081,128.133,124.24,121.898,119.797,117.162,115.583,111.905,106.395,100.541,95.826,90.266,85.866,82.577,79.436,75.699,72.495,69.141,65.627,62.244,59.226,56.239,53.288,50.459,47.707,44.968,42.313,40.075,38.137,36.252,34.292,32.546,30.218,27.48,24.683,22.208,19.704,17.455,15.486,13.691,11.911,10.27,8.951,7.83,6.778,5.747,4.819,3.859,2.955,2.167,1.592,1.143,0.794,0.53,0.341,0.203,0.107,0.056,0.033,0.021,0.011
COL,1960,655.977,610.453,581.935,557.481,534.539,512.405,491.648,471.421,452.29,436.404,419.326,390.202,379.216,365.395,351.388,337.67,324.134,310.752,297.894,285.665,273.771,262.086,252.448,244.398,237.011,229.824,224.043,217.001,209.044,201.258,195.031,188.802,182.131,175.29,168.52,162.144,155.729,149.582,143.753,138.169,132.396,126.545,122.745,120.481,118.441,115.845,114.263,110.563,105.026,99.15,94.422,88.9,84.563,81.337,78.251,74.55,71.328,67.91,64.298,60.799,57.675,54.632,51.692,48.92,46.25,43.59,40.991,38.761,36.794,34.854,32.881,31.037,28.638,25.864,23.064,20.605,18.168,16.012,14.144,12.448,10.764,9.197,7.907,6.788,5.739,4.737,3.864,3.019,2.263,1.631,1.177,0.829,0.561,0.363,0.225,0.13,0.066,0.034,0.019,0.012
COL,1961,673.25,628.106,600.737,576.673,553.346,531.044,509.604,489.534,469.914,451.239,435.598,418.603,389.486,378.401,364.407,350.168,336.18,322.356,308.694,295.579,283.128,271.058,259.246,249.528,241.446,234.078,226.955,221.272,214.351,206.527,198.868,192.752,186.619,180.033,173.269,166.564,160.245,153.886,147.794,142.029,136.518,130.836,125.087,121.37,119.164,117.156,114.563,112.941,109.197,103.632,97.753,93.05,87.6,83.336,80.163,77.1,73.385,70.092,66.568,62.839,59.223,56.038,53.004,50.121,47.424,44.827,42.22,39.64,37.393,35.377,33.431,31.373,29.434,26.975,24.186,21.416,19.011,16.674,14.63,12.863,11.251,9.642,8.128,6.859,5.752,4.735,3.804,3.026,2.315,1.703,1.206,0.854,0.586,0.386,0.24,0.145,0.081,0.04,0.02,0.011
COL,1962,689.676,645.615,618.569,595.564,572.59,549.888,528.269,507.511,488.044,468.88,450.45,434.886,417.879,388.682,377.419,363.191,348.68,334.404,320.301,306.384,293.052,280.426,268.229,256.346,246.601,238.539,231.234,224.21,218.638,211.842,204.141,196.596,190.574,184.523,178.011,171.311,164.667,158.405,152.103,146.077,140.387,134.962,129.376,123.717,120.063,117.888,115.876,113.255,111.573,107.782,102.208,96.366,91.722,86.356,82.155,79.005,75.919,72.141,68.738,65.091,61.238,57.565,54.377,51.391,48.575,45.943,43.391,40.806,38.223,35.941,33.936,31.913,29.777,27.755,25.261,22.494,19.79,17.473,15.25,13.312,11.629,10.078,8.52,7.052,5.817,4.754,3.81,2.985,2.324,1.744,1.26,0.875,0.604,0.402,0.257,0.155,0.091,0.05,0.024,0.012
COL,1963,703.852,662.223,636.195,613.451,591.508,569.144,547.122,526.185,506.034,487.021,468.1,449.745,434.161,417.05,387.688,376.177,361.665,346.856,332.292,317.927,303.788,290.279,277.527,265.257,253.353,243.636,235.641,228.433,221.527,216.075,209.399,201.812,194.369,188.429,182.452,176.008,169.373,162.792,156.594,150.362,144.414,138.812,133.477,127.976,122.391,118.777,116.599,114.555,111.886,110.142,106.326,100.781,95.009,90.436,85.145,80.978,77.809,74.654,70.78,67.253,63.473,59.558,55.88,52.723,49.793,47.033,44.439,41.904,39.321,36.724,34.477,32.409,30.316,28.116,26.039,23.541,20.828,18.22,16.001,13.885,12.036,10.413,8.902,7.394,5.989,4.819,3.837,3.001,2.299,1.754,1.291,0.913,0.618,0.416,0.269,0.167,0.098,0.056,0.03,0.014
COL,1964,715.727,676.718,652.964,631.149,609.434,588.086,566.393,545.054,524.723,505.027,486.254,467.403,449.024,433.323,416.019,386.42,374.607,359.785,344.677,329.843,315.25,300.933,287.295,274.47,262.179,250.31,240.664,232.772,225.683,218.904,213.57,207.006,199.522,192.17,186.307,180.399,174.022,167.457,160.948,154.824,148.675,142.814,137.302,132.048,126.617,121.081,117.475,115.27,113.177,110.458,108.67,104.863,99.381,93.69,89.18,83.936,79.765,76.533,73.278,69.295,65.635,61.781,57.849,54.192,51.07,48.184,45.46,42.883,40.351,37.764,35.226,32.936,30.813,28.666,26.424,24.314,21.843,19.21,16.705,14.576,12.552,10.772,9.195,7.729,6.287,4.973,3.904,3.034,2.319,1.739,1.299,0.935,0.646,0.428,0.279,0.176,0.105,0.061,0.034,0.017
COL,1965,725.877,688.974,667.638,647.996,627.178,606.039,585.35,564.335,543.601,523.724,504.268,485.559,466.68,448.181,432.279,414.709,384.827,372.692,357.567,342.184,327.12,312.344,297.9,284.19,271.346,259.089,247.3,237.763,229.993,223.033,216.374,211.149,204.683,197.289,190.021,184.228,178.39,172.084,165.593,159.163,153.122,147.061,141.289,135.857,130.667,125.282,119.766,116.143,113.892,111.749,108.997,107.195,103.427,98.02,92.4,87.926,82.692,78.478,75.157,71.792,67.685,63.944,60.05,56.121,52.491,49.397,46.539,43.833,41.264,38.733,36.217,33.657,31.331,29.16,26.972,24.706,22.589,20.165,17.62,15.214,13.166,11.221,9.503,7.98,6.577,5.233,4.043,3.099,2.353,1.759,1.29,0.943,0.663,0.447,0.288,0.183,0.111,0.065,0.036,0.02
COL,1966,730.144,699.6,680.134,662.793,644.098,623.83,603.332,583.305,562.891,542.608,522.969,503.578,484.84,465.845,447.151,430.987,413.125,382.963,370.531,355.142,339.54,324.301,309.404,294.893,281.168,268.356,256.177,244.497,235.082,227.434,220.589,214.035,208.898,202.51,195.196,187.998,182.271,176.497,170.26,163.846,157.496,151.537,145.562,139.865,134.491,129.342,123.972,118.451,114.795,112.495,110.312,107.552,105.761,102.038,96.693,91.121,86.648,81.389,77.109,73.689,70.185,66.002,62.204,58.289,54.367,50.759,47.684,44.845,42.154,39.589,37.132,34.6,32.017,29.656,27.445,25.229,22.959,20.851,18.484,16.029,13.721,11.75,9.886,8.241,6.794,5.483,4.267,3.222,2.414,1.792,1.309,0.938,0.67,0.46,0.303,0.189,0.117,0.069,0.039,0.021
COL,1967,731.498,704.409,690.905,675.332,658.898,640.725,621.082,601.242,581.811,561.853,541.813,522.238,502.812,483.947,464.735,445.755,429.259,411.056,380.59,367.857,352.22,336.425,321.051,306.082,291.556,277.871,265.146,253.085,241.544,232.269,224.753,218.028,211.58,206.531,200.231,193,185.886,180.236,174.54,168.388,162.062,155.805,149.935,144.04,138.412,133.083,127.952,122.583,117.048,113.36,111.025,108.829,106.087,104.317,100.635,95.333,89.778,85.278,79.977,75.626,72.095,68.505,64.265,60.424,56.492,52.577,48.988,45.928,43.106,40.424,37.937,35.458,32.902,30.293,27.896,25.653,23.422,21.166,19.081,16.781,14.422,12.216,10.331,8.561,7.014,5.67,4.482,3.412,2.519,1.846,1.339,0.956,0.67,0.466,0.312,0.2,0.121,0.072,0.042,0.023
COL,1968,730.928,706.528,696.036,686.253,671.535,655.579,637.998,618.992,599.737,580.757,561.04,541.07,521.463,501.916,482.84,463.351,444.056,427.227,408.709,377.983,365.005,349.182,333.259,317.816,302.835,288.35,274.748,262.14,250.213,238.811,229.667,222.265,215.64,209.282,204.309,198.086,190.933,183.895,178.318,172.699,166.629,160.391,154.22,148.429,142.599,137.014,131.704,126.569,121.181,115.63,111.916,109.566,107.373,104.654,102.895,99.232,93.945,88.38,83.835,78.485,74.04,70.426,66.76,62.476,58.596,54.652,50.744,47.176,44.128,41.317,38.718,36.207,33.694,31.105,28.467,26.042,23.781,21.555,19.327,17.281,15.06,12.808,10.716,8.933,7.282,5.858,4.642,3.593,2.677,1.934,1.385,0.981,0.684,0.467,0.317,0.206,0.128,0.075,0.044,0.024
COL,1969,727.064,706.714,698.437,691.511,682.516,668.244,652.85,635.884,617.453,598.645,579.908,560.262,540.26,520.525,500.758,481.388,461.565,441.917,424.746,405.923,374.972,361.788,345.83,329.836,314.381,299.442,285.049,271.57,259.103,247.323,236.067,227.049,219.759,213.234,206.963,202.069,195.925,188.855,181.902,176.404,170.869,164.887,158.741,152.653,146.927,141.147,135.586,130.276,125.125,119.718,114.158,110.439,108.09,105.909,103.207,101.447,97.778,92.481,86.891,82.293,76.882,72.374,68.686,64.955,60.631,56.72,52.767,48.874,45.324,42.286,39.555,36.931,34.381,31.822,29.198,26.539,24.102,21.844,19.644,17.466,15.473,13.346,11.215,9.255,7.594,6.083,4.801,3.73,2.828,2.062,1.457,1.018,0.705,0.479,0.318,0.209,0.132,0.079,0.046,0.026
COL,1970,721.723,703.72,698.931,694.063,687.874,679.275,665.535,650.732,634.325,616.334,597.769,579.103,559.425,539.291,519.328,499.257,479.534,459.343,439.34,421.844,402.755,371.629,358.298,342.265,326.26,310.853,296.008,281.744,268.412,256.098,244.469,233.353,224.458,217.275,210.845,204.663,199.847,193.785,186.801,179.937,174.524,169.077,163.188,157.126,151.109,145.435,139.681,134.123,128.798,123.625,118.207,112.656,108.949,106.609,104.436,101.739,99.952,96.257,90.932,85.308,80.643,75.19,70.629,66.874,63.086,58.734,54.801,50.845,46.966,43.427,40.465,37.709,35.046,32.446,29.842,27.193,24.534,22.11,19.88,17.728,15.618,13.695,11.673,9.677,7.863,6.343,4.989,3.863,2.942,2.185,1.558,1.076,0.734,0.495,0.326,0.211,0.135,0.083,0.048,0.027
COL,1971,716.901,699.459,696.265,694.731,690.558,684.732,676.622,663.447,649.181,633.201,615.45,596.955,578.257,558.446,538.085,517.816,497.392,477.3,456.75,436.425,418.659,399.364,368.131,354.719,338.676,322.72,307.406,292.691,278.576,265.401,253.237,241.748,230.76,221.978,214.894,208.552,202.451,197.711,191.727,184.83,178.056,172.729,167.371,161.564,155.571,149.606,143.956,138.204,132.632,127.285,122.094,116.679,111.154,107.466,105.135,102.958,100.243,98.402,94.656,89.29,83.609,78.892,73.407,68.805,64.998,61.167,56.798,52.847,48.885,45.011,41.555,38.562,35.767,33.059,30.414,27.782,25.133,22.502,20.12,17.941,15.856,13.825,11.98,10.073,8.222,6.567,5.202,4.015,3.049,2.275,1.655,1.154,0.777,0.516,0.338,0.216,0.135,0.084,0.05,0.029
COL,1972,713.213,695.639,692.199,692.099,691.231,687.414,682.063,674.495,661.849,648.006,632.261,614.576,596.033,577.168,557.072,536.33,515.618,494.725,474.177,453.22,432.557,414.53,395.063,363.776,350.343,334.359,318.52,303.365,288.836,274.913,261.93,249.948,238.627,227.795,219.152,212.191,205.965,199.975,195.335,189.457,182.673,176.014,170.791,165.531,159.808,153.883,147.956,142.319,136.564,130.98,125.624,120.44,115.056,109.576,105.914,103.585,101.386,98.632,96.713,92.902,87.519,81.803,77.044,71.549,66.925,63.082,59.219,54.835,50.859,46.881,43.085,39.605,36.572,33.74,30.998,28.33,25.697,23.08,20.507,18.188,16.075,14.061,12.112,10.35,8.564,6.867,5.385,4.185,3.169,2.36,1.725,1.227,0.835,0.547,0.352,0.224,0.14,0.085,0.052,0.03
COL,1973,710.61,693.427,688.844,688.324,688.84,688.291,684.912,680.067,672.988,660.741,647.119,631.433,613.7,594.996,575.862,555.408,534.249,513.1,491.785,470.858,449.587,428.687,410.495,390.946,359.684,346.299,330.423,314.735,299.753,285.405,271.663,258.848,247.02,235.842,225.142,216.614,209.76,203.632,197.736,193.187,187.406,180.724,174.168,169.033,163.845,158.182,152.286,146.366,140.718,134.946,129.348,123.995,118.835,113.489,108.05,104.401,102.045,99.791,96.965,94.944,91.058,85.634,79.907,75.132,69.647,65.019,61.146,57.244,52.833,48.818,44.901,41.077,37.574,34.512,31.661,28.91,26.25,23.648,21.088,18.59,16.342,14.295,12.351,10.484,8.809,7.155,5.628,4.327,3.3,2.451,1.789,1.28,0.888,0.588,0.374,0.234,0.145,0.087,0.052,0.031
COL,1974,712.611,692.178,687.003,685.198,685.263,686.077,685.934,683.026,678.64,671.932,659.892,646.319,630.579,612.685,593.713,574.221,553.354,531.764,510.198,488.51,467.27,445.764,424.706,406.429,386.874,355.704,342.419,326.692,311.175,296.375,282.204,268.628,255.966,244.28,233.229,222.649,214.229,207.473,201.436,195.63,191.168,185.48,178.898,172.433,167.369,162.231,156.593,150.701,144.767,139.096,133.307,127.714,122.385,117.26,111.951,106.538,102.874,100.456,98.116,95.192,93.057,89.103,83.665,77.954,73.187,67.727,63.091,59.177,55.221,50.769,46.797,42.838,38.997,35.487,32.42,29.574,26.845,24.221,21.671,19.182,16.761,14.581,12.595,10.717,8.937,7.365,5.862,4.519,3.408,2.549,1.857,1.328,0.928,0.628,0.404,0.25,0.152,0.091,0.054,0.031
COL,1975,717.146,695.327,686.035,683.506,682.272,682.634,683.835,684.132,681.654,677.614,671.096,659.097,645.462,629.545,611.362,592.009,572.074,550.745,528.71,506.745,484.724,463.234,441.558,420.414,402.123,382.629,351.614,338.478,322.932,307.607,292.998,279.005,265.596,253.088,241.54,230.621,220.164,211.854,205.2,199.26,193.551,189.182,183.593,177.105,170.719,165.706,160.596,154.959,149.054,143.102,137.415,131.632,126.067,120.775,115.686,110.402,104.989,101.275,98.768,96.319,93.304,91.068,87.077,81.656,75.98,71.225,65.784,61.123,57.146,53.123,48.718,44.693,40.711,36.875,33.385,30.338,27.526,24.842,22.27,19.78,17.359,15.01,12.888,10.957,9.155,7.48,6.036,4.705,3.556,2.632,1.932,1.378,0.964,0.656,0.431,0.269,0.162,0.096,0.056,0.032
COL,1976,726.127,701.014,689.471,682.718,680.746,679.806,680.536,682.147,682.84,680.682,676.814,670.328,658.256,644.432,628.209,609.624,589.805,569.381,547.583,525.129,502.814,480.527,458.855,437.088,415.935,397.702,378.333,347.522,334.567,319.223,304.098,289.679,275.863,262.616,250.259,238.848,228.059,217.727,209.529,202.979,197.141,191.533,187.257,181.759,175.354,169.028,164.042,158.934,153.282,147.358,141.394,135.714,129.96,124.435,119.18,114.11,108.822,103.379,99.59,96.974,94.428,91.331,89.024,85.022,79.631,73.991,69.234,63.788,59.086,55.037,51.039,46.593,42.537,38.56,34.755,31.308,28.303,25.542,22.913,20.396,17.962,15.6,13.31,11.245,9.383,7.676,6.137,4.847,3.705,2.749,1.996,1.436,1.002,0.682,0.451,0.288,0.175,0.103,0.059,0.034
COL,1977,737.706,710.864,695.287,686.201,680.017,678.348,677.772,678.895,680.878,681.868,679.871,676.025,669.449,657.162,642.987,626.301,607.181,586.796,565.827,543.542,520.681,498.056,475.562,453.782,432.002,410.921,392.824,373.647,343.094,330.362,315.248,300.345,286.133,272.512,259.444,247.256,236,225.358,215.164,207.096,200.664,194.944,189.45,185.271,179.86,173.527,167.245,162.272,157.154,151.49,145.563,139.612,133.964,128.256,122.773,117.541,112.467,107.148,101.653,97.781,95.102,92.465,89.313,86.956,82.948,77.58,71.956,67.172,61.705,56.957,52.939,48.883,44.421,40.363,36.412,32.66,29.275,26.324,23.621,21.045,18.577,16.189,13.874,11.646,9.652,7.884,6.31,4.937,3.822,2.867,2.087,1.485,1.045,0.711,0.47,0.302,0.187,0.111,0.063,0.035
COL,1978,750.573,723.89,705.773,692.5,683.922,678,676.643,676.405,677.846,680.08,681.202,679.222,675.304,668.556,656,641.477,624.39,604.858,584.076,562.752,540.169,517.079,494.297,471.718,449.924,428.196,407.224,389.27,370.262,339.923,327.353,312.399,297.645,283.568,270.07,257.117,245.032,233.874,223.324,213.223,205.238,198.887,193.243,187.821,183.692,178.32,172.006,165.722,160.721,155.57,149.882,143.951,138.018,132.397,126.717,121.247,116,110.884,105.502,99.941,95.937,93.17,90.463,87.271,84.862,80.835,75.469,69.841,65.019,59.533,54.848,50.774,46.683,42.231,38.191,34.288,30.601,27.285,24.394,21.744,19.214,16.783,14.433,12.17,10.021,8.13,6.495,5.087,3.9,2.961,2.179,1.555,1.083,0.743,0.491,0.315,0.197,0.119,0.069,0.038
COL,1979,764.117,737.725,719.052,703.142,690.364,682.042,676.419,675.371,675.424,677.093,679.446,680.577,678.521,674.429,667.406,654.494,639.563,622.054,602.116,580.97,559.34,536.519,513.266,490.393,467.797,446.054,424.436,403.615,385.83,367.006,336.882,324.468,309.667,295.052,281.102,267.72,254.875,242.891,231.826,221.367,211.356,203.457,197.184,191.61,186.243,182.147,176.79,170.474,164.173,159.137,153.96,148.264,142.347,136.441,130.842,125.174,119.691,114.403,109.226,103.776,98.11,94.036,91.195,88.426,85.189,82.715,78.65,73.27,67.631,62.775,57.382,52.67,48.562,44.458,40.033,36.028,32.181,28.569,25.326,22.49,19.884,17.392,14.992,12.684,10.494,8.459,6.712,5.247,4.025,3.027,2.254,1.625,1.134,0.771,0.514,0.33,0.206,0.125,0.073,0.041
COL,1980,779.222,752.2,733.153,716.581,701.142,688.61,680.566,675.232,674.449,674.709,676.486,678.845,679.9,677.675,673.318,665.949,652.646,637.309,619.409,599.119,577.677,555.813,532.829,509.485,486.592,464.041,442.402,420.933,400.284,382.674,364.026,334.1,321.825,307.157,292.665,278.827,265.547,252.798,240.901,229.921,219.547,209.622,201.799,195.592,190.069,184.737,180.648,175.28,168.944,162.617,157.551,152.358,146.668,140.769,134.883,129.289,123.609,118.088,112.742,107.492,101.927,96.213,92.08,89.168,86.331,83.037,80.482,76.367,70.97,65.326,60.544,55.152,50.432,46.306,42.202,37.819,33.859,30.08,26.545,23.372,20.585,18.017,15.553,13.194,10.954,8.873,6.995,5.43,4.156,3.126,2.304,1.681,1.186,0.807,0.534,0.346,0.216,0.131,0.078,0.044
COL,1981,789.217,768.378,748.064,730.975,714.821,699.597,687.314,679.53,674.434,673.835,674.189,675.97,678.261,679.172,676.72,672.071,664.373,650.732,635.069,616.875,596.336,574.692,552.684,529.615,506.246,483.386,460.923,439.41,418.089,397.596,380.131,361.621,331.856,319.679,305.108,290.703,276.942,263.734,251.052,239.22,228.304,217.997,208.137,200.371,194.203,188.702,183.37,179.254,173.852,167.482,161.124,156.032,150.83,145.144,139.254,133.367,127.751,122.03,116.451,111.031,105.627,100.004,94.252,90.062,87.074,84.161,80.799,78.152,73.985,68.577,63.031,58.228,52.851,48.134,44.002,39.91,35.58,31.675,27.967,24.51,21.402,18.656,16.121,13.699,11.404,9.271,7.346,5.664,4.303,3.227,2.377,1.716,1.225,0.843,0.558,0.359,0.225,0.137,0.081,0.047
COL,1982,799.836,779.094,764.366,745.921,729.234,713.287,698.306,686.278,678.727,673.812,673.302,673.66,675.369,677.503,678.168,675.396,670.381,662.301,648.294,632.299,613.82,593.053,571.244,549.135,526.033,502.7,479.935,457.609,436.26,415.111,394.789,377.475,359.109,329.51,317.436,302.966,288.654,274.977,261.846,249.24,237.482,226.64,216.405,206.615,198.899,192.759,187.265,181.919,177.767,172.329,165.931,159.558,154.455,149.249,143.565,137.673,131.765,126.11,120.332,114.684,109.138,103.667,97.995,92.206,87.957,84.888,81.892,78.457,75.714,71.496,66.174,60.632,55.815,50.464,45.76,41.633,37.564,33.299,29.456,25.821,22.438,19.392,16.687,14.195,11.841,9.654,7.675,5.946,4.485,3.336,2.449,1.766,1.247,0.869,0.583,0.375,0.233,0.142,0.084,0.048
COL,1983,809.353,790.613,775.434,762.424,744.335,727.825,712.097,697.353,685.541,678.157,673.327,672.821,673.115,674.683,676.598,676.979,673.883,668.532,660.124,645.823,629.573,610.886,589.962,568.054,545.906,522.83,499.579,476.939,454.76,433.566,412.571,392.39,375.199,356.945,327.482,315.486,301.092,286.849,273.236,260.168,247.621,235.927,225.147,214.969,205.227,197.537,191.398,185.884,180.502,176.302,170.821,164.4,158.016,152.9,147.685,141.986,136.067,130.114,124.398,118.55,112.755,107.14,101.61,95.889,90.065,85.757,82.601,79.518,76.009,73.17,68.988,63.656,58.123,53.299,47.984,43.306,39.195,35.161,30.968,27.19,23.627,20.318,17.333,14.684,12.266,10.022,7.99,6.209,4.703,3.469,2.525,1.814,1.28,0.883,0.6,0.391,0.243,0.147,0.087,0.05
COL,1984,814.726,801.051,787.358,773.756,761.038,743.09,726.765,711.247,696.702,685.043,677.736,672.91,672.35,672.534,673.932,675.627,675.76,672.41,666.81,658.172,643.669,627.248,608.428,587.416,565.467,543.329,520.313,497.16,474.639,452.586,431.512,410.626,390.541,373.428,355.245,325.883,313.928,299.576,285.372,271.798,258.77,246.268,234.616,223.874,213.726,204.003,196.306,190.138,184.579,179.145,174.885,169.364,162.919,156.521,151.38,146.134,140.397,134.425,128.406,122.613,116.571,110.708,105.031,99.445,93.679,87.824,83.453,80.21,77.036,73.449,70.594,66.353,61.015,55.499,50.678,45.411,40.772,36.687,32.697,28.579,24.868,21.379,18.146,15.241,12.678,10.374,8.289,6.459,4.906,3.634,2.622,1.866,1.312,0.904,0.609,0.402,0.253,0.153,0.09,0.052
COL,1985,822.693,807.009,797.94,785.728,772.399,759.803,742.035,725.917,710.594,696.201,684.619,677.314,672.434,671.755,671.754,672.909,674.328,674.17,670.535,664.669,655.794,641.096,624.525,605.604,584.548,562.61,540.535,517.625,494.601,472.216,450.297,429.345,408.57,388.584,371.551,353.444,324.189,312.279,297.977,283.822,270.296,257.318,244.864,233.257,222.549,212.424,202.705,194.991,188.784,183.177,177.694,173.386,167.834,161.373,154.959,149.785,144.493,138.696,132.656,126.561,120.588,114.48,108.553,102.818,97.181,91.373,85.488,81.055,77.719,74.45,70.865,67.897,63.599,58.26,52.773,47.967,42.761,38.17,34.119,30.175,26.137,22.496,19.086,15.947,13.152,10.717,8.578,6.7,5.102,3.789,2.744,1.937,1.349,0.927,0.624,0.407,0.26,0.159,0.093,0.053
COL,1986,828.763,814.671,803.302,795.776,783.865,770.678,758.27,740.722,724.81,709.652,695.348,683.783,676.431,671.438,670.576,670.334,671.209,672.326,671.863,667.946,661.826,652.741,637.891,621.225,602.268,581.236,559.374,537.412,514.64,491.765,469.525,447.742,426.916,406.256,386.375,369.43,351.408,322.279,310.421,296.178,282.083,268.614,255.691,243.289,231.722,221.041,210.926,201.199,193.459,187.208,181.555,176.031,171.683,166.105,159.628,153.19,147.967,142.607,136.735,130.613,124.344,118.302,112.134,106.155,100.372,94.69,88.848,82.933,78.435,74.998,71.704,68.024,64.943,60.6,55.281,49.842,45.069,39.945,35.422,31.419,27.535,23.589,20.033,16.728,13.725,11.089,8.839,6.918,5.283,3.935,2.859,2.027,1.4,0.953,0.639,0.418,0.264,0.164,0.098,0.055
COL,1987,836.815,821.816,811.706,801.676,794.392,782.599,769.584,757.377,740.025,724.267,709.188,694.886,683.254,675.757,670.535,669.363,668.759,669.247,669.972,669.142,664.903,658.522,649.243,634.282,617.573,598.638,577.685,555.944,534.128,511.516,488.806,466.725,445.091,424.403,403.874,384.11,367.267,349.343,320.348,308.558,294.385,280.363,266.96,254.098,241.745,230.213,219.549,209.433,199.697,191.931,185.647,179.963,174.417,170.039,164.441,157.942,151.467,146.173,140.73,134.769,128.509,122.169,116.062,109.845,103.821,97.993,92.266,86.382,80.43,75.86,72.399,68.996,65.228,62.042,57.657,52.361,46.973,42.233,37.188,32.726,28.766,24.934,21.076,17.614,14.44,11.607,9.176,7.154,5.479,4.097,2.989,2.126,1.476,0.996,0.661,0.431,0.273,0.168,0.101,0.059
COL,1988,844.346,830.235,818.973,810.141,800.343,793.165,781.536,768.713,756.693,739.492,723.811,708.732,694.365,682.592,674.869,669.344,667.811,666.816,666.906,667.251,666.087,661.584,655.012,645.623,630.63,613.948,595.088,574.246,552.64,530.971,508.514,485.959,464.027,442.532,421.977,401.571,381.923,365.175,347.346,318.485,306.759,292.657,278.7,265.357,252.54,240.222,228.706,218.041,207.912,198.159,190.368,184.059,178.354,172.788,168.379,162.749,156.208,149.67,144.286,138.741,132.628,126.289,119.889,113.731,107.474,101.412,95.538,89.759,83.825,77.833,73.265,69.694,66.185,62.338,59.053,54.637,49.373,44.046,39.349,34.388,29.99,26.073,22.298,18.548,15.216,12.221,9.614,7.439,5.68,4.265,3.127,2.235,1.556,1.055,0.694,0.448,0.284,0.174,0.104,0.061
COL,1989,852.472,838.285,827.675,817.614,808.98,799.265,792.223,780.769,768.119,756.235,739.103,723.419,708.28,693.786,681.813,673.819,667.972,666.082,664.716,664.45,664.477,663.063,658.389,651.727,642.31,627.348,610.727,591.957,571.221,549.735,528.191,505.866,483.439,461.634,440.259,419.817,399.515,379.965,363.299,345.55,316.813,305.139,291.094,277.187,263.88,251.089,238.779,227.255,216.573,206.422,196.649,188.837,182.507,176.78,171.192,166.737,161.049,154.44,147.816,142.32,136.583,130.386,123.985,117.539,111.342,105.05,98.944,93.013,87.171,81.182,75.222,70.575,66.898,63.295,59.378,56.005,51.566,46.343,41.082,36.429,31.554,27.22,23.35,19.653,16.046,12.896,10.137,7.809,5.923,4.438,3.271,2.352,1.647,1.12,0.74,0.473,0.296,0.183,0.11,0.063
COL,1990,861.644,846.757,835.88,826.414,816.533,807.97,798.386,791.506,780.215,767.694,755.872,738.735,722.991,707.728,693.041,680.804,672.494,666.294,664.033,662.308,661.726,661.51,659.937,655.189,648.513,639.128,624.226,607.681,588.999,568.366,546.989,525.562,503.356,481.049,459.361,438.096,417.759,397.558,378.098,361.511,343.84,315.224,303.596,289.599,275.729,262.445,249.658,237.339,225.793,215.084,204.909,195.126,187.302,180.955,175.205,169.58,165.057,159.286,152.584,145.857,140.155,134.325,128.058,121.61,115.126,108.89,102.553,96.39,90.393,84.48,78.507,72.504,67.787,64.019,60.331,56.354,52.899,48.443,43.265,38.072,33.464,28.674,24.409,20.605,17.024,13.619,10.714,8.25,6.233,4.643,3.417,2.472,1.742,1.191,0.789,0.507,0.315,0.193,0.115,0.067
COL,1991,870.26,856.3,844.547,834.759,825.452,815.63,807.18,797.745,791.013,779.841,767.374,755.544,738.352,722.497,707.058,692.135,679.614,670.983,664.444,661.845,659.826,659.025,658.674,657.043,652.299,645.657,636.317,621.477,604.998,586.392,565.842,544.556,523.221,501.114,478.904,457.31,436.14,415.891,395.774,376.396,359.877,342.275,313.775,302.179,288.213,274.36,261.075,248.269,235.92,224.339,213.598,203.406,193.619,185.784,179.415,173.627,167.939,163.32,157.44,150.631,143.685,137.883,131.975,125.652,119.162,112.639,106.351,99.955,93.721,87.648,81.738,75.709,69.677,64.905,61.055,57.292,53.26,49.727,45.257,40.126,35.002,30.436,25.738,21.563,17.87,14.466,11.331,8.732,6.597,4.896,3.584,2.59,1.838,1.265,0.841,0.542,0.339,0.205,0.122,0.071
COL,1992,876.857,864.676,853.768,843.133,833.55,824.337,814.663,806.387,797.121,790.522,779.413,766.935,755.022,737.661,721.536,705.73,690.362,677.348,668.204,661.181,658.166,655.844,654.862,654.437,652.814,648.132,641.576,632.338,617.623,601.277,582.813,562.412,541.276,520.089,498.132,476.073,454.624,433.594,413.481,393.496,374.244,357.834,340.34,311.984,300.445,286.527,272.698,259.414,246.595,234.226,222.63,211.882,201.698,191.924,184.091,177.7,171.862,166.097,161.366,155.377,148.436,141.404,135.518,129.54,123.165,116.625,110.049,103.69,97.222,90.913,84.836,78.859,72.793,66.748,61.932,58.009,54.174,50.091,46.48,41.995,36.91,31.854,27.337,22.754,18.717,15.201,12.049,9.246,6.989,5.185,3.781,2.718,1.926,1.336,0.895,0.579,0.363,0.221,0.13,0.075
COL,1993,880.101,871.751,862.435,852.578,842.114,832.604,823.514,813.992,805.865,796.715,790.168,779.047,766.499,754.443,736.859,720.428,704.254,688.478,675.042,665.493,658.13,654.87,652.415,651.389,650.981,649.411,644.8,638.321,629.165,614.548,598.298,579.933,559.634,538.599,517.512,495.659,473.705,452.362,431.44,411.433,391.556,372.409,356.089,338.681,310.439,298.925,285.016,271.174,257.859,245.002,232.601,220.985,210.233,200.054,190.286,182.435,175.992,170.074,164.208,159.347,153.165,146.134,139.029,133.063,127.015,120.576,113.975,107.326,100.887,94.343,88.03,81.887,75.859,69.771,63.727,58.875,54.883,50.979,46.846,43.153,38.649,33.61,28.628,24.185,19.767,15.936,12.672,9.84,7.403,5.492,4.002,2.867,2.021,1.399,0.945,0.616,0.388,0.236,0.14,0.08
COL,1994,882.385,875.22,869.577,861.28,851.588,841.195,831.804,822.859,813.482,805.468,796.368,789.806,778.612,765.92,753.632,735.737,718.931,702.342,686.144,672.313,662.437,654.85,651.467,648.978,647.983,647.635,646.135,641.605,635.207,626.136,611.612,595.451,577.174,556.965,536.018,515.02,493.261,471.405,450.163,429.347,409.447,389.679,370.639,354.406,337.069,308.926,297.41,283.483,269.607,256.248,243.352,230.929,219.307,208.557,198.381,188.605,180.716,174.198,168.182,162.201,157.138,150.848,143.734,136.56,130.512,124.385,117.869,111.188,104.459,97.938,91.39,85.012,78.817,72.756,66.657,60.624,55.742,51.682,47.708,43.521,39.741,35.216,30.226,25.346,21.027,16.843,13.295,10.352,7.878,5.814,4.234,3.028,2.127,1.466,0.99,0.65,0.412,0.253,0.15,0.086
COL,1995,881.001,877.921,873.28,868.59,860.429,850.787,840.495,831.233,822.419,813.142,805.171,796.057,789.431,778.11,765.222,752.668,734.458,717.304,700.359,683.835,669.743,659.696,652.032,648.639,646.192,645.253,644.963,643.518,639.044,632.698,623.677,609.208,593.099,574.874,554.719,533.828,512.886,491.192,469.408,448.244,427.514,407.708,388.036,369.082,352.908,335.61,307.525,295.972,281.997,268.067,254.658,241.729,229.29,217.664,206.909,196.719,186.913,178.957,172.343,166.212,160.006,154.819,148.429,141.235,133.989,127.849,121.629,115.025,108.256,101.449,94.919,88.307,81.879,75.649,69.565,63.465,57.449,52.54,48.411,44.363,40.116,36.242,31.698,26.782,22.052,17.928,14.057,10.86,8.283,6.179,4.474,3.196,2.241,1.54,1.036,0.68,0.434,0.268,0.159,0.092
COL,1996,877.55,876.541,875.864,872.163,867.623,859.528,850.002,839.85,830.728,822.022,812.794,804.805,795.613,788.828,777.26,764.033,751.07,732.417,714.817,697.468,680.627,666.335,656.193,648.526,645.18,642.809,641.95,641.737,640.369,635.975,629.708,620.768,606.389,590.365,572.224,552.151,531.341,510.478,488.869,467.176,446.113,425.494,405.801,386.236,367.369,351.246,333.973,305.938,294.338,280.322,266.353,252.918,239.979,227.541,215.915,205.151,194.932,185.078,177.044,170.327,164.025,157.708,152.401,145.911,138.635,131.312,125.07,118.749,112.052,105.201,98.384,91.784,85.125,78.664,72.409,66.313,60.218,54.221,49.283,45.08,40.95,36.635,32.664,28.121,23.326,18.816,14.967,11.481,8.684,6.49,4.748,3.371,2.361,1.62,1.087,0.711,0.454,0.282,0.169,0.097
COL,1997,873.233,873.393,874.622,874.825,871.258,866.77,858.78,849.387,839.37,830.351,821.693,812.446,804.38,795.037,788.01,776.113,762.492,749.093,730.013,712.024,694.378,677.361,663.003,652.877,645.275,642.004,639.705,638.913,638.759,637.448,633.122,626.928,618.064,603.772,587.83,569.764,549.758,529.01,508.208,486.668,465.058,444.091,423.575,403.98,384.5,365.693,349.591,332.317,304.316,292.667,278.613,264.619,251.171,238.228,225.785,214.145,203.348,193.079,183.158,175.035,168.143,161.73,155.306,149.88,143.289,135.928,128.522,122.174,115.748,108.959,102.094,95.213,88.56,81.869,75.386,69.117,63.014,56.926,50.945,45.971,41.684,37.459,33.071,29.017,24.517,19.915,15.71,12.219,9.172,6.794,4.977,3.571,2.487,1.705,1.143,0.746,0.474,0.294,0.178,0.103
COL,1998,866.893,869.378,871.627,873.676,873.99,870.461,866.064,858.2,848.935,839.018,830.044,821.366,812.045,803.833,794.259,786.911,774.633,760.592,746.772,727.322,709.054,691.251,674.191,659.872,649.824,642.304,639.098,636.85,636.101,635.987,634.728,630.469,624.351,615.568,601.361,585.49,567.48,547.519,526.811,506.053,484.572,463.038,442.16,421.732,402.214,382.791,364.018,347.914,330.626,302.664,290.969,276.892,262.884,249.427,236.47,224.007,212.331,201.48,191.143,181.146,172.852,165.856,159.336,152.807,147.262,140.569,133.118,125.625,119.167,112.638,105.826,98.891,91.961,85.271,78.561,72.064,65.784,59.673,53.587,47.614,42.592,38.205,33.876,29.424,25.33,20.946,16.63,12.82,9.752,7.169,5.205,3.74,2.632,1.795,1.202,0.784,0.497,0.308,0.185,0.109
COL,1999,861.523,863.219,867.663,870.691,872.843,873.189,869.748,865.475,857.738,848.574,838.701,829.709,820.954,811.484,803.032,793.132,785.384,772.67,758.194,743.981,724.247,705.818,687.977,670.966,656.736,646.775,639.328,636.168,633.958,633.251,633.189,632.002,627.834,621.813,613.119,598.996,583.179,565.208,545.279,524.601,503.884,482.465,461.011,440.213,419.861,400.403,381.021,362.264,346.154,328.86,300.948,289.22,275.128,261.108,247.632,234.651,222.151,210.421,199.502,189.089,178.943,170.559,163.464,156.839,150.207,144.538,137.737,130.191,122.609,116.042,109.477,102.587,95.599,88.635,81.919,75.197,68.688,62.394,56.266,50.17,44.192,39.105,34.606,30.182,25.713,21.655,17.494,13.568,10.226,7.615,5.487,3.908,2.755,1.899,1.266,0.824,0.522,0.322,0.193,0.113
COL,2000,856.989,857.915,861.461,866.662,869.796,871.985,872.419,869.103,864.962,857.331,848.213,838.323,829.25,820.338,810.617,801.816,791.493,783.276,770.094,755.2,740.666,720.761,702.286,684.49,667.577,653.447,643.564,636.174,633.057,630.897,630.255,630.282,629.203,625.151,619.237,610.63,596.573,580.797,562.853,542.95,522.308,501.644,480.296,458.919,438.196,417.908,398.495,379.145,360.407,344.295,327,299.15,287.397,273.291,259.252,245.748,232.726,220.174,208.38,197.386,186.842,176.625,168.156,160.962,154.23,147.49,141.69,134.772,127.128,119.456,112.845,106.188,99.237,92.211,85.223,78.486,71.751,65.223,58.904,52.745,46.623,40.626,35.463,30.867,26.399,21.995,18.092,14.273,10.821,7.984,5.828,4.119,2.879,1.989,1.34,0.868,0.548,0.337,0.203,0.118
COL,2001,850.88,853.572,856.248,860.514,865.811,868.975,871.246,871.802,868.614,864.575,856.991,847.856,837.889,828.66,819.499,809.436,800.216,789.435,780.747,767.146,751.933,737.209,717.258,698.827,681.124,664.313,650.266,640.442,633.105,630.037,627.948,627.398,627.533,626.567,622.62,616.79,608.24,594.22,578.466,560.539,540.665,520.065,499.456,478.176,456.864,436.199,415.957,396.577,377.249,358.525,342.41,325.116,297.328,285.542,271.412,257.341,243.794,230.717,218.103,206.237,195.116,184.5,174.215,165.66,158.363,151.518,144.66,138.715,131.675,123.931,116.231,109.522,102.787,95.788,88.732,81.723,74.958,68.197,61.636,55.273,49.066,42.902,36.879,31.662,27.022,22.604,18.393,14.774,11.395,8.456,6.114,4.379,3.036,2.079,1.403,0.919,0.578,0.355,0.213,0.124
COL,2002,843.703,847.614,851.941,855.315,859.674,864.999,868.242,870.63,871.311,868.225,864.234,856.637,847.43,837.32,827.858,818.378,807.927,798.277,787.059,777.961,764.047,748.65,733.861,713.952,695.609,678.002,661.275,647.293,637.522,630.243,627.239,625.235,624.782,625.015,624.136,620.263,614.477,605.948,591.947,576.203,558.297,538.457,517.9,497.341,476.112,454.849,434.222,414.007,394.644,375.326,356.609,340.484,323.184,295.454,283.624,269.458,255.343,241.739,228.598,215.914,203.919,192.724,182.035,171.678,163.031,155.622,148.65,141.66,135.561,128.392,120.608,112.829,106.035,99.236,92.193,85.105,78.065,71.26,64.456,57.844,51.423,45.154,38.952,32.935,27.732,23.156,18.922,15.04,11.811,8.916,6.484,4.599,3.23,2.194,1.467,0.962,0.611,0.373,0.222,0.13
COL,2003,835.266,840.659,846.145,851.116,854.564,858.937,864.327,867.675,870.178,870.954,867.912,863.906,856.244,846.904,836.58,826.827,816.991,806.146,796.091,784.495,775.09,760.993,745.527,730.756,710.932,692.678,675.151,658.491,644.569,634.856,627.644,624.714,622.793,622.424,622.726,621.901,618.063,612.296,603.774,589.784,574.055,556.173,536.369,515.851,495.328,474.131,452.896,432.286,412.081,392.717,373.4,354.679,338.535,321.221,293.541,281.655,267.442,253.271,239.603,226.392,213.574,201.507,190.236,179.468,169.033,160.283,152.746,145.632,138.499,132.241,125.003,117.126,109.284,102.415,95.554,88.464,81.332,74.244,67.376,60.51,53.83,47.337,41.013,34.807,28.874,23.797,19.419,15.507,12.053,9.266,6.854,4.887,3.399,2.336,1.549,1.006,0.639,0.394,0.234,0.136
COL,2004,824.801,832.234,839.168,845.278,850.327,853.795,858.24,863.736,867.201,869.799,870.619,867.564,863.488,855.684,846.116,835.484,825.353,815.1,803.828,793.371,781.451,771.823,757.63,742.166,727.449,707.717,689.551,672.108,655.533,641.697,632.073,624.955,622.117,620.288,619.997,620.362,619.582,615.779,610.034,601.53,587.57,571.872,554.028,534.262,513.782,493.288,472.112,450.887,430.281,410.073,390.703,371.381,352.653,336.489,319.158,291.527,279.582,265.313,251.082,237.344,224.026,211.134,198.989,187.635,176.78,166.254,157.386,149.706,142.441,135.16,128.797,121.439,113.488,105.592,98.652,91.723,84.573,77.374,70.216,63.264,56.321,49.564,43.011,36.673,30.548,24.816,20,15.955,12.463,9.484,7.144,5.181,3.62,2.462,1.652,1.063,0.669,0.412,0.247,0.142
COL,2005,812.936,821.959,830.876,838.397,844.573,849.632,853.161,857.702,863.303,866.855,869.494,870.303,867.185,862.983,854.98,845.143,834.182,823.689,813.06,801.434,790.68,778.559,768.825,754.621,739.203,724.551,704.9,686.809,669.444,652.949,639.196,629.652,622.616,619.846,618.078,617.835,618.231,617.472,613.683,607.95,599.459,585.522,569.85,552.03,532.287,511.82,491.328,470.146,448.907,428.281,408.055,388.668,369.334,350.596,334.405,317.049,289.461,277.443,263.11,248.808,234.946,221.551,208.579,196.347,184.898,173.941,163.313,154.314,146.483,139.062,131.69,125.175,117.714,109.7,101.756,94.739,87.726,80.492,73.207,65.957,58.909,51.883,45.062,38.494,32.227,26.301,20.904,16.478,12.864,9.839,7.337,5.416,3.847,2.629,1.744,1.135,0.709,0.433,0.259,0.15
COL,2006,799.959,809.964,820.461,829.971,837.58,843.787,848.922,852.556,857.209,862.904,866.501,869.127,869.862,866.598,862.159,853.835,843.611,832.225,821.297,810.258,798.289,787.289,775.03,765.249,751.073,735.721,721.15,701.599,683.617,666.364,649.99,636.358,626.928,619.999,617.318,615.626,615.444,615.886,615.165,611.412,605.71,597.252,583.354,567.715,549.923,530.199,509.737,489.235,468.034,446.774,426.129,405.888,386.492,367.153,348.409,332.193,314.811,287.263,275.168,260.766,246.387,232.446,218.964,205.902,193.574,182.015,170.947,160.206,151.07,143.088,135.569,128.064,121.412,113.863,105.792,97.796,90.684,83.566,76.225,68.832,61.477,54.325,47.23,40.39,33.888,27.807,22.213,17.275,13.328,10.19,7.637,5.58,4.035,2.803,1.868,1.203,0.759,0.46,0.272,0.158
COL,2007,784.633,796.876,808.2,819.176,828.718,836.327,842.59,847.811,851.54,856.264,861.979,865.552,868.12,868.806,865.485,860.888,852.342,841.859,830.195,819.006,807.746,795.623,784.524,772.223,762.435,748.284,732.971,718.456,698.977,681.063,663.887,647.596,634.031,624.645,617.751,615.096,613.42,613.25,613.698,612.971,609.225,603.542,595.102,581.225,565.595,547.795,528.045,507.549,487.005,465.761,444.462,423.79,403.534,384.123,364.771,346.005,329.746,312.333,284.827,272.648,258.144,243.683,229.654,216.081,202.929,190.503,178.842,167.674,156.835,147.582,139.475,131.839,124.248,117.505,109.901,101.798,93.764,86.569,79.348,71.909,64.43,57.002,49.797,42.707,35.958,29.665,23.926,18.804,14.408,10.966,8.283,6.137,4.434,3.162,2.161,1.411,0.888,0.547,0.323,0.188
COL,2008,772.296,781.434,794.941,806.72,817.731,827.281,834.949,841.299,846.612,850.411,855.153,860.84,864.35,866.877,867.525,864.049,859.224,850.41,839.647,827.72,816.307,804.885,792.654,781.494,769.179,759.395,745.277,730.024,715.577,696.181,678.356,661.277,645.071,631.566,622.229,615.38,612.75,611.095,610.939,611.387,610.666,606.947,601.289,592.866,579.003,563.363,545.53,525.741,505.199,484.605,463.316,441.987,421.301,401.032,381.608,362.235,343.445,327.151,309.701,282.234,269.923,255.336,240.789,226.669,213.005,199.76,187.237,175.482,164.219,153.292,143.939,135.73,128.013,120.361,113.538,105.886,97.744,89.659,82.357,75.018,67.477,59.909,52.421,45.199,38.186,31.636,25.676,20.393,15.806,11.967,9.013,6.738,4.94,3.526,2.471,1.653,1.055,0.648,0.389,0.226
COL,2009,760.685,768.929,779.283,793.209,805.024,816.05,825.665,833.425,839.867,845.248,849.059,853.767,859.387,862.866,865.378,865.874,862.168,857.064,847.96,836.932,824.788,813.214,801.681,789.376,778.188,765.874,756.108,742.052,726.873,712.505,693.212,675.503,658.524,642.391,628.953,619.675,612.867,610.27,608.638,608.489,608.952,608.262,604.577,598.942,590.53,576.658,560.981,543.106,523.268,502.672,482.027,460.706,439.361,418.66,398.378,378.932,359.533,340.725,324.392,306.895,279.444,267.03,252.355,237.721,223.512,209.757,196.421,183.812,171.964,160.61,149.611,140.181,131.906,124.13,116.429,109.529,101.816,93.617,85.454,78.026,70.561,62.912,55.263,47.744,40.57,33.744,27.518,22.006,17.248,13.215,9.912,7.399,5.477,3.963,2.783,1.907,1.244,0.775,0.464,0.275
COL,2010,752.054,757.732,767.157,777.919,791.875,803.699,814.775,824.468,832.308,838.809,844.201,847.984,852.632,858.209,861.651,864.017,864.302,860.35,854.99,845.655,834.442,822.166,810.499,798.906,786.579,775.386,763.085,753.35,739.345,724.226,709.932,690.74,673.121,656.216,640.151,626.772,617.531,610.75,608.163,606.526,606.377,606.85,606.172,602.493,596.852,588.413,574.497,558.763,540.827,520.921,500.262,479.566,458.213,436.842,416.116,395.805,376.324,356.9,338.056,321.661,304.09,276.661,264.133,249.366,234.639,220.333,206.477,193.044,180.332,168.378,156.935,145.872,136.383,128.044,120.203,112.433,105.422,97.606,89.303,81.022,73.435,65.809,58.03,50.303,42.8,35.765,29.241,23.454,18.466,14.267,10.793,8,5.893,4.295,3.048,2.089,1.39,0.882,0.536,0.314
COL,2011,745.382,749.388,756.22,766.046,776.838,790.797,802.663,813.807,823.572,831.463,837.978,843.346,847.072,851.67,857.193,860.49,862.654,862.708,858.518,852.943,843.436,832.109,819.762,808.055,796.452,784.126,772.942,760.662,750.95,736.984,721.924,707.707,688.602,671.055,654.219,638.213,624.873,615.654,608.879,606.281,604.634,604.483,604.951,604.262,600.566,594.888,586.391,572.417,556.613,538.6,518.623,497.905,477.158,455.759,434.347,413.578,393.22,373.7,354.234,335.338,318.738,301.1,273.702,261.065,246.209,231.391,216.985,203.029,189.49,176.668,164.615,153.096,141.997,132.466,124.067,116.152,108.296,101.147,93.195,84.763,76.353,68.594,60.81,52.933,45.207,37.844,31.1,25.024,19.773,15.356,11.719,8.761,6.414,4.654,3.327,2.302,1.534,0.992,0.612,0.364
COL,2012,739.784,742.54,747.66,754.868,764.726,775.529,789.537,801.475,812.693,822.51,830.411,836.898,842.204,845.892,850.455,855.831,858.914,860.825,860.617,856.194,850.436,840.818,829.429,817.056,805.353,793.76,781.449,770.289,758.041,748.36,734.455,719.479,705.345,686.32,668.848,652.079,636.124,622.819,613.618,606.846,604.246,602.609,602.464,602.927,602.221,598.491,592.756,584.198,570.163,554.291,536.207,516.165,495.386,474.574,453.112,431.636,410.806,390.406,370.839,351.327,332.217,315.548,297.853,270.505,257.77,242.833,227.922,213.42,199.35,185.696,172.766,160.627,149.066,137.956,128.391,119.934,111.936,103.973,96.653,88.548,79.986,71.449,63.532,55.637,47.753,40.168,33.112,26.817,21.29,16.62,12.768,9.641,7.127,5.146,3.665,2.556,1.719,1.113,0.698,0.422
COL,2013,735.436,736.839,740.674,746.134,753.371,763.241,774.096,788.178,800.192,811.463,821.288,829.156,835.579,840.854,844.524,848.943,854.092,856.906,858.534,858.072,853.463,847.595,837.928,826.527,814.173,802.494,790.921,778.642,767.513,755.3,745.671,731.848,716.961,702.897,683.951,666.552,649.837,633.928,620.657,611.467,604.708,602.126,600.504,600.357,600.807,600.064,596.283,590.492,581.873,567.777,551.835,533.68,513.565,492.701,471.798,450.249,428.693,407.808,387.362,367.747,348.012,328.864,312.14,294.403,267.124,254.289,239.263,224.253,209.628,195.424,181.648,168.625,156.435,144.854,133.743,124.146,115.618,107.51,99.406,91.893,83.627,74.93,66.277,58.243,50.319,42.564,35.282,28.687,22.942,18.005,13.911,10.576,7.895,5.754,4.081,2.837,1.922,1.254,0.787,0.483
COL,2014,730.924,732.393,734.839,738.989,744.475,751.725,761.653,772.585,786.745,798.813,810.09,819.88,827.683,834.081,839.353,842.879,847.067,851.93,854.445,855.806,855.149,850.435,844.525,834.855,823.484,811.166,799.513,787.978,775.736,764.64,752.483,742.93,729.193,714.373,700.379,681.51,664.17,647.51,631.645,618.398,609.231,602.506,599.944,598.325,598.171,598.585,597.788,593.958,588.111,579.427,565.261,549.241,530.999,510.782,489.808,468.788,447.138,425.516,404.575,384.078,364.278,344.511,325.336,308.57,290.8,263.591,250.639,235.503,220.354,205.577,191.232,177.35,164.27,152.054,140.466,129.358,119.714,111.085,102.831,94.56,86.837,78.394,69.562,60.821,52.739,44.911,37.439,30.61,24.573,19.42,15.076,11.521,8.654,6.362,4.549,3.149,2.128,1.398,0.885,0.543
COL,2015,726.345,727.89,730.375,733.117,737.287,742.787,750.096,760.101,771.113,785.325,797.401,808.643,818.366,826.148,832.55,837.682,840.979,844.881,849.44,851.686,852.849,852.087,847.337,841.426,831.793,820.461,808.176,796.566,785.068,772.862,761.818,749.737,740.254,726.575,711.822,697.893,679.085,661.804,645.191,629.36,616.146,607.018,600.322,597.766,596.14,595.95,596.309,595.46,591.575,585.661,576.895,562.647,546.527,528.166,507.82,486.713,465.571,443.835,422.143,401.143,380.497,360.657,340.869,321.678,304.871,287.053,259.897,246.794,231.504,216.186,201.25,186.786,172.842,159.739,147.515,135.926,124.806,115.09,106.321,97.89,89.43,81.468,72.831,63.873,55.099,47.075,39.485,32.443,26.169,20.741,16.197,12.424,9.371,6.927,4.993,3.481,2.341,1.534,0.978,0.603
COL,2016,723.497,723.912,726.457,729.23,731.984,736.153,741.69,749.059,759.131,770.19,784.411,796.462,807.65,817.337,825.087,831.356,836.288,839.347,842.997,847.325,849.401,850.472,849.68,844.942,839.067,829.472,818.169,805.912,794.321,782.839,770.659,759.659,747.623,738.172,724.538,709.831,695.939,677.174,659.927,643.336,627.527,614.333,605.213,598.508,595.924,594.25,593.996,594.285,593.36,589.39,583.378,574.502,560.14,543.89,525.388,504.9,483.657,462.396,440.556,418.775,397.677,376.974,357.093,337.277,318.054,301.173,283.26,256.113,242.798,227.312,211.817,196.744,182.199,168.224,155.106,142.867,131.246,120.069,110.222,101.256,92.591,83.872,75.602,66.727,57.649,48.909,41.058,33.845,27.347,21.705,16.941,13.03,9.836,7.286,5.273,3.7,2.503,1.635,1.04,0.644
COL,2017,723.695,723.04,724.286,726.98,729.635,732.261,736.354,741.853,749.208,759.271,770.316,784.528,796.598,807.859,817.676,825.61,832.101,837.267,840.547,844.386,848.876,851.097,852.292,851.586,846.89,840.997,831.329,819.908,807.501,795.744,784.091,771.746,760.589,748.406,738.809,725.045,710.213,696.2,677.326,659.974,643.276,627.359,614.056,604.817,597.986,595.266,593.45,593.046,593.177,592.088,587.953,581.768,572.717,558.187,541.766,523.091,502.43,481.014,459.583,437.587,415.575,394.374,373.598,353.655,333.78,314.48,297.465,279.389,252.209,238.646,222.965,207.321,192.156,177.565,163.571,150.43,138.143,126.439,115.144,105.101,95.865,86.873,77.803,69.158,60.033,50.896,42.309,34.793,28.107,22.273,17.351,13.299,10.045,7.441,5.399,3.805,2.592,1.707,1.088,0.676
COL,2018,724.785,727.824,727.292,728.097,730.179,732.29,734.487,738.241,743.474,750.621,760.546,771.593,786.06,798.751,811.063,822.341,832.043,840.438,847.466,852.417,857.637,863.171,866.087,867.636,866.974,862.056,855.717,845.438,833.29,820.085,807.49,794.988,781.805,769.831,756.868,746.526,732.066,716.585,701.964,682.531,664.654,647.463,631.08,617.332,607.665,600.42,597.295,595.087,594.298,594.055,592.604,588.131,581.623,572.265,557.451,540.746,521.787,500.841,479.139,457.431,435.143,412.928,391.563,370.653,350.584,330.582,311.126,293.896,275.6,248.37,234.551,218.703,202.956,187.738,173.121,159.108,145.923,133.55,121.717,110.251,99.951,90.374,80.985,71.522,62.517,53.237,44.21,35.991,29.008,22.994,17.905,13.724,10.365,7.719,5.637,4.014,2.776,1.877,1.242,0.809
COL,2019,727.925,730.018,732.998,731.882,731.96,733.4,734.997,736.784,740.211,745.187,752.166,762.095,773.452,788.668,802.624,816.694,830.094,842.086,852.72,861.757,868.365,874.829,881.177,884.502,886.089,885.15,879.7,872.635,861.498,848.408,834.216,820.617,807.119,792.967,780.061,766.214,755.035,739.802,723.6,708.306,688.254,669.796,652.061,635.166,620.929,610.791,603.088,599.513,596.868,595.654,595.005,593.173,588.351,581.513,571.839,556.724,539.703,520.413,499.13,477.098,455.1,432.553,410.135,388.606,367.552,347.336,327.17,307.517,290.041,271.519,244.271,230.234,214.272,198.467,183.219,168.578,154.525,141.262,128.762,116.753,105.065,94.44,84.449,74.625,64.799,55.546,46.315,37.653,30.039,23.755,18.507,14.192,10.731,8.004,5.889,4.228,2.959,2.036,1.384,0.937
COL,2020,732.82,731.848,734.063,736.624,734.929,734.489,735.517,736.788,738.319,741.54,746.383,753.363,763.533,775.476,791.682,807.016,822.75,837.942,851.681,863.878,874.203,881.785,888.893,895.567,898.929,900.298,898.93,892.898,885.139,873.244,859.366,844.378,829.99,815.725,800.834,787.222,772.706,760.892,745.071,728.323,712.521,692.006,673.119,654.982,637.705,623.098,612.592,604.524,600.581,597.576,596.017,595.041,592.904,587.801,580.685,570.724,555.31,537.962,518.326,496.702,474.384,452.115,429.366,406.802,385.144,363.964,343.595,323.242,303.375,285.649,266.912,239.69,225.471,209.42,193.564,178.276,163.589,149.468,136.094,123.428,111.2,99.234,88.229,77.812,67.613,57.581,48.332,39.453,31.43,24.602,19.12,14.662,11.084,8.273,6.09,4.396,3.09,2.141,1.469,1.006
COL,2021,729.975,734.646,734.054,735.961,738.256,736.328,735.681,736.528,737.638,739.032,742.16,746.991,754.097,764.593,777.094,794.071,810.331,827.052,843.201,857.791,870.683,881.523,889.437,896.691,903.344,906.548,907.65,905.934,899.502,891.308,878.962,864.624,849.175,834.325,819.607,804.276,790.241,775.325,763.133,746.973,729.912,713.819,693.042,673.897,655.506,637.979,623.112,612.336,603.984,599.74,596.429,594.555,593.263,590.816,585.41,577.991,567.716,551.983,534.277,514.254,492.198,469.492,446.874,423.859,401.111,379.331,358.061,337.586,317.095,297.039,279.041,260.046,232.865,218.364,202.158,186.209,170.852,156.092,141.879,128.386,115.294,102.64,90.573,79.53,69.196,59.271,49.732,41.1,33.016,25.866,19.897,15.178,11.413,8.445,6.155,4.426,3.127,2.155,1.469,0.995
COL,2022,726.61,731.59,736.651,735.772,737.429,739.506,737.387,736.575,737.272,738.258,739.565,742.679,747.624,755.026,766.029,779.234,797.049,814.193,831.757,848.644,863.823,877.143,888.242,896.257,903.467,909.95,912.889,913.655,911.551,904.704,896.074,883.287,868.51,852.625,837.348,822.208,806.471,792.038,776.737,764.166,747.653,730.257,713.851,692.801,673.401,654.774,637.015,621.907,610.86,602.208,597.627,593.957,591.71,590.036,587.209,581.437,573.63,562.938,546.772,528.586,508.083,485.56,462.457,439.549,416.369,393.554,371.734,350.408,329.815,309.149,288.869,270.583,251.378,224.405,209.742,193.523,177.595,162.24,147.438,133.145,119.341,105.998,93.377,81.452,70.64,60.665,51.266,42.408,34.528,27.3,21.026,15.873,11.864,8.72,6.292,4.48,3.157,2.187,1.482,0.999
COL,2023,713.694,723.027,729.186,734.678,734.086,735.972,738.25,736.306,735.64,736.45,737.495,738.781,741.745,746.364,753.231,763.49,775.788,792.6,808.733,825.364,841.462,856.043,868.966,879.855,887.817,895.093,901.732,904.897,905.934,904.132,897.607,889.304,876.845,862.386,846.802,831.801,816.913,801.402,787.166,772.038,759.608,743.226,725.951,709.647,688.704,669.394,650.834,633.117,618.014,606.923,598.187,593.475,589.648,587.217,585.335,582.275,576.242,568.13,557.084,540.552,521.982,501.124,478.321,455.027,432.009,408.787,385.939,364.048,342.59,321.799,300.913,280.414,261.909,242.598,215.921,201.164,184.939,168.991,153.572,138.658,124.082,110.017,96.612,84.004,72.209,61.63,52.038,43.206,35.097,28.044,21.741,16.451,12.151,8.868,6.339,4.442,3.071,2.098,1.406,0.921
COL,2024,705.138,710.016,720.534,727.235,732.982,732.586,734.663,737.125,735.351,734.821,735.709,736.741,737.876,740.505,744.571,750.671,760.002,771.285,787.079,802.282,818.137,833.664,847.885,860.641,871.518,879.587,887.049,893.927,897.373,898.719,897.246,891.066,883.113,871.002,856.883,841.622,826.924,812.318,797.067,783.066,768.152,755.909,739.699,722.573,706.395,685.566,666.344,647.852,630.184,615.105,604.013,595.256,590.492,586.589,584.049,582.022,578.779,572.534,564.186,552.898,536.163,517.426,496.45,473.573,450.215,427.112,403.77,380.749,358.635,336.937,315.915,294.847,274.233,255.632,236.289,209.823,194.95,178.629,162.551,146.957,131.822,116.98,102.61,88.911,76.067,64.179,53.687,44.406,36.125,28.779,22.569,17.23,12.812,9.303,6.646,4.624,3.145,2.111,1.4,0.911
COL,2025,694.496,701.848,707.831,718.832,725.752,731.665,731.433,733.672,736.283,734.629,734.169,735.044,735.944,736.786,738.931,742.327,747.618,756.064,766.46,781.437,795.962,811.316,826.526,840.599,853.342,864.306,872.531,880.195,887.307,891.012,892.634,891.449,885.566,877.905,866.083,852.24,837.24,822.784,808.399,793.352,779.531,764.779,752.673,736.585,719.563,703.467,682.71,663.538,645.079,627.427,612.344,601.226,592.42,587.576,583.564,580.877,578.657,575.185,568.689,560.078,548.542,531.616,512.733,491.653,468.692,445.236,421.993,398.461,375.211,352.842,330.9,309.671,288.469,267.777,249.098,229.717,203.443,188.396,171.918,155.646,139.81,124.379,109.21,94.543,80.625,67.722,56.015,45.911,37.214,29.695,23.221,17.926,13.449,9.831,6.989,4.86,3.283,2.166,1.413,0.909
COL,2026,685.212,691.767,700.115,706.507,717.672,724.71,730.745,730.642,733,735.708,734.11,733.639,734.408,735.079,735.541,737.164,739.929,744.529,752.279,762.036,776.478,790.608,805.713,820.806,834.867,847.671,858.747,867.117,874.948,882.243,886.145,887.974,887.002,881.335,873.884,862.266,848.618,833.801,819.51,805.273,790.36,776.654,762.002,749.972,733.95,716.979,700.913,680.182,661.019,642.553,624.882,609.766,598.59,589.705,584.742,580.579,577.695,575.235,571.49,564.714,555.829,544.054,526.952,507.932,486.735,463.655,440.042,416.586,392.805,369.291,346.66,324.499,303.109,281.811,261.06,242.294,222.839,196.715,181.427,164.721,148.184,132.025,116.232,100.743,85.855,71.904,59.227,48.011,38.571,30.672,24.027,18.484,14.024,10.343,7.402,5.123,3.459,2.268,1.453,0.919
COL,2027,676.749,683.058,690.501,699.179,705.68,716.914,724.035,730.162,730.148,732.578,735.326,733.718,733.17,733.774,734.174,734.266,735.439,737.711,741.814,749.105,758.478,772.635,786.587,801.608,816.69,830.786,843.656,854.816,863.286,871.226,878.634,882.662,884.622,883.783,878.248,870.925,859.432,845.901,831.191,816.995,802.84,787.998,774.347,759.736,747.728,731.721,714.751,698.671,677.923,658.73,640.226,622.507,607.329,596.065,587.064,581.943,577.582,574.454,571.711,567.664,560.596,551.444,539.442,522.175,503.005,481.653,458.392,434.549,410.816,386.751,362.965,340.099,317.765,296.251,274.876,254.058,235.164,215.577,189.551,173.943,156.937,140.047,123.497,107.345,91.614,76.697,63.007,50.876,40.435,31.874,24.888,19.169,14.492,10.809,7.806,5.44,3.656,2.396,1.525,0.948
COL,2028,670.026,675.024,682.135,689.851,698.596,705.134,716.419,723.604,729.796,729.838,732.298,735.036,733.371,732.705,733.118,733.256,733.032,733.858,735.777,739.553,746.569,755.744,769.775,783.668,798.679,813.78,827.908,840.819,852.026,860.549,868.546,876.019,880.117,882.15,881.383,875.924,868.669,857.244,843.776,829.122,814.971,800.852,786.033,772.394,757.782,745.757,729.726,712.723,696.595,675.804,656.557,637.991,620.203,604.938,593.557,584.405,579.084,574.48,571.072,568.02,563.661,556.309,546.905,534.686,517.241,497.883,476.315,452.797,428.659,404.615,380.259,356.229,333.174,310.706,289.089,267.627,246.702,227.618,207.826,181.843,165.833,148.431,131.117,114.175,97.743,81.97,67.332,54.24,42.949,33.501,25.935,19.902,15.064,11.196,8.176,5.75,3.892,2.538,1.615,0.998
COL,2029,661.948,668.47,674.227,681.586,689.354,698.126,704.706,716.044,723.286,729.526,729.593,732.043,734.732,732.967,732.138,732.329,732.198,731.677,732.201,733.84,737.384,744.233,753.304,767.286,781.171,796.193,811.315,825.47,838.409,849.648,858.21,866.251,873.77,877.921,880.005,879.288,873.878,866.67,855.29,841.862,827.241,813.111,799.005,784.19,770.539,755.906,743.841,727.766,710.711,694.519,673.669,654.356,635.718,617.847,602.474,590.949,581.613,576.056,571.181,567.472,564.106,559.445,551.827,542.182,529.735,512.075,492.467,470.606,446.768,422.301,397.94,373.321,349.095,325.891,303.311,281.581,259.992,238.896,219.545,199.469,173.473,156.955,139.08,121.339,104.086,87.58,72.083,58.076,45.89,35.67,27.327,20.79,15.678,11.666,8.49,6.038,4.124,2.709,1.716,1.059
COL,2030,656.385,660.505,667.749,673.737,681.142,688.931,697.737,704.366,715.756,723.041,729.303,729.362,731.767,734.364,732.452,731.424,731.371,730.974,730.182,730.455,731.886,735.282,742.043,751.076,765.048,778.943,793.981,809.119,823.292,836.253,847.517,856.112,864.189,871.745,875.934,878.054,877.371,871.997,864.819,853.467,840.062,825.458,811.335,797.224,782.394,768.715,754.042,741.919,725.785,708.663,692.397,671.481,652.093,633.369,615.394,599.89,588.189,578.637,572.818,567.652,563.638,559.968,555.023,547.149,537.251,524.537,506.599,486.662,464.441,440.247,415.443,390.792,365.957,341.579,318.248,295.545,273.657,251.875,230.533,210.826,190.38,164.296,147.181,128.827,110.739,93.387,77.137,62.286,49.235,38.195,29.164,21.955,16.416,12.169,8.866,6.284,4.341,2.878,1.836,1.127
COL,2031,648.597,655.035,659.848,667.307,673.335,680.755,688.576,697.427,704.103,715.531,722.836,729.089,729.108,731.429,733.891,731.799,730.55,730.255,729.61,728.59,728.675,729.975,733.294,740.022,749.052,763.031,776.938,791.987,807.136,821.322,834.297,845.583,854.206,862.311,869.893,874.107,876.25,875.59,870.236,863.073,851.735,838.34,823.737,809.605,795.474,780.612,766.886,752.159,739.964,723.758,706.56,690.209,669.219,649.742,630.914,612.814,597.148,585.24,575.448,569.346,563.889,559.58,555.623,550.402,542.259,532.069,519.021,500.723,480.388,457.767,433.207,408.094,383.198,358.192,333.681,310.213,287.342,265.226,243.167,221.489,201.334,180.407,154.183,136.451,117.698,99.481,82.374,66.768,52.906,41.065,31.299,23.483,17.375,12.771,9.27,6.578,4.529,3.036,1.955,1.208
COL,2032,642.202,647.328,654.426,659.443,666.937,672.978,680.427,688.288,697.182,703.896,715.341,722.637,728.852,728.792,730.99,733.284,730.988,729.516,728.992,728.134,726.94,726.905,728.137,731.432,738.158,747.199,761.186,775.102,790.157,805.312,819.507,832.496,843.8,852.445,860.569,868.167,872.397,874.553,873.902,868.558,861.398,850.062,836.661,822.046,807.89,793.723,778.814,765.029,750.233,737.953,721.665,704.384,687.941,666.863,647.281,628.325,610.07,594.215,582.078,572.029,565.645,559.906,555.318,551.082,545.572,537.12,526.569,513.101,494.373,473.595,450.563,425.663,400.285,375.188,350.032,325.378,301.724,278.609,256.178,233.752,211.643,190.919,169.418,143.08,124.804,105.873,87.887,71.427,56.825,44.223,33.729,25.262,18.631,13.55,9.752,6.895,4.752,3.175,2.067,1.29
COL,2033,634.529,640.991,646.753,654.044,659.094,666.6,672.667,680.154,688.057,696.985,703.716,715.153,722.412,728.551,728.376,730.415,732.514,730.005,728.316,727.591,726.569,725.262,725.164,726.374,729.671,736.411,745.464,759.457,773.379,788.436,803.598,817.801,830.803,842.122,850.782,858.92,866.527,870.764,872.924,872.272,866.926,859.76,848.413,834.996,820.355,806.16,791.942,776.975,763.117,748.24,735.867,719.49,702.117,685.568,664.387,644.676,625.565,607.129,591.061,578.68,568.375,561.72,555.716,550.858,546.328,540.489,531.659,520.659,506.696,487.491,466.255,442.832,417.635,392.037,366.759,341.439,316.591,292.673,269.225,246.382,223.488,200.827,179.427,157.339,131.009,112.407,93.671,76.334,60.902,47.594,36.401,27.284,20.087,14.563,10.373,7.272,4.994,3.341,2.167,1.367
COL,2034,628.255,633.361,640.435,646.383,653.706,658.768,666.3,672.405,679.931,687.867,696.812,703.534,714.935,722.121,728.146,727.816,729.666,731.556,728.838,726.954,726.067,724.934,723.569,723.451,724.666,727.978,734.732,743.796,757.795,771.721,786.784,801.952,816.166,829.181,840.512,849.184,857.329,864.938,869.175,871.33,870.67,865.313,858.128,846.76,833.314,818.635,804.389,790.109,775.069,761.129,746.163,733.69,717.217,699.74,683.068,661.76,641.894,622.601,603.962,587.669,575.047,564.497,557.587,551.327,546.184,541.32,535.08,525.785,514.26,499.747,480.048,458.372,434.599,409.149,383.348,357.876,332.338,307.215,282.938,259.055,235.694,212.202,188.88,166.782,144.194,118.144,99.592,81.488,65.2,51.107,39.254,29.507,21.742,15.737,11.173,7.753,5.279,3.518,2.284,1.436
COL,2035,621.429,627.126,632.823,640.076,646.055,653.39,658.477,666.045,672.188,679.747,687.699,696.636,703.323,714.653,721.728,727.6,727.087,728.734,730.415,727.507,725.466,724.472,723.281,721.896,721.784,723.016,726.346,733.114,742.188,756.192,770.124,785.194,800.373,814.597,827.622,838.961,847.638,855.785,863.389,867.62,869.761,869.083,863.706,856.493,845.092,831.603,816.873,802.563,788.209,773.089,759.056,743.997,731.414,714.833,697.234,680.417,658.955,638.906,619.41,600.556,584.044,571.192,560.416,553.259,546.727,541.261,535.993,529.265,519.425,507.319,492.237,472.055,449.977,425.895,400.208,374.189,348.464,322.622,297.127,272.385,247.957,223.938,199.732,175.731,153.017,130.18,104.832,86.782,69.729,54.82,42.239,31.889,23.567,17.072,12.102,8.372,5.643,3.729,2.412,1.517
COL,2036,618,620.338,626.605,632.473,639.756,645.748,653.107,658.23,665.834,672.01,679.583,687.528,696.431,703.05,714.27,721.197,726.889,726.179,727.623,729.114,726.055,723.909,722.857,721.648,720.27,720.176,721.427,724.774,731.554,740.64,754.649,768.59,783.67,798.857,813.091,826.12,837.461,846.14,854.281,861.874,866.089,868.208,867.504,862.094,854.841,843.392,829.849,815.055,800.672,786.233,771.023,756.893,741.731,729.027,712.319,694.577,677.585,655.942,635.689,615.979,596.915,580.196,567.134,556.141,548.723,541.882,536.022,530.264,522.967,512.526,499.813,484.165,463.537,441.094,416.719,390.776,364.479,338.408,312.162,286.184,260.861,235.741,210.939,185.996,161.402,138.321,115.661,91.5,74.395,58.741,45.401,34.387,25.525,18.547,13.161,9.091,6.109,3.997,2.563,1.607
COL,2037,612.109,616.941,619.834,626.264,632.162,639.458,645.475,652.868,658.027,665.661,671.851,679.418,687.329,696.166,702.681,713.755,720.506,726.002,725.096,726.355,727.694,724.534,722.333,721.262,720.059,718.7,718.626,719.896,723.259,730.052,739.148,753.168,767.119,782.208,797.402,811.638,824.668,836.007,844.68,852.81,860.383,864.572,866.662,865.918,860.465,853.158,841.65,828.042,813.172,798.704,784.174,768.868,754.631,739.355,726.512,709.653,691.737,674.543,652.7,632.231,612.312,593.053,576.147,562.883,551.66,543.942,536.726,530.387,524.057,516.134,505.065,491.747,475.563,454.522,431.726,407.034,380.772,354.1,327.577,300.811,274.229,248.172,222.23,196.615,171.02,146.093,123.081,101.105,78.585,62.796,48.75,37.041,27.586,20.134,14.331,9.911,6.652,4.338,2.754,1.711
COL,2038,605.252,611.085,616.45,619.501,625.963,631.874,639.193,645.243,652.67,657.858,665.507,671.69,679.226,687.073,695.807,702.182,713.085,719.645,724.946,723.861,724.972,726.208,722.994,720.775,719.711,718.525,717.187,717.132,718.421,721.8,728.607,737.718,751.747,765.708,780.803,796.001,810.235,823.261,834.592,843.252,851.361,858.906,863.063,865.11,864.314,858.806,851.431,839.852,826.166,811.212,796.651,782.022,766.613,752.259,736.849,723.841,706.803,688.687,671.267,649.211,628.533,608.419,588.986,571.901,558.423,546.934,538.853,531.175,524.279,517.319,508.738,497.039,483.14,466.448,445.003,421.828,396.747,370.064,342.906,315.81,288.396,261.05,234.119,207.32,180.972,154.991,130.182,107.765,86.972,66.459,52.216,39.853,29.776,21.805,15.591,10.818,7.269,4.735,2.997,1.843
COL,2039,599.805,604.261,610.61,616.127,619.208,625.682,631.617,638.967,645.05,652.506,657.709,665.351,671.503,678.977,686.725,695.323,701.533,712.248,718.618,723.74,722.513,723.523,724.703,721.472,719.26,718.212,717.047,715.729,715.693,716.999,720.396,727.219,736.346,750.385,764.354,779.451,794.646,808.875,821.891,833.205,841.846,849.926,857.433,861.546,863.539,862.68,857.102,849.649,837.988,824.214,809.168,794.507,779.773,764.246,749.755,734.19,720.986,703.742,685.401,667.744,645.482,624.609,604.32,584.72,567.448,553.72,541.902,533.371,525.156,517.646,510.024,500.781,488.472,474.017,456.819,434.941,411.31,385.736,358.512,330.74,302.935,274.704,246.449,218.606,191.03,164.219,138.316,114.173,92.87,73.681,55.376,42.776,32.105,23.587,16.922,11.796,7.953,5.187,3.279,2.01
COL,2040,593.409,598.848,603.801,610.295,615.842,618.937,625.433,631.399,638.782,644.892,652.362,657.558,665.17,671.263,678.64,686.257,694.693,700.724,711.251,717.446,722.424,721.101,722.055,723.215,719.991,717.796,716.768,715.622,714.324,714.307,715.632,719.049,725.891,735.032,749.078,763.05,778.146,793.334,807.552,820.549,831.841,840.453,848.497,855.955,860.012,861.938,861.004,855.344,847.801,836.047,822.178,807.033,792.266,777.412,761.752,747.099,731.348,717.921,700.446,681.871,663.979,641.527,620.477,600.023,580.249,562.753,548.713,536.482,527.43,518.623,510.468,502.178,492.288,479.391,464.378,446.639,424.248,400.046,373.85,345.954,317.425,288.732,259.531,230.323,201.642,173.563,146.764,121.504,98.568,78.828,61.504,45.457,34.529,25.483,18.343,12.831,8.692,5.688,3.6,2.204
COL,2041,589.365,592.483,598.4,603.495,610.018,615.577,618.695,625.222,631.218,638.627,644.751,652.214,657.382,664.936,670.935,678.185,685.644,693.907,699.758,710.113,716.167,721.045,719.67,720.605,721.766,718.56,716.385,715.375,714.249,712.97,712.974,714.32,717.758,724.617,733.77,747.82,761.792,776.881,792.057,806.257,819.229,830.49,839.065,847.061,854.46,858.449,860.295,859.271,853.519,845.875,834.021,820.049,804.799,789.911,774.92,759.102,744.26,728.293,714.619,696.903,678.095,659.984,637.359,616.142,595.513,575.528,557.746,543.314,530.603,520.973,511.545,502.737,493.792,483.273,469.785,454.175,435.806,412.78,387.875,360.914,332.193,302.721,272.974,242.751,212.667,183.429,155.336,129.134,105.085,83.825,65.933,50.583,36.772,27.467,19.861,13.94,9.478,6.233,3.958,2.426
COL,2042,584.611,588.468,592.049,598.103,603.224,609.76,615.342,618.49,625.047,631.07,638.491,644.609,652.044,657.156,664.619,670.494,677.592,684.882,692.969,698.657,708.872,714.828,719.649,718.257,719.193,720.367,717.181,715.026,714.034,712.927,711.669,711.694,713.064,716.521,723.395,732.556,746.606,760.574,775.651,790.808,804.982,817.924,829.145,837.673,845.61,852.936,856.843,858.598,857.475,851.62,843.867,831.905,817.824,802.454,787.429,772.276,756.27,741.21,725.007,711.072,693.117,674.092,655.776,632.99,611.596,590.756,570.499,552.355,537.462,524.22,513.985,503.927,494.479,484.895,473.739,459.618,443.32,424.191,400.391,374.631,346.744,317.001,286.41,255.55,224.38,193.703,164.41,136.904,111.89,89.544,70.259,54.341,40.999,29.314,21.453,15.127,10.321,6.811,4.346,2.673
COL,2043,578.559,583.742,588.048,591.759,597.839,602.975,609.533,615.143,618.32,624.902,630.936,638.352,644.443,651.824,656.848,664.191,669.919,676.853,683.974,691.901,697.455,707.572,713.47,718.268,716.88,717.829,719.019,715.852,713.717,712.743,711.656,710.421,710.47,711.862,715.337,722.221,731.387,745.432,759.389,774.449,789.581,803.723,816.623,827.796,836.266,844.132,851.373,855.187,856.839,855.606,849.639,841.77,829.693,815.489,799.982,784.795,769.452,753.232,737.929,721.477,707.283,689.103,669.877,651.366,628.406,606.8,585.686,565.081,546.508,531.106,517.306,506.46,495.786,485.713,475.48,463.644,448.794,431.671,411.634,386.901,360.114,331.09,300.14,268.364,236.46,204.629,173.875,145.147,118.845,95.535,75.213,58.035,44.146,32.752,22.951,16.381,11.229,7.436,4.763,2.942
COL,2044,572.718,577.719,583.335,587.765,591.504,597.598,602.755,609.338,614.977,618.18,624.772,630.802,638.191,644.229,651.525,656.432,663.632,669.202,675.972,682.937,690.734,696.196,706.253,712.128,716.925,715.551,716.514,717.72,714.573,712.456,711.502,710.437,709.226,709.297,710.708,714.196,721.088,730.256,744.29,758.232,773.266,788.366,802.467,815.318,826.43,834.83,842.613,849.759,853.469,855.006,853.653,847.568,839.575,827.37,813.025,797.357,781.979,766.417,749.959,734.404,717.705,703.264,684.874,665.454,646.734,623.565,601.682,580.218,559.198,540.152,524.217,509.856,498.408,487.132,476.424,465.496,452.881,437.164,419.063,397.943,372.097,344.056,313.692,281.456,248.559,215.897,183.932,153.74,126.216,101.661,80.401,62.252,47.245,35.339,25.69,17.562,12.186,8.108,5.21,3.231
COL,2045,567.613,571.907,577.325,583.059,587.517,591.27,597.384,602.567,609.179,614.842,618.055,624.643,630.647,637.985,643.94,651.122,655.891,662.937,668.349,674.969,681.809,689.513,694.922,704.953,710.825,715.629,714.272,715.251,716.471,713.344,711.246,710.313,709.272,708.083,708.175,709.6,713.1,719.995,729.158,743.176,757.094,772.098,787.157,801.209,813.999,825.039,833.357,841.046,848.083,851.678,853.093,851.614,845.402,837.27,824.918,810.408,794.55,778.953,763.15,746.443,730.635,713.701,699.027,680.435,660.808,641.84,618.398,596.161,574.28,552.802,533.258,516.788,501.877,489.843,477.956,466.567,454.845,441.308,424.566,405.306,382.909,355.71,326.198,294.403,260.936,227.206,194.323,162.884,133.919,108.167,85.725,66.683,50.784,37.899,27.779,19.698,13.095,8.82,5.694,3.543
COL,2046,565.904,566.828,571.525,577.058,582.818,587.29,591.063,597.203,602.414,609.047,614.719,617.928,624.493,630.447,637.705,643.551,650.598,655.22,662.112,667.379,673.878,680.63,688.281,693.668,703.691,709.57,714.385,713.044,714.038,715.272,712.164,710.089,709.178,708.158,706.99,707.097,708.535,712.041,718.934,728.086,742.083,755.972,770.936,785.946,799.937,812.655,823.611,831.836,839.42,846.339,849.81,851.096,849.481,843.127,834.839,822.315,807.61,791.535,775.697,759.641,742.687,726.639,709.483,694.581,675.771,655.898,636.617,612.823,590.165,567.822,545.865,525.825,508.831,493.39,480.76,468.216,456.047,443.387,428.766,410.815,390.194,366.264,337.482,306.394,273.21,238.803,204.785,172.356,142.132,114.988,91.398,71.25,54.518,40.829,29.861,21.352,14.721,9.503,6.209,3.881
COL,2047,561.008,565.142,566.458,571.265,576.824,582.598,587.088,590.887,597.053,602.285,608.929,614.598,617.783,624.298,630.176,637.328,643.044,649.947,654.42,661.171,666.322,672.736,679.437,687.064,692.446,702.473,708.361,713.187,711.862,712.871,714.121,711.035,708.98,708.092,707.092,705.94,706.059,707.506,711.013,717.897,727.034,741.003,754.855,769.771,784.721,798.641,811.276,822.138,830.26,837.727,844.52,847.859,849.006,847.241,840.728,832.257,819.533,804.606,788.291,772.2,755.893,738.702,722.427,705.057,689.91,670.844,650.657,630.98,606.767,583.643,560.818,538.383,517.861,500.362,484.383,471.113,457.815,444.725,430.963,415.069,395.702,373.455,347.736,317.253,284.617,250.325,215.527,181.914,150.654,122.265,97.351,76.12,58.375,43.925,32.241,23.004,15.995,10.706,6.705,4.242
COL,2048,558.313,560.27,564.781,566.204,571.037,576.609,582.403,586.918,590.741,596.928,602.171,608.81,614.455,617.595,624.035,629.81,636.834,642.41,649.167,653.505,660.141,665.21,671.573,678.251,685.873,691.262,701.294,707.193,712.029,710.721,711.744,713.013,709.948,707.917,707.046,706.063,704.924,705.054,706.503,710.006,716.878,725.993,739.926,753.734,768.593,783.472,797.31,809.851,820.608,828.616,835.959,842.618,845.817,846.81,844.877,838.178,829.495,816.544,801.373,784.807,768.464,751.918,734.504,718.006,700.404,684.972,665.58,644.999,624.854,600.178,576.567,553.259,530.361,509.379,491.369,474.81,460.802,446.611,432.438,417.386,400.007,378.95,354.811,327.162,294.992,261.077,226.228,191.749,159.279,129.835,103.715,81.246,62.499,47.136,34.764,24.896,17.276,11.661,7.572,4.592
COL,2049,553.703,557.592,559.916,564.53,565.979,570.827,576.417,582.235,586.775,590.619,596.816,602.054,608.671,614.271,617.336,623.675,629.325,636.211,641.645,648.268,652.495,659.049,664.069,670.41,677.084,684.71,690.109,700.148,706.057,710.905,709.614,710.655,711.941,708.9,706.888,706.034,705.064,703.936,704.071,705.519,709.014,715.867,724.954,738.844,752.597,767.389,782.187,795.933,808.371,819.014,826.901,834.112,840.627,843.673,844.493,842.365,835.453,826.531,813.328,797.902,781.087,764.504,747.728,730.097,713.359,695.486,679.698,659.897,638.85,618.189,593.029,568.929,545.154,521.816,500.368,481.808,464.576,449.692,434.447,419.003,402.446,383.299,360.279,334.088,304.497,270.899,236.252,201.564,168.159,137.505,110.338,86.722,66.838,50.566,37.38,26.901,18.737,12.622,8.264,5.195
COL,2050,548.68,553,557.243,559.668,564.307,565.772,570.638,576.254,582.095,586.655,590.509,596.701,601.918,608.489,614.016,616.983,623.199,628.713,635.459,640.763,647.274,651.423,657.927,662.927,669.263,675.942,683.576,688.986,699.032,704.952,709.813,708.542,709.603,710.908,707.888,705.892,705.052,704.093,702.971,703.107,704.549,708.029,714.858,723.909,737.747,751.437,766.151,780.86,794.503,806.827,817.349,825.107,832.178,838.535,841.407,842.031,839.678,832.524,823.339,809.873,794.194,777.14,760.327,743.328,725.461,708.443,690.228,673.997,653.715,632.152,610.949,585.303,560.729,536.508,512.725,490.776,471.572,453.531,437.612,421.129,404.201,385.854,364.655,339.503,311.234,279.937,245.455,210.8,177.051,145.423,117.073,92.439,71.485,54.187,40.186,28.991,20.294,13.722,8.966,5.683
COL,2051,546.793,547.994,552.658,556.998,559.449,564.103,565.588,570.478,576.115,581.976,586.545,590.396,596.567,601.738,608.239,613.667,616.514,622.597,627.974,634.592,639.787,646.219,650.321,656.803,661.799,668.141,674.827,682.471,687.893,697.948,703.879,708.756,707.506,708.586,709.908,706.905,704.926,704.095,703.143,702.024,702.154,703.585,707.045,713.842,722.849,736.626,750.243,764.87,779.48,793.011,805.214,815.606,823.227,830.144,836.324,838.998,839.394,836.789,829.37,819.908,806.181,790.256,772.975,755.937,738.695,720.551,703.181,684.54,667.792,646.978,624.874,603.122,577.003,551.976,527.305,503.043,480.5,460.519,441.517,424.381,406.452,387.759,367.337,343.906,316.585,286.458,253.978,219.339,185.471,153.389,124.052,98.279,76.358,58.08,43.161,31.241,21.925,14.899,9.772,6.181
COL,2052,541.821,546.119,547.657,552.414,556.781,559.247,563.921,565.429,570.342,575.999,581.869,586.435,590.265,596.392,601.493,607.896,613.206,615.922,621.869,627.12,633.631,638.748,645.133,649.214,655.692,660.694,667.045,673.742,681.396,686.83,696.894,702.84,707.733,706.504,707.602,708.938,705.952,703.984,703.16,702.21,701.088,701.208,702.622,706.056,712.813,721.766,735.472,749.007,763.539,778.04,791.452,803.526,813.779,821.25,827.994,833.972,836.418,836.558,833.676,825.978,816.239,802.258,786.099,768.592,751.309,733.784,715.291,697.483,678.34,661.021,639.649,616.995,594.703,568.134,542.647,517.49,492.655,469.388,448.479,428.341,409.78,390.127,369.386,346.702,320.986,291.701,260.225,227.283,193.29,160.96,131.084,104.336,81.343,62.165,46.358,33.629,23.681,16.135,10.636,6.752
COL,2053,536.087,541.163,545.786,547.416,552.2,556.583,559.068,563.765,565.296,570.227,575.894,581.761,586.306,590.092,596.149,601.156,607.442,612.622,615.206,621.029,626.175,632.608,637.679,644.042,648.12,654.604,659.616,665.977,672.686,680.351,685.799,695.874,701.837,706.745,705.537,706.649,707.997,705.023,703.063,702.242,701.289,700.159,700.264,701.654,705.053,711.761,720.653,734.28,747.725,762.151,776.535,789.821,801.758,811.859,819.16,825.706,831.453,833.644,833.504,830.332,822.353,812.344,798.118,781.726,763.976,746.405,728.523,709.596,691.277,671.58,653.659,631.716,608.522,585.705,558.679,532.696,506.959,481.421,457.285,435.274,413.8,393.541,371.884,348.906,323.898,296.084,265.328,233.212,200.613,168.037,137.808,110.464,86.528,66.358,49.723,36.201,25.551,17.47,11.547,7.367
COL,2054,533.159,535.444,540.836,545.547,547.205,552.004,556.406,558.914,563.634,565.183,570.124,575.787,581.632,586.135,589.854,595.817,600.708,606.866,611.915,614.379,620.099,625.17,631.556,636.607,642.964,647.049,653.54,658.565,664.939,671.66,679.338,684.801,694.89,700.868,705.791,704.6,705.724,707.081,704.117,702.16,701.336,700.375,699.232,699.316,700.674,704.029,710.68,719.502,733.043,746.388,760.701,774.962,788.113,799.9,809.83,816.937,823.258,828.747,830.658,830.223,826.758,818.506,808.235,793.764,777.119,759.081,741.152,722.827,703.393,684.507,664.228,645.689,623.183,599.463,576.11,548.59,522.015,495.564,469.179,444.003,420.696,397.62,375.384,351.542,326.264,299.106,269.669,238.138,206.187,174.716,144.142,116.363,91.8,70.739,53.195,38.919,27.572,18.897,12.534,8.018
COL,2055,528.603,532.529,535.123,540.599,545.338,547.011,551.831,556.254,558.785,563.522,565.081,570.019,575.661,581.466,585.901,589.526,595.376,600.142,606.17,611.099,613.462,619.108,624.134,630.499,635.545,641.908,646.003,652.507,657.544,663.931,670.666,678.358,683.838,693.94,699.932,704.867,703.69,704.825,706.187,703.227,701.268,700.438,699.463,698.301,698.356,699.674,702.978,709.565,718.31,731.754,744.992,759.187,773.316,786.319,797.937,807.674,814.56,820.629,825.834,827.452,826.72,822.966,814.446,803.911,789.175,772.235,753.839,735.464,716.621,696.625,677.144,656.268,637.114,614.057,589.8,565.868,537.757,510.454,483.142,455.741,429.335,404.469,379.523,355.127,329.034,301.625,272.773,242.389,210.883,179.882,150.147,121.946,96.895,75.2,56.824,41.728,29.712,20.441,13.59,8.724
COL,2056,523.713,527.985,532.212,534.888,540.393,545.147,546.84,551.681,556.127,558.675,563.421,564.978,569.895,575.496,581.234,585.578,589.092,594.818,599.455,605.365,610.194,612.486,618.087,623.092,629.452,634.503,640.876,644.985,651.502,656.553,662.954,669.705,677.413,682.909,693.022,699.025,703.971,702.805,703.945,705.309,702.348,700.384,699.54,698.547,697.357,697.374,698.645,701.891,708.407,717.066,730.407,743.533,757.6,771.584,784.422,795.848,805.364,812.004,817.795,822.704,824.023,822.998,818.96,810.17,799.35,784.305,766.995,748.152,729.255,709.84,689.253,669.159,647.687,627.926,604.305,579.467,554.851,526.01,497.828,469.484,440.879,412.985,386.295,359.309,332.689,304.511,275.415,245.534,214.993,184.302,154.877,127.278,101.751,79.541,60.541,44.68,31.936,22.083,14.738,9.485
COL,2057,522.052,523.108,527.671,531.98,534.684,540.204,544.978,546.694,551.556,556.018,558.576,563.318,564.856,569.733,575.269,580.915,585.149,588.541,594.14,598.662,604.472,609.229,611.479,617.058,622.06,628.424,633.486,639.871,643.995,650.524,655.592,662.009,668.777,676.5,682.012,692.134,698.145,703.098,701.94,703.082,704.441,701.476,699.501,698.638,697.618,696.392,696.366,697.583,700.763,707.199,715.766,728.998,742.004,755.931,769.754,782.403,793.612,802.88,809.25,814.751,819.357,820.382,819.066,814.74,805.657,794.505,779.077,761.309,741.944,722.472,702.454,681.259,660.551,638.492,618.106,593.875,568.348,542.902,513.179,483.945,454.376,424.309,394.671,365.988,336.905,308.222,278.396,248.265,218.129,188.22,158.975,131.543,106.414,83.7,64.173,47.71,34.276,23.795,15.963,10.312
COL,2058,516.905,521.457,522.799,527.442,531.776,534.498,540.037,544.833,546.569,551.448,555.92,558.475,563.198,564.696,569.508,574.955,580.492,584.604,587.873,593.357,597.782,603.52,608.234,610.464,616.039,621.046,627.42,632.496,638.894,643.034,649.578,654.664,661.099,667.882,675.619,681.143,691.27,697.289,702.244,701.091,702.229,703.581,700.605,698.613,697.724,696.669,695.401,695.322,696.479,699.588,705.938,714.408,727.523,740.395,754.166,767.805,780.24,791.204,800.204,806.29,811.495,815.801,816.531,814.92,810.281,800.86,789.3,773.397,755.097,735.155,715.075,694.434,672.628,651.312,628.651,607.587,582.635,556.27,529.829,499.049,468.566,437.51,405.724,374.181,343.455,312.442,282.125,251.293,220.891,191.284,162.644,135.277,110.194,87.71,67.668,50.682,36.685,25.599,17.242,11.195
COL,2059,510.712,516.322,521.152,522.571,527.241,531.593,534.334,539.894,544.71,546.463,551.352,555.82,558.356,563.041,564.475,569.198,574.536,579.953,583.944,587.099,592.488,596.842,602.537,607.23,609.458,615.038,620.055,626.443,631.533,637.946,642.103,648.664,653.768,660.22,667.018,674.766,680.3,690.431,696.453,701.408,700.252,701.383,702.721,699.729,697.712,696.789,695.693,694.377,694.24,695.329,698.359,704.619,712.985,725.973,738.696,752.289,765.718,777.915,788.613,797.327,803.124,808.035,812.041,812.473,810.539,805.541,795.704,783.645,767.191,748.3,727.751,707.041,685.773,663.363,641.421,618.106,596.247,570.42,543.054,515.431,483.393,451.394,418.59,384.928,351.438,318.836,286.328,255.007,223.926,194.03,165.589,138.661,113.546,91.009,71.058,53.561,39.06,27.463,18.594,12.121
COL,2060,506.532,510.141,516.019,520.925,522.372,527.059,531.43,534.193,539.774,544.606,546.368,551.253,555.703,558.2,562.821,564.168,568.784,574.005,579.301,583.18,586.242,591.559,595.872,601.546,606.234,608.47,614.06,619.092,625.493,630.599,637.028,641.204,647.783,652.905,659.372,666.182,673.94,679.48,689.612,695.632,700.581,699.421,700.539,701.857,698.842,696.793,695.828,694.684,693.314,693.113,694.128,697.076,703.238,711.489,724.332,736.885,750.277,763.473,775.408,785.826,794.251,799.76,804.376,808.074,808.181,805.879,800.443,790.099,777.46,760.398,740.883,719.702,698.359,676.469,653.435,630.815,606.729,583.914,557.044,528.485,499.466,465.901,432.119,397.404,361.826,326.566,292.523,259.15,227.576,197.017,168.261,141.436,116.616,93.968,73.888,56.372,41.378,29.315,19.999,13.107
COL,2061,500.873,505.971,509.843,515.796,520.728,522.193,526.899,531.29,534.073,539.67,544.512,546.271,551.138,555.549,557.984,562.518,563.759,568.26,573.36,578.546,582.33,585.325,590.6,594.892,600.562,605.257,607.504,613.108,618.155,624.572,629.695,636.142,640.337,646.934,652.072,658.552,665.372,673.135,678.681,688.809,694.822,699.761,698.59,699.69,700.982,697.935,695.848,694.836,693.638,692.205,691.936,692.873,695.731,701.787,709.907,722.586,734.947,748.113,761.054,772.715,782.846,790.982,796.201,800.515,803.879,803.613,800.864,794.897,783.965,770.687,752.98,732.818,710.999,689.024,666.491,642.779,619.36,594.344,570.398,542.287,512.319,481.614,446.252,410.52,373.853,336.542,299.954,265.102,231.615,200.554,171.15,143.986,119.182,96.702,76.449,58.747,43.652,31.13,21.4,14.133
COL,2062,496.067,500.324,505.677,509.621,515.6,520.549,522.034,526.761,531.172,533.972,539.577,544.415,546.157,550.986,555.335,557.683,562.113,563.24,567.623,572.613,577.706,581.424,584.378,589.633,593.92,599.595,604.301,606.565,612.184,617.248,623.681,628.823,635.288,639.502,646.115,651.267,657.757,664.585,672.352,677.897,688.016,694.019,698.943,697.756,698.829,700.086,697.004,694.871,693.806,692.548,691.049,690.705,691.559,694.32,700.253,708.224,720.717,732.864,745.785,758.458,769.837,779.682,787.526,792.448,796.433,799.416,798.699,795.41,788.831,777.252,763.295,744.916,724.097,701.643,679.014,655.781,631.273,606.891,580.768,555.484,525.911,494.242,461.561,424.232,386.502,348.064,309.465,272.189,237.28,204.44,174.524,146.727,121.564,99.028,78.839,60.918,45.598,32.92,22.782,15.161
COL,2063,492.332,495.527,500.033,505.456,509.427,515.424,520.393,521.898,526.645,531.072,533.879,539.482,544.302,546.007,550.774,555.038,557.284,561.599,562.611,566.885,571.784,576.81,580.487,583.421,588.672,592.965,598.65,603.371,605.652,611.288,616.37,622.822,627.983,634.466,638.698,645.324,650.488,656.986,663.818,671.583,677.124,687.23,693.218,698.121,696.911,697.952,699.167,696.042,693.858,692.734,691.411,689.842,689.418,690.18,692.827,698.622,706.424,718.709,730.622,743.284,755.683,766.781,776.337,783.88,788.479,792.089,794.612,793.353,789.444,782.189,769.92,755.254,736.193,714.715,691.604,668.263,644.209,618.739,593.216,565.783,538.927,507.593,473.928,439.079,399.734,360.186,320.421,281.183,243.976,209.775,178.213,149.896,124.118,101.21,80.905,62.964,47.395,34.473,24.152,16.181
COL,2064,486.111,491.802,495.24,499.813,505.264,509.253,515.269,520.258,521.784,526.545,530.981,533.786,539.37,544.154,545.798,550.48,554.642,556.775,560.975,561.88,566.065,570.898,575.882,579.54,582.471,587.726,592.032,597.732,602.468,604.769,610.422,615.523,621.994,627.174,633.674,637.921,644.558,649.731,656.235,663.066,670.826,676.359,686.446,692.414,697.287,696.048,697.048,698.218,695.043,692.803,691.614,690.222,688.577,688.065,688.72,691.238,696.873,704.486,716.546,728.212,740.609,752.733,763.545,772.802,780.018,784.245,787.403,789.374,787.492,782.895,774.92,761.929,746.536,726.786,704.626,680.797,656.62,631.574,604.96,578.085,549.109,520.366,486.963,451.106,414.014,372.831,331.91,291.47,252.359,215.997,183.139,153.311,127.011,103.514,82.837,64.738,49.087,35.907,25.345,17.19
COL,2065,484.187,485.59,491.517,495.022,499.623,505.092,509.1,515.136,520.144,521.685,526.455,530.888,533.675,539.223,543.946,545.507,550.087,554.137,556.158,560.252,561.069,565.188,569.981,574.944,578.597,581.535,586.803,591.124,596.839,601.594,603.915,609.587,614.708,621.198,626.396,632.909,637.169,643.815,648.994,655.498,662.325,670.076,675.596,685.659,691.598,696.437,695.161,696.116,697.231,694.003,691.701,690.444,688.977,687.247,686.633,687.166,689.537,694.992,702.399,714.22,725.635,737.764,749.608,760.125,769.055,775.896,779.679,782.294,783.631,781.06,775.73,766.997,753.264,737.136,716.67,693.764,669.09,643.905,617.684,589.717,561.252,530.422,499.469,463.794,425.668,386.491,343.92,302.281,261.944,223.748,188.871,157.815,130.137,106.126,84.889,66.423,50.583,37.274,26.462,18.082
COL,2066,477.984,483.673,485.308,491.301,494.833,499.453,504.941,508.969,515.023,520.047,521.596,526.363,530.78,533.53,539.018,543.658,545.119,549.589,553.525,555.441,559.447,560.202,564.281,569.053,574.012,577.672,580.623,585.905,590.242,595.976,600.749,603.092,608.785,613.926,620.432,625.645,632.17,636.441,643.092,648.274,654.774,661.593,669.329,674.829,684.863,690.766,695.563,694.245,695.148,696.205,692.918,690.55,689.22,687.669,685.841,685.109,685.502,687.706,692.968,700.158,711.735,722.894,734.753,746.306,756.501,765.059,771.452,774.701,776.692,777.33,774.021,767.919,758.405,743.918,727.022,705.775,681.996,656.304,629.924,602.314,572.756,542.386,509.381,475.998,437.968,397.73,356.901,313.605,272.036,232.599,195.969,163.039,134.208,108.948,87.209,68.218,52.021,38.505,27.54,18.928
COL,2067,473.772,477.48,483.394,485.094,491.113,494.665,499.304,504.811,508.857,514.927,519.958,521.506,526.256,530.636,533.328,538.734,543.274,544.625,548.983,552.816,554.646,558.587,559.304,563.364,568.131,573.096,576.768,579.735,585.034,589.39,595.143,599.937,602.302,608.014,613.173,619.694,624.92,631.454,635.733,642.385,647.565,654.057,660.864,668.581,674.055,684.05,689.912,694.662,693.296,694.141,695.135,691.784,689.346,687.933,686.286,684.345,683.479,683.715,685.738,690.795,697.764,709.095,719.996,731.573,742.81,752.637,760.749,766.607,769.243,770.546,770.436,766.349,759.45,749.138,733.864,716.13,693.97,669.14,642.244,614.454,585.212,553.744,521.142,485.748,449.83,409.589,367.669,325.839,282.613,241.923,204.05,169.456,138.9,112.566,89.706,70.233,53.548,39.694,28.519,19.748
COL,2068,469.907,473.276,477.204,483.181,484.908,490.946,494.518,499.175,504.701,508.763,514.84,519.869,521.399,526.114,530.435,533.047,538.353,542.784,544.025,548.281,552.027,553.794,557.697,558.395,562.45,567.224,572.201,575.89,578.874,584.192,588.568,594.341,599.156,601.541,607.273,612.447,618.98,624.218,630.758,635.04,641.69,646.863,653.346,660.133,667.822,673.264,683.216,689.03,693.726,692.307,693.091,694.016,690.597,688.08,686.572,684.814,682.743,681.725,681.789,683.623,688.473,695.218,706.298,716.931,728.2,739.074,748.462,756.043,761.286,763.245,763.812,762.91,758.018,750.3,739.152,723.017,704.31,681.053,654.981,626.662,597.216,566.019,532.313,497.253,459.368,421.04,379.012,336.06,294.023,251.694,212.563,176.74,144.623,116.718,92.868,72.398,55.258,40.96,29.476,20.506
COL,2069,466.324,469.419,473.003,476.992,482.996,484.743,490.8,494.391,499.067,504.607,508.676,514.751,519.764,521.259,525.916,530.156,532.669,537.868,542.189,543.33,547.499,551.184,552.913,556.796,557.492,561.553,566.339,571.331,575.038,578.043,583.379,587.778,593.571,598.406,600.812,606.558,611.746,618.29,623.535,630.077,634.359,641.003,646.167,652.632,659.395,667.051,672.454,682.355,688.117,692.753,691.277,691.994,692.846,689.35,686.742,685.125,683.238,681.022,679.84,679.724,681.365,686.006,692.525,703.344,713.682,724.6,735.043,743.907,750.88,755.446,756.681,756.468,754.744,749.023,740.446,728.386,711.252,691.382,666.836,639.298,609.308,577.878,544.389,508.221,470.593,430.344,390.009,346.837,303.65,262.238,221.495,184.421,151.104,121.748,96.477,75.103,57.085,42.364,30.486,21.243
COL,2070,463.058,465.842,469.149,472.793,476.81,482.832,484.599,490.675,494.283,498.973,504.521,508.589,514.647,519.624,521.062,525.639,529.782,532.189,537.279,541.499,542.556,546.663,550.308,552.019,555.898,556.602,560.676,565.477,570.488,574.214,577.24,582.598,587.017,592.831,597.685,600.11,605.869,611.069,617.619,622.867,629.409,633.686,640.321,645.469,651.909,658.642,666.258,671.618,681.463,687.165,691.738,690.199,690.845,691.616,688.032,685.317,683.574,681.543,679.169,677.814,677.515,678.963,683.39,689.674,700.207,710.208,720.706,730.636,738.9,745.201,749.039,749.505,748.479,745.906,739.313,729.797,716.681,698.356,677.119,651.051,621.793,589.8,556.044,520.031,481.285,441.206,398.996,357.284,313.766,271.185,231.106,192.468,157.926,127.419,100.814,78.171,59.34,43.86,31.602,22.022
COL,2071,459.618,462.583,465.573,468.94,472.612,476.647,482.689,484.475,490.568,494.191,498.888,504.435,508.486,514.509,519.429,520.789,525.269,529.306,531.606,536.595,540.732,541.728,545.797,549.422,551.131,555.016,555.734,559.824,564.643,569.673,573.421,576.469,581.849,586.29,592.121,596.992,599.432,605.203,610.411,616.965,622.213,628.749,633.019,639.636,644.763,651.174,657.869,665.442,670.752,680.536,686.174,690.679,689.073,689.639,690.315,686.628,683.793,681.908,679.722,677.18,675.65,675.169,676.421,680.627,686.651,696.856,706.454,716.454,725.797,733.4,738.979,742.045,741.708,739.844,736.375,728.831,718.23,703.86,684.139,661.299,633.45,602.135,567.795,531.479,492.821,451.615,409.48,365.94,323.639,280.622,239.364,201.153,165.106,133.414,105.712,81.853,61.901,45.7,32.799,22.886
COL,2072,456.598,459.149,462.318,465.366,468.76,472.45,476.506,482.566,484.37,490.477,494.107,498.803,504.332,508.349,514.316,519.157,520.422,524.796,528.727,530.929,535.835,539.91,540.869,544.918,548.54,550.255,554.153,554.89,558.999,563.839,568.889,572.658,575.73,581.13,585.591,591.439,596.324,598.777,604.557,609.768,616.322,621.566,628.095,632.351,638.947,644.046,650.421,657.074,664.596,669.852,679.568,685.139,689.569,687.889,688.363,688.931,685.126,682.153,680.114,677.764,675.055,673.35,672.684,673.73,677.691,683.416,693.229,702.349,711.778,720.471,727.364,732.176,734.432,733.267,730.516,726.07,717.426,705.542,689.707,668.349,643.635,613.661,579.937,543.012,504.007,462.811,419.535,375.964,331.887,289.842,248.055,208.668,172.842,139.722,110.89,86,64.953,47.778,34.253,23.808
COL,2073,452.439,456.135,458.886,462.111,465.186,468.6,472.311,476.384,482.462,484.28,490.394,494.022,498.703,504.198,508.159,514.047,518.793,519.953,524.223,528.055,530.175,535.02,539.057,539.999,544.044,547.672,549.401,553.316,554.073,558.202,563.062,568.134,571.927,575.021,580.441,584.918,590.78,595.679,598.143,603.926,609.139,615.689,620.926,627.439,631.676,638.244,643.31,649.644,656.25,663.717,668.914,678.558,684.056,688.403,686.636,687.004,687.447,683.51,680.387,678.188,675.673,672.795,670.913,670.051,670.871,674.548,679.912,689.26,697.831,706.629,714.624,720.76,724.766,726.184,724.142,720.421,714.847,704.904,691.522,673.973,650.703,623.757,591.294,554.913,515.271,473.678,430.322,385.595,341.378,297.613,256.565,216.568,179.584,146.511,116.336,90.383,68.383,50.242,35.891,24.922
COL,2074,447.579,451.984,455.874,458.681,461.933,465.028,468.461,472.19,476.281,482.372,484.198,490.31,493.923,498.569,504.009,507.892,513.686,518.328,519.384,523.556,527.308,529.368,534.174,538.192,539.131,543.183,546.824,548.571,552.505,553.284,557.435,562.317,567.412,571.226,574.342,579.777,584.271,590.145,595.052,597.523,603.308,608.518,615.06,620.285,626.778,630.99,637.525,642.553,648.842,655.394,662.8,667.933,677.502,682.917,687.17,685.303,685.55,685.854,681.772,678.495,676.132,673.451,670.402,668.334,667.256,667.812,671.148,676.082,684.897,692.862,700.982,708.234,713.574,716.745,717.275,714.273,709.437,702.536,691.079,675.948,656.404,630.861,601.31,566.102,526.923,484.658,440.849,395.946,350.556,306.542,263.832,224.351,186.694,152.493,122.216,95.012,72.022,53.015,37.831,26.177
COL,2075,444.339,447.131,451.725,455.669,458.503,461.775,464.891,468.342,472.087,476.192,482.291,484.114,490.211,493.791,498.382,503.744,507.534,513.225,517.763,518.723,522.815,526.507,528.53,533.317,537.332,538.278,542.342,546.002,547.768,551.724,552.525,556.699,561.604,566.721,570.556,573.689,579.14,583.646,589.529,594.443,596.917,602.7,607.904,614.433,619.64,626.106,630.289,636.785,641.77,648.008,654.503,661.845,666.91,676.393,681.714,685.859,683.876,683.987,684.139,679.907,676.473,673.947,671.097,667.869,665.591,664.263,664.499,667.425,671.867,680.093,687.406,694.802,701.271,705.783,708.068,707.627,703.52,697.37,688.925,675.702,658.539,636.627,608.435,576.007,537.902,496.013,451.495,406.074,360.411,315.211,272.148,231.071,193.727,158.808,127.444,100.015,75.875,55.964,40.015,27.66
COL,2076,441.305,443.896,446.874,451.522,455.494,458.347,461.639,464.773,468.24,471.999,476.111,482.209,484.017,490.08,493.605,498.12,503.39,507.077,512.664,517.108,517.988,522.02,525.674,527.68,532.463,536.483,537.444,541.526,545.205,546.994,550.971,551.797,555.995,560.922,566.058,569.912,573.062,578.526,583.042,588.93,593.847,596.321,602.097,607.291,613.801,618.983,625.419,629.566,636.019,640.957,647.14,653.574,660.847,665.835,675.22,680.434,684.454,682.343,682.305,682.3,677.915,674.324,671.631,668.604,665.175,662.655,661.021,660.87,663.328,667.223,674.815,681.432,688.065,693.719,697.352,698.666,697.107,691.7,684.02,673.774,658.5,638.927,614.259,583.134,547.657,506.726,462.48,416.305,370.055,324.481,280.226,238.702,199.836,165.056,132.947,104.485,80.028,59.081,42.332,29.322
COL,2077,436.933,440.868,443.641,446.672,451.346,455.339,458.212,461.522,464.672,468.153,471.92,476.03,482.112,483.888,489.896,493.346,497.768,502.936,506.522,512.014,516.377,517.201,521.195,524.831,526.833,531.622,535.656,536.636,540.737,544.437,546.249,550.25,551.102,555.321,560.269,565.423,569.293,572.456,577.931,582.454,588.345,593.26,595.731,601.496,606.673,613.159,618.312,624.712,628.821,635.225,640.111,646.235,652.603,659.798,664.699,673.972,679.063,682.945,680.695,680.503,680.336,675.8,672.048,669.179,665.953,662.289,659.472,657.469,656.874,658.813,662.122,669.037,674.92,680.759,685.545,688.216,688.415,685.545,678.624,669.166,656.833,639.133,616.76,589.043,554.808,516.336,472.919,426.902,379.85,333.624,288.9,246.182,206.79,170.568,138.444,109.224,83.794,62.466,44.804,31.103
COL,2078,434.642,436.5,440.615,443.441,446.498,451.193,455.204,458.096,461.422,464.586,468.074,471.839,475.934,481.983,483.704,489.639,492.996,497.318,502.384,505.877,511.29,515.595,516.382,520.358,523.99,526,530.802,534.853,535.854,539.976,543.699,545.536,549.56,550.437,554.677,559.642,564.812,568.696,571.871,577.353,581.879,587.769,592.68,595.143,600.891,606.046,612.503,617.623,623.982,628.047,634.4,639.229,645.29,651.583,658.69,663.489,672.636,677.591,681.323,678.925,678.578,678.25,673.557,669.635,666.57,663.111,659.159,655.984,653.554,652.47,653.85,656.534,662.732,667.85,672.842,676.678,678.243,677.134,672.737,664.056,652.532,637.735,617.214,591.737,560.772,523.465,482.309,436.977,389.963,342.885,297.444,254.174,213.599,176.789,143.312,113.95,87.768,65.543,47.475,32.995
COL,2079,431.818,434.215,436.25,440.415,443.267,446.346,451.06,455.089,457.997,461.336,464.507,467.994,471.745,475.807,481.802,483.45,489.292,492.55,496.771,501.744,505.159,510.513,514.781,515.551,519.524,523.162,525.186,530.005,534.076,535.1,539.246,542.993,544.854,548.901,549.8,554.059,559.041,564.224,568.12,571.304,576.788,581.315,587.2,592.1,594.551,600.278,605.405,611.829,616.911,623.226,627.241,633.539,638.308,644.298,650.506,657.511,662.195,671.201,676.006,679.582,677.038,676.531,676.037,671.179,667.066,663.771,660.027,655.725,652.138,649.238,647.628,648.411,650.433,655.884,660.186,664.25,666.995,667.263,664.636,658.468,647.745,633.785,616.128,592.483,563.697,529.502,489.421,446.133,399.651,352.488,306.152,262.108,220.906,182.937,148.824,118.203,91.774,68.819,49.944,35.058
COL,2080,427.114,431.397,433.965,436.051,440.243,443.116,446.214,450.945,454.991,457.912,461.258,464.428,467.9,471.618,475.628,481.548,483.105,488.848,492.007,496.137,501.032,504.389,509.707,513.956,514.723,518.702,522.354,524.396,529.236,533.329,534.377,538.547,542.317,544.203,548.271,549.191,553.466,558.463,563.657,567.56,570.749,576.233,580.756,586.633,591.519,593.951,599.652,604.747,611.134,616.173,622.439,626.404,632.641,637.343,643.25,649.361,656.25,660.806,669.659,674.31,677.726,675.032,674.364,673.694,668.651,664.314,660.735,656.645,651.943,647.899,644.494,642.322,642.476,643.809,648.464,651.872,654.87,656.337,655.103,650.712,642.49,629.36,612.571,591.741,564.754,532.655,495.497,453.17,408.489,361.696,315.15,270.171,228.15,189.497,154.258,122.971,95.383,72.107,52.55,36.961
COL,2081,424.684,426.698,431.149,433.768,435.88,440.092,442.984,446.1,450.848,454.907,457.835,461.18,464.334,467.775,471.439,475.375,481.206,482.666,488.31,491.376,495.429,500.267,503.588,508.887,513.132,513.908,517.9,521.57,523.633,528.495,532.612,533.684,537.879,541.672,543.58,547.668,548.606,552.896,557.903,563.106,567.014,570.204,575.685,580.201,586.063,590.93,593.338,599.009,604.069,610.413,615.406,621.62,625.528,631.698,636.321,642.134,648.134,654.894,659.311,668.004,672.497,675.75,672.904,672.063,671.195,665.933,661.32,657.398,652.91,647.764,643.229,639.283,636.517,636.015,636.612,640.392,642.77,644.519,644.504,641.522,635.087,624.445,608.518,588.589,564.357,534.013,498.848,459.226,415.378,370.136,323.802,278.502,235.521,196.021,160.06,127.694,99.428,75.101,55.185,38.983
COL,2082,421.676,424.272,426.452,430.951,433.597,435.73,439.962,442.872,446.004,450.764,454.83,457.756,461.087,464.21,467.598,471.189,475.036,480.769,482.131,487.683,490.674,494.67,499.472,502.775,508.07,512.322,513.111,517.122,520.813,522.9,527.784,531.924,533.023,537.24,541.057,542.984,547.089,548.043,552.347,557.361,562.568,566.479,569.667,575.14,579.644,585.486,590.328,592.71,598.346,603.366,609.665,614.609,620.765,624.61,630.701,635.236,640.94,646.817,653.438,657.71,666.24,670.572,673.658,670.649,669.614,668.513,662.982,658.035,653.72,648.791,643.167,638.108,633.593,630.209,629.006,628.797,631.569,632.742,633.045,631.307,626.306,617.466,604.019,584.99,561.696,534.031,500.558,462.804,421.418,376.866,331.826,286.58,243.173,202.697,165.871,132.757,103.466,78.465,57.615,41.041
COL,2083,420.886,421.269,424.028,426.255,430.782,433.448,435.601,439.851,442.776,445.92,450.688,454.752,457.665,460.963,464.034,467.349,470.853,474.603,480.237,481.51,486.986,489.922,493.881,498.665,501.964,507.265,511.53,512.34,516.371,520.085,522.196,527.104,531.27,532.393,536.631,540.468,542.414,546.535,547.502,551.814,556.834,562.042,565.951,569.134,574.595,579.08,584.898,589.713,592.063,597.66,602.638,608.887,613.777,619.869,623.642,629.644,634.075,639.66,645.404,651.879,656.004,664.367,668.532,671.44,668.247,666.984,665.601,659.743,654.412,649.66,644.259,638.125,632.513,627.405,623.362,621.391,620.25,621.845,621.621,620.243,616.517,609.142,597.518,580.958,558.602,531.907,501.015,464.866,425.196,382.842,338.339,294.133,250.636,209.646,171.838,137.853,107.801,81.84,60.342,42.957
COL,2084,416.465,420.482,421.026,423.833,426.087,430.634,433.32,435.491,439.756,442.694,445.845,450.612,454.661,457.542,460.789,463.787,467.014,470.422,474.074,479.619,480.817,486.238,489.137,493.08,497.859,501.166,506.48,510.763,511.595,515.648,519.387,521.523,526.456,530.644,531.791,536.05,539.902,541.866,545.999,546.978,551.295,556.317,561.524,565.427,568.599,574.041,578.505,584.296,589.079,591.395,596.949,601.88,608.076,612.905,618.924,622.613,628.512,632.829,638.286,643.89,650.217,654.19,662.381,666.369,669.076,665.667,664.126,662.401,656.167,650.411,645.191,639.285,632.613,626.425,620.685,615.918,613.057,610.823,611.053,609.206,605.887,599.825,589.701,574.987,555.082,529.357,499.448,465.753,427.575,386.763,344.184,300.363,257.66,216.449,178.055,143.098,112.183,85.469,63.095,45.109
COL,2085,413.682,416.066,420.24,420.831,423.665,425.941,430.507,433.21,435.396,439.674,442.619,445.768,450.521,454.539,457.369,460.544,463.455,466.587,469.898,473.461,478.931,480.075,485.459,488.342,492.28,497.066,500.387,505.719,510.023,510.878,514.956,518.72,520.881,525.838,530.049,531.217,535.493,539.361,541.339,545.481,546.467,550.788,555.808,561.009,564.901,568.058,573.479,577.917,583.676,588.423,590.701,596.209,601.09,607.225,611.984,617.918,621.511,627.297,631.492,636.814,642.276,648.451,652.268,660.273,664.062,666.534,662.86,660.983,658.866,652.215,646.002,640.281,633.84,626.608,619.806,613.37,607.763,603.854,600.349,598.994,595.272,589.675,580.912,567.736,549.698,526.395,497.474,464.756,428.874,389.417,348.189,306.008,263.54,222.896,184.168,148.569,116.702,89.149,66.053,47.287
COL,2086,409.912,413.286,415.826,420.046,420.664,423.519,425.814,430.397,433.116,435.315,439.599,442.543,445.679,450.4,454.367,457.125,460.213,463.029,466.064,469.288,472.778,478.193,479.301,484.667,487.547,491.492,496.292,499.631,504.984,509.312,510.193,514.296,518.083,520.27,525.249,529.479,530.667,534.959,538.841,540.828,544.977,545.968,550.288,555.303,560.493,564.37,567.508,572.903,577.311,583.035,587.742,589.979,595.438,600.262,606.326,611.005,616.843,620.329,625.993,630.059,635.243,640.559,646.576,650.226,658.023,661.578,663.766,659.769,657.507,654.956,647.857,641.155,634.902,627.905,620.073,612.594,605.35,598.75,593.624,588.639,585.45,579.525,571.293,559.526,543.065,521.635,495.082,463.346,428.408,391.061,351.034,310.008,268.904,228.356,189.988,153.964,121.418,92.951,69.064,49.633
COL,2087,405.485,409.521,413.047,415.632,419.881,420.52,423.392,425.705,430.304,433.035,435.24,439.524,442.454,445.559,450.228,454.124,456.797,459.79,462.511,465.459,468.608,472.045,477.423,478.516,483.878,486.765,490.724,495.541,498.902,504.278,508.63,509.538,513.666,517.478,519.687,524.686,528.935,530.14,534.444,538.337,540.332,544.483,545.477,549.792,554.798,559.972,563.829,566.945,572.311,576.685,582.37,587.035,589.227,594.63,599.387,605.371,609.957,615.687,619.06,624.595,628.53,633.573,638.737,644.585,648.045,655.601,658.872,660.718,656.351,653.661,650.643,643.065,635.844,629.037,621.444,612.954,604.686,596.485,588.729,582.183,575.485,570.145,561.672,550.509,535.504,515.68,490.989,461.538,427.551,391.088,352.962,312.972,272.821,233.371,194.973,159.123,126.076,96.912,72.172,52.017
COL,2088,403.42,405.099,409.284,412.855,415.467,419.736,420.394,423.285,425.612,430.223,432.962,435.165,439.436,442.335,445.389,449.988,453.798,456.375,459.274,461.908,464.784,467.879,471.28,476.641,477.731,483.099,486,489.978,494.818,498.203,503.602,507.979,508.914,513.066,516.9,519.132,524.149,528.413,529.632,533.948,537.847,539.848,544,544.99,549.296,554.288,559.442,563.278,566.366,571.699,576.037,581.679,586.299,588.439,593.776,598.457,604.35,608.833,614.447,617.7,623.105,626.905,631.802,636.804,642.459,645.698,652.961,655.892,657.346,652.568,649.42,645.899,637.813,630.052,622.652,614.403,605.142,595.941,586.623,577.518,569.328,560.618,552.791,541.488,527.167,508.844,485.775,458.153,426.34,390.774,353.453,315.142,275.855,237.161,199.61,163.618,130.579,100.86,75.43,54.498
COL,2089,400.972,403.037,404.863,409.093,412.69,415.323,419.611,420.287,423.193,425.532,430.15,432.887,435.078,439.317,442.166,445.149,449.662,453.379,455.862,458.675,461.237,464.059,467.12,470.504,475.861,476.958,482.34,485.26,489.26,494.123,497.533,502.958,507.36,508.321,512.496,516.351,518.602,523.633,527.912,529.143,533.466,537.369,539.371,543.52,544.504,548.796,553.769,558.901,562.71,565.768,571.064,575.364,580.96,585.527,587.608,592.87,597.464,603.255,607.628,613.121,616.251,621.522,625.183,629.921,634.738,640.171,643.14,650.056,652.597,653.616,648.398,644.754,640.701,632.086,623.745,615.691,606.675,596.503,586.213,575.59,564.92,554.796,543.758,533.167,518.813,501.25,479.71,453.699,423.65,390.115,353.614,316.013,278.177,240.176,203.196,167.82,134.541,104.692,78.687,57.098
COL,2090,396.424,400.593,402.803,404.672,408.928,412.547,415.199,419.504,420.195,423.113,425.46,430.077,432.8,434.961,439.149,441.927,444.826,449.246,452.869,455.267,458.007,460.516,463.304,466.348,469.728,475.091,476.204,481.605,484.548,488.571,493.459,496.895,502.345,506.772,507.756,511.952,515.826,518.093,523.139,527.429,528.669,532.995,536.9,538.9,543.04,544.013,548.289,553.24,558.345,562.124,565.15,570.407,574.662,580.207,584.713,586.725,591.901,596.398,602.08,606.338,611.706,614.712,619.843,623.353,627.912,632.513,637.674,640.322,646.838,648.949,649.499,643.806,639.639,635.026,625.842,616.862,608.046,598.124,586.885,575.32,563.185,550.673,538.314,524.692,511.122,493.635,472.922,448.448,419.973,388.113,353.479,316.607,279.375,242.596,206.148,171.172,138.295,108.125,81.884,59.725
COL,2091,392.038,396.048,400.359,402.611,404.509,408.786,412.424,415.093,419.413,420.117,423.041,425.387,429.99,432.683,434.794,438.912,441.606,444.412,448.738,452.276,454.603,457.29,459.765,462.536,465.576,468.964,474.341,475.474,480.897,483.864,487.913,492.826,496.288,501.763,506.212,507.218,511.433,515.324,517.607,522.664,526.961,528.206,532.534,536.436,538.43,542.558,543.517,547.771,552.696,557.772,561.519,564.508,569.723,573.929,579.413,583.848,585.782,590.863,595.256,600.823,604.964,610.206,613.081,618.061,621.4,625.749,630.089,634.927,637.204,643.28,644.925,644.971,638.776,634.058,628.846,619.034,609.308,599.59,588.606,576.121,563.079,549.16,534.518,519.677,503.272,486.635,466.097,442.493,415.531,385.174,352.093,316.904,280.294,244.006,208.558,173.96,141.322,111.365,84.747,62.287
COL,2092,389.868,391.668,395.816,400.17,402.449,404.367,408.663,412.318,415.003,419.334,420.044,422.969,425.301,429.874,432.518,434.558,438.592,441.194,443.908,448.15,451.615,453.89,456.543,459.001,461.769,464.817,468.219,473.616,474.771,480.218,483.21,487.285,492.225,495.712,501.209,505.679,506.705,510.937,514.843,517.137,522.202,526.504,527.752,532.079,535.973,537.956,542.069,543.01,547.241,552.138,557.181,560.891,563.841,569.008,573.157,578.572,582.926,584.771,589.751,594.035,599.486,603.506,608.617,611.35,616.158,619.295,623.391,627.417,631.884,633.752,639.352,640.495,640.004,633.282,627.974,622.099,611.556,600.945,590.172,577.948,564.016,549.233,533.254,516.251,498.743,479.484,459.856,436.514,410.448,381.552,349.886,316.114,280.993,245.216,210.149,176.345,143.941,114.078,87.515,64.648
COL,2093,386.342,389.5,391.436,395.627,400.007,402.308,404.246,408.558,412.229,414.924,419.263,419.973,422.883,425.185,429.709,432.282,434.24,438.183,440.692,443.322,447.492,450.906,453.146,455.783,458.239,461.014,464.076,467.498,472.917,474.097,479.569,482.588,486.689,491.653,495.164,500.682,505.172,506.216,510.462,514.38,516.683,521.753,526.057,527.306,531.624,535.508,537.478,541.571,542.491,546.694,551.56,556.568,560.24,563.144,568.253,572.336,577.671,581.937,583.689,588.562,592.735,598.066,601.96,606.926,609.497,614.104,616.997,620.786,624.455,628.51,629.937,635.022,635.631,634.574,627.284,621.322,614.678,603.264,591.618,579.61,565.946,550.309,533.512,515.249,495.708,475.465,453.432,431.04,405.299,377.296,347.012,314.542,280.687,246.197,211.537,178.01,146.202,116.442,89.855,66.925
COL,2094,383.469,385.977,389.27,391.249,395.465,399.867,402.187,404.141,408.469,412.151,414.854,419.191,419.887,422.768,425.021,429.475,431.966,433.832,437.683,440.109,442.668,446.787,450.166,452.39,455.025,457.486,460.276,463.359,466.804,472.246,473.453,478.952,481.997,486.123,491.111,494.643,500.18,504.687,505.748,510.005,513.931,516.241,521.312,525.615,526.859,531.168,535.036,536.989,541.06,541.957,546.13,550.961,555.929,559.557,562.408,567.452,571.459,576.706,580.876,582.53,587.294,591.353,596.559,600.315,605.116,607.498,611.859,614.458,617.898,621.168,624.78,625.73,630.264,630.308,628.64,620.724,614,606.444,594.011,581.152,567.71,552.348,534.736,515.706,494.987,472.846,449.941,425.357,400.579,372.938,343.517,312.333,279.65,246.266,212.696,179.472,147.841,118.494,91.902,68.86
COL,2095,380.144,383.108,385.749,389.083,391.088,395.327,399.747,402.084,404.053,408.392,412.08,414.782,419.106,419.773,422.605,424.789,429.16,431.56,433.335,437.103,439.459,441.966,446.051,449.414,451.634,454.276,456.753,459.564,462.669,466.139,471.606,472.841,478.366,481.437,485.586,490.595,494.147,499.702,504.223,505.296,509.563,513.495,515.809,520.878,525.176,526.411,530.706,534.557,536.489,540.535,541.405,545.546,550.34,555.264,558.838,561.63,566.598,570.522,575.674,579.745,581.299,585.951,589.891,594.958,598.558,603.167,605.317,609.386,611.647,614.701,617.542,620.676,621.116,625.068,624.504,622.163,613.514,605.891,597.27,583.643,569.378,554.247,536.925,517.127,495.701,472.472,447.813,422.465,395.704,369.018,339.976,309.606,278.091,245.739,213.115,180.789,149.356,120.086,93.742,70.605
COL,2096,377.075,379.786,382.881,385.562,388.923,390.949,395.206,399.644,401.996,403.977,408.322,412.01,414.698,418.993,419.61,422.374,424.475,428.756,431.065,432.757,436.455,438.76,441.234,445.301,448.662,450.891,453.547,456.044,458.878,462.009,465.504,470.999,472.261,477.809,480.905,485.077,490.105,493.675,499.244,503.778,504.861,509.134,513.069,515.383,520.447,524.734,525.958,530.235,534.067,535.975,539.993,540.835,544.94,549.69,554.561,558.076,560.797,565.684,569.518,574.571,578.54,579.992,584.526,588.335,593.247,596.661,601.035,602.906,606.64,608.529,611.164,613.542,616.162,616.064,619.387,618.151,615.026,605.51,596.835,586.969,571.956,556.034,538.952,519.456,497.313,473.437,447.779,420.818,393.389,364.913,336.795,306.805,276.039,244.727,212.996,181.461,150.742,121.573,95.218,72.195
COL,2097,373.928,376.721,379.56,382.695,385.403,388.785,390.83,395.105,399.556,401.919,403.906,408.252,411.926,414.585,418.831,419.381,422.061,424.073,428.263,430.489,432.113,435.759,438.032,440.489,444.554,447.921,450.165,452.841,455.362,458.221,461.379,464.901,470.421,471.71,477.283,480.401,484.592,489.638,493.223,498.803,503.347,504.438,508.715,512.649,514.96,520.014,524.289,525.498,529.755,533.563,535.446,539.433,540.243,544.307,549.007,553.818,557.263,559.907,564.704,568.445,573.399,577.263,578.608,583.012,586.672,591.399,594.588,598.682,600.234,603.596,605.083,607.267,609.148,611.225,610.546,613.175,611.157,607.11,596.578,586.674,575.364,558.72,540.882,521.64,499.812,475.274,449.025,421.145,392.235,363.172,333.442,304.326,273.92,243.277,212.457,181.675,151.59,122.954,96.61,73.505
COL,2098,371.03,373.577,376.495,379.375,382.537,385.266,388.666,390.729,395.017,399.48,401.849,403.837,408.168,411.813,414.424,418.602,419.07,421.661,423.583,427.69,429.848,431.42,435.034,437.29,439.744,443.816,447.199,449.462,452.163,454.71,457.595,460.779,464.329,469.875,471.189,476.783,479.921,484.13,489.191,492.789,498.38,502.929,504.026,508.302,512.233,514.535,519.577,523.836,525.027,529.262,533.043,534.899,538.852,539.625,543.64,548.281,553.024,556.394,558.955,563.66,567.306,572.156,575.909,577.136,581.392,584.875,589.378,592.298,596.07,597.271,600.231,601.283,602.982,604.338,605.828,604.506,606.331,603.394,598.269,586.55,575.22,562.215,543.686,523.731,502.17,477.959,451.098,422.68,392.925,362.502,332.253,301.693,272.093,241.778,211.544,181.542,152.07,123.913,97.936,74.765
COL,2099,368.665,370.682,373.352,376.311,379.216,382.4,385.147,388.565,390.641,394.941,399.411,401.78,403.754,408.057,411.653,414.196,418.291,418.671,421.172,423.013,427.052,429.159,430.699,434.296,436.548,439.011,443.098,446.5,448.788,451.513,454.088,457,460.212,463.788,469.358,470.694,476.308,479.465,483.69,488.764,492.372,497.968,502.521,503.62,507.893,511.816,514.108,519.134,523.374,524.546,528.754,532.507,534.332,538.245,538.975,542.934,547.508,552.176,555.464,557.938,562.55,566.097,570.837,574.469,575.559,579.641,582.91,587.144,589.754,593.171,593.99,596.516,597.101,598.288,599.075,599.917,597.849,598.729,594.719,588.338,575.241,562.239,547.281,526.669,504.444,480.513,453.984,425.002,394.751,363.547,332.05,301.024,270.133,240.544,210.601,181.102,152.277,124.592,98.948,75.999
COL,2100,364.739,368.32,370.459,373.168,376.153,379.08,382.282,385.047,388.479,390.567,394.873,399.342,401.698,403.643,407.897,411.426,413.888,417.893,418.184,420.604,422.376,426.365,428.44,429.964,433.558,435.818,438.296,442.403,445.829,448.143,450.895,453.497,456.437,459.675,463.275,468.867,470.225,475.857,479.03,483.268,488.351,491.968,497.568,502.121,503.218,507.483,511.395,513.674,518.681,522.899,524.049,528.229,531.95,533.738,537.608,538.286,542.182,546.682,551.268,554.471,556.858,561.372,564.815,569.435,572.928,573.855,577.726,580.735,584.663,586.932,589.964,590.369,592.429,592.52,593.152,593.309,593.398,590.45,590.23,584.969,577.134,562.417,547.486,530.364,507.519,482.968,456.725,428.067,397.287,365.616,333.388,301.214,269.899,239.156,209.856,180.608,152.198,125.024,99.718,76.976
