TUN,1950,0.22389724,0.06279621,0.0389208,0.02443823,0.01575355,0.01057716,0.00750043,0.00568258,0.00461919,0.00403314,0.00376635,0.00373831,0.00390696,0.00425395,0.00476407,0.00541485,0.00616469,0.00694587,0.00769238,0.00833958,0.00886524,0.00927725,0.00960173,0.00987365,0.01011606,0.01034502,0.01056688,0.0107836,0.01099977,0.01122171,0.01145869,0.01172201,0.01202064,0.01236133,0.01274482,0.01316737,0.01362296,0.01410319,0.01460235,0.01511844,0.01565374,0.01621349,0.01680424,0.01743371,0.01810794,0.01883188,0.0196109,0.02044878,0.02134834,0.0223135,0.02334858,0.0244568,0.02564606,0.02693018,0.02832492,0.02985192,0.03153777,0.03340428,0.03546454,0.03772261,0.04184249,0.04482507,0.047799,0.05075714,0.05373425,0.05689847,0.06051973,0.06482644,0.07004333,0.07622906,0.08328986,0.09097737,0.09890893,0.10682421,0.1145917,0.1223281,0.13034544,0.13895383,0.14845663,0.15900116,0.17058493,0.1831118,0.19632712,0.20996529,0.2241265,0.23871895,0.25278469,0.26482499,0.27782739,0.29092126,0.30831983,0.3236134,0.33748714,0.35411137,0.37377234,0.39246614,0.40963412,0.42798411,0.4488759,0.46669335
TUN,1951,0.22348713,0.06414561,0.03898866,0.02403166,0.01524392,0.01010341,0.00710203,0.00535789,0.004354,0.00381208,0.00357513,0.00356369,0.0037362,0.00407282,0.00455744,0.00516775,0.00586517,0.00658961,0.00728286,0.0078878,0.00838579,0.00878022,0.00909368,0.00935651,0.00958848,0.00980585,0.01001591,0.01022286,0.01043194,0.01064959,0.01088403,0.01114417,0.01143675,0.01176751,0.01213702,0.01254271,0.01297944,0.01344092,0.01392308,0.01442326,0.0149434,0.01548834,0.0160634,0.01667514,0.01733049,0.01803509,0.01879376,0.0196122,0.0204944,0.02144329,0.02246355,0.02356026,0.0247397,0.02601348,0.02740006,0.02891958,0.03059178,0.03244134,0.0344817,0.03671445,0.04086492,0.04376195,0.0466267,0.04943575,0.0522824,0.05538717,0.05901403,0.06345608,0.06893497,0.07544647,0.08285551,0.09080404,0.09881532,0.10656653,0.11392501,0.12111465,0.12855482,0.13675133,0.14621225,0.15720761,0.16989408,0.18423974,0.20006212,0.21679795,0.23327946,0.24934878,0.26382523,0.26944974,0.26386158,0.27175384,0.2831478,0.30887406,0.32450814,0.33521848,0.35123293,0.36758871,0.38711775,0.40359243,0.42048126,0.44599736
TUN,1952,0.2224891,0.06474476,0.03864886,0.02341748,0.01463046,0.0095826,0.00668191,0.00502172,0.00408031,0.00358209,0.00337321,0.00337609,0.00354986,0.00387371,0.00433119,0.00489977,0.00554432,0.00621202,0.00685194,0.00741421,0.007882,0.00825706,0.00855753,0.00880917,0.00903012,0.00923538,0.00943324,0.00962986,0.00983104,0.01004295,0.01027274,0.01052757,0.01081247,0.0111315,0.01148523,0.01187213,0.01228831,0.01272884,0.01319115,0.01367341,0.01417645,0.01470378,0.01526057,0.01585227,0.01648496,0.01716572,0.01790033,0.01869422,0.01955319,0.02048153,0.02148248,0.02256102,0.02372502,0.02498307,0.02635058,0.02784919,0.0294981,0.03131628,0.03332141,0.03552104,0.03942097,0.04224725,0.0450261,0.0477154,0.05039472,0.05331522,0.05674061,0.06095984,0.06619196,0.07245237,0.07957985,0.0871608,0.09476418,0.10205932,0.10892397,0.11565701,0.12268254,0.13052827,0.13965142,0.15022956,0.16224347,0.17537517,0.18924627,0.20353131,0.21772954,0.23125111,0.24434418,0.25629769,0.26145126,0.25639973,0.26124241,0.26945584,0.29051851,0.30457948,0.31595423,0.32809737,0.3403745,0.35591251,0.36899564,0.38250454
TUN,1953,0.22113266,0.06449479,0.03801445,0.022764,0.01407394,0.00914079,0.00633798,0.00474959,0.00385732,0.00339052,0.00319914,0.00320716,0.00337443,0.00368178,0.00411471,0.00465026,0.00525652,0.00588728,0.00650359,0.00706377,0.00754238,0.00793041,0.00823208,0.00846899,0.00866675,0.00884316,0.00901361,0.00919044,0.00938132,0.00959333,0.00983049,0.01009605,0.01039066,0.010713,0.01105945,0.01142517,0.01180574,0.01219727,0.0126011,0.01302072,0.01346439,0.01394063,0.01445643,0.01501846,0.01562935,0.01629044,0.01700337,0.01777001,0.01859064,0.01947671,0.0204379,0.02148395,0.02263566,0.02390397,0.02530222,0.02683815,0.02852224,0.03036053,0.03233263,0.03446981,0.0384516,0.04122548,0.04403186,0.04687682,0.04979106,0.05295025,0.05663084,0.06106395,0.06643592,0.07279891,0.0800564,0.08794045,0.09614769,0.10448867,0.1128653,0.12147575,0.13071023,0.14094561,0.15248442,0.16529139,0.17904925,0.19324912,0.20737922,0.22137717,0.23563482,0.25091286,0.26801073,0.28786163,0.31030323,0.33211102,0.3508533,0.37218661,0.39074816,0.41012624,0.42572342,0.45683617,0.48022416,0.50402768,0.52896573,0.55201639
TUN,1954,0.21941753,0.06441108,0.0375503,0.02225523,0.01363913,0.00879639,0.00606982,0.00454011,0.00368813,0.00324775,0.00307196,0.00308614,0.00325054,0.00355523,0.00399215,0.00453386,0.00514608,0.00578215,0.00642529,0.00704474,0.00759367,0.00803904,0.00836025,0.00858789,0.0087738,0.0089366,0.0090936,0.00925942,0.00943971,0.00963996,0.00986457,0.01011615,0.01039543,0.01069906,0.01102175,0.0113603,0.01171264,0.01207746,0.01245737,0.01285573,0.0132791,0.01373347,0.0142235,0.01475485,0.01533328,0.01596408,0.01665237,0.01740819,0.01823324,0.01913244,0.0201132,0.02117741,0.02233278,0.0235854,0.02495468,0.02645046,0.02809038,0.02991713,0.03193224,0.03414397,0.0379453,0.04068521,0.04339395,0.04606548,0.04875334,0.05163487,0.05498239,0.0590744,0.06414577,0.07021108,0.0771943,0.08484387,0.0927599,0.10075226,0.10873842,0.11687229,0.12555445,0.13513512,0.14591426,0.15788526,0.17070308,0.18392855,0.19703343,0.2099013,0.22293099,0.23683545,0.25256305,0.27040339,0.29052229,0.31179702,0.32982011,0.34211025,0.35507432,0.36531553,0.37904826,0.4095137,0.42837895,0.44835541,0.46878685,0.49026119
TUN,1955,0.21733744,0.06403105,0.03694676,0.02168767,0.0131804,0.00844741,0.00580432,0.00433282,0.00352131,0.00310653,0.00294536,0.00296484,0.00312576,0.00340982,0.00380381,0.00428482,0.00482564,0.00538872,0.00594873,0.00647484,0.00693746,0.00731783,0.0076086,0.00782758,0.00800506,0.00815983,0.0083106,0.00847407,0.0086584,0.00886957,0.00910855,0.00937341,0.00966078,0.0099656,0.01028373,0.0106133,0.01095432,0.01130781,0.01167726,0.01206596,0.01247897,0.0129203,0.01339411,0.01390498,0.01445922,0.015068,0.01574116,0.01649196,0.01732894,0.01825567,0.01926814,0.02035843,0.02152529,0.02276396,0.02409435,0.02554761,0.02714963,0.02895307,0.03099599,0.03329193,0.03669841,0.03924383,0.04174001,0.0441631,0.04658705,0.04923851,0.05239708,0.05631139,0.06125249,0.06721831,0.07400399,0.08128384,0.08855565,0.0955505,0.10227451,0.10912909,0.11681766,0.12592807,0.1369645,0.14991713,0.16419014,0.17893005,0.19304404,0.20592463,0.21770809,0.22911362,0.24146279,0.25566465,0.27184694,0.29003208,0.30882343,0.3239954,0.33387678,0.35000561,0.36885087,0.39352547,0.41476513,0.43373487,0.45404129,0.47485324
TUN,1956,0.21488122,0.0635458,0.03631792,0.02112868,0.01274169,0.00811743,0.00555765,0.00414228,0.00336697,0.00297606,0.00282813,0.00285217,0.00300952,0.00328123,0.00365406,0.00410576,0.00461167,0.00513915,0.00566707,0.00616804,0.00661302,0.0069816,0.00726374,0.00747427,0.00764258,0.00778783,0.00793009,0.00808785,0.00826996,0.00848192,0.00872307,0.00898904,0.00927437,0.00957239,0.00987883,0.01019299,0.01051676,0.01085355,0.01120777,0.01158248,0.01198143,0.01240616,0.01285985,0.01334772,0.01387712,0.01446215,0.01511854,0.01586336,0.01670554,0.01764937,0.01868605,0.01979421,0.02096596,0.02219505,0.02349706,0.02491225,0.0264901,0.02828905,0.03035199,0.03271265,0.03583902,0.03831586,0.04075064,0.04312162,0.04545699,0.04794762,0.05086602,0.05442533,0.05883946,0.06416985,0.07029744,0.07693968,0.0837411,0.09050944,0.09719477,0.10410925,0.11183384,0.12082355,0.13146691,0.14378408,0.15732747,0.1714267,0.18522185,0.19825844,0.21063296,0.22292533,0.23624407,0.25141632,0.26870115,0.2876137,0.30724789,0.32629469,0.34212172,0.3544108,0.37110653,0.3935705,0.41710715,0.43898007,0.45974827,0.48125654
TUN,1957,0.2120485,0.06272113,0.03553274,0.02050372,0.01227856,0.00778108,0.00530999,0.00395458,0.00321657,0.00284774,0.00271267,0.00274063,0.0028939,0.00314809,0.00348675,0.00389095,0.00434106,0.00481122,0.00527597,0.00570849,0.00609095,0.00641243,0.00667136,0.00687368,0.00703424,0.00717206,0.0073082,0.00746256,0.00764589,0.00786426,0.00811438,0.00838838,0.00867766,0.00897397,0.00927379,0.0095774,0.00988843,0.01021261,0.01055537,0.01091951,0.01130754,0.011719,0.01215553,0.01262258,0.01313005,0.01369509,0.01433652,0.01507697,0.01592753,0.01688893,0.01794891,0.01907669,0.02025147,0.02146535,0.02274059,0.02412338,0.02567528,0.02747875,0.02957716,0.03199485,0.03491412,0.03729128,0.03962873,0.04193352,0.04425496,0.04675865,0.04971216,0.05336199,0.05792182,0.06342261,0.06976248,0.07663847,0.08360018,0.09044842,0.09716183,0.10400894,0.11159116,0.12046965,0.13108078,0.1434612,0.15718117,0.17141911,0.18523224,0.1982022,0.21043711,0.22263455,0.23613814,0.25199608,0.27066766,0.29177785,0.3136115,0.33504584,0.35465648,0.369976,0.38254763,0.40613153,0.42926813,0.45551134,0.47971509,0.50268395
TUN,1958,0.20880068,0.06156812,0.03460585,0.01982056,0.0117934,0.00743685,0.00505929,0.00376343,0.00306351,0.00271656,0.00259211,0.00262328,0.00277163,0.00301278,0.00333048,0.00370669,0.00412423,0.00456122,0.00499581,0.00540455,0.00576983,0.00607912,0.0063288,0.00652232,0.00667381,0.00680259,0.00693055,0.0070789,0.00725883,0.00747612,0.00772617,0.00799907,0.00828462,0.00857304,0.00886072,0.00914912,0.00944322,0.00975057,0.01007761,0.01042717,0.01080045,0.01119513,0.01161177,0.01205533,0.01253799,0.01308123,0.01370647,0.01443881,0.01529241,0.01626549,0.01733983,0.01847856,0.01965363,0.02084998,0.0220945,0.02344817,0.02497812,0.026777,0.02890795,0.03138262,0.03420263,0.03661761,0.03892992,0.04109918,0.04318998,0.04541772,0.04805236,0.05138346,0.05568821,0.06103507,0.06737073,0.07447512,0.08196185,0.08953574,0.09711167,0.10491817,0.11333486,0.12287218,0.13402468,0.14686219,0.1611889,0.17639094,0.19174495,0.20711117,0.22244489,0.23809928,0.2547975,0.27315368,0.29346064,0.31536282,0.33774731,0.35917218,0.37930781,0.39815671,0.41389964,0.43109409,0.45281988,0.47638271,0.50424141,0.52867822
TUN,1959,0.20513135,0.0601664,0.03358524,0.01911356,0.01130983,0.00710256,0.00482007,0.00358316,0.00291903,0.00259379,0.00247966,0.00251222,0.00265565,0.00288392,0.00318133,0.00353076,0.00391731,0.00432279,0.00472859,0.00511418,0.00546243,0.00575938,0.00599952,0.00618431,0.00632704,0.00644722,0.00656753,0.00671016,0.00688657,0.00710233,0.00735165,0.00762275,0.00790393,0.00818426,0.00845999,0.00873353,0.00901149,0.00930294,0.00961506,0.00995074,0.01031014,0.01068894,0.01108678,0.01150846,0.01196715,0.01248834,0.01309773,0.01382245,0.01467728,0.01566041,0.0167488,0.01789621,0.01906905,0.02024959,0.02146233,0.02278237,0.02429431,0.02609397,0.02825152,0.03078661,0.0334341,0.03585061,0.03827269,0.04066258,0.04303678,0.04555111,0.0484032,0.05178631,0.05590711,0.06087475,0.06670384,0.07329847,0.0805239,0.08823631,0.09632578,0.10488661,0.11408117,0.12408789,0.13505819,0.14696932,0.15966182,0.17279342,0.18614944,0.1999,0.21447606,0.23058945,0.24901215,0.27027446,0.29448943,0.32090039,0.34797066,0.37385247,0.39692237,0.41794143,0.43874551,0.46688072,0.48739655,0.51334803,0.5403943,0.57013682
TUN,1960,0.20100616,0.05858617,0.03250817,0.01840053,0.0108385,0.00678313,0.00459446,0.00341433,0.00278413,0.00247818,0.00237433,0.00240842,0.00254566,0.00276189,0.00304019,0.00336463,0.00372245,0.00409879,0.00447793,0.00484196,0.00517414,0.00545943,0.00569046,0.00586689,0.00600143,0.00611357,0.00622672,0.00636396,0.00653696,0.00675104,0.00699947,0.00726875,0.0075457,0.00781829,0.00808283,0.00834247,0.00860515,0.00888165,0.00917962,0.00950191,0.00984785,0.01021138,0.0105909,0.01099142,0.01142747,0.01192695,0.01251975,0.01323697,0.01409378,0.01508613,0.0161885,0.01734632,0.01851658,0.01967981,0.02086316,0.02214789,0.02363639,0.02544201,0.02763396,0.03022778,0.03313091,0.03554811,0.03781477,0.03989747,0.0418439,0.04388623,0.04635309,0.0495399,0.05370408,0.05897445,0.06537193,0.07266593,0.08048216,0.08854617,0.09665997,0.10494382,0.11378853,0.12355086,0.13441191,0.14639883,0.15938135,0.1727108,0.18589488,0.19906588,0.21252511,0.22721838,0.24427688,0.26441794,0.28794302,0.31426404,0.34190056,0.36906933,0.39396716,0.41604127,0.43772593,0.4664554,0.48666277,0.50347114,0.52931148,0.5568593
TUN,1961,0.19640587,0.05682085,0.03137684,0.01768116,0.01037755,0.0064785,0.0043821,0.00325661,0.00265847,0.00237049,0.00227505,0.0023111,0.00244283,0.00266333,0.00296911,0.00333443,0.00373986,0.00416478,0.00462443,0.00511304,0.00557805,0.00596746,0.00623633,0.00640343,0.00652614,0.00662472,0.00672381,0.00684763,0.00700347,0.00719437,0.00741639,0.00765808,0.00790891,0.00815562,0.00839177,0.00862173,0.00885487,0.00910335,0.00937584,0.00967524,0.00999956,0.01034074,0.01069562,0.01106945,0.01147864,0.01195285,0.01252357,0.01322525,0.01407215,0.01505752,0.01615577,0.01731065,0.01847465,0.01962457,0.02078766,0.0220523,0.0235247,0.02533283,0.0275571,0.03020246,0.0326429,0.0350184,0.03736971,0.03967311,0.04197237,0.04442009,0.04721966,0.05061103,0.05479419,0.05983412,0.06574366,0.07240847,0.07962128,0.08726095,0.09532276,0.10392082,0.11323163,0.12351784,0.13493336,0.14734235,0.16053485,0.17406506,0.18746189,0.20071793,0.21421137,0.22878399,0.24562818,0.26556317,0.28880584,0.31462852,0.34127324,0.36676658,0.38959826,0.40985638,0.42951455,0.46115406,0.48664117,0.51028245,0.53233921,0.55762279
TUN,1962,0.19141345,0.05480728,0.03014785,0.01693343,0.0099141,0.00618077,0.00417966,0.00310807,0.00254065,0.00226919,0.00218099,0.00221714,0.00234381,0.00253522,0.00277725,0.00305637,0.00336221,0.00368582,0.00401643,0.00434056,0.00464229,0.00490499,0.00511846,0.00527899,0.00539819,0.00549571,0.00559584,0.005723,0.00588915,0.00609919,0.00634473,0.00660954,0.00687796,0.00713573,0.00737907,0.00761291,0.00784745,0.00809609,0.00836772,0.00866483,0.00898505,0.00931974,0.00966536,0.01002607,0.01041907,0.01087792,0.01143768,0.0121358,0.01299273,0.01400201,0.01512953,0.01630705,0.01747686,0.01860838,0.01973025,0.02094724,0.02238489,0.02418348,0.02644423,0.0291732,0.0317002,0.03402547,0.03627317,0.03841225,0.04049035,0.04271842,0.04536081,0.04863641,0.05278846,0.05785707,0.06375771,0.07034275,0.07733252,0.08452947,0.09187599,0.0996374,0.10832174,0.11833603,0.13007863,0.14345982,0.15777782,0.17231537,0.18647778,0.20009717,0.21354328,0.22764433,0.24371925,0.26278206,0.28519425,0.31054971,0.33721381,0.36346417,0.38798014,0.41058184,0.43319388,0.46289491,0.4891658,0.51495538,0.53830004,0.55960134
TUN,1963,0.18579985,0.05243126,0.02877952,0.01612961,0.00942572,0.00586893,0.00396778,0.00295255,0.0024166,0.00216227,0.00208175,0.00211838,0.00223918,0.0024198,0.00264475,0.0029016,0.00318378,0.00348304,0.00379093,0.00409584,0.00438239,0.00463343,0.00483778,0.00499045,0.00510238,0.00519307,0.00528713,0.00540932,0.00557164,0.00577881,0.00602181,0.00628335,0.00654669,0.00679676,0.00702961,0.00725074,0.00747154,0.00770661,0.00796518,0.00824964,0.00855674,0.00887663,0.00920525,0.00954662,0.00991839,0.01035626,0.01089834,0.01158452,0.0124366,0.01344881,0.01458494,0.01576928,0.01693609,0.01805161,0.01914352,0.02032284,0.02172989,0.02351963,0.02579985,0.02858454,0.03097975,0.03326537,0.03540752,0.03737042,0.03918284,0.04105427,0.04329058,0.04614013,0.04983195,0.05447512,0.06004342,0.066368,0.07323959,0.08052192,0.08806587,0.09593668,0.10444756,0.11384265,0.12426908,0.13580961,0.14819764,0.16070873,0.17319863,0.18602164,0.19938097,0.21380852,0.23016206,0.24895835,0.27044537,0.29421614,0.31889893,0.34322095,0.36639336,0.38856232,0.41144219,0.44023161,0.46571553,0.49106671,0.51569005,0.53645747
TUN,1964,0.17998994,0.05000554,0.02740543,0.01534464,0.00896373,0.0055826,0.00377752,0.00281561,0.0023088,0.00206899,0.00199422,0.00203006,0.0021446,0.00231367,0.0025233,0.00275993,0.00301872,0.0032956,0.00358229,0.0038691,0.00414113,0.00438091,0.00457636,0.0047214,0.00482643,0.00491073,0.00499907,0.00511652,0.00527508,0.00547925,0.0057195,0.00597759,0.00623593,0.00647857,0.00670158,0.00691092,0.00711881,0.00734109,0.00758737,0.00785987,0.00815464,0.00846049,0.00877279,0.00909578,0.0094479,0.00986614,0.01039092,0.01106515,0.01191216,0.01292566,0.01406828,0.01525892,0.01642385,0.01752413,0.01858837,0.01973422,0.0211109,0.0228891,0.02519014,0.02802568,0.0304998,0.03294055,0.03520838,0.03721457,0.03900617,0.04080518,0.04290049,0.04564107,0.04927422,0.05388094,0.05946444,0.06576066,0.07244368,0.0793271,0.08636408,0.09375755,0.1018459,0.11110324,0.1218521,0.13403064,0.14746853,0.16138757,0.17497523,0.1884086,0.20216787,0.21733065,0.23521568,0.25690205,0.28305508,0.31296763,0.34508661,0.37703742,0.40659111,0.43388014,0.46043879,0.49737896,0.5299024,0.56238297,0.59450595,0.62618172
TUN,1965,0.17369156,0.04742597,0.02599321,0.01455123,0.008499,0.00529403,0.00358432,0.0026745,0.00219699,0.00197269,0.00190418,0.00193986,0.0020487,0.00220708,0.00240154,0.00262057,0.00285861,0.00311375,0.00338115,0.00365108,0.00390938,0.00413837,0.00432529,0.00446313,0.00456173,0.00464016,0.0047232,0.00483615,0.004991,0.00519212,0.00542951,0.00568411,0.00593754,0.00617311,0.00638669,0.00658482,0.00678044,0.00699031,0.00722459,0.00748531,0.00776783,0.00805993,0.00835606,0.00866058,0.00899316,0.00939238,0.0099,0.01056137,0.01140233,0.01241644,0.01356396,0.01475911,0.01592183,0.01700784,0.01804457,0.01915821,0.0205074,0.0222729,0.02459151,0.02747978,0.03004307,0.03244042,0.03453077,0.0362228,0.03755824,0.03882719,0.04040687,0.04263874,0.04587644,0.05020834,0.05556123,0.06173141,0.06827426,0.07484591,0.08135525,0.08805076,0.09536537,0.1037782,0.11387256,0.12579199,0.13919561,0.15353842,0.16794429,0.18191699,0.19594995,0.2109917,0.2281452,0.24839581,0.27219036,0.2991121,0.32747319,0.35528946,0.38100794,0.40432818,0.42735587,0.46331092,0.49340879,0.52370984,0.55444607,0.58520242
TUN,1966,0.16730989,0.04476966,0.02455094,0.01375276,0.00803945,0.00501339,0.00339916,0.00254069,0.00209083,0.00188094,0.00181815,0.00185281,0.00195555,0.00210322,0.00228294,0.00248401,0.00270311,0.00293793,0.00318548,0.0034389,0.0036833,0.00390114,0.0040792,0.0042097,0.00430197,0.00437476,0.00445272,0.00456116,0.004712,0.00490946,0.00514321,0.00539352,0.00564137,0.00586946,0.00607361,0.0062607,0.00644444,0.00664232,0.00686482,0.00711401,0.00738452,0.00766322,0.00794395,0.00823055,0.00854366,0.00892379,0.00941423,0.01006156,0.01089355,0.0119049,0.01305417,0.01425012,0.01540712,0.01647708,0.01748609,0.01856624,0.01988678,0.02163825,0.02396765,0.02689921,0.02959062,0.03209392,0.03429657,0.03609663,0.03751432,0.03885156,0.0405302,0.0429045,0.04634217,0.05097536,0.05674011,0.06334082,0.07028016,0.07718637,0.0838311,0.09031704,0.09704264,0.104435,0.11299386,0.12312247,0.13492472,0.14812235,0.16243095,0.17758919,0.19319045,0.20939749,0.22660505,0.24493128,0.26448731,0.28520975,0.30664322,0.32846783,0.35054344,0.37317998,0.39762105,0.4241925,0.44962058,0.47535388,0.50118186,0.5268257
TUN,1967,0.15887006,0.04112183,0.02271357,0.01281216,0.00753788,0.00472738,0.00322052,0.00241606,0.00199343,0.00179595,0.00173709,0.00176946,0.00186467,0.00200107,0.00216645,0.00235101,0.00255221,0.00276965,0.00299941,0.00323618,0.00346678,0.00367295,0.00384153,0.0039644,0.00405047,0.00411809,0.00419153,0.00429583,0.00444271,0.00463626,0.00486589,0.00511142,0.00535331,0.00557383,0.00576876,0.00594533,0.00611774,0.00630419,0.00651532,0.00675316,0.00701181,0.00727712,0.0075425,0.00781162,0.00810523,0.00846551,0.0089377,0.00957001,0.01039115,0.01139675,0.01254494,0.0137394,0.01488772,0.01593819,0.01691686,0.01796132,0.01924935,0.02098334,0.02332041,0.02628881,0.02872813,0.03124532,0.03359,0.03566133,0.03743437,0.03908803,0.0409197,0.04321669,0.04625651,0.05018008,0.05505288,0.06077769,0.06713069,0.07396583,0.08114535,0.0886763,0.09673813,0.10550535,0.11512759,0.12563721,0.13690153,0.14875986,0.16111759,0.17408462,0.1880551,0.20364841,0.22168947,0.24283798,0.26733381,0.29481424,0.32387327,0.35294259,0.38072841,0.40690627,0.4332547,0.46755584,0.49878312,0.52998106,0.5609543,0.59154724
TUN,1968,0.15077762,0.03768885,0.0209649,0.01190616,0.00704908,0.0044455,0.0030427,0.00229102,0.00189517,0.00171001,0.00165466,0.00168486,0.0017732,0.00189859,0.00205015,0.00221893,0.00240321,0.00260338,0.00281706,0.00303821,0.00325488,0.00344975,0.00360908,0.00372454,0.00380464,0.00386727,0.00393628,0.00403633,0.00417894,0.00436805,0.00459296,0.00483316,0.00506873,0.00528149,0.00546722,0.00563342,0.00579473,0.00596983,0.00616951,0.0063957,0.00664218,0.00689402,0.00714393,0.0073956,0.00767021,0.00801035,0.008463,0.00907831,0.00988637,0.01088286,0.0120254,0.01321429,0.01435091,0.01537853,0.01632375,0.01733079,0.01858473,0.02029708,0.02263699,0.02563724,0.02817872,0.03072055,0.03299237,0.0348806,0.03640065,0.03783204,0.03957297,0.04198562,0.0454331,0.05001601,0.05569647,0.06224031,0.0691368,0.07598475,0.08257531,0.08903603,0.09584892,0.1035973,0.1128437,0.12376982,0.13626277,0.15015465,0.16499036,0.18022008,0.19588449,0.21239882,0.23035111,0.25076222,0.27418994,0.30014267,0.32716538,0.3537502,0.37864269,0.40181325,0.42518119,0.45912508,0.48797576,0.51693657,0.54589277,0.57459294
TUN,1969,0.14409875,0.03513578,0.0195789,0.01120107,0.0066992,0.00426884,0.0029506,0.00223866,0.00185884,0.00167711,0.00161836,0.0016413,0.00172079,0.00183533,0.00197311,0.00212662,0.00229478,0.00247878,0.00267696,0.00288457,0.00308876,0.00327308,0.00342386,0.0035322,0.00360644,0.00366416,0.00372887,0.00382495,0.00396366,0.00414865,0.00436915,0.00460442,0.00483425,0.00504018,0.00521804,0.00537556,0.00552771,0.00569355,0.00588404,0.00610108,0.00633805,0.00657958,0.00681766,0.00705569,0.00731551,0.00764029,0.00807729,0.00867847,0.00947579,0.01046584,0.01160519,0.01279087,0.01391966,0.0149301,0.01584739,0.01682274,0.0180499,0.01974864,0.02209792,0.02513831,0.02758238,0.03016133,0.03249078,0.03444206,0.03600147,0.03743382,0.03912033,0.04139666,0.04461391,0.04890716,0.05426322,0.06049805,0.06724132,0.07417461,0.08104747,0.08793115,0.09515495,0.10309356,0.11217427,0.12257659,0.13420595,0.14686272,0.16026706,0.17432306,0.18913552,0.20515081,0.2231533,0.24359252,0.26655723,0.29152478,0.31691939,0.34123193,0.3635007,0.38383404,0.40445244,0.43756209,0.4645431,0.49160824,0.51870738,0.54575339
TUN,1970,0.1357423,0.03144931,0.0178833,0.01037127,0.00625639,0.00400687,0.00277357,0.00210204,0.00174213,0.00156819,0.00150856,0.00152317,0.00158746,0.00168281,0.00179952,0.00193125,0.00207825,0.00224213,0.00242104,0.00260977,0.00279506,0.00295924,0.00308789,0.00317084,0.0032186,0.00325037,0.00329151,0.00336817,0.00349309,0.00367104,0.00389216,0.00413541,0.00437848,0.00460015,0.00478906,0.00494517,0.00507474,0.00519017,0.00530881,0.0054452,0.0056141,0.00581822,0.00605363,0.00631944,0.0066194,0.00697802,0.00742297,0.00798529,0.00869173,0.00954763,0.01054628,0.01165221,0.01282716,0.01404772,0.01531574,0.01669377,0.01827204,0.02016272,0.02245749,0.0251755,0.02760923,0.02976809,0.03171216,0.03341172,0.03493165,0.03649567,0.03839692,0.04091426,0.04429541,0.04864834,0.05397606,0.06008674,0.06668979,0.07356627,0.08054306,0.08769774,0.09535063,0.10383844,0.11345318,0.12426828,0.13611801,0.14866126,0.16156425,0.17489085,0.18886078,0.20400169,0.22156206,0.24250588,0.26727817,0.2952506,0.32478298,0.35423166,0.38230598,0.40913359,0.43644054,0.47121741,0.50271624,0.53427855,0.56568056,0.59656639
TUN,1971,0.12878791,0.02916795,0.01650021,0.00952586,0.00572831,0.00366443,0.00253994,0.00193296,0.00161212,0.0014622,0.00141701,0.00143891,0.00150426,0.00159438,0.00170071,0.00181768,0.00194749,0.00209519,0.00226128,0.00244289,0.00262765,0.00279702,0.00293548,0.00303143,0.0030918,0.0031353,0.00318687,0.00327266,0.00340467,0.00358709,0.00380763,0.00404224,0.00426672,0.00445818,0.00461137,0.00473565,0.00484979,0.00497712,0.00513038,0.00531225,0.00551502,0.00572152,0.0059234,0.00612281,0.00634137,0.0066227,0.00701513,0.00757262,0.00833005,0.00929085,0.01041286,0.01158495,0.012694,0.0136695,0.01454439,0.01548334,0.01669488,0.01842085,0.02085685,0.02406574,0.02668007,0.02937084,0.03176668,0.03370009,0.03513617,0.03635132,0.03776102,0.0397495,0.04269339,0.0467468,0.05197027,0.05824948,0.06525959,0.0727385,0.08046375,0.08839298,0.0966924,0.10563912,0.11550498,0.12634669,0.13818267,0.15105728,0.16482184,0.17958755,0.19582425,0.21369707,0.23306838,0.25423271,0.27719362,0.30133636,0.32614952,0.35114373,0.37593768,0.40095091,0.42780084,0.45957775,0.48869815,0.51794349,0.54710064,0.57599608
TUN,1972,0.1220851,0.02726443,0.01510778,0.00855523,0.00506054,0.00319807,0.00220153,0.001674,0.00140282,0.00128431,0.0012598,0.0012959,0.00137098,0.00146672,0.00157403,0.00168703,0.00180709,0.00193919,0.00208567,0.00224571,0.00241055,0.00256624,0.00270011,0.00280246,0.00287756,0.00293805,0.00300296,0.00309223,0.00321503,0.00337493,0.00356217,0.00375843,0.00394622,0.0041099,0.00425011,0.00437832,0.00451229,0.00467161,0.00486178,0.00507811,0.0053019,0.00550549,0.0056765,0.0058195,0.00597037,0.00618912,0.00653906,0.00708784,0.00787562,0.00889956,0.01009318,0.01128748,0.01230202,0.01302944,0.01351914,0.01401559,0.01480863,0.01620837,0.01848194,0.02172579,0.02459598,0.02781664,0.03078242,0.03316647,0.03480035,0.03597642,0.03719552,0.03892339,0.04162827,0.04549151,0.05055077,0.05664181,0.06337258,0.07041339,0.07751826,0.08476023,0.09248249,0.10103618,0.11081607,0.12187929,0.13387265,0.14645262,0.15925685,0.17219057,0.18575844,0.20089349,0.21878091,0.24025263,0.26576339,0.29482401,0.32518969,0.35470013,0.38176933,0.40601892,0.42974003,0.4666077,0.49792121,0.52931665,0.56051423,0.59120786
TUN,1973,0.11583169,0.02474463,0.01396427,0.00805726,0.00484915,0.00310775,0.00216036,0.0016502,0.00138228,0.00126015,0.00122867,0.00125675,0.0013246,0.00141567,0.00152113,0.0016347,0.00175626,0.00188728,0.00202732,0.00217414,0.00231956,0.00245241,0.00256412,0.00264901,0.00271222,0.00276523,0.00282321,0.00290271,0.00301181,0.00315326,0.00332033,0.0034991,0.00367608,0.00383912,0.00398497,0.00411878,0.00425013,0.00439171,0.00455166,0.00473225,0.00493102,0.0051393,0.00535292,0.00557386,0.00581543,0.00610505,0.00647314,0.00695501,0.00757476,0.00833531,0.00921604,0.01016155,0.01111416,0.01203615,0.01293802,0.01390599,0.01505868,0.01653577,0.01845404,0.02085116,0.02355606,0.02597584,0.0282982,0.03041265,0.03227286,0.03402132,0.03590254,0.03815954,0.04104715,0.04469904,0.04917033,0.0544049,0.06026001,0.06662757,0.07340568,0.0806234,0.08843407,0.09697266,0.1063642,0.11667284,0.12783257,0.13975208,0.15237938,0.16580677,0.18028012,0.19629127,0.21474149,0.2361089,0.2599635,0.2857391,0.31211892,0.33769823,0.36175114,0.38418065,0.40681113,0.44204171,0.47154501,0.50131031,0.53107669,0.56062246
TUN,1974,0.10918872,0.02254101,0.01276022,0.0073736,0.0044407,0.00284756,0.00198079,0.00151497,0.00127189,0.00116337,0.00113892,0.0011699,0.00123794,0.00132768,0.00143071,0.00154062,0.00165668,0.00178017,0.00191015,0.00204448,0.00217688,0.00229825,0.0024017,0.0024828,0.00254584,0.00260029,0.00265879,0.00273491,0.00283565,0.00296351,0.00311321,0.00327377,0.00343459,0.0035862,0.00372604,0.00385827,0.00399046,0.00413273,0.00429194,0.0044704,0.0046668,0.00487477,0.00509116,0.00531753,0.00556385,0.00585179,0.00620558,0.00665274,0.00721298,0.00789154,0.00867582,0.00952828,0.01041201,0.01130182,0.01220513,0.01317965,0.01430815,0.01569282,0.01741714,0.01951575,0.02237972,0.02471663,0.02700089,0.0291402,0.03110051,0.03300758,0.03507809,0.03753523,0.04061148,0.04441432,0.04898744,0.05426097,0.06006173,0.06628704,0.07287825,0.07988903,0.08752461,0.09602722,0.10560374,0.11630296,0.12807955,0.14069857,0.15373213,0.16714388,0.18121771,0.19622946,0.21277623,0.23155802,0.25282171,0.27588602,0.29997136,0.32439975,0.34851029,0.3738314,0.40238129,0.42842716,0.45651002,0.48512774,0.5139753,0.54284747
TUN,1975,0.1028053,0.02037913,0.01156618,0.00670062,0.00404566,0.00260089,0.00181393,0.00139109,0.00117123,0.00107444,0.00105506,0.00108724,0.00115414,0.00124148,0.00134113,0.00144656,0.00155656,0.00167173,0.00179144,0.00191354,0.0020329,0.00214277,0.00223783,0.00231473,0.00237698,0.00243215,0.00249048,0.00256291,0.00265512,0.00276944,0.00290201,0.0030446,0.00318929,0.00332912,0.00346221,0.00359179,0.00372359,0.00386533,0.00402261,0.00419771,0.00439045,0.00459656,0.004814,0.00504382,0.00529314,0.00557749,0.00591503,0.00632687,0.00682788,0.00742493,0.00811412,0.00887498,0.00968774,0.01053893,0.01143438,0.01240701,0.0135042,0.01479059,0.01632157,0.01813135,0.02066171,0.02285918,0.02504276,0.02712855,0.02910096,0.03108637,0.03328015,0.03590601,0.03918347,0.04321573,0.04802255,0.05349234,0.05942196,0.06563806,0.07205043,0.07876497,0.08599226,0.09401825,0.10313732,0.11343552,0.1248338,0.13716112,0.15014037,0.16363868,0.17787542,0.19340603,0.21088993,0.23090908,0.25382783,0.27915203,0.30551016,0.331631,0.35660453,0.38085493,0.40617582,0.43940954,0.46956887,0.50001071,0.53038964,0.56052965
TUN,1976,0.09654063,0.0185653,0.010572,0.00614523,0.00372224,0.00240005,0.00167898,0.00129142,0.00109057,0.00100359,0.00098848,0.00102189,0.0010882,0.00117401,0.00127142,0.0013736,0.00147905,0.00158762,0.00169862,0.00181055,0.00191905,0.00201908,0.00210706,0.0021805,0.00224239,0.00229845,0.00235686,0.00242632,0.00251129,0.00261429,0.00273218,0.0028594,0.00299053,0.00312036,0.00324824,0.00337602,0.00350819,0.00365075,0.00380761,0.00398175,0.0041733,0.00438016,0.00460149,0.00483735,0.00509287,0.00537751,0.00570349,0.00608645,0.00653792,0.00706629,0.00767469,0.00835943,0.00911582,0.00993964,0.01083544,0.01181525,0.01289679,0.01410591,0.01547397,0.01703756,0.01984492,0.02192968,0.02407636,0.02623911,0.02839906,0.03063126,0.03306936,0.03585638,0.03915285,0.04304958,0.0475843,0.05272023,0.05836147,0.06443441,0.07088804,0.07778904,0.08530581,0.09360091,0.10287563,0.113285,0.12483009,0.13741803,0.15096764,0.16538833,0.18064837,0.19705412,0.21513333,0.23501139,0.25666808,0.28020997,0.3046343,0.32760925,0.34835854,0.36747265,0.38659026,0.41526932,0.4385261,0.46214061,0.48621929,0.5109358
TUN,1977,0.09046287,0.01669851,0.00954309,0.00556677,0.00338367,0.00218887,0.00153605,0.0011851,0.00100384,0.00092665,0.00091564,0.00094962,0.00101439,0.00109764,0.00119166,0.00128963,0.00138955,0.00149074,0.00159245,0.00169348,0.00179097,0.00188116,0.00196166,0.00203119,0.00209199,0.00214832,0.00220623,0.00227223,0.00234969,0.00244079,0.00254413,0.00265598,0.0027731,0.00289235,0.00301354,0.00313804,0.0032689,0.00341022,0.00356502,0.00373596,0.00392413,0.00412934,0.00435153,0.00459058,0.00484879,0.00513061,0.00544288,0.00579466,0.00619542,0.00665508,0.00718345,0.00779162,0.0084887,0.00927975,0.01016464,0.01113819,0.01219316,0.01331977,0.01452534,0.01584601,0.01862685,0.02059021,0.02265377,0.02479109,0.02698991,0.02930107,0.03181999,0.03465569,0.03792897,0.04172232,0.04609974,0.05107709,0.05662345,0.06272283,0.06935727,0.07654965,0.08439026,0.09297959,0.10238893,0.11266455,0.12381148,0.13572928,0.14834744,0.16173916,0.17606332,0.19159764,0.20883594,0.22813413,0.24943376,0.27244419,0.29669408,0.32138414,0.345148,0.36821345,0.39254987,0.42163223,0.44746133,0.47373143,0.50019337,0.52685047
TUN,1978,0.08473162,0.01507174,0.00867633,0.00509585,0.00311614,0.00202607,0.00142736,0.00110444,0.00093753,0.00086697,0.0008582,0.0008919,0.00095505,0.00103624,0.00112818,0.00122405,0.00132131,0.00141863,0.00151477,0.00160815,0.00169598,0.00177545,0.00184478,0.00190502,0.00196109,0.0020172,0.00207709,0.00214268,0.00221426,0.00229293,0.00237874,0.00247303,0.00257478,0.00268259,0.00279701,0.00291861,0.00304966,0.00319199,0.00334671,0.0035159,0.00370148,0.00390689,0.00413475,0.00438633,0.0046607,0.00495451,0.00526493,0.00559029,0.00593514,0.00631261,0.00674506,0.0072654,0.00790606,0.00868861,0.00961368,0.01064559,0.0117317,0.01281285,0.01385611,0.01491087,0.01797122,0.01989984,0.0220238,0.02435064,0.02688636,0.02964814,0.03267079,0.03599743,0.03966953,0.04371049,0.04814276,0.05298784,0.05824411,0.06391975,0.07005519,0.07673131,0.08407955,0.09227013,0.10147604,0.11174372,0.12309204,0.13548399,0.14882329,0.16315946,0.17863153,0.19531402,0.21328345,0.23280054,0.25404339,0.27650645,0.29963797,0.32387157,0.34886812,0.37325419,0.39895666,0.42815311,0.45297408,0.47743963,0.50250823,0.52783482
TUN,1979,0.07955933,0.0135024,0.00788566,0.00469508,0.00290626,0.00190862,0.00135483,0.00105328,0.0008961,0.00082877,0.00081928,0.00084967,0.00090786,0.00098335,0.00106964,0.00116064,0.00125374,0.00134715,0.00143907,0.0015275,0.00160994,0.00168408,0.00174926,0.00180507,0.00185498,0.00190416,0.00195701,0.00201773,0.00208793,0.00216844,0.00225568,0.00234844,0.00244624,0.00254469,0.00264569,0.00275213,0.00286844,0.00299926,0.00314759,0.00331575,0.00350432,0.00371345,0.00394299,0.00419251,0.00446061,0.00474558,0.00504692,0.00536552,0.00570773,0.00608504,0.00651719,0.00703172,0.0076539,0.00840198,0.00927631,0.01024696,0.01127163,0.01230626,0.01332972,0.01438282,0.01724091,0.01912664,0.02122024,0.0235274,0.02604372,0.02876619,0.03169729,0.03485757,0.03827715,0.04200978,0.04613541,0.05076367,0.05602734,0.06201497,0.06877367,0.07629907,0.08451615,0.09333843,0.10270596,0.11262347,0.12311786,0.13427708,0.14639002,0.15976405,0.17467199,0.19139207,0.21000767,0.23031422,0.25211339,0.27502621,0.29794717,0.32029999,0.34254069,0.36510883,0.38900734,0.42078824,0.4474958,0.47347056,0.49941654,0.52575443
TUN,1980,0.07491869,0.01213693,0.00718201,0.00432987,0.00271101,0.00179767,0.0012854,0.00100412,0.00085633,0.00079235,0.00078257,0.00081025,0.00086409,0.00093465,0.00101593,0.00110203,0.00119035,0.00127879,0.00136621,0.00145087,0.00153003,0.00160117,0.00166326,0.00171763,0.00176742,0.00181679,0.00187084,0.00193302,0.00200428,0.00208451,0.00217112,0.00225864,0.00234626,0.00243411,0.00252177,0.00261432,0.00271813,0.00283992,0.00298357,0.00315135,0.00334235,0.00355362,0.0037822,0.00402556,0.00428232,0.00455257,0.00483835,0.00514422,0.00547852,0.00585302,0.00628424,0.00679392,0.00740179,0.00812036,0.00894926,0.00986588,0.01083601,0.01182561,0.01282403,0.01387165,0.01641272,0.01825091,0.02031496,0.02261773,0.02516576,0.02796312,0.03101653,0.03434417,0.03796179,0.04189215,0.04616678,0.05082543,0.0559489,0.06162383,0.06793102,0.07494761,0.08271134,0.09124754,0.10054309,0.11058504,0.12142421,0.13297033,0.14531346,0.15881115,0.17371244,0.19045215,0.20940237,0.23070243,0.25418469,0.27910343,0.30463718,0.32953119,0.35354339,0.37869567,0.40657262,0.44019379,0.46955403,0.49822791,0.5248378,0.55064537
TUN,1981,0.07073317,0.01099018,0.0065767,0.00400747,0.00253336,0.00169387,0.00121904,0.00095634,0.00081749,0.00075681,0.00074696,0.0007723,0.00082219,0.0008875,0.00096242,0.00104139,0.00112203,0.00120261,0.00128146,0.00135692,0.00142728,0.00149121,0.00154871,0.00160086,0.0016508,0.00170141,0.00175665,0.00182048,0.00189324,0.00197425,0.00205992,0.00214574,0.00222681,0.0023032,0.00238,0.00246073,0.00255386,0.00266794,0.00280768,0.00297523,0.00316843,0.00338173,0.00360945,0.00384672,0.00409191,0.00434735,0.00461779,0.00491101,0.00523728,0.00560819,0.00603829,0.00654318,0.00713702,0.00782812,0.00861387,0.00947726,0.01039493,0.01134307,0.01231613,0.01335426,0.01606225,0.01792298,0.01999442,0.02227858,0.02477639,0.02750129,0.0304802,0.03375108,0.03735958,0.04134603,0.04574456,0.05057927,0.05586555,0.06163118,0.06791162,0.07475395,0.08222311,0.09039577,0.09933305,0.10906782,0.11965932,0.13112982,0.14350088,0.15698908,0.17190567,0.18851539,0.20714656,0.22802384,0.25089618,0.27492621,0.29915667,0.32309349,0.34645989,0.37027135,0.3972901,0.42969111,0.45899606,0.48790059,0.51620565,0.54287769
TUN,1982,0.06715603,0.01013768,0.0061026,0.00375171,0.00239446,0.00161472,0.00117053,0.00092292,0.00079065,0.00073185,0.00072101,0.00074363,0.00078976,0.00085062,0.00092051,0.00099422,0.00106925,0.0011439,0.00121686,0.0012866,0.00135176,0.00141129,0.00146548,0.00151557,0.00156455,0.001616,0.00167261,0.00173742,0.00181121,0.00189254,0.00197714,0.00205944,0.00213594,0.00220304,0.00226695,0.00233692,0.00241993,0.00252662,0.0026625,0.00282979,0.00302523,0.00324086,0.0034687,0.00370155,0.00393721,0.00417966,0.00443672,0.00471934,0.00503923,0.00540769,0.00583699,0.00633823,0.00691987,0.00758615,0.00833381,0.00914971,0.01001913,0.01093122,0.01188649,0.01291963,0.01557682,0.01738926,0.01938392,0.02154692,0.02387018,0.02638005,0.02912349,0.03215876,0.03555442,0.0393591,0.04361696,0.04835323,0.05357276,0.05929268,0.06554652,0.07240177,0.07994779,0.08825929,0.0974073,0.10739714,0.11817914,0.12969258,0.14192745,0.1549726,0.16906479,0.18459049,0.20193713,0.22137388,0.24295007,0.26612058,0.28958657,0.31273105,0.33581945,0.35961443,0.38636937,0.41570139,0.44454898,0.47340962,0.5021083,0.53053351
TUN,1983,0.06346117,0.00913351,0.00556254,0.00344714,0.00221279,0.00149886,0.00108989,0.00086142,0.00073955,0.00068574,0.00067648,0.00069804,0.00074113,0.00079767,0.00086246,0.00093064,0.0009999,0.00106842,0.00113499,0.00119853,0.00125795,0.00131264,0.00136311,0.00141076,0.00145843,0.00150941,0.0015668,0.00163241,0.00170607,0.0017867,0.00186927,0.00194756,0.00201747,0.00207723,0.00213012,0.00218698,0.00226015,0.00235874,0.00248935,0.00265424,0.00284929,0.00306441,0.00328951,0.00351547,0.00373938,0.00396654,0.00420722,0.00447602,0.00478617,0.00514826,0.00557206,0.00606375,0.00662751,0.00726298,0.00796617,0.00872939,0.00954473,0.01041181,0.01134018,0.01236062,0.01482567,0.01662655,0.0186816,0.02098963,0.02353954,0.02632796,0.02935445,0.03262086,0.03612967,0.03989682,0.04395675,0.04837214,0.05322017,0.05857322,0.06450597,0.07109499,0.07840892,0.08647513,0.09527796,0.10479062,0.11496733,0.12574287,0.13719809,0.14959445,0.1631884,0.17835302,0.1955611,0.21502535,0.23668833,0.2601392,0.28396852,0.30642209,0.32709149,0.34717237,0.36902423,0.39907647,0.42602176,0.45436318,0.48237321,0.50972227
TUN,1984,0.06012889,0.00836841,0.00513434,0.00320445,0.00207054,0.00141046,0.00103022,0.0008168,0.00070276,0.00065233,0.00064352,0.00066363,0.00070375,0.00075636,0.00081655,0.00087974,0.00094374,0.00100693,0.00106798,0.001126,0.00118044,0.00123091,0.00127815,0.00132362,0.00137012,0.00142072,0.00147817,0.00154469,0.00161901,0.00169897,0.00177985,0.00185459,0.00191883,0.00197062,0.00201569,0.00206252,0.00212502,0.00221721,0.00234363,0.00250705,0.00270259,0.00291826,0.00314185,0.00336236,0.00357653,0.00379074,0.00401724,0.00427362,0.00457543,0.00493313,0.00535385,0.00583864,0.00638701,0.0069958,0.00765986,0.00837639,0.00914524,0.00997411,0.01087941,0.01189254,0.01434023,0.01612044,0.01811413,0.02031055,0.02269446,0.02528485,0.02813169,0.03129725,0.03484578,0.03880065,0.04315612,0.04787992,0.052919,0.0582562,0.06390617,0.06996891,0.07664172,0.0841243,0.09259707,0.10211618,0.11261365,0.12392398,0.13581806,0.14827517,0.1614285,0.17546271,0.19079519,0.20784632,0.22689337,0.24803952,0.27097594,0.29492753,0.31898345,0.34373658,0.3713081,0.39588276,0.4223018,0.45022095,0.47944555,0.5081647
TUN,1985,0.05698377,0.00767843,0.00474128,0.00297752,0.00193498,0.00132481,0.00097165,0.00077267,0.00066603,0.00061896,0.00061085,0.00062967,0.0006672,0.00071616,0.00077205,0.00083054,0.0008896,0.00094774,0.00100383,0.00105688,0.00110658,0.00115302,0.00119702,0.00124019,0.00128519,0.00133497,0.00139205,0.00145831,0.00153286,0.00161244,0.00169116,0.00176222,0.00182083,0.00186516,0.0019014,0.00194067,0.00199452,0.00207843,0.00220094,0.00236245,0.0025579,0.00277361,0.00299543,0.00321042,0.00341498,0.00361681,0.00382966,0.00407344,0.00436557,0.00471752,0.00513428,0.00561142,0.00614322,0.00672344,0.0073479,0.00801803,0.00874034,0.00953135,0.01041256,0.01141463,0.01372057,0.01545746,0.01741373,0.01957914,0.02193439,0.02447247,0.02719686,0.03013431,0.03332784,0.03681684,0.04063848,0.04483063,0.04944756,0.05456762,0.06027529,0.0666427,0.07373509,0.08161147,0.09030999,0.09981553,0.11005833,0.12099431,0.13251522,0.14458104,0.15736693,0.17111815,0.18610358,0.20258779,0.22076557,0.24058812,0.26173283,0.28394255,0.30700846,0.33115658,0.35786852,0.38304914,0.40937219,0.43636171,0.46409241,0.49226811
TUN,1986,0.05414415,0.00706565,0.00437907,0.0027619,0.0018028,0.00123934,0.0009122,0.00072738,0.00062806,0.0005841,0.00057662,0.00059424,0.0006291,0.00067447,0.00072589,0.00077945,0.00083331,0.00088613,0.000937,0.0009852,0.0010303,0.00107264,0.00111339,0.00115413,0.00119746,0.00124613,0.00130244,0.001368,0.00144156,0.00152021,0.00159697,0.00166386,0.00171681,0.00175393,0.00178205,0.00181291,0.00186035,0.00193746,0.00205342,0.0022123,0.00240616,0.00262037,0.00283907,0.0030476,0.00324183,0.00343072,0.00363006,0.00386154,0.00414332,0.00448696,0.00489687,0.00536437,0.00587836,0.00642835,0.00700995,0.00763099,0.0083048,0.00905586,0.00991082,0.01089696,0.01317458,0.01490846,0.01684748,0.018965,0.02124302,0.0237012,0.02637751,0.02932304,0.03261276,0.03629465,0.04038365,0.04485378,0.04964972,0.05475342,0.06018545,0.06602393,0.07239699,0.07944144,0.08732396,0.09617217,0.10603358,0.11687597,0.12865389,0.14128207,0.15469532,0.16899283,0.18434557,0.20084429,0.21858294,0.23764285,0.25789596,0.27927438,0.30193171,0.3262186,0.3531819,0.3776133,0.40336858,0.42964103,0.45643058,0.48394445
TUN,1987,0.05154607,0.00653716,0.00406422,0.00256898,0.00167966,0.00115654,0.00085257,0.0006809,0.00058885,0.00054837,0.00054185,0.00055882,0.00059167,0.00063387,0.0006814,0.00073038,0.00077934,0.00082716,0.00087313,0.00091674,0.00095782,0.00099656,0.00103424,0.00107271,0.0011144,0.00116194,0.00121739,0.00128216,0.00135471,0.00143172,0.00150658,0.00157017,0.00161756,0.00164794,0.00166852,0.00169184,0.00173216,0.00180463,0.00191577,0.00206996,0.00226256,0.00247524,0.00269105,0.00289362,0.00307828,0.00325494,0.00344136,0.0036616,0.00393437,0.00427065,0.00467346,0.00513135,0.00562895,0.00615136,0.0066929,0.00726625,0.0078933,0.00860637,0.00943686,0.01041009,0.01259091,0.01429669,0.01623004,0.01835943,0.02065434,0.02312811,0.0258089,0.0287285,0.03192797,0.03543862,0.03928063,0.04344721,0.04791038,0.05267399,0.0577853,0.06336088,0.06956562,0.07655202,0.08447467,0.09343378,0.10343839,0.11438702,0.12608496,0.1384246,0.15132694,0.16482631,0.17922423,0.19482296,0.21182158,0.23035098,0.25036728,0.27177762,0.29461562,0.31929067,0.34681676,0.37074765,0.39683551,0.42360299,0.45089667,0.47859472
TUN,1988,0.04922037,0.00590995,0.00376795,0.00243923,0.00162927,0.00114191,0.00085315,0.00068706,0.00059591,0.0005534,0.00054219,0.00055146,0.00057355,0.00060173,0.00063248,0.00066344,0.00069451,0.00072652,0.00075991,0.00079488,0.00083096,0.00086755,0.00090465,0.00094312,0.00098531,0.00103396,0.00109168,0.00116049,0.00123845,0.00132074,0.00139751,0.00145622,0.00148939,0.00149615,0.00148968,0.00148889,0.00151345,0.0015834,0.00170871,0.00189119,0.00212055,0.00236776,0.00259509,0.00276979,0.0028856,0.00296686,0.00305199,0.00318836,0.00340987,0.00373592,0.00417104,0.00469245,0.00526564,0.00584893,0.0064114,0.00695635,0.00750807,0.00811309,0.00881742,0.00965692,0.01182588,0.01351157,0.01545385,0.01761753,0.01994991,0.02243604,0.02508866,0.02793487,0.03100881,0.03434159,0.0379772,0.04196047,0.0463274,0.05111592,0.05638147,0.06220721,0.06869889,0.0759457,0.08401741,0.09296077,0.10280506,0.11355956,0.1252173,0.13780645,0.15140738,0.16611235,0.18208317,0.19943516,0.21814415,0.23805087,0.25880037,0.28015865,0.30223328,0.32565816,0.35197368,0.37879995,0.40543657,0.43260412,0.46016789,0.48795298
TUN,1989,0.04715979,0.00563484,0.0035631,0.00228879,0.00151825,0.00105787,0.00078683,0.00063216,0.00054851,0.00051131,0.00050485,0.00051976,0.00054949,0.00058846,0.00063264,0.00067839,0.00072404,0.00076806,0.00080987,0.00084904,0.00088583,0.00092109,0.00095624,0.00099307,0.00103399,0.00108146,0.00113696,0.00120141,0.00127283,0.00134722,0.00141729,0.00147417,0.00151335,0.00153314,0.00154228,0.00155531,0.00158662,0.00165146,0.00175764,0.00190845,0.00209569,0.00230421,0.00251795,0.00271518,0.00289106,0.00305582,0.00322894,0.00343756,0.00370215,0.00403333,0.0044299,0.00487432,0.00534692,0.00582946,0.00631595,0.00682393,0.0073847,0.00804389,0.0088421,0.00980199,0.01194457,0.0136381,0.01555355,0.01765248,0.01988748,0.02224751,0.02475454,0.02746533,0.0304508,0.03376432,0.03745724,0.04157919,0.04617609,0.05128472,0.056934,0.06315544,0.06998698,0.07747865,0.08567692,0.09464268,0.10446865,0.11526638,0.1271809,0.14033193,0.15477834,0.17054001,0.1875137,0.20556884,0.22461465,0.24458843,0.26549286,0.28753973,0.3112894,0.33759299,0.36780432,0.39443338,0.42252713,0.45082778,0.47922751,0.50773284
TUN,1990,0.0453235,0.00525154,0.00336732,0.00219547,0.00147688,0.00104127,0.00078133,0.00063101,0.00054861,0.0005111,0.00050362,0.00051722,0.00054569,0.00058373,0.0006279,0.00067444,0.00072119,0.00076665,0.00080958,0.00084952,0.00088667,0.00092172,0.00095615,0.00099187,0.0010311,0.00107652,0.00113008,0.00119283,0.00126298,0.00133663,0.00140659,0.001464,0.00150416,0.00152629,0.00153772,0.00155196,0.00158439,0.00164986,0.0017562,0.00190649,0.00209469,0.00230177,0.00251132,0.00270814,0.00288325,0.00304766,0.00322063,0.00342908,0.00369325,0.0040241,0.00442071,0.00486496,0.00533679,0.00581833,0.00630476,0.00681318,0.00737293,0.00802779,0.00881839,0.00976973,0.01179873,0.01340983,0.01520786,0.01715191,0.01920317,0.02137162,0.02369508,0.02623904,0.02909871,0.03233215,0.03596388,0.0399835,0.04436417,0.04910864,0.05423526,0.05981431,0.06598013,0.072891,0.08073168,0.08962975,0.09963767,0.11074533,0.12290839,0.1361235,0.15039462,0.16575694,0.18233504,0.20014263,0.21907553,0.23896673,0.25945863,0.28027569,0.30154528,0.3240695,0.34955113,0.37749888,0.40432797,0.43155494,0.45849179,0.48511233
TUN,1991,0.04343112,0.00483856,0.00315943,0.00209216,0.00142613,0.00101643,0.0007688,0.00062388,0.00054353,0.00050642,0.00049846,0.00051118,0.00053863,0.00057589,0.00061971,0.00066697,0.0007151,0.00076193,0.00080626,0.00084694,0.00088432,0.00091909,0.00095273,0.00098724,0.00102505,0.00106863,0.00112018,0.00118119,0.00124996,0.0013228,0.00139255,0.00145039,0.0014915,0.00151481,0.00152843,0.00154452,0.00157759,0.00164346,0.00174968,0.00189939,0.00208642,0.00229432,0.00250232,0.00269478,0.00286996,0.00303387,0.00320657,0.00341471,0.00367838,0.00400842,0.00440441,0.00484861,0.00532029,0.00580101,0.00628604,0.00679331,0.00735161,0.00800257,0.0087851,0.00972486,0.01168275,0.01323305,0.01496817,0.01685154,0.01884449,0.0209508,0.02319807,0.02562713,0.02830334,0.03129075,0.03463656,0.03835781,0.04245765,0.04696775,0.05194222,0.05745705,0.06361153,0.07050917,0.07827337,0.08699981,0.09670271,0.10731484,0.11871821,0.13086571,0.14378952,0.15760762,0.17257487,0.18899526,0.20703569,0.22674794,0.24815483,0.27128423,0.29617836,0.32323241,0.35348925,0.37950047,0.40859413,0.43838781,0.46850973,0.49857015
TUN,1992,0.04159803,0.00457423,0.00296742,0.00195309,0.00132403,0.00093932,0.00070805,0.00057359,0.00049987,0.00046711,0.00046278,0.00047963,0.00051278,0.00055813,0.00061249,0.00067206,0.00073325,0.00079115,0.00084237,0.00088517,0.00092044,0.00095119,0.00098076,0.00101261,0.00104906,0.00109186,0.0011414,0.00119774,0.00125949,0.00132382,0.00138656,0.0014427,0.00148951,0.00152624,0.00155695,0.00158901,0.0016302,0.00169024,0.00177651,0.00189293,0.00204009,0.00221442,0.00241149,0.00262432,0.00285187,0.00309863,0.00336233,0.00364609,0.003951,0.00427471,0.00461481,0.00496685,0.00532974,0.00570906,0.00612036,0.00659393,0.00716512,0.00787313,0.00874942,0.009805,0.01167832,0.0132277,0.01492127,0.01671436,0.01856788,0.02049837,0.02256392,0.02484244,0.02742603,0.03038872,0.03379993,0.03768345,0.0420167,0.04678649,0.05200473,0.05773083,0.06405777,0.07108509,0.07893315,0.08770844,0.09747822,0.10823958,0.11993494,0.1325407,0.14609324,0.1607147,0.17662656,0.19403383,0.21312309,0.23391142,0.25621956,0.28002303,0.30543934,0.33287841,0.36351226,0.39082772,0.42055097,0.45094331,0.48176355,0.51261313
TUN,1993,0.03969428,0.00413968,0.00276657,0.00187288,0.00130222,0.00094362,0.00072278,0.00059143,0.00051747,0.00048252,0.00047439,0.0004858,0.00051163,0.0005477,0.00059114,0.00063909,0.00068955,0.00074044,0.0007892,0.00083379,0.00087367,0.00090851,0.00093976,0.00096926,0.00099989,0.00103503,0.00107766,0.00113027,0.00119247,0.00126172,0.0013313,0.00139228,0.00143908,0.00146936,0.00148968,0.00151182,0.00154936,0.00161596,0.00171934,0.00186346,0.00204249,0.00224111,0.00244256,0.00263068,0.00279785,0.00295695,0.00313036,0.00333835,0.00360134,0.00393006,0.00432447,0.00476841,0.00524268,0.00572812,0.00621707,0.00672382,0.00727486,0.00790927,0.00866169,0.00955458,0.01138595,0.01281893,0.01442152,0.01616203,0.01800562,0.0199528,0.02202733,0.02427613,0.0267616,0.02953529,0.03265852,0.03619623,0.04019518,0.04468201,0.04967652,0.05520916,0.06130832,0.06800132,0.07532391,0.08335722,0.0922501,0.10217826,0.11334474,0.12591382,0.1399563,0.15545209,0.17222881,0.19005112,0.2086837,0.22800598,0.2480254,0.26890393,0.29123425,0.31594005,0.34430292,0.37127749,0.39887657,0.42724588,0.45618292,0.48547822
TUN,1994,0.03768265,0.00379328,0.00255615,0.00174415,0.00122145,0.00089055,0.00068542,0.00056277,0.00049348,0.00046076,0.0004533,0.00046438,0.00048949,0.00052487,0.00056801,0.00061628,0.00066773,0.00072025,0.0007718,0.00081943,0.00086131,0.00089683,0.00092639,0.00095201,0.00097701,0.00100536,0.00104099,0.00108742,0.00114469,0.00121101,0.00128029,0.00134358,0.00139476,0.00143046,0.0014561,0.00148234,0.00152197,0.00158902,0.00169018,0.00182867,0.00200012,0.00219011,0.00238335,0.00256484,0.00273106,0.00288814,0.00305679,0.00326557,0.00352769,0.00385496,0.00424772,0.00469085,0.0051658,0.00565401,0.00614679,0.00665473,0.00720048,0.00781961,0.00854561,0.00940102,0.01120643,0.01259149,0.01415215,0.01586987,0.01771827,0.01969537,0.02181812,0.02411998,0.02665217,0.02945995,0.03257994,0.03604835,0.03990764,0.04419207,0.04892493,0.0541386,0.05989504,0.06627758,0.07337592,0.0812886,0.09013064,0.10001889,0.1110703,0.12337505,0.13698198,0.15191183,0.16817541,0.18575938,0.20457923,0.22447877,0.24525285,0.26672995,0.28898599,0.31259647,0.33889468,0.36738914,0.39509246,0.42357464,0.45264626,0.48207694
TUN,1995,0.03557912,0.00346611,0.00235994,0.00162641,0.00114938,0.00084449,0.00065391,0.00053914,0.00047395,0.0004431,0.00043624,0.00044714,0.00047166,0.00050661,0.00054981,0.00059895,0.00065209,0.00070703,0.00076136,0.00081251,0.00085731,0.00089372,0.00092219,0.00094402,0.00096339,0.00098521,0.00101416,0.00105475,0.00110788,0.00117182,0.00124114,0.0013069,0.00136229,0.00140343,0.00143403,0.00146444,0.00150646,0.00157334,0.00167317,0.00180748,0.00197249,0.00215552,0.00234184,0.00251891,0.0026822,0.00284255,0.00301234,0.00321771,0.00348287,0.00381071,0.00420471,0.00465061,0.00512904,0.00562324,0.00612173,0.00663421,0.00717955,0.00778756,0.00849162,0.00931357,0.01112422,0.0124532,0.0139287,0.01553382,0.01725376,0.01910312,0.02111822,0.02335053,0.02586573,0.02871096,0.03191357,0.0354643,0.03933359,0.04352743,0.04806429,0.05301287,0.05850697,0.06471228,0.07181858,0.07994886,0.08914588,0.09939521,0.11060567,0.12272675,0.13577164,0.14982822,0.16511694,0.18187115,0.20027947,0.22036636,0.24188107,0.26461662,0.28841144,0.31351322,0.34110746,0.36894225,0.39765723,0.42716453,0.45726948,0.48770818
TUN,1996,0.03340455,0.00314232,0.00216574,0.00151026,0.00107882,0.00079987,0.00062378,0.00051678,0.00045557,0.00042642,0.00041993,0.00043052,0.00045434,0.00048853,0.00053139,0.0005809,0.00063536,0.00069242,0.00074936,0.000803,0.00085038,0.00088802,0.00091526,0.00093377,0.00094772,0.0009632,0.00098582,0.00102095,0.00107007,0.0011322,0.0012017,0.0012698,0.00132957,0.00137606,0.00141217,0.00144681,0.0014913,0.00155849,0.00165587,0.0017865,0.00194553,0.00212066,0.00230002,0.00247145,0.00263234,0.00279196,0.00296647,0.00317373,0.00343526,0.0037664,0.00416211,0.00461079,0.00509459,0.00559522,0.00610146,0.00661939,0.0071651,0.00776518,0.00844863,0.00923846,0.01099434,0.01227268,0.01369544,0.0152489,0.01692422,0.01874247,0.02073757,0.02295085,0.02543797,0.02823536,0.03137093,0.03484798,0.03863192,0.04271549,0.04713144,0.0519643,0.05734727,0.06342217,0.07036521,0.07830582,0.08728666,0.09724136,0.10810276,0.11983804,0.13241312,0.14593745,0.16065141,0.17678874,0.19455938,0.21405372,0.23505838,0.25731104,0.28069815,0.30537673,0.3322168,0.3590245,0.38695634,0.41570117,0.44509816,0.47505304
TUN,1997,0.03121618,0.0028158,0.00196732,0.00138991,0.00100482,0.00075267,0.00059166,0.00049283,0.00043581,0.00040843,0.00040229,0.00041244,0.0004355,0.00046894,0.00051124,0.0005609,0.00061635,0.00067534,0.00073478,0.00079094,0.00084,0.00087861,0.00090492,0.00091986,0.00092871,0.00093782,0.00095411,0.00098378,0.00102879,0.00108871,0.00115827,0.00122846,0.00129201,0.00134345,0.00138462,0.00142334,0.0014701,0.00153722,0.00163191,0.00175718,0.00190963,0.00207718,0.00224828,0.00241355,0.0025709,0.00272955,0.00290454,0.00311704,0.00337932,0.00370557,0.00410318,0.00455316,0.00504007,0.00554556,0.00605721,0.0065781,0.00712142,0.00771065,0.0083715,0.00912639,0.01078882,0.01201055,0.01339732,0.01494123,0.01663271,0.0184767,0.02048386,0.02266402,0.02503112,0.02760682,0.03042049,0.03351874,0.03695034,0.04075305,0.04498429,0.04973348,0.05508903,0.06112237,0.06790387,0.07551864,0.08405021,0.09350348,0.10391698,0.11541906,0.12801755,0.14168987,0.15646047,0.17233825,0.18934029,0.20753404,0.2270458,0.24805406,0.27086241,0.29602841,0.32429746,0.34951957,0.37696746,0.40534059,0.43442414,0.46403932
TUN,1998,0.02909612,0.00251041,0.00177679,0.00127079,0.00092901,0.00070262,0.00055652,0.00046599,0.00041338,0.00038805,0.00038259,0.0003927,0.00041555,0.0004491,0.00049199,0.00054293,0.00060079,0.00066342,0.00072767,0.00078914,0.00084297,0.00088453,0.0009121,0.00092533,0.00092946,0.00093251,0.00094199,0.00096557,0.00100576,0.00106243,0.00113054,0.00120106,0.00126617,0.00132011,0.00136434,0.00140585,0.00145412,0.0015204,0.00161163,0.00173054,0.00187459,0.00203398,0.00219687,0.00235429,0.00250617,0.00266236,0.00283809,0.00305349,0.00332627,0.00366021,0.00406161,0.00452377,0.00501855,0.0055279,0.00603597,0.00654644,0.00707227,0.00763678,0.00826629,0.00898156,0.01065868,0.01186218,0.01322989,0.01475658,0.01643179,0.0182592,0.02025314,0.02243348,0.02481556,0.02741401,0.03025327,0.03336807,0.03680674,0.0406152,0.04483054,0.04951266,0.05475336,0.06063912,0.06724524,0.07465119,0.08297394,0.09227995,0.10268513,0.11435585,0.12738499,0.14173162,0.15721223,0.17368007,0.19097805,0.20902917,0.22798393,0.24817662,0.27014135,0.29458739,0.32251112,0.34874613,0.3760579,0.40427559,0.43326015,0.46278381
TUN,1999,0.02710541,0.00224953,0.00160585,0.00115867,0.00085471,0.00065261,0.0005222,0.00044207,0.00039665,0.00037663,0.00037541,0.00038906,0.00041493,0.00045093,0.0004956,0.0005471,0.00060375,0.00066342,0.00072327,0.00077998,0.00083063,0.00087309,0.00090697,0.00093326,0.00095356,0.00097141,0.00099113,0.0010162,0.00104862,0.00108837,0.00113337,0.00118004,0.00122592,0.00126956,0.00131306,0.0013613,0.00141974,0.00149485,0.00159084,0.00170921,0.00184839,0.00200234,0.00216498,0.00232983,0.00249546,0.00266901,0.00285859,0.00307596,0.00333125,0.00362972,0.00396722,0.00434278,0.00475552,0.00519072,0.00564749,0.00613407,0.00666399,0.00725645,0.00793291,0.00870838,0.01039033,0.01163282,0.01302565,0.01455913,0.01621885,0.01800606,0.01993685,0.02204153,0.02435652,0.02690322,0.02970341,0.03278934,0.03619698,0.03997967,0.04419585,0.0489033,0.05419095,0.06017354,0.06695331,0.07460233,0.08318105,0.0927021,0.10323594,0.11489745,0.12768606,0.14160036,0.15651631,0.1722777,0.18882368,0.20615869,0.22445059,0.24405959,0.26558368,0.28977674,0.31760477,0.34239357,0.36900199,0.39641959,0.42458165,0.45332976
TUN,2000,0.02529469,0.00199196,0.00145834,0.00107787,0.00081269,0.00063205,0.00051293,0.00043829,0.00039514,0.00037553,0.00037368,0.00038618,0.00041073,0.00044563,0.00048963,0.00054113,0.00059814,0.00065807,0.00071828,0.00077515,0.00082585,0.00086811,0.00090153,0.00092714,0.00094774,0.00096591,0.00098522,0.00100979,0.00104097,0.0010794,0.00112317,0.00116884,0.00121415,0.00125784,0.00130162,0.00135025,0.00140933,0.00148505,0.00158139,0.00169962,0.00183806,0.00199058,0.00215106,0.00231471,0.00247894,0.00264956,0.00283699,0.00305274,0.00330727,0.00360534,0.00394886,0.00432505,0.00473168,0.00517033,0.00562801,0.00611445,0.00664212,0.00722936,0.00789666,0.00866021,0.01035433,0.01159786,0.01298925,0.01451618,0.01616579,0.01794147,0.01985574,0.02193461,0.02421879,0.02674424,0.02953727,0.03262921,0.03606259,0.03988811,0.04417742,0.04900971,0.05445757,0.06060523,0.06755471,0.07537545,0.08409845,0.09368349,0.10415668,0.11563065,0.1281432,0.14172228,0.15643279,0.17227759,0.18923092,0.20732922,0.22661707,0.24724982,0.2696023,0.29430184,0.32234007,0.34816327,0.37568841,0.40406617,0.43317573,0.46281057
TUN,2001,0.02366163,0.00178282,0.00133671,0.00101073,0.00077797,0.00061575,0.00050646,0.00043657,0.00039541,0.00037613,0.00037369,0.00038517,0.00040858,0.00044254,0.00048602,0.00053757,0.00059523,0.00065589,0.00071642,0.0007735,0.00082419,0.00086637,0.00089957,0.0009248,0.00094485,0.00096342,0.00098307,0.00100721,0.00103789,0.0010752,0.00111789,0.00116283,0.00120784,0.00125177,0.00129645,0.00134599,0.00140593,0.00148262,0.00157967,0.00169839,0.00183665,0.00198834,0.00214741,0.00230879,0.00247223,0.0026419,0.00282696,0.00304171,0.00329596,0.00359537,0.0039408,0.00432624,0.00473644,0.00517097,0.00563483,0.00612391,0.00665236,0.00723788,0.00790002,0.00865534,0.01035325,0.01157696,0.0129458,0.01445075,0.01608362,0.01785961,0.01980495,0.02194784,0.02432561,0.02696602,0.02988265,0.03306905,0.03651062,0.04022668,0.04426818,0.04875737,0.05387526,0.05979233,0.06670733,0.07477998,0.08406465,0.09445936,0.10581675,0.11807628,0.13114692,0.14498775,0.15967199,0.17534951,0.19218567,0.21035551,0.23008789,0.25167765,0.27553198,0.30225948,0.33274806,0.35747386,0.38574549,0.41481634,0.44447553,0.47451508
TUN,2002,0.02221358,0.00160126,0.00122694,0.00094746,0.00074342,0.0005981,0.00049821,0.000433,0.00039378,0.00037486,0.00037187,0.00038234,0.00040461,0.00043767,0.00048061,0.00053215,0.00059028,0.00065177,0.00071301,0.00077018,0.00082085,0.00086283,0.00089575,0.0009206,0.00094015,0.000958,0.00097781,0.00100193,0.00103173,0.00106808,0.00110925,0.00115297,0.0011973,0.00124111,0.00128621,0.00133661,0.00139729,0.00147435,0.00157155,0.00169,0.00182741,0.00197757,0.00213445,0.00229301,0.0024531,0.00262101,0.0028045,0.00301628,0.00326883,0.00356753,0.00391358,0.00430025,0.00471938,0.00515572,0.00561268,0.00610461,0.00663109,0.0072116,0.00786502,0.0086082,0.01027657,0.01147834,0.01282351,0.01430349,0.01591061,0.01765803,0.01957533,0.02169433,0.02404646,0.0266511,0.02952541,0.03267513,0.03608263,0.03975863,0.04375237,0.04817467,0.05321394,0.05906063,0.06589298,0.07383912,0.08296398,0.09317352,0.10430102,0.11625547,0.12895295,0.14239936,0.15672772,0.17208946,0.1886776,0.20660912,0.22589581,0.24665657,0.26912694,0.29380857,0.32170712,0.34673219,0.37396179,0.40200075,0.43070351,0.45985221
TUN,2003,0.02093825,0.00145022,0.00113111,0.00088995,0.00071059,0.00058027,0.00048898,0.0004283,0.00039108,0.00037262,0.00036929,0.00037897,0.00040028,0.00043245,0.00047474,0.00052595,0.00058413,0.00064596,0.00070768,0.00076486,0.00081476,0.000856,0.00088827,0.00091268,0.00093179,0.00094904,0.000968,0.00099207,0.0010217,0.00105717,0.00109758,0.00114017,0.00118379,0.00122746,0.00127291,0.00132408,0.00138573,0.0014634,0.00156065,0.00167875,0.00181528,0.00196393,0.00211861,0.00227435,0.00243112,0.00259535,0.0027771,0.00298755,0.00323741,0.00353498,0.00388117,0.00426949,0.00469085,0.00513743,0.00559614,0.00607964,0.00660717,0.00718277,0.00782763,0.00855873,0.01018885,0.01136639,0.01268416,0.0141355,0.01571362,0.01743192,0.0193173,0.021405,0.02373061,0.02630647,0.02913837,0.03223495,0.03558988,0.03921008,0.04313806,0.04749017,0.05245232,0.05822885,0.06502378,0.07292863,0.08193814,0.09192702,0.10268264,0.11409321,0.12612325,0.13894083,0.15298043,0.16860962,0.18600261,0.20501187,0.22482297,0.24453254,0.26350825,0.28190367,0.30139743,0.33010192,0.35516839,0.38106753,0.40763874,0.43477874
TUN,2004,0.01979714,0.0013147,0.00104644,0.00083809,0.00067982,0.00056265,0.00047911,0.00042262,0.00038742,0.00036953,0.00036596,0.00037501,0.00039554,0.00042699,0.00046877,0.00051984,0.00057813,0.00064031,0.0007025,0.00076018,0.00081007,0.00085052,0.0008821,0.00090588,0.00092448,0.00094122,0.00095945,0.00098251,0.00101193,0.00104711,0.00108662,0.00112862,0.00117144,0.00121489,0.00126069,0.00131255,0.0013751,0.00145365,0.00155121,0.00166887,0.00180444,0.00195151,0.00210396,0.00225686,0.00241032,0.0025709,0.00274879,0.00295772,0.00320667,0.00350199,0.00384781,0.00423727,0.00466139,0.00511104,0.0055809,0.00606556,0.00658254,0.00715682,0.00779367,0.0085134,0.01014215,0.01128689,0.01257304,0.01399777,0.01555548,0.01725207,0.0191013,0.02112179,0.02334129,0.02578215,0.02846172,0.03141183,0.03468257,0.03832964,0.04240598,0.04699221,0.05220533,0.05815825,0.06497235,0.07272583,0.08142653,0.09101132,0.10148994,0.11295156,0.12541709,0.13894909,0.15368359,0.16974966,0.18723695,0.20620502,0.22673829,0.24893938,0.27301647,0.29947142,0.32917525,0.35571389,0.38491474,0.41506716,0.44588964,0.47711074
TUN,2005,0.01881932,0.00120898,0.00097719,0.0007943,0.00065324,0.00054715,0.00047026,0.00041743,0.00038399,0.00036665,0.00036285,0.00037129,0.0003911,0.00042194,0.00046328,0.00051417,0.00057258,0.00063499,0.00069754,0.00075555,0.00080577,0.00084601,0.00087662,0.00089962,0.00091747,0.00093354,0.00095107,0.00097318,0.00100145,0.00103634,0.00107562,0.00111697,0.00115957,0.00120271,0.00124873,0.00130126,0.00136462,0.00144394,0.00154207,0.00165958,0.00179409,0.00193951,0.00208971,0.00223978,0.00238994,0.00254694,0.00272111,0.00292626,0.00317414,0.00346923,0.00381343,0.00420345,0.00462974,0.00508299,0.00555614,0.00605171,0.00656799,0.00712836,0.00776071,0.00846923,0.01010511,0.01124181,0.01250253,0.01387888,0.01536467,0.01697318,0.01873097,0.02066998,0.02282634,0.02523149,0.02790978,0.03087621,0.03414756,0.03776795,0.04178887,0.04627247,0.05131879,0.05703823,0.06353824,0.07089998,0.07914982,0.08816881,0.09792424,0.10858771,0.12026331,0.13309793,0.14732786,0.16316499,0.18069593,0.19978009,0.21994717,0.24077309,0.26194973,0.28361511,0.30696446,0.33517161,0.36216747,0.39020506,0.41912516,0.44863948
TUN,2006,0.01797581,0.00112306,0.00091971,0.00075704,0.00062987,0.00053301,0.00046187,0.00041229,0.00038045,0.00036366,0.0003598,0.00036774,0.0003869,0.00041721,0.00045821,0.00050902,0.00056755,0.00063025,0.0006931,0.00075145,0.00080198,0.0008425,0.00087277,0.00089464,0.00091159,0.00092676,0.0009435,0.0009648,0.00099203,0.00102577,0.00106494,0.00110641,0.00114883,0.00119226,0.00123842,0.00129154,0.00135582,0.001436,0.00153475,0.00165249,0.00178638,0.00193025,0.00207836,0.00222575,0.0023727,0.00252616,0.00269666,0.00289815,0.0031427,0.0034378,0.00378297,0.00417239,0.00460061,0.00505755,0.00553553,0.00603483,0.00656176,0.00711907,0.00773388,0.00843589,0.01005096,0.01116722,0.01240813,0.01376841,0.01524234,0.01684198,0.01858995,0.02051614,0.02265224,0.0250205,0.02764446,0.03054118,0.0337313,0.03726176,0.04120439,0.04564612,0.05068262,0.05642388,0.0629856,0.07043597,0.07879684,0.0878709,0.09756912,0.10806597,0.11942612,0.1317951,0.14540255,0.16047666,0.17724621,0.19587766,0.21637789,0.23875401,0.26314099,0.28980738,0.31940267,0.34766393,0.37758587,0.40859987,0.44049069,0.47298959
TUN,2007,0.01727208,0.00106213,0.00087509,0.00072713,0.00061077,0.00052119,0.00045478,0.00040796,0.00037748,0.00036113,0.00035715,0.00036471,0.00038331,0.00041309,0.00045382,0.00050467,0.00056351,0.00062662,0.00069003,0.00074897,0.0008001,0.00084107,0.00087158,0.00089293,0.00090853,0.00092261,0.00093822,0.0009585,0.00098472,0.00101732,0.00105538,0.00109697,0.00113986,0.00118351,0.00123034,0.00128384,0.0013488,0.00142979,0.00152913,0.00164703,0.00178061,0.00192323,0.00206911,0.00221383,0.00235766,0.00250766,0.00267453,0.00287243,0.00311353,0.00340569,0.00375175,0.00414322,0.00457167,0.00503132,0.00551334,0.00601698,0.00654606,0.00711191,0.00772054,0.00840154,0.01000468,0.01110706,0.01233058,0.01367182,0.01512729,0.01670837,0.01843817,0.02034598,0.02246622,0.0248214,0.02742495,0.03029156,0.03344092,0.03691807,0.04079166,0.04516792,0.05017076,0.05590121,0.06246895,0.06993412,0.07827396,0.0872662,0.09670348,0.10672508,0.11751715,0.12936708,0.1427698,0.15813289,0.17568787,0.19536443,0.21647393,0.23812433,0.25947212,0.28036986,0.30201165,0.33192245,0.35934566,0.38781312,0.4172058,0.44734606
TUN,2008,0.01665462,0.00099735,0.00083233,0.00069798,0.00059086,0.0005076,0.00044533,0.00040116,0.00037224,0.00035663,0.00035287,0.00036032,0.0003786,0.00040786,0.00044798,0.0004984,0.00055702,0.00062012,0.00068346,0.0007422,0.00079302,0.00083378,0.00086422,0.00088557,0.00090052,0.00091308,0.00092744,0.00094641,0.00097148,0.00100308,0.0010402,0.00108107,0.00112458,0.00116925,0.0012168,0.00127132,0.00133682,0.00141841,0.00151829,0.00163634,0.00176952,0.00191116,0.00205504,0.00219681,0.00233738,0.00248382,0.00264697,0.00284113,0.00307864,0.00336749,0.00371094,0.00410415,0.00453555,0.00499581,0.00548048,0.00598722,0.0065187,0.0070838,0.00769813,0.00836998,0.00996711,0.01106682,0.01227842,0.01360162,0.01503532,0.01659587,0.01831042,0.02021301,0.02234162,0.02472219,0.02736422,0.03025932,0.0334062,0.03683452,0.04059386,0.04477852,0.04953631,0.05500871,0.0613221,0.06858101,0.0768506,0.08599058,0.09590598,0.1067067,0.11850334,0.1314479,0.1456647,0.16124446,0.17823201,0.19666011,0.21658367,0.23816206,0.26169981,0.28772812,0.31716813,0.34395504,0.37317612,0.40342351,0.43451287,0.46622007
TUN,2009,0.01618383,0.00096168,0.00080288,0.00067628,0.00057554,0.00049684,0.00043764,0.00039541,0.0003677,0.00035269,0.0003491,0.00035644,0.00037445,0.00040337,0.00044301,0.00049296,0.00055139,0.0006146,0.00067822,0.00073722,0.00078821,0.00082901,0.00085946,0.00088069,0.00089537,0.00090694,0.00091945,0.00093689,0.00096042,0.00099073,0.00102685,0.00106693,0.00110997,0.00115557,0.00120434,0.00125966,0.00132608,0.00140791,0.00150794,0.00162594,0.00175856,0.00189905,0.00204123,0.00218033,0.00231743,0.00246032,0.00261979,0.00281024,0.0030441,0.00332954,0.00366997,0.00406098,0.00449489,0.00495855,0.00544342,0.00595161,0.00648395,0.00704821,0.00765785,0.00833222,0.00992593,0.01100403,0.01221844,0.01354492,0.01498493,0.01654969,0.01825794,0.02013464,0.02221193,0.0245225,0.02710068,0.02996798,0.03314313,0.03666748,0.04059109,0.04496929,0.04987425,0.05540556,0.06165685,0.0687034,0.07665508,0.08548723,0.09523456,0.10609704,0.11814236,0.13152458,0.14643316,0.16295104,0.18106236,0.20055698,0.22096726,0.24184024,0.26290851,0.28437473,0.3074192,0.3373469,0.36491148,0.39337805,0.42263177,0.45254485
TUN,2010,0.01577617,0.00092199,0.00077648,0.00065703,0.00056109,0.00048597,0.0004293,0.00038877,0.0003622,0.00034803,0.00034494,0.00035248,0.00037046,0.00039918,0.00043857,0.00048812,0.00054619,0.00060937,0.00067333,0.00073286,0.00078427,0.00082531,0.0008558,0.00087696,0.00089139,0.00090254,0.00091391,0.00092939,0.00095138,0.00098022,0.00101525,0.00105472,0.00109749,0.00114323,0.0011935,0.00125051,0.00131806,0.00140099,0.0015013,0.00161935,0.00175174,0.00189143,0.00203217,0.00216931,0.00230354,0.00244289,0.00259894,0.00278604,0.00301672,0.00329931,0.00363745,0.00402688,0.00446024,0.00492843,0.00541834,0.00592734,0.00646096,0.00702512,0.00763267,0.00830162,0.00990329,0.01097275,0.01215882,0.01347422,0.01489107,0.01642194,0.01808353,0.01990063,0.02190345,0.02412893,0.02662059,0.02942387,0.0325812,0.03612906,0.04011809,0.04459265,0.04958082,0.05512687,0.06129625,0.06815893,0.0757882,0.08416564,0.09338162,0.10366904,0.11516943,0.12800676,0.14239551,0.15853399,0.17643257,0.19592267,0.21652044,0.23769201,0.25909099,0.28083927,0.30400276,0.33438701,0.362567,0.39179171,0.42184232,0.45256337
TUN,2011,0.01550631,0.00092736,0.00077635,0.00065632,0.0005607,0.00048594,0.00042962,0.00038927,0.00036256,0.00034801,0.00034455,0.00035176,0.00036953,0.00039843,0.00043848,0.00048907,0.00054823,0.00061261,0.00067868,0.0007414,0.00079614,0.0008396,0.00087094,0.00089184,0.00090588,0.00091641,0.000927,0.000941,0.00096049,0.00098702,0.00101979,0.00105763,0.0010997,0.0011454,0.00119604,0.00125466,0.00132381,0.00140752,0.00150836,0.00162591,0.00175747,0.00189603,0.00203517,0.00217027,0.0023022,0.00243854,0.00259104,0.00277479,0.00300217,0.0032816,0.00361694,0.00400418,0.00443607,0.00490375,0.00539819,0.00591127,0.00644336,0.00700549,0.00760896,0.00827212,0.00989346,0.01097818,0.01216622,0.01346665,0.0148941,0.01642846,0.01808945,0.01990172,0.02189615,0.02410821,0.02658027,0.02935709,0.03249378,0.03603354,0.04000825,0.0444581,0.04941897,0.05492803,0.06103805,0.06784473,0.07544767,0.08380303,0.09298092,0.1032151,0.11463169,0.12737557,0.14157819,0.15744243,0.17508176,0.19432516,0.21467368,0.23551412,0.25637997,0.27733233,0.29947466,0.32960304,0.35713201,0.38582748,0.4154135,0.44565595
TUN,2012,0.01520787,0.00088067,0.00074255,0.0006294,0.00053857,0.0004675,0.00041408,0.00037609,0.00035136,0.00033846,0.0003363,0.00034448,0.00036269,0.00039125,0.0004302,0.00047919,0.00053667,0.00059937,0.00066358,0.00072441,0.00077767,0.00082025,0.00085137,0.00087224,0.00088582,0.00089568,0.0009054,0.0009185,0.0009368,0.00096175,0.00099362,0.00103069,0.00107223,0.0011178,0.00116861,0.0012276,0.00129821,0.00138331,0.00148471,0.00160257,0.00173326,0.00187046,0.00200781,0.0021406,0.00226986,0.00240337,0.0025524,0.00273223,0.00295605,0.00323229,0.00356504,0.00395028,0.00438057,0.00484677,0.00533988,0.00585573,0.00638902,0.00694578,0.00754274,0.00819698,0.00979209,0.01086197,0.01206877,0.01339449,0.01485358,0.01646561,0.01819656,0.02005609,0.02205355,0.02421347,0.02657436,0.0291921,0.03213569,0.03547895,0.03929029,0.04361943,0.04852398,0.05406433,0.06030085,0.06731514,0.07522236,0.08417566,0.09407931,0.10489861,0.11683983,0.12992899,0.14419245,0.15966173,0.17649921,0.19491906,0.21508962,0.23722749,0.26161896,0.28871578,0.31928165,0.34649156,0.37674951,0.40820639,0.44060223,0.47360747
TUN,2013,0.01501093,0.00086583,0.0007286,0.00061669,0.00052722,0.00045744,0.00040512,0.00036813,0.0003443,0.0003321,0.00033041,0.00033885,0.0003572,0.00038584,0.00042487,0.00047391,0.00053141,0.00059426,0.00065896,0.00072104,0.00077617,0.00082056,0.00085263,0.00087337,0.00088634,0.00089532,0.00090408,0.00091607,0.00093317,0.00095639,0.00098594,0.00102145,0.00106181,0.00110684,0.00115772,0.001217,0.00128792,0.00137411,0.00147621,0.00159362,0.00172341,0.00185843,0.00199314,0.00212296,0.00224888,0.0023789,0.00252449,0.00270027,0.00291952,0.00319136,0.00351969,0.00390106,0.00432831,0.00479198,0.00528241,0.00579507,0.00632842,0.0068822,0.00746887,0.00811278,0.00969197,0.01076235,0.01197249,0.01332326,0.01478996,0.0163866,0.01813146,0.01999228,0.02198113,0.02412384,0.02645796,0.02903574,0.0319345,0.03522693,0.03899236,0.04328823,0.0481572,0.05367296,0.05990414,0.0669183,0.07478577,0.08346055,0.093144,0.10384659,0.11542668,0.1281944,0.14237186,0.158194,0.17580156,0.19522995,0.21607316,0.2376663,0.25939801,0.2811471,0.30396898,0.33482749,0.3630932,0.39248179,0.42287058,0.45402618
TUN,2014,0.01485428,0.00086271,0.00072373,0.00061108,0.00052144,0.00045189,0.00040002,0.00036352,0.00034025,0.00032867,0.00032752,0.00033635,0.00035496,0.00038389,0.00042318,0.00047235,0.00052993,0.00059293,0.00065818,0.00072107,0.00077725,0.00082297,0.00085609,0.0008773,0.00088997,0.00089811,0.00090587,0.00091691,0.00093302,0.00095535,0.00098369,0.00101758,0.00105723,0.001102,0.00115321,0.00121338,0.00128534,0.00137251,0.00147641,0.00159525,0.0017253,0.00186014,0.00199334,0.00212127,0.00224508,0.0023728,0.0025162,0.00269022,0.00290753,0.00317745,0.00350477,0.00388576,0.00431369,0.00477911,0.00527155,0.00578532,0.00631838,0.00687459,0.00746035,0.0080966,0.00966982,0.01074077,0.01195201,0.01330381,0.01479228,0.01638899,0.01810852,0.01997888,0.02197215,0.024124,0.02648009,0.02909847,0.03205743,0.03543791,0.03931124,0.04373224,0.04872363,0.05430583,0.06052873,0.06746007,0.07518548,0.08370152,0.0931011,0.10378307,0.11571206,0.12875278,0.14319436,0.1591246,0.17657882,0.19544381,0.2154454,0.23624773,0.25755583,0.27950662,0.30312247,0.33291846,0.36078037,0.38964585,0.41944124,0.45002518
TUN,2015,0.01474922,0.00086644,0.00072251,0.00060749,0.00051676,0.00044681,0.00039501,0.00035883,0.0003359,0.00032469,0.00032395,0.00033311,0.0003519,0.00038088,0.00042027,0.00046944,0.00052686,0.00058969,0.00065501,0.00071848,0.00077528,0.00082166,0.00085551,0.00087718,0.00088994,0.00089738,0.00090401,0.00091391,0.00092898,0.00095023,0.00097766,0.00101043,0.00104867,0.00109301,0.00114416,0.00120473,0.00127747,0.00136531,0.00146955,0.00158937,0.00171989,0.00185386,0.0019858,0.00211114,0.00223214,0.00235705,0.00249759,0.00266896,0.00288405,0.00315145,0.00347616,0.00385534,0.00428186,0.00474658,0.00523885,0.00575173,0.00628183,0.00683259,0.00741529,0.00804535,0.0096315,0.01070432,0.01192105,0.01328265,0.01478451,0.01641992,0.01815405,0.02000834,0.02201512,0.02416273,0.02650349,0.02909998,0.03203322,0.03538244,0.03922871,0.04362338,0.04860328,0.05419047,0.06039895,0.06730259,0.07499481,0.08346653,0.09280374,0.10321846,0.11504277,0.12823316,0.14264067,0.15854822,0.17596724,0.19478507,0.21459909,0.23503302,0.25583331,0.27711829,0.29998802,0.32978106,0.35731502,0.38585398,0.415234,0.4453673
TUN,2016,0.014672,0.0008683,0.00071383,0.00059057,0.00049475,0.00042256,0.00037072,0.00033619,0.00031601,0.00030816,0.00031092,0.0003233,0.00034461,0.000375,0.00041469,0.00046327,0.0005195,0.00058108,0.00064606,0.00071095,0.00077155,0.00082379,0.00086525,0.0008956,0.00091621,0.00092873,0.00093584,0.00094111,0.00094719,0.0009562,0.00096995,0.00099035,0.001019,0.00105789,0.00110908,0.0011734,0.00125202,0.00134545,0.00145296,0.00157277,0.00170153,0.00183259,0.00196142,0.00208641,0.00220866,0.00233556,0.00247588,0.00264089,0.002841,0.00308391,0.00337475,0.00371485,0.00410389,0.00453843,0.00501423,0.00552646,0.00607056,0.00664641,0.00725972,0.00792783,0.0095382,0.01063758,0.01187883,0.01325825,0.01477133,0.01641154,0.01817136,0.02002259,0.02199569,0.02414568,0.02647613,0.02905617,0.03196886,0.03529266,0.03910409,0.04346446,0.04840759,0.05397455,0.06018335,0.06706593,0.07472022,0.08315445,0.09244339,0.10278474,0.11431512,0.12739374,0.14197715,0.15787344,0.17529998,0.19410804,0.21386804,0.23405402,0.25435289,0.27494406,0.29698534,0.32676789,0.35396447,0.38218322,0.41124799,0.440977
TUN,2017,0.01464618,0.0008799,0.00071539,0.00058567,0.00048604,0.00041196,0.00035953,0.0003252,0.00030567,0.00029871,0.0003024,0.00031572,0.00033789,0.00036861,0.0004078,0.00045528,0.00051035,0.00057096,0.00063457,0.00069776,0.00075688,0.00080847,0.00085007,0.00088097,0.00090187,0.00091411,0.00092025,0.00092345,0.00092721,0.00093437,0.000947,0.00096699,0.00099608,0.00103583,0.00108793,0.00115415,0.00123461,0.00132946,0.00143762,0.00155665,0.00168315,0.00181241,0.00193903,0.00206087,0.00218066,0.00230472,0.00244294,0.00260633,0.00280494,0.00304659,0.00333667,0.00367593,0.00406444,0.00449977,0.00497697,0.00549072,0.00603538,0.0066089,0.00721538,0.00787292,0.00949524,0.01059532,0.01183233,0.01321639,0.01474007,0.01639632,0.01817409,0.02006973,0.02205486,0.02417891,0.0265141,0.02907923,0.03196779,0.03526412,0.03904738,0.04337552,0.04829182,0.05383069,0.06002959,0.06692234,0.07455779,0.08295434,0.09220581,0.102495,0.11395255,0.126729,0.14122029,0.15732951,0.17475426,0.19355483,0.2132538,0.23331311,0.25329272,0.27334343,0.29473289,0.32424819,0.35110858,0.37904537,0.40785636,0.437347
TUN,2018,0.01460601,0.00089425,0.00071689,0.00058067,0.00047765,0.00040195,0.00034906,0.00031497,0.00029598,0.00028975,0.00029424,0.0003083,0.00033116,0.00036247,0.00040207,0.0004497,0.00050486,0.000566,0.00063051,0.00069483,0.00075538,0.00080835,0.00085114,0.00088234,0.00090287,0.00091441,0.00091935,0.00092085,0.00092208,0.00092665,0.00093736,0.00095635,0.00098531,0.00102591,0.00107919,0.00114634,0.00122828,0.00132396,0.0014321,0.00155005,0.00167408,0.00179979,0.00192397,0.00204353,0.00216046,0.00228244,0.00241802,0.00257919,0.0027758,0.00301547,0.0033039,0.00364246,0.00403055,0.00446603,0.00494472,0.00545964,0.00600423,0.00657509,0.00717453,0.00782017,0.00947274,0.01058812,0.01182392,0.01317604,0.01464576,0.01622651,0.01791945,0.01973325,0.02168568,0.02377161,0.02605862,0.02862613,0.03148697,0.03471496,0.03837814,0.0425397,0.04726541,0.05263549,0.05872474,0.06561797,0.07336671,0.08190925,0.0912905,0.10166097,0.11311334,0.12580912,0.14001329,0.15622365,0.17435805,0.19405136,0.21507309,0.2367928,0.25860765,0.28035519,0.30314321,0.33430331,0.36313719,0.39320472,0.4242403,0.45597922
TUN,2019,0.01446887,0.0008867,0.00070778,0.00056933,0.0004651,0.00038919,0.00033668,0.00030331,0.00028522,0.00027992,0.0002853,0.00030015,0.00032362,0.00035536,0.00039533,0.00044322,0.00049854,0.00055997,0.00062545,0.00069116,0.00075308,0.00080743,0.00085119,0.00088287,0.00090286,0.00091321,0.00091678,0.00091663,0.00091601,0.0009182,0.00092677,0.00094459,0.00097343,0.00101482,0.00106971,0.00113848,0.0012213,0.00131779,0.00142563,0.00154211,0.00166365,0.0017859,0.00190606,0.00202336,0.00213856,0.00225822,0.00239217,0.00255083,0.00274515,0.00298277,0.00326935,0.00360689,0.00399543,0.0044318,0.00491167,0.00542815,0.00597248,0.00654018,0.00713262,0.00776681,0.00942685,0.01053631,0.01177847,0.01314098,0.01461843,0.0162183,0.01793449,0.01977265,0.02174473,0.02387673,0.02617013,0.02870129,0.03156443,0.03477708,0.0384192,0.04255884,0.04726241,0.05260381,0.05866845,0.06553174,0.07327356,0.08184617,0.09123031,0.10158313,0.11302079,0.12569247,0.13985474,0.15576997,0.1738633,0.19382969,0.21487992,0.23660904,0.25838307,0.28005016,0.30260313,0.33353629,0.36209014,0.3919165,0.42278697,0.45440597
TUN,2020,0.01426613,0.00088008,0.00069731,0.00055759,0.00045324,0.00037776,0.00032595,0.00029334,0.00027601,0.00027143,0.00027745,0.00029287,0.00031681,0.00035589,0.00041279,0.00048083,0.00055302,0.00062154,0.00068025,0.00073031,0.00077364,0.00081238,0.00085007,0.00088201,0.00090168,0.00091068,0.00091244,0.00091052,0.00090813,0.00090866,0.00091534,0.00093179,0.00096034,0.00100256,0.00105907,0.00112999,0.0012145,0.00131131,0.00143098,0.00157463,0.00172808,0.00187644,0.00200559,0.00211982,0.00223422,0.00235337,0.00248572,0.002643,0.00284184,0.0030956,0.00340556,0.00376933,0.00418308,0.00464108,0.00513995,0.00567598,0.00624424,0.0068415,0.00749647,0.00823972,0.0100556,0.01132556,0.01272717,0.01425696,0.01590985,0.01768956,0.01961233,0.0216787,0.02396852,0.02650403,0.02922223,0.03202281,0.03492093,0.03800438,0.04137537,0.04520497,0.04964614,0.05485239,0.06112976,0.06866731,0.07742639,0.08727215,0.09805485,0.111863,0.12946238,0.14889522,0.16834527,0.18609044,0.2034275,0.22314482,0.2442594,0.26559253,0.2868885,0.30793643,0.32972887,0.35969354,0.38733212,0.41637708,0.44661874,0.47777974
TUN,2021,0.01399491,0.00086371,0.00068205,0.00054343,0.00044027,0.000366,0.00031529,0.00028365,0.00026712,0.00026322,0.0002698,0.00028568,0.00031002,0.00034426,0.0003892,0.0004432,0.00050442,0.00056996,0.00063792,0.00070656,0.00077215,0.00082987,0.00087648,0.00091038,0.00093175,0.00094244,0.00094564,0.00094554,0.00094734,0.00095526,0.00097176,0.00099927,0.0010399,0.00109601,0.00116897,0.00125849,0.00136348,0.00148158,0.00161096,0.00174982,0.00189469,0.00204299,0.00219319,0.0023476,0.00251115,0.00269002,0.0028898,0.00311973,0.00339454,0.00372501,0.00411755,0.00457331,0.00509156,0.00567062,0.00630886,0.00699977,0.00773746,0.00851902,0.00936548,0.01030524,0.01233121,0.01383173,0.01547931,0.01728832,0.01927467,0.02141864,0.02371747,0.02618483,0.02882601,0.03166131,0.03470417,0.03797692,0.04146079,0.04522133,0.04939117,0.05408129,0.05950801,0.06586951,0.07344717,0.08238935,0.09264889,0.10407239,0.11643394,0.13095041,0.14790082,0.16593554,0.18396979,0.20089595,0.21806942,0.23752642,0.25886404,0.28079945,0.30204681,0.32256461,0.34345573,0.37398572,0.40161943,0.43053229,0.46063301,0.49167936
TUN,2022,0.01369974,0.00084685,0.00067608,0.00054457,0.00044575,0.00037385,0.00032405,0.00029254,0.0002758,0.0002714,0.00027747,0.00029283,0.00031675,0.00035028,0.00039404,0.00044677,0.00050679,0.00057191,0.00063984,0.00070814,0.00077314,0.00083023,0.00087615,0.00090928,0.00093066,0.00094213,0.00094659,0.00094812,0.00095167,0.00096105,0.0009783,0.00100513,0.00104341,0.00109573,0.00116378,0.00124758,0.00134604,0.00145778,0.00158084,0.00171318,0.00185266,0.00199526,0.00213901,0.00228524,0.00243732,0.00260179,0.00278711,0.00300097,0.00325608,0.00356466,0.00393005,0.00435562,0.00484219,0.00538312,0.00597455,0.00661955,0.00730248,0.00801166,0.00878177,0.00968071,0.01150727,0.01298135,0.01447648,0.01615535,0.01802679,0.02004114,0.02220143,0.02452373,0.02701626,0.02969499,0.03258525,0.0357183,0.03912846,0.04280542,0.04686913,0.05150339,0.05682601,0.06300243,0.07025877,0.07872567,0.08838284,0.09916476,0.1109531,0.12467988,0.14055844,0.1575934,0.17506087,0.19226833,0.21024583,0.23030752,0.25200099,0.27479414,0.29696651,0.31860503,0.34163116,0.37277358,0.40240733,0.43282915,0.46427783,0.4970228
TUN,2023,0.01203024,0.00073647,0.00060238,0.00049673,0.00041526,0.00035443,0.00031095,0.00028233,0.0002663,0.00026083,0.00026466,0.00027702,0.00029741,0.0003259,0.00036266,0.00040757,0.00045939,0.00051705,0.00057813,0.000639,0.00069591,0.0007446,0.00078367,0.00081159,0.0008299,0.00084117,0.00084746,0.00085254,0.00085903,0.00086924,0.00088489,0.00090638,0.00093562,0.00097385,0.00102276,0.00108362,0.0011562,0.00124113,0.00133802,0.00144497,0.001559,0.001676,0.00179195,0.00190562,0.00201767,0.00213468,0.0022647,0.00241834,0.00260443,0.00283175,0.00310253,0.00341742,0.00378358,0.00418493,0.00461205,0.00508862,0.0055817,0.00606023,0.00658097,0.00729822,0.00848359,0.00974305,0.01074033,0.01195781,0.01338303,0.01486729,0.01646753,0.01822049,0.02007226,0.02206403,0.02423905,0.02664828,0.02933274,0.03236023,0.03574909,0.03958871,0.04400413,0.04897357,0.05457001,0.06086,0.06791253,0.07585433,0.08469762,0.09451897,0.10547593,0.11762415,0.1311254,0.1462951,0.16332199,0.18164668,0.20149778,0.22257525,0.24266195,0.26360402,0.28780067,0.31506617,0.34448689,0.373716,0.40359037,0.43537793
TUN,2024,0.01153247,0.00070856,0.00058019,0.00047893,0.00040081,0.00034246,0.00030073,0.00027328,0.00025794,0.00025281,0.0002567,0.00026886,0.0002889,0.00031689,0.000353,0.00039722,0.00044823,0.00050491,0.00056505,0.00062536,0.00068186,0.00072995,0.00076852,0.00079677,0.00081538,0.00082661,0.00083282,0.00083774,0.00084421,0.00085418,0.00086968,0.00089115,0.0009204,0.0009585,0.00100653,0.00106616,0.00113743,0.00122109,0.00131649,0.00142183,0.00153355,0.001647,0.0017601,0.00187095,0.00198061,0.0020957,0.00222343,0.00237418,0.00255873,0.00278378,0.00304994,0.00335963,0.003718,0.00411121,0.00453008,0.00499731,0.00548104,0.00595097,0.00646051,0.00716069,0.0083184,0.00954794,0.01052108,0.01170984,0.01310121,0.01454929,0.01611377,0.01784324,0.01966975,0.0216219,0.02376342,0.02614127,0.02879257,0.0317792,0.0351588,0.03894305,0.04325423,0.04815941,0.05366425,0.05984883,0.06678531,0.07460947,0.08334965,0.09306632,0.10391376,0.11600314,0.12946129,0.14453933,0.16142967,0.17961229,0.19931342,0.22025523,0.24001604,0.26083987,0.28527171,0.31256227,0.34214306,0.37157238,0.40168637,0.43365238
TUN,2025,0.01102967,0.00068025,0.00055764,0.00046084,0.0003861,0.00033026,0.00029027,0.00026403,0.00024942,0.00024464,0.00024859,0.00026056,0.00028018,0.00030761,0.00034305,0.00038646,0.00043663,0.00049242,0.00055153,0.00061094,0.00066703,0.00071481,0.00075299,0.00078097,0.00080012,0.00081181,0.00081793,0.00082282,0.00082914,0.00083905,0.00085425,0.00087531,0.00090439,0.00094234,0.00099005,0.00104861,0.00111825,0.00120035,0.00129424,0.00139789,0.00150787,0.00161873,0.00172822,0.00183623,0.00194307,0.00205564,0.00218096,0.00232883,0.00250963,0.00273221,0.00299517,0.00329912,0.00365115,0.00403558,0.00444552,0.00490322,0.00537717,0.00583776,0.0063375,0.00702169,0.00815102,0.00935116,0.0102998,0.01145881,0.01281615,0.01422857,0.01575599,0.01744582,0.01924742,0.02117207,0.02326962,0.02561337,0.02822837,0.03117579,0.03450737,0.03827632,0.04252985,0.04732064,0.05275301,0.05883647,0.06565708,0.07336173,0.08197307,0.09157534,0.10230584,0.11427348,0.12767076,0.14269333,0.159476,0.1775163,0.19706821,0.21786111,0.23750866,0.25798864,0.28229547,0.30981953,0.33953039,0.36914762,0.3994859,0.43170412
TUN,2026,0.0105769,0.0006546,0.00053718,0.00044441,0.00037273,0.00031915,0.00028074,0.00025556,0.00024163,0.00023719,0.00024118,0.00025296,0.0002722,0.00029906,0.00033381,0.00037647,0.00042576,0.00048073,0.00053904,0.00059751,0.00065288,0.0007004,0.00073853,0.00076635,0.0007854,0.00079774,0.00080423,0.00080905,0.00081532,0.00082503,0.00084009,0.0008606,0.00088917,0.00092682,0.00097425,0.00103237,0.00110064,0.00118098,0.00127322,0.00137532,0.00148365,0.00159272,0.0016998,0.00180437,0.00190857,0.00201837,0.00214091,0.00228608,0.00246348,0.00268162,0.00294166,0.00324203,0.00358781,0.00396586,0.00436705,0.00481546,0.00528045,0.00573227,0.00622251,0.00689368,0.00799822,0.00917073,0.01009754,0.01122889,0.01255398,0.01393363,0.01542758,0.01707967,0.01884258,0.02074393,0.02281457,0.02511729,0.0276976,0.03060757,0.03389866,0.03761815,0.04186284,0.04659567,0.05191165,0.05792336,0.06464323,0.07223976,0.08073258,0.09020686,0.1008247,0.11267911,0.12596785,0.1409389,0.15767593,0.17563006,0.19506252,0.21573965,0.23529522,0.25569118,0.27965974,0.30710451,0.33719204,0.36701189,0.39761013,0.43012155
TUN,2027,0.01015418,0.00063047,0.00051788,0.00042886,0.00036005,0.00030859,0.00027166,0.00024748,0.00023416,0.00023004,0.00023409,0.00024568,0.00026454,0.00029083,0.00032484,0.00036666,0.00041508,0.00046911,0.00052661,0.00058435,0.00063889,0.00068578,0.00072388,0.00075187,0.00077093,0.00078329,0.00079036,0.00079555,0.00080172,0.00081132,0.0008261,0.00084623,0.00087413,0.00091111,0.00095808,0.00101573,0.00108323,0.00116199,0.00125226,0.00135255,0.00145925,0.00156652,0.00167189,0.00177413,0.00187493,0.00198201,0.00210142,0.00224333,0.00241734,0.00263121,0.00288592,0.00318266,0.00352418,0.00389549,0.00429005,0.0047288,0.00518446,0.00562775,0.00610851,0.00676636,0.00784856,0.00899575,0.00990079,0.01100617,0.01229975,0.01364664,0.0151081,0.01672428,0.01844823,0.0203092,0.02235488,0.02463149,0.0271668,0.03003766,0.03328628,0.03695985,0.04115431,0.04587434,0.05112604,0.05701242,0.06365294,0.07114604,0.07952046,0.08886424,0.09933975,0.11106759,0.12423531,0.139082,0.15574994,0.17364507,0.19297409,0.21352026,0.23297397,0.25326221,0.27710316,0.30418503,0.33427236,0.36443311,0.39520781,0.42793941
TUN,2028,0.00980376,0.00060966,0.00050108,0.00041519,0.00034876,0.00029909,0.00026341,0.00024005,0.00022721,0.00022328,0.00022731,0.00023867,0.00025707,0.00028272,0.00031589,0.00035667,0.00040397,0.00045691,0.00051326,0.00057003,0.0006237,0.00066964,0.00070711,0.00073509,0.0007543,0.00076661,0.00077357,0.00077926,0.00078568,0.00079504,0.00080951,0.00082909,0.00085642,0.00089252,0.00093853,0.00099539,0.00106202,0.00113974,0.00122815,0.0013262,0.00143091,0.00153638,0.00164004,0.00174074,0.00183938,0.00194309,0.00205949,0.00219785,0.00236798,0.00257765,0.00282728,0.00311769,0.00345484,0.00382158,0.00420914,0.00464062,0.0050864,0.00552066,0.00599212,0.00663655,0.00769584,0.00881988,0.00970516,0.01078431,0.0120478,0.01336225,0.01479064,0.01637153,0.018058,0.01987779,0.02187989,0.02413197,0.0266379,0.02945858,0.03266283,0.03628829,0.04043643,0.04510148,0.05033718,0.05615418,0.06266211,0.07007732,0.07834364,0.08756404,0.09790313,0.10948375,0.12252894,0.13725449,0.15380066,0.17163841,0.19092043,0.21138471,0.23076336,0.25097912,0.27471583,0.30169208,0.33157713,0.3618138,0.39300525,0.426001
TUN,2029,0.00945658,0.00058906,0.00048443,0.00040163,0.00033758,0.00028965,0.00025521,0.00023267,0.0002203,0.00021657,0.00022055,0.00023168,0.00024967,0.00027468,0.00030702,0.00034678,0.00039287,0.00044457,0.0004998,0.00055545,0.00060828,0.00065353,0.00069027,0.00071787,0.0007373,0.00074993,0.00075692,0.00076256,0.00076945,0.000779,0.00079316,0.00081232,0.00083899,0.00087437,0.00091933,0.00097506,0.00104066,0.00111733,0.00120453,0.00130059,0.001403,0.00150641,0.00160841,0.00170757,0.00180482,0.00190635,0.00201894,0.00215384,0.00231968,0.00252455,0.00276911,0.00305336,0.00338317,0.0037452,0.00412809,0.00455178,0.0049901,0.00541472,0.00587628,0.00650744,0.00754378,0.00864412,0.0095122,0.01056746,0.01180076,0.01308439,0.01448014,0.01602531,0.01767513,0.01945553,0.02141345,0.02362172,0.02610045,0.02888811,0.03203709,0.03561337,0.03971414,0.0443295,0.04950673,0.0553058,0.06174076,0.06902427,0.07721062,0.08631986,0.09653105,0.10797115,0.12087237,0.13547548,0.15190307,0.16963049,0.18886603,0.2092999,0.22864795,0.24881233,0.27247016,0.29934949,0.3292567,0.35936519,0.39069374,0.42416035
TUN,2030,0.00913216,0.00056973,0.0004688,0.00038889,0.00032705,0.00028077,0.00024747,0.0002257,0.00021377,0.00021021,0.00021415,0.00022503,0.00024263,0.00026707,0.00029863,0.00033743,0.00038238,0.00043279,0.00048678,0.00054139,0.00059326,0.00063789,0.00067419,0.00070131,0.00072056,0.00073355,0.00074091,0.00074659,0.00075339,0.00076331,0.00077754,0.00079625,0.00082235,0.00085691,0.00090098,0.00095547,0.00101969,0.00109514,0.00118113,0.00127589,0.00137625,0.00147728,0.00157734,0.001675,0.00177085,0.001871,0.00198106,0.00211169,0.00227341,0.00247314,0.00271205,0.00299026,0.00331307,0.00366729,0.00404556,0.00446424,0.00489478,0.00531262,0.0057639,0.00638155,0.00739578,0.00847295,0.00932365,0.01035843,0.01156483,0.01281827,0.01418375,0.01569426,0.01730756,0.01905006,0.02096634,0.02313042,0.02556168,0.02831864,0.03143042,0.03494586,0.03899717,0.04356034,0.04868289,0.05441788,0.0608304,0.06804072,0.07608614,0.08510827,0.09519791,0.10649859,0.11925297,0.13369998,0.14999506,0.16760173,0.18672418,0.20711236,0.22646162,0.24660431,0.27018502,0.29697009,0.32687913,0.35704641,0.38828282,0.42192039
TUN,2031,0.00881618,0.00055086,0.0004535,0.0003764,0.00031671,0.00027203,0.00023987,0.00021883,0.00020733,0.00020395,0.00020784,0.00021848,0.00023564,0.00025951,0.00029032,0.00032816,0.00037197,0.00042109,0.00047366,0.00052702,0.00057794,0.00062176,0.00065766,0.00068458,0.00070357,0.00071656,0.00072435,0.00073044,0.00073728,0.00074708,0.00076158,0.00078023,0.00080577,0.00083963,0.00088272,0.00093613,0.00099887,0.00107274,0.00115734,0.00125075,0.00134977,0.00144865,0.00154641,0.00164225,0.00173673,0.00183545,0.00194378,0.00207145,0.00222817,0.00242286,0.00265566,0.00292707,0.00324282,0.00358937,0.00395935,0.00437278,0.00479828,0.00520869,0.00565246,0.00625592,0.00724738,0.00830156,0.00913467,0.01014819,0.0113307,0.01255664,0.01389158,0.01536924,0.01694635,0.01865031,0.0205258,0.02264758,0.02503065,0.02773526,0.03081206,0.03428568,0.03827525,0.04278491,0.04785137,0.05352772,0.05987182,0.06706295,0.07503199,0.08390612,0.09390307,0.10507481,0.11768711,0.13197888,0.14811167,0.16558803,0.18459092,0.20487118,0.22420316,0.24435891,0.26789291,0.29457945,0.32447601,0.35466993,0.38597776,0.41954163
TUN,2032,0.00851557,0.00053287,0.00043892,0.0003645,0.00030686,0.00026371,0.00023261,0.00021229,0.00020119,0.00019797,0.00020181,0.0002122,0.00022896,0.00025226,0.00028238,0.00031936,0.00036211,0.00041003,0.0004613,0.00051329,0.00056311,0.00060622,0.00064158,0.00066838,0.00068738,0.00070025,0.00070811,0.00071464,0.00072183,0.00073159,0.00074588,0.00076465,0.00078998,0.00082313,0.00086536,0.00091762,0.00097907,0.00105128,0.00113414,0.00122606,0.00132372,0.00142126,0.001517,0.0016107,0.00170351,0.00180089,0.00190752,0.00203315,0.00218636,0.00237524,0.00260222,0.00286657,0.00317469,0.00351379,0.00387594,0.00428048,0.00470109,0.0051074,0.00554336,0.00613609,0.00710485,0.00813608,0.00895238,0.00994518,0.01110385,0.01230649,0.01361467,0.01506016,0.01660397,0.01827071,0.02010573,0.02218693,0.02452472,0.0271772,0.03019727,0.03363239,0.03758084,0.04202485,0.04703454,0.05265147,0.05893351,0.06605819,0.07400768,0.08280381,0.09264606,0.10372239,0.1162075,0.13035413,0.14633249,0.16365922,0.18254616,0.20272873,0.22199674,0.24216803,0.26572508,0.2923823,0.32231202,0.35258633,0.38401235,0.41774323
TUN,2033,0.0082239,0.0005154,0.00042475,0.00035291,0.00029726,0.00025558,0.00022553,0.00020589,0.00019519,0.00019212,0.00019591,0.00020608,0.00022243,0.00024517,0.00027455,0.00031069,0.00035247,0.00039922,0.00044922,0.00049991,0.00054846,0.00059065,0.00062556,0.00065208,0.00067118,0.00068424,0.00069207,0.00069871,0.00070632,0.00071637,0.00073053,0.00074898,0.00077429,0.00080709,0.00084846,0.0008997,0.0009598,0.00103056,0.00111158,0.00120164,0.00129779,0.00139396,0.00148849,0.0015803,0.00167106,0.00176677,0.00187175,0.00199534,0.00214597,0.0023306,0.00255089,0.00280843,0.00310852,0.0034394,0.0037938,0.00418978,0.00460132,0.00500351,0.00543501,0.00601651,0.00696629,0.00797417,0.00877311,0.00974574,0.01088077,0.01205962,0.01334504,0.014762,0.01627271,0.01790478,0.01970024,0.02174068,0.02403472,0.02663786,0.02960113,0.03297462,0.03688502,0.0412849,0.04622495,0.05178144,0.05800005,0.06506374,0.07294295,0.08171814,0.09147675,0.10238743,0.11477396,0.12878133,0.1446026,0.16177221,0.18050513,0.20057046,0.21975956,0.2398662,0.26341453,0.29006444,0.32002359,0.35033874,0.38183904,0.41566913
TUN,2034,0.00793741,0.00049821,0.00041081,0.00034152,0.00028782,0.0002476,0.00021858,0.00019962,0.0001893,0.00018638,0.00019012,0.00020006,0.00021602,0.0002382,0.00026688,0.00030215,0.000343,0.0003887,0.0004375,0.00048694,0.00053429,0.00057538,0.00060963,0.00063596,0.00065499,0.0006683,0.0006764,0.00068305,0.00069075,0.00070114,0.00071549,0.0007337,0.00075856,0.00079119,0.00083206,0.00088228,0.00094116,0.00101039,0.00108981,0.00117792,0.00127216,0.00136678,0.00146009,0.00155087,0.00163987,0.00173352,0.00183655,0.00195816,0.00210625,0.00228767,0.00250301,0.00275283,0.0030452,0.00336746,0.00371329,0.00410083,0.00450371,0.00489732,0.00532446,0.00589842,0.00682877,0.00781742,0.00859837,0.00955031,0.01066233,0.0118176,0.01307973,0.01447246,0.01595393,0.01755151,0.01931011,0.02131072,0.02356085,0.02611636,0.02902587,0.03233778,0.03618606,0.04054547,0.04543904,0.05092266,0.05707811,0.0640813,0.07189874,0.0806034,0.09034351,0.10117047,0.11339283,0.12730194,0.14298639,0.16001515,0.17860933,0.19854817,0.21767093,0.23773236,0.26123189,0.28790171,0.3179869,0.34843223,0.38007445,0.41408156
TUN,2035,0.00766796,0.00048201,0.00039766,0.00033076,0.0002789,0.00024005,0.00021199,0.00019366,0.00018371,0.00018093,0.00018461,0.00019432,0.00020991,0.00023156,0.00025954,0.00029399,0.00033386,0.00037859,0.00042632,0.00047459,0.00052077,0.00056083,0.0005942,0.00062011,0.00063917,0.00065256,0.00066097,0.00066789,0.00067557,0.00068597,0.00070055,0.00071879,0.00074328,0.0007753,0.00081584,0.0008654,0.00092305,0.00099088,0.0010686,0.00115498,0.0012472,0.00133985,0.00143171,0.0015214,0.00160947,0.00170132,0.00180196,0.00192124,0.00206683,0.00224503,0.00245651,0.0027005,0.00298417,0.00329811,0.00363488,0.00401305,0.00440735,0.00479276,0.0052107,0.00577723,0.0066924,0.00766141,0.00842878,0.00935948,0.01044806,0.0115805,0.01281945,0.01418732,0.01564405,0.01721109,0.01893285,0.02089598,0.02310265,0.02560975,0.02846663,0.03171938,0.03550413,0.03979621,0.04464515,0.05007766,0.05615433,0.06309335,0.07084469,0.07948205,0.08914466,0.09994897,0.11208444,0.12581595,0.14139277,0.15828685,0.17674197,0.19655077,0.21557685,0.23558143,0.25902642,0.28564897,0.31585123,0.34646853,0.37828557,0.41247557
TUN,2036,0.00740478,0.00046611,0.00038474,0.00032017,0.00027011,0.0002326,0.00020548,0.00018778,0.00017819,0.00017554,0.00017917,0.00018865,0.00020385,0.00022497,0.00025226,0.00028585,0.00032477,0.00036841,0.00041511,0.00046231,0.00050738,0.00054641,0.00057893,0.00060419,0.00062304,0.00063661,0.00064518,0.00065245,0.00066037,0.00067071,0.00068521,0.00070355,0.00072795,0.00075945,0.00079923,0.00084827,0.00090505,0.00097147,0.00104762,0.00113215,0.00122255,0.00131309,0.00140306,0.00149142,0.00157851,0.00166943,0.00176796,0.00188448,0.00202718,0.00220221,0.00240978,0.0026491,0.00292606,0.00323049,0.00355843,0.00392657,0.00431114,0.0046883,0.00509735,0.00565113,0.00655072,0.00750423,0.00825704,0.00917088,0.01023492,0.01134343,0.01255939,0.01390204,0.01533282,0.01687361,0.01856217,0.02048722,0.02265252,0.02511125,0.02791415,0.03110825,0.03483104,0.03905367,0.04382922,0.04921153,0.05523068,0.06208732,0.06976685,0.07832993,0.08791539,0.09863071,0.11073697,0.12436196,0.13973797,0.15651153,0.17481507,0.19447193,0.21338016,0.23327388,0.2566217,0.2831506,0.31334854,0.34406609,0.37602728,0.41034651
TUN,2037,0.0071424,0.00045029,0.00037186,0.00030962,0.00026134,0.00022517,0.00019899,0.00018191,0.00017267,0.00017016,0.00017374,0.00018299,0.00019781,0.00021838,0.00024498,0.00027773,0.00031565,0.00035822,0.00040376,0.00044994,0.00049402,0.00053207,0.00056376,0.00058839,0.00060679,0.00062031,0.00062916,0.00063662,0.00064486,0.00065538,0.00066973,0.00068789,0.00071223,0.00074349,0.00078259,0.00083069,0.00088676,0.00095212,0.00102668,0.0011095,0.00119797,0.00128661,0.00137452,0.00146106,0.00154691,0.00163681,0.0017341,0.00184811,0.00198744,0.00215882,0.00236249,0.00259702,0.00286848,0.00316554,0.00348325,0.00384151,0.00421551,0.00458304,0.00498301,0.0055242,0.00640223,0.00733973,0.00808249,0.00897829,0.01002248,0.01110578,0.01229743,0.01361496,0.01501934,0.01653255,0.01819244,0.02008325,0.0222067,0.02461951,0.02736885,0.03050345,0.03416563,0.03832174,0.04302347,0.04832815,0.05429384,0.06109449,0.06868894,0.07717891,0.08668911,0.0973278,0.10935126,0.12295065,0.13822399,0.1548162,0.17302053,0.19255847,0.21137955,0.23119448,0.25445073,0.28092155,0.31117125,0.3419945,0.37416882,0.40874903
TUN,2038,0.00689289,0.00043518,0.00035956,0.00029954,0.00025297,0.00021807,0.00019279,0.00017631,0.0001674,0.00016501,0.00016853,0.00017758,0.00019202,0.00021208,0.00023801,0.00026997,0.00030697,0.00034848,0.00039296,0.00043805,0.00048125,0.0005185,0.00054943,0.00057347,0.00059146,0.00060471,0.0006136,0.00062135,0.00062976,0.00064052,0.00065495,0.00067284,0.00069687,0.00072794,0.00076664,0.00081392,0.00086887,0.00093339,0.00100678,0.00108792,0.00117466,0.00126136,0.0013475,0.00143214,0.00151632,0.00160502,0.0017011,0.00181365,0.00195003,0.00211745,0.00231694,0.00254695,0.0028131,0.00310445,0.00341464,0.00376193,0.00412597,0.00448344,0.00487338,0.00540248,0.00626009,0.00717589,0.00790901,0.00879255,0.00981663,0.01088086,0.01204789,0.01334004,0.01471933,0.01620568,0.01783673,0.01969924,0.02178611,0.02415379,0.02685347,0.02993038,0.03353222,0.03762424,0.04225601,0.04748321,0.05336732,0.06011547,0.06765108,0.07605179,0.08548461,0.09604377,0.10799023,0.1214991,0.13673728,0.15322735,0.17124905,0.19069247,0.20943212,0.22916919,0.25232747,0.27869763,0.30897549,0.33988663,0.37219894,0.40701715
TUN,2039,0.00665904,0.00042095,0.00034797,0.00029002,0.00024506,0.00021135,0.00018692,0.000171,0.00016241,0.00016013,0.0001636,0.00017243,0.00018652,0.00020608,0.00023138,0.00026254,0.00029865,0.00033919,0.00038259,0.00042665,0.00046887,0.00050542,0.00053577,0.00055927,0.00057686,0.00058985,0.00059856,0.00060639,0.00061506,0.00062592,0.00064049,0.00065833,0.00068197,0.00071259,0.00075095,0.00079769,0.00085163,0.00091488,0.00098731,0.0010672,0.00115223,0.00123718,0.00132147,0.00140447,0.00148686,0.00157389,0.00166854,0.0017796,0.00191411,0.00207799,0.0022729,0.00249806,0.00275912,0.0030449,0.00334929,0.00368846,0.00404121,0.0043891,0.00476841,0.00528435,0.00612216,0.00701731,0.00773425,0.00860584,0.00961595,0.0106606,0.01180931,0.01307547,0.01442904,0.0158896,0.01749228,0.01932582,0.02138195,0.02370956,0.02635989,0.02938258,0.03292488,0.03695196,0.04151499,0.04666718,0.05246808,0.05913191,0.06660934,0.07494502,0.08427918,0.09475173,0.10661188,0.12002908,0.13515897,0.15160372,0.1695081,0.18875923,0.20742789,0.22707462,0.25010888,0.27633977,0.30656013,0.33749067,0.36987043,0.40479305
TUN,2040,0.00641803,0.00040636,0.00033607,0.00028024,0.00023691,0.00020443,0.00018087,0.00016551,0.00015724,0.00015509,0.0001585,0.0001671,0.00018083,0.00019988,0.0002245,0.00025485,0.00029,0.00032951,0.00037182,0.00041475,0.00045595,0.00049162,0.00052143,0.00054453,0.00056175,0.00057449,0.00058304,0.00059075,0.00059949,0.00061056,0.00062515,0.00064301,0.00066648,0.00069656,0.0007343,0.00078051,0.00083368,0.00089572,0.00096667,0.00104544,0.00112912,0.00121223,0.00129477,0.00137596,0.00145673,0.00154186,0.00163448,0.00174369,0.00187612,0.00203738,0.00222791,0.00244743,0.00270261,0.00298256,0.00328075,0.00361308,0.00395695,0.00429306,0.00466152,0.00516281,0.00597842,0.00685193,0.00755227,0.00840327,0.0093979,0.01042771,0.01155558,0.01280055,0.01412564,0.01555758,0.01713079,0.01893362,0.0209562,0.02324774,0.02585176,0.02881816,0.03230231,0.03626343,0.04075518,0.04583224,0.05155148,0.05812916,0.06551616,0.07378949,0.08305468,0.0934241,0.10519984,0.11852985,0.13356946,0.14992032,0.1677947,0.18695611,0.20549901,0.22511604,0.24807031,0.27420449,0.30442175,0.33540576,0.36791722,0.40302595
TUN,2041,0.00619943,0.00039305,0.0003252,0.0002713,0.00022945,0.00019808,0.0001753,0.00016046,0.00015249,0.00015044,0.00015378,0.00016218,0.00017556,0.00019412,0.00021812,0.00024771,0.00028197,0.00032047,0.00036177,0.00040367,0.00044387,0.00047872,0.00050786,0.00053067,0.00054768,0.00056018,0.00056857,0.00057615,0.00058474,0.00059581,0.0006105,0.00062825,0.0006516,0.00068136,0.00071841,0.00076383,0.0008163,0.00087743,0.00094705,0.00102424,0.00110679,0.00118856,0.00126938,0.00134895,0.00142802,0.00151154,0.00160203,0.00170892,0.00183907,0.00199776,0.00218521,0.00239973,0.00264868,0.0029225,0.00321484,0.0035406,0.00387774,0.00420547,0.00456158,0.00504908,0.00584257,0.00669375,0.00737819,0.00820997,0.00918186,0.01019753,0.01131187,0.01253521,0.01383933,0.01524215,0.01678543,0.01855865,0.02054807,0.02280286,0.02536716,0.02828291,0.03170859,0.03560659,0.04002701,0.0450269,0.05066443,0.05715612,0.06444797,0.07262061,0.08181315,0.09210215,0.10376341,0.11699103,0.13192234,0.14816817,0.16592908,0.18504228,0.20351809,0.22299081,0.24586285,0.27186359,0.302012,0.33297466,0.36550685,0.40070016
TUN,2042,0.00598544,0.00037998,0.00031454,0.00026253,0.00022214,0.00019185,0.00016985,0.00015552,0.00014783,0.00014588,0.00014916,0.00015736,0.0001704,0.00018848,0.00021188,0.00024072,0.00027413,0.00031167,0.00035192,0.00039284,0.00043211,0.0004661,0.00049462,0.00051696,0.00053385,0.00054629,0.00055453,0.00056199,0.00057045,0.00058133,0.00059593,0.00061367,0.00063679,0.00066628,0.00070286,0.00074744,0.00079896,0.00085924,0.00092782,0.00100358,0.00108453,0.00116516,0.00124476,0.00132273,0.00140029,0.00148211,0.00157076,0.00167523,0.0018026,0.00195847,0.00214283,0.00235369,0.00259699,0.00286414,0.00315014,0.00346955,0.00380007,0.00412151,0.00446867,0.00494064,0.00571282,0.00654105,0.00720804,0.00802091,0.00897098,0.00996393,0.0110648,0.01227391,0.0135561,0.01493729,0.01644963,0.01819231,0.02014971,0.02236823,0.02489225,0.02776455,0.03113818,0.03497418,0.0393282,0.04425355,0.04981073,0.056221,0.06342458,0.07149989,0.08058947,0.09080675,0.10239332,0.11550779,0.13034084,0.14649385,0.16416634,0.18319191,0.2016876,0.22113576,0.24386531,0.26980459,0.29994145,0.33094058,0.36355598,0.39887878
TUN,2043,0.00577516,0.00036719,0.00030408,0.00025392,0.00021497,0.00018574,0.0001645,0.00015066,0.00014325,0.0001414,0.00014463,0.00015263,0.00016534,0.00018296,0.00020575,0.00023386,0.00026643,0.00030304,0.0003423,0.00038219,0.00042056,0.00045378,0.00048164,0.00050357,0.00052019,0.00053266,0.00054092,0.00054829,0.00055663,0.00056735,0.0005817,0.00059927,0.00062225,0.00065139,0.00068757,0.00073155,0.00078206,0.00084125,0.00090886,0.00098353,0.00106303,0.00114205,0.00122065,0.00129752,0.00137358,0.00145389,0.0015406,0.00164294,0.00176742,0.00191992,0.00210093,0.00230811,0.00254723,0.00280834,0.00308739,0.00339987,0.00372395,0.00403914,0.00437951,0.00483962,0.00558887,0.00639508,0.00704374,0.00783607,0.00876471,0.0097359,0.01081406,0.0120091,0.01327737,0.01463598,0.01612543,0.0178367,0.01976136,0.02194517,0.02442986,0.02725864,0.0305885,0.03436997,0.0386596,0.04351638,0.04899686,0.05532836,0.0624496,0.07043597,0.07942721,0.08954172,0.10106369,0.11410683,0.12883032,0.14489873,0.16249198,0.18144961,0.19991287,0.21941885,0.24211964,0.2679181,0.29809432,0.32915638,0.36187622,0.39734624
TUN,2044,0.0055821,0.00035539,0.00029443,0.00024596,0.0002083,0.00018006,0.00015951,0.00014613,0.00013898,0.00013722,0.00014038,0.00014819,0.00016058,0.00017775,0.00019997,0.00022737,0.00025912,0.00029483,0.00033312,0.00037204,0.00040946,0.00044194,0.0004692,0.00049067,0.00050704,0.00051936,0.00052772,0.00053513,0.00054336,0.0005539,0.000568,0.00058522,0.00060789,0.00063674,0.00067241,0.00071582,0.00076555,0.00082357,0.00088995,0.00096355,0.0010419,0.00111944,0.00119649,0.00127246,0.0013475,0.00142626,0.00151122,0.00161131,0.00173321,0.00188221,0.00205927,0.00226247,0.00249738,0.00275405,0.00302682,0.0033317,0.00364872,0.00395786,0.00429154,0.00474224,0.00547298,0.00625537,0.00688645,0.00765744,0.00856295,0.0095128,0.0105691,0.01173991,0.01299419,0.01433849,0.01580371,0.01749133,0.0193814,0.02152863,0.0239743,0.026759,0.03004253,0.03377497,0.03800415,0.04278995,0.04819458,0.05444392,0.06147678,0.06936996,0.07825932,0.08826133,0.09966837,0.11263062,0.12726386,0.14320962,0.16070172,0.1795664,0.1979782,0.21744311,0.24015857,0.26587756,0.29594505,0.32703976,0.3598014,0.3953389
TUN,2045,0.00539222,0.00034375,0.00028489,0.00023808,0.00020172,0.00017444,0.00015457,0.00014165,0.00013474,0.00013307,0.00013618,0.00014379,0.00015586,0.00017259,0.00019423,0.00022092,0.00025185,0.00028665,0.00032398,0.00036193,0.00039844,0.00043009,0.00045678,0.00047783,0.0004939,0.0005061,0.00051441,0.00052195,0.00053022,0.00054061,0.00055449,0.00057137,0.00059359,0.00062201,0.00065726,7e-04,0.000749,0.00080608,0.00087115,0.00094339,0.00102065,0.00109704,0.00117268,0.00124722,0.00132147,0.00139923,0.00148244,0.00158051,0.00169972,0.00184558,0.00201856,0.00221713,0.00244746,0.00269961,0.00296779,0.00326578,0.00357495,0.00387733,0.00420449,0.00464586,0.0053607,0.00612381,0.00673487,0.00748519,0.00836649,0.00929283,0.01032746,0.01147489,0.0127043,0.01403431,0.01548417,0.01714696,0.01901131,0.02112086,0.02352657,0.02626876,0.02950694,0.03319032,0.03736801,0.04209084,0.04742189,0.05359581,0.06054468,0.06834776,0.07714195,0.08704089,0.09833846,0.11118719,0.12574341,0.14161144,0.15899397,0.17777707,0.19614687,0.21559162,0.23826617,0.2640031,0.29407991,0.32514374,0.35800517,0.3936447
TUN,2046,0.00521438,0.00033286,0.00027597,0.00023071,0.00019555,0.00016916,0.00014994,0.00013743,0.00013076,0.00012917,0.00013222,0.00013964,0.00015141,0.00016772,0.00018882,0.00021486,0.00024502,0.00027896,0.00031539,0.00035244,0.00038809,0.00041901,0.00044506,0.00046574,0.00048157,0.0004936,0.00050187,0.00050938,0.00051774,0.00052811,0.00054176,0.00055832,0.0005801,0.00060793,0.0006426,0.00068477,0.00073295,0.00078916,0.00085318,0.00092403,0.00099991,0.00107522,0.00114983,0.00122307,0.00129596,0.00137293,0.00145493,0.00155097,0.00166775,0.00181042,0.00197975,0.00217365,0.00239881,0.00264617,0.0029098,0.00320287,0.00350506,0.0037999,0.00411989,0.00455231,0.00525182,0.005999,0.00659514,0.00732266,0.00818104,0.00908324,0.0100943,0.01121901,0.01242488,0.01372941,0.01516428,0.01681155,0.01864877,0.02072971,0.02309393,0.02579208,0.02898545,0.03261917,0.03674323,0.04140965,0.04667203,0.05276849,0.05963499,0.06734624,0.07604093,0.08583486,0.09702163,0.10974885,0.12417952,0.13996457,0.15726136,0.17593118,0.19424386,0.21365132,0.23627817,0.26194615,0.29208408,0.32318444,0.35603103,0.39177337
TUN,2047,0.0050388,0.00032206,0.00026711,0.00022339,0.00018942,0.00016392,0.00014533,0.00013324,0.0001268,0.00012528,0.00012827,0.00013551,0.00014698,0.00016287,0.00018343,0.00020881,0.00023821,0.0002713,0.00030682,0.00034296,0.00037778,0.00040796,0.00043343,0.00045365,0.00046926,0.00048117,0.00048935,0.00049685,0.00050518,0.0005156,0.00052916,0.00054541,0.00056676,0.00059403,0.00062798,0.00066942,0.00071685,0.00077208,0.00083509,0.00090478,0.00097921,0.00105311,0.00112672,0.00119903,0.00127072,0.00134632,0.00142736,0.00152196,0.00163632,0.00177604,0.00194162,0.00213124,0.00235107,0.00259284,0.00285148,0.00313953,0.00343675,0.00372484,0.00403671,0.00445935,0.00514363,0.00587483,0.006459,0.00716881,0.00800143,0.00888016,0.0098663,0.01096568,0.01214813,0.01342804,0.01483563,0.01646732,0.01828705,0.0203377,0.02266977,0.02532206,0.02846886,0.0320538,0.03612414,0.04073268,0.0459342,0.05195966,0.05874383,0.06636753,0.07496386,0.08465161,0.09572955,0.10833866,0.12264107,0.13830158,0.15551532,0.17410387,0.19233719,0.21170204,0.23427441,0.25987718,0.29000404,0.32120524,0.35411987,0.3898652
TUN,2048,0.00487125,0.0003118,0.0002587,0.00021644,0.0001836,0.00015895,0.00014096,0.00012926,0.00012304,0.00012159,0.00012452,0.00013159,0.00014277,0.00015827,0.00017832,0.00020307,0.00023176,0.00026404,0.00029871,0.000334,0.000368,0.0003975,0.00042243,0.00044225,0.00045756,0.00046938,0.00047751,0.00048495,0.00049326,0.0005036,0.00051713,0.0005332,0.00055414,0.00058087,0.00061414,0.00065473,0.0007013,0.00075567,0.00081758,0.0008862,0.00095946,0.00103193,0.00110424,0.00117567,0.00124653,0.00132091,0.00140039,0.0014938,0.00160635,0.00174316,0.00190533,0.00209066,0.00230572,0.00254184,0.00279474,0.0030774,0.00336965,0.00365321,0.00395786,0.00436993,0.00503866,0.00575465,0.00632722,0.007023,0.00783599,0.00868873,0.0096512,0.01072435,0.01188113,0.01313713,0.01451895,0.01612268,0.01792558,0.01995697,0.02225615,0.02487363,0.02797335,0.03150928,0.03552873,0.0400816,0.04522349,0.05118934,0.0579018,0.06544262,0.07395057,0.08353992,0.09451598,0.10701934,0.12121027,0.1367599,0.15386924,0.17240256,0.19061284,0.20993747,0.23248612,0.25806484,0.28824752,0.31954947,0.35267906,0.38860768
TUN,2049,0.00471382,0.00030209,0.00025072,0.00020984,0.00017806,0.0001542,0.00013678,0.00012546,0.00011944,0.00011806,0.00012093,0.00012783,0.00013873,0.00015383,0.00017338,0.00019752,0.00022549,0.00025699,0.00029082,0.00032525,0.00035845,0.00038726,0.00041164,0.00043107,0.00044612,0.00045774,0.00046585,0.00047327,0.0004815,0.00049178,0.00050515,0.00052111,0.00054176,0.00056797,0.00060057,0.00064033,0.00068589,0.00073924,0.00080014,0.00086756,0.0009397,0.00101098,0.0010819,0.00115212,0.00122219,0.00129573,0.0013738,0.0014654,0.00157641,0.00171097,0.00186975,0.0020511,0.00226129,0.00249229,0.00273929,0.00301568,0.0033025,0.00358148,0.00388128,0.00428378,0.00493607,0.00563603,0.00619732,0.00687925,0.00767628,0.00850918,0.00944474,0.01049251,0.01162209,0.01285124,0.01420753,0.01578413,0.01755636,0.01956828,0.02184514,0.02442577,0.02748815,0.03097239,0.03493809,0.0394351,0.04451586,0.05041822,0.05706469,0.06452631,0.07294181,0.08243239,0.09330106,0.10568916,0.11976075,0.13519157,0.15218078,0.17060307,0.18877296,0.20807336,0.23054887,0.25607189,0.2862648,0.31762616,0.35084825,0.38696325
TUN,2050,0.00456757,0.00029301,0.00024327,0.00020367,0.00017288,0.00014977,0.00013288,0.0001219,0.00011608,0.00011475,0.00011757,0.0001243,0.00013493,0.00014967,0.00016874,0.00019232,0.00021963,0.00025039,0.00028345,0.00031711,0.00034956,0.00037772,0.00040159,0.00042065,0.00043545,0.00044692,0.00045491,0.00046233,0.00047053,0.00048068,0.00049392,0.00050965,0.00053009,0.00055591,0.00058788,0.00062685,0.00067146,0.00072367,0.00078346,0.00084981,0.00092074,0.00099093,0.00106077,0.00112971,0.00119865,0.00127141,0.00134848,0.00143844,0.00154726,0.00167986,0.00183598,0.0020134,0.0022191,0.00244487,0.00268653,0.00295644,0.00323678,0.0035106,0.00380537,0.00420069,0.00483759,0.00552029,0.00606905,0.00673718,0.00751805,0.0083346,0.00924935,0.01026769,0.01137031,0.01257023,0.01389699,0.01544572,0.01718721,0.01916396,0.02141688,0.02397004,0.02699089,0.03043156,0.03433826,0.03877358,0.0437897,0.04962358,0.05619671,0.0635817,0.07190486,0.08128812,0.09204469,0.10430704,0.11824405,0.13354293,0.15039882,0.1686912,0.18676362,0.20602378,0.22844602,0.25386425,0.28404118,0.3154356,0.34873418,0.3849471
TUN,2051,0.00442938,0.00028444,0.00023621,0.00019782,0.00016796,0.00014555,0.00012916,0.00011851,0.00011286,0.00011159,0.00011434,0.00012091,0.00013129,0.00014568,0.00016429,0.0001873,0.00021398,0.00024403,0.00027631,0.00030921,0.00034095,0.00036848,0.00039184,0.00041053,0.00042511,0.00043644,0.00044437,0.0004517,0.00045989,0.00046998,0.00048305,0.00049858,0.0005187,0.00054421,0.00057568,0.00061392,0.0006576,0.00070874,0.00076729,0.00083244,0.00090228,0.00097127,0.00104011,0.00110808,0.00117583,0.00124747,0.00132362,0.00141237,0.00151923,0.00164921,0.00180301,0.00197733,0.00217863,0.00239963,0.00263587,0.00289998,0.00317369,0.00344128,0.00373056,0.00411875,0.00474328,0.00541026,0.00594543,0.00659892,0.00736429,0.00816492,0.00906336,0.01005966,0.01113186,0.01230383,0.0135998,0.01511785,0.01682947,0.01877296,0.02098788,0.0235149,0.02650761,0.0299045,0.0337656,0.03813955,0.04309176,0.04886128,0.05536458,0.06267529,0.07092057,0.08021023,0.09086135,0.10301038,0.11682236,0.13199733,0.14873271,0.16691094,0.1848966,0.20408428,0.22647342,0.25185131,0.28201432,0.31346689,0.34686937,0.38322277
TUN,2052,0.00429503,0.00027603,0.00022929,0.00019209,0.00016315,0.00014142,0.00012553,0.00011519,0.00010972,0.0001085,0.0001112,0.00011761,0.00012774,0.00014178,0.00015996,0.00018242,0.00020847,0.00023783,0.00026939,0.00030154,0.00033259,0.00035952,0.00038238,0.00040071,0.00041504,0.00042624,0.00043409,0.00044138,0.00044946,0.0004595,0.00047243,0.00048772,0.00050755,0.00053263,0.00056366,0.00060127,0.00064408,0.00069416,0.0007515,0.0008153,0.0008839,0.0009518,0.0010195,0.00108656,0.00115341,0.00122384,0.0012987,0.00138631,0.00149165,0.00161923,0.00176997,0.00194154,0.0021393,0.0023556,0.00258687,0.00284508,0.00311286,0.00337404,0.00365669,0.00403724,0.00464944,0.0053038,0.00582666,0.00646422,0.00721297,0.00799809,0.00888034,0.00985907,0.01090829,0.01204813,0.01331416,0.01479961,0.01647772,0.01838803,0.02056586,0.0230506,0.02601457,0.02937937,0.03319172,0.03751468,0.0423992,0.04810011,0.05453216,0.0617655,0.06992741,0.07912936,0.08967805,0.10170723,0.11539094,0.13043363,0.14703634,0.16509055,0.18298225,0.20208353,0.22437544,0.24969818,0.27986456,0.31132657,0.34480345,0.38126553
TUN,2053,0.00416475,0.00026781,0.00022253,0.00018649,0.00015845,0.00013739,0.00012197,0.00011195,0.00010665,0.00010547,0.00010811,0.00011437,0.00012425,0.00013795,0.00015569,0.00017762,0.00020306,0.00023173,0.00026256,0.00029399,0.00032433,0.00035067,0.00037304,0.00039101,0.00040508,0.00041613,0.0004239,0.00043113,0.00043915,0.00044905,0.00046187,0.00047694,0.00049643,0.0005211,0.00055158,0.00058862,0.00063065,0.00067971,0.00073585,0.00079833,0.0008655,0.00093211,0.00099879,0.00106478,0.00113078,0.0012003,0.00127377,0.00135985,0.00146371,0.00158935,0.00173723,0.0019052,0.00209976,0.00231225,0.00253858,0.00279131,0.00305299,0.00330844,0.0035842,0.00395585,0.00455503,0.0051966,0.00571033,0.00633324,0.00706382,0.00783204,0.00869833,0.00965946,0.01069032,0.01180574,0.01303718,0.01449059,0.01613288,0.01800588,0.02014642,0.02258954,0.02550735,0.02883926,0.03261495,0.03688357,0.04171111,0.04733921,0.05369541,0.0608498,0.06892501,0.07803351,0.08848606,0.10039865,0.11394775,0.12885583,0.14531859,0.16323824,0.18102922,0.20003887,0.22222002,0.24742664,0.27758493,0.30907913,0.34258826,0.37913772
TUN,2054,0.00405186,0.00026073,0.0002167,0.00018164,0.00015437,0.00013389,0.00011888,0.00010912,0.00010396,0.00010283,0.00010541,0.00011153,0.0001212,0.00013459,0.00015195,0.00017342,0.00019832,0.0002264,0.00025659,0.00028739,0.00031713,0.00034294,0.00036491,0.00038257,0.00039643,0.00040734,0.00041504,0.00042223,0.0004302,0.00044001,0.00045265,0.00046756,0.00048678,0.00051106,0.00054108,0.00057752,0.00061893,0.00066719,0.0007223,0.00078361,0.00084953,0.00091483,0.00098041,0.00104556,0.00111068,0.00117945,0.00125196,0.00133655,0.00143869,0.00156264,0.00170843,0.00187333,0.00206411,0.00227353,0.00249626,0.00274392,0.00300033,0.00325017,0.00352008,0.00388309,0.0044689,0.00509798,0.00560318,0.00621581,0.0069307,0.00768141,0.00853135,0.00947637,0.01049012,0.01158734,0.0127937,0.01421169,0.01582052,0.01765578,0.01975695,0.02216081,0.02503598,0.02832011,0.03206209,0.03629303,0.04106451,0.04663602,0.05291782,0.05999485,0.06798888,0.07700834,0.08736801,0.09918126,0.11261064,0.12739062,0.14372496,0.16151929,0.17921723,0.19814764,0.22023424,0.24533556,0.27545656,0.30700585,0.34060987,0.37724909
TUN,2055,0.00394,0.0002537,0.00021091,0.00017683,0.00015032,0.0001304,0.0001158,0.00010631,0.00010129,0.00010019,0.00010273,0.00010871,0.00011816,0.00013126,0.00014823,0.00016923,0.00019359,0.00022107,0.00025062,0.00028076,0.00030991,0.0003352,0.00035673,0.0003741,0.00038775,0.00039852,0.00040614,0.00041328,0.00042119,0.00043091,0.00044341,0.00045808,0.00047705,0.00050096,0.00053047,0.00056632,0.00060699,0.0006545,0.00070868,0.00076884,0.00083351,0.0008975,0.00096176,0.00102585,0.00109016,0.00115798,0.00122954,0.00131291,0.00141317,0.00153494,0.0016786,0.0018409,0.00202807,0.0022333,0.00245275,0.00269631,0.00294732,0.00319189,0.00345558,0.00381055,0.00438257,0.00499746,0.00549311,0.00609505,0.00679774,0.00753216,0.00836351,0.00929037,0.01028685,0.0113654,0.01255141,0.01394197,0.01551145,0.01730896,0.01936752,0.0217268,0.0245582,0.0277942,0.03148252,0.03567409,0.04040161,0.04591152,0.05212932,0.05912322,0.06702974,0.07595732,0.08621933,0.09792609,0.11124203,0.12589661,0.14209591,0.15976229,0.17736077,0.19620223,0.21818772,0.24317854,0.27324817,0.30479502,0.33848623,0.37524628
TUN,2056,0.0038344,0.000247,0.00020539,0.00017225,0.00014647,0.00012709,0.00011288,0.00010364,9.876e-05,9.769e-05,0.00010018,0.00010603,0.00011527,0.00012808,0.00014469,0.00016526,0.00018911,0.00021603,0.00024499,0.00027453,0.00030309,0.0003279,0.00034904,0.00036609,0.00037955,0.0003902,0.00039774,0.00040481,0.00041267,0.0004223,0.00043466,0.00044913,0.00046779,0.00049136,0.00052042,0.00055567,0.00059566,0.00064234,0.0006957,0.00075488,0.0008184,0.00088115,0.0009442,0.00100709,0.00107044,0.0011375,0.00120803,0.00129033,0.00138916,0.00150874,0.00164994,0.00180986,0.0019942,0.00219574,0.00241101,0.00265118,0.00289824,0.0031378,0.00339606,0.0037431,0.00430272,0.00490365,0.00538855,0.0059795,0.00667043,0.00739328,0.0082084,0.00911588,0.01009418,0.0111553,0.01232195,0.01369162,0.01523199,0.01698747,0.01900559,0.02131934,0.02410405,0.02729388,0.03093162,0.03506685,0.03975275,0.04521789,0.0513711,0.05829804,0.06611639,0.07495112,0.08511835,0.09671965,0.10992066,0.12446153,0.14053336,0.15806987,0.17557254,0.19432417,0.21620223,0.24107798,0.27109027,0.3026218,0.33634183,0.37321278
TUN,2057,0.00373046,0.00024046,0.00019999,0.00016776,0.00014268,0.00012383,0.00010999,0.000101,9.624e-05,9.521e-05,9.764e-05,0.00010337,0.0001124,0.00012493,0.00014118,0.0001613,0.00018465,0.00021099,0.00023935,0.00026828,0.00029627,0.00032057,0.00034132,0.00035809,0.00037134,0.00038187,0.00038934,0.00039636,0.00040414,0.00041368,0.0004259,0.00044017,0.00045855,0.00048172,0.00051034,0.00054501,0.00058427,0.00063014,0.00068254,0.00074079,0.00080327,0.00086481,0.00092664,0.00098832,0.00105048,0.00111651,0.00118609,0.0012671,0.0013645,0.00148221,0.00162074,0.00177765,0.00195914,0.00215752,0.0023688,0.00260421,0.00284767,0.00308332,0.00333596,0.00367544,0.00422225,0.00480998,0.0052835,0.00586142,0.00653941,0.00725025,0.00805321,0.00894273,0.0099003,0.01094172,0.01208895,0.01343729,0.01495389,0.01667643,0.01864765,0.02091598,0.02365048,0.02678826,0.03037442,0.03445316,0.03907615,0.04449475,0.05059688,0.05745172,0.06519448,0.0739306,0.08399648,0.09548983,0.10857148,0.12299174,0.13894259,0.15635179,0.17375339,0.19241542,0.21418088,0.23893216,0.26887889,0.3003883,0.33412298,0.37104619
TUN,2058,0.00363345,0.00023429,0.0001949,0.00016354,0.00013912,0.00012078,0.0001073,9.853e-05,9.39e-05,9.29e-05,9.528e-05,0.00010088,0.00010971,0.00012198,0.0001379,0.00015761,0.00018049,0.00020632,0.00023411,0.00026248,0.00028994,0.00031378,0.00033415,0.00035065,0.00036372,0.00037411,0.00038153,0.0003885,0.00039622,0.00040566,0.00041775,0.00043184,0.00044995,0.00047278,0.00050093,0.00053509,0.00057371,0.00061878,0.00067031,0.00072759,0.00078917,0.00084973,0.00091045,0.00097104,0.00103211,0.001097,0.0011655,0.00124546,0.00134139,0.00145743,0.0015939,0.0017479,0.00192618,0.00212176,0.00233006,0.00256138,0.00280025,0.00303291,0.00328165,0.00361404,0.00414943,0.00472448,0.00518826,0.00575347,0.00641745,0.00711615,0.00790772,0.0087851,0.00972494,0.01074552,0.01187271,0.01320158,0.01469615,0.01639383,0.01833045,0.0205496,0.02323753,0.02632371,0.02985683,0.0338834,0.03844933,0.04380574,0.0498624,0.05666779,0.06433858,0.07299971,0.08296935,0.09436071,0.10733489,0.12164562,0.13748542,0.15479143,0.1721125,0.1906969,0.2123685,0.23701014,0.2669056,0.29841285,0.33218588,0.36918094
TUN,2059,0.00354274,0.00022856,0.00019017,0.00015959,0.00013578,0.0001179,0.00010475,9.619e-05,9.167e-05,9.07e-05,9.303e-05,9.851e-05,0.00010716,0.00011917,0.00013476,0.00015408,0.0001765,0.00020181,0.00022906,0.00025688,0.00028382,0.00030721,0.00032721,0.00034343,0.00035632,0.0003666,0.00037394,0.00038086,0.00038851,0.00039785,0.00040978,0.00042368,0.00044153,0.00046401,0.00049171,0.00052529,0.00056328,0.00060759,0.00065822,0.00071454,0.00077508,0.00083471,0.00089446,0.00095398,0.00101396,0.0010777,0.00114487,0.00122351,0.00131807,0.00143224,0.00156667,0.00171819,0.00189312,0.00208523,0.00229061,0.00251861,0.00275322,0.00298137,0.00322678,0.00355356,0.00407772,0.00464095,0.0050947,0.00564841,0.00629805,0.0069826,0.00776167,0.0086267,0.00955391,0.0105556,0.01166017,0.01296721,0.01443984,0.01611246,0.01802073,0.02020101,0.02283487,0.02586898,0.02934452,0.03331152,0.03781812,0.04310982,0.04909436,0.05584464,0.06345471,0.0720297,0.08191011,0.09318336,0.10603117,0.12021549,0.13592253,0.15309781,0.17032266,0.18880851,0.21034916,0.23484234,0.26462073,0.29604828,0.32977551,0.36674624
TUN,2060,0.00345197,0.00022278,0.0001854,0.00015562,0.00013244,0.00011502,0.0001022,9.386e-05,8.945e-05,8.851e-05,9.079e-05,9.615e-05,0.00010462,0.00011638,0.00013165,0.00015057,0.00017255,0.00019736,0.00022408,0.00025136,0.00027777,0.00030073,0.00032037,0.00033632,0.00034902,0.00035919,0.00036647,0.00037333,0.00038094,0.0003902,0.000402,0.0004157,0.0004333,0.00045545,0.00048273,0.00051579,0.00055311,0.00059672,0.00064651,0.00070187,0.00076144,0.00082004,0.00087895,0.00093758,0.00099656,0.00105922,0.00112514,0.00120229,0.00129528,0.00140779,0.00154004,0.00168921,0.00186134,0.0020499,0.00225171,0.00247657,0.0027079,0.00293204,0.00317266,0.00349459,0.00400926,0.00456084,0.0050054,0.00554737,0.006184,0.00685403,0.00761851,0.00847025,0.00938492,0.01037354,0.01145798,0.0127411,0.01419029,0.01583908,0.01772007,0.01986958,0.02246245,0.02543963,0.02886097,0.03276848,0.03721391,0.04244617,0.04836579,0.05504412,0.06260129,0.07111895,0.08091873,0.09210711,0.10484299,0.11891852,0.13451906,0.1515921,0.16874746,0.18718063,0.20864056,0.23303198,0.26276599,0.29419089,0.32795791,0.36500911
TUN,2061,0.00336513,0.00021723,0.00018082,0.00015182,0.00012923,0.00011226,9.976e-05,9.162e-05,8.733e-05,8.641e-05,8.864e-05,9.389e-05,0.00010218,0.00011369,0.00012865,0.00014721,0.00016875,0.00019309,0.0002193,0.00024606,0.00027198,0.00029451,0.0003138,0.00032949,0.000342,0.00035204,0.00035926,0.00036607,0.00037359,0.00038277,0.00039443,0.00040794,0.00042528,0.00044709,0.00047395,0.00050648,0.00054317,0.000586,0.00063499,0.00068943,0.00074799,0.00080561,0.00086352,0.00092135,0.00097948,0.0010411,0.0011058,0.0011815,0.0012727,0.00138328,0.00151354,0.00166017,0.00182962,0.00201521,0.00221334,0.00243432,0.00266252,0.00288364,0.00311994,0.00343543,0.00394151,0.0044834,0.00491886,0.00545003,0.00607344,0.0067304,0.00747981,0.00831581,0.00921669,0.01019204,0.01126215,0.01252339,0.01394598,0.01556828,0.01742207,0.01954047,0.02209877,0.0250298,0.02838803,0.03223507,0.03661403,0.041778,0.04762953,0.0542332,0.06170694,0.07016113,0.07989335,0.09098384,0.10361542,0.1175651,0.13304017,0.14999483,0.16706156,0.1854179,0.20678698,0.23105827,0.26070769,0.29209249,0.3258529,0.36292994
TUN,2062,0.00328202,0.00021193,0.00017644,0.00014816,0.00012615,0.0001096,9.74e-05,8.946e-05,8.526e-05,8.437e-05,8.655e-05,9.169e-05,9.98e-05,0.00011108,0.00012574,0.00014393,0.00016506,0.00018893,0.00021465,0.00024091,0.00026636,0.00028847,0.00030741,0.00032285,0.00033519,0.0003451,0.00035223,0.00035899,0.00036646,0.00037553,0.00038706,0.00040039,0.00041747,0.00043894,0.00046538,0.0004974,0.00053348,0.00057559,0.00062371,0.00067728,0.00073489,0.00079149,0.00084846,0.00090536,0.00096275,0.00102352,0.00108707,0.00116137,0.00125085,0.00135928,0.00148729,0.00163159,0.00179817,0.00198093,0.00217602,0.00239299,0.00261725,0.00283553,0.00306861,0.00337822,0.00387401,0.00440714,0.00483555,0.00535609,0.00596735,0.00661102,0.00734695,0.00816681,0.00905144,0.01001243,0.01106833,0.01231417,0.01371286,0.01530593,0.01713042,0.01921866,0.02174297,0.02463606,0.02794414,0.03172324,0.03603692,0.04112959,0.04690698,0.05343649,0.0608284,0.06919147,0.07885576,0.0898702,0.10239279,0.11623432,0.13157765,0.1484073,0.1653836,0.18365894,0.2049292,0.22908936,0.25865407,0.28998604,0.32373087,0.36081641
TUN,2063,0.00320196,0.00020681,0.00017221,0.00014465,0.00012318,0.00010704,9.514e-05,8.739e-05,8.329e-05,8.241e-05,8.455e-05,8.958e-05,9.753e-05,0.00010858,0.00012295,0.00014079,0.00016151,0.00018493,0.00021017,0.00023594,0.00026093,0.00028264,0.00030125,0.00031643,0.00032859,0.0003384,0.00034546,0.00035215,0.00035957,0.00036855,0.00037995,0.00039311,0.00040996,0.00043111,0.00045714,0.00048867,0.00052416,0.00056558,0.00061291,0.00066556,0.00072229,0.00077796,0.00083396,0.00088999,0.00094649,0.00100652,0.00106911,0.00114209,0.00122991,0.00133629,0.00146182,0.00160355,0.00176751,0.00194724,0.00213946,0.00235315,0.00257334,0.00278792,0.00301798,0.00332296,0.00380931,0.00433199,0.00475444,0.00526669,0.0058661,0.00649771,0.00722,0.00802556,0.00889356,0.00983764,0.01087833,0.01210909,0.01349114,0.01505828,0.0168511,0.01890764,0.02139984,0.02425682,0.02752489,0.03125146,0.0354942,0.04051953,0.04622288,0.05267548,0.05999056,0.06826962,0.07784294,0.0887903,0.10123808,0.11497947,0.13022408,0.14693938,0.16383455,0.18204442,0.20323384,0.227303,0.25682705,0.28814743,0.32191033,0.35904929
TUN,2064,0.00312389,0.00020182,0.00016808,0.00014119,0.00012026,0.00010451,9.29e-05,8.533e-05,8.133e-05,8.047e-05,8.257e-05,8.748e-05,9.526e-05,0.00010609,0.00012016,0.00013765,0.00015797,0.00018093,0.00020568,0.00023096,0.00025548,0.00027679,0.00029507,0.00030999,0.00032196,0.00033165,0.00033864,0.00034527,0.00035261,0.00036152,0.00037279,0.00038576,0.00040237,0.00042321,0.00044883,0.00047984,0.00051474,0.00055546,0.00060198,0.00065375,0.00070949,0.00076424,0.00081932,0.0008744,0.00093005,0.00098915,0.00105088,0.00112272,0.00120892,0.00131327,0.00143635,0.00157515,0.0017361,0.00191295,0.00210194,0.0023124,0.00252919,0.00273978,0.00296578,0.00326619,0.00374416,0.00425679,0.00467094,0.00517571,0.00576541,0.00638479,0.00709426,0.00788477,0.00873752,0.00966365,0.01068571,0.01189943,0.01326416,0.0148119,0.01657514,0.01859577,0.02105207,0.02387236,0.02709933,0.03078047,0.03496432,0.03991136,0.04553884,0.0519076,0.05913456,0.06732534,0.07680376,0.08764634,0.10001339,0.11367095,0.12880394,0.14541417,0.16221326,0.18034069,0.20143612,0.22539685,0.25485426,0.28615307,0.31991688,0.35707651
TUN,2065,0.00304753,0.00019688,0.000164,0.0001378,0.0001174,0.00010205,9.072e-05,8.333e-05,7.942e-05,7.859e-05,8.063e-05,8.544e-05,9.306e-05,0.00010366,0.00011745,0.00013459,0.00015452,0.00017704,0.00020132,0.00022613,0.00025018,0.0002711,0.00028905,0.00030373,0.00031551,0.00032507,0.00033199,0.00033857,0.00034583,0.00035464,0.00036578,0.00037859,0.00039495,0.00041548,0.0004407,0.00047123,0.00050553,0.00054556,0.00059131,0.00064221,0.00069703,0.00075079,0.000805,0.00085922,0.00091397,0.0009722,0.0010329,0.00110372,0.00118854,0.00129095,0.00141168,0.0015477,0.00170536,0.00187901,0.00206509,0.00227206,0.00248565,0.00269312,0.0029149,0.00320979,0.00367973,0.00418387,0.00459046,0.00508549,0.00566665,0.00627642,0.00697315,0.00774982,0.00858683,0.00949681,0.0104995,0.01169294,0.01303877,0.01456697,0.0163082,0.01829588,0.02071264,0.02349336,0.02667996,0.03031605,0.03445022,0.03933381,0.04487652,0.05116267,0.05829772,0.06639236,0.07577644,0.08651646,0.09877171,0.11234791,0.12739538,0.14389732,0.16061999,0.17865861,0.19965256,0.22350436,0.25289236,0.28416418,0.31794304,0.35513376
TUN,2066,0.00297636,0.00019228,0.0001602,0.00013463,0.00011472,9.973e-05,8.866e-05,8.144e-05,7.762e-05,7.68e-05,7.88e-05,8.351e-05,9.097e-05,0.00010136,0.00011489,0.0001317,0.00015126,0.00017338,0.00019722,0.00022158,0.00024521,0.00026575,0.0002834,0.00029784,0.00030945,0.00031888,0.0003257,0.00033222,0.00033941,0.00034811,0.00035911,0.00037175,0.00038787,0.00040808,0.00043292,0.00046297,0.00049669,0.00053604,0.00058103,0.0006311,0.00068502,0.00073788,0.00079116,0.00084456,0.0008985,0.00095584,0.0010156,0.00108526,0.00116886,0.00126962,0.00138814,0.00152152,0.00167609,0.00184631,0.00202917,0.00223307,0.00244325,0.0026479,0.00286645,0.00315577,0.00361683,0.00411299,0.00451379,0.00500009,0.0055705,0.00617223,0.00685934,0.00762256,0.00844544,0.00933907,0.01032465,0.01149724,0.01282098,0.01432825,0.01604764,0.01801067,0.020391,0.02312807,0.0262709,0.0298621,0.03394612,0.03877438,0.04424619,0.05043776,0.05747919,0.06546976,0.07474558,0.08537671,0.09751332,0.11096522,0.12591684,0.14232122,0.15894695,0.17690211,0.19776731,0.22147779,0.25075936,0.28196016,0.31570124,0.35288184
TUN,2067,0.00290684,0.00018778,0.00015648,0.00013153,0.0001121,9.748e-05,8.667e-05,7.961e-05,7.587e-05,7.507e-05,7.703e-05,8.164e-05,8.895e-05,9.914e-05,0.00011241,0.00012891,0.0001481,0.00016981,0.00019323,0.00021715,0.00024036,0.00026054,0.00027789,0.00029211,0.00030356,0.00031287,0.00031963,0.00032608,0.00033321,0.00034183,0.0003527,0.00036517,0.00038109,0.00040101,0.00042548,0.00045509,0.00048828,0.00052701,0.00057127,0.00062054,0.00067364,0.00072565,0.00077808,0.00083062,0.00088382,0.00094035,0.00099914,0.00106772,0.00114995,0.00124924,0.00136587,0.00149676,0.00164839,0.00181536,0.00199466,0.0021951,0.00240227,0.00260375,0.00281933,0.00310413,0.00355633,0.0040435,0.00443889,0.00491833,0.00547901,0.00607011,0.0067492,0.00750237,0.00831153,0.00919058,0.01015895,0.01131347,0.01261512,0.01409884,0.01579596,0.01773587,0.02009059,0.02279008,0.02588824,0.0294353,0.03347459,0.03825377,0.04367182,0.04979381,0.05674026,0.06463865,0.07381465,0.08434332,0.09638095,0.10973228,0.12458031,0.14091789,0.1575002,0.17539664,0.19619629,0.21980425,0.24903232,0.28022714,0.31400025,0.35124754
TUN,2068,0.00283685,0.00018325,0.00015272,0.0001284,0.00010945,9.518e-05,8.463e-05,7.774e-05,7.409e-05,7.331e-05,7.522e-05,7.972e-05,8.688e-05,9.685e-05,0.00010986,0.00012603,0.00014486,0.00016615,0.00018912,0.0002126,0.00023538,0.00025517,0.00027221,0.00028619,0.00029747,0.00030666,0.00031334,0.00031972,0.00032677,0.0003353,0.00034604,0.00035833,0.000374,0.00039363,0.00041772,0.00044684,0.00047947,0.00051754,0.00056104,0.00060947,0.00066168,0.00071279,0.00076434,0.00081602,0.00086834,0.00092405,0.00098189,0.00104927,0.00113011,0.00122763,0.00134239,0.00147095,0.00161959,0.0017832,0.0019589,0.00215524,0.00235867,0.00255714,0.0027691,0.00304929,0.00349318,0.00397056,0.00435873,0.00483105,0.00538324,0.00596395,0.00663123,0.00737496,0.00817284,0.00903638,0.00998789,0.01112238,0.0124026,0.0138601,0.01552901,0.0174417,0.01976782,0.02243553,0.02548867,0.02898262,0.03296861,0.0376931,0.04305046,0.04910562,0.0559661,0.06374956,0.07281338,0.0832184,0.09512837,0.10835857,0.123081,0.13929162,0.15580262,0.17363901,0.19433171,0.21782255,0.24693652,0.27805997,0.3118002,0.34903795
TUN,2069,0.0027701,0.00017892,0.00014914,0.00012541,0.00010692,9.3e-05,8.27e-05,7.597e-05,7.24e-05,7.163e-05,7.35e-05,7.791e-05,8.492e-05,9.469e-05,0.00010744,0.0001233,0.00014177,0.00016266,0.0001852,0.00020823,0.00023061,0.00025005,0.00026678,0.00028053,0.00029164,0.00030073,0.00030734,0.00031366,0.00032064,0.00032907,0.0003397,0.00035183,0.00036727,0.00038661,0.00041035,0.00043903,0.00047113,0.00050858,0.00055138,0.00059902,0.00065038,0.00070064,0.00075136,0.00080223,0.00085374,0.00090857,0.00096552,0.00103182,0.00111125,0.00120712,0.00131986,0.00144632,0.00159239,0.00175288,0.00192516,0.00211763,0.00231694,0.00251194,0.00272078,0.0029961,0.00343229,0.00390145,0.00428232,0.00474632,0.00529065,0.00586332,0.00652013,0.00725152,0.00804015,0.00889226,0.00982756,0.01094431,0.01220333,0.01363802,0.01527904,0.01716186,0.01945941,0.02209769,0.02511844,0.02856652,0.03249861,0.03716973,0.04247284,0.04846809,0.05526231,0.06296008,0.07190976,0.08220485,0.09399689,0.10711322,0.12173082,0.13783889,0.15426238,0.17205986,0.19270822,0.21611348,0.24518795,0.27628502,0.31004356,0.34734005
TUN,2070,0.00270567,0.00017476,0.00014569,0.00012253,0.00010449,9.089e-05,8.083e-05,7.425e-05,7.075e-05,7e-05,7.183e-05,7.614e-05,8.301e-05,9.259e-05,0.00010509,0.00012066,0.00013879,0.00015931,0.00018144,0.00020407,0.00022604,0.00024515,0.00026161,0.00027513,0.00028608,0.00029505,0.00030158,0.00030784,0.00031475,0.00032308,0.00033356,0.00034553,0.00036075,0.00037979,0.00040316,0.0004314,0.00046299,0.00049982,0.00054192,0.00058879,0.00063933,0.00068874,0.00073863,0.00078872,0.00083945,0.00089347,0.00094945,0.00101472,0.00109285,0.00118704,0.00129787,0.00142203,0.00156572,0.00172349,0.00189253,0.0020813,0.00227669,0.00246774,0.00267293,0.00294386,0.00337195,0.00383321,0.00420814,0.00466359,0.00519853,0.00576358,0.00641217,0.00713232,0.00790811,0.00875049,0.00967334,0.0107722,0.01201142,0.01342227,0.01503749,0.0168889,0.01915264,0.02175842,0.02474546,0.02815634,0.03203658,0.03664696,0.04188915,0.047822,0.05454646,0.0621669,0.07101835,0.08118206,0.09284762,0.10583409,0.12032491,0.13631866,0.15264519,0.17034907,0.19093781,0.21427536,0.24328305,0.27435988,0.30810846,0.34543463
TUN,2071,0.00264156,0.00017059,0.00014224,0.00011966,0.00010205,8.879e-05,7.897e-05,7.254e-05,6.913e-05,6.839e-05,7.018e-05,7.44e-05,8.112e-05,9.051e-05,0.00010276,0.00011803,0.00013581,0.00015594,0.00017767,0.00019988,0.00022145,0.00024021,0.00025639,0.00026969,0.00028048,0.00028933,0.00029579,0.00030199,0.00030883,0.00031707,0.00032742,0.00033921,0.00035423,0.00037299,0.00039599,0.00042379,0.00045486,0.00049109,0.00053249,0.00057861,0.00062834,0.00067691,0.00072597,0.00077526,0.00082522,0.00087842,0.00093347,0.00099759,0.00107444,0.00116701,0.00127583,0.00139774,0.00153877,0.00169395,0.00186009,0.00204524,0.00223675,0.0024239,0.00262478,0.00289061,0.00331104,0.00376382,0.00413294,0.00458107,0.0051061,0.00566153,0.00630199,0.00701302,0.00777683,0.00860531,0.00951727,0.0106021,0.0118213,0.01320984,0.01479826,0.01662073,0.01884942,0.02141791,0.02436917,0.02774304,0.03158262,0.03613694,0.04131341,0.04718029,0.0538366,0.06138121,0.07014994,0.08020691,0.09173267,0.10459173,0.11895169,0.13482214,0.15105218,0.16866353,0.18914617,0.21241832,0.24139286,0.27243668,0.30619402,0.34352896
TUN,2072,0.00258236,0.0001667,0.00013902,0.00011696,9.977e-05,8.682e-05,7.722e-05,7.093e-05,6.758e-05,6.686e-05,6.86e-05,7.273e-05,7.931e-05,8.852e-05,0.00010054,0.00011553,0.00013299,0.00015276,0.0001741,0.00019591,0.00021711,0.00023553,0.00025142,0.00026451,0.00027514,0.00028386,0.00029025,0.00029637,0.00030314,0.00031129,0.00032152,0.00033314,0.00034793,0.00036641,0.00038907,0.00041643,0.00044699,0.00048263,0.00052337,0.00056872,0.00061767,0.00066545,0.00071373,0.00076224,0.00081147,0.00086391,0.00091812,0.00098122,0.00105675,0.00114783,0.00125482,0.0013745,0.00151306,0.00166547,0.00182905,0.00201117,0.00219911,0.00238268,0.00257959,0.00283993,0.00325222,0.00369725,0.00406027,0.00450168,0.00501866,0.00556449,0.00619526,0.00689799,0.00765289,0.00846918,0.00936665,0.01043988,0.01164398,0.01301075,0.01457481,0.01636807,0.01856504,0.02109548,0.02400639,0.02734153,0.031141,0.03565118,0.04076691,0.04656232,0.05314607,0.06061578,0.06930194,0.07926665,0.09067507,0.10338939,0.11761725,0.13335673,0.14947799,0.16699645,0.18737471,0.21053495,0.23948122,0.27053255,0.30429844,0.34168243
TUN,2073,0.00252342,0.00016287,0.00013585,0.00011431,9.753e-05,8.488e-05,7.549e-05,6.935e-05,6.607e-05,6.536e-05,6.706e-05,7.111e-05,7.755e-05,8.657e-05,9.836e-05,0.00011307,0.0001302,0.00014961,0.00017055,0.00019197,0.00021279,0.00023088,0.00024649,0.00025937,0.00026984,0.00027846,0.00028476,0.00029082,0.00029752,0.00030557,0.00031567,0.00032714,0.00034171,0.0003599,0.00038221,0.00040916,0.00043921,0.00047426,0.00051433,0.00055896,0.00060711,0.0006541,0.00070159,0.00074933,0.00079778,0.00084942,0.00090274,0.00096479,0.00103904,0.00112846,0.00123364,0.00135116,0.00148711,0.0016368,0.0017974,0.00197659,0.00216132,0.00234129,0.00253418,0.00278908,0.0031926,0.00362914,0.00398647,0.00442038,0.00492946,0.00546708,0.0060874,0.00677932,0.00752529,0.00833175,0.00921551,0.01027218,0.01146277,0.012812,0.01435121,0.01611678,0.01828053,0.02077531,0.02364383,0.02693407,0.03069021,0.0351552,0.0402215,0.04594938,0.052453,0.05984147,0.06844451,0.07831611,0.08962144,0.10221312,0.11628914,0.1318937,0.14789416,0.16529922,0.18556597,0.20860856,0.23746453,0.26850596,0.30229515,0.33969308
TUN,2074,0.00246573,0.00015911,0.00013273,0.0001117,9.532e-05,8.296e-05,7.379e-05,6.778e-05,6.457e-05,6.387e-05,6.553e-05,6.949e-05,7.58e-05,8.465e-05,9.621e-05,0.00011064,0.00012747,0.00014653,0.00016711,0.00018815,0.00020861,0.00022639,0.00024174,0.00025441,0.00026473,0.00027325,0.00027948,0.00028548,0.00029211,0.00030007,0.00031006,0.00032137,0.00033573,0.00035365,0.00037562,0.00040216,0.00043173,0.00046622,0.00050564,0.00054957,0.00059698,0.00064319,0.00068995,0.00073696,0.0007847,0.00083558,0.00088806,0.00094913,0.00102217,0.00111009,0.00121339,0.00132888,0.00146243,0.00160937,0.00176719,0.00194319,0.00212504,0.00230204,0.00249116,0.00274082,0.00313583,0.0035632,0.00391411,0.00434127,0.00484191,0.00537184,0.00598377,0.00666467,0.00739969,0.00819706,0.00907043,0.01011228,0.01128497,0.01261936,0.01413923,0.01587755,0.01801089,0.02046976,0.02329988,0.02654465,0.03025275,0.03467137,0.03968985,0.04536564,0.05179699,0.0590997,0.067617,0.07739932,0.0886048,0.10109282,0.11504449,0.13050066,0.1463891,0.16368372,0.18383327,0.20676729,0.23555026,0.26655091,0.30038513,0.33785848
TUN,2075,0.00241429,0.00015572,0.0001299,0.00010934,9.33e-05,8.121e-05,7.223e-05,6.634e-05,6.32e-05,6.25e-05,6.412e-05,6.799e-05,7.418e-05,8.285e-05,9.42e-05,0.00010837,0.00012488,0.00014361,0.00016382,0.00018449,0.00020457,0.00022204,0.00023713,0.00024959,0.00025975,0.00026814,0.00027432,0.00028025,0.00028681,0.00029469,0.00030454,0.00031571,0.00032987,0.00034753,0.00036917,0.00039529,0.0004244,0.00045833,0.00049712,0.00054033,0.00058701,0.00063249,0.0006785,0.00072483,0.00077188,0.00082204,0.00087372,0.00093384,0.00100572,0.00109219,0.00119375,0.00130713,0.00143841,0.00158283,0.00173784,0.00191088,0.00208957,0.00226397,0.00245004,0.00269484,0.00308177,0.00350045,0.00384433,0.00426407,0.00475722,0.00527904,0.0058832,0.00655535,0.00727922,0.00806539,0.00892936,0.00996003,0.01111675,0.01243169,0.01393533,0.01565265,0.01775624,0.02018221,0.02297367,0.02617728,0.02983676,0.03420342,0.03917164,0.04479552,0.05116968,0.05839308,0.06681665,0.07650365,0.08761064,0.0999955,0.11383879,0.12916961,0.14492302,0.16210016,0.182116,0.20491753,0.23360959,0.264547,0.29834516,0.33586459
TUN,2076,0.0023613,0.00015226,0.00012703,0.00010693,9.127e-05,7.945e-05,7.067e-05,6.49e-05,6.182e-05,6.114e-05,6.272e-05,6.652e-05,7.258e-05,8.108e-05,9.222e-05,0.00010613,0.00012236,0.00014075,0.00016061,0.00018093,0.00020067,0.00021784,0.00023268,0.00024495,0.00025496,0.00026325,0.00026934,0.00027522,0.0002817,0.00028949,0.00029923,0.00031023,0.0003242,0.0003416,0.00036292,0.00038865,0.00041728,0.00045068,0.00048886,0.00053139,0.00057734,0.0006221,0.0006674,0.00071301,0.00075937,0.0008088,0.00085966,0.0009188,0.0009895,0.00107454,0.00117439,0.00128577,0.00141463,0.00155661,0.00170896,0.00187888,0.00205449,0.00222578,0.00240898,0.00264948,0.00302866,0.00343896,0.00377598,0.00418738,0.00467201,0.00518632,0.00578175,0.00644535,0.00715994,0.00793399,0.00878546,0.00980507,0.01094885,0.01224541,0.01372674,0.01542503,0.017504,0.01989623,0.02265046,0.02581058,0.0294237,0.03373542,0.03864531,0.04421256,0.05052756,0.05768579,0.06602007,0.07560044,0.08659925,0.09887804,0.11260886,0.12782556,0.14346742,0.16050278,0.18037822,0.20302851,0.23160205,0.26246461,0.29621477,0.33371072
TUN,2077,0.00231234,0.000149,0.00012433,0.00010467,8.934e-05,7.778e-05,6.918e-05,6.353e-05,6.051e-05,5.983e-05,6.138e-05,6.509e-05,7.103e-05,7.937e-05,9.03e-05,0.00010396,0.00011991,0.00013798,0.00015749,0.00017746,0.00019687,0.00021374,0.00022832,0.00024039,0.00025026,0.00025843,0.00026444,0.00027025,0.00027667,0.00028437,0.00029398,0.00030484,0.0003186,0.00033575,0.00035675,0.00038208,0.00041026,0.00044311,0.00048068,0.00052255,0.00056778,0.00061182,0.00065643,0.00070137,0.00074706,0.00079582,0.00084592,0.00090415,0.00097372,0.00105737,0.00115558,0.00126504,0.00139166,0.0015311,0.00168096,0.00184804,0.00202056,0.00218902,0.00236902,0.00260565,0.00297784,0.00338006,0.00371054,0.00411401,0.00458932,0.00509526,0.00568298,0.00633741,0.00704348,0.00780809,0.00864682,0.00965279,0.01078457,0.01206688,0.01352798,0.01520175,0.01725925,0.01962436,0.02234171,0.02546129,0.02902719,0.03328799,0.03813783,0.04364103,0.04989301,0.05698529,0.06524678,0.07472593,0.08560517,0.09776885,0.11138539,0.12648505,0.14202942,0.15895065,0.17865584,0.2011451,0.22957578,0.26033005,0.29401386,0.33146698
TUN,2078,0.00225803,0.00014546,0.00012139,0.00010221,8.725e-05,7.597e-05,6.757e-05,6.205e-05,5.909e-05,5.843e-05,5.994e-05,6.356e-05,6.938e-05,7.755e-05,8.826e-05,0.00010165,0.00011728,0.00013501,0.00015416,0.00017375,0.0001928,0.00020937,0.00022369,0.00023556,0.00024527,0.00025334,0.00025928,0.00026502,0.00027136,0.00027898,0.00028847,0.00029917,0.00031273,0.00032961,0.00035029,0.00037522,0.00040292,0.00043523,0.00047216,0.00051334,0.00055783,0.00060111,0.00064497,0.00068919,0.00073417,0.00078216,0.00083143,0.00088867,0.00095702,0.00103916,0.00113558,0.00124299,0.00136722,0.00150402,0.00165095,0.00181499,0.00198429,0.00214941,0.00232599,0.00255782,0.00292287,0.00331723,0.00364084,0.0040359,0.00450141,0.00499703,0.00557489,0.00621998,0.00691543,0.00766986,0.00849702,0.00948735,0.01060254,0.01186968,0.01331291,0.01496218,0.01699009,0.01932927,0.02201453,0.02509156,0.02861097,0.03281781,0.03761018,0.04304599,0.04922576,0.05624751,0.0644365,0.07383533,0.08460557,0.09664937,0.11015206,0.1251458,0.14060435,0.15744626,0.17703558,0.19936212,0.22768867,0.25837266,0.29203034,0.32951266
TUN,2079,0.00221019,0.00014236,0.0001188,0.00010003,8.54e-05,7.436e-05,6.613e-05,6.072e-05,5.782e-05,5.716e-05,5.864e-05,6.219e-05,6.788e-05,7.59e-05,8.641e-05,9.955e-05,0.0001149,0.00013231,0.00015112,0.00017036,0.00018908,0.00020536,0.00021945,0.00023113,0.0002407,0.00024866,0.00025453,0.00026021,0.00026648,0.000274,0.00028338,0.00029394,0.0003073,0.00032394,0.0003443,0.00036886,0.00039612,0.0004279,0.00046424,0.00050476,0.00054856,0.00059115,0.00063431,0.00067784,0.00072216,0.00076946,0.00081794,0.00087427,0.00094151,0.00102226,0.00111702,0.00122251,0.00134453,0.00147891,0.00162323,0.00178423,0.00195062,0.00211283,0.00228606,0.00251358,0.00287144,0.00325887,0.00357687,0.00396434,0.0044209,0.00490718,0.00547468,0.00610985,0.00679643,0.00754048,0.00835756,0.00933586,0.01043482,0.01168462,0.01311203,0.01474268,0.01674453,0.01905268,0.02171101,0.02475468,0.02822973,0.03238757,0.03712305,0.04249799,0.04860529,0.05554929,0.06366239,0.07298125,0.08366245,0.09559253,0.10896843,0.1238447,0.1392118,0.15596624,0.1754515,0.19763669,0.22580295,0.25637962,0.28995566,0.32739289
TUN,2080,0.00216261,0.0001392,0.00011617,9.783e-05,8.352e-05,7.273e-05,6.468e-05,5.939e-05,5.654e-05,5.588e-05,5.732e-05,6.079e-05,6.637e-05,7.422e-05,8.452e-05,9.742e-05,0.00011249,0.00012958,0.00014805,0.00016695,0.00018533,0.00020131,0.00021515,0.00022664,0.00023605,0.00024389,0.00024969,0.0002553,0.00026149,0.00026891,0.00027816,0.00028858,0.00030173,0.00031811,0.00033815,0.00036232,0.00038913,0.00042038,0.00045611,0.00049595,0.00053903,0.0005809,0.00062337,0.00066622,0.00070986,0.00075648,0.00080421,0.00085962,0.00092575,0.00100513,0.00109823,0.00120179,0.00132158,0.00145354,0.00159529,0.00175341,0.00191666,0.00207609,0.00224621,0.0024692,0.00281991,0.0031996,0.00351229,0.00389292,0.00434066,0.00481766,0.00537495,0.0059987,0.00667472,0.00740917,0.00821471,0.00918111,0.01026617,0.01149719,0.01290438,0.01451617,0.01649534,0.0187731,0.02139548,0.0244073,0.02784335,0.03194945,0.03662823,0.04193738,0.0479734,0.05483291,0.0628553,0.07208379,0.08266947,0.09449969,0.10774858,0.12248846,0.13774868,0.15440844,0.17378141,0.19583979,0.22387367,0.25430932,0.28779855,0.32517767
TUN,2081,0.00211342,0.00013599,0.0001135,9.559e-05,8.162e-05,7.108e-05,6.321e-05,5.804e-05,5.525e-05,5.461e-05,5.601e-05,5.94e-05,6.486e-05,7.256e-05,8.266e-05,9.531e-05,0.00011009,0.00012687,0.00014499,0.00016355,0.00018161,0.0001973,0.0002109,0.00022221,0.00023149,0.00023923,0.00024495,0.0002505,0.00025663,0.00026396,0.00027309,0.00028336,0.00029633,0.00031247,0.0003322,0.000356,0.00038236,0.00041311,0.00044827,0.00048747,0.00052986,0.00057103,0.00061281,0.00065499,0.00069796,0.00074386,0.00079082,0.00084532,0.00091031,0.00098832,0.0010798,0.00118145,0.00129902,0.00142855,0.00156772,0.00172294,0.00188315,0.00203942,0.00220643,0.00242509,0.00276854,0.00314076,0.0034474,0.00382157,0.00426138,0.0047293,0.0052765,0.00588905,0.00655294,0.00727605,0.00807101,0.00902424,0.01009604,0.01131149,0.0126978,0.0142872,0.01624517,0.01849847,0.02108838,0.02406211,0.02746479,0.03153011,0.0361555,0.04140648,0.04737449,0.05416106,0.06209784,0.07123502,0.08173237,0.09347667,0.10663648,0.12126616,0.13642748,0.15300506,0.17229304,0.1942569,0.22222624,0.25260751,0.28603576,0.32341727
TUN,2082,0.00207377,0.00013334,0.00011129,9.373e-05,8.003e-05,6.97e-05,6.198e-05,5.69e-05,5.416e-05,5.352e-05,5.488e-05,5.821e-05,6.356e-05,7.111e-05,8.104e-05,9.347e-05,0.000108,0.0001245,0.00014232,0.00016056,0.00017832,0.00019375,0.00020713,0.00021824,0.00022739,0.00023503,0.00024067,0.00024615,0.00025221,0.00025945,0.00026847,0.00027858,0.00029137,0.00030728,0.00032672,0.00035015,0.00037611,0.00040638,0.00044098,0.00047958,0.00052132,0.00056185,0.00060297,0.00064453,0.0006869,0.00073215,0.00077839,0.00083208,0.00089606,0.0009728,0.00106279,0.0011627,0.00127824,0.00140553,0.00154233,0.00169493,0.0018524,0.00200598,0.00216989,0.00238468,0.00272158,0.00308658,0.00338778,0.0037552,0.00418808,0.00464851,0.00518649,0.00578862,0.00644131,0.00715212,0.00793542,0.00887715,0.00993479,0.01113573,0.01250488,0.01407132,0.01600382,0.01823322,0.02079545,0.02373265,0.02709242,0.03111864,0.03569657,0.04088547,0.04678444,0.05348994,0.06133882,0.07037124,0.08075619,0.09239428,0.10544677,0.11996701,0.13501357,0.15146714,0.1706251,0.19245478,0.22029954,0.25058102,0.28390737,0.321166
TUN,2083,0.00203132,0.00013053,0.00010894,9.175e-05,7.835e-05,6.823e-05,6.067e-05,5.569e-05,5.3e-05,5.236e-05,5.37e-05,5.695e-05,6.219e-05,6.959e-05,7.933e-05,9.153e-05,0.0001058,0.000122,0.00013951,0.00015742,0.00017486,0.00019002,0.00020318,0.00021411,0.0002231,0.00023064,0.00023623,0.00024164,0.00024762,0.00025479,0.00026369,0.00027366,0.00028626,0.00030193,0.00032109,0.00034416,0.0003697,0.00039947,0.00043352,0.0004715,0.00051259,0.00055244,0.00059291,0.00063381,0.00067555,0.00072015,0.00076564,0.00081844,0.00088137,0.00095682,0.00104522,0.00114333,0.00125676,0.00138172,0.00151601,0.00166583,0.00182042,0.00197116,0.00213196,0.00234232,0.00267246,0.00303015,0.00332532,0.00368578,0.00411041,0.0045633,0.00509259,0.00568402,0.00632505,0.00702317,0.00779229,0.00871983,0.00976369,0.01094766,0.01229921,0.013845,0.01574987,0.0179496,0.02048377,0.02338876,0.02670671,0.03068359,0.03521696,0.04035222,0.0461808,0.05280826,0.06056637,0.06949994,0.07976898,0.09128944,0.10423054,0.11864312,0.13360141,0.14994452,0.16896069,0.1906482,0.21837744,0.24856993,0.28183232,0.3190215
TUN,2084,0.00198977,0.00012772,0.00010661,8.98e-05,7.669e-05,6.679e-05,5.939e-05,5.451e-05,5.187e-05,5.124e-05,5.253e-05,5.571e-05,6.085e-05,6.811e-05,7.766e-05,8.964e-05,0.00010364,0.00011955,0.00013674,0.00015434,0.00017147,0.00018635,0.00019927,0.00021002,0.00021887,0.00022629,0.0002318,0.00023716,0.00024307,0.00025013,0.00025892,0.00026876,0.00028117,0.0002966,0.00031545,0.00033818,0.00036329,0.00039257,0.00042606,0.00046342,0.00050386,0.00054306,0.00058287,0.00062314,0.00066423,0.00070817,0.00075295,0.00080488,0.00086675,0.00094092,0.00102781,0.00112411,0.00123549,0.0013582,0.00149006,0.00163714,0.00178891,0.00193692,0.00209472,0.00230095,0.00262413,0.00297478,0.00326433,0.00361768,0.00403441,0.00447897,0.0050002,0.00558224,0.00621206,0.00689781,0.00765322,0.00856477,0.00959286,0.01076125,0.01209364,0.01361948,0.01550038,0.0176692,0.02017027,0.02304382,0.02632582,0.03025584,0.03473464,0.0398206,0.04558951,0.05213904,0.05981146,0.06864473,0.0788062,0.09020783,0.1030287,0.11733329,0.13220695,0.14847254,0.16736801,0.18891191,0.21653711,0.24666884,0.2799029,0.31709558
TUN,2085,0.00195137,0.00012518,0.00010449,8.801e-05,7.517e-05,6.546e-05,5.821e-05,5.342e-05,5.082e-05,5.019e-05,5.146e-05,5.457e-05,5.961e-05,6.673e-05,7.611e-05,8.788e-05,0.00010165,0.00011729,0.00013419,0.0001515,0.00016835,0.00018299,0.0001957,0.00020628,0.00021501,0.00022233,0.00022776,0.00023306,0.00023891,0.00024589,0.00025456,0.00026426,0.0002765,0.00029171,0.00031028,0.00033267,0.00035741,0.00038623,0.0004192,0.00045599,0.00049582,0.00053441,0.00057362,0.00061328,0.00065379,0.0006971,0.0007412,0.00079233,0.00085322,0.00092616,0.00101164,0.0011063,0.00121573,0.00133635,0.00146597,0.00161051,0.0017596,0.001905,0.00205999,0.00226236,0.00257925,0.00292295,0.00320738,0.0035544,0.00396344,0.00440046,0.00491319,0.00548705,0.00610765,0.00678209,0.00752478,0.0084216,0.00943288,0.0105846,0.01190051,0.01340611,0.01526536,0.01740908,0.01987777,0.02271675,0.02596605,0.029858,0.03428759,0.03931595,0.04503256,0.05151832,0.05910688,0.06784626,0.07789814,0.08918772,0.10188316,0.11606392,0.13084293,0.14702424,0.16581971,0.18721636,0.21469406,0.24472058,0.27788491,0.31502699
TUN,2086,0.001916,0.00012279,0.00010249,8.634e-05,7.374e-05,6.422e-05,5.709e-05,5.239e-05,4.983e-05,4.921e-05,5.044e-05,5.349e-05,5.843e-05,6.542e-05,7.463e-05,8.62e-05,9.974e-05,0.00011512,0.00013175,0.00014877,0.00016534,0.00017973,0.00019223,0.00020264,0.00021123,0.00021846,0.00022382,0.00022904,0.00023482,0.00024172,0.00025027,0.00025984,0.0002719,0.00028689,0.00030519,0.00032723,0.00035158,0.00037996,0.00041242,0.00044864,0.00048786,0.00052584,0.00056446,0.00060356,0.00064349,0.0006862,0.00072964,0.00078001,0.00083997,0.00091175,0.00099582,0.00108891,0.00119651,0.00131507,0.00144257,0.00158471,0.00173129,0.00187421,0.00202652,0.00222526,0.0025361,0.00287334,0.00315243,0.00349351,0.00389554,0.00432499,0.0048298,0.0053947,0.00600705,0.00667201,0.00740279,0.00828549,0.00928076,0.01041405,0.01171159,0.01319899,0.01503507,0.01715481,0.01959577,0.02239916,0.02561042,0.02946523,0.0338524,0.03882598,0.04447778,0.05090442,0.05842074,0.0670642,0.07700953,0.08818152,0.10075553,0.1148045,0.12946944,0.1455527,0.16424163,0.18551805,0.21284883,0.24273975,0.27580769,0.31288497
TUN,2087,0.00187718,0.00012022,0.00010034,8.452e-05,7.219e-05,6.287e-05,5.589e-05,5.128e-05,4.876e-05,4.815e-05,4.934e-05,5.233e-05,5.716e-05,6.402e-05,7.306e-05,8.442e-05,9.771e-05,0.00011282,0.00012915,0.00014587,0.00016215,0.0001763,0.00018858,0.00019883,0.00020729,0.00021441,0.00021971,0.00022487,0.00023058,0.0002374,0.00024585,0.00025528,0.00026717,0.00028193,0.00029995,0.00032166,0.00034561,0.00037354,0.00040548,0.00044112,0.00047973,0.0005171,0.0005551,0.00059359,0.00063294,0.00067502,0.00071777,0.00076731,0.00082627,0.00089684,0.00097945,0.00107083,0.00117649,0.00129294,0.00141811,0.00155772,0.00170162,0.00184189,0.00199127,0.00218606,0.00249054,0.00282095,0.0030946,0.00342886,0.00382352,0.00424525,0.00474122,0.00529686,0.00589909,0.00655454,0.00727416,0.00814243,0.00912115,0.01023556,0.01151141,0.01297702,0.01479069,0.01688356,0.01929681,0.02206847,0.02523954,0.02905086,0.03339658,0.03832321,0.04391423,0.05026942,0.05772149,0.06628617,0.07612859,0.087194,0.09965083,0.11358523,0.12814473,0.14412908,0.16272156,0.18389914,0.21115325,0.24096585,0.27397379,0.31103925
TUN,2088,0.00184124,0.00011778,9.832e-05,8.283e-05,7.075e-05,6.162e-05,5.478e-05,5.025e-05,4.778e-05,4.717e-05,4.834e-05,5.126e-05,5.601e-05,6.274e-05,7.162e-05,8.278e-05,9.586e-05,0.00011071,0.00012679,0.00014324,0.00015925,0.00017316,0.00018525,0.00019533,0.00020367,0.00021068,0.00021591,0.00022101,0.00022664,0.00023336,0.00024171,0.00025101,0.00026272,0.00027726,0.00029502,0.00031641,0.00033998,0.00036746,0.00039891,0.00043401,0.00047204,0.00050881,0.00054624,0.00058416,0.00062295,0.00066446,0.00070655,0.00075533,0.00081335,0.0008828,0.00096409,0.00105391,0.00115776,0.00127228,0.00139539,0.00153264,0.00167415,0.00181206,0.00195882,0.00215001,0.00244866,0.00277288,0.0030416,0.00336987,0.00375729,0.00417211,0.00466031,0.00520695,0.00580009,0.00644544,0.00715542,0.00801168,0.00897514,0.01007187,0.01132749,0.01276988,0.01455941,0.01662822,0.01901257,0.02175433,0.02489107,0.02865794,0.03295604,0.03783721,0.04337614,0.04966381,0.05703633,0.06552753,0.07528001,0.08623493,0.09857571,0.11238641,0.12684124,0.14271312,0.1611814,0.182242,0.209402,0.23914909,0.27208429,0.3090903
TUN,2089,0.0018071,0.00011547,9.639e-05,8.12e-05,6.936e-05,6.041e-05,5.37e-05,4.925e-05,4.682e-05,4.621e-05,4.735e-05,5.02e-05,5.485e-05,6.145e-05,7.017e-05,8.113e-05,9.397e-05,0.00010856,0.00012434,0.0001405,0.00015624,0.0001699,0.00018177,0.00019169,0.00019989,0.00020681,0.00021196,0.00021699,0.00022256,0.0002292,0.00023743,0.0002466,0.00025815,0.00027247,0.00028996,0.00031101,0.00033421,0.00036124,0.00039217,0.00042671,0.00046415,0.00050033,0.00053716,0.00057451,0.00061272,0.00065364,0.0006951,0.00074311,0.00080019,0.00086847,0.00094839,0.00103664,0.00113864,0.00125112,0.00137212,0.00150701,0.00164601,0.00178152,0.00192566,0.00211321,0.00240586,0.0027237,0.00298742,0.0033096,0.00368995,0.00409716,0.00457762,0.00511557,0.00569902,0.00633449,0.00703331,0.00787817,0.00882798,0.00990735,0.01114289,0.01256238,0.01432478,0.01636634,0.01872363,0.02143315,0.02453656,0.02826421,0.03251274,0.03734064,0.04282817,0.04905722,0.05635398,0.06475559,0.07442556,0.08528612,0.09751012,0.11120236,0.1255475,0.14131408,0.15965013,0.18057179,0.20762184,0.2372922,0.27017637,0.30711613
TUN,2090,0.0017723,0.00011317,9.446e-05,7.958e-05,6.797e-05,5.92e-05,5.262e-05,4.825e-05,4.586e-05,4.526e-05,4.637e-05,4.916e-05,5.372e-05,6.019e-05,6.875e-05,7.952e-05,9.213e-05,0.00010647,0.00012199,0.00013787,0.00015334,0.00016678,0.00017845,0.00018821,0.0001963,0.00020312,0.00020821,0.00021318,0.00021867,0.00022523,0.00023335,0.00024239,0.00025377,0.00026789,0.00028511,0.00030584,0.00032867,0.00035528,0.00038572,0.00041971,0.00045656,0.00049217,0.00052842,0.0005652,0.00060285,0.00064316,0.00068397,0.00073122,0.00078737,0.00085451,0.00093306,0.00101977,0.00111999,0.00123048,0.00134935,0.0014819,0.00161846,0.00175151,0.00189304,0.00207703,0.00236388,0.00267549,0.00293426,0.00325051,0.00362394,0.00402397,0.00449615,0.00502569,0.0056,0.00622509,0.0069131,0.00774508,0.00868213,0.00974612,0.01096215,0.01235914,0.01409511,0.01610661,0.01843372,0.02111316,0.02418077,0.02787028,0.03207514,0.03684794,0.0422758,0.04844725,0.0556781,0.06399393,0.07356306,0.08433496,0.09645613,0.11002524,0.12426381,0.1399173,0.158125,0.17889228,0.20580049,0.23537176,0.26818806,0.30507807
TUN,2091,0.0017364,0.00011073,9.244e-05,7.788e-05,6.653e-05,5.795e-05,5.15e-05,4.723e-05,4.488e-05,4.428e-05,4.536e-05,4.809e-05,5.255e-05,5.89e-05,6.729e-05,7.786e-05,9.025e-05,0.00010434,0.00011958,0.00013518,0.00015037,0.00016357,0.00017505,0.00018464,0.00019259,0.00019932,0.00020434,0.00020924,0.00021466,0.00022113,0.00022915,0.00023805,0.00024925,0.00026315,0.00028011,0.00030052,0.00032296,0.00034913,0.00037907,0.00041251,0.00044876,0.00048378,0.00051946,0.00055566,0.00059273,0.00063244,0.00067258,0.00071907,0.00077429,0.00084028,0.00091747,0.00100258,0.001101,0.00120952,0.00132625,0.0014564,0.00159053,0.0017212,0.00186004,0.00204047,0.00232148,0.00262679,0.00288049,0.00319068,0.00355712,0.00394989,0.00441402,0.00493431,0.00549954,0.00611464,0.00679109,0.00761031,0.00853266,0.00958181,0.01077998,0.01215452,0.01386385,0.01584527,0.01813839,0.02078367,0.02381712,0.02746525,0.03162712,0.03635097,0.04171702,0.047822,0.05498922,0.06323223,0.07270823,0.08337779,0.09541048,0.10888275,0.12302421,0.13858494,0.15667773,0.17732548,0.20412691,0.23363094,0.26643693,0.30336393
TUN,2092,0.00170339,0.0001085,9.057e-05,7.63e-05,6.518e-05,5.677e-05,5.045e-05,4.625e-05,4.394e-05,4.334e-05,4.439e-05,4.706e-05,5.143e-05,5.765e-05,6.587e-05,7.624e-05,8.839e-05,0.00010222,0.00011717,0.00013248,0.00014739,0.00016034,0.00017161,0.00018104,0.00018886,0.00019548,0.00020043,0.00020528,0.00021064,0.00021702,0.00022493,0.00023371,0.00024474,0.00025842,0.00027511,0.0002952,0.00031727,0.000343,0.00037244,0.00040532,0.00044098,0.0004754,0.00051049,0.00054613,0.00058264,0.00062176,0.00066126,0.00070698,0.00076128,0.00082615,0.00090198,0.00098552,0.0010821,0.00118866,0.0013033,0.00143109,0.00156273,0.00169105,0.00182734,0.00200417,0.00227941,0.00257851,0.00282726,0.00313141,0.00349091,0.00387659,0.00433283,0.00484441,0.00539996,0.0060055,0.00667122,0.00747733,0.00838564,0.00941848,0.01060013,0.01195491,0.01363864,0.01559083,0.01785111,0.02045942,0.02345564,0.02706524,0.03118142,0.03585763,0.04116901,0.04720517,0.05429821,0.0624695,0.07186374,0.08243449,0.09435726,0.10773688,0.1217937,0.1372522,0.15522667,0.1757347,0.20241107,0.23180342,0.26452856,0.30142048
TUN,2093,0.00167035,0.00010632,8.874e-05,7.476e-05,6.386e-05,5.562e-05,4.942e-05,4.53e-05,4.303e-05,4.244e-05,4.346e-05,4.608e-05,5.035e-05,5.645e-05,6.453e-05,7.471e-05,8.664e-05,0.00010022,0.00011492,0.00012996,0.00014462,0.00015735,0.00016843,0.00017771,0.00018542,0.00019195,0.00019683,0.00020162,0.00020691,0.00021321,0.00022101,0.00022966,0.00024053,0.000254,0.00027043,0.00029021,0.00031193,0.00033724,0.0003662,0.00039856,0.00043366,0.00046751,0.00050203,0.00053711,0.00057307,0.0006116,0.00065045,0.00069543,0.00074882,0.00081258,0.00088713,0.00096918,0.00106403,0.00116865,0.00128127,0.00140681,0.00153606,0.001662,0.00179578,0.00196923,0.00223894,0.00253222,0.00277627,0.0030747,0.00342751,0.00380631,0.00425499,0.00475817,0.00530473,0.0059001,0.00655556,0.00734946,0.00824337,0.00926066,0.01042421,0.01176064,0.01342157,0.01534554,0.01757371,0.02014592,0.02310144,0.02666858,0.03074174,0.03536691,0.0406246,0.04659925,0.05361455,0.06170144,0.07101311,0.08149406,0.09330697,0.10656722,0.12054015,0.13590874,0.15375104,0.17411054,0.20063175,0.22989551,0.26249966,0.29929396
TUN,2094,0.00164006,0.00010427,8.703e-05,7.332e-05,6.263e-05,5.454e-05,4.846e-05,4.441e-05,4.218e-05,4.159e-05,4.258e-05,4.514e-05,4.933e-05,5.532e-05,6.325e-05,7.324e-05,8.498e-05,9.833e-05,0.00011277,0.00012756,0.00014197,0.00015449,0.00016539,0.00017451,0.0001821,0.00018854,0.00019335,0.00019807,0.00020329,0.00020951,0.0002172,0.00022572,0.00023643,0.0002497,0.00026588,0.00028534,0.00030671,0.00033161,0.00036011,0.00039194,0.00042649,0.00045979,0.00049376,0.00052828,0.0005637,0.00060168,0.00063992,0.00068417,0.00073669,0.00079937,0.00087266,0.00095326,0.00104642,0.0011492,0.00125982,0.00138316,0.00151014,0.00163381,0.00176509,0.00193525,0.00219959,0.00248699,0.00272646,0.00301931,0.00336557,0.00373754,0.00417867,0.00467359,0.00521127,0.00579699,0.00644134,0.0072232,0.00810326,0.00910408,0.0102497,0.01156527,0.01320381,0.01510128,0.01729686,0.019832,0.02274577,0.02626428,0.03028731,0.03486113,0.04005763,0.04596761,0.05290845,0.06090184,0.07011214,0.08049742,0.09220524,0.10534257,0.11920027,0.13447811,0.15220177,0.17240046,0.19876452,0.22788552,0.26037493,0.29706305
TUN,2095,0.00161093,0.00010229,8.538e-05,7.193e-05,6.144e-05,5.351e-05,4.754e-05,4.356e-05,4.136e-05,4.077e-05,4.174e-05,4.424e-05,4.836e-05,5.423e-05,6.202e-05,7.185e-05,8.338e-05,9.651e-05,0.00011072,0.00012526,0.00013943,0.00015174,0.00016246,0.00017144,0.00017891,0.00018526,0.00019002,0.00019467,0.00019983,0.00020598,0.00021357,0.00022198,0.00023253,0.00024561,0.00026155,0.00028073,0.00030176,0.00032628,0.00035434,0.00038569,0.00041971,0.00045249,0.00048594,0.00051995,0.00055485,0.00059228,0.00062996,0.00067352,0.0007252,0.00078688,0.00085895,0.00093818,0.00102975,0.00113076,0.00123951,0.00136072,0.00148552,0.00160708,0.00173601,0.00190294,0.00216216,0.00244409,0.00267906,0.00296661,0.00330668,0.00367216,0.004106,0.00459294,0.00512218,0.00569874,0.00633292,0.00710238,0.00796955,0.00895541,0.01008322,0.01137944,0.01299461,0.01486823,0.01703571,0.01953638,0.02241098,0.02588423,0.02985581,0.03437683,0.03951942,0.04536542,0.05223911,0.06015528,0.06926903,0.0795549,0.09116942,0.10420799,0.11796537,0.13313626,0.15076209,0.17083657,0.19705355,0.22605114,0.25842845,0.29502878
TUN,2096,0.00158105,0.00010035,8.374e-05,7.054e-05,6.025e-05,5.246e-05,4.66e-05,4.269e-05,4.053e-05,3.994e-05,4.088e-05,4.333e-05,4.737e-05,5.313e-05,6.078e-05,7.044e-05,8.177e-05,9.468e-05,0.00010865,0.00012296,0.0001369,0.00014901,0.00015957,0.00016841,0.00017578,0.00018204,0.00018674,0.00019135,0.00019644,0.00020251,0.00021001,0.0002183,0.0002287,0.00024159,0.00025729,0.00027619,0.00029689,0.00032102,0.00034864,0.00037951,0.00041302,0.00044527,0.00047819,0.00051169,0.00054607,0.00058294,0.00062001,0.00066288,0.00071371,0.00077435,0.00084521,0.00092301,0.00101295,0.00111218,0.00121899,0.00133803,0.00146053,0.00157986,0.00170638,0.00187001,0.00212391,0.00240024,0.00263076,0.00291279,0.00324659,0.00360553,0.00403206,0.00451085,0.00503144,0.00559872,0.00622262,0.00698002,0.00783304,0.008804,0.00991451,0.01119026,0.01278235,0.01462942,0.01676984,0.0192388,0.02207475,0.02550307,0.02942388,0.03388712,0.03897002,0.04475529,0.05155728,0.05939821,0.0684262,0.07861073,0.09012122,0.10306737,0.11674589,0.13182478,0.14933403,0.16930702,0.19542438,0.22432501,0.25663738,0.29319191
TUN,2097,0.00155379,9.852e-05,8.22e-05,6.924e-05,5.913e-05,5.148e-05,4.573e-05,4.188e-05,3.975e-05,3.916e-05,4.008e-05,4.247e-05,4.643e-05,5.209e-05,5.96e-05,6.909e-05,8.023e-05,9.292e-05,0.00010665,0.00012072,0.00013442,0.00014633,0.00015671,0.00016541,0.00017267,0.00017884,0.00018346,0.00018801,0.00019305,0.00019903,0.00020642,0.00021459,0.00022484,0.00023753,0.00025299,0.00027159,0.00029196,0.0003157,0.00034287,0.00037325,0.00040623,0.00043795,0.00047035,0.00050333,0.0005372,0.00057353,0.00061001,0.00065219,0.00070221,0.00076185,0.0008315,0.00090795,0.0009963,0.00109381,0.00119879,0.00131577,0.00143612,0.00155332,0.00167758,0.00183815,0.002087,0.00235788,0.00258417,0.00286108,0.00318878,0.00354156,0.00396111,0.00443212,0.00494432,0.0055026,0.00611667,0.00686238,0.00770214,0.00865739,0.00975129,0.01100777,0.01257593,0.01439693,0.01650739,0.0189456,0.02174543,0.02512814,0.02899668,0.03340046,0.03841507,0.04412942,0.0508578,0.05861131,0.06754651,0.07762904,0.08901753,0.10183908,0.11541771,0.13039439,0.14776254,0.16756671,0.1935347,0.22228886,0.25443874,0.29084096
TUN,2098,0.00152497,9.656e-05,8.057e-05,6.786e-05,5.796e-05,5.046e-05,4.481e-05,4.104e-05,3.894e-05,3.836e-05,3.925e-05,4.159e-05,4.546e-05,5.101e-05,5.837e-05,6.769e-05,7.863e-05,9.108e-05,0.00010457,0.00011839,0.00013185,0.00014354,0.00015373,0.00016229,0.00016943,0.00017552,0.00018008,0.00018457,0.00018954,0.00019546,0.00020275,0.0002108,0.0002209,0.0002334,0.00024863,0.00026694,0.00028697,0.00031033,0.00033705,0.00036693,0.0003994,0.0004306,0.00046246,0.00049492,0.00052827,0.00056406,0.00059993,0.00064141,0.00069058,0.0007492,0.00081764,0.00089267,0.00097941,0.00107513,0.00117822,0.0012931,0.00141124,0.00152627,0.00164812,0.00180552,0.00204926,0.00231459,0.00253637,0.00280798,0.00312952,0.00347575,0.00388817,0.00435124,0.00485488,0.00540384,0.00600775,0.00674163,0.007568,0.00850797,0.00958383,0.01082121,0.01236637,0.01416048,0.01624186,0.0186469,0.02141279,0.02475466,0.02857347,0.03292045,0.03787044,0.04351128,0.05016401,0.05784089,0.06668647,0.07667942,0.08797001,0.10067832,0.11415725,0.12905172,0.1463213,0.16599312,0.19182431,0.22049488,0.25257003,0.28888485
TUN,2099,0.00149602,9.469e-05,7.899e-05,6.652e-05,5.681e-05,4.945e-05,4.391e-05,4.02e-05,3.813e-05,3.756e-05,3.842e-05,4.071e-05,4.45e-05,4.994e-05,5.717e-05,6.631e-05,7.705e-05,8.928e-05,0.00010253,0.0001161,0.00012933,0.00014083,0.00015085,0.00015927,0.00016631,0.00017231,0.00017681,0.00018125,0.00018615,0.00019199,0.00019919,0.00020712,0.00021707,0.00022938,0.00024437,0.00026239,0.00028209,0.00030506,0.00033136,0.00036074,0.00039267,0.00042335,0.0004547,0.00048662,0.00051943,0.00055465,0.00058991,0.00063067,0.00067897,0.00073653,0.00080376,0.00087739,0.00096249,0.00105642,0.00115757,0.00127031,0.00138621,0.001499,0.00161843,0.00177255,0.0020112,0.00227108,0.0024884,0.0027546,0.00307,0.00340987,0.00381499,0.00427017,0.00476531,0.00530497,0.00589855,0.00662043,0.00743338,0.00835805,0.00941643,0.01063325,0.01215558,0.01392352,0.01597446,0.01834655,0.02107485,0.02437669,0.02814867,0.03243866,0.03732314,0.04288963,0.04945756,0.05704712,0.0658041,0.07569768,0.08688799,0.09948985,0.11286005,0.12764901,0.14481551,0.16436735,0.19005857,0.21860213,0.25060589,0.28685438
TUN,2100,0.00146987,9.293e-05,7.751e-05,6.527e-05,5.573e-05,4.851e-05,4.306e-05,3.942e-05,3.738e-05,3.681e-05,3.764e-05,3.988e-05,4.36e-05,4.893e-05,5.603e-05,6.5e-05,7.556e-05,8.759e-05,0.00010061,0.00011395,0.00012695,0.00013825,0.00014811,0.00015639,0.00016332,0.00016923,0.00017367,0.00017805,0.00018289,0.00018865,0.00019575,0.00020358,0.00021337,0.00022549,0.00024025,0.000258,0.00027738,0.00029997,0.00032584,0.00035476,0.00038619,0.00041635,0.0004472,0.00047864,0.00051095,0.00054565,0.00058036,0.00062046,0.00066796,0.00072455,0.00079062,0.00086296,0.00094654,0.00103879,0.00113819,0.00124892,0.00136278,0.00147358,0.00159082,0.00174196,0.0019757,0.00223041,0.00244366,0.00270485,0.0030144,0.00334837,0.0037469,0.00419462,0.00468198,0.00521315,0.00579727,0.00650786,0.00730819,0.00821859,0.00926061,0.01045874,0.01195803,0.01370152,0.01572448,0.01806404,0.02075713,0.02401728,0.02774599,0.03198521,0.03680735,0.0423023,0.04878853,0.05628522,0.06494703,0.07474752,0.08583233,0.09833037,0.11160448,0.12628206,0.14332376,0.16275597,0.18832224,0.21673761,0.24862228,0.28480271
