PER,1950,320.495,282.004,256.424,236.966,222.523,210.31,202.022,195.197,189.707,185.284,181.972,179.577,175.796,170.949,165.971,162.317,158.624,153.786,148.25,142.616,137.482,132.012,127.489,123.773,120.215,116.378,113.076,109.194,104.884,100.709,97.005,93.046,90.494,89.093,87.905,86.167,84.996,83.306,81.123,78.843,77.049,75.215,72.777,69.96,67.125,64.491,61.564,59.731,58.782,57.757,56.523,55.588,53.981,51.749,49.382,47.408,45.173,43.129,41.296,39.451,37.503,35.722,33.504,30.956,28.401,26.054,23.515,21.807,20.697,19.89,18.715,17.872,16.524,14.687,12.851,11.315,9.705,8.335,7.227,6.217,5.166,4.21,3.412,2.748,2.18,1.666,1.228,0.885,0.633,0.457,0.288,0.24,0.188,0.119,0.047,0.031,0.031,0.024,0.017,0.008
PER,1951,329.564,292.49,266.663,248.79,232.605,219.858,208.659,200.945,194.416,189.065,184.72,181.457,179.073,175.287,170.429,165.436,161.769,158.067,153.228,147.694,142.064,136.931,131.462,126.941,123.226,119.675,115.853,112.566,108.704,104.414,100.255,96.558,92.605,90.049,88.635,87.432,85.683,84.498,82.797,80.608,78.324,76.524,74.685,72.245,69.43,66.593,63.955,61.023,59.175,58.202,57.152,55.897,54.935,53.31,51.066,48.688,46.694,44.438,42.368,40.502,38.612,36.636,34.823,32.584,30.03,27.475,25.126,22.598,20.877,19.728,18.872,17.66,16.762,15.393,13.58,11.79,10.293,8.752,7.448,6.395,5.444,4.47,3.594,2.871,2.274,1.775,1.333,0.965,0.685,0.483,0.342,0.213,0.173,0.132,0.081,0.032,0.021,0.02,0.015,0.01
PER,1952,338.78,300.917,276.688,258.791,244.251,229.844,218.151,207.559,200.154,193.769,188.501,184.207,180.957,178.563,174.757,169.883,164.879,161.2,157.488,152.646,147.113,141.483,136.349,130.884,126.368,122.659,119.12,115.319,112.049,108.207,103.932,99.786,96.092,92.143,89.58,88.155,86.937,85.177,83.979,82.269,80.075,77.789,75.983,74.139,71.698,68.881,66.039,63.395,60.457,58.594,57.594,56.519,55.241,54.253,52.609,50.351,47.957,45.938,43.658,41.558,39.648,37.725,35.718,33.871,31.614,29.056,26.501,24.151,21.639,19.904,18.722,17.812,16.567,15.618,14.238,12.462,10.729,9.287,7.825,6.594,5.603,4.713,3.819,3.025,2.377,1.851,1.42,1.048,0.747,0.522,0.361,0.252,0.153,0.121,0.09,0.054,0.021,0.013,0.012,0.009
PER,1953,348.64,309.632,284.875,268.623,254.122,241.376,228.068,217.004,206.743,199.489,193.192,187.977,183.696,180.434,178.009,174.173,169.272,164.25,160.548,156.82,151.965,146.424,140.79,135.656,130.197,125.694,122.003,118.485,114.709,111.459,107.635,103.377,99.242,95.554,91.61,89.045,87.611,86.382,84.618,83.41,81.695,79.502,77.215,75.406,73.557,71.11,68.292,65.446,62.793,59.85,57.972,56.946,55.849,54.55,53.533,51.868,49.59,47.176,45.126,42.82,40.684,38.739,36.782,34.746,32.866,30.591,28.028,25.475,23.128,20.632,18.891,17.672,16.711,15.439,14.448,13.067,11.342,9.68,8.303,6.928,5.777,4.851,4.026,3.214,2.505,1.935,1.482,1.117,0.811,0.569,0.39,0.265,0.181,0.107,0.082,0.06,0.036,0.013,0.009,0.007
PER,1954,358.649,318.984,293.365,276.679,263.822,251.144,239.511,226.862,216.143,206.049,198.886,192.646,187.443,183.144,179.839,177.359,173.472,168.526,163.462,159.721,155.957,151.078,145.522,139.885,134.757,129.317,124.841,121.178,117.692,113.948,110.724,106.924,102.688,98.569,94.894,90.963,88.402,86.97,85.739,83.974,82.764,81.051,78.861,76.58,74.768,72.916,70.466,67.644,64.795,62.135,59.189,57.297,56.25,55.131,53.809,52.762,51.069,48.769,46.331,44.248,41.922,39.755,37.775,35.783,33.718,31.806,29.513,26.947,24.399,22.055,19.585,17.833,16.581,15.574,14.283,13.26,11.894,10.234,8.655,7.351,6.068,5.001,4.144,3.389,2.661,2.039,1.548,1.165,0.865,0.618,0.426,0.287,0.191,0.127,0.073,0.055,0.04,0.022,0.009,0.004
PER,1955,368.486,328.645,302.591,285.124,271.848,260.801,249.247,238.274,225.983,215.436,205.445,198.338,192.114,186.894,182.558,179.205,176.673,172.741,167.758,162.664,158.89,155.099,150.205,144.647,139.018,133.906,128.495,124.049,120.415,116.96,113.24,110.035,106.252,102.03,97.925,94.258,90.338,87.782,86.346,85.111,83.347,82.133,80.419,78.231,75.95,74.134,72.271,69.813,66.986,64.129,61.461,58.511,56.607,55.536,54.392,53.043,51.958,50.232,47.904,45.438,43.325,40.97,38.77,36.753,34.729,32.634,30.688,28.378,25.811,23.27,20.937,18.491,16.735,15.456,14.41,13.11,12.07,10.731,9.148,7.662,6.439,5.253,4.272,3.487,2.805,2.166,1.632,1.218,0.902,0.659,0.463,0.313,0.206,0.134,0.087,0.049,0.036,0.025,0.014,0.004
PER,1956,378.823,338.218,312.159,294.305,280.264,268.803,258.872,247.985,237.371,225.262,214.819,204.892,197.801,191.559,186.304,181.921,178.516,175.932,171.957,166.94,161.818,158.018,154.207,149.305,143.752,138.143,133.059,127.683,123.271,119.667,116.236,112.539,109.347,105.576,101.368,97.273,93.616,89.706,87.154,85.719,84.48,82.716,81.498,79.781,77.593,75.31,73.483,71.608,69.14,66.304,63.439,60.764,57.812,55.893,54.796,53.622,52.24,51.112,49.346,46.986,44.496,42.344,39.96,37.727,35.675,33.617,31.494,29.513,27.186,24.622,22.095,19.771,17.354,15.602,14.302,13.229,11.934,10.892,9.596,8.102,6.713,5.575,4.488,3.595,2.888,2.284,1.733,1.284,0.943,0.687,0.494,0.34,0.226,0.144,0.091,0.058,0.032,0.023,0.016,0.009
PER,1957,389.457,348.346,321.712,303.86,289.43,277.208,266.866,257.595,247.068,236.633,224.633,214.256,204.35,197.243,190.967,185.663,181.23,177.775,175.142,171.128,166.082,160.937,157.115,153.293,148.394,142.859,137.28,132.229,126.89,122.511,118.935,115.523,111.842,108.66,104.9,100.703,96.619,92.973,89.073,86.526,85.088,83.847,82.082,80.859,79.139,76.947,74.657,72.817,70.924,68.443,65.597,62.727,60.045,57.088,55.153,54.025,52.815,51.394,50.217,48.407,46.018,43.496,41.308,38.891,36.627,34.539,32.448,30.294,28.28,25.939,23.383,20.87,18.562,16.183,14.441,13.133,12.047,10.774,9.742,8.499,7.1,5.814,4.764,3.778,2.979,2.352,1.828,1.364,0.994,0.719,0.515,0.362,0.244,0.158,0.099,0.061,0.038,0.02,0.014,0.01
PER,1958,399.971,358.833,331.851,313.429,298.977,286.363,275.261,265.581,256.668,246.321,235.992,224.06,213.702,203.783,196.64,190.313,184.956,180.47,176.963,174.284,170.232,165.161,159.998,156.163,152.339,147.455,141.949,136.407,131.394,126.095,121.747,118.191,114.797,111.129,107.955,104.207,100.022,95.95,92.314,88.428,85.886,84.448,83.204,81.439,80.208,78.48,76.281,73.981,72.123,70.212,67.718,64.864,61.987,59.298,56.337,54.381,53.217,51.966,50.499,49.266,47.419,44.993,42.437,40.212,37.765,35.467,33.344,31.219,29.036,26.989,24.641,22.093,19.599,17.315,14.986,13.267,11.965,10.879,9.641,8.634,7.452,6.153,4.971,4.013,3.132,2.426,1.883,1.439,1.056,0.758,0.538,0.378,0.261,0.172,0.108,0.066,0.04,0.024,0.013,0.009
PER,1959,410.84,369.213,342.32,323.537,308.508,295.862,284.37,273.938,264.623,255.89,245.652,235.385,223.469,213.086,203.115,195.894,189.483,184.039,179.47,175.886,173.139,169.037,163.934,158.758,154.919,151.111,146.261,140.802,135.313,130.349,125.098,120.791,117.267,113.899,110.255,107.102,103.374,99.213,95.164,91.55,87.685,85.158,83.726,82.484,80.72,79.486,77.752,75.544,73.235,71.362,69.435,66.932,64.073,61.192,58.495,55.528,53.55,52.346,51.047,49.53,48.268,46.371,43.906,41.318,39.055,36.578,34.247,32.088,29.93,27.717,25.646,23.288,20.755,18.289,16.039,13.772,12.091,10.81,9.74,8.548,7.575,6.461,5.263,4.189,3.327,2.551,1.943,1.481,1.114,0.804,0.567,0.395,0.271,0.183,0.117,0.072,0.043,0.026,0.015,0.008
PER,1960,421.151,380.235,352.942,334.171,318.73,305.48,293.934,283.103,273.029,263.888,255.254,245.077,234.828,222.904,212.495,202.491,195.232,188.786,183.311,178.713,175.1,172.325,168.207,163.097,157.926,154.095,150.304,145.485,140.06,134.602,129.665,124.437,120.143,116.625,113.26,109.622,106.468,102.747,98.592,94.552,90.944,87.089,84.562,83.122,81.87,80.097,78.844,77.091,74.867,72.54,70.644,68.697,66.178,63.309,60.417,57.706,54.725,52.712,51.458,50.105,48.536,47.208,45.261,42.758,40.136,37.835,35.327,32.963,30.769,28.578,26.344,24.245,21.884,19.373,16.946,14.745,12.555,10.928,9.681,8.638,7.501,6.569,5.528,4.436,3.474,2.711,2.043,1.529,1.148,0.848,0.602,0.416,0.284,0.191,0.125,0.079,0.048,0.027,0.016,0.009
PER,1961,432.223,390.699,364.133,344.901,329.422,315.737,303.577,292.683,282.207,272.308,263.266,254.688,244.528,234.271,222.33,211.898,201.878,194.603,188.143,182.656,178.046,174.417,171.626,167.502,162.396,157.234,153.419,149.646,144.852,139.453,134.016,129.095,123.877,119.585,116.065,112.696,109.054,105.897,102.175,98.023,93.986,90.381,86.531,84,82.548,81.278,79.489,78.211,76.434,74.189,71.84,69.92,67.949,65.414,62.53,59.623,56.891,53.888,51.837,50.526,49.106,47.479,46.084,44.085,41.544,38.89,36.55,34.012,31.615,29.385,27.169,24.911,22.788,20.431,17.954,15.582,13.444,11.349,9.787,8.587,7.582,6.505,5.621,4.66,3.679,2.831,2.172,1.609,1.185,0.873,0.635,0.442,0.299,0.2,0.13,0.083,0.052,0.03,0.017,0.01
PER,1962,443.504,401.889,374.799,356.189,340.206,326.456,313.85,302.337,291.796,281.496,271.697,262.71,254.144,243.978,233.702,221.746,211.306,201.284,194.006,187.544,182.053,177.436,173.799,170.997,166.872,161.776,156.632,152.835,149.078,144.302,138.921,133.495,128.578,123.362,119.068,115.541,112.164,108.517,105.354,101.629,97.478,93.442,89.836,85.988,83.45,81.98,80.688,78.876,77.568,75.764,73.495,71.123,69.178,67.182,64.626,61.723,58.796,56.036,53.007,50.911,49.526,48.045,46.357,44.894,42.843,40.262,37.575,35.198,32.628,30.2,27.942,25.696,23.419,21.279,18.938,16.511,14.209,12.154,10.166,8.682,7.536,6.575,5.567,4.739,3.865,2.999,2.269,1.711,1.246,0.902,0.654,0.466,0.317,0.21,0.136,0.087,0.055,0.033,0.018,0.011
PER,1963,453.989,413.06,385.961,366.786,351.373,336.664,323.858,311.812,300.645,290.341,280.248,270.622,261.736,253.241,243.143,232.955,221.113,210.76,200.798,193.54,187.052,181.482,176.755,173.004,170.105,165.921,160.788,155.622,151.825,148.098,143.377,138.06,132.694,127.827,122.651,118.377,114.849,111.467,107.809,104.629,100.884,96.703,92.634,89.002,85.136,82.573,81.084,79.782,77.965,76.65,74.841,72.583,70.229,68.294,66.309,63.765,60.859,57.911,55.125,52.073,49.939,48.485,46.928,45.17,43.629,41.516,38.897,36.191,33.794,31.223,28.797,26.543,24.315,22.078,19.994,17.741,15.429,13.253,11.329,9.494,8.126,7.071,6.176,5.239,4.452,3.64,2.859,2.212,1.712,1.286,0.954,0.7,0.499,0.342,0.226,0.147,0.094,0.06,0.038,0.022
PER,1964,464.276,423.769,397.363,378.088,362.062,347.835,334.048,321.784,310.08,299.158,289.07,279.161,269.645,260.834,252.408,242.409,232.341,220.597,210.308,200.374,193.087,186.511,180.822,175.971,172.115,169.145,164.912,159.75,154.587,150.82,147.15,142.496,137.244,131.936,127.11,121.957,117.688,114.154,110.759,107.083,103.877,100.095,95.875,91.779,88.123,84.237,81.663,80.166,78.858,77.04,75.722,73.923,71.682,69.347,67.426,65.451,62.897,59.969,56.995,54.178,51.105,48.915,47.385,45.752,43.922,42.303,40.134,37.489,34.774,32.364,29.797,27.382,25.144,22.95,20.771,18.75,16.593,14.399,12.358,10.569,8.885,7.629,6.647,5.798,4.912,4.161,3.411,2.712,2.132,1.667,1.264,0.938,0.68,0.479,0.322,0.212,0.137,0.087,0.056,0.034
PER,1965,474.848,434.17,408.219,389.556,373.395,358.553,345.239,331.998,320.079,308.618,297.91,288,278.198,268.754,260.011,251.674,241.787,231.808,220.128,209.869,199.913,192.545,185.855,180.049,175.099,171.178,168.156,163.891,158.732,153.605,149.891,146.281,141.687,136.49,131.223,126.419,121.272,116.999,113.453,110.038,106.337,103.091,99.268,95.022,90.904,87.226,83.336,80.76,79.259,77.945,76.126,74.81,73.023,70.796,68.48,66.565,64.57,61.987,59.029,56.023,53.178,50.065,47.814,46.205,44.497,42.595,40.903,38.689,36.027,33.307,30.891,28.336,25.937,23.73,21.583,19.47,17.516,15.453,13.384,11.482,9.829,8.285,7.123,6.193,5.373,4.534,3.825,3.143,2.516,1.985,1.547,1.163,0.849,0.604,0.416,0.276,0.178,0.115,0.073,0.044
PER,1966,484.755,444.837,418.781,400.504,384.906,370.009,356.103,343.351,330.46,318.772,307.503,296.95,287.124,277.376,267.98,259.3,251.045,241.225,231.294,219.642,209.366,199.352,191.894,185.114,179.234,174.235,170.277,167.229,162.968,157.839,152.761,149.095,145.531,140.976,135.81,130.56,125.758,120.611,116.328,112.766,109.327,105.594,102.313,98.463,94.199,90.064,86.38,82.492,79.915,78.404,77.076,75.258,73.94,72.154,69.933,67.618,65.679,63.642,61.021,58.027,54.996,52.104,48.947,46.633,44.946,43.162,41.196,39.439,37.186,34.513,31.793,29.374,26.837,24.472,22.305,20.212,18.164,16.279,14.318,12.38,10.615,9.088,7.667,6.577,5.683,4.892,4.108,3.454,2.835,2.265,1.774,1.362,1.006,0.718,0.498,0.336,0.219,0.14,0.089,0.055
PER,1967,494.578,454.886,429.585,411.126,395.859,381.339,367.325,353.949,341.541,328.907,317.448,306.373,295.935,286.189,276.519,267.224,258.668,250.506,240.752,230.849,219.174,208.813,198.679,191.095,184.211,178.259,173.209,169.211,166.158,161.93,156.863,151.855,148.255,144.743,140.23,135.088,129.844,125.038,119.883,115.582,111.991,108.508,104.728,101.408,97.529,93.243,89.102,85.424,81.551,78.98,77.469,76.148,74.344,73.036,71.264,69.056,66.727,64.746,62.664,60.002,56.973,53.895,50.949,47.747,45.372,43.608,41.753,39.73,37.918,35.633,32.954,30.242,27.829,25.33,23.011,20.896,18.864,16.887,15.08,13.231,11.424,9.789,8.374,7.052,6.017,5.158,4.406,3.688,3.085,2.514,1.988,1.532,1.151,0.829,0.578,0.391,0.259,0.165,0.104,0.065
PER,1968,504.97,464.961,439.876,422.049,406.545,392.349,378.704,365.22,352.192,340.036,327.626,316.351,305.386,295.023,285.347,275.772,266.591,258.123,250.019,240.288,230.36,218.606,208.134,197.886,190.204,183.258,177.259,172.177,168.176,165.15,160.977,155.98,151.036,147.484,144.009,139.513,134.376,129.129,124.313,119.144,114.817,111.183,107.652,103.838,100.485,96.582,92.289,88.156,84.485,80.626,78.061,76.557,75.244,73.45,72.149,70.381,68.155,65.789,63.76,61.627,58.923,55.844,52.711,49.712,46.467,44.031,42.194,40.28,38.211,36.348,34.039,31.362,28.671,26.284,23.837,21.581,19.526,17.559,15.666,13.95,12.215,10.537,9.018,7.691,6.451,5.467,4.653,3.953,3.292,2.727,2.192,1.703,1.284,0.939,0.659,0.448,0.297,0.193,0.121,0.075
PER,1969,513.709,475.654,450.236,432.478,417.522,402.977,389.612,376.47,363.33,350.566,338.651,326.446,315.296,304.418,294.141,284.575,275.135,266.058,257.655,249.574,239.812,229.786,217.903,207.298,196.943,189.189,182.188,176.153,171.067,167.099,164.133,160.034,155.11,150.229,146.72,143.262,138.768,133.628,128.372,123.536,118.341,113.967,110.28,106.707,102.859,99.475,95.562,91.278,87.159,83.503,79.665,77.12,75.632,74.331,72.555,71.259,69.47,67.206,64.798,62.715,60.527,57.762,54.625,51.44,48.387,45.1,42.611,40.713,38.746,36.637,34.73,32.401,29.738,27.085,24.739,22.358,20.167,18.175,16.285,14.486,12.863,11.238,9.672,8.248,6.993,5.831,4.908,4.153,3.502,2.889,2.354,1.855,1.408,1.033,0.736,0.503,0.334,0.217,0.138,0.085
PER,1970,523.554,484.939,461.316,443.064,428.088,414.297,400.634,387.813,375.018,362.11,349.525,337.747,325.616,314.506,303.663,293.433,283.934,274.547,265.506,257.115,249.013,239.198,229.098,217.147,206.49,196.107,188.335,181.323,175.295,170.237,166.307,163.378,159.318,154.429,149.567,146.064,142.6,138.098,132.949,127.679,122.825,117.605,113.2,109.484,105.886,102.015,98.616,94.697,90.415,86.298,82.644,78.815,76.275,74.777,73.466,71.677,70.342,68.504,66.189,63.729,61.587,59.327,56.498,53.307,50.073,46.971,43.652,41.116,39.154,37.128,34.968,33.002,30.645,27.988,25.361,23.042,20.709,18.571,16.638,14.821,13.104,11.558,10.025,8.553,7.218,6.052,4.993,4.161,3.481,2.895,2.348,1.874,1.443,1.066,0.763,0.529,0.352,0.23,0.146,0.091
PER,1971,529.357,491.968,468.058,452.062,436.747,423.192,410.41,397.406,385.006,372.489,359.791,347.368,335.694,323.644,312.608,301.847,291.706,282.278,272.948,263.947,255.58,247.478,237.664,227.568,215.646,205.023,194.683,186.944,179.971,173.978,168.953,165.045,162.129,158.087,153.217,148.371,144.867,141.398,136.895,131.752,126.483,121.624,116.401,111.987,108.259,104.645,100.764,97.353,93.428,89.142,85.024,81.366,77.541,74.988,73.459,72.107,70.273,68.872,66.97,64.597,62.082,59.864,57.528,54.642,51.409,48.138,45.005,41.674,39.095,37.061,34.964,32.749,30.729,28.365,25.745,23.174,20.91,18.661,16.619,14.787,13.075,11.467,10.021,8.6,7.25,6.041,5.001,4.079,3.357,2.769,2.262,1.798,1.401,1.051,0.756,0.526,0.356,0.232,0.148,0.092
PER,1972,541.263,501.642,478.376,461.159,447.708,432.705,419.756,407.342,394.662,382.595,370.439,358.071,345.865,334.364,322.494,311.683,301.184,291.238,281.933,272.644,263.576,255.022,246.661,236.591,226.285,214.227,203.502,193.086,185.333,178.419,172.538,167.648,163.87,161.065,157.11,152.288,147.452,143.938,140.445,135.903,130.709,125.361,120.413,115.126,110.657,106.88,103.253,99.392,96.009,92.123,87.885,83.832,80.249,76.5,74.015,72.531,71.172,69.299,67.847,65.892,63.451,60.863,58.56,56.141,53.184,49.895,46.584,43.427,40.093,37.496,35.428,33.304,31.08,29.06,26.735,24.193,21.712,19.524,17.378,15.445,13.721,12.115,10.605,9.232,7.882,6.609,5.487,4.538,3.702,3.027,2.459,1.964,1.519,1.146,0.833,0.583,0.396,0.262,0.168,0.103
PER,1973,549.719,513.957,488.437,471.624,456.852,443.225,428.686,416.007,403.904,391.612,380.005,368.285,356.214,344.254,333.008,321.463,311.021,300.796,291.021,281.775,272.39,263.063,254.151,245.428,235.061,224.553,212.343,201.502,191.064,183.385,176.623,170.931,166.226,162.607,159.923,156.034,151.229,146.389,142.844,139.297,134.683,129.379,123.909,118.874,113.516,108.988,105.203,101.606,97.795,94.468,90.649,86.508,82.567,79.09,75.459,73.063,71.593,70.194,68.279,66.772,64.752,62.232,59.555,57.157,54.645,51.615,48.282,44.958,41.807,38.508,35.929,33.865,31.765,29.598,27.645,25.423,23.003,20.646,18.578,16.579,14.788,13.19,11.691,10.252,8.914,7.601,6.389,5.339,4.435,3.619,2.924,2.323,1.799,1.346,0.98,0.69,0.469,0.311,0.202,0.125
PER,1974,557.308,522.915,501.04,481.862,467.405,453.302,440.408,426.181,413.63,401.689,389.582,378.119,366.466,354.423,342.544,331.492,320.245,310.021,299.838,289.991,280.615,271.081,261.612,252.588,243.745,233.234,222.627,210.4,199.626,189.309,181.779,175.193,169.681,165.151,161.661,159.062,155.226,150.408,145.511,141.871,138.194,133.448,128.024,122.453,117.346,111.96,107.437,103.661,100.105,96.359,93.097,89.348,85.267,81.383,77.95,74.359,71.975,70.463,68.993,67.008,65.414,63.306,60.693,57.925,55.428,52.839,49.785,46.464,43.161,40.037,36.786,34.246,32.2,30.123,27.991,26.067,23.91,21.593,19.342,17.362,15.455,13.75,12.232,10.799,9.411,8.115,6.879,5.77,4.811,3.971,3.2,2.534,1.96,1.476,1.073,0.759,0.522,0.346,0.223,0.142
PER,1975,564.2,530.933,510.283,494.542,477.67,463.74,450.331,437.696,423.565,411.176,399.433,387.485,376.099,364.479,352.535,340.886,330.181,319.189,309.012,298.747,288.748,279.2,269.499,259.899,250.735,241.718,231.087,220.45,208.298,197.662,187.521,180.198,173.821,168.513,164.139,160.752,158.211,154.358,149.475,144.475,140.684,136.852,131.963,126.421,120.769,115.628,110.253,105.75,102.026,98.546,94.882,91.697,88.017,84.005,80.176,76.787,73.234,70.822,69.238,67.691,65.633,63.941,61.727,59.018,56.155,53.578,50.954,47.903,44.604,41.335,38.256,35.081,32.593,30.576,28.534,26.451,24.572,22.495,20.278,18.13,16.235,14.425,12.808,11.353,9.959,8.61,7.374,6.234,5.216,4.321,3.516,2.776,2.142,1.613,1.179,0.834,0.574,0.384,0.249,0.157
PER,1976,570.19,538.261,518.603,503.926,490.395,474.02,460.764,447.604,435.056,421.089,408.901,397.318,385.447,374.091,362.57,350.86,339.564,329.115,318.171,307.91,297.49,287.315,277.594,267.763,258.02,248.677,239.534,228.871,218.305,206.296,195.838,185.913,178.804,172.638,167.492,163.225,159.899,157.335,153.414,148.424,143.276,139.327,135.343,130.332,124.704,119.021,113.887,108.537,104.091,100.445,97.045,93.463,90.342,86.726,82.769,78.991,75.633,72.066,69.596,67.936,66.311,64.164,62.357,60.035,57.227,54.293,51.678,49.039,45.996,42.727,39.503,36.485,33.394,30.958,28.971,26.968,24.94,23.112,21.105,18.977,16.923,15.114,13.399,11.848,10.427,9.065,7.776,6.627,5.578,4.629,3.778,3.009,2.316,1.74,1.272,0.904,0.623,0.417,0.272,0.172
PER,1977,576.893,544.618,526.155,512.33,499.792,486.607,470.881,457.823,444.712,432.324,418.574,406.561,395.067,383.233,371.995,360.742,349.439,338.437,328.043,317.003,306.564,295.941,285.57,275.698,265.701,255.751,246.262,237.073,226.488,216.077,204.271,194.057,184.384,177.518,171.538,166.518,162.327,158.981,156.335,152.29,147.131,141.809,137.69,133.563,128.452,122.789,117.117,112.012,106.733,102.385,98.834,95.53,92.028,88.975,85.421,81.524,77.791,74.418,70.807,68.276,66.563,64.839,62.587,60.662,58.23,55.345,52.382,49.749,47.1,44.073,40.844,37.684,34.733,31.724,29.344,27.389,25.432,23.464,21.677,19.73,17.684,15.724,13.998,12.352,10.84,9.446,8.137,6.938,5.875,4.897,4.001,3.193,2.478,1.858,1.357,0.964,0.666,0.446,0.291,0.186
PER,1978,583.475,551.835,532.935,520.158,508.409,496.496,483.998,468.605,455.708,442.772,430.554,416.93,404.968,393.485,381.707,370.616,359.598,348.467,337.493,327.036,315.885,305.32,294.576,284.116,274.143,264.025,253.995,244.489,235.355,224.875,214.595,202.948,192.892,183.375,176.623,170.718,165.74,161.532,158.132,155.398,151.238,145.967,140.538,136.323,132.124,126.981,121.319,115.658,110.587,105.363,101.068,97.562,94.293,90.824,87.793,84.257,80.375,76.618,73.198,69.541,66.909,65.1,63.262,60.9,58.855,56.334,53.414,50.441,47.797,45.143,42.143,38.97,35.881,32.997,30.074,27.753,25.837,23.929,22.012,20.256,18.361,16.398,14.53,12.863,11.261,9.78,8.438,7.215,6.107,5.115,4.191,3.348,2.604,1.967,1.434,1.018,0.704,0.472,0.309,0.196
PER,1979,589.695,558.859,540.457,527.102,516.321,505.161,493.913,481.735,466.507,453.784,441.02,428.923,415.351,403.4,391.967,380.332,369.472,358.62,347.515,336.479,325.909,314.635,303.948,293.115,282.557,272.466,262.269,252.222,242.771,233.737,223.387,213.26,201.772,191.868,182.47,175.793,169.933,164.941,160.681,157.195,154.344,150.069,144.69,139.171,134.882,130.646,125.498,119.845,114.22,109.199,104.032,99.788,96.316,93.075,89.629,86.608,83.079,79.175,75.373,71.9,68.16,65.448,63.526,61.569,59.099,56.952,54.381,51.448,48.474,45.823,43.176,40.216,37.105,34.084,31.27,28.439,26.182,24.308,22.441,20.563,18.832,16.994,15.11,13.312,11.683,10.12,8.699,7.443,6.309,5.277,4.343,3.478,2.708,2.051,1.506,1.067,0.737,0.496,0.323,0.206
PER,1980,596.506,565.617,547.845,534.811,523.376,513.183,502.673,491.75,479.747,464.701,452.144,439.493,427.439,413.876,401.964,390.653,379.223,368.507,357.676,346.511,335.373,324.689,313.306,302.539,291.62,280.956,270.795,260.585,250.593,241.233,232.314,222.104,212.117,200.771,190.973,181.649,175.013,169.141,164.103,159.766,156.174,153.21,148.831,143.367,137.786,133.46,129.211,124.064,118.439,112.86,107.885,102.765,98.553,95.105,91.876,88.44,85.413,81.851,77.901,74.05,70.482,66.681,63.875,61.835,59.758,57.196,54.987,52.389,49.446,46.473,43.823,41.193,38.275,35.223,32.273,29.53,26.795,24.603,22.762,20.924,19.081,17.382,15.599,13.78,12.032,10.444,8.95,7.627,6.466,5.412,4.448,3.576,2.792,2.117,1.558,1.112,0.766,0.514,0.338,0.214
PER,1981,602.504,573.113,555.133,542.543,531.344,520.917,511.446,501.444,490.86,479.06,464.125,451.606,438.945,426.85,413.224,401.242,389.868,378.384,367.628,356.767,345.58,334.429,323.738,312.358,301.602,290.704,280.07,269.944,259.768,249.807,240.471,231.569,221.373,211.396,200.06,190.269,180.949,174.312,168.434,163.387,159.039,155.43,152.445,148.05,142.572,136.975,132.625,128.345,123.172,117.523,111.924,106.924,101.785,97.545,94.06,90.788,87.308,84.225,80.61,76.609,72.65,69.029,65.178,62.301,60.169,57.996,55.349,53.04,50.351,47.333,44.318,41.579,38.862,35.883,32.792,29.821,27.069,24.355,22.163,20.31,18.475,16.653,14.971,13.239,11.509,9.877,8.42,7.086,5.928,4.933,4.05,3.262,2.568,1.96,1.449,1.041,0.725,0.487,0.319,0.204
PER,1982,608.64,579.615,562.917,549.925,539.08,528.849,519.129,510.161,500.505,490.133,478.445,463.55,451.013,438.29,426.1,412.364,400.268,388.786,377.209,366.374,355.451,344.222,333.049,322.351,310.986,300.258,289.402,278.817,268.742,258.617,248.701,239.404,230.531,220.365,210.413,199.104,189.336,180.039,173.413,167.542,162.497,158.147,154.53,151.532,147.125,141.638,136.026,131.651,127.343,122.148,116.48,110.862,105.843,100.685,96.417,92.894,89.576,86.045,82.9,79.227,75.135,71.123,67.447,63.546,60.597,58.372,56.101,53.366,50.953,48.173,45.111,42.019,39.194,36.397,33.367,30.26,27.293,24.56,21.898,19.735,17.894,16.089,14.314,12.683,11.042,9.439,7.961,6.667,5.511,4.527,3.697,2.976,2.346,1.804,1.344,0.97,0.681,0.462,0.303,0.194
PER,1983,615.613,586.376,569.828,557.902,546.558,536.623,527.069,517.845,509.22,499.779,489.52,477.868,462.957,450.358,437.539,425.235,411.386,399.183,387.607,375.95,365.052,354.087,342.836,331.661,320.979,309.644,298.958,288.15,277.616,267.59,257.508,247.631,238.363,229.514,219.372,209.44,198.155,188.406,179.128,172.509,166.643,161.596,157.239,153.609,150.59,146.165,140.66,135.029,130.623,126.281,121.059,115.368,109.734,104.69,99.511,95.21,91.638,88.264,84.674,81.457,77.669,73.525,69.463,65.73,61.781,58.759,56.434,54.061,51.234,48.716,45.881,42.737,39.57,36.663,33.797,30.739,27.641,24.711,22.032,19.45,17.343,15.544,13.797,12.102,10.561,9.046,7.604,6.304,5.191,4.215,3.399,2.722,2.145,1.653,1.24,0.902,0.636,0.436,0.289,0.184
PER,1984,623.661,594.124,577.113,565.095,554.696,544.202,534.907,525.828,516.939,508.525,499.193,488.966,477.298,462.336,449.657,436.742,424.344,410.415,398.141,386.503,374.799,363.868,352.889,341.645,330.489,319.836,308.54,297.893,287.127,276.631,266.636,256.581,246.723,237.467,228.627,218.494,208.572,197.302,187.562,178.291,171.67,165.798,160.739,156.364,152.71,149.658,145.203,139.671,134.01,129.565,125.183,119.928,114.214,108.555,103.483,98.273,93.928,90.299,86.857,83.199,79.828,75.979,71.781,67.669,63.881,59.883,56.786,54.359,51.878,48.958,46.374,43.438,40.215,36.982,34.009,31.097,28.039,24.987,22.128,19.533,17.06,15.037,13.306,11.647,10.065,8.646,7.287,6.024,4.912,3.974,3.169,2.507,1.965,1.514,1.139,0.835,0.593,0.408,0.274,0.176
PER,1985,630.789,602.814,585.172,572.515,561.948,552.356,542.483,533.656,524.912,516.239,507.934,498.631,488.38,476.64,461.567,448.749,435.69,423.153,409.1,396.714,384.98,373.209,362.244,351.264,340.042,328.924,318.317,307.079,296.491,285.784,275.342,265.394,255.379,245.554,236.327,227.511,217.402,207.504,196.261,186.544,177.292,170.677,164.807,159.742,155.355,151.678,148.593,144.11,138.552,132.865,128.384,123.965,118.684,112.945,107.264,102.161,96.917,92.524,88.831,85.319,81.524,78.083,74.172,69.923,65.76,61.914,57.868,54.693,52.161,49.571,46.608,43.908,40.878,37.587,34.305,31.291,28.364,25.344,22.371,19.613,17.129,14.789,12.871,11.234,9.689,8.243,6.969,5.777,4.698,3.765,2.993,2.341,1.813,1.39,1.044,0.767,0.55,0.382,0.257,0.167
PER,1986,638.153,610.683,594.141,580.708,569.444,559.649,550.652,541.236,532.736,524.204,515.64,507.362,498.028,487.692,475.824,460.597,447.612,434.39,421.702,407.524,395.036,383.229,371.42,360.444,349.48,338.296,327.229,316.683,305.513,294.99,284.347,273.962,264.062,254.09,244.304,235.107,226.319,216.243,206.372,195.16,185.469,176.239,169.633,163.765,158.694,154.293,150.593,147.473,142.958,137.373,131.66,127.145,122.69,117.38,111.617,105.91,100.77,95.49,91.043,87.282,83.635,79.775,76.26,72.286,67.983,63.768,59.863,55.766,52.515,49.878,47.236,44.178,41.372,38.262,34.924,31.622,28.6,25.695,22.745,19.878,17.244,14.886,12.689,10.892,9.366,7.952,6.657,5.534,4.511,3.605,2.837,2.212,1.694,1.282,0.958,0.704,0.505,0.353,0.24,0.156
PER,1987,644.028,618.855,602.199,589.732,577.658,567.15,557.938,549.386,540.29,532.002,523.578,515.037,506.717,497.273,486.768,474.687,459.231,446.01,432.571,419.691,405.362,392.761,380.886,369.053,358.089,347.167,336.049,325.066,314.611,303.536,293.104,282.546,272.24,262.409,252.501,242.773,233.631,224.891,214.863,205.04,193.875,184.221,175.025,168.438,162.58,157.512,153.1,149.381,146.231,141.69,136.085,130.352,125.807,121.32,115.986,110.199,104.465,99.289,93.97,89.47,85.606,81.89,77.963,74.372,70.331,65.974,61.705,57.742,53.6,50.276,47.601,44.854,41.715,38.821,35.654,32.3,29.011,26.015,23.161,20.304,17.56,15.057,12.833,10.787,9.118,7.714,6.438,5.296,4.326,3.462,2.714,2.094,1.599,1.196,0.884,0.646,0.462,0.324,0.221,0.145
PER,1988,647.973,625.806,610.713,597.987,586.822,575.473,565.52,556.728,548.477,539.578,531.39,522.988,514.402,505.968,496.35,485.62,473.295,457.596,444.145,430.502,417.456,403.008,390.331,378.426,366.603,355.679,344.825,333.794,322.907,312.551,301.573,291.232,280.756,270.525,260.762,250.917,241.247,232.158,223.468,213.489,203.709,192.59,182.972,173.807,167.234,161.383,156.311,151.885,148.143,144.961,140.396,134.77,129.02,124.444,119.924,114.562,108.75,102.985,97.767,92.409,87.814,83.884,80.097,76.098,72.427,68.319,63.909,59.592,55.576,51.398,48.077,45.309,42.474,39.272,36.314,33.12,29.778,26.53,23.585,20.802,18.048,15.43,13.06,10.971,9.075,7.541,6.266,5.133,4.143,3.319,2.605,2.001,1.511,1.127,0.824,0.594,0.422,0.294,0.201,0.133
PER,1989,652.429,631.037,618.128,606.773,595.284,584.799,573.971,564.408,555.888,547.815,539.007,530.837,522.39,513.698,505.1,495.273,484.315,471.764,455.858,442.221,428.425,415.263,400.747,388.04,376.14,364.353,353.491,342.717,331.775,320.981,310.714,299.818,289.548,279.138,268.967,259.259,249.465,239.844,230.8,222.149,212.209,202.464,191.381,181.788,172.645,166.076,160.22,155.137,150.691,146.92,143.702,139.11,133.464,127.693,123.085,118.528,113.133,107.291,101.491,96.227,90.768,86.12,82.12,78.256,74.184,70.434,66.262,61.805,57.45,53.397,49.263,45.885,43.04,40.133,36.892,33.895,30.697,27.392,24.203,21.321,18.615,15.965,13.47,11.233,9.281,7.541,6.148,5.008,4.021,3.179,2.493,1.916,1.44,1.063,0.775,0.552,0.386,0.268,0.182,0.121
PER,1990,653.575,636.7,623.8,614.43,604.242,593.396,583.396,572.93,563.618,555.259,547.267,538.472,530.255,521.699,512.836,504.02,493.955,482.757,469.981,453.88,440.075,426.152,412.91,398.361,385.657,373.794,362.07,351.291,340.609,329.766,319.065,308.881,298.063,287.863,277.514,267.402,257.749,248.008,238.438,229.438,220.826,210.923,201.208,190.154,180.585,171.457,164.889,159.026,153.929,149.461,145.663,142.411,137.793,132.129,126.341,121.699,117.1,111.672,105.792,99.954,94.581,89.08,84.373,80.299,76.358,72.218,68.394,64.17,59.682,55.303,51.296,47.145,43.726,40.817,37.858,34.596,31.579,28.396,25.139,22.018,19.202,16.572,14.025,11.654,9.554,7.747,6.168,4.924,3.926,3.084,2.385,1.83,1.376,1.012,0.731,0.518,0.358,0.244,0.164,0.109
PER,1991,654.008,639.141,629.928,620.367,612.082,602.491,592.096,582.425,572.188,563.02,554.733,546.751,537.908,529.583,520.86,511.788,502.74,492.444,481.029,468.063,451.806,437.879,423.878,410.596,396.051,383.38,371.577,359.933,349.242,338.652,327.897,317.276,307.162,296.406,286.262,275.966,265.906,256.305,246.613,237.088,228.126,219.544,209.668,199.973,188.941,179.385,170.265,163.691,157.815,152.7,148.211,144.387,141.1,136.46,130.778,124.97,120.29,115.646,110.174,104.254,98.293,92.872,87.326,82.56,78.415,74.403,70.203,66.321,62.062,57.558,53.246,49.218,45.06,41.609,38.652,35.654,32.383,29.358,26.198,22.992,19.938,17.189,14.636,12.196,9.957,8.005,6.356,4.95,3.863,3.01,2.312,1.748,1.313,0.966,0.694,0.486,0.331,0.22,0.144,0.093
PER,1992,652.806,640.306,632.4,626.361,617.874,610.188,601.053,590.995,581.561,571.474,562.384,554.107,546.055,537.059,528.491,519.455,510.026,500.612,489.967,478.239,465.015,448.567,434.511,420.447,407.16,392.665,380.081,368.396,356.889,346.341,335.891,325.266,314.766,304.763,294.112,284.067,273.869,263.906,254.395,244.788,235.339,226.437,217.906,208.075,198.417,187.422,177.895,168.799,162.233,156.361,151.244,146.748,142.913,139.61,134.957,129.266,123.444,118.727,114.036,108.519,102.538,96.535,91.064,85.477,80.656,76.448,72.379,68.138,64.216,59.939,55.512,51.192,47.153,42.994,39.521,36.523,33.492,30.219,27.191,24.058,20.906,17.919,15.24,12.773,10.453,8.366,6.582,5.108,3.887,2.963,2.256,1.693,1.253,0.922,0.663,0.462,0.311,0.204,0.13,0.081
PER,1993,648.367,640.653,634.308,629.287,624.193,616.231,608.941,600.1,590.247,580.942,570.923,561.834,553.49,545.297,536.083,527.233,517.88,508.13,498.408,487.489,475.532,462.132,445.574,431.462,417.394,404.146,389.732,377.253,365.687,354.303,343.872,333.53,323.003,312.591,302.67,292.099,282.136,272.02,262.138,252.698,243.155,233.758,224.895,216.389,206.583,196.943,185.971,176.459,167.377,160.811,154.936,149.817,145.315,141.467,138.144,133.473,127.764,121.914,117.146,112.395,106.774,100.747,94.704,89.187,83.563,78.701,74.447,70.339,66.073,62.126,57.921,53.489,49.164,45.112,40.956,37.461,34.423,31.364,28.089,25.059,21.951,18.853,15.94,13.342,10.981,8.806,6.894,5.3,4.016,2.984,2.222,1.654,1.215,0.881,0.633,0.442,0.295,0.191,0.12,0.074
PER,1994,644.67,637.447,635.146,631.44,627.274,622.65,615.052,608.031,599.381,589.65,580.405,570.384,561.23,552.74,544.324,534.826,525.656,515.979,505.921,495.924,484.776,472.643,459.126,442.516,428.397,414.368,401.196,386.888,374.526,363.08,351.813,341.486,331.235,320.792,310.458,300.615,290.126,280.246,270.213,260.405,251.03,241.539,232.18,223.341,214.851,205.061,195.43,184.476,174.975,165.907,159.342,153.472,148.354,143.851,139.993,136.643,131.945,126.206,120.315,115.486,110.619,104.944,98.873,92.796,87.243,81.595,76.706,72.42,68.288,64.006,60.12,55.898,51.459,47.128,43.065,38.91,35.391,32.313,29.223,25.947,22.917,19.84,16.808,13.985,11.494,9.269,7.271,5.561,4.174,3.089,2.241,1.631,1.189,0.855,0.606,0.422,0.282,0.182,0.113,0.068
PER,1995,640.7,635.326,632.775,632.757,629.733,624.551,620.327,613.075,606.305,597.828,588.204,578.989,568.91,559.617,550.962,542.354,532.692,523.427,513.668,503.544,493.47,482.228,470.016,456.438,439.808,425.69,411.684,398.574,384.346,372.072,360.697,349.493,339.238,329.052,318.69,308.437,298.662,288.241,278.42,268.446,258.694,249.353,239.882,230.525,221.69,213.202,203.418,193.795,182.852,173.361,164.326,157.788,151.95,146.858,142.374,138.52,135.149,130.424,124.647,118.715,113.824,108.919,103.219,97.128,91.04,85.488,79.85,74.969,70.679,66.555,62.304,58.441,54.256,49.859,45.565,41.535,37.427,33.933,30.853,27.77,24.543,21.565,18.577,15.668,12.989,10.651,8.589,6.767,5.224,3.976,2.999,2.237,1.673,1.244,0.906,0.639,0.438,0.29,0.184,0.114
PER,1996,635.881,632.379,631.091,630.578,631.142,626.917,622.118,618.237,611.24,604.649,596.285,586.692,577.418,567.194,557.726,548.866,540.085,530.322,520.966,511.135,500.926,490.747,479.418,467.135,453.527,436.902,422.806,408.867,395.837,381.705,369.51,358.204,347.079,336.898,326.8,316.528,306.352,296.65,286.295,276.537,266.626,256.915,247.597,238.133,228.785,219.958,211.471,201.696,192.073,181.148,171.691,162.701,156.201,150.398,145.336,140.866,136.999,133.593,128.821,123.005,117.037,112.106,107.159,101.427,95.32,89.235,83.682,78.059,73.182,68.895,64.784,60.556,56.703,52.535,48.162,43.895,39.884,35.809,32.32,29.225,26.153,22.972,20.048,17.154,14.372,11.847,9.667,7.771,6.118,4.732,3.62,2.754,2.073,1.554,1.149,0.821,0.565,0.376,0.242,0.151
PER,1997,631.002,628.555,628.619,629.132,629.116,628.645,624.756,620.263,616.612,609.783,603.294,594.956,585.31,575.904,565.524,555.873,546.856,537.977,528.129,518.704,508.793,498.49,488.231,476.834,464.521,450.909,434.308,420.268,406.401,393.45,379.387,367.25,356.01,344.946,334.834,324.809,314.601,304.486,294.838,284.54,274.834,264.956,255.264,245.949,236.488,227.144,218.312,209.816,200.033,190.407,179.512,170.088,161.14,154.667,148.887,143.834,139.353,135.453,131.988,127.165,121.308,115.314,110.339,105.342,99.576,93.459,87.371,81.817,76.202,71.329,67.044,62.937,58.716,54.852,50.684,46.323,42.067,38.064,34.009,30.515,27.412,24.354,21.231,18.373,15.584,12.952,10.595,8.585,6.86,5.376,4.149,3.173,2.411,1.809,1.34,0.967,0.669,0.446,0.288,0.181
PER,1998,626.256,624.545,625.205,626.855,627.785,626.865,626.683,623.069,618.792,615.298,608.566,602.102,593.716,583.952,574.405,563.862,554.068,544.959,535.999,526.085,516.583,506.586,496.206,485.883,474.455,462.134,448.536,431.988,418.011,404.213,391.32,377.31,365.23,354.041,343.038,332.986,323.013,312.856,302.786,293.183,282.929,273.25,263.389,253.698,244.384,234.924,225.571,216.727,208.208,198.413,188.793,177.924,168.531,159.614,153.157,147.385,142.321,137.812,133.861,130.333,125.455,119.569,113.544,108.513,103.461,97.666,91.53,85.435,79.869,74.258,69.388,65.096,60.976,56.746,52.855,48.675,44.314,40.062,36.056,32.017,28.531,25.433,22.404,19.357,16.588,13.935,11.475,9.307,7.48,5.929,4.618,3.547,2.699,2.034,1.504,1.086,0.757,0.507,0.327,0.205
PER,1999,621.843,620.506,621.496,623.558,625.556,625.446,624.804,624.895,621.504,617.394,614.002,607.301,600.79,592.285,582.38,572.667,561.979,552.095,542.906,533.875,523.884,514.29,504.212,493.764,483.405,471.965,459.653,446.103,429.623,415.72,401.983,389.146,375.204,363.184,352.065,341.131,331.137,321.214,311.103,301.078,291.519,281.299,271.639,261.785,252.103,242.794,233.33,223.969,215.101,206.56,196.766,187.157,176.319,166.955,158.069,151.622,145.845,140.765,136.216,132.217,128.626,123.708,117.789,111.722,106.63,101.526,95.692,89.531,83.421,77.84,72.239,67.365,63.058,58.917,54.668,50.745,46.545,42.183,37.928,33.92,29.92,26.461,23.389,20.416,17.472,14.827,12.335,10.071,8.102,6.459,5.081,3.933,3,2.26,1.676,1.206,0.843,0.566,0.367,0.229
PER,2000,618.577,616.652,617.664,619.884,622.232,622.425,622.637,622.329,622.691,619.511,615.54,612.193,605.433,598.765,590.075,579.954,570.055,559.265,549.288,540.019,530.889,520.774,511.071,500.901,490.405,480.03,468.598,456.347,442.884,426.518,412.711,399.068,386.343,372.517,360.624,349.626,338.79,328.88,319.026,308.986,299.034,289.527,279.351,269.717,259.895,250.244,240.954,231.501,222.13,213.255,204.724,194.957,185.385,174.6,165.282,156.443,150.011,144.238,139.137,134.561,130.528,126.898,121.946,115.986,109.879,104.738,99.577,93.706,87.521,81.401,75.828,70.246,65.385,61.069,56.911,52.655,48.704,44.496,40.135,35.891,31.913,27.983,24.584,21.57,18.683,15.878,13.379,11.065,8.99,7.199,5.713,4.476,3.448,2.609,1.936,1.398,0.977,0.659,0.427,0.27
PER,2001,616.971,613.877,613.933,616.01,618.465,617.962,618.55,619.184,619.217,619.845,616.853,612.95,609.527,602.555,595.642,586.661,576.298,566.28,555.377,545.307,535.912,526.614,516.353,506.523,496.29,485.773,475.405,464.061,451.933,438.626,422.408,408.744,395.284,382.739,369.118,357.424,346.578,335.876,326.07,316.321,306.395,296.53,287.095,276.971,267.396,257.643,248.039,238.788,229.348,219.991,211.157,202.67,192.972,183.468,172.767,163.522,154.738,148.338,142.561,137.453,132.877,128.834,125.171,120.176,114.184,108.061,102.87,97.663,91.757,85.564,79.475,73.932,68.402,63.571,59.265,55.113,50.862,46.902,42.69,38.342,34.147,30.231,26.401,23.089,20.154,17.379,14.72,12.367,10.21,8.284,6.628,5.255,4.104,3.137,2.339,1.693,1.186,0.801,0.523,0.33
PER,2002,604.943,612.527,611.166,612.181,614.462,612.998,612.974,614.079,615.129,615.49,616.353,613.452,609.457,605.76,598.482,591.201,581.918,571.416,561.263,550.255,540.033,530.423,520.942,510.52,500.61,490.352,479.846,469.591,458.407,446.483,433.366,417.349,403.938,390.729,378.466,365.122,353.641,342.977,332.418,322.757,313.161,303.355,293.592,284.233,274.2,264.727,255.053,245.521,236.303,226.899,217.617,208.863,200.471,190.872,181.47,170.88,161.71,152.995,146.609,140.844,135.763,131.205,127.156,123.449,118.426,112.433,106.292,101.066,95.815,89.901,83.753,77.725,72.252,66.797,62.016,57.744,53.611,49.382,45.41,41.195,36.898,32.769,28.935,25.217,21.993,19.148,16.478,13.95,11.711,9.66,7.839,6.271,4.955,3.836,2.884,2.099,1.474,0.998,0.653,0.416
PER,2003,601.749,600.773,609.827,609.342,610.536,608.016,607.101,607.674,609.254,610.68,611.317,612.286,609.279,604.961,600.905,593.197,585.562,576.122,565.472,555.202,544.019,533.547,523.722,514.051,503.537,493.599,483.355,472.984,462.921,451.981,440.284,427.405,411.703,398.599,385.739,373.815,360.733,349.476,338.986,328.607,319.131,309.683,300.003,290.335,281.091,271.191,261.82,252.242,242.761,233.598,224.298,215.127,206.499,198.226,188.758,179.478,168.99,159.903,151.225,144.86,139.144,134.102,129.566,125.494,121.759,116.738,110.736,104.591,99.328,94.059,88.195,82.123,76.195,70.811,65.442,60.733,56.498,52.388,48.163,44.163,39.974,35.727,31.669,27.907,24.284,21.148,18.373,15.789,13.355,11.186,9.209,7.458,5.938,4.637,3.52,2.577,1.816,1.234,0.806,0.513
PER,2004,601.669,597.783,598.124,607.951,607.624,603.324,601.407,601.148,602.245,604.24,605.97,606.727,607.577,604.209,599.489,594.951,586.851,579.044,569.444,558.668,548.205,536.745,526.034,515.999,506.226,495.681,485.756,475.665,465.512,455.723,445.042,433.614,421.09,405.745,393.041,380.57,368.944,356.122,345.064,334.777,324.612,315.305,306.001,296.433,286.899,277.806,268.029,258.775,249.263,239.854,230.817,221.65,212.634,204.151,196.021,186.698,177.518,167.127,158.078,149.445,143.146,137.483,132.478,127.937,123.856,120.118,115.083,109.082,102.923,97.646,92.417,86.624,80.661,74.84,69.543,64.273,59.621,55.414,51.29,47.036,43.023,38.84,34.63,30.617,26.899,23.362,20.291,17.574,15.053,12.683,10.573,8.66,6.957,5.462,4.173,3.078,2.181,1.486,0.975,0.621
PER,2005,610.311,597.898,595.191,596.247,606.202,599.953,596.286,595.063,595.354,596.887,599.204,601.063,601.693,602.157,598.364,593.13,588.175,579.898,571.923,562.19,551.211,540.453,528.742,517.806,507.665,497.857,487.328,477.567,467.709,457.85,448.336,437.943,426.896,414.751,399.842,387.556,375.408,364.056,351.454,340.614,330.557,320.574,311.421,302.237,292.812,283.446,274.486,264.837,255.655,246.225,236.958,228.068,219.073,210.222,201.898,193.914,184.695,175.603,165.255,156.246,147.7,141.466,135.854,130.86,126.328,122.268,118.507,113.463,107.448,101.299,96.072,90.904,85.216,79.365,73.648,68.446,63.253,58.643,54.416,50.237,45.962,41.909,37.716,33.514,29.518,25.846,22.382,19.374,16.703,14.222,11.912,9.854,7.986,6.313,4.844,3.588,2.557,1.749,1.151,0.732
PER,2006,618.21,606.591,595.272,593.222,594.395,597.65,592.099,589.197,588.582,589.355,591.246,593.708,595.427,595.629,595.619,591.256,585.563,580.413,571.954,563.834,553.876,542.57,531.53,519.572,508.521,498.343,488.551,478.208,468.707,459.178,449.63,440.442,430.477,419.857,408.199,393.768,381.846,370.011,358.9,346.549,335.969,326.118,316.312,307.293,298.274,289.04,279.827,271.014,261.456,252.371,243.106,234.012,225.321,216.514,207.85,199.694,191.819,182.697,173.634,163.337,154.432,145.979,139.807,134.225,129.254,124.762,120.695,116.911,111.841,105.838,99.767,94.606,89.53,83.947,78.199,72.587,67.451,62.313,57.686,53.39,49.159,44.834,40.721,36.491,32.281,28.319,24.692,21.314,18.364,15.723,13.284,11.032,9.01,7.171,5.53,4.113,2.947,2.025,1.338,0.855
PER,2007,622.349,614.565,603.991,593.287,591.339,585.482,589.448,584.691,582.421,582.307,583.454,585.498,587.816,589.086,588.797,588.193,583.351,577.457,572.116,563.508,555.154,544.854,533.257,521.956,509.878,498.789,488.629,479.029,468.96,459.802,450.601,441.394,432.654,423.136,413.023,401.861,387.817,376.22,364.641,353.788,341.713,331.351,321.683,312.021,303.174,294.354,285.281,276.224,267.504,258.051,249.139,240.056,231.175,222.682,214.07,205.583,197.541,189.752,180.657,171.628,161.443,152.633,144.27,138.135,132.589,127.672,123.187,119.111,115.282,110.206,104.281,98.301,93.235,88.242,82.745,77.09,71.547,66.442,61.291,56.589,52.22,47.905,43.515,39.324,35.05,30.866,26.954,23.401,20.11,17.207,14.604,12.211,10.002,8.008,6.208,4.635,3.33,2.297,1.521,0.973
PER,2008,620.713,618.791,612,601.997,591.384,582.238,577.106,581.872,577.759,576.001,576.269,577.573,579.47,581.332,582.101,581.206,580.112,575.067,568.981,563.485,554.64,545.934,535.337,523.474,512.048,499.934,488.863,478.9,469.578,459.862,451.039,442.185,433.436,425.153,416.154,406.545,395.771,382.066,370.731,359.416,348.841,336.99,326.817,317.296,307.809,299.167,290.508,281.594,272.632,264.016,254.742,246.014,237.148,228.469,220.173,211.739,203.368,195.413,187.635,178.569,169.633,159.551,150.831,142.53,136.437,130.953,126.051,121.566,117.454,113.597,108.576,102.737,96.869,91.878,86.938,81.508,75.898,70.38,65.229,60,55.222,50.748,46.335,41.867,37.6,33.329,29.197,25.374,21.907,18.696,15.853,13.3,10.952,8.786,6.844,5.135,3.703,2.563,1.702,1.091
PER,2009,615.346,617.495,616.565,610.328,600.437,584.32,574.807,569.378,573.751,569.399,567.692,567.712,568.184,569.109,570.096,570.055,568.486,567.049,561.57,555.451,550.577,542.471,534.405,524.275,512.763,501.744,490.069,479.724,470.266,461.024,451.467,443.229,435.386,427.608,420.154,411.832,402.639,392.328,378.9,367.572,356.126,345.253,333.285,323.044,313.56,304.246,295.678,287.354,278.988,270.608,262.408,253.183,244.469,235.664,227.208,219.206,210.787,202.31,194.2,186.377,177.523,168.813,158.914,150.186,141.876,135.879,130.367,125.382,120.799,116.521,112.436,107.194,101.298,95.398,90.353,85.476,80.113,74.562,69.038,63.816,58.523,53.605,49.012,44.512,39.981,35.709,31.493,27.462,23.745,20.338,17.142,14.244,11.638,9.277,7.167,5.368,3.852,2.649,1.748,1.122
PER,2010,613.321,612.328,615.425,614.999,608.856,593.83,577.375,567.586,561.797,565.946,561.647,559.707,558.951,558.517,558.625,558.852,558.179,556.288,554.44,548.927,543.382,539.189,531.673,524.04,514.234,503.1,492.487,481.49,471.617,462.232,453.137,444.128,436.83,429.888,422.883,416.056,408.118,399.35,389.29,375.87,364.419,352.696,341.71,329.682,319.473,310.15,300.904,292.642,284.822,276.99,268.991,260.824,251.607,242.943,234.339,226.155,218.156,209.631,201.005,192.848,185.196,176.54,167.973,158.064,149.319,141.116,135.087,129.496,124.417,119.678,115.188,110.861,105.529,99.583,93.641,88.63,83.761,78.404,72.805,67.188,61.858,56.422,51.382,46.679,42.08,37.542,33.293,29.162,25.252,21.633,18.279,15.113,12.253,9.711,7.467,5.557,3.986,2.731,1.792,1.142
PER,2011,608.042,610.574,610.502,614.06,613.71,603.243,587.935,571.258,561.176,555.208,559.4,554.905,552.312,550.79,549.66,549.124,548.813,547.86,545.619,543.733,538.698,533.722,530.017,522.861,515.495,506.002,495.209,485.162,474.561,464.75,455.488,446.853,438.633,432.091,425.794,419.312,412.8,405.215,396.65,386.585,373.062,361.376,349.558,338.513,326.516,316.437,307.162,298.167,290.319,282.934,275.406,267.423,259.247,250.065,241.56,233.176,224.983,216.879,208.216,199.54,191.547,184.043,175.496,166.884,156.956,148.292,140.074,133.966,128.286,123.061,118.128,113.413,108.965,103.55,97.543,91.632,86.6,81.675,76.22,70.493,64.75,59.232,53.67,48.51,43.681,39.032,34.514,30.327,26.319,22.546,19.042,15.779,12.744,10.042,7.694,5.704,4.07,2.79,1.825,1.156
PER,2012,604.265,605.567,608.979,609.331,612.951,609.023,598.324,582.839,565.931,555.707,549.781,553.807,548.77,545.538,543.438,541.769,540.781,540.234,538.987,536.712,535.216,530.649,526.076,522.661,515.722,508.609,499.394,489.069,479.345,468.794,459.083,450.198,442.21,434.613,428.601,422.73,416.504,410.275,402.848,394.273,384.111,370.394,358.625,346.758,335.731,323.841,313.798,304.721,296.058,288.555,281.407,273.875,265.872,257.705,248.647,240.311,231.91,223.62,215.389,206.671,198.136,190.256,182.812,174.203,165.534,155.666,146.974,138.703,132.506,126.694,121.291,116.158,111.328,106.762,101.253,95.246,89.319,84.208,79.136,73.515,67.627,61.686,55.987,50.288,44.987,40.071,35.402,30.956,26.89,23.049,19.449,16.113,13.051,10.26,7.833,5.798,4.132,2.827,1.856,1.172
PER,2013,594.551,602.02,604.17,607.974,608.383,609.109,604.993,594.156,578.491,561.478,551.291,545.235,548.815,543.256,539.549,537.005,534.963,533.777,532.985,531.704,529.74,528.615,524.37,520.029,516.785,510.049,503.157,494.317,484.25,474.565,464.092,454.685,446.323,438.838,431.666,425.993,420.323,414.319,408.21,400.768,392.106,381.776,367.993,356.181,344.327,333.378,321.514,311.622,302.803,294.409,287.084,279.916,272.351,264.342,256.256,247.325,238.964,230.474,222.072,213.78,205.176,196.723,188.874,181.344,172.662,163.999,154.098,145.347,137.015,130.695,124.724,119.144,113.902,108.96,104.268,98.718,92.672,86.679,81.416,76.136,70.314,64.196,58.046,52.148,46.286,40.884,35.926,31.317,27.029,23.153,19.536,16.175,13.108,10.348,7.896,5.827,4.147,2.839,1.862,1.178
PER,2014,585.266,592.524,600.793,603.313,607.164,605.254,605.829,601.606,590.631,574.89,557.912,547.621,541.206,544.359,538.414,534.343,531.491,529.283,527.894,527.066,526.029,524.357,523.484,519.423,515.217,512.132,505.571,498.974,490.339,480.301,470.679,460.447,451.458,443.493,436.345,429.444,423.928,418.43,412.516,406.385,398.867,390.062,379.666,365.849,354.042,342.246,331.307,319.561,309.869,301.254,292.991,285.637,278.423,270.837,262.876,254.874,245.915,237.472,228.882,220.421,212.204,203.65,195.206,187.267,179.636,170.932,162.197,152.238,143.419,135,128.536,122.409,116.726,111.382,106.322,101.544,95.919,89.79,83.667,78.187,72.659,66.561,60.186,53.798,47.675,41.698,36.262,31.375,26.944,22.91,19.307,15.99,12.963,10.251,7.865,5.807,4.122,2.822,1.853,1.171
PER,2015,577.685,583.565,591.582,600.183,602.739,605.343,603.36,603.893,599.613,588.613,572.899,555.869,545.377,538.723,541.645,535.483,531.227,528.266,525.931,524.506,523.793,522.898,521.352,520.568,516.573,512.447,509.446,503.039,496.544,487.922,477.913,468.416,458.403,449.622,441.831,434.817,427.99,422.553,417.088,411.148,404.959,397.348,388.493,378.063,364.241,352.452,340.647,329.747,318.088,308.48,299.906,291.599,284.189,276.931,269.337,261.392,253.342,244.312,235.784,227.133,218.682,210.453,201.862,193.328,185.285,177.577,168.78,159.95,149.922,141.013,132.498,125.901,119.674,113.889,108.428,103.261,98.338,92.568,86.27,79.934,74.169,68.296,61.86,55.172,48.52,42.229,36.241,30.935,26.299,22.206,18.565,15.363,12.475,9.891,7.623,5.606,3.883,2.568,1.601,0.937
PER,2016,571.217,576.35,582.95,591.265,599.885,602.476,605.096,603.15,603.724,599.482,588.502,572.792,555.751,545.239,538.551,541.428,535.224,530.926,527.927,525.554,524.091,523.343,522.419,520.849,520.044,516.034,511.894,508.873,502.452,495.946,487.313,477.29,467.773,457.74,448.937,441.12,434.08,427.222,421.75,416.253,410.281,404.061,396.421,387.535,377.073,363.225,351.397,339.545,328.589,316.874,307.202,298.565,290.196,282.717,275.389,267.726,259.713,251.593,242.497,233.896,225.172,216.639,208.317,199.631,190.997,182.84,175.009,166.1,157.157,147.046,138.049,129.455,122.753,116.417,110.511,104.905,99.554,94.4,88.386,81.824,75.182,69.027,62.721,55.887,48.886,42.058,35.763,30,25.067,20.897,17.328,14.235,11.57,9.213,7.141,5.34,3.791,2.539,1.617,0.968
PER,2017,569.545,570.337,576.152,583.013,591.327,601.68,604.408,607.167,605.401,606.099,601.864,590.961,575.493,558.723,548.432,541.938,544.958,538.802,534.584,531.544,528.929,527.192,526.209,525.109,523.408,522.456,518.296,513.912,510.717,504.26,497.692,488.857,478.501,468.658,458.341,449.299,441.322,434.104,427.126,421.612,416.117,410.199,403.972,396.31,387.366,376.8,362.882,350.89,338.798,327.586,315.671,305.914,297.2,288.738,281.111,273.604,265.846,257.769,249.594,240.411,231.703,222.829,214.16,205.743,196.963,188.19,179.902,171.928,162.886,153.822,143.635,134.57,125.894,119.078,112.617,106.529,100.699,95.072,89.589,83.236,76.307,69.271,62.639,55.855,48.667,41.489,34.725,28.733,23.49,19.178,15.67,12.77,10.321,8.251,6.448,4.863,3.524,2.429,1.571,0.96
PER,2018,572.289,569.752,571.006,576.9,583.614,591.772,602.014,604.671,607.385,605.588,606.262,602.031,591.185,575.864,559.349,549.415,543.36,546.854,541.17,537.379,534.687,532.331,530.758,529.848,528.743,526.969,525.89,521.566,516.99,513.578,506.899,500.1,491.04,480.464,470.406,459.884,450.643,442.475,435.073,427.92,422.236,416.577,410.501,404.123,396.318,387.238,376.545,362.517,350.409,338.207,326.89,314.876,305.014,296.195,287.627,279.89,272.269,264.399,256.207,247.921,238.611,229.811,220.849,212.095,203.583,194.703,185.809,177.372,169.23,160.029,150.708,140.433,131.293,122.561,115.65,109.075,102.834,96.798,90.902,85.083,78.377,71.077,63.647,56.591,49.463,42.137,35.078,28.685,23.234,18.629,14.944,12.008,9.623,7.636,5.977,4.538,3.309,2.322,1.546,0.964
PER,2019,579.377,575.62,573.068,573.992,579.403,585.679,593.486,603.449,605.89,608.436,606.533,607.214,603.192,592.86,578.409,563.11,554.652,550.195,555.256,550.992,548.369,546.549,544.755,543.451,542.55,541.241,539.094,537.512,532.6,527.379,523.288,515.924,508.442,498.719,487.504,476.835,465.732,455.942,447.254,439.365,431.754,425.639,419.578,413.127,406.396,398.261,388.874,377.896,363.609,351.257,338.826,327.293,315.085,305.034,296.027,287.277,279.353,271.543,263.484,255.114,246.672,237.221,228.293,219.219,210.35,201.71,192.679,183.608,174.963,166.596,156.808,147.347,137,127.796,119.011,111.994,105.277,98.839,92.544,86.327,80.12,73.017,65.327,57.533,50.16,42.883,35.692,29.048,23.264,18.488,14.568,11.491,9.074,7.134,5.539,4.212,3.093,2.184,1.481,0.95
PER,2020,587.711,580.099,576.715,574.168,574.895,580.112,586.242,593.946,603.832,606.219,608.726,606.821,607.574,603.742,593.743,579.771,565.061,557.243,553.417,559.036,555.24,552.963,551.363,549.672,548.365,547.377,545.906,543.548,541.715,536.532,531.027,526.644,518.993,511.228,501.231,489.753,478.826,467.478,457.451,448.537,440.435,432.625,426.323,420.086,413.466,406.57,398.275,388.726,377.593,363.168,350.683,338.135,326.497,314.197,304.048,294.932,286.059,277.992,270.027,261.81,253.315,244.75,235.21,226.207,217.06,208.1,199.33,190.133,180.86,171.986,163.215,153.261,143.671,133.262,123.999,115.152,108.005,101.113,94.448,87.87,81.31,74.701,67.21,59.188,51.162,43.679,36.529,29.759,23.742,18.67,14.581,11.288,8.737,6.754,5.182,3.905,2.871,2.038,1.386,0.902
PER,2021,589.162,587.779,580.592,577.155,574.556,575.231,580.394,586.471,594.121,603.96,606.311,608.808,606.943,607.805,604.168,594.448,580.817,566.478,559.018,555.509,561.377,557.767,555.606,554.058,552.364,551.007,549.929,548.335,545.825,543.821,538.453,532.752,528.173,520.327,512.374,502.197,490.547,479.449,467.932,457.733,448.646,440.369,432.388,425.916,419.514,412.736,405.685,397.234,387.526,376.234,361.658,349.008,336.299,324.498,312.048,301.737,292.448,283.389,275.109,266.91,258.43,249.699,240.917,231.21,222.068,212.814,203.753,194.866,185.537,176.105,166.957,157.997,147.921,138.247,127.846,118.6,109.787,102.605,95.654,88.901,81.914,74.842,67.93,60.274,52.268,44.433,37.27,30.596,24.447,19.117,14.726,11.261,8.532,6.456,4.868,3.619,2.626,1.858,1.264,0.821
PER,2022,589.466,589.101,588.15,580.927,577.45,574.812,575.445,580.566,586.599,594.207,604.012,606.352,608.876,607.093,608.105,604.687,595.236,581.903,567.858,560.658,557.359,563.37,559.852,557.726,556.161,554.41,552.961,551.76,550.024,547.355,545.181,539.64,533.764,529.004,520.985,512.858,502.511,490.696,479.432,467.75,457.383,448.122,439.666,431.505,424.846,418.255,411.287,404.047,395.413,385.531,374.074,359.357,346.55,333.682,321.709,309.088,298.582,289.08,279.8,271.293,262.88,254.194,245.284,236.353,226.544,217.308,207.968,198.806,189.796,180.333,170.674,161.377,152.278,142.137,132.417,122.045,112.811,104.009,96.758,89.722,82.52,75.022,67.731,60.657,53.034,45.269,37.846,31.191,25.137,19.699,15.094,11.382,8.511,6.296,4.639,3.389,2.428,1.697,1.152,0.749
PER,2023,586.179,587.619,587.953,587.241,580.153,576.776,574.224,574.932,580.112,586.189,593.818,603.608,605.883,608.275,606.286,607.016,603.266,593.465,579.791,565.441,557.983,554.484,560.348,556.756,554.607,553.062,551.362,549.985,548.872,547.229,544.656,542.572,537.123,531.33,526.641,518.688,510.614,500.315,488.537,477.297,465.628,455.259,445.983,437.499,429.297,422.581,415.922,408.875,401.55,392.83,382.86,371.319,356.534,343.642,330.681,318.601,305.871,295.228,285.573,276.136,267.465,258.896,250.072,241.047,232.017,222.13,212.801,203.352,194.056,184.888,175.27,165.464,156.031,146.817,136.631,126.878,116.516,107.252,98.396,90.998,83.536,75.848,68.079,60.557,53.326,45.771,38.314,31.393,25.351,20.017,15.363,11.541,8.511,6.215,4.474,3.19,2.243,1.545,1.034,0.669
PER,2024,583.142,584.298,586.441,587.102,586.491,579.466,576.159,573.684,574.465,579.705,585.816,593.435,603.161,605.302,607.479,605.206,605.6,601.495,591.35,577.37,562.769,555.118,551.487,557.272,553.663,551.54,550.052,548.435,547.156,546.147,544.613,542.148,540.168,534.821,529.123,524.517,516.641,508.639,498.404,486.685,475.496,463.871,453.539,444.287,435.817,427.62,420.892,414.208,407.129,399.764,391.001,380.992,369.417,354.613,341.69,328.693,316.565,303.786,293.075,283.342,273.827,265.074,256.426,247.524,238.415,229.284,219.283,209.804,200.185,190.707,181.358,171.586,161.663,152.133,142.827,132.575,122.722,112.258,102.822,93.747,86.024,78.187,70.099,61.951,54.093,46.644,39.162,32.073,25.745,20.406,15.833,11.96,8.829,6.392,4.56,3.188,2.199,1.495,0.994,0.639
PER,2025,578.501,581.401,583.225,585.672,586.421,585.862,578.902,575.665,573.256,574.093,579.362,585.465,593.027,602.628,604.577,606.498,603.924,603.998,599.58,589.159,574.953,560.185,552.42,548.726,554.486,550.899,548.827,547.41,545.878,544.69,543.775,542.332,539.958,538.06,532.793,527.168,522.624,514.807,506.854,496.664,484.987,473.832,462.238,451.925,442.683,434.211,426,419.243,412.521,405.396,397.98,389.169,379.116,367.5,352.667,339.703,326.658,314.47,301.629,290.844,281.029,271.435,262.602,253.87,244.878,235.663,226.402,216.252,206.596,196.79,187.128,177.61,167.709,157.687,148.059,138.647,128.295,118.3,107.685,98.03,88.69,80.586,72.338,63.87,55.423,47.397,39.989,32.857,26.368,20.776,16.184,12.357,9.174,6.648,4.703,3.259,2.206,1.47,0.965,0.617
PER,2026,574.658,576.927,580.452,582.555,585.076,585.866,585.358,578.459,575.282,572.925,573.788,579.05,585.103,592.558,601.991,603.72,605.382,602.537,602.342,597.684,587.066,572.718,557.859,550.043,546.335,552.101,548.557,546.544,545.195,543.737,542.623,541.782,540.41,538.102,536.262,531.051,525.473,520.967,513.186,505.261,495.099,483.446,472.308,460.728,450.418,441.168,432.675,424.433,417.631,410.856,403.675,396.201,387.335,377.229,365.563,350.692,337.672,324.566,312.307,299.398,288.533,278.638,268.964,260.044,251.215,242.112,232.762,223.334,213.008,203.158,193.163,183.327,173.663,163.648,153.528,143.789,134.234,123.738,113.547,102.733,92.811,83.157,74.635,65.991,57.223,48.646,40.713,33.623,27.074,21.329,16.518,12.66,9.5,6.924,4.904,3.37,2.26,1.478,0.951,0.599
PER,2027,572.432,573.247,576.104,579.883,582.045,584.594,585.425,584.968,578.124,574.99,572.657,573.514,578.734,584.696,592.012,601.259,602.773,604.208,601.143,600.745,595.921,585.183,570.759,555.863,548.038,544.343,550.131,546.633,544.671,543.379,541.979,540.92,540.13,538.805,536.538,534.733,529.553,524.001,519.512,511.746,503.832,493.679,482.035,470.9,459.315,448.991,439.715,431.185,422.896,416.037,409.2,401.955,394.414,385.486,375.317,363.592,348.668,335.58,322.402,310.063,297.084,286.141,276.162,266.405,257.386,248.438,239.193,229.671,220.049,209.529,199.48,189.308,179.321,169.525,159.4,149.166,139.278,129.531,118.836,108.396,97.336,87.096,77.095,68.171,59.208,50.312,41.867,34.307,27.77,21.955,17.001,12.952,9.755,7.187,5.119,3.522,2.342,1.518,0.958,0.593
PER,2028,568.83,571.155,572.528,575.617,579.443,581.625,584.206,585.08,584.668,577.863,574.751,572.413,573.236,578.379,584.224,591.384,600.449,601.775,603.025,599.794,599.255,594.325,583.521,569.067,554.168,546.355,542.683,548.496,545.039,543.12,541.871,540.51,539.489,538.73,537.433,535.188,533.397,528.231,522.686,518.197,510.431,502.514,492.358,480.708,469.561,457.959,447.605,438.288,429.708,421.361,414.435,407.53,400.214,392.602,383.601,373.36,361.56,346.572,333.405,320.148,307.727,294.678,283.656,273.591,263.738,254.598,245.501,236.077,226.353,216.518,205.801,195.565,185.237,175.114,165.188,154.934,144.55,134.463,124.465,113.516,102.776,91.418,80.827,70.5,61.251,52.145,43.384,35.354,28.399,22.574,17.543,13.361,10.003,7.398,5.328,3.687,2.455,1.578,0.987,0.599
PER,2029,567.582,567.643,570.5,572.09,575.22,579.061,581.271,583.891,584.804,584.428,577.644,574.527,572.157,572.913,577.953,583.662,590.664,599.56,600.723,601.825,598.471,597.834,592.842,582.007,567.55,552.668,544.877,541.233,547.07,543.649,541.765,540.546,539.214,538.216,537.476,536.192,533.955,532.167,527.001,521.453,516.953,509.178,501.248,491.079,479.414,468.242,456.609,446.213,436.845,428.205,419.794,412.798,405.819,398.428,390.736,381.654,371.326,359.44,344.379,331.127,317.79,305.289,292.172,281.067,270.905,260.933,251.64,242.358,232.726,222.784,212.731,201.83,191.428,180.96,170.704,160.629,150.21,139.623,129.276,118.968,107.711,96.614,84.927,74.006,63.44,54.039,45.058,36.718,29.339,23.145,18.086,13.824,10.348,7.606,5.498,3.847,2.578,1.66,1.029,0.618
PER,2030,565.439,566.468,567.044,570.104,571.732,574.872,578.737,580.981,583.637,584.582,584.222,577.435,574.29,571.861,572.525,577.445,583.015,589.868,598.616,599.648,600.636,597.2,596.502,591.476,580.634,566.19,551.333,543.57,539.954,545.809,542.417,540.557,539.361,538.046,537.061,536.328,535.045,532.806,531.008,525.833,520.272,515.753,507.961,500.01,489.817,478.125,466.919,455.244,444.797,435.369,426.663,418.185,411.114,404.057,396.583,388.801,379.625,369.199,357.216,342.076,328.738,315.323,302.743,289.555,278.356,268.074,257.954,248.473,238.974,229.116,218.95,208.69,197.626,187.076,176.469,166.06,155.799,145.159,134.308,123.641,112.962,101.338,89.843,77.853,66.689,56.065,46.785,38.217,30.544,23.971,18.592,14.288,10.733,7.888,5.667,3.981,2.698,1.747,1.085,0.647
PER,2031,562.896,564.393,565.917,566.685,569.777,571.413,574.574,578.468,580.745,583.43,584.391,584.026,577.213,574.015,571.507,572.066,576.862,582.301,589.024,597.65,598.582,599.492,596.002,595.27,590.232,579.397,564.974,550.146,542.409,538.817,544.684,541.313,539.47,538.285,536.978,535.994,535.258,533.967,531.716,529.899,524.707,519.126,514.58,506.764,498.781,488.556,476.827,465.573,453.848,443.342,433.847,425.074,416.525,409.374,402.232,394.665,386.781,377.497,366.963,354.877,339.66,326.238,312.744,300.083,286.813,275.499,265.066,254.76,245.06,235.326,225.235,214.857,204.411,193.199,182.501,171.737,161.135,150.63,139.704,128.527,117.478,106.363,94.33,82.456,70.253,59.034,48.631,39.767,31.863,25.015,19.304,14.725,11.122,8.202,5.893,4.115,2.8,1.834,1.146,0.684
PER,2032,557.902,561.91,563.882,565.588,566.385,569.483,571.135,574.325,578.249,580.553,583.251,584.208,583.818,576.958,573.687,571.084,571.534,576.214,581.538,588.153,596.683,597.543,598.402,594.882,594.135,589.095,578.275,563.877,549.078,541.363,537.789,543.663,540.304,538.469,537.288,535.979,534.988,534.24,532.933,530.661,528.819,523.604,517.996,513.417,505.566,497.543,487.274,475.498,464.19,452.407,441.837,432.276,423.43,414.806,407.57,400.332,392.661,384.661,375.261,364.611,352.421,337.127,323.622,310.048,297.293,283.92,272.46,261.838,251.318,241.379,231.405,221.092,210.519,199.902,188.545,177.679,166.717,155.862,145.046,133.772,122.207,110.706,99.103,86.679,74.517,62.297,51.309,41.429,33.237,26.164,20.2,15.329,11.493,8.523,6.144,4.291,2.903,1.909,1.207,0.724
PER,2033,554.433,556.966,561.429,563.575,565.307,566.108,569.222,570.901,574.119,578.067,580.385,583.077,584.01,583.575,576.647,573.291,570.589,570.934,575.508,580.733,587.262,595.719,596.531,597.359,593.825,593.072,588.041,577.239,562.865,548.092,540.397,536.835,542.709,539.357,537.523,536.337,535.02,534.015,533.248,531.918,529.621,527.747,522.504,516.863,512.243,504.349,496.276,485.954,474.122,462.753,450.909,440.273,430.642,421.722,413.017,405.684,398.34,390.551,382.425,372.901,362.135,349.841,334.472,320.881,307.216,294.345,280.839,269.194,258.353,247.598,237.416,227.21,216.694,205.942,195.154,183.632,172.554,161.332,150.159,138.963,127.272,115.246,103.239,91.16,78.435,66.179,54.239,43.796,34.698,27.352,21.177,16.078,11.994,8.828,6.4,4.486,3.034,1.983,1.258,0.764
PER,2034,552.538,553.533,556.507,561.135,563.306,565.042,565.858,568.996,570.703,573.944,577.905,580.217,582.888,583.775,583.275,576.266,572.815,570.015,570.263,574.743,579.887,586.348,594.753,595.536,596.345,592.809,592.059,587.038,576.255,561.905,547.156,539.476,535.923,541.792,538.441,536.603,535.408,534.076,533.052,532.262,530.903,528.577,526.669,521.391,515.71,511.04,503.095,494.963,484.58,472.688,461.255,449.347,438.645,428.94,419.939,411.144,403.705,396.24,388.324,380.065,370.414,359.531,347.136,331.689,317.999,304.221,291.202,277.525,265.666,254.588,243.593,233.176,222.756,212.049,201.118,190.138,178.406,167.054,155.505,143.941,132.297,120.114,107.572,95.07,82.597,69.77,57.726,46.393,36.764,28.625,22.194,16.899,12.613,9.238,6.648,4.686,3.181,2.08,1.312,0.8
PER,2035,549.641,551.668,553.093,556.225,560.876,563.05,564.8,565.642,568.805,570.535,573.788,577.744,580.034,582.661,583.485,582.903,575.806,572.261,569.368,569.528,573.931,579.01,585.423,593.793,594.558,595.361,591.83,591.085,586.077,575.313,560.985,546.256,538.589,535.04,540.9,537.545,535.697,534.487,533.138,532.091,531.271,529.883,527.521,525.573,520.255,514.527,509.798,501.793,493.594,483.145,471.189,459.69,447.718,436.946,427.162,418.073,409.176,401.616,394.023,385.971,377.577,367.8,356.801,344.299,328.762,314.952,301.026,287.821,273.945,261.853,250.531,239.306,228.669,218.049,207.152,196.02,184.8,172.794,161.098,149.147,137.123,124.949,112.215,99.165,86.25,73.584,60.968,49.474,39.028,30.398,23.281,17.753,13.289,9.739,6.974,4.88,3.332,2.186,1.379,0.836
PER,2036,546.535,548.8,551.243,552.821,555.975,560.63,562.817,564.59,565.457,568.643,570.384,573.633,577.567,579.815,582.381,583.127,582.455,575.267,571.633,568.658,568.746,573.087,578.122,584.501,592.848,593.607,594.409,590.885,590.148,585.152,574.406,560.097,545.387,537.726,534.179,540.023,536.661,534.8,533.571,532.198,531.123,530.271,528.848,526.448,524.454,519.087,513.303,508.506,500.434,492.162,481.644,469.623,458.057,446.019,435.172,425.3,416.109,407.099,399.411,391.68,383.491,374.96,365.057,353.935,341.313,325.665,311.7,297.589,284.168,270.073,257.742,246.185,234.746,223.904,213.082,201.971,190.59,179.063,166.713,154.597,142.174,129.604,116.836,103.555,90.081,76.956,64.414,52.358,41.712,32.345,24.784,18.669,13.996,10.287,7.371,5.134,3.48,2.297,1.454,0.882
PER,2037,545.542,545.721,548.389,550.98,552.58,555.737,560.405,562.614,564.412,565.301,568.497,570.234,573.462,577.355,579.544,582.032,582.691,581.93,574.657,570.943,567.899,567.932,572.229,577.232,583.592,591.926,592.683,593.489,589.976,589.246,584.26,573.528,559.235,544.538,536.884,533.332,539.157,535.783,533.903,532.651,531.252,530.145,529.259,527.795,525.35,523.301,517.877,512.029,507.157,499.013,490.664,480.075,467.988,456.351,444.241,433.31,423.341,414.037,404.905,397.078,389.209,380.882,372.213,362.176,350.918,338.152,322.358,308.198,293.871,280.213,265.897,253.336,241.56,229.922,218.873,207.823,196.449,184.749,172.84,160.07,147.458,134.474,121.292,107.93,94.185,80.491,67.481,55.423,44.237,34.646,26.431,19.921,14.753,10.862,7.807,5.441,3.671,2.406,1.531,0.932
PER,2038,543.058,544.753,545.326,548.135,550.747,552.351,555.522,560.209,562.442,564.261,565.16,568.352,570.069,573.257,577.094,579.208,581.611,582.182,581.334,573.987,570.206,567.111,567.104,571.372,576.357,582.705,591.031,591.791,592.603,589.099,588.375,583.397,572.676,558.396,543.71,536.055,532.495,538.297,534.906,533.004,531.725,530.295,529.154,528.228,526.718,524.22,522.107,516.62,510.7,505.746,497.525,489.098,478.437,466.281,454.569,442.379,431.353,421.273,411.848,402.586,394.621,386.61,378.142,369.33,359.145,347.726,334.777,318.798,304.411,289.848,275.948,261.421,248.648,236.666,224.825,213.545,202.218,190.509,178.413,166.042,152.774,139.575,125.961,112.164,98.287,84.284,70.702,58.173,46.923,36.826,28.377,21.296,15.78,11.478,8.264,5.777,3.903,2.545,1.608,0.984
PER,2039,539.438,542.295,544.372,545.082,547.912,550.526,552.142,555.334,560.043,562.297,564.125,565.021,568.193,569.873,573.005,576.77,578.803,581.121,581.608,580.685,573.275,569.445,566.314,566.281,570.531,575.506,581.848,590.171,590.937,591.753,588.256,587.536,582.562,571.849,557.576,542.896,535.237,531.666,537.439,534.028,532.1,530.79,529.327,528.147,527.173,525.609,523.05,520.866,515.306,509.308,504.269,495.969,487.463,476.727,464.495,452.7,440.419,429.287,419.088,409.533,400.141,392.034,383.881,375.266,366.294,355.934,344.314,331.141,314.944,300.31,285.507,271.373,256.651,243.68,231.491,219.423,207.858,196.18,184.057,171.482,158.568,144.707,130.849,116.598,102.266,88.081,74.156,61.062,49.351,39.146,30.23,22.916,16.909,12.306,8.754,6.132,4.155,2.712,1.706,1.036
PER,2040,537.768,538.707,541.934,544.141,544.87,547.702,550.328,551.963,555.176,559.903,562.166,563.99,564.868,568.005,569.633,572.699,576.387,578.341,580.579,580.994,580.008,572.554,568.691,565.538,565.491,569.731,574.701,581.041,589.361,590.129,590.947,587.454,586.732,581.759,571.048,556.779,542.101,534.432,530.845,536.585,533.149,531.191,529.848,528.345,527.119,526.09,524.464,521.835,519.571,513.932,507.852,502.726,494.345,485.756,474.938,462.623,450.733,438.349,427.101,416.777,407.092,397.566,389.317,381.012,372.235,363.075,352.501,340.634,327.202,310.767,295.88,280.844,266.494,251.594,238.421,226,213.652,201.727,189.616,176.994,163.857,150.297,135.769,121.242,106.435,91.776,77.622,64.162,51.905,41.258,32.205,24.469,18.239,13.217,9.409,6.512,4.421,2.896,1.824,1.102
PER,2041,536,537.07,538.368,541.716,543.94,544.673,547.515,550.159,551.815,555.044,559.78,562.039,563.847,564.692,567.78,569.347,572.343,575.956,577.837,580.008,580.364,579.332,571.849,567.966,564.802,564.748,568.983,573.95,580.287,588.602,589.37,590.186,586.692,585.964,580.985,570.273,556.002,541.322,533.64,530.03,535.732,532.268,530.277,528.894,527.345,526.064,524.973,523.276,520.569,518.219,512.497,506.333,501.116,492.651,483.972,473.063,460.653,448.656,436.162,424.793,414.341,404.524,394.863,386.463,377.992,369.022,359.634,348.799,336.651,322.935,306.258,291.125,275.873,261.32,246.241,232.843,220.133,207.431,195.063,182.431,169.223,155.418,141.131,125.929,110.808,95.655,81.014,67.286,54.651,43.487,34.019,26.127,19.521,14.292,10.131,7.018,4.709,3.09,1.953,1.182
PER,2042,531.708,535.332,536.75,538.165,541.53,543.755,544.496,547.355,550.018,551.69,554.927,559.66,561.902,563.68,564.48,567.512,569.014,571.942,575.488,577.305,579.422,579.735,578.672,571.172,567.278,564.108,564.052,568.284,573.248,579.58,587.887,588.651,589.461,585.962,585.223,580.234,569.513,555.238,540.549,532.851,529.214,534.876,531.379,529.349,527.92,526.318,524.975,523.813,522.036,519.245,516.804,510.997,504.747,499.436,490.879,482.1,471.089,458.574,446.46,433.85,422.358,411.776,401.825,392.022,383.454,374.788,365.586,355.922,344.788,332.332,318.324,301.413,286.049,270.596,255.838,240.556,226.877,213.803,200.66,187.76,174.518,160.614,146.056,131.028,115.225,99.724,84.573,70.354,57.425,45.882,35.935,27.66,20.89,15.333,10.981,7.576,5.087,3.3,2.09,1.268
PER,2043,528.421,531.068,535.028,536.557,537.987,541.352,543.587,544.344,547.22,549.9,551.579,554.813,559.529,561.743,563.478,564.226,567.196,568.636,571.499,574.985,576.752,578.826,579.108,578.025,570.517,566.618,563.447,563.391,567.619,572.579,578.904,587.199,587.957,588.757,585.249,584.493,579.49,568.759,554.473,539.775,532.055,528.39,534.007,530.473,528.399,526.916,525.253,523.839,522.597,520.736,517.857,515.322,509.43,503.089,497.675,489.018,480.127,469.002,456.372,444.138,431.409,419.792,409.08,398.987,389.025,380.262,371.359,361.877,351.898,340.438,327.664,313.367,296.239,280.658,265.001,250.013,234.473,220.434,206.91,193.237,179.712,165.746,151.057,135.728,120.029,103.839,88.31,73.575,60.159,48.31,37.995,29.28,22.165,16.444,11.808,8.231,5.506,3.575,2.238,1.362
PER,2044,527.142,527.8,530.774,534.84,536.384,537.815,541.189,543.438,544.214,547.105,549.791,551.468,554.687,559.374,561.547,563.229,563.918,566.827,568.205,571.011,574.446,576.17,578.213,578.475,577.379,569.869,565.97,562.8,562.744,566.969,571.922,578.238,586.521,587.268,588.055,584.534,583.76,578.739,567.994,553.697,538.986,531.242,527.547,533.114,529.538,527.412,525.87,524.137,522.648,521.32,519.37,516.401,513.772,507.787,501.349,495.824,487.055,478.041,466.794,454.042,441.687,428.838,417.096,406.245,395.994,385.846,376.845,367.658,357.856,347.533,335.735,322.645,308.072,290.741,274.942,259.054,243.778,227.901,213.417,199.35,185.055,170.789,156.003,140.507,124.474,108.313,92.098,76.96,63.032,50.71,40.087,31.024,23.513,17.485,12.692,8.872,5.997,3.879,2.43,1.461
PER,2045,524.018,526.536,527.514,530.59,534.67,536.216,537.656,541.045,543.312,544.102,547,549.682,551.345,554.536,559.182,561.304,562.928,563.557,566.404,567.726,570.481,573.875,575.57,577.591,577.84,576.736,569.228,565.331,562.165,562.107,566.328,571.274,577.579,585.845,586.581,587.351,583.815,583.019,577.978,567.216,552.906,538.179,530.41,526.681,532.192,528.568,526.384,524.773,522.966,521.394,519.98,517.939,514.877,512.148,506.065,499.521,493.872,484.979,475.832,464.457,451.584,439.104,426.136,414.26,403.254,392.817,382.442,373.156,363.646,353.496,342.815,330.679,317.281,302.446,284.91,268.864,252.688,237.04,220.743,205.72,191.016,175.984,160.879,145.249,129.01,112.484,96.223,80.41,66.067,53.247,42.174,32.808,24.972,18.593,13.529,9.562,6.482,4.237,2.644,1.592
PER,2046,521.325,523.431,526.256,527.335,530.425,534.507,536.061,537.517,540.921,543.202,543.999,546.894,549.563,551.198,554.35,558.945,561.009,562.574,563.143,565.933,567.207,569.923,573.285,574.958,576.965,577.206,576.101,568.598,564.704,561.539,561.481,565.696,570.633,576.924,585.172,585.891,586.642,583.087,582.267,577.202,566.422,552.096,537.354,529.556,525.786,531.235,527.556,525.307,523.624,521.737,520.078,518.573,516.439,513.281,510.445,504.256,497.593,491.809,482.782,473.497,461.99,448.997,436.39,423.294,411.269,400.08,389.417,378.767,369.156,359.293,348.78,337.741,325.274,311.58,296.474,278.708,262.352,245.803,229.696,212.887,197.232,181.773,165.902,149.932,133.519,116.745,100.091,84.166,69.166,55.93,44.383,34.596,26.471,19.795,14.423,10.219,7.006,4.593,2.896,1.736
PER,2047,520.727,520.751,523.158,526.08,527.173,530.265,534.355,535.925,537.396,540.814,543.101,543.896,546.777,549.419,551.016,554.118,558.656,560.66,562.166,562.681,565.424,566.658,569.344,572.684,574.344,576.342,576.58,575.476,567.978,564.086,560.924,560.863,565.069,569.995,576.27,584.495,585.196,585.924,582.349,581.502,576.411,565.61,551.266,536.504,528.673,524.857,530.236,526.497,524.176,522.414,520.443,518.696,517.098,514.867,511.605,508.652,502.345,495.551,489.62,480.455,471.027,459.39,446.27,433.531,420.291,408.087,396.675,385.737,374.773,364.809,354.577,343.699,332.305,319.516,305.516,290.109,272.048,255.298,238.285,221.623,204.208,187.799,171.482,154.745,137.967,120.977,104.036,87.696,72.53,58.668,46.713,36.484,27.972,21.028,15.388,10.919,7.506,4.976,3.148,1.908
PER,2048,516.704,520.168,520.486,522.985,525.922,527.017,530.118,534.222,535.807,537.291,540.717,543.001,543.782,546.638,549.241,550.79,553.835,558.315,560.261,561.713,562.18,564.884,566.089,568.754,572.081,573.732,575.726,575.963,574.86,567.369,563.479,560.316,560.251,564.447,569.358,575.613,583.814,584.493,585.197,581.598,580.719,575.601,564.777,550.412,535.627,527.756,523.888,529.191,525.384,522.987,521.142,519.085,517.248,515.554,513.217,509.843,506.761,500.323,493.388,487.305,477.997,468.426,456.653,443.401,430.51,417.099,404.677,392.994,381.742,370.436,360.102,349.497,338.257,326.515,313.393,299.053,283.277,264.834,247.594,230.021,212.704,194.564,177.298,160.091,142.548,125.167,107.969,91.307,75.712,61.643,49.103,38.482,29.564,22.271,16.384,11.679,8.04,5.345,3.419,2.079
PER,2049,513.374,516.159,519.908,520.316,522.83,525.77,526.874,529.989,534.107,535.705,537.197,540.619,542.889,543.645,546.464,549.019,550.513,553.501,557.922,559.815,561.22,561.651,564.325,565.51,568.162,571.48,573.127,575.12,575.358,574.255,566.768,562.879,559.715,559.643,563.827,568.72,574.953,583.126,583.781,584.456,580.83,579.919,574.771,563.92,549.53,534.715,526.799,522.873,528.093,524.214,521.737,519.807,517.664,515.731,513.932,511.481,507.982,504.758,498.179,491.099,484.859,475.407,465.686,453.771,440.368,427.299,413.675,400.987,388.993,377.399,365.738,355.028,344.053,332.455,320.353,306.861,292.11,275.868,256.951,239.119,220.883,202.784,183.818,165.665,147.627,129.485,111.873,94.915,78.973,64.474,51.697,40.535,31.25,23.589,17.392,12.465,8.621,5.74,3.682,2.265
PER,2050,510.197,512.845,515.907,519.742,520.164,522.681,525.63,526.748,529.877,534.008,535.612,537.101,540.51,542.756,543.476,546.247,548.748,550.186,553.117,557.484,559.33,560.699,561.103,563.757,564.93,567.573,570.886,572.532,574.524,574.763,573.66,566.177,562.287,559.118,559.038,563.204,568.078,574.287,582.428,583.055,583.699,580.045,579.099,573.917,563.036,548.615,533.765,525.798,521.808,526.938,522.983,520.425,518.409,516.173,514.14,512.226,509.65,506.013,502.637,495.911,488.681,482.281,472.68,462.802,450.724,437.143,423.854,409.97,396.978,384.646,372.696,360.672,349.59,338.247,326.278,313.777,299.841,284.578,267.768,248.273,229.744,210.717,191.726,171.907,152.927,134.264,115.896,98.506,82.241,67.378,54.177,42.763,32.986,24.987,18.462,13.262,9.223,6.169,3.964,2.444
PER,2051,506.768,509.681,512.599,515.743,519.593,520.02,522.545,525.506,526.639,529.78,533.918,535.52,536.995,540.38,542.59,543.263,545.982,548.427,549.809,552.688,557.008,558.818,560.158,560.543,563.185,564.351,566.991,570.301,571.948,573.94,574.176,573.073,565.591,561.699,558.523,558.431,562.579,567.429,573.611,581.718,582.314,582.926,579.241,578.255,573.035,562.116,547.658,532.77,524.746,520.688,525.725,521.693,519.052,516.945,514.61,512.465,510.426,507.711,503.926,500.392,493.516,486.133,479.568,469.807,459.753,447.484,433.683,420.125,405.943,392.619,379.934,367.621,355.238,343.785,332.062,319.683,306.704,292.22,276.338,258.847,238.668,219.307,199.375,179.462,158.854,139.257,120.346,102.213,85.502,70.298,56.731,44.907,34.873,26.432,19.6,14.11,9.836,6.616,4.271,2.638
PER,2052,503.775,506.266,509.44,512.439,515.598,519.451,519.886,522.425,525.4,526.545,529.692,533.827,535.416,536.868,540.216,542.381,543.004,545.666,548.056,549.387,552.221,556.504,558.287,559.608,559.982,562.616,563.779,566.418,569.727,571.373,573.363,573.598,572.492,565.01,561.111,557.928,557.82,561.947,566.772,572.923,580.992,581.557,582.134,578.413,577.384,572.117,561.156,546.657,531.724,523.641,519.51,524.452,520.341,517.612,515.407,512.963,510.695,508.519,505.656,501.717,498.019,490.99,483.449,476.707,466.769,456.508,444.004,429.935,416.069,401.561,387.891,374.847,362.174,349.435,337.596,325.452,312.583,299.022,283.878,267.257,248.969,227.972,207.66,186.79,166.013,144.837,125.004,106.313,88.881,73.228,59.311,47.125,36.702,28.008,20.783,15.018,10.494,7.076,4.593,2.85
PER,2053,500.356,503.285,506.031,509.284,512.296,515.46,519.32,519.769,522.321,525.309,526.459,529.603,533.725,535.291,536.71,540.013,542.125,542.694,545.302,547.641,548.928,551.726,555.981,557.746,559.055,559.423,562.053,563.216,565.854,569.163,570.808,572.795,573.027,571.915,564.431,560.524,557.329,557.205,561.308,566.104,572.221,580.251,580.781,581.317,577.557,576.477,571.159,560.151,545.606,530.625,522.478,518.274,523.118,518.924,516.101,513.788,511.225,508.822,506.498,503.48,499.384,495.52,488.332,480.622,473.683,463.535,453.023,440.236,425.858,411.657,396.81,382.789,369.387,356.356,343.246,330.982,318.336,304.872,290.611,274.686,257.203,237.966,216.031,194.731,172.984,151.561,130.209,110.614,92.617,76.271,61.91,49.373,38.599,29.543,22.073,15.963,11.197,7.569,4.927,3.074
PER,2054,497.56,499.878,503.056,505.877,509.143,512.16,515.332,519.205,519.668,522.231,525.224,526.372,529.505,533.604,535.135,536.509,539.761,541.821,542.336,544.893,547.189,548.442,551.213,555.448,557.2,558.505,558.87,561.499,562.663,565.301,568.608,570.25,572.234,572.459,571.341,563.85,559.934,556.724,556.582,560.657,565.422,571.503,579.491,579.982,580.474,576.667,575.531,570.155,559.095,544.5,529.469,521.26,516.981,521.719,517.437,514.509,512.078,509.383,506.836,504.359,501.183,496.925,492.887,485.527,477.628,470.462,460.06,449.246,436.134,421.42,406.868,391.677,377.306,363.55,350.146,336.626,323.855,310.599,296.42,281.333,264.494,245.991,225.671,202.765,180.533,158.129,136.454,115.409,96.538,79.63,64.612,51.644,40.528,31.139,23.338,16.996,11.933,8.099,5.284,3.306
PER,2055,495.893,497.094,499.655,502.905,505.74,509.011,512.036,515.22,519.106,519.58,522.15,525.14,526.277,529.386,533.451,534.939,536.264,539.462,541.469,541.935,544.449,546.711,547.938,550.69,554.913,556.658,557.96,558.326,560.956,562.12,564.756,568.061,569.699,571.676,571.894,570.766,563.268,559.338,556.113,555.948,559.994,564.725,570.768,578.709,579.157,579.596,575.738,574.539,569.102,557.984,543.337,528.256,519.982,515.624,520.252,515.871,512.828,510.268,507.433,504.735,502.1,498.761,494.334,490.109,482.561,474.442,467,456.294,445.135,431.669,416.605,401.697,386.162,371.443,357.317,343.5,329.49,316.102,302.116,287.094,271.045,253.128,233.459,212.003,188.182,165.238,142.577,121.146,100.903,83.16,67.593,54.01,42.484,32.767,24.655,18.015,12.739,8.654,5.67,3.556
PER,2056,492.364,495.437,496.875,499.506,502.77,505.61,508.89,511.927,515.124,519.02,519.5,522.067,525.046,526.16,529.238,533.258,534.697,535.969,539.116,541.074,541.498,543.979,546.215,547.424,550.165,554.38,556.124,557.425,557.792,560.422,561.587,564.221,567.521,569.153,571.122,571.329,570.187,562.68,558.735,555.491,555.302,559.316,564.012,570.011,577.901,578.298,578.681,574.766,573.498,567.993,556.817,542.118,526.987,518.643,514.2,518.706,514.216,511.048,508.35,505.368,502.516,499.718,496.209,491.601,487.17,479.399,471.013,463.245,452.192,440.656,426.82,411.398,396.132,380.259,365.175,350.641,336.329,321.719,307.593,292.746,276.743,259.559,240.41,219.513,196.965,172.456,149.203,126.788,106.107,87.085,70.727,56.615,44.521,34.422,26.002,19.076,13.534,9.262,6.074,3.825
PER,2057,490.179,491.919,495.223,496.728,499.374,502.643,505.491,508.783,511.832,515.04,518.942,519.419,521.975,524.931,526.014,529.049,533.02,534.408,535.629,538.727,540.642,541.035,543.49,545.708,546.906,549.641,553.853,555.596,556.899,557.269,559.898,561.061,563.692,566.985,568.609,570.565,570.76,569.604,562.085,558.122,554.857,554.641,558.622,563.278,569.229,577.06,577.401,577.721,573.743,572.401,566.827,555.59,540.84,525.655,517.236,512.699,517.072,512.463,509.161,506.318,503.186,500.176,497.208,493.516,488.705,484.035,475.997,467.293,459.152,447.72,435.79,421.574,405.793,390.172,373.942,358.456,343.429,328.512,313.184,298.187,282.338,265.176,246.695,226.243,204.148,180.721,155.938,132.889,111.242,91.743,74.207,59.358,46.763,36.147,27.373,20.164,14.368,9.866,6.517,4.109
PER,2058,490.616,489.743,491.71,495.078,496.599,499.249,502.528,505.387,508.691,511.75,514.963,518.862,519.329,521.864,524.788,525.829,528.816,532.736,534.073,535.247,538.303,540.185,540.553,542.992,545.199,546.392,549.124,553.335,555.079,556.384,556.754,559.381,560.542,563.167,566.451,568.065,570.008,570.187,569.014,561.48,557.497,554.21,553.965,557.908,562.519,568.416,576.182,576.462,576.713,572.667,571.248,565.603,554.306,539.499,524.256,515.755,511.113,515.34,510.603,507.161,504.17,500.884,497.707,494.556,490.66,485.617,480.66,472.302,463.235,454.688,442.858,430.52,415.921,399.782,383.789,367.164,351.193,335.562,319.92,303.741,287.731,270.7,252.212,232.353,210.621,187.536,163.638,139.105,116.794,96.36,78.328,62.402,49.128,38.046,28.807,21.276,15.224,10.499,6.96,4.42
PER,2059,484.859,490.188,489.537,491.568,494.951,496.477,499.137,502.426,505.298,508.611,511.675,514.886,518.774,519.221,521.723,524.607,525.601,528.536,532.406,533.696,534.829,537.853,539.712,540.063,542.49,544.691,545.883,548.615,552.826,554.572,555.877,556.247,558.872,560.028,562.645,565.918,567.519,569.445,569.606,568.414,560.864,556.859,553.546,553.269,557.169,561.729,567.567,575.262,575.475,575.652,571.536,570.039,564.321,552.958,538.091,522.782,514.188,509.432,513.506,508.635,505.051,501.907,498.457,495.103,491.749,487.617,482.293,476.995,468.273,458.812,449.837,437.596,424.844,409.86,393.347,376.939,359.837,343.27,326.914,310.414,293.242,276.036,257.649,237.752,216.528,193.714,170.044,146.2,122.465,101.354,82.425,65.995,51.75,40.051,30.383,22.439,16.099,11.152,7.425,4.733
PER,2060,482.049,484.441,489.986,489.398,491.443,494.831,496.366,499.036,502.338,505.219,508.538,511.601,514.8,518.667,519.083,521.545,524.381,525.326,528.212,532.035,533.285,534.387,537.385,539.227,539.569,541.991,544.19,545.383,548.116,552.327,554.074,555.378,555.748,558.367,559.517,562.124,565.382,566.967,568.876,569.017,567.802,560.234,556.206,552.864,552.55,556.402,560.905,566.676,574.295,574.436,574.536,570.348,568.771,562.975,551.542,536.606,521.223,512.527,507.65,511.561,506.554,502.823,499.518,495.894,492.339,488.749,484.335,478.677,472.994,463.874,453.996,444.576,431.916,418.747,403.36,386.429,369.523,351.83,334.545,317.331,299.829,281.483,262.906,243.074,221.774,199.376,175.879,152.151,128.924,106.463,86.857,69.583,54.839,42.273,32.051,23.719,17.019,11.822,7.906,5.062
PER,2061,477.212,481.642,484.244,489.848,489.274,491.325,494.722,496.269,498.951,502.261,505.147,508.464,511.517,514.695,518.532,518.909,521.325,524.111,525.007,527.847,531.629,532.848,533.926,536.908,538.74,539.078,541.498,543.698,544.893,547.628,551.838,553.584,554.887,555.253,557.865,559.006,561.6,564.844,566.41,568.297,568.416,567.177,559.589,555.533,552.159,551.802,555.6,560.042,565.742,573.278,573.344,573.367,569.104,567.441,561.562,550.05,535.036,519.571,510.768,505.763,509.508,504.362,500.474,496.997,493.178,489.391,485.519,480.768,474.733,468.628,459.091,448.779,438.904,425.82,412.213,396.377,378.943,361.423,343.02,324.882,306.668,287.979,268.285,248.245,226.97,204.454,181.274,157.623,134.406,112.288,91.416,73.475,57.943,44.893,33.904,25.08,18.034,12.528,8.403,5.404
PER,2062,477.185,476.815,481.448,484.109,489.727,489.16,491.219,494.627,496.185,498.876,502.191,505.076,508.382,511.414,514.563,518.36,518.691,521.058,523.796,524.648,527.448,531.198,532.394,533.456,536.428,538.255,538.592,541.013,543.215,544.413,547.147,551.355,553.101,554.4,554.76,557.363,558.493,561.072,564.297,565.845,567.708,567.801,566.537,558.926,554.838,551.426,551.022,554.76,559.135,564.758,572.209,572.197,572.139,567.799,566.043,560.07,548.471,533.373,517.819,508.903,503.769,507.341,502.047,497.992,494.321,490.275,486.211,482.003,476.872,470.423,463.873,453.899,443.144,432.805,419.276,405.182,388.807,370.753,352.494,333.245,314.109,294.706,274.655,253.52,232.013,209.474,186.126,162.69,139.458,117.258,96.588,77.474,61.3,47.527,36.078,26.586,19.11,13.306,8.926,5.757
PER,2063,474.097,476.794,476.626,481.314,483.99,489.613,489.056,491.126,494.545,496.111,498.808,502.121,504.996,508.282,511.284,514.395,518.146,518.429,520.748,523.441,524.254,527.023,530.75,531.931,532.984,535.951,537.777,538.115,540.537,542.742,543.94,546.674,550.881,552.623,553.916,554.269,556.86,557.978,560.54,563.743,565.268,567.105,567.172,565.879,558.239,554.116,550.66,550.204,553.878,558.18,563.724,571.086,570.995,570.851,566.425,564.568,558.493,546.797,531.607,515.962,506.932,501.665,505.053,499.6,495.356,491.46,487.141,482.747,478.159,472.613,465.727,458.71,448.286,437.08,426.251,412.226,397.551,380.517,361.717,342.581,322.341,302.021,281.251,259.739,237.163,214.363,190.941,167.286,144.171,121.874,101.045,82.01,64.76,50.379,38.273,28.351,20.303,14.132,9.502,6.13
PER,2064,472.393,473.714,476.608,476.494,481.197,483.878,489.511,488.964,491.045,494.473,496.044,498.739,502.042,504.897,508.155,511.118,514.184,517.887,518.123,520.398,523.053,523.836,526.581,530.293,531.464,532.513,535.478,537.305,537.648,540.072,542.277,543.476,546.209,550.412,552.148,553.433,553.776,556.354,557.455,559.998,563.178,564.678,566.488,566.525,565.197,557.525,553.359,549.857,549.344,552.948,557.175,562.637,569.908,569.732,569.494,564.975,563.005,556.817,545.018,529.734,513.999,504.85,499.441,502.634,497.001,492.537,488.37,483.727,478.958,473.955,467.968,460.624,453.124,442.244,430.559,419.188,404.572,389.191,371.368,351.681,331.519,310.099,288.415,266.182,243.207,219.363,195.648,171.865,148.484,126.212,105.216,85.959,68.688,53.333,40.658,30.145,21.703,15.051,10.117,6.543
PER,2065,468.669,472.016,473.531,476.477,476.379,481.089,483.779,489.42,488.884,490.975,494.406,495.977,498.661,501.946,504.772,507.991,510.911,513.929,517.585,517.778,520.015,522.639,523.4,526.131,529.831,530.999,532.048,535.013,536.844,537.188,539.614,541.82,543.019,545.749,549.944,551.673,552.949,553.28,555.841,556.925,559.445,562.6,564.073,565.852,565.854,564.487,556.779,552.567,549.014,548.439,551.971,556.12,561.497,568.671,568.403,568.063,563.44,561.346,555.039,543.134,527.755,511.925,502.652,497.089,500.063,494.219,489.49,485.003,479.991,474.813,469.37,462.92,455.103,447.109,435.744,423.53,411.516,396.184,379.962,361.203,340.477,319.096,296.317,273.172,249.469,225.201,200.469,176.358,152.793,130.212,109.16,89.679,72.138,56.684,43.134,32.095,23.132,16.128,10.802,6.984
PER,2066,466.766,468.3,471.836,473.403,476.364,476.272,480.99,483.69,489.342,488.815,490.91,494.34,495.901,498.567,501.823,504.612,507.787,510.66,513.631,517.244,517.4,519.607,522.209,522.956,525.677,529.373,530.54,531.59,534.558,536.391,536.738,539.164,541.37,542.566,545.292,549.478,551.196,552.461,552.778,555.321,556.384,558.88,562.008,563.45,565.194,565.156,563.745,555.996,551.734,548.124,547.486,550.944,555.013,560.299,567.367,566.999,566.545,561.809,559.585,553.153,541.139,525.663,509.733,500.324,494.588,497.309,491.21,486.166,481.313,475.9,470.288,464.381,457.451,449.149,440.63,428.728,415.885,403.098,386.911,369.696,349.843,327.883,305.096,280.859,256.247,231.244,206.059,180.958,157.031,134.218,112.823,93.216,75.409,59.652,45.942,34.128,24.689,17.235,11.607,7.478
PER,2067,464.821,466.403,468.123,471.709,473.29,476.257,476.175,480.903,483.614,489.274,488.752,490.846,494.266,495.808,498.447,501.666,504.411,507.54,510.366,513.294,516.87,516.997,519.182,521.769,522.508,525.224,528.919,530.088,531.141,534.111,535.946,536.296,538.722,540.924,542.118,544.834,549.011,550.717,551.967,552.269,554.79,555.831,558.302,561.398,562.806,564.508,564.425,562.966,555.172,550.857,547.188,546.484,549.865,553.849,559.036,565.99,565.511,564.934,560.076,557.716,551.156,539.03,523.45,507.412,497.847,491.907,494.327,487.925,482.523,477.27,471.429,465.359,458.973,451.55,442.729,433.629,421.091,407.488,393.785,376.591,358.215,337.065,313.68,289.383,263.683,237.771,211.844,186.261,161.376,138.17,116.499,96.523,78.536,62.482,48.45,36.432,26.316,18.442,12.436,8.057
PER,2068,461.367,464.465,466.229,467.998,471.598,473.187,476.163,476.091,480.829,483.548,489.212,488.688,490.772,494.175,495.69,498.291,501.467,504.167,507.25,510.034,512.926,516.471,516.577,518.748,521.327,522.062,524.778,528.473,529.645,530.702,533.675,535.51,535.861,538.284,540.483,541.67,544.377,548.54,550.233,551.467,551.749,554.248,555.265,557.706,560.767,562.135,563.792,563.66,562.147,554.305,549.933,546.205,545.434,548.733,552.624,557.704,564.53,563.931,563.222,558.239,555.738,549.047,536.802,521.108,504.941,495.192,489.006,491.074,484.326,478.532,472.855,466.565,460.02,453.138,445.189,435.796,426.013,412.706,398.203,383.421,365.052,345.304,322.658,297.743,271.922,244.929,218.093,191.759,166.363,142.23,120.143,99.854,81.479,65.204,50.856,38.507,28.159,19.705,13.34,8.654
PER,2069,458.57,461.018,464.293,466.105,467.889,471.496,473.093,476.079,476.018,480.764,483.486,489.149,488.617,490.684,494.059,495.538,498.096,501.227,503.882,506.922,509.67,512.532,516.056,516.148,518.311,520.885,521.62,524.338,528.036,529.212,530.271,533.245,535.081,535.431,537.85,540.042,541.221,543.918,548.066,549.742,550.957,551.219,553.693,554.682,557.089,560.11,561.433,563.04,562.855,561.285,553.392,548.963,545.174,544.33,547.54,551.328,556.29,562.98,562.251,561.407,556.293,553.648,546.816,534.441,518.613,502.293,492.318,485.836,487.505,480.377,474.169,468.045,461.285,454.25,446.839,438.309,428.241,417.638,403.42,387.857,371.822,352.061,330.733,306.473,280.011,252.834,224.922,197.682,171.529,146.864,123.886,103.164,84.452,67.781,53.181,40.508,29.833,21.137,14.291,9.309
PER,2070,456,458.227,460.849,464.171,465.997,467.788,471.404,473.011,476.007,475.954,480.704,483.426,489.079,488.53,490.569,493.908,495.345,497.859,500.944,503.558,506.562,509.282,512.122,515.632,515.717,517.876,520.45,521.187,523.908,527.608,528.787,529.849,532.822,534.657,535.004,537.417,539.601,540.77,543.453,547.584,549.241,550.436,550.676,553.122,554.079,556.447,559.423,560.698,562.249,562.006,560.378,552.433,547.944,544.089,543.167,546.278,549.955,554.788,561.332,560.469,559.484,554.236,551.436,544.45,531.924,515.936,499.421,489.174,482.358,483.589,476.059,469.411,462.821,455.577,448.019,440.024,430.808,419.931,408.36,393.069,376.271,358.756,337.391,314.354,288.456,260.612,232.448,204.142,177.089,151.669,128.142,106.571,87.416,70.394,55.4,42.457,31.46,22.451,15.372,10
PER,2071,452.701,455.663,458.061,460.729,464.064,465.898,467.698,471.323,472.94,475.944,475.895,480.643,483.356,488.992,488.417,490.421,493.718,495.11,497.581,500.625,503.203,506.179,508.877,511.704,515.205,515.287,517.445,520.022,520.763,523.487,527.189,528.371,529.433,532.405,534.237,534.579,536.985,539.159,540.315,542.983,547.093,548.731,549.903,550.117,552.531,553.452,555.776,558.703,559.924,561.416,561.113,559.424,551.426,546.874,542.947,541.937,544.941,548.495,553.193,559.584,558.582,557.45,552.06,549.091,541.93,529.224,513.034,496.282,485.724,478.54,479.306,471.351,464.246,457.172,449.412,441.276,432.592,422.556,410.723,398.014,381.476,363.218,344,320.899,296.114,268.731,239.872,211.245,183.139,156.83,132.555,110.427,90.471,73.006,57.652,44.324,33.049,23.734,16.368,10.785
PER,2072,449.384,452.37,455.499,457.941,460.623,463.967,465.809,467.619,471.254,472.878,475.886,475.836,480.575,483.271,488.88,488.27,490.233,493.486,494.835,497.265,500.274,502.823,505.778,508.464,511.282,514.779,514.862,517.023,519.602,520.348,523.075,526.779,527.961,529.024,531.993,533.818,534.154,536.55,538.712,539.854,542.503,546.592,548.207,549.354,549.538,551.915,552.795,555.072,557.944,559.108,560.54,560.175,558.422,550.367,545.745,541.739,540.633,543.518,546.943,551.498,557.731,556.586,555.297,549.751,546.589,539.22,526.292,509.857,492.832,481.933,474.359,474.628,466.231,458.652,451.063,442.731,433.912,424.402,413.399,400.441,386.414,368.399,348.459,327.389,302.51,276.117,247.61,218.26,189.772,162.431,137.286,114.425,93.914,75.7,59.911,46.228,34.583,24.995,17.349,11.515
PER,2073,447.115,449.058,452.209,455.381,457.838,460.527,463.879,465.732,467.55,471.192,472.821,475.828,475.77,480.492,483.162,488.736,488.085,490.005,493.214,494.523,496.918,499.899,502.428,505.37,508.047,510.862,514.358,514.445,516.61,519.193,519.942,522.671,526.375,527.557,528.618,531.581,533.401,533.728,536.111,538.259,539.385,542.014,546.08,547.67,548.786,548.937,551.272,552.106,554.332,557.146,558.251,559.618,559.19,557.37,549.252,544.552,540.457,539.245,542.007,545.296,549.703,555.772,554.473,553.013,547.288,543.901,536.281,523.084,506.366,489.041,477.783,469.795,469.543,460.688,452.602,444.442,435.435,425.799,415.318,403.178,388.916,373.335,353.621,331.855,308.879,282.357,254.709,225.599,196.362,168.581,142.433,118.724,97.498,78.737,62.254,48.148,36.157,26.224,18.32,12.24
PER,2074,445.533,446.794,448.9,452.093,455.279,457.743,460.441,463.802,465.664,467.49,471.137,472.764,475.762,475.688,480.384,483.02,488.553,487.86,489.736,492.905,494.181,496.547,499.508,502.024,504.959,507.632,510.447,513.946,514.037,516.205,518.792,519.544,522.274,525.977,527.158,528.214,531.17,532.981,533.298,535.668,537.798,538.906,541.514,545.552,547.113,548.195,548.307,550.596,551.383,553.552,556.306,557.349,558.651,558.154,556.259,548.072,543.286,539.095,537.771,540.402,543.553,547.805,553.698,552.231,550.576,544.64,540.984,533.063,519.556,502.53,484.889,473.25,464.83,464.035,454.69,446.043,437.21,427.394,416.794,405.174,391.716,375.915,358.543,336.982,313.332,288.564,260.744,232.349,203.24,174.694,148.056,123.379,101.34,81.894,64.879,50.136,37.744,27.482,19.269,12.959
PER,2075,443.497,445.217,446.638,448.785,451.991,455.186,457.658,460.366,463.736,465.605,467.436,471.081,472.701,475.682,475.582,480.244,482.84,488.329,487.594,489.431,492.565,493.814,496.162,499.108,501.617,504.549,507.222,510.041,513.542,513.638,515.81,518.399,519.154,521.883,525.583,526.76,527.811,530.758,532.557,532.863,535.216,537.328,538.416,540.999,545.007,546.533,547.576,547.646,549.887,550.62,552.731,555.423,556.402,557.634,557.06,555.084,546.818,541.938,537.645,536.205,538.702,541.706,545.794,551.494,549.836,547.955,541.763,537.784,529.52,515.676,498.323,480.35,468.313,459.446,458.067,448.179,438.868,429.228,418.458,406.727,393.782,378.769,361.194,341.87,318.396,292.977,266.744,238.13,209.591,181.065,153.657,128.457,105.492,85.272,67.608,52.357,39.39,28.757,20.245,13.667
PER,2076,440.654,443.186,445.062,446.523,448.685,451.899,455.102,457.584,460.3,463.678,465.551,467.38,471.017,472.62,475.577,475.444,480.066,482.619,488.065,487.291,489.094,492.203,493.432,495.766,498.707,501.212,504.144,506.82,509.643,513.148,513.248,515.423,518.014,518.769,521.496,525.192,526.363,527.407,530.343,532.129,532.419,534.755,536.847,537.912,540.465,544.438,545.927,546.928,546.951,549.139,549.817,551.868,554.495,555.405,556.56,555.903,553.836,545.484,540.505,536.105,534.545,536.902,539.749,543.657,549.141,547.257,545.103,538.606,534.263,525.621,511.419,493.722,475.405,462.957,453.609,451.586,441.053,430.947,420.354,408.465,395.422,380.917,364.112,344.603,323.251,297.975,271.108,243.904,215.094,186.997,159.511,133.538,110.024,88.93,70.538,54.678,41.233,30.087,21.24,14.4
PER,2077,436.115,440.348,443.033,444.949,446.424,448.594,451.817,455.029,457.52,460.243,463.625,465.496,467.319,470.94,472.518,475.441,475.269,479.848,482.359,487.766,486.959,488.736,491.825,493.041,495.369,498.306,500.813,503.747,506.427,509.253,512.762,512.867,515.044,517.635,518.388,521.113,524.802,525.966,527,529.922,531.694,531.968,534.284,536.353,537.39,539.911,543.844,545.291,546.245,546.22,548.351,548.973,550.962,553.519,554.354,555.423,554.674,552.509,544.066,538.984,534.474,532.789,534.995,537.671,541.375,546.607,544.455,541.976,535.132,530.387,521.344,506.762,488.708,470.038,457.15,447.27,444.492,433.186,422.141,410.431,397.242,382.652,366.35,347.59,326.069,302.779,276.015,248.186,220.6,192.183,164.988,138.85,114.574,92.917,73.705,57.167,43.157,31.571,22.28,15.149
PER,2078,433.883,435.814,440.198,442.922,444.851,446.335,448.513,451.745,454.966,457.463,460.191,463.572,465.435,467.242,470.838,472.383,475.267,475.054,479.591,482.063,487.436,486.603,488.362,491.438,492.648,494.973,497.911,500.421,503.359,506.044,508.874,512.385,512.493,514.671,517.259,518.011,520.729,524.411,525.565,526.587,529.495,531.25,531.508,533.8,535.842,536.848,539.332,543.221,544.622,545.528,545.451,547.525,548.087,550.009,552.49,553.242,554.217,553.367,551.097,542.561,537.372,532.748,530.929,532.97,535.451,538.918,543.853,541.379,538.533,531.307,526.133,516.665,501.687,483.265,464.217,450.841,440.33,436.659,424.437,412.291,399.284,384.562,368.192,349.927,329.126,305.68,280.745,252.968,224.762,197.377,169.817,143.845,119.329,96.928,77.152,59.854,45.219,33.12,23.435,15.931
PER,2079,430.421,433.587,435.667,440.087,442.824,444.763,446.255,448.443,451.683,454.911,457.412,460.139,463.511,465.36,467.141,470.704,472.211,475.054,474.8,479.299,481.738,487.083,486.233,487.979,491.048,492.256,494.583,497.523,500.037,502.98,505.669,508.502,512.016,512.125,514.302,516.888,517.635,520.346,524.017,525.161,526.169,529.061,530.798,531.033,533.3,535.31,536.282,538.724,542.567,543.919,544.773,544.643,546.656,547.156,549.004,551.4,552.06,552.934,551.977,549.599,540.967,535.667,530.92,528.954,530.806,533.061,536.245,540.828,537.992,534.741,527.109,521.479,511.563,496.177,477.361,457.892,443.931,432.663,427.944,414.649,401.222,386.687,370.201,351.884,331.568,308.804,283.718,257.597,229.387,201.385,174.671,148.293,123.831,101.13,80.636,62.781,47.45,34.786,24.648,16.802
PER,2080,427.421,430.131,433.442,435.557,439.992,442.737,444.684,446.186,448.381,451.629,454.86,457.361,460.079,463.437,465.261,467.011,470.534,472.001,474.802,474.51,478.976,481.39,486.716,485.855,487.594,490.66,491.871,494.2,497.145,499.664,502.611,505.303,508.139,511.653,511.762,513.937,516.518,517.259,519.961,523.62,524.75,525.743,528.615,530.332,530.543,532.779,534.754,535.687,538.086,541.878,543.18,543.98,543.794,545.744,546.173,547.94,550.243,550.804,551.569,550.503,548.011,539.28,533.861,528.978,526.841,528.474,530.458,533.31,537.496,534.261,530.578,522.513,516.401,506.019,490.194,470.938,450.96,436.292,424.127,418.186,403.64,388.707,372.412,353.996,333.641,311.344,286.891,260.612,233.872,205.803,178.474,152.763,127.864,105.122,84.281,65.742,49.873,36.583,25.95,17.715
PER,2081,425.152,427.135,429.987,433.333,435.462,439.905,442.659,444.616,446.126,448.328,451.579,454.809,457.303,460.006,463.339,465.131,466.843,470.326,471.752,474.515,474.191,478.631,481.027,486.34,485.473,487.211,490.279,491.492,493.826,496.776,499.299,502.25,504.945,507.782,511.295,511.403,513.572,516.147,516.881,519.572,523.216,524.332,525.309,528.16,529.85,530.034,532.235,534.172,535.063,537.415,541.153,542.402,543.147,542.901,544.78,545.132,546.809,549.011,549.467,550.119,548.939,546.331,537.491,531.939,526.898,524.563,525.934,527.597,530.07,533.82,530.157,526.012,517.491,510.875,499.992,483.678,463.892,443.285,427.778,414.561,407.203,391.185,374.515,356.296,335.86,313.537,289.521,263.813,236.899,210.108,182.654,156.334,131.936,108.735,87.772,68.854,52.342,38.544,27.36,18.703
PER,2082,421.412,424.868,426.993,429.88,433.239,435.377,439.829,442.592,444.556,446.073,448.279,451.529,454.752,457.23,459.91,463.21,464.965,466.636,470.08,471.467,474.199,473.85,478.272,480.655,485.961,485.093,486.833,489.904,491.123,493.461,496.416,498.944,501.897,504.593,507.43,510.94,511.045,513.209,515.775,516.499,519.177,522.806,523.904,524.862,527.687,529.349,529.5,531.664,533.56,534.406,536.707,540.391,541.584,542.269,541.957,543.758,544.025,545.604,547.7,548.045,548.582,547.282,544.547,535.586,529.88,524.654,522.078,523.137,524.437,526.495,529.775,525.656,521.021,512.023,504.866,493.425,476.524,456.086,434.728,418.231,403.787,394.77,377.053,358.481,338.243,315.849,291.806,266.491,240.072,213.086,186.715,160.214,135.216,112.37,90.936,71.831,54.923,40.534,28.888,19.765
PER,2083,420.076,421.133,424.729,426.887,429.787,433.155,435.302,439.762,442.533,444.504,446.025,448.23,451.473,454.681,457.135,459.783,463.047,464.761,466.392,469.798,471.154,473.86,473.495,477.903,480.28,485.584,484.719,486.462,489.538,490.763,493.107,496.066,498.596,501.55,504.248,507.081,510.587,510.687,512.843,515.399,516.111,518.775,522.386,523.466,524.4,527.196,528.826,528.942,531.064,532.914,533.714,535.963,539.591,540.724,541.342,540.959,542.673,542.846,544.323,546.307,546.54,546.954,545.526,542.65,533.548,527.66,522.208,519.344,520.05,520.951,522.564,525.34,520.737,515.59,506.078,498.317,486.215,468.602,447.385,425.135,407.483,391.595,380.668,361.095,340.529,318.329,294.223,268.873,242.793,216.217,189.625,164.019,138.79,115.357,94.144,74.567,57.419,42.629,30.455,20.923
PER,2084,418.019,419.801,420.995,424.623,426.795,429.703,433.081,435.237,439.704,442.482,444.457,445.976,448.174,451.402,454.587,457.01,459.621,462.844,464.519,466.113,469.487,470.819,473.507,473.131,477.533,479.909,485.213,484.353,486.101,489.182,490.412,492.76,495.722,498.254,501.21,503.904,506.734,510.234,510.328,512.474,515.018,515.718,518.364,521.955,523.013,523.919,526.684,528.277,528.355,530.433,532.237,532.988,535.183,538.749,539.816,540.361,539.897,541.516,541.592,542.961,544.831,544.944,545.227,543.655,540.617,531.347,525.236,519.513,516.324,516.642,517.113,518.247,520.488,515.375,509.676,499.591,491.12,478.222,459.76,437.619,414.324,395.308,377.757,364.733,343.215,320.712,296.788,271.37,245.236,218.936,192.667,166.811,142.3,118.594,96.813,77.34,59.726,44.663,32.102,22.111
PER,2085,415.5,417.748,419.665,420.891,424.532,426.713,429.63,433.016,435.18,439.654,442.435,444.409,445.921,448.105,451.31,454.463,456.849,459.42,462.604,464.242,465.805,469.155,470.469,473.146,472.765,477.165,479.542,484.85,483.995,485.749,488.835,490.07,492.422,495.387,497.918,500.872,503.564,506.389,509.881,509.967,512.101,514.631,515.316,517.944,521.511,522.542,523.418,526.146,527.701,527.738,529.77,531.524,532.225,534.363,537.861,538.856,539.32,538.767,540.287,540.263,541.52,543.27,543.255,543.391,541.656,538.426,528.948,522.571,516.541,512.994,512.896,512.907,513.533,515.209,509.549,503.235,492.476,483.155,469.318,449.853,426.633,402.102,381.515,362.148,346.911,323.508,299.301,274.044,247.828,221.446,195.381,169.761,144.974,121.816,99.727,79.706,62.095,46.577,33.727,23.376
PER,2086,412.807,415.232,417.613,419.561,420.801,424.451,426.641,429.567,432.96,435.13,439.607,442.387,444.355,445.853,448.014,451.187,454.304,456.652,459.183,462.331,463.937,465.477,468.808,470.111,472.782,472.401,476.802,479.183,484.496,483.648,485.407,488.498,489.737,492.091,495.055,497.587,500.538,503.224,506.042,509.524,509.601,511.722,514.237,514.904,517.509,521.048,522.05,522.893,525.583,527.095,527.09,529.074,530.777,531.423,533.496,536.919,537.834,538.21,537.565,538.983,538.853,539.995,541.614,541.455,541.425,539.494,536.032,526.304,519.626,513.258,509.327,508.781,508.305,508.393,509.459,503.191,496.155,484.586,474.265,459.324,438.693,414.194,388.233,365.935,344.664,327.235,302.175,276.643,250.554,224.065,197.887,172.401,147.763,124.309,102.615,82.261,64.128,48.533,35.256,24.621
PER,2087,410.218,412.543,415.098,417.51,419.472,420.721,424.38,426.578,429.512,432.911,435.085,439.561,442.335,444.287,445.763,447.893,451.03,454.108,456.416,458.911,462.027,463.611,465.132,468.453,469.751,472.421,472.041,476.446,478.833,484.15,483.309,485.073,488.168,489.41,491.766,494.729,497.257,500.203,502.883,505.692,509.163,509.228,511.335,513.831,514.479,517.057,520.565,521.533,522.34,524.988,526.457,526.408,528.341,529.99,530.574,532.577,535.916,536.744,537.026,536.286,537.598,537.357,538.373,539.846,539.523,539.294,537.127,533.388,523.376,516.364,509.634,505.291,504.27,503.276,502.784,503.172,496.187,488.289,475.762,464.269,448.044,426.035,400.06,372.549,348.464,325.337,305.904,279.564,253.2,226.797,200.483,174.851,150.281,126.9,104.896,84.804,66.321,50.238,36.83,25.807
PER,2088,408.705,409.957,412.411,414.996,417.421,419.392,420.651,424.318,426.523,429.464,432.867,435.039,439.509,442.268,444.198,445.644,447.737,450.836,453.874,456.146,458.612,461.703,463.27,464.78,468.095,469.393,472.064,471.69,476.1,478.493,483.814,482.979,484.748,487.845,489.089,491.444,494.405,496.93,499.869,502.541,505.339,508.798,508.849,510.938,513.414,514.036,516.585,520.059,520.992,521.76,524.363,525.787,525.691,527.57,529.158,529.675,531.598,534.848,535.584,535.77,534.93,536.13,535.769,536.645,537.95,537.434,536.965,534.519,530.464,520.139,512.771,505.652,500.871,499.347,497.796,496.658,496.255,488.416,479.505,465.854,453.003,435.268,411.67,384.094,354.979,329.167,304.398,283.3,256.162,229.477,203.199,177.401,152.65,129.273,107.272,86.857,68.515,52.076,38.218,27.031
PER,2089,407.561,408.448,409.826,412.31,414.909,417.343,419.323,420.589,424.264,426.475,429.419,432.821,434.987,439.442,442.18,444.079,445.489,447.545,450.605,453.607,455.848,458.29,461.365,462.921,464.427,467.739,469.04,471.715,471.348,475.764,478.162,483.488,482.658,484.431,487.529,488.773,491.125,494.082,496.601,499.532,502.194,504.98,508.424,508.459,510.529,512.978,513.574,516.09,519.528,520.422,521.149,523.707,525.084,524.936,526.756,528.275,528.717,530.555,533.71,534.35,534.437,533.493,534.571,534.076,534.789,535.898,535.147,534.394,531.629,527.228,516.567,508.818,501.286,496.043,493.975,491.803,489.911,488.573,479.728,469.631,454.677,440.231,420.761,395.434,366.199,335.562,308.243,282.183,259.876,232.446,205.874,180.061,155.114,131.525,109.471,88.999,70.328,53.928,39.721,28.131
PER,2090,403.504,407.305,408.318,409.725,412.223,414.831,417.274,419.263,420.536,424.218,426.432,429.374,432.771,434.922,439.356,442.063,443.926,445.298,447.315,450.339,453.313,455.53,457.955,461.018,462.57,464.075,467.389,468.694,471.376,471.015,475.436,477.84,483.17,482.344,484.119,487.216,488.458,490.808,493.76,496.271,499.192,501.842,504.615,508.041,508.057,510.103,512.525,513.09,515.571,518.969,519.823,520.507,523.017,524.342,524.138,525.891,527.335,527.697,529.445,532.501,533.042,533.024,531.966,532.907,532.257,532.779,533.651,532.619,531.544,528.429,523.654,512.635,504.479,496.512,490.769,488.096,485.196,482.41,479.977,469.957,458.483,441.998,425.722,404.355,377.227,346.41,314.489,286.02,259.129,236.094,208.804,182.681,157.67,133.857,111.567,90.993,72.213,55.482,41.235,29.315
PER,2091,400.945,403.252,407.177,408.218,409.64,412.146,414.763,417.214,419.21,420.49,424.174,426.388,429.324,432.706,434.836,439.24,441.911,443.737,445.07,447.052,450.046,452.996,455.197,457.611,460.67,462.22,463.728,467.048,468.359,471.046,470.693,475.118,477.527,482.859,482.036,483.811,486.906,488.147,490.491,493.435,495.937,498.847,501.483,504.24,507.646,507.641,509.658,512.05,512.582,515.025,518.38,519.192,519.832,522.29,523.558,523.292,524.97,526.334,526.609,528.263,531.217,531.654,531.522,530.336,531.12,530.285,530.576,531.166,529.819,528.387,524.894,519.72,508.318,499.734,491.297,484.997,481.616,477.852,474.019,470.309,458.926,445.841,427.597,409.317,385.96,357.092,324.926,292.094,262.934,235.694,212.352,185.535,160.2,136.277,113.739,92.91,73.985,57.1,42.532,30.519
PER,2092,396.702,400.697,403.125,407.078,408.133,409.563,412.079,414.703,417.162,419.164,420.447,424.131,426.339,429.261,432.62,434.722,439.09,441.722,443.511,444.81,446.762,449.734,452.666,454.858,457.266,460.324,461.877,463.39,466.714,468.033,470.727,470.379,474.81,477.221,482.554,481.733,483.506,486.6,487.835,490.173,493.108,495.599,498.497,501.117,503.854,507.236,507.206,509.194,511.55,512.048,514.451,517.762,518.531,519.122,521.523,522.727,522.391,523.989,525.266,525.454,527.011,529.858,530.181,529.921,528.586,529.183,528.127,528.143,528.413,526.716,524.902,521.005,515.403,503.601,494.553,485.592,478.637,474.414,469.639,464.585,459.402,446.423,431.493,411.326,390.934,365.628,335.237,302.091,268.82,239.452,212.279,188.962,162.954,138.694,116.005,94.907,75.709,58.643,43.89,31.571
PER,2093,395.528,396.457,400.571,403.027,406.992,408.058,409.497,412.021,414.652,417.117,419.122,420.404,424.081,426.276,429.176,432.508,434.573,438.903,441.498,443.252,444.522,446.451,449.406,452.328,454.514,456.923,459.983,461.542,463.06,466.391,467.716,470.416,470.074,474.508,476.922,482.255,481.434,483.205,486.294,487.522,489.852,492.776,495.256,498.137,500.739,503.453,506.808,506.75,508.706,511.027,511.487,513.849,517.114,517.835,518.373,520.709,521.842,521.432,522.945,524.134,524.23,525.686,528.414,528.61,528.201,526.691,527.064,525.743,525.448,525.367,523.294,521.069,516.738,510.686,498.452,488.887,479.307,471.571,466.362,460.407,453.943,447.04,432.23,415.276,393.086,370.601,343.535,311.976,278.319,245.097,215.932,189.151,166.201,141.291,118.252,96.97,77.488,60.137,45.179,32.66
PER,2094,393.145,395.285,396.333,400.474,402.944,406.918,407.992,409.439,411.97,414.608,417.076,419.08,420.356,424.02,426.193,429.064,432.36,434.388,438.68,441.242,442.966,444.213,446.127,449.071,451.988,454.174,456.585,459.651,461.214,462.741,466.078,467.409,470.114,469.778,474.212,476.628,481.958,481.136,482.903,485.986,487.208,489.528,492.439,494.904,497.767,500.347,503.035,506.361,506.273,508.193,510.475,510.897,513.215,516.432,517.099,517.576,519.841,520.899,520.409,521.835,522.933,522.932,524.276,526.873,526.921,526.334,524.61,524.718,523.096,522.459,521.998,519.521,516.856,512.067,505.525,492.806,482.631,472.31,463.655,457.293,449.973,441.859,432.984,416.169,397.073,372.884,348.478,319.984,287.716,254.04,221.288,192.654,166.596,144.318,120.659,99.021,79.324,61.681,46.438,33.705
PER,2095,390.493,392.906,395.162,396.237,400.391,402.869,406.853,407.934,409.389,411.926,414.566,417.034,419.033,420.295,423.938,426.081,428.918,432.177,434.167,438.426,440.958,442.66,443.891,445.794,448.734,451.651,453.84,456.256,459.327,460.899,462.432,465.775,467.111,469.82,469.486,473.923,476.337,481.665,480.84,482.602,485.676,486.888,489.196,492.094,494.541,497.382,499.937,502.598,505.891,505.77,507.654,509.898,510.279,512.549,515.71,516.318,516.728,518.917,519.894,519.322,520.658,521.658,521.552,522.77,525.215,525.087,524.286,522.308,522.113,520.16,519.153,518.283,515.372,512.24,506.954,499.866,486.572,475.664,464.468,454.738,447.044,438.128,428.125,417.082,398.145,376.915,350.901,324.883,295.404,262.915,229.643,197.688,169.916,144.874,123.44,101.213,81.159,63.278,47.741,34.731
PER,2096,388.359,390.256,392.784,395.066,396.154,400.317,402.805,406.796,407.885,409.346,411.885,414.525,416.987,418.972,420.214,423.827,425.936,428.737,431.958,433.915,438.143,440.653,442.34,443.561,445.461,448.399,451.319,453.513,455.935,459.013,460.591,462.131,465.48,466.82,469.532,469.201,473.636,476.049,481.372,480.543,482.298,485.361,486.565,488.859,491.739,494.165,496.982,499.509,502.139,505.397,505.242,507.087,509.289,509.626,511.843,514.942,515.485,515.823,517.931,518.825,518.168,519.408,520.302,520.076,521.149,523.413,523.072,522.016,519.75,519.22,516.911,515.504,514.195,510.823,507.184,501.341,493.611,479.623,467.851,455.629,444.65,435.398,424.652,412.571,399.219,378.161,354.949,327.415,300.211,270.221,237.933,205.401,174.579,147.962,124.098,103.713,83.102,64.868,49.082,35.79
PER,2097,386.99,388.125,390.135,392.688,394.985,396.082,400.253,402.749,406.747,407.842,409.306,411.845,414.479,416.926,418.891,420.105,423.684,425.757,428.519,431.706,433.635,437.841,440.335,442.012,443.229,445.128,448.071,450.995,453.196,455.625,458.709,460.294,461.84,465.192,466.536,469.25,468.92,473.352,475.762,481.078,480.243,481.99,485.043,486.233,488.511,491.371,493.773,496.562,499.059,501.655,504.878,504.687,506.493,508.649,508.936,511.094,514.125,514.596,514.859,516.883,517.691,516.945,518.079,518.853,518.487,519.387,521.433,520.839,519.494,516.907,516.018,513.323,511.488,509.713,505.841,501.635,495.14,486.641,471.832,459.045,445.634,433.196,422.158,409.403,395.113,379.427,356.396,331.488,302.855,274.922,244.84,213.093,181.644,152.248,126.946,104.45,85.321,66.564,50.434,36.89
PER,2098,382.502,386.758,388.005,390.041,392.607,394.912,396.018,400.198,402.701,406.704,407.802,409.265,411.798,414.42,416.847,418.782,419.962,423.505,425.541,428.27,431.429,433.335,437.525,440.009,441.682,442.899,444.802,447.749,450.68,452.888,455.324,458.415,460.006,461.557,464.913,466.258,468.971,468.641,473.07,475.475,480.783,479.941,481.678,484.717,485.892,488.151,490.986,493.363,496.122,498.588,501.149,504.333,504.106,505.866,507.972,508.204,510.297,513.254,513.65,513.834,515.771,516.488,515.644,516.66,517.293,516.761,517.453,519.24,518.358,516.694,513.764,512.485,509.377,507.086,504.804,500.374,495.503,488.228,478.826,463.052,449.088,434.283,420.174,407.176,392.288,375.768,357.862,333.133,306.929,277.652,249.399,219.563,188.709,158.645,130.83,107.033,86.093,68.487,51.872,38.003
PER,2099,380.672,382.274,386.64,387.911,389.96,392.535,394.849,395.964,400.15,402.659,406.665,407.762,409.219,411.739,414.34,416.74,418.641,419.784,423.29,425.294,427.995,431.131,433.022,437.202,439.682,441.355,442.576,444.483,447.437,450.375,452.591,455.033,458.131,459.727,461.28,464.637,465.984,468.697,468.364,472.788,475.186,480.486,479.636,481.359,484.383,485.539,487.774,490.585,492.933,495.662,498.092,500.616,503.761,503.492,505.204,507.253,507.423,509.446,512.325,512.644,512.747,514.592,515.209,514.253,515.131,515.598,514.865,515.307,516.801,515.602,513.592,510.292,508.595,505.047,502.261,499.412,494.327,488.664,480.475,470.013,453.118,437.776,421.374,405.434,390.355,373.313,354.674,334.791,308.751,281.686,252.168,223.931,194.697,165.05,136.538,110.492,88.385,69.246,53.488,39.18
PER,2100,378.681,380.446,382.157,386.546,387.831,389.89,392.474,394.795,395.916,400.108,402.619,406.625,407.717,409.161,411.662,414.234,416.599,418.465,419.573,423.045,425.02,427.699,430.82,432.701,436.877,439.358,441.034,442.26,444.174,447.136,450.082,452.303,454.752,457.854,459.453,461.01,464.367,465.714,468.423,468.088,472.505,474.896,480.184,479.322,481.032,484.036,485.171,487.382,490.165,492.482,495.177,497.573,500.059,503.159,502.845,504.501,506.487,506.591,508.539,511.339,511.578,511.595,513.34,513.843,512.756,513.469,513.735,512.763,512.923,514.093,512.552,510.171,506.473,504.331,500.305,496.966,493.454,487.589,480.998,471.737,460.049,441.839,424.919,406.771,388.89,371.71,352.622,332.098,310.592,283.665,256.132,226.705,198.84,170.533,142.274,115.511,91.411,71.234,54.201,40.497
