ETH,1950,0.23018847,0.07346975,0.05085656,0.03548042,0.0251496,0.01827716,0.01373764,0.0107587,0.0088017,0.00752669,0.00670867,0.00620791,0.00593574,0.00583554,0.00587197,0.00602154,0.00626783,0.00659723,0.00699357,0.00743496,0.00789052,0.00831821,0.00868178,0.00895474,0.0091406,0.00926519,0.00936412,0.00947594,0.00962161,0.00980922,0.01003472,0.01028453,0.01054787,0.01081629,0.01108858,0.01137193,0.01167515,0.01200786,0.01237314,0.01276519,0.01317297,0.01357738,0.0139648,0.01433306,0.01468837,0.0150551,0.01546406,0.01593521,0.01647805,0.01710298,0.0178248,0.01862803,0.01951972,0.02054173,0.02169381,0.02294911,0.02434039,0.0259213,0.02769139,0.02966899,0.03188307,0.03432238,0.03696046,0.03981498,0.04291889,0.04634602,0.05019089,0.05455271,0.05953641,0.06517155,0.07142456,0.07823923,0.08549989,0.09310023,0.10104428,0.1094855,0.11860814,0.12865995,0.14000213,0.15276555,0.16683826,0.18221935,0.19884214,0.21626856,0.23421544,0.25306933,0.2727963,0.29318561,0.31514325,0.33908493,0.3640378,0.39146412,0.41850977,0.44391145,0.46683982,0.48785661,0.51440419,0.53975009,0.56410902,0.58707227
ETH,1951,0.22845549,0.07286938,0.05039171,0.03511894,0.02487533,0.01806509,0.01357108,0.01062487,0.00869124,0.00743275,0.00662632,0.00613348,0.00586647,0.00576925,0.0058069,0.00595617,0.00620088,0.0065277,0.00692096,0.00735871,0.00780967,0.00823267,0.00859251,0.0088625,0.00904637,0.00916978,0.00926782,0.00937828,0.00952204,0.00970747,0.00993059,0.01017757,0.01043728,0.01070161,0.01096987,0.01124946,0.01154901,0.01187848,0.01224117,0.01263077,0.01303591,0.01343787,0.01382207,0.01418547,0.01453667,0.01490006,0.01530348,0.01577944,0.0163421,0.01698416,0.01771005,0.01852194,0.01940348,0.02037106,0.0214733,0.02272763,0.02411359,0.02566595,0.02743882,0.02941346,0.03160033,0.03401683,0.0366479,0.03949016,0.04257688,0.04598003,0.04979748,0.05411667,0.05903381,0.06459561,0.07078794,0.07753459,0.08474234,0.09235106,0.10029737,0.10868863,0.11778099,0.12776307,0.13888642,0.15141582,0.16536561,0.18055979,0.19693904,0.2144999,0.23277366,0.25146272,0.27117154,0.29190448,0.31347515,0.33674334,0.36172282,0.38721311,0.41448363,0.44090131,0.46544117,0.48703285,0.50546366,0.53125041,0.5558046,0.57631333
ETH,1952,0.22480873,0.07126542,0.04955927,0.03472224,0.0247072,0.01801435,0.01357071,0.01064149,0.00870936,0.00744578,0.00663255,0.00613375,0.00586267,0.005764,0.00580246,0.00595421,0.00620202,0.00653128,0.0069258,0.00736366,0.00781334,0.00823365,0.00859084,0.00885971,0.00904356,0.00916807,0.00926794,0.00938021,0.00952511,0.00971091,0.00993404,0.01018102,0.01044071,0.01070482,0.01097288,0.01125254,0.01155231,0.01188167,0.01224401,0.01263332,0.01303781,0.01343871,0.01382229,0.01418474,0.01453383,0.01489652,0.01530032,0.01577414,0.01634517,0.01701074,0.01775702,0.01857604,0.01947063,0.02043421,0.02149031,0.02270607,0.02410516,0.02566824,0.02742937,0.02942434,0.03162601,0.03403268,0.03665872,0.03951309,0.04260888,0.04601949,0.04984183,0.05416756,0.05908122,0.06461969,0.07078512,0.07752154,0.08471376,0.09232513,0.10034298,0.10880026,0.1179049,0.12792539,0.13905508,0.15145073,0.16525197,0.18040557,0.19666698,0.21403775,0.23258803,0.2517882,0.27141796,0.29224053,0.3142691,0.33725164,0.36169699,0.3873213,0.41275987,0.43934711,0.46495288,0.48851813,0.50842452,0.52130098,0.5443158,0.57153512
ETH,1953,0.22079647,0.0699243,0.04865363,0.03411401,0.0242916,0.0177198,0.01335685,0.01047735,0.00857694,0.00733363,0.00653341,0.00604289,0.00577689,0.00568108,0.00572077,0.00587241,0.0061189,0.00644572,0.00683669,0.0072703,0.00771591,0.00813191,0.0084842,0.00874896,0.00893025,0.00905281,0.00915111,0.00926179,0.00940467,0.00958765,0.00980715,0.01005004,0.0103054,0.01056485,0.0108278,0.01110235,0.01139759,0.01172317,0.01208225,0.01246892,0.01287148,0.01327017,0.01365066,0.01400989,0.01435469,0.01471151,0.01511107,0.01558221,0.01614848,0.01682044,0.01758807,0.01842313,0.01931718,0.02028287,0.02131999,0.02247137,0.02381217,0.02536824,0.02711953,0.02908203,0.03128421,0.03368508,0.03627882,0.03910351,0.04218296,0.04556896,0.04935905,0.05364353,0.05851118,0.06398753,0.0700656,0.07670835,0.08382486,0.09135564,0.09931339,0.1077818,0.11688093,0.12682761,0.13789826,0.15019218,0.16374388,0.17862103,0.19471484,0.21183332,0.23006009,0.24951318,0.2696408,0.29026369,0.31227208,0.33558853,0.35965328,0.38470634,0.4102538,0.43497533,0.46066615,0.48543481,0.50808477,0.52837898,0.54298564,0.56787845
ETH,1954,0.21652629,0.06831603,0.04773445,0.0335969,0.02401206,0.01757064,0.01327415,0.0104296,0.00854403,0.00730605,0.00650672,0.0060154,0.00574825,0.00565176,0.00569141,0.00584368,0.00609112,0.00641881,0.00681033,0.00724381,0.00768907,0.00810517,0.00845695,0.00871998,0.00889961,0.00902122,0.0091185,0.00922814,0.00936994,0.00955165,0.00976945,0.01001027,0.01026357,0.01052117,0.01078237,0.01105509,0.01134877,0.0116735,0.01203251,0.01241945,0.01282278,0.01322286,0.0136044,0.0139639,0.01430917,0.01466564,0.01506324,0.0155341,0.01610128,0.01677125,0.01754816,0.01840743,0.01931958,0.02028679,0.0213297,0.02246736,0.02375049,0.02525821,0.02701615,0.02898248,0.03116505,0.03358033,0.03618081,0.03898503,0.04204824,0.04543392,0.049218,0.05349257,0.05834569,0.06380789,0.06985972,0.07645302,0.08351726,0.09101885,0.09894338,0.1074021,0.11656747,0.12655793,0.13760125,0.14989059,0.16340462,0.17809328,0.19396436,0.21098941,0.22902864,0.24822578,0.26878335,0.29004029,0.31187751,0.33520973,0.35963165,0.38435856,0.40941423,0.43431616,0.45804985,0.48276798,0.50679513,0.53084751,0.55425321,0.5693328
ETH,1955,0.2119208,0.06656892,0.04667998,0.03296587,0.02362666,0.01733253,0.01311864,0.0103174,0.00845667,0.00723058,0.006437,0.00594849,0.00568287,0.0055877,0.0056287,0.00578228,0.00603056,0.00635786,0.00674745,0.00717743,0.0076178,0.00802911,0.00837753,0.00863784,0.00881488,0.00893506,0.00903208,0.00914129,0.00928225,0.00946248,0.0096781,0.00991595,0.01016567,0.01041964,0.0106775,0.01094703,0.01123738,0.01155879,0.01191478,0.01229902,0.01269947,0.01309675,0.01347595,0.01383265,0.01417439,0.01452799,0.01492228,0.01538853,0.01595325,0.01662204,0.01739436,0.01826027,0.01919398,0.02017579,0.02121539,0.02235412,0.02361832,0.02506081,0.02676153,0.02872716,0.03090649,0.03329347,0.03590026,0.03870216,0.04173324,0.04508869,0.04885644,0.05310651,0.05792853,0.06335233,0.06936425,0.07590247,0.08288313,0.09029483,0.09815376,0.10654087,0.11565842,0.1256801,0.13672758,0.14894542,0.1624124,0.17701961,0.19262375,0.20930813,0.22715505,0.24605524,0.26625996,0.2879547,0.31041597,0.33352828,0.35793638,0.38299789,0.40774035,0.43214993,0.45606705,0.47849029,0.50200309,0.52487482,0.5515849,0.57830706
ETH,1956,0.20709027,0.06476258,0.04563045,0.0323717,0.02329591,0.01714409,0.01301006,0.01024868,0.00840549,0.00718753,0.00639586,0.00590719,0.00564095,0.00554571,0.00558733,0.00574217,0.0059919,0.00632013,0.00670956,0.00713814,0.0075762,0.00798453,0.00833059,0.0085901,0.0087663,0.00888506,0.00898111,0.00908982,0.0092299,0.00940886,0.00962283,0.00985867,0.0101059,0.01035708,0.01061234,0.01087978,0.01116841,0.01148816,0.01184267,0.01222584,0.01262564,0.01302204,0.01340045,0.01375692,0.01409792,0.01445009,0.01484375,0.01530887,0.015871,0.01653922,0.01731196,0.01817433,0.01911589,0.02012069,0.02117596,0.02231262,0.02358016,0.02500642,0.02664461,0.02855722,0.03074261,0.0331327,0.0357166,0.03853093,0.04156514,0.04489383,0.04863797,0.05288045,0.05768877,0.06309499,0.0690849,0.07560264,0.08254869,0.08989569,0.09768485,0.10603074,0.11510188,0.12510404,0.13621358,0.14846607,0.1618967,0.17650241,0.19207583,0.20850833,0.22601286,0.2447666,0.26472546,0.28614214,0.30916517,0.33296586,0.35720707,0.38230605,0.40742079,0.43157493,0.45506685,0.4778296,0.49871351,0.52035792,0.54029476,0.57126416
ETH,1957,0.25300637,0.09203848,0.05759336,0.04025502,0.02961048,0.0223527,0.01746379,0.01418225,0.01194195,0.01041276,0.00936661,0.00864372,0.00812875,0.00773528,0.00745348,0.0073123,0.00734569,0.00758936,0.0079866,0.00843655,0.0089033,0.00934159,0.00971228,0.00999077,0.0101852,0.01032206,0.01043823,0.01057268,0.01074853,0.01097344,0.01124103,0.01153566,0.01184431,0.01216182,0.01249181,0.01284165,0.01321925,0.01363287,0.01408643,0.01457597,0.01509012,0.01560892,0.01611715,0.01661303,0.01710484,0.01761768,0.01818173,0.01882864,0.01958588,0.02046429,0.02146483,0.02256891,0.02375881,0.02503486,0.02638837,0.0278289,0.02940267,0.03117122,0.03317365,0.03545335,0.03806837,0.04098935,0.04411717,0.04747377,0.05112995,0.05510943,0.05951716,0.06447705,0.07007318,0.07630917,0.08316235,0.09056284,0.09840484,0.10690293,0.11612154,0.12590577,0.13618249,0.14679334,0.15820589,0.17089656,0.18454339,0.19887786,0.21362469,0.22858026,0.24396461,0.26048562,0.27894387,0.29968033,0.32305389,0.34896038,0.37579418,0.40235264,0.42839799,0.45293158,0.4755064,0.49697111,0.51759282,0.53511618,0.55975607,0.58401632
ETH,1958,0.24684651,0.08947283,0.05607696,0.03928673,0.02896211,0.02190177,0.01713237,0.01391952,0.01172435,0.01022291,0.00919369,0.00848353,0.00797801,0.00759348,0.00732012,0.00718597,0.00722373,0.00746762,0.00786154,0.00830594,0.00876527,0.00919578,0.00955971,0.00983284,0.01002435,0.01016046,0.01027555,0.01040765,0.01058049,0.01080177,0.0110646,0.01135364,0.01165618,0.01196716,0.01229002,0.01263239,0.0130029,0.01341024,0.01385798,0.01434115,0.01484829,0.01535986,0.01586074,0.01634827,0.01683169,0.01733734,0.01789385,0.0185327,0.01928335,0.02015393,0.02114343,0.02223739,0.02341579,0.02467231,0.0260192,0.02747169,0.02904773,0.03079583,0.03278554,0.03502631,0.03754067,0.04037165,0.04348368,0.04681687,0.0504127,0.05437153,0.05874231,0.06362154,0.0691351,0.07530618,0.08208427,0.08940363,0.09715836,0.10556656,0.11466573,0.12428237,0.13438549,0.14486988,0.15614486,0.16872432,0.18237615,0.196696,0.21134461,0.22627896,0.24161006,0.25780881,0.27590244,0.29651505,0.31962366,0.34517285,0.37237657,0.39944068,0.42517932,0.44968557,0.4726848,0.4939779,0.51449559,0.53616843,0.55702375,0.58331728
ETH,1959,0.19177424,0.05851524,0.0418097,0.03005976,0.02189361,0.01627367,0.01243832,0.00984111,0.00808631,0.00691467,0.00614609,0.00566839,0.00540768,0.00531577,0.00536016,0.00551754,0.00576874,0.00609587,0.00648051,0.00689953,0.00732379,0.00771656,0.00804798,0.0082965,0.00846647,0.00858229,0.00867545,0.00877938,0.00891315,0.00908441,0.00928907,0.00951401,0.00974928,0.00998773,0.0102298,0.01048431,0.01076128,0.01107125,0.01141738,0.01179252,0.01218389,0.01257146,0.01294048,0.01328708,0.01361845,0.01396212,0.01434789,0.01480556,0.01536037,0.01601923,0.01678002,0.01762755,0.01854772,0.01953394,0.02058911,0.02174483,0.0230223,0.02443901,0.02603642,0.02784561,0.02986242,0.03209729,0.03459007,0.03734073,0.04030568,0.0435578,0.04722389,0.05135196,0.05603567,0.06132937,0.06719915,0.07354624,0.0802616,0.0873115,0.09473433,0.10268468,0.11145582,0.12132869,0.13250925,0.14497749,0.15854837,0.17291166,0.18758805,0.20245378,0.21778064,0.23393546,0.25169512,0.27193378,0.29494461,0.32027096,0.34715125,0.37461466,0.40082096,0.42489762,0.44768485,0.46918127,0.48942095,0.50854176,0.53283199,0.55831964
ETH,1960,0.18651007,0.05654479,0.04061904,0.02935373,0.02147799,0.01602529,0.01228239,0.00973338,0.00800237,0.00683983,0.00607614,0.00560036,0.00534022,0.00525058,0.0052987,0.00546102,0.00571738,0.00604855,0.00643696,0.00685962,0.00728604,0.00767834,0.00800594,0.00825008,0.00841782,0.00853262,0.00862609,0.00873078,0.00886374,0.00903219,0.00923304,0.00945386,0.00968469,0.00991876,0.01015664,0.0104072,0.01068025,0.0109863,0.01132884,0.01170086,0.01208915,0.01247271,0.01283676,0.01317831,0.01350512,0.01384414,0.01422631,0.01468229,0.01523531,0.01589164,0.01665061,0.01749453,0.0184074,0.0193869,0.02043445,0.02157659,0.02285375,0.024289,0.02589905,0.02770271,0.02972203,0.03193685,0.03435283,0.03703559,0.04000002,0.0432449,0.04686935,0.05099338,0.05566061,0.06089907,0.0667156,0.07303396,0.07971755,0.08673537,0.09412291,0.10204024,0.11075115,0.1205108,0.13156204,0.14393175,0.15739196,0.1716817,0.18641957,0.20134282,0.21663977,0.23283464,0.25058655,0.27050018,0.29313501,0.3183694,0.34504838,0.37225037,0.39898599,0.42371103,0.4463179,0.46787519,0.48856099,0.50819395,0.52719126,0.55484262
ETH,1961,0.18141237,0.05462784,0.03932162,0.02847248,0.02087273,0.01559998,0.01197265,0.00949711,0.00781283,0.00667987,0.00593386,0.00547036,0.00521728,0.00512995,0.00517689,0.00533475,0.00558457,0.00590789,0.00628604,0.00669577,0.0071086,0.00748889,0.0078078,0.00804613,0.00820963,0.00832158,0.00841246,0.00851493,0.00864593,0.00881152,0.00900828,0.00922436,0.00945002,0.00967827,0.00991013,0.01015486,0.01042249,0.01072351,0.01106146,0.01142957,0.01181467,0.012195,0.01255448,0.01289009,0.01321058,0.01354368,0.01391974,0.01437058,0.01492035,0.01557283,0.01632612,0.01716312,0.01806445,0.01902572,0.02005282,0.02117188,0.02241895,0.02383744,0.0254502,0.02724994,0.02924522,0.03144169,0.03381263,0.03638922,0.03925389,0.0424636,0.0460411,0.05007859,0.05469485,0.05986633,0.06557191,0.0717795,0.078377,0.08530113,0.09258918,0.10039721,0.10899451,0.11860671,0.12945085,0.14159457,0.15485941,0.16893648,0.18349452,0.19837217,0.21360785,0.2296411,0.24730829,0.26709472,0.28927518,0.31401801,0.34051258,0.36740478,0.39375269,0.41887008,0.44197552,0.46328744,0.48407787,0.50392937,0.52635444,0.54944297
ETH,1962,0.17668741,0.05281557,0.03826597,0.02787921,0.02054976,0.01542802,0.01187965,0.0094411,0.00777166,0.00664226,0.00589506,0.00542841,0.00517407,0.00508687,0.00513499,0.00529573,0.00554839,0.00587368,0.0062522,0.00666027,0.00706979,0.00744598,0.00776098,0.00799605,0.0081574,0.00826891,0.00836054,0.0084636,0.00859514,0.00876098,0.00895677,0.00917071,0.00939399,0.00962017,0.00985002,0.01009296,0.01035905,0.01065866,0.01099491,0.0113609,0.01174379,0.01212214,0.01247952,0.01281192,0.01312839,0.01345801,0.01383175,0.01428058,0.01482964,0.01548327,0.01623711,0.01707315,0.01797341,0.01893103,0.01995054,0.02106318,0.02230434,0.02371245,0.02533071,0.02715762,0.02917477,0.03137331,0.03375353,0.03631436,0.03910345,0.04224693,0.04582801,0.0498626,0.05444006,0.05961702,0.06531891,0.07148166,0.0780405,0.08495819,0.09223587,0.1000305,0.10860626,0.11819638,0.12898821,0.14102423,0.15417237,0.16817805,0.18265892,0.19750498,0.21286171,0.22899904,0.24665079,0.26649189,0.28866972,0.31305607,0.33916149,0.3660087,0.39221405,0.41711735,0.44073524,0.46253499,0.48301034,0.50285645,0.52170697,0.54788064
ETH,1963,0.17245133,0.05145724,0.03730052,0.02718932,0.0200499,0.01505771,0.01159777,0.00921889,0.00758965,0.00648734,0.0057584,0.00530388,0.00505672,0.00497448,0.00502494,0.00518551,0.00543698,0.00575903,0.00613279,0.00653471,0.00693719,0.00730625,0.00761481,0.00784484,0.00800223,0.00811073,0.00820035,0.00830164,0.00843066,0.0085935,0.0087858,0.008995,0.00921222,0.0094319,0.00965542,0.00989209,0.01015233,0.01044675,0.01077849,0.01114014,0.01151846,0.01189203,0.01224451,0.0125714,0.01288075,0.01320239,0.01356905,0.01401251,0.01455702,0.01520748,0.01595951,0.01679148,0.01768359,0.01863003,0.0196326,0.02072191,0.02193922,0.0233231,0.02491252,0.02672694,0.0287542,0.03095704,0.03332011,0.03586924,0.03861834,0.0416574,0.04513738,0.04913501,0.05366186,0.05874445,0.06439519,0.07049614,0.07695047,0.08377227,0.09099001,0.09871767,0.10721497,0.11670709,0.12738736,0.13926982,0.15220251,0.1659858,0.18030218,0.19498688,0.21023522,0.22642858,0.24410446,0.2638214,0.2859364,0.31019121,0.33584231,0.36226163,0.38843157,0.41329816,0.43696043,0.45975826,0.4815931,0.50294465,0.52415327,0.54478024
ETH,1964,0.16876053,0.04987117,0.03637733,0.02667602,0.01977917,0.01492248,0.01153297,0.00918721,0.0075709,0.00647104,0.00574014,0.0052825,0.00503253,0.00494844,0.00499961,0.00516221,0.0054159,0.00574149,0.00611822,0.00652294,0.0069274,0.00729734,0.00760539,0.00783417,0.00799044,0.00809753,0.00818568,0.00828585,0.00841384,0.00857516,0.00876603,0.0089741,0.00918972,0.00940725,0.00962883,0.00986414,0.01012327,0.01041696,0.01074843,0.01111017,0.01148847,0.01186166,0.01221384,0.01254095,0.0128505,0.01317105,0.01353572,0.01397761,0.01452132,0.01517049,0.01592183,0.01675437,0.01764583,0.01858999,0.01959058,0.02067592,0.02188605,0.02326464,0.02484944,0.0266543,0.02868822,0.0309191,0.0333016,0.03584685,0.0385985,0.04161366,0.04500888,0.04893352,0.05346353,0.05854327,0.06415212,0.07026547,0.07672254,0.08349857,0.09067818,0.09840353,0.10688834,0.11635957,0.12700708,0.13885535,0.1517217,0.16538105,0.17956852,0.19417817,0.20933877,0.22548792,0.24329048,0.26309698,0.2851493,0.3094234,0.33500025,0.36099101,0.38677817,0.41163737,0.43524285,0.45802307,0.4807203,0.50320204,0.52559378,0.54809497
ETH,1965,0.16626513,0.04929069,0.03595494,0.02642903,0.01965233,0.01486417,0.01151194,0.00918418,0.00757558,0.00647774,0.00574613,0.00528666,0.00503431,0.00494722,0.00499423,0.00515379,0.00540484,0.0057276,0.00610339,0.00650477,0.0069055,0.00727158,0.00757689,0.00780445,0.00796031,0.00806805,0.00815679,0.00825734,0.0083859,0.00854756,0.00873832,0.00894621,0.00916191,0.00937911,0.00959986,0.00983465,0.01009382,0.010388,0.01072012,0.0110832,0.01146288,0.01183647,0.01218887,0.01251513,0.0128252,0.01314629,0.01351017,0.01395253,0.01449734,0.0151509,0.01590656,0.01674348,0.01764125,0.01858844,0.01959038,0.02067674,0.02188523,0.02326127,0.02484654,0.02665619,0.02869253,0.0309438,0.03337343,0.03595893,0.03872988,0.04177405,0.04517003,0.04903209,0.05350374,0.05860465,0.06423664,0.07032819,0.07683097,0.08365152,0.09082865,0.09857115,0.10709931,0.11660234,0.1272755,0.13913538,0.1520461,0.16570662,0.1798321,0.19438782,0.20952286,0.22568669,0.24355571,0.26362644,0.28599585,0.31040405,0.33629122,0.36250158,0.38804688,0.41276392,0.43653696,0.45957381,0.4827354,0.50660349,0.5308225,0.55510535
ETH,1966,0.17991707,0.057544,0.0395446,0.02886744,0.02167552,0.01657502,0.01299709,0.010502,0.00875897,0.00755288,0.00673129,0.00619026,0.00585369,0.00566865,0.00561147,0.00567647,0.00586024,0.00615815,0.00653687,0.00694745,0.00735759,0.00773299,0.00804595,0.00827961,0.0084416,0.00855623,0.00865315,0.00876331,0.00890424,0.00908158,0.00929053,0.00951807,0.00975474,0.00999529,0.01024185,0.0105042,0.01079286,0.01111822,0.01148291,0.01188068,0.01229735,0.01271036,0.0131042,0.0134744,0.01383218,0.01420533,0.01462495,0.01512517,0.01573174,0.01645345,0.01728357,0.01819933,0.01918102,0.02021758,0.02131279,0.02249769,0.02381386,0.02530604,0.02701883,0.02897451,0.03117165,0.03358995,0.03621322,0.039026,0.04202888,0.04529419,0.04893206,0.05302161,0.05766871,0.06297232,0.06891236,0.07532746,0.08213125,0.08942247,0.09716449,0.10540253,0.11430797,0.12398718,0.134667,0.14652867,0.15943431,0.17309528,0.18718895,0.2016478,0.21667684,0.23279381,0.25059928,0.27066167,0.29323432,0.31781421,0.34371268,0.37003802,0.39559937,0.41996798,0.44344487,0.4665445,0.48971143,0.51362075,0.53864314,0.56391024
ETH,1967,0.16248628,0.04746235,0.03504804,0.02600408,0.01948496,0.01482919,0.01153515,0.00922414,0.00761247,0.00650387,0.00576065,0.00529191,0.00503418,0.00494673,0.00499756,0.00516306,0.0054206,0.00574951,0.00612815,0.00653132,0.00693482,0.00730089,0.00760591,0.00783365,0.00799042,0.00809972,0.0081903,0.00829225,0.00842141,0.00858327,0.00877434,0.00898255,0.009199,0.00941809,0.009641,0.00987701,0.0101367,0.01043151,0.01076414,0.01112727,0.01150685,0.01188047,0.0122326,0.01255761,0.012866,0.01318633,0.01355034,0.01399141,0.01453237,0.01518158,0.01593471,0.01677042,0.01766854,0.01861991,0.0196282,0.02071993,0.02193427,0.02331613,0.02490301,0.02671376,0.02875509,0.03100788,0.03345196,0.03609383,0.03893763,0.04202561,0.04545418,0.04933666,0.05374187,0.05871735,0.06431648,0.070464,0.07697713,0.08382182,0.09107973,0.09883875,0.10734079,0.1168847,0.12765033,0.13959825,0.15259179,0.16633616,0.18051782,0.1950253,0.2100253,0.2260995,0.24393264,0.26401087,0.28667246,0.31158862,0.33779276,0.36424379,0.39002361,0.41449253,0.43769391,0.46057068,0.4838682,0.50785106,0.53297224,0.55902558
ETH,1968,0.16207838,0.04703888,0.0347602,0.02580686,0.01934696,0.0147294,0.01145886,0.00916249,0.00756001,0.00645698,0.00571716,0.00525087,0.00499487,0.00490869,0.00496052,0.0051264,0.0053839,0.00571025,0.00608659,0.00648687,0.00688396,0.00724882,0.00755085,0.00777645,0.00793228,0.00804126,0.00813214,0.00823439,0.00836339,0.00852448,0.00871398,0.00892057,0.00913547,0.00935282,0.00957436,0.00980934,0.01006756,0.0103597,0.01068941,0.01104922,0.01142522,0.01179562,0.01214409,0.01246657,0.01277124,0.01308764,0.01344861,0.0138863,0.01442495,0.01506889,0.01581581,0.01664625,0.01753849,0.0184841,0.01948584,0.02057221,0.02178057,0.02315325,0.0247323,0.02653213,0.02855847,0.03079968,0.03323114,0.0358549,0.03869641,0.04180261,0.04524152,0.04910649,0.05350266,0.05843901,0.06391605,0.06994924,0.0764402,0.08326003,0.09044282,0.09818834,0.10667008,0.11611848,0.12678674,0.13868678,0.15159423,0.16526262,0.17936733,0.19379141,0.20869876,0.22454391,0.24212644,0.26202872,0.28442114,0.30917217,0.33541438,0.3618949,0.38764257,0.41216606,0.43543489,0.45798375,0.48103551,0.50541801,0.53149656,0.56030453
ETH,1969,0.16184401,0.04730376,0.03488996,0.02585829,0.0193569,0.01471989,0.01144312,0.00914698,0.00754772,0.00644886,0.00571282,0.00524933,0.00499525,0.00490988,0.00496147,0.00512671,0.00538317,0.00570874,0.00608269,0.00648348,0.00688232,0.00724595,0.0075525,0.0077793,0.00793537,0.00804416,0.00813435,0.00823578,0.00836416,0.00852469,0.00871372,0.00891963,0.00913396,0.00935089,0.00957179,0.00980661,0.01006529,0.0103582,0.01068841,0.01104956,0.0114275,0.01179937,0.01214984,0.01247332,0.01277959,0.0130964,0.01345643,0.01389493,0.01443474,0.01508169,0.01582999,0.01666015,0.01755379,0.01850038,0.01950313,0.02059084,0.02180111,0.0231761,0.02475566,0.0265588,0.02858827,0.03082913,0.03326572,0.03589591,0.03874,0.04186917,0.04535342,0.04925889,0.05367208,0.05863779,0.06412071,0.07007305,0.07649412,0.08335205,0.0905704,0.09831023,0.10685982,0.11636953,0.12703644,0.13893879,0.15192672,0.16565301,0.17980938,0.19429655,0.20924955,0.22515432,0.24271035,0.26256424,0.28506002,0.30985023,0.33626361,0.36317687,0.38921749,0.41390594,0.43740867,0.46026873,0.48353575,0.50838791,0.53558046,0.56549294
ETH,1970,0.16147043,0.04720143,0.03484409,0.02584868,0.01936677,0.01473824,0.01146357,0.00916616,0.00756387,0.00646149,0.0057224,0.00525674,0.00500173,0.00491724,0.00497131,0.00514001,0.00540023,0.00572908,0.00610628,0.0065072,0.00690919,0.00727525,0.0075792,0.00780936,0.00796632,0.00807649,0.00816823,0.00827112,0.00840017,0.00856028,0.00874832,0.00895304,0.00916662,0.00938351,0.00960468,0.00983967,0.01009874,0.01039236,0.01072263,0.01108277,0.01145937,0.0118302,0.0121796,0.01250237,0.01280848,0.01312561,0.01348555,0.01392332,0.01446282,0.01511068,0.01586032,0.01669043,0.01758316,0.01853,0.01953465,0.02062425,0.02183773,0.02321817,0.02480272,0.02661024,0.02864594,0.03089227,0.03333162,0.03596828,0.03882111,0.04195401,0.0454614,0.04941695,0.05387633,0.05886789,0.06439125,0.07035585,0.07669915,0.08348317,0.09074296,0.09852314,0.10705438,0.11662881,0.12734791,0.13923357,0.15221742,0.16599647,0.18020141,0.19473673,0.20973473,0.22569743,0.24327057,0.26304403,0.28544368,0.31023685,0.33662976,0.36359116,0.38995868,0.41490572,0.4384283,0.46133549,0.48441195,0.50849372,0.5344804,0.56249809
ETH,1971,0.16111772,0.04700903,0.03471614,0.02576043,0.0193046,0.01469395,0.01143145,0.00914216,0.00754547,0.00644697,0.00571053,0.00524639,0.00499169,0.00490607,0.00495779,0.0051234,0.00538035,0.00570639,0.00608054,0.00647771,0.00687186,0.00723605,0.00754019,0.00776782,0.00792834,0.00803807,0.00812891,0.00823076,0.00835943,0.00852011,0.00870914,0.0089147,0.00912816,0.0093442,0.0095647,0.00979925,0.0100579,0.01035159,0.01068275,0.0110438,0.01142078,0.01179201,0.01214223,0.01246543,0.01277178,0.01308909,0.01344908,0.01388595,0.01442352,0.01506953,0.01581816,0.01664722,0.01753703,0.01847956,0.01948043,0.02056724,0.02177722,0.02315488,0.02473808,0.02654254,0.02857309,0.03081476,0.03324742,0.03587355,0.03871856,0.04184485,0.04533977,0.04930179,0.05379324,0.05880889,0.06433006,0.07030335,0.07661961,0.08327873,0.09042241,0.09821182,0.1067486,0.11626941,0.127026,0.13892974,0.15185248,0.16558055,0.17979026,0.19431892,0.20930314,0.22524121,0.242795,0.26249992,0.28471997,0.30930893,0.33559676,0.36241576,0.38870082,0.41383175,0.43744676,0.46020835,0.48317901,0.50694964,0.53212791,0.5590049
ETH,1972,0.16918217,0.05157878,0.0368106,0.02718636,0.02046194,0.01565457,0.01225264,0.00986251,0.00818733,0.00702709,0.00624053,0.00573231,0.00543349,0.00529769,0.00529673,0.00541541,0.00563915,0.00595356,0.0063311,0.0067337,0.00713405,0.00749909,0.00780957,0.00804265,0.00820469,0.00832253,0.0084186,0.00852642,0.00866253,0.00883229,0.00903171,0.00924858,0.00947394,0.00970268,0.00993722,0.01018723,0.01046241,0.010773,0.01112196,0.01150229,0.01189921,0.01229066,0.0126624,0.01300944,0.01334141,0.01368631,0.01407591,0.01454417,0.01511453,0.01579523,0.01658166,0.01745248,0.01838709,0.0193756,0.02042506,0.02156577,0.0228361,0.02427928,0.02593648,0.02782494,0.02994531,0.03228098,0.03481335,0.03754384,0.04049819,0.04374575,0.04737235,0.05146901,0.05612574,0.06134767,0.06708073,0.07325013,0.07978716,0.0866797,0.09400086,0.10197411,0.1107734,0.12043369,0.13118706,0.14319246,0.1562031,0.16993647,0.18416276,0.19876996,0.2138217,0.22982296,0.24743566,0.26721651,0.28947066,0.31398427,0.340181,0.36702381,0.39329556,0.41847558,0.44240531,0.4653778,0.48831224,0.51207336,0.53703098,0.56319834
ETH,1973,0.16872716,0.05131257,0.03665861,0.02707951,0.02038017,0.01559072,0.01220115,0.00981982,0.0081511,0.0069955,0.00621223,0.00570638,0.00540947,0.00527547,0.0052761,0.00539596,0.00562044,0.00593503,0.00631247,0.00671524,0.00711579,0.0074807,0.00778491,0.00801909,0.008182,0.00829702,0.00839598,0.00850337,0.00863881,0.00880777,0.00900633,0.00922235,0.00944679,0.00967452,0.00990773,0.01015619,0.01043004,0.01073959,0.01108748,0.01146723,0.0118644,0.01225576,0.01262629,0.01297195,0.01330311,0.01364688,0.01403527,0.01450244,0.01507159,0.01574989,0.01653267,0.01739995,0.018332,0.01931788,0.02036251,0.02149693,0.02276149,0.0241999,0.02585131,0.02773456,0.02985124,0.03218174,0.03470701,0.037431,0.04037661,0.0436112,0.0472275,0.05131468,0.05595451,0.0611812,0.06695161,0.07315168,0.07968778,0.08659204,0.0938787,0.10169669,0.1103546,0.12002963,0.13079188,0.14273001,0.15577964,0.16953144,0.1836835,0.19822977,0.21329135,0.22929045,0.24689171,0.26664605,0.28887698,0.31330502,0.33928635,0.36589648,0.39206382,0.41711481,0.44099693,0.46419866,0.48726052,0.51091294,0.53579041,0.56169112
ETH,1974,0.18318673,0.05964696,0.04042487,0.02956319,0.0223426,0.01719084,0.01355717,0.01100772,0.00921305,0.00796085,0.00709959,0.00652364,0.00615365,0.00593325,0.00584093,0.00587614,0.00603912,0.00633043,0.00671136,0.00712156,0.00753164,0.00790623,0.00821831,0.00845234,0.00862289,0.00874552,0.00884969,0.00896909,0.00911633,0.00929991,0.00951527,0.00974965,0.00999336,0.01024193,0.01049846,0.01077205,0.01107244,0.01140992,0.0117873,0.01219827,0.01262914,0.01305723,0.01346622,0.0138518,0.01422597,0.01461671,0.015055,0.01557525,0.01620202,0.01694307,0.01779224,0.0187292,0.01973533,0.02080036,0.02192903,0.02315167,0.02451102,0.02605443,0.02782521,0.0298415,0.0321045,0.03459343,0.03728391,0.04018164,0.0433155,0.04674933,0.0505734,0.05488373,0.05976136,0.06523422,0.07129289,0.07783672,0.08472794,0.09204388,0.09985154,0.10812839,0.11700057,0.12669542,0.13750893,0.14949112,0.16250615,0.17634328,0.19055987,0.20506935,0.22010961,0.23616673,0.25381437,0.27360862,0.29586935,0.32034094,0.34630943,0.37278249,0.39880665,0.4238517,0.44769621,0.47093063,0.49427965,0.51810443,0.54292444,0.56879544
ETH,1975,0.18299007,0.05925807,0.04027724,0.02952775,0.02236298,0.01723804,0.01361272,0.01106074,0.00925608,0.00799083,0.00711793,0.00653534,0.00616661,0.00595731,0.00588269,0.0059369,0.00611541,0.00641331,0.00680465,0.00723927,0.00767805,0.00807769,0.00840217,0.00863798,0.00880277,0.00892743,0.00903246,0.0091493,0.00929682,0.00947455,0.00968211,0.00990859,0.01014589,0.01039119,0.01064733,0.01092202,0.01122357,0.01156071,0.01193695,0.01234642,0.01277571,0.01320366,0.01361373,0.01400192,0.01437766,0.0147709,0.01521311,0.01573493,0.01636275,0.01710256,0.01795037,0.01888593,0.0198898,0.02095658,0.02208977,0.02331881,0.0246839,0.02623012,0.02800485,0.03002495,0.03229046,0.03478452,0.03748129,0.04038677,0.04352776,0.04697006,0.05080391,0.05511776,0.06000423,0.06548799,0.07154575,0.07812211,0.08508371,0.09246435,0.10029936,0.10860509,0.11744535,0.1269374,0.13755501,0.14953893,0.16251551,0.17623699,0.19047069,0.20495213,0.21987216,0.23576916,0.25334032,0.27304381,0.29512962,0.3194474,0.34519856,0.37139329,0.39710268,0.42177015,0.44544287,0.46834136,0.49126603,0.51485725,0.53918361,0.56448387
ETH,1976,0.16419406,0.04837482,0.03531721,0.02630558,0.01986734,0.01523138,0.01192506,0.00958611,0.00793802,0.00679099,0.00601337,0.0055175,0.00524079,0.0051479,0.00521007,0.00540089,0.0056951,0.0060667,0.00651765,0.00702778,0.00753926,0.00798996,0.00832581,0.00854826,0.00870098,0.0088077,0.00890452,0.00900969,0.00913593,0.00929106,0.00946767,0.00966091,0.00986524,0.01007522,0.0102907,0.01052129,0.01077725,0.01106888,0.01139947,0.0117618,0.01214219,0.01251867,0.01287543,0.01320828,0.01352377,0.01385034,0.01422084,0.01466665,0.01521243,0.01586436,0.01661884,0.01745546,0.01835369,0.01931441,0.02034488,0.02146919,0.02271987,0.02413301,0.02575031,0.02759198,0.02966329,0.03194982,0.03443243,0.03711783,0.04002522,0.04321915,0.04679241,0.05082968,0.05541918,0.06059205,0.06632212,0.07254133,0.07915638,0.08612595,0.09342654,0.10117233,0.10962517,0.11895249,0.12942904,0.14128928,0.15434575,0.16814106,0.18234993,0.19694974,0.21196493,0.22782681,0.24537982,0.26516352,0.28731052,0.31166765,0.33741056,0.3635896,0.38912465,0.41329779,0.43619779,0.45792004,0.47910161,0.49924164,0.5198106,0.54469391
ETH,1977,0.16382735,0.04816884,0.03523404,0.02628716,0.01988194,0.01526066,0.01195837,0.00961761,0.00796532,0.00681367,0.00603187,0.00553287,0.00525415,0.00516029,0.00522236,0.00541371,0.00570887,0.00608159,0.00653299,0.00704238,0.00755337,0.00800402,0.00834011,0.00856308,0.00871611,0.0088228,0.00891233,0.00902053,0.00914915,0.00930268,0.009484,0.00967851,0.00988398,0.01009499,0.01031155,0.01054325,0.01080023,0.01109277,0.01142368,0.01178581,0.01216611,0.01254283,0.01289959,0.01323336,0.01355137,0.01387969,0.01424992,0.01469538,0.01524193,0.01589439,0.01664964,0.01748776,0.01838801,0.01934995,0.0203809,0.02150665,0.02276071,0.02417778,0.02579695,0.02763918,0.02971242,0.03200295,0.03448924,0.03718013,0.04009598,0.04329799,0.0468787,0.05092608,0.05552541,0.06070495,0.06644715,0.072682,0.07930361,0.08631426,0.09370884,0.10154092,0.11003548,0.11942846,0.12991105,0.14161387,0.15453416,0.16840397,0.18267764,0.19723844,0.21237047,0.22832757,0.24583977,0.26560849,0.28785888,0.31230883,0.33813508,0.36433864,0.3899344,0.41411957,0.43687765,0.45852194,0.47931931,0.50033263,0.5234894,0.54785051
ETH,1978,0.16321473,0.04775993,0.03504857,0.02622737,0.01988947,0.01530006,0.01200854,0.00966702,0.00800878,0.00684952,0.00606063,0.00555594,0.00527327,0.00517732,0.00523885,0.00543096,0.00572769,0.00610239,0.00655571,0.00706612,0.00757704,0.00802837,0.0083657,0.00858964,0.00874324,0.0088501,0.00893939,0.00904061,0.00917196,0.00932771,0.00950749,0.00970684,0.00991386,0.01012642,0.0103445,0.01057775,0.01083628,0.01113022,0.01146239,0.0118252,0.01220572,0.012583,0.01294093,0.01327576,0.0135959,0.01392797,0.01430078,0.01474629,0.01529248,0.01594561,0.0167012,0.01754008,0.0184422,0.019407,0.02044049,0.02156833,0.02282561,0.02424778,0.02587214,0.02771689,0.02979065,0.03208281,0.03457301,0.03726756,0.04018933,0.04340101,0.04699175,0.05104918,0.055662,0.06085485,0.06660665,0.07285635,0.07949541,0.08651203,0.09395001,0.10188244,0.11046597,0.11989705,0.13044182,0.14213881,0.15487459,0.16858412,0.18292821,0.19754366,0.21261329,0.22868117,0.24627821,0.26597741,0.28817672,0.31270342,0.33860096,0.3648716,0.3905226,0.41487559,0.43776288,0.45975589,0.4814904,0.50303884,0.5251045,0.54941535
ETH,1979,0.158673,0.04597524,0.03419724,0.02557253,0.01930367,0.01478385,0.01155526,0.00926812,0.00765746,0.00653838,0.00578178,0.0053021,0.00503866,0.00495515,0.00502028,0.00520741,0.00549017,0.0058422,0.00624843,0.00668555,0.00711805,0.0075054,0.00781583,0.00803943,0.00819406,0.00830327,0.008395,0.00849809,0.00862466,0.00878273,0.00896518,0.00916372,0.00937557,0.00959063,0.00981064,0.01004506,0.01030369,0.01059676,0.01092662,0.01128661,0.01166298,0.01203427,0.01238622,0.01271326,0.01302451,0.01334788,0.013714,0.01415504,0.01469457,0.01534186,0.01609192,0.01692303,0.01781655,0.01876452,0.01977169,0.02086487,0.02208241,0.02346824,0.02506072,0.02687736,0.02892238,0.03118238,0.03364077,0.03629881,0.03917674,0.04233986,0.04587503,0.04987167,0.05441419,0.05953176,0.06520386,0.07135792,0.07790638,0.08481609,0.0921145,0.09996165,0.10854052,0.11801197,0.12857666,0.1403081,0.1530373,0.1665305,0.18066313,0.19533553,0.21044158,0.22648283,0.24424613,0.26408642,0.28632859,0.31086044,0.33698405,0.36348042,0.389263,0.41381204,0.43716092,0.45967772,0.48226278,0.50535523,0.52887379,0.55306861
ETH,1980,0.15683613,0.04517928,0.03364845,0.0251725,0.01900268,0.01455173,0.01137098,0.00911746,0.00753195,0.00643234,0.00569025,0.00522033,0.0049618,0.00487714,0.00493547,0.005112,0.00538206,0.00572095,0.00610985,0.00652406,0.00693332,0.00730155,0.00760173,0.00782284,0.00797602,0.00808419,0.00817522,0.00827767,0.00840559,0.00856317,0.0087513,0.0089542,0.0091646,0.00937987,0.0095973,0.00982873,0.01008428,0.01037456,0.01070212,0.01105988,0.01143372,0.01180131,0.0121479,0.01246859,0.01277323,0.0130894,0.01344951,0.01388695,0.01442264,0.01506404,0.01580787,0.01663317,0.01751924,0.01845704,0.01945089,0.02052821,0.02172689,0.02309181,0.02466354,0.02646034,0.02848496,0.03072095,0.03315179,0.0357805,0.03862752,0.04175508,0.0452518,0.04920823,0.0537046,0.05876895,0.06438513,0.07047852,0.07695913,0.08379963,0.09102622,0.09879,0.107333,0.11684513,0.12744665,0.13915469,0.1518831,0.16530984,0.17917978,0.19360113,0.20871498,0.22475911,0.24238538,0.26228586,0.28456451,0.30896003,0.33495042,0.36149039,0.38733354,0.41191483,0.43522893,0.45784665,0.48068237,0.50429798,0.52867586,0.55320332
ETH,1981,0.1549804,0.04470416,0.0331924,0.02476029,0.01864386,0.01424675,0.01111561,0.00890553,0.0073559,0.00628442,0.00556346,0.00510853,0.00485989,0.00478069,0.00484072,0.00501586,0.00528232,0.00561616,0.00599925,0.00640728,0.00681038,0.00717313,0.00746799,0.00768414,0.00783448,0.00794082,0.00803011,0.00813063,0.00825603,0.00841042,0.00859064,0.00879004,0.00899628,0.00920437,0.00941846,0.00964435,0.00989448,0.0101797,0.01050263,0.01085619,0.01122599,0.0115894,0.01193095,0.01224543,0.01254349,0.01285339,0.01320706,0.01363966,0.01417296,0.01481126,0.0155492,0.01636681,0.01724357,0.01816821,0.0191452,0.02020265,0.02137895,0.02271858,0.02426276,0.02603204,0.02803085,0.03024121,0.03264322,0.0352394,0.03805155,0.04114085,0.04459085,0.04849256,0.05292665,0.05791807,0.06345139,0.06945894,0.07585049,0.08259605,0.08973393,0.09741091,0.10584564,0.1152797,0.12585553,0.13751511,0.1501264,0.16346295,0.17718249,0.19124316,0.20600239,0.22197578,0.23952445,0.2591831,0.28143502,0.30577406,0.33152451,0.35784673,0.38363472,0.40824249,0.43158983,0.45415342,0.47706447,0.50092767,0.52590795,0.55135574
ETH,1982,0.15283645,0.04388652,0.03267589,0.02445362,0.01847041,0.01415218,0.01106467,0.00887593,0.00733437,0.00626377,0.00554078,0.00508358,0.00483403,0.00475716,0.00482298,0.00500621,0.00528172,0.00562415,0.00601759,0.0064386,0.00685383,0.00722515,0.00752251,0.0077367,0.00788494,0.00799051,0.00807925,0.00817863,0.00830088,0.00844952,0.00862299,0.00881209,0.00901518,0.0092218,0.00943236,0.00965932,0.0099084,0.01019241,0.01051392,0.01086616,0.01123491,0.01159761,0.01193896,0.01225322,0.01255079,0.01286065,0.01321486,0.01364742,0.01418161,0.0148227,0.01556226,0.01637871,0.01725356,0.01817748,0.01915355,0.02020991,0.02138494,0.02272269,0.02426335,0.02602797,0.02802303,0.03023189,0.0326333,0.03522713,0.03803567,0.04112241,0.04457089,0.04846825,0.05289699,0.05788391,0.06341026,0.06940808,0.0757924,0.08253408,0.08966643,0.0973417,0.10576994,0.11516455,0.12572936,0.13744152,0.1500904,0.16340109,0.17712839,0.19113396,0.20561117,0.22129829,0.23886169,0.25852964,0.28061137,0.30501847,0.33080459,0.3569615,0.38264849,0.4072796,0.43061964,0.453429,0.47611802,0.49961103,0.52459584,0.5507263
ETH,1983,0.20589274,0.07482579,0.04639736,0.03345212,0.02560453,0.01999142,0.01603293,0.01324477,0.01125126,0.00983162,0.00882506,0.00811072,0.00759043,0.00718817,0.00689795,0.00675171,0.00678104,0.00701728,0.00740451,0.00783678,0.00827474,0.00867425,0.00900007,0.00923819,0.00940599,0.0095306,0.00964284,0.00977266,0.00993793,0.01014297,0.01038179,0.01064103,0.01091059,0.01119378,0.01148991,0.01180737,0.01215823,0.01254597,0.01297688,0.01344609,0.01393936,0.01443399,0.0149145,0.01537739,0.01583468,0.01631563,0.01685366,0.01748312,0.01823021,0.01910484,0.02009735,0.02118045,0.02233237,0.02354449,0.02482434,0.02620449,0.02773047,0.02945333,0.03142706,0.03367585,0.03619845,0.03897257,0.04196999,0.04519594,0.04868067,0.0524858,0.05669551,0.06139504,0.06666651,0.0725485,0.0790306,0.08604762,0.09352091,0.10170626,0.11064024,0.12007039,0.12982418,0.13971721,0.1502134,0.16190126,0.17459161,0.18791723,0.2015877,0.21557794,0.22996108,0.24530761,0.26255219,0.28225139,0.30435076,0.32859653,0.35451664,0.38081415,0.40647712,0.43119244,0.45491671,0.47823573,0.50227745,0.5275923,0.55555001,0.58656575
ETH,1984,0.20151724,0.07287353,0.04534307,0.03280139,0.02517592,0.01970024,0.01582269,0.01307941,0.01110926,0.00970074,0.0087001,0.00799123,0.00747938,0.0070913,0.00681904,0.0066907,0.00673373,0.00697496,0.00736418,0.00780186,0.00824594,0.00864997,0.008976,0.00921205,0.0093789,0.00950255,0.00961352,0.00974267,0.00990555,0.01010532,0.01033712,0.01058869,0.01085118,0.01112373,0.0114169,0.01173206,0.01207724,0.01246439,0.012891,0.01335534,0.01384327,0.01433236,0.01480733,0.01526484,0.01571696,0.01619201,0.01672327,0.01734629,0.01808727,0.01895457,0.01994064,0.02101908,0.0221639,0.02336461,0.02463151,0.02599891,0.02751033,0.02921752,0.03117502,0.03340711,0.03591093,0.03866389,0.0416404,0.04484695,0.04831095,0.05208951,0.05626645,0.06092996,0.0661629,0.07200045,0.07843586,0.08540707,0.09283165,0.10095989,0.10983348,0.11919802,0.12887796,0.13871158,0.14915615,0.16076645,0.17343605,0.18683455,0.20057032,0.21455246,0.22897617,0.24425862,0.261132,0.28045046,0.3025546,0.3267997,0.35251642,0.37890204,0.40462644,0.42923543,0.45288902,0.47621564,0.5000959,0.52490254,0.55142637,0.58089282
ETH,1985,0.19364538,0.06866664,0.04323735,0.03150201,0.02428039,0.0190547,0.0153241,0.01266513,0.01074682,0.00937151,0.00839428,0.00770473,0.00721174,0.00684514,0.00659587,0.00648904,0.00654835,0.00679665,0.00717936,0.00759866,0.00801904,0.00840086,0.00871296,0.00894315,0.00910796,0.00923274,0.00934558,0.00947562,0.00963958,0.00984028,0.01007198,0.01032226,0.01058193,0.01084955,0.01113048,0.01143729,0.01177333,0.01214737,0.01256551,0.01301756,0.01349165,0.01396542,0.01442383,0.01486345,0.01529629,0.01575113,0.01626066,0.01686059,0.01757844,0.01842244,0.01938334,0.02043641,0.0215564,0.02272852,0.02396086,0.02529072,0.02676355,0.02842922,0.03034202,0.032526,0.03497866,0.03767555,0.04059052,0.04373115,0.04712506,0.05082785,0.05492016,0.05949113,0.06462664,0.07036224,0.07668758,0.08354362,0.09085056,0.09882632,0.10751027,0.1166937,0.12623409,0.13600266,0.14644756,0.15806864,0.17073213,0.1841868,0.19808484,0.21223702,0.22676984,0.24222654,0.25919315,0.27831142,0.30021913,0.32470145,0.35073595,0.37729573,0.40354019,0.42886225,0.45332384,0.47797847,0.50374242,0.53163215,0.56162272,0.59438569
ETH,1986,0.18917099,0.0665878,0.04212409,0.03083078,0.02385195,0.01877281,0.01512462,0.01250804,0.01061076,0.00924533,0.00827324,0.00758798,0.0071007,0.00674289,0.00650455,0.00640907,0.0064778,0.00673096,0.00711384,0.00752979,0.0079446,0.00832054,0.0086279,0.00885538,0.00901882,0.0091437,0.00925758,0.00938799,0.00955122,0.00975081,0.00998069,0.01022842,0.0104852,0.01074971,0.0110274,0.01132672,0.01165991,0.01203086,0.01244251,0.01289246,0.01336155,0.01382964,0.01428164,0.01471428,0.01513978,0.01558709,0.01608922,0.01668122,0.01739063,0.01822686,0.01918071,0.02022559,0.02133767,0.02250291,0.02372537,0.02504093,0.02649835,0.02814967,0.03004742,0.03221623,0.03465342,0.03733514,0.04023403,0.04335549,0.04672877,0.05041078,0.05448028,0.05902337,0.06412662,0.06982919,0.07612247,0.08294455,0.09021971,0.09816037,0.10680061,0.11594118,0.1254556,0.13521937,0.14566629,0.15729898,0.16998482,0.1834499,0.19742421,0.2117633,0.22649664,0.24209842,0.25927575,0.27852388,0.30029104,0.32465463,0.35096217,0.37785392,0.40425486,0.42990173,0.45456731,0.47891944,0.50406088,0.53057382,0.5585995,0.58831952
ETH,1987,0.13831713,0.03792781,0.02899817,0.02224847,0.01718155,0.01340568,0.01061786,0.00857871,0.00710385,0.00605673,0.0053385,0.00488012,0.00462886,0.00455193,0.00461882,0.00480436,0.00508096,0.00541959,0.0057987,0.00619195,0.0065722,0.0069098,0.00718322,0.00738548,0.00752941,0.00763656,0.00773105,0.00783664,0.00796439,0.00811723,0.00829234,0.00847975,0.00867315,0.00886899,0.00906966,0.00928521,0.00952547,0.0098026,0.010116,0.01045817,0.01081661,0.01116532,0.01149037,0.01178667,0.01206522,0.01235561,0.01269128,0.01310774,0.01362805,0.01425826,0.01499129,0.0158017,0.01666511,0.01756982,0.01851773,0.01953694,0.02066994,0.02196671,0.02347067,0.0252012,0.02716341,0.02933894,0.03170636,0.03426276,0.03702492,0.04005322,0.04342927,0.04723936,0.05156372,0.05643419,0.06184111,0.06772075,0.07399145,0.08062634,0.08765467,0.09521884,0.10353357,0.11282054,0.1232587,0.13486989,0.14754121,0.16100512,0.17497386,0.1893783,0.20430537,0.22013783,0.23750393,0.25700701,0.27894352,0.30320884,0.32943122,0.35660875,0.38338101,0.40921831,0.43429547,0.45888715,0.48386974,0.5097896,0.53646745,0.56398766
ETH,1988,0.13651915,0.03722026,0.02875441,0.02231532,0.01741996,0.01371774,0.01094446,0.00888853,0.0073815,0.00629575,0.00554218,0.00505721,0.00479087,0.00471222,0.00478873,0.00499204,0.00529079,0.0056519,0.00605701,0.006481,0.0068912,0.00725246,0.0075388,0.0077472,0.00789696,0.00800955,0.00810866,0.00821825,0.00834716,0.00849722,0.00866838,0.00885397,0.00904993,0.0092515,0.00945835,0.00968039,0.00992733,0.0102089,0.01052995,0.01087936,0.01124276,0.01160079,0.01193374,0.0122399,0.01253053,0.012834,0.01318253,0.01361024,0.01413992,0.01477785,0.01551801,0.01633748,0.01721347,0.01813515,0.01910682,0.02015611,0.02132098,0.02264881,0.02418483,0.02595011,0.02794787,0.03016096,0.03256781,0.03516801,0.03797936,0.04106048,0.04449448,0.04836781,0.05276087,0.05770468,0.06318884,0.06915047,0.07550634,0.08223385,0.08936624,0.09703758,0.10544852,0.11480926,0.12531345,0.13699597,0.14973712,0.16328119,0.17733775,0.1918167,0.2068715,0.22293175,0.24054346,0.26025387,0.28246696,0.30694803,0.33318375,0.36042111,0.38758953,0.41383405,0.43907772,0.46402639,0.48906517,0.51480149,0.54124767,0.56784584
ETH,1989,0.13413769,0.03599672,0.02805934,0.02199821,0.01734007,0.01376773,0.01105155,0.00900461,0.00748024,0.00636733,0.00558684,0.00508077,0.00480174,0.00472323,0.00481296,0.00503883,0.00536487,0.00575308,0.00618979,0.00665086,0.00709511,0.00748008,0.00777214,0.00797669,0.00812564,0.00823948,0.00834082,0.00845227,0.00857782,0.00871728,0.00887437,0.00904707,0.00923659,0.00943729,0.00964474,0.00986827,0.01011676,0.01039917,0.01071667,0.01106614,0.01142973,0.01178593,0.01212439,0.01243529,0.01273137,0.01304061,0.01339493,0.01382814,0.0143627,0.01500524,0.01574951,0.01657346,0.0174565,0.01838963,0.01937632,0.02044473,0.02163242,0.02298205,0.02453728,0.02632251,0.02834256,0.03057926,0.03301292,0.03564307,0.03848846,0.04160816,0.04508509,0.04900869,0.05346083,0.05847066,0.06402458,0.07005941,0.07649409,0.08331649,0.09055647,0.09833832,0.10685242,0.11629135,0.12685966,0.13861672,0.15143731,0.16505863,0.17920243,0.1937806,0.20892972,0.22515198,0.24305106,0.2630895,0.28561483,0.31049203,0.33706906,0.36447314,0.39180756,0.4184781,0.44417366,0.46928227,0.49454941,0.52039518,0.54656818,0.5729101
ETH,1990,0.13290158,0.03573382,0.02793292,0.02204918,0.01751071,0.0139959,0.01129518,0.00923652,0.00768265,0.0065321,0.00571648,0.00518479,0.00489428,0.00482569,0.00494636,0.00521708,0.00559418,0.00603154,0.00652789,0.00706413,0.00758148,0.00802074,0.00833259,0.00853549,0.00868602,0.00880424,0.00891072,0.00902636,0.00914541,0.00926483,0.00939689,0.00954748,0.0097266,0.00992727,0.01013605,0.01036156,0.01061235,0.01089678,0.01121511,0.01156008,0.01192484,0.01228301,0.01262147,0.01294246,0.01324851,0.01356963,0.01393634,0.01438113,0.01492592,0.01557815,0.01633257,0.01716694,0.01806152,0.01901153,0.02002128,0.02111579,0.02233276,0.02371409,0.0253011,0.02711954,0.02917762,0.03145884,0.03394212,0.03663081,0.03954299,0.0427347,0.04628546,0.05028094,0.05480583,0.05989328,0.06552876,0.0716468,0.07816795,0.08510591,0.09249286,0.1004169,0.10903802,0.11851739,0.12907721,0.14082114,0.15363065,0.16724251,0.18137619,0.19595845,0.21112708,0.22736064,0.24532324,0.26551449,0.28817616,0.31312112,0.33977752,0.36715842,0.39434442,0.42086408,0.44662016,0.4718735,0.49711528,0.52276049,0.54918704,0.57599574
ETH,1991,0.12763165,0.03280873,0.02600371,0.02068269,0.01650927,0.01324405,0.01070901,0.00875956,0.0072851,0.00619663,0.00542816,0.0049279,0.0046503,0.00456755,0.00464701,0.00485898,0.00516861,0.00553826,0.00594618,0.00636452,0.00676188,0.00710633,0.00737548,0.00757157,0.00771631,0.00783059,0.00793516,0.00805009,0.00818172,0.0083307,0.00849756,0.00867676,0.00886596,0.00906218,0.00926537,0.00948458,0.00972863,0.0100064,0.01031916,0.01065936,0.01101294,0.01136163,0.01168755,0.01198587,0.01227098,0.01256646,0.01290782,0.01332991,0.0138558,0.01449102,0.01522774,0.01604102,0.0169073,0.01781682,0.01877424,0.01980873,0.0209606,0.02227759,0.02380231,0.02555424,0.02753909,0.02974142,0.03213995,0.03473076,0.03753011,0.04059541,0.04400864,0.04785785,0.0522251,0.05714272,0.06259936,0.06853061,0.07485635,0.08155984,0.08867548,0.09633833,0.1047495,0.11411813,0.12463169,0.13632225,0.1490716,0.16262537,0.17670523,0.19123473,0.20636508,0.22257552,0.24050651,0.26071863,0.2834915,0.30853181,0.33521505,0.36263274,0.38976295,0.41614272,0.44169307,0.46692058,0.49231311,0.51811171,0.54443495,0.5712743
ETH,1992,0.12375679,0.03062724,0.02460919,0.01980353,0.01596944,0.01291891,0.01050835,0.00862251,0.00717756,0.00610091,0.00533653,0.00483709,0.00455795,0.00446886,0.004536,0.00473208,0.00502361,0.00537364,0.00575184,0.00612665,0.00647709,0.00678273,0.00703218,0.00722344,0.00736699,0.00748288,0.00759094,0.00770982,0.00784807,0.00800705,0.00818421,0.00837159,0.00856441,0.00876043,0.00896255,0.00918045,0.00942297,0.00969891,0.01000957,0.01034695,0.01069666,0.01103663,0.01135502,0.01164526,0.01191814,0.01220652,0.0125393,0.01295368,0.0134729,0.01410195,0.0148324,0.01563833,0.0164953,0.01739086,0.01832901,0.01934178,0.0204715,0.0217663,0.02327052,0.02500352,0.0269688,0.02914801,0.03151983,0.03408011,0.03684271,0.03986682,0.04323458,0.04703523,0.05135035,0.05621026,0.06160513,0.06747218,0.07373059,0.08035237,0.08737274,0.09494347,0.10328191,0.1126081,0.12310346,0.13478322,0.14752033,0.16105604,0.17511439,0.18962142,0.20473523,0.2209604,0.23896579,0.25931186,0.28233708,0.30779463,0.33493756,0.36276874,0.39028349,0.41689623,0.44259206,0.46776227,0.49307692,0.51906843,0.54553574,0.57200445
ETH,1993,0.12009127,0.02896711,0.02350804,0.0190978,0.01553466,0.01265921,0.01035262,0.00852104,0.00710031,0.00603164,0.00526824,0.00476792,0.00448802,0.00439963,0.00446919,0.00466912,0.00496496,0.00531828,0.00569786,0.00607129,0.00641785,0.00671817,0.00696206,0.0071489,0.0072899,0.00740526,0.0075138,0.00763334,0.00777189,0.00793019,0.00810552,0.00829005,0.00847925,0.00867143,0.00886979,0.00908415,0.00932349,0.00959646,0.00990422,0.01023866,0.01058517,0.01092148,0.01123278,0.01151815,0.0117864,0.01206715,0.01239771,0.01280876,0.0133257,0.01395304,0.01468186,0.01548522,0.01633747,0.01722543,0.01815192,0.01914968,0.02026322,0.02154208,0.02303058,0.02474989,0.02670453,0.0288745,0.03123644,0.03378585,0.03653654,0.03954496,0.0428924,0.04666637,0.05094797,0.05576814,0.06111837,0.06694033,0.07315814,0.07974385,0.08672938,0.09426396,0.10256203,0.11184071,0.12227504,0.13388437,0.14655225,0.16002651,0.1740416,0.18852985,0.20363946,0.21985373,0.23782397,0.25809301,0.28097923,0.30627999,0.33330259,0.36101477,0.38840746,0.41497309,0.44061279,0.46584967,0.4913094,0.51726073,0.54417185,0.57122789
ETH,1994,0.11606405,0.0271735,0.02234728,0.01839113,0.01513822,0.01246056,0.01026642,0.00848763,0.00708382,0.00601342,0.00524204,0.00473365,0.00444811,0.00435717,0.00442645,0.00462829,0.00492712,0.00528279,0.00566182,0.00603022,0.00636873,0.00666054,0.00689811,0.00708173,0.00722148,0.00733725,0.00744742,0.00756856,0.00770828,0.00786696,0.00804175,0.00822506,0.00841269,0.00860337,0.00880056,0.00901403,0.00925261,0.0095248,0.0098316,0.01016476,0.0105097,0.01084417,0.01115345,0.01143352,0.01169978,0.01197932,0.01230562,0.01271786,0.01323427,0.01386139,0.01458981,0.01539208,0.01624195,0.01712581,0.01804651,0.0190365,0.02014087,0.02141091,0.0228918,0.02460385,0.02655277,0.02871879,0.03107651,0.03361964,0.03636227,0.03936174,0.04269762,0.04645768,0.05072213,0.05552224,0.06084992,0.06664707,0.07284041,0.07940381,0.08636829,0.09387943,0.10215038,0.11139948,0.12180153,0.13337335,0.14600307,0.15944331,0.17342721,0.18788684,0.2029729,0.21916261,0.23709694,0.25732246,0.28015323,0.30537177,0.33232284,0.35998704,0.3872834,0.4136748,0.43916702,0.46421623,0.48953937,0.51555523,0.54235894,0.56999818
ETH,1995,0.11193702,0.02541953,0.02118771,0.01767467,0.0147334,0.01225905,0.01018234,0.0084581,0.00707084,0.00599699,0.00521581,0.00469846,0.00440715,0.00431501,0.00438714,0.00459513,0.0049017,0.00526422,0.00564783,0.00601733,0.00635338,0.00664042,0.00687253,0.00705224,0.00719078,0.00730751,0.00741977,0.00754311,0.00768391,0.00784204,0.008015,0.00819593,0.00838135,0.0085704,0.00876644,0.00897908,0.00921681,0.00948771,0.00979253,0.01012304,0.01046479,0.01079586,0.01110186,0.01137907,0.01163955,0.01191758,0.01224358,0.01265243,0.013171,0.01379818,0.01452658,0.01532825,0.01617659,0.01705792,0.01797488,0.01896023,0.02005874,0.0213221,0.02279705,0.02450445,0.02644907,0.02861219,0.03096869,0.03351022,0.03624907,0.03924272,0.04257153,0.04632194,0.05057468,0.05536074,0.06067272,0.06645302,0.07262844,0.07917533,0.08612627,0.09362451,0.10187838,0.11110471,0.12148086,0.13302591,0.1456262,0.15903758,0.17299661,0.18743219,0.20249352,0.21866168,0.23657452,0.25677271,0.27957814,0.30476873,0.33166632,0.35927716,0.38653089,0.41282966,0.43815775,0.46307128,0.48824152,0.51415547,0.54110915,0.56874091
ETH,1996,0.10780495,0.0238027,0.02003172,0.01687117,0.01419246,0.01190277,0.00994616,0.0082912,0.00693974,0.00588268,0.00510921,0.00459603,0.00430774,0.00421825,0.00429289,0.00450357,0.0048125,0.00517602,0.0055577,0.00592133,0.00624871,0.00652609,0.00674981,0.00692379,0.00705899,0.00717454,0.00728677,0.00741009,0.00755057,0.0077076,0.00787855,0.00805675,0.00823893,0.00842469,0.00861769,0.00882732,0.00906175,0.00932867,0.00962852,0.00995301,0.01028803,0.01061214,0.01091142,0.0111826,0.01143805,0.01170844,0.01203142,0.01243881,0.01295293,0.01358099,0.01430764,0.01510635,0.01594959,0.01682307,0.01772923,0.0187012,0.01978454,0.02103116,0.0224885,0.02417876,0.02610807,0.02825583,0.03059649,0.03312199,0.03584193,0.03881158,0.04211083,0.04582657,0.05003828,0.05477796,0.06003907,0.06576607,0.07188791,0.07838049,0.08527749,0.09272257,0.100921,0.11008515,0.12038983,0.13185519,0.14437061,0.15769268,0.17156347,0.18591389,0.2008842,0.21694383,0.23471898,0.25473008,0.27726983,0.30208775,0.3284498,0.35524403,0.38126366,0.40563611,0.42758386,0.44652961,0.46473783,0.48731936,0.51381138,0.54133229
ETH,1997,0.1039297,0.02229156,0.01894467,0.01611556,0.01368305,0.01156674,0.00972352,0.00813671,0.00682194,0.00578241,0.00501712,0.00450766,0.00422111,0.00413274,0.00420804,0.00441936,0.004729,0.00509281,0.00547385,0.00583523,0.00615886,0.00643148,0.00665007,0.00681949,0.00695113,0.00706401,0.00717404,0.00729503,0.00743284,0.00758672,0.00775401,0.00792818,0.00810614,0.00828766,0.00847657,0.00868236,0.00891321,0.00917677,0.00947352,0.00979508,0.01012719,0.01044845,0.01074492,0.01101334,0.01126618,0.01153414,0.01185137,0.0122575,0.01277091,0.01339444,0.01412135,0.01491639,0.0157538,0.01661863,0.01751314,0.01847075,0.01953745,0.02076589,0.02220362,0.02387328,0.02578231,0.02791103,0.0302317,0.03273581,0.03543304,0.03837588,0.04164216,0.04531853,0.04948489,0.0541728,0.05937734,0.06504463,0.07110595,0.07753844,0.08437495,0.09175783,0.09988984,0.10897845,0.11919375,0.13055778,0.14296483,0.15617685,0.16993865,0.18418655,0.19906329,0.21502981,0.23270673,0.25261613,0.27505165,0.29976482,0.32604982,0.35282945,0.3789311,0.40362668,0.42652382,0.44740799,0.46651108,0.48592256,0.5098348,0.5374103
ETH,1998,0.10016903,0.02075763,0.01788964,0.01542304,0.01325807,0.01132751,0.00959905,0.00807118,0.00677984,0.00574327,0.00497334,0.00445863,0.00416831,0.00408055,0.00416184,0.00438318,0.00470504,0.00508085,0.00547528,0.00585127,0.00618707,0.00646683,0.00668501,0.00685006,0.00697889,0.00709055,0.00720022,0.00732077,0.00745688,0.00760731,0.00776995,0.007939,0.00811215,0.00828951,0.00847471,0.00867718,0.00890494,0.00916539,0.00945884,0.00977691,0.01010529,0.01042284,0.01071582,0.01098109,0.01123128,0.01149701,0.01181231,0.0122124,0.01272447,0.01334666,0.01406772,0.01486267,0.01569688,0.01655812,0.01744805,0.01839993,0.01945965,0.02067972,0.02210776,0.0237663,0.02566341,0.02778079,0.03009201,0.03258643,0.03527314,0.03820499,0.04145749,0.04511585,0.04926043,0.05392423,0.05910226,0.06474236,0.07077649,0.07718297,0.08399446,0.09135076,0.09945425,0.10851184,0.11869169,0.13001406,0.1423754,0.15554308,0.16926611,0.18348205,0.19834259,0.21431641,0.23202682,0.25200788,0.2745777,0.2995257,0.32619519,0.35361599,0.38077152,0.4071294,0.43268585,0.45794617,0.48350093,0.50964415,0.53659613,0.5640513
ETH,1999,0.09706469,0.01962789,0.01712619,0.01499472,0.01309245,0.01134146,0.00971432,0.00822043,0.00691895,0.00585133,0.00504785,0.00450745,0.00420311,0.00412976,0.00426184,0.00455968,0.00497152,0.00543781,0.00594913,0.00647608,0.00696002,0.00735052,0.0076085,0.00776708,0.00789065,0.00799892,0.0081063,0.0082241,0.00834906,0.00847596,0.00860871,0.00874805,0.00889783,0.00905921,0.00923188,0.00942394,0.0096421,0.00989239,0.01017492,0.01048192,0.01079961,0.01110793,0.01139448,0.01165598,0.01190404,0.01216867,0.01248302,0.01288133,0.01338353,0.01399947,0.01471396,0.01549996,0.01633764,0.01721003,0.01812176,0.01909951,0.02018277,0.02141754,0.02285442,0.02452313,0.02643094,0.02855945,0.0308831,0.03340059,0.0361239,0.0391011,0.04240379,0.04611085,0.05030162,0.05501362,0.06024397,0.06594025,0.07203572,0.07852143,0.08543065,0.09288533,0.10106924,0.1101739,0.12038223,0.13173755,0.144133,0.157335,0.17109435,0.18535054,0.20025528,0.21628796,0.23408303,0.2541746,0.27688483,0.30201978,0.32893582,0.35666811,0.3842283,0.41109984,0.43726767,0.46317354,0.48947999,0.51650601,0.54410308,0.57166837
ETH,2000,0.09296978,0.01781446,0.01591244,0.01422015,0.01264701,0.01112939,0.00964434,0.00821734,0.0069327,0.00585651,0.00503804,0.00448377,0.00416838,0.00407038,0.00415261,0.00438446,0.00472224,0.00511331,0.00551644,0.00589004,0.00621493,0.00648033,0.00668676,0.00684614,0.00697459,0.00709117,0.00720922,0.00733861,0.00748217,0.00763744,0.0078026,0.00797299,0.00814735,0.00832696,0.00851567,0.00872238,0.00895423,0.00921747,0.00951172,0.00982827,0.01015333,0.01046666,0.01075559,0.01101817,0.01126732,0.0115335,0.01185047,0.01225302,0.01276339,0.01338484,0.01411147,0.01490886,0.01574811,0.01661838,0.01751586,0.01847645,0.01954617,0.02077756,0.02221852,0.0238914,0.02580301,0.02793395,0.0302585,0.03276834,0.03547244,0.03842285,0.04169688,0.0453801,0.04955179,0.05424507,0.05945592,0.06513119,0.07120218,0.07764654,0.08449688,0.09189465,0.10004278,0.10915109,0.11939186,0.13078465,0.14322112,0.15646384,0.17026213,0.18455764,0.19950346,0.21557777,0.23342024,0.25356817,0.27633104,0.30149871,0.32841737,0.35610936,0.383554,0.41024944,0.43621904,0.46197793,0.48817794,0.51526416,0.54326331,0.57165568
ETH,2001,0.08924056,0.01644999,0.01491695,0.01353192,0.01220535,0.01087362,0.00951216,0.00815113,0.00689284,0.00581872,0.00499379,0.00443302,0.00411292,0.00401255,0.00409421,0.00432716,0.00466696,0.00505967,0.00546146,0.00582946,0.00614608,0.00640287,0.00660265,0.00675812,0.0068846,0.00700082,0.00711947,0.00724956,0.00739337,0.00754806,0.00771181,0.0078803,0.0080526,0.00823031,0.00841751,0.008623,0.00885364,0.00911551,0.00940811,0.00972272,0.0100455,0.01035641,0.01064301,0.0109033,0.01115054,0.01141518,0.01173081,0.01213215,0.01264146,0.01326178,0.01398225,0.01477822,0.0156154,0.01647804,0.01737193,0.01832496,0.01938605,0.02060809,0.02203932,0.02370217,0.02560339,0.02772342,0.03003584,0.03253201,0.03522116,0.03815547,0.04141035,0.04507107,0.04921722,0.0538813,0.05905951,0.06470007,0.07073601,0.07714513,0.08396042,0.09132201,0.09943133,0.10849631,0.11868704,0.13002437,0.14240226,0.15558593,0.16932706,0.18357037,0.19847474,0.21452076,0.23234932,0.25250795,0.2753197,0.30058457,0.32765838,0.35559342,0.38340064,0.41054008,0.4369858,0.4632055,0.48976006,0.51693138,0.54478124,0.57287755
ETH,2002,0.08532396,0.01515532,0.01394855,0.01283505,0.01172832,0.01056422,0.00932009,0.00802945,0.00680575,0.00574515,0.00492297,0.0043614,0.00404016,0.00394134,0.00402897,0.0042716,0.00462322,0.00502793,0.00544508,0.00583217,0.00616673,0.00643563,0.00663745,0.00678836,0.00691049,0.00702284,0.00713778,0.00726406,0.00740308,0.0075514,0.00770769,0.00786831,0.00803312,0.00820401,0.00838489,0.0085847,0.00881036,0.00906783,0.00935671,0.0096683,0.00998858,0.01029719,0.01058146,0.01083931,0.011084,0.01134631,0.01165953,0.01205812,0.01256398,0.01318003,0.01389556,0.014681,0.01551363,0.01637109,0.01725397,0.01819977,0.01924819,0.02045499,0.02186856,0.02351219,0.02539346,0.02749315,0.02978501,0.0322599,0.03492651,0.03783658,0.04106458,0.04469294,0.04880077,0.05342159,0.05855173,0.06414107,0.07012516,0.07648491,0.08325269,0.09056524,0.09861898,0.10761729,0.11772873,0.12897626,0.1412579,0.15434467,0.16799217,0.18214572,0.19696547,0.21293171,0.23068306,0.25076344,0.27349909,0.29869991,0.32571669,0.35359734,0.3813718,0.40851397,0.43497859,0.46121006,0.48783682,0.51520216,0.54321065,0.57140317
ETH,2003,0.08143115,0.01408358,0.01300923,0.01200665,0.01099823,0.00992684,0.0087741,0.00757454,0.00643396,0.00544263,0.00467336,0.00414776,0.00384853,0.00375807,0.00384146,0.00407074,0.004404,0.00478918,0.00518319,0.00554309,0.00585113,0.00609873,0.00628861,0.00643332,0.00654819,0.00665251,0.00675924,0.00687769,0.00701048,0.00715492,0.00730853,0.00746634,0.00762695,0.00779175,0.0079653,0.00815712,0.00837504,0.00862598,0.0089098,0.00921789,0.00953565,0.00984174,0.01012275,0.01037599,0.01061469,0.0108704,0.01117805,0.01157274,0.01207661,0.01269217,0.01340668,0.0141874,0.01500264,0.01584114,0.0166959,0.01760123,0.01861084,0.01977449,0.02114652,0.02275116,0.02459605,0.02666018,0.02891433,0.03134599,0.03396046,0.03680792,0.03996241,0.04350669,0.04751834,0.05203268,0.05704997,0.06252299,0.06839071,0.07463538,0.08128988,0.08848638,0.09641644,0.10527749,0.11523315,0.12630646,0.13840179,0.15130426,0.16478216,0.17878383,0.19346504,0.20929714,0.22691083,0.24684338,0.26941892,0.29446292,0.32134837,0.34913426,0.3768562,0.40398979,0.43051099,0.45684731,0.48358524,0.51108888,0.53930954,0.56776963
ETH,2004,0.07737621,0.01292869,0.01207588,0.01126153,0.01041329,0.0094763,0.00843074,0.00731158,0.00622849,0.00527547,0.0045306,0.00402044,0.00373015,0.00364438,0.00372992,0.00395966,0.00429253,0.00467711,0.00507049,0.00542952,0.0057356,0.00598016,0.00616584,0.00630535,0.00641486,0.00651355,0.00661483,0.0067283,0.00685651,0.0069968,0.00714644,0.00730003,0.00745589,0.00761518,0.00778264,0.00796823,0.00818034,0.00842649,0.00870672,0.00901236,0.00932838,0.00963269,0.00991124,0.01016104,0.01039563,0.01064678,0.01095008,0.01134212,0.01184473,0.01245971,0.01317353,0.01395167,0.0147606,0.01558121,0.0164208,0.01730666,0.01828876,0.01943106,0.02077932,0.02236211,0.02418721,0.02623278,0.02846817,0.03087827,0.03346617,0.03628024,0.03939422,0.04289225,0.0468534,0.05131234,0.05627165,0.06168781,0.06750043,0.07369127,0.08029344,0.08743811,0.09531179,0.10410967,0.11399215,0.12498419,0.13699422,0.14981262,0.16321699,0.17715986,0.19179255,0.20757489,0.22513066,0.24499694,0.26749684,0.29245832,0.31927041,0.34700325,0.37468365,0.40180272,0.42832267,0.45469025,0.48150862,0.50909254,0.53749475,0.56618685
ETH,2005,0.07341773,0.0118147,0.01115001,0.01050064,0.00979443,0.0089784,0.00803525,0.00699966,0.0059814,0.00507641,0.00436436,0.00387489,0.00359653,0.00351611,0.00360248,0.0038301,0.00415948,0.00454057,0.00493151,0.00528938,0.00559458,0.00583728,0.00602,0.00615512,0.00625889,0.00635073,0.00644439,0.00655036,0.00667159,0.00680557,0.00694933,0.00709712,0.00724688,0.00739945,0.00755968,0.00773794,0.00794328,0.00818398,0.00846037,0.00876385,0.00907895,0.00938274,0.00966047,0.00990847,0.01014038,0.01038845,0.01068821,0.01107684,0.0115773,0.0121904,0.01290132,0.01367421,0.01447395,0.01528014,0.01609292,0.01695693,0.01791379,0.01902336,0.02034671,0.0219013,0.02369916,0.02571702,0.02792273,0.03029982,0.03284929,0.03561793,0.03867772,0.04211304,0.04600488,0.05039048,0.05527205,0.0606096,0.06634739,0.07246579,0.07899477,0.08606158,0.09384855,0.10254297,0.11230355,0.12315767,0.13502294,0.14770374,0.16098966,0.17484012,0.18940359,0.20511554,0.22256963,0.24229149,0.26460669,0.28936908,0.31601319,0.34367041,0.37141818,0.39872177,0.42550664,0.45207256,0.47895383,0.50647859,0.53450711,0.56289702
ETH,2006,0.06979862,0.01114329,0.010415,0.00973135,0.00901305,0.00821322,0.00732065,0.00636706,0.00544488,0.00463382,0.00400003,0.00356763,0.00332647,0.00326509,0.00335588,0.00357654,0.00389145,0.00425462,0.00462599,0.00496438,0.00525172,0.0054796,0.00565117,0.00577875,0.00587637,0.0059622,0.00604962,0.00614864,0.00626249,0.00638889,0.00652444,0.00666305,0.00680253,0.00694377,0.0070922,0.00725882,0.00745343,0.0076852,0.0079549,0.00825389,0.00856614,0.00886776,0.00914292,0.00938714,0.00961389,0.00985618,0.0101506,0.01053466,0.01103198,0.01164436,0.01235479,0.0131239,0.01391351,0.01470057,0.01548421,0.01630277,0.01721874,0.01828624,0.01956219,0.02108089,0.02284174,0.02482424,0.02699337,0.02932872,0.03182779,0.03453446,0.03751898,0.04086491,0.04465442,0.04892874,0.05369552,0.05891616,0.06453987,0.07055195,0.07697943,0.08394285,0.09161922,0.10019361,0.10981964,0.12052851,0.13224191,0.1447725,0.15791774,0.17163862,0.18608747,0.20170293,0.21907057,0.23870654,0.26094547,0.28565305,0.31226528,0.33991169,0.36766383,0.39498891,0.42180637,0.44847282,0.47552584,0.50326372,0.53172589,0.5605241
ETH,2007,0.06607343,0.01041158,0.0096648,0.0089444,0.00820457,0.00741443,0.0065693,0.00569755,0.00487418,0.00416078,0.00360848,0.00323545,0.00303222,0.00299021,0.00308642,0.00330139,0.00360322,0.00394994,0.00430595,0.00463322,0.00491215,0.00513293,0.00529682,0.00541562,0.00550543,0.00558314,0.0056615,0.00575071,0.00585384,0.00596895,0.00609266,0.00621868,0.00634477,0.00647179,0.00660547,0.00675723,0.0069376,0.0071565,0.00741522,0.00770557,0.00801107,0.00830713,0.0085771,0.00881538,0.00903502,0.00926894,0.00955441,0.00992972,0.01041795,0.01102073,0.01172155,0.01247795,0.0132486,0.01400854,0.01475571,0.01552929,0.01638568,0.01740011,0.01862184,0.02007934,0.02178893,0.02371411,0.02582223,0.02808973,0.03051064,0.03312644,0.03600484,0.03922879,0.04288,0.0470021,0.05160767,0.05666359,0.06211961,0.0679627,0.07422262,0.08101337,0.08850399,0.09687741,0.10628707,0.11676201,0.12822943,0.14050344,0.15338669,0.16684068,0.18101262,0.19634637,0.21343237,0.23278779,0.25474907,0.27919558,0.3055793,0.33302856,0.36060797,0.38776925,0.41443532,0.44096075,0.4679159,0.49567259,0.52418334,0.55320989
ETH,2008,0.06274918,0.009782,0.00900404,0.00825963,0.00751216,0.00673924,0.0059405,0.00514059,0.00440035,0.00376777,0.00328237,0.00295781,0.00278535,0.00275778,0.00285533,0.00306114,0.00334721,0.0036756,0.00401238,0.00432196,0.00458592,0.00479435,0.00494925,0.00506124,0.00514426,0.00521545,0.00528681,0.00536815,0.00546301,0.00556969,0.0056847,0.00580149,0.00591738,0.00603311,0.00615494,0.00629484,0.00646392,0.00667281,0.00692316,0.00720699,0.00750773,0.0077999,0.00806613,0.00830014,0.00851445,0.00874209,0.00902047,0.00938879,0.00987077,0.01046708,0.01116047,0.01190788,0.01266434,0.0134019,0.01411788,0.01485272,0.01566488,0.01662367,0.01780053,0.01921436,0.02087355,0.02275908,0.02481989,0.02703442,0.02939318,0.03193535,0.03472758,0.03785233,0.04139192,0.04539084,0.04986499,0.05478681,0.06011207,0.06582499,0.07195515,0.07861746,0.08597237,0.09419593,0.10344117,0.11374167,0.12502607,0.13711511,0.14981264,0.1630818,0.1770667,0.19220314,0.20908445,0.22823436,0.24998679,0.27421059,0.30036534,0.3275653,0.35485325,0.38169362,0.40801039,0.43427154,0.46113084,0.48904441,0.5180416,0.54765634
ETH,2009,0.05975614,0.00927848,0.00840853,0.00759501,0.00680893,0.0060345,0.00527363,0.00454461,0.00389094,0.00334432,0.00293093,0.00265904,0.00252016,0.00250915,0.00261052,0.00280985,0.0030824,0.00339478,0.0037177,0.00401819,0.00427691,0.00448172,0.00463086,0.00473543,0.00481104,0.00487361,0.004936,0.0050077,0.00509192,0.00518741,0.00529057,0.00539497,0.00549794,0.00559986,0.0057071,0.00583226,0.00598716,0.00618313,0.00642234,0.00669713,0.00699074,0.00727724,0.00753813,0.0077664,0.0079743,0.00819444,0.00846435,0.00882338,0.00929581,0.00988258,0.01056486,0.01129797,0.01203627,0.01274825,0.01342929,0.01412088,0.01488315,0.01578767,0.01689866,0.01825909,0.01986642,0.02169146,0.02370258,0.02585647,0.02814573,0.030605,0.03329688,0.03630207,0.03970259,0.04354767,0.0478603,0.05262548,0.05781202,0.06340932,0.06943377,0.07597364,0.08316227,0.09114402,0.10006047,0.109989,0.12093754,0.13284038,0.14560075,0.15916748,0.17356716,0.1889222,0.20545615,0.22340993,0.24296201,0.26423578,0.28719707,0.31181325,0.33800424,0.36555003,0.39432972,0.42396429,0.45406158,0.48435357,0.51440129,0.54392022
ETH,2010,0.05686357,0.00862898,0.00780811,0.00704288,0.00630651,0.00558412,0.00487739,0.00420289,0.00360005,0.0030977,0.00271932,0.00247245,0.0023497,0.00234658,0.00244885,0.00264371,0.00290819,0.00320983,0.00352044,0.00380773,0.00405252,0.00424517,0.00438541,0.00448333,0.0045544,0.00461393,0.00467345,0.00474252,0.00482356,0.00491484,0.00501287,0.00511108,0.0052071,0.0053016,0.00540103,0.00551805,0.00566483,0.00585295,0.00608469,0.00635258,0.00663973,0.00692004,0.00717496,0.00739692,0.00759827,0.00781185,0.008075,0.00842709,0.00889221,0.00947171,0.01014666,0.01087012,0.01159503,0.01229028,0.01294926,0.01361342,0.01434454,0.01521582,0.01629266,0.01760777,0.01918328,0.02097765,0.02294687,0.02506868,0.02731324,0.02971959,0.03234871,0.03528066,0.03859812,0.04235085,0.04656408,0.05122428,0.05630373,0.06179617,0.06772149,0.07416032,0.08124141,0.08910984,0.09789905,0.1076822,0.11847333,0.13021781,0.14282317,0.15624563,0.17050865,0.18573178,0.20212854,0.21991856,0.23927417,0.26031104,0.28297924,0.30723718,0.33305795,0.36028664,0.38883164,0.4183409,0.44841117,0.47870358,0.50884769,0.53870222
ETH,2011,0.05413184,0.00805497,0.0072535,0.00651169,0.00580593,0.00512307,0.00446425,0.00384331,0.00329373,0.00283924,0.00249942,0.00228015,0.0021747,0.00217916,0.00228062,0.00246779,0.00272016,0.00300776,0.00330218,0.00357282,0.00380211,0.00398095,0.00411181,0.00420417,0.00427049,0.00432611,0.00438203,0.00444685,0.00452369,0.00461053,0.00470336,0.00479567,0.00488477,0.00497159,0.00506297,0.00517154,0.00530966,0.00548937,0.00571325,0.00597407,0.00625502,0.00652966,0.00677902,0.0069952,0.00718999,0.00739643,0.00765218,0.0079965,0.00845361,0.00902455,0.00969041,0.01040333,0.01111346,0.01178833,0.01242255,0.01305685,0.0137535,0.01458768,0.01562619,0.01690242,0.01842752,0.02018439,0.02211528,0.02418434,0.02638345,0.02872895,0.03128679,0.03413638,0.03736028,0.04101018,0.04511293,0.04965789,0.05461907,0.05999167,0.06579835,0.07212061,0.07907738,0.08680978,0.09545273,0.10507435,0.11568843,0.12724962,0.1396783,0.15293225,0.16703857,0.18210905,0.19834921,0.21596793,0.23511824,0.25591855,0.27832313,0.30229013,0.32781079,0.35477798,0.38313716,0.41253797,0.44256063,0.47284954,0.50292587,0.53285234
ETH,2012,0.05165866,0.00745757,0.00671162,0.0060223,0.00536788,0.00473635,0.00412873,0.00355715,0.00305207,0.0026352,0.00232447,0.00212574,0.00203294,0.00204312,0.00214512,0.00232867,0.00257431,0.00285374,0.00313995,0.00340224,0.00362415,0.00379657,0.00392075,0.00400788,0.00407057,0.00412256,0.00417507,0.00423634,0.00430879,0.0043911,0.00447888,0.00456537,0.00464807,0.00472777,0.00481166,0.00491265,0.00504312,0.00521528,0.00543217,0.00568689,0.00596264,0.00623283,0.00647791,0.00668942,0.0068791,0.0070796,0.007329,0.00766703,0.00811776,0.00868223,0.00934086,0.01004531,0.01074466,0.01140389,0.01201716,0.01262759,0.01329703,0.01410127,0.01510871,0.01635359,0.01784747,0.01956088,0.02146198,0.02349951,0.02565117,0.02795685,0.03045913,0.03324415,0.03639465,0.03996342,0.04398005,0.04843578,0.05330731,0.05858957,0.06430546,0.07053725,0.0774036,0.08503633,0.09356796,0.10307239,0.11356128,0.12499013,0.13728887,0.15042485,0.16442273,0.17939667,0.19554364,0.2130688,0.23211738,0.25278618,0.27504111,0.2988413,0.32417491,0.35095671,0.37918803,0.40856099,0.43867038,0.46916655,0.49955771,0.52978807
ETH,2013,0.04927332,0.0069973,0.00625663,0.00558049,0.00494852,0.00434933,0.00378218,0.00325661,0.00279692,0.00242053,0.00214251,0.00196691,0.00188884,0.00190561,0.00200741,0.00218617,0.00242349,0.00269298,0.00296909,0.00322229,0.00343577,0.00360138,0.00372058,0.00380244,0.00386088,0.0039087,0.00395633,0.00401282,0.00408015,0.00415746,0.00424003,0.00432109,0.00439784,0.0044704,0.00454685,0.00463961,0.00476187,0.00492665,0.00513618,0.00538554,0.00565685,0.00592327,0.006166,0.00637365,0.00655971,0.0067553,0.00699803,0.00733094,0.00777543,0.00833592,0.00898991,0.00968611,0.01037685,0.01102025,0.01161377,0.01219865,0.01283787,0.0136134,0.01458831,0.01580343,0.01726858,0.01895027,0.02080851,0.02281452,0.02493191,0.0271851,0.02963896,0.03236116,0.03543912,0.03892922,0.04286447,0.04723393,0.05202118,0.05721971,0.06285069,0.06899893,0.07577714,0.08332322,0.0917599,0.1011582,0.11154699,0.12286819,0.13505599,0.14809091,0.16199325,0.1768993,0.19299145,0.21046278,0.22948258,0.25009318,0.27227925,0.29598844,0.32117405,0.34783592,0.37594568,0.4053256,0.43560489,0.46632171,0.49716858,0.52807811
ETH,2014,0.04698983,0.00634141,0.00575038,0.00519814,0.0046659,0.00414335,0.00363124,0.00314205,0.00270473,0.00234089,0.00206958,0.00189747,0.00182094,0.00183828,0.00193982,0.00211781,0.00235436,0.00262253,0.00289529,0.00314297,0.00334997,0.00350793,0.00362134,0.00369976,0.00375554,0.00380277,0.00385107,0.00390763,0.00397459,0.00405091,0.00413143,0.00421039,0.00428486,0.00435482,0.00442857,0.00451828,0.00463734,0.00479884,0.00500481,0.00525029,0.00551777,0.00578063,0.00602001,0.0062245,0.00640723,0.00659905,0.00683786,0.00716631,0.00760633,0.0081628,0.00881277,0.00950443,0.01018904,0.01082463,0.01140878,0.01198154,0.01260664,0.01336879,0.01432996,0.01553047,0.01698089,0.01864767,0.02049025,0.02246408,0.02456493,0.02679981,0.02921813,0.03191746,0.03495929,0.03840868,0.04229942,0.04662176,0.05136136,0.05651149,0.06209324,0.06818784,0.07490643,0.08238902,0.09076157,0.10008795,0.11039842,0.12164435,0.13375635,0.14671137,0.16053294,0.17536125,0.1913695,0.20875347,0.22767621,0.24818026,0.27025005,0.29380487,0.31883444,0.34532618,0.37325196,0.40244924,0.43253374,0.46309544,0.49373256,0.52425408
ETH,2015,0.04481526,0.00588426,0.00532144,0.00480104,0.00430467,0.00382142,0.00335061,0.00290254,0.00250292,0.0021712,0.00192459,0.00176953,0.00170325,0.00172483,0.00182617,0.00200024,0.00223035,0.00249155,0.00275793,0.00299986,0.00320208,0.00335636,0.00346506,0.00353956,0.00359199,0.00363487,0.00367919,0.00373197,0.00379434,0.00386586,0.00394149,0.00401495,0.00408415,0.00414862,0.00421622,0.00429935,0.00441129,0.00456566,0.00476498,0.00500444,0.00526669,0.00552534,0.00576127,0.00596242,0.00614145,0.00632863,0.00656161,0.0068835,0.00731603,0.00786486,0.00850739,0.0091907,0.00986475,0.01048576,0.01105128,0.01160198,0.01220085,0.01293408,0.01386673,0.01503814,0.01645842,0.01809434,0.01990454,0.02184284,0.02388798,0.02608098,0.02845139,0.03108125,0.03406451,0.03743925,0.04125006,0.04548925,0.05014418,0.05521009,0.06070692,0.06671364,0.07333627,0.08071239,0.08897107,0.09818208,0.1083698,0.11949053,0.13148604,0.14432857,0.15803811,0.17275558,0.18865847,0.20593472,0.22475214,0.24515145,0.26712237,0.29058762,0.31551372,0.34193521,0.36982518,0.3989785,0.42904168,0.45964406,0.49034101,0.52119924
ETH,2016,0.04289939,0.00548218,0.00491549,0.00440976,0.00393981,0.00349156,0.00306098,0.00265457,0.0022937,0.00199527,0.00177475,0.00163797,0.00158287,0.00160961,0.0017114,0.00188239,0.00210692,0.00236129,0.0026222,0.00286082,0.00305996,0.00321138,0.00331704,0.00338677,0.00343549,0.00347482,0.00351431,0.00356253,0.00362036,0.00368631,0.00375613,0.00382375,0.00388666,0.00394525,0.00400676,0.00408313,0.00418792,0.00433472,0.00452667,0.00475966,0.00501646,0.00527064,0.00550301,0.00570086,0.0058761,0.00605865,0.00628573,0.00660043,0.00702512,0.00756536,0.00819926,0.00887368,0.00953686,0.01014357,0.01069013,0.01121797,0.01179109,0.01249503,0.01339608,0.01453699,0.01592646,0.01753014,0.01930658,0.02120818,0.0232117,0.0253393,0.02765905,0.03023138,0.03313342,0.03644047,0.04016715,0.04431843,0.04888362,0.05385939,0.05926646,0.0651794,0.0717004,0.07896036,0.08708771,0.09615977,0.10620912,0.11718822,0.12904475,0.14176082,0.15534848,0.1699392,0.18570751,0.20284508,0.22151338,0.24176529,0.26359093,0.28692893,0.31175318,0.33807957,0.36589211,0.39499424,0.42496621,0.45535358,0.48590154,0.51661695
ETH,2017,0.04097337,0.00491786,0.00449891,0.00410667,0.00372337,0.00333863,0.00295155,0.00257218,0.00222661,0.00193591,0.00171908,0.001584,0.00152943,0.00155605,0.00165747,0.00182814,0.00205266,0.00230621,0.00256379,0.00279649,0.00298784,0.00313019,0.00322862,0.00329478,0.00334134,0.00338146,0.00342316,0.00347262,0.00353165,0.00359843,0.00366771,0.00373416,0.00379559,0.00385218,0.00391239,0.00398773,0.00409114,0.00423616,0.00442558,0.00465545,0.00490879,0.00515904,0.005387,0.0055805,0.00575179,0.00593072,0.00615447,0.00646569,0.00688657,0.0074232,0.0080532,0.00872384,0.0093834,0.00998533,0.01052537,0.01104448,0.01160778,0.0123019,0.013192,0.01432152,0.01570221,0.01729793,0.01906587,0.02095817,0.02295075,0.02506489,0.02734895,0.02990464,0.032789,0.03605874,0.03976736,0.04388866,0.04842297,0.05336708,0.05874181,0.06462314,0.07111198,0.07833889,0.08642772,0.09545457,0.10545733,0.11639515,0.1282067,0.14087457,0.1544194,0.1689649,0.18468066,0.20176394,0.22038816,0.2406066,0.26242167,0.28575557,0.31057906,0.33689399,0.36467186,0.39368598,0.42354081,0.4538449,0.48418689,0.51466893
ETH,2018,0.03930925,0.00455026,0.00415959,0.00380068,0.00345435,0.00310769,0.00275728,0.00241118,0.0020934,0.0018245,0.00162365,0.00149932,0.00145105,0.00147978,0.00157986,0.00174663,0.00196562,0.00221369,0.00246612,0.00269421,0.00288244,0.00302242,0.00311771,0.00318089,0.00322501,0.00326138,0.00329985,0.00334615,0.00340103,0.0034642,0.00353036,0.00359315,0.00365094,0.00370389,0.00375983,0.00383123,0.00393056,0.004071,0.0042558,0.00448117,0.00473075,0.0049783,0.00520412,0.00539543,0.00556424,0.00574025,0.00596036,0.0062672,0.00668275,0.00721312,0.00783656,0.00849954,0.00915032,0.00974195,0.01026899,0.01077225,0.01131666,0.01199019,0.01285878,0.01396449,0.01531991,0.01689172,0.01863458,0.02049866,0.02245932,0.02453689,0.02677887,0.02926836,0.032106,0.03532578,0.03896326,0.04303351,0.04750245,0.05237914,0.05768408,0.06349174,0.06990268,0.07704448,0.08504023,0.09396384,0.10385539,0.1146824,0.12639189,0.1389575,0.15240026,0.16685079,0.18246725,0.19943651,0.21793555,0.23803183,0.2597271,0.28296625,0.30771254,0.33397003,0.36168313,0.39062172,0.42034508,0.45041449,0.48050633,0.51070265
ETH,2019,0.03780747,0.00417799,0.00385819,0.00355929,0.0032637,0.00295915,0.00264157,0.00231934,0.00201815,0.0017601,0.00156606,0.00144577,0.0013996,0.00142882,0.00152784,0.00169244,0.00190867,0.00215332,0.00240159,0.00262378,0.00280485,0.00293885,0.00303007,0.00308993,0.00313204,0.00316809,0.00320573,0.0032519,0.0033067,0.00336851,0.00343341,0.00349515,0.00355111,0.00360222,0.00365649,0.00372574,0.00382339,0.00396207,0.00414453,0.00436726,0.00461376,0.00485826,0.00508128,0.00526977,0.00543557,0.00560849,0.00582553,0.00612915,0.00654136,0.00706798,0.00768703,0.00834529,0.0089901,0.00957466,0.0100938,0.01058775,0.0111215,0.01178276,0.01263846,0.01373137,0.01507246,0.01662887,0.01835819,0.02020776,0.02215105,0.02420845,0.026427,0.0288895,0.03167532,0.0348661,0.03847399,0.04249308,0.04693476,0.05176987,0.05703148,0.06279374,0.06915664,0.07624869,0.08419054,0.09305519,0.10287927,0.11363096,0.1252637,0.13775857,0.15112608,0.1654976,0.18104198,0.19793843,0.21635522,0.23636477,0.25798463,0.28115361,0.30585194,0.33206532,0.35974595,0.38860452,0.41819492,0.44808092,0.47787641,0.50771355
ETH,2020,0.03652477,0.00387659,0.00362959,0.0033981,0.00315946,0.00289941,0.00261305,0.00230853,0.00201468,0.00175759,0.00156143,0.00143786,0.00138802,0.00140588,0.00148329,0.00162336,0.00181916,0.00205434,0.00230072,0.00252095,0.00269911,0.00282914,0.00291708,0.00297283,0.00300856,0.00303876,0.00307282,0.00311721,0.00317343,0.00323793,0.0033053,0.00337047,0.00343067,0.00348781,0.00355205,0.00363444,0.00374682,0.00390188,0.00410369,0.00434966,0.00462209,0.00489355,0.0051435,0.0053581,0.00555009,0.00575117,0.00600065,0.00634312,0.00680522,0.0073944,0.00808558,0.00882271,0.00955105,0.010224,0.01084113,0.01144521,0.01210248,0.01290245,0.01392343,0.01521464,0.01677989,0.01857639,0.02055465,0.02267607,0.02491938,0.0272924,0.02983177,0.0326092,0.03574585,0.03930909,0.04330331,0.04762897,0.05221171,0.05706193,0.06223514,0.06787949,0.07415327,0.08124385,0.08944304,0.09889649,0.1095589,0.1213149,0.13404054,0.14840967,0.16462213,0.1819679,0.19980377,0.21752457,0.23574526,0.2555023,0.27682209,0.29966897,0.32402633,0.34991349,0.37728102,0.40588461,0.43516427,0.46468967,0.49411408,0.52348188
ETH,2021,0.03546979,0.0037992,0.00346134,0.00317008,0.00289889,0.00262998,0.00235461,0.00207554,0.00181296,0.00158702,0.00141773,0.00131476,0.00127931,0.00131535,0.00141973,0.00158796,0.001806,0.00205101,0.00230171,0.00253103,0.0027213,0.00286241,0.00295651,0.00301688,0.00305828,0.00309249,0.00312925,0.00317467,0.00322871,0.00329096,0.00335626,0.00341895,0.00347848,0.00353902,0.00361029,0.0037022,0.00382496,0.00398897,0.00419808,0.00445066,0.00473129,0.00501533,0.00528406,0.00552899,0.00576331,0.00601304,0.00631225,0.00670108,0.00720195,0.00782416,0.00854725,0.00931861,0.01008666,0.01080411,0.01146767,0.01212352,0.01284139,0.01371305,0.01483115,0.01625092,0.01796832,0.01993196,0.02207972,0.02438076,0.02682721,0.02941578,0.0321745,0.03517009,0.03850932,0.0422674,0.04644877,0.05105041,0.05598755,0.06121502,0.06681751,0.07289978,0.07965291,0.08727615,0.09601973,0.10601793,0.1172756,0.12973014,0.14330581,0.15919,0.17764902,0.19735468,0.21701607,0.2354026,0.25352856,0.27321428,0.29446536,0.31726383,0.3416178,0.36754201,0.39501159,0.42374493,0.45324082,0.48290435,0.51232529,0.54166411
ETH,2022,0.03279462,0.00350411,0.00319353,0.00292576,0.00267617,0.00242824,0.00217436,0.00191685,0.0016747,0.00146606,0.00130956,0.00121463,0.00118207,0.00121556,0.00131233,0.00146832,0.00167119,0.0018992,0.00213242,0.00234594,0.00252312,0.00265647,0.00274614,0.00280402,0.0028452,0.00287982,0.00291691,0.00296239,0.0030168,0.00307814,0.00314334,0.00320775,0.00326837,0.0033307,0.00340394,0.00349625,0.00361885,0.00378115,0.00398635,0.0042343,0.00451004,0.00478972,0.00505564,0.00529929,0.00553355,0.00578369,0.0060813,0.00646603,0.00696041,0.00757422,0.00828811,0.00904901,0.00980837,0.01051985,0.01118084,0.01183553,0.01254906,0.0134158,0.01452607,0.0159345,0.01763714,0.01957942,0.02170662,0.02398604,0.0264109,0.02898341,0.0317209,0.03469402,0.03800983,0.04174333,0.04589937,0.05043395,0.0553462,0.06055235,0.06610229,0.07217356,0.07888549,0.08646224,0.09515225,0.10508993,0.11628379,0.12866188,0.14215474,0.15793549,0.17626781,0.19584004,0.21537263,0.23362992,0.25162586,0.27120041,0.29234921,0.31502605,0.33927372,0.3651285,0.39255381,0.42127712,0.45080054,0.48054887,0.50996439,0.53916255
ETH,2023,0.03075003,0.00331889,0.00303966,0.00279212,0.00255628,0.00231855,0.00207402,0.00182567,0.00159267,0.0013925,0.00124207,0.00115026,0.00111754,0.00114647,0.00123382,0.00137605,0.00156231,0.00177248,0.00198689,0.00218178,0.0023429,0.00246499,0.00254914,0.00260495,0.00264497,0.00267982,0.00271831,0.00276362,0.00281747,0.00287859,0.00294247,0.00300743,0.00306898,0.00312956,0.00319859,0.00328466,0.0033988,0.00355081,0.00374389,0.00397659,0.00423568,0.00449797,0.00474587,0.00497015,0.00518221,0.00540748,0.00567662,0.0060294,0.00648767,0.00706073,0.00773016,0.00844206,0.00915148,0.00981305,0.01042319,0.01102404,0.01167245,0.01246384,0.01347914,0.01476775,0.01633181,0.01811715,0.02008267,0.02219204,0.02443063,0.02680766,0.02934418,0.03211863,0.0352264,0.03873805,0.04267031,0.04698399,0.05166015,0.05670637,0.06212435,0.06802973,0.07458686,0.08193618,0.0903028,0.0998005,0.11044869,0.12218166,0.13494256,0.14950214,0.1660376,0.18372007,0.2017441,0.21936697,0.23729495,0.25678519,0.2778787,0.30051577,0.32472786,0.35055222,0.37795815,0.40664922,0.43617878,0.46588681,0.49525852,0.52417507
ETH,2024,0.03025822,0.00330631,0.00304162,0.00280075,0.00256676,0.00232797,0.00208074,0.00182946,0.00159395,0.00139197,0.00124028,0.00114706,0.00111263,0.00113896,0.00122223,0.00135909,0.001539,0.00174254,0.0019499,0.00213707,0.00229075,0.00240714,0.00248773,0.00254248,0.00258173,0.00261553,0.00265418,0.00269955,0.00275236,0.00281245,0.00287579,0.00293974,0.00300075,0.00305951,0.00312318,0.00320237,0.00330906,0.00345215,0.00363535,0.00385657,0.00410194,0.00434959,0.00458168,0.00478743,0.00497767,0.00517791,0.005419,0.00574164,0.00616701,0.00670311,0.0073318,0.00799903,0.00866113,0.00927354,0.0098315,0.01037473,0.01095713,0.01167162,0.01259056,0.01375962,0.01518559,0.01681925,0.01862598,0.02056536,0.0226184,0.02479765,0.02713013,0.02970424,0.03260232,0.03588762,0.03958918,0.04368157,0.04815667,0.05299995,0.05827621,0.06404197,0.07040292,0.07754692,0.08559285,0.09465316,0.10475709,0.1158523,0.12789286,0.1412431,0.15599773,0.1718095,0.18835182,0.20536099,0.2232687,0.24271496,0.26375885,0.28638242,0.31061241,0.33645524,0.36387569,0.39257891,0.42214672,0.4518899,0.48126148,0.51018866
ETH,2025,0.03105796,0.00343079,0.00316631,0.00292026,0.00267756,0.00242773,0.00216804,0.00190415,0.00165715,0.0014455,0.00128652,0.00118846,0.00115125,0.00117621,0.00125912,0.00139657,0.00157773,0.00178303,0.00199173,0.00217926,0.00233237,0.00244751,0.00252738,0.0025816,0.00262081,0.00265431,0.00269222,0.0027376,0.00279064,0.0028502,0.00291306,0.00297688,0.00303647,0.00309291,0.00315236,0.00322486,0.00332461,0.00346128,0.00363739,0.00385063,0.0040868,0.00432296,0.0045421,0.00473186,0.00490211,0.00507954,0.00529561,0.00559216,0.00599056,0.0064973,0.00709329,0.00772476,0.00834761,0.00891729,0.00942845,0.00991892,0.01044175,0.01108821,0.01192166,0.01298467,0.01428968,0.01579349,0.01746514,0.01925779,0.02114809,0.02315525,0.02531166,0.02770925,0.03042619,0.03351763,0.03702175,0.04092804,0.04523741,0.04994774,0.05507921,0.06073647,0.06697273,0.07391434,0.08171109,0.09039547,0.10002423,0.11055687,0.12195439,0.13420032,0.14730729,0.16139001,0.17657884,0.19305827,0.21099161,0.23046067,0.25150714,0.27413041,0.29839652,0.32429024,0.35174355,0.38045547,0.41001987,0.43973598,0.46906909,0.49792193
ETH,2026,0.03010595,0.00332729,0.0030696,0.00283032,0.00259461,0.00235227,0.00210069,0.00184515,0.00160592,0.00140086,0.00124678,0.00115187,0.00111613,0.00114062,0.00122126,0.00135494,0.00153116,0.00173084,0.00193387,0.00211652,0.0022661,0.00237882,0.00245675,0.00250963,0.00254767,0.00258086,0.00261863,0.00266336,0.00271634,0.00277586,0.00283781,0.00290131,0.00296138,0.00301757,0.00307747,0.00315049,0.00324954,0.00338536,0.00356052,0.00377177,0.00400589,0.00424056,0.00445847,0.00464852,0.00481988,0.00499823,0.00521439,0.00550955,0.00590528,0.00640849,0.00700015,0.00762626,0.00824456,0.00881128,0.00932091,0.00981072,0.01033125,0.01097381,0.01180209,0.01285774,0.01415436,0.01564857,0.01731024,0.01909268,0.02097187,0.02296807,0.02511274,0.02749586,0.03019581,0.03327188,0.03675905,0.04064498,0.04493272,0.0496207,0.05472916,0.06032995,0.06654784,0.07347321,0.08122013,0.08989353,0.09948832,0.10998442,0.1213438,0.13355114,0.14662228,0.16066959,0.17582136,0.19225678,0.21013293,0.22953151,0.25050522,0.27302995,0.29719309,0.3230183,0.35041657,0.37906447,0.40858872,0.43827684,0.46758478,0.49642425
ETH,2027,0.0290016,0.00321489,0.00296686,0.00273683,0.00251028,0.00227714,0.00203455,0.00178804,0.00155713,0.00135907,0.00121025,0.0011186,0.00108445,0.00110903,0.00118823,0.0013191,0.00149151,0.00168695,0.00188574,0.00206476,0.00221174,0.00232305,0.00240015,0.00245226,0.0024898,0.0025224,0.00256034,0.00260503,0.00265749,0.00271714,0.00277937,0.0028425,0.00290242,0.00295922,0.00301881,0.00309207,0.00319139,0.00332602,0.0035,0.00371025,0.00394272,0.00417604,0.00439333,0.00458299,0.00475515,0.00493462,0.00515094,0.00544538,0.00583895,0.00633897,0.00692713,0.00754893,0.00816296,0.00872642,0.00923409,0.0097227,0.01024129,0.01088067,0.01170386,0.01275313,0.01404138,0.01552556,0.01717781,0.01895084,0.02082045,0.02280579,0.02493806,0.02730864,0.02999272,0.03304997,0.0365199,0.04038618,0.04465131,0.04931514,0.05439824,0.05997207,0.06612593,0.07302722,0.0807512,0.08936475,0.09894008,0.10939325,0.12070678,0.13286571,0.14588667,0.15988465,0.17498824,0.19137334,0.20918873,0.22850893,0.24938798,0.27181997,0.29586974,0.32158173,0.34890419,0.37748971,0.40698891,0.4366562,0.46595787,0.49479697
ETH,2028,0.02792705,0.0031049,0.00286619,0.00264497,0.00242728,0.00220316,0.00196933,0.00173157,0.00150882,0.00131772,0.00117413,0.00108577,0.00105312,0.00107759,0.00115539,0.00128352,0.00145202,0.0016432,0.00183782,0.00201319,0.00215736,0.00226686,0.00234331,0.00239508,0.00243212,0.00246431,0.0025017,0.00254642,0.00259869,0.00265773,0.00272005,0.00278365,0.00284324,0.00289991,0.00295999,0.00303266,0.00313184,0.00326611,0.00343826,0.0036468,0.00387801,0.00410972,0.00432603,0.00451559,0.00468768,0.00486792,0.00508463,0.00537834,0.0057701,0.00626682,0.00685091,0.00746824,0.008078,0.00863762,0.00914248,0.00962925,0.01014533,0.0107816,0.01159995,0.01264207,0.01392184,0.01539458,0.01703501,0.01879727,0.02065626,0.02263063,0.02474901,0.02710459,0.02977301,0.03281072,0.03625776,0.04010208,0.04434352,0.04898055,0.05403506,0.05957848,0.06569973,0.07252761,0.08022034,0.08880344,0.09830901,0.10873685,0.11999925,0.13210409,0.14506813,0.15900647,0.17405346,0.19037951,0.2081325,0.22737748,0.24816086,0.27048404,0.2944268,0.32001367,0.34721477,0.37571655,0.40518988,0.43483328,0.4641165,0.49295277
ETH,2029,0.02691423,0.00299989,0.0027703,0.0025576,0.00234828,0.00213277,0.00190739,0.00167794,0.00146286,0.00127836,0.0011398,0.00105462,0.00102347,0.00104779,0.00112409,0.0012497,0.00141461,0.00160168,0.00179237,0.00196441,0.00210595,0.00221356,0.00228904,0.00234073,0.00237774,0.00240956,0.0024466,0.0024907,0.00254292,0.00260173,0.00266347,0.00272741,0.00278762,0.00284405,0.00290397,0.00297694,0.00307525,0.00320891,0.00338029,0.00358671,0.00381625,0.00404704,0.00426238,0.00445172,0.00462427,0.00480463,0.00502164,0.00531523,0.00570567,0.00620011,0.00678079,0.0073939,0.00800006,0.00855663,0.00905877,0.00954346,0.01005703,0.01069039,0.01150496,0.01254152,0.0138136,0.01527671,0.01690598,0.01865725,0.02050665,0.02247156,0.02457871,0.02692074,0.02957429,0.03259651,0.03602428,0.03984559,0.04406635,0.04868146,0.05371114,0.05922791,0.06532079,0.0721178,0.07973641,0.08829128,0.09777034,0.10813335,0.11937745,0.13143814,0.14435593,0.15824539,0.17324395,0.18952293,0.20722713,0.22642102,0.24713995,0.26938136,0.29322874,0.31872668,0.34582536,0.37423261,0.40369349,0.43334705,0.46264445,0.49150114
ETH,2030,0.02594787,0.00289909,0.00267819,0.00247368,0.00227235,0.00206493,0.00184764,0.00162625,0.00141853,0.00124031,0.00110658,0.00102452,0.00099486,0.00101909,0.00109389,0.00121685,0.00137835,0.00156157,0.00174834,0.00191716,0.00205627,0.00216205,0.0022364,0.00228765,0.00232485,0.00235671,0.0023934,0.00243706,0.00248857,0.00254725,0.00260877,0.00267232,0.00273298,0.0027901,0.00284972,0.00292229,0.0030206,0.00315287,0.00332313,0.0035284,0.00375571,0.003985,0.0041999,0.00438888,0.00456163,0.00474255,0.00495907,0.0052523,0.00564189,0.0061343,0.0067123,0.00732147,0.00792382,0.00847757,0.00897738,0.00945972,0.00997022,0.01060032,0.0114109,0.01244244,0.01370777,0.0151612,0.01678012,0.01851983,0.02035806,0.02231316,0.02440918,0.02673883,0.02937723,0.03238275,0.03579319,0.03959268,0.0437886,0.04838163,0.05338799,0.05887804,0.06494203,0.07170766,0.07929183,0.08776637,0.09721423,0.10754989,0.11872567,0.13076701,0.1436386,0.1574792,0.17242857,0.18865558,0.2063091,0.22545027,0.24611326,0.2682862,0.29204319,0.31743859,0.34444357,0.37274688,0.40215702,0.43180499,0.46112065,0.49000093
ETH,2031,0.02501334,0.00280032,0.00258801,0.00239161,0.00219822,0.00199873,0.0017892,0.00157568,0.0013752,0.00120309,0.00107401,0.00099497,0.00096681,0.00099101,0.00106441,0.00118472,0.00134262,0.00152213,0.00170519,0.00187069,0.0020074,0.00211149,0.00218472,0.00223532,0.00227235,0.00230447,0.0023412,0.00238441,0.00243538,0.00249328,0.00255465,0.00261816,0.00267849,0.00273612,0.00279636,0.00286838,0.00296596,0.00309768,0.00326602,0.00346976,0.00369576,0.00392292,0.00413673,0.00432584,0.00449859,0.00467973,0.0048962,0.00518816,0.00557656,0.00606735,0.00664282,0.00724872,0.0078474,0.00839797,0.00889556,0.00937583,0.00988289,0.01050899,0.01131503,0.01234109,0.01360001,0.01504449,0.01665265,0.0183813,0.02020734,0.02215057,0.02423472,0.02655164,0.02917561,0.03216354,0.03555469,0.0393337,0.04350528,0.04807095,0.05305293,0.05851692,0.06455093,0.0712835,0.07883147,0.08726641,0.09662626,0.1069281,0.11807316,0.13004095,0.14289068,0.1566806,0.17157879,0.18775089,0.20534571,0.22442971,0.24503275,0.26714462,0.29082296,0.31611804,0.34301349,0.37121942,0.40056852,0.43017415,0.45949254,0.48840064
ETH,2032,0.02415343,0.00270853,0.00250415,0.00231511,0.00212901,0.00193689,0.00173454,0.0015282,0.00133447,0.0011681,0.00104335,0.00096708,0.00094029,0.00096447,0.00103659,0.00115445,0.00130888,0.00148455,0.00166414,0.00182661,0.00196082,0.00206328,0.00213553,0.00218547,0.0022221,0.0022541,0.00229105,0.00233416,0.00238455,0.00244179,0.00250233,0.0025658,0.00262609,0.00268337,0.00274398,0.00281632,0.00291295,0.00304333,0.00321053,0.00341183,0.00363605,0.00386192,0.00407389,0.00426229,0.0044354,0.00461639,0.00483229,0.00512326,0.00550925,0.00599777,0.00657085,0.00717336,0.00776877,0.00831596,0.00881059,0.00928854,0.00979215,0.01041349,0.01121373,0.01223314,0.01348441,0.01491958,0.01651693,0.01823316,0.02004654,0.02197572,0.02404476,0.02634693,0.0289547,0.0319242,0.03529332,0.03904783,0.04319434,0.04773077,0.05268002,0.05811385,0.06411529,0.0708099,0.07831571,0.08670453,0.09601424,0.10621662,0.11731781,0.12924472,0.14200766,0.1557647,0.17060064,0.18670578,0.20422788,0.22323398,0.24376017,0.2657942,0.28938892,0.31458153,0.34135427,0.36943198,0.39870673,0.42824117,0.4575068,0.48640685
ETH,2033,0.02332507,0.00262,0.00242331,0.00224148,0.00206237,0.00187738,0.00168204,0.00148257,0.00129521,0.00113437,0.00101381,0.00094019,0.00091467,0.00093881,0.00100972,0.0011253,0.00127651,0.00144845,0.00162438,0.00178406,0.00191608,0.0020168,0.00208813,0.00213756,0.0021738,0.00220549,0.00224232,0.00228555,0.00233577,0.00239241,0.00245233,0.00251516,0.00257557,0.00263293,0.00269318,0.00276573,0.00286242,0.0029914,0.00315684,0.00335669,0.00357841,0.00380273,0.00401394,0.00420113,0.00437402,0.00455557,0.00477089,0.00506073,0.0054451,0.00593064,0.0065013,0.00710132,0.00769405,0.008239,0.0087312,0.00920679,0.00970749,0.01032486,0.01111947,0.01213212,0.01337597,0.01480225,0.01639027,0.01809605,0.01989751,0.02181449,0.02386862,0.02615527,0.02874768,0.03170025,0.03505029,0.03878172,0.04290361,0.04741529,0.0523356,0.05773666,0.06370813,0.07036977,0.07783677,0.08618268,0.09544591,0.10560017,0.11660168,0.12848792,0.14121412,0.15488475,0.16969645,0.1857429,0.20320148,0.22213855,0.24259071,0.2645558,0.28807734,0.31319082,0.33986722,0.36783387,0.39703872,0.42652897,0.45575654,0.48463707
ETH,2034,0.02254679,0.00253655,0.00234694,0.00217187,0.00199939,0.00182103,0.0016323,0.00143943,0.00125808,0.00110237,0.00098579,0.00091473,0.0008904,0.00091447,0.00098422,0.00109769,0.00124593,0.00141447,0.00158687,0.00174353,0.00187359,0.00197288,0.00204315,0.00209213,0.00212815,0.00215957,0.00219614,0.0022392,0.00228949,0.00234594,0.00240531,0.00246772,0.0025276,0.00258517,0.00264548,0.00271752,0.00281418,0.00294282,0.00310649,0.00330433,0.00352462,0.00374673,0.00395694,0.00414405,0.00431619,0.00449767,0.00471316,0.00500188,0.00538456,0.00586805,0.0064356,0.00703319,0.00762428,0.00816765,0.00865864,0.00913243,0.00963022,0.0102443,0.0110343,0.01204058,0.01327714,0.01469503,0.01627445,0.01797166,0.01976359,0.02166946,0.023711,0.02598285,0.02855965,0.03149685,0.03483015,0.03854245,0.04264213,0.04713051,0.05202774,0.05740127,0.06334123,0.06997422,0.07740956,0.08571822,0.09494075,0.10505335,0.11601166,0.1278015,0.14049381,0.15413541,0.16886568,0.18489944,0.20230706,0.22118913,0.24158159,0.26348626,0.2869514,0.31200541,0.33861847,0.3665098,0.39567136,0.42513026,0.4543535,0.48323512
ETH,2035,0.02178934,0.00245466,0.00227198,0.00210342,0.00193745,0.00176566,0.00158334,0.00139693,0.00122154,0.00107085,0.0009581,0.00088954,0.00086642,0.00089038,0.00095893,0.00107025,0.00121558,0.00138083,0.00154986,0.0017034,0.00183106,0.00192901,0.00199842,0.00204676,0.00208255,0.00211381,0.00215011,0.00219281,0.00224283,0.00229928,0.00235845,0.00242044,0.00247993,0.00253699,0.00259744,0.0026693,0.00276512,0.00289322,0.00305604,0.00325166,0.00346972,0.00369044,0.00389872,0.00408527,0.00425762,0.00443829,0.00465308,0.00494123,0.00532185,0.00580272,0.00636757,0.00696134,0.00755017,0.00809241,0.00858226,0.00905496,0.00954988,0.01016004,0.01094537,0.01194535,0.01317375,0.01458186,0.01615149,0.01783899,0.01962136,0.02151648,0.0235443,0.02580126,0.02836038,0.03127874,0.03459328,0.03828482,0.04236193,0.04682453,0.05169471,0.05704095,0.06294837,0.06954364,0.07694366,0.08521342,0.09439093,0.10445657,0.11536604,0.12710554,0.13969057,0.15328982,0.16798562,0.18392152,0.20131088,0.22012998,0.24045456,0.26228879,0.28567927,0.31066223,0.33720091,0.36501627,0.39413411,0.42355252,0.45274921,0.48163062
ETH,2036,0.02106997,0.00237677,0.00220061,0.00203814,0.0018782,0.00171264,0.00153651,0.00135618,0.00118649,0.00104066,0.00093156,0.00086532,0.00084335,0.00086724,0.00093461,0.00104381,0.0011863,0.00134842,0.00151433,0.00166504,0.00179026,0.00188648,0.00195521,0.00200313,0.00203852,0.00206965,0.0021058,0.00214815,0.00219773,0.00225386,0.00231304,0.00237499,0.00243415,0.00249089,0.00255078,0.00262259,0.00271796,0.00284477,0.00300663,0.00320108,0.00341682,0.00363548,0.00384282,0.00402797,0.00420015,0.00438114,0.00459458,0.00488139,0.00526076,0.0057389,0.00630079,0.00689156,0.00747701,0.00801784,0.00850734,0.00897934,0.00947245,0.0100791,0.01085952,0.01185369,0.01307472,0.01447296,0.0160322,0.01770971,0.01948237,0.02136781,0.02338348,0.02562562,0.02816841,0.03106736,0.0343613,0.03803204,0.04208716,0.04652614,0.05136937,0.05668705,0.06256548,0.06912551,0.07648445,0.08471585,0.09385148,0.10387089,0.1147317,0.12642112,0.13895483,0.15243999,0.16709372,0.18299492,0.20027557,0.21908099,0.23933947,0.26110521,0.28442126,0.30932532,0.33578908,0.36352864,0.39261237,0.42200138,0.45117489,0.48004602
ETH,2037,0.02036573,0.00229907,0.00212968,0.00197352,0.00181966,0.00166025,0.00149028,0.00131606,0.00115191,0.00101086,0.00090537,0.00084139,0.00082047,0.00084428,0.00091051,0.00101759,0.0011572,0.00131619,0.00147905,0.00162707,0.00175007,0.0018444,0.00191194,0.00195956,0.00199474,0.00202553,0.00206151,0.00210361,0.00215274,0.00220835,0.0022672,0.00232928,0.00238845,0.00244488,0.00250437,0.00257539,0.00267038,0.00279623,0.00295626,0.00314929,0.00336363,0.00357998,0.00378553,0.00397016,0.0041412,0.004322,0.00453521,0.00481984,0.00519694,0.00567296,0.00623143,0.00681857,0.00740118,0.00793904,0.0084276,0.00889941,0.00939082,0.00999468,0.01077013,0.01175765,0.01297105,0.0143594,0.01590715,0.01757293,0.0193344,0.02120877,0.02321207,0.02543954,0.02796432,0.0308433,0.03411379,0.03775924,0.04178954,0.04620247,0.05101776,0.05630335,0.06214737,0.06867146,0.07598681,0.08416782,0.09325561,0.10322485,0.11402984,0.12566077,0.13813421,0.15155684,0.16607821,0.18192383,0.19915751,0.2178283,0.23806302,0.25974454,0.2829684,0.30777181,0.33412914,0.36176726,0.39078988,0.42013152,0.44926581,0.47810301
ETH,2038,0.01970864,0.00222605,0.00206294,0.00191263,0.0017645,0.00161081,0.00144655,0.00127811,0.00111928,0.0009827,0.00088065,0.00081887,0.00079894,0.00082262,0.00088778,0.00099292,0.00112981,0.00128578,0.00144572,0.00159127,0.00171228,0.00180504,0.00187132,0.00191822,0.00195339,0.00198411,0.00201982,0.00206173,0.00211059,0.00216577,0.00222416,0.00228608,0.00234552,0.00240207,0.00246123,0.00253172,0.00262572,0.00275085,0.00290964,0.00310068,0.00331371,0.00352903,0.00373286,0.00391639,0.00408744,0.00426725,0.00447993,0.00476392,0.00513829,0.00561168,0.00616815,0.00675201,0.00733192,0.00786819,0.00835492,0.00882664,0.00931764,0.00991972,0.01069212,0.01167436,0.01288105,0.01426139,0.01580003,0.01745554,0.01920682,0.02107161,0.02306444,0.02528075,0.02779194,0.03065406,0.03390609,0.0375295,0.04153713,0.04592865,0.05072183,0.05598361,0.0617998,0.06829381,0.07557819,0.0837213,0.09276558,0.1026975,0.1134637,0.12505173,0.137481,0.15085841,0.16533553,0.18105401,0.19825035,0.21689869,0.23701369,0.25871079,0.28188358,0.30663292,0.33293355,0.36051623,0.38953328,0.41888451,0.4480462,0.47691921
ETH,2039,0.01908986,0.00215785,0.0020003,0.00185526,0.00171236,0.00156402,0.00140506,0.00124196,0.00108816,0.00095586,0.00085701,0.0007973,0.00077833,0.00080183,0.00086584,0.00096903,0.00110329,0.00125625,0.00141321,0.00155628,0.00167543,0.00176678,0.00183202,0.00187802,0.00191266,0.00194338,0.00197894,0.00202043,0.00206896,0.00212374,0.00218163,0.00224315,0.00230245,0.00235927,0.00241845,0.00248836,0.00258146,0.00270506,0.00286257,0.00305185,0.00326257,0.0034765,0.0036795,0.0038616,0.00403169,0.00421141,0.00442238,0.00470497,0.00507768,0.00554713,0.00609999,0.00668094,0.00725731,0.00779094,0.00827616,0.00874581,0.00923551,0.00983601,0.01060497,0.01158215,0.01278126,0.01415181,0.01568019,0.01732444,0.01906323,0.02091541,0.02289502,0.02509737,0.02759328,0.03043705,0.03366689,0.03726568,0.04124528,0.04560789,0.05037312,0.0556054,0.0613894,0.06784555,0.07508843,0.08318815,0.0921809,0.10205626,0.112771,0.1243054,0.13667586,0.1499915,0.16440628,0.18005924,0.19709068,0.21567864,0.23574974,0.25729537,0.28046091,0.30512699,0.33133934,0.35883129,0.38779718,0.41711843,0.44626852,0.47514844
ETH,2040,0.01847917,0.00208986,0.00193791,0.00179816,0.00166049,0.0015175,0.00136389,0.0012061,0.00105725,0.00092923,0.00083362,0.00077593,0.00075792,0.00078129,0.00084417,0.00094536,0.00107699,0.00122704,0.00138103,0.00152154,0.00163878,0.00172883,0.0017932,0.00183855,0.00187255,0.00190286,0.00193845,0.00197976,0.00202784,0.00208229,0.00213983,0.00220101,0.00226004,0.00231683,0.00237631,0.00244612,0.00253843,0.00266078,0.00281641,0.00300418,0.00321312,0.00342499,0.00362711,0.00380903,0.00397817,0.00415711,0.00436771,0.00464805,0.00501881,0.00548618,0.00603488,0.00661217,0.0071864,0.00771751,0.0082011,0.00866994,0.00915717,0.0097561,0.01052302,0.01149618,0.01268984,0.01405193,0.01557061,0.01720513,0.01893337,0.02077368,0.02274025,0.02492935,0.02741109,0.03023933,0.03345066,0.03702679,0.04098222,0.04531752,0.05005486,0.05526032,0.06101594,0.06744057,0.07464595,0.08270486,0.0916556,0.10148291,0.11214456,0.12363227,0.1359546,0.14921675,0.16357739,0.17917371,0.19614555,0.21455913,0.23458148,0.25610081,0.27912177,0.30379518,0.32993539,0.35735267,0.38628233,0.41558159,0.44473391,0.47363453
ETH,2041,0.01791598,0.00202706,0.00188012,0.00174509,0.00161215,0.00147403,0.00132536,0.00117253,0.00102825,0.00090417,0.00081161,0.00075585,0.00073869,0.00076194,0.00082377,0.00092306,0.00105211,0.00119936,0.0013506,0.00148863,0.00160393,0.00169268,0.0017563,0.00180115,0.0018347,0.00186444,0.0018996,0.00194084,0.00198865,0.00204258,0.00209978,0.0021607,0.00221943,0.00227596,0.00233533,0.00240522,0.00249713,0.00261823,0.00277216,0.00295768,0.00316497,0.00337516,0.00357552,0.003757,0.00392624,0.00410416,0.00431338,0.00459262,0.00496017,0.00542473,0.00597078,0.00654329,0.00711404,0.00764356,0.00812507,0.00859241,0.009078,0.00967358,0.01043777,0.01140762,0.01259595,0.01395072,0.01545986,0.01708384,0.01880165,0.02063055,0.02258324,0.02475759,0.02722401,0.03003577,0.03322915,0.03678387,0.04071422,0.04502298,0.04973038,0.05490492,0.06063048,0.06702272,0.07419197,0.08220835,0.09111334,0.10089558,0.11150545,0.12293645,0.13520891,0.14841914,0.16272362,0.17826012,0.19516895,0.21351688,0.23334362,0.25481841,0.27781731,0.30234716,0.32849869,0.3558505,0.38475181,0.41403542,0.44318979,0.47211776
ETH,2042,0.01735094,0.00196355,0.00182172,0.00169153,0.00156336,0.00143015,0.00128645,0.00113863,0.00099902,0.00087888,0.00078934,0.00073554,0.00071928,0.00074236,0.00080314,0.00090054,0.00102697,0.00117128,0.0013197,0.00145529,0.0015686,0.0016559,0.0017187,0.00176314,0.0017964,0.00182577,0.00186037,0.00190111,0.00194878,0.00200239,0.00205908,0.00211977,0.00217833,0.00223463,0.00229372,0.00236336,0.0024551,0.00257538,0.00272765,0.0029111,0.00311597,0.0033246,0.00352363,0.00370381,0.00387298,0.00405111,0.00425886,0.00453607,0.00490179,0.00536232,0.00590508,0.00647458,0.00704076,0.00756742,0.00804802,0.00851361,0.00899704,0.00959028,0.01035004,0.011316,0.01249995,0.01384777,0.01534878,0.01696256,0.01866923,0.02048699,0.02242642,0.02458518,0.02703472,0.0298288,0.03300322,0.0365371,0.04044364,0.04472485,0.04940315,0.05454458,0.06023563,0.06659355,0.07372542,0.08170022,0.09055681,0.10028895,0.11084891,0.12222312,0.13443351,0.14758826,0.16183674,0.17730969,0.19415019,0.21242607,0.23217735,0.25343615,0.27638577,0.30088455,0.32688127,0.35422835,0.38308767,0.41234085,0.4414805,0.47041164
ETH,2043,0.01683155,0.00190447,0.0017673,0.00164157,0.00151784,0.00138917,0.0012501,0.00110697,0.00097171,0.00085532,0.00076858,0.00071657,0.00070118,0.00072413,0.00078389,0.00087953,0.00100356,0.00114511,0.00129075,0.00142401,0.00153551,0.00162141,0.00168332,0.00172734,0.00176043,0.00178961,0.00182386,0.00186401,0.00191114,0.00196459,0.00202098,0.00208127,0.00213968,0.00219588,0.0022547,0.00232391,0.00241514,0.00253489,0.00268599,0.00286752,0.00307028,0.00327667,0.00347456,0.00365392,0.00382213,0.00400028,0.00420787,0.00448297,0.00484594,0.00530404,0.00584234,0.00640833,0.00697201,0.00749476,0.00797316,0.00843823,0.00891927,0.00950973,0.01026626,0.0112267,0.01240592,0.01374821,0.01524195,0.0168475,0.01854385,0.02035017,0.02227714,0.02442154,0.02685396,0.0296294,0.03278439,0.03629729,0.04018167,0.04443781,0.04908707,0.05419749,0.0598529,0.06617303,0.0732669,0.08120035,0.09001122,0.09969206,0.11019842,0.12151949,0.13366937,0.14675695,0.16094666,0.17635733,0.19312601,0.21132403,0.23099241,0.25216582,0.2748775,0.29931654,0.32526656,0.35244516,0.38131174,0.41051053,0.43960839,0.4685113
ETH,2044,0.0162462,0.00183795,0.00170631,0.00158571,0.00146708,0.0013436,0.00120972,0.00107179,0.00094136,0.00082909,0.00074547,0.00069542,0.00068091,0.00070372,0.00076237,0.000856,0.00097737,0.00111594,0.00125852,0.00138909,0.00149858,0.00158304,0.00164393,0.00168734,0.00172016,0.00174919,0.00178317,0.00182286,0.00186927,0.00192208,0.00197828,0.00203837,0.00209647,0.00215261,0.00221133,0.00228012,0.00237064,0.00248943,0.0026395,0.00281941,0.00301997,0.00322425,0.00342018,0.00359889,0.00376669,0.00394402,0.00415131,0.00442572,0.00478576,0.00524026,0.00577561,0.00633654,0.00689695,0.00741789,0.00789303,0.00835642,0.00883646,0.00942393,0.01017675,0.01113291,0.01230553,0.01364162,0.0151293,0.01672732,0.01841533,0.02021109,0.02212524,0.02425612,0.02667279,0.02942955,0.0325644,0.03605612,0.0399186,0.04415205,0.0487758,0.0538564,0.05947994,0.06576299,0.07281764,0.08071234,0.08948191,0.09911982,0.1095782,0.1208504,0.13295329,0.14598659,0.16011769,0.17547826,0.19219471,0.21033251,0.22993784,0.25105098,0.27370347,0.29793542,0.32386906,0.35104919,0.37985096,0.40913926,0.43827805,0.46724146
ETH,2045,0.01574842,0.0017843,0.00165755,0.00154151,0.00142731,0.00130835,0.00117883,0.00104519,0.00091872,0.00080982,0.0007288,0.00068041,0.00066674,0.00068965,0.0007478,0.00084038,0.00096012,0.00109692,0.00123777,0.0013668,0.00147512,0.00155872,0.00161914,0.00166222,0.00169489,0.00172395,0.00175778,0.00179716,0.00184307,0.00189515,0.00195073,0.00201051,0.00206821,0.00212377,0.00218204,0.00225024,0.00233974,0.00245714,0.00260563,0.002784,0.00298258,0.00318447,0.00337813,0.0035546,0.00372119,0.00389711,0.00410216,0.00437469,0.0047323,0.00518191,0.00571173,0.00626808,0.00682215,0.00733874,0.00781076,0.00826893,0.00874465,0.00932831,0.01007451,0.01102263,0.01218609,0.01351015,0.01498682,0.01657375,0.01824863,0.02002963,0.02192582,0.02403604,0.02643001,0.02916036,0.03226434,0.03572328,0.03955154,0.043749,0.04833466,0.05337225,0.05894798,0.06517853,0.07217256,0.08000207,0.08870479,0.09827559,0.10866298,0.11985772,0.13188077,0.14483392,0.15888003,0.17414544,0.19077414,0.20882038,0.22832376,0.2493372,0.27188987,0.29602289,0.32171456,0.3488425,0.37767014,0.40689598,0.4361312,0.4651526
ETH,2046,0.01524149,0.00172911,0.00160738,0.00149609,0.00138651,0.00127216,0.00114711,0.00101792,0.00089551,0.00079008,0.0007117,0.00066501,0.00065222,0.0006752,0.00073278,0.00082427,0.00094237,0.00107729,0.00121636,0.00134388,0.001451,0.00153355,0.00159343,0.00163627,0.00166877,0.00169774,0.00173136,0.00177052,0.00181606,0.00186758,0.0019224,0.00198143,0.00203886,0.00209404,0.00215169,0.0022193,0.00230789,0.00242387,0.00257055,0.00274692,0.00294368,0.00314355,0.00333492,0.00350936,0.00367385,0.00384849,0.00405182,0.00432133,0.00467615,0.00512235,0.00564629,0.00619657,0.00674597,0.00725635,0.0077243,0.00817936,0.00864927,0.00922738,0.0099681,0.01090747,0.01206063,0.01337348,0.01483621,0.01641065,0.01807304,0.01983912,0.02171839,0.02380746,0.02617679,0.02887987,0.03195237,0.035376,0.03916639,0.04332455,0.04786886,0.05286215,0.0583895,0.0645634,0.07149466,0.07925208,0.08787753,0.0973738,0.10768325,0.118796,0.13072996,0.14359018,0.15754758,0.17271151,0.18922527,0.20716447,0.22655523,0.24744878,0.26987614,0.29388116,0.31944374,0.34630716,0.37511208,0.40434809,0.4335102,0.46261607
ETH,2047,0.01474002,0.00167507,0.00155801,0.00145112,0.00134596,0.00123609,0.00111539,0.00099058,0.00087225,0.00077027,0.00069455,0.00064957,0.00063767,0.00066077,0.00071776,0.00080809,0.00092455,0.00105764,0.00119484,0.00132084,0.00142684,0.00150832,0.00156752,0.00161012,0.00164257,0.00167147,0.0017048,0.00174372,0.00178901,0.00184013,0.0018944,0.00195256,0.00200928,0.00206424,0.00212149,0.00218835,0.00227608,0.00239083,0.00253574,0.00270999,0.00290461,0.00310277,0.00329237,0.00346487,0.00362755,0.00380006,0.00400183,0.00426894,0.00461986,0.00506242,0.00558235,0.00612648,0.00666991,0.00717618,0.0076384,0.00808964,0.00855622,0.00912752,0.00986128,0.01079358,0.0119363,0.01323748,0.01468807,0.01624792,0.01789754,0.01965074,0.02151442,0.02358515,0.02593128,0.02860731,0.03165005,0.03504075,0.0387939,0.04291252,0.047416,0.05236602,0.05784874,0.06397122,0.07084199,0.0785328,0.08708262,0.09650364,0.10673889,0.11777516,0.12962926,0.14240177,0.15627281,0.1713494,0.18776145,0.20558515,0.22487286,0.24566702,0.26798531,0.29187987,0.31733378,0.3440934,0.37272906,0.40198665,0.43120884,0.46029331
ETH,2048,0.0142932,0.00162573,0.00151306,0.0014103,0.00130919,0.00120347,0.00108675,0.00096588,0.0008512,0.00075235,0.00067901,0.00063555,0.00062445,0.00064764,0.00070413,0.00079343,0.00090836,0.00103982,0.00117543,0.00130001,0.00140501,0.00148563,0.00154417,0.00158637,0.00161873,0.00164763,0.00168065,0.00171922,0.00176421,0.00181505,0.00186894,0.00192648,0.00198241,0.00203673,0.00209376,0.00216014,0.00224689,0.00236052,0.00250395,0.00267625,0.00286871,0.00306493,0.00325319,0.00342438,0.00358547,0.00375626,0.00395575,0.00422086,0.00456882,0.00500689,0.00552295,0.00606332,0.00660106,0.00710215,0.0075611,0.00800704,0.0084698,0.00903726,0.00976321,0.01068748,0.01182232,0.01311252,0.01455141,0.01609959,0.01773517,0.01947617,0.02132743,0.02338231,0.02570944,0.02836134,0.03137611,0.03473741,0.03845772,0.04253949,0.04700403,0.05191368,0.05735538,0.06343327,0.07025221,0.0778822,0.08636583,0.09571707,0.10588121,0.11684891,0.12863306,0.14133223,0.15512755,0.17012472,0.18645753,0.20418813,0.22337067,0.24408457,0.26632477,0.29013488,0.31550757,0.34219378,0.37082921,0.39998605,0.42929683,0.45851554
ETH,2049,0.01385734,0.00157645,0.00146823,0.00136965,0.0012726,0.00117095,0.00105821,0.00094126,0.00083017,0.0007344,0.00066341,0.00062144,0.00061109,0.00063433,0.00069025,0.00077845,0.00089175,0.0010214,0.00115531,0.00127843,0.00138223,0.0014619,0.00151983,0.00156156,0.00159363,0.00162246,0.00165524,0.00169342,0.00173797,0.00178843,0.00184198,0.001899,0.00195429,0.0020078,0.00206411,0.0021301,0.00221604,0.00232827,0.00247012,0.00264046,0.00283062,0.00302455,0.0032109,0.00338091,0.00354076,0.00370978,0.00390711,0.00416904,0.00451391,0.00494781,0.00545818,0.00599399,0.00652759,0.00702283,0.00747651,0.00791887,0.00837548,0.00893764,0.00965774,0.01057155,0.01169556,0.01297536,0.01440079,0.01593502,0.01755678,0.01928116,0.02111748,0.02315629,0.02546303,0.02809064,0.03107529,0.03440309,0.03808767,0.04212996,0.04655039,0.05141283,0.0568066,0.06283259,0.06959439,0.07715855,0.08556609,0.09483929,0.10491807,0.11579862,0.12749747,0.14010798,0.15381411,0.16871115,0.18493706,0.20255961,0.22161712,0.24219773,0.26432514,0.28802218,0.31327319,0.33984062,0.36841872,0.39754159,0.42671989,0.45598898
ETH,2050,0.0134046,0.00152595,0.00142212,0.00132765,0.00123471,0.00113724,0.00102856,0.00091571,0.00080838,0.0007158,0.00064728,0.0006069,0.00059736,0.00062067,0.00067605,0.00076318,0.0008749,0.00100275,0.0011349,0.00125662,0.00135938,0.00143807,0.00149544,0.00153685,0.00156866,0.00159732,0.00162985,0.00166776,0.00171189,0.0017619,0.0018151,0.00187171,0.00192654,0.00197948,0.00203498,0.00210015,0.00218546,0.00229658,0.00243671,0.0026052,0.00279329,0.00298504,0.00316937,0.00333787,0.00349687,0.00366475,0.00386014,0.00411934,0.00446029,0.00489042,0.00539613,0.00592618,0.00645561,0.00694746,0.00739592,0.00783337,0.00828635,0.00884154,0.00955522,0.0104619,0.01157398,0.01284196,0.01425653,0.01577709,0.01738489,0.01909532,0.02091458,0.02293742,0.02522662,0.027832,0.03079042,0.03408709,0.03773685,0.04174242,0.04612235,0.05093905,0.05628554,0.06226137,0.06896856,0.07647286,0.08481204,0.09401169,0.10401348,0.1148106,0.12642505,0.13895313,0.15257937,0.16739138,0.18352064,0.20104078,0.21999693,0.24046573,0.26246997,0.2860673,0.31121942,0.33768304,0.36622627,0.39534017,0.42453954,0.45373476
ETH,2051,0.01301337,0.00148139,0.00138138,0.00129053,0.00120111,0.00110726,0.00100217,0.00089287,0.00078887,0.00069912,0.00063274,0.00059375,0.00058491,0.00060825,0.00066308,0.00074916,0.00085939,0.00098556,0.001116,0.00123624,0.00133797,0.00141578,0.00147248,0.00151357,0.00154519,0.00157363,0.00160577,0.00164339,0.00168719,0.00173673,0.00178946,0.00184562,0.00190009,0.0019526,0.00200748,0.00207171,0.00215594,0.00226613,0.00240484,0.00257135,0.00275745,0.00294723,0.00312961,0.00329641,0.0034541,0.00362111,0.0038151,0.00407169,0.00440906,0.00483435,0.00533565,0.00586082,0.00638453,0.00687267,0.00731821,0.0077505,0.00819818,0.00874883,0.00945401,0.01035258,0.01145591,0.01271039,0.01411208,0.01562129,0.01721495,0.01891082,0.02071542,0.02271967,0.02499107,0.02757685,0.03051081,0.03377995,0.0373967,0.04136569,0.04570717,0.05048105,0.05578047,0.06170507,0.06835761,0.07580279,0.08407795,0.09320951,0.10313547,0.11385404,0.1253834,0.13782434,0.15136959,0.16609666,0.18213472,0.19955151,0.21840053,0.23877301,0.26066865,0.28415105,0.30921692,0.33559992,0.36411432,0.39322154,0.42244144,0.45168604
ETH,2052,0.01260144,0.00143364,0.00133786,0.00125097,0.00116546,0.00107552,0.00097428,0.00086882,0.00076833,0.00068161,0.00061752,0.00057998,0.00057189,0.00059527,0.00064954,0.00073456,0.00084323,0.00096768,0.00109642,0.00121516,0.00131574,0.00139268,0.00144883,0.0014895,0.00152096,0.00154929,0.00158104,0.00161822,0.00166167,0.00171083,0.00176308,0.00181868,0.00187275,0.00192494,0.00197938,0.00204288,0.0021259,0.00223467,0.00237208,0.00253682,0.00272073,0.00290854,0.00308912,0.00325426,0.00341048,0.00357622,0.00376916,0.00402378,0.00435776,0.00477861,0.00527431,0.00579485,0.00631374,0.00679651,0.00723879,0.00766833,0.00811046,0.00865478,0.00935402,0.01024222,0.01133564,0.01257995,0.01396671,0.01546208,0.01704368,0.01872427,0.02051291,0.02250029,0.02475009,0.02731477,0.0302256,0.0334674,0.03705321,0.0409856,0.04528659,0.05001742,0.05527018,0.06114094,0.06773432,0.07511624,0.08332318,0.09238543,0.10223525,0.11286971,0.12431193,0.13665752,0.15010905,0.16474328,0.18068305,0.19799396,0.21672227,0.23697374,0.25875179,0.28209923,0.30702038,0.33328482,0.36173752,0.39079485,0.41998894,0.44923396
ETH,2053,0.01229227,0.00139794,0.00130509,0.00122095,0.00113821,0.00105114,0.00095276,0.00085021,0.00075244,0.00066802,0.00060573,0.00056936,0.00056185,0.00058531,0.00063919,0.00072342,0.00083098,0.00095419,0.00108173,0.00119947,0.00129926,0.00137551,0.00143135,0.00147188,0.00150323,0.0015316,0.0015631,0.0015999,0.00164294,0.00169179,0.00174373,0.00179866,0.00185209,0.00190378,0.00195773,0.00202052,0.00210228,0.00220927,0.00234468,0.00250757,0.00268923,0.00287439,0.00305256,0.00321543,0.0033693,0.00353253,0.00372289,0.00397468,0.00430454,0.00471949,0.0052081,0.00572079,0.006233,0.00670904,0.00714388,0.00756771,0.00800466,0.00853987,0.00922817,0.01010488,0.01118127,0.01240984,0.01378045,0.01525452,0.0168158,0.01847734,0.02024456,0.0222086,0.02443299,0.02696623,0.02984528,0.0330557,0.03660514,0.04049745,0.04475225,0.04943211,0.05463425,0.0604483,0.06697696,0.07428905,0.08242311,0.09141401,0.10119136,0.11174936,0.12310971,0.13537232,0.14873694,0.163283,0.17913893,0.19636571,0.21500931,0.23516975,0.25686287,0.28014131,0.30498908,0.33118523,0.35966893,0.38878786,0.41807005,0.44743886
ETH,2054,0.01201007,0.00136638,0.00127582,0.00119395,0.00111351,0.00102893,0.00093313,0.00083318,0.00073787,0.00065559,0.00059492,0.00055964,0.00055269,0.00057621,0.00062977,0.00071332,0.00081988,0.000942,0.00106848,0.00118535,0.00128452,0.00136015,0.00141562,0.00145609,0.00148745,0.00151579,0.0015471,0.00158366,0.00162632,0.00167476,0.00172644,0.00178088,0.00183372,0.00188483,0.0019383,0.00200056,0.00208131,0.00218686,0.00232031,0.00248106,0.00266085,0.00284382,0.0030196,0.0031804,0.00333225,0.00349318,0.00368091,0.00392963,0.00425608,0.00466632,0.00514855,0.00565447,0.00615921,0.00662938,0.00705829,0.00747508,0.007907,0.00843638,0.00911431,0.00997857,0.01104217,0.01225382,0.01360853,0.01506695,0.01660742,0.01824913,0.01999947,0.02194183,0.02414217,0.02664919,0.02949597,0.03267741,0.03619667,0.04005426,0.04427088,0.04890596,0.05406183,0.05982639,0.06629924,0.07354792,0.08161457,0.09054128,0.10025453,0.11074895,0.1220428,0.13423331,0.14752781,0.16199656,0.17777466,0.19493128,0.21350764,0.23360338,0.25522816,0.27844729,0.3032541,0.32940852,0.3579193,0.38711921,0.41651652,0.44602842
ETH,2055,0.01170389,0.00133211,0.00124408,0.00116467,0.0010868,0.0010049,0.00091187,0.00081477,0.0007221,0.0006421,0.00058319,0.00054906,0.00054272,0.00056631,0.00061947,0.00070227,0.00080774,0.00092864,0.00105396,0.00116986,0.00126834,0.00134337,0.00139841,0.00143868,0.00147009,0.00149851,0.00152951,0.00156582,0.00160817,0.00165617,0.0017074,0.00176126,0.00181356,0.00186404,0.00191685,0.00197847,0.00205821,0.00216236,0.0022939,0.00245219,0.0026294,0.00281012,0.00298354,0.00314187,0.00329154,0.00345013,0.00363505,0.00388014,0.00420225,0.00460763,0.00508368,0.00558237,0.00607949,0.00654169,0.0069644,0.00737462,0.00779904,0.0083215,0.00899101,0.0098415,0.0108888,0.01208528,0.01341962,0.01485918,0.01638118,0.01799859,0.01972715,0.02164824,0.0238214,0.02629806,0.02911175,0.03225676,0.03574085,0.03956215,0.04373745,0.04832672,0.05343271,0.05914131,0.06555373,0.07273479,0.0807258,0.08957817,0.09921806,0.10964009,0.12086268,0.13297839,0.14619471,0.16058369,0.17627333,0.19334193,0.21184102,0.23186491,0.25342281,0.27657363,0.30132444,0.32744539,0.35599487,0.3852624,0.41478831,0.4444694
ETH,2056,0.01142045,0.00130016,0.00121454,0.00113744,0.00106193,0.00098254,0.00089205,0.00079757,0.00070738,0.00062949,0.00057221,0.00053914,0.00053333,0.00055697,0.00060974,0.00069177,0.00079616,0.00091589,0.00104002,0.00115493,0.00125269,0.00132709,0.00138177,0.00142179,0.00145312,0.00148163,0.00151245,0.00154843,0.00159051,0.00163818,0.00168896,0.00174214,0.00179393,0.00184392,0.00189611,0.00195702,0.00203579,0.00213874,0.00226867,0.00242487,0.00259952,0.00277766,0.00294905,0.00310535,0.00325281,0.00340929,0.00359179,0.00383358,0.00415141,0.00455178,0.00502256,0.0055154,0.00600564,0.00646094,0.00687642,0.00728094,0.00769944,0.00821362,0.00887506,0.00971579,0.01074782,0.01192812,0.0132471,0.0146664,0.0161702,0.01776978,0.01947583,0.02137471,0.02352583,0.02597417,0.02875647,0.03187056,0.03531827,0.03910524,0.04324544,0.04779405,0.05285764,0.05851527,0.06486988,0.07198877,0.07991072,0.08869079,0.09825711,0.10860729,0.11975916,0.13180428,0.14494734,0.15925388,0.17485727,0.19182889,0.21023174,0.23017187,0.25165169,0.27472839,0.29940228,0.32545764,0.35401259,0.3832988,0.41286541,0.44263852
ETH,2057,0.0111519,0.00126957,0.00118613,0.00111117,0.00103785,0.00096079,0.00087277,0.00078078,0.00069296,0.00061713,0.00056141,0.00052937,0.00052409,0.00054774,0.00060012,0.00068139,0.00078468,0.00090321,0.00102618,0.00114007,0.00123708,0.00131084,0.00136513,0.00140495,0.00143614,0.00146461,0.00149525,0.001531,0.00157269,0.00162002,0.00167044,0.00172291,0.00177399,0.00182346,0.0018751,0.00193526,0.00201294,0.00211462,0.00224302,0.00239725,0.00256955,0.00274494,0.00291376,0.00306817,0.00321365,0.00336778,0.00354787,0.00378649,0.00410003,0.00449502,0.00495978,0.00544709,0.00593123,0.00637969,0.00678837,0.00718545,0.00759824,0.00810514,0.00875625,0.00958651,0.01060624,0.01176977,0.01307045,0.01447283,0.01595469,0.01753429,0.01922202,0.02109535,0.02322056,0.02564278,0.02839215,0.03147293,0.03488599,0.03863277,0.04273504,0.04724436,0.05226534,0.0578746,0.06417096,0.07122429,0.07907649,0.08778461,0.09727374,0.10754642,0.1186232,0.1305941,0.1436655,0.15789458,0.17341016,0.19029119,0.20859415,0.22843921,0.24984184,0.27285072,0.29746454,0.3234626,0.35203296,0.38137286,0.41101527,0.44089268
ETH,2058,0.01085747,0.00123619,0.00115517,0.00108258,0.0010117,0.00093721,0.00085185,0.00076263,0.00067737,0.00060377,0.00054978,0.00051885,0.00051414,0.00053784,0.00058981,0.00067029,0.00077245,0.0008897,0.00101146,0.00112434,0.00122059,0.0012937,0.00134761,0.00138727,0.00141842,0.00144685,0.00147722,0.00151276,0.00155417,0.00160108,0.00165114,0.00170298,0.00175335,0.0018021,0.00185315,0.00191264,0.00198913,0.00208934,0.00221605,0.00236832,0.0025383,0.00271104,0.00287699,0.00302882,0.00317237,0.00332428,0.00350156,0.00373685,0.00404606,0.0044354,0.00489345,0.00537413,0.00585223,0.00629439,0.00669604,0.00708581,0.00749082,0.00799031,0.0086317,0.00944853,0.01045454,0.0116039,0.012885,0.01426663,0.01572939,0.01728428,0.01895081,0.0208023,0.02289727,0.02528834,0.02800608,0.03105113,0.03442623,0.03813397,0.04219132,0.04665769,0.05163742,0.05719799,0.06343884,0.0704261,0.078205,0.08684122,0.09625468,0.10644765,0.11744555,0.12934034,0.14233999,0.15649794,0.17193659,0.18873067,0.20694626,0.22669714,0.24801503,0.27096102,0.29552434,0.32148419,0.35008992,0.37950207,0.40926307,0.43928758
ETH,2059,0.01057351,0.00120359,0.00112493,0.00105464,0.00098613,0.00091416,0.0008314,0.00074483,0.0006621,0.00059065,0.00053833,0.0005085,0.00050431,0.00052803,0.00057956,0.0006592,0.00076021,0.00087616,0.0009966,0.0011084,0.00120386,0.00127624,0.00132973,0.00136918,0.00140029,0.00142874,0.00145881,0.00149405,0.00153521,0.0015818,0.00163142,0.00168264,0.00173239,0.00178043,0.00183075,0.00188955,0.00196499,0.00206375,0.00218868,0.00233897,0.0025068,0.0026771,0.0028405,0.00298967,0.00313077,0.00328068,0.00345549,0.00368729,0.00399229,0.00437633,0.00482788,0.00530177,0.00577326,0.00620982,0.00660563,0.00698848,0.00738645,0.00787696,0.00850924,0.00931425,0.01030455,0.01143959,0.01270542,0.01406658,0.01550797,0.01704313,0.01868542,0.02051398,0.02258482,0.02494264,0.02762621,0.0306398,0.03397715,0.03764528,0.04166215,0.04608138,0.05101911,0.05653546,0.06272367,0.06965121,0.0773598,0.08592337,0.09526327,0.10537953,0.1162967,0.12811065,0.14103419,0.15511665,0.17047978,0.18719202,0.20531528,0.22497475,0.24619579,0.26905618,0.29355636,0.31946599,0.34809067,0.37754362,0.40738123,0.43752536
ETH,2060,0.01030665,0.00117283,0.00109633,0.00102817,0.00096188,0.00089229,0.00081201,0.00072797,0.0006476,0.00057823,0.00052748,0.00049868,0.00049503,0.00051876,0.00056988,0.00064876,0.00074866,0.00086342,0.00098268,0.00109343,0.00118814,0.0012599,0.00131297,0.00135224,0.00138331,0.00141179,0.00144166,0.00147659,0.00151743,0.00156375,0.00161306,0.00166363,0.00171281,0.00176029,0.0018099,0.0018679,0.00194234,0.00203983,0.00216309,0.0023114,0.00247715,0.00264528,0.00280645,0.00295333,0.00309196,0.00323943,0.00341211,0.00364091,0.00394171,0.00432082,0.00476653,0.00523409,0.00569904,0.00612961,0.00652047,0.0068978,0.00728928,0.00777185,0.00839372,0.009188,0.01016483,0.0112839,0.01253491,0.01388083,0.01530174,0.01681539,0.01843929,0.02024257,0.02228907,0.02462119,0.0272696,0.03025026,0.03355607,0.03718662,0.04116432,0.04554335,0.05043688,0.05591119,0.06205492,0.06892957,0.07657876,0.08507729,0.09434817,0.10439587,0.11524213,0.12698091,0.13983197,0.15384474,0.16913975,0.18578563,0.20383722,0.22341535,0.24455828,0.26733702,0.2917693,0.31763618,0.3462905,0.3758026,0.40572615,0.43599412
ETH,2061,0.01005417,0.00114352,0.00106899,0.00100278,0.00093854,0.00087116,0.00079322,0.00071159,0.0006335,0.00056608,0.00051685,0.00048902,0.00048585,0.00050958,0.00056027,0.00063835,0.00073716,0.00085067,0.00096873,0.00107843,0.0011723,0.00124339,0.00129605,0.00133507,0.00136604,0.0013945,0.00142413,0.00145878,0.00149922,0.00154513,0.00159412,0.00164411,0.00169262,0.00173952,0.00178849,0.00184565,0.00191888,0.00201505,0.00213667,0.00228292,0.00244638,0.00261221,0.00277119,0.00291592,0.0030523,0.00319712,0.003367,0.00359292,0.00388974,0.00426349,0.00470319,0.0051645,0.00562276,0.00604678,0.00643174,0.00680395,0.00718984,0.00766447,0.0082763,0.00905748,0.01002078,0.01112477,0.01235743,0.01368669,0.01509065,0.0165815,0.01818271,0.01996426,0.02198103,0.02428389,0.02690135,0.02984357,0.03311134,0.03670548,0.04064015,0.04497372,0.04982293,0.05524441,0.06133655,0.06815635,0.07574141,0.08417296,0.09336825,0.10333646,0.11410373,0.12576007,0.13852546,0.15245129,0.16766114,0.18422307,0.20219216,0.22168134,0.24272509,0.26540901,0.28974504,0.31553301,0.344193,0.37374463,0.40374341,0.43411738
ETH,2062,0.00980677,0.00111468,0.00104208,0.00097775,0.00091548,0.00085027,0.00077463,0.0006954,0.00061956,0.00055409,0.00050635,0.00047951,0.00047681,0.00050054,0.00055082,0.00062812,0.00072584,0.00083814,0.00095499,0.0010637,0.00115679,0.00122717,0.00127943,0.00131826,0.00134913,0.00137758,0.00140698,0.00144136,0.00148149,0.00152699,0.00157557,0.00162502,0.00167298,0.00171923,0.00176761,0.00182405,0.0018961,0.0019908,0.00211081,0.00225515,0.00241638,0.00257984,0.00273662,0.00287937,0.00301373,0.00315624,0.00332323,0.0035457,0.00383884,0.00420773,0.0046413,0.00509659,0.00554865,0.00596636,0.00634518,0.00671159,0.00709263,0.00756065,0.0081629,0.00893203,0.00988005,0.01096985,0.01218631,0.01349642,0.01488335,0.01635671,0.0179355,0.01969264,0.02168554,0.02395583,0.02654127,0.0294526,0.03267999,0.03623473,0.04013209,0.04442098,0.04922565,0.0546005,0.06063654,0.06740191,0.07492975,0.08329912,0.09242767,0.10232124,0.11301062,0.12458953,0.13727605,0.15111633,0.1662388,0.18271584,0.20060202,0.22001011,0.24096595,0.26355201,0.28779617,0.31349415,0.34213689,0.37171414,0.40177409,0.43224369
ETH,2063,0.00957588,0.00108728,0.00101662,0.00095422,0.00089391,0.00083076,0.00075731,0.00068032,0.00060659,0.00054294,0.00049658,0.00047063,0.00046837,0.00049209,0.00054197,0.00061855,0.00071524,0.00082641,0.00094214,0.00104986,0.00114224,0.00121198,0.00126379,0.00130243,0.00133324,0.00136166,0.00139085,0.001425,0.00146486,0.00151004,0.00155822,0.00160709,0.00165458,0.00170034,0.0017481,0.0018039,0.00187497,0.00196832,0.00208669,0.00222928,0.00238856,0.00254983,0.00270448,0.00284537,0.00297802,0.00311859,0.0032832,0.00350233,0.00379146,0.00415617,0.00458455,0.00503406,0.00548054,0.00589282,0.00626607,0.00662678,0.00700259,0.00746518,0.00805983,0.00881812,0.00975287,0.01082753,0.01202977,0.01332414,0.01469255,0.01614958,0.01771276,0.01944719,0.02141496,0.0236607,0.02621265,0.02909406,0.03229154,0.03580697,0.03966662,0.04392016,0.04868447,0.05401628,0.06000726,0.06671832,0.07419491,0.08251542,0.09158893,0.1014245,0.11204912,0.12356059,0.13618346,0.1499568,0.16500574,0.18140914,0.19922723,0.21857243,0.2394706,0.26199567,0.28617408,0.31181925,0.34047015,0.37009315,0.40024641,0.43084744
ETH,2064,0.00935605,0.00106115,0.00099223,0.00093154,0.00087305,0.00081184,0.00074045,0.0006656,0.0005939,0.00053201,0.000487,0.00046192,0.00046008,0.00048378,0.00053326,0.0006091,0.00070479,0.00081482,0.00092944,0.0010362,0.00112782,0.00119695,0.00124835,0.00128671,0.00131743,0.00134584,0.00137477,0.00140866,0.00144822,0.00149307,0.0015409,0.00158915,0.00163605,0.00168133,0.00172855,0.00178362,0.0018537,0.00194579,0.00206249,0.00220311,0.00236038,0.00251954,0.002672,0.00281086,0.00294171,0.00308047,0.00324288,0.00345896,0.00374386,0.00410356,0.0045269,0.00497095,0.00541142,0.00581822,0.00618618,0.00654119,0.00691127,0.00736743,0.00795496,0.00870353,0.00962504,0.01068509,0.01187026,0.01314899,0.01450028,0.01593702,0.01748327,0.01919952,0.02114097,0.02335744,0.02588056,0.02872597,0.03188963,0.0353715,0.03918741,0.04339836,0.04812464,0.05340943,0.0593496,0.06600725,0.07342042,0.08168444,0.09070167,0.10047472,0.11103378,0.12247172,0.13501938,0.14871794,0.16368676,0.18000121,0.19772909,0.21698894,0.23780576,0.26025315,0.28434986,0.30991083,0.3385429,0.36817085,0.39836922,0.42906324
ETH,2065,0.00912699,0.00103393,0.00096681,0.00090789,0.00085123,0.00079205,0.0007228,0.00065016,0.00058057,0.00052051,0.00047691,0.00045275,0.00045133,0.000475,0.00052404,0.00059908,0.00069367,0.0008025,0.00091589,0.00102159,0.00111241,0.00118082,0.00123181,0.00126992,0.00130049,0.00132887,0.00135758,0.00139116,0.0014304,0.00147489,0.00152234,0.00157,0.00161625,0.00166092,0.0017076,0.001762,0.00183095,0.00192172,0.00203676,0.00217531,0.00233029,0.00248718,0.00263746,0.00277417,0.00290296,0.00303971,0.00319993,0.00341301,0.0036938,0.00404802,0.00446517,0.00490369,0.00533826,0.00573891,0.00610135,0.00645073,0.00681488,0.00726383,0.00784283,0.00858177,0.00949075,0.01053573,0.01170387,0.01296335,0.01429715,0.01571459,0.01723921,0.01893534,0.02085467,0.02303995,0.02552848,0.02834208,0.03146471,0.03490811,0.03868583,0.04284705,0.04752688,0.05276679,0.0586516,0.06524958,0.07260042,0.08079542,0.08974927,0.0994599,0.10995049,0.12131651,0.1337854,0.14740018,0.16228472,0.17850839,0.19613549,0.21529364,0.2360149,0.25837166,0.28238281,0.30785807,0.33645567,0.3660809,0.39630437,0.42706445
ETH,2066,0.00889142,0.0010056,0.00094051,0.00088356,0.00082891,0.00077184,0.00070485,0.00063449,0.00056705,0.00050885,0.00046667,0.00044342,0.00044244,0.00046606,0.00051464,0.00058887,0.00068233,0.0007899,0.00090207,0.00100667,0.00109664,0.00116437,0.00121488,0.00125278,0.00128324,0.00131155,0.00134004,0.00137338,0.00141229,0.00145642,0.00150351,0.00155059,0.00159627,0.00164031,0.00168636,0.00174013,0.00180807,0.00189745,0.00201087,0.00214747,0.00230016,0.00245462,0.0026027,0.00273738,0.0028641,0.0029987,0.00315664,0.00336686,0.00364378,0.00399293,0.00440373,0.00483587,0.00526487,0.00565988,0.00601643,0.00636027,0.00671886,0.0071607,0.00773074,0.00845905,0.00935629,0.01038783,0.01153945,0.01278084,0.01409444,0.01549341,0.01699877,0.01867123,0.02056797,0.02272829,0.02518227,0.02796037,0.03104926,0.03444957,0.03818733,0.04230878,0.04693906,0.05213024,0.05796796,0.06450821,0.07179779,0.07993397,0.08882135,0.09847341,0.10890841,0.12021378,0.13262242,0.14616868,0.16098074,0.17713393,0.19468658,0.21376358,0.2344085,0.25670174,0.28066157,0.30609973,0.33472712,0.36440816,0.39473001,0.42562433
ETH,2067,0.00868329,0.00098058,0.00091708,0.0008617,0.00080872,0.00075346,0.00068842,0.00062012,0.00055462,0.0004981,0.00045722,0.00043481,0.00043423,0.00045781,0.00050595,0.00057939,0.0006718,0.00077817,0.00088914,0.00099272,0.00108186,0.00114889,0.00119897,0.00123659,0.00126697,0.00129522,0.00132344,0.00135653,0.00139515,0.00143891,0.00148562,0.00153214,0.00157727,0.00162078,0.00166618,0.00171924,0.00178626,0.00187442,0.00198622,0.00212099,0.00227163,0.0024238,0.00256963,0.00270238,0.00282729,0.00295985,0.00311551,0.00332297,0.00359642,0.00394106,0.00434627,0.00477218,0.00519504,0.00558512,0.00593668,0.00627497,0.00662845,0.00706399,0.00762573,0.00834363,0.00922884,0.01024855,0.01138624,0.01261094,0.01390651,0.01528513,0.01677298,0.01842522,0.02029669,0.02243275,0.02486014,0.02760385,0.03065594,0.03402181,0.03771526,0.04179544,0.04638659,0.05152477,0.05730988,0.06379927,0.07102689,0.07910084,0.0879263,0.09750842,0.10788158,0.11912725,0.13147139,0.14494935,0.15968141,0.1757476,0.19321278,0.21219461,0.23273398,0.2549235,0.27878904,0.30414253,0.33273737,0.36240355,0.3927303,0.42366186
ETH,2068,0.0084905,0.00095782,0.00089556,0.00084145,0.00078988,0.00073623,0.00067297,0.00060656,0.0005429,0.00048797,0.00044831,0.0004267,0.00042651,0.00045006,0.00049781,0.00057054,0.00066197,0.00076726,0.00087713,0.00097977,0.00106821,0.00113462,0.00118432,0.00122175,0.00125201,0.00128027,0.00130827,0.00134107,0.0013794,0.00142285,0.00146919,0.00151516,0.00155975,0.00160273,0.00164757,0.00169991,0.00176594,0.00185296,0.00196331,0.00209625,0.00224495,0.00239504,0.00253871,0.00266942,0.00279255,0.00292325,0.00307668,0.00328131,0.00355133,0.00389175,0.00429183,0.00471216,0.00512883,0.00551314,0.00586017,0.00619358,0.0065417,0.00697122,0.0075253,0.00823319,0.00910618,0.01011326,0.01123827,0.0124485,0.01372686,0.01508672,0.01655438,0.01818774,0.02003703,0.02214538,0.02454618,0.02726322,0.0302793,0.03360705,0.03726521,0.04129927,0.04584981,0.05094729,0.05667667,0.06311126,0.07028681,0.07830128,0.08706641,0.09659001,0.1068974,0.11808679,0.13038043,0.14380219,0.15847515,0.17447042,0.19185834,0.210764,0.2312211,0.25332093,0.27710333,0.30238967,0.33098103,0.36067446,0.39105565,0.42206734
ETH,2069,0.00828348,0.00093419,0.00087326,0.00082051,0.0007704,0.00071839,0.00065698,0.00059251,0.00053069,0.0004774,0.00043898,0.00041817,0.00041834,0.00044182,0.00048912,0.00056105,0.00065137,0.00075543,0.0008641,0.00096567,0.0010533,0.00111907,0.00116832,0.00120553,0.00123571,0.0012639,0.00129169,0.00132421,0.00136217,0.00140526,0.00145122,0.00149657,0.00154057,0.00158297,0.00162721,0.00167885,0.00174378,0.00182945,0.00193827,0.00206934,0.00221584,0.00236369,0.00250514,0.00263365,0.00275464,0.00288329,0.00303442,0.00323593,0.00350198,0.00383764,0.00423224,0.00464672,0.00505712,0.00543493,0.00577597,0.00610445,0.00644735,0.00686989,0.00741571,0.00811311,0.00897289,0.0099655,0.01107507,0.01227023,0.0135317,0.01487157,0.01631853,0.01792773,0.0197535,0.02183425,0.02420121,0.02688761,0.02987146,0.03315703,0.03677058,0.04076247,0.04526095,0.05030917,0.05598841,0.06235647,0.06946662,0.07742238,0.08611947,0.09557489,0.10581663,0.11693264,0.12916569,0.14253193,0.15714375,0.17307553,0.1903879,0.20921292,0.22959375,0.2516155,0.27531859,0.30054073,0.32914562,0.35889147,0.38936699,0.42050881
ETH,2070,0.00809445,0.00091235,0.00085251,0.00080091,0.00075209,0.00070154,0.00064181,0.00057915,0.00051907,0.00046731,0.00043008,0.00041003,0.00041054,0.00043395,0.0004808,0.00055195,0.00064123,0.00074409,0.00085156,0.0009521,0.0010389,0.001104,0.00115285,0.0011898,0.00121987,0.00124801,0.00127555,0.00130783,0.00134546,0.00138814,0.00143371,0.0014785,0.0015219,0.00156374,0.00160738,0.00165835,0.00172228,0.00180662,0.00191385,0.00204316,0.00218765,0.00233326,0.0024726,0.00259912,0.00271805,0.00284454,0.00299343,0.00319208,0.00345429,0.00378521,0.00417445,0.00458353,0.00498824,0.0053603,0.00569532,0.00601803,0.0063563,0.00677273,0.0073102,0.00799765,0.00884525,0.00982411,0.01091831,0.0120977,0.01334405,0.01466676,0.01609423,0.01768139,0.01948103,0.02153612,0.0238732,0.02652534,0.02947721,0.03272962,0.03629958,0.04024505,0.04470168,0.04969463,0.05532131,0.06163612,0.06867615,0.07656677,0.08520441,0.09459124,0.10476461,0.11581465,0.1279748,0.14127972,0.1558358,0.17170525,0.18895205,0.20769713,0.22799228,0.24993323,0.27355467,0.29869708,0.32728516,0.35705228,0.38758814,0.41882915
ETH,2071,0.00790349,0.00089042,0.00083164,0.00078117,0.00073365,0.0006846,0.00062655,0.00056571,0.00050742,0.00045722,0.00042118,0.00040192,0.00040278,0.00042612,0.00047254,0.00054293,0.00063118,0.00073288,0.00083919,0.00093872,0.00102476,0.00108921,0.00113767,0.00117444,0.0012044,0.00123253,0.00125988,0.00129188,0.00132925,0.00137157,0.00141674,0.00146097,0.00150383,0.0015451,0.00158816,0.00163846,0.00170143,0.00178456,0.00189022,0.0020177,0.00216028,0.00230383,0.00244102,0.00256562,0.00268267,0.00280703,0.00295353,0.00314936,0.003408,0.00373428,0.00411813,0.00452187,0.00492129,0.00528809,0.00561775,0.00593455,0.00626721,0.00667806,0.00720803,0.00788536,0.00872129,0.00968739,0.01076693,0.01193052,0.01316089,0.01446818,0.015879,0.01744535,0.01922105,0.02124768,0.02355684,0.02617883,0.02909491,0.0323145,0.03585072,0.03975109,0.04416154,0.04911087,0.05467931,0.0609391,0.067924,0.07574525,0.0843178,0.09364634,0.10375227,0.114735,0.12683228,0.14006478,0.15456137,0.17037734,0.18756149,0.20623679,0.22644264,0.24828481,0.2718094,0.2968536,0.32538427,0.35512077,0.38566128,0.41693924
ETH,2072,0.00772727,0.00086997,0.00081216,0.00076272,0.00071637,0.0006687,0.00061223,0.00055306,0.0004964,0.00044764,0.00041271,0.00039415,0.00039533,0.00041858,0.00046455,0.00053418,0.00062139,0.00072195,0.00082711,0.00092561,0.00101083,0.00107465,0.00112265,0.00115918,0.00118905,0.0012171,0.00124423,0.00127598,0.00131301,0.00135499,0.00139977,0.00144339,0.00148571,0.00152645,0.00156891,0.00161854,0.00168056,0.00176249,0.00186666,0.0019923,0.00213286,0.00227439,0.00240958,0.00253217,0.00264738,0.00276979,0.00291393,0.00310676,0.00336181,0.00368366,0.00406213,0.00446035,0.00485438,0.0052162,0.0055409,0.00585239,0.00617922,0.00658338,0.00710628,0.00777421,0.008598,0.00955146,0.01061687,0.0117648,0.01297848,0.01426878,0.015664,0.0172117,0.01896389,0.02096338,0.02324053,0.02583306,0.02871618,0.03189712,0.03539801,0.03926177,0.04362504,0.04852349,0.05404342,0.06023922,0.06716413,0.07492885,0.08342893,0.0926905,0.1027375,0.11365181,0.12568288,0.13885306,0.15327759,0.16903787,0.18617512,0.20479511,0.22494097,0.24670801,0.27015558,0.29513535,0.32365524,0.35340538,0.38399855,0.41537361
ETH,2073,0.00753344,0.00084777,0.00079111,0.00074285,0.00069781,0.00065164,0.00059688,0.00053954,0.00048462,0.00043739,0.00040365,0.00038585,0.00038735,0.00041051,0.000456,0.00052478,0.00061088,0.0007102,0.00081413,0.00091155,0.00099592,0.00105903,0.00110662,0.00114288,0.00117264,0.00120067,0.00122755,0.00125904,0.00129576,0.00133735,0.00138175,0.00142478,0.00146647,0.00150664,0.00154853,0.00159744,0.00165844,0.00173909,0.0018417,0.00196547,0.00210387,0.00224315,0.00237623,0.00249683,0.00260999,0.00273033,0.00287213,0.00306177,0.00331278,0.00362987,0.00400281,0.00439513,0.0047832,0.0051396,0.00545928,0.00576553,0.00608679,0.00648361,0.00699776,0.00765611,0.00846775,0.00940725,0.01045782,0.0115898,0.01278604,0.01405763,0.01543461,0.01696375,0.01869353,0.02066497,0.02290998,0.02546705,0.02831627,0.03145982,0.03491724,0.03874066,0.04306383,0.0479082,0.05336943,0.05950892,0.06636122,0.07406089,0.08249848,0.09168128,0.10165565,0.11250579,0.12446426,0.13756258,0.15191992,0.16760247,0.18468025,0.20324857,0.2233308,0.24502707,0.26838804,0.29328239,0.32177727,0.35152759,0.38214943,0.41359215
ETH,2074,0.00735508,0.00082706,0.00077141,0.00072421,0.00068034,0.00063554,0.00058237,0.00052674,0.00047347,0.00042767,0.00039503,0.00037793,0.00037973,0.00040278,0.0004478,0.00051576,0.00060076,0.00069885,0.00080156,0.00089793,0.00098146,0.00104388,0.001091,0.00112703,0.00115664,0.00118459,0.00121127,0.00124245,0.00127885,0.00132006,0.00136404,0.00140651,0.00144762,0.00148718,0.00152848,0.00157673,0.00163672,0.00171612,0.0018172,0.00193915,0.00207553,0.00221258,0.00234352,0.00246223,0.00257352,0.00269177,0.0028313,0.003018,0.0032651,0.00357731,0.00394486,0.00433166,0.00471391,0.00506481,0.00537951,0.00568092,0.00599712,0.00638735,0.00689269,0.00754044,0.00834071,0.00926736,0.01030288,0.01141945,0.01259931,0.01385279,0.0152111,0.01672031,0.01842933,0.02037569,0.02258963,0.02511325,0.02792444,0.03103201,0.03444987,0.0382269,0.04250859,0.04730912,0.05271099,0.0587862,0.06557715,0.07320132,0.08157018,0.09068756,0.10057944,0.11135319,0.12324591,0.13626728,0.15054836,0.16616006,0.18315486,0.20165882,0.22168234,0.24330487,0.26658421,0.29138475,0.31983216,0.34956642,0.38020154,0.41168585
ETH,2075,0.00717737,0.0008066,0.00075199,0.00070586,0.00066318,0.00061973,0.00056812,0.00051416,0.00046252,0.00041815,0.00038658,0.00037019,0.00037229,0.00039523,0.00043978,0.00050698,0.00059092,0.00068783,0.00078937,0.00088472,0.00096747,0.00102925,0.00107596,0.00111174,0.00114127,0.00116917,0.00119563,0.0012266,0.00126268,0.00130355,0.00134717,0.00138907,0.00142966,0.00146869,0.00150937,0.00155698,0.00161605,0.00169424,0.00179385,0.00191406,0.0020485,0.00218349,0.00231232,0.00242908,0.00253861,0.00265496,0.0027922,0.00297608,0.00321956,0.0035271,0.00388919,0.00427065,0.00464753,0.00499312,0.00530279,0.00559943,0.00591103,0.00629532,0.00679279,0.00743004,0.00821804,0.0091329,0.01015486,0.01125613,0.01242056,0.01365752,0.01499836,0.01648796,0.01817568,0.02009971,0.02228693,0.02477965,0.02755671,0.03062586,0.03400798,0.03774548,0.04198234,0.04674155,0.05209976,0.05811548,0.06484298,0.07241112,0.08070912,0.08976449,0.09959948,0.11029895,0.12212679,0.13509514,0.14931278,0.16486448,0.1818082,0.20025001,0.22023378,0.24182435,0.26505995,0.28981633,0.31826069,0.34801739,0.37871418,0.41029306
ETH,2076,0.00702271,0.00078797,0.00073402,0.00068862,0.00064681,0.00060443,0.00055415,0.00050168,0.00045153,0.00040848,0.00037792,0.00036216,0.00036449,0.00038725,0.00043122,0.00049744,0.00058019,0.00067571,0.00077583,0.00086991,0.00095163,0.00101267,0.0010589,0.00109439,0.00112376,0.00115161,0.0011779,0.00120868,0.00124454,0.00128509,0.00132839,0.00136985,0.00140999,0.00144863,0.00148888,0.00153594,0.00159419,0.00167133,0.00176957,0.00188816,0.00202082,0.00215385,0.00228076,0.00239566,0.00250343,0.00261806,0.00275316,0.00293413,0.00317403,0.00347709,0.00383375,0.00420942,0.00458069,0.00492098,0.00522536,0.00551674,0.00582318,0.00620131,0.00669072,0.00731743,0.008092,0.00899242,0.01000001,0.01108534,0.01223196,0.01345062,0.01477265,0.01624051,0.01790336,0.01979999,0.02195815,0.02441893,0.0271581,0.03018569,0.03352115,0.03721386,0.04140347,0.04610654,0.05141102,0.05736955,0.06402235,0.07151514,0.07974383,0.08871413,0.09847288,0.1091006,0.12083963,0.1337266,0.14787567,0.16334721,0.18021481,0.19859116,0.21849761,0.24003426,0.26322447,0.28792812,0.31637269,0.34614623,0.37689363,0.40856666
ETH,2077,0.00688128,0.00077071,0.00071741,0.00067269,0.0006317,0.00059032,0.00054132,0.00049023,0.00044144,0.0003996,0.00036997,0.0003548,0.00035734,0.00037993,0.00042336,0.00048871,0.00057032,0.00066459,0.00076342,0.00085632,0.00093711,0.00099746,0.00104326,0.00107852,0.00110776,0.00113552,0.00116171,0.00119229,0.00122792,0.00126823,0.00131121,0.00135226,0.001392,0.00143024,0.00147013,0.00151671,0.00157417,0.00165034,0.00174738,0.0018645,0.00199555,0.00212681,0.00225199,0.00236529,0.00247143,0.00258436,0.00271755,0.00289601,0.00313254,0.00343156,0.00378349,0.00415391,0.00451981,0.00485527,0.00515506,0.00544159,0.00574306,0.00611545,0.00659782,0.00721538,0.00797838,0.00886536,0.00985842,0.01092996,0.01206138,0.0132628,0.01456803,0.01601691,0.01765741,0.01952834,0.02165838,0.02409182,0.02679964,0.02979022,0.03308524,0.03673217,0.04088065,0.04553743,0.05078628,0.05669249,0.06329042,0.07071487,0.07887323,0.08778096,0.09746153,0.10802101,0.11970065,0.13250762,0.14658651,0.16200452,0.17880747,0.19712526,0.21698329,0.23845859,0.26161075,0.28628711,0.31474682,0.34455883,0.37536667,0.40713397
ETH,2078,0.00674692,0.00075407,0.00070144,0.00065744,0.00061724,0.00057681,0.00052901,0.00047924,0.00043172,0.00039102,0.00036226,0.00034764,0.00035038,0.00037278,0.00041567,0.00048015,0.00056066,0.00065367,0.00075124,0.00084298,0.00092278,0.00098243,0.00102776,0.00106274,0.00109182,0.00111946,0.00114545,0.00117583,0.00121117,0.00125117,0.00129386,0.00133445,0.00137377,0.00141163,0.00145106,0.00149718,0.00155385,0.00162896,0.00172475,0.00184038,0.00196972,0.00209914,0.00222255,0.00233421,0.00243879,0.00254999,0.00268112,0.00285709,0.00309038,0.00338517,0.0037323,0.00409759,0.00445804,0.00478827,0.00508339,0.00536529,0.00566174,0.00602806,0.00650316,0.00711172,0.00786346,0.0087375,0.00971534,0.01077096,0.01188736,0.01307209,0.01435912,0.01578853,0.01740668,0.01925125,0.02135117,0.02375369,0.02643005,0.02938498,0.03263821,0.03623908,0.04033727,0.04494545,0.05013908,0.05597949,0.06251481,0.06987691,0.07795599,0.08678211,0.09638877,0.10685642,0.11845601,0.13118881,0.14516894,0.16049795,0.17722892,0.19546005,0.21523346,0.23663083,0.25968925,0.28429555,0.31273866,0.34254778,0.3733813,0.40519686
ETH,2079,0.0066009,0.00073639,0.00068451,0.0006413,0.000602,0.0005626,0.00051608,0.00046771,0.00042156,0.00038205,0.0003542,0.00034017,0.00034312,0.00036533,0.00040765,0.00047122,0.00055059,0.00064229,0.00073852,0.00082908,0.00090789,0.00096681,0.00101168,0.0010464,0.00107537,0.00110294,0.00112878,0.00115896,0.00119409,0.00123378,0.00127615,0.00131634,0.00135523,0.0013927,0.00143174,0.00147735,0.00153328,0.00160739,0.00170188,0.00181601,0.0019437,0.00207126,0.00219287,0.00230288,0.00240588,0.00251541,0.00264441,0.0028177,0.00304772,0.0033384,0.00368054,0.00404066,0.00439583,0.00472078,0.00501082,0.00528798,0.00557958,0.00593973,0.00640717,0.00700647,0.00774715,0.00860869,0.0095721,0.01061138,0.01171089,0.0128796,0.01414963,0.01555892,0.0171551,0.01897437,0.02104468,0.02341575,0.02605887,0.02898048,0.03219622,0.03575289,0.03980456,0.04435943,0.04950151,0.05528379,0.06175074,0.06905263,0.07707119,0.08582049,0.09534908,0.10574792,0.11726285,0.12992285,0.14383905,0.15907903,0.17573539,0.19391403,0.21362044,0.23495529,0.25796074,0.28250436,0.31095843,0.34081087,0.37170985,0.40362223
ETH,2080,0.00645639,0.00071895,0.00066783,0.00062538,0.00058695,0.00054858,0.00050332,0.00045632,0.00041153,0.00037321,0.00034625,0.00033279,0.00033594,0.00035796,0.00039974,0.00046239,0.00054061,0.00063102,0.00072592,0.00081528,0.00089314,0.00095132,0.00099571,0.00103017,0.00105901,0.00108654,0.00111225,0.00114224,0.00117712,0.00121655,0.00125859,0.00129835,0.00133687,0.00137393,0.00141257,0.00145771,0.00151285,0.001586,0.00167924,0.00179184,0.00191789,0.00204365,0.00216348,0.00227185,0.00237328,0.00248116,0.00260816,0.00277876,0.00300541,0.00329208,0.00362949,0.00398439,0.00433438,0.00465437,0.00493943,0.00521159,0.00549838,0.00585273,0.00631262,0.00690252,0.00763218,0.0084818,0.00943162,0.01045575,0.0115383,0.01268938,0.01394344,0.01533412,0.01690794,0.01870263,0.02074484,0.02308526,0.02569468,0.02858109,0.03176176,0.03527871,0.03928536,0.04378999,0.04887413,0.05460045,0.0610049,0.06823721,0.0761931,0.08487999,0.09432916,0.10464681,0.11609258,0.12866279,0.14250206,0.15767523,0.17423635,0.19233533,0.21198228,0.23323884,0.25616752,0.28064349,0.30905798,0.33891098,0.36984261,0.4018044
ETH,2081,0.00633244,0.00070355,0.00065291,0.00061098,0.00057316,0.00053558,0.00049137,0.00044553,0.0004019,0.00036462,0.00033844,0.00032545,0.00032869,0.00035043,0.00039153,0.00045312,0.00052999,0.00061886,0.00071217,0.00080002,0.00087656,0.00093382,0.00097749,0.00101145,0.00103994,0.00106717,0.00109262,0.00112228,0.00115674,0.00119567,0.00123723,0.00127646,0.00131448,0.0013511,0.00138924,0.00143382,0.00148819,0.00156027,0.00165221,0.0017632,0.00188743,0.00201132,0.00212939,0.00223612,0.00233605,0.00244235,0.00256736,0.00273535,0.0029585,0.00324085,0.00357341,0.00392299,0.00426744,0.00458234,0.00486258,0.00512971,0.00541115,0.00575939,0.00621164,0.00679164,0.00750934,0.00834601,0.00928166,0.01029027,0.01135577,0.0124877,0.01372259,0.01509415,0.01664542,0.0184131,0.02042568,0.02273467,0.02530882,0.0281569,0.03129771,0.03477455,0.03873829,0.04319173,0.04821865,0.05387969,0.06022159,0.06738892,0.0752716,0.08389406,0.09328057,0.10351852,0.11488611,0.12739082,0.14114378,0.15624836,0.17275651,0.19077524,0.21036319,0.23158682,0.25446993,0.27891231,0.30736348,0.33727216,0.36831791,0.40044142
ETH,2082,0.00623673,0.00069143,0.00064088,0.00059913,0.00056164,0.00052456,0.00048116,0.00043628,0.00039361,0.0003572,0.0003317,0.00031911,0.00032244,0.00034393,0.00038443,0.0004451,0.00052081,0.00060832,0.00070021,0.00078674,0.00086211,0.00091849,0.00096156,0.00099505,0.00102319,0.00105014,0.00107532,0.00110467,0.00113876,0.00117723,0.00121828,0.00125705,0.00129459,0.00133077,0.00136847,0.00141248,0.00146614,0.00153727,0.00162797,0.00173753,0.00186012,0.00198227,0.00209872,0.00220401,0.00230254,0.00240739,0.00253059,0.00269621,0.00291628,0.00319466,0.00352263,0.00386745,0.00420706,0.00451717,0.0047931,0.00505593,0.0053325,0.00567489,0.00612019,0.00669152,0.00739836,0.0082229,0.00914552,0.01014039,0.01119101,0.0123064,0.01352319,0.01487518,0.01640662,0.01815078,0.02013533,0.0224155,0.02495792,0.0277706,0.03087302,0.03430963,0.03823456,0.04264316,0.04761584,0.05321618,0.05948912,0.06659344,0.07440822,0.082954,0.09227262,0.10244351,0.11372558,0.12614187,0.13981848,0.15482099,0.1712443,0.18919087,0.20867129,0.22980354,0.25261418,0.27696663,0.30536625,0.33524979,0.3662819,0.3984366
ETH,2083,0.00613557,0.00067921,0.00062891,0.00058746,0.00055038,0.00051386,0.00047127,0.00042732,0.0003856,0.00035002,0.00032513,0.00031292,0.00031632,0.00033753,0.00037743,0.00043715,0.0005117,0.00059787,0.00068834,0.00077355,0.0008478,0.00090334,0.00094577,0.00097885,0.00100663,0.00103326,0.00105816,0.00108718,0.00112088,0.0011589,0.00119946,0.00123772,0.00127482,0.00131053,0.00134778,0.00139127,0.00144416,0.00151433,0.0016038,0.00171185,0.00183283,0.00195324,0.002068,0.00217181,0.00226898,0.00237234,0.00249369,0.00265691,0.00287384,0.0031483,0.00347155,0.00381129,0.00414602,0.0044515,0.0047229,0.00498141,0.00525335,0.00558983,0.00602769,0.00659014,0.00728621,0.0080983,0.00900718,0.00998777,0.01102358,0.0121228,0.01332218,0.01465377,0.01616268,0.01788366,0.01984094,0.02209069,0.02460093,0.02737858,0.03044213,0.03383634,0.0377186,0.04208379,0.04700618,0.05254634,0.05875281,0.06578573,0.07353489,0.08201112,0.09125194,0.10135529,0.11257399,0.12490645,0.13849795,0.15343221,0.16976252,0.18763969,0.20706901,0.22811895,0.25087154,0.27519524,0.30360463,0.33353272,0.36465546,0.39692886
ETH,2084,0.00602541,0.00066606,0.00061599,0.00057482,0.00053814,0.0005022,0.00046046,0.00041751,0.00037683,0.00034219,0.000318,0.0003062,0.00030969,0.00033062,0.00036986,0.00042856,0.00050183,0.00058654,0.00067548,0.00075922,0.00083222,0.00088684,0.00092862,0.00096122,0.00098871,0.00101506,0.00103968,0.00106839,0.00110171,0.00113929,0.00117936,0.00121711,0.0012537,0.00128897,0.00132572,0.00136865,0.00142083,0.00148998,0.0015782,0.00168475,0.00180402,0.00192269,0.00203575,0.00213797,0.00223369,0.00233553,0.00245491,0.00261558,0.0028292,0.00309956,0.00341802,0.00375244,0.0040819,0.00438262,0.00464958,0.00490347,0.00517063,0.00550128,0.00593146,0.00648432,0.0071692,0.00796881,0.00886356,0.0098291,0.01084959,0.01193284,0.01311535,0.01442744,0.01591312,0.0176083,0.01953896,0.02175952,0.02423639,0.02697916,0.030005,0.03335723,0.03719554,0.04151427,0.04638921,0.05187491,0.05801718,0.06498301,0.07265909,0.08106929,0.0902406,0.10026553,0.1114185,0.12368833,0.13719471,0.15204331,0.16830869,0.186095,0.20545976,0.22646376,0.24913765,0.27340737,0.30182578,0.33176883,0.36293766,0.39529462
ETH,2085,0.00592665,0.00065364,0.00060367,0.00056269,0.00052634,0.00049091,0.00044999,0.000408,0.0003683,0.00033457,0.00031107,0.00029969,0.00030326,0.00032392,0.00036255,0.00042027,0.00049232,0.00057563,0.00066311,0.00074547,0.00081725,0.00087097,0.0009121,0.00094423,0.00097135,0.00099743,0.00102176,0.00105012,0.00108304,0.00112017,0.00115975,0.00119702,0.00123312,0.00126792,0.0013042,0.00134655,0.00139798,0.00146617,0.00155311,0.00165815,0.00177576,0.00189263,0.00200405,0.00210475,0.002199,0.00229935,0.00241686,0.00257504,0.00278544,0.00305179,0.00336558,0.00369494,0.00401918,0.00431499,0.00457759,0.0048271,0.00508933,0.00541422,0.00583707,0.00638045,0.00705384,0.00784106,0.00872217,0.00967272,0.01067748,0.01174446,0.01291046,0.01420363,0.01566702,0.0173356,0.01923679,0.02142867,0.02387324,0.02657953,0.02956738,0.03287822,0.03667211,0.04094176,0.04576424,0.05119611,0.05727708,0.06417439,0.07177755,0.08010895,0.08920914,0.09915899,0.11022877,0.1224277,0.13586697,0.1506234,0.16679609,0.18451103,0.20377402,0.22470072,0.24731292,0.27148897,0.29987716,0.32983305,0.3610287,0.39344716
ETH,2086,0.00582576,0.00064169,0.00059196,0.00055126,0.0005153,0.00048041,0.00044026,0.00039918,0.00036039,0.00032747,0.00030459,0.00029359,0.00029722,0.00031761,0.00035563,0.00041241,0.00048327,0.00056521,0.00065128,0.00073233,0.00080297,0.00085582,0.00089632,0.00092802,0.00095481,0.00098059,0.00100468,0.00103271,0.00106523,0.00110191,0.00114101,0.00117781,0.00121346,0.00124781,0.00128362,0.00132544,0.00137613,0.00144336,0.00152911,0.00163268,0.00174867,0.00186387,0.00197364,0.00207289,0.00216577,0.0022646,0.00238029,0.00253609,0.00274333,0.00300579,0.00331502,0.00363947,0.0039588,0.00424985,0.00450808,0.00475349,0.00501127,0.00533048,0.00574635,0.00628092,0.00694325,0.00771804,0.00858594,0.00952246,0.0105121,0.01156312,0.01271312,0.01398877,0.01543168,0.01707606,0.01894852,0.02111029,0.02352485,0.02619768,0.0291479,0.03241938,0.03617193,0.04039487,0.04516553,0.05054242,0.05656776,0.06340513,0.07094008,0.07919972,0.08822266,0.09810381,0.10910276,0.12122082,0.13459433,0.14929149,0.16537945,0.18301197,0.20221847,0.22306033,0.24561672,0.26975893,0.29812578,0.32810552,0.35937697,0.39189075
ETH,2087,0.00571663,0.00062885,0.00057939,0.000539,0.00050343,0.00046911,0.00042979,0.00038968,0.00035188,0.00031985,0.00029763,0.00028702,0.00029073,0.00031082,0.00034818,0.00040393,0.00047353,0.00055398,0.00063849,0.0007181,0.00078751,0.00083945,0.00087927,0.00091049,0.00093694,0.00096242,0.00098622,0.00101394,0.00104603,0.00108222,0.0011208,0.00115709,0.00119226,0.00122615,0.00126146,0.00130268,0.00135262,0.00141882,0.00150328,0.00160532,0.00171956,0.00183294,0.00194101,0.00203866,0.00213009,0.00222734,0.00234101,0.00249424,0.00269814,0.00295637,0.0032607,0.00357987,0.00389395,0.00418006,0.00443357,0.00467438,0.00492747,0.00524087,0.00564909,0.00617427,0.00682514,0.00758668,0.00843992,0.00936135,0.01033527,0.01136922,0.01250163,0.01375828,0.01517988,0.01679933,0.01864263,0.0207718,0.02315137,0.02578944,0.02870122,0.03192936,0.03563803,0.03981264,0.04452855,0.04984507,0.05580688,0.06258304,0.07005136,0.07823632,0.08718116,0.09697813,0.10790358,0.11994439,0.13322995,0.14785744,0.16388462,0.18142932,0.20055195,0.22133785,0.24381064,0.26790131,0.29627928,0.32626316,0.35758953,0.39021241
ETH,2088,0.00563018,0.00061817,0.00056879,0.00052856,0.00049327,0.00045936,0.00042074,0.00038144,0.00034448,0.00031321,0.00029157,0.00028131,0.00028509,0.00030493,0.00034173,0.0003966,0.0004651,0.00054429,0.00062746,0.0007058,0.00077412,0.00082527,0.00086449,0.00089525,0.00092137,0.00094656,0.00097009,0.00099747,0.00102921,0.00106495,0.00110304,0.00113887,0.00117359,0.00120706,0.00124194,0.00128263,0.00133185,0.00139715,0.00148043,0.00158108,0.0016938,0.00180555,0.00191208,0.00200834,0.00209844,0.00219434,0.00230627,0.00245719,0.00265815,0.00291275,0.00321276,0.00352729,0.00383675,0.0041185,0.00436796,0.00460459,0.00485328,0.00516159,0.00556326,0.00607995,0.00672072,0.00747087,0.00831116,0.00921872,0.01017864,0.01119782,0.01231448,0.01355366,0.01495595,0.01655364,0.01837159,0.02047265,0.02282005,0.02542401,0.02830238,0.03149324,0.03516091,0.03929214,0.04395982,0.0492217,0.05512368,0.06183984,0.0692499,0.07737179,0.08624573,0.09596832,0.10681431,0.11878627,0.13199954,0.14654371,0.16250882,0.17999985,0.19903769,0.21974154,0.24215886,0.26616809,0.29453127,0.32454039,0.35589022,0.38858741
ETH,2089,0.00553206,0.00060665,0.00055756,0.00051764,0.00048274,0.00044935,0.00041145,0.00037302,0.00033692,0.00030643,0.00028537,0.00027546,0.00027929,0.00029887,0.0003351,0.00038906,0.00045642,0.00053432,0.00061613,0.00069318,0.00076038,0.00081071,0.00084935,0.0008797,0.00090547,0.00093038,0.00095367,0.00098073,0.00101209,0.00104742,0.00108504,0.00112039,0.00115467,0.00118772,0.00122217,0.00126235,0.00131087,0.00137524,0.00145736,0.00155658,0.00166773,0.00177786,0.0018828,0.00197765,0.00206642,0.00216088,0.00227109,0.00241969,0.00261759,0.00286845,0.0031641,0.00347386,0.00377859,0.0040559,0.00430127,0.00453385,0.00477803,0.00508096,0.00547605,0.00598437,0.00661465,0.00735324,0.00818071,0.00907419,0.01001933,0.01102349,0.01212467,0.01334618,0.01472845,0.01630385,0.01809675,0.02017029,0.0224866,0.02505538,0.02789661,0.03105084,0.03467891,0.03876463,0.04338379,0.04859195,0.0544337,0.06108685,0.06843304,0.07649351,0.08530133,0.0949493,0.10571785,0.11760497,0.13074527,0.14521273,0.16108885,0.17851317,0.19749019,0.21809752,0.24041906,0.26435889,0.29265657,0.32264281,0.35400939,0.38671623
ETH,2090,0.00543125,0.00059496,0.00054612,0.00050649,0.00047196,0.00043909,0.00040195,0.00036437,0.00032917,0.00029947,0.000279,0.00026944,0.00027332,0.00029263,0.00032824,0.00038126,0.00044743,0.00052395,0.00060433,0.00068004,0.00074606,0.00079553,0.00083355,0.00086348,0.00088893,0.00091354,0.00093655,0.00096332,0.00099428,0.00102914,0.0010663,0.00110115,0.00113495,0.00116756,0.00120155,0.0012412,0.00128903,0.00135243,0.00143333,0.00153112,0.00164063,0.00174908,0.00185243,0.00194578,0.00203318,0.00212618,0.00223451,0.00238075,0.0025755,0.00282238,0.00311349,0.00341836,0.00371815,0.00399085,0.00423198,0.0044604,0.0047001,0.0049974,0.00538543,0.00588517,0.00650489,0.00723127,0.00804552,0.00892487,0.00985479,0.01084286,0.01192803,0.01313186,0.01449355,0.01604553,0.01781244,0.01985839,0.02214386,0.02467826,0.02748086,0.0305941,0.03418303,0.03822466,0.04279313,0.04794765,0.05373096,0.06032205,0.0676032,0.07559901,0.08434598,0.09392905,0.10462585,0.11643791,0.12949665,0.14389901,0.15971006,0.17706023,0.19599223,0.21656575,0.23882364,0.26271065,0.2910281,0.32103206,0.3524731,0.38530583
ETH,2091,0.00534447,0.00058443,0.00053569,0.00049622,0.00046198,0.00042954,0.00039307,0.00035629,0.00032189,0.00029294,0.00027303,0.0002638,0.00026773,0.00028677,0.00032181,0.00037395,0.00043903,0.00051426,0.00059329,0.00066773,0.00073265,0.00078127,0.00081867,0.00084815,0.00087329,0.00089761,0.00092032,0.00094675,0.00097733,0.00101173,0.00104838,0.00108278,0.0011161,0.00114825,0.00118179,0.00122091,0.00126804,0.00133054,0.00141024,0.0015066,0.00161457,0.00172135,0.00182314,0.0019151,0.00200114,0.00209273,0.00219933,0.00234323,0.00253504,0.00277819,0.00306487,0.00336508,0.00366023,0.00392848,0.00416551,0.0043899,0.00462531,0.00491737,0.00529856,0.00578981,0.0063995,0.0071145,0.00791583,0.00878163,0.00969729,0.01066979,0.01173873,0.01292522,0.01426729,0.01579633,0.01753726,0.01955577,0.02181155,0.0243131,0.0270792,0.03015115,0.03369717,0.03769582,0.04221538,0.04731378,0.05303789,0.05956686,0.06678093,0.07470668,0.08338394,0.09290093,0.10352801,0.11526075,0.12823582,0.14254685,0.15828456,0.175559,0.19440252,0.21491409,0.23711668,0.26091806,0.28919189,0.31920036,0.35064719,0.38354066
ETH,2092,0.00524657,0.00057318,0.00052474,0.00048558,0.00045172,0.00041979,0.00038404,0.00034809,0.00031453,0.00028631,0.00026696,0.00025805,0.00026202,0.00028079,0.00031523,0.00036644,0.00043038,0.00050431,0.00058196,0.0006551,0.0007189,0.0007667,0.00080347,0.00083251,0.00085732,0.00088137,0.00090383,0.00092991,0.00096009,0.00099405,0.00103022,0.00106412,0.00109701,0.00112871,0.00116177,0.00120036,0.0012468,0.00130837,0.0013869,0.00148182,0.00158817,0.00169331,0.00179349,0.001884,0.00196871,0.00205883,0.00216363,0.00230521,0.0024939,0.00273328,0.00301549,0.00331081,0.00360118,0.00386498,0.00409783,0.00431813,0.00454916,0.00483591,0.00521033,0.00569286,0.00629201,0.00699543,0.00778389,0.00863559,0.00953677,0.01049392,0.01154645,0.01271473,0.01403685,0.0155432,0.01725778,0.01924788,0.02147322,0.02394219,0.0266725,0.0297045,0.03320651,0.03715784,0.04162967,0.04667412,0.05233714,0.05880458,0.06595393,0.0738107,0.08241661,0.09186305,0.10242543,0.11408923,0.12698573,0.14121482,0.15686432,0.17407212,0.19284729,0.21327852,0.23542917,0.25918894,0.28742966,0.31743314,0.34893034,0.38187869
ETH,2093,0.00515075,0.00056222,0.00051404,0.00047517,0.00044167,0.00041023,0.00037519,0.00034005,0.00030731,0.00027982,0.000261,0.00025241,0.00025641,0.0002749,0.00030876,0.00035907,0.00042187,0.00049451,0.00057081,0.00064268,0.00070537,0.00075236,0.00078854,0.00081713,0.00084161,0.00086539,0.0008876,0.00091337,0.00094315,0.00097666,0.00101235,0.00104579,0.0010782,0.0011095,0.0011421,0.00118015,0.0012259,0.00128656,0.00136394,0.00145748,0.00156225,0.00166574,0.00176438,0.00185344,0.00193682,0.00202554,0.00212855,0.00226782,0.00245351,0.00268909,0.00296695,0.00325752,0.0035431,0.00380248,0.00403129,0.00424752,0.00447423,0.00475572,0.00512346,0.00559757,0.00618625,0.00687795,0.0076538,0.00849197,0.00937861,0.01032069,0.01135754,0.01250793,0.01380975,0.01529371,0.01698294,0.01894515,0.02114002,0.02357673,0.02627279,0.02926699,0.03272808,0.03663267,0.04105411,0.04604811,0.05165489,0.0580618,0.06515037,0.07294437,0.08148422,0.09086302,0.10136125,0.11296786,0.12580474,0.13996605,0.15554752,0.17268389,0.19141458,0.21180291,0.23390309,0.25764816,0.28593313,0.31598009,0.34756235,0.38066125
ETH,2094,0.00506192,0.00055206,0.00050408,0.00046545,0.00043227,0.00040125,0.00036686,0.00033248,0.0003005,0.0002737,0.00025539,0.00024709,0.00025113,0.00026935,0.00030264,0.00035209,0.00041381,0.0004852,0.00056021,0.00063087,0.0006925,0.0007387,0.00077431,0.00080249,0.00082663,0.00085012,0.00087207,0.00089755,0.00092696,0.00096001,0.00099523,0.0010282,0.00106017,0.00109101,0.0011232,0.00116071,0.00120577,0.00126555,0.0013418,0.00143399,0.00153726,0.00163916,0.00173628,0.00182398,0.00190603,0.00199337,0.00209471,0.00223172,0.00241451,0.00264649,0.00292008,0.00320616,0.00348722,0.00374227,0.00396719,0.00417961,0.00440215,0.00467861,0.00503995,0.00550602,0.00608492,0.00676532,0.0075288,0.00835412,0.00922722,0.01015457,0.01117635,0.01230993,0.01359213,0.01505371,0.0167183,0.01865383,0.02081881,0.02322317,0.0258851,0.02884277,0.03226415,0.03612367,0.04049312,0.04543098,0.05098147,0.0573275,0.06434923,0.07207589,0.08054574,0.08984985,0.10027102,0.11180127,0.12456776,0.13865353,0.15414706,0.17119005,0.18981752,0.21012329,0.23213327,0.25577421,0.28400669,0.31402212,0.34556251,0.37864529
ETH,2095,0.00498231,0.00054223,0.0004944,0.00045594,0.00042303,0.00039241,0.00035863,0.00032497,0.00029375,0.00026763,0.00024983,0.00024183,0.0002459,0.00026387,0.00029661,0.00034519,0.00040585,0.000476,0.00054971,0.00061915,0.00067973,0.00072513,0.00076014,0.0007879,0.00081172,0.00083489,0.00085657,0.00088173,0.00091078,0.0009434,0.00097812,0.00101062,0.00104214,0.00107256,0.00110429,0.00114132,0.00118569,0.00124457,0.0013197,0.00141055,0.00151233,0.00161268,0.00170829,0.00179462,0.00187543,0.0019614,0.00206107,0.00219591,0.00237579,0.00260417,0.00287356,0.00315507,0.00343166,0.00368249,0.00390345,0.00411208,0.0043306,0.00460204,0.00495702,0.00541509,0.00598422,0.00665357,0.00740457,0.00821665,0.00907627,0.0099893,0.01099575,0.01211269,0.01337598,0.01481546,0.01645497,0.01836408,0.0205002,0.02287257,0.02550004,0.02842121,0.03180444,0.0356213,0.03994234,0.0448249,0.05031643,0.0566059,0.06356641,0.07122641,0.07962976,0.08886498,0.09921413,0.11067054,0.1233666,0.13739226,0.15282365,0.16979389,0.18834635,0.20857137,0.23052713,0.25411511,0.2823231,0.312367,0.34397615,0.37713271
ETH,2096,0.00490168,0.00053263,0.00048488,0.00044656,0.00041389,0.00038364,0.00035047,0.00031753,0.00028705,0.00026161,0.00024431,0.0002366,0.00024069,0.00025838,0.00029056,0.00033826,0.0003978,0.00046668,0.00053904,0.00060723,0.00066674,0.00071137,0.00074579,0.00077312,0.00079662,0.0008195,0.00084088,0.00086569,0.00089434,0.00092652,0.00096075,0.00099275,0.0010238,0.00105378,0.00108505,0.00112153,0.00116525,0.00122321,0.00129717,0.00138663,0.00148688,0.00158565,0.00167976,0.00176469,0.00184417,0.00192877,0.00202669,0.00215925,0.00233619,0.0025608,0.00282582,0.00310266,0.00337454,0.00362108,0.00383805,0.00404271,0.0042571,0.0045235,0.00487193,0.00532174,0.00588078,0.0065387,0.00727704,0.00807536,0.00892066,0.009819,0.01081002,0.01190943,0.01315324,0.01457044,0.01618406,0.01806488,0.02017073,0.02251031,0.02510162,0.02798358,0.03132585,0.03509834,0.03936951,0.04419569,0.04962334,0.05584644,0.06274206,0.07033216,0.07865969,0.08781885,0.09809016,0.10946421,0.12207594,0.13602121,0.15138292,0.16827848,0.1867412,0.20687083,0.2287232,0.25223474,0.28039571,0.31040361,0.34203291,0.37524857
ETH,2097,0.00482637,0.00052366,0.00047606,0.00043792,0.00040549,0.00037561,0.00034301,0.00031073,0.00028093,0.0002561,0.00023926,0.00023181,0.00023593,0.00025339,0.00028504,0.00033194,0.0003905,0.00045821,0.00052938,0.00059644,0.00065498,0.00069891,0.00073284,0.00075978,0.00078299,0.00080561,0.00082675,0.00085126,0.00087955,0.00091133,0.00094514,0.00097673,0.00100735,0.00103694,0.00106782,0.00110383,0.00114693,0.00120412,0.00127705,0.00136526,0.00146413,0.00156149,0.00165425,0.00173796,0.00181627,0.00189962,0.00199602,0.00212652,0.00230079,0.0025221,0.00278317,0.00305581,0.00332353,0.00356612,0.00377959,0.00398075,0.00419132,0.00445317,0.00479578,0.00523813,0.00578808,0.00643573,0.00716272,0.00794896,0.00878138,0.00966626,0.01064374,0.01172805,0.01295429,0.01435183,0.01594303,0.01779893,0.01987739,0.02218817,0.02474855,0.0275963,0.03090258,0.03463673,0.03886648,0.04364636,0.04902208,0.05518859,0.06202594,0.06956116,0.07783034,0.08692654,0.09713819,0.10845262,0.12100289,0.13488806,0.15019755,0.16705505,0.18547586,0.20555044,0.22734636,0.25080161,0.27897444,0.30901827,0.34070661,0.37404427
ETH,2098,0.00475423,0.00051475,0.00046721,0.00042916,0.00039693,0.00036738,0.00033533,0.00030372,0.00027461,0.0002504,0.00023404,0.00022687,0.00023102,0.00024822,0.00027934,0.0003254,0.00038292,0.00044943,0.00051933,0.0005852,0.0006427,0.00068585,0.00071922,0.00074577,0.00076863,0.00079095,0.00081182,0.000836,0.00086388,0.0008952,0.00092854,0.00095967,0.00098985,0.00101898,0.00104941,0.0010849,0.00112734,0.00118363,0.00125548,0.00134234,0.00143972,0.00153554,0.00162685,0.00170926,0.00178634,0.00186834,0.00196309,0.00209146,0.00226287,0.00248064,0.00273761,0.00300579,0.00326909,0.0035076,0.00371723,0.00391476,0.00412138,0.0043783,0.00471476,0.00514934,0.0056897,0.00632651,0.00704153,0.00781499,0.00863404,0.00950451,0.010467,0.01153513,0.01274289,0.01411886,0.01568593,0.01751532,0.019564,0.02184233,0.0243686,0.02717945,0.03044539,0.03413534,0.03831734,0.04304533,0.04836325,0.05446672,0.06123465,0.06869822,0.07689884,0.08592192,0.0960553,0.10729281,0.11976482,0.1335679,0.14879457,0.16557478,0.18392943,0.20392978,0.2256355,0.24900029,0.27711006,0.30713885,0.33883907,0.37220945
ETH,2099,0.00467262,0.00050512,0.00045779,0.00041997,0.00038803,0.00035887,0.00032742,0.00029651,0.00026813,0.00024456,0.00022867,0.00022178,0.00022595,0.00024288,0.00027345,0.00031866,0.00037509,0.00044036,0.00050895,0.00057359,0.00063005,0.00067243,0.00070523,0.00073137,0.00075395,0.00077597,0.00079657,0.00082043,0.00084794,0.0008788,0.00091165,0.00094232,0.00097207,0.00100079,0.00103075,0.00106573,0.00110752,0.00116293,0.00123364,0.00131919,0.00141505,0.00150931,0.00159915,0.00168022,0.00175605,0.00183673,0.00192981,0.00205594,0.00222449,0.00243859,0.0026913,0.00295496,0.00321369,0.003448,0.00365381,0.00384754,0.00405024,0.00430224,0.0046323,0.0050589,0.00558952,0.00621517,0.00691787,0.00767823,0.00848362,0.00933972,0.01028693,0.01133829,0.01252752,0.0138822,0.01542454,0.01722731,0.01924661,0.02149232,0.02398328,0.02675685,0.0299833,0.03362918,0.03776285,0.04243893,0.04770097,0.05374447,0.06044716,0.0678396,0.07596752,0.08492189,0.09498389,0.10614529,0.11854483,0.1322763,0.14742898,0.16413547,0.18242275,0.2023672,0.22400931,0.24729949,0.27537065,0.30538198,0.33712239,0.37056435
ETH,2100,0.00459904,0.00049664,0.0004494,0.00041171,0.00037998,0.00035114,0.00032021,0.00028993,0.00026219,0.00023921,0.00022375,0.0002171,0.00022128,0.00023797,0.000268,0.0003124,0.0003678,0.00043187,0.00049922,0.00056269,0.00061814,0.00065979,0.00069205,0.0007178,0.00074008,0.00076185,0.00078218,0.00080573,0.00083286,0.00086329,0.00089565,0.00092585,0.00095516,0.00098348,0.00101302,0.00104748,0.00108861,0.00114319,0.00121283,0.00129708,0.00139155,0.00148433,0.00157274,0.00165253,0.00172715,0.00180655,0.00189805,0.00202206,0.00218781,0.00239846,0.00264707,0.00290638,0.00316084,0.00339112,0.00359332,0.00378354,0.00398243,0.00422987,0.00455398,0.00497293,0.00549431,0.00610948,0.00680047,0.00754842,0.00834089,0.00918344,0.01011646,0.01115182,0.01232308,0.01365773,0.01517715,0.01695409,0.01894536,0.02116043,0.02361747,0.02635416,0.029542,0.03314575,0.03723211,0.04185635,0.0470629,0.05304797,0.05968731,0.06701104,0.0750641,0.0839416,0.09393166,0.10501733,0.11733582,0.13099032,0.14606626,0.16269144,0.1808954,0.20076101,0.22233398,0.24554851,0.27355494,0.30351887,0.33523354,0.36870202
