COG,1950,32.595,29.568,25.728,24.486,23.394,22.439,21.606,20.876,20.248,19.709,19.252,18.865,18.42,17.936,17.469,17.086,16.707,16.309,15.906,15.507,15.133,14.762,14.392,14.032,13.674,13.324,12.978,12.638,12.305,11.977,11.656,11.338,11.029,10.722,10.419,10.125,9.836,9.55,9.27,8.996,8.727,8.464,8.207,7.962,7.722,7.478,7.232,7.015,6.816,6.618,6.412,6.225,5.975,5.658,5.335,5.049,4.735,4.492,4.31,4.136,3.939,3.763,3.573,3.362,3.151,2.962,2.77,2.573,2.376,2.181,1.994,1.81,1.634,1.47,1.312,1.16,1.019,0.878,0.736,0.6,0.478,0.36,0.276,0.228,0.191,0.153,0.126,0.1,0.075,0.049,0.031,0.025,0.021,0.012,0.007,0.002,0.006,0.003,0.002,0.001
COG,1951,33.478,29.817,27.929,24.821,23.909,23.013,22.164,21.394,20.708,20.107,19.586,19.141,18.761,18.321,17.839,17.373,16.989,16.608,16.206,15.8,15.394,15.015,14.639,14.268,13.906,13.547,13.197,12.853,12.514,12.182,11.854,11.534,11.216,10.908,10.601,10.299,10.005,9.716,9.431,9.151,8.877,8.61,8.348,8.092,7.849,7.609,7.367,7.122,6.904,6.704,6.502,6.296,6.107,5.856,5.541,5.22,4.936,4.624,4.38,4.196,4.017,3.817,3.638,3.443,3.231,3.018,2.828,2.637,2.441,2.245,2.049,1.865,1.684,1.51,1.351,1.197,1.052,0.918,0.785,0.652,0.526,0.416,0.31,0.234,0.191,0.158,0.124,0.101,0.078,0.058,0.037,0.023,0.019,0.015,0.009,0.004,0.001,0.004,0.002,0.002
COG,1952,34.219,30.706,28.225,26.981,24.259,23.536,22.742,21.954,21.228,20.569,19.986,19.477,19.039,18.663,18.225,17.745,17.277,16.89,16.506,16.101,15.688,15.277,14.893,14.515,14.142,13.779,13.422,13.073,12.729,12.391,12.06,11.733,11.413,11.095,10.786,10.48,10.177,9.884,9.596,9.311,9.032,8.76,8.494,8.233,7.979,7.735,7.497,7.256,7.01,6.79,6.588,6.386,6.176,5.985,5.735,5.422,5.103,4.819,4.509,4.264,4.075,3.893,3.69,3.507,3.309,3.095,2.882,2.692,2.501,2.305,2.109,1.917,1.735,1.557,1.389,1.233,1.086,0.947,0.82,0.695,0.573,0.458,0.358,0.263,0.196,0.157,0.128,0.1,0.079,0.062,0.044,0.028,0.017,0.013,0.01,0.006,0.003,0.001,0.002,0.001
COG,1953,34.944,31.474,29.135,27.307,26.395,23.895,23.268,22.535,21.79,21.091,20.449,19.879,19.378,18.944,18.569,18.131,17.649,17.18,16.79,16.401,15.99,15.571,15.156,14.769,14.391,14.017,13.654,13.297,12.949,12.606,12.268,11.938,11.611,11.291,10.974,10.665,10.359,10.057,9.764,9.477,9.192,8.914,8.643,8.378,8.118,7.864,7.622,7.385,7.143,6.896,6.675,6.47,6.267,6.055,5.864,5.614,5.302,4.986,4.703,4.392,4.145,3.951,3.765,3.559,3.372,3.173,2.957,2.746,2.556,2.365,2.169,1.974,1.785,1.606,1.432,1.268,1.119,0.978,0.847,0.727,0.611,0.499,0.395,0.304,0.22,0.162,0.127,0.102,0.078,0.062,0.047,0.033,0.02,0.012,0.009,0.007,0.004,0.003,0.001,0.001
COG,1954,35.72,32.234,29.933,28.23,26.74,26.015,23.636,23.066,22.373,21.654,20.972,20.343,19.781,19.284,18.851,18.476,18.037,17.553,17.081,16.686,16.291,15.875,15.452,15.035,14.648,14.267,13.893,13.532,13.176,12.829,12.486,12.148,11.818,11.491,11.172,10.854,10.545,10.24,9.938,9.646,9.358,9.075,8.799,8.528,8.264,8.006,7.753,7.511,7.273,7.029,6.781,6.558,6.352,6.146,5.935,5.741,5.491,5.18,4.865,4.581,4.27,4.021,3.824,3.634,3.425,3.235,3.033,2.82,2.608,2.418,2.225,2.031,1.84,1.653,1.478,1.309,1.151,1.009,0.875,0.751,0.639,0.532,0.429,0.335,0.255,0.182,0.132,0.103,0.081,0.061,0.047,0.034,0.025,0.015,0.009,0.006,0.005,0.003,0.001,0
COG,1955,36.463,33.054,30.733,29.048,27.671,26.373,25.746,23.439,22.907,22.24,21.539,20.869,20.247,19.688,19.192,18.76,18.383,17.941,17.454,16.978,16.578,16.177,15.756,15.331,14.914,14.524,14.145,13.771,13.41,13.055,12.708,12.365,12.028,11.697,11.37,11.05,10.733,10.425,10.119,9.818,9.526,9.24,8.958,8.682,8.413,8.149,7.892,7.64,7.397,7.158,6.913,6.664,6.439,6.231,6.024,5.811,5.616,5.366,5.056,4.741,4.454,4.143,3.892,3.691,3.497,3.286,3.093,2.893,2.679,2.468,2.277,2.085,1.893,1.705,1.521,1.351,1.189,1.038,0.903,0.776,0.66,0.557,0.458,0.365,0.281,0.21,0.147,0.105,0.081,0.063,0.047,0.035,0.026,0.017,0.01,0.006,0.004,0.003,0.002,0.001
COG,1956,37.35,33.849,31.594,29.871,28.503,27.311,26.114,25.543,23.285,22.777,22.127,21.437,20.773,20.156,19.599,19.103,18.669,18.289,17.844,17.352,16.871,16.465,16.06,15.636,15.21,14.791,14.403,14.023,13.65,13.29,12.935,12.588,12.246,11.908,11.577,11.25,10.93,10.613,10.305,10,9.699,9.407,9.122,8.841,8.566,8.298,8.035,7.778,7.526,7.283,7.04,6.794,6.543,6.318,6.109,5.9,5.687,5.49,5.238,4.928,4.61,4.323,4.012,3.759,3.554,3.358,3.145,2.952,2.75,2.537,2.326,2.134,1.945,1.754,1.57,1.393,1.228,1.073,0.93,0.801,0.683,0.576,0.479,0.39,0.306,0.232,0.171,0.118,0.083,0.063,0.047,0.034,0.026,0.018,0.012,0.007,0.004,0.003,0.002,0.001
COG,1957,38.273,34.785,32.436,30.758,29.341,28.152,27.056,25.918,25.384,23.159,22.666,22.027,21.344,20.685,20.069,19.512,19.014,18.576,18.193,17.743,17.247,16.76,16.349,15.941,15.517,15.09,14.671,14.283,13.904,13.531,13.172,12.816,12.469,12.127,11.789,11.458,11.131,10.81,10.494,10.186,9.881,9.581,9.291,9.006,8.726,8.452,8.184,7.922,7.665,7.41,7.165,6.922,6.674,6.423,6.196,5.985,5.776,5.561,5.362,5.107,4.794,4.476,4.188,3.876,3.621,3.415,3.216,3.003,2.808,2.606,2.392,2.182,1.993,1.804,1.617,1.437,1.266,1.109,0.961,0.825,0.705,0.595,0.496,0.407,0.326,0.253,0.189,0.137,0.094,0.064,0.048,0.036,0.026,0.019,0.013,0.009,0.004,0.003,0.002,0.001
COG,1958,39.166,35.76,33.418,31.627,30.243,29,27.904,26.865,25.765,25.254,23.052,22.569,21.936,21.257,20.599,19.982,19.424,18.924,18.483,18.094,17.639,17.137,16.647,16.234,15.824,15.398,14.971,14.553,14.165,13.787,13.414,13.054,12.699,12.352,12.008,11.67,11.339,11.012,10.692,10.376,10.068,9.763,9.464,9.174,8.891,8.611,8.338,8.071,7.808,7.549,7.293,7.046,6.801,6.552,6.301,6.073,5.861,5.65,5.432,5.229,4.97,4.657,4.338,4.048,3.737,3.481,3.272,3.072,2.859,2.663,2.459,2.246,2.038,1.85,1.664,1.482,1.307,1.143,0.993,0.853,0.726,0.615,0.513,0.422,0.342,0.269,0.205,0.151,0.108,0.072,0.049,0.036,0.026,0.018,0.014,0.009,0.006,0.003,0.002,0.001
COG,1959,40.208,36.71,34.436,32.633,31.128,29.912,28.759,27.716,26.715,25.64,25.142,22.959,22.481,21.85,21.172,20.514,19.897,19.336,18.831,18.386,17.991,17.53,17.025,16.532,16.117,15.707,15.281,14.855,14.437,14.049,13.67,13.298,12.938,12.582,12.234,11.891,11.552,11.221,10.894,10.574,10.258,9.95,9.647,9.348,9.059,8.777,8.497,8.225,7.957,7.693,7.432,7.174,6.926,6.68,6.43,6.178,5.949,5.734,5.521,5.3,5.091,4.829,4.515,4.195,3.905,3.594,3.338,3.129,2.927,2.712,2.514,2.309,2.098,1.893,1.706,1.525,1.349,1.182,1.025,0.883,0.751,0.634,0.53,0.436,0.354,0.283,0.22,0.165,0.12,0.084,0.056,0.036,0.027,0.019,0.012,0.009,0.006,0.004,0.002,0.001
COG,1960,41.203,37.802,35.433,33.677,32.149,30.807,29.677,28.577,27.57,26.592,25.533,25.046,22.873,22.397,21.767,21.089,20.43,19.81,19.245,18.736,18.284,17.885,17.42,16.912,16.418,16.002,15.591,15.165,14.739,14.321,13.934,13.555,13.183,12.822,12.465,12.117,11.773,11.434,11.103,10.776,10.455,10.14,9.833,9.53,9.233,8.944,8.662,8.383,8.109,7.84,7.574,7.311,7.053,6.802,6.556,6.305,6.052,5.822,5.605,5.388,5.161,4.948,4.683,4.367,4.048,3.756,3.448,3.192,2.981,2.778,2.562,2.363,2.16,1.949,1.747,1.565,1.389,1.22,1.06,0.911,0.778,0.655,0.547,0.45,0.366,0.293,0.231,0.177,0.13,0.093,0.064,0.041,0.027,0.019,0.014,0.009,0.006,0.004,0.003,0.001
COG,1961,42.169,38.846,36.564,34.697,33.207,31.836,30.579,29.499,28.434,27.449,26.487,25.439,24.956,22.791,22.316,21.685,21.006,20.344,19.719,19.15,18.637,18.18,17.776,17.308,16.799,16.305,15.888,15.477,15.052,14.625,14.208,13.82,13.441,13.067,12.707,12.35,12,11.656,11.317,10.986,10.659,10.339,10.024,9.717,9.415,9.118,8.83,8.548,8.268,7.993,7.721,7.454,7.19,6.929,6.679,6.431,6.179,5.926,5.693,5.472,5.249,5.019,4.8,4.532,4.215,3.896,3.604,3.299,3.044,2.831,2.625,2.409,2.21,2.007,1.801,1.603,1.426,1.257,1.094,0.942,0.802,0.678,0.565,0.464,0.378,0.302,0.239,0.185,0.139,0.101,0.071,0.048,0.03,0.02,0.014,0.009,0.006,0.004,0.003,0.001
COG,1962,43.251,39.856,37.642,35.845,34.238,32.9,31.613,30.405,29.358,28.315,27.347,26.393,25.352,24.872,22.712,22.235,21.603,20.92,20.254,19.626,19.052,18.534,18.074,17.666,17.196,16.687,16.192,15.775,15.364,14.938,14.512,14.094,13.706,13.327,12.952,12.591,12.233,11.884,11.539,11.2,10.868,10.541,10.223,9.907,9.602,9.3,9.003,8.715,8.432,8.15,7.873,7.6,7.331,7.065,6.805,6.553,6.303,6.051,5.795,5.559,5.333,5.105,4.871,4.646,4.375,4.058,3.739,3.45,3.147,2.892,2.677,2.47,2.255,2.056,1.855,1.653,1.462,1.29,1.128,0.973,0.83,0.7,0.585,0.481,0.39,0.313,0.246,0.191,0.146,0.108,0.078,0.053,0.036,0.022,0.014,0.009,0.006,0.004,0.003,0.002
COG,1963,44.382,40.974,38.688,36.942,35.397,33.939,32.681,31.441,30.267,29.243,28.213,27.255,26.307,25.27,24.788,22.634,22.154,21.518,20.831,20.162,19.53,18.951,18.428,17.966,17.556,17.085,16.576,16.081,15.664,15.252,14.827,14.4,13.983,13.594,13.214,12.838,12.476,12.118,11.768,11.423,11.084,10.752,10.425,10.107,9.793,9.487,9.186,8.889,8.599,8.315,8.032,7.752,7.478,7.207,6.941,6.678,6.426,6.175,5.92,5.661,5.42,5.189,4.958,4.718,4.489,4.214,3.898,3.582,3.292,2.991,2.737,2.52,2.312,2.098,1.901,1.704,1.508,1.324,1.159,1.003,0.857,0.724,0.604,0.498,0.404,0.323,0.255,0.198,0.151,0.114,0.082,0.059,0.039,0.026,0.015,0.009,0.006,0.004,0.003,0.002
COG,1964,45.836,42.133,39.833,38.004,36.502,35.102,33.723,32.512,31.305,30.152,29.141,28.123,27.169,26.225,25.189,24.706,22.554,22.07,21.43,20.739,20.065,19.428,18.847,18.322,17.857,17.446,16.975,16.465,15.97,15.553,15.141,14.715,14.289,13.87,13.481,13.099,12.724,12.361,12.002,11.652,11.307,10.967,10.636,10.31,9.992,9.677,9.372,9.07,8.772,8.481,8.194,7.909,7.629,7.352,7.08,6.814,6.55,6.296,6.043,5.785,5.521,5.275,5.04,4.803,4.558,4.325,4.05,3.735,3.419,3.131,2.831,2.577,2.361,2.153,1.941,1.747,1.555,1.366,1.188,1.031,0.884,0.748,0.625,0.515,0.418,0.334,0.264,0.205,0.157,0.117,0.087,0.062,0.043,0.028,0.018,0.011,0.006,0.004,0.003,0.002
COG,1965,47.292,43.599,41.017,39.162,37.573,36.212,34.888,33.556,32.377,31.19,30.053,29.052,28.039,27.088,26.144,25.108,24.621,22.47,21.982,21.338,20.643,19.965,19.324,18.74,18.213,17.747,17.335,16.864,16.354,15.86,15.442,15.03,14.603,14.176,13.757,13.366,12.984,12.608,12.244,11.885,11.534,11.189,10.851,10.519,10.193,9.875,9.56,9.255,8.952,8.652,8.36,8.07,7.784,7.502,7.225,6.952,6.683,6.418,6.161,5.905,5.641,5.374,5.125,4.884,4.642,4.393,4.156,3.88,3.566,3.252,2.964,2.667,2.415,2.199,1.993,1.785,1.594,1.409,1.227,1.058,0.909,0.772,0.647,0.532,0.432,0.346,0.273,0.212,0.162,0.122,0.09,0.065,0.046,0.031,0.02,0.012,0.007,0.004,0.003,0.002
COG,1966,48.936,45.066,42.499,40.359,38.739,37.288,36.002,34.723,33.423,32.263,31.092,29.963,28.968,27.957,27.007,26.062,25.024,24.532,22.383,21.889,21.24,20.541,19.859,19.217,18.631,18.104,17.637,17.224,16.752,16.243,15.748,15.33,14.917,14.49,14.062,13.642,13.25,12.866,12.49,12.126,11.766,11.416,11.07,10.732,10.4,10.075,9.756,9.442,9.135,8.831,8.529,8.234,7.944,7.655,7.372,7.093,6.819,6.549,6.282,6.022,5.76,5.493,5.221,4.966,4.721,4.475,4.223,3.983,3.705,3.392,3.079,2.792,2.5,2.25,2.036,1.832,1.629,1.445,1.266,1.092,0.933,0.794,0.667,0.551,0.448,0.358,0.282,0.22,0.168,0.127,0.093,0.068,0.049,0.033,0.021,0.014,0.009,0.005,0.003,0.002
COG,1967,50.577,46.713,43.983,41.849,39.942,38.458,37.08,35.838,34.59,33.311,32.166,31.003,29.88,28.886,27.876,26.924,25.978,24.936,24.439,22.291,21.792,21.139,20.437,19.753,19.109,18.522,17.994,17.527,17.113,16.641,16.131,15.637,15.218,14.804,14.375,13.946,13.525,13.132,12.749,12.372,12.007,11.647,11.296,10.952,10.613,10.282,9.956,9.637,9.322,9.013,8.706,8.401,8.106,7.813,7.523,7.239,6.96,6.684,6.411,6.141,5.875,5.609,5.338,5.061,4.802,4.553,4.302,4.049,3.806,3.526,3.211,2.902,2.618,2.329,2.084,1.872,1.674,1.477,1.298,1.127,0.964,0.815,0.686,0.568,0.463,0.371,0.293,0.227,0.174,0.13,0.096,0.07,0.05,0.035,0.023,0.015,0.009,0.006,0.003,0.002
COG,1968,52.222,48.35,45.634,43.336,41.431,39.661,38.249,36.915,35.703,34.476,33.209,32.074,30.917,29.796,28.803,27.791,26.837,25.887,24.843,24.34,22.193,21.688,21.031,20.327,19.642,18.998,18.412,17.883,17.415,17,16.528,16.018,15.523,15.103,14.687,14.258,13.828,13.406,13.014,12.63,12.252,11.886,11.527,11.176,10.831,10.492,10.161,9.834,9.514,9.197,8.885,8.576,8.271,7.973,7.679,7.389,7.103,6.822,6.543,6.268,5.991,5.721,5.452,5.175,4.895,4.632,4.378,4.125,3.868,3.621,3.339,3.027,2.72,2.44,2.157,1.917,1.711,1.517,1.327,1.156,0.994,0.841,0.704,0.584,0.477,0.384,0.303,0.235,0.18,0.135,0.1,0.072,0.052,0.036,0.024,0.016,0.01,0.006,0.003,0.002
COG,1969,54.06,50.004,47.288,44.996,42.926,41.155,39.458,38.089,36.785,35.592,34.378,33.121,31.99,30.836,29.715,28.72,27.707,26.748,25.794,24.745,24.237,22.092,21.583,20.923,20.218,19.532,18.888,18.301,17.772,17.303,16.888,16.415,15.904,15.408,14.986,14.57,14.139,13.709,13.287,12.893,12.508,12.13,11.764,11.404,11.054,10.709,10.37,10.038,9.71,9.388,9.068,8.755,8.445,8.137,7.838,7.542,7.251,6.963,6.68,6.398,6.117,5.836,5.561,5.286,5.006,4.722,4.456,4.2,3.943,3.682,3.431,3.148,2.839,2.536,2.261,1.986,1.752,1.551,1.365,1.183,1.02,0.869,0.728,0.6,0.492,0.396,0.313,0.244,0.187,0.141,0.104,0.075,0.054,0.038,0.026,0.017,0.011,0.006,0.004,0.002
COG,1970,55.867,51.839,48.953,46.655,44.589,42.651,40.953,39.299,37.959,36.675,35.495,34.289,33.038,31.909,30.754,29.633,28.635,27.617,26.654,25.696,24.643,24.128,21.986,21.474,20.813,20.106,19.421,18.776,18.19,17.661,17.19,16.774,16.3,15.789,15.292,14.869,14.451,14.02,13.588,13.166,12.771,12.386,12.007,11.642,11.283,10.931,10.586,10.246,9.913,9.583,9.258,8.936,8.622,8.308,8,7.699,7.403,7.11,6.819,6.532,6.245,5.959,5.674,5.395,5.115,4.831,4.544,4.275,4.015,3.755,3.49,3.236,2.954,2.648,2.35,2.081,1.815,1.589,1.396,1.217,1.045,0.892,0.751,0.621,0.505,0.408,0.324,0.252,0.193,0.145,0.107,0.078,0.055,0.039,0.026,0.018,0.012,0.007,0.004,0.003
COG,1971,57.779,53.639,50.793,48.325,46.249,44.314,42.449,40.795,39.171,37.849,36.578,35.407,34.206,32.957,31.828,30.672,29.546,28.545,27.522,26.555,25.591,24.535,24.016,21.878,21.364,20.702,19.995,19.309,18.665,18.078,17.548,17.077,16.659,16.184,15.672,15.174,14.749,14.33,13.898,13.466,13.043,12.648,12.263,11.884,11.518,11.158,10.807,10.461,10.12,9.785,9.452,9.125,8.801,8.484,8.17,7.86,7.558,7.26,6.963,6.669,6.377,6.085,5.795,5.505,5.221,4.937,4.65,4.361,4.088,3.825,3.559,3.292,3.036,2.754,2.454,2.164,1.902,1.647,1.43,1.245,1.074,0.914,0.771,0.641,0.523,0.419,0.333,0.261,0.201,0.151,0.111,0.081,0.058,0.04,0.027,0.018,0.012,0.007,0.005,0.003
COG,1972,59.945,55.54,52.598,50.165,47.92,45.975,44.112,42.29,40.664,39.06,37.753,36.49,35.323,34.124,32.875,31.743,30.585,29.455,28.448,27.421,26.45,25.482,24.424,23.899,21.768,21.251,20.588,19.882,19.197,18.553,17.964,17.434,16.962,16.542,16.066,15.553,15.054,14.628,14.208,13.775,13.342,12.919,12.523,12.138,11.759,11.393,11.033,10.68,10.333,9.989,9.651,9.316,8.987,8.662,8.343,8.028,7.716,7.413,7.111,6.811,6.512,6.214,5.919,5.623,5.329,5.041,4.753,4.464,4.171,3.895,3.627,3.359,3.091,2.833,2.554,2.26,1.979,1.728,1.484,1.277,1.1,0.94,0.79,0.659,0.539,0.433,0.343,0.269,0.207,0.156,0.116,0.084,0.06,0.041,0.029,0.019,0.012,0.008,0.005,0.003
COG,1973,62.076,57.69,54.506,51.973,49.76,47.646,45.772,43.953,42.161,40.555,38.964,37.665,36.406,35.241,34.042,32.79,31.656,30.492,29.358,28.347,27.315,26.338,25.368,24.308,23.781,21.655,21.137,20.473,19.768,19.082,18.437,17.849,17.318,16.845,16.422,15.945,15.431,14.931,14.504,14.083,13.648,13.216,12.792,12.396,12.01,11.632,11.265,10.904,10.549,10.2,9.853,9.512,9.176,8.845,8.517,8.198,7.881,7.568,7.261,6.955,6.65,6.346,6.044,5.743,5.443,5.144,4.852,4.563,4.269,3.974,3.694,3.423,3.154,2.884,2.626,2.353,2.067,1.797,1.555,1.324,1.128,0.962,0.813,0.675,0.555,0.448,0.355,0.276,0.213,0.162,0.12,0.087,0.062,0.043,0.029,0.02,0.013,0.008,0.005,0.003
COG,1974,63.798,59.803,56.654,53.881,51.569,49.486,47.443,45.612,43.822,42.05,40.457,38.875,37.581,36.324,35.158,33.957,32.701,31.562,30.392,29.253,28.236,27.2,26.22,25.248,24.187,23.658,21.539,21.019,20.355,19.648,18.963,18.319,17.729,17.197,16.724,16.3,15.82,15.306,14.805,14.377,13.955,13.52,13.087,12.663,12.267,11.88,11.501,11.133,10.77,10.414,10.06,9.712,9.37,9.031,8.698,8.369,8.048,7.73,7.414,7.102,6.791,6.481,6.173,5.865,5.559,5.255,4.954,4.658,4.365,4.069,3.77,3.487,3.214,2.943,2.675,2.42,2.152,1.877,1.619,1.388,1.17,0.988,0.834,0.695,0.569,0.461,0.367,0.287,0.219,0.166,0.124,0.09,0.064,0.045,0.03,0.021,0.013,0.009,0.006,0.003
COG,1975,65.629,61.518,58.761,56.022,53.473,51.292,49.28,47.28,45.478,43.708,41.949,40.366,38.789,37.496,36.238,35.068,33.861,32.599,31.454,30.276,29.132,28.111,27.07,26.088,25.114,24.053,23.524,21.411,20.89,20.227,19.521,18.836,18.192,17.602,17.068,16.594,16.169,15.688,15.172,14.672,14.244,13.82,13.385,12.952,12.528,12.132,11.746,11.366,10.997,10.631,10.271,9.916,9.566,9.221,8.881,8.547,8.216,7.894,7.572,7.253,6.936,6.621,6.306,5.992,5.679,5.369,5.061,4.757,4.458,4.161,3.86,3.56,3.276,3.001,2.732,2.465,2.215,1.955,1.692,1.445,1.228,1.025,0.856,0.712,0.586,0.473,0.378,0.297,0.228,0.172,0.128,0.093,0.067,0.047,0.032,0.021,0.014,0.009,0.006,0.003
COG,1976,67.776,62.368,59.485,57.501,55.078,52.803,50.871,48.91,46.991,45.295,43.58,41.808,40.205,38.639,37.319,36.023,34.793,33.566,32.305,31.094,29.857,28.649,27.561,26.534,25.559,24.571,23.549,23.018,21.058,20.488,19.793,19.083,18.43,17.864,17.315,16.814,16.374,16.012,15.581,15.018,14.486,14.039,13.649,13.271,12.837,12.435,12.04,11.7,11.316,10.855,10.443,10.049,9.763,9.482,9.131,8.811,8.487,8.189,7.825,7.403,7.045,6.703,6.416,6.121,5.778,5.459,5.142,4.841,4.519,4.18,3.882,3.59,3.313,3.04,2.762,2.503,2.249,2.009,1.754,1.497,1.268,1.067,0.885,0.731,0.602,0.489,0.389,0.307,0.237,0.178,0.132,0.096,0.069,0.048,0.033,0.022,0.015,0.009,0.006,0.003
COG,1977,68.69,64.438,60.438,58.191,56.536,54.296,52.227,50.501,48.571,46.723,45.125,43.458,41.671,40.045,38.489,37.138,35.802,34.513,33.264,32.004,30.729,29.428,28.157,27.006,25.994,25.026,24.025,23.043,22.509,20.702,20.084,19.356,18.641,18.02,17.531,17.025,16.557,16.15,15.851,15.471,14.86,14.299,13.831,13.475,13.152,12.718,12.337,11.943,11.649,11.262,10.707,10.248,9.823,9.604,9.392,9.035,8.737,8.422,8.156,7.748,7.225,6.83,6.464,6.204,5.927,5.557,5.233,4.907,4.615,4.273,3.893,3.596,3.314,3.059,2.8,2.523,2.273,2.033,1.806,1.558,1.307,1.096,0.915,0.751,0.615,0.499,0.401,0.315,0.245,0.185,0.137,0.1,0.072,0.05,0.035,0.023,0.015,0.009,0.006,0.003
COG,1978,69.73,65.38,62.501,59.261,57.199,55.74,53.614,51.706,50.166,48.255,46.473,44.965,43.344,41.536,39.884,38.335,36.952,35.573,34.225,32.956,31.694,30.355,28.994,27.662,26.446,25.448,24.489,23.475,22.533,21.997,20.343,19.677,18.915,18.195,17.606,17.195,16.731,16.296,15.921,15.686,15.357,14.699,14.106,13.621,13.298,13.029,12.596,12.236,11.842,11.593,11.201,10.553,10.049,9.591,9.439,9.299,8.936,8.658,8.351,8.117,7.665,7.039,6.605,6.215,5.982,5.725,5.327,4.997,4.666,4.381,4.019,3.6,3.305,3.032,2.802,2.557,2.281,2.046,1.821,1.609,1.367,1.125,0.934,0.771,0.626,0.506,0.409,0.323,0.25,0.191,0.142,0.104,0.074,0.052,0.035,0.024,0.015,0.01,0.006,0.003
COG,1979,70.385,66.464,63.486,61.32,58.383,56.376,55.043,52.985,51.219,49.855,47.956,46.231,44.811,43.231,41.4,39.72,38.178,36.761,35.339,33.93,32.638,31.379,29.976,28.555,27.16,25.883,24.901,23.949,22.924,22.02,21.482,19.981,19.266,18.472,17.746,17.19,16.855,16.433,16.032,15.69,15.517,15.239,14.534,13.911,13.406,13.116,12.903,12.47,12.13,11.737,11.532,11.135,10.394,9.844,9.353,9.27,9.2,8.831,8.572,8.274,8.068,7.573,6.842,6.371,5.957,5.751,5.515,5.091,4.755,4.415,4.137,3.758,3.3,3.007,2.745,2.542,2.315,2.042,1.822,1.613,1.416,1.183,0.951,0.779,0.637,0.512,0.411,0.327,0.257,0.196,0.148,0.108,0.076,0.053,0.036,0.024,0.016,0.01,0.006,0.004
COG,1980,70.869,67.047,64.632,62.337,60.442,57.671,55.651,54.402,52.393,50.755,49.56,47.667,45.995,44.66,43.117,41.261,39.552,38.013,36.562,35.097,33.626,32.315,31.057,29.59,28.111,26.656,25.315,24.349,23.406,22.368,21.504,20.964,19.615,18.852,18.024,17.294,16.769,16.512,16.131,15.763,15.454,15.344,15.119,14.367,13.713,13.189,12.932,12.774,12.339,12.019,11.625,11.464,11.063,10.229,9.635,9.109,9.096,9.096,8.72,8.479,8.186,8.012,7.47,6.639,6.128,5.69,5.513,5.298,4.846,4.504,4.157,3.887,3.49,2.996,2.707,2.456,2.282,2.074,1.807,1.602,1.411,1.231,1.008,0.788,0.635,0.512,0.408,0.325,0.256,0.2,0.15,0.11,0.08,0.056,0.038,0.026,0.017,0.011,0.006,0.004
COG,1981,71.785,67.45,65.156,63.529,61.483,59.73,57.057,54.98,53.796,51.823,50.309,49.273,47.382,45.76,44.507,43.001,41.116,39.377,37.84,36.354,34.846,33.316,31.983,30.729,29.198,27.662,26.148,24.747,23.795,22.862,21.81,20.985,20.443,19.246,18.434,17.571,16.836,16.343,16.164,15.826,15.491,15.216,15.168,14.995,14.195,13.511,12.967,12.744,12.641,12.203,11.902,11.507,11.391,10.985,10.061,9.419,8.861,8.918,8.986,8.6,8.377,8.09,7.946,7.359,6.424,5.877,5.414,5.267,5.072,4.594,4.246,3.892,3.631,3.218,2.687,2.403,2.168,2.025,1.838,1.577,1.387,1.217,1.056,0.843,0.633,0.501,0.398,0.314,0.249,0.195,0.15,0.112,0.081,0.057,0.039,0.027,0.017,0.011,0.007,0.004
COG,1982,72.785,68.383,65.494,63.98,62.718,60.795,59.117,56.497,54.343,53.213,51.271,49.872,48.994,47.1,45.525,44.351,42.878,40.964,39.193,37.659,36.138,34.588,32.998,31.646,30.395,28.804,27.21,25.638,24.174,23.238,22.313,21.249,20.463,19.919,18.873,18.012,17.115,16.376,15.915,15.813,15.516,15.214,14.974,14.99,14.868,14.021,13.306,12.742,12.553,12.501,12.061,11.779,11.385,11.312,10.902,9.886,9.2,8.608,8.733,8.868,8.472,8.266,7.985,7.87,7.238,6.202,5.616,5.131,5.013,4.84,4.332,3.978,3.619,3.369,2.942,2.375,2.098,1.882,1.769,1.605,1.351,1.183,1.032,0.891,0.688,0.49,0.379,0.297,0.233,0.183,0.143,0.11,0.081,0.057,0.039,0.026,0.018,0.012,0.007,0.004
COG,1983,72.807,69.411,66.463,64.241,63.092,62.071,60.204,58.558,55.971,53.73,52.646,50.728,49.44,48.715,46.816,45.285,44.188,42.747,40.806,39.002,37.47,35.914,34.323,32.674,31.304,30.058,28.405,26.756,25.121,23.598,22.676,21.761,20.685,19.935,19.39,18.497,17.585,16.654,15.912,15.481,15.457,15.204,14.935,14.728,14.807,14.736,13.842,13.096,12.512,12.352,12.355,11.912,11.65,11.256,11.227,10.814,9.705,8.974,8.349,8.538,8.74,8.335,8.146,7.871,7.784,7.106,5.97,5.348,4.84,4.75,4.597,4.062,3.705,3.341,3.102,2.661,2.064,1.797,1.598,1.518,1.377,1.135,0.986,0.857,0.736,0.546,0.359,0.269,0.206,0.162,0.128,0.1,0.077,0.057,0.04,0.026,0.017,0.011,0.007,0.004
COG,1984,72.58,69.333,67.533,65.23,63.27,62.367,61.519,59.667,58.035,55.469,53.134,52.09,50.19,49.009,48.436,46.53,45.04,44.019,42.608,40.637,38.802,37.272,35.683,34.052,32.346,30.957,29.715,28.004,26.297,24.603,23.018,22.11,21.204,20.114,19.403,18.854,18.114,17.153,16.188,15.441,15.042,15.098,14.886,14.651,14.478,14.619,14.6,13.659,12.88,12.274,12.146,12.202,11.758,11.513,11.121,11.135,10.719,9.517,8.74,8.08,8.335,8.6,8.186,8.015,7.744,7.689,6.967,5.729,5.071,4.539,4.477,4.345,3.784,3.425,3.056,2.831,2.38,1.753,1.497,1.318,1.275,1.158,0.927,0.799,0.694,0.593,0.417,0.241,0.173,0.127,0.101,0.081,0.064,0.051,0.037,0.026,0.016,0.01,0.006,0.004
COG,1985,77.646,70.706,68.472,66.994,64.872,63.022,62.177,61.363,59.536,57.922,55.369,53.042,52.001,50.102,48.919,48.338,46.426,44.929,43.899,42.48,40.505,38.664,37.131,35.54,33.908,32.202,30.814,29.571,27.862,26.159,24.467,22.886,21.979,21.07,19.981,19.269,18.717,17.977,17.017,16.053,15.307,14.906,14.956,14.741,14.501,14.325,14.458,14.432,13.494,12.717,12.11,11.975,12.021,11.575,11.325,10.931,10.935,10.516,9.326,8.551,7.891,8.127,8.37,7.947,7.763,7.481,7.407,6.691,5.483,4.835,4.308,4.229,4.085,3.536,3.182,2.82,2.594,2.165,1.581,1.338,1.167,1.117,1.004,0.793,0.675,0.577,0.487,0.336,0.191,0.134,0.097,0.076,0.06,0.046,0.036,0.025,0.018,0.011,0.007,0.004
COG,1986,79.395,75.721,69.863,67.947,66.641,64.628,62.838,62.025,61.231,59.423,57.82,55.275,52.953,51.913,50.013,48.823,48.236,46.316,44.813,43.775,42.35,40.371,38.527,36.991,35.397,33.764,32.06,30.671,29.428,27.721,26.02,24.332,22.755,21.845,20.934,19.845,19.131,18.576,17.836,16.877,15.914,15.167,14.766,14.809,14.59,14.347,14.165,14.292,14.257,13.322,12.545,11.937,11.796,11.832,11.383,11.128,10.73,10.725,10.3,9.121,8.348,7.691,7.905,8.124,7.695,7.497,7.205,7.113,6.403,5.226,4.587,4.068,3.975,3.816,3.283,2.936,2.584,2.36,1.953,1.414,1.185,1.023,0.969,0.86,0.67,0.562,0.474,0.393,0.268,0.15,0.104,0.073,0.056,0.043,0.033,0.025,0.017,0.011,0.007,0.004
COG,1987,81.257,77.497,74.847,69.344,67.601,66.397,64.444,62.688,61.897,61.12,59.323,57.726,55.186,52.865,51.823,49.919,48.723,48.128,46.202,44.694,43.647,42.216,40.235,38.388,36.849,35.254,33.62,31.917,30.528,29.282,27.577,25.879,24.193,22.617,21.706,20.792,19.704,18.988,18.43,17.689,16.732,15.77,15.024,14.62,14.657,14.433,14.187,14,14.115,14.072,13.139,12.364,11.756,11.607,11.634,11.184,10.923,10.523,10.505,10.074,8.904,8.135,7.48,7.67,7.864,7.43,7.219,6.917,6.807,6.104,4.958,4.332,3.823,3.714,3.544,3.03,2.69,2.351,2.13,1.747,1.252,1.039,0.888,0.83,0.727,0.558,0.461,0.383,0.313,0.21,0.115,0.078,0.055,0.04,0.03,0.022,0.017,0.011,0.007,0.005
COG,1988,83.169,79.363,76.623,74.305,68.999,67.361,66.214,64.294,62.562,61.786,61.017,59.227,57.635,55.099,52.775,51.729,49.819,48.617,48.013,46.082,44.567,43.515,42.077,40.093,38.245,36.704,35.106,33.472,31.769,30.378,29.13,27.426,25.729,24.046,22.472,21.559,20.643,19.554,18.835,18.275,17.533,16.577,15.618,14.873,14.468,14.496,14.267,14.016,13.823,13.928,13.875,12.945,12.171,11.563,11.409,11.426,10.974,10.707,10.302,10.271,9.831,8.673,7.908,7.255,7.423,7.591,7.151,6.927,6.616,6.486,5.79,4.68,4.07,3.57,3.448,3.269,2.776,2.447,2.122,1.906,1.548,1.099,0.902,0.761,0.701,0.605,0.459,0.374,0.305,0.245,0.161,0.087,0.057,0.039,0.029,0.021,0.016,0.011,0.008,0.005
COG,1989,84.985,81.246,78.472,76.067,73.934,68.751,67.173,66.058,64.162,62.448,61.682,60.918,59.131,57.537,54.999,52.671,51.615,49.696,48.485,47.869,45.93,44.407,43.346,41.901,39.916,38.066,36.522,34.924,33.287,31.585,30.194,28.946,27.245,25.55,23.869,22.297,21.382,20.465,19.379,18.66,18.095,17.355,16.402,15.447,14.704,14.296,14.316,14.083,13.827,13.626,13.719,13.657,12.732,11.962,11.355,11.193,11.2,10.746,10.473,10.062,10.014,9.568,8.424,7.663,7.013,7.157,7.299,6.857,6.621,6.3,6.148,5.463,4.394,3.798,3.313,3.179,2.994,2.525,2.208,1.898,1.689,1.359,0.954,0.773,0.643,0.585,0.498,0.371,0.297,0.239,0.189,0.121,0.064,0.042,0.028,0.019,0.014,0.01,0.008,0.005
COG,1990,86.833,83.037,80.347,77.913,75.697,73.678,68.567,67.021,65.929,64.049,62.344,61.584,60.823,59.037,57.442,54.902,52.573,51.512,49.589,48.37,47.746,45.803,44.275,43.206,41.756,39.766,37.912,36.365,34.763,33.125,31.419,30.025,28.775,27.074,25.378,23.698,22.128,21.211,20.291,19.205,18.483,17.917,17.177,16.225,15.275,14.531,14.12,14.131,13.891,13.628,13.42,13.502,13.429,12.509,11.742,11.136,10.968,10.964,10.506,10.224,9.804,9.739,9.286,8.156,7.402,6.756,6.877,6.994,6.548,6.3,5.968,5.799,5.127,4.1,3.524,3.054,2.912,2.724,2.278,1.976,1.683,1.483,1.18,0.818,0.653,0.536,0.48,0.403,0.295,0.233,0.183,0.143,0.09,0.047,0.029,0.019,0.013,0.009,0.006,0.005
COG,1991,88.537,84.787,82.084,79.75,77.515,75.421,73.468,68.403,66.88,65.805,63.936,62.237,61.478,60.715,58.922,57.318,54.768,52.426,51.349,49.415,48.184,47.544,45.593,44.056,42.977,41.521,39.53,37.675,36.126,34.521,32.884,31.18,29.786,28.536,26.836,25.146,23.471,21.906,20.989,20.071,18.988,18.267,17.7,16.962,16.017,15.07,14.328,13.917,13.918,13.673,13.402,13.188,13.257,13.175,12.264,11.5,10.896,10.72,10.703,10.241,9.948,9.523,9.442,8.981,7.869,7.122,6.482,6.581,6.671,6.223,5.961,5.622,5.437,4.781,3.8,3.246,2.795,2.647,2.457,2.038,1.752,1.479,1.288,1.012,0.691,0.545,0.44,0.389,0.32,0.231,0.179,0.139,0.105,0.065,0.033,0.021,0.013,0.009,0.006,0.005
COG,1992,90.644,86.43,83.821,81.486,79.355,77.243,75.216,73.299,68.265,66.76,65.693,63.831,62.139,61.38,60.614,58.821,57.215,54.664,52.32,51.237,49.298,48.06,47.41,45.452,43.908,42.818,41.353,39.356,37.496,35.94,34.331,32.69,30.982,29.583,28.328,26.627,24.936,23.265,21.703,20.784,19.866,18.783,18.061,17.492,16.756,15.814,14.87,14.128,13.714,13.702,13.447,13.171,12.95,13.007,12.916,12.009,11.251,10.649,10.463,10.43,9.962,9.659,9.225,9.125,8.659,7.565,6.829,6.198,6.272,6.336,5.885,5.612,5.268,5.067,4.43,3.5,2.97,2.542,2.389,2.2,1.807,1.54,1.285,1.106,0.857,0.578,0.449,0.357,0.31,0.251,0.178,0.135,0.103,0.076,0.046,0.023,0.014,0.008,0.006,0.003
COG,1993,92.93,88.373,85.384,83.166,81.052,79.054,77.016,75.03,73.141,68.133,66.639,65.578,63.72,62.026,61.259,60.483,58.677,57.058,54.495,52.14,51.041,49.09,47.84,47.173,45.208,43.655,42.554,41.083,39.083,37.222,35.663,34.053,32.413,30.706,29.305,28.046,26.35,24.665,23.002,21.447,20.529,19.615,18.537,17.818,17.25,16.514,15.576,14.638,13.9,13.481,13.458,13.197,12.916,12.687,12.733,12.632,11.734,10.98,10.38,10.183,10.132,9.658,9.345,8.904,8.785,8.313,7.242,6.52,5.899,5.949,5.984,5.534,5.253,4.904,4.691,4.077,3.2,2.698,2.291,2.137,1.951,1.588,1.338,1.103,0.936,0.715,0.475,0.364,0.285,0.243,0.194,0.134,0.101,0.074,0.055,0.032,0.015,0.01,0.005,0.003
COG,1994,95.029,90.624,87.374,84.787,82.789,80.804,78.875,76.87,74.907,73.033,68.04,66.555,65.503,63.659,61.987,61.246,60.503,58.734,57.147,54.616,52.284,51.197,49.254,47.998,47.318,45.339,43.767,42.641,41.147,39.126,37.243,35.662,34.033,32.371,30.647,29.227,27.95,26.242,24.549,22.883,21.322,20.396,19.474,18.395,17.668,17.09,16.349,15.409,14.469,13.725,13.298,13.259,12.988,12.696,12.459,12.489,12.374,11.481,10.73,10.127,9.913,9.844,9.362,9.035,8.586,8.448,7.97,6.925,6.215,5.604,5.627,5.635,5.187,4.897,4.548,4.324,3.734,2.914,2.439,2.056,1.903,1.719,1.385,1.153,0.938,0.786,0.593,0.389,0.294,0.227,0.191,0.151,0.102,0.075,0.056,0.04,0.024,0.013,0.009,0.006
COG,1995,97.427,92.425,89.445,86.646,84.312,82.462,80.559,78.674,76.7,74.758,72.897,67.919,66.438,65.387,63.541,61.865,61.117,60.365,58.588,56.991,54.452,52.112,51.012,49.059,47.791,47.095,45.109,43.527,42.39,40.886,38.861,36.976,35.392,33.759,32.094,30.368,28.945,27.667,25.963,24.278,22.619,21.068,20.144,19.224,18.15,17.422,16.841,16.103,15.165,14.23,13.486,13.055,13.006,12.728,12.431,12.187,12.203,12.077,11.19,10.442,9.837,9.608,9.522,9.034,8.695,8.24,8.084,7.606,6.587,5.891,5.289,5.29,5.273,4.828,4.533,4.185,3.956,3.394,2.628,2.183,1.824,1.673,1.495,1.189,0.977,0.783,0.647,0.481,0.31,0.231,0.175,0.144,0.112,0.074,0.054,0.038,0.027,0.016,0.009,0.006
COG,1996,99.634,94.636,91.19,88.684,86.152,83.973,82.208,80.352,78.496,76.545,74.617,72.767,67.802,66.324,65.276,63.434,61.763,61.016,60.261,58.484,56.884,54.344,52.001,50.888,48.927,47.647,46.932,44.936,43.343,42.189,40.675,38.644,36.753,35.159,33.519,31.848,30.118,28.692,27.409,25.709,24.029,22.376,20.832,19.909,18.992,17.919,17.19,16.606,15.865,14.93,13.997,13.253,12.818,12.757,12.474,12.171,11.917,11.919,11.779,10.897,10.148,9.542,9.302,9.192,8.699,8.348,7.889,7.718,7.239,6.247,5.564,4.974,4.952,4.91,4.472,4.173,3.83,3.597,3.063,2.353,1.939,1.606,1.456,1.285,1.009,0.818,0.647,0.526,0.386,0.245,0.179,0.134,0.109,0.082,0.055,0.038,0.027,0.019,0.012,0.006
COG,1997,102.363,96.599,93.274,90.347,88.13,85.77,83.686,81.973,80.152,78.322,76.387,74.47,72.623,67.666,66.184,65.128,63.279,61.598,60.838,60.067,58.278,56.666,54.117,51.766,50.64,48.67,47.38,46.649,44.649,43.05,41.887,40.367,38.338,36.444,34.848,33.205,31.535,29.808,28.384,27.102,25.409,23.738,22.096,20.563,19.644,18.728,17.661,16.934,16.346,15.605,14.673,13.743,13.004,12.564,12.494,12.205,11.895,11.636,11.621,11.467,10.588,9.84,9.231,8.977,8.848,8.349,7.991,7.531,7.344,6.864,5.899,5.231,4.655,4.609,4.545,4.115,3.816,3.48,3.244,2.742,2.089,1.704,1.397,1.25,1.09,0.843,0.673,0.524,0.42,0.302,0.189,0.136,0.1,0.079,0.058,0.038,0.026,0.018,0.012,0.008
COG,1998,104.381,98.544,94.702,92.03,89.477,87.489,85.268,83.271,81.621,79.847,78.048,76.13,74.205,72.321,67.291,65.688,64.485,62.48,60.637,59.703,58.765,56.849,55.158,52.592,50.25,49.135,47.201,45.946,45.25,43.311,41.769,40.66,39.199,37.229,35.394,33.846,32.251,30.63,28.953,27.573,26.329,24.682,23.06,21.458,19.965,19.071,18.18,17.139,16.431,15.857,15.132,14.22,13.311,12.586,12.153,12.079,11.79,11.482,11.219,11.193,11.027,10.162,9.423,8.818,8.554,8.409,7.912,7.549,7.09,6.89,6.412,5.482,4.836,4.279,4.213,4.13,3.713,3.421,3.096,2.864,2.4,1.807,1.457,1.178,1.039,0.892,0.679,0.532,0.405,0.318,0.224,0.135,0.093,0.064,0.049,0.033,0.019,0.011,0.006,0.001
COG,1999,105.702,100.939,97.011,93.777,91.432,89.072,87.188,85.025,83.066,81.442,79.687,77.903,75.999,74.09,72.222,67.22,65.643,64.463,62.48,60.65,59.714,58.768,56.851,55.156,52.59,50.243,49.109,47.159,45.883,45.161,43.207,41.648,40.517,39.036,37.053,35.205,33.643,32.038,30.408,28.727,27.34,26.093,24.449,22.83,21.234,19.746,18.849,17.954,16.914,16.201,15.618,14.888,13.978,13.073,12.347,11.909,11.82,11.522,11.203,10.928,10.881,10.695,9.835,9.096,8.488,8.209,8.044,7.548,7.177,6.716,6.498,6.019,5.123,4.496,3.956,3.873,3.77,3.369,3.081,2.769,2.541,2.107,1.571,1.252,0.999,0.871,0.738,0.553,0.427,0.321,0.249,0.173,0.103,0.07,0.048,0.037,0.026,0.015,0.01,0.006
COG,2000,107.89,102.207,99.353,96.039,93.141,90.995,88.745,86.92,84.8,82.87,81.264,79.52,77.744,75.844,73.934,72.062,67.064,65.48,64.289,62.295,60.452,59.499,58.536,56.61,54.906,52.336,49.986,48.84,46.884,45.599,44.862,42.905,41.343,40.2,38.713,36.729,34.88,33.317,31.713,30.088,28.41,27.028,25.784,24.149,22.541,20.955,19.476,18.58,17.686,16.65,15.933,15.346,14.618,13.712,12.813,12.089,11.647,11.547,11.24,10.912,10.624,10.555,10.354,9.496,8.76,8.151,7.86,7.682,7.183,6.806,6.342,6.11,5.632,4.768,4.162,3.64,3.543,3.428,3.041,2.761,2.46,2.236,1.835,1.351,1.061,0.836,0.718,0.598,0.443,0.336,0.248,0.189,0.128,0.075,0.05,0.034,0.024,0.016,0.01,0.006
COG,2001,110.387,105.443,101.531,99.139,96.051,93.258,91.138,88.88,87.039,84.901,82.961,81.369,79.686,78.039,76.351,74.732,73.211,68.603,67.389,66.529,64.809,63.167,62.334,61.426,59.494,57.735,55.077,52.605,51.312,49.203,47.75,46.844,44.728,43.005,41.707,40.074,37.957,35.987,34.308,32.6,30.877,29.116,27.653,26.335,24.638,22.974,21.338,19.812,18.866,17.925,16.848,16.091,15.466,14.706,13.775,12.856,12.109,11.642,11.508,11.173,10.816,10.498,10.396,10.161,9.297,8.552,7.935,7.626,7.423,6.918,6.524,6.052,5.802,5.322,4.487,3.898,3.394,3.28,3.15,2.776,2.5,2.211,1.991,1.618,1.183,0.923,0.722,0.616,0.51,0.379,0.288,0.216,0.167,0.119,0.079,0.058,0.047,0.039,0.034,0.029
COG,2002,116.311,106.889,103.846,100.545,98.484,95.598,92.918,90.86,88.645,86.834,84.718,82.79,81.2,79.516,77.859,76.156,74.52,72.978,68.357,67.12,66.238,64.499,62.84,61.991,61.067,59.129,57.362,54.705,52.235,50.936,48.827,47.372,46.458,44.344,42.622,41.319,39.685,37.576,35.611,33.937,32.235,30.52,28.769,27.313,26.002,24.315,22.66,21.037,19.52,18.576,17.633,16.563,15.806,15.179,14.42,13.496,12.583,11.839,11.367,11.219,10.871,10.504,10.174,10.05,9.798,8.939,8.201,7.588,7.269,7.051,6.541,6.143,5.673,5.41,4.935,4.135,3.57,3.089,2.964,2.825,2.467,2.202,1.926,1.712,1.372,0.99,0.761,0.587,0.492,0.4,0.292,0.218,0.16,0.121,0.084,0.055,0.04,0.031,0.026,0.021
COG,2003,119.039,112.624,105.19,102.747,99.79,97.938,95.174,92.572,90.567,88.389,86.601,84.497,82.562,80.945,79.21,77.48,75.689,73.957,72.315,67.614,66.299,65.354,63.573,61.887,61.022,60.096,58.168,56.42,53.793,51.354,50.082,48.007,46.579,45.688,43.604,41.908,40.628,39.02,36.939,35.002,33.352,31.675,29.987,28.26,26.826,25.53,23.866,22.234,20.629,19.129,18.191,17.258,16.199,15.449,14.827,14.076,13.16,12.257,11.519,11.045,10.884,10.528,10.153,9.812,9.67,9.404,8.555,7.826,7.217,6.889,6.654,6.147,5.747,5.278,5.006,4.537,3.778,3.239,2.781,2.648,2.501,2.164,1.909,1.648,1.446,1.141,0.809,0.611,0.461,0.379,0.303,0.216,0.157,0.112,0.081,0.054,0.033,0.021,0.015,0.011
COG,2004,121.578,116.145,111.45,104.564,102.376,99.568,97.785,95.055,92.473,90.479,88.309,86.533,84.452,82.56,81.007,79.36,77.736,76.059,74.437,72.894,68.282,67.022,66.107,64.337,62.644,61.751,60.784,58.813,57.012,54.337,51.845,50.515,48.387,46.9,45.952,43.82,42.077,40.751,39.104,36.993,35.027,33.35,31.651,29.943,28.2,26.747,25.436,23.76,22.118,20.505,18.997,18.047,17.103,16.039,15.277,14.646,13.886,12.968,12.063,11.316,10.83,10.647,10.275,9.883,9.525,9.358,9.073,8.232,7.506,6.898,6.555,6.303,5.796,5.388,4.922,4.64,4.18,3.461,2.945,2.511,2.371,2.219,1.9,1.656,1.411,1.223,0.954,0.668,0.498,0.373,0.302,0.238,0.169,0.123,0.089,0.064,0.045,0.028,0.021,0.016
COG,2005,126.501,118.958,115.066,110.856,104.235,102.177,99.433,97.678,94.967,92.397,90.409,88.25,86.494,84.453,82.625,81.156,79.609,78.097,76.526,74.997,73.53,68.982,67.752,66.844,65.067,63.351,62.419,61.404,59.385,57.53,54.803,52.261,50.875,48.695,47.156,46.151,43.977,42.194,40.825,39.144,37.004,35.014,33.315,31.596,29.871,28.113,26.644,25.316,23.631,21.98,20.359,18.846,17.886,16.93,15.862,15.091,14.451,13.684,12.761,11.852,11.098,10.597,10.395,10.005,9.598,9.224,9.035,8.734,7.899,7.177,6.568,6.214,5.946,5.439,5.028,4.567,4.277,3.828,3.147,2.659,2.249,2.103,1.948,1.647,1.418,1.193,1.02,0.785,0.545,0.402,0.296,0.238,0.185,0.132,0.096,0.069,0.051,0.036,0.026,0.021
COG,2006,131.235,124.286,118.139,114.661,110.658,104.157,102.14,99.411,97.661,94.95,92.381,90.403,88.275,86.58,84.636,82.942,81.634,80.262,78.917,77.498,76.092,74.715,70.231,69.023,68.105,66.299,64.533,63.535,62.443,60.346,58.409,55.608,52.99,51.521,49.267,47.654,46.575,44.341,42.5,41.075,39.345,37.166,35.14,33.407,31.657,29.902,28.12,26.629,25.276,23.573,21.906,20.272,18.751,17.773,16.806,15.727,14.945,14.29,13.511,12.581,11.663,10.9,10.384,10.158,9.751,9.328,8.937,8.725,8.405,7.575,6.853,6.246,5.88,5.594,5.089,4.677,4.221,3.928,3.492,2.85,2.39,2.003,1.855,1.696,1.418,1.205,1.002,0.845,0.643,0.442,0.324,0.239,0.191,0.147,0.106,0.078,0.058,0.044,0.034,0.027
COG,2007,137.066,129.202,123.513,117.765,114.475,110.575,104.127,102.12,99.396,97.644,94.935,92.375,90.426,88.353,86.746,84.928,83.381,82.232,81.015,79.808,78.5,77.175,75.847,71.391,70.174,69.224,67.371,65.545,64.474,63.305,61.131,59.119,56.247,53.558,52.015,49.696,48.016,46.874,44.588,42.698,41.223,39.454,37.242,35.187,33.424,31.648,29.872,28.069,26.555,25.18,23.462,21.784,20.144,18.614,17.626,16.647,15.563,14.769,14.101,13.31,12.372,11.447,10.679,10.148,9.899,9.477,9.037,8.634,8.398,8.059,7.234,6.517,5.912,5.535,5.237,4.736,4.324,3.879,3.582,3.158,2.557,2.126,1.766,1.614,1.458,1.204,1.01,0.83,0.69,0.52,0.354,0.258,0.189,0.15,0.116,0.085,0.064,0.048,0.039,0.032
COG,2008,143.134,135.152,128.451,123.134,117.577,114.38,110.525,104.097,102.093,99.372,97.62,94.921,92.384,90.485,88.49,86.99,85.3,83.891,82.876,81.778,80.668,79.427,78.145,76.829,72.378,71.13,70.134,68.228,66.34,65.2,63.958,61.718,59.637,56.704,53.956,52.348,49.974,48.241,47.044,44.718,42.786,41.274,39.471,37.234,35.156,33.369,31.571,29.776,27.956,26.424,25.031,23.303,21.62,19.973,18.443,17.444,16.456,15.366,14.562,13.88,13.079,12.135,11.208,10.43,9.887,9.619,9.181,8.73,8.311,8.053,7.695,6.875,6.167,5.564,5.18,4.872,4.377,3.969,3.535,3.237,2.831,2.271,1.87,1.535,1.386,1.236,1.008,0.834,0.676,0.554,0.413,0.279,0.201,0.147,0.117,0.091,0.066,0.051,0.041,0.034
COG,2009,150.459,140.971,134.119,127.825,122.723,117.294,114.165,110.35,103.953,101.964,99.255,97.51,94.815,92.279,90.377,88.378,86.872,85.175,83.757,82.731,81.623,80.501,79.251,77.957,76.63,72.178,70.919,69.91,67.992,66.095,64.94,63.686,61.438,59.348,56.411,53.658,52.04,49.662,47.923,46.715,44.386,42.454,40.936,39.133,36.901,34.824,33.036,31.241,29.445,27.626,26.094,24.7,22.977,21.3,19.661,18.139,17.141,16.154,15.065,14.258,13.568,12.761,11.818,10.892,10.113,9.563,9.278,8.83,8.368,7.938,7.659,7.285,6.479,5.779,5.185,4.797,4.483,4,3.6,3.177,2.883,2.497,1.982,1.612,1.305,1.162,1.021,0.821,0.668,0.532,0.428,0.313,0.208,0.146,0.105,0.081,0.061,0.044,0.034,0.026
COG,2010,157.521,149.528,140.949,134.341,128.134,123.048,117.599,114.431,110.579,104.152,102.142,99.443,97.759,95.202,92.894,91.306,89.686,88.589,87.295,86.236,85.507,84.617,83.633,82.443,81.144,79.757,75.212,73.816,72.645,70.557,68.481,67.142,65.706,63.285,61.028,57.935,55.036,53.276,50.768,48.907,47.582,45.155,43.131,41.524,39.642,37.341,35.2,33.354,31.503,29.657,27.793,26.219,24.787,23.034,21.333,19.674,18.133,17.11,16.098,14.991,14.159,13.445,12.619,11.662,10.724,9.932,9.364,9.054,8.585,8.104,7.652,7.348,6.955,6.154,5.462,4.872,4.48,4.158,3.684,3.29,2.881,2.591,2.223,1.75,1.411,1.133,0.999,0.867,0.691,0.558,0.442,0.356,0.261,0.179,0.132,0.099,0.081,0.066,0.054,0.045
COG,2011,166.47,155.634,148.655,140.451,134.032,127.934,122.904,117.486,114.333,110.493,104.078,102.075,99.386,97.719,95.189,92.918,91.373,89.798,88.743,87.484,86.455,85.744,84.863,83.876,82.677,81.36,79.95,75.389,73.963,72.761,70.639,68.534,67.161,65.689,63.24,60.955,57.839,54.922,53.137,50.612,48.73,47.384,44.946,42.909,41.288,39.393,37.085,34.94,33.085,31.224,29.37,27.504,25.925,24.488,22.738,21.04,19.386,17.849,16.821,15.803,14.691,13.852,13.13,12.296,11.339,10.402,9.606,9.032,8.702,8.221,7.727,7.264,6.94,6.533,5.748,5.07,4.492,4.103,3.778,3.319,2.937,2.548,2.268,1.923,1.492,1.188,0.941,0.817,0.699,0.548,0.437,0.34,0.268,0.195,0.131,0.096,0.071,0.058,0.047,0.037
COG,2012,169.306,164.513,154.715,148.102,140.097,133.792,127.757,122.759,117.365,114.226,110.396,103.99,101.993,99.31,97.65,95.129,92.868,91.332,89.765,88.715,87.462,86.432,85.718,84.827,83.828,82.616,81.284,79.857,75.29,73.844,72.62,70.483,68.359,66.966,65.473,63.009,60.706,57.583,54.659,52.859,50.326,48.435,47.076,44.633,42.591,40.962,39.062,36.752,34.603,32.742,30.877,29.022,27.157,25.576,24.139,22.394,20.701,19.054,17.523,16.491,15.467,14.355,13.51,12.778,11.939,10.984,10.051,9.254,8.671,8.324,7.831,7.326,6.854,6.513,6.097,5.331,4.67,4.109,3.724,3.4,2.96,2.594,2.227,1.957,1.637,1.254,0.984,0.768,0.657,0.553,0.426,0.333,0.254,0.197,0.14,0.093,0.067,0.049,0.039,0.031
COG,2013,170.969,166.982,163.225,153.857,147.482,139.632,133.423,127.449,122.497,117.138,114.019,110.195,103.778,101.733,98.97,97.197,94.542,92.133,90.449,88.749,87.587,86.249,85.16,84.409,83.504,82.51,81.317,80.015,78.626,74.112,72.709,71.531,69.44,67.361,66.006,64.55,62.123,59.859,56.775,53.886,52.114,49.611,47.746,46.405,43.989,41.966,40.352,38.468,36.177,34.043,32.194,30.341,28.501,26.648,25.081,23.653,21.922,20.246,18.612,17.093,16.061,15.04,13.934,13.086,12.351,11.512,10.562,9.636,8.843,8.255,7.892,7.392,6.882,6.402,6.05,5.628,4.885,4.25,3.708,3.332,3.014,2.596,2.25,1.905,1.654,1.361,1.025,0.79,0.604,0.507,0.416,0.314,0.239,0.177,0.131,0.088,0.055,0.037,0.025,0.018
COG,2014,170.496,168.75,165.756,162.386,153.256,147.026,139.271,133.122,127.195,122.275,116.939,113.827,109.987,103.53,101.411,98.544,96.643,93.85,91.306,89.498,87.696,86.455,85.063,83.94,83.176,82.276,81.3,80.135,78.865,77.514,73.053,71.692,70.553,68.501,66.462,65.138,63.713,61.32,59.085,56.035,53.176,51.428,48.95,47.105,45.779,43.383,41.375,39.774,37.9,35.622,33.499,31.661,29.82,27.99,26.152,24.594,23.175,21.457,19.792,18.172,16.66,15.63,14.609,13.507,12.657,11.918,11.079,10.136,9.214,8.425,7.832,7.453,6.947,6.431,5.95,5.588,5.162,4.45,3.838,3.319,2.955,2.645,2.252,1.928,1.608,1.376,1.115,0.824,0.623,0.467,0.382,0.307,0.225,0.165,0.119,0.084,0.053,0.03,0.017,0.009
COG,2015,170.104,168.441,167.622,164.983,161.821,152.834,146.691,138.992,132.886,126.99,122.09,116.76,113.635,109.756,103.238,101.025,98.046,96.021,93.107,90.454,88.555,86.684,85.393,83.971,82.838,82.076,81.19,80.236,79.098,77.861,76.542,72.128,70.8,69.691,67.672,65.662,64.36,62.959,60.592,58.379,55.356,52.523,50.792,48.334,46.505,45.186,42.804,40.809,39.212,37.346,35.078,32.966,31.135,29.303,27.484,25.658,24.109,22.695,20.988,19.332,17.72,16.22,15.189,14.167,13.07,12.216,11.474,10.635,9.698,8.784,7.996,7.399,7.009,6.494,5.979,5.497,5.129,4.705,4.023,3.438,2.946,2.596,2.298,1.931,1.631,1.34,1.129,0.899,0.651,0.482,0.353,0.283,0.222,0.156,0.11,0.075,0.05,0.028,0.013,0.005
COG,2016,170.033,168.185,167.39,166.9,164.456,161.418,152.519,146.427,138.77,132.693,126.817,121.922,116.582,113.424,109.49,102.895,100.584,97.499,95.369,92.361,89.629,87.67,85.76,84.442,83.011,81.879,81.127,80.257,79.324,78.212,77,75.71,71.334,70.031,68.942,66.946,64.957,63.672,62.286,59.937,57.741,54.74,51.926,50.206,47.765,45.943,44.626,42.256,40.268,38.67,36.807,34.549,32.447,30.621,28.798,26.987,25.17,23.626,22.217,20.518,18.867,17.266,15.775,14.741,13.718,12.626,11.772,11.024,10.183,9.251,8.343,7.561,6.963,6.559,6.041,5.527,5.048,4.678,4.257,3.608,3.053,2.59,2.256,1.972,1.635,1.359,1.101,0.914,0.714,0.507,0.365,0.261,0.204,0.155,0.105,0.071,0.046,0.028,0.013,0.005
COG,2017,169.533,168.249,167.215,166.727,166.413,164.085,161.12,152.274,146.218,138.59,132.53,126.662,121.758,116.393,113.187,109.185,102.512,100.112,96.94,94.729,91.656,88.876,86.882,84.951,83.623,82.193,81.068,80.329,79.474,78.559,77.465,76.275,75.003,70.658,69.371,68.294,66.313,64.34,63.065,61.686,59.349,57.164,54.18,51.381,49.666,47.233,45.414,44.097,41.733,39.745,38.146,36.285,34.034,31.939,30.119,28.302,26.496,24.686,23.146,21.736,20.042,18.401,16.807,15.323,14.289,13.265,12.177,11.32,10.566,9.725,8.797,7.896,7.122,6.521,6.108,5.591,5.08,4.608,4.236,3.822,3.207,2.686,2.253,1.939,1.672,1.365,1.118,0.89,0.726,0.558,0.387,0.272,0.189,0.143,0.105,0.068,0.043,0.026,0.014,0.004
COG,2018,170.262,167.874,167.348,166.606,166.284,166.073,163.813,160.888,152.078,146.047,138.437,132.384,126.511,121.586,116.184,112.921,108.853,102.112,99.635,96.4,94.134,91.022,88.214,86.202,84.262,82.934,81.509,80.391,79.661,78.817,77.916,76.835,75.658,74.397,70.072,68.793,67.721,65.75,63.784,62.512,61.133,58.805,56.626,53.652,50.864,49.15,46.723,44.904,43.58,41.218,39.229,37.627,35.765,33.521,31.432,29.615,27.8,26.001,24.197,22.656,21.244,19.554,17.921,16.335,14.861,13.823,12.8,11.716,10.855,10.095,9.252,8.333,7.443,6.675,6.076,5.656,5.141,4.639,4.176,3.807,3.402,2.824,2.34,1.939,1.646,1.399,1.126,0.906,0.709,0.568,0.427,0.289,0.199,0.134,0.097,0.069,0.042,0.026,0.014,0.007
COG,2019,170.867,168.702,167.035,166.784,166.197,165.973,165.82,163.598,160.702,151.917,145.903,138.299,132.242,126.353,121.398,115.951,112.633,108.506,101.71,99.18,95.902,93.603,90.469,87.647,85.628,83.686,82.359,80.939,79.828,79.104,78.266,77.372,76.299,75.126,73.869,69.56,68.282,67.211,65.242,63.279,62.003,60.624,58.299,56.123,53.156,50.374,48.655,46.231,44.407,43.072,40.711,38.72,37.112,35.247,33.01,30.925,29.111,27.299,25.501,23.699,22.155,20.74,19.058,17.429,15.853,14.387,13.348,12.323,11.242,10.378,9.611,8.77,7.859,6.98,6.226,5.631,5.207,4.698,4.206,3.755,3.389,2.999,2.463,2.014,1.647,1.379,1.155,0.913,0.723,0.556,0.436,0.321,0.212,0.142,0.092,0.065,0.044,0.026,0.014,0.006
COG,2020,171.244,169.172,167.683,166.33,166.259,165.79,165.641,165.535,163.347,160.478,151.718,145.717,138.116,132.052,126.141,121.151,115.664,112.298,108.124,101.294,98.728,95.426,93.107,89.962,87.135,85.112,83.172,81.845,80.429,79.319,78.595,77.76,76.866,75.791,74.617,73.357,69.062,67.781,66.705,64.734,62.769,61.488,60.103,57.778,55.601,52.639,49.86,48.134,45.711,43.88,42.533,40.172,38.18,36.566,34.7,32.468,30.387,28.574,26.763,24.964,23.163,21.618,20.2,18.523,16.904,15.336,13.882,12.842,11.815,10.739,9.871,9.101,8.264,7.366,6.504,5.762,5.177,4.753,4.255,3.776,3.339,2.984,2.612,2.118,1.709,1.378,1.136,0.938,0.729,0.567,0.428,0.328,0.237,0.152,0.099,0.061,0.042,0.027,0.015,0.007
COG,2021,172.769,169.854,168.415,167.186,165.975,165.991,165.576,165.456,165.372,163.2,160.342,151.591,145.587,137.979,131.897,125.958,120.933,115.41,112.005,107.799,100.947,98.361,95.045,92.713,89.564,86.735,84.711,82.77,81.443,80.025,78.915,78.189,77.351,76.451,75.372,74.192,72.925,68.636,67.348,66.263,64.285,62.316,61.025,59.628,57.299,55.114,52.15,49.37,47.63,45.2,43.357,41.993,39.63,37.63,36.005,34.134,31.902,29.821,28.004,26.188,24.383,22.58,21.033,19.606,17.933,16.323,14.766,13.32,12.278,11.251,10.179,9.313,8.542,7.713,6.835,5.997,5.28,4.709,4.287,3.804,3.341,2.922,2.582,2.228,1.779,1.411,1.119,0.907,0.736,0.562,0.429,0.316,0.237,0.166,0.104,0.065,0.039,0.025,0.015,0.007
COG,2022,174.307,171.42,169.105,167.923,166.835,165.711,165.779,165.394,165.295,165.226,163.064,160.21,151.459,145.448,137.822,131.712,125.739,120.676,115.117,111.678,107.445,100.58,97.979,94.651,92.314,89.163,86.335,84.311,82.371,81.042,79.625,78.515,77.787,76.942,76.035,74.947,73.758,72.48,68.197,66.898,65.799,63.815,61.839,60.533,59.123,56.784,54.588,51.622,48.836,47.081,44.643,42.787,41.406,39.04,37.034,35.398,33.52,31.289,29.206,27.382,25.556,23.745,21.941,20.387,18.955,17.288,15.686,14.14,12.707,11.664,10.637,9.576,8.714,7.946,7.132,6.279,5.469,4.778,4.225,3.81,3.343,2.903,2.508,2.183,1.853,1.452,1.13,0.879,0.7,0.558,0.418,0.312,0.225,0.165,0.112,0.068,0.04,0.023,0.013,0.007
COG,2023,174.672,172.67,170.608,168.582,167.554,166.562,165.494,165.592,165.228,165.143,165.083,162.926,160.071,151.319,145.296,137.655,131.524,125.529,120.442,114.864,111.408,107.165,100.298,97.687,94.354,92.01,88.856,86.024,83.995,82.049,80.712,79.286,78.166,77.424,76.566,75.642,74.54,73.336,72.043,67.763,66.449,65.335,63.342,61.354,60.034,58.606,56.258,54.054,51.083,48.292,46.521,44.078,42.213,40.815,38.449,36.439,34.793,32.91,30.68,28.597,26.764,24.936,23.124,21.32,19.764,18.329,16.673,15.081,13.548,12.128,11.081,10.058,9.009,8.149,7.387,6.585,5.756,4.978,4.312,3.778,3.373,2.928,2.514,2.144,1.842,1.54,1.189,0.91,0.695,0.544,0.425,0.312,0.228,0.16,0.115,0.077,0.045,0.026,0.014,0.009
COG,2024,176.695,173.054,171.857,170.082,168.213,167.282,166.344,165.308,165.427,165.077,165.002,164.944,162.786,159.924,151.163,145.122,137.461,131.307,125.288,120.182,114.59,111.121,106.869,100.004,97.385,94.049,91.698,88.541,85.707,83.671,81.718,80.373,78.94,77.807,77.05,76.176,75.237,74.119,72.9,71.591,67.314,65.987,64.857,62.852,60.856,59.517,58.072,55.716,53.498,50.523,47.725,45.94,43.495,41.618,40.205,37.839,35.824,34.169,32.28,30.05,27.963,26.124,24.293,22.478,20.678,19.121,17.685,16.038,14.457,12.938,11.532,10.488,9.471,8.434,7.584,6.83,6.047,5.247,4.499,3.862,3.35,2.96,2.541,2.153,1.812,1.534,1.264,0.96,0.722,0.542,0.416,0.318,0.229,0.164,0.113,0.079,0.051,0.029,0.017,0.009
COG,2025,178.424,175.083,172.246,171.33,169.712,167.94,167.063,166.157,165.143,165.277,164.936,164.864,164.804,162.638,159.761,150.983,144.92,137.237,131.059,125.02,119.9,114.299,110.82,106.56,99.698,97.073,93.734,91.378,88.219,85.381,83.338,81.38,80.026,78.581,77.436,76.664,75.773,74.818,73.684,72.45,71.126,66.852,65.511,64.364,62.349,60.34,58.983,57.521,55.151,52.921,49.939,47.14,45.341,42.89,41.006,39.579,37.212,35.192,33.524,31.627,29.393,27.304,25.462,23.625,21.811,20.015,18.459,17.022,15.384,13.816,12.311,10.923,9.885,8.875,7.857,7.02,6.279,5.519,4.75,4.037,3.432,2.946,2.573,2.181,1.824,1.512,1.262,1.023,0.765,0.565,0.416,0.313,0.235,0.166,0.115,0.077,0.053,0.033,0.019,0.01
COG,2026,181.149,176.817,174.271,171.72,170.958,169.437,167.722,166.877,165.993,164.995,165.137,164.799,164.724,164.655,162.473,159.574,150.776,144.687,136.981,130.783,124.731,119.599,113.992,110.504,106.241,99.383,96.754,93.411,91.05,87.888,85.045,82.998,81.033,79.667,78.212,77.053,76.264,75.357,74.385,73.235,71.985,70.645,66.377,65.02,63.856,61.828,59.805,58.429,56.946,54.565,52.317,49.335,46.533,44.719,42.268,40.374,38.93,36.563,34.537,32.855,30.945,28.71,26.62,24.771,22.933,21.12,19.33,17.775,16.335,14.71,13.154,11.67,10.303,9.272,8.276,7.279,6.459,5.737,5.002,4.268,3.592,3.022,2.566,2.213,1.851,1.526,1.248,1.025,0.818,0.6,0.435,0.314,0.232,0.17,0.116,0.079,0.052,0.034,0.021,0.011
COG,2027,184.27,179.549,176.006,173.743,171.35,170.683,169.217,167.535,166.712,165.845,164.857,165.001,164.661,164.577,164.49,162.285,159.357,150.537,144.421,136.698,130.485,124.423,119.284,113.673,110.178,105.913,99.06,96.425,93.08,90.714,87.548,84.703,82.649,80.675,79.299,77.83,76.656,75.851,74.927,73.939,72.772,71.505,70.15,65.885,64.513,63.329,61.287,59.252,57.853,56.347,53.95,51.691,48.707,45.902,44.077,41.623,39.719,38.259,35.89,33.854,32.154,30.233,27.998,25.905,24.052,22.213,20.403,18.619,17.063,15.625,14.01,12.473,11.012,9.669,8.65,7.672,6.703,5.906,5.203,4.497,3.8,3.166,2.634,2.208,1.88,1.55,1.26,1.014,0.82,0.642,0.462,0.329,0.233,0.168,0.121,0.081,0.053,0.034,0.022,0.013
COG,2028,187.402,182.674,178.734,175.479,173.372,171.075,170.464,169.031,167.372,166.565,165.707,164.722,164.864,164.516,164.414,164.301,162.068,159.109,150.265,144.128,136.391,130.169,124.1,118.955,113.342,109.843,105.575,98.729,96.09,92.742,90.369,87.201,84.353,82.289,80.307,78.917,77.435,76.248,75.424,74.484,73.477,72.293,71.01,69.638,65.378,63.986,62.782,60.727,58.674,57.252,55.721,53.312,51.042,48.054,45.249,43.412,40.956,39.042,37.562,35.189,33.139,31.422,29.491,27.254,25.161,23.305,21.466,19.66,17.88,16.327,14.888,13.291,11.776,10.34,9.026,8.025,7.07,6.133,5.36,4.683,4.008,3.353,2.763,2.27,1.879,1.577,1.281,1.025,0.811,0.645,0.496,0.35,0.244,0.169,0.119,0.084,0.055,0.035,0.022,0.014
COG,2029,191.234,185.807,181.853,178.203,175.106,173.096,170.856,170.277,168.867,167.225,166.428,165.573,164.587,164.72,164.355,164.228,164.084,161.818,158.827,149.963,143.81,136.067,129.837,123.765,118.616,113.003,109.499,105.229,98.391,95.746,92.395,90.017,86.846,83.991,81.919,79.925,78.521,77.028,75.824,74.983,74.025,73,71.799,70.498,69.109,64.852,63.441,62.215,60.143,58.072,56.622,55.068,52.649,50.365,47.379,44.573,42.722,40.263,38.337,36.835,34.452,32.391,30.658,28.714,26.479,24.387,22.53,20.691,18.886,17.114,15.562,14.128,12.552,11.062,9.658,8.379,7.399,6.473,5.57,4.828,4.176,3.539,2.929,2.384,1.933,1.577,1.304,1.044,0.821,0.639,0.498,0.376,0.26,0.178,0.12,0.082,0.056,0.036,0.022,0.014
COG,2030,195.029,189.635,184.982,181.317,177.828,174.829,172.876,170.671,170.113,168.72,167.089,166.295,165.439,164.444,164.561,164.171,164.014,163.835,161.534,158.514,149.639,143.473,135.725,129.491,123.416,118.266,112.654,109.146,104.874,98.044,95.392,92.04,89.655,86.48,83.618,81.536,79.531,78.114,76.606,75.387,74.527,73.55,72.508,71.288,69.97,68.561,64.306,62.875,61.623,59.532,57.44,55.967,54.391,51.959,49.665,46.679,43.873,42.008,39.544,37.602,36.071,33.683,31.611,29.858,27.905,25.671,23.582,21.723,19.884,18.084,16.319,14.775,13.349,11.797,10.337,8.969,7.73,6.779,5.883,5.02,4.31,3.691,3.094,2.529,2.031,1.624,1.306,1.064,0.838,0.648,0.494,0.378,0.28,0.19,0.127,0.083,0.056,0.037,0.023,0.014
COG,2031,198.312,193.426,188.802,184.442,180.938,177.548,174.609,172.689,170.508,169.967,168.584,166.957,166.161,165.296,164.286,164.378,163.958,163.766,163.551,161.22,158.174,149.293,143.119,135.368,129.133,123.058,117.907,112.297,108.784,104.512,97.687,95.031,91.675,89.283,86.101,83.233,81.139,79.124,77.693,76.169,74.934,74.056,73.06,71.998,70.761,69.421,67.991,63.739,62.284,61.005,58.893,56.782,55.286,53.687,51.244,48.939,45.954,43.147,41.264,38.793,36.829,35.273,32.88,30.794,29.024,27.062,24.831,22.745,20.883,19.047,17.25,15.5,13.965,12.552,11.029,9.606,8.28,7.087,6.166,5.305,4.484,3.812,3.23,2.675,2.157,1.709,1.347,1.067,0.854,0.661,0.502,0.376,0.282,0.204,0.135,0.088,0.056,0.037,0.024,0.015
COG,2032,201.226,196.714,192.587,188.256,184.059,180.656,177.325,174.422,172.526,170.363,169.83,168.452,166.824,166.02,165.14,164.107,164.168,163.715,163.486,163.236,160.881,157.816,148.93,142.749,135,128.764,122.691,117.539,111.93,108.413,104.138,97.323,94.661,91.299,88.898,85.71,82.833,80.729,78.703,77.256,75.717,74.466,73.568,72.552,71.471,70.212,68.85,67.398,63.146,61.665,60.355,58.225,56.098,54.575,52.954,50.501,48.183,45.199,42.388,40.485,38.001,36.019,34.436,32.034,29.939,28.151,26.18,23.955,21.871,20.008,18.173,16.387,14.654,13.133,11.737,10.25,8.87,7.593,6.448,5.563,4.741,3.968,3.337,2.793,2.283,1.816,1.417,1.1,0.857,0.675,0.513,0.382,0.281,0.205,0.145,0.094,0.06,0.037,0.024,0.015
COG,2033,204.45,199.637,195.87,192.036,187.869,183.774,180.431,177.138,174.259,172.381,170.228,169.699,168.32,166.684,165.865,164.961,163.899,163.927,163.437,163.176,162.897,160.52,157.44,148.553,142.368,134.622,128.386,122.314,117.162,111.554,108.032,103.758,96.949,94.279,90.912,88.5,85.305,82.421,80.305,78.266,76.803,75.25,73.981,73.063,72.027,70.922,69.641,68.257,66.779,62.525,61.014,59.678,57.529,55.382,53.836,52.191,49.728,47.398,44.41,41.593,39.664,37.17,35.169,33.557,31.15,29.043,27.241,25.262,23.039,20.959,19.095,17.268,15.497,13.784,12.285,10.912,9.468,8.136,6.911,5.821,4.973,4.197,3.475,2.886,2.384,1.922,1.507,1.158,0.884,0.677,0.523,0.391,0.285,0.204,0.147,0.101,0.063,0.039,0.025,0.015
COG,2034,207.465,202.868,198.792,195.316,191.644,187.58,183.548,180.242,176.973,174.113,172.245,170.098,169.567,168.18,166.529,165.688,164.756,163.661,163.653,163.13,162.84,162.537,160.143,157.047,148.163,141.977,134.234,128,121.929,116.776,111.17,107.644,103.366,96.564,93.884,90.511,88.087,84.886,81.994,79.866,77.813,76.335,74.767,73.479,72.54,71.481,70.352,69.047,67.635,66.129,61.871,60.335,58.969,56.801,54.637,53.066,51.397,48.923,46.577,43.583,40.755,38.801,36.299,34.275,32.634,30.222,28.107,26.288,24.3,22.083,20.007,18.148,16.335,14.58,12.895,11.422,10.081,8.687,7.408,6.24,5.206,4.404,3.677,3.006,2.465,2.008,1.596,1.233,0.932,0.7,0.525,0.398,0.292,0.208,0.146,0.102,0.069,0.043,0.025,0.015
COG,2035,210.558,205.89,202.02,198.235,194.922,191.353,187.351,183.356,180.076,176.826,173.978,172.115,169.967,169.429,168.027,166.354,165.484,164.52,163.391,163.349,162.8,162.485,162.16,159.749,156.642,147.761,141.575,133.836,127.603,121.533,116.378,110.775,107.244,102.962,96.166,93.476,90.095,87.662,84.453,81.551,79.409,77.344,75.85,74.265,72.958,71.996,70.912,69.758,68.424,66.984,65.445,61.188,59.626,58.229,56.043,53.862,52.265,50.572,48.082,45.716,42.711,39.875,37.896,35.379,33.338,31.668,29.254,27.13,25.293,23.297,21.084,19.02,17.172,15.372,13.644,11.994,10.556,9.252,7.911,6.69,5.583,4.612,3.859,3.182,2.568,2.078,1.669,1.305,0.992,0.738,0.542,0.4,0.298,0.213,0.149,0.102,0.069,0.046,0.027,0.017
COG,2036,213.177,208.992,205.04,201.46,197.838,194.627,191.12,187.158,183.19,179.929,176.691,173.849,171.985,169.83,169.276,167.851,166.151,165.25,164.251,163.091,163.022,162.448,162.113,161.767,159.343,156.226,147.35,141.163,133.428,127.196,121.127,115.973,110.37,106.831,102.546,95.754,93.053,89.665,87.22,84.003,81.091,78.937,76.859,75.347,73.745,72.417,71.429,70.32,69.136,67.771,66.298,64.729,60.474,58.884,57.459,55.255,53.055,51.432,49.708,47.199,44.807,41.794,38.95,36.942,34.417,32.356,30.659,28.243,26.108,24.254,22.249,20.049,18.001,16.165,14.389,12.694,11.086,9.689,8.427,7.146,5.986,4.947,4.043,3.342,2.721,2.166,1.726,1.365,1.051,0.785,0.573,0.414,0.299,0.217,0.152,0.104,0.069,0.046,0.03,0.017
COG,2037,215.161,211.619,208.14,204.477,201.06,197.542,194.394,190.925,186.99,183.041,179.793,176.56,173.718,171.848,169.678,169.102,167.65,165.919,164.983,163.953,162.768,162.674,162.079,161.724,161.361,158.924,155.798,146.927,140.74,133.01,126.777,120.71,115.556,109.951,106.405,102.113,95.327,92.616,89.219,86.762,83.535,80.614,78.447,76.355,74.825,73.203,71.852,70.838,69.698,68.482,67.083,65.578,63.981,59.727,58.11,56.657,54.433,52.215,50.558,48.801,46.266,43.852,40.831,37.975,35.943,33.408,31.328,29.603,27.182,25.039,23.167,21.162,18.98,16.95,15.136,13.391,11.736,10.18,8.828,7.614,6.397,5.306,4.339,3.502,2.858,2.295,1.801,1.414,1.1,0.833,0.609,0.436,0.309,0.218,0.156,0.106,0.07,0.046,0.03,0.019
COG,2038,217.604,213.62,210.767,207.574,204.075,200.761,197.307,194.197,190.755,186.84,182.905,179.662,176.429,173.58,171.695,169.505,168.9,167.419,165.655,164.687,163.632,162.424,162.309,161.696,161.322,160.943,158.497,155.359,146.495,140.305,132.579,126.349,120.283,115.124,109.518,105.963,101.665,94.885,92.162,88.757,86.284,83.05,80.12,77.939,75.832,74.282,72.638,71.264,70.218,69.046,67.794,66.363,64.827,63.198,58.949,57.305,55.82,53.576,51.335,49.642,47.843,45.285,42.846,39.815,36.952,34.893,32.352,30.254,28.496,26.076,23.923,22.039,20.037,17.876,15.875,14.09,12.384,10.779,9.277,7.979,6.818,5.671,4.655,3.76,2.996,2.412,1.908,1.475,1.139,0.871,0.647,0.465,0.327,0.226,0.157,0.109,0.072,0.047,0.03,0.019
COG,2039,220.167,216.074,212.771,210.201,207.171,203.775,200.525,197.109,194.026,190.604,186.701,182.773,179.53,176.292,173.429,171.524,169.307,168.671,167.154,165.361,164.368,163.291,162.064,161.929,161.299,160.91,160.515,158.056,154.909,146.049,139.859,132.138,125.908,119.841,114.679,109.071,105.505,101.201,94.426,91.691,88.275,85.79,82.547,79.607,77.411,75.287,73.715,72.05,70.648,69.567,68.357,67.071,65.609,64.04,62.382,58.138,56.465,54.949,52.68,50.41,48.673,46.835,44.253,41.787,38.748,35.879,33.796,31.248,29.128,27.341,24.918,22.763,20.874,18.876,16.747,14.783,13.034,11.378,9.827,8.387,7.147,6.047,4.977,4.035,3.218,2.53,2.007,1.564,1.188,0.903,0.678,0.493,0.348,0.239,0.162,0.109,0.074,0.048,0.031,0.019
COG,2040,222.371,218.652,215.228,212.206,209.797,206.869,203.537,200.326,196.937,193.874,190.465,186.568,182.641,179.392,176.141,173.258,171.325,169.079,168.408,166.863,165.045,164.03,162.934,161.691,161.538,160.892,160.488,160.075,157.605,154.448,145.593,139.402,131.685,125.453,119.385,114.217,108.606,105.03,100.719,93.95,91.2,87.776,85.277,82.025,79.075,76.861,74.719,73.124,71.433,69.999,68.88,67.637,66.316,64.819,63.22,61.531,57.293,55.589,54.035,51.738,49.434,47.654,45.774,43.165,40.673,37.629,34.755,32.646,30.09,27.952,26.131,23.715,21.563,19.669,17.689,15.598,13.679,11.98,10.376,8.886,7.514,6.339,5.308,4.315,3.455,2.718,2.106,1.645,1.261,0.942,0.702,0.517,0.37,0.254,0.17,0.113,0.075,0.049,0.031,0.019
COG,2041,225,220.867,217.805,214.662,211.802,209.494,206.629,203.337,200.152,196.784,193.733,190.33,186.435,182.501,179.239,175.969,173.06,171.097,168.818,168.118,166.548,164.71,163.675,162.562,161.303,161.134,160.475,160.053,159.625,157.142,153.971,145.124,138.932,131.216,124.982,118.911,113.737,108.125,104.537,100.218,93.454,90.691,87.258,84.744,81.483,78.519,76.288,74.126,72.504,70.783,69.314,68.16,66.881,65.524,63.995,62.364,60.644,56.41,54.672,53.076,50.742,48.405,46.58,44.654,42.021,39.505,36.457,33.579,31.441,28.879,26.72,24.875,22.471,20.324,18.436,16.481,14.439,12.577,10.928,9.386,7.963,6.667,5.566,4.604,3.696,2.919,2.263,1.726,1.328,1,0.733,0.537,0.388,0.27,0.182,0.119,0.077,0.049,0.032,0.019
COG,2042,226.397,223.504,220.021,217.239,214.256,211.499,209.253,206.427,203.162,199.998,196.643,193.598,190.196,186.294,182.348,179.066,175.769,172.831,170.836,168.53,167.804,166.212,164.357,163.305,162.177,160.905,160.721,160.047,159.608,159.162,156.665,153.484,144.641,138.444,130.731,124.494,118.419,113.24,107.624,104.024,99.696,92.938,90.161,86.719,84.19,80.917,77.939,75.689,73.505,71.852,70.097,68.595,67.405,66.088,64.698,63.135,61.472,59.717,55.487,53.707,52.061,49.692,47.32,45.446,43.478,40.82,38.281,35.23,32.346,30.182,27.612,25.44,23.575,21.184,19.055,17.182,15.26,13.278,11.476,9.89,8.415,7.07,5.856,4.83,3.944,3.124,2.431,1.857,1.394,1.053,0.778,0.561,0.402,0.284,0.194,0.128,0.082,0.052,0.032,0.021
COG,2043,227.644,224.919,222.66,219.456,216.831,213.952,211.257,209.05,206.252,203.008,199.857,196.507,193.463,190.054,186.14,182.173,178.866,175.541,172.572,170.549,168.219,167.469,165.861,163.99,162.923,161.782,160.498,160.297,159.607,159.151,158.684,156.175,152.982,144.141,137.941,130.228,123.987,117.909,112.723,107.103,103.489,99.152,92.402,89.61,86.157,83.612,80.326,77.334,75.059,72.848,71.161,69.377,67.842,66.612,65.261,63.835,62.237,60.539,58.746,54.514,52.687,50.99,48.586,46.175,44.254,42.241,39.562,36.999,33.943,31.056,28.862,26.295,24.115,22.231,19.867,17.763,15.914,14.038,12.121,10.389,8.869,7.473,6.212,5.083,4.139,3.335,2.603,1.995,1.5,1.106,0.82,0.595,0.42,0.294,0.203,0.136,0.087,0.055,0.034,0.021
COG,2044,228.848,226.187,224.081,222.094,219.048,216.527,213.71,211.054,208.875,206.097,202.866,199.72,196.372,193.321,189.899,185.965,181.973,178.636,175.28,172.285,170.237,167.888,167.12,165.495,163.611,162.532,161.377,160.079,159.863,159.155,158.68,158.196,155.671,152.462,143.626,137.418,129.705,123.461,117.378,112.185,106.559,102.933,98.589,91.844,89.039,85.573,83.008,79.709,76.698,74.397,72.156,70.436,68.621,67.051,65.786,64.398,62.934,61.302,59.562,57.726,53.484,51.61,49.862,47.417,44.97,43.002,40.945,38.243,35.653,32.596,29.705,27.49,24.93,22.744,20.853,18.526,16.457,14.644,12.819,10.977,9.321,7.879,6.568,5.393,4.358,3.501,2.779,2.137,1.612,1.19,0.862,0.628,0.446,0.308,0.211,0.142,0.093,0.058,0.035,0.021
COG,2045,230.41,227.408,225.355,223.517,221.686,218.742,216.284,213.507,210.879,208.719,205.954,202.729,199.585,196.229,193.164,189.722,185.762,181.742,178.375,174.992,171.974,169.907,167.542,166.756,165.118,163.223,162.131,160.961,159.651,159.416,158.69,158.197,157.692,155.149,151.924,143.089,136.874,129.163,122.913,116.826,111.624,105.993,102.354,98.001,91.264,88.44,84.962,82.377,79.06,76.027,73.695,71.427,69.675,67.827,66.225,64.921,63.496,61.995,60.319,58.534,56.643,52.398,50.475,48.669,46.188,43.704,41.689,39.586,36.859,34.245,31.184,28.298,26.069,23.519,21.34,19.45,17.169,15.149,13.376,11.612,9.852,8.284,6.929,5.705,4.626,3.687,2.919,2.283,1.727,1.281,0.928,0.659,0.47,0.327,0.221,0.147,0.098,0.061,0.037,0.022
COG,2046,232.324,228.986,226.582,224.793,223.11,221.379,218.5,216.08,213.331,210.724,208.576,205.817,202.592,199.441,196.073,192.987,189.519,185.53,181.479,178.085,174.68,171.643,169.56,167.18,166.379,164.73,162.824,161.718,160.536,159.21,158.956,158.214,157.7,157.171,154.609,151.365,142.532,136.311,128.598,122.341,116.248,111.039,105.405,101.752,97.389,90.658,87.816,84.323,81.714,78.376,75.318,72.958,70.662,68.876,66.998,65.362,64.02,62.554,61.008,59.285,57.444,55.502,51.253,49.274,47.414,44.894,42.377,40.313,38.16,35.41,32.769,29.715,26.842,24.598,22.072,19.909,18.029,15.808,13.841,12.122,10.426,8.759,7.286,6.021,4.895,3.915,3.076,2.399,1.846,1.373,0.999,0.711,0.495,0.345,0.235,0.155,0.101,0.064,0.04,0.024
COG,2047,233.416,230.912,228.165,226.024,224.388,222.805,221.136,218.296,215.904,213.175,210.581,208.439,205.679,202.448,199.284,195.894,192.782,189.284,185.265,181.188,177.771,174.349,171.297,169.199,166.808,165.993,164.333,162.415,161.296,160.098,158.756,158.485,157.722,157.185,156.631,154.048,150.784,141.952,135.723,128.008,121.744,115.646,110.43,104.79,101.124,96.75,90.024,87.162,83.65,81.014,77.651,74.57,72.184,69.857,68.04,66.132,64.46,63.077,61.566,59.969,58.188,56.293,54.296,50.041,48.011,46.094,43.538,40.984,38.867,36.667,33.891,31.232,28.192,25.334,23.09,20.597,18.46,16.606,14.449,12.546,10.887,9.273,7.708,6.336,5.168,4.145,3.268,2.528,1.941,1.468,1.072,0.765,0.534,0.364,0.248,0.165,0.106,0.067,0.042,0.025
COG,2048,234.616,232.024,230.096,227.609,225.621,224.084,222.561,220.931,218.12,215.749,213.033,210.444,208.301,205.536,202.29,199.105,195.689,192.546,189.016,184.971,180.873,177.438,174.001,170.936,168.826,166.426,165.598,163.925,161.995,160.861,159.648,158.291,157.998,157.213,156.653,156.07,153.464,150.18,141.349,135.109,127.392,121.122,115.02,109.794,104.152,100.468,96.082,89.361,86.475,82.94,80.271,76.888,73.785,71.368,69.018,67.167,65.227,63.518,62.088,60.525,58.868,57.03,55.079,53.02,48.764,46.679,44.707,42.114,39.521,37.352,35.1,32.308,29.637,26.614,23.786,21.552,19.102,17.005,15.182,13.102,11.272,9.686,8.163,6.703,5.44,4.378,3.462,2.687,2.046,1.543,1.146,0.821,0.575,0.391,0.261,0.174,0.112,0.071,0.043,0.027
COG,2049,234.94,233.243,231.215,229.543,227.207,225.318,223.842,222.357,220.754,217.964,215.605,212.895,210.306,208.157,205.377,202.111,198.899,195.453,192.279,188.72,184.654,180.538,177.089,173.64,170.565,168.444,166.034,165.193,163.508,161.565,160.415,159.186,157.812,157.495,156.688,156.098,155.487,152.858,149.55,140.718,134.467,126.749,120.475,114.366,109.132,103.484,99.782,95.383,88.664,85.748,82.188,79.49,76.085,72.959,70.517,68.139,66.254,64.281,62.529,61.045,59.421,57.703,55.806,53.792,51.676,47.419,45.283,43.252,40.617,37.988,35.762,33.468,30.665,27.986,24.995,22.206,19.993,17.602,15.552,13.771,11.775,10.032,8.53,7.102,5.758,4.611,3.657,2.848,2.176,1.628,1.206,0.879,0.617,0.422,0.282,0.183,0.118,0.075,0.046,0.027
COG,2050,235.844,233.59,232.441,230.666,229.142,226.906,225.077,223.639,222.183,220.599,217.822,215.469,212.759,210.162,207.998,205.197,201.904,198.661,195.184,191.981,188.401,184.316,180.188,176.726,173.267,170.184,168.053,165.633,164.777,163.079,161.123,159.958,158.711,157.316,156.976,156.142,155.524,154.881,152.226,148.893,140.059,133.798,126.08,119.798,113.686,108.441,102.785,99.064,94.646,87.927,84.978,81.395,78.666,75.241,72.096,69.626,67.22,65.301,63.287,61.487,59.938,58.253,56.473,54.51,52.436,50.261,46.008,43.817,41.724,39.05,36.38,34.107,31.774,28.964,26.291,23.343,20.606,18.428,16.102,14.111,12.38,10.483,8.837,7.424,6.104,4.882,3.853,3.01,2.306,1.732,1.272,0.925,0.661,0.454,0.304,0.197,0.125,0.08,0.048,0.029
COG,2051,236.835,234.514,232.798,231.896,230.268,228.841,226.666,224.876,223.465,222.027,220.456,217.685,215.331,212.614,210.004,207.819,204.99,201.666,198.392,194.886,191.66,188.062,183.962,179.823,176.352,172.886,169.794,167.653,165.222,164.352,162.639,160.669,159.486,158.219,156.804,156.437,155.574,154.927,154.25,151.567,148.206,139.371,133.101,125.382,119.095,112.974,107.718,102.054,98.307,93.868,87.145,84.166,80.56,77.802,74.359,71.193,68.695,66.26,64.299,62.239,60.38,58.769,57.019,55.17,53.145,51.008,48.774,44.527,42.276,40.122,37.405,34.703,32.388,30.018,27.217,24.56,21.668,19,16.863,14.614,12.689,11.026,9.24,7.695,6.384,5.178,4.083,3.173,2.44,1.838,1.354,0.976,0.696,0.486,0.326,0.213,0.135,0.084,0.051,0.031
COG,2052,237.744,235.525,233.731,232.259,231.5,229.967,228.6,226.464,224.702,223.31,221.885,220.319,217.548,215.187,212.456,209.825,207.611,204.751,201.395,198.092,194.562,191.318,187.705,183.594,179.446,175.968,172.493,169.393,167.241,164.799,163.912,162.185,160.201,158.997,157.71,156.271,155.874,154.983,154.301,153.589,150.873,147.485,138.652,132.371,124.652,118.356,112.227,106.958,101.281,97.506,93.04,86.318,83.309,79.681,76.895,73.432,70.246,67.72,65.249,63.242,61.126,59.208,57.531,55.711,53.794,51.704,49.506,47.212,42.968,40.66,38.438,35.688,32.96,30.605,28.215,25.432,22.805,19.984,17.391,15.309,13.147,11.306,9.721,8.049,6.619,5.417,4.331,3.364,2.573,1.945,1.438,1.039,0.735,0.512,0.35,0.229,0.145,0.091,0.054,0.033
COG,2053,239.506,236.457,234.75,233.197,231.867,231.201,229.729,228.4,226.291,224.548,223.169,221.749,220.183,217.404,215.029,212.276,209.617,207.371,204.478,201.094,197.766,194.219,190.958,187.333,183.214,179.059,175.573,172.091,168.982,166.818,164.363,163.461,161.718,159.716,158.491,157.18,155.715,155.288,154.364,153.647,152.894,150.149,146.733,137.9,131.609,123.887,117.582,111.444,106.156,100.464,96.654,92.165,85.447,82.406,78.759,75.945,72.464,69.257,66.695,64.184,62.118,59.947,57.969,56.217,54.33,52.345,50.191,47.929,45.569,41.333,38.962,36.682,33.905,31.154,28.773,26.372,23.621,21.04,18.3,15.795,13.778,11.718,9.971,8.473,6.927,5.621,4.535,3.571,2.73,2.052,1.522,1.104,0.782,0.541,0.369,0.246,0.157,0.097,0.059,0.035
COG,2054,240.231,238.242,235.694,234.222,232.809,231.571,230.963,229.53,228.227,226.138,224.408,223.033,221.612,220.038,217.246,214.848,212.069,209.378,207.098,204.176,200.768,197.421,193.859,190.584,186.95,182.825,178.663,175.169,171.678,168.559,166.382,163.915,162.996,161.235,159.214,157.965,156.628,155.137,154.676,153.717,152.96,152.168,149.391,145.946,137.114,130.81,123.085,116.769,110.617,105.307,99.593,95.753,91.242,84.528,81.46,77.793,74.951,71.451,68.217,65.613,63.051,60.927,58.699,56.653,54.832,52.873,50.82,48.599,46.269,43.845,39.614,37.19,34.857,32.055,29.297,26.9,24.501,21.801,19.272,16.626,14.219,12.283,10.338,8.693,7.295,5.884,4.707,3.741,2.898,2.178,1.607,1.169,0.832,0.576,0.389,0.259,0.169,0.105,0.064,0.038
COG,2055,241.459,238.989,237.484,235.171,233.838,232.516,231.337,230.765,229.358,228.075,225.999,224.274,222.898,221.469,219.88,217.066,214.641,211.829,209.105,206.794,203.848,200.42,197.058,193.484,190.2,186.557,182.424,178.256,174.753,171.255,168.124,165.935,163.454,162.513,160.733,158.691,157.418,156.054,154.533,154.036,153.038,152.241,151.408,148.599,145.124,136.291,129.972,122.244,115.911,109.74,104.403,98.673,94.803,90.27,83.566,80.469,76.782,73.91,70.385,67.118,64.463,61.85,59.668,57.375,55.265,53.37,51.341,49.217,46.924,44.527,42.032,37.822,35.348,32.963,30.154,27.398,25,22.62,19.976,17.517,14.974,12.683,10.843,9.018,7.489,6.2,4.93,3.885,3.038,2.315,1.707,1.236,0.881,0.613,0.416,0.274,0.178,0.113,0.069,0.04
COG,2056,243.279,240.237,238.241,236.964,234.79,233.547,232.283,231.14,230.595,229.207,227.936,225.865,224.139,222.756,221.312,219.7,216.858,214.401,211.556,208.802,206.467,203.499,200.056,196.682,193.096,189.803,186.152,182.014,177.839,174.327,170.817,167.677,165.473,162.976,162.014,160.212,158.147,156.847,155.452,153.899,153.361,152.327,151.489,150.612,147.77,144.261,135.427,129.093,121.354,115.002,108.807,103.447,97.701,93.799,89.249,82.557,79.431,75.725,72.817,69.26,65.949,63.244,60.579,58.33,55.978,53.799,51.832,49.731,47.53,45.167,42.696,40.141,35.958,33.437,31.017,28.208,25.471,23.088,20.734,18.163,15.783,13.362,11.2,9.462,7.772,6.368,5.198,4.072,3.157,2.427,1.815,1.314,0.933,0.651,0.442,0.292,0.188,0.119,0.074,0.043
COG,2057,244.164,242.071,239.497,237.727,236.585,234.5,233.314,232.087,230.971,230.445,229.068,227.802,225.73,223.997,222.598,221.132,219.492,216.617,214.127,211.251,208.472,206.116,203.132,199.676,196.291,192.698,189.397,185.738,181.592,177.409,173.887,170.368,167.215,164.994,162.481,161.495,159.669,157.58,156.248,154.822,153.233,152.656,151.582,150.7,149.781,146.899,143.356,134.519,128.162,120.41,114.032,107.819,102.436,96.675,92.747,88.179,81.501,78.345,74.611,71.66,68.062,64.71,61.952,59.229,56.918,54.502,52.259,50.216,48.037,45.761,43.321,40.785,38.175,34.024,31.472,29.026,26.234,23.533,21.172,18.861,16.374,14.091,11.807,9.779,8.159,6.613,5.342,4.295,3.311,2.525,1.905,1.399,0.991,0.688,0.469,0.312,0.201,0.126,0.078,0.047
COG,2058,245.081,242.974,241.335,238.984,237.348,236.295,234.269,233.12,231.919,230.822,230.307,228.935,227.668,225.588,223.84,222.419,220.923,219.25,216.343,213.822,210.921,208.121,205.748,202.75,199.284,195.891,192.289,188.98,185.312,181.158,176.966,173.434,169.904,166.737,164.498,161.966,160.953,159.103,156.986,155.622,154.159,152.535,151.916,150.8,149.876,148.908,145.987,142.405,133.559,127.174,119.404,113.005,106.774,101.37,95.6,91.645,87.06,80.394,77.202,73.436,70.43,66.793,63.398,60.581,57.804,55.426,52.95,50.639,48.515,46.259,43.9,41.393,38.798,36.133,32.035,29.462,27.005,24.246,21.589,19.266,17.009,14.625,12.457,10.315,8.437,6.946,5.55,4.418,3.496,2.65,1.983,1.469,1.056,0.733,0.498,0.331,0.214,0.135,0.083,0.05
COG,2059,246.352,243.908,242.247,240.826,238.609,237.061,236.064,234.075,232.952,231.771,230.684,230.174,228.801,227.527,225.432,223.661,222.211,220.683,218.975,216.037,213.49,210.57,207.753,205.364,202.356,198.882,195.48,191.871,188.552,184.875,180.711,176.511,172.967,169.423,166.241,163.983,161.429,160.389,158.509,156.363,154.963,153.464,151.804,151.142,149.984,149.012,147.991,145.028,141.397,132.539,126.121,118.338,111.919,105.671,100.25,94.472,90.49,85.888,79.23,75.995,72.184,69.126,65.448,62.004,59.133,56.3,53.858,51.319,48.933,46.729,44.388,41.957,39.387,36.735,34.035,29.999,27.42,24.968,22.253,19.655,17.383,15.201,12.936,10.889,8.905,7.187,5.834,4.593,3.598,2.8,2.083,1.529,1.11,0.781,0.53,0.351,0.228,0.144,0.089,0.053
COG,2060,247.205,245.195,243.189,241.741,240.452,238.323,236.832,235.872,233.909,232.804,231.634,230.553,230.041,228.661,227.37,225.254,223.455,221.971,220.408,218.668,215.705,213.137,210.2,207.37,204.969,201.952,198.469,195.059,191.44,188.111,184.423,180.251,176.041,172.484,168.925,165.725,163.445,160.869,159.798,157.887,155.707,154.271,152.735,151.036,150.331,149.126,148.103,147.028,144.011,140.328,131.451,125.004,117.21,110.773,104.514,99.077,93.291,89.281,84.654,78,74.709,70.855,67.743,64.018,60.531,57.603,54.716,52.208,49.6,47.142,44.851,42.434,39.935,37.304,34.612,31.884,27.93,25.362,22.925,20.268,17.741,15.542,13.452,11.313,9.406,7.591,6.041,4.83,3.743,2.882,2.203,1.608,1.157,0.822,0.565,0.374,0.241,0.153,0.094,0.057
COG,2061,248.463,246.068,244.484,242.689,241.37,240.166,238.095,236.64,235.706,233.762,232.669,231.503,230.422,229.901,228.505,227.192,225.047,223.216,221.697,220.102,218.335,215.351,212.766,209.815,206.974,204.563,201.537,198.045,194.625,190.998,187.656,183.96,179.777,175.554,171.982,168.407,165.189,162.885,160.282,159.178,157.233,155.02,153.547,151.971,150.235,149.48,148.227,147.148,146.008,142.933,139.187,130.298,123.824,116.02,109.569,103.3,97.849,92.054,88.008,83.35,76.691,73.345,69.449,66.273,62.508,58.974,55.992,53.05,50.471,47.796,45.258,42.888,40.401,37.835,35.159,32.436,29.697,25.844,23.296,20.89,18.305,15.871,13.761,11.772,9.779,8.023,6.384,5.006,3.94,3.002,2.27,1.701,1.217,0.858,0.595,0.4,0.258,0.163,0.101,0.06
COG,2062,249.513,247.34,245.364,243.988,242.321,241.087,239.938,237.904,236.476,235.559,233.627,232.539,231.372,230.282,229.746,228.328,226.986,224.809,222.941,221.392,219.769,217.98,214.981,212.381,209.419,206.568,204.148,201.111,197.611,194.18,190.541,187.19,183.481,179.285,175.049,171.461,167.868,164.629,162.297,159.667,158.524,156.545,154.299,152.786,151.173,149.393,148.586,147.28,146.137,144.924,141.78,137.976,129.077,122.575,114.768,108.307,102.029,96.561,90.752,86.662,81.96,75.299,71.898,67.951,64.718,60.91,57.336,54.297,51.294,48.644,45.895,43.287,40.843,38.287,35.67,32.959,30.221,27.49,23.748,21.236,18.873,16.381,14.058,12.047,10.179,8.346,6.752,5.293,4.084,3.161,2.365,1.754,1.289,0.902,0.621,0.421,0.276,0.174,0.107,0.064
COG,2063,250.52,248.406,246.644,244.873,243.622,242.039,240.861,239.748,237.74,236.33,235.425,233.498,232.409,231.234,230.129,229.569,228.123,226.747,224.536,222.637,221.06,219.416,217.608,214.595,211.983,209.013,206.152,203.72,200.674,197.163,193.722,190.072,186.708,182.985,178.776,174.525,170.919,167.305,164.043,161.682,159.019,157.838,155.825,153.543,151.99,150.333,148.508,147.646,146.277,145.062,143.766,140.556,136.693,127.786,121.264,113.456,106.983,100.697,95.205,89.374,85.228,80.484,73.823,70.357,66.367,63.075,59.227,55.609,52.51,49.448,46.72,43.908,41.235,38.716,36.107,33.449,30.719,27.986,25.271,21.657,19.194,16.898,14.518,12.314,10.424,8.692,7.027,5.601,4.322,3.279,2.491,1.829,1.33,0.956,0.654,0.44,0.29,0.186,0.114,0.069
COG,2064,251.196,249.424,247.716,246.155,244.509,243.341,241.813,240.671,239.584,237.595,236.196,235.295,233.368,232.271,231.081,229.953,229.364,227.884,226.473,224.231,222.305,220.706,219.043,217.22,214.196,211.575,208.595,205.725,203.282,200.224,196.702,193.25,189.588,186.208,182.472,178.247,173.979,170.352,166.716,163.426,161.032,158.338,157.12,155.069,152.751,151.155,149.453,147.578,146.65,145.21,143.913,142.535,139.261,135.337,126.429,119.888,112.08,105.597,99.293,93.77,87.905,83.703,78.916,72.252,68.727,64.691,61.343,57.456,53.79,50.631,47.504,44.708,41.837,39.098,36.524,33.869,31.188,28.458,25.737,23.057,19.583,17.194,14.983,12.723,10.66,8.906,7.324,5.834,4.577,3.472,2.587,1.928,1.388,0.987,0.694,0.464,0.304,0.196,0.122,0.073
COG,2065,251.819,250.114,248.742,247.232,245.794,244.23,243.116,241.625,240.508,239.44,237.463,236.069,235.166,233.231,232.119,230.907,229.75,229.126,227.611,226.168,223.9,221.953,220.335,218.656,216.821,213.787,211.157,208.167,205.287,202.832,199.762,196.229,192.763,189.088,185.692,181.937,177.695,173.409,169.759,166.097,162.777,160.351,157.625,156.365,154.278,151.921,150.278,148.525,146.592,145.591,144.07,142.692,141.233,137.89,133.912,125.006,118.447,110.64,104.138,97.809,92.242,86.345,82.085,77.249,70.589,67.005,62.926,59.519,55.588,51.878,48.652,45.47,42.612,39.681,36.896,34.273,31.592,28.903,26.184,23.494,20.862,17.552,15.254,13.139,11.022,9.114,7.509,6.084,4.77,3.68,2.741,2.004,1.464,1.031,0.717,0.492,0.32,0.205,0.129,0.078
COG,2066,252.341,250.75,249.44,248.263,246.873,245.517,244.008,242.929,241.464,240.365,239.307,237.335,235.94,235.029,233.08,231.945,230.703,229.513,228.855,227.307,225.838,223.547,221.583,219.949,218.257,216.411,213.369,210.728,207.729,204.836,202.367,199.286,195.74,192.26,188.568,185.156,181.381,177.121,172.813,169.135,165.445,162.095,159.634,156.875,155.576,153.447,151.047,149.355,147.542,145.543,144.457,142.857,141.397,139.853,136.45,132.416,123.514,116.936,109.122,102.592,96.225,90.615,84.687,80.362,75.483,68.83,65.186,61.067,57.595,53.623,49.861,46.58,43.349,40.428,37.457,34.634,31.978,29.289,26.603,23.91,21.265,18.706,15.578,13.383,11.388,9.428,7.689,6.241,4.978,3.838,2.908,2.125,1.523,1.088,0.749,0.509,0.34,0.216,0.135,0.082
COG,2067,254.595,251.289,250.086,248.966,247.908,246.599,245.296,243.822,242.769,241.321,240.233,239.18,237.207,235.804,234.879,232.907,231.743,230.468,229.244,228.551,226.978,225.485,223.177,221.198,219.552,217.849,215.992,212.941,210.289,207.278,204.373,201.89,198.795,195.234,191.739,188.03,184.596,180.802,176.518,172.185,168.478,164.759,161.379,158.884,156.091,154.746,152.574,150.129,148.375,146.495,144.42,143.252,141.573,140.028,138.403,134.937,130.849,121.951,115.343,107.515,100.943,94.54,88.886,82.92,78.536,73.612,66.974,63.271,59.104,55.569,51.55,47.749,44.419,41.139,38.173,35.171,32.326,29.658,26.968,24.303,21.651,19.077,16.612,13.674,11.604,9.746,7.958,6.393,5.11,4.007,3.034,2.255,1.616,1.133,0.792,0.531,0.352,0.23,0.142,0.087
COG,2068,255.92,253.55,250.635,249.618,248.615,247.635,246.38,245.111,243.662,242.627,241.19,240.107,239.053,237.072,235.655,234.706,232.706,231.509,230.2,228.942,228.223,226.626,225.115,222.793,220.801,219.145,217.431,215.562,212.501,209.837,206.813,203.896,201.399,198.287,194.711,191.197,187.469,184.013,180.194,175.885,171.525,167.788,164.04,160.628,158.098,155.267,153.874,151.655,149.153,147.333,145.375,143.225,141.974,140.211,138.587,136.881,133.352,129.205,120.304,113.657,105.799,99.188,92.749,87.044,81.047,76.602,71.639,65.017,61.249,57.037,53.433,49.378,45.545,42.166,38.855,35.855,32.838,29.991,27.317,24.646,22.016,19.432,16.948,14.589,11.863,9.937,8.231,6.622,5.238,4.116,3.17,2.355,1.715,1.203,0.824,0.562,0.368,0.238,0.151,0.091
COG,2069,256.11,254.884,252.9,250.171,249.269,248.344,247.417,246.195,244.952,243.522,242.497,241.066,239.981,238.918,236.923,235.483,234.506,232.473,231.241,229.899,228.614,227.872,226.257,224.73,222.397,220.396,218.728,217.003,215.121,212.049,209.372,206.336,203.405,200.891,197.762,194.168,190.633,186.883,183.402,179.554,175.217,170.83,167.064,163.284,159.842,157.273,154.402,152.957,150.681,148.116,146.217,144.184,141.958,140.621,138.78,137.075,135.286,131.691,127.473,118.559,111.858,103.974,97.324,90.841,85.093,79.065,74.563,69.561,62.953,59.121,54.859,51.196,47.113,43.249,39.839,36.509,33.49,30.479,27.637,24.977,22.339,19.769,17.273,14.894,12.666,10.166,8.399,6.855,5.429,4.222,3.258,2.462,1.793,1.278,0.876,0.586,0.39,0.249,0.157,0.098
COG,2070,257.596,255.088,254.241,252.439,249.826,249.001,248.128,247.234,246.037,244.813,243.392,242.373,240.94,239.848,238.769,236.752,235.283,234.273,232.206,230.941,229.573,228.265,227.503,225.873,224.335,221.992,219.98,218.301,216.563,214.669,211.584,208.894,205.844,202.897,200.364,197.216,193.602,190.045,186.27,182.759,178.88,174.515,170.099,166.302,162.493,159.016,156.405,153.49,151.983,149.641,147.004,145.029,142.918,140.615,139.197,137.278,135.489,133.613,129.939,125.639,116.696,109.943,102.033,95.335,88.817,83.025,76.974,72.412,67.365,60.779,56.876,52.574,48.86,44.751,40.875,37.446,34.113,31.095,28.097,25.279,22.649,20.068,17.582,15.187,12.937,10.86,8.596,6.998,5.623,4.379,3.345,2.533,1.877,1.337,0.932,0.624,0.407,0.264,0.164,0.101
COG,2071,258.069,256.583,254.456,253.784,252.096,249.561,248.787,247.947,247.078,245.899,244.685,243.269,242.247,240.808,239.699,238.598,236.553,235.051,234.005,231.907,230.616,229.224,227.9,227.121,225.48,223.93,221.578,219.555,217.863,216.113,214.203,211.106,208.402,205.336,202.371,199.817,196.648,193.011,189.428,185.624,182.08,178.171,173.777,169.332,165.505,161.662,158.147,155.49,152.523,150.946,148.528,145.819,143.766,141.577,139.202,137.701,135.703,133.827,131.85,128.083,123.679,114.711,107.903,99.961,93.224,86.673,80.841,74.767,70.14,65.052,58.484,54.521,50.188,46.423,42.307,38.431,35,31.684,28.675,25.711,22.932,20.356,17.856,15.467,13.199,11.099,9.189,7.167,5.744,4.539,3.471,2.601,1.931,1.4,0.975,0.663,0.433,0.276,0.174,0.106
COG,2072,258.95,257.072,255.959,254.007,253.445,251.831,249.348,248.607,247.792,246.94,245.771,244.561,243.145,242.115,240.66,239.529,238.4,236.322,234.784,233.706,231.583,230.269,228.86,227.52,226.729,225.077,223.517,221.154,219.119,217.414,215.648,213.724,210.614,207.892,204.81,201.826,199.249,196.055,192.392,188.779,184.943,181.366,177.426,173.001,168.528,164.667,160.787,157.233,154.52,151.492,149.832,147.341,144.56,142.428,140.166,137.718,136.133,134.051,132.075,129.98,126.099,121.59,112.597,105.726,97.762,90.986,84.406,78.537,72.434,67.745,62.609,56.075,52.059,47.697,43.901,39.79,35.932,32.519,29.23,26.25,23.333,20.619,18.12,15.715,13.449,11.329,9.397,7.667,5.886,4.64,3.599,2.702,1.984,1.441,1.021,0.695,0.461,0.294,0.181,0.112
COG,2073,259.182,257.966,256.458,255.515,253.672,253.183,251.62,249.171,248.454,247.656,246.814,245.651,244.438,243.014,241.969,240.491,239.331,238.169,236.056,234.488,233.383,231.238,229.906,228.482,227.13,226.327,224.665,223.093,220.72,218.673,216.952,215.172,213.232,210.106,207.367,204.265,201.259,198.657,195.435,191.741,188.095,184.227,180.617,176.643,172.189,167.684,163.786,159.867,156.261,153.484,150.385,148.646,146.081,143.226,141.019,138.683,136.163,134.49,132.309,130.217,127.982,123.986,119.365,110.342,103.416,95.431,88.623,82.015,76.102,69.976,65.216,60.045,53.558,49.49,45.119,41.302,37.217,33.398,30.011,26.768,23.833,20.989,18.363,15.956,13.671,11.55,9.597,7.844,6.3,4.757,3.681,2.803,2.063,1.482,1.053,0.728,0.482,0.312,0.193,0.117
COG,2074,259.215,258.214,257.362,256.021,255.182,253.414,252.972,251.443,249.019,248.319,247.531,246.693,245.528,244.308,242.868,241.801,240.295,239.102,237.904,235.76,234.165,233.038,230.876,229.53,228.094,226.731,225.917,224.243,222.659,220.274,218.213,216.479,214.682,212.724,209.581,206.822,203.698,200.668,198.034,194.782,191.054,187.374,183.473,179.828,175.824,171.336,166.797,162.858,158.89,155.224,152.374,149.205,147.385,144.743,141.821,139.541,137.13,134.532,132.756,130.463,128.231,125.854,121.733,116.991,107.947,100.966,92.968,86.128,79.488,73.535,67.379,62.562,57.365,50.93,46.831,42.463,38.646,34.604,30.835,27.496,24.314,21.45,18.703,16.178,13.889,11.748,9.79,8.017,6.451,5.096,3.778,2.87,2.142,1.542,1.083,0.751,0.507,0.328,0.207,0.125
COG,2075,258.284,258.258,257.617,256.928,255.691,254.925,253.204,252.796,251.291,248.885,248.195,247.41,246.571,245.398,244.163,242.701,241.605,240.065,238.837,237.608,235.438,233.822,232.676,230.5,229.143,227.697,226.324,225.496,223.811,222.214,219.816,217.741,215.99,214.175,212.198,209.036,206.254,203.106,200.047,197.379,194.091,190.33,186.616,182.681,179.003,174.961,170.44,165.862,161.873,157.847,154.113,151.19,147.951,146.048,143.336,140.346,137.991,135.501,132.812,130.918,128.489,126.114,123.585,119.33,114.471,105.408,98.379,90.369,83.493,76.825,70.825,64.655,59.787,54.568,48.209,44.09,39.747,35.948,31.965,28.265,24.989,21.895,19.123,16.487,14.093,11.943,9.967,8.184,6.598,5.222,4.051,2.947,2.194,1.603,1.127,0.773,0.524,0.345,0.217,0.133
COG,2076,259.353,257.345,257.67,257.188,256.601,255.436,254.718,253.031,252.645,251.157,248.762,248.075,247.29,246.442,245.254,243.996,242.505,241.376,239.802,238.543,237.285,235.095,233.461,232.301,230.116,228.747,227.292,225.907,225.067,223.369,221.757,219.346,217.256,215.487,213.652,211.653,208.469,205.662,202.486,199.393,196.689,193.364,189.569,185.819,181.851,178.134,174.056,169.495,164.869,160.821,156.727,152.926,149.931,146.621,144.641,141.858,138.801,136.366,133.785,130.989,128.954,126.384,123.858,121.162,116.778,111.797,102.725,95.648,87.622,80.714,74.012,67.98,61.805,56.891,51.671,45.405,41.286,36.989,33.22,29.314,25.701,22.514,19.533,16.869,14.371,12.127,10.139,8.338,6.742,5.346,4.155,3.163,2.256,1.644,1.174,0.807,0.54,0.356,0.228,0.14
COG,2077,258.713,258.424,256.769,257.248,256.865,256.347,255.23,254.544,252.88,252.512,251.034,248.644,247.956,247.162,246.299,245.088,243.801,242.278,241.113,239.508,238.221,236.943,234.736,233.088,231.917,229.722,228.344,226.877,225.48,224.626,222.913,221.288,218.861,216.754,214.966,213.109,211.086,207.877,205.042,201.832,198.703,195.961,192.6,188.769,184.985,180.98,177.223,173.102,168.491,163.809,159.692,155.532,151.664,148.596,145.221,143.163,140.311,137.182,134.653,131.964,129.041,126.859,124.142,121.449,118.59,114.07,108.972,99.893,92.761,84.726,77.779,71.059,65.003,58.83,53.889,48.684,42.535,38.438,34.198,30.481,26.669,23.169,20.097,17.241,14.714,12.376,10.303,8.49,6.874,5.467,4.257,3.247,2.424,1.691,1.205,0.84,0.563,0.367,0.236,0.148
COG,2078,259.021,257.801,257.856,256.354,256.93,256.614,256.143,255.058,254.395,252.749,252.39,250.917,248.525,247.828,247.019,246.134,244.894,243.575,242.017,240.821,239.188,237.879,236.584,234.364,232.706,231.524,229.32,227.931,226.453,225.043,224.173,222.447,220.805,218.363,216.237,214.427,212.545,210.495,207.258,204.388,201.143,197.977,195.196,191.797,187.931,184.109,180.064,176.262,172.088,167.419,162.671,158.485,154.26,150.325,147.189,143.749,141.614,138.687,135.474,132.836,130.016,126.96,124.625,121.744,118.889,115.859,111.207,105.988,96.898,89.715,81.665,74.695,67.968,61.893,55.745,50.792,45.624,39.617,35.554,31.392,27.744,24.055,20.693,17.751,15.048,12.68,10.522,8.634,7.006,5.58,4.358,3.331,2.491,1.819,1.241,0.863,0.588,0.384,0.244,0.152
COG,2079,258.788,258.121,257.242,257.445,256.039,256.681,256.412,255.972,254.91,254.264,252.627,252.273,250.798,248.398,247.687,246.855,245.94,244.667,243.314,241.724,240.501,238.848,237.522,236.212,233.983,232.315,231.123,228.911,227.51,226.018,224.594,223.709,221.967,220.306,217.848,215.701,213.867,211.958,209.875,206.605,203.697,200.415,197.211,194.39,190.955,187.051,183.187,179.098,175.241,171.004,166.266,161.454,157.202,152.91,148.914,145.711,142.208,139.99,136.974,133.66,130.891,127.937,124.741,122.236,119.196,116.17,112.971,108.183,102.831,93.738,86.494,78.448,71.467,64.736,58.667,52.561,47.618,42.512,36.66,32.653,28.588,25.039,21.497,18.287,15.503,12.977,10.788,8.824,7.129,5.69,4.451,3.412,2.557,1.871,1.336,0.89,0.604,0.4,0.255,0.158
COG,2080,258.364,257.9,257.569,256.837,257.132,255.795,256.481,256.242,255.825,254.78,254.143,252.512,252.155,250.672,248.257,247.523,246.663,245.715,244.407,243.022,241.406,240.162,238.492,237.152,235.832,233.593,231.917,230.713,228.491,227.078,225.572,224.134,223.231,221.471,219.793,217.313,215.143,213.282,211.34,209.221,205.915,202.968,199.648,196.407,193.546,190.069,186.124,182.215,178.07,174.148,169.838,165.033,160.157,155.837,151.487,147.431,144.161,140.591,138.275,135.156,131.719,128.814,125.717,122.367,119.695,116.488,113.293,109.918,104.981,99.498,90.393,83.108,75.078,68.088,61.382,55.335,49.295,44.388,39.356,33.684,29.751,25.814,22.388,19.01,15.982,13.378,11.049,9.054,7.292,5.796,4.543,3.489,2.622,1.923,1.376,0.96,0.623,0.413,0.266,0.165
COG,2081,256.888,257.492,257.357,257.168,256.529,256.889,255.597,256.313,256.096,255.695,254.66,254.027,252.394,252.028,250.531,248.096,247.333,246.438,245.457,244.117,242.705,241.068,239.807,238.123,236.773,235.443,233.197,231.51,230.296,228.062,226.634,225.114,223.661,222.739,220.961,219.261,216.759,214.563,212.668,210.69,208.531,205.188,202.202,198.843,195.563,192.659,189.138,185.147,181.18,176.971,172.973,168.591,163.721,158.78,154.401,149.993,145.878,142.537,138.886,136.456,133.211,129.648,126.598,123.345,119.843,116.997,113.627,110.255,106.691,101.603,95.975,86.881,79.563,71.554,64.585,57.919,51.919,45.972,41.113,36.181,30.709,26.881,23.097,19.812,16.626,13.803,11.4,9.281,7.49,5.934,4.632,3.564,2.684,1.974,1.415,0.989,0.673,0.427,0.275,0.173
COG,2082,257.599,256.032,256.957,256.962,256.864,256.289,256.692,255.431,256.168,255.968,255.577,254.545,253.911,252.269,251.888,250.369,247.905,247.11,246.181,245.167,243.801,242.368,240.715,239.439,237.746,236.386,235.047,232.792,231.094,229.868,227.621,226.179,224.645,223.173,222.231,220.432,218.708,216.181,213.952,212.021,210.003,207.803,204.421,201.396,197.999,194.677,191.726,188.157,184.107,180.074,175.79,171.715,167.262,162.326,157.329,152.891,148.426,144.248,140.822,137.074,134.509,131.132,127.434,124.226,120.819,117.162,114.142,110.6,107.039,103.28,98.029,92.269,83.197,75.852,67.894,60.963,54.364,48.439,42.599,37.814,33.001,27.76,24.064,20.451,17.338,14.369,11.771,9.583,7.683,6.1,4.747,3.638,2.745,2.022,1.454,1.018,0.694,0.46,0.284,0.179
COG,2083,257.082,256.753,255.509,256.568,256.661,256.625,256.094,256.528,255.289,256.041,255.85,255.462,254.429,253.786,252.131,251.727,250.179,247.683,246.853,245.893,244.851,243.465,242.015,240.349,239.063,237.361,235.993,234.643,232.378,230.669,229.428,227.169,225.712,224.161,222.67,221.706,219.883,218.132,215.573,213.31,211.339,209.278,207.036,203.615,200.551,197.112,193.744,190.741,187.111,182.995,178.883,174.524,170.374,165.85,160.856,155.804,151.308,146.783,142.529,139.002,135.135,132.428,128.912,125.065,121.702,118.135,114.323,111.123,107.395,103.641,99.672,94.268,88.382,79.341,71.997,64.11,57.244,50.742,44.906,39.199,34.508,29.849,24.866,21.32,17.909,14.995,12.262,9.903,7.94,6.263,4.885,3.731,2.803,2.07,1.491,1.048,0.716,0.475,0.308,0.184
COG,2084,257.03,256.248,256.235,255.126,256.27,256.425,256.432,255.931,256.385,255.162,255.924,255.737,255.347,254.305,253.647,251.969,251.537,249.956,247.428,246.566,245.578,244.516,243.113,241.65,239.974,238.679,236.969,235.591,234.229,231.954,230.232,228.977,226.705,225.231,223.661,222.15,221.16,219.311,217.526,214.934,212.631,210.618,208.514,206.228,202.77,199.661,196.178,192.76,189.693,185.992,181.796,177.607,173.174,168.949,164.362,159.311,154.206,149.648,145.049,140.703,137.052,133.061,130.202,126.534,122.543,119.019,115.294,111.321,107.926,104.01,100.045,95.874,90.325,84.312,75.335,68.009,60.224,53.453,47.062,41.342,35.791,31.229,26.753,22.045,18.684,15.499,12.807,10.325,8.211,6.478,5.019,3.843,2.878,2.117,1.529,1.076,0.737,0.491,0.317,0.2
COG,2085,257.87,256.206,255.738,255.856,254.833,256.037,256.234,256.27,255.791,256.26,255.048,255.812,255.622,255.224,254.167,253.486,251.781,251.315,249.701,247.143,246.253,245.245,244.166,242.749,241.277,239.593,238.288,236.569,235.179,233.807,231.519,229.785,228.514,226.226,224.734,223.144,221.609,220.591,218.71,216.888,214.257,211.913,209.857,207.71,205.382,201.881,198.725,195.193,191.712,188.569,184.786,180.512,176.245,171.738,167.445,162.797,157.691,152.529,147.895,143.206,138.745,134.966,130.844,127.819,124.001,119.861,116.176,112.287,108.14,104.547,100.425,96.257,91.889,86.192,80.082,71.189,63.911,56.257,49.597,43.347,37.767,32.408,28.006,23.732,19.331,16.181,13.247,10.791,8.569,6.705,5.196,3.952,2.967,2.175,1.565,1.103,0.757,0.506,0.328,0.207
COG,2086,257.97,257.053,255.704,255.364,255.565,254.603,255.848,256.073,256.131,255.667,256.145,254.937,255.698,255.5,255.086,254.008,253.299,251.56,251.06,249.414,246.832,245.921,244.895,243.803,242.377,240.896,239.204,237.889,236.16,234.759,233.372,231.073,229.324,228.036,225.733,224.22,222.607,221.045,219.993,218.075,216.213,213.541,211.156,209.056,206.867,204.491,200.945,197.737,194.142,190.588,187.359,183.492,179.14,174.797,170.223,165.866,161.156,155.992,150.758,146.032,141.23,136.651,132.734,128.467,125.28,121.306,117.019,113.168,109.101,104.777,100.968,96.648,92.283,87.712,81.894,75.701,66.924,59.727,52.223,45.705,39.62,34.216,29.081,24.861,20.826,16.755,13.841,11.172,8.964,7.004,5.384,4.095,3.055,2.245,1.609,1.131,0.778,0.521,0.339,0.214
COG,2087,257.403,257.165,256.557,255.335,255.078,255.337,254.417,255.689,255.935,256.008,255.553,256.035,254.823,255.577,255.363,254.928,253.821,253.079,251.307,250.774,249.103,246.501,245.573,244.535,243.432,241.999,240.509,238.807,237.483,235.742,234.328,232.928,230.616,228.851,227.546,225.223,223.687,222.047,220.452,219.362,217.403,215.499,212.788,210.359,208.217,205.98,203.554,199.957,196.685,193.015,189.376,186.059,182.111,177.681,173.27,168.63,164.208,159.434,154.196,148.875,144.035,139.116,134.409,130.342,125.935,122.578,118.45,114.01,109.979,105.731,101.214,97.195,92.683,88.114,83.364,77.441,71.193,62.568,55.468,48.148,41.795,35.914,30.721,25.829,21.829,18.062,14.341,11.68,9.286,7.331,5.627,4.247,3.169,2.314,1.663,1.165,0.799,0.535,0.349,0.221
COG,2088,257.057,256.608,256.675,256.191,255.052,254.852,255.152,254.26,255.553,255.814,255.895,255.444,255.923,254.704,255.442,255.206,254.741,253.602,252.826,251.023,250.463,248.771,246.155,245.214,244.166,243.055,241.612,240.114,238.402,237.066,235.313,233.886,232.472,230.145,228.364,227.037,224.694,223.131,221.459,219.829,218.695,216.695,214.748,211.995,209.525,207.334,205.046,202.563,198.904,195.556,191.801,188.077,184.672,180.642,176.143,171.664,166.961,162.471,157.617,152.289,146.858,141.897,136.853,132.007,127.793,123.24,119.713,115.428,110.822,106.608,102.162,97.46,93.236,88.525,83.777,78.862,72.86,66.588,58.134,51.164,44.052,37.908,32.264,27.304,22.696,18.947,15.472,12.114,9.719,7.603,5.898,4.444,3.29,2.402,1.716,1.205,0.823,0.55,0.36,0.228
COG,2089,257.255,256.277,256.13,256.316,255.911,254.83,254.67,254.998,254.127,255.433,255.703,255.788,255.334,255.804,254.571,255.286,255.021,254.524,253.351,252.543,250.714,250.133,248.426,245.798,244.848,243.791,242.672,241.22,239.711,237.989,236.641,234.875,233.434,232.003,229.661,227.86,226.511,224.142,222.548,220.84,219.168,217.992,215.948,213.958,211.163,208.647,206.406,204.061,201.509,197.775,194.338,190.497,186.688,183.197,179.093,174.526,169.98,165.211,160.635,155.684,150.243,144.696,139.609,134.427,129.444,125.078,120.382,116.681,112.223,107.448,103.033,98.399,93.516,89.08,84.195,79.279,74.223,68.173,61.896,53.648,46.836,39.976,34.075,28.694,24.007,19.712,16.242,13.078,10.086,7.964,6.121,4.661,3.446,2.497,1.783,1.244,0.852,0.567,0.37,0.235
COG,2090,256.86,256.481,255.807,255.776,256.039,255.691,254.649,254.518,254.865,254.009,255.323,255.596,255.679,255.217,255.672,254.416,255.102,254.805,254.273,253.069,252.234,250.386,249.789,248.07,245.435,244.476,243.411,242.282,240.82,239.301,237.567,236.206,234.426,232.969,231.522,229.162,227.339,225.963,223.565,221.935,220.186,218.473,217.251,215.164,213.128,210.29,207.724,205.426,203.011,200.378,196.557,193.032,189.106,185.212,181.642,177.465,172.832,168.216,163.364,158.686,153.614,148.053,142.384,137.155,131.84,126.719,122.202,117.357,113.467,108.835,103.875,99.268,94.447,89.379,84.755,79.708,74.65,69.484,63.403,57.151,49.139,42.528,35.958,30.326,25.249,20.868,16.914,13.742,10.901,8.274,6.418,4.844,3.618,2.618,1.856,1.294,0.881,0.589,0.382,0.242
COG,2091,256.227,256.095,256.02,255.459,255.504,255.822,255.512,254.498,254.387,254.748,253.902,255.218,255.488,255.562,255.086,255.518,254.235,254.888,254.556,253.993,252.763,251.908,250.045,249.434,247.707,245.065,244.098,243.024,241.885,240.412,238.881,237.134,235.759,233.965,232.491,231.024,228.644,226.796,225.388,222.956,221.285,219.495,217.738,216.469,214.34,212.258,209.37,206.749,204.381,201.884,199.157,195.249,191.635,187.624,183.653,180.006,175.758,171.054,166.352,161.399,156.593,151.394,145.705,139.901,134.536,129.085,123.826,119.155,114.149,110.065,105.239,100.105,95.307,90.296,85.067,80.266,75.081,69.91,64.647,58.569,52.372,44.643,38.276,32.021,26.701,21.962,17.918,14.321,11.464,8.949,6.674,5.083,3.763,2.752,1.947,1.348,0.918,0.609,0.396,0.25
COG,2092,257.366,255.472,255.642,255.677,255.191,255.29,255.645,255.363,254.37,254.271,254.641,253.798,255.112,255.373,255.432,254.934,255.338,254.024,254.641,254.279,253.688,252.438,251.566,249.693,249.072,247.337,244.69,243.714,242.629,241.479,239.994,238.451,236.692,235.3,233.491,231.997,230.509,228.105,226.226,224.782,222.312,220.6,218.766,216.965,215.651,213.474,211.34,208.399,205.709,203.259,200.667,197.846,193.85,190.148,186.061,182.016,178.291,173.968,169.177,164.37,159.29,154.35,149.014,143.188,137.252,131.747,126.162,120.762,115.922,110.753,106.458,101.448,96.14,91.149,85.97,80.592,75.638,70.345,65.076,59.75,53.702,47.609,40.204,34.109,28.215,23.245,18.873,15.185,11.958,9.419,7.226,5.292,3.953,2.865,2.049,1.417,0.957,0.636,0.411,0.261
COG,2093,257.383,256.616,255.028,255.305,255.413,254.98,255.117,255.497,255.235,254.256,254.165,254.539,253.693,254.997,255.244,255.282,254.756,255.127,253.779,254.365,253.975,253.365,252.099,251.215,249.333,248.704,246.963,244.309,243.322,242.227,241.064,239.568,238.01,236.237,234.83,233.002,231.487,229.972,227.54,225.625,224.142,221.632,219.877,218,216.155,214.79,212.563,210.372,207.363,204.593,202.046,199.359,196.443,192.361,188.579,184.417,180.299,176.493,172.077,167.18,162.242,157.029,151.946,146.46,140.498,134.429,128.787,123.064,117.51,112.499,107.15,102.65,97.458,91.975,86.813,81.479,75.976,70.897,65.51,60.174,54.812,48.844,42.901,35.849,30.074,24.58,19.991,16.007,12.69,9.835,7.613,5.735,4.119,3.013,2.137,1.493,1.008,0.664,0.429,0.27
COG,2094,257.53,256.641,256.178,254.697,255.045,255.203,254.808,254.97,255.371,255.122,254.15,254.064,254.434,253.581,254.87,255.095,255.104,254.546,254.884,253.506,254.064,253.653,253.027,251.75,250.857,248.967,248.33,246.58,243.92,242.922,241.814,240.64,239.129,237.557,235.769,234.343,232.494,230.954,229.408,226.942,224.989,223.463,220.914,219.114,217.194,215.302,213.884,211.599,209.337,206.25,203.385,200.743,197.959,194.947,190.788,186.929,182.694,178.498,174.594,170.066,165.038,159.962,154.606,149.365,143.734,137.634,131.436,125.652,119.779,114.071,108.871,103.35,98.648,93.27,87.634,82.312,76.846,71.248,66.058,60.611,55.236,49.888,44.045,38.282,31.635,26.222,21.158,16.971,13.39,10.448,7.957,6.05,4.47,3.144,2.25,1.558,1.063,0.699,0.449,0.283
COG,2095,257.555,256.794,256.208,255.848,254.439,254.838,255.033,254.663,254.844,255.258,255.017,254.049,253.961,254.322,253.454,254.721,254.919,254.896,254.304,254.609,253.207,253.743,253.317,252.678,251.392,250.491,248.595,247.949,246.191,243.521,242.512,241.391,240.203,238.678,237.091,235.284,233.837,231.963,230.393,228.812,226.308,224.314,222.745,220.155,218.313,216.345,214.403,212.924,210.57,208.225,205.045,202.086,199.346,196.467,193.369,189.136,185.201,180.888,176.596,172.574,167.907,162.739,157.516,152.004,146.611,140.83,134.595,128.263,122.327,116.302,110.422,105.043,99.354,94.443,88.904,83.126,77.669,72.101,66.423,61.154,55.672,50.307,45.019,39.334,33.811,27.607,22.594,17.981,14.213,11.038,8.464,6.331,4.721,3.417,2.351,1.644,1.111,0.739,0.473,0.296
COG,2096,256.903,256.825,256.368,255.884,255.593,254.236,254.669,254.89,254.539,254.734,255.155,254.916,253.947,253.85,254.196,253.308,254.547,254.712,254.654,254.033,254.311,252.888,253.409,252.97,252.321,251.028,250.119,248.217,247.56,245.792,243.113,242.091,240.957,239.754,238.214,236.609,234.782,233.309,231.407,229.801,228.181,225.638,223.603,221.99,219.359,217.47,215.453,213.451,211.9,209.464,207.021,203.748,200.695,197.859,194.893,191.712,187.406,183.389,178.982,174.575,170.407,165.595,160.277,154.892,149.228,143.677,137.751,131.378,124.903,118.81,112.618,106.576,101.018,95.158,90.061,84.371,78.478,72.914,67.258,61.53,56.209,50.742,45.434,40.239,34.772,29.536,23.813,19.223,15.076,11.73,8.954,6.743,4.949,3.615,2.559,1.72,1.174,0.774,0.501,0.313
COG,2097,257.761,256.181,256.405,256.047,255.631,255.391,254.069,254.528,254.766,254.429,254.631,255.055,254.814,253.837,253.725,254.05,253.134,254.341,254.472,254.384,253.737,253.993,252.557,253.063,252.615,251.959,250.658,249.741,247.83,247.162,245.384,242.694,241.659,240.51,239.291,237.734,236.109,234.258,232.755,230.819,229.173,227.512,224.929,222.851,221.196,218.521,216.581,214.507,212.435,210.798,208.265,205.725,202.36,199.212,196.289,193.238,189.975,185.59,181.475,176.953,172.404,168.081,163.111,157.631,152.088,146.268,140.562,134.486,127.964,121.341,115.077,108.727,102.525,96.786,90.777,85.505,79.689,73.708,68.05,62.338,56.589,51.264,45.857,40.639,35.599,30.402,25.499,20.279,16.133,12.456,9.527,7.143,5.277,3.793,2.711,1.875,1.23,0.818,0.526,0.331
COG,2098,256.604,257.043,255.768,256.088,255.798,255.431,255.225,253.929,254.406,254.657,254.328,254.533,254.953,254.705,253.714,253.58,253.878,252.931,254.103,254.202,254.088,253.421,253.662,252.214,252.71,252.254,251.59,250.282,249.356,247.435,246.755,244.965,242.266,241.216,240.051,238.814,237.237,235.587,233.707,232.169,230.194,228.508,226.805,224.182,222.063,220.36,217.638,215.642,213.497,211.343,209.604,206.975,204.337,200.879,197.647,194.64,191.505,188.154,183.674,179.44,174.776,170.075,165.586,160.445,154.804,149.1,143.126,137.262,131.023,124.35,117.564,111.138,104.632,98.269,92.37,86.225,80.8,74.885,68.832,63.113,57.371,51.648,46.365,41.053,35.987,31.155,26.273,21.739,17.04,13.346,10.13,7.61,5.599,4.052,2.849,1.99,1.344,0.86,0.558,0.348
COG,2099,256.113,255.896,256.636,255.458,255.843,255.6,255.268,255.086,253.809,254.298,254.557,254.23,254.432,254.845,254.582,253.569,253.409,253.675,252.695,253.836,253.909,253.775,253.092,253.321,251.865,252.352,251.887,251.215,249.898,248.962,247.03,246.338,244.537,241.825,240.76,239.578,238.32,236.718,235.039,233.125,231.548,229.534,227.806,226.059,223.397,221.234,219.479,216.705,214.638,212.411,210.159,208.319,205.592,202.858,199.317,196.004,192.913,189.69,186.232,181.636,177.256,172.439,167.575,162.905,157.596,151.792,145.928,139.797,133.761,127.356,120.514,113.576,106.989,100.326,93.824,87.778,81.521,75.969,69.971,63.877,58.122,52.399,46.748,41.542,36.385,31.523,26.951,22.423,18.288,14.114,10.868,8.102,5.973,4.304,3.048,2.095,1.428,0.941,0.586,0.37
COG,2100,254.453,255.413,255.496,256.328,255.215,255.646,255.438,255.129,254.966,253.701,254.198,254.46,254.131,254.324,254.723,254.438,253.399,253.208,253.44,252.43,253.544,253.597,253.448,252.753,252.971,251.509,251.987,251.515,250.833,249.506,248.558,246.617,245.911,244.096,241.372,240.289,239.086,237.804,236.173,234.46,232.508,230.891,228.835,227.065,225.277,222.572,220.36,218.548,215.706,213.557,211.234,208.883,206.941,204.118,201.295,197.676,194.281,191.102,187.771,184.187,179.446,174.907,169.928,164.888,160.039,154.556,148.59,142.563,136.263,130.05,123.462,116.46,109.371,102.623,95.826,89.197,83.027,76.686,71.021,64.971,58.862,53.12,47.461,41.918,36.849,31.9,27.296,23.025,18.884,15.164,11.506,8.704,6.369,4.599,3.243,2.244,1.506,1.001,0.643,0.389
