ZWE,1950,124.974,90.035,88.874,87.22,85.048,82.519,79.706,76.462,73.382,70.746,68.073,64.932,62.612,60.979,59.497,57.665,56.066,54.719,53.493,52.3,51.208,50.373,48.729,46.427,44.077,42.095,39.695,38.742,38.826,39.165,38.927,39.289,38.108,36.053,33.362,31.583,29.344,27.87,27.142,26.53,25.496,24.723,24.028,23.323,22.66,22.085,21.553,20.922,20.215,19.503,18.861,18.197,17.576,17.003,16.438,15.85,15.283,14.664,14,13.328,12.687,12.036,11.375,10.716,10.056,9.407,8.761,8.133,7.52,6.922,6.328,5.754,5.203,4.668,4.155,3.668,3.215,2.749,2.277,1.826,1.415,1.012,0.753,0.63,0.551,0.454,0.406,0.342,0.249,0.17,0.114,0.089,0.075,0.048,0.021,0.013,0.015,0.012,0.007,0.005
ZWE,1951,130.831,118.258,87.028,86.996,85.982,84.206,81.897,79.223,76.075,73.059,70.464,67.819,64.693,62.375,60.73,59.229,57.371,55.74,54.36,53.101,51.876,50.757,49.899,48.247,45.947,43.606,41.634,39.25,38.304,38.392,38.73,38.496,38.857,37.686,35.646,32.977,31.213,28.993,27.532,26.808,26.2,25.177,24.41,23.721,23.021,22.362,21.79,21.261,20.63,19.922,19.208,18.566,17.899,17.277,16.702,16.135,15.546,14.976,14.353,13.684,13.003,12.356,11.699,11.029,10.365,9.7,9.056,8.408,7.776,7.161,6.559,5.967,5.397,4.849,4.322,3.82,3.348,2.912,2.468,2.026,1.608,1.233,0.872,0.639,0.527,0.455,0.369,0.326,0.269,0.193,0.129,0.085,0.065,0.054,0.034,0.014,0.009,0.01,0.008,0.004
ZWE,1952,133.741,123.87,114.373,85.21,85.776,85.141,83.578,81.405,78.824,75.743,72.771,70.204,67.572,64.45,62.121,60.455,58.926,57.035,55.37,53.955,52.665,51.412,50.271,49.402,47.746,45.453,43.124,41.167,38.8,37.866,37.955,38.294,38.064,38.422,37.26,35.239,32.59,30.842,28.641,27.193,26.474,25.871,24.857,24.096,23.413,22.719,22.064,21.493,20.963,20.33,19.621,18.907,18.264,17.595,16.972,16.396,15.826,15.234,14.659,14.03,13.351,12.664,12.01,11.345,10.67,9.998,9.34,8.693,8.041,7.407,6.788,6.186,5.598,5.031,4.491,3.975,3.487,3.033,2.615,2.196,1.784,1.401,1.063,0.742,0.537,0.436,0.371,0.296,0.256,0.21,0.147,0.097,0.063,0.047,0.038,0.023,0.01,0.005,0.006,0.005
ZWE,1953,137.183,126.768,119.909,112.059,84.045,84.957,84.523,83.086,81.007,78.489,75.45,72.507,69.954,67.323,64.192,61.842,60.145,58.58,56.654,54.954,53.504,52.187,50.913,49.759,48.883,47.232,44.95,42.638,40.695,38.348,37.425,37.518,37.858,37.63,37.989,36.834,34.828,32.202,30.47,28.289,26.852,26.14,25.544,24.537,23.784,23.105,22.415,21.763,21.193,20.66,20.023,19.314,18.599,17.952,17.286,16.659,16.082,15.508,14.912,14.328,13.688,13.003,12.311,11.647,10.975,10.294,9.629,8.967,8.316,7.661,7.023,6.403,5.805,5.219,4.661,4.132,3.631,3.161,2.726,2.329,1.936,1.557,1.21,0.904,0.623,0.444,0.355,0.297,0.234,0.2,0.159,0.11,0.071,0.045,0.033,0.026,0.015,0.007,0.004,0.004
ZWE,1954,140.468,130.177,122.82,117.546,110.573,83.26,84.353,84.037,82.687,80.668,78.193,75.183,72.252,69.699,67.056,63.905,61.525,59.79,58.188,56.224,54.49,53.012,51.674,50.388,49.229,48.352,46.708,44.442,42.148,40.224,37.896,36.983,37.081,37.421,37.198,37.552,36.408,34.42,31.816,30.098,27.936,26.512,25.808,25.216,24.218,23.471,22.796,22.11,21.458,20.887,20.349,19.711,19,18.284,17.637,16.97,16.343,15.762,15.183,14.579,13.981,13.333,12.642,11.941,11.27,10.591,9.917,9.247,8.581,7.926,7.265,6.627,6.011,5.416,4.838,4.291,3.775,3.293,2.842,2.428,2.054,1.691,1.344,1.03,0.76,0.515,0.362,0.286,0.235,0.182,0.152,0.119,0.081,0.051,0.031,0.022,0.017,0.01,0.004,0.003
ZWE,1955,144.102,133.449,126.236,120.468,116.031,109.576,82.682,83.879,83.643,82.35,80.371,77.921,74.925,71.993,69.428,66.76,63.578,61.161,59.386,57.743,55.745,53.983,52.483,51.133,49.842,48.683,47.811,46.178,43.93,41.657,39.752,37.444,36.544,36.642,36.983,36.763,37.116,35.982,34.011,31.429,29.726,27.583,26.174,25.476,24.889,23.898,23.157,22.485,21.8,21.148,20.572,20.032,19.392,18.679,17.964,17.315,16.647,16.019,15.431,14.845,14.228,13.621,12.965,12.262,11.555,10.879,10.206,9.528,8.852,8.182,7.519,6.859,6.223,5.609,5.021,4.456,3.923,3.426,2.962,2.533,2.143,1.795,1.461,1.146,0.866,0.629,0.42,0.291,0.226,0.182,0.139,0.114,0.088,0.058,0.036,0.022,0.015,0.012,0.007,0.003
ZWE,1956,147.598,137.031,129.505,123.875,118.949,115.008,108.837,82.224,83.493,83.307,82.05,80.095,77.658,74.659,71.714,69.122,66.419,63.199,60.743,58.927,57.245,55.218,53.435,51.924,50.569,49.278,48.126,47.262,45.642,43.416,41.163,39.276,36.99,36.101,36.203,36.543,36.326,36.678,35.553,33.599,31.04,29.352,27.23,25.833,25.142,24.559,23.577,22.84,22.169,21.483,20.828,20.248,19.706,19.062,18.35,17.635,16.986,16.315,15.683,15.086,14.487,13.86,13.244,12.576,11.864,11.153,10.483,9.805,9.121,8.44,7.763,7.099,6.441,5.808,5.203,4.626,4.074,3.561,3.084,2.641,2.237,1.873,1.552,1.246,0.964,0.718,0.514,0.338,0.23,0.175,0.14,0.104,0.084,0.063,0.041,0.025,0.015,0.01,0.007,0.004
ZWE,1957,151.595,140.492,133.084,127.143,122.352,117.924,114.25,108.255,81.852,83.163,83.01,81.775,79.83,77.387,74.373,71.4,68.772,66.027,62.768,60.271,58.417,56.702,54.654,52.86,51.345,49.993,48.708,47.566,46.712,45.11,42.903,40.672,38.804,36.539,35.662,35.767,36.108,35.892,36.242,35.128,33.19,30.655,28.983,26.88,25.496,24.809,24.23,23.256,22.52,21.848,21.162,20.503,19.922,19.375,18.731,18.017,17.302,16.65,15.976,15.336,14.726,14.116,13.479,12.85,12.174,11.455,10.751,10.074,9.39,8.7,8.012,7.332,6.672,6.016,5.39,4.795,4.232,3.7,3.206,2.751,2.333,1.957,1.621,1.325,1.049,0.8,0.587,0.415,0.268,0.179,0.134,0.105,0.077,0.06,0.045,0.029,0.017,0.01,0.006,0.004
ZWE,1958,155.682,144.432,136.541,130.713,125.616,121.322,117.166,113.654,107.783,81.534,82.872,82.737,81.508,79.555,77.095,74.051,71.04,68.368,65.578,62.28,59.744,57.858,56.121,54.062,52.265,50.753,49.409,48.137,47.007,46.165,44.578,42.394,40.184,38.335,36.091,35.224,35.332,35.673,35.462,35.811,34.704,32.783,30.273,28.614,26.533,25.16,24.479,23.902,22.932,22.197,21.521,20.834,20.174,19.588,19.038,18.393,17.679,16.962,16.305,15.624,14.971,14.353,13.732,13.082,12.441,11.755,11.044,10.334,9.65,8.96,8.262,7.572,6.894,6.233,5.585,4.97,4.39,3.846,3.333,2.862,2.432,2.043,1.694,1.384,1.116,0.872,0.655,0.473,0.329,0.209,0.137,0.102,0.077,0.056,0.043,0.031,0.019,0.011,0.006,0.004
ZWE,1959,160.004,148.484,140.486,134.178,129.187,124.585,120.561,116.568,113.168,107.381,81.255,82.604,82.471,81.233,79.258,76.766,73.681,70.624,67.906,65.071,61.738,59.171,57.261,55.511,53.452,51.658,50.155,48.823,47.563,46.449,45.62,44.05,41.888,39.699,37.869,35.646,34.791,34.901,35.241,35.033,35.377,34.281,32.378,29.889,28.247,26.186,24.824,24.148,23.569,22.602,21.864,21.188,20.499,19.836,19.248,18.694,18.047,17.332,16.611,15.946,15.254,14.591,13.962,13.326,12.667,12.014,11.334,10.618,9.901,9.21,8.51,7.81,7.121,6.443,5.79,5.151,4.552,3.99,3.467,2.978,2.531,2.13,1.77,1.448,1.168,0.928,0.714,0.529,0.376,0.256,0.161,0.103,0.075,0.056,0.039,0.029,0.021,0.012,0.007,0.004
ZWE,1960,164.37,152.782,144.552,138.129,132.657,128.157,123.826,119.965,116.085,112.758,107.027,80.997,82.345,82.197,80.933,78.924,76.386,73.255,70.149,67.385,64.51,61.146,58.56,56.637,54.885,52.83,51.048,49.558,48.24,46.996,45.897,45.081,43.53,41.388,39.221,37.408,35.208,34.363,34.474,34.813,34.608,34.949,33.864,31.976,29.511,27.883,25.841,24.491,23.812,23.233,22.267,21.527,20.85,20.158,19.494,18.903,18.347,17.697,16.976,16.249,15.571,14.869,14.197,13.553,12.907,12.235,11.589,10.901,10.176,9.453,8.751,8.048,7.349,6.658,5.987,5.343,4.72,4.14,3.598,3.098,2.635,2.218,1.847,1.513,1.221,0.97,0.76,0.577,0.42,0.294,0.197,0.12,0.077,0.054,0.039,0.028,0.02,0.014,0.008,0.004
ZWE,1961,169.138,157.129,148.867,142.204,136.612,131.632,127.398,123.229,119.479,115.676,112.396,106.703,80.745,82.075,81.898,80.597,78.539,75.948,72.767,69.614,66.809,63.9,60.518,57.923,55.998,54.248,52.206,50.438,48.963,47.663,46.435,45.353,44.55,43.016,40.894,38.747,36.953,34.774,33.938,34.052,34.389,34.186,34.526,33.448,31.578,29.133,27.519,25.494,24.154,23.472,22.89,21.924,21.185,20.505,19.812,19.146,18.553,17.99,17.334,16.607,15.867,15.18,14.469,13.783,13.128,12.47,11.805,11.147,10.449,9.717,8.984,8.278,7.575,6.874,6.19,5.528,4.898,4.296,3.735,3.218,2.743,2.311,1.925,1.58,1.277,1.017,0.797,0.614,0.459,0.329,0.225,0.148,0.089,0.056,0.038,0.028,0.019,0.014,0.009,0.005
ZWE,1962,173.875,161.885,153.242,146.53,140.694,135.59,130.877,126.801,122.746,119.068,115.315,112.064,106.389,80.485,81.78,81.559,80.205,78.091,75.447,72.216,69.02,66.181,63.251,59.863,57.267,55.346,53.607,51.582,49.831,48.374,47.091,45.88,44.814,44.023,42.506,40.405,38.279,36.503,34.343,33.518,33.63,33.967,33.767,34.101,33.035,31.178,28.756,27.154,25.145,23.809,23.125,22.538,21.575,20.834,20.152,19.458,18.789,18.192,17.622,16.958,16.218,15.469,14.772,14.049,13.351,12.684,12.032,11.357,10.686,9.979,9.237,8.5,7.793,7.088,6.393,5.717,5.07,4.459,3.877,3.341,2.851,2.407,2.006,1.648,1.335,1.065,0.835,0.644,0.489,0.359,0.253,0.171,0.11,0.065,0.04,0.027,0.019,0.012,0.009,0.006
ZWE,1963,178.961,166.628,158.028,150.925,145.029,139.677,134.838,130.285,126.319,122.338,118.708,114.985,111.744,106.066,80.198,81.444,81.165,79.751,77.579,74.882,71.607,68.377,65.515,62.575,59.189,56.601,54.69,52.967,50.962,49.231,47.792,46.527,45.333,44.282,43.503,42.003,39.921,37.816,36.058,33.919,33.102,33.215,33.55,33.35,33.682,32.621,30.78,28.379,26.785,24.789,23.458,22.772,22.184,21.219,20.478,19.794,19.098,18.427,17.823,17.242,16.563,15.813,15.056,14.346,13.611,12.902,12.242,11.579,10.89,10.209,9.489,8.741,8.004,7.294,6.594,5.908,5.246,4.618,4.027,3.471,2.962,2.503,2.09,1.719,1.394,1.113,0.875,0.676,0.514,0.384,0.277,0.191,0.127,0.08,0.046,0.027,0.019,0.012,0.008,0.006
ZWE,1964,183.89,171.727,162.816,155.732,149.437,144.02,138.929,134.249,129.805,125.911,121.98,118.377,114.667,111.415,105.717,79.867,81.049,80.705,79.229,76.999,74.252,70.943,67.689,64.817,61.878,58.503,55.929,54.035,52.33,50.345,48.636,47.217,45.969,44.793,43.755,42.989,41.505,39.443,37.358,35.617,33.497,32.69,32.804,33.135,32.938,33.262,32.209,30.381,27.998,26.412,24.427,23.101,22.414,21.82,20.858,20.116,19.43,18.731,18.053,17.439,16.842,16.152,15.392,14.622,13.902,13.157,12.456,11.783,11.107,10.407,9.71,8.983,8.235,7.495,6.789,6.096,5.423,4.781,4.173,3.608,3.078,2.602,2.175,1.793,1.454,1.163,0.916,0.709,0.539,0.403,0.296,0.21,0.143,0.092,0.057,0.032,0.019,0.012,0.008,0.005
ZWE,1965,189.149,176.694,167.965,160.548,154.259,148.436,143.277,138.343,133.77,129.399,125.554,121.649,118.056,114.334,111.054,105.317,79.471,80.579,80.165,78.627,76.343,73.556,70.223,66.959,64.086,61.155,57.8,55.245,53.371,51.688,49.726,48.039,46.641,45.41,44.25,43.227,42.474,41.006,38.964,36.899,35.173,33.074,32.277,32.39,32.72,32.522,32.84,31.792,29.975,27.607,26.027,24.054,22.736,22.045,21.448,20.489,19.745,19.055,18.349,17.664,17.035,16.424,15.724,14.95,14.17,13.438,12.702,11.992,11.306,10.615,9.901,9.195,8.465,7.714,6.978,6.279,5.599,4.946,4.323,3.74,3.202,2.706,2.263,1.866,1.518,1.214,0.957,0.743,0.565,0.424,0.311,0.225,0.156,0.104,0.065,0.04,0.022,0.013,0.008,0.005
ZWE,1966,194.812,181.976,172.98,165.717,159.086,153.261,147.695,142.691,137.865,133.365,129.042,125.222,121.327,117.722,113.967,110.637,104.844,78.995,80.024,79.539,77.943,75.614,72.799,69.453,66.19,63.325,60.412,57.081,54.551,52.701,51.039,49.102,47.439,46.061,44.848,43.705,42.697,41.957,40.505,38.482,36.437,34.73,32.651,31.863,31.975,32.302,32.102,32.412,31.368,29.559,27.206,25.632,23.674,22.362,21.668,21.069,20.112,19.365,18.669,17.954,17.254,16.613,15.989,15.273,14.49,13.699,12.978,12.232,11.508,10.809,10.103,9.38,8.667,7.931,7.184,6.456,5.769,5.108,4.474,3.877,3.322,2.816,2.355,1.942,1.581,1.268,1,0.777,0.593,0.445,0.327,0.236,0.167,0.114,0.074,0.046,0.027,0.014,0.008,0.005
ZWE,1967,200.466,187.642,178.299,170.753,164.262,158.092,152.521,147.111,142.214,137.46,133.008,128.711,124.899,120.989,117.349,113.541,110.144,104.282,78.429,79.38,78.831,77.184,74.823,71.994,68.646,65.395,62.546,59.655,56.353,53.852,52.026,50.389,48.48,46.839,45.481,44.287,43.162,42.168,41.44,40.004,38.001,35.976,34.287,32.227,31.449,31.56,31.881,31.68,31.978,30.934,29.132,26.795,25.23,23.286,21.979,21.284,20.681,19.725,18.973,18.268,17.54,16.826,16.174,15.533,14.804,14.01,13.231,12.499,11.742,11.006,10.29,9.573,8.844,8.124,7.39,6.649,5.935,5.266,4.623,4.015,3.446,2.924,2.453,2.023,1.647,1.321,1.045,0.813,0.621,0.467,0.344,0.248,0.176,0.122,0.081,0.052,0.031,0.018,0.009,0.005
ZWE,1968,206.606,193.31,183.987,176.084,169.305,163.269,157.353,151.936,146.633,141.807,137.1,132.675,128.385,124.557,120.61,116.915,113.037,109.562,103.628,77.776,78.655,78.05,76.367,73.989,71.156,67.819,64.586,61.761,58.897,55.628,53.155,51.356,49.744,47.859,46.242,44.904,43.727,42.619,41.64,40.922,39.503,37.519,35.517,33.843,31.805,31.033,31.141,31.458,31.249,31.534,30.487,28.695,26.374,24.816,22.887,21.587,20.889,20.281,19.322,18.562,17.843,17.104,16.38,15.711,15.055,14.312,13.532,12.744,11.998,11.23,10.479,9.752,9.028,8.291,7.571,6.841,6.114,5.419,4.768,4.151,3.57,3.035,2.548,2.109,1.716,1.378,1.091,0.849,0.65,0.489,0.361,0.261,0.185,0.128,0.087,0.057,0.035,0.021,0.012,0.006
ZWE,1969,213.402,199.45,189.664,181.772,174.635,168.311,162.529,156.764,151.454,146.224,141.446,136.767,132.346,128.041,124.175,120.171,116.404,112.445,108.89,102.89,77.053,77.871,77.226,75.521,73.137,70.312,66.994,63.786,60.987,58.153,54.916,52.474,50.702,49.112,47.252,45.656,44.338,43.178,42.086,41.12,40.412,39.008,37.046,35.061,33.404,31.384,30.618,30.722,31.028,30.812,31.079,30.03,28.247,25.944,24.394,22.481,21.188,20.485,19.869,18.905,18.132,17.401,16.651,15.911,15.227,14.556,13.824,13.034,12.234,11.477,10.693,9.932,9.199,8.467,7.729,7.012,6.293,5.584,4.909,4.282,3.693,3.146,2.645,2.192,1.791,1.437,1.138,0.887,0.68,0.512,0.379,0.275,0.195,0.135,0.092,0.061,0.038,0.023,0.014,0.008
ZWE,1970,220.548,206.188,195.792,187.442,180.317,173.636,167.565,161.936,156.279,151.042,145.86,141.108,136.435,131.999,127.655,123.733,119.655,115.807,111.768,108.137,102.081,76.276,77.048,76.377,74.663,72.285,69.477,66.182,63.003,60.233,57.429,54.227,51.813,50.064,48.499,46.661,45.087,43.786,42.642,41.563,40.608,39.912,38.522,36.578,34.613,32.971,30.967,30.205,30.302,30.594,30.367,30.618,29.568,27.792,25.506,23.966,22.068,20.78,20.071,19.441,18.467,17.683,16.942,16.176,15.423,14.723,14.061,13.317,12.514,11.703,10.929,10.138,9.371,8.629,7.895,7.16,6.452,5.749,5.061,4.411,3.812,3.257,2.745,2.278,1.863,1.5,1.188,0.926,0.711,0.537,0.398,0.288,0.205,0.142,0.097,0.064,0.042,0.026,0.015,0.009
ZWE,1971,228.042,213.711,203.032,194.026,186.332,179.517,172.94,166.83,161.046,155.197,149.794,144.461,139.57,134.765,130.224,125.874,122.011,117.998,114.204,110.211,106.617,100.593,74.881,75.635,74.946,73.221,70.83,68.015,64.722,61.557,58.82,56.063,52.921,50.577,48.914,47.444,45.714,44.246,43.042,41.986,40.985,40.108,39.489,38.17,36.288,34.374,32.772,30.811,30.08,30.195,30.497,30.292,30.563,29.547,27.807,25.562,24.051,22.187,20.917,20.208,19.573,18.6,17.811,17.057,16.272,15.5,14.228,13.551,12.791,11.977,11.151,10.367,9.569,8.794,8.051,7.317,6.592,5.898,5.214,4.55,3.929,3.363,2.843,2.366,1.938,1.562,1.241,0.968,0.743,0.562,0.417,0.302,0.216,0.151,0.102,0.069,0.044,0.028,0.017,0.009
ZWE,1972,235.788,221.039,210.446,201.192,192.866,185.504,178.806,172.205,165.958,159.999,153.997,148.453,142.992,137.977,133.074,128.528,124.234,120.43,116.467,112.713,108.754,105.18,99.171,73.543,74.275,73.57,71.83,69.43,66.614,63.337,60.204,57.512,54.809,51.737,49.475,47.904,46.532,44.902,43.528,42.407,41.422,40.496,39.693,39.133,37.866,36.033,34.158,32.591,30.67,29.965,30.089,30.404,30.224,30.508,29.516,27.804,25.597,24.111,22.271,21.011,20.294,19.651,18.675,17.87,17.097,16.293,14.981,13.714,13.017,12.244,11.413,10.579,9.788,8.983,8.207,7.464,6.739,6.028,5.35,4.689,4.053,3.467,2.938,2.451,2.012,1.626,1.292,1.012,0.777,0.588,0.436,0.318,0.227,0.158,0.108,0.072,0.047,0.029,0.018,0.011
ZWE,1973,245.003,228.577,217.649,208.518,199.972,192.001,184.775,178.07,171.355,164.952,158.856,152.73,147.07,141.496,136.389,131.482,126.986,122.749,118.988,115.059,111.335,107.397,103.827,97.821,72.276,72.988,72.265,70.513,68.111,65.308,62.061,58.97,56.328,53.688,50.694,48.521,47.041,45.76,44.217,42.92,41.865,40.947,40.088,39.342,38.826,37.596,35.797,33.959,32.424,30.536,29.848,29.986,30.315,30.151,30.438,29.462,27.773,25.599,24.128,22.305,21.045,20.32,19.664,18.676,17.852,17.057,15.752,14.444,13.178,12.464,11.672,10.832,9.992,9.192,8.387,7.614,6.877,6.166,5.472,4.814,4.18,3.58,3.03,2.534,2.087,1.69,1.346,1.055,0.813,0.615,0.456,0.333,0.238,0.167,0.114,0.076,0.05,0.031,0.02,0.012
ZWE,1974,255.6,237.5,225.031,215.616,207.226,199.062,191.25,184.037,177.246,170.403,163.886,157.682,151.456,145.694,140.039,134.925,130.062,125.61,121.409,117.675,113.766,110.054,106.118,102.542,96.541,71.089,71.777,71.04,69.285,66.894,64.115,60.907,57.867,55.28,52.708,49.8,47.711,46.313,45.108,43.634,42.396,41.404,40.545,39.736,39.029,38.54,37.336,35.569,33.76,32.251,30.389,29.72,29.871,30.206,30.049,30.33,29.363,27.696,25.543,24.079,22.264,21.005,20.267,19.589,18.584,17.74,16.492,15.188,13.882,12.621,11.885,11.079,10.233,9.386,8.584,7.783,7.017,6.295,5.598,4.926,4.293,3.694,3.13,2.616,2.159,1.754,1.401,1.1,0.849,0.644,0.477,0.349,0.25,0.175,0.12,0.08,0.052,0.033,0.02,0.012
ZWE,1975,265.311,247.728,233.757,222.881,214.244,206.265,198.284,190.514,183.246,176.358,169.425,162.823,156.536,150.224,144.392,138.733,133.654,128.827,124.404,120.224,116.504,112.602,108.89,104.949,101.367,95.373,70.015,70.685,69.94,68.19,65.819,63.073,59.908,56.917,54.391,51.889,49.058,47.042,45.71,44.561,43.14,41.954,41.013,40.196,39.421,38.737,38.263,37.081,35.338,33.552,32.06,30.226,29.576,29.729,30.063,29.902,30.17,29.21,27.552,25.414,23.946,22.14,20.878,20.116,19.412,18.39,17.155,15.906,14.6,13.298,12.038,11.286,10.471,9.615,8.769,7.969,7.176,6.425,5.718,5.042,4.395,3.795,3.23,2.703,2.23,1.815,1.454,1.145,0.886,0.672,0.501,0.365,0.262,0.184,0.126,0.084,0.055,0.035,0.022,0.014
ZWE,1976,274.339,257.291,244.034,231.714,221.602,213.321,205.456,197.426,189.47,181.968,174.88,167.766,160.997,154.552,148.117,142.281,136.695,131.696,126.935,122.567,118.43,114.736,110.844,107.124,103.176,99.585,93.591,68.327,68.98,68.241,66.523,64.205,61.528,58.449,55.565,53.163,50.793,48.096,46.204,44.979,43.922,42.599,41.511,40.649,39.897,39.169,38.524,38.082,36.939,35.236,33.489,32.04,30.26,29.646,29.818,30.156,30.004,30.271,29.316,27.667,25.545,24.083,22.288,21.016,20.229,19.494,17.787,16.548,15.292,13.989,12.685,11.433,10.667,9.841,8.985,8.141,7.349,6.572,5.838,5.151,4.5,3.887,3.322,2.79,2.304,1.875,1.505,1.19,0.922,0.702,0.523,0.383,0.275,0.193,0.132,0.089,0.058,0.037,0.023,0.014
ZWE,1977,282.071,266.064,253.492,241.934,230.41,220.663,212.485,204.548,196.3,188.077,180.345,173.05,165.75,158.801,152.214,145.768,140.009,134.509,129.577,124.867,120.537,116.425,112.735,108.837,105.112,101.157,97.555,91.568,66.422,67.077,66.373,64.712,62.471,59.89,56.933,54.191,51.937,49.718,47.163,45.396,44.277,43.329,42.116,41.12,40.332,39.634,38.949,38.345,37.941,36.838,35.176,33.481,32.089,30.366,29.784,29.966,30.308,30.166,30.421,29.466,27.822,25.717,24.258,22.464,21.179,20.359,18.849,17.151,15.904,14.646,13.339,12.043,10.803,10.022,9.193,8.339,7.506,6.728,5.97,5.258,4.596,3.979,3.4,2.868,2.378,1.938,1.555,1.231,0.957,0.73,0.546,0.401,0.288,0.202,0.139,0.093,0.062,0.039,0.025,0.015
ZWE,1978,287.296,274.408,263.176,252.222,241.229,229.777,219.808,211.126,202.374,193.248,184.298,175.934,168.087,160.28,152.939,146.339,140.133,134.638,129.362,124.611,120.053,115.827,111.755,108.057,104.142,100.392,96.402,92.773,86.795,61.832,62.581,62.03,60.571,58.588,56.323,53.748,51.414,49.562,47.72,45.511,44.049,43.231,42.585,41.634,40.846,40.222,39.657,39.095,38.62,38.335,37.347,35.828,34.299,33.057,31.46,30.963,31.211,31.612,31.507,31.774,30.839,29.225,27.158,25.7,23.895,22.585,19.674,18.165,16.476,15.224,13.958,12.657,11.374,10.145,9.357,8.527,7.684,6.868,6.108,5.374,4.69,4.061,3.479,2.935,2.444,1.999,1.607,1.271,0.99,0.758,0.569,0.418,0.3,0.212,0.146,0.098,0.064,0.041,0.025,0.016
ZWE,1979,291.33,280.768,272.929,263.158,252.42,241.05,228.908,217.817,207.463,196.954,186.389,176.196,166.754,157.925,149.364,142,135.856,130.165,125.102,120.176,115.716,111.36,107.219,103.141,99.416,95.456,91.638,87.598,83.957,78.094,53.537,54.575,54.405,53.435,52.055,50.513,48.713,47.149,46.019,44.828,43.209,42.328,42.093,41.946,41.398,40.93,40.565,40.244,39.942,39.712,39.649,38.928,37.724,36.491,35.48,34.069,33.736,34.128,34.619,34.582,34.888,34.002,32.44,30.403,28.911,27.08,21.803,18.944,17.434,15.757,14.497,13.234,11.945,10.672,9.464,8.673,7.85,7.025,6.23,5.494,4.789,4.141,3.55,3.001,2.5,2.053,1.656,1.312,1.023,0.785,0.59,0.435,0.314,0.221,0.153,0.102,0.067,0.043,0.027,0.017
ZWE,1980,293.712,283.235,277.298,271.141,262.068,251.553,240.12,227.664,215.998,205.006,193.967,182.938,172.335,162.511,153.376,144.79,137.588,131.626,126.081,121.125,116.282,111.872,107.537,103.394,99.311,95.574,91.596,87.765,83.732,80.14,74.397,50.15,51.323,51.337,50.603,49.508,48.27,46.777,45.5,44.625,43.662,42.276,41.625,41.579,41.584,41.156,40.785,40.509,40.28,40.064,39.908,39.935,39.326,38.231,37.083,36.134,34.79,34.501,34.903,35.385,35.333,35.61,34.712,33.137,31.083,29.557,26.146,20.996,18.185,16.677,15.008,13.748,12.492,11.21,9.959,8.775,7.988,7.18,6.376,5.606,4.899,4.232,3.622,3.065,2.559,2.102,1.703,1.355,1.057,0.811,0.611,0.452,0.328,0.231,0.16,0.107,0.071,0.046,0.028,0.017
ZWE,1981,308.366,278.972,271.343,268.068,264.642,258.38,250.532,242.317,234.127,226.773,219.27,211.216,202.733,194.399,186.258,177.095,167.344,158.839,151.746,145.216,139.397,133.927,129.234,124.913,120.856,116.913,113.375,109.569,105.809,101.622,97.566,91.154,66.139,66.19,64.836,62.47,59.629,56.658,53.528,50.776,48.566,46.281,43.558,41.749,40.774,40.017,38.973,38.016,37.104,36.267,35.473,34.669,33.946,32.635,30.989,29.401,28.024,26.266,25.649,25.763,25.962,25.69,25.758,24.728,23.169,21.15,28.615,25.245,20.211,17.445,15.93,14.276,13.017,11.762,10.496,9.266,8.113,7.335,6.542,5.76,5.02,4.347,3.717,3.141,2.624,2.161,1.751,1.399,1.096,0.843,0.635,0.471,0.342,0.242,0.169,0.114,0.075,0.048,0.03,0.019
ZWE,1982,332.835,299.48,274.496,268.552,266.191,263.35,257.452,249.871,241.897,233.904,226.698,219.311,211.344,202.931,194.643,186.495,177.294,167.502,158.958,151.828,145.264,139.418,133.935,129.239,124.92,120.868,116.932,113.4,109.599,105.836,101.639,97.572,91.153,66.21,66.215,64.812,62.4,59.518,56.507,53.346,50.563,48.323,46.005,43.257,41.428,40.426,39.647,38.582,37.6,36.659,35.792,34.969,34.132,33.375,32.043,30.384,28.785,27.393,25.625,24.981,25.046,25.197,24.883,24.895,23.842,22.271,20.491,27.644,24.313,19.401,16.676,15.166,13.528,12.268,11.025,9.778,8.578,7.46,6.693,5.922,5.167,4.463,3.826,3.231,2.696,2.223,1.806,1.443,1.135,0.876,0.662,0.491,0.358,0.255,0.178,0.12,0.079,0.051,0.032,0.02
ZWE,1983,341.973,323.693,294.634,271.527,266.552,264.849,262.462,256.972,249.837,242.274,234.604,227.663,220.493,212.711,204.428,196.13,187.881,178.566,168.677,160.048,152.84,146.219,140.345,134.863,130.174,125.866,121.831,117.911,114.384,110.572,106.773,102.527,98.394,91.9,66.955,66.82,65.276,62.729,59.721,56.601,53.34,50.46,48.119,45.713,42.903,41.014,39.96,39.127,38.004,36.963,35.966,35.038,34.144,33.239,32.425,31.054,29.361,27.727,26.305,24.515,23.826,23.839,23.932,23.57,23.534,22.457,21.578,19.802,26.625,23.339,18.547,15.877,14.373,12.752,11.502,10.272,9.053,7.89,6.81,6.06,5.313,4.595,3.929,3.326,2.774,2.284,1.857,1.489,1.172,0.909,0.689,0.512,0.373,0.267,0.187,0.126,0.084,0.054,0.034,0.021
ZWE,1984,349.014,332.723,320.463,294.731,273.604,269.846,268.802,266.729,261.207,253.672,245.473,236.937,229.196,221.414,212.961,203.939,194.96,186.108,176.3,166.033,157.024,149.394,142.463,136.425,130.978,126.45,122.255,118.353,114.615,111.321,107.832,104.364,100.405,96.515,90.244,65.584,65.594,64.254,61.935,59.116,56.157,53.02,50.243,47.989,45.655,42.92,41.07,40.031,39.183,38.005,36.91,35.884,34.956,34.063,33.178,32.436,31.155,29.555,28.019,26.688,25.009,24.394,24.416,24.454,23.993,23.832,21.757,20.851,19.074,25.554,22.306,17.654,15.046,13.548,11.953,10.715,9.51,8.326,7.201,6.165,5.437,4.724,4.046,3.416,2.856,2.35,1.909,1.531,1.208,0.938,0.714,0.532,0.389,0.278,0.195,0.133,0.088,0.057,0.036,0.023
ZWE,1985,348.982,341.177,329.114,318.909,294.433,274.072,270.69,269.838,267.813,262.201,254.483,246.014,237.221,229.277,221.266,212.557,203.294,194.101,185.071,175.128,164.73,155.578,147.841,140.859,134.834,129.444,124.954,120.803,116.962,113.303,110.115,106.736,103.361,99.48,95.659,89.459,64.957,65.022,63.752,61.492,58.726,55.811,52.71,49.966,47.738,45.427,42.71,40.866,39.814,38.938,37.732,36.62,35.585,34.647,33.752,32.882,32.156,30.898,29.324,27.811,26.502,24.849,24.224,24.194,24.163,23.633,23.094,21.027,20.088,18.314,24.427,21.236,16.733,14.185,12.704,11.142,9.924,8.75,7.602,6.523,5.534,4.837,4.161,3.519,2.934,2.421,1.965,1.574,1.244,0.968,0.737,0.552,0.404,0.29,0.203,0.138,0.093,0.06,0.038,0.023
ZWE,1986,349.667,341.707,337.901,327.949,318.977,295.344,275.441,272.261,271.433,269.259,263.389,255.308,246.497,237.44,229.198,220.854,211.836,202.299,192.877,183.671,173.558,162.978,153.692,145.888,138.924,132.973,127.635,123.203,119.133,115.394,111.872,108.825,105.567,102.292,98.5,94.753,88.632,64.329,64.478,63.28,61.085,58.37,55.5,52.441,49.732,47.533,45.239,42.537,40.686,39.603,38.69,37.466,36.348,35.304,34.368,33.495,32.652,31.949,30.721,29.18,27.703,26.421,24.783,24.12,24.017,23.898,22.905,22.325,20.264,19.295,17.518,23.265,20.136,15.784,13.311,11.849,10.328,9.141,7.999,6.895,5.864,4.933,4.268,3.626,3.029,2.493,2.03,1.625,1.283,0.999,0.763,0.572,0.421,0.303,0.212,0.145,0.097,0.063,0.04,0.025
ZWE,1987,349.201,342.865,338.707,336.881,328.145,319.955,296.792,277.13,273.971,272.977,270.527,264.271,255.832,246.744,237.375,228.786,220.118,210.811,201.037,191.43,182.044,171.738,161.021,151.668,143.884,137,131.103,125.829,121.48,117.515,113.922,110.546,107.624,104.47,101.283,97.566,93.887,87.873,63.784,63.999,62.863,60.717,58.047,55.217,52.195,49.519,47.336,45.053,42.351,40.473,39.355,38.421,37.19,36.065,35.024,34.111,33.267,32.45,31.77,30.568,29.064,27.615,26.337,24.686,23.963,23.775,23.162,22.143,21.518,19.466,18.459,16.692,22.063,18.996,14.814,12.419,10.988,9.517,8.36,7.257,6.202,5.229,4.355,3.722,3.124,2.575,2.092,1.68,1.325,1.03,0.788,0.593,0.436,0.315,0.222,0.152,0.102,0.066,0.043,0.027
ZWE,1988,347.738,340.925,341.79,342.103,343.219,336.527,329.453,306.808,286.946,282.811,280.373,276.006,268.005,258.243,247.717,236.772,226.733,216.794,206.437,195.859,185.448,175.168,164.203,153.145,143.871,136.433,129.787,124.174,119.288,115.436,112.161,109.269,106.499,104.086,101.372,98.556,95.175,91.942,86.428,62.862,63.395,62.496,60.556,58.07,55.39,52.521,49.928,47.794,45.5,42.707,40.736,39.569,38.647,37.439,36.371,35.502,34.78,34.123,33.499,33.008,32.036,30.723,29.367,28.056,26.27,25.353,23.027,22.378,21.33,20.662,18.617,17.583,15.83,20.808,17.823,13.819,11.517,10.126,8.706,7.587,6.531,5.533,4.62,3.801,3.209,2.658,2.162,1.733,1.372,1.066,0.815,0.613,0.454,0.327,0.231,0.16,0.107,0.07,0.045,0.028
ZWE,1989,340.939,339.713,339.757,344.826,347.926,350.955,345.326,338.721,315.906,295.165,289.688,285.459,279.457,270.216,259.111,247.106,234.806,223.578,212.651,201.54,190.209,178.961,168.062,156.777,145.795,136.844,129.629,123.25,118,113.578,110.368,107.747,105.419,103.123,101.115,98.743,96.236,93.267,90.486,85.355,62.242,62.984,62.269,60.498,58.147,55.607,52.818,50.276,48.13,45.746,42.873,40.867,39.712,38.805,37.651,36.743,36.051,35.501,35.017,34.568,34.272,33.463,32.229,30.838,29.385,27.442,24.541,22.233,21.543,20.47,19.752,17.725,16.669,14.93,19.519,16.623,12.813,10.614,9.265,7.905,6.832,5.831,4.892,4.034,3.279,2.733,2.234,1.793,1.415,1.104,0.844,0.634,0.47,0.34,0.241,0.167,0.112,0.074,0.048,0.03
ZWE,1990,336.354,334.502,336.879,338.862,345.102,348.981,352.443,347.045,340.474,317.522,296.512,290.619,285.995,279.688,270.11,258.628,246.276,233.666,222.176,211.047,199.738,188.192,176.788,165.81,154.547,143.652,134.762,127.613,121.323,116.186,111.916,108.857,106.363,104.135,101.925,99.984,97.671,95.253,92.385,89.685,84.638,61.744,62.506,61.816,60.075,57.755,55.235,52.465,49.919,47.748,45.34,42.467,40.466,39.305,38.399,37.274,36.397,35.73,35.198,34.729,34.291,33.995,33.171,31.901,30.456,28.943,26.523,23.662,21.375,20.649,19.545,18.786,16.788,15.709,13.999,18.193,15.404,11.805,9.71,8.414,7.12,6.102,5.158,4.275,3.483,2.795,2.299,1.854,1.467,1.141,0.875,0.658,0.487,0.353,0.25,0.173,0.117,0.077,0.049,0.031
ZWE,1991,337.641,329.646,331.688,336.146,339.433,346.521,350.877,354.565,349.19,342.418,319.142,297.658,291.302,286.312,279.602,269.577,257.681,244.962,232.044,220.315,208.951,197.385,185.652,174.15,163.191,152.028,141.207,132.401,125.358,119.204,114.247,110.163,107.255,104.883,102.758,100.627,98.755,96.547,94.244,91.473,88.852,83.887,61.233,62.014,61.349,59.638,57.341,54.838,52.069,49.497,47.298,44.882,42.029,40.035,38.883,38.009,36.926,36.086,35.449,34.94,34.493,34.063,33.745,32.871,31.536,30.022,27.931,25.537,22.717,20.458,19.69,18.567,17.774,15.806,14.716,13.043,16.849,14.184,10.798,8.818,7.581,6.363,5.4,4.51,3.692,2.971,2.353,1.909,1.518,1.183,0.905,0.683,0.505,0.366,0.261,0.181,0.122,0.081,0.052,0.033
ZWE,1992,342.536,330.888,326.338,329.999,335.427,339.347,346.774,351.305,355.052,349.641,342.756,319.314,297.666,291.153,285.977,279.054,268.83,256.756,243.881,230.844,218.996,207.508,195.849,184.067,172.569,161.649,150.521,139.744,130.988,124.003,117.925,113.044,109.019,106.15,103.807,101.699,99.581,97.739,95.564,93.29,90.545,87.946,83.024,60.607,61.372,60.702,58.996,56.704,54.202,51.426,48.845,46.642,44.235,41.4,39.417,38.275,37.408,36.333,35.493,34.844,34.317,33.845,33.377,32.994,32.061,30.677,28.91,26.836,24.472,21.705,19.474,18.673,17.539,16.712,14.79,13.698,12.074,15.504,12.967,9.805,7.948,6.778,5.635,4.725,3.899,3.151,2.503,1.957,1.565,1.226,0.939,0.707,0.525,0.381,0.27,0.188,0.127,0.085,0.055,0.034
ZWE,1993,346.697,333.382,329.175,329,335.523,342.908,347.9,355.777,360.11,362.968,356.244,347.597,322.566,299.709,291.849,285.182,276.89,265.464,252.39,238.749,224.946,212.247,200.121,188.121,176.393,165.201,154.496,143.636,133.228,124.942,118.598,113.171,108.847,105.287,102.811,100.79,98.97,97.244,95.83,94.007,92.029,89.508,87.102,82.379,60.357,61.218,60.608,58.942,56.643,54.058,51.209,48.606,46.435,44.07,41.322,39.52,38.557,37.862,36.97,36.301,35.843,35.46,35.04,34.505,33.943,32.819,29.483,27.724,25.669,23.342,20.63,18.442,17.616,16.471,15.623,13.756,12.672,11.11,14.171,11.773,8.838,7.11,6.006,4.933,4.087,3.329,2.658,2.082,1.605,1.265,0.974,0.735,0.544,0.396,0.282,0.195,0.133,0.089,0.057,0.037
ZWE,1994,344.023,333.41,324.524,322.293,323.272,330.653,338.676,344.151,352.33,356.742,359.436,352.237,342.842,317.112,293.693,285.374,278.369,269.661,257.847,244.553,230.806,217.019,204.306,192.125,180.047,168.162,156.877,146.194,135.46,125.241,117.169,111.183,106.179,102.306,99.228,97.208,95.677,94.341,93.123,92.246,90.86,89.239,87.045,84.97,80.629,59.218,60.316,59.88,58.304,56.039,53.418,50.544,47.926,45.755,43.422,40.671,38.858,37.869,37.17,36.366,35.802,35.419,35.04,34.589,34.047,33.465,31.443,28.186,26.441,24.415,22.128,19.489,17.357,16.508,15.369,14.508,12.71,11.65,10.153,12.863,10.613,7.909,6.302,5.261,4.27,3.493,2.809,2.213,1.709,1.298,1.007,0.762,0.566,0.41,0.293,0.203,0.138,0.092,0.06,0.038
ZWE,1995,341.838,331.927,325.679,318.741,317.627,319.404,327.325,335.726,341.45,349.696,354,356.342,348.608,338.685,312.552,288.818,280.238,272.902,263.877,251.875,238.475,224.714,210.898,198.125,185.869,173.664,161.705,150.429,139.829,129.235,119.184,111.384,105.703,101.022,97.489,94.728,93.045,91.846,90.859,90.015,89.43,88.29,86.892,84.937,83.109,79.022,58.172,59.357,58.963,57.401,55.108,52.476,49.609,47.008,44.867,42.534,39.803,37.992,37,36.352,35.614,35.09,34.694,34.271,33.795,33.219,31.965,29.976,26.807,25.083,23.088,20.857,18.305,16.235,15.379,14.253,13.391,11.675,10.642,9.219,11.6,9.502,7.015,5.525,4.557,3.652,2.949,2.341,1.818,1.384,1.035,0.789,0.589,0.428,0.304,0.213,0.145,0.096,0.062,0.04
ZWE,1996,342.9,332.484,326.642,322.092,316.19,315.707,317.852,325.96,334.484,340.276,348.519,352.748,354.952,347.083,337.028,310.802,286.992,278.271,270.78,261.629,249.53,236.064,222.239,208.356,195.521,183.195,170.943,158.967,147.702,137.134,126.589,116.629,108.913,103.298,98.679,95.188,92.48,90.839,89.687,88.758,87.952,87.396,86.3,84.949,83.054,81.272,77.28,56.894,58.032,57.615,56.043,53.763,51.163,48.339,45.781,43.659,41.352,38.663,36.864,35.871,35.203,34.441,33.877,33.424,32.947,32.411,31.647,30.397,28.447,25.378,23.675,21.725,19.562,17.102,15.108,14.25,13.148,12.299,10.665,9.666,8.322,10.389,8.43,6.152,4.788,3.9,3.086,2.46,1.925,1.474,1.104,0.812,0.609,0.445,0.318,0.221,0.151,0.1,0.066,0.042
ZWE,1997,354.53,333.131,326.954,322.867,319.388,314.179,314.087,316.444,324.675,333.263,339.058,347.216,351.296,353.333,345.319,335.12,308.81,284.892,276.001,268.363,259.083,246.894,233.342,219.427,205.468,192.548,180.158,167.876,155.908,144.676,134.154,123.708,113.862,106.243,100.705,96.147,92.719,90.072,88.487,87.4,86.514,85.743,85.224,84.173,82.87,81.023,79.286,75.382,55.485,56.56,56.102,54.527,52.271,49.711,46.941,44.418,42.32,40.044,37.4,35.627,34.625,33.932,33.14,32.523,32.016,31.479,30.75,29.974,28.735,26.831,23.867,22.201,20.31,18.223,15.874,13.967,13.12,12.057,11.223,9.682,8.724,7.459,9.219,7.392,5.332,4.1,3.297,2.575,2.025,1.561,1.176,0.867,0.627,0.462,0.33,0.231,0.157,0.105,0.069,0.044
ZWE,1998,367.019,344.472,327.61,323.179,320.156,317.357,312.558,312.681,315.171,323.463,332.041,337.749,345.74,349.64,351.5,343.322,332.98,306.548,282.498,273.453,265.662,256.257,243.955,230.289,216.277,202.22,189.219,176.784,164.497,152.561,141.374,130.943,120.617,110.901,103.391,97.927,93.451,90.1,87.531,86.025,84.989,84.145,83.419,82.938,81.933,80.669,78.871,77.171,73.341,53.966,54.958,54.468,52.902,50.683,48.175,45.452,42.971,40.901,38.66,36.075,34.327,33.314,32.589,31.759,31.096,30.532,29.799,29.062,28.277,27.052,25.192,22.346,20.725,18.896,16.899,14.664,12.852,12.028,11.003,10.192,8.745,7.828,6.628,8.092,6.412,4.569,3.469,2.754,2.122,1.644,1.248,0.924,0.671,0.476,0.344,0.241,0.165,0.109,0.071,0.045
ZWE,1999,381.092,356.713,338.814,323.817,320.444,318.096,315.699,311.129,311.389,313.95,322.225,330.703,336.241,344.036,347.744,349.4,341.059,330.522,303.94,279.784,270.576,262.635,253.077,240.627,226.836,212.698,198.547,185.484,173.029,160.765,148.871,137.779,127.466,117.273,107.704,100.303,94.939,90.563,87.31,84.847,83.407,82.419,81.629,80.954,80.507,79.539,78.313,76.558,74.876,71.12,52.3,53.216,52.708,51.165,48.994,46.529,43.861,41.43,39.391,37.2,34.677,32.952,31.923,31.159,30.296,29.59,28.828,28.092,27.351,26.561,25.346,23.543,20.824,19.253,17.499,15.594,13.484,11.774,10.971,9.992,9.211,7.852,6.961,5.826,7.023,5.497,3.868,2.9,2.271,1.724,1.315,0.982,0.717,0.51,0.354,0.25,0.172,0.115,0.075,0.048
ZWE,2000,395.432,369.651,350.128,334.204,320.402,317.759,315.871,313.747,309.36,309.692,312.21,320.29,328.454,333.669,341.15,344.562,345.959,337.332,326.489,299.751,275.477,266.107,257.971,248.195,235.556,221.567,207.278,193.046,179.964,167.543,155.347,143.617,132.727,122.627,112.679,103.35,96.187,91.038,86.888,83.865,81.58,80.27,79.408,78.74,78.172,77.805,76.923,75.761,74.054,72.395,68.706,50.51,51.36,50.845,49.341,47.207,44.797,42.192,39.822,37.855,35.743,33.305,31.61,30.571,29.786,28.9,27.854,27.098,26.367,25.626,24.828,23.635,21.898,19.311,17.803,16.128,14.326,12.345,10.736,9.964,9.033,8.275,6.986,6.122,5.062,6.023,4.656,3.235,2.393,1.847,1.38,1.035,0.761,0.545,0.38,0.259,0.179,0.12,0.079,0.05
ZWE,2001,404.369,382.113,361.524,344.147,329.509,316.593,314.514,312.998,311.113,306.812,307.038,309.21,316.732,324.335,329.061,336.098,339.145,340.094,331.036,319.881,293.003,268.678,259.128,250.749,240.734,227.834,213.657,199.288,185.086,172.095,159.809,147.894,136.511,125.991,116.291,106.741,97.862,91.124,86.39,82.672,79.984,77.966,76.887,76.25,75.79,75.397,75.177,74.401,73.291,71.609,69.921,66.29,48.743,49.524,49.007,47.503,45.402,43.041,40.512,38.266,36.415,34.41,32.055,30.395,29.363,28.562,27.072,26.055,25.312,24.586,23.843,23.048,21.89,20.228,17.791,16.355,14.774,13.088,11.24,9.741,9.007,8.119,7.369,6.149,5.324,4.348,5.105,3.895,2.67,1.947,1.48,1.088,0.804,0.579,0.406,0.278,0.186,0.125,0.083,0.053
ZWE,2002,410.883,391.149,373.958,355.527,339.469,325.727,313.408,311.689,310.399,308.585,304.186,304.067,305.69,312.649,319.75,324.026,330.667,333.235,333.656,324.221,312.753,285.772,261.313,251.431,242.69,232.264,219.045,204.684,190.276,176.133,163.255,151.246,139.688,128.706,118.617,109.322,100.26,91.903,85.672,81.428,78.105,75.726,73.994,73.176,72.758,72.484,72.25,72.126,71.409,70.325,68.648,66.97,63.464,46.703,47.439,46.897,45.419,43.373,41.098,38.722,36.629,34.886,32.953,30.685,29.076,28.054,26.654,25.235,24.262,23.537,22.822,22.089,21.309,20.194,18.618,16.333,14.975,13.496,11.919,10.204,8.811,8.102,7.235,6.49,5.352,4.577,3.692,4.275,3.218,2.176,1.562,1.167,0.845,0.612,0.433,0.298,0.199,0.13,0.087,0.056
ZWE,2003,413.179,397.397,382.738,367.703,350.598,335.458,322.337,310.431,308.952,307.736,305.808,301.052,300.357,301.402,307.844,314.484,318.385,324.547,326.613,326.647,316.942,305.303,278.254,253.68,243.547,234.477,223.794,210.459,196.117,181.811,167.831,155.255,143.612,132.458,121.917,112.244,103.418,94.857,87.034,81.325,77.481,74.477,72.379,70.917,70.331,70.101,69.989,69.851,69.75,69.026,67.891,66.192,64.516,61.108,45.004,45.648,45.073,43.603,41.61,39.458,37.228,35.25,33.556,31.67,29.479,27.907,26.249,24.905,23.546,22.601,21.879,21.168,20.441,19.67,18.594,17.098,14.959,13.681,12.292,10.825,9.236,7.93,7.224,6.376,5.654,4.604,3.889,3.096,3.534,2.623,1.746,1.234,0.909,0.645,0.459,0.318,0.213,0.14,0.089,0.058
ZWE,2004,415.478,399.788,388.799,376.769,363.728,347.901,333.601,321.045,309.572,308.31,306.925,304.457,298.732,297.004,297.209,302.888,308.771,311.847,317.182,318.595,318.127,308.124,296.326,269.302,244.797,234.609,225.497,214.917,201.835,187.819,173.9,160.312,148.169,136.949,126.198,116.072,106.731,98.202,89.951,82.466,77.101,73.529,70.83,69.018,67.776,67.436,67.443,67.562,67.6,67.59,66.971,65.909,64.294,62.664,59.339,43.906,44.514,43.972,42.522,40.511,38.381,36.205,34.331,32.72,30.835,28.654,26.175,24.59,23.304,21.999,21.073,20.358,19.652,18.93,18.17,17.128,15.706,13.701,12.488,11.18,9.807,8.318,7.074,6.372,5.559,4.87,3.915,3.264,2.563,2.883,2.105,1.381,0.96,0.694,0.484,0.337,0.228,0.151,0.096,0.061
ZWE,2005,413.535,400.652,390.01,381.891,372.113,360.528,345.707,332.113,320.1,308.92,307.426,305.325,301.577,294.518,291.715,290.986,295.729,300.597,302.709,307.284,308.166,307.363,297.263,285.436,258.596,234.325,224.247,215.381,205.172,192.538,179.036,165.608,152.586,140.979,130.251,120.011,110.277,101.266,93.053,85.159,78.11,73.105,69.903,67.562,66.037,65.14,65.122,65.439,65.784,65.941,66.034,65.476,64.467,62.874,61.227,58.009,43.207,43.804,43.235,41.713,39.701,37.614,35.572,33.801,32.16,30.245,26.888,24.529,23.012,21.773,20.51,19.605,18.894,18.191,17.478,16.729,15.726,14.38,12.502,11.359,10.134,8.839,7.428,6.245,5.559,4.791,4.146,3.29,2.706,2.095,2.316,1.666,1.076,0.734,0.521,0.355,0.242,0.161,0.104,0.066
ZWE,2006,409.745,398.336,390.521,382.85,377.05,368.779,358.233,344.157,331.135,319.43,308.027,305.782,302.336,297.182,289.013,285.249,283.574,287.278,291.151,292.507,296.536,297.086,296.127,285.996,274.195,247.612,223.645,213.857,205.362,195.578,183.455,170.454,157.607,145.159,134.068,123.871,114.036,104.651,95.975,88.124,80.688,74.065,69.489,66.677,64.656,63.503,62.969,63.283,63.837,64.301,64.566,64.7,64.179,63.165,61.549,59.938,56.838,42.661,43.183,42.5,40.951,38.974,37.017,35.089,33.293,31.602,28.424,25.233,22.988,21.532,20.328,19.107,18.219,17.512,16.816,16.11,15.375,14.413,13.137,11.381,10.302,9.138,7.9,6.562,5.452,4.794,4.082,3.486,2.73,2.213,1.687,1.834,1.299,0.824,0.552,0.383,0.256,0.171,0.111,0.07
ZWE,2007,407.077,397.561,390.959,385.472,379.456,374.694,367.09,356.97,343.222,330.393,318.632,306.937,304.113,300.046,294.379,285.755,281.527,279.336,282.5,285.921,286.919,290.643,290.965,289.784,279.529,267.637,241.187,217.433,207.736,199.34,189.7,177.782,165.047,152.477,140.3,129.473,119.496,109.878,100.721,92.295,84.725,77.568,71.244,66.919,64.277,62.436,61.442,61.045,61.432,61.999,62.468,62.718,62.833,62.295,61.258,59.663,58.078,55.073,41.42,41.823,41.084,39.529,37.607,35.7,33.765,31.951,29.728,26.701,23.671,21.527,20.118,18.95,17.768,16.897,16.197,15.508,14.814,14.099,13.172,11.965,10.326,9.294,8.17,6.984,5.734,4.705,4.088,3.436,2.896,2.236,1.784,1.338,1.432,0.995,0.619,0.407,0.276,0.181,0.118,0.076
ZWE,2008,415.285,392.26,387.834,384.118,380.854,376.269,372.47,365.542,355.947,342.494,329.485,317.089,304.23,300.161,295.109,288.596,279.159,274.04,271.002,273.497,276.439,277.139,280.689,280.89,279.615,269.383,257.575,231.565,208.343,199.009,190.986,181.714,170.272,158.032,145.932,134.251,123.792,114.132,104.829,96.024,88.024,80.849,74.143,68.26,64.279,62.003,60.512,59.841,59.674,60.162,60.806,61.299,61.55,61.618,61.02,59.991,58.437,56.912,53.963,40.735,41.028,40.261,38.791,36.956,35.027,33.057,30.121,27.988,25.101,22.212,20.156,18.793,17.658,16.512,15.659,14.965,14.284,13.604,12.902,12.01,10.866,9.322,8.315,7.227,6.109,4.954,4.015,3.444,2.856,2.375,1.804,1.417,1.047,1.097,0.748,0.457,0.293,0.196,0.126,0.081
ZWE,2009,428.012,400.421,382.705,381.085,379.521,377.649,374.015,370.875,364.459,355.15,341.535,327.924,314.413,300.383,295.367,289.501,282.202,271.931,266.02,262.384,264.448,267.117,267.705,271.158,271.298,269.997,259.86,248.302,222.834,200.173,191.228,183.539,174.678,163.679,151.874,140.237,128.916,118.756,109.381,100.4,91.991,84.363,77.6,71.308,65.791,62.191,60.259,59.092,58.644,58.591,59.152,59.808,60.29,60.486,60.469,59.857,58.839,57.333,55.798,52.818,40.024,40.243,39.517,38.101,36.234,34.262,31.215,28.401,26.347,23.585,20.821,18.847,17.527,16.422,15.31,14.473,13.787,13.12,12.449,11.761,10.903,9.809,8.338,7.355,6.321,5.279,4.229,3.384,2.863,2.343,1.917,1.433,1.109,0.804,0.827,0.552,0.33,0.208,0.136,0.085
ZWE,2010,446.977,413.586,391.18,376.308,376.723,376.483,375.508,372.506,369.844,363.697,354.226,340.036,325.365,310.735,295.825,290.038,283.424,275.325,264.325,257.865,253.862,255.686,258.251,258.786,262.174,262.292,260.997,251.082,239.844,214.923,192.823,184.21,176.884,168.392,157.777,146.397,135.093,124.068,114.184,105.111,96.505,88.456,81.227,74.856,68.919,63.803,60.567,58.956,58.02,57.689,57.727,58.304,58.949,59.371,59.486,59.438,58.822,57.833,56.316,54.695,51.717,39.361,39.578,38.87,37.402,35.488,32.483,29.55,26.841,24.851,22.191,19.541,17.64,16.354,15.275,14.193,13.37,12.693,12.029,11.365,10.686,9.848,8.78,7.38,6.437,5.466,4.511,3.568,2.816,2.351,1.893,1.526,1.124,0.853,0.607,0.61,0.399,0.234,0.145,0.093
ZWE,2011,457.135,433.15,404.738,385.092,372.24,373.891,374.499,374.129,371.593,369.182,362.858,352.8,337.549,321.761,306.256,290.606,284.08,276.677,267.859,256.349,249.562,245.389,247.161,249.715,250.265,253.667,253.842,252.722,243.134,232.259,207.898,186.306,178.081,171.103,162.947,152.725,141.65,130.611,119.847,110.241,101.513,93.238,85.563,78.704,72.662,67.113,62.381,59.486,58.112,57.302,57.065,57.133,57.7,58.279,58.61,58.691,58.621,58.016,56.991,55.381,53.704,50.754,38.869,39.065,38.272,36.731,33.773,30.864,28.027,25.406,23.462,20.894,18.347,16.508,15.256,14.198,13.143,12.336,11.66,10.998,10.339,9.661,8.825,7.783,6.467,5.574,4.677,3.812,2.976,2.315,1.903,1.509,1.198,0.866,0.645,0.449,0.442,0.284,0.163,0.099
ZWE,2012,466.427,443.989,424.494,398.811,381.137,369.522,371.985,373.183,373.269,370.98,368.384,361.467,350.34,333.974,317.315,301.076,284.718,277.416,269.308,259.989,248.197,241.281,237.127,238.945,241.556,242.206,245.703,246.104,245.271,236.057,225.582,201.722,180.669,172.816,166.161,158.36,148.409,137.57,126.76,116.255,106.971,98.545,90.612,83.284,76.736,71.057,65.877,61.503,58.864,57.621,56.914,56.713,56.781,57.283,57.769,58.06,58.114,58.037,57.381,56.242,54.568,52.866,50.008,38.533,38.609,37.71,35.099,32.216,29.385,26.625,24.069,22.165,19.68,17.22,15.44,14.213,13.175,12.148,11.348,10.672,10.012,9.352,8.662,7.826,6.826,5.604,4.773,3.955,3.183,2.449,1.876,1.519,1.186,0.924,0.655,0.478,0.326,0.314,0.198,0.111
ZWE,2013,470.613,456.77,437.94,420.426,396.137,379.31,368.234,371.035,372.493,372.724,370.356,367.467,360.013,348.319,331.506,314.461,297.845,281.087,273.395,265.002,255.505,243.635,236.704,232.551,234.352,236.953,237.609,241.143,241.628,240.888,231.841,221.528,197.988,177.237,169.537,163.029,155.338,145.508,134.803,124.152,113.847,104.752,96.535,88.81,81.671,75.334,69.86,64.885,60.667,58.109,56.91,56.214,56.002,56.024,56.454,56.89,57.14,57.16,57.02,56.273,55.062,53.352,51.65,48.82,37.649,37.608,36.139,33.577,30.757,27.991,25.291,22.798,20.93,18.515,16.142,14.415,13.214,12.197,11.19,10.399,9.723,9.06,8.389,7.685,6.867,5.919,4.802,4.04,3.305,2.623,1.987,1.499,1.195,0.916,0.701,0.487,0.348,0.232,0.22,0.136
ZWE,2014,474.52,462.051,451.346,434.29,417.986,394.476,378.142,367.392,370.422,372.008,372.164,369.532,366.154,358.185,346.081,328.917,311.532,294.551,277.462,269.511,260.958,251.386,239.527,232.618,228.486,230.293,232.902,233.624,237.227,237.795,237.146,228.237,218.089,194.822,174.325,166.769,160.343,152.726,142.994,132.419,121.938,111.805,102.896,94.861,87.303,80.352,74.2,68.907,64.074,59.949,57.448,56.266,55.562,55.306,55.269,55.653,56.041,56.253,56.207,55.964,55.137,53.873,52.154,50.432,47.581,36.697,36.104,34.63,32.108,29.343,26.628,23.99,21.557,19.717,17.377,15.087,13.415,12.244,11.244,10.261,9.479,8.803,8.131,7.447,6.748,5.959,5.077,4.067,3.378,2.726,2.131,1.59,1.181,0.924,0.696,0.521,0.354,0.249,0.163,0.151
ZWE,2015,470.53,466.476,456.917,447.838,431.933,416.356,393.339,377.333,366.826,369.977,371.485,371.373,368.252,364.356,355.972,343.511,326.005,308.256,290.946,273.626,265.522,256.897,247.334,235.526,228.661,224.581,226.421,229.105,229.935,233.621,234.289,233.724,224.973,214.981,191.966,171.721,164.257,157.889,150.338,140.711,130.288,119.963,110.012,101.279,93.403,86.026,79.259,73.286,68.13,63.389,59.341,56.875,55.691,54.952,54.642,54.567,54.904,55.252,55.393,55.246,54.91,54.019,52.732,50.99,49.203,46.317,35.278,34.643,33.158,30.67,27.948,25.287,22.709,20.329,18.524,16.258,14.053,12.441,11.297,10.318,9.359,8.586,7.904,7.222,6.541,5.859,5.115,4.305,3.403,2.79,2.217,1.707,1.255,0.914,0.703,0.518,0.381,0.254,0.174,0.112
ZWE,2016,464.991,462.752,461.436,453.464,445.488,430.303,415.201,392.524,376.77,366.402,369.471,370.709,370.106,366.467,362.152,353.407,340.595,322.725,304.647,287.106,269.66,261.487,252.872,243.354,231.617,224.822,220.81,222.74,225.533,226.476,230.255,231.008,230.546,221.94,212.087,189.326,169.279,161.882,155.564,148.09,138.595,128.318,118.166,108.391,99.817,92.12,84.924,78.336,72.502,67.437,62.776,58.783,56.334,55.123,54.338,53.995,53.884,54.183,54.459,54.495,54.254,53.844,52.918,51.591,49.782,47.919,44.565,33.878,33.196,31.697,29.233,26.558,23.952,21.431,19.113,17.342,15.154,13.041,11.485,10.371,9.416,8.483,7.715,7.025,6.349,5.683,5.031,4.339,3.606,2.813,2.271,1.778,1.349,0.973,0.696,0.525,0.378,0.273,0.178,0.12
ZWE,2017,464.268,457.672,457.968,458.11,451.194,443.892,429.171,414.391,391.971,376.359,365.923,368.72,369.465,368.342,364.286,359.605,350.503,337.317,319.116,300.808,283.14,265.654,257.492,248.923,239.466,227.824,221.114,217.228,219.277,222.18,223.244,227.096,227.95,227.578,219.101,209.392,186.828,166.949,159.609,153.351,145.981,136.614,126.498,116.516,106.904,98.51,90.99,83.974,77.526,71.785,66.798,62.195,58.241,55.785,54.533,53.725,53.351,53.211,53.441,53.611,53.553,53.235,52.777,51.802,50.393,48.506,46.133,42.823,32.481,31.751,30.228,27.795,25.171,22.616,20.158,17.902,16.174,14.071,12.045,10.55,9.471,8.54,7.627,6.862,6.179,5.519,4.884,4.272,3.638,2.983,2.291,1.822,1.406,1.048,0.742,0.52,0.383,0.272,0.192,0.122
ZWE,2018,464.774,457.172,453.041,454.734,455.874,449.613,442.755,428.355,413.821,391.551,375.878,365.184,367.489,367.713,366.17,361.749,356.706,347.224,333.696,315.262,296.828,279.119,261.673,253.555,245.045,235.674,224.14,217.57,213.837,216.005,219.021,220.182,224.122,225.061,224.761,216.415,206.794,184.402,164.682,157.408,151.239,143.969,134.749,124.794,114.969,105.543,97.331,89.99,83.114,76.762,71.103,66.174,61.617,57.675,55.199,53.933,53.102,52.704,52.506,52.631,52.706,52.568,52.204,51.683,50.615,49.112,46.714,44.345,41.073,31.078,30.29,28.753,26.353,23.775,21.282,18.891,16.704,15.025,13.003,11.071,9.637,8.594,7.682,6.787,6.039,5.376,4.746,4.149,3.583,3.012,2.433,1.841,1.443,1.094,0.8,0.555,0.381,0.275,0.192,0.133
ZWE,2019,468.273,458.002,452.736,449.952,452.593,454.347,448.517,441.963,427.805,413.409,391.082,375.153,363.98,365.761,365.566,363.658,358.875,353.445,343.613,329.842,311.281,292.808,275.139,257.769,249.711,241.285,232.013,220.644,214.242,210.662,212.955,216.066,217.339,221.354,222.364,222.139,213.871,204.312,182.078,162.526,155.347,149.261,142.11,133.033,123.226,113.578,104.337,96.304,89.1,82.32,76.052,70.455,65.568,61.027,57.088,54.616,53.334,52.489,52.038,51.746,51.779,51.774,51.586,51.158,50.532,49.358,47.329,44.932,42.558,39.322,29.666,28.827,27.276,24.906,22.385,19.953,17.636,15.527,13.894,11.959,10.12,8.751,7.736,6.841,5.978,5.258,4.626,4.035,3.483,2.969,2.459,1.958,1.46,1.123,0.835,0.6,0.407,0.274,0.195,0.133
ZWE,2020,469.415,461.493,453.563,449.642,447.811,451.055,453.224,447.696,441.377,427.359,412.903,390.331,373.929,362.248,363.611,363.049,360.775,355.605,349.817,339.732,325.82,307.217,288.781,271.184,253.904,245.926,237.593,228.472,217.292,211.054,207.629,210.017,213.231,214.599,218.664,219.74,219.53,211.311,201.801,179.743,160.394,153.307,147.327,140.294,131.352,121.719,112.254,103.202,95.314,88.209,81.516,75.315,69.768,64.9,60.37,56.457,53.993,52.706,51.817,51.278,50.903,50.859,50.803,50.549,50.015,49.271,47.558,45.516,43.114,40.739,37.533,28.231,27.345,25.778,23.451,20.99,18.63,16.396,14.362,12.784,10.937,9.194,7.881,6.892,6.029,5.207,4.528,3.935,3.389,2.888,2.426,1.979,1.554,1.137,0.86,0.627,0.441,0.293,0.194,0.135
ZWE,2021,471.265,463.757,458.023,451.216,448.025,446.652,450.185,452.542,447.164,440.933,426.904,412.328,389.529,372.874,360.988,362.15,361.387,358.894,353.512,347.56,337.373,323.412,304.813,286.402,268.841,251.611,243.659,235.38,226.33,215.236,209.062,205.677,208.077,211.286,212.645,216.67,217.692,217.422,209.201,199.706,177.794,158.593,151.558,145.623,138.646,129.794,120.268,110.918,101.963,94.14,87.089,80.442,74.283,68.762,63.912,59.408,55.52,53.055,51.727,50.766,50.142,49.683,49.559,49.406,49.036,48.382,47.313,45.569,43.503,41.094,38.704,35.543,26.644,25.713,24.156,21.895,19.522,17.258,15.113,13.164,11.64,9.884,8.229,6.971,6.021,5.197,4.431,3.802,3.263,2.774,2.329,1.928,1.552,1.197,0.86,0.637,0.455,0.314,0.205,0.133
ZWE,2022,473.622,466.392,460.995,456.197,449.932,447.074,445.895,449.529,451.957,446.639,440.444,426.431,411.84,388.992,372.237,360.197,361.158,360.175,357.459,351.88,345.759,335.444,321.393,302.746,284.319,266.764,249.557,241.607,233.337,224.31,213.252,207.093,203.704,206.055,209.203,210.497,214.425,215.371,215.024,206.802,197.313,175.546,156.496,149.48,143.55,136.589,127.784,118.32,109.029,100.134,92.356,85.353,78.756,72.648,67.177,62.368,57.904,54.043,51.566,50.187,49.148,48.433,47.874,47.629,47.354,46.861,46.154,45.016,43.227,41.13,38.702,36.308,33.207,24.778,23.809,22.261,20.077,17.809,15.649,13.612,11.766,10.313,8.66,7.108,5.925,5.028,4.266,3.58,3.03,2.567,2.151,1.78,1.453,1.149,0.87,0.613,0.446,0.313,0.211,0.136
ZWE,2023,475.831,468.687,463.64,459.19,454.934,449.008,446.343,445.265,448.964,451.443,446.159,439.979,425.963,411.345,388.448,371.608,359.46,360.281,359.151,356.302,350.612,344.395,334.006,319.906,301.241,282.808,265.258,248.064,240.093,231.809,222.771,211.727,205.55,202.119,204.383,207.429,208.63,212.436,213.276,212.833,204.587,195.098,173.474,154.562,147.552,141.61,134.653,125.885,116.466,107.226,98.379,90.651,83.699,77.151,71.094,65.666,60.894,56.463,52.62,50.119,48.677,47.562,46.761,46.103,45.745,45.35,44.759,43.975,42.77,40.942,38.809,36.379,33.993,30.952,22.993,21.988,20.458,18.358,16.187,14.13,12.2,10.457,9.068,7.511,6.071,4.977,4.154,3.471,2.873,2.399,2.001,1.654,1.35,1.082,0.84,0.624,0.43,0.307,0.211,0.141
ZWE,2024,479.107,471.261,466.032,461.89,457.959,454.024,448.287,445.721,444.714,448.461,450.967,445.7,439.511,425.471,410.797,387.827,370.893,358.634,359.313,358.052,355.089,349.304,343.005,332.553,318.417,299.745,281.316,263.777,246.604,238.619,230.325,221.29,210.262,204.067,200.602,202.785,205.744,206.871,210.574,211.331,210.81,202.565,193.094,171.609,152.831,145.828,139.883,132.938,124.202,114.831,105.642,96.858,89.189,82.286,75.789,69.777,64.388,59.649,55.243,51.415,48.894,47.409,46.243,45.371,44.638,44.189,43.716,43.067,42.222,40.966,39.101,36.954,34.53,32.145,29.158,21.569,20.539,19.029,16.988,14.899,12.929,11.09,9.425,8.085,6.623,5.291,4.286,3.535,2.916,2.382,1.958,1.612,1.314,1.052,0.828,0.631,0.459,0.311,0.217,0.147
ZWE,2025,481.961,474.572,468.614,464.285,460.659,457.046,453.298,447.667,445.173,444.217,447.992,450.506,445.23,439.008,424.912,410.154,387.095,370.055,357.676,358.222,356.845,353.781,347.912,341.537,331.037,316.873,298.201,279.783,262.261,245.114,237.115,228.818,219.784,208.768,202.555,199.048,201.152,204.027,205.079,208.678,209.35,208.757,200.518,191.062,169.717,151.069,144.072,138.124,131.184,122.482,113.155,104.027,95.311,87.698,80.85,74.402,68.436,63.086,58.373,53.991,50.168,47.629,46.102,44.877,43.939,43.128,42.606,42.073,41.359,40.452,39.136,37.242,35.085,32.659,30.29,27.363,20.151,19.107,17.612,15.64,13.636,11.755,9.997,8.404,7.131,5.774,4.559,3.648,2.97,2.418,1.944,1.578,1.28,1.025,0.806,0.623,0.465,0.332,0.22,0.151
ZWE,2026,483.583,477.465,471.93,466.869,463.052,459.743,456.318,452.674,447.119,444.68,443.756,447.536,450.037,444.724,438.439,424.256,409.395,386.237,369.083,356.599,357.024,355.542,352.387,346.441,340.002,329.461,315.278,296.613,278.211,260.713,243.593,235.588,227.285,218.246,207.243,201.005,197.46,199.486,202.276,203.255,206.747,207.338,206.677,198.44,188.997,167.79,149.272,142.283,136.324,129.389,120.716,111.445,102.382,93.733,86.183,79.387,72.987,67.067,61.75,57.061,52.692,48.88,46.324,44.749,43.469,42.461,41.591,41.012,40.413,39.635,38.653,37.286,35.369,33.194,30.783,28.431,25.573,18.75,17.687,16.217,14.316,12.398,10.597,8.916,7.414,6.219,4.975,3.88,3.065,2.463,1.973,1.567,1.253,0.999,0.785,0.605,0.458,0.335,0.235,0.153
ZWE,2027,489.173,479.14,474.831,470.186,465.637,462.138,459.015,455.694,452.124,446.627,444.221,443.308,447.073,449.531,444.154,437.772,423.483,408.506,385.241,367.989,355.414,355.731,354.155,350.915,344.904,338.409,327.833,313.637,294.985,276.606,259.131,242.048,234.033,225.719,216.676,205.681,199.422,195.842,197.789,200.494,201.397,204.786,205.3,204.564,196.328,186.89,165.822,147.441,140.452,134.481,127.545,118.912,109.702,100.704,92.129,84.638,77.893,71.543,65.663,60.377,55.701,51.349,47.549,44.973,43.353,42.015,40.956,40.042,39.402,38.736,37.881,36.835,35.418,33.471,31.294,28.9,26.577,23.802,17.359,16.287,14.845,13.019,11.178,9.452,7.866,6.466,5.36,4.235,3.26,2.54,2.01,1.59,1.244,0.977,0.765,0.588,0.445,0.331,0.237,0.163
ZWE,2028,493.293,484.746,476.522,473.089,468.952,464.721,461.41,458.391,455.143,451.631,446.17,443.777,442.853,446.575,448.961,443.486,436.987,422.579,407.479,384.123,366.787,354.137,354.356,352.692,349.38,343.311,336.766,326.159,311.953,293.322,274.966,257.525,240.478,232.447,224.121,215.068,204.084,197.809,194.194,196.062,198.68,199.511,202.8,203.229,202.416,194.171,184.74,163.814,145.566,138.575,132.586,125.66,117.072,107.922,98.995,90.49,83.06,76.367,70.061,64.216,58.951,54.294,49.962,46.17,43.578,41.91,40.533,39.439,38.476,37.773,37.028,36.106,34.998,33.526,31.563,29.386,27.02,24.739,22.043,15.988,14.912,13.501,11.737,9.97,8.339,6.861,5.574,4.563,3.56,2.703,2.074,1.619,1.262,0.97,0.748,0.573,0.433,0.321,0.234,0.165
ZWE,2029,497.799,488.892,482.122,474.785,471.855,468.034,463.993,460.785,457.841,454.65,451.173,445.728,443.326,442.364,446.013,448.293,442.701,436.071,421.536,406.324,382.896,365.493,352.778,352.905,351.165,347.787,341.667,335.074,324.443,310.234,291.622,273.298,255.889,238.872,230.826,222.482,213.422,202.457,196.165,192.517,194.304,196.837,197.599,200.78,201.123,200.221,191.97,182.544,161.757,143.642,136.644,130.647,123.735,115.19,106.107,97.249,88.815,81.445,74.799,68.533,62.714,57.475,52.839,48.524,44.746,42.134,40.439,39.039,37.903,36.892,36.113,35.3,34.313,33.136,31.623,29.646,27.482,25.157,22.916,20.308,14.64,13.563,12.175,10.471,8.798,7.275,5.915,4.747,3.837,2.952,2.207,1.671,1.286,0.984,0.742,0.561,0.421,0.312,0.227,0.162
ZWE,2030,502.364,493.419,486.269,480.377,473.554,470.936,467.305,463.368,460.236,457.349,454.193,450.73,445.279,442.84,441.811,445.355,447.508,441.784,435.011,420.362,405.058,381.572,364.115,351.345,351.391,349.581,346.143,339.974,333.339,322.685,308.472,289.888,271.598,254.215,237.231,229.161,220.805,211.743,200.796,194.491,190.808,192.515,194.968,195.655,198.726,198.971,197.979,189.717,180.288,159.642,141.66,134.664,128.664,121.765,113.272,104.251,95.462,87.101,79.785,73.181,66.944,61.157,55.946,51.327,47.036,43.271,40.661,38.954,37.524,36.346,35.277,34.433,33.552,32.493,31.261,29.709,27.732,25.593,23.307,21.115,18.6,13.317,12.231,10.863,9.241,7.675,6.271,5.037,3.991,3.182,2.41,1.778,1.326,1.002,0.753,0.556,0.412,0.304,0.22,0.157
ZWE,2031,507.931,498.01,490.799,484.524,479.139,472.636,470.206,466.68,462.821,459.746,456.894,453.752,450.28,444.796,442.292,441.165,444.582,446.592,440.724,433.821,419.075,403.691,380.164,362.663,349.852,349.823,347.948,344.451,338.238,331.564,320.886,306.677,288.122,269.858,252.504,235.546,227.458,219.091,210.028,199.106,192.784,189.07,190.703,193.066,193.677,196.625,196.769,195.683,187.403,177.968,157.463,139.628,132.64,126.634,119.753,111.306,102.35,93.633,85.337,78.07,71.497,65.295,59.543,54.357,49.763,45.494,41.766,39.173,37.447,35.989,34.76,33.639,32.731,31.777,30.66,29.375,27.797,25.831,23.715,21.478,19.341,16.923,12.01,10.913,9.586,8.062,6.617,5.341,4.235,3.31,2.598,1.942,1.411,1.034,0.766,0.565,0.409,0.297,0.215,0.153
ZWE,2032,514.057,503.604,495.394,489.053,483.285,478.218,471.907,469.582,466.133,462.332,459.292,456.454,453.304,449.798,444.252,441.651,440.405,443.679,445.534,439.534,432.516,417.688,402.239,378.681,361.151,348.306,348.207,346.269,342.719,336.463,329.746,319.053,304.847,286.313,268.076,250.746,233.822,225.719,217.341,208.281,197.382,191.049,187.307,188.858,191.131,191.654,194.476,194.516,193.325,185.023,175.575,155.225,137.548,130.567,124.561,117.693,109.294,100.403,91.748,83.514,76.285,69.749,63.585,57.866,52.711,48.142,43.919,40.244,37.664,35.92,34.423,33.152,31.981,31.004,29.989,28.815,27.489,25.897,23.941,21.859,19.677,17.599,15.266,10.716,9.631,8.364,6.952,5.635,4.491,3.513,2.703,2.093,1.542,1.099,0.79,0.575,0.415,0.295,0.21,0.149
ZWE,2033,519.334,509.745,500.987,493.647,487.811,482.361,477.486,471.286,469.036,465.645,461.88,458.854,456.007,452.823,449.253,443.614,440.898,439.516,442.635,444.345,438.229,431.11,416.213,400.708,377.133,359.582,346.712,346.545,344.547,340.944,334.644,327.893,317.182,302.97,284.459,266.245,248.944,232.059,223.94,215.557,206.497,195.628,189.288,185.515,186.98,189.152,189.584,192.276,192.2,190.896,182.565,173.117,152.933,135.416,128.447,122.436,115.582,107.231,98.398,89.8,81.615,74.431,67.935,61.806,56.127,51.006,46.485,42.327,38.7,36.134,34.363,32.835,31.522,30.297,29.264,28.189,26.97,25.615,24.007,22.072,20.03,17.908,15.878,13.626,9.459,8.404,7.212,5.921,4.739,3.725,2.869,2.178,1.662,1.201,0.841,0.593,0.422,0.299,0.208,0.145
ZWE,2034,523.541,515.046,507.124,499.235,492.403,486.884,481.626,476.861,470.742,468.549,465.194,461.444,458.41,455.529,452.281,448.616,442.866,440.016,438.489,441.464,443.042,436.823,429.615,414.657,399.11,375.531,357.967,345.075,344.842,342.787,339.128,332.791,325.999,315.263,301.044,282.553,264.366,247.101,230.257,222.126,213.734,204.682,193.846,187.496,183.689,185.06,187.127,187.465,190.014,189.815,188.388,180.039,170.598,150.584,133.237,126.275,120.259,113.419,105.106,96.323,87.771,79.643,72.506,66.047,59.963,54.324,49.262,44.81,40.711,37.134,34.573,32.784,31.227,29.867,28.6,27.51,26.388,25.137,23.752,22.139,20.23,18.233,16.159,14.174,12.032,8.255,7.247,6.144,4.979,3.931,3.043,2.312,1.729,1.295,0.919,0.631,0.435,0.304,0.211,0.144
ZWE,2035,527.898,519.284,512.425,505.365,497.986,491.474,486.149,481.002,476.315,470.257,468.099,464.759,461.001,457.934,454.989,451.646,447.868,441.989,438.998,437.337,440.179,441.637,435.326,428.038,413.034,397.454,373.879,356.307,343.396,343.1,340.983,337.276,330.896,324.057,313.293,299.064,280.595,262.443,245.215,228.417,220.271,211.877,202.837,192.032,185.671,181.822,183.095,185.054,185.286,187.684,187.349,185.807,177.448,168.012,148.18,131.002,124.048,118.025,111.188,102.907,94.161,85.662,77.594,70.504,64.091,58.05,52.479,47.497,43.108,39.071,35.535,32.988,31.182,29.592,28.199,26.891,25.756,24.597,23.311,21.907,20.297,18.42,16.456,14.428,12.518,10.503,7.119,6.175,5.167,4.131,3.212,2.452,1.835,1.348,0.991,0.689,0.463,0.314,0.215,0.146
ZWE,2036,530.959,523.672,516.67,510.665,504.111,497.052,490.736,485.523,480.456,475.83,469.81,467.666,464.318,460.527,457.397,454.358,450.9,446.992,440.976,437.855,436.071,438.794,440.144,433.75,426.392,411.353,395.746,372.179,354.604,341.679,341.315,339.143,335.382,328.952,322.063,311.263,297.026,278.588,260.472,243.286,226.534,218.38,209.988,200.956,190.183,183.802,179.909,181.081,182.919,183.039,185.272,184.811,183.159,174.787,165.363,145.712,128.708,121.761,115.719,108.876,100.612,91.911,83.468,75.46,68.424,62.058,56.09,50.61,45.703,41.379,37.395,33.911,31.379,29.553,27.941,26.516,25.178,24.011,22.814,21.504,20.087,18.483,16.627,14.695,12.743,10.928,9.062,6.065,5.193,4.287,3.375,2.587,1.946,1.43,1.031,0.743,0.506,0.333,0.221,0.148
ZWE,2037,533.907,526.774,521.064,514.911,509.407,503.172,496.31,490.108,484.976,479.97,475.382,469.38,467.227,463.846,459.993,456.769,453.616,450.029,445.98,439.839,436.601,434.709,437.321,438.569,432.105,424.686,409.617,393.988,370.436,352.863,339.922,339.496,337.264,333.439,326.958,320.009,309.177,294.938,276.53,258.456,241.312,224.614,216.456,208.063,199.038,188.291,181.888,177.951,179.007,180.719,180.714,182.791,182.206,180.439,172.062,162.644,143.181,126.353,119.402,113.333,106.465,98.223,89.572,81.185,73.245,66.265,59.975,54.106,48.71,43.881,39.613,35.693,32.263,29.745,27.909,26.279,24.83,23.475,22.272,21.048,19.721,18.296,16.689,14.853,12.982,11.127,9.43,7.723,5.102,4.309,3.503,2.719,2.053,1.516,1.094,0.773,0.546,0.364,0.236,0.153
ZWE,2038,535.401,529.754,524.175,519.304,513.651,508.464,502.426,495.681,489.56,484.489,479.522,474.951,468.943,466.757,463.313,459.367,456.03,452.747,449.02,444.843,438.591,435.247,433.259,435.769,436.926,430.399,422.925,407.829,392.183,368.651,351.078,338.13,337.635,335.334,331.443,324.899,317.895,307.035,292.794,274.423,256.389,239.294,222.658,214.492,206.098,197.072,186.351,179.926,175.933,176.869,178.44,178.32,180.242,179.528,177.65,169.261,159.852,140.58,123.924,116.958,110.841,103.954,95.74,87.136,78.813,70.944,64.052,57.864,52.086,46.779,42.018,37.818,33.965,30.587,28.095,26.252,24.612,23.154,21.778,20.55,19.305,17.965,16.524,14.912,13.125,11.339,9.604,8.038,6.499,4.234,3.52,2.822,2.158,1.6,1.16,0.82,0.567,0.393,0.258,0.163
ZWE,2039,536.572,531.306,527.171,522.421,518.043,512.707,507.716,501.794,495.133,489.074,484.042,479.092,474.513,468.476,466.226,462.69,458.633,455.166,451.743,447.887,443.596,437.247,433.811,431.733,434.151,435.225,428.64,421.113,405.996,390.336,366.823,349.258,336.299,335.727,333.353,329.386,322.783,315.725,304.837,290.598,272.263,254.279,237.241,220.663,212.488,204.084,195.058,184.362,177.906,173.851,174.655,176.094,175.86,177.621,176.783,174.785,166.384,156.982,137.895,121.404,114.405,108.245,101.343,93.151,84.603,76.348,68.583,61.807,55.716,50.033,44.804,40.122,35.995,32.207,28.894,26.43,24.589,22.953,21.482,20.096,18.849,17.588,16.227,14.766,13.179,11.466,9.788,8.187,6.765,5.394,3.459,2.837,2.24,1.681,1.223,0.869,0.602,0.408,0.277,0.177
ZWE,2040,538.776,532.534,528.746,525.425,521.163,517.1,511.959,507.082,501.244,494.645,488.628,483.613,478.656,474.046,467.949,465.607,461.959,457.773,454.168,450.616,446.646,442.254,435.82,432.298,430.143,432.477,433.471,426.83,419.253,404.118,388.443,364.958,347.4,334.422,333.768,331.312,327.271,320.611,313.498,302.585,288.345,270.055,252.127,235.143,218.625,210.433,202.018,192.991,182.312,175.821,171.695,172.373,173.681,173.328,174.931,173.959,171.839,163.424,154.016,135.108,118.771,111.742,105.542,98.616,90.457,81.969,73.818,66.188,59.521,53.53,47.93,42.792,38.195,34.136,30.428,27.185,24.758,22.934,21.298,19.824,18.432,17.173,15.886,14.502,13.052,11.515,9.899,8.346,6.89,5.615,4.408,2.786,2.25,1.744,1.285,0.916,0.637,0.433,0.288,0.192
ZWE,2041,539.454,534.776,529.992,527.007,524.168,520.22,516.349,511.324,506.531,500.755,494.197,488.197,483.176,478.189,473.519,467.333,464.877,461.101,456.779,453.046,449.38,445.309,440.826,434.316,430.723,428.497,430.749,431.665,424.971,417.347,402.191,386.507,363.051,345.491,332.493,331.749,329.21,325.097,318.378,311.212,300.27,286.039,267.8,249.927,232.999,216.533,208.324,199.897,190.86,180.196,173.659,169.472,170.026,171.197,170.73,172.164,171.055,168.809,160.366,150.938,132.194,116.025,108.971,102.721,95.781,87.656,79.265,71.25,63.748,57.193,51.289,45.788,40.747,36.233,32.259,28.633,25.47,23.093,21.281,19.655,18.184,16.794,15.512,14.198,12.821,11.407,9.944,8.443,7.024,5.72,4.59,3.551,2.211,1.753,1.333,0.963,0.672,0.459,0.305,0.199
ZWE,2042,539.175,535.504,532.249,528.263,525.755,523.224,519.469,515.713,510.772,506.041,500.306,493.767,487.762,482.711,477.662,472.902,466.608,464.023,460.111,455.662,451.815,448.047,443.886,439.323,432.749,429.09,426.799,428.971,429.808,423.064,415.388,400.219,384.525,361.089,343.53,330.505,329.669,327.05,322.862,316.085,308.861,297.898,283.682,265.493,247.675,230.796,214.385,206.157,197.707,188.656,177.999,171.427,167.182,167.608,168.646,168.056,169.318,168.067,165.674,157.189,147.717,129.155,113.163,106.075,99.784,92.831,84.78,76.52,68.633,61.263,54.808,49.007,43.609,38.662,34.247,30.361,26.83,23.759,21.431,19.642,18.031,16.569,15.17,13.865,12.554,11.205,9.852,8.483,7.108,5.833,4.676,3.697,2.818,1.722,1.339,0.999,0.706,0.484,0.324,0.211
ZWE,2043,539.777,535.284,533,530.528,527.018,524.815,522.475,518.835,515.162,510.283,505.592,499.875,493.331,487.296,482.184,477.048,472.177,465.759,463.036,458.997,454.436,450.489,446.631,442.388,437.757,431.126,427.408,425.052,427.144,427.906,421.107,413.386,398.202,382.488,359.074,341.506,328.458,327.531,324.828,320.565,313.726,306.452,295.474,281.269,263.13,245.362,228.533,212.178,203.919,195.443,186.369,175.732,169.13,164.825,165.125,166.021,165.304,166.388,164.976,162.417,153.865,144.355,125.985,110.174,103.062,96.729,89.801,81.858,73.721,65.966,58.716,52.377,46.684,41.388,36.552,32.239,28.456,25.034,22.052,19.782,18.021,16.431,14.968,13.559,12.26,10.973,9.68,8.406,7.143,5.904,4.769,3.767,2.934,2.195,1.316,1.003,0.732,0.508,0.341,0.224
ZWE,2044,541.294,535.938,532.809,531.294,529.288,526.083,524.069,521.842,518.284,514.673,509.834,505.161,499.439,492.865,486.771,481.571,476.324,471.328,464.778,461.927,457.776,453.116,449.08,445.141,440.83,436.139,429.456,425.679,423.26,425.274,425.954,419.106,411.336,396.127,380.393,356.995,339.424,326.354,325.333,322.547,318.205,311.311,303.99,292.992,278.798,260.703,242.984,226.206,209.898,201.605,193.093,184.006,173.396,166.763,162.403,162.569,163.319,162.471,163.356,161.762,159.008,150.39,140.846,122.673,107.061,99.922,93.586,86.719,78.876,70.867,63.231,56.117,49.901,44.314,39.138,34.418,30.223,26.554,23.238,20.357,18.15,16.421,14.843,13.379,11.989,10.715,9.479,8.259,7.079,5.933,4.827,3.843,2.989,2.285,1.678,0.985,0.736,0.527,0.358,0.235
ZWE,2045,543.061,537.502,533.488,531.119,530.061,528.356,525.34,523.438,521.293,517.797,514.225,509.404,504.725,498.972,492.34,486.158,480.847,475.476,470.346,463.675,460.711,456.46,451.714,447.598,443.59,439.218,434.471,427.739,423.905,421.426,423.355,423.958,417.056,409.227,393.991,378.23,354.853,337.282,324.19,323.074,320.198,315.783,308.838,301.466,290.448,276.257,258.207,240.538,223.802,207.538,199.2,190.664,181.573,170.988,164.331,159.909,159.938,160.537,159.538,160.203,158.397,155.445,146.767,137.179,119.224,103.818,96.695,90.392,83.577,75.837,67.94,60.442,53.472,47.375,41.913,36.862,32.273,28.21,24.654,21.455,18.679,16.54,14.835,13.269,11.831,10.481,9.258,8.089,6.957,5.882,4.853,3.891,3.049,2.328,1.746,1.257,0.723,0.529,0.371,0.247
ZWE,2046,541.606,539.305,535.068,531.808,529.895,529.133,527.613,524.711,522.892,520.808,517.35,513.794,508.968,504.258,498.445,491.726,485.436,480.001,474.496,469.242,462.465,459.399,455.062,450.238,446.054,441.986,437.558,432.755,425.976,422.087,419.542,421.392,421.911,414.946,407.054,391.785,375.999,352.648,335.075,321.964,320.747,317.787,313.302,306.302,298.876,287.828,273.639,255.635,238.007,221.309,205.084,196.711,188.158,179.06,168.512,161.823,157.34,157.227,157.654,156.486,156.898,154.876,151.723,142.973,133.354,115.626,100.48,93.41,87.13,80.367,72.715,64.952,57.598,50.769,44.813,39.482,34.571,30.129,26.196,22.766,19.688,17.022,14.942,13.262,11.734,10.342,9.054,7.9,6.813,5.78,4.81,3.912,3.087,2.375,1.779,1.307,0.921,0.519,0.372,0.255
ZWE,2047,540.185,537.914,536.89,533.399,530.593,528.973,528.394,526.988,524.168,522.408,520.361,516.922,513.36,508.502,503.732,497.832,491.004,484.59,479.022,473.395,468.032,461.161,458.007,453.591,448.703,444.46,440.334,435.851,430.995,424.172,420.223,417.617,419.382,419.806,412.775,404.81,389.51,373.701,350.376,332.807,319.673,318.36,315.32,310.759,303.701,296.211,285.132,270.945,252.975,235.384,218.718,202.544,194.145,185.573,176.478,165.961,159.242,154.694,154.42,154.656,153.288,153.442,151.201,147.829,139.018,129.366,111.927,97.085,90.057,83.801,77.073,69.53,61.907,54.695,48.031,42.221,37.037,32.284,27.987,24.195,20.896,17.945,15.379,13.358,11.729,10.258,8.936,7.727,6.654,5.662,4.729,3.878,3.105,2.405,1.815,1.332,0.959,0.662,0.366,0.257
ZWE,2048,541.135,536.553,535.531,535.231,532.189,529.676,528.24,527.773,526.447,523.688,521.966,519.935,516.488,512.895,507.977,503.118,497.108,490.158,483.613,477.922,472.187,466.729,459.776,456.543,452.062,447.117,442.818,438.637,434.1,429.194,422.322,418.318,415.646,417.312,417.638,410.53,402.493,387.164,371.332,348.038,330.469,317.319,315.913,312.786,308.148,301.021,293.465,282.352,268.153,250.213,232.653,216.033,199.922,191.495,182.911,173.814,163.33,156.581,151.951,151.497,151.51,149.938,149.827,147.348,143.763,134.887,125.256,108.156,93.614,86.63,80.379,73.707,66.279,58.792,51.748,45.255,39.609,34.591,29.993,25.853,22.21,19.046,16.214,13.749,11.813,10.253,8.862,7.624,6.508,5.528,4.63,3.811,3.078,2.418,1.839,1.359,0.977,0.689,0.466,0.252
ZWE,2049,539.418,537.544,534.201,533.89,534.026,531.276,528.948,527.623,527.236,525.969,523.249,521.542,519.504,516.024,512.371,507.364,502.394,496.261,489.18,482.514,476.715,470.884,465.343,458.321,455.02,450.482,445.483,441.13,436.896,432.308,427.345,420.429,416.365,413.616,415.181,415.397,408.212,400.105,384.744,368.891,345.627,328.067,314.907,313.401,310.185,305.458,298.259,290.633,279.473,265.255,247.337,229.821,213.259,197.214,188.767,180.166,171.068,160.619,153.821,149.094,148.429,148.215,146.436,146.04,143.325,139.517,130.632,121.07,104.302,90.066,83.109,76.882,70.273,62.955,55.633,48.763,42.459,36.997,32.142,27.712,23.738,20.249,17.212,14.496,12.159,10.327,8.858,7.563,6.421,5.406,4.522,3.732,3.025,2.397,1.849,1.376,0.996,0.702,0.486,0.322
ZWE,2050,539.322,535.882,535.211,532.577,532.697,533.115,530.55,528.333,527.089,526.76,525.53,522.827,521.113,519.041,515.502,511.758,506.642,501.547,495.281,488.08,481.307,475.414,469.502,463.887,456.807,453.446,448.855,443.806,439.399,435.113,430.469,425.456,418.491,414.357,411.527,412.979,413.083,405.822,397.639,382.251,366.373,343.147,325.602,312.429,310.821,307.504,302.684,295.41,287.698,276.481,262.234,244.353,226.895,210.392,194.424,185.951,177.336,168.237,157.806,150.948,146.096,145.217,144.769,142.764,142.083,139.123,135.141,126.293,116.788,100.362,86.418,79.507,73.313,66.76,59.581,52.431,45.754,39.662,34.381,29.703,25.45,21.647,18.303,15.392,12.822,10.631,8.922,7.559,6.37,5.335,4.422,3.645,2.963,2.357,1.833,1.385,1.009,0.716,0.494,0.334
ZWE,2051,537.374,535.838,533.583,533.599,531.395,531.795,532.392,529.938,527.804,526.618,526.326,525.112,522.401,520.654,518.521,514.892,511.037,505.796,500.568,494.181,486.874,480.008,474.034,468.05,462.375,455.245,451.83,447.186,442.086,437.629,433.286,428.589,423.521,416.499,412.291,409.371,410.707,410.698,403.355,395.099,379.678,363.783,340.604,323.073,309.886,308.162,304.741,299.824,292.458,284.65,273.362,259.101,241.269,223.871,207.44,191.545,183.049,174.419,165.302,154.879,147.931,142.956,141.856,141.157,138.926,137.95,134.793,130.679,121.856,112.409,96.312,82.689,75.83,69.662,63.193,56.161,49.203,42.745,36.86,31.775,27.283,23.214,19.571,16.37,13.616,11.211,9.185,7.614,6.367,5.292,4.362,3.564,2.893,2.308,1.802,1.373,1.015,0.725,0.504,0.34
ZWE,2052,538.107,533.953,533.566,531.992,532.426,530.502,531.078,531.784,529.412,527.336,526.188,525.909,524.688,521.946,520.138,517.914,514.174,510.193,504.82,499.468,492.974,485.575,478.631,472.585,466.541,460.814,453.64,450.17,445.476,440.328,435.816,431.42,426.667,421.533,414.451,410.16,407.147,408.366,408.236,400.814,392.476,377.03,361.124,337.991,320.474,307.265,305.422,301.892,296.858,289.389,281.468,270.125,255.86,238.081,220.754,204.392,188.578,180.057,171.393,162.244,151.804,144.77,139.669,138.333,137.381,134.916,133.686,130.373,126.113,117.315,107.903,92.167,78.878,72.067,65.952,59.576,52.713,45.972,39.728,34.068,29.188,24.889,20.991,17.51,14.485,11.908,9.688,7.839,6.413,5.289,4.328,3.516,2.828,2.253,1.764,1.349,1.006,0.729,0.511,0.347
ZWE,2053,538.047,534.727,531.714,531.99,530.832,531.538,529.793,530.476,531.259,528.947,526.909,525.776,525.49,524.235,521.433,519.534,517.199,513.333,509.217,503.721,498.262,491.675,484.197,477.183,471.079,464.985,459.209,451.992,448.468,443.726,438.526,433.962,429.509,424.689,419.487,412.333,407.958,404.852,405.947,405.697,398.186,389.773,374.309,358.389,335.305,317.793,304.559,302.591,298.932,293.772,286.184,278.163,266.772,252.504,234.791,217.534,201.246,185.515,176.951,168.238,159.03,148.578,141.459,136.22,134.644,133.429,130.774,129.33,125.844,121.434,112.636,103.286,87.928,74.975,68.241,62.186,55.924,49.256,42.731,36.719,31.293,26.626,22.509,18.782,15.495,12.67,10.291,8.268,6.602,5.326,4.325,3.487,2.79,2.202,1.721,1.32,0.989,0.723,0.513,0.351
ZWE,2054,536.304,534.715,532.51,530.159,530.84,529.954,530.833,529.197,529.958,530.798,528.523,526.501,525.36,525.04,523.724,520.833,518.823,516.361,512.361,508.121,502.517,496.963,490.296,482.751,475.682,469.527,463.386,457.563,450.304,446.729,441.933,436.684,432.064,427.544,422.655,417.375,410.15,405.689,402.482,403.452,403.071,395.479,386.996,371.509,355.578,332.533,315.026,301.767,299.654,295.853,290.548,282.852,274.74,263.301,249.041,231.392,214.211,198,182.335,173.71,164.92,155.658,145.197,137.982,132.61,130.787,129.349,126.541,124.865,121.203,116.613,107.843,98.565,83.586,71.005,64.355,58.384,52.264,45.79,39.498,33.73,28.546,24.08,20.143,16.626,13.556,10.951,8.783,6.964,5.484,4.355,3.485,2.767,2.172,1.682,1.289,0.968,0.711,0.509,0.353
ZWE,2055,537.734,533.026,532.524,530.969,529.022,529.968,529.255,530.241,528.684,529.501,530.376,528.118,526.089,524.916,524.534,523.128,520.126,517.99,515.393,511.268,506.92,501.22,495.585,488.849,481.25,474.133,467.932,461.745,455.878,448.578,444.948,440.102,434.8,430.114,425.523,420.554,415.194,407.897,403.345,400.038,400.872,400.365,392.697,384.137,368.629,352.674,329.671,312.168,298.866,296.596,292.636,287.196,279.401,271.194,259.718,245.464,227.883,210.78,194.63,179.019,170.304,161.44,152.125,141.649,134.345,128.832,126.803,125.18,122.203,120.29,116.421,111.674,102.938,93.727,79.17,66.974,60.432,54.573,48.593,42.33,36.285,30.77,25.816,21.551,17.832,14.548,11.72,9.349,7.399,5.785,4.484,3.508,2.765,2.154,1.659,1.259,0.944,0.695,0.5,0.35
ZWE,2056,535.476,534.497,530.87,530.998,529.841,528.161,529.276,528.67,529.731,528.233,529.085,529.974,527.708,525.648,524.414,523.942,522.426,519.299,517.026,514.304,510.07,505.626,499.846,494.141,487.348,479.704,472.543,466.298,460.067,454.155,446.812,443.129,438.229,432.864,428.109,423.438,418.388,412.947,405.572,400.927,397.511,398.213,397.583,389.831,381.196,365.656,349.676,326.714,309.201,295.847,293.4,289.29,283.722,275.825,267.534,256.015,241.77,224.261,207.218,191.113,175.53,166.728,157.793,148.414,137.934,130.536,124.93,122.731,120.903,117.752,115.571,111.517,106.615,97.909,88.801,74.682,62.9,56.496,50.746,44.928,38.892,33.102,27.826,23.104,19.079,15.607,12.581,10.008,7.877,6.146,4.73,3.612,2.783,2.152,1.645,1.242,0.922,0.678,0.489,0.344
ZWE,2057,534.546,532.289,532.356,529.361,529.879,528.983,527.473,528.694,528.165,529.283,527.821,528.687,529.566,527.269,525.149,523.826,523.244,521.6,518.34,515.943,513.109,508.781,504.253,498.404,492.64,485.8,478.114,470.912,464.623,458.35,452.391,445.007,441.265,436.302,430.871,426.037,421.284,416.151,410.622,403.17,398.423,394.903,395.476,394.714,386.879,378.155,362.581,346.575,323.64,306.106,292.686,290.071,285.816,280.118,272.129,263.746,252.19,237.953,220.495,203.496,187.41,171.866,162.978,153.958,144.527,134.043,126.6,120.937,118.55,116.514,113.16,110.728,106.492,101.426,92.786,83.792,70.146,58.813,52.543,46.925,41.282,35.483,29.938,24.902,20.454,16.698,13.498,10.744,8.434,6.545,5.026,3.81,2.865,2.166,1.643,1.23,0.909,0.662,0.477,0.336
ZWE,2058,535.301,531.41,530.183,530.859,528.254,529.029,528.301,526.899,528.194,527.722,528.874,527.427,528.285,529.131,526.775,524.567,523.133,522.424,520.647,517.263,514.755,511.824,507.413,502.814,496.908,491.095,484.212,476.485,469.244,462.912,456.592,450.588,443.16,439.351,434.322,428.815,423.9,419.062,413.84,408.222,400.684,395.841,392.219,392.655,391.761,383.83,375.012,359.402,343.35,320.435,302.868,289.396,286.617,282.215,276.394,268.308,259.834,248.235,233.985,216.563,199.579,183.521,168.022,159.037,149.942,140.457,130.02,122.572,116.84,114.26,111.985,108.446,105.766,101.335,96.138,87.575,78.729,65.592,54.705,48.595,43.123,37.667,32.093,26.793,22.045,17.9,14.442,11.529,9.057,7.009,5.352,4.049,3.021,2.228,1.653,1.229,0.901,0.653,0.465,0.327
ZWE,2059,535.123,532.2,529.332,528.706,529.76,527.413,528.352,527.73,526.405,527.755,527.318,528.484,527.029,527.853,528.639,526.195,523.878,522.32,521.477,519.574,516.081,513.475,510.461,505.979,501.322,495.367,489.509,482.584,474.819,467.537,461.16,454.796,448.743,441.262,437.383,432.276,426.692,421.693,416.764,411.451,405.736,398.117,393.181,389.452,389.749,388.706,380.675,371.759,356.092,339.984,317.076,299.492,285.978,283.032,278.491,272.541,264.357,255.789,244.124,229.839,212.419,195.461,179.438,163.979,154.906,145.736,136.247,125.9,118.435,112.63,109.832,107.333,103.611,100.669,96.076,90.758,82.303,73.641,61.015,50.6,44.664,39.352,34.071,28.725,23.72,19.293,15.481,12.336,9.72,7.529,5.734,4.312,3.211,2.35,1.701,1.237,0.9,0.646,0.458,0.319
ZWE,2060,532.602,532.072,530.147,527.875,527.624,528.925,526.745,527.786,527.241,525.971,527.355,526.934,528.089,526.604,527.367,528.062,525.511,523.07,521.38,520.411,518.397,514.811,512.121,509.034,504.494,499.785,493.786,487.884,480.919,473.115,465.79,459.37,452.96,446.848,439.311,435.351,430.166,424.501,419.412,414.39,408.977,403.17,395.475,390.44,386.601,386.744,385.548,377.409,368.372,352.637,336.457,313.574,295.985,282.43,279.324,274.636,268.557,260.271,251.581,239.826,225.469,208.061,191.135,175.141,159.74,150.576,141.382,131.935,121.668,114.183,108.282,105.278,102.559,98.642,95.467,90.72,85.308,77.001,68.523,56.438,46.509,40.761,35.597,30.496,25.431,20.759,16.684,13.222,10.398,8.079,6.158,4.62,3.419,2.497,1.793,1.272,0.905,0.645,0.454,0.315
ZWE,2061,531.395,529.599,530.041,528.702,526.801,526.797,528.26,526.186,527.301,526.81,525.577,526.973,526.544,527.666,526.121,526.795,527.381,524.707,522.136,520.321,519.241,517.131,513.463,510.701,507.553,502.963,498.209,492.167,486.221,479.216,471.371,464.006,457.539,451.072,444.899,437.295,433.253,427.985,422.233,417.052,411.929,406.42,400.524,392.747,387.612,383.65,383.633,382.274,374.005,364.833,349.012,332.774,309.933,292.342,278.759,275.483,270.649,264.435,256.019,247.181,235.293,220.87,203.483,186.582,170.636,155.297,146.096,136.923,127.505,117.317,109.791,103.812,100.606,97.651,93.57,90.169,85.296,79.828,71.667,63.402,51.877,42.45,36.878,31.867,27.003,22.258,17.952,14.249,11.144,8.643,6.61,4.962,3.664,2.66,1.906,1.341,0.931,0.648,0.453,0.311
ZWE,2062,532.169,528.437,527.601,528.611,527.637,525.984,526.14,527.703,525.705,526.873,526.419,525.2,526.587,526.125,527.188,525.556,526.12,526.58,523.776,521.082,519.159,517.981,515.789,512.051,509.229,506.029,501.393,496.592,490.509,484.521,477.472,469.588,462.179,455.656,449.13,442.886,435.215,431.086,425.729,419.888,414.606,409.384,403.784,397.792,389.933,384.685,380.596,380.409,378.863,370.449,361.119,345.228,328.945,306.15,288.571,274.957,271.514,266.526,260.147,251.573,242.541,230.524,216.039,198.665,181.809,165.914,150.7,141.507,132.341,122.952,112.823,105.276,99.225,95.805,92.643,88.403,84.802,79.841,74.315,66.331,58.3,47.352,38.411,33.018,28.22,23.636,19.252,15.333,12.009,9.262,7.072,5.327,3.936,2.85,2.03,1.425,0.981,0.666,0.455,0.311
ZWE,2063,529.757,529.242,526.464,526.191,527.554,526.823,525.331,525.588,527.224,525.283,526.485,526.043,524.817,526.172,525.651,526.624,524.886,525.326,525.653,522.727,519.926,517.908,516.646,514.381,510.587,507.713,504.465,499.784,494.938,488.813,482.778,475.688,467.763,460.301,453.719,447.122,440.806,433.064,428.842,423.393,417.455,412.075,406.758,401.06,394.975,387.02,381.655,377.431,377.049,375.296,366.715,357.239,341.289,324.963,302.233,284.665,271.025,267.405,262.234,255.661,246.884,237.658,225.513,210.954,193.611,176.805,161.026,145.989,136.791,127.632,118.248,108.201,100.642,94.51,90.904,87.54,83.166,79.403,74.35,68.796,61.011,53.234,42.847,34.397,29.246,24.707,20.447,16.445,12.924,9.982,7.578,5.698,4.225,3.062,2.175,1.517,1.042,0.703,0.468,0.312
ZWE,2064,528.447,526.881,527.291,525.07,525.148,526.747,526.175,524.785,525.116,526.804,524.899,526.113,525.665,524.407,525.702,525.094,525.959,524.098,524.406,524.609,521.576,518.682,516.583,515.249,512.926,509.082,506.16,502.864,498.138,493.248,487.078,481,473.865,465.887,458.371,451.72,445.052,438.659,430.84,426.52,420.972,414.939,409.464,404.048,398.252,392.058,384.006,378.516,374.131,373.536,371.552,362.813,353.201,337.196,320.843,298.177,280.628,266.958,263.132,257.745,250.932,241.948,232.526,220.237,205.619,188.313,171.626,156.02,141.149,131.943,122.766,113.412,103.458,95.877,89.696,85.909,82.368,77.897,73.966,68.852,63.294,55.728,48.191,38.373,30.473,25.611,21.378,17.469,13.864,10.743,8.166,6.106,4.52,3.288,2.338,1.627,1.11,0.747,0.493,0.321
ZWE,2065,528.195,525.62,524.963,525.91,524.04,524.351,526.105,525.633,524.318,524.702,526.423,524.531,525.738,525.257,523.942,525.149,524.435,525.176,523.186,523.37,523.462,520.339,517.366,515.197,513.803,511.429,507.541,504.572,501.229,496.459,491.521,485.307,479.182,471.993,463.963,456.381,449.658,442.916,436.438,428.539,424.113,418.468,412.344,406.771,401.254,395.348,389.041,380.883,375.244,370.682,369.847,367.638,358.753,349.004,332.959,316.575,293.983,276.452,262.728,258.662,253.011,245.95,236.76,227.122,214.704,200.027,182.829,166.318,150.873,136.172,126.934,117.763,108.447,98.579,91.01,84.787,80.846,77.161,72.588,68.52,63.366,57.826,50.465,43.177,33.998,26.69,22.165,18.268,14.73,11.526,8.79,6.579,4.841,3.517,2.51,1.748,1.191,0.795,0.524,0.338
ZWE,2066,524.944,525.398,523.726,523.6,524.886,523.25,523.714,525.567,525.168,523.907,524.325,526.057,524.16,525.333,524.795,523.394,524.494,523.657,524.268,522.159,522.233,522.229,519.027,515.987,513.762,512.317,509.896,505.963,502.947,499.558,494.739,489.756,483.495,477.312,470.068,461.974,454.324,447.527,440.702,434.137,426.15,421.621,415.882,409.662,403.989,398.359,392.336,385.911,377.624,371.818,367.055,365.986,363.56,354.525,344.653,328.565,312.157,289.641,272.103,258.298,253.943,248.022,240.711,231.292,221.448,208.896,194.233,177.203,160.858,145.575,131.023,121.778,112.621,103.337,93.592,86.045,79.807,75.743,71.911,67.264,63.08,57.911,52.376,45.228,38.271,29.779,23.103,18.945,15.407,12.247,9.431,7.082,5.217,3.767,2.684,1.876,1.279,0.853,0.558,0.359
ZWE,2067,524.929,522.201,523.527,522.379,522.588,524.101,522.62,523.183,525.106,524.761,523.534,523.964,525.688,523.76,524.875,524.25,522.745,523.721,522.757,523.245,521.031,521.01,520.924,517.656,514.562,512.288,510.795,508.327,504.351,501.289,497.848,492.984,487.95,481.633,475.392,468.081,459.921,452.2,445.319,438.409,431.748,423.676,419.047,413.209,406.893,401.107,395.359,389.213,382.643,374.211,368.215,363.259,361.962,359.314,350.144,340.143,324.017,307.585,285.12,267.548,253.62,248.968,242.771,235.186,225.549,215.493,202.877,188.287,171.413,155.236,140.095,125.723,116.478,107.329,98.112,88.501,81.005,74.788,70.599,66.645,61.946,57.668,52.471,46.954,40.104,33.538,25.779,19.75,15.98,12.812,10.023,7.599,5.615,4.059,2.876,2.007,1.373,0.917,0.598,0.382
ZWE,2068,526.462,522.221,520.363,522.196,521.379,521.813,523.474,522.094,522.728,524.701,524.39,523.176,523.599,525.291,523.306,524.334,523.605,521.98,522.826,521.742,522.122,519.817,519.716,519.559,516.239,513.098,510.779,509.239,506.725,502.704,499.592,496.103,491.188,486.095,479.719,473.409,466.029,457.8,449.999,443.033,436.027,429.273,421.121,416.386,410.449,404.025,398.12,392.246,385.953,379.22,370.619,364.442,359.3,357.772,354.911,345.6,335.473,319.308,302.82,280.383,262.737,248.686,243.73,237.234,229.382,219.521,209.319,196.698,182.165,165.451,149.418,134.449,120.271,111.02,101.915,92.777,83.332,75.922,69.722,65.434,61.382,56.649,52.267,47.054,41.643,35.156,29.045,22.038,16.662,13.292,10.487,8.077,6.026,4.368,3.097,2.149,1.468,0.984,0.643,0.41
ZWE,2069,523.237,523.782,520.407,519.054,521.206,520.613,521.195,522.952,521.643,522.329,524.334,524.036,522.816,523.206,524.839,522.77,523.693,522.844,521.092,521.818,520.629,520.915,518.534,518.363,518.149,514.785,511.603,509.238,507.65,505.091,501.023,497.862,494.319,489.345,484.191,477.747,471.364,463.911,455.603,447.721,440.658,433.56,426.718,418.48,413.638,407.59,401.052,395.022,388.997,382.537,375.619,366.859,360.507,355.176,353.427,350.346,340.898,330.638,314.403,297.829,275.379,257.662,243.493,238.206,231.416,223.289,213.268,202.979,190.336,175.859,159.277,143.421,128.643,114.657,105.436,96.386,87.36,78.117,70.791,64.637,60.272,56.138,51.362,46.888,41.747,36.515,30.457,24.843,18.593,13.86,10.881,8.451,6.404,4.688,3.333,2.315,1.572,1.052,0.691,0.441
ZWE,2070,524.903,520.611,521.988,519.113,518.08,520.447,520.002,520.679,522.505,521.249,521.967,523.983,523.678,522.427,522.76,524.307,522.135,522.937,521.961,520.093,520.712,519.432,519.639,517.194,516.967,516.703,513.297,510.073,507.665,506.031,503.421,499.307,496.092,492.487,487.453,482.225,475.711,469.25,461.714,453.325,445.351,438.196,431.01,424.073,415.75,410.79,404.625,397.965,391.785,385.588,378.938,371.841,362.931,356.404,350.897,348.915,345.616,336.022,325.596,309.257,292.55,270.094,252.313,238.007,232.394,225.3,216.962,206.841,196.443,183.774,169.323,152.909,137.247,122.655,108.906,99.727,90.766,81.889,72.846,65.635,59.546,55.125,50.9,46.089,41.612,36.617,31.641,26.057,20.967,15.465,11.347,8.77,6.701,4.982,3.576,2.49,1.693,1.126,0.738,0.473
ZWE,2071,523.619,522.306,518.852,520.707,518.149,517.333,519.842,519.491,520.239,522.115,520.892,521.622,523.63,523.292,521.985,522.233,523.675,521.386,522.06,520.967,518.996,519.523,518.167,518.307,515.811,515.536,515.226,511.78,508.515,506.063,504.376,501.718,497.555,494.278,490.607,485.502,480.198,473.606,467.059,459.438,450.958,442.896,435.652,428.373,421.341,412.922,407.837,401.548,394.741,388.389,381.998,375.163,367.898,358.838,352.147,346.457,344.245,340.716,330.941,320.31,303.818,286.976,264.525,246.666,232.239,226.289,218.954,210.46,200.216,189.705,176.975,162.582,146.353,130.882,116.523,103.028,93.925,85.09,76.361,67.551,60.474,54.471,49.984,45.68,40.918,36.513,31.742,27.076,22,17.449,12.661,9.146,6.955,5.212,3.801,2.671,1.821,1.212,0.789,0.505
ZWE,2072,522.733,521.063,520.565,517.592,519.75,517.409,516.736,519.338,519.056,519.853,521.76,520.55,521.272,523.247,522.854,521.463,521.608,522.929,520.516,521.071,519.875,517.818,518.267,516.847,516.932,514.394,514.073,513.718,510.232,506.926,504.426,502.69,499.978,495.758,492.415,488.67,483.489,478.104,471.426,464.789,457.073,448.505,440.357,433.019,425.647,418.51,409.988,404.772,398.331,391.357,384.811,378.231,371.222,363.785,354.589,347.73,341.858,339.405,335.607,325.613,314.718,298.072,281.1,258.644,240.726,226.176,219.95,212.427,203.756,193.383,182.719,169.959,155.638,139.59,124.36,110.252,97.05,88.063,79.354,70.806,62.248,55.327,49.401,44.86,40.558,35.917,31.662,27.172,22.865,18.313,14.291,10.203,7.252,5.409,3.976,2.838,1.953,1.303,0.849,0.54
ZWE,2073,520.315,520.213,519.348,519.315,516.65,519.015,516.818,516.239,518.906,518.675,519.503,521.421,520.204,520.895,522.812,522.335,520.843,520.868,522.062,519.536,519.986,518.703,516.572,516.955,515.485,515.524,512.947,512.582,512.18,508.655,505.305,502.758,500.966,498.194,493.912,490.495,486.67,481.407,475.932,469.164,462.426,454.617,445.965,437.728,430.297,422.82,415.571,406.941,401.563,394.952,387.787,381.052,374.292,367.108,359.513,350.176,343.151,337.089,334.355,330.244,319.972,308.807,292.009,274.889,252.45,234.477,219.878,213.426,205.692,196.833,186.294,175.504,162.726,148.47,132.655,117.685,103.869,91.006,82.134,73.585,65.239,56.955,50.18,44.344,39.83,35.601,31.154,27.111,22.952,19.036,15.003,11.52,8.089,5.64,4.126,2.97,2.074,1.397,0.912,0.581
ZWE,2074,519.125,517.848,518.529,518.119,518.383,515.928,518.428,516.325,515.814,518.529,518.33,519.17,521.079,519.832,520.464,522.297,521.717,520.108,520.01,521.086,518.46,518.821,517.463,515.272,515.603,514.091,514.086,511.469,511.061,510.614,507.045,503.651,501.053,499.199,496.362,492.01,488.513,484.602,479.248,473.677,466.809,459.973,452.074,443.335,435.008,427.472,419.885,412.516,403.75,398.194,391.386,384.037,377.121,370.18,362.833,355.076,345.603,338.404,332.114,329.056,324.567,314.007,302.569,285.6,268.349,245.938,227.985,213.395,206.696,198.74,189.655,178.974,168.068,155.261,141.121,125.56,110.893,97.417,84.894,76.172,67.806,59.688,51.666,45.051,39.384,34.968,30.886,26.691,22.912,19.118,15.6,12.099,9.138,6.292,4.303,3.082,2.171,1.484,0.979,0.625
ZWE,2075,518.664,516.693,516.193,517.315,517.198,517.663,515.348,517.939,515.905,515.443,518.187,517.999,518.831,520.708,519.405,519.955,521.683,520.986,519.255,519.04,520.012,517.301,517.587,516.171,513.932,514.218,512.666,512.619,509.964,509.511,509.014,505.402,501.96,499.303,497.384,494.472,490.044,486.461,482.455,477.004,471.328,464.361,457.43,449.438,440.611,432.184,424.537,416.832,409.318,400.397,394.634,387.637,380.111,373.015,365.908,358.393,350.478,340.862,333.45,326.892,323.444,318.564,307.712,295.974,278.851,261.472,239.17,221.303,206.705,199.747,191.529,182.241,171.427,160.394,147.608,133.603,118.34,104.028,90.894,78.75,70.202,62.045,54.145,46.397,40.023,34.588,30.344,26.468,22.571,19.097,15.677,12.587,9.603,7.112,4.8,3.216,2.254,1.554,1.04,0.669
ZWE,2076,514.991,516.262,515.063,514.999,516.405,516.487,517.088,514.866,517.52,515.537,515.105,517.86,517.664,518.464,520.284,518.899,519.346,520.956,520.136,518.291,517.975,518.859,516.077,516.301,514.836,512.559,512.803,511.213,511.123,508.43,507.927,507.38,503.722,500.226,497.505,495.51,492.519,488.008,484.33,480.222,474.665,468.884,461.821,454.791,446.705,437.78,429.246,421.481,413.631,405.95,396.849,390.886,383.707,376.005,368.743,361.464,353.785,345.706,335.908,328.245,321.355,317.502,312.219,301.047,289.022,271.744,254.315,232.196,214.398,199.791,192.529,184.072,174.587,163.629,152.514,139.766,125.94,111.03,97.075,84.325,72.586,64.241,56.283,48.615,41.223,35.154,30.021,26.003,22.383,18.818,15.664,12.654,9.992,7.477,5.429,3.587,2.351,1.613,1.088,0.711
ZWE,2077,513.222,512.637,514.659,513.889,514.104,515.703,515.919,516.609,514.454,517.155,515.202,514.783,517.528,517.301,518.044,519.781,518.295,518.625,520.111,519.176,517.232,516.83,517.639,514.802,514.977,513.472,511.158,511.362,509.733,509.598,506.863,506.313,505.712,502,498.444,495.653,493.576,490.498,485.896,482.115,477.894,472.232,466.349,459.186,452.056,443.866,434.838,426.19,418.279,410.262,402.388,393.115,386.958,379.598,371.735,364.3,356.853,349.005,340.719,330.702,322.725,315.493,311.219,305.5,294.02,281.698,264.349,246.939,224.987,207.259,192.605,185.063,176.37,166.673,155.618,144.436,131.771,118.179,103.625,90.071,77.734,66.43,58.279,50.538,43.189,36.213,30.515,25.732,21.99,18.662,15.442,12.648,10.047,7.78,5.708,4.058,2.622,1.683,1.13,0.744
ZWE,2078,509.851,510.907,511.07,513.501,513.006,513.413,515.142,515.445,516.2,514.094,516.823,514.883,514.456,517.168,516.886,517.548,519.181,517.58,517.788,519.157,518.122,516.095,515.622,516.369,513.488,513.621,512.08,509.732,509.893,508.227,508.044,505.268,504.665,504.003,500.234,496.61,493.74,491.575,488.401,483.7,479.805,475.473,469.709,463.719,456.458,449.218,440.918,431.776,422.987,414.908,406.699,398.638,389.202,382.853,375.325,367.296,359.695,352.072,344.013,335.482,325.185,316.882,309.297,304.572,298.419,286.621,274.081,256.727,239.316,217.536,199.844,185.176,177.355,168.412,158.548,147.409,136.205,123.677,110.32,96.168,83.047,71.153,60.277,52.337,44.901,37.937,31.442,26.162,21.768,18.337,15.317,12.474,10.048,7.827,5.942,4.269,2.968,1.876,1.179,0.773
ZWE,2079,508.34,507.576,509.366,509.932,512.628,512.322,512.858,514.673,515.041,515.843,513.768,516.507,514.559,514.101,516.756,516.393,516.952,518.467,516.747,516.84,518.107,516.988,514.893,514.361,515.06,512.144,512.238,510.661,508.278,508.399,506.688,506.46,503.637,502.975,502.248,498.412,494.714,491.761,489.497,486.219,481.409,477.402,472.96,467.088,460.993,453.621,446.264,437.846,428.563,419.611,411.338,402.943,394.705,385.106,378.577,370.88,362.689,354.913,347.075,338.763,329.924,319.338,310.7,302.732,297.555,290.955,278.916,266.22,248.843,231.428,209.789,192.168,177.497,169.381,160.23,150.213,139.034,127.86,115.47,102.396,88.681,76.026,64.57,54.14,46.505,39.446,32.935,26.962,22.136,18.157,15.051,12.374,9.914,7.83,5.98,4.444,3.124,2.125,1.314,0.807
ZWE,2080,505.795,506.1,506.067,508.246,509.075,511.951,511.774,512.395,514.273,514.688,515.518,513.455,516.184,514.207,513.694,516.266,515.802,516.246,517.639,515.806,515.799,516.98,515.793,513.643,513.065,513.722,510.776,510.831,509.219,506.801,506.875,505.123,504.844,501.969,501.243,500.442,496.534,492.756,489.707,487.337,483.944,479.025,474.907,470.353,464.373,458.162,450.675,443.191,434.625,425.18,416.039,407.578,399.005,390.59,380.845,374.134,366.27,357.911,349.919,341.822,333.196,324.037,313.154,304.153,295.806,290.164,283.185,270.969,258.093,240.688,223.231,201.771,184.237,169.555,161.187,151.841,141.712,130.547,119.403,107.2,94.444,81.2,69.007,58.008,48.119,40.862,34.25,28.241,22.819,18.469,14.909,12.162,9.836,7.731,5.986,4.475,3.253,2.237,1.488,0.899
ZWE,2081,502.795,503.599,504.619,504.968,507.401,508.41,511.409,511.317,512.001,513.923,514.367,515.208,513.137,515.834,513.803,513.209,515.679,515.101,515.423,516.702,514.772,514.682,515.791,514.548,512.357,511.742,512.362,509.383,509.401,507.753,505.296,505.325,503.527,503.19,500.26,499.461,498.579,494.593,490.723,487.572,485.084,481.577,476.554,472.32,467.653,461.556,455.22,447.606,439.968,431.232,421.599,412.274,403.633,394.885,386.309,376.415,369.526,361.488,352.92,344.671,336.252,327.299,317.812,306.604,297.246,288.511,282.469,275.171,262.752,249.686,232.212,214.747,193.486,176.034,161.395,152.784,143.283,133.096,121.945,110.88,98.9,86.501,73.723,62.013,51.573,42.295,35.491,29.377,23.903,19.047,15.172,12.054,9.671,7.674,5.915,4.483,3.279,2.332,1.569,1.019
ZWE,2082,501.078,500.638,502.144,503.536,504.137,506.743,507.875,510.956,510.927,511.656,513.606,514.06,514.892,512.792,515.432,513.321,512.628,514.981,514.284,514.494,515.672,513.663,513.503,514.554,513.27,511.043,510.394,510.977,507.968,507.948,506.261,503.766,503.746,501.895,501.497,498.501,497.623,496.653,492.578,488.61,485.346,482.74,479.122,473.988,469.641,464.848,458.626,452.156,444.387,436.571,427.638,417.822,408.322,399.504,390.597,381.857,371.822,364.745,356.493,347.673,339.103,330.349,321.058,311.213,299.691,289.966,280.912,274.529,266.879,254.245,240.943,223.434,205.974,184.913,167.599,153.019,144.207,134.604,124.358,113.271,102.321,90.602,78.555,66.27,55.149,45.345,36.748,30.45,24.871,19.953,15.653,12.271,9.59,7.548,5.874,4.433,3.287,2.351,1.635,1.074
ZWE,2083,497.994,498.949,499.209,501.077,502.714,503.488,506.214,507.428,510.569,510.584,511.342,513.301,513.747,514.548,512.394,514.952,512.743,511.936,514.168,513.36,513.471,514.566,512.491,512.278,513.283,511.962,509.706,509.024,509.57,506.529,506.467,504.74,502.204,502.128,500.222,499.752,496.687,495.722,494.653,490.481,486.404,483.026,480.305,476.57,471.327,466.853,461.928,455.572,448.938,440.99,432.967,423.842,413.853,404.182,395.202,386.133,377.235,367.05,359.745,351.234,342.099,333.193,324.094,314.436,304.243,292.398,282.377,273.062,266.304,258.287,245.391,231.879,214.35,196.888,176.089,158.936,144.463,135.5,125.794,115.538,104.551,93.758,82.299,70.63,58.95,48.503,39.409,31.538,25.786,20.764,16.397,12.665,9.767,7.488,5.779,4.404,3.253,2.359,1.651,1.121
ZWE,2084,495.401,495.904,497.543,498.159,500.266,502.073,502.967,505.773,507.047,510.23,510.274,511.042,512.992,513.406,514.152,511.92,514.375,512.055,511.131,513.249,512.344,512.374,513.4,511.273,511.017,511.984,510.634,508.348,507.632,508.14,505.065,504.961,503.192,500.607,500.472,498.501,497.954,494.811,493.749,492.573,488.292,484.106,480.617,477.777,473.925,468.561,463.955,458.887,452.365,445.543,437.388,429.163,419.855,409.696,399.869,390.727,381.502,372.438,362.064,354.486,345.651,336.187,326.935,317.461,307.443,296.89,284.796,274.537,264.932,257.784,249.346,236.214,222.502,204.942,187.538,167.028,150.086,135.778,126.664,116.902,106.673,95.828,85.189,74.018,62.85,51.863,42.168,33.833,26.717,21.535,17.07,13.268,10.085,7.629,5.737,4.334,3.233,2.337,1.658,1.133
ZWE,2085,495.551,493.349,494.527,496.511,497.362,499.634,501.557,502.531,505.395,506.714,509.922,509.977,510.735,512.654,513.014,513.679,511.349,513.69,511.253,510.219,512.238,511.254,511.218,512.188,510.024,509.733,510.666,509.284,506.97,506.219,506.687,503.579,503.429,501.611,498.975,498.772,496.73,496.098,492.865,491.698,490.403,486.015,481.723,478.119,475.158,471.179,465.688,460.936,455.695,448.983,441.944,433.585,425.167,415.679,405.367,395.385,386.085,376.697,367.426,356.819,348.901,339.73,329.926,320.297,310.455,300.068,289.227,276.944,266.419,256.511,248.916,240.077,226.717,212.788,195.258,177.932,157.769,141.1,126.961,117.742,107.963,97.802,87.097,76.643,65.886,55.313,45.107,36.216,28.673,22.323,17.709,13.816,10.564,7.88,5.848,4.305,3.183,2.323,1.643,1.137
ZWE,2086,491.741,493.521,491.996,493.512,495.723,496.739,499.125,501.127,502.16,505.066,506.41,509.628,509.674,510.402,512.265,512.544,513.11,510.669,512.89,510.347,509.218,511.154,510.106,510.017,510.945,508.749,508.428,509.327,507.916,505.571,504.784,505.21,502.065,501.863,499.994,497.298,497.02,494.899,494.171,490.843,489.558,488.144,483.65,479.247,475.528,472.436,468.323,462.693,457.766,452.326,445.395,438.141,429.588,420.978,411.328,400.862,390.731,381.267,371.673,362.15,351.247,342.974,333.453,323.28,313.282,303.061,292.376,281.304,268.806,258.003,247.739,239.717,230.478,216.872,202.782,185.303,168.11,148.358,131.97,118.051,108.764,99.009,88.916,78.384,68.245,58.005,48.124,38.755,30.703,23.965,18.363,14.338,11.004,8.256,6.043,4.391,3.164,2.288,1.634,1.128
ZWE,2087,490.271,489.747,492.187,490.997,492.737,495.108,496.236,498.7,500.759,501.834,504.766,506.121,509.328,509.344,510.016,511.798,511.98,512.432,509.877,511.985,509.349,508.143,510.012,508.913,508.784,509.677,507.455,507.103,507.969,506.527,504.149,503.325,503.707,500.518,500.262,498.331,495.569,495.209,492.998,492.167,488.73,487.327,485.795,481.191,476.678,472.833,469.603,465.343,459.543,454.416,448.747,441.599,434.139,425.394,416.612,406.799,396.186,385.897,376.226,366.381,356.541,345.327,336.687,326.787,316.251,305.873,295.344,284.419,273.09,260.363,249.23,238.633,230.182,220.521,206.724,192.488,175.117,158.122,138.792,122.738,109.08,99.77,90.039,80.046,69.819,60.102,50.483,41.361,32.867,25.671,19.722,14.874,11.423,8.602,6.331,4.539,3.228,2.276,1.61,1.123
ZWE,2088,487.887,488.308,488.44,491.199,490.234,492.129,494.611,495.817,498.337,500.437,501.54,504.479,505.824,509,508.961,509.555,511.238,511.307,511.642,508.98,510.991,508.279,507.011,508.826,507.69,507.529,508.39,506.143,505.76,506.592,505.115,502.705,501.841,502.172,498.938,498.618,496.62,493.785,493.331,491.023,490.074,486.529,485.01,483.355,478.643,474.01,470.032,466.651,462.213,456.218,450.858,444.962,437.605,429.942,421.023,412.067,402.097,391.33,380.843,370.919,360.759,350.585,339.05,330.01,319.738,308.83,298.142,287.362,276.167,264.567,251.566,240.124,229.197,220.293,210.257,196.283,181.955,164.756,147.965,129.118,113.442,100.09,90.755,81.083,71.325,61.512,52.329,43.405,35.091,27.491,21.135,15.981,11.855,8.932,6.598,4.757,3.339,2.323,1.603,1.107
ZWE,2089,486.513,485.955,487.022,487.472,490.443,489.635,491.639,494.196,495.459,498.02,500.145,501.256,504.186,505.5,508.62,508.503,508.999,510.569,510.521,510.746,507.994,509.924,507.152,505.836,507.61,506.444,506.254,507.085,504.812,504.399,505.193,503.683,501.237,500.326,500.604,497.316,496.926,494.854,491.933,491.376,488.959,487.893,484.242,482.602,480.824,475.994,471.232,467.109,463.545,458.902,452.682,447.092,440.975,433.413,425.563,416.471,407.347,397.212,386.249,375.515,365.272,354.779,344.26,332.376,322.943,312.287,301.076,290.136,279.076,267.598,255.676,242.422,230.676,219.397,210.086,199.683,185.587,171.228,154.209,137.683,119.365,104.116,91.071,81.748,72.267,62.858,53.574,45.007,36.836,29.361,22.641,17.131,12.741,9.273,6.853,4.957,3.498,2.404,1.636,1.102
ZWE,2090,486.726,484.613,484.697,486.07,486.731,489.851,489.152,491.231,493.843,495.146,497.732,499.866,500.968,503.867,505.126,508.166,507.952,508.336,509.787,509.631,509.764,506.935,508.801,505.985,504.633,506.373,505.181,504.964,505.765,503.465,503.018,503.775,502.227,499.741,498.78,498.996,495.647,495.178,493.02,490.009,489.336,486.809,485.627,481.865,480.105,478.195,473.238,468.336,464.036,460.262,455.385,448.939,443.126,436.791,429.041,421.006,411.745,402.445,392.103,380.895,369.85,359.27,348.431,337.537,325.312,315.473,304.504,293.048,281.826,270.471,258.658,246.436,232.936,220.866,209.283,199.573,188.852,174.693,160.309,143.531,127.317,109.58,94.76,82.06,72.884,63.711,54.767,46.096,38.211,30.833,24.191,18.359,13.663,9.969,7.118,5.152,3.647,2.518,1.694,1.126
ZWE,2091,484.12,484.843,483.373,483.758,485.337,486.147,489.372,488.749,490.884,493.534,494.863,497.457,499.581,500.652,503.496,504.676,507.617,507.291,507.56,508.903,508.653,508.707,505.823,507.637,504.788,503.409,505.119,503.902,503.658,504.426,502.097,501.617,502.332,500.743,498.212,497.195,497.342,493.925,493.366,491.114,487.998,487.209,484.573,483.272,479.402,477.509,475.458,470.363,465.289,460.786,456.772,451.658,444.996,438.963,432.428,424.489,416.274,406.836,397.316,386.717,375.2,363.825,352.897,341.684,330.421,317.846,307.67,296.443,284.713,273.195,261.494,249.367,236.849,223.085,210.739,198.864,188.801,177.818,163.603,149.251,132.764,116.914,99.764,85.413,73.192,64.279,55.533,47.143,39.154,31.998,25.415,19.624,14.648,10.696,7.656,5.353,3.791,2.627,1.774,1.165
ZWE,2092,479.894,482.276,483.625,482.451,483.039,484.763,485.677,488.974,488.406,490.579,493.254,494.591,497.175,499.269,500.286,503.05,504.133,506.962,506.521,506.682,507.931,507.605,507.599,504.67,506.446,503.573,502.169,503.851,502.608,502.336,503.07,500.712,500.196,500.865,499.231,496.648,495.567,495.636,492.141,491.484,489.126,485.904,485.002,482.253,480.831,476.842,474.811,472.606,467.34,462.068,457.33,453.073,447.733,440.857,434.62,427.885,419.765,411.359,401.702,391.912,380.989,369.142,357.427,346.119,334.537,322.898,310.042,299.584,288.071,276.052,264.185,252.158,239.722,226.887,212.909,200.3,188.181,177.82,166.576,152.364,138.093,121.952,106.475,89.953,76.209,64.577,56.048,47.822,40.06,32.803,26.388,20.626,15.666,11.474,8.217,5.76,3.942,2.732,1.852,1.221
ZWE,2093,477.106,478.086,481.082,482.714,481.742,482.473,484.298,485.285,488.633,488.106,490.303,492.986,494.314,496.866,498.906,499.845,502.512,503.484,506.196,505.648,505.718,506.89,506.504,506.45,503.492,505.236,502.342,500.916,502.568,501.301,500.996,501.697,499.307,498.747,499.368,497.681,495.04,493.886,493.867,490.284,489.518,487.052,483.726,482.705,479.846,478.294,474.178,471.993,469.602,464.14,458.639,453.664,449.174,443.607,436.536,430.097,423.167,414.854,406.214,396.286,386.156,374.889,362.702,350.615,338.935,326.976,315.027,301.951,291.18,279.365,267.006,254.81,242.458,229.691,216.589,202.412,189.588,177.283,166.624,155.176,141.014,126.883,111.094,96.032,80.285,67.261,56.331,48.283,40.653,33.577,27.063,21.425,16.472,12.275,8.818,6.186,4.243,2.841,1.926,1.275
ZWE,2094,474.946,475.328,476.918,480.187,482.012,481.183,482.014,483.911,484.95,488.336,487.834,490.039,492.711,494.008,496.507,498.468,499.312,501.866,502.725,505.327,504.69,504.684,505.794,505.363,505.275,502.293,504.011,501.097,499.649,501.27,499.974,499.639,500.302,497.876,497.272,497.835,496.089,493.381,492.144,492.027,488.346,487.466,484.895,481.463,480.324,477.343,475.654,471.397,469.028,466.422,460.731,455,449.797,445.073,439.299,432.034,425.397,418.262,409.713,400.787,390.517,380.027,368.402,355.845,343.394,331.331,319.064,306.862,293.536,282.435,270.266,257.586,245.063,232.367,219.316,205.96,191.634,178.653,166.163,155.262,143.656,129.602,115.616,100.228,85.738,70.883,58.693,48.546,41.06,34.086,27.713,21.982,17.116,12.911,9.438,6.64,4.558,3.06,2.004,1.327
ZWE,2095,472.713,473.2,474.185,476.043,479.497,481.459,480.729,481.631,483.58,484.657,488.066,487.573,489.768,492.409,493.654,496.074,497.939,498.673,501.113,501.864,504.372,503.662,503.597,504.66,504.197,504.082,501.082,502.773,499.839,498.368,499.957,498.633,498.264,498.884,496.419,495.763,496.261,494.447,491.662,490.333,490.107,486.324,485.334,482.654,479.116,477.85,474.739,472.897,468.47,465.888,463.035,457.116,451.162,445.733,440.795,434.814,427.36,420.514,413.128,404.291,395.007,384.375,373.509,361.496,348.575,335.751,323.375,310.856,298.373,284.784,273.298,260.794,247.795,234.925,221.931,208.611,195.048,180.633,167.498,154.881,143.782,132.075,118.137,104.348,89.519,75.727,61.878,50.603,41.304,34.443,28.146,22.521,17.57,13.423,9.932,7.11,4.896,3.288,2.159,1.38
ZWE,2096,470.127,471,472.082,473.329,475.369,478.954,481.012,480.353,481.307,483.292,484.392,487.808,487.306,489.471,492.058,493.226,495.55,497.305,497.925,500.258,500.919,503.35,502.583,502.474,503.503,503.014,502.878,499.858,501.522,498.569,497.072,498.627,497.273,496.865,497.44,494.929,494.213,494.639,492.746,489.875,488.442,488.103,484.223,483.118,480.331,476.677,475.274,472.021,469.995,465.368,462.54,459.437,453.296,447.123,441.487,436.335,430.153,422.499,415.4,407.71,398.51,388.846,377.835,366.562,354.167,340.874,327.746,315.113,302.312,289.531,275.627,263.776,250.935,237.598,224.427,211.147,197.605,183.895,169.395,156.164,143.466,132.227,120.426,106.657,93.227,79.093,66.131,53.369,43.07,34.662,28.451,22.883,18.009,13.786,10.33,7.486,5.245,3.534,2.321,1.488
ZWE,2097,469.118,468.443,469.904,471.24,472.665,474.835,478.513,480.638,480.032,481.022,483.03,484.139,487.545,487.013,489.124,491.635,492.707,494.921,496.562,497.078,499.32,499.907,502.278,501.467,501.327,502.33,501.819,501.661,498.624,500.261,497.285,495.762,497.282,495.892,495.443,495.966,493.401,492.617,492.959,490.978,488.009,486.47,486.02,482.039,480.821,477.915,474.139,472.585,469.157,466.919,462.061,458.985,455.639,449.28,442.907,437.064,431.703,425.308,417.41,410.004,401.936,392.351,382.288,370.868,359.191,346.405,332.81,319.436,306.515,293.417,280.285,266.085,253.868,240.671,227.041,213.581,200.064,186.358,172.506,157.982,144.701,131.978,120.606,108.763,95.328,82.402,69.099,57.06,45.443,36.159,28.647,23.141,18.305,14.136,10.614,7.79,5.524,3.786,2.495,1.6
ZWE,2098,467.162,467.457,467.368,469.077,470.586,472.141,474.402,478.144,480.319,479.751,480.763,482.779,483.878,487.253,486.67,488.705,491.12,492.083,494.185,495.721,496.148,498.314,498.844,501.169,500.33,500.164,501.145,500.615,500.433,497.378,498.985,495.988,494.436,495.916,494.488,493.99,494.454,491.827,490.965,491.213,489.132,486.064,484.42,483.857,479.776,478.434,475.402,471.49,469.754,466.123,463.639,458.55,455.231,451.645,445.087,438.516,432.473,426.893,420.238,412.043,404.255,395.784,385.796,375.302,363.476,351.388,338.279,324.439,310.788,297.563,284.114,270.651,256.158,243.551,230.045,216.136,202.434,188.738,174.872,160.934,146.434,133.162,120.425,108.972,97.256,84.302,72.026,59.653,48.612,38.172,29.902,23.315,18.524,14.379,10.891,8.01,5.752,3.991,2.676,1.721
ZWE,2099,465.337,465.525,466.397,466.554,468.432,470.068,471.713,474.039,477.83,480.041,479.495,480.515,482.521,483.591,486.911,486.254,488.193,490.499,491.353,493.349,494.796,495.15,497.258,497.746,500.038,499.175,498.989,499.947,499.396,499.193,496.117,497.694,494.673,493.088,494.525,493.052,492.498,492.894,490.195,489.245,489.387,487.204,484.039,482.288,481.611,477.421,475.948,472.777,468.697,466.751,462.885,460.153,454.838,451.281,447.473,440.72,433.957,427.703,421.857,414.891,406.324,398.127,389.235,378.811,367.891,355.651,343.218,329.843,315.729,301.785,288.205,274.423,260.627,245.822,232.872,219.068,204.926,191.041,177.169,163.203,149.229,134.811,121.558,108.861,97.493,86.054,73.729,62.215,50.852,40.861,31.588,24.354,18.677,14.56,11.087,8.226,5.92,4.16,2.822,1.847
ZWE,2100,462.566,463.721,464.482,465.592,465.918,467.919,469.645,471.353,473.728,477.553,479.787,479.249,480.26,482.235,483.253,486.497,485.746,487.579,489.773,490.523,492.429,493.803,494.102,496.166,496.623,498.889,498.007,497.803,498.738,498.166,497.937,494.842,496.385,493.335,491.716,493.102,491.577,490.959,491.274,488.495,487.444,487.479,485.197,481.931,480.073,479.273,474.968,473.349,470.007,465.732,463.541,459.441,456.467,450.93,447.154,443.126,436.184,429.219,422.708,416.542,409.188,400.225,391.602,382.253,371.398,360.04,347.452,334.731,321.06,306.655,292.366,278.448,264.334,250.185,235.116,221.832,207.777,193.462,179.398,165.408,151.39,137.439,123.116,109.937,97.444,86.313,75.307,63.728,53.071,42.772,33.836,25.744,19.523,14.694,11.235,8.38,6.085,4.284,2.944,1.95
