LAO,1950,0.24036539,0.06486532,0.03799941,0.02269809,0.01410567,0.00931173,0.0066473,0.00519937,0.00444641,0.00412347,0.00407109,0.00419184,0.00442098,0.00470238,0.00501024,0.00533019,0.00567118,0.00605365,0.00648572,0.00696381,0.00745759,0.0079182,0.00830263,0.00857914,0.00875487,0.00886308,0.0089497,0.00906626,0.00924025,0.00948073,0.00977665,0.01009856,0.01042139,0.01072551,0.01100803,0.01128552,0.01157853,0.01191088,0.0122931,0.01271634,0.01316028,0.01358905,0.01397795,0.01432625,0.01465533,0.01502355,0.01549262,0.0161193,0.01694244,0.0179506,0.01910868,0.02033486,0.02154305,0.0226962,0.02379308,0.02492625,0.02621734,0.02778427,0.02973585,0.03209079,0.03482317,0.03781357,0.04090254,0.04400471,0.04706813,0.0501844,0.05353667,0.05730658,0.06166761,0.06672388,0.07253122,0.07903174,0.0861854,0.0940646,0.10273133,0.1122971,0.12315797,0.13538492,0.14775459,0.16009522,0.17322486,0.18695049,0.20121801,0.21678469,0.23379471,0.25223123,0.27274044,0.29418847,0.31717486,0.34486795,0.37569199,0.40586565,0.4346998,0.46264437,0.48965231,0.51590287,0.5418502,0.56791279,0.59423889,0.62086747
LAO,1951,0.23903923,0.06439079,0.03780186,0.02263362,0.01409452,0.00932026,0.00666195,0.00521517,0.00446189,0.00413839,0.00408551,0.0042058,0.00443429,0.00471508,0.00502283,0.00534365,0.00568612,0.00606987,0.00650345,0.00698369,0.00747991,0.00794264,0.0083288,0.00860644,0.00878286,0.00889145,0.0089783,0.00909528,0.00926989,0.00951132,0.00980858,0.01013195,0.01045622,0.01076172,0.01104554,0.01132435,0.01161885,0.01195303,0.01233751,0.01276326,0.01320985,0.01364124,0.01403203,0.01438117,0.01471086,0.01507996,0.01554991,0.01617815,0.01700395,0.01801502,0.01917561,0.02040435,0.0216149,0.02276975,0.0238675,0.02500063,0.02629141,0.02786056,0.02981881,0.03217942,0.03491451,0.0379109,0.04100113,0.04409392,0.04714896,0.05026286,0.05360679,0.05737466,0.06176053,0.06683567,0.07264727,0.07917545,0.08629928,0.09402866,0.10249572,0.1118679,0.12230203,0.13416671,0.14743048,0.16067313,0.17378507,0.18771584,0.20231642,0.21759492,0.23450412,0.25325809,0.27381106,0.29671071,0.32029104,0.34506396,0.37426854,0.40599384,0.43607564,0.46407482,0.49111071,0.51734234,0.54320957,0.56913623,0.59531812,0.62186231
LAO,1952,0.23584734,0.06346915,0.03727606,0.02232863,0.01391184,0.00920389,0.00658099,0.00515291,0.00440911,0.00408966,0.00403757,0.00415663,0.00438261,0.00466007,0.00496419,0.00528163,0.00562106,0.00600135,0.00643023,0.00690506,0.00739586,0.00785351,0.00823523,0.00850948,0.00868354,0.0087906,0.00887615,0.00899142,0.00916367,0.00940192,0.00969546,0.01001507,0.01033584,0.01063833,0.01091968,0.01119623,0.01148834,0.01181963,0.01220064,0.01262264,0.01306543,0.01349366,0.01388258,0.01423057,0.01455918,0.01492724,0.01539548,0.01601987,0.01683965,0.01784314,0.01899454,0.0202134,0.02141573,0.02256472,0.02365861,0.02478815,0.02607329,0.02763322,0.02957977,0.0319279,0.03464487,0.03761756,0.04068785,0.04375795,0.04678121,0.04986584,0.05318751,0.05692499,0.06128335,0.06635314,0.07214653,0.07863457,0.08573524,0.09337349,0.10159702,0.1106407,0.1207415,0.13200437,0.14473829,0.15878704,0.17271529,0.18653196,0.20124789,0.21681562,0.23331634,0.25183793,0.27266393,0.29551742,0.32072839,0.34614328,0.37198311,0.40172626,0.43334337,0.46260499,0.48962739,0.51588372,0.54182374,0.56786712,0.5941757,0.62080755
LAO,1953,0.23270323,0.06252525,0.03673896,0.02200904,0.01371734,0.00907707,0.00649243,0.00508449,0.004351,0.00403569,0.00398408,0.00410152,0.00432469,0.00459883,0.00489909,0.00521249,0.00554789,0.00592393,0.00634782,0.00681643,0.00730066,0.00775223,0.0081287,0.00839897,0.00857035,0.00867569,0.00875991,0.00887332,0.00904285,0.00927748,0.00956662,0.00988173,0.01019838,0.01049738,0.01077584,0.01104976,0.01133906,0.01166695,0.0120438,0.0124612,0.01289953,0.01332403,0.01371055,0.01405769,0.01438586,0.01475249,0.01521819,0.01583821,0.01665048,0.01764422,0.01878476,0.01999254,0.02118475,0.02232629,0.02341557,0.02454118,0.02582054,0.02737034,0.02930097,0.03163006,0.03432725,0.03727606,0.04031948,0.04336853,0.04636928,0.04942044,0.05270929,0.05641949,0.06074019,0.06577418,0.07155185,0.07800974,0.08505755,0.09265939,0.10077389,0.10954001,0.11928008,0.13020222,0.14235063,0.15592802,0.17071079,0.18535416,0.1999605,0.21566004,0.23250269,0.25056788,0.27113766,0.29432288,0.31947992,0.34671423,0.37320372,0.39923329,0.42877253,0.4598839,0.48844198,0.5147603,0.54073197,0.56676849,0.59305223,0.61967623
LAO,1954,0.22952244,0.06122701,0.0361129,0.02171256,0.01357518,0.00900941,0.00645469,0.00506108,0.0043324,0.00401768,0.00396436,0.00407908,0.0042994,0.00457075,0.00486807,0.00517835,0.00551043,0.00588279,0.00630099,0.00676072,0.0072344,0.00767664,0.00804741,0.00831526,0.00848562,0.0085911,0.00867608,0.00878991,0.00895922,0.00919322,0.00948131,0.00979495,0.01011003,0.01040764,0.01068496,0.01095784,0.01124598,0.01157223,0.01194681,0.01236134,0.01279643,0.01321782,0.01360139,0.01394595,0.01427215,0.01463637,0.01509862,0.01571488,0.01652322,0.01751228,0.01864793,0.0198513,0.02103912,0.02217575,0.02326056,0.02438207,0.02565709,0.02720173,0.02912543,0.03144559,0.03413424,0.03707676,0.04011115,0.04314606,0.04613428,0.04916611,0.05242053,0.05609646,0.06039102,0.06539199,0.07114027,0.07758823,0.08461135,0.09216223,0.10023795,0.10888506,0.11831658,0.12883216,0.14059066,0.15351312,0.16768212,0.1829249,0.19817127,0.21363296,0.23047533,0.24882269,0.26879852,0.29160927,0.31709466,0.34426427,0.3727779,0.39959398,0.425065,0.45349613,0.48350489,0.51113223,0.5370388,0.56318756,0.58971053,0.61660272
LAO,1955,0.22639082,0.06022432,0.03556862,0.02141055,0.01339579,0.00889422,0.00637806,0.00500146,0.00428334,0.00397316,0.00392126,0.00403541,0.004254,0.00452308,0.00481771,0.005125,0.00545367,0.00582257,0.00623774,0.00669505,0.00716665,0.00760689,0.00797588,0.00824201,0.0084106,0.00851413,0.00859708,0.00870907,0.00887646,0.00910818,0.00939396,0.00970555,0.01001882,0.01031499,0.01059127,0.01086332,0.01115074,0.01147624,0.01185011,0.01226417,0.01269929,0.01312153,0.01350694,0.01385366,0.01418198,0.01454774,0.01500951,0.01562261,0.01642604,0.0174089,0.01853688,0.01973266,0.02091437,0.02204586,0.02312592,0.0242428,0.02551188,0.02704761,0.02895799,0.03126028,0.03392774,0.03685042,0.03987065,0.04289318,0.04586938,0.04889469,0.05213551,0.05578108,0.06004428,0.06501989,0.07073509,0.07715593,0.08417494,0.0917133,0.09976003,0.10840271,0.11775353,0.12802279,0.13951329,0.15227219,0.16611373,0.18118758,0.19745377,0.21385325,0.23062611,0.24919455,0.26966798,0.29192525,0.31718077,0.34488566,0.37341901,0.40243118,0.42851645,0.45252131,0.48014198,0.5099691,0.53762505,0.56375994,0.59027532,0.61716596
LAO,1956,0.22328093,0.05926416,0.03502093,0.02109182,0.0132024,0.00876638,0.00628748,0.00493379,0.00422411,0.00391901,0.00386776,0.00398043,0.00419636,0.00446252,0.00475431,0.00505873,0.00538411,0.00574867,0.00615862,0.00661011,0.00707565,0.00750999,0.00787387,0.0081363,0.00830237,0.00840415,0.00848556,0.00859566,0.00876062,0.00898899,0.00927061,0.00957795,0.00988729,0.01018011,0.01045366,0.01072321,0.01100798,0.01133035,0.0117004,0.0121102,0.01254112,0.01295996,0.01334337,0.01368962,0.01401809,0.01438366,0.01484411,0.015453,0.01624858,0.01722168,0.01833902,0.01952407,0.02069708,0.02182289,0.02289923,0.02401208,0.02527583,0.02680328,0.02870053,0.03098463,0.03362926,0.03652689,0.03952544,0.0425334,0.04549729,0.04850824,0.05173813,0.05536312,0.05958559,0.0645188,0.070197,0.0765706,0.08354407,0.09105797,0.09906865,0.10765137,0.11696858,0.12711321,0.13828181,0.15067423,0.16422036,0.17874173,0.194473,0.2116678,0.22937796,0.24776736,0.26842524,0.29123851,0.31575823,0.34308603,0.3721635,0.40116997,0.429865,0.45480869,0.47756878,0.50461388,0.5346382,0.56270235,0.58918452,0.61606293
LAO,1957,0.22010144,0.05827452,0.03454565,0.02086916,0.01309883,0.00871711,0.00625888,0.00491649,0.00421429,0.00390681,0.00385467,0.00396456,0.00417785,0.00444235,0.00473383,0.00503912,0.00536555,0.00573027,0.00613881,0.00658736,0.00704904,0.00747927,0.00783935,0.00809916,0.00826401,0.00836557,0.00844726,0.00855742,0.00872201,0.00894949,0.00922932,0.00953438,0.00984159,0.01013269,0.0104049,0.01067337,0.01095698,0.01127779,0.01164579,0.01205305,0.01248115,0.01289736,0.01327868,0.01362368,0.01395181,0.01431701,0.0147768,0.01538464,0.01617766,0.01714663,0.01825989,0.01944181,0.0206124,0.02173729,0.02281459,0.02392873,0.02519279,0.02672004,0.02861622,0.03089806,0.03353904,0.03643158,0.03942416,0.04242831,0.04539325,0.04840431,0.05163,0.0552546,0.05946937,0.06437931,0.07003686,0.07639758,0.08334796,0.09083796,0.09884519,0.10741383,0.11669385,0.12683338,0.13790787,0.15001421,0.16322705,0.17745771,0.19257882,0.20907579,0.22752047,0.24695304,0.2674365,0.29050982,0.31573136,0.34230989,0.37105507,0.40075495,0.42953502,0.45744165,0.48129609,0.50308067,0.53012269,0.56086957,0.58957938,0.61653417
LAO,1958,0.21682349,0.05742003,0.03406149,0.02058944,0.01293027,0.00860866,0.00618293,0.00485286,0.00416036,0.00386171,0.0038076,0.00391762,0.00412869,0.00439077,0.00467982,0.00498285,0.00530691,0.00566849,0.00607285,0.00651611,0.00697206,0.00739696,0.00775256,0.00800903,0.00817166,0.00827166,0.008352,0.00846053,0.00862277,0.00884738,0.00912411,0.00942569,0.00972944,0.01001764,0.01028754,0.01055391,0.01083535,0.01115348,0.0115182,0.01192189,0.01234642,0.01275975,0.0131394,0.01348391,0.01381251,0.01417829,0.01463726,0.01524227,0.01603031,0.01699157,0.01809498,0.01926755,0.02043095,0.02155052,0.02262486,0.02373737,0.02499836,0.0265189,0.0284045,0.0306721,0.0332956,0.03616909,0.03914316,0.04213093,0.04508519,0.0480926,0.05131326,0.05492606,0.05912881,0.0640151,0.06963064,0.07594968,0.08286436,0.09030901,0.09827188,0.10682121,0.11607377,0.12616289,0.13721984,0.14922043,0.16215017,0.17605465,0.19086467,0.20668363,0.22429783,0.24448971,0.26612838,0.28895672,0.31442427,0.34172602,0.36958432,0.3988625,0.4283353,0.45626294,0.48329656,0.50620674,0.52749543,0.55490674,0.58633573,0.61555226
LAO,1959,0.21356697,0.05635569,0.03352874,0.02032332,0.01279425,0.00853497,0.00613888,0.00482251,0.00413051,0.00383381,0.00378452,0.00388995,0.00410013,0.00438356,0.00473349,0.00512505,0.00555318,0.00602187,0.00657597,0.00722587,0.00789424,0.008485,0.00890706,0.0091609,0.00931807,0.00941041,0.00947966,0.0095737,0.00971233,0.00990156,0.0101367,0.01039713,0.01066641,0.01092606,0.01116893,0.01140984,0.01166773,0.01196375,0.01230833,0.0126945,0.01310375,0.01350334,0.01387033,0.01420379,0.01452282,0.01487913,0.01532732,0.01591824,0.01668481,0.01761788,0.01869102,0.01983731,0.02098586,0.0221051,0.02318795,0.02431199,0.02558122,0.02709897,0.02896534,0.03120246,0.03379104,0.03663219,0.03958405,0.04256237,0.04551636,0.04853148,0.05176506,0.05538338,0.05957867,0.06445641,0.0700534,0.07634219,0.08323824,0.09069062,0.09867007,0.10724523,0.11654534,0.12664517,0.13766993,0.14967367,0.1625152,0.17617373,0.19073095,0.20634458,0.22338348,0.2429349,0.2659441,0.29043137,0.3157212,0.34343046,0.37216503,0.40043299,0.4294996,0.45826409,0.48529395,0.51161636,0.5336714,0.5544368,0.58242548,0.61492889
LAO,1960,0.21036538,0.05530459,0.03295678,0.02000748,0.01261279,0.00842337,0.00606347,0.00476547,0.00408231,0.00378345,0.00373511,0.00384489,0.00404912,0.00433092,0.00467704,0.00506455,0.00548812,0.00595138,0.00649778,0.00713716,0.00779404,0.00837528,0.00879173,0.00904282,0.0091979,0.00928907,0.00935891,0.00945357,0.0095913,0.0097782,0.01001077,0.01026777,0.01053274,0.01078907,0.01103001,0.01126912,0.01152461,0.01181812,0.01215939,0.01254127,0.01294614,0.01334213,0.01370644,0.01403821,0.01435644,0.01471184,0.01515836,0.01574618,0.01650699,0.01743224,0.01849653,0.01963282,0.02077119,0.02188229,0.02295945,0.02407793,0.02534104,0.02685126,0.02870609,0.03092676,0.03349583,0.03631597,0.03924693,0.04220542,0.04514092,0.04813829,0.05135722,0.05496564,0.05914521,0.06399645,0.06956611,0.07581399,0.08264687,0.09003212,0.09794729,0.10644293,0.1156676,0.12573408,0.13671943,0.14865757,0.16147027,0.1749897,0.18917057,0.20426841,0.22070866,0.2390587,0.26061599,0.28615886,0.31314079,0.34050511,0.36956992,0.39876056,0.42656357,0.45460407,0.48233354,0.50850534,0.53453013,0.55666233,0.57780472,0.60644756
LAO,1961,0.20736374,0.05450589,0.03250364,0.01975107,0.01246424,0.00833255,0.00600313,0.00472044,0.0040439,0.00374637,0.00368992,0.00379718,0.00400524,0.00428134,0.00462712,0.00501302,0.005435,0.0058962,0.0064402,0.00707676,0.00773037,0.00830844,0.00872271,0.00897264,0.009127,0.009217,0.00928563,0.00938,0.00951651,0.00969976,0.00992717,0.01017953,0.01044022,0.01069269,0.01093143,0.01116973,0.01142427,0.01171582,0.01205506,0.01243466,0.01283704,0.01323153,0.01359583,0.01392881,0.01424913,0.01460654,0.0150537,0.01564006,0.01639705,0.01731577,0.01837174,0.01949971,0.02062978,0.02173385,0.0228076,0.02392447,0.02518399,0.02668716,0.02853173,0.03073862,0.03328959,0.03609014,0.03900227,0.04194583,0.04487274,0.04786477,0.05107812,0.05468125,0.05885625,0.06369409,0.06923821,0.07546042,0.08225726,0.08959131,0.09746042,0.10591958,0.11509376,0.12511189,0.13608717,0.14800276,0.16076545,0.17427287,0.18833995,0.20309815,0.21907425,0.23691007,0.25735642,0.28162445,0.31018056,0.33965066,0.36843932,0.39812328,0.42706554,0.45389826,0.48112503,0.50834588,0.53437454,0.56068329,0.58277944,0.60390058
LAO,1962,0.20430172,0.05355581,0.03198873,0.01946738,0.01230143,0.00823252,0.00593576,0.00466973,0.00400136,0.00370716,0.00365112,0.0037501,0.00395615,0.00421401,0.0044941,0.00479353,0.0051131,0.00546891,0.00586628,0.00630124,0.00674691,0.00716033,0.00750398,0.00775054,0.00790685,0.00800267,0.00807905,0.00818194,0.00833539,0.00854785,0.00881084,0.00909929,0.00939187,0.00967108,0.00993349,0.01019329,0.01046821,0.01077871,0.01113424,0.01152803,0.0119431,0.01234931,0.01272571,0.01307074,0.01340194,0.01376932,0.01422606,0.01482193,0.01559217,0.01652818,0.01760024,0.0187395,0.01987284,0.02096801,0.02202425,0.0231216,0.02436457,0.02585761,0.02770096,0.0299117,0.03246586,0.03526496,0.03816984,0.04109842,0.04400531,0.04697435,0.05016243,0.05373962,0.05789118,0.06270799,0.06822296,0.07440403,0.08115867,0.0884278,0.09619712,0.10455202,0.11363971,0.12358115,0.13450329,0.14640949,0.1591515,0.17260961,0.18666244,0.20129246,0.2168563,0.23408131,0.25382772,0.2766818,0.30360256,0.33470745,0.36581113,0.39516631,0.42462257,0.45271651,0.47857829,0.50517137,0.53232495,0.55864637,0.58538166,0.60765394
LAO,1963,0.20119078,0.05223684,0.03130483,0.01910551,0.01210063,0.00811204,0.00585539,0.00460926,0.00395082,0.00366099,0.00360587,0.00370346,0.00389937,0.00419157,0.00457106,0.00500226,0.00547927,0.00599555,0.00661677,0.00735998,0.00812151,0.00878168,0.00922584,0.0094719,0.00962435,0.0097119,0.00977524,0.00986118,0.00998501,0.01015003,0.01035386,0.01057947,0.0108153,0.01104574,0.01126197,0.01147891,0.01171567,0.01199146,0.01231486,0.0126794,0.01306844,0.01345048,0.01380361,0.01412785,0.01444097,0.01479029,0.01522696,0.01579896,0.01653453,0.01742551,0.01845091,0.01955011,0.02065942,0.02175143,0.02281682,0.02392604,0.02517601,0.0266617,0.02847436,0.03063737,0.03313698,0.03588385,0.03874925,0.04165667,0.04455482,0.04752172,0.05070795,0.05427696,0.05841096,0.06320728,0.06870304,0.074859,0.08158354,0.08884272,0.09660907,0.10494187,0.11399866,0.12389616,0.13474771,0.14659935,0.15932943,0.1727511,0.18672537,0.20130201,0.21667613,0.23341013,0.25252775,0.27477831,0.30043143,0.33024382,0.36384501,0.39615903,0.42534179,0.45413649,0.48144843,0.50643137,0.53297034,0.56067387,0.58742124,0.61458853
LAO,1964,0.19826771,0.05147889,0.03086139,0.01884077,0.01193608,0.0080033,0.00577763,0.00454833,0.0038987,0.00361268,0.00355828,0.00365476,0.0038485,0.00413009,0.00450736,0.00493757,0.00540777,0.00591685,0.00652884,0.00725994,0.00800847,0.00865689,0.00909308,0.00933523,0.00948567,0.00957358,0.00963813,0.00972431,0.00984667,0.01000968,0.01021318,0.01043907,0.01067402,0.01090275,0.01111834,0.01133365,0.01156693,0.01184002,0.01216194,0.01252458,0.01291107,0.01329223,0.01364558,0.01397035,0.01428493,0.01463593,0.0150729,0.01564311,0.01637477,0.0172599,0.01827836,0.01937088,0.020474,0.0215612,0.0226239,0.02372957,0.02497323,0.02645095,0.02825316,0.03040161,0.03288418,0.0356139,0.038463,0.04135567,0.04424344,0.04720333,0.05038323,0.05394397,0.05806472,0.0628424,0.06831907,0.07445928,0.08116263,0.0883923,0.09613448,0.10443177,0.11342609,0.12326512,0.13407772,0.14588223,0.15858188,0.1720256,0.1860061,0.20055091,0.21593617,0.23251708,0.25107108,0.27252856,0.29736511,0.32548224,0.35720086,0.39210737,0.42468715,0.45318394,0.48134677,0.50815689,0.53290157,0.55987544,0.58823164,0.61544992
LAO,1965,0.19536806,0.05061771,0.03031866,0.01849383,0.01170726,0.00784476,0.00566037,0.00445461,0.00381786,0.00353793,0.0034852,0.00358051,0.00377135,0.00404834,0.00441368,0.00483904,0.00530205,0.00580273,0.0064017,0.00711798,0.00785084,0.00848541,0.00891192,0.00914819,0.00929482,0.00938071,0.00944507,0.00953112,0.00965211,0.00981187,0.01001137,0.01023501,0.01046855,0.01069513,0.01090797,0.01112137,0.01135131,0.01161859,0.0119351,0.01229366,0.01267604,0.01305326,0.01340524,0.01373009,0.01404484,0.01439583,0.01483152,0.01539733,0.01612093,0.01699514,0.01800046,0.01907978,0.02017161,0.02124911,0.02230421,0.02340312,0.0246366,0.02609827,0.02787924,0.03000161,0.03245249,0.03514872,0.03796686,0.04083172,0.04369529,0.04663465,0.04979451,0.05333187,0.05742197,0.06215951,0.0675869,0.07367514,0.08032947,0.08750386,0.09518118,0.10341794,0.11233618,0.12206713,0.13277403,0.14449091,0.15709263,0.1704529,0.1844013,0.19889545,0.21418344,0.23071025,0.24901344,0.26974378,0.29360442,0.32073651,0.35048969,0.38318411,0.41855499,0.45082061,0.47856134,0.50626495,0.53301511,0.55788766,0.58537736,0.61434854
LAO,1966,0.19362178,0.05023767,0.0301066,0.01845494,0.01175906,0.00792728,0.00574894,0.00453867,0.00389219,0.00360096,0.00353765,0.00362465,0.00381097,0.00408568,0.00444858,0.00486951,0.00533415,0.00583141,0.00643055,0.00713906,0.00786502,0.00849298,0.00891541,0.00914959,0.00929468,0.00938032,0.00944576,0.00953465,0.00965926,0.00982217,0.01002349,0.01024859,0.01048532,0.01071587,0.01093176,0.01114726,0.01138016,0.01164931,0.01196585,0.01232571,0.01271134,0.01309172,0.01344603,0.01377447,0.01409306,0.01444729,0.01488675,0.01545707,0.01618521,0.01706388,0.0180736,0.01915671,0.0202517,0.02133335,0.02239355,0.02349803,0.02473742,0.02620266,0.02798771,0.03011919,0.0325819,0.03528814,0.03811259,0.0409854,0.04386191,0.04681599,0.04999244,0.05354657,0.05765375,0.06240985,0.06785592,0.0739626,0.08063912,0.08784915,0.09556564,0.10383142,0.11277578,0.12250184,0.13316285,0.1448413,0.1574255,0.17075513,0.18467908,0.19919418,0.21447892,0.23094841,0.24924861,0.26976311,0.29288332,0.31900623,0.34772294,0.37824191,0.41100667,0.44615864,0.47804243,0.50520887,0.53287602,0.55991083,0.58498872,0.61290458
LAO,1967,0.18948978,0.04861914,0.02931574,0.01799511,0.01145573,0.0077116,0.00558295,0.00440231,0.00377575,0.00349797,0.00344301,0.00353379,0.00371927,0.00399034,0.00434894,0.00476508,0.00522536,0.00571947,0.00630383,0.00700519,0.00771349,0.00832877,0.00874269,0.00897251,0.00911453,0.00919801,0.00926203,0.00934953,0.00947342,0.00963562,0.00983518,0.01005705,0.01029014,0.01051898,0.01073421,0.01094795,0.01117755,0.01144334,0.01175439,0.012106,0.01248423,0.01285963,0.01320985,0.01353413,0.01385003,0.01420102,0.01463503,0.01519818,0.01591744,0.01678517,0.01778256,0.01885356,0.0199378,0.02100923,0.02205909,0.02315187,0.02437824,0.02582961,0.02759394,0.02969563,0.03212506,0.03479889,0.03759466,0.04043987,0.04328647,0.04620808,0.04934892,0.05286696,0.0569356,0.06164741,0.06704261,0.07309137,0.07970416,0.0868431,0.09448496,0.10267124,0.11153463,0.12120385,0.13180537,0.14339356,0.15589253,0.1691526,0.18298624,0.1974089,0.21264591,0.22904463,0.24721994,0.26767696,0.29051444,0.31579093,0.34335814,0.37265348,0.4028795,0.43481294,0.46933394,0.50074916,0.527735,0.55580337,0.58340576,0.60898689
LAO,1968,0.18659898,0.0477687,0.0288093,0.01768807,0.01126246,0.00758269,0.00549027,0.00432959,0.00371358,0.00344056,0.00338671,0.00347632,0.00365927,0.00392621,0.00427897,0.00468826,0.005141,0.00563169,0.0062086,0.00688615,0.00759014,0.00818895,0.00859548,0.00882109,0.00896008,0.00904104,0.00910269,0.00918798,0.00930997,0.00947128,0.00967012,0.00989071,0.01012146,0.01034805,0.01056321,0.01077774,0.01100683,0.01127047,0.01157946,0.01192747,0.0123002,0.01267222,0.01302241,0.01334772,0.01366435,0.01401683,0.01445073,0.01501044,0.0157238,0.01658378,0.01757139,0.01863202,0.01970708,0.02077091,0.02181521,0.02290313,0.02412217,0.02556245,0.02731119,0.02939081,0.03179236,0.03443759,0.03720751,0.0400298,0.04285865,0.04576678,0.0488935,0.0523927,0.05643718,0.06111869,0.06647703,0.07248335,0.07904988,0.08614042,0.093738,0.10188854,0.11071084,0.12032625,0.13087743,0.14239756,0.15479956,0.16797302,0.18174165,0.196085,0.21124748,0.22762513,0.24575156,0.26609262,0.28887981,0.31385957,0.34056334,0.36875239,0.39788073,0.42742945,0.45896777,0.4937966,0.52580637,0.55326026,0.58197761,0.61007591
LAO,1969,0.18374733,0.04676468,0.02834453,0.01748568,0.01118127,0.00755458,0.00548404,0.00433132,0.0037172,0.00344303,0.00338664,0.00347325,0.00365351,0.0039181,0.00426835,0.00467548,0.00512626,0.00561465,0.00619768,0.00687133,0.00754825,0.00814966,0.00854481,0.00876823,0.00890595,0.00898665,0.00904836,0.00913357,0.00925576,0.00941768,0.00961804,0.00984042,0.0100724,0.01029915,0.01051437,0.01073081,0.01096262,0.01122774,0.01153671,0.01188503,0.01225653,0.01262503,0.01297315,0.01329897,0.01361641,0.01396889,0.01440404,0.01496473,0.0156779,0.01653788,0.01752586,0.0185865,0.0196613,0.02072508,0.02176959,0.02285825,0.02407854,0.02551919,0.027268,0.02934826,0.03174875,0.03439086,0.0371581,0.03997859,0.04280506,0.04571163,0.04883866,0.05233818,0.05638189,0.06106374,0.06642322,0.07243018,0.07899537,0.08608115,0.09367077,0.10181677,0.11064485,0.12026391,0.13081005,0.1423343,0.15472716,0.1678618,0.18159409,0.19591235,0.21102405,0.22734997,0.24548991,0.26582587,0.2885462,0.31354336,0.34000204,0.36731562,0.39524617,0.4235159,0.45225918,0.48339859,0.51865867,0.55143431,0.57941767,0.60868418
LAO,1970,0.18091233,0.04595125,0.02786632,0.0171981,0.01100072,0.00743379,0.0053964,0.00426145,0.00365636,0.00338596,0.00333006,0.00341528,0.00359316,0.00385446,0.00420036,0.00460239,0.00504752,0.00552951,0.00610348,0.00678175,0.00744689,0.00801216,0.00841169,0.00862428,0.00875925,0.00883819,0.00889865,0.00898197,0.00910167,0.00926104,0.00945889,0.00967968,0.00991057,0.01013622,0.01034988,0.01056469,0.01079635,0.01106147,0.01136859,0.0117133,0.01208185,0.01244686,0.01279057,0.01311482,0.01343421,0.01378864,0.01422368,0.01478352,0.01549318,0.01634641,0.01732627,0.0183791,0.01944703,0.02050545,0.02154665,0.02263264,0.0238497,0.02528521,0.02702406,0.02908974,0.03147246,0.03409359,0.03683914,0.03964151,0.04245494,0.04535078,0.04846865,0.05195938,0.05599017,0.06065273,0.06598895,0.07196984,0.07850727,0.08556341,0.09312096,0.10123346,0.11003338,0.11963555,0.13016086,0.14165368,0.15402406,0.16712437,0.18079566,0.19505812,0.21012849,0.2263884,0.24446584,0.26481387,0.28752511,0.31244895,0.33892911,0.36599528,0.3930464,0.42014758,0.44769023,0.47609105,0.50773733,0.54442429,0.57848329,0.60712447
LAO,1971,0.17822472,0.04507968,0.02731668,0.01684927,0.01077239,0.00727603,0.00527943,0.00416715,0.00357386,0.00330834,0.0032531,0.00333656,0.00351157,0.00376906,0.00410993,0.00450621,0.00494474,0.00541908,0.00598249,0.00664652,0.00732017,0.00787027,0.00823164,0.00845165,0.00857696,0.00865428,0.00871357,0.00879521,0.00891208,0.00906756,0.00926103,0.00947757,0.00970532,0.00992887,0.01014079,0.01035304,0.01058152,0.0108442,0.01114849,0.01148848,0.01185095,0.01221169,0.01255167,0.01287183,0.01319018,0.01354618,0.01398117,0.01453693,0.01523995,0.01608288,0.01704867,0.01808695,0.01914224,0.0201902,0.02122356,0.02230285,0.02351165,0.02493539,0.02665702,0.02869852,0.03105133,0.03364022,0.03635281,0.03912354,0.04191101,0.04478564,0.04788218,0.05134976,0.05535323,0.05998048,0.06527162,0.07120092,0.07768241,0.08467951,0.09217605,0.10022495,0.10895863,0.11849874,0.12897124,0.14040468,0.15270319,0.16573796,0.17932741,0.1934723,0.20842031,0.22456673,0.24250046,0.26271044,0.28537188,0.31022608,0.33656616,0.36358891,0.39029754,0.41635685,0.44250617,0.46942501,0.49786811,0.53022879,0.56806716,0.60318168
LAO,1972,0.17548806,0.04404704,0.02681712,0.01661211,0.01066003,0.00722114,0.00524986,0.00414769,0.00355746,0.00329133,0.00323364,0.00331403,0.00348633,0.00374179,0.00408111,0.00447657,0.00491445,0.00538731,0.00594612,0.00660111,0.00726344,0.00783246,0.00818379,0.00837201,0.00850849,0.00858035,0.00864086,0.00872334,0.00884055,0.00899553,0.00918763,0.0094026,0.00962893,0.00985219,0.01006474,0.0102775,0.01050534,0.01076646,0.0110701,0.01140967,0.01177038,0.01212833,0.01246704,0.01278545,0.01310038,0.01345492,0.01389106,0.01444739,0.01514913,0.01599129,0.01695541,0.01799068,0.01904343,0.02008983,0.02112214,0.02220078,0.02340945,0.02483305,0.02655453,0.02859563,0.03094618,0.03353146,0.03623995,0.03900417,0.04178267,0.04464912,0.04773939,0.05120093,0.05519998,0.05982479,0.06511255,0.07103547,0.07750886,0.08449486,0.09197636,0.10000741,0.10872175,0.11824356,0.12870669,0.14014389,0.15244277,0.16546714,0.17905163,0.19317258,0.2080541,0.22412435,0.24199245,0.26210672,0.2846821,0.30954758,0.33587824,0.36281875,0.3895482,0.41531731,0.44044402,0.46596625,0.49291272,0.52196737,0.55520938,0.59415899
LAO,1973,0.17282307,0.04348291,0.02651315,0.01644622,0.01056609,0.00716351,0.00521176,0.00411936,0.00353406,0.00327016,0.00321271,0.00329281,0.0034641,0.00371753,0.00405355,0.0044444,0.00487764,0.00534563,0.00589794,0.00654459,0.00719786,0.00775955,0.00813737,0.00831713,0.00842452,0.00850678,0.00856085,0.00864271,0.00875889,0.00891367,0.00910493,0.00931914,0.00954528,0.00976842,0.00998257,0.01019701,0.0104261,0.01068779,0.010991,0.01133252,0.01169588,0.01205549,0.01239631,0.01271715,0.01303455,0.01338839,0.01382378,0.0143831,0.01508466,0.01592697,0.01689129,0.01792414,0.01897729,0.0200216,0.02105648,0.02213759,0.02334405,0.02476956,0.02648697,0.02852669,0.03087636,0.0334532,0.03616133,0.03892258,0.04170344,0.04457654,0.0476662,0.05113625,0.05513818,0.05976727,0.06506739,0.07099089,0.07747094,0.08446403,0.0919538,0.10000983,0.10873977,0.11828474,0.12877704,0.14024371,0.15260922,0.16568316,0.17930632,0.19348947,0.20839395,0.22449156,0.24238039,0.26252436,0.28515675,0.31005625,0.33657834,0.36368226,0.39042572,0.41636433,0.44129283,0.46595091,0.49171745,0.51943037,0.5493995,0.58324569
LAO,1974,0.17026011,0.04261527,0.0261267,0.01629143,0.01051549,0.00715609,0.00522011,0.0041316,0.00354537,0.00327855,0.00321752,0.00329424,0.00346323,0.0036868,0.00394621,0.00422891,0.00453674,0.00487608,0.00524602,0.00563891,0.00603156,0.00639012,0.00668627,0.00689938,0.00703705,0.00712587,0.00719938,0.00729674,0.00743632,0.00762661,0.00785914,0.0081141,0.00837413,0.0086247,0.00886468,0.00910423,0.00935795,0.00964301,0.00996631,0.0103243,0.01070329,0.01107913,0.01143612,0.01177158,0.01210351,0.01247083,0.0129179,0.01349187,0.01421761,0.01509153,0.01608726,0.01714706,0.01821534,0.01925863,0.02028339,0.02135271,0.02255201,0.02398211,0.02572108,0.02779446,0.03018248,0.03279429,0.03552466,0.03829269,0.04107083,0.04393433,0.04701158,0.05047451,0.05447778,0.05911281,0.06442213,0.07035514,0.07683879,0.08381512,0.0912698,0.09928893,0.107996,0.11754768,0.12806776,0.13956546,0.15197081,0.16509632,0.17876776,0.19298849,0.20793594,0.22405968,0.24193004,0.26204978,0.28468035,0.30955433,0.33606837,0.36326857,0.39008473,0.41601794,0.4410441,0.46548418,0.4903015,0.51670021,0.54525738,0.5758491
LAO,1975,0.16790269,0.04196412,0.02568667,0.01599638,0.0103142,0.00701308,0.00511225,0.00404386,0.00346801,0.00320508,0.00314411,0.00321886,0.00338504,0.00360634,0.00386434,0.00414611,0.00445293,0.00479024,0.0051578,0.00554825,0.00593768,0.00629221,0.00658332,0.00679188,0.00692656,0.00701244,0.00708543,0.00718013,0.00731669,0.00750158,0.00772756,0.00797593,0.00823039,0.00847666,0.00871303,0.00894921,0.0091993,0.00947995,0.00979775,0.01014923,0.01052162,0.01089292,0.0112482,0.011584,0.01191725,0.01228653,0.01273289,0.01330084,0.01401756,0.01488054,0.01586248,0.01690722,0.01796339,0.01899804,0.0200166,0.02108138,0.02227519,0.02369481,0.0254167,0.02746649,0.02982524,0.03240572,0.03510673,0.0378495,0.04060827,0.04345705,0.0465192,0.04996226,0.05394014,0.05854368,0.06381311,0.06970016,0.07613584,0.08306328,0.09046791,0.09843736,0.10709334,0.11659064,0.1270525,0.13848851,0.15083031,0.16389406,0.17751008,0.19167099,0.20654581,0.22259884,0.24039362,0.26039986,0.28290182,0.30766977,0.33404592,0.3611057,0.38784373,0.41360229,0.43824889,0.46216216,0.48553515,0.50797172,0.52949546,0.56843544
LAO,1976,0.16638351,0.04163384,0.02566203,0.01612474,0.01049653,0.00719987,0.00528546,0.00419819,0.00360123,0.00331687,0.00323703,0.00329792,0.00345747,0.00368348,0.00395791,0.00426429,0.00459967,0.00496519,0.00536708,0.00580055,0.00623212,0.00661868,0.0069227,0.00713197,0.00726805,0.00735567,0.00742561,0.00752011,0.00765327,0.00782796,0.00804161,0.00827954,0.00852984,0.00877688,0.00901467,0.00925275,0.00950506,0.0097881,0.01010787,0.0104606,0.01083375,0.01120626,0.01156505,0.01190706,0.0122477,0.01262451,0.01307956,0.01365473,0.01437599,0.01524498,0.01623549,0.01728953,0.01835539,0.01940352,0.02043893,0.0215217,0.02273525,0.024176,0.02591993,0.02799445,0.03038081,0.03299147,0.03572503,0.03850409,0.0413024,0.04419347,0.04730053,0.05078901,0.0548141,0.0594699,0.06479812,0.07074716,0.07724701,0.08425522,0.09175318,0.0998095,0.1085331,0.11806027,0.12853254,0.13998171,0.15233201,0.16540771,0.17903914,0.19321719,0.20810368,0.22415208,0.24194043,0.26191114,0.28431243,0.30894785,0.335172,0.3619658,0.38827348,0.41333308,0.43636033,0.45889212,0.48477738,0.51957403,0.54187216,0.55789234
LAO,1977,0.16410883,0.04102818,0.0252408,0.01583103,0.01028789,0.0070462,0.00516626,0.00409966,0.00351447,0.00323593,0.00315804,0.0032184,0.0033761,0.00359971,0.0038714,0.00417487,0.00450688,0.00486808,0.00526439,0.00569089,0.00611467,0.00649364,0.00679139,0.00699638,0.00712991,0.00721615,0.00728822,0.00737908,0.00750718,0.00767853,0.00788719,0.00812017,0.00836572,0.00860867,0.008843,0.00907777,0.00932644,0.00960501,0.00991959,0.01026675,0.01063434,0.0110019,0.01135763,0.01170021,0.01204398,0.01242333,0.01287819,0.01345099,0.01416475,0.01502023,0.01599629,0.01703784,0.0180929,0.01913238,0.02016338,0.02124317,0.02245131,0.02388302,0.02561249,0.02766577,0.0300257,0.03260797,0.03531481,0.03807177,0.04085386,0.04373231,0.0468284,0.05030345,0.05430814,0.05893605,0.06422945,0.07014086,0.07659999,0.08356556,0.0910262,0.09904652,0.10773183,0.11722406,0.12765992,0.13907598,0.15139979,0.16444389,0.17804722,0.19221041,0.20708382,0.22310785,0.2408538,0.26079296,0.28313731,0.30762581,0.33359372,0.36019688,0.38621208,0.41030813,0.43219483,0.45582271,0.48743402,0.520358,0.56247968,0.57296838
LAO,1978,0.1619467,0.04028243,0.02483461,0.01561308,0.01016917,0.00697823,0.005124,0.00406985,0.00349008,0.00321315,0.00313475,0.00319342,0.00334884,0.00357015,0.00383967,0.00414123,0.00447159,0.00483116,0.00522564,0.00564999,0.00607148,0.00644823,0.00674406,0.00694767,0.00708014,0.00716543,0.00723652,0.0073289,0.00745327,0.00762052,0.0078283,0.00805925,0.00830337,0.0085451,0.00877843,0.00901232,0.00926004,0.00953761,0.00985124,0.01019792,0.01056559,0.01093357,0.01128941,0.01163254,0.01197884,0.01236136,0.01281771,0.0133893,0.01410134,0.01495237,0.01592061,0.01695611,0.01800817,0.01904546,0.02007397,0.02115256,0.02235883,0.02378543,0.02550763,0.02755155,0.0298995,0.03246926,0.03516469,0.03791294,0.04068951,0.04356411,0.04665557,0.05012492,0.05412072,0.0587338,0.06400817,0.06989896,0.07634026,0.08328921,0.0907333,0.09874156,0.10741567,0.11689118,0.12730952,0.13870375,0.15100733,0.16403594,0.17761849,0.19175994,0.20662482,0.22264551,0.24034731,0.26022714,0.28253848,0.30689156,0.33262409,0.35885066,0.38437319,0.40737529,0.43127457,0.45490535,0.48143581,0.52412267,0.5530283,0.58942981
LAO,1979,0.15701876,0.03870128,0.02386414,0.01500122,0.00976786,0.00670012,0.00491709,0.00390308,0.00334517,0.00307827,0.00300241,0.00305903,0.00320977,0.00342561,0.00368973,0.00398602,0.00431036,0.00466199,0.00504579,0.0054564,0.00586224,0.00622351,0.00650605,0.00670022,0.0068272,0.00690979,0.00697917,0.00706881,0.00719156,0.00735279,0.00755109,0.00777302,0.00800771,0.00824097,0.00846685,0.0086936,0.00893357,0.00920168,0.00950401,0.00983824,0.01019401,0.01055253,0.01090221,0.01124181,0.01158699,0.01197063,0.01242716,0.01299366,0.01369332,0.01452751,0.01547373,0.01648405,0.0175154,0.01853924,0.01955912,0.0206299,0.0218276,0.02323944,0.02493601,0.02694467,0.02924933,0.0317713,0.03442042,0.03712794,0.0398715,0.04271915,0.04578566,0.04922567,0.053185,0.05775204,0.06296692,0.06878726,0.07514974,0.08201712,0.08937736,0.09730011,0.10589541,0.11529758,0.12564232,0.13696966,0.14920727,0.16217122,0.17569167,0.18976083,0.20454518,0.22050245,0.23816369,0.25795066,0.28019129,0.30456929,0.33022413,0.35607748,0.38113923,0.40541528,0.42663173,0.4537814,0.48493318,0.50929385,0.54751347,0.57720777
LAO,1980,0.1517254,0.03682138,0.02267681,0.01419937,0.00919709,0.00627424,0.00458247,0.00362683,0.0031093,0.00287138,0.00281487,0.00288166,0.00303319,0.00323787,0.0034793,0.00374552,0.00403582,0.00435266,0.00469303,0.00504822,0.00539763,0.00571292,0.00597124,0.00615684,0.0062772,0.0063548,0.0064201,0.00650569,0.00662888,0.00679685,0.00700799,0.00723861,0.00747061,0.00769833,0.00791793,0.00813826,0.00837126,0.00863143,0.00892516,0.00925073,0.0095982,0.00994994,0.01029456,0.01062962,0.01096917,0.01134587,0.01179525,0.01235286,0.01303952,0.01385581,0.0147822,0.01577049,0.01677802,0.01778025,0.01878111,0.01983149,0.02100441,0.02238726,0.02404637,0.02600604,0.02825313,0.03071293,0.03329908,0.03594541,0.03863085,0.0414226,0.04443259,0.04781177,0.05169995,0.05618336,0.06130294,0.06701686,0.07326594,0.08000407,0.08722549,0.09501649,0.10350236,0.11283961,0.12314792,0.13443489,0.14663579,0.15956899,0.17306256,0.18711211,0.20188263,0.21782533,0.23548285,0.25528981,0.27749432,0.30189227,0.32769186,0.35358786,0.37794609,0.40076974,0.42662399,0.45165427,0.47968277,0.51234908,0.53944645,0.57337322
LAO,1981,0.14744107,0.03542678,0.02183143,0.0136771,0.00886197,0.00604651,0.00441572,0.00349369,0.00299376,0.00276333,0.0027081,0.00277243,0.00291957,0.00311954,0.00335654,0.00361876,0.00390506,0.00421699,0.00455095,0.00489806,0.00523834,0.00554453,0.00579491,0.00597467,0.00609122,0.0061664,0.00622951,0.00631194,0.00643047,0.00659214,0.00679054,0.00701498,0.00724428,0.00746401,0.00767895,0.00789444,0.00812255,0.00837703,0.00866407,0.00898218,0.00932234,0.00966832,0.01000993,0.010345,0.01068627,0.01106371,0.01151194,0.01206668,0.01274709,0.01355215,0.01446329,0.01543719,0.01643118,0.01742085,0.01841423,0.01946068,0.0206273,0.02199699,0.02363626,0.0255677,0.02777847,0.03020004,0.03275053,0.03536711,0.03803078,0.04080656,0.04380287,0.04716456,0.05102706,0.05547372,0.06054587,0.06620499,0.07239327,0.07906945,0.08622862,0.09396218,0.10239392,0.11167624,0.12193278,0.13317114,0.14531723,0.15819648,0.17164566,0.18565329,0.20038071,0.2162762,0.23390636,0.25371792,0.2759173,0.30024095,0.32607341,0.35220088,0.37731586,0.40007307,0.42015931,0.44818493,0.48256364,0.51044634,0.53766375,0.56566902
LAO,1982,0.14349526,0.03406351,0.02098709,0.01314534,0.00851514,0.00580769,0.00423922,0.00335192,0.00287031,0.00264774,0.00259383,0.00265558,0.00279812,0.00299317,0.00322559,0.00348369,0.0037656,0.00407191,0.00439839,0.00473583,0.00506507,0.00536026,0.00560104,0.00577385,0.00588606,0.0059587,0.00601975,0.00609901,0.00621258,0.00636733,0.00655735,0.00676787,0.00699223,0.00721016,0.00741712,0.00762778,0.00784996,0.00809752,0.00837638,0.0086853,0.00901603,0.0093538,0.00968962,0.01002215,0.01036359,0.01074156,0.01118768,0.01173672,0.01240888,0.01320264,0.01409887,0.0150565,0.01603766,0.01701699,0.01800082,0.01904044,0.02020077,0.02155841,0.02317619,0.025079,0.02725374,0.02963507,0.03214796,0.03473254,0.03737119,0.04012738,0.0431059,0.04644747,0.05028223,0.05469117,0.05971403,0.06531501,0.07143984,0.07804697,0.08513603,0.09279842,0.10116297,0.11038042,0.1205732,0.13175259,0.14384371,0.15666389,0.17004958,0.18399887,0.19866935,0.21451112,0.23207863,0.25184783,0.27406281,0.29845838,0.32435339,0.35072315,0.37625278,0.39984211,0.42219326,0.44337316,0.47190876,0.50653821,0.53568696,0.56330867
LAO,1983,0.13977861,0.03259374,0.02016122,0.0126746,0.00823626,0.00563119,0.00411675,0.00325707,0.00278857,0.00257048,0.00251599,0.00257432,0.00271231,0.00290323,0.0031326,0.00338898,0.00366972,0.0039743,0.00429787,0.00463069,0.00495396,0.00524287,0.00547806,0.00564689,0.00575679,0.00582822,0.00588826,0.00596567,0.00607592,0.00622581,0.00640996,0.00661437,0.00682667,0.00704159,0.00724968,0.00745554,0.00767516,0.00791892,0.00819314,0.00849675,0.00882201,0.00915499,0.00948745,0.00981852,0.01016041,0.01053957,0.01098564,0.01153105,0.01219639,0.01298236,0.01386961,0.01481704,0.01578812,0.01676093,0.01773922,0.01877096,0.01992357,0.02127209,0.02287457,0.02475472,0.02690319,0.02925588,0.03174062,0.03430254,0.03692452,0.03966795,0.04263455,0.04596107,0.04977523,0.05415535,0.05914049,0.06469671,0.07077309,0.07733183,0.08437165,0.09198458,0.10029898,0.10947018,0.11961667,0.13074789,0.14279345,0.15557012,0.16890804,0.18280786,0.19743746,0.21324113,0.23077426,0.25051536,0.27273592,0.29714825,0.32310476,0.34958427,0.37549009,0.39988818,0.42173658,0.44406641,0.46749132,0.49781967,0.53189967,0.56193014
LAO,1984,0.1360963,0.03139888,0.01943187,0.01222364,0.00794732,0.005435,0.00397301,0.00314194,0.00268808,0.00247579,0.0024217,0.00247731,0.00261111,0.00279791,0.00302381,0.00327757,0.00355602,0.00385764,0.00417698,0.00450403,0.00482042,0.00510229,0.0053313,0.00549568,0.00560279,0.00567252,0.00573091,0.00580566,0.00591176,0.00605574,0.00623278,0.00642988,0.00663541,0.00683946,0.00704451,0.00725012,0.00746505,0.00770463,0.00797351,0.00827106,0.0085903,0.0089183,0.00924745,0.00957739,0.00991999,0.01030082,0.01074786,0.01129118,0.01194943,0.01272469,0.01360101,0.01453831,0.01550018,0.01646565,0.01744084,0.01846884,0.01961267,0.02094953,0.02253611,0.02439258,0.02651027,0.0288317,0.0312869,0.03382421,0.03643021,0.03916324,0.0421211,0.04543556,0.04922993,0.05358148,0.05852832,0.06403887,0.07006578,0.07657518,0.08356914,0.09113618,0.09940457,0.10852845,0.11863028,0.12971895,0.14172318,0.15446508,0.16777501,0.18164505,0.19624636,0.21203406,0.22955713,0.24927873,0.27148006,0.29592553,0.32192563,0.34849818,0.37455336,0.39941,0.4223243,0.44185336,0.46516869,0.49545659,0.52932827,0.55881665
LAO,1985,0.13240974,0.03010328,0.0186762,0.01177317,0.00766794,0.00525114,0.00384211,0.0030398,0.00260094,0.00239526,0.00234252,0.00239616,0.00252603,0.0027081,0.00292909,0.00317807,0.00345155,0.00374759,0.00406037,0.00437976,0.00468799,0.00496198,0.00518425,0.00534374,0.00544773,0.00551554,0.00557232,0.0056448,0.00574756,0.005887,0.00605854,0.00624997,0.00645031,0.0066501,0.006848,0.00705252,0.00726709,0.00750326,0.00776827,0.00806149,0.00837638,0.0087009,0.00902789,0.00935696,0.00969981,0.01008113,0.01052827,0.01106988,0.01172308,0.01248891,0.01335361,0.01428145,0.01523653,0.01619679,0.01716783,0.01819385,0.01933249,0.0206566,0.02222706,0.02406433,0.02615727,0.02845097,0.03088173,0.03339811,0.03598739,0.03870896,0.041657,0.04495902,0.0487354,0.05306167,0.05797639,0.06344956,0.06943535,0.07590291,0.0828567,0.09038647,0.09861729,0.10770328,0.11776762,0.12882297,0.14079765,0.15351381,0.16680431,0.18066027,0.1952431,0.21101148,0.22852478,0.2482446,0.27044353,0.29489174,0.32095332,0.34759313,0.37376068,0.3987804,0.42291799,0.44590257,0.46585468,0.4902252,0.52184477,0.55666778
LAO,1986,0.1289112,0.02884814,0.01792253,0.01131287,0.00737667,0.00505646,0.0037023,0.00293055,0.00250816,0.00231016,0.00225959,0.00231174,0.00243771,0.00261452,0.00282934,0.00307166,0.00333796,0.0036261,0.00393032,0.00424057,0.00453958,0.00480511,0.00502031,0.00517466,0.0052753,0.00534094,0.00539584,0.00546584,0.00556506,0.00569988,0.00586608,0.00605196,0.00624722,0.0064429,0.00663764,0.00683694,0.00705022,0.00728428,0.00754632,0.00783527,0.00814649,0.00846824,0.00879392,0.00912314,0.00946682,0.00984878,0.01029537,0.01083456,0.01148261,0.01223985,0.01309225,0.01400742,0.01495388,0.01590959,0.01687771,0.0179,0.01903481,0.02034896,0.0218996,0.02371335,0.0257806,0.02804593,0.03044884,0.03294416,0.03551799,0.03822708,0.0411652,0.0444552,0.04821371,0.052515,0.05739704,0.0628326,0.06877859,0.07520561,0.08212128,0.0896162,0.09781591,0.10687052,0.11690292,0.12792769,0.13987888,0.15257779,0.16585578,0.17970808,0.1942961,0.21006787,0.22759435,0.24734921,0.26959831,0.29411189,0.3202668,0.34709751,0.37352507,0.3989823,0.4232416,0.44716735,0.47074747,0.49204142,0.51802122,0.5505456
LAO,1987,0.12555853,0.02749915,0.01719688,0.01092424,0.00716473,0.00493506,0.00362659,0.00287732,0.00246528,0.00227052,0.00221913,0.00226819,0.00238997,0.00256246,0.00277328,0.00301214,0.00327526,0.00355995,0.00386019,0.0041658,0.0044597,0.00472021,0.00493108,0.00508234,0.00518121,0.00524602,0.00530045,0.00536957,0.0054672,0.00559957,0.00576279,0.00594564,0.00613809,0.0063316,0.00652488,0.0067232,0.00693467,0.00716805,0.00742721,0.00771603,0.0080247,0.00834553,0.00867106,0.00900107,0.00934594,0.00972859,0.01017503,0.01071267,0.01135801,0.01211125,0.01295796,0.01386573,0.01480575,0.01575936,0.01672841,0.017751,0.01888322,0.02019354,0.02173441,0.02353058,0.02558011,0.02782994,0.03021773,0.03269992,0.03526702,0.03797193,0.04090519,0.0441892,0.04793785,0.0522242,0.05708654,0.06249899,0.06842115,0.07482557,0.08171981,0.08919576,0.09737856,0.1064172,0.11643112,0.127436,0.1393669,0.15205267,0.16532507,0.17917618,0.19377157,0.20955854,0.22709516,0.24686726,0.2691526,0.29371275,0.31992448,0.3468363,0.37344055,0.39913528,0.42379824,0.44778678,0.47220994,0.4968442,0.51959025,0.54672655
LAO,1988,0.12182843,0.02626029,0.01646348,0.01048139,0.00688704,0.00475082,0.00349495,0.0027746,0.00237804,0.00219077,0.0021418,0.00218987,0.00230832,0.00247603,0.0026812,0.00291398,0.00317067,0.00344863,0.00374175,0.00403988,0.00432635,0.00458005,0.00478525,0.00493231,0.00502825,0.00509099,0.00514354,0.00521032,0.00530483,0.00543328,0.00559204,0.00577046,0.00595897,0.00614928,0.00634013,0.00653655,0.00674627,0.00697908,0.00723508,0.00751658,0.00782593,0.0081436,0.00846909,0.00880017,0.00914685,0.00953077,0.00997671,0.01051158,0.01115167,0.01189802,0.01273674,0.0136359,0.01456681,0.01551359,0.01648083,0.01750364,0.01863324,0.01993491,0.02146326,0.02323881,0.02525901,0.02748135,0.02984714,0.03231085,0.03486349,0.03756034,0.04048664,0.04376012,0.04749397,0.05175894,0.05659285,0.06197259,0.06786037,0.0742323,0.08109809,0.08854815,0.09670878,0.10572796,0.11572409,0.12670995,0.13862215,0.15129152,0.16455709,0.17841059,0.19301413,0.20882003,0.22638697,0.24618805,0.26851732,0.29315044,0.3194525,0.34646851,0.37320115,0.399118,0.42405885,0.44848818,0.4730008,0.49851908,0.52455914,0.54854709
LAO,1989,0.11802627,0.02510768,0.01579727,0.01009153,0.00665119,0.00459981,0.00339031,0.00269474,0.00231091,0.00212911,0.00208117,0.00212746,0.00224236,0.00240608,0.00260753,0.00283695,0.00309043,0.00336487,0.0036547,0.00394995,0.00423341,0.00448369,0.00468472,0.00482779,0.00492089,0.00498161,0.00503246,0.00509724,0.00518904,0.00531388,0.00546847,0.00564263,0.00582724,0.00601431,0.0062025,0.00639664,0.0066042,0.00683463,0.00709291,0.00737038,0.00766884,0.00798947,0.00831178,0.00864351,0.00899126,0.00937595,0.00982113,0.01035254,0.01098665,0.01172498,0.01255525,0.01344679,0.01437104,0.01531149,0.01627457,0.01729715,0.01842681,0.01972329,0.02123883,0.02299797,0.02499487,0.0271879,0.02952951,0.03197706,0.03451753,0.03720408,0.04012367,0.04338751,0.04710487,0.05134792,0.05615361,0.06150043,0.06735354,0.07369129,0.08052583,0.08794729,0.09607938,0.10507047,0.11503849,0.12599688,0.13788002,0.15052137,0.16376117,0.17759742,0.19219108,0.2079892,0.2255556,0.24536361,0.26769201,0.29233615,0.31867685,0.34574548,0.37254049,0.39853845,0.42364891,0.44828914,0.47315863,0.49865083,0.52545162,0.55250434
LAO,1990,0.11446312,0.02403181,0.01518358,0.00974483,0.0064522,0.00448013,0.00331237,0.00263767,0.00226278,0.00208275,0.00203262,0.00207479,0.00218514,0.00234544,0.00254502,0.0027738,0.00302704,0.00330059,0.00358981,0.00388518,0.00416822,0.00441668,0.00461359,0.00475204,0.00484223,0.00490122,0.00495081,0.00501393,0.0051024,0.00522176,0.0053697,0.00553733,0.00571673,0.00590011,0.00608543,0.00627723,0.0064825,0.00671019,0.00696511,0.00724744,0.00754189,0.00784892,0.00817626,0.00850554,0.00885514,0.00924139,0.00968693,0.01021608,0.01084454,0.01157486,0.01239605,0.0132799,0.01419916,0.01513731,0.01609906,0.01712168,0.01825422,0.01955211,0.02106232,0.02280838,0.02478988,0.0269633,0.029282,0.03171482,0.03425073,0.03693599,0.03985432,0.04311818,0.04683082,0.0510621,0.0558515,0.06117822,0.06700899,0.07332681,0.08014483,0.08755142,0.09566759,0.10463577,0.11457802,0.12551432,0.13737897,0.15000211,0.16322623,0.17704825,0.19163488,0.20743231,0.22499965,0.2448186,0.26717038,0.2918347,0.31821547,0.34535889,0.37224461,0.39834045,0.42356156,0.44840081,0.47351134,0.49939957,0.52621089,0.55406971
LAO,1991,0.11064552,0.02279849,0.01442283,0.00926108,0.00613169,0.00425615,0.00314523,0.00250361,0.00214806,0.00197866,0.00193322,0.00197567,0.00208287,0.00223673,0.00242691,0.00264444,0.00288516,0.00314533,0.00341827,0.00369365,0.00395602,0.0041865,0.00437148,0.00450321,0.0045887,0.00464454,0.00469161,0.00475188,0.00483757,0.00495439,0.00509944,0.00526359,0.00543862,0.00561736,0.00579858,0.00598657,0.00618805,0.00641162,0.00666193,0.00693931,0.00723995,0.00754434,0.00785714,0.00819187,0.00853812,0.00892418,0.00936773,0.00989209,0.010512,0.01122999,0.01203677,0.01290679,0.01381568,0.01474745,0.01570551,0.01672325,0.01784949,0.01914104,0.02064043,0.02236672,0.02431939,0.02646293,0.02874986,0.0311496,0.03366178,0.03633244,0.03923702,0.04248338,0.04617616,0.05037939,0.05513063,0.06041389,0.06619796,0.072466,0.07923386,0.0865933,0.09466913,0.10360681,0.11352394,0.12443781,0.13628643,0.14890204,0.16212233,0.17594494,0.19053387,0.2063404,0.22392235,0.24375704,0.26613639,0.29084343,0.317238,0.34439607,0.37132205,0.39740522,0.42248514,0.44694871,0.47129167,0.4954506,0.51893119,0.54933031
LAO,1992,0.10715391,0.02175473,0.01382577,0.00892261,0.00593745,0.00414026,0.00307116,0.00245103,0.0021054,0.0019389,0.00189228,0.00193132,0.00203414,0.00218332,0.0023686,0.00258127,0.00281709,0.00307196,0.0033392,0.00360849,0.00386461,0.00408914,0.00426896,0.00439684,0.00447984,0.00453422,0.00458024,0.00463919,0.00472292,0.00483701,0.00497876,0.00513944,0.00531121,0.00548721,0.00566624,0.00585236,0.006052,0.00627347,0.00652135,0.00679608,0.00709426,0.00740837,0.00771937,0.00804041,0.00839548,0.00877892,0.00922247,0.00974409,0.01035831,0.01106754,0.01186322,0.01272229,0.01362247,0.01454979,0.01550719,0.01652515,0.01764816,0.018933,0.02042499,0.02214053,0.02407577,0.02619697,0.02846468,0.03084608,0.03334009,0.03600093,0.03890194,0.04214084,0.04581851,0.05000353,0.05472941,0.0599807,0.0657314,0.07196627,0.07870294,0.08603298,0.094081,0.10299149,0.11288084,0.12376552,0.13558612,0.14817967,0.16138416,0.17519035,0.18976605,0.20555762,0.22312684,0.24295676,0.26533668,0.2900622,0.31652116,0.34372401,0.3706781,0.39682746,0.42194133,0.44636311,0.47052113,0.49408515,0.52149169,0.55063884
LAO,1993,0.10349936,0.02071423,0.01324487,0.00859758,0.00575085,0.00402688,0.00299593,0.00239563,0.00205997,0.0018971,0.0018504,0.00188717,0.00198655,0.0021321,0.00231399,0.00252367,0.00275656,0.00300802,0.00327123,0.00353583,0.00378677,0.00400616,0.00418137,0.00430578,0.00438658,0.0044397,0.00448488,0.00454273,0.00462474,0.00473635,0.00487502,0.00503246,0.00520117,0.00537459,0.00555154,0.00573592,0.00593386,0.00615333,0.00639894,0.00667123,0.00696711,0.00727956,0.00760435,0.00792426,0.00826327,0.00865605,0.00909507,0.00961463,0.010224,0.01092617,0.01171287,0.01256227,0.01345435,0.0143765,0.01533281,0.01635212,0.0174756,0.01875555,0.02023858,0.02194548,0.02387035,0.02597735,0.02822863,0.030599,0.03308282,0.03573089,0.03862502,0.04186114,0.04553078,0.04970048,0.05440949,0.05963907,0.06536461,0.07157562,0.07828955,0.08559874,0.09362742,0.10252053,0.11239536,0.12326803,0.1350766,0.14766155,0.16086412,0.17467274,0.18924501,0.20503017,0.22259279,0.24242317,0.26481356,0.28955198,0.31603204,0.34327914,0.37033372,0.3965996,0.42178813,0.44626055,0.47039104,0.49388988,0.52061538,0.55609581
LAO,1994,0.10017777,0.01971057,0.01274186,0.00836416,0.00565328,0.00399332,0.00299063,0.00240225,0.00207052,0.00190629,0.00185572,0.0018878,0.00198287,0.00212529,0.00230521,0.00251413,0.00274686,0.00299786,0.00326013,0.00352323,0.00377204,0.00398895,0.00416175,0.00428451,0.00436482,0.0044184,0.00446447,0.00452304,0.00460527,0.0047164,0.00485405,0.00501022,0.00517773,0.00535028,0.00552677,0.00571096,0.00590878,0.00612792,0.00637285,0.00664436,0.00693954,0.00725172,0.00757687,0.00791501,0.00825355,0.00862819,0.00907733,0.00959132,0.01019822,0.0108959,0.01167713,0.01252059,0.013407,0.01432555,0.01528083,0.01630208,0.01742899,0.0187106,0.02018992,0.02189076,0.02381246,0.02591719,0.02816416,0.03052935,0.03301395,0.03566112,0.0385483,0.04178035,0.04544878,0.04961264,0.05431005,0.05952965,0.06524273,0.07143953,0.07814093,0.08543826,0.09345551,0.10233535,0.1121972,0.12306056,0.13486129,0.14743532,0.16062972,0.17443657,0.1890092,0.20479387,0.22235434,0.24217395,0.26456219,0.28931111,0.3157856,0.34303145,0.37000704,0.39615467,0.42120997,0.44524353,0.46824882,0.4923249,0.52086195,0.55368326
LAO,1995,0.09666397,0.01842682,0.01198564,0.00790711,0.00536624,0.00380318,0.00285503,0.00229508,0.00197738,0.00182022,0.0017722,0.00180362,0.00189567,0.00203377,0.002209,0.00241344,0.00264196,0.00288881,0.00314608,0.00340258,0.00364384,0.00385321,0.00401949,0.00413728,0.00421384,0.00426462,0.00430831,0.0043643,0.00444346,0.0045509,0.00468439,0.00483626,0.00499961,0.00516837,0.0053415,0.00552262,0.00571746,0.0059335,0.0061751,0.00644312,0.00673509,0.00704459,0.00736767,0.00770428,0.00806119,0.00843138,0.00885593,0.00937628,0.00997198,0.01066205,0.01143383,0.01226748,0.01314407,0.0140529,0.01499981,0.0160137,0.01713431,0.01840897,0.01987718,0.02155908,0.0234582,0.02554423,0.02777524,0.0301234,0.03258953,0.0352232,0.0380943,0.04130347,0.04495229,0.04909881,0.05377223,0.05896194,0.06464709,0.07081445,0.07748664,0.08475736,0.0927517,0.10161309,0.1114568,0.12230416,0.13409471,0.14666061,0.15984253,0.17364107,0.18821015,0.2039857,0.22153759,0.24135502,0.26373683,0.28849185,0.31504977,0.34239279,0.36943495,0.39558737,0.42064241,0.44474277,0.46751706,0.49012845,0.51932174,0.55464032
LAO,1996,0.09334034,0.01742942,0.01140216,0.00756349,0.00515722,0.00366816,0.0027602,0.00222143,0.0019146,0.00176243,0.00171577,0.00174615,0.00183554,0.00197043,0.00214259,0.00234435,0.0025704,0.00281451,0.00306827,0.00332015,0.00355599,0.00375982,0.00392114,0.0040351,0.00410899,0.00415795,0.0042002,0.00425455,0.00433156,0.00443621,0.00456642,0.00471484,0.00487487,0.0050407,0.00521131,0.0053902,0.00558288,0.00579657,0.00603563,0.00630093,0.00659022,0.00689777,0.00721978,0.00755611,0.00791319,0.00830568,0.00872591,0.0092193,0.00982206,0.01050014,0.0112645,0.01208998,0.01295922,0.01386155,0.01480253,0.0158117,0.01692801,0.01819862,0.01966139,0.02133393,0.0232169,0.0252852,0.02750496,0.02984606,0.03230496,0.03493015,0.03779695,0.04099701,0.04462674,0.04875618,0.05341541,0.0585854,0.06424664,0.07039406,0.07704673,0.08429857,0.09227552,0.10112104,0.11095162,0.12178543,0.13356423,0.14612405,0.15930443,0.17309629,0.18766295,0.20344396,0.22099148,0.24081411,0.26320145,0.28794089,0.3144592,0.34181153,0.36887458,0.39495574,0.41973361,0.44321527,0.46663132,0.4930502,0.52251274,0.5518632
LAO,1997,0.09000643,0.01641164,0.01085245,0.00726822,0.00499751,0.00357916,0.00270694,0.00218534,0.00188621,0.00173655,0.00168945,0.00171774,0.00180421,0.0019362,0.002106,0.00230621,0.00253131,0.0027746,0.00302726,0.00327738,0.00351086,0.00371204,0.00387089,0.00398297,0.00405563,0.00410392,0.00414573,0.00419956,0.00427578,0.00437929,0.00450813,0.00465514,0.00481385,0.00497864,0.0051485,0.00532685,0.00551912,0.00573243,0.00597105,0.00623595,0.00652493,0.0068324,0.00715496,0.00749227,0.00785039,0.00824352,0.00868844,0.00917493,0.00974697,0.01043399,0.01118694,0.01200741,0.01287133,0.0137692,0.01470587,0.01570991,0.01682144,0.01808709,0.01954541,0.02121338,0.02308959,0.02514631,0.02735472,0.0296924,0.03215225,0.03477643,0.03763853,0.04083607,0.04445645,0.04856564,0.0532079,0.05836701,0.06401419,0.07014559,0.07678828,0.08403045,0.09199809,0.10083631,0.11066217,0.12149119,0.13326291,0.14582141,0.15900458,0.17280081,0.18736507,0.20315227,0.22072068,0.24054004,0.26294065,0.28770516,0.31425395,0.3416275,0.36869002,0.3947714,0.41950382,0.44271252,0.46492852,0.48816215,0.51999718,0.55827269
LAO,1998,0.08692073,0.01545794,0.01033315,0.00699226,0.0048526,0.00350214,0.00266379,0.00215795,0.00186522,0.00171686,0.00166832,0.00169377,0.0017769,0.00190593,0.00207351,0.00227248,0.00249696,0.00273962,0.00299109,0.00323899,0.00346936,0.0036671,0.00382279,0.00393263,0.00400405,0.00405191,0.0040937,0.00414736,0.00422299,0.00432536,0.00445263,0.00459789,0.00475492,0.00491827,0.00508694,0.00526436,0.00545582,0.00566822,0.00590579,0.00616945,0.00645729,0.0067639,0.00708598,0.00742358,0.00778244,0.0081763,0.00862129,0.00913564,0.00970392,0.01036004,0.01112223,0.01193146,0.01279127,0.01368527,0.01461902,0.0156201,0.01672738,0.01798822,0.01944071,0.02110345,0.02297528,0.02502689,0.02722625,0.02955666,0.03201902,0.0346498,0.03751559,0.04071184,0.04433338,0.04843753,0.05306195,0.05820541,0.0638456,0.06996794,0.07659817,0.08383372,0.09179354,0.10062332,0.11044218,0.12126722,0.13303402,0.14558223,0.15876459,0.17256581,0.18714268,0.20294156,0.22053592,0.24041914,0.2628793,0.28773884,0.31441269,0.34196802,0.36939185,0.39602498,0.42181266,0.44677779,0.47178427,0.49660651,0.51680667,0.54962795
LAO,1999,0.08401299,0.01434292,0.00979265,0.00676097,0.00477726,0.00349924,0.00269048,0.00219333,0.00189997,0.00174683,0.00169216,0.00171171,0.0017903,0.00191738,0.00208601,0.00228913,0.00251972,0.00276861,0.0030249,0.00327495,0.00350493,0.00370059,0.00385386,0.00396231,0.00403386,0.0040833,0.00412745,0.00418344,0.00426086,0.00436414,0.00449149,0.00463627,0.0047926,0.00495538,0.00512373,0.00530099,0.00549236,0.00570461,0.00594185,0.00620489,0.00649163,0.00679682,0.00711727,0.00745319,0.00781077,0.00820382,0.00864875,0.00916357,0.00976092,0.01042015,0.01116151,0.01198626,0.01284237,0.01373798,0.01467227,0.01567348,0.01678073,0.01804219,0.01949777,0.02116564,0.02304619,0.02510973,0.02732054,0.02965561,0.03212048,0.03476135,0.03763971,0.04084553,0.04447389,0.04859235,0.05323333,0.05838462,0.0640336,0.07017334,0.07681823,0.08406082,0.0920295,0.10086372,0.11068447,0.12151353,0.13328999,0.14584537,0.15902265,0.17282578,0.18740459,0.20320453,0.22079444,0.24068187,0.26318682,0.28808369,0.31480986,0.34242878,0.36992682,0.39681165,0.42286342,0.44852348,0.47403293,0.50014231,0.52702967,0.54597876
LAO,2000,0.08115006,0.01362905,0.00933151,0.00646276,0.00458019,0.00336361,0.0025915,0.00211556,0.00183388,0.00168621,0.00163303,0.00165145,0.00172718,0.00185028,0.00201411,0.00221181,0.00243652,0.00267905,0.00292866,0.00317192,0.00339531,0.00358496,0.003733,0.00383743,0.00390614,0.00395354,0.00399591,0.00404979,0.0041245,0.00422441,0.00434786,0.00448862,0.00464115,0.00480063,0.00496619,0.00514091,0.00532963,0.00553886,0.00577275,0.00603235,0.0063159,0.00661856,0.00693776,0.00727383,0.00763266,0.00802701,0.00847195,0.00898472,0.00957666,0.01025115,0.01098093,0.01177444,0.01263333,0.01351597,0.01444565,0.01544301,0.01654485,0.01779692,0.01923803,0.02088727,0.0227445,0.02478489,0.02697725,0.02929829,0.03174928,0.03438072,0.03726182,0.04047121,0.04409236,0.0481909,0.05281048,0.05793948,0.06355443,0.06966013,0.07628592,0.0835134,0.09146391,0.10028319,0.1100837,0.12089115,0.13265488,0.14521446,0.15840165,0.17221251,0.18682136,0.20265691,0.22028668,0.2402191,0.2627844,0.28779858,0.31467883,0.34250177,0.3702177,0.39729789,0.42362414,0.44958456,0.47580958,0.50255622,0.52997867,0.55831563
LAO,2001,0.07822946,0.0128787,0.00880608,0.00608835,0.00430738,0.00315858,0.00243101,0.00198348,0.00171937,0.00158182,0.00153347,0.00155272,0.00162605,0.00174419,0.00190097,0.00208998,0.00230479,0.0025367,0.0027753,0.00300769,0.00322092,0.00340177,0.00354262,0.00364135,0.00370571,0.00374963,0.00378876,0.00383896,0.00390923,0.00400391,0.00412161,0.00425645,0.00440319,0.00455742,0.00471834,0.0048887,0.00507293,0.005277,0.00550512,0.00575885,0.00603698,0.00633535,0.00665152,0.00698624,0.00734489,0.00773915,0.00818233,0.00868975,0.0092727,0.0099337,0.01066889,0.01144464,0.01227049,0.01315308,0.01406783,0.01505696,0.01614876,0.01738465,0.01880133,0.02041862,0.02223858,0.02423802,0.02639264,0.02868513,0.03111475,0.03372398,0.0365851,0.03978371,0.04338954,0.04745591,0.05202529,0.05710261,0.06267104,0.06871943,0.07528585,0.08247059,0.09038462,0.09916279,0.10892371,0.11968573,0.1314013,0.14392843,0.15710996,0.17092118,0.18552253,0.20137559,0.21902899,0.2389831,0.26157806,0.28665541,0.31363559,0.3415828,0.36952987,0.39681734,0.42333319,0.44950686,0.47602205,0.50324061,0.53129443,0.5598869
LAO,2002,0.07525996,0.01210152,0.0083368,0.00580567,0.0041344,0.00304826,0.00235554,0.00192677,0.00167219,0.00153841,0.00149037,0.0015078,0.0015781,0.00169271,0.00184584,0.00203135,0.00224273,0.0024711,0.00270578,0.00293347,0.00314155,0.00331745,0.00345415,0.00354983,0.00361196,0.00365443,0.0036925,0.00374145,0.00380994,0.00390214,0.00401683,0.0041486,0.00429236,0.00444373,0.00460221,0.00477057,0.00495293,0.00515493,0.00538032,0.00563095,0.00590635,0.00620283,0.00651792,0.00685193,0.00721042,0.00760457,0.00804734,0.00855267,0.00913092,0.00978592,0.01051301,0.0112997,0.01211812,0.01298108,0.01390352,0.01488345,0.01597011,0.01719829,0.0186019,0.02020123,0.02200132,0.02398143,0.02611592,0.02839231,0.03081427,0.03341835,0.03626774,0.03945337,0.04305626,0.04711756,0.05166857,0.05671458,0.06225656,0.06829445,0.07484163,0.08199927,0.08990169,0.09867348,0.10841862,0.11916264,0.130851,0.14334479,0.15651292,0.17034673,0.18497681,0.20083791,0.2185181,0.23850213,0.26111765,0.28621608,0.31322067,0.3412183,0.36919778,0.39663002,0.42327113,0.4495312,0.47618837,0.50375603,0.53220832,0.5610846
LAO,2003,0.07240907,0.01128703,0.00783363,0.00549499,0.00393973,0.00292182,0.00226809,0.00186079,0.00161772,0.00148931,0.00144258,0.00145869,0.00152594,0.00163651,0.00178496,0.00196542,0.00217163,0.00239485,0.00262472,0.00284775,0.00305093,0.00322226,0.0033552,0.00344822,0.00350841,0.003549,0.00358529,0.0036324,0.00369875,0.00378844,0.00390028,0.00402914,0.00417041,0.00431951,0.00447555,0.00464187,0.00482269,0.00502316,0.00524689,0.00549519,0.00576823,0.00606343,0.0063785,0.00671313,0.00707176,0.00746558,0.00790705,0.00840982,0.00898283,0.00962928,0.01034708,0.0111231,0.0119471,0.01280198,0.0137086,0.0146936,0.01576713,0.01698318,0.01837041,0.01994629,0.02171801,0.02367074,0.02578133,0.02803426,0.03043788,0.03303269,0.03587297,0.03903763,0.04261473,0.04665931,0.05118878,0.05619855,0.06169102,0.06768878,0.07422265,0.08135817,0.08922353,0.09797234,0.10770018,0.11841424,0.13006511,0.14251014,0.15562302,0.16943016,0.18408633,0.1999772,0.21765724,0.23765203,0.26026331,0.28534087,0.31234457,0.34033891,0.36831367,0.39575712,0.42255642,0.44897183,0.47562342,0.5031365,0.53189939,0.56142214
LAO,2004,0.06963857,0.01038457,0.00735021,0.00525361,0.00383134,0.00288236,0.0022617,0.00186786,0.00162834,0.00149875,0.00144886,0.00146103,0.00152449,0.00163248,0.00178006,0.00196151,0.00216982,0.00239537,0.0026271,0.00285133,0.00305459,0.00322443,0.00335549,0.00344734,0.0035075,0.00354881,0.00358577,0.00363349,0.0037004,0.00379038,0.00390228,0.0040309,0.00417182,0.0043212,0.00447766,0.00464374,0.00482468,0.00502606,0.00525099,0.00550056,0.00577387,0.00606882,0.00638437,0.00672024,0.00707993,0.00747362,0.0079147,0.00841721,0.00899099,0.00963765,0.01035414,0.01113015,0.01195295,0.01281792,0.01372569,0.01470748,0.01579084,0.01700074,0.01838434,0.01995674,0.02172158,0.02366638,0.02577293,0.02802505,0.03042385,0.03301392,0.03585618,0.03902072,0.04258537,0.04661709,0.05115161,0.05616858,0.06165771,0.0676394,0.07416907,0.08133688,0.08921976,0.09795497,0.10767882,0.11839507,0.13003437,0.14246013,0.15554306,0.16931182,0.18397117,0.19994054,0.21767762,0.23765039,0.26021357,0.28520853,0.31209638,0.33998902,0.36790235,0.39526806,0.42200147,0.44855119,0.47533513,0.50275788,0.53126724,0.56065385
LAO,2005,0.06686883,0.00972558,0.00687905,0.00491431,0.00358312,0.00269588,0.00211597,0.00174811,0.00152431,0.00140326,0.00135728,0.00137008,0.00143135,0.00153482,0.001676,0.00184973,0.00204914,0.00226444,0.00248501,0.00269795,0.00289135,0.00305273,0.00317598,0.00326166,0.00331752,0.00335598,0.0033904,0.00343456,0.00349692,0.00358156,0.00368743,0.00380989,0.00394464,0.00408818,0.00424003,0.00440172,0.00457691,0.00477216,0.00499121,0.00523485,0.00550251,0.00579142,0.00610169,0.00643503,0.00679458,0.00718805,0.00762611,0.0081223,0.00868604,0.00932019,0.01002064,0.01077798,0.01158545,0.01243694,0.01333881,0.01431664,0.01539753,0.0166034,0.01796286,0.01950403,0.02123135,0.02313082,0.02519157,0.02740795,0.02978121,0.03234536,0.03516376,0.03831056,0.04184916,0.04583295,0.05031025,0.05528447,0.06072871,0.06665048,0.0731034,0.08020823,0.08808548,0.09680574,0.10647695,0.11716107,0.1287909,0.14120701,0.15427194,0.16800242,0.18259872,0.19855181,0.2164019,0.23648009,0.2590733,0.28410807,0.3110313,0.33894891,0.36691472,0.39433091,0.42101323,0.44751758,0.47451231,0.50222941,0.53087653,0.56043885
LAO,2006,0.06413637,0.00906352,0.0064508,0.00463823,0.00340169,0.00257221,0.00202685,0.00167869,0.00146526,0.0013484,0.00130271,0.00131373,0.00137223,0.00147245,0.0016102,0.00178051,0.0019767,0.00218851,0.00240473,0.00261259,0.00280043,0.00295734,0.00307655,0.00315788,0.0032104,0.00324669,0.00327972,0.00332225,0.00338164,0.00346209,0.00356324,0.00368088,0.00381131,0.00395095,0.00409915,0.00425834,0.00443091,0.00462149,0.00483551,0.00507493,0.00533888,0.00562501,0.00593201,0.00626242,0.00662109,0.00701515,0.00745371,0.007948,0.00850659,0.00913263,0.00982487,0.0105732,0.01137029,0.01221537,0.01311187,0.01408007,0.01515284,0.01635882,0.01771291,0.01923286,0.02093482,0.02280785,0.02483779,0.02702451,0.02937912,0.0319331,0.03473648,0.03786535,0.04139007,0.0453509,0.04978382,0.05470744,0.06012048,0.06601317,0.07242167,0.07945576,0.08726555,0.09598061,0.10563872,0.1162646,0.12785452,0.14026169,0.15333257,0.16706293,0.18162472,0.1974777,0.21524403,0.23539171,0.25803161,0.28299564,0.30983952,0.33770589,0.36564068,0.39311254,0.41994706,0.44644288,0.47337559,0.50123142,0.52998381,0.55957276
LAO,2007,0.06143249,0.00848574,0.00604366,0.00434785,0.0031908,0.00241373,0.00190278,0.0015769,0.00137743,0.00126851,0.00122635,0.0012376,0.00129409,0.00139054,0.00152279,0.00168626,0.00187471,0.00207861,0.0022865,0.00248475,0.00266247,0.00281013,0.00292327,0.00300086,0.00304984,0.00308312,0.00311362,0.00315366,0.00321019,0.00328691,0.00338371,0.0034969,0.00362279,0.0037582,0.00390244,0.00405771,0.00422741,0.00441468,0.00462274,0.00485589,0.00511509,0.00539793,0.00570338,0.00603208,0.00638937,0.00678343,0.00722165,0.00771413,0.00826896,0.00888781,0.00956931,0.01030825,0.01109731,0.01193471,0.01282822,0.01379376,0.01485641,0.01605141,0.01740126,0.01890965,0.02058504,0.02242972,0.02443357,0.02659337,0.02892565,0.03147017,0.03427358,0.03739705,0.04091233,0.04486735,0.04928535,0.05417397,0.05954699,0.06542007,0.07181349,0.07882129,0.08658528,0.09527153,0.10498591,0.11568078,0.12730583,0.13976477,0.15290649,0.16671271,0.18133826,0.19722303,0.21497547,0.2351835,0.25815735,0.28352563,0.31067838,0.33879207,0.3668824,0.39440043,0.42126369,0.44793719,0.47510558,0.50341365,0.53312796,0.56369532
LAO,2008,0.0589464,0.00778612,0.00560947,0.00407852,0.00302061,0.00230156,0.00182279,0.00151408,0.00132338,0.00121791,0.0011757,0.00118458,0.00123733,0.00132983,0.0014585,0.00161877,0.00180409,0.00200433,0.00220798,0.00240091,0.00257162,0.00271137,0.00281713,0.00289022,0.00293704,0.00296883,0.00299822,0.00303698,0.00309164,0.0031654,0.00325795,0.00336624,0.00348728,0.00361819,0.00375838,0.00390959,0.00407489,0.00425843,0.00446221,0.00468802,0.00493914,0.00521552,0.00551614,0.00584173,0.00619545,0.00658558,0.00702053,0.00750796,0.00805599,0.00866869,0.00934276,0.01007198,0.01085414,0.01168704,0.01257634,0.01354041,0.01459996,0.01578341,0.01712009,0.01862166,0.02028483,0.02210592,0.02408652,0.02622564,0.0285346,0.03105606,0.03384433,0.03695784,0.0404555,0.04438839,0.04878739,0.05364904,0.05897706,0.06480043,0.07116205,0.07814019,0.08585813,0.09446884,0.10411493,0.11481366,0.12644323,0.13886625,0.15198524,0.16579134,0.18042921,0.1963207,0.21403442,0.2341204,0.25699171,0.28247408,0.30977295,0.33790692,0.36595918,0.3933916,0.42017135,0.4468056,0.47399933,0.50233436,0.53209595,0.56301609
LAO,2009,0.056434,0.00730587,0.00523154,0.00378686,0.0027959,0.00212662,0.00168313,0.00139763,0.00122188,0.00112559,0.00108803,0.00109769,0.00114808,0.00123564,0.00135739,0.00150917,0.00168469,0.00187455,0.00206788,0.00225159,0.00241428,0.00254651,0.00264544,0.00271282,0.00275586,0.00278455,0.00281015,0.0028446,0.0028946,0.00296335,0.00305042,0.00315287,0.00326833,0.00339436,0.00353012,0.00367709,0.00383791,0.00401648,0.00421609,0.0044372,0.00468092,0.00495077,0.00524796,0.00557239,0.00592633,0.00631497,0.00674663,0.00722903,0.00776672,0.00836542,0.00902723,0.009744,0.01051177,0.01133447,0.01221716,0.0131741,0.01422651,0.01539675,0.01670792,0.01817905,0.01981361,0.02160031,0.02353895,0.02564121,0.02792116,0.03041392,0.03317461,0.03626568,0.03973973,0.04363505,0.04798626,0.05279882,0.05806925,0.06382175,0.07011498,0.07704841,0.0847285,0.09328933,0.10286207,0.11350168,0.12514883,0.13758794,0.15067925,0.16446932,0.17911439,0.19503802,0.21279189,0.23288348,0.25570687,0.28120664,0.30877245,0.3372365,0.36549586,0.39306315,0.41986336,0.44649306,0.47380767,0.50233294,0.53237749,0.56352426
LAO,2010,0.05405613,0.00676385,0.00482847,0.00348416,0.00256566,0.00194728,0.00153896,0.00127688,0.00111557,0.00102779,0.00099491,0.00100598,0.00105455,0.00113755,0.00125261,0.00139637,0.00156296,0.00174302,0.00192618,0.00209984,0.0022535,0.0023781,0.00247007,0.00253142,0.00256963,0.00259522,0.00261819,0.0026489,0.00269418,0.0027575,0.00283871,0.00293501,0.00304412,0.00316425,0.00329485,0.00343688,0.00359249,0.00376503,0.00395777,0.00417313,0.00441097,0.00467199,0.0049613,0.00528147,0.00563339,0.00602062,0.00644791,0.00692291,0.00745073,0.00803301,0.00867515,0.00937858,0.01013587,0.01094659,0.01182189,0.01277401,0.01381885,0.01497817,0.01626988,0.01770931,0.01930836,0.02106321,0.02296788,0.02503234,0.02728082,0.02974801,0.03247974,0.03553833,0.03898156,0.04284358,0.04714746,0.05190487,0.05711995,0.06280876,0.0690266,0.07588714,0.08351953,0.09204371,0.10157135,0.11214387,0.12373735,0.13619715,0.14930063,0.16304506,0.17764814,0.19355563,0.21133664,0.23149631,0.25437279,0.27987074,0.30751569,0.33629809,0.36491875,0.39268875,0.41959079,0.44615778,0.47333852,0.5018332,0.53193717,0.56319899
LAO,2011,0.05179368,0.00640304,0.00452011,0.00323153,0.00235912,0.00177621,0.00139415,0.00115111,0.00100277,0.00092246,0.000893,0.00090478,0.00095178,0.00103071,0.0011392,0.00127418,0.00143044,0.00159894,0.00176934,0.00192968,0.00207029,0.00218359,0.00226676,0.00232143,0.00235475,0.00237671,0.00239709,0.00242483,0.00246546,0.00252238,0.00259599,0.00268432,0.00278544,0.00289771,0.00302087,0.00315581,0.00330404,0.00346815,0.00365091,0.00385506,0.00408305,0.00433538,0.00461383,0.00492399,0.0052694,0.0056519,0.00607423,0.00654003,0.00705443,0.0076204,0.00823895,0.00891618,0.00965746,0.0104584,0.01132311,0.01226807,0.01330664,0.01445404,0.01572663,0.01713687,0.01869554,0.02040902,0.02227807,0.02430863,0.02652353,0.02896277,0.03166973,0.03469589,0.03809845,0.04191805,0.04617524,0.05087302,0.05602198,0.06164529,0.0677912,0.07457078,0.08212505,0.09059421,0.10008048,0.11060526,0.12212683,0.13452254,0.14763025,0.16137646,0.17593081,0.19180019,0.20958002,0.22979623,0.2527797,0.27836639,0.30601947,0.33485931,0.3637747,0.39190022,0.41901088,0.44575078,0.47293143,0.50126435,0.53131256,0.56258967
LAO,2012,0.04956313,0.00590428,0.0041667,0.00297215,0.00216469,0.00162714,0.00127594,0.00105307,0.00091783,0.00084524,0.00081921,0.00083138,0.00087672,0.00095209,0.001055,0.00118259,0.00133032,0.00149023,0.00165234,0.00180482,0.00193845,0.00204579,0.00212429,0.00217551,0.00220583,0.00222485,0.00224221,0.00226695,0.0023041,0.00235665,0.00242536,0.00250884,0.00260537,0.00271323,0.00283206,0.00296291,0.00310722,0.00326703,0.00344483,0.00364341,0.00386577,0.00411447,0.00438993,0.00469437,0.00503464,0.00541432,0.005834,0.00629535,0.00680078,0.00735498,0.00796052,0.00861887,0.00934083,0.01013551,0.01099864,0.01193574,0.0129659,0.01410299,0.0153583,0.01674476,0.01827262,0.01995093,0.02178883,0.02379346,0.0259835,0.02839656,0.03107895,0.03407833,0.03744221,0.04121362,0.04542071,0.05006725,0.05515811,0.0607243,0.06681797,0.0735428,0.08104094,0.08946136,0.09891819,0.10942127,0.12091133,0.13324894,0.14631126,0.1600844,0.17466179,0.19050576,0.20827745,0.22852644,0.2516047,0.27733787,0.30511186,0.33399572,0.36301561,0.39151071,0.41907735,0.44607892,0.47348134,0.50190956,0.53172855,0.56270222
LAO,2013,0.04771252,0.00539827,0.00385956,0.00279069,0.00205783,0.00156252,0.00123449,0.00102368,0.00089385,0.00082284,0.00079597,0.00080556,0.00084757,0.00091997,0.00102029,0.00114516,0.00128972,0.00144592,0.00160426,0.00175236,0.00188079,0.00198321,0.00205778,0.00210673,0.00213628,0.0021551,0.00217226,0.00219637,0.00223264,0.00228379,0.00235032,0.0024312,0.00252524,0.00263104,0.00274795,0.00287679,0.00301912,0.00317694,0.00335235,0.00354784,0.00376653,0.00401163,0.00428602,0.0045902,0.00492628,0.00530139,0.00571879,0.00617835,0.00668109,0.00722941,0.00782827,0.00848068,0.00918989,0.00997026,0.0108349,0.01177847,0.01280608,0.01393957,0.01519142,0.01657095,0.01808879,0.01975418,0.02157932,0.02357678,0.02576135,0.02816661,0.03083793,0.03382512,0.03717374,0.0409199,0.04509671,0.04971638,0.05478438,0.06032465,0.06639565,0.07310137,0.08057539,0.08896918,0.09840366,0.10889911,0.12038646,0.13270781,0.14571747,0.15944536,0.17405698,0.18993677,0.20769639,0.22794809,0.2510619,0.27688417,0.30478158,0.33373742,0.36269008,0.39113039,0.41892896,0.4462673,0.47380551,0.50235925,0.53226495,0.56323723
LAO,2014,0.04563159,0.00503027,0.00356572,0.00255741,0.00187377,0.00141658,0.00111623,0.00092456,0.00080755,0.00074454,0.00072215,0.00073292,0.00077282,0.00084035,0.00093416,0.00105101,0.0011855,0.00133032,0.00147743,0.0016163,0.00173709,0.00183299,0.00190266,0.00194794,0.00197476,0.0019913,0.00200577,0.00202644,0.00205862,0.0021055,0.00216766,0.00224391,0.00233339,0.00243508,0.00254831,0.00267323,0.00281122,0.0029645,0.00313516,0.00332534,0.00353802,0.00377691,0.00404568,0.00434734,0.0046812,0.00504862,0.00545734,0.00590981,0.00640452,0.00694233,0.00752622,0.00816316,0.0088581,0.00961585,0.01045663,0.01139628,0.0124237,0.01354165,0.01477256,0.01612833,0.01761639,0.0192475,0.02103644,0.02300179,0.02516207,0.02754101,0.03018174,0.03313358,0.03644064,0.04013581,0.0442455,0.04879019,0.05378567,0.05925894,0.06526395,0.07191114,0.07933078,0.08766589,0.09704505,0.10749247,0.11894594,0.13124281,0.14421955,0.15788085,0.17243929,0.18836066,0.2061663,0.22641319,0.24954756,0.27543848,0.30348717,0.3326494,0.36176777,0.3902453,0.41807325,0.44575106,0.47375327,0.50256754,0.53267875,0.56386901
LAO,2015,0.04387818,0.00460251,0.00330849,0.00240514,0.00178354,0.00136172,0.00108075,0.00089894,0.00078643,0.00072478,0.00070187,0.00071129,0.00074921,0.00081421,0.00090539,0.00102086,0.00115522,0.00129909,0.00144361,0.00157879,0.00169639,0.00178902,0.00185518,0.00189807,0.00192368,0.00194007,0.00195508,0.00197603,0.0020077,0.00205318,0.00211349,0.0021878,0.0022751,0.0023746,0.00248606,0.00260965,0.00274602,0.00289708,0.00306536,0.00325321,0.00346332,0.00369909,0.00396455,0.00426347,0.00459834,0.00496741,0.00537123,0.0058174,0.0063085,0.00684348,0.00742392,0.0080545,0.0087441,0.00949848,0.01032417,0.01124472,0.01227788,0.01340844,0.01463599,0.0159858,0.01747004,0.01909601,0.02087745,0.02283447,0.02499256,0.02737625,0.03001413,0.03295743,0.03625473,0.03993805,0.04403153,0.04854929,0.05351431,0.05896182,0.06494717,0.07157625,0.07898609,0.0873126,0.09667731,0.1071172,0.11856903,0.13087289,0.14386217,0.15751986,0.17202723,0.18790322,0.20576894,0.22608197,0.24922396,0.27513544,0.30322838,0.33250182,0.36178568,0.39035314,0.41810538,0.44568432,0.47391501,0.50305644,0.53332723,0.56460952
LAO,2016,0.04220374,0.00432324,0.00309004,0.00223776,0.0016558,0.00126308,0.00100241,0.00083408,0.00073004,0.00067327,0.00065262,0.00066217,0.00069861,0.00076032,0.00084609,0.00095444,0.00108184,0.00121949,0.00135681,0.00148393,0.0015942,0.00168212,0.00174469,0.00178422,0.00180744,0.00182196,0.00183539,0.00185485,0.00188462,0.00192753,0.00198467,0.00205561,0.00213951,0.00223536,0.00234299,0.00246294,0.00259579,0.0027427,0.00290616,0.00308922,0.00329487,0.00352627,0.00378698,0.00408111,0.0044118,0.0047803,0.00518318,0.00561985,0.00609889,0.00662387,0.00719439,0.00781409,0.00848978,0.00923205,0.01004813,0.01094395,0.01194491,0.01306916,0.01429562,0.01562342,0.01708015,0.01868023,0.02043531,0.02236454,0.02449552,0.0268615,0.0294903,0.03241152,0.03567423,0.03931698,0.04336266,0.04782458,0.05272108,0.05809617,0.06401526,0.07058437,0.07793688,0.08621824,0.09553875,0.1059274,0.11734155,0.12962084,0.1425956,0.15624511,0.17072577,0.18652025,0.20430846,0.22466317,0.2478573,0.27376959,0.30189182,0.33122313,0.36063592,0.38941045,0.41729562,0.44483743,0.4730124,0.50247573,0.5331828,0.56476254
LAO,2017,0.04055023,0.00404231,0.00292681,0.00214209,0.00159818,0.00122638,0.00097699,0.00081445,0.00071316,0.00065725,0.00063637,0.00064504,0.00068023,0.0007409,0.00082566,0.00093249,0.0010577,0.00119407,0.00133102,0.00145587,0.00156166,0.00164492,0.00170506,0.00174339,0.00176581,0.00178053,0.00179469,0.00181495,0.00184547,0.0018886,0.00194519,0.0020148,0.00209695,0.00219085,0.00229612,0.00241342,0.00254383,0.00268869,0.00284982,0.00303015,0.00323337,0.00346295,0.00372202,0.00401391,0.00434183,0.00470777,0.00511214,0.00555083,0.00602351,0.00654014,0.00710579,0.00772232,0.00839494,0.00913106,0.00994254,0.01083591,0.011817,0.01291246,0.01413999,0.01547846,0.01692738,0.01851725,0.02026624,0.02218963,0.02431232,0.02666842,0.02929589,0.03222522,0.03548435,0.03911438,0.04314649,0.04759283,0.0524691,0.05781295,0.06369541,0.0702321,0.07755772,0.08581237,0.09511874,0.10549504,0.116886,0.12914978,0.14211686,0.15576167,0.17023835,0.18600403,0.20369833,0.22395842,0.2471819,0.27313152,0.30122405,0.3305304,0.35992459,0.38872251,0.41669824,0.44425665,0.47224633,0.50149436,0.53236643,0.56421847
LAO,2018,0.03932365,0.00389231,0.00281067,0.00207257,0.00156085,0.00120692,0.00096685,0.00080851,0.00070825,0.00065156,0.00062896,0.00063559,0.00066886,0.00072783,0.00081129,0.000917,0.0010404,0.00117401,0.00130914,0.00143314,0.00153643,0.00161559,0.00167207,0.00170917,0.00173137,0.00174604,0.00176069,0.00178149,0.00181235,0.00185554,0.00191168,0.00198022,0.0020607,0.00215272,0.0022561,0.00237128,0.00249943,0.00264229,0.00280185,0.00298041,0.00318153,0.0034093,0.00366718,0.00395807,0.00428442,0.00464822,0.00505056,0.00549116,0.00596599,0.00647611,0.00703334,0.00764534,0.00831555,0.00904968,0.00985612,0.0107461,0.01172586,0.01280124,0.01399943,0.01534027,0.01680125,0.01838421,0.02012464,0.0220445,0.0241647,0.02651618,0.02913724,0.03206828,0.03533788,0.03896594,0.04298639,0.04742045,0.05228306,0.05761007,0.06346763,0.06997513,0.0772746,0.08550766,0.09479113,0.10515604,0.11653776,0.12878204,0.14173645,0.1553779,0.16985671,0.18562665,0.20330047,0.22347613,0.24662034,0.27261308,0.30075424,0.33004361,0.35942624,0.38821044,0.41621253,0.44387855,0.47192391,0.50102813,0.53171709,0.56372961
LAO,2019,0.0378198,0.00359054,0.00261094,0.00192168,0.00144174,0.00111172,0.00088888,0.00074264,0.00065091,0.00059989,0.00058058,0.00058838,0.00062083,0.0006772,0.00075658,0.00085718,0.00097431,0.00110011,0.00122657,0.00134411,0.00144328,0.00151774,0.00156912,0.00160247,0.00162335,0.00163721,0.00165064,0.00167022,0.00169959,0.00174096,0.00179498,0.0018609,0.0019381,0.00202621,0.00212534,0.00223609,0.00235936,0.00249706,0.00265161,0.00282539,0.00302132,0.00324348,0.0034961,0.00378233,0.00410386,0.00446167,0.00485672,0.00528914,0.00575869,0.006262,0.00680173,0.00739435,0.00805006,0.00877237,0.00956744,0.01044186,0.01140622,0.01246537,0.01362321,0.01491172,0.01635297,0.01792438,0.01963234,0.02151961,0.02361416,0.02594035,0.0285306,0.03142218,0.03465145,0.03823874,0.04219885,0.04656527,0.05137081,0.05665297,0.06247037,0.0689184,0.0761213,0.08420659,0.09328505,0.10341645,0.11461992,0.12685117,0.14004877,0.15420101,0.16933622,0.18555939,0.20306774,0.22207686,0.2427896,0.26546141,0.29013919,0.31664633,0.34492062,0.37483844,0.40621796,0.43858215,0.47130828,0.50383673,0.53564551,0.56673482
LAO,2020,0.03661853,0.00331181,0.00244447,0.00182091,0.00137955,0.00107195,0.00086186,0.00072245,0.00063404,0.00058423,0.00056482,0.00057166,0.00060255,0.0006437,0.00068794,0.0007441,0.00081841,0.00091287,0.0010161,0.00111001,0.00118924,0.00124925,0.00129026,0.00131557,0.00132971,0.0013394,0.00134998,0.00136725,0.00139622,0.00143931,0.00149606,0.00156483,0.00164386,0.00173226,0.00183088,0.00194123,0.00206505,0.00220456,0.00236398,0.00254588,0.00275095,0.00298008,0.00323487,0.00352014,0.00384072,0.00419743,0.00459071,0.00502121,0.00550046,0.00603603,0.00661928,0.00724862,0.00793649,0.00869338,0.00952785,0.01044562,0.01145428,0.01256692,0.01380694,0.01518898,0.01673621,0.01846168,0.02032588,0.02234158,0.0245692,0.02703298,0.0297519,0.03275162,0.03609078,0.03981094,0.04390084,0.04834366,0.05315345,0.05817001,0.06339257,0.06911757,0.07567036,0.08339373,0.09242569,0.10267161,0.11409021,0.1266,0.14007689,0.1546058,0.1702789,0.18704508,0.20493829,0.22402494,0.24456074,0.26692014,0.29127176,0.31766186,0.34583927,0.37558953,0.40691619,0.4392969,0.47210784,0.50474306,0.53648075,0.56721635
LAO,2021,0.0354237,0.00312491,0.00233018,0.00175203,0.00133807,0.00104635,0.00084505,0.00071026,0.00062397,0.0005747,0.00055497,0.000561,0.00059087,0.00063595,0.00069151,0.00076243,0.00085076,0.00095456,0.00106193,0.00115708,0.00123591,0.00129739,0.00134235,0.00137211,0.00139088,0.00140609,0.00142314,0.00144615,0.00147824,0.00152167,0.00157716,0.00164442,0.00172312,0.0018143,0.00191882,0.00203666,0.00216823,0.00231437,0.00247727,0.00266077,0.00286896,0.00310583,0.00337502,0.00368346,0.00403576,0.00443089,0.00486635,0.00533956,0.00585332,0.00641281,0.00702076,0.00767655,0.00838615,0.00916848,0.01003693,0.01099701,0.01205645,0.01322585,0.01454214,0.01602212,0.01765523,0.01946554,0.02146602,0.0236571,0.02606863,0.02872865,0.03164562,0.03482061,0.03832437,0.04221348,0.04646901,0.05105282,0.0559277,0.06113016,0.06678088,0.07302616,0.08003862,0.08800625,0.09720248,0.10775294,0.11959564,0.13261596,0.14668452,0.16235734,0.17984024,0.19856477,0.2180251,0.23773692,0.25823718,0.28048216,0.30454012,0.33061871,0.35877062,0.38855421,0.41984229,0.4522767,0.48514515,0.51784428,0.54967699,0.58035165
LAO,2022,0.03139105,0.00319607,0.00232108,0.00170834,0.0012827,0.0009905,0.00079295,0.00066405,0.00058382,0.00053989,0.00052425,0.00053263,0.0005631,0.00061502,0.00068769,0.00077975,0.00088711,0.00100365,0.0011215,0.00123061,0.0013241,0.00139857,0.00145422,0.00149083,0.0015119,0.00152582,0.00154088,0.00156214,0.00159219,0.00163339,0.001687,0.00175348,0.00183145,0.00192032,0.00201977,0.00213029,0.00225368,0.00239118,0.00254482,0.00271685,0.00291054,0.00312914,0.00337607,0.00365404,0.00396626,0.00431529,0.00469963,0.00512088,0.00557997,0.00608038,0.00662671,0.00721937,0.00786209,0.00856046,0.00933656,0.01020108,0.01114726,0.01218655,0.01332698,0.01458481,0.01596896,0.01747912,0.01916718,0.02106366,0.02314599,0.02542949,0.02796354,0.03079665,0.03395966,0.03748249,0.04139249,0.04569985,0.05041651,0.05556398,0.06121495,0.06748257,0.07449553,0.08239206,0.09129605,0.10125534,0.11223561,0.12411692,0.13674428,0.15010218,0.16430933,0.17974259,0.19695466,0.21640798,0.23842897,0.26293457,0.28946937,0.31732771,0.34573345,0.37413868,0.40223282,0.43034008,0.45937216,0.4893399,0.52031004,0.55194173
LAO,2023,0.02991988,0.00305127,0.00221936,0.00163593,0.00123007,0.00095113,0.00076219,0.00063878,0.00056197,0.00052009,0.00050539,0.00051372,0.00054341,0.00059385,0.00066441,0.00075376,0.00085796,0.00097122,0.00108596,0.00119301,0.00128476,0.00135657,0.00140944,0.00144622,0.00146927,0.00148359,0.00149786,0.00151838,0.00154858,0.00158966,0.00164242,0.001708,0.00178489,0.00187259,0.00197099,0.00208041,0.00220252,0.0023384,0.00249038,0.00266087,0.00285266,0.00306892,0.00331376,0.00359003,0.00389967,0.00424505,0.00462558,0.00504379,0.00549974,0.00599576,0.00653687,0.00712417,0.00776903,0.0084705,0.00923477,0.01008503,0.01102331,0.01205791,0.01319319,0.01443929,0.01581384,0.01731571,0.01896728,0.02081679,0.02290034,0.02519784,0.02771566,0.03052817,0.03367435,0.03717781,0.04106234,0.04533811,0.05003175,0.05516617,0.0607861,0.06700855,0.07397387,0.08181653,0.09065604,0.10053626,0.11143128,0.12323314,0.13578681,0.14906709,0.16320542,0.17856803,0.19568951,0.2150465,0.23697547,0.2613984,0.28785583,0.31561559,0.34381784,0.37202262,0.40007267,0.42811662,0.45709275,0.48710459,0.51821689,0.55009259
LAO,2024,0.0285172,0.00291235,0.00212157,0.00156624,0.00117937,0.00091313,0.00073249,0.00061441,0.00054089,0.00050086,0.00048706,0.0004954,0.00052431,0.00057333,0.00064185,0.00072862,0.0008297,0.00093967,0.00105125,0.00115557,0.00124588,0.00131656,0.00136734,0.00140193,0.00142552,0.00144186,0.0014566,0.00147628,0.00150557,0.00154652,0.00159888,0.0016635,0.00173926,0.00182567,0.00192271,0.00203094,0.00215188,0.00228631,0.00243647,0.0026051,0.00279515,0.00300919,0.00325139,0.00352532,0.0038331,0.00417569,0.00455193,0.00496608,0.00541888,0.00591167,0.00644817,0.00702916,0.00766828,0.00837243,0.00914048,0.0099777,0.01089897,0.01192495,0.01305514,0.01429557,0.01565731,0.01714704,0.01878939,0.02059955,0.0226326,0.02493088,0.02746109,0.03025522,0.03337825,0.03686245,0.04072503,0.04497133,0.04963022,0.05473887,0.06034338,0.06653068,0.07344516,0.08123346,0.0900116,0.0998199,0.11062911,0.12234245,0.13481295,0.14801576,0.16207058,0.17735594,0.19439817,0.21364769,0.2354626,0.25977912,0.28614545,0.31383121,0.34193963,0.36994582,0.39780367,0.42581222,0.45478849,0.48475273,0.51591623,0.54794108
LAO,2025,0.02718346,0.00277955,0.00202794,0.00149936,0.0011307,0.00087663,0.00070392,0.00059099,0.00052065,0.00048238,0.00046933,0.00047767,0.00050588,0.0005535,0.00062006,0.00070436,0.00080249,0.00090923,0.00101763,0.00111918,0.00120732,0.0012772,0.00132745,0.00136047,0.00138232,0.00139936,0.00141604,0.00143603,0.00146432,0.00150413,0.00155608,0.00162019,0.00169477,0.00177986,0.00187544,0.00198214,0.00210184,0.00223497,0.00238352,0.00255012,0.00273809,0.00295012,0.00318985,0.00346086,0.0037661,0.00410672,0.00447967,0.00488925,0.0053378,0.00582738,0.0063606,0.00693604,0.00756841,0.00826648,0.0090379,0.00987968,0.01078538,0.01179262,0.01291344,0.01414838,0.01550394,0.01697814,0.01860722,0.02040719,0.02239784,0.02464188,0.02717067,0.02997693,0.03307914,0.03653738,0.04037806,0.0445985,0.04922472,0.05429505,0.05987043,0.06603879,0.07291246,0.08064226,0.08935757,0.09909598,0.10982535,0.12144821,0.13382496,0.14693918,0.16090959,0.17610037,0.19305424,0.21220694,0.23389263,0.25807524,0.28432149,0.31191395,0.33994914,0.36786268,0.39552151,0.42333728,0.45233266,0.48229615,0.51341089,0.54548575
LAO,2026,0.02592921,0.00265403,0.00193941,0.00143601,0.00108446,0.00084197,0.0006768,0.0005687,0.00050141,0.00046485,0.0004525,0.00046074,0.00048827,0.00053462,0.0005993,0.00068127,0.00077663,0.00088036,0.00098567,0.00108444,0.00117037,0.00123872,0.0012888,0.00132178,0.00134247,0.00135808,0.00137551,0.0013972,0.00142561,0.00146424,0.00151484,0.00157845,0.00165237,0.00173614,0.0018303,0.00193543,0.00205359,0.00218541,0.0023326,0.0024975,0.00268333,0.0028931,0.00313073,0.00339916,0.00370138,0.00403947,0.0044103,0.00481668,0.00526067,0.0057461,0.00627638,0.00684811,0.00747499,0.00816626,0.00893166,0.00977808,0.01068851,0.01167914,0.01278006,0.01400558,0.01535603,0.01682286,0.01843607,0.02022272,0.02220345,0.02440327,0.02687369,0.02967936,0.0327953,0.03623246,0.0400469,0.04424463,0.04884539,0.05388335,0.05942048,0.06556016,0.07241573,0.0801038,0.08875895,0.09843391,0.10909442,0.12064266,0.1329342,0.14595991,0.15984574,0.17495373,0.19181407,0.21087568,0.23246247,0.25651513,0.28263492,0.31012936,0.33809864,0.36597011,0.39356656,0.42121001,0.45009516,0.48010758,0.51125238,0.54331188
LAO,2027,0.02472634,0.00253247,0.00185372,0.0013748,0.00103976,0.00080838,0.00065054,0.00054715,0.00048276,0.00044786,0.00043621,0.00044433,0.00047109,0.00051618,0.0005791,0.00065877,0.00075146,0.00085231,0.00095472,0.00105071,0.00113434,0.00120103,0.00125015,0.00128342,0.00130434,0.00131899,0.00133516,0.00135741,0.00138722,0.00142572,0.00147491,0.00153704,0.00161026,0.00169321,0.00178588,0.00188942,0.00200594,0.00213605,0.00228177,0.00244516,0.00262909,0.00283641,0.00307151,0.00333763,0.00363701,0.00397182,0.00433966,0.00474386,0.00518451,0.00566513,0.00619108,0.00675913,0.00738216,0.00806758,0.00882565,0.00966561,0.01058032,0.01157629,0.01265891,0.0138627,0.015203,0.01666284,0.01826809,0.02003774,0.0220042,0.02419333,0.02661483,0.02935796,0.03247247,0.03592334,0.03971495,0.04388352,0.04846012,0.05347121,0.0589742,0.06507321,0.07189795,0.07956591,0.08817618,0.09778814,0.10838401,0.11986649,0.1320869,0.14503066,0.15882922,0.17385084,0.19062732,0.20958869,0.23107956,0.25503303,0.28102875,0.30841797,0.33631766,0.36415863,0.39175115,0.41936996,0.44818015,0.47812986,0.50937106,0.54151401
LAO,2028,0.02361676,0.00241997,0.00177424,0.0013179,0.00099817,0.00077702,0.00062592,0.00052694,0.00046528,0.00043191,0.00042091,0.00042894,0.00045496,0.00049875,0.00055998,0.00063756,0.00072769,0.00082585,0.00092555,0.00101899,0.00110033,0.00116527,0.00121332,0.0012461,0.00126761,0.0012826,0.00129793,0.00131886,0.00134896,0.00138855,0.00143738,0.00149796,0.00156946,0.00165155,0.00174324,0.00184511,0.00195992,0.00208818,0.00223197,0.00239368,0.00257587,0.00278096,0.00301327,0.00327651,0.00357327,0.00390492,0.00426884,0.00466977,0.00510807,0.00558506,0.00610573,0.00666838,0.00728737,0.00796855,0.00872009,0.00955181,0.01045812,0.01145858,0.0125465,0.01372944,0.01504531,0.01649189,0.01808853,0.01984833,0.02179504,0.02396703,0.02637326,0.02906163,0.03210695,0.03555308,0.03935523,0.04349427,0.04803534,0.05301568,0.05848428,0.06453992,0.07131292,0.0789376,0.08751352,0.09706372,0.10757859,0.11898069,0.13111847,0.14397309,0.15766827,0.17257552,0.18923573,0.20807491,0.22942136,0.25323354,0.27908554,0.30631158,0.33406836,0.36180386,0.38932656,0.41689446,0.4456776,0.47549409,0.50661296,0.53878834
LAO,2029,0.02253444,0.00231031,0.00169664,0.00126226,0.00095746,0.00074635,0.00060179,0.00050707,0.00044812,0.00041625,0.0004059,0.00041386,0.00043919,0.00048172,0.00054117,0.00061668,0.00070442,0.00079993,0.00089701,0.00098803,0.00106726,0.00113042,0.00117727,0.00120947,0.00123086,0.00124659,0.00126235,0.00128243,0.00131113,0.0013508,0.00140052,0.00146071,0.00153054,0.00161078,0.00170155,0.00180241,0.00191556,0.00204206,0.00218394,0.00234367,0.00252416,0.00272745,0.00295752,0.00321792,0.00351183,0.00384101,0.00420166,0.00459885,0.00503422,0.00550939,0.00602693,0.00658402,0.007198,0.00787579,0.00862381,0.00944953,0.01034692,0.0113394,0.01243369,0.01362382,0.01491851,0.01633897,0.01792315,0.01967573,0.02161412,0.0237674,0.02615634,0.02883092,0.0318208,0.03519674,0.03899751,0.04315089,0.04766555,0.05261375,0.05805583,0.06408138,0.07081514,0.07839217,0.08693034,0.09645384,0.10691602,0.11825089,0.13032385,0.14311294,0.15673563,0.17155244,0.18811132,0.20684435,0.22808196,0.25176824,0.27750844,0.30463589,0.33228007,0.35993015,0.38740703,0.41496344,0.44380842,0.47366445,0.50472025,0.53684802
LAO,2030,0.02150942,0.00220624,0.00162278,0.00120917,0.00091851,0.00071694,0.00057865,0.00048794,0.00043152,0.00040113,0.00039139,0.00039926,0.00042394,0.00046527,0.00052299,0.00059634,0.00068169,0.00077471,0.00086921,0.00095788,0.0010351,0.00109662,0.00114219,0.00117364,0.00119477,0.00121054,0.00122705,0.00124744,0.00127513,0.00131318,0.0013627,0.00142366,0.00149291,0.00157126,0.00165996,0.00175973,0.00187175,0.00199638,0.00213625,0.00229378,0.00247196,0.00267319,0.00290113,0.0031589,0.00344953,0.00377543,0.00413298,0.00452646,0.00495762,0.00542949,0.00594494,0.00649786,0.00710554,0.00777759,0.00852164,0.00934317,0.01023244,0.01121448,0.01229932,0.01349562,0.0147971,0.01619212,0.01774697,0.01948486,0.02141401,0.0235566,0.0259219,0.02857536,0.03154746,0.03486116,0.03858397,0.04273087,0.04725653,0.05217232,0.05757535,0.06356692,0.07026179,0.07778887,0.08626712,0.09574056,0.10616414,0.11743628,0.129431,0.14214408,0.15568818,0.17041427,0.18686013,0.20545998,0.22655655,0.25009994,0.27568285,0.30267775,0.33020608,0.35772903,0.38510682,0.4126013,0.4414672,0.47136361,0.50243517,0.53447758
LAO,2031,0.02054784,0.00210738,0.0015528,0.00115896,0.00088176,0.00068923,0.00055687,0.00046999,0.0004159,0.00038683,0.00037768,0.00038547,0.00040951,0.00044971,0.00050584,0.00057715,0.00066012,0.00075077,0.00084299,0.00092945,0.00100481,0.00106484,0.00110928,0.00113989,0.00116058,0.00117623,0.00119282,0.00121377,0.00124157,0.00127843,0.00132612,0.00138679,0.00145673,0.00153441,0.00162109,0.00171868,0.00182964,0.00195311,0.00209103,0.00224647,0.00242236,0.00262115,0.00284699,0.00310264,0.00339063,0.00371324,0.00406732,0.00445784,0.00488545,0.00535327,0.00586576,0.0064165,0.00702032,0.00768619,0.00842475,0.00924281,0.01012737,0.01110129,0.01217553,0.01336244,0.01467161,0.01607351,0.01760189,0.01930945,0.02122413,0.02335814,0.02571181,0.02834116,0.03129191,0.03458801,0.03824653,0.04231196,0.04683317,0.05176348,0.05713517,0.06308829,0.06975009,0.07723874,0.0856672,0.09508162,0.10545819,0.11669951,0.12863965,0.14128308,0.15475957,0.16941281,0.18577304,0.20425804,0.22521888,0.24862374,0.27407551,0.30093759,0.32836491,0.35580989,0.38309898,0.41053207,0.43942758,0.46938955,0.50054871,0.53265945
LAO,2032,0.01961582,0.00201121,0.00148453,0.00110987,0.00084573,0.00066201,0.00053545,0.0004523,0.00040053,0.00037272,0.00036409,0.00037181,0.00039521,0.00043426,0.00048882,0.00055814,0.00063872,0.00072682,0.00081669,0.00090107,0.00097454,0.00103311,0.00107648,0.00110635,0.00112648,0.00114184,0.00115837,0.00117928,0.00120744,0.00124417,0.00129043,0.00134907,0.00141849,0.00149673,0.00158258,0.00167791,0.00178646,0.00190867,0.00204522,0.00219839,0.00237182,0.00256787,0.00279083,0.00304396,0.00332942,0.00364895,0.00399898,0.00438552,0.00480973,0.00527348,0.00578133,0.00632805,0.00692929,0.00759067,0.00832206,0.00913367,0.01001295,0.01098103,0.01204554,0.01321995,0.01451791,0.0159257,0.01746019,0.01913792,0.02101855,0.02313527,0.0254762,0.02809047,0.03101246,0.03428246,0.03791863,0.04191118,0.04634183,0.05126285,0.05664522,0.06255945,0.06917384,0.07661957,0.08499844,0.09435107,0.10465662,0.11584217,0.1277435,0.14032371,0.15371948,0.16829008,0.18456027,0.20293371,0.22374792,0.24698479,0.2722711,0.2989872,0.3262702,0.35360913,0.38081632,0.40815454,0.43703413,0.46701935,0.49823689,0.53042949
LAO,2033,0.01874808,0.00192112,0.00142053,0.00106384,0.00081195,0.00063648,0.00051536,0.00043571,0.0003861,0.0003595,0.00035132,0.00035892,0.00038174,0.00041973,0.00047278,0.00054025,0.00061866,0.00070435,0.00079182,0.00087422,0.00094608,0.00100325,0.00104566,0.00107488,0.00109457,0.00110956,0.00112588,0.00114663,0.00117458,0.00121148,0.00125745,0.00131457,0.0013818,0.00145945,0.00154588,0.00164035,0.00174661,0.00186631,0.00200157,0.00215336,0.00232445,0.00251792,0.00273803,0.0029882,0.00327117,0.00358826,0.00393509,0.00431764,0.004738,0.00519863,0.00570268,0.00624448,0.00684206,0.00750149,0.00822883,0.00903345,0.00990561,0.01086882,0.01192787,0.01309259,0.014378,0.01577353,0.01731547,0.01900091,0.02085079,0.02293237,0.02525477,0.02785657,0.0307636,0.03400426,0.03761422,0.04158398,0.04593961,0.05076712,0.05614267,0.06207131,0.06864702,0.07604486,0.08438072,0.09368415,0.10392925,0.11504862,0.12690032,0.13945015,0.15278953,0.16728186,0.18347166,0.20175158,0.22244832,0.24553294,0.27065124,0.29721541,0.32437195,0.35159074,0.3787171,0.405996,0.43485353,0.46484581,0.49610924,0.52838405
LAO,2034,0.01791791,0.00183477,0.00135907,0.00101953,0.00077938,0.00061183,0.00049593,0.00041965,0.00037213,0.00034668,0.00033896,0.00034641,0.00036861,0.00040558,0.00045717,0.0005228,0.0005991,0.00068253,0.00076764,0.00084784,0.00091809,0.00097408,0.00101552,0.00104415,0.00106347,0.00107817,0.00109417,0.00111464,0.00114227,0.00117875,0.00122468,0.0012814,0.00134692,0.00142216,0.00150788,0.00160291,0.00170826,0.00182546,0.00195799,0.00210834,0.00227789,0.00246871,0.00268594,0.00293296,0.00321267,0.00352706,0.00387104,0.00425016,0.00466625,0.00512279,0.00562358,0.00616084,0.00675316,0.00740876,0.0081342,0.00893452,0.00979811,0.01075345,0.01180707,0.01296565,0.01424034,0.01562087,0.01714939,0.01884263,0.02070051,0.02274875,0.02503163,0.02761274,0.03050535,0.03372884,0.03730638,0.04124627,0.04557671,0.05032343,0.05559803,0.06151788,0.06810702,0.07546103,0.08374305,0.09299813,0.10318932,0.11424634,0.12602979,0.13852936,0.1518392,0.16627126,0.18237601,0.2005628,0.22115094,0.24410346,0.26905749,0.29545307,0.32246369,0.34956886,0.37658917,0.4038005,0.43266271,0.46264803,0.49393413,0.52627222
LAO,2035,0.01715437,0.00175521,0.00130228,0.00097847,0.00074909,0.00058886,0.0004778,0.00040464,0.00035906,0.00033469,0.00032739,0.00033472,0.0003563,0.00039224,0.00044247,0.00050637,0.00058064,0.00066192,0.00074488,0.00082299,0.00089142,0.00094626,0.00098697,0.00101502,0.00103404,0.00104853,0.00106432,0.00108441,0.00111159,0.00114757,0.00119289,0.00124947,0.00131446,0.00138784,0.00147097,0.00156519,0.00167114,0.00178736,0.00191719,0.00206455,0.00223251,0.0024216,0.00263589,0.00287972,0.00315595,0.00346677,0.00380763,0.00418371,0.00459613,0.00504807,0.00554447,0.00607779,0.00666523,0.00731512,0.00803643,0.00883472,0.00969269,0.01063838,0.0116831,0.01283542,0.01410303,0.01547039,0.01698226,0.01866056,0.02052617,0.02258209,0.02482685,0.02736418,0.03023284,0.03343886,0.03699588,0.04089823,0.04519467,0.04991226,0.05509808,0.06090692,0.06748268,0.07484573,0.08307504,0.0922667,0.10240057,0.11339693,0.12511052,0.1375337,0.150785,0.16517817,0.18120853,0.19928603,0.2197529,0.24256783,0.26736197,0.29357203,0.32039677,0.34734453,0.37424085,0.40133269,0.4301575,0.4601263,0.49138159,0.52371729
LAO,2036,0.01640296,0.00167641,0.001246,0.00093779,0.00071908,0.00056608,0.00045982,0.00038976,0.0003461,0.00032278,0.00031589,0.0003231,0.00034409,0.00037898,0.00042778,0.00048999,0.00056225,0.00064138,0.00072221,0.00079834,0.00086497,0.00091836,0.00095831,0.00098599,0.00100468,0.001019,0.00103463,0.00105441,0.00108107,0.00111641,0.00116101,0.00121685,0.00128155,0.00135428,0.00143539,0.00152682,0.0016319,0.00174873,0.0018775,0.00202194,0.00218663,0.00237396,0.00258637,0.00282701,0.00309981,0.00340691,0.00374382,0.00411667,0.004526,0.00497419,0.00546588,0.00599426,0.00657774,0.00722269,0.00793816,0.00873242,0.00958784,0.01052771,0.01156217,0.01270512,0.01396635,0.01532536,0.01682347,0.01848446,0.02033468,0.0223995,0.02465177,0.02714873,0.02997105,0.03315198,0.03669103,0.04057171,0.0448296,0.04951271,0.05466941,0.0603854,0.06684465,0.07419506,0.08243541,0.09157405,0.10164542,0.11258945,0.12424831,0.13660819,0.14978883,0.16412905,0.1801297,0.19813502,0.21849199,0.24118933,0.26585643,0.29192889,0.31859614,0.34539415,0.37217322,0.39918169,0.42797829,0.45795983,0.48925218,0.52161614
LAO,2037,0.01585975,0.00161848,0.00120456,0.00090777,0.00069693,0.00054924,0.00044653,0.00037876,0.00033652,0.00031398,0.0003074,0.00031452,0.00033509,0.00036925,0.00041701,0.00047795,0.00054884,0.00062649,0.00070583,0.00078066,0.00084617,0.00089856,0.0009378,0.0009653,0.00098403,0.00099829,0.00101382,0.0010334,0.0010597,0.00109446,0.00113841,0.00119346,0.00125735,0.00132979,0.00141027,0.00149963,0.00160167,0.00171744,0.0018467,0.00198982,0.00215108,0.00233436,0.00254432,0.00278225,0.00305074,0.00335309,0.00368463,0.00405178,0.00445594,0.00489876,0.00538395,0.00590439,0.0064797,0.00711706,0.00782326,0.00860652,0.00945259,0.01038479,0.01140711,0.01253218,0.01377555,0.01511993,0.01660156,0.0182393,0.02006137,0.02209872,0.02434971,0.02684354,0.02961022,0.03272791,0.03622503,0.04007324,0.04429513,0.04892378,0.05402966,0.05969928,0.06604688,0.07326056,0.0814741,0.09061052,0.10061393,0.11148688,0.12308845,0.13539254,0.14851123,0.16278243,0.17873455,0.19671601,0.21700531,0.23960211,0.26417383,0.29015206,0.31672757,0.34342911,0.37013246,0.39710774,0.42598252,0.45606565,0.48751653,0.5200818
LAO,2038,0.01532177,0.00156533,0.0011671,0.00088107,0.00067756,0.00053482,0.00043532,0.00036963,0.00032871,0.00030695,0.00030075,0.00030793,0.00032831,0.00036206,0.00040923,0.00046941,0.00053941,0.00061624,0.0006948,0.00076894,0.00083399,0.0008859,0.00092473,0.000952,0.00097092,0.00098545,0.00100083,0.00102024,0.00104626,0.0010806,0.00112394,0.0011781,0.00124111,0.00131268,0.00139283,0.00148152,0.00158119,0.00169363,0.00182163,0.00196515,0.00212483,0.00230407,0.00250936,0.00274431,0.00300946,0.0033066,0.00363244,0.00399319,0.00439045,0.00482681,0.00530514,0.00581771,0.00638327,0.00701042,0.00770677,0.00847796,0.00931061,0.01023044,0.01124186,0.01235066,0.01357108,0.01489381,0.01635592,0.01797161,0.01976368,0.02176484,0.02398211,0.02646742,0.02922241,0.03227141,0.03569074,0.03948733,0.04366422,0.0482431,0.05327802,0.05887826,0.06516475,0.07224205,0.0802912,0.08937798,0.09935645,0.11014306,0.12165323,0.13388045,0.14692217,0.16110488,0.17695986,0.19486209,0.21509654,0.23759063,0.2620282,0.28788608,0.31435825,0.34096812,0.36758137,0.3944909,0.42344268,0.45366269,0.48528389,0.51808834
LAO,2039,0.0148239,0.00151567,0.00113204,0.00085605,0.00065937,0.00052124,0.00042475,0.00036102,0.00032133,0.00030029,0.00029444,0.00030167,0.00032185,0.00035521,0.00040181,0.00046128,0.00053038,0.00060631,0.00068413,0.00075762,0.00082216,0.00087364,0.00091219,0.00093922,0.00095804,0.00097282,0.00098824,0.00100748,0.00103327,0.00106724,0.00111007,0.00116332,0.00122536,0.00129596,0.00137516,0.0014635,0.00156226,0.00167216,0.00179658,0.00193873,0.00209887,0.00227632,0.0024772,0.00270705,0.00296897,0.00326252,0.00358284,0.00393746,0.00432785,0.00475685,0.00522833,0.00573411,0.00629139,0.00690821,0.00759374,0.00835457,0.00917532,0.01008087,0.01107918,0.01217647,0.01337956,0.01467945,0.01611874,0.01771399,0.01948293,0.02145236,0.02363377,0.02608324,0.02882913,0.03186565,0.03521214,0.03893093,0.04305441,0.04758723,0.05257103,0.05809701,0.06431616,0.07132906,0.07923449,0.08814996,0.09807953,0.10885254,0.12028138,0.1324226,0.14539296,0.15950099,0.17527001,0.19306961,0.2132222,0.23566679,0.26000989,0.28574901,0.31212732,0.33866714,0.36522445,0.39207813,0.42109177,0.45143313,0.48323811,0.51626458
LAO,2040,0.01434253,0.00146736,0.00109787,0.00083162,0.00064158,0.00050793,0.00041438,0.00035256,0.00031407,0.00029373,0.00028821,0.00029547,0.00031545,0.0003484,0.00039443,0.00045319,0.00052143,0.00059641,0.00067336,0.00074623,0.00081029,0.00086127,0.00089956,0.00092647,0.00094517,0.00095991,0.00097536,0.00099459,0.00102012,0.00105377,0.00109613,0.00114855,0.00120955,0.00127906,0.00135718,0.00144443,0.00154256,0.00165141,0.00177303,0.00191121,0.00206974,0.00224752,0.00244635,0.00267122,0.00292738,0.00321724,0.00353358,0.00388198,0.0042655,0.0046868,0.00515006,0.00564863,0.00619836,0.00680597,0.00747999,0.00822871,0.0090387,0.00993084,0.01091306,0.01199549,0.01318538,0.01446728,0.01588123,0.01745112,0.01919711,0.02114041,0.02328868,0.02569792,0.02840323,0.03142738,0.03475776,0.0384005,0.04243918,0.0469131,0.05184551,0.05731378,0.06345493,0.07039111,0.07822225,0.08698059,0.09672588,0.10745099,0.11886548,0.13092149,0.14380004,0.1578281,0.1735138,0.19120931,0.21123806,0.23358499,0.25787121,0.28351108,0.30977256,0.33622699,0.36272489,0.38953105,0.41858707,0.44900854,0.48095457,0.51418789
LAO,2041,0.01388383,0.00142175,0.00106546,0.00080833,0.00062456,0.00049516,0.00040441,0.00034441,0.00030708,0.00028741,0.00028222,0.00028952,0.00030932,0.00034187,0.00038734,0.00044542,0.00051283,0.00058695,0.00066301,0.00073515,0.0007988,0.00084937,0.00088738,0.00091423,0.00093295,0.00094766,0.00096292,0.00098215,0.00100762,0.00104096,0.00108294,0.00113462,0.00119473,0.00126313,0.0013401,0.00142622,0.00152304,0.00163122,0.00175174,0.00188694,0.00204119,0.00221717,0.00241642,0.00263912,0.00288991,0.00317354,0.00348608,0.0038303,0.00420721,0.00462122,0.00507632,0.00556658,0.00610877,0.00670854,0.00737289,0.00810942,0.00890742,0.00978827,0.01075631,0.0118217,0.012996,0.01426574,0.01566112,0.01720471,0.01892447,0.02084413,0.02296774,0.02534255,0.02800592,0.03098796,0.03430661,0.03793824,0.0418994,0.04628672,0.05116021,0.05657736,0.06266566,0.0695225,0.07727615,0.08596121,0.09554894,0.10609652,0.11747241,0.12952762,0.14232981,0.15627115,0.17188457,0.18949823,0.20942331,0.23165062,0.25585419,0.28146306,0.30765531,0.33402615,0.36047287,0.38724989,0.41636832,0.44686176,0.47891635,0.51231934
LAO,2042,0.01345654,0.00137876,0.00103489,0.00078635,0.00060848,0.00048309,0.00039497,0.00033669,0.00030043,0.0002814,0.0002765,0.00028383,0.00030343,0.00033561,0.00038053,0.00043794,0.00050454,0.00057782,0.00065307,0.00072444,0.00078753,0.00083773,0.00087551,0.00090224,0.00092101,0.00093579,0.00095082,0.00096981,0.00099521,0.00102839,0.00106997,0.00112099,0.00118029,0.00124771,0.00132349,0.00140836,0.00150379,0.00161056,0.00173034,0.00186434,0.00201535,0.00218658,0.00238387,0.00260707,0.00285551,0.00313328,0.00343914,0.00377929,0.00415175,0.00455868,0.00500597,0.0054879,0.00602127,0.00661311,0.00726925,0.00799557,0.00878136,0.00964946,0.01060551,0.01165574,0.01281181,0.01406635,0.01544893,0.0169729,0.01866476,0.02055651,0.02265703,0.02500531,0.02763157,0.03056851,0.03384201,0.03746448,0.04141419,0.04571964,0.05050146,0.05585587,0.06189387,0.06869329,0.07636126,0.08496348,0.09447428,0.10486513,0.11605916,0.12807873,0.14088596,0.15474791,0.17027097,0.18780351,0.20763656,0.22975165,0.25383238,0.27936554,0.30554251,0.33186077,0.35824083,0.3849813,0.41416257,0.44473906,0.4768885,0.51042738
LAO,2043,0.01305872,0.00133802,0.00100591,0.00076551,0.00059321,0.0004716,0.00038597,0.00032931,0.00029407,0.00027562,0.000271,0.00027833,0.00029772,0.00032952,0.00037389,0.00043062,0.00049641,0.00056885,0.00064328,0.00071392,0.00077635,0.00082603,0.00086361,0.00089024,0.00090898,0.00092384,0.00093876,0.00095748,0.00098256,0.00101556,0.00105687,0.0011072,0.00116573,0.00123224,0.00130692,0.00139047,0.00148436,0.00158957,0.00170775,0.00184088,0.00199051,0.00215805,0.00235004,0.00257099,0.0028199,0.00309499,0.00339439,0.00372711,0.00409503,0.00449699,0.00493643,0.0054101,0.00593428,0.00651639,0.00716378,0.00788099,0.00865616,0.00951062,0.0104524,0.01148915,0.01262825,0.01386384,0.0152295,0.01673907,0.01840906,0.02026982,0.0223411,0.02466292,0.02725866,0.03015359,0.03337649,0.03695167,0.04088944,0.04518053,0.04987244,0.05512547,0.06109637,0.06783651,0.07543669,0.08394143,0.09335864,0.10366915,0.11469539,0.12651822,0.13928234,0.15314325,0.16857239,0.18599094,0.2057183,0.22771762,0.25166557,0.27706132,0.30315762,0.32946092,0.35578722,0.38245657,0.41166906,0.44230743,0.47453964,0.5081771
LAO,2044,0.01264413,0.00129614,0.000976,0.00074394,0.00057739,0.00045968,0.00037664,0.00032166,0.00028748,0.00026965,0.00026531,0.00027266,0.00029185,0.00032325,0.00036708,0.00042313,0.00048811,0.00055969,0.00063331,0.00070324,0.00076512,0.0008142,0.00085145,0.00087807,0.00089685,0.00091178,0.00092663,0.00094521,0.00096997,0.00100257,0.00104361,0.00109343,0.00115117,0.00121682,0.00129048,0.00137283,0.00146512,0.00156862,0.00168505,0.00181637,0.00196497,0.00213086,0.00231871,0.00253372,0.00278004,0.00305554,0.00335198,0.00367747,0.00403709,0.00443393,0.00486781,0.00533311,0.00584811,0.00642,0.00705654,0.00776396,0.00852968,0.00937222,0.01029868,0.01131938,0.01244326,0.01366122,0.01500599,0.01649683,0.01815072,0.01998717,0.02202631,0.02431576,0.02688185,0.0297427,0.03291932,0.03644277,0.04032987,0.04460822,0.04928488,0.05444131,0.06030742,0.06697511,0.07451108,0.08294356,0.09225918,0.10248057,0.11343006,0.12508385,0.13764451,0.1514657,0.16690406,0.1842246,0.20383284,0.22572767,0.24956827,0.27484768,0.30083238,0.32708863,0.35343517,0.38008139,0.40932873,0.44004213,0.47238265,0.50615544
LAO,2045,0.01223327,0.00125453,0.00094624,0.00072243,0.00056158,0.00044776,0.00036728,0.00031398,0.00028086,0.00026363,0.00025958,0.00026694,0.00028593,0.00031693,0.00036019,0.00041555,0.00047969,0.0005504,0.00062317,0.00069237,0.00075368,0.00080224,0.00083907,0.00086553,0.00088443,0.00089947,0.00091423,0.0009327,0.00095725,0.00098945,0.00103,0.00107927,0.00113639,0.00120115,0.00127384,0.00135505,0.00144585,0.00154756,0.00166207,0.00179139,0.00193792,0.00210252,0.00228846,0.00249879,0.00273843,0.00301094,0.00330781,0.00362992,0.00398145,0.00436904,0.00479716,0.00525661,0.0057623,0.00632397,0.0069491,0.00764437,0.00839984,0.00923169,0.01014469,0.01114816,0.01225403,0.01345622,0.01478145,0.01624922,0.0178823,0.01970054,0.02171458,0.02396836,0.02649825,0.02932569,0.03246422,0.03594025,0.03977149,0.04399522,0.04865771,0.05379682,0.0595628,0.06611713,0.07357413,0.08193732,0.09117699,0.10130014,0.11216243,0.12374336,0.13613066,0.14973503,0.16513649,0.18247071,0.20197618,0.22375125,0.24749751,0.27268999,0.29858895,0.32477207,0.35111504,0.37782508,0.40717376,0.43798539,0.47047047,0.50443066
LAO,2046,0.01184443,0.00121495,0.00091785,0.00070185,0.00054641,0.0004363,0.00035829,0.00030658,0.00027448,0.00025784,0.00025405,0.00026142,0.00028021,0.00031082,0.00035352,0.00040818,0.00047151,0.00054137,0.00061332,0.00068179,0.00074253,0.00079058,0.00082708,0.0008533,0.00087217,0.00088739,0.00090209,0.00092044,0.00094482,0.00097673,0.00101679,0.00106531,0.00112181,0.00118588,0.00125762,0.00133779,0.00142722,0.00152733,0.0016399,0.00176715,0.00191152,0.0020738,0.00225834,0.00246661,0.00270115,0.00296639,0.00326017,0.00358289,0.00393086,0.00430976,0.00472792,0.00518168,0.00568128,0.00623309,0.00684737,0.00753049,0.00827376,0.00909481,0.00999651,0.01098566,0.01207318,0.01325756,0.01456633,0.01601368,0.01762261,0.01941905,0.02141596,0.02364321,0.02613518,0.02892421,0.03202746,0.03546683,0.039249,0.04341492,0.04802092,0.05314622,0.05889871,0.06534688,0.0726841,0.080965,0.09013419,0.1001876,0.1109543,0.12245168,0.1347698,0.14819196,0.1633623,0.18065714,0.20017955,0.22184717,0.24547421,0.27058176,0.2964096,0.32252563,0.3488135,0.37553387,0.40502978,0.4359544,0.46854899,0.50266655
LAO,2047,0.01146487,0.00117608,0.00088997,0.00068166,0.00053153,0.00042505,0.00034946,0.00029933,0.00026821,0.00025214,0.00024861,0.00025598,0.00027456,0.00030478,0.00034693,0.00040092,0.00046344,0.00053246,0.00060361,0.00067136,0.00073154,0.00077909,0.00081526,0.00084131,0.00086005,0.0008753,0.00089001,0.00090825,0.00093242,0.00096406,0.00100374,0.00105151,0.00110716,0.00117051,0.00124147,0.00132058,0.0014087,0.00150729,0.00161809,0.00174318,0.00188522,0.00204502,0.00222694,0.0024336,0.0026658,0.00292534,0.00321113,0.00353039,0.00387897,0.00425389,0.00466243,0.00510554,0.0055989,0.00614403,0.00674743,0.00741853,0.00814902,0.00895649,0.0098461,0.01082253,0.01189399,0.01305924,0.01434834,0.01577744,0.01736376,0.01913334,0.0211076,0.02331498,0.02577665,0.02852303,0.03158303,0.03498575,0.03872722,0.04283923,0.04738175,0.05244428,0.05818284,0.06461216,0.07183148,0.0799812,0.08906012,0.09904293,0.10973765,0.12113625,0.13336735,0.14671464,0.16168608,0.17872174,0.19819727,0.21988278,0.24339776,0.26838905,0.29414521,0.3202088,0.34644983,0.37313392,0.40273562,0.43383934,0.46658347,0.50085591
LAO,2048,0.01110162,0.00113895,0.00086325,0.00066222,0.00051716,0.00041414,0.00034086,0.00029226,0.0002621,0.00024657,0.00024329,0.00025066,0.00026903,0.00029885,0.00034045,0.00039376,0.00045546,0.00052363,0.00059396,0.000661,0.00072059,0.00076763,0.00080347,0.00082936,0.00084806,0.00086327,0.00087786,0.00089607,0.00092008,0.00095143,0.00099075,0.00103789,0.0010927,0.00115511,0.00122529,0.00130353,0.00139036,0.00148753,0.00159666,0.00171979,0.00185945,0.00201661,0.00219577,0.00239952,0.00262994,0.00288689,0.00316651,0.00347698,0.00382179,0.00419743,0.00460171,0.00503471,0.00551648,0.00605492,0.00665116,0.0073104,0.00802845,0.00882196,0.00969671,0.01065993,0.01171755,0.01286664,0.01413527,0.01554341,0.0171103,0.01885571,0.02080302,0.022986,0.02542612,0.0281399,0.03115435,0.03451421,0.03821758,0.04228753,0.04677399,0.05176983,0.0574461,0.06386105,0.0710608,0.07908775,0.08803195,0.09793043,0.1085596,0.11989236,0.13202815,0.1452894,0.16018887,0.17701055,0.19620652,0.21785078,0.24140304,0.26630048,0.29196735,0.31799333,0.34421739,0.37088774,0.40055788,0.43180509,0.46476655,0.49923293
LAO,2049,0.01076556,0.00110393,0.00083806,0.0006439,0.0005036,0.00040385,0.00033275,0.00028556,0.0002563,0.00024129,0.00023823,0.00024558,0.00026373,0.00029317,0.00033422,0.00038686,0.00044778,0.00051511,0.00058461,0.00065094,0.00070997,0.00075648,0.00079197,0.00081768,0.00083631,0.00085153,0.00086591,0.00088395,0.00090783,0.00093892,0.00097786,0.00102439,0.00107847,0.00113996,0.0012091,0.00128647,0.00137221,0.00146796,0.00157552,0.00169683,0.00183433,0.00198881,0.00216506,0.00236577,0.00259299,0.00284798,0.00312487,0.00342859,0.0037638,0.00413538,0.00454059,0.00496937,0.0054402,0.00596609,0.00655522,0.00720682,0.00791265,0.00869263,0.00955216,0.01049922,0.01154249,0.01267769,0.0139289,0.01531499,0.01685928,0.01858353,0.0205061,0.02265937,0.02507219,0.02776149,0.03073961,0.03405222,0.03770885,0.04173708,0.04617729,0.05111114,0.05671685,0.06306147,0.07024058,0.07824076,0.08705056,0.09680866,0.10734771,0.11861021,0.13067412,0.14382736,0.1586274,0.17535773,0.19430511,0.21563376,0.23913538,0.26406856,0.28963565,0.31556921,0.3417523,0.36839752,0.39810935,0.42941622,0.46251041,0.49718347
LAO,2050,0.01043139,0.00106938,0.00081311,0.00062573,0.00049015,0.00039363,0.0003247,0.00027893,0.00025056,0.00023606,0.00023323,0.00024057,0.00025853,0.00028759,0.00032813,0.00038012,0.00044027,0.00050681,0.00057554,0.00064117,0.00069967,0.00074571,0.00078088,0.00080643,0.00082504,0.00084028,0.00085456,0.00087239,0.00089606,0.00092696,0.00096558,0.00101152,0.00106495,0.00112567,0.00119384,0.00127013,0.00135484,0.00144945,0.00155551,0.00167515,0.00181071,0.00196284,0.00213622,0.00233381,0.00255778,0.00280939,0.00308437,0.00338529,0.00371329,0.00407456,0.00447558,0.00490607,0.00537272,0.00588702,0.0064628,0.00710714,0.00780577,0.00857285,0.00941808,0.01034907,0.01137535,0.01249677,0.01373385,0.01510219,0.0166239,0.018325,0.02022772,0.02235576,0.02473807,0.0273996,0.0303533,0.03363218,0.03724178,0.04122406,0.04562409,0.05051295,0.05606069,0.06233536,0.06944566,0.07743123,0.08622229,0.09585681,0.10626516,0.11745142,0.12946078,0.14255626,0.15726095,0.1739024,0.19277261,0.21386035,0.23706219,0.26199229,0.28765431,0.31354499,0.3396943,0.36635594,0.39616996,0.42759094,0.46082212,0.49571136
LAO,2051,0.01010728,0.00103576,0.00078878,0.00060795,0.00047696,0.0003836,0.00031677,0.00027238,0.00024488,0.00023088,0.00022827,0.0002356,0.00025335,0.00028203,0.00032203,0.00037337,0.00043274,0.00049846,0.0005664,0.00063131,0.00068923,0.00073478,0.00076965,0.00079503,0.00081358,0.00082885,0.00084302,0.0008607,0.00088409,0.00091469,0.00095302,0.00099839,0.00105113,0.00111109,0.00117838,0.00125359,0.00133696,0.00143037,0.00153512,0.00165305,0.0017867,0.00193654,0.00210723,0.00230154,0.00252194,0.00276982,0.003041,0.00333965,0.00366439,0.00401757,0.00440706,0.00483308,0.00530152,0.0058111,0.0063739,0.0070032,0.00769411,0.00845283,0.00928334,0.01019805,0.01120614,0.0123095,0.01353102,0.01488338,0.01638509,0.01806078,0.01993883,0.0220438,0.02439693,0.02702346,0.02994495,0.03319795,0.03676956,0.04069964,0.04504835,0.04989134,0.05539086,0.0615993,0.06863021,0.07653794,0.08530899,0.09492571,0.10520428,0.11625253,0.12818012,0.14121399,0.15585347,0.17238246,0.19114642,0.21214398,0.23508598,0.25970546,0.28537874,0.31138513,0.33750862,0.3641524,0.39406757,0.42561611,0.45899007,0.49405072
LAO,2052,0.0098072,0.00100456,0.00076611,0.00059133,0.00046456,0.00037414,0.00030928,0.00026618,0.00023949,0.00022595,0.00022355,0.00023086,0.00024841,0.00027671,0.00031619,0.00036687,0.00042547,0.00049037,0.00055751,0.00062173,0.00067907,0.00072411,0.00075866,0.00078387,0.00080237,0.00081764,0.0008317,0.00084923,0.0008724,0.00090262,0.00094055,0.00098541,0.00103749,0.00109668,0.00116314,0.00123738,0.00131944,0.00141139,0.00151482,0.00163129,0.00176305,0.00191073,0.00207889,0.0022702,0.00248697,0.0027309,0.00299805,0.00329253,0.00361479,0.00396442,0.00434509,0.00475882,0.00522245,0.00573419,0.00629197,0.00690704,0.007582,0.00833224,0.00915353,0.01005207,0.01104237,0.01212699,0.01332901,0.01466455,0.01614894,0.01780282,0.01965461,0.02173233,0.02405965,0.02665375,0.02953662,0.03275649,0.03629958,0.04018825,0.04448013,0.04926648,0.05471742,0.06087064,0.06782651,0.07564546,0.0843301,0.0939261,0.10418438,0.11509365,0.12687019,0.13980854,0.15437222,0.17081401,0.18943591,0.21029873,0.23312602,0.25745585,0.2827956,0.30880556,0.33503209,0.36162691,0.391552,0.42316248,0.45661835,0.49177229
LAO,2053,0.00953698,0.00097608,0.00074549,0.00057622,0.0004533,0.00036552,0.00030247,0.00026053,0.00023457,0.00022144,0.0002192,0.00022648,0.00024383,0.00027178,0.00031075,0.00036081,0.00041868,0.00048281,0.00054918,0.00061272,0.00066952,0.00071408,0.0007483,0.00077335,0.0007918,0.00080706,0.000821,0.00083838,0.00086132,0.00089125,0.00092873,0.00097299,0.0010245,0.00108298,0.00114861,0.00122197,0.0013029,0.00139345,0.00149531,0.00161037,0.00174055,0.00188615,0.00205196,0.00224053,0.00245405,0.00269403,0.00295698,0.00324712,0.00356491,0.00391195,0.00428889,0.0046934,0.00514371,0.00565044,0.00621096,0.00682076,0.00748076,0.00821363,0.00902578,0.00991434,0.01088716,0.01195359,0.01313561,0.0144504,0.01591686,0.01755214,0.01938179,0.02143104,0.02372869,0.02629461,0.0291423,0.03232284,0.03583071,0.03968922,0.04393716,0.04866266,0.0540555,0.06015607,0.06705216,0.07479133,0.08338338,0.09289521,0.10313777,0.11403403,0.12567073,0.13845226,0.15291928,0.16928278,0.18781574,0.20853603,0.23123826,0.25547528,0.28055157,0.30626472,0.33254229,0.35928767,0.3892748,0.42096354,0.45455788,0.4898826
LAO,2054,0.0092551,0.00094663,0.00072414,0.00056056,0.00044161,0.00035657,0.00029537,0.00025465,0.00022946,0.00021676,0.00021471,0.00022196,0.00023911,0.0002667,0.00030517,0.0003546,0.00041173,0.00047508,0.00054069,0.00060354,0.0006598,0.00070391,0.00073781,0.0007627,0.0007811,0.00079639,0.00081022,0.00082745,0.00085019,0.00087982,0.00091692,0.00096052,0.00101134,0.00106916,0.001134,0.00120643,0.00128625,0.00137553,0.00147582,0.0015891,0.00171765,0.0018614,0.00202482,0.00221071,0.00242109,0.00265737,0.00291594,0.00320134,0.00351424,0.00385624,0.00423022,0.00463079,0.00507085,0.00556276,0.00611761,0.00673034,0.00738488,0.00810095,0.00889367,0.00977178,0.01073318,0.01178107,0.012943,0.01423574,0.01567928,0.01729448,0.01910462,0.02112905,0.02339488,0.02592756,0.02874356,0.03188746,0.0353526,0.03917287,0.0433879,0.04806531,0.05339463,0.05943156,0.06626962,0.07394384,0.08245124,0.09187101,0.10202939,0.11291517,0.12454524,0.13718054,0.15148188,0.16774092,0.18618963,0.2068176,0.22937618,0.25349631,0.2784973,0.30396625,0.3299721,0.35679516,0.38701816,0.41880194,0.45250993,0.48801162
LAO,2055,0.00899088,0.00091904,0.00070403,0.00054577,0.00043054,0.00034807,0.0002886,0.00024903,0.00022457,0.00021228,0.00021039,0.00021763,0.00023457,0.00026181,0.00029978,0.0003486,0.00040499,0.00046757,0.00053243,0.0005946,0.00065031,0.00069395,0.00072756,0.00075226,0.0007706,0.0007859,0.00079963,0.00081671,0.00083923,0.00086858,0.0009053,0.00094831,0.00099838,0.00105544,0.00111954,0.0011911,0.00126981,0.00135788,0.00145677,0.00156833,0.00169494,0.00183685,0.00199823,0.00218149,0.00238892,0.00262177,0.00287639,0.00315704,0.00346482,0.00380155,0.00417012,0.00456788,0.00500383,0.00548466,0.00602336,0.00663012,0.00728873,0.00799896,0.00877336,0.00963037,0.01058053,0.01161708,0.01275921,0.01403057,0.01545063,0.01704132,0.01883123,0.02083451,0.02307335,0.02557153,0.0283516,0.03146351,0.03488959,0.03866439,0.0428386,0.04748041,0.05276008,0.0587275,0.0654956,0.07310614,0.08154347,0.09087738,0.10094009,0.11173827,0.12335864,0.13598597,0.15012536,0.16619431,0.18451823,0.20504479,0.22749652,0.25145969,0.27633732,0.30172752,0.32748229,0.35402585,0.38436895,0.41636484,0.45014151,0.48572798
LAO,2056,0.00869952,0.00088888,0.00068198,0.0005295,0.00041834,0.00033869,0.00028113,0.00024282,0.00021915,0.00020732,0.00020563,0.00021284,0.00022957,0.00025641,0.00029384,0.00034198,0.00039757,0.00045929,0.00052331,0.00058475,0.00063986,0.00068298,0.00071626,0.00074082,0.00075911,0.00077443,0.00078806,0.00080501,0.00082732,0.00085636,0.00089268,0.00093507,0.00098441,0.00104057,0.00110376,0.00117443,0.00125196,0.00133868,0.00143609,0.00154594,0.00167045,0.00180993,0.00196901,0.0021497,0.00235389,0.00258311,0.00283363,0.00310949,0.00341156,0.00374215,0.00410434,0.00449582,0.00492806,0.0054037,0.00592939,0.00651738,0.00716897,0.00788257,0.00864925,0.0094848,0.01041044,0.01143403,0.01256219,0.01381039,0.0152054,0.01676847,0.01853078,0.02050938,0.02272211,0.02518766,0.02792686,0.03099863,0.03438703,0.03811654,0.04223836,0.04683211,0.05207172,0.05798107,0.06466974,0.07220094,0.08056684,0.08982872,0.0998025,0.11050239,0.12203269,0.1346527,0.14878876,0.16468289,0.18280185,0.20320022,0.22555784,0.24943156,0.27417887,0.29948273,0.32520195,0.3515397,0.38171898,0.41390466,0.44797009,0.48371864
LAO,2057,0.00845793,0.00086348,0.00066342,0.00051578,0.00040805,0.00033079,0.00027484,0.00023758,0.00021458,0.00020312,0.0002016,0.00020877,0.00022531,0.00025182,0.00028877,0.00033632,0.00039122,0.00045222,0.00051552,0.00057631,0.00063091,0.00067358,0.00070656,0.00073096,0.00074921,0.00076451,0.00077804,0.00079486,0.00081698,0.00084574,0.00088171,0.00092354,0.00097226,0.0010277,0.00109002,0.00115979,0.00123637,0.00132195,0.00141805,0.00152646,0.00164931,0.0017867,0.00194339,0.00212188,0.00232362,0.00254972,0.00279683,0.00306875,0.00336622,0.00369128,0.00404755,0.00443322,0.00485958,0.00533228,0.00585354,0.00642854,0.00706145,0.00776894,0.00854091,0.00936961,0.0102737,0.01127366,0.01239001,0.01362551,0.01499822,0.01653714,0.018274,0.02022594,0.0224153,0.02485623,0.02756428,0.03059871,0.03394909,0.03764366,0.04172279,0.04626631,0.05146294,0.05733496,0.06396745,0.07142113,0.07971138,0.08891123,0.09882097,0.10943934,0.12087695,0.13341016,0.14754878,0.16344496,0.18137782,0.20156169,0.22379395,0.2475838,0.27225616,0.29744407,0.3230904,0.34940077,0.37943342,0.41146005,0.44570917,0.48173374
LAO,2058,0.00820081,0.00083664,0.00064373,0.00050119,0.00039705,0.0003223,0.00026807,0.00023193,0.00020962,0.00019857,0.0001972,0.00020434,0.00022066,0.00024678,0.0002832,0.00033008,0.0003842,0.00044437,0.00050686,0.00056691,0.00062091,0.00066307,0.00069571,0.00071992,0.00073809,0.0007534,0.00076681,0.00078346,0.00080536,0.00083383,0.00086939,0.00091062,0.00095863,0.00101328,0.00107471,0.00114342,0.00121879,0.00130317,0.00139785,0.00150462,0.00162566,0.00176092,0.001915,0.00209053,0.00228945,0.00251244,0.00275574,0.00302345,0.00331608,0.00363553,0.00398514,0.00436393,0.00478322,0.00524873,0.00576598,0.00633521,0.00695325,0.00763903,0.008403,0.00923589,0.01013074,0.0111064,0.01219539,0.01341606,0.01477276,0.01628506,0.01799419,0.01991537,0.02207217,0.02448358,0.0271604,0.03015836,0.03346379,0.03711236,0.04114824,0.04563931,0.05077701,0.05659446,0.06317743,0.07056144,0.07876004,0.08787465,0.09771227,0.10825682,0.11960095,0.13202536,0.14606036,0.16194615,0.17986704,0.19983711,0.22183222,0.24548952,0.27008206,0.29520564,0.32074986,0.34700276,0.37708194,0.4090009,0.4431385,0.47939288
LAO,2059,0.00795569,0.00081086,0.00062484,0.00048721,0.00038653,0.00031417,0.00026159,0.00022654,0.00020492,0.00019424,0.00019302,0.00020012,0.00021625,0.00024202,0.00027794,0.00032421,0.0003776,0.00043701,0.00049876,0.00055815,0.0006116,0.00065331,0.00068564,0.00070969,0.0007278,0.00074312,0.00075644,0.00077295,0.00079465,0.00082284,0.00085805,0.00089871,0.00094607,0.001,0.00106061,0.0011284,0.00120258,0.0012857,0.00137912,0.00148441,0.00160372,0.00173704,0.00188888,0.00206165,0.00225747,0.00247753,0.00271769,0.00298144,0.00326971,0.00358414,0.00392793,0.00430004,0.00471221,0.00517044,0.00568029,0.00624569,0.00685846,0.00752847,0.00826927,0.00909406,0.009994,0.0109611,0.01202475,0.01321702,0.01455879,0.01605488,0.01773776,0.01963032,0.02175528,0.02413305,0.02677972,0.02974813,0.0330173,0.03662103,0.04061125,0.04505963,0.05014761,0.05590634,0.06243571,0.06977266,0.0779049,0.08693615,0.09669717,0.10718054,0.11846219,0.13080144,0.14473554,0.16052356,0.17844981,0.19842736,0.22021962,0.24366112,0.26815875,0.29324724,0.31877347,0.34496951,0.37509664,0.40712164,0.44122227,0.47744648
LAO,2060,0.00772028,0.00078616,0.00060665,0.00047367,0.00037629,0.00030624,0.00025523,0.00022124,0.00020028,0.00018996,0.00018889,0.00019595,0.00021187,0.00023728,0.00027269,0.00031832,0.00037097,0.00042958,0.00049054,0.00054924,0.00060213,0.00064334,0.00067535,0.00069921,0.00071725,0.00073255,0.00074576,0.00076215,0.00078363,0.00081151,0.00084635,0.00088645,0.00093314,0.00098631,0.00104608,0.00111294,0.00118599,0.00126775,0.00135974,0.00146357,0.00158117,0.00171248,0.0018621,0.00203229,0.00222497,0.00244149,0.0026784,0.0029386,0.00322243,0.00353198,0.00387018,0.00423607,0.00464082,0.00509114,0.0055929,0.00615003,0.00675892,0.00742289,0.0081461,0.00894531,0.00983604,0.01080888,0.01186283,0.01302745,0.01433824,0.01581757,0.01748329,0.01934655,0.02143938,0.02378143,0.02639038,0.02932657,0.03256252,0.0361258,0.04006617,0.04446319,0.04950459,0.05520606,0.061668,0.06894291,0.07702047,0.08598077,0.09565104,0.10605034,0.11726276,0.12952793,0.14336116,0.1590249,0.17682799,0.19679448,0.21857842,0.24179129,0.26605435,0.29103699,0.31651647,0.34267754,0.37277473,0.40481854,0.43899017,0.47514663
LAO,2061,0.00749953,0.00076259,0.00058932,0.0004608,0.00036657,0.00029871,0.0002492,0.00021619,0.00019585,0.0001859,0.00018495,0.00019196,0.00020767,0.00023273,0.00026766,0.00031268,0.00036461,0.00042245,0.00048266,0.00054067,0.00059302,0.00063377,0.00066545,0.00068914,0.00070711,0.0007224,0.00073551,0.00075175,0.00077304,0.00080065,0.00083511,0.00087466,0.00092073,0.00097317,0.00103214,0.00109811,0.00117006,0.00125062,0.00134114,0.00144342,0.00155945,0.00168887,0.00183629,0.00200408,0.00219398,0.00240712,0.00264031,0.00289705,0.00317712,0.00348195,0.00381496,0.00417516,0.00457333,0.00501578,0.00550912,0.00605766,0.00665826,0.00731828,0.00803511,0.00881535,0.00967866,0.0106426,0.01170298,0.01285751,0.01413909,0.01558564,0.01723479,0.01907989,0.02114151,0.02344938,0.02602044,0.02891863,0.03212126,0.03565043,0.03954912,0.04389434,0.04888453,0.0545378,0.0609405,0.06814653,0.07616253,0.08507429,0.09467917,0.10499348,0.1161281,0.12833013,0.14209598,0.15766123,0.17534248,0.19519445,0.21699211,0.24022892,0.26429574,0.28908631,0.31451047,0.34067669,0.37084807,0.4029388,0.43721469,0.47353915
LAO,2062,0.00726851,0.00073819,0.00057134,0.00044742,0.00035645,0.00029088,0.00024293,0.00021094,0.00019125,0.00018166,0.00018087,0.00018784,0.00020334,0.00022803,0.00026245,0.00030686,0.00035806,0.00041513,0.00047458,0.00053191,0.0005837,0.000624,0.00065538,0.00067889,0.0006968,0.00071208,0.00072508,0.00074118,0.00076226,0.00078959,0.00082369,0.00086266,0.00090809,0.00095981,0.00101795,0.00108301,0.00115386,0.00123316,0.0013223,0.0014229,0.00153714,0.0016647,0.00180994,0.00197519,0.0021623,0.00237225,0.00260165,0.00285416,0.00313027,0.00343081,0.00375848,0.00411307,0.00450485,0.00493991,0.00542441,0.00596347,0.00655482,0.00720541,0.00791747,0.00869015,0.00953221,0.01046671,0.01151689,0.01267751,0.01394738,0.01536159,0.0169756,0.01880152,0.02084196,0.02311453,0.02564702,0.02850456,0.03166504,0.03515704,0.03901753,0.04331597,0.04825046,0.05384607,0.06019391,0.06733363,0.07527403,0.08412243,0.09367688,0.10392354,0.11496883,0.12708658,0.14078342,0.15627067,0.17383901,0.19355537,0.21523056,0.23848525,0.26258255,0.28717895,0.31241842,0.33853751,0.36877627,0.40095677,0.43529827,0.47174911
LAO,2063,0.00704344,0.00071481,0.00055402,0.00043446,0.0003466,0.00028321,0.00023677,0.00020578,0.00018672,0.00017747,0.00017682,0.00018375,0.00019904,0.00022337,0.00025728,0.00030104,0.00035151,0.00040778,0.00046645,0.00052308,0.00057429,0.0006141,0.00064518,0.00066853,0.00068636,0.00070162,0.00071451,0.00073046,0.00075133,0.00077836,0.00081209,0.00085049,0.00089525,0.00094625,0.00100358,0.00106771,0.00113745,0.00121552,0.00130326,0.0014023,0.00151464,0.00164015,0.00178327,0.00194605,0.0021303,0.00233712,0.00256304,0.00281135,0.00308279,0.00337897,0.00370194,0.00405092,0.00443658,0.00486467,0.0053411,0.00587047,0.00645188,0.00709229,0.00779395,0.00856126,0.00939488,0.01030702,0.01132543,0.01247493,0.01375107,0.01515244,0.01673255,0.01852028,0.02053936,0.02278833,0.02528218,0.02809934,0.03121575,0.03466204,0.03848198,0.04273832,0.04762317,0.05315694,0.05944053,0.06651924,0.07438729,0.08315736,0.09264484,0.10283823,0.11381059,0.12582852,0.13942907,0.15483152,0.17230337,0.19188633,0.21340713,0.23652611,0.26063809,0.28525903,0.31029078,0.33620945,0.36642791,0.39864865,0.43304716,0.46952939
LAO,2064,0.00684101,0.00069325,0.00053804,0.00042251,0.00033752,0.00027614,0.00023109,0.00020101,0.00018252,0.00017359,0.00017306,0.00017994,0.00019503,0.000219,0.00025241,0.00029557,0.00034531,0.00040084,0.00045875,0.00051469,0.00056534,0.00060468,0.00063544,0.00065862,0.00067639,0.00069163,0.00070441,0.00072022,0.00074088,0.00076763,0.00080099,0.00083886,0.00088299,0.00093328,0.00098983,0.0010531,0.00112178,0.00119866,0.00128507,0.00138261,0.00149326,0.00161669,0.0017576,0.0019181,0.00209971,0.00230348,0.00252614,0.00277076,0.00303775,0.003329,0.0036474,0.00399168,0.00437147,0.00479317,0.00526227,0.0057831,0.0063546,0.00698441,0.00767523,0.00843149,0.00925952,0.01016352,0.01115832,0.0122743,0.01353901,0.01494744,0.01651518,0.01826697,0.02024545,0.02247178,0.02494072,0.02771882,0.0307933,0.03419402,0.03796683,0.0421815,0.04702505,0.05250769,0.05872759,0.06574118,0.07354923,0.08225235,0.0916668,0.10180071,0.11272917,0.12468155,0.13818845,0.15349974,0.17089579,0.19039708,0.21180629,0.23480347,0.2588262,0.28352238,0.30864558,0.33442693,0.36457544,0.39687665,0.43142796,0.46809654
LAO,2065,0.00663435,0.00067145,0.00052185,0.00041035,0.00032826,0.00026891,0.00022527,0.00019613,0.00017822,0.00016962,0.0001692,0.00017603,0.00019092,0.00021454,0.00024745,0.00028997,0.00033899,0.00039373,0.00045089,0.00050613,0.00055621,0.00059508,0.00062551,0.0006485,0.0006662,0.00068143,0.0006941,0.00070976,0.00073021,0.00075666,0.00078964,0.00082696,0.00087046,0.00092001,0.00097575,0.00103813,0.00110575,0.00118142,0.00126647,0.00136247,0.0014714,0.00159285,0.00173139,0.00188934,0.00206833,0.00226906,0.00248832,0.00272925,0.00299208,0.00327833,0.00359119,0.00393056,0.00430509,0.00472023,0.00518217,0.00569479,0.0062571,0.00687578,0.00755465,0.00829867,0.00911421,0.01001226,0.01099772,0.01208781,0.013316,0.01471131,0.01628641,0.0180236,0.01996209,0.02214328,0.02458606,0.02733706,0.03036813,0.03372228,0.03744441,0.04160617,0.04640385,0.05183846,0.05799925,0.06494036,0.07267483,0.08131297,0.09065379,0.10070733,0.1115684,0.12346705,0.13689459,0.15209025,0.16937064,0.18877253,0.21007703,0.23293983,0.25682101,0.28140992,0.3065875,0.33242831,0.36244567,0.39463654,0.42921912,0.465984
LAO,2066,0.00642364,0.00064911,0.00050522,0.00039786,0.00031871,0.00026145,0.00021926,0.00019107,0.00017376,0.00016549,0.00016519,0.00017196,0.00018662,0.00020985,0.00024225,0.0002841,0.00033233,0.00038623,0.00044256,0.00049707,0.00054653,0.00058488,0.00061497,0.00063776,0.00065536,0.00067056,0.00068313,0.00069862,0.00071885,0.00074499,0.00077756,0.00081428,0.00085711,0.0009059,0.00096078,0.0010222,0.00108868,0.00116309,0.00124669,0.00134108,0.00144817,0.00156753,0.00170369,0.00185882,0.00203477,0.00223237,0.00244809,0.00268501,0.00294349,0.00322485,0.00353189,0.00386505,0.00423382,0.00464278,0.00509707,0.00560128,0.00615437,0.00676225,0.00742811,0.00815815,0.00895933,0.00984339,0.01082119,0.01189989,0.01309888,0.01445339,0.01601328,0.01775583,0.01967587,0.02181126,0.02420253,0.02692353,0.02992231,0.03322667,0.03689529,0.04099849,0.04573641,0.05111631,0.05721945,0.06409123,0.07174294,0.08030088,0.08957009,0.09954342,0.11031645,0.12213878,0.13550427,0.15060659,0.16775383,0.18702604,0.20822475,0.23098406,0.2547402,0.27920443,0.30429717,0.33021625,0.36036566,0.39247292,0.42700151,0.46386177
LAO,2067,0.00624093,0.00062951,0.00049049,0.00038669,0.0003101,0.00025465,0.00021373,0.00018639,0.00016961,0.00016161,0.00016139,0.00016807,0.00018247,0.00020528,0.0002371,0.00027823,0.00032561,0.00037858,0.00043396,0.00048758,0.00053629,0.00057402,0.00060363,0.00062612,0.00064351,0.00065857,0.00067098,0.00068627,0.00070619,0.00073192,0.00076398,0.00080008,0.00084217,0.00089014,0.00094412,0.00100451,0.00106985,0.001143,0.0012252,0.00131798,0.00142326,0.0015406,0.00167448,0.00182705,0.00199996,0.00219434,0.00240683,0.00264005,0.00289436,0.00317125,0.00347328,0.00380058,0.0041629,0.00456599,0.00501402,0.00551043,0.00605519,0.00665347,0.00730803,0.00802444,0.00881108,0.00968084,0.01064427,0.01171551,0.0129032,0.01422753,0.01574593,0.01747337,0.01940021,0.02151728,0.02386147,0.02653147,0.0295014,0.03277503,0.03639476,0.04044541,0.04512821,0.05045081,0.05650317,0.063323,0.07091298,0.07940089,0.0886038,0.09852198,0.1092318,0.12098233,0.13429052,0.14935123,0.16642652,0.18559085,0.20669503,0.22939376,0.25310006,0.27749695,0.30252492,0.32841847,0.35875548,0.39106381,0.42558888,0.46248539
LAO,2068,0.00611076,0.00061441,0.00047903,0.00037789,0.00030323,0.00024915,0.0002092,0.0001825,0.00016611,0.0001583,0.00015811,0.00016467,0.0001788,0.0002012,0.00023244,0.00027285,0.00031943,0.0003715,0.00042594,0.00047867,0.00052657,0.00056372,0.0005929,0.00061507,0.00063228,0.00064719,0.00065949,0.00067464,0.00069434,0.00071975,0.0007514,0.000787,0.00082851,0.00087582,0.00092907,0.00098866,0.00105308,0.0011252,0.00120626,0.00129777,0.00140161,0.00151726,0.00164924,0.00179967,0.00197019,0.00216173,0.00237113,0.00260127,0.00285207,0.00312498,0.00342278,0.00374523,0.00410172,0.00449835,0.00494056,0.00543071,0.00596752,0.00655701,0.00720138,0.00790578,0.00867796,0.00953273,0.01048102,0.01153697,0.01271655,0.0140284,0.0155149,0.01719714,0.01910644,0.02122889,0.02355155,0.02617135,0.02908539,0.03232644,0.03591122,0.03990683,0.04453257,0.04979229,0.05577849,0.06253849,0.07006729,0.07848785,0.08761308,0.09745711,0.1081033,0.11977849,0.13300101,0.14798723,0.16500306,0.18407575,0.20505277,0.22764398,0.25128505,0.27563086,0.30059107,0.32641826,0.35677585,0.38927072,0.42399689,0.46090239
LAO,2069,0.00597994,0.00059909,0.0004674,0.00036895,0.00029623,0.00024354,0.00020458,0.00017852,0.00016253,0.00015492,0.00015474,0.00016117,0.00017504,0.000197,0.00022764,0.00026729,0.00031302,0.00036417,0.00041763,0.00046941,0.00051648,0.00055298,0.0005817,0.00060355,0.00062054,0.0006353,0.00064747,0.00066245,0.00068191,0.00070699,0.00073818,0.00077325,0.00081415,0.00086076,0.00091321,0.00097194,0.00103539,0.00110642,0.00118625,0.0012764,0.00137871,0.00149257,0.00162253,0.0017707,0.00193867,0.00212738,0.00233336,0.00255989,0.00280708,0.00307589,0.00336907,0.0036865,0.00403736,0.00442724,0.00486195,0.00534526,0.00587471,0.00645486,0.0070889,0.00778138,0.00853963,0.00937814,0.01030922,0.01134768,0.01250945,0.01381084,0.01528285,0.01692863,0.01878694,0.02088742,0.02321211,0.02580697,0.02866389,0.03184143,0.03538695,0.03933989,0.04390313,0.04909454,0.05500526,0.06168582,0.06914179,0.07749188,0.08653772,0.09629095,0.1068483,0.11844242,0.1315694,0.14644225,0.16335382,0.18233811,0.20319355,0.22562915,0.2491395,0.27339939,0.29828636,0.32401913,0.35432168,0.38680519,0.42167821,0.45874412
LAO,2070,0.00585519,0.00058461,0.00045638,0.00036049,0.00028962,0.00023823,0.00020022,0.00017477,0.00015915,0.00015171,0.00015156,0.00015788,0.00017149,0.00019305,0.00022313,0.00026207,0.00030699,0.00035725,0.00040983,0.00046074,0.00050701,0.00054291,0.00057118,0.00059275,0.00060954,0.00062415,0.00063621,0.00065102,0.00067025,0.00069501,0.0007258,0.00076038,0.00080069,0.00084666,0.00089838,0.00095629,0.00101883,0.00108885,0.00116755,0.00125641,0.00135729,0.0014695,0.00159758,0.00174362,0.00190923,0.00209529,0.00229825,0.00252124,0.00276472,0.00302985,0.00331885,0.00363147,0.0039772,0.0043613,0.00478905,0.0052646,0.00578707,0.00635966,0.00698401,0.00766575,0.0084116,0.00923602,0.01015031,0.01117105,0.01231485,0.01359791,0.01506027,0.01669122,0.01851133,0.02055835,0.02286055,0.02546033,0.02829246,0.03141135,0.0348916,0.03880496,0.04332744,0.0484549,0.05429597,0.0609005,0.06827799,0.07656199,0.08554376,0.09522462,0.1056974,0.11720747,0.13025993,0.14504021,0.16184167,0.18073097,0.20151529,0.22385236,0.24723668,0.27140144,0.29624057,0.32193671,0.35222584,0.38470611,0.41962488,0.45689772
LAO,2071,0.00572739,0.00057023,0.00044542,0.00035202,0.00028299,0.0002329,0.00019581,0.00017099,0.00015573,0.00014848,0.00014834,0.00015455,0.0001679,0.00018906,0.00021857,0.00025679,0.00030089,0.00035025,0.00040189,0.00045194,0.00049742,0.00053272,0.00056054,0.00058181,0.00059841,0.00061288,0.00062482,0.00063948,0.00065847,0.00068291,0.00071329,0.00074738,0.0007871,0.0008324,0.00088339,0.00094047,0.00100208,0.00107107,0.00114862,0.00123618,0.00133558,0.00144609,0.00157226,0.00171612,0.0018793,0.00206264,0.0022625,0.00248207,0.00272157,0.00298253,0.00326739,0.00357523,0.00391554,0.00429386,0.00471509,0.00518277,0.00569649,0.00626111,0.00687681,0.00754753,0.00828124,0.00909206,0.00999062,0.01099273,0.01211684,0.01337979,0.01482231,0.01644161,0.01824432,0.02024894,0.02249249,0.02506802,0.02790371,0.03099465,0.03441076,0.03825243,0.04273236,0.04781326,0.05358291,0.06011037,0.06740492,0.07560784,0.08452017,0.09413417,0.10453067,0.11594906,0.1289103,0.14360591,0.16030314,0.17907237,0.19975815,0.22202815,0.24532244,0.26937265,0.29413067,0.31979166,0.35009834,0.38258552,0.41752467,0.45487168
LAO,2072,0.00560068,0.00055543,0.00043415,0.00034335,0.00027619,0.00022744,0.00019132,0.00016712,0.00015224,0.00014517,0.00014505,0.00015114,0.00016422,0.00018495,0.00021389,0.00025136,0.00029462,0.00034305,0.00039373,0.00044286,0.00048754,0.00052221,0.00054956,0.0005705,0.00058689,0.00060122,0.00061305,0.00062754,0.00064629,0.00067039,0.00070033,0.00073391,0.00077305,0.00081766,0.00086788,0.00092411,0.00098476,0.00105268,0.00112903,0.00121526,0.00131315,0.00142189,0.0015461,0.00168776,0.00184843,0.00202899,0.00222569,0.00244176,0.0026774,0.00293388,0.00321405,0.00351711,0.003852,0.00422421,0.00463887,0.00509914,0.00560397,0.00615864,0.00676518,0.00742594,0.00814706,0.0089444,0.00982761,0.01081205,0.01191527,0.01315601,0.01457651,0.01617301,0.01796129,0.01994513,0.02214124,0.02465367,0.02746142,0.03055392,0.03393803,0.03770873,0.04211166,0.04714375,0.05285995,0.05930806,0.06651826,0.07463558,0.0834634,0.09300607,0.10333406,0.11467226,0.12753722,0.14213362,0.15873916,0.17739923,0.19796526,0.22014663,0.24339326,0.26737776,0.29204944,0.31765937,0.34801199,0.38056962,0.41557776,0.45301958
LAO,2073,0.00547556,0.00054127,0.00042332,0.00033498,0.0002696,0.00022213,0.00018693,0.00016334,0.00014884,0.00014195,0.00014185,0.00014782,0.00016065,0.00018097,0.00020934,0.00024609,0.00028853,0.00033605,0.00038579,0.00043401,0.0004779,0.00051199,0.00053889,0.00055951,0.0005757,0.00058989,0.00060163,0.00061597,0.0006345,0.00065828,0.0006878,0.00072088,0.00075944,0.00080339,0.00085286,0.00090826,0.00096799,0.00103486,0.00111004,0.00119496,0.00129138,0.00139841,0.00152067,0.00166017,0.00181843,0.00199627,0.00218988,0.00240255,0.00263444,0.00288681,0.00316219,0.00346019,0.00379,0.00415642,0.00456455,0.00501781,0.00551472,0.00605983,0.00665569,0.00730666,0.00801717,0.00880148,0.00967046,0.01063874,0.01172335,0.012942,0.01433972,0.01591275,0.01767666,0.01964503,0.02181908,0.02428297,0.02702436,0.03008779,0.03347417,0.0372114,0.04154151,0.04649187,0.05215608,0.05854789,0.06567573,0.07370965,0.08245111,0.09190837,0.10216373,0.11342977,0.12620916,0.14069797,0.157192,0.17575073,0.1962002,0.21825807,0.24141675,0.26535412,0.28995595,0.31546857,0.34578788,0.37836042,0.41339923,0.4508644
LAO,2074,0.00535878,0.00052798,0.00041318,0.00032714,0.00026346,0.00021718,0.00018284,0.00015982,0.00014566,0.00013894,0.00013885,0.00014472,0.0001573,0.00017723,0.00020507,0.00024114,0.00028281,0.00032948,0.00037834,0.00042572,0.00046885,0.00050238,0.00052888,0.00054921,0.00056519,0.00057923,0.00059085,0.00060505,0.00062336,0.00064682,0.00067594,0.00070854,0.00074654,0.00078988,0.00083865,0.00089327,0.00095211,0.00101801,0.00109208,0.00117575,0.00127078,0.0013762,0.00149663,0.00163405,0.00179001,0.00196531,0.00215597,0.0023654,0.00259373,0.00284218,0.00311327,0.00340618,0.00373068,0.00409181,0.0044939,0.0049403,0.00542988,0.00596664,0.00655236,0.00719199,0.00789212,0.00866551,0.00952076,0.01047407,0.01154165,0.01274062,0.0141157,0.01566451,0.01740336,0.01934564,0.02150297,0.02394474,0.02663493,0.02962856,0.03298474,0.03672464,0.04102131,0.04589449,0.05147245,0.05781013,0.06488047,0.07283452,0.0814949,0.09086915,0.10104278,0.11223991,0.12495246,0.13935824,0.15574731,0.17420224,0.19456648,0.21653209,0.23960079,0.26349178,0.28809294,0.31358395,0.34390602,0.37652798,0.41167742,0.44928704
LAO,2075,0.00524249,0.00051475,0.00040307,0.00031934,0.00025731,0.00021223,0.00017875,0.00015629,0.00014248,0.00013592,0.00013585,0.0001416,0.00015393,0.00017347,0.00020076,0.00023615,0.00027703,0.00032285,0.00037081,0.00041733,0.00045969,0.00049262,0.00051868,0.00053873,0.0005545,0.00056836,0.00057985,0.00059387,0.00061194,0.00063508,0.00066377,0.00069588,0.00073329,0.00077596,0.00082401,0.00087782,0.00093573,0.0010006,0.00107353,0.0011559,0.00124946,0.0013532,0.00147175,0.00160703,0.00176057,0.00193321,0.00212088,0.00232696,0.00255162,0.00279605,0.00306273,0.00335074,0.00366953,0.00402467,0.00442077,0.00486034,0.00534218,0.00587059,0.00644681,0.00707496,0.00776234,0.00852425,0.00936712,0.01030498,0.01135568,0.01253536,0.01388873,0.01541166,0.01712262,0.01903588,0.02116292,0.02358547,0.02624937,0.02918557,0.03246414,0.03616779,0.04046406,0.0452953,0.05078404,0.05702272,0.06402794,0.07191621,0.0804851,0.08976574,0.09984161,0.11093852,0.12356232,0.1378755,0.15415123,0.17246863,0.19269808,0.21455122,0.23750234,0.26127807,0.28580592,0.3112635,0.34156047,0.37413932,0.40928712,0.44695246
LAO,2076,0.00512681,0.00050161,0.00039302,0.00031156,0.0002512,0.0002073,0.00017468,0.00015278,0.00013931,0.00013291,0.00013286,0.00013851,0.00015059,0.00016974,0.0001965,0.00023121,0.00027133,0.00031629,0.00036338,0.00040906,0.00045067,0.00048302,0.00050865,0.00052841,0.00054401,0.00055773,0.00056909,0.00058296,0.0006008,0.00062365,0.00065194,0.00068357,0.00072043,0.00076247,0.00080981,0.00086284,0.00091989,0.00098376,0.00105559,0.00113672,0.00122887,0.00133099,0.00144771,0.00158095,0.00173219,0.00190224,0.00208701,0.00228991,0.00251102,0.00275157,0.003014,0.00329726,0.00361084,0.00395989,0.00434959,0.00478278,0.00525734,0.00577745,0.00634472,0.00696267,0.00763773,0.00838631,0.00921704,0.01014185,0.01117625,0.01233808,0.01367174,0.01517171,0.01685523,0.01873896,0.02083539,0.02322756,0.02587221,0.02878199,0.03200125,0.03562408,0.03988548,0.04471858,0.05016559,0.05631393,0.0632204,0.07105064,0.07956152,0.08875847,0.09874875,0.10975469,0.12228627,0.13651891,0.1527127,0.17093158,0.19104472,0.21279414,0.23567379,0.25937801,0.28383959,0.30927309,0.33962711,0.37224834,0.40742757,0.4451748
LAO,2077,0.00501673,0.00048893,0.00038332,0.00030406,0.0002453,0.00020254,0.00017074,0.00014938,0.00013623,0.00012999,0.00012995,0.00013548,0.00014732,0.00016609,0.00019231,0.00022634,0.0002657,0.00030982,0.00035603,0.00040087,0.00044172,0.00047349,0.00049868,0.00051812,0.00053352,0.0005471,0.00055833,0.00057202,0.00058963,0.00061214,0.00064003,0.00067117,0.00070746,0.00074886,0.00079547,0.00084769,0.00090385,0.00096673,0.00103742,0.00111728,0.001208,0.00130847,0.00142331,0.00155446,0.00170336,0.00187078,0.00205258,0.00225221,0.00246976,0.00270635,0.00296444,0.00324291,0.00355119,0.00389442,0.00427731,0.00470335,0.00517077,0.00568268,0.00624059,0.00684844,0.00751204,0.00824716,0.00906307,0.00997429,0.01099405,0.01213762,0.01345178,0.01492934,0.01658671,0.0184393,0.02050223,0.02286083,0.025471,0.02835798,0.03154656,0.03510324,0.03927677,0.04406821,0.04951155,0.05561002,0.06241601,0.07014039,0.07858702,0.08772014,0.09761852,0.10852797,0.12095628,0.1350802,0.15117732,0.16930026,0.18930412,0.21093194,0.23371042,0.2573517,0.28175305,0.30713208,0.33751614,0.37021996,0.4054746,0.44329782
LAO,2078,0.00490045,0.00047626,0.00037358,0.00029649,0.00023931,0.0001977,0.00016673,0.00014592,0.0001331,0.00012703,0.000127,0.00013243,0.00014403,0.00016241,0.00018811,0.00022146,0.00026004,0.00030331,0.00034866,0.00039266,0.00043277,0.00046398,0.00048876,0.00050792,0.00052312,0.00053657,0.00054771,0.00056125,0.00057862,0.00060082,0.00062831,0.00065899,0.00069474,0.0007355,0.00078142,0.00083285,0.00088814,0.00095005,0.00101965,0.00109826,0.00118757,0.00128641,0.00139941,0.00152847,0.00167504,0.00183989,0.00201873,0.00221511,0.00242912,0.00266185,0.00291565,0.00318936,0.00349243,0.00382989,0.00420644,0.00462502,0.00508463,0.00558872,0.00613763,0.00673523,0.0073878,0.00811073,0.00891213,0.00980743,0.01081255,0.0119403,0.01323539,0.01469188,0.01632497,0.01814934,0.02017882,0.02250284,0.02507765,0.02792844,0.03109327,0.03461767,0.03872303,0.04342181,0.04882164,0.0549173,0.06167321,0.06929887,0.07764075,0.08671373,0.09655245,0.1073705,0.11970281,0.1337213,0.1497086,0.16773929,0.18765761,0.20919222,0.23187049,0.25543518,0.27979808,0.30513746,0.33552404,0.36828079,0.40363893,0.4415605
LAO,2079,0.00479554,0.00046427,0.0003644,0.00028937,0.0002337,0.00019317,0.00016298,0.00014268,0.00013018,0.00012425,0.00012424,0.00012956,0.00014093,0.00015895,0.00018414,0.00021685,0.00025471,0.00029717,0.00034169,0.0003849,0.0004243,0.00045497,0.00047934,0.00049821,0.00051322,0.00052651,0.00053755,0.00055095,0.0005681,0.00058999,0.00061708,0.0006473,0.00068253,0.00072269,0.00076792,0.00081861,0.00087305,0.00093401,0.00100257,0.00108,0.00116796,0.00126525,0.00137651,0.0015036,0.00164795,0.00181035,0.00198644,0.00217974,0.00239036,0.00261941,0.00286921,0.0031384,0.00343652,0.00376856,0.0041391,0.00455108,0.00500293,0.00549886,0.00603961,0.00662779,0.00726961,0.00798125,0.00876996,0.00965014,0.01063867,0.01175114,0.01303022,0.01446651,0.01607716,0.01787563,0.01987504,0.02216472,0.02470314,0.02751684,0.03064369,0.03414301,0.03821555,0.04284147,0.04814265,0.05419188,0.06094466,0.06852105,0.07676175,0.08572729,0.09550552,0.10626173,0.11849708,0.13240969,0.14827995,0.1661905,0.18601087,0.20745853,0.23004532,0.25351264,0.27780169,0.30310196,0.33348002,0.36623755,0.40164528,0.43966738
LAO,2080,0.00468356,0.0004519,0.00035487,0.00028196,0.00022784,0.00018841,0.00015904,0.00013928,0.0001271,0.00012133,0.00012133,0.00012654,0.00013767,0.0001553,0.00017997,0.00021199,0.00024908,0.00029068,0.0003343,0.00037667,0.00041532,0.00044541,0.00046935,0.00048792,0.00050272,0.00051586,0.00052677,0.00054001,0.00055695,0.00057851,0.00060517,0.0006349,0.00066954,0.00070907,0.00075358,0.00080345,0.00085699,0.00091694,0.00098435,0.00106051,0.00114704,0.00124265,0.00135202,0.00147698,0.00161894,0.00177866,0.00195175,0.00214177,0.00234875,0.0025738,0.00281926,0.00308368,0.00337647,0.00370266,0.00406677,0.0044716,0.00491562,0.00540234,0.00593338,0.00651178,0.00714242,0.00784165,0.00861709,0.0094824,0.01045332,0.01154636,0.01280766,0.01422451,0.01581093,0.01758249,0.01955111,0.02180641,0.02430487,0.02707619,0.03015953,0.03361372,0.03765553,0.04224034,0.04745747,0.05339543,0.06009208,0.06766099,0.07584548,0.0846999,0.09435858,0.10504301,0.11720436,0.13100132,0.14674585,0.16452156,0.18420931,0.2055552,0.2280589,0.25144304,0.27564569,0.30088362,0.33126932,0.36404102,0.39947782,0.43758569
LAO,2081,0.00457662,0.00044032,0.00034596,0.00027504,0.00022236,0.00018397,0.00015535,0.00013609,0.00012422,0.00011859,0.0001186,0.00012372,0.00013462,0.00015189,0.00017606,0.00020746,0.00024381,0.00028462,0.00032742,0.000369,0.00040696,0.00043654,0.00046009,0.00047839,0.00049301,0.000506,0.00051679,0.00052987,0.00054659,0.00056787,0.00059415,0.00062342,0.00065753,0.00069646,0.00074031,0.00078945,0.00084215,0.00090118,0.00096753,0.00104251,0.00112771,0.00122179,0.0013294,0.00145239,0.00159214,0.00174938,0.00191965,0.00210659,0.00231022,0.00253155,0.00277294,0.00303288,0.00332079,0.00364152,0.00399963,0.00439786,0.00483456,0.0053132,0.00583471,0.00640308,0.00702366,0.00771163,0.00847436,0.00932614,0.01028189,0.01135687,0.01259877,0.01399745,0.01556392,0.0173105,0.01925145,0.02147629,0.02394001,0.02667098,0.02971163,0.03312198,0.03711993,0.04167501,0.04685176,0.05270531,0.05929095,0.06681107,0.07499879,0.08380669,0.09336094,0.10393091,0.11603112,0.1297643,0.14540262,0.16306759,0.18264333,0.20388935,0.22633438,0.24968427,0.27385545,0.29905985,0.32948247,0.36234268,0.39788566,0.43612965
LAO,2082,0.00447222,0.00042867,0.00033698,0.00026804,0.00021683,0.00017948,0.00015161,0.00013285,0.00012129,0.00011581,0.00011583,0.00012084,0.0001315,0.00014841,0.00017206,0.0002028,0.00023841,0.00027838,0.00032032,0.00036108,0.00039829,0.00042731,0.00045045,0.00046846,0.00048287,0.00049571,0.00050638,0.00051929,0.00053577,0.00055673,0.00058261,0.0006114,0.00064494,0.00068322,0.00072636,0.00077471,0.00082654,0.00088457,0.00094982,0.00102353,0.00110731,0.00119978,0.00130557,0.00142646,0.00156388,0.00171852,0.00188587,0.00206957,0.00226966,0.00248715,0.00272428,0.0029795,0.00326227,0.00357738,0.00392921,0.00432053,0.00474964,0.00521985,0.00573204,0.00628948,0.00689858,0.0075752,0.00832506,0.00916236,0.01010264,0.01116022,0.01238187,0.01375803,0.01530294,0.01702582,0.01893752,0.02113096,0.02355932,0.02625017,0.02924436,0.03260507,0.03655248,0.04105465,0.04619246,0.05199536,0.05848402,0.06588098,0.07400917,0.08281291,0.09230952,0.10275606,0.11471859,0.12836629,0.14391294,0.16143907,0.18087189,0.20197603,0.22429446,0.24756031,0.27166956,0.29680886,0.32718793,0.36003373,0.39560543,0.4338896
LAO,2083,0.00437493,0.00041782,0.00032865,0.00026156,0.0002117,0.00017532,0.00014816,0.00012986,0.00011857,0.00011323,0.00011326,0.00011816,0.0001286,0.00014516,0.00016833,0.00019845,0.00023337,0.00027257,0.00031371,0.0003537,0.00039023,0.00041872,0.00044148,0.00045922,0.00047345,0.00048614,0.0004967,0.00050945,0.00052571,0.00054637,0.00057187,0.00060023,0.00063326,0.00067094,0.00071341,0.00076102,0.00081204,0.00086915,0.00093337,0.00100593,0.00108839,0.00117935,0.00128343,0.00140241,0.00153763,0.00168982,0.00185441,0.00203505,0.00223178,0.00244561,0.00267876,0.00292952,0.00320736,0.00351708,0.00386296,0.00424759,0.00466934,0.00513141,0.00563455,0.00618202,0.00677948,0.00744413,0.00818205,0.00900577,0.00993073,0.01097182,0.01217532,0.01352977,0.01505044,0.01675008,0.01863632,0.02079957,0.0231951,0.02584916,0.02880168,0.03211392,0.03601088,0.04046072,0.04554398,0.0513078,0.05774635,0.06504876,0.07305544,0.08180588,0.09130943,0.10170549,0.11354768,0.1270592,0.14252977,0.15997968,0.17929443,0.20028729,0.22250659,0.24569701,0.26977954,0.29491704,0.3253374,0.35823564,0.39390367,0.43234589
LAO,2084,0.00428097,0.00040697,0.00032031,0.00025507,0.00020657,0.00017116,0.00014471,0.00012687,0.00011586,0.00011065,0.00011068,0.00011548,0.0001257,0.0001419,0.0001646,0.0001941,0.00022831,0.00026674,0.00030707,0.00034628,0.00038211,0.00041008,0.00043242,0.00044989,0.00046393,0.00047647,0.00048691,0.0004995,0.00051554,0.00053589,0.000561,0.0005889,0.00062142,0.00065849,0.00070028,0.00074714,0.00079731,0.00085351,0.00091668,0.00098806,0.00106921,0.00115863,0.001261,0.00137805,0.0015111,0.00166084,0.00182267,0.00200028,0.00219366,0.00240382,0.00263296,0.00287932,0.00315225,0.00345655,0.0037965,0.00417461,0.00458905,0.00504306,0.00553728,0.00607486,0.00666143,0.00731359,0.00803849,0.00884916,0.00975931,0.01078363,0.01196944,0.01330379,0.01480039,0.01647316,0.01833352,0.02046936,0.02283176,0.02544984,0.02836197,0.03162817,0.03547254,0.03986582,0.04489003,0.05059239,0.05698599,0.06423462,0.07213985,0.08075978,0.09020429,0.10060438,0.11238713,0.12575807,0.14106838,0.15842337,0.17764354,0.19849908,0.22059054,0.24366525,0.26765327,0.29273875,0.3231553,0.35605201,0.39172122,0.43020118
LAO,2085,0.00419249,0.00039708,0.00031269,0.00024914,0.00020185,0.00016733,0.00014151,0.0001241,0.00011335,0.00010825,0.00010828,0.00011299,0.000123,0.00013888,0.00016111,0.00019003,0.00022358,0.00026127,0.00030084,0.00033932,0.0003745,0.00040197,0.00042394,0.00044114,0.000455,0.00046741,0.00047773,0.00049018,0.000506,0.00052607,0.0005508,0.00057828,0.00061029,0.00064682,0.00068797,0.0007341,0.00078348,0.00083879,0.00090099,0.00097125,0.00105112,0.00113911,0.00123981,0.00135499,0.00148597,0.00163338,0.00179255,0.00196724,0.00215741,0.00236405,0.00258933,0.00283143,0.00309973,0.00339881,0.00373299,0.00410477,0.00451225,0.00495846,0.00544407,0.00597219,0.00654829,0.00718915,0.00790094,0.00869795,0.00959442,0.01060313,0.01177158,0.01308711,0.01456225,0.01620937,0.01804121,0.02015044,0.02248418,0.02506769,0.02794229,0.03116608,0.03496292,0.03930049,0.04426485,0.04990536,0.05623552,0.06344107,0.07129426,0.07981219,0.08912259,0.09946355,0.11125635,0.12456679,0.13972875,0.1569184,0.17604996,0.19682406,0.21879588,0.24176523,0.2656626,0.29067817,0.32109672,0.3540223,0.38972699,0.42825313
LAO,2086,0.00409842,0.00038695,0.00030486,0.000243,0.00019697,0.00016334,0.00013818,0.00012121,0.00011072,0.00010575,0.00010579,0.00011039,0.00012019,0.00013573,0.00015748,0.00018579,0.00021864,0.00025555,0.00029432,0.00033204,0.00036653,0.00039348,0.00041507,0.000432,0.00044567,0.00045793,0.00046815,0.00048044,0.00049605,0.00051581,0.00054016,0.00056718,0.00059866,0.00063459,0.00067508,0.00072046,0.000769,0.00082337,0.00088451,0.00095361,0.00103215,0.00111859,0.00121756,0.00133076,0.00145949,0.00160443,0.00176081,0.00193238,0.00211916,0.0023221,0.00254331,0.0027809,0.00304424,0.00333789,0.00366597,0.00403096,0.00443103,0.0048691,0.0053456,0.00586374,0.00642891,0.00705788,0.00775669,0.00853868,0.00941941,0.01041214,0.01156266,0.01285781,0.01431073,0.01593264,0.01773468,0.01981159,0.0221144,0.0246647,0.02749955,0.0306799,0.03442845,0.03871078,0.04361086,0.0491828,0.05544271,0.06257864,0.07038358,0.07884458,0.0880443,0.09823713,0.10996157,0.12327775,0.13836964,0.15539779,0.1743558,0.19504601,0.21694896,0.23981504,0.2636276,0.28857438,0.31897692,0.35194123,0.38771866,0.42633516
LAO,2087,0.00401133,0.00037683,0.00029707,0.00023695,0.00019218,0.00015945,0.00013494,0.0001184,0.00010817,0.00010332,0.00010336,0.00010786,0.00011744,0.00013264,0.00015394,0.00018166,0.00021383,0.00025,0.00028799,0.00032495,0.00035878,0.00038522,0.00040641,0.00042307,0.00043654,0.00044864,0.00045874,0.00047088,0.00048627,0.00050573,0.0005297,0.00055628,0.00058724,0.00062257,0.00066241,0.00070708,0.00075481,0.00080826,0.00086838,0.00093633,0.0010136,0.00109857,0.00119587,0.00130719,0.00143379,0.00157635,0.00173009,0.00189874,0.00208227,0.00228165,0.00249898,0.00273226,0.00299085,0.00327927,0.00360164,0.00396021,0.00435319,0.00478349,0.00525145,0.00576,0.00631464,0.00693222,0.0076185,0.00838677,0.00925162,0.01022764,0.01136149,0.01263751,0.01406852,0.01566651,0.01744143,0.01948712,0.02175573,0.02427336,0.02707305,0.03021099,0.0339139,0.03814436,0.04298506,0.0484885,0.05467625,0.06174125,0.06947655,0.07789145,0.08703621,0.09711489,0.10868435,0.12193028,0.13703158,0.15398725,0.1727776,0.19329419,0.21512358,0.23793266,0.26165277,0.2865236,0.31689929,0.34986899,0.38570883,0.42442698
LAO,2088,0.00392157,0.00036703,0.00028949,0.00023102,0.00018746,0.0001556,0.00013173,0.0001156,0.00010563,0.0001009,0.00010095,0.00010536,0.00011472,0.00012959,0.00015043,0.00017756,0.00020906,0.00024447,0.00028169,0.00031791,0.00035107,0.00037701,0.00039784,0.00041422,0.00042752,0.00043949,0.00044947,0.00046147,0.00047665,0.00049583,0.00051943,0.00054558,0.00057603,0.00061079,0.00064998,0.00069393,0.00074088,0.00079344,0.00085254,0.00091935,0.00099533,0.00107885,0.00117448,0.00128389,0.00140838,0.00154853,0.00169957,0.00186529,0.00204559,0.0022414,0.00245482,0.0026838,0.00293763,0.00322075,0.00353727,0.00388942,0.00427523,0.0046976,0.00515689,0.00565598,0.00620006,0.00680626,0.00748012,0.00823471,0.00908457,0.01004319,0.01115897,0.01241646,0.01382622,0.01539999,0.01714857,0.01916528,0.02140016,0.02388097,0.0266454,0.02974517,0.0334029,0.0375836,0.04236795,0.04780767,0.05392307,0.06091454,0.06857762,0.07692202,0.08602131,0.09604407,0.10749295,0.12057142,0.13559887,0.15257144,0.17129519,0.19165045,0.21331997,0.2360772,0.25976292,0.28456145,0.31491157,0.34787988,0.38375266,0.42256468
LAO,2089,0.00384076,0.00035811,0.00028259,0.00022561,0.00018315,0.00015208,0.00012879,0.00011304,0.0001033,9.868e-05,9.873e-05,0.00010304,0.00011221,0.00012677,0.00014718,0.00017375,0.00020462,0.00023932,0.0002758,0.00031132,0.00034386,0.00036932,0.0003898,0.00040593,0.00041904,0.00043087,0.00044074,0.00045258,0.00046756,0.00048646,0.00050969,0.00053543,0.00056539,0.00059959,0.00063815,0.0006814,0.00072758,0.0007793,0.00083744,0.00090314,0.00097788,0.00105998,0.00115403,0.00126164,0.00138406,0.00152194,0.00167039,0.00183327,0.00201048,0.00220291,0.00241259,0.00263745,0.00288674,0.00316483,0.00347575,0.00382172,0.00420078,0.00461559,0.00506652,0.00555653,0.00609068,0.00668595,0.00734789,0.00808945,0.00892495,0.00986776,0.01096535,0.01220354,0.01359338,0.01514429,0.01686689,0.01885587,0.02105986,0.02350478,0.02622996,0.02929174,0.03290856,0.03703963,0.04176911,0.04714704,0.05319333,0.06010839,0.06769351,0.07596129,0.08498498,0.09495707,0.10634242,0.11928367,0.13412189,0.15100814,0.16974446,0.19002374,0.21152089,0.23410971,0.25773733,0.28249065,0.31277655,0.3457015,0.38155311,0.42037836
LAO,2090,0.00375973,0.00034898,0.00027555,0.00022011,0.00017878,0.00014851,0.00012582,0.00011046,0.00010095,9.644e-05,9.648e-05,0.0001007,0.00010967,0.00012391,0.00014389,0.0001699,0.00020013,0.00023413,0.00026987,0.00030468,0.00033658,0.00036156,0.00038165,0.00039752,0.00041044,0.0004221,0.00043185,0.00044354,0.00045829,0.0004769,0.00049977,0.00052507,0.00055454,0.00058817,0.00062609,0.00066862,0.00071401,0.00076485,0.00082202,0.00088662,0.00096009,0.00104075,0.00113318,0.00123897,0.00135933,0.00149488,0.00164076,0.00180077,0.00197484,0.00216388,0.00236984,0.00259054,0.00283527,0.00310832,0.00341366,0.00375342,0.00412566,0.00453302,0.0049756,0.0054564,0.00598054,0.00656497,0.00721488,0.00794327,0.00876432,0.00969113,0.01077125,0.01198902,0.01335705,0.01488536,0.01658212,0.01854233,0.02071539,0.02312595,0.02581127,0.02882918,0.03240349,0.03648795,0.04116126,0.04647769,0.05245587,0.05929732,0.0668018,0.0749878,0.08393088,0.09382207,0.10515304,0.11802469,0.13271341,0.14939791,0.16805024,0.18835707,0.20979402,0.23222784,0.25571008,0.2804324,0.31073285,0.34364581,0.37951835,0.41840286
LAO,2091,0.00367921,0.00034016,0.00026871,0.00021475,0.0001745,0.00014502,0.00012289,0.00010791,9.864e-05,9.423e-05,9.427e-05,9.84e-05,0.00010717,0.0001211,0.00014065,0.0001661,0.0001957,0.000229,0.00026401,0.00029812,0.00032939,0.0003539,0.00037363,0.00038925,0.000402,0.00041352,0.00042315,0.00043469,0.00044924,0.00046756,0.00049007,0.00051497,0.00054395,0.00057703,0.00061433,0.00065617,0.00070079,0.00075077,0.00080698,0.00087052,0.00094275,0.001022,0.00111282,0.0012168,0.00133515,0.00146842,0.00161172,0.00176892,0.00193988,0.00212551,0.00232779,0.00254443,0.00278462,0.00305266,0.00335245,0.00368604,0.00405145,0.0044513,0.00488568,0.00535734,0.00587143,0.00644509,0.00708328,0.00779863,0.00860545,0.0095166,0.01057957,0.01177833,0.01312412,0.01462867,0.01630086,0.01823358,0.02037592,0.02275358,0.02540236,0.02837767,0.03190547,0.03594412,0.04056722,0.04582382,0.0517374,0.05850956,0.06593956,0.07404407,0.08290402,0.09271184,0.10395821,0.1167726,0.13138733,0.1479132,0.1663558,0.18658452,0.2080635,0.23044542,0.25377668,0.27835478,0.30864609,0.34156811,0.37741795,0.41630934
LAO,2092,0.00360308,0.00033182,0.00026225,0.00020969,0.00017045,0.0001417,0.00012012,0.0001055,9.644e-05,9.213e-05,9.217e-05,9.621e-05,0.00010479,0.00011844,0.00013757,0.0001625,0.00019149,0.00022412,0.00025844,0.00029189,0.00032256,0.00034662,0.00036602,0.0003814,0.00039397,0.00040537,0.0004149,0.0004263,0.00044064,0.0004587,0.00048087,0.00050537,0.0005339,0.00056646,0.00060318,0.00064436,0.00068825,0.00073742,0.00079271,0.00085521,0.00092631,0.00100422,0.00109351,0.00119576,0.00131217,0.0014433,0.00158418,0.00173868,0.00190671,0.00208911,0.00228786,0.00250063,0.00273658,0.00299983,0.00329435,0.00362209,0.00398103,0.00437372,0.00480022,0.0052633,0.00576785,0.00633114,0.00695814,0.0076613,0.00845457,0.00935085,0.01039765,0.0115784,0.01290414,0.01438527,0.01603251,0.01793997,0.0200539,0.02239988,0.02501474,0.02795215,0.0314361,0.03542621,0.0400016,0.04520648,0.05105925,0.05776808,0.06513072,0.07316316,0.08194356,0.09166889,0.10283227,0.11556153,0.13012204,0.14657864,0.16486532,0.18489139,0.20631439,0.22876679,0.25206934,0.27651553,0.30670764,0.339651,0.37554325,0.41445189
LAO,2093,0.00352864,0.00032354,0.00025585,0.00020467,0.00016646,0.00013844,0.00011739,0.00010312,9.427e-05,9.007e-05,9.01e-05,9.405e-05,0.00010245,0.00011579,0.00013452,0.00015893,0.00018733,0.00021929,0.00025292,0.0002857,0.00031578,0.00033938,0.00035842,0.00037355,0.00038594,0.00039718,0.00040659,0.00041784,0.00043197,0.00044975,0.00047157,0.00049566,0.00052371,0.00055574,0.00059185,0.00063237,0.00067552,0.00072385,0.0007782,0.00083964,0.00090955,0.00098614,0.0010739,0.00117439,0.00128882,0.00141774,0.0015562,0.001708,0.00187305,0.00205224,0.00224742,0.00245629,0.00268797,0.00294651,0.00323573,0.00355762,0.00391012,0.00429568,0.00471428,0.00516873,0.00566386,0.00621679,0.00683242,0.00752325,0.00830304,0.00918424,0.01021457,0.01137703,0.01268232,0.01414068,0.01576147,0.01764108,0.01972649,0.02204049,0.02461965,0.02751847,0.03095941,0.03489912,0.03941867,0.04456853,0.05036239,0.05700438,0.06429773,0.07225678,0.08095814,0.09059451,0.10166433,0.11429757,0.12875984,0.14515455,0.16336738,0.18323304,0.20445473,0.22686494,0.2502581,0.27469382,0.30480307,0.33768702,0.37365213,0.41267084
LAO,2094,0.00345066,0.0003152,0.00024935,0.00019956,0.00016236,0.00013508,0.00011456,0.00010066,9.203e-05,8.793e-05,8.797e-05,9.183e-05,0.00010003,0.00011307,0.00013138,0.00015525,0.00018303,0.0002143,0.0002472,0.0002793,0.00030877,0.00033191,0.0003506,0.00036548,0.0003777,0.00038881,0.00039812,0.00040922,0.00042316,0.00044066,0.00046213,0.00048582,0.00051339,0.00054488,0.00058039,0.00062022,0.00066263,0.00071012,0.00076353,0.0008239,0.00089258,0.00096779,0.001054,0.00115271,0.00126511,0.00139176,0.00152769,0.00167675,0.00183876,0.0020146,0.00220615,0.00241098,0.00263822,0.00289188,0.0031757,0.00349151,0.00383731,0.00421551,0.00462597,0.00507147,0.00555684,0.00609928,0.00670331,0.00738142,0.00814741,0.0090135,0.01002708,0.01117102,0.01245571,0.01389109,0.01548641,0.01733693,0.01939163,0.02167424,0.02421824,0.02707764,0.0304761,0.03436798,0.03883168,0.04392019,0.04965407,0.05623364,0.06345676,0.07134319,0.07996699,0.08951785,0.10048969,0.11301774,0.12737154,0.14365684,0.16180191,0.18158894,0.20264297,0.22484432,0.2481905,0.27270552,0.30279852,0.33556209,0.37141978,0.41045146
LAO,2095,0.00338329,0.00030763,0.00024348,0.00019495,0.00015868,0.00013206,0.00011204,9.845e-05,9.002e-05,8.6e-05,8.603e-05,8.981e-05,9.783e-05,0.00011059,0.00012851,0.00015189,0.00017909,0.00020973,0.00024198,0.00027344,0.00030233,0.00032503,0.0003434,0.00035803,0.00037006,0.00038103,0.00039022,0.00040117,0.0004149,0.00043214,0.00045326,0.00047656,0.00050368,0.00053464,0.00056957,0.00060877,0.00065046,0.00069716,0.00074966,0.00080902,0.00087655,0.00095045,0.00103519,0.00113225,0.00124276,0.00136728,0.00150084,0.0016473,0.0018065,0.00197923,0.00216736,0.00236847,0.00259156,0.00284065,0.00311945,0.00342971,0.0037693,0.00414067,0.0045436,0.00498079,0.00545701,0.00598955,0.00658286,0.00724908,0.00800201,0.00885386,0.00985187,0.01097828,0.01224347,0.01365716,0.01522829,0.01705225,0.01907655,0.02132714,0.02383838,0.02666081,0.03001772,0.03386425,0.03827686,0.04330622,0.04897601,0.0554946,0.0626552,0.07047164,0.07902299,0.08849504,0.09937876,0.1118043,0.1260488,0.1422252,0.16026638,0.1800011,0.20099886,0.22305686,0.24622346,0.27072786,0.300967,0.33377896,0.36959657,0.40862196
LAO,2096,0.00331922,0.00030078,0.00023815,0.00019076,0.00015532,0.0001293,0.00010973,9.644e-05,8.818e-05,8.424e-05,8.428e-05,8.797e-05,9.584e-05,0.00010835,0.00012592,0.00014884,0.00017553,0.0002056,0.00023726,0.00026815,0.00029654,0.00031885,0.00033692,0.00035135,0.00036322,0.00037405,0.00038315,0.00039397,0.00040752,0.00042452,0.00044535,0.00046829,0.00049501,0.00052552,0.00055993,0.00059855,0.00063961,0.00068558,0.00073729,0.00079574,0.00086223,0.00093495,0.00101833,0.00111387,0.00122269,0.00134527,0.00147662,0.00162066,0.00177721,0.0019471,0.00213208,0.00232968,0.00254894,0.00279372,0.00306774,0.00337274,0.00370652,0.00407135,0.0044671,0.0048964,0.00536394,0.00588701,0.00647,0.00712499,0.00786542,0.00870344,0.00968646,0.01079626,0.01204268,0.01343549,0.01498346,0.01678201,0.01877848,0.02099727,0.023475,0.02626291,0.02958106,0.03338368,0.03774834,0.04272415,0.04833272,0.05478696,0.06188749,0.06964283,0.07812494,0.08752393,0.09832746,0.1106619,0.12480058,0.14086727,0.15880446,0.17844697,0.19941194,0.22143382,0.24447441,0.26881599,0.29908999,0.33207703,0.36797147,0.406991
LAO,2097,0.00325792,0.00029376,0.00023269,0.00018646,0.00015188,0.00012648,0.00010736,9.437e-05,8.629e-05,8.244e-05,8.247e-05,8.608e-05,9.378e-05,0.00010603,0.00012324,0.00014569,0.00017185,0.00020131,0.00023235,0.00026264,0.00029047,0.00031236,0.00033011,0.00034429,0.00035601,0.0003667,0.00037568,0.00038636,0.00039972,0.00041647,0.00043697,0.00045955,0.00048583,0.00051583,0.00054969,0.00058768,0.00062806,0.00067328,0.00072412,0.00078161,0.00084701,0.00091847,0.00100044,0.00109436,0.00120137,0.00132196,0.00145105,0.00159257,0.00174637,0.00191325,0.00209499,0.00228898,0.00250422,0.0027446,0.00301368,0.0033132,0.003641,0.00399923,0.00438759,0.00480879,0.00526745,0.00578083,0.00635316,0.0069965,0.00772421,0.00854802,0.00951532,0.01060778,0.01183492,0.01320597,0.0147298,0.01650176,0.01846898,0.02065577,0.02309698,0.02584598,0.02912346,0.03287974,0.0371918,0.04211029,0.04765558,0.05403915,0.06106541,0.06875068,0.07716062,0.08647628,0.09718954,0.10942165,0.12344318,0.13937572,0.15717564,0.17668986,0.19754099,0.21951116,0.24249402,0.26668089,0.2967732,0.32975182,0.36577009,0.40480739
LAO,2098,0.00320041,0.00028718,0.00022757,0.00018242,0.00014864,0.00012381,0.00010512,9.241e-05,8.45e-05,8.073e-05,8.074e-05,8.428e-05,9.181e-05,0.00010381,0.00012068,0.00014268,0.00016832,0.00019721,0.00022763,0.00025734,0.00028465,0.00030613,0.00032357,0.00033752,0.00034907,0.00035963,0.0003685,0.00037904,0.00039222,0.00040871,0.0004289,0.00045112,0.00047698,0.0005065,0.00053981,0.0005772,0.00061691,0.0006614,0.00071141,0.00076795,0.0008323,0.00090255,0.00098314,0.0010755,0.00118074,0.00129936,0.00142629,0.00156538,0.00171649,0.00188044,0.00205897,0.00224951,0.00246088,0.00269693,0.00296125,0.00325543,0.00357736,0.00392915,0.00431044,0.00472375,0.00517378,0.00567779,0.00623981,0.0068718,0.00758709,0.00839728,0.00934937,0.01042485,0.01163322,0.0129834,0.01448378,0.01622992,0.01816883,0.02032457,0.02273181,0.02544187,0.02867757,0.03238999,0.03665213,0.04151454,0.04699972,0.05331852,0.06027356,0.06788454,0.07622467,0.0854675,0.09609529,0.10823384,0.12215013,0.13796577,0.15563756,0.17502954,0.19577663,0.21766446,0.24063309,0.26480181,0.29480174,0.32765996,0.36374205,0.40299056
LAO,2099,0.0031433,0.00028077,0.00022258,0.00017849,0.00014549,0.00012123,0.00010295,9.051e-05,8.277e-05,7.907e-05,7.908e-05,8.254e-05,8.992e-05,0.00010168,0.00011821,0.00013979,0.00016493,0.00019327,0.00022312,0.00025228,0.0002791,0.00030021,0.00031736,0.0003311,0.00034249,0.00035292,0.0003617,0.00037211,0.00038511,0.00040138,0.00042127,0.00044315,0.00046862,0.0004977,0.00053051,0.00056734,0.00060643,0.00065021,0.00069946,0.00075513,0.00081848,0.00088761,0.0009669,0.0010578,0.00116137,0.00127811,0.00140296,0.00153978,0.00168837,0.00184952,0.00202501,0.00221218,0.0024199,0.00265186,0.00291158,0.00320071,0.00351697,0.00386251,0.00423698,0.00464279,0.00508446,0.00557942,0.00613153,0.00675263,0.0074559,0.00825287,0.00919056,0.01024982,0.01144004,0.01277017,0.01424834,0.01596983,0.0178818,0.02000814,0.02238312,0.0250577,0.02825276,0.0319215,0.03613778,0.04094847,0.04637643,0.0526358,0.05952802,0.06707027,0.07533863,0.08451379,0.09507053,0.10712357,0.12094646,0.13665926,0.15422078,0.17349721,0.19414041,0.2159461,0.23885448,0.26302814,0.29304856,0.32583807,0.36182706,0.4011699
LAO,2100,0.00308179,0.00027396,0.00021727,0.0001743,0.00014213,0.00011847,0.00010063,8.849e-05,8.092e-05,7.73e-05,7.731e-05,8.069e-05,8.791e-05,9.941e-05,0.00011558,0.0001367,0.00016132,0.00018907,0.00021831,0.00024686,0.00027314,0.00029385,0.00031068,0.00032419,0.00033541,0.0003457,0.00035436,0.00036464,0.00037744,0.00039345,0.00041303,0.00043454,0.00045957,0.00048817,0.00052043,0.00055664,0.00059506,0.00063809,0.00068647,0.00074119,0.00080346,0.00087136,0.00094926,0.00103856,0.00114032,0.00125504,0.00137762,0.00151196,0.00165788,0.00181606,0.00198826,0.00217184,0.0023756,0.00260323,0.00285809,0.00314176,0.00345208,0.00379097,0.00415814,0.00455601,0.00498899,0.00547433,0.00601592,0.00662548,0.00731599,0.00809882,0.00902094,0.01006298,0.0112338,0.01254225,0.01399655,0.01569177,0.0175746,0.01966911,0.02200924,0.0246453,0.02779764,0.03141715,0.03558025,0.04033512,0.04570122,0.05189369,0.05871676,0.06618605,0.07437399,0.08346326,0.09393651,0.10589977,0.11961636,0.13521605,0.15265851,0.17181421,0.19233689,0.21403861,0.23686787,0.2609851,0.2910384,0.32386348,0.35980448,0.39908442
