KHM,1950,0.19500921,0.033168,0.02861258,0.02469092,0.0212359,0.01814778,0.01538208,0.01293317,0.01085573,0.00917798,0.00791451,0.0070472,0.00652492,0.00630716,0.00633845,0.00657286,0.00695612,0.00742639,0.00793518,0.00843659,0.0089025,0.00931151,0.00964991,0.00991316,0.01011504,0.0102777,0.01042948,0.01059492,0.01078471,0.01100467,0.01125118,0.0115195,0.01180541,0.01210467,0.01241855,0.01274935,0.01310101,0.0134772,0.01387593,0.01429258,0.01471731,0.0151378,0.01554638,0.01594118,0.01633132,0.01673619,0.01717964,0.01768922,0.01828691,0.01898513,0.01979063,0.02070399,0.02172453,0.02285366,0.02410377,0.02549708,0.02705459,0.02880357,0.03076977,0.03296055,0.03537301,0.03800488,0.04085448,0.04393366,0.04729128,0.05102123,0.05522556,0.06001297,0.06548611,0.07166809,0.07851868,0.08594753,0.09384235,0.10214538,0.11085807,0.12013165,0.13022378,0.14134812,0.15372706,0.16748629,0.18262449,0.19904782,0.21655941,0.23503802,0.25456022,0.27510172,0.29672332,0.31973292,0.34403281,0.36950588,0.39584398,0.42372571,0.45152064,0.47750508,0.50305152,0.52419811,0.54870792,0.57539701,0.60147384,0.63646188
KHM,1951,0.19304993,0.03263707,0.02815756,0.02430259,0.02091237,0.01787725,0.01515617,0.01274529,0.01069935,0.00904655,0.00780183,0.00694771,0.00643398,0.00622086,0.00625358,0.00648686,0.00686708,0.00733305,0.00783676,0.00833266,0.00879276,0.00919607,0.00952938,0.00978865,0.0099878,0.01014869,0.01029916,0.01046306,0.01065082,0.01086815,0.01111142,0.01137585,0.01165726,0.01195156,0.01226022,0.01258579,0.01293246,0.01330417,0.01369902,0.01411225,0.01453362,0.01495046,0.01535491,0.01574471,0.01612922,0.01652869,0.01696734,0.01747202,0.01806487,0.01875938,0.0195615,0.02046908,0.02148315,0.02260555,0.02384351,0.02521869,0.02675705,0.02848244,0.03041854,0.03258232,0.03497426,0.03758282,0.04041154,0.04347752,0.04681535,0.05051143,0.05467578,0.05940982,0.06480482,0.07090143,0.07767301,0.08501926,0.09282626,0.10104327,0.1096771,0.11885272,0.12881824,0.13983772,0.15211058,0.16575028,0.18074308,0.19702112,0.21439817,0.23270549,0.25194571,0.2722261,0.29369447,0.31638565,0.34053042,0.36600593,0.3922956,0.41898635,0.4466028,0.47361584,0.49874369,0.52348165,0.5441482,0.56866838,0.59548015,0.62165883
KHM,1952,0.19040227,0.03174844,0.02752844,0.02386719,0.02062551,0.01769942,0.01504755,0.01267467,0.01064615,0.00899902,0.00775498,0.00690027,0.00638605,0.00617318,0.0062068,0.00644151,0.00682324,0.00729001,0.0077932,0.00828677,0.00874298,0.00914161,0.00947052,0.00972665,0.00992415,0.01008473,0.01023562,0.01039995,0.01058759,0.01080403,0.01104571,0.01130807,0.01158712,0.01187898,0.01218527,0.01250864,0.01285327,0.01322305,0.01361614,0.01402774,0.01444747,0.01486234,0.01526446,0.01565173,0.01603335,0.01642995,0.01686628,0.01736926,0.01795989,0.01865162,0.01945166,0.02035726,0.0213675,0.02248672,0.02372293,0.02509309,0.02662264,0.02834025,0.0302653,0.0324118,0.03478974,0.03739059,0.04020872,0.04326684,0.04660489,0.05029621,0.05444501,0.05916166,0.06453058,0.07058058,0.07730236,0.08461073,0.09238032,0.10055653,0.10915271,0.11829826,0.12821407,0.13915755,0.1513824,0.16498003,0.1799262,0.19614165,0.21346649,0.23174179,0.25090529,0.27097265,0.29226027,0.31489612,0.33880989,0.3642252,0.39060137,0.41732456,0.44386997,0.47076809,0.49701286,0.52140064,0.54574424,0.56642218,0.59110398,0.61798471
KHM,1953,0.18866409,0.03124394,0.02713513,0.02355942,0.02037761,0.01750021,0.01488831,0.01254712,0.01054366,0.00891565,0.00768517,0.00683914,0.00632977,0.00611864,0.00615173,0.00638428,0.00676299,0.00722683,0.00772771,0.00821988,0.00867531,0.00907309,0.00940068,0.00965494,0.0098501,0.01000799,0.010156,0.01031741,0.01050224,0.01071592,0.01095488,0.01121438,0.01149032,0.01177874,0.01208135,0.01240115,0.01274265,0.01311009,0.01350176,0.01391291,0.01433293,0.0147482,0.01515018,0.0155367,0.01591704,0.01631166,0.01674581,0.01724703,0.0178363,0.01852556,0.01932187,0.02022358,0.02122883,0.02233996,0.02356792,0.02493062,0.02644871,0.02815082,0.03006156,0.03219007,0.03454332,0.03712252,0.03992432,0.04296135,0.04627928,0.0499563,0.0540828,0.05876412,0.0640946,0.07009643,0.07674828,0.08398539,0.09169924,0.09981949,0.10835363,0.11743725,0.12729478,0.13815436,0.15026731,0.16378393,0.17865543,0.19479261,0.21202131,0.23020948,0.2492992,0.26921904,0.29018908,0.31255479,0.33633483,0.36143235,0.38766251,0.41436974,0.44083304,0.46654546,0.4925979,0.51808421,0.54198809,0.56627788,0.58703421,0.61193065
KHM,1954,0.18566766,0.03029167,0.026377,0.02295214,0.01989019,0.01710576,0.01456988,0.01228954,0.01033336,0.00874104,0.00753611,0.006707,0.00620766,0.00600068,0.00603315,0.0062615,0.00663366,0.00708999,0.00758277,0.00806662,0.0085142,0.00890498,0.00922684,0.00947635,0.00966719,0.00982118,0.00996539,0.01012292,0.01030372,0.01051318,0.01074751,0.01100178,0.01127185,0.01155382,0.01184959,0.01216258,0.0124977,0.01285959,0.01324672,0.01365414,0.0140711,0.01448346,0.01488195,0.01526385,0.01563867,0.01602741,0.01645534,0.0169506,0.01753465,0.01821892,0.01900822,0.01989982,0.02089257,0.02198764,0.0231938,0.02453299,0.02602755,0.02770155,0.02957998,0.03167733,0.03399519,0.03653057,0.03928982,0.04228756,0.04555767,0.04918351,0.05326009,0.05787795,0.06312546,0.06903617,0.07558232,0.08268513,0.09026161,0.09826285,0.106677,0.11562934,0.12534778,0.13606161,0.14798726,0.16127294,0.17593722,0.19187204,0.20890051,0.22687486,0.24577185,0.26552398,0.28623933,0.30816206,0.33156652,0.35642715,0.38221771,0.40863822,0.43493921,0.46045741,0.48521197,0.51053391,0.53582936,0.56000259,0.58466925,0.60580973
KHM,1955,0.18349732,0.02963869,0.02589685,0.02261314,0.01966175,0.01695879,0.01447583,0.01222517,0.01028164,0.00869306,0.00748864,0.00665965,0.00616089,0.0059553,0.00598973,0.00622036,0.00659453,0.00705161,0.00754327,0.00802369,0.0084661,0.00885128,0.0091682,0.00941434,0.00960364,0.00975783,0.00990334,0.01006224,0.01024387,0.0104532,0.0106865,0.01093906,0.01120702,0.01148683,0.01178053,0.01209149,0.01242456,0.01278422,0.01316885,0.01357344,0.01398718,0.0143962,0.01479145,0.01516991,0.01554095,0.01592613,0.01635107,0.0168437,0.01742579,0.018109,0.01889774,0.0197871,0.02077551,0.02186572,0.02306619,0.02439724,0.02588521,0.02755603,0.02942956,0.03151966,0.0338331,0.03636108,0.03910533,0.04209056,0.04535361,0.04896709,0.05303196,0.05764548,0.06288317,0.06877284,0.07529829,0.08237308,0.08989454,0.09783773,0.10621569,0.11513341,0.12481006,0.13548228,0.14737115,0.16059188,0.17515606,0.19102277,0.20799993,0.22593765,0.2447915,0.26453597,0.28528686,0.30716486,0.33035323,0.35510224,0.38094743,0.40725054,0.43359421,0.45928441,0.48415074,0.50835229,0.5334931,0.55892764,0.58327995,0.60801101
KHM,1956,0.18023234,0.02858354,0.02514286,0.02209198,0.01931482,0.01673623,0.01433585,0.01213489,0.01021842,0.0086417,0.00744148,0.00661326,0.00611387,0.00590732,0.00594081,0.00617083,0.00654483,0.00700218,0.00749438,0.00797529,0.00841778,0.00880239,0.00911816,0.00936252,0.00954942,0.00970082,0.00984351,0.0099997,0.0101787,0.01038547,0.01061618,0.01086608,0.0111312,0.011408,0.01169874,0.01200702,0.01233788,0.01269608,0.01308014,0.01348497,0.01389952,0.0143095,0.01470583,0.0150854,0.01545685,0.01584154,0.01626567,0.01675732,0.01733793,0.01801923,0.01880578,0.01969244,0.0206755,0.02175765,0.02294939,0.02427091,0.02574683,0.02740706,0.02927274,0.03135179,0.03365025,0.03616414,0.03888908,0.04184596,0.04508273,0.04867455,0.05271163,0.05729827,0.06251663,0.06838043,0.07486762,0.08190388,0.08937634,0.09723853,0.10553338,0.11439091,0.12400408,0.13460145,0.14641444,0.15956397,0.17402964,0.18976563,0.20665133,0.22451231,0.24328863,0.26291542,0.28355081,0.3053158,0.32827016,0.35260667,0.37814994,0.40430047,0.43030877,0.45580506,0.48059701,0.50466493,0.52849404,0.55376048,0.57934517,0.60373028
KHM,1957,0.17696932,0.02759932,0.02438762,0.02152059,0.01888872,0.01642085,0.01410078,0.0119546,0.01007388,0.00851946,0.0073332,0.00651375,0.00601963,0.00581583,0.00585014,0.00607956,0.00645187,0.00690657,0.00739519,0.00787167,0.00830907,0.00868836,0.0089991,0.00923941,0.00942314,0.009572,0.0097124,0.00986628,0.01004272,0.01024636,0.01047337,0.010719,0.01097941,0.01125116,0.01153666,0.01183984,0.01216594,0.01251986,0.01290014,0.01330159,0.01371301,0.01411973,0.01451231,0.01488796,0.01525557,0.01563608,0.0160556,0.01654306,0.01711997,0.01779731,0.01857921,0.01945988,0.02043487,0.02150451,0.02267914,0.02398154,0.02543691,0.02707392,0.02891837,0.0309798,0.03325785,0.03574726,0.03844824,0.04137419,0.04456768,0.04811488,0.05210865,0.05664083,0.06180084,0.06761205,0.07403858,0.08099982,0.0883987,0.09617629,0.10434734,0.11307527,0.1225813,0.13306227,0.14473853,0.15774226,0.17206138,0.18761459,0.20427036,0.22195026,0.24057816,0.26007555,0.28055315,0.30218574,0.32502758,0.34913527,0.37427391,0.40012648,0.42597709,0.45113084,0.47575025,0.49982767,0.52367063,0.54775815,0.57335773,0.59913889
KHM,1958,0.17368754,0.02677084,0.02376945,0.02107128,0.01857104,0.01620157,0.0139498,0.01184657,0.00999057,0.008449,0.00726886,0.00645315,0.00596114,0.00575866,0.00579394,0.00602406,0.00639722,0.00685257,0.00734139,0.00781714,0.00825315,0.00863032,0.00893819,0.00917614,0.00935706,0.00950435,0.00964286,0.00979428,0.00996888,0.01016964,0.01039435,0.01063718,0.0108941,0.01116272,0.01144434,0.01174432,0.01206786,0.01241941,0.01279877,0.01319921,0.01361049,0.01401741,0.01440902,0.01478386,0.01514967,0.01552928,0.01594829,0.01643447,0.01701163,0.01768909,0.01847096,0.01935097,0.02032282,0.02138784,0.02255289,0.02384209,0.0252849,0.02690883,0.02874034,0.03079184,0.03306446,0.0355475,0.03823603,0.04115175,0.04432746,0.047843,0.05180848,0.05631359,0.06143957,0.06721733,0.0736195,0.08055845,0.08792168,0.0956691,0.10379853,0.11243597,0.1218483,0.13226018,0.14385809,0.15676523,0.17099612,0.1864753,0.20302991,0.22057497,0.23912265,0.25859456,0.27903592,0.30054285,0.32328425,0.34727999,0.37224179,0.39780032,0.42349155,0.44866118,0.47305983,0.49701322,0.52079441,0.54470144,0.5689459,0.59469283
KHM,1959,0.16990044,0.02554318,0.02292337,0.02053637,0.01827746,0.01607943,0.01393219,0.0118759,0.01002847,0.00847542,0.00727837,0.00644819,0.00594744,0.00574181,0.00577834,0.00601317,0.00639288,0.0068542,0.00734652,0.0078219,0.00825425,0.00862648,0.00892975,0.00916495,0.0093455,0.00949457,0.00963603,0.00979027,0.00996688,0.0101685,0.01039301,0.01063505,0.01089111,0.0111592,0.01144082,0.01174111,0.01206494,0.01241654,0.01279544,0.01319481,0.01360441,0.01400931,0.01439895,0.01477199,0.01513621,0.01551509,0.01593441,0.01642096,0.01699806,0.01767565,0.01845787,0.01933786,0.02030952,0.02137456,0.02254023,0.02382867,0.02526952,0.02689276,0.0287251,0.03077658,0.03305254,0.03554424,0.03823894,0.04115756,0.04433882,0.04785556,0.05181289,0.05631231,0.06143999,0.06721462,0.07361852,0.08057843,0.08796472,0.09572483,0.10387352,0.11251787,0.12188817,0.13225645,0.1438467,0.15674719,0.17096168,0.18642676,0.20298137,0.22048814,0.2389301,0.25838536,0.27887455,0.3004617,0.32325186,0.34733446,0.37241067,0.39798005,0.42351735,0.44862906,0.47310618,0.49693655,0.5207638,0.54487598,0.56925654,0.59392005
KHM,1960,0.16608684,0.02457794,0.02212348,0.01987694,0.01773735,0.01563937,0.01357413,0.01158322,0.00978619,0.00827087,0.00710131,0.00628983,0.00580082,0.00560209,0.00564108,0.00587482,0.00625078,0.0067064,0.00719154,0.00765857,0.00808181,0.00844511,0.00874065,0.00896987,0.00914613,0.00929218,0.00943125,0.00958286,0.00975604,0.0099532,0.01017218,0.01040771,0.01065637,0.01091644,0.01118974,0.01148187,0.01179802,0.01214269,0.01251559,0.01290964,0.01331409,0.01371324,0.01409611,0.01446143,0.01481712,0.01518736,0.01559932,0.01608058,0.01665362,0.0173272,0.01810506,0.01897847,0.01993889,0.02098712,0.02213011,0.0233914,0.02480003,0.02638787,0.02818596,0.03020509,0.03244845,0.03491082,0.03757973,0.04046576,0.04360487,0.04707352,0.05096772,0.05538318,0.06041714,0.06609489,0.07238937,0.07924104,0.08654005,0.09421649,0.10227009,0.1108207,0.12007091,0.13025215,0.1416344,0.15434292,0.16835335,0.18360036,0.19994702,0.21727904,0.23552127,0.25471509,0.27505607,0.29656285,0.31929743,0.3432918,0.36833224,0.39392505,0.41942773,0.44437959,0.46880741,0.49274151,0.5164821,0.54068577,0.56533918,0.59027401
KHM,1961,0.16304123,0.02382003,0.02150621,0.01936925,0.01731706,0.01529145,0.01328834,0.01135178,0.00960042,0.00812111,0.00697748,0.0061829,0.00570289,0.00550731,0.00554587,0.00577586,0.00614634,0.00659666,0.00707785,0.00754284,0.00796529,0.00832789,0.00862224,0.00884929,0.00902202,0.00916325,0.00929664,0.0094424,0.00960985,0.00980158,0.01001531,0.01024543,0.0104883,0.01074205,0.01100874,0.01129457,0.01160541,0.01194635,0.0123174,0.01271134,0.01311684,0.01351715,0.01390033,0.01426474,0.0146185,0.01498616,0.01539533,0.01587472,0.01644718,0.01711985,0.01789523,0.0187643,0.01971704,0.02075287,0.02187852,0.02311863,0.02450386,0.02606524,0.02783539,0.02982825,0.03204704,0.03448279,0.03712648,0.03998876,0.043095,0.04652079,0.05036772,0.05472417,0.05968357,0.06528557,0.07151027,0.07828564,0.08551479,0.09314268,0.10114228,0.10961435,0.11877744,0.12883951,0.14003891,0.15256247,0.16642584,0.18152938,0.1977294,0.21492643,0.23305612,0.25207626,0.27214299,0.29348312,0.31609615,0.33997483,0.36487296,0.39039376,0.41590233,0.44081453,0.4650602,0.48888661,0.51261937,0.53658196,0.56117701,0.58628985
KHM,1962,0.15976653,0.02302937,0.02083789,0.01880443,0.01684105,0.01489264,0.01295656,0.01107733,0.00937313,0.00793098,0.00681496,0.00603942,0.00557175,0.00538186,0.00542147,0.00564975,0.00601588,0.00646035,0.00693494,0.0073931,0.0078087,0.00816459,0.00845269,0.00867462,0.00884344,0.0089814,0.00911164,0.009254,0.00941768,0.009605,0.00981354,0.01003758,0.01027354,0.01051981,0.0107787,0.01105686,0.01136059,0.01169541,0.01206141,0.01245108,0.01285281,0.01324908,0.01362733,0.01398562,0.01433227,0.01469285,0.01509552,0.01556934,0.01613815,0.0168086,0.01758091,0.01844373,0.01938637,0.02040718,0.02151163,0.02272558,0.02408151,0.02561271,0.02735109,0.02931143,0.03149995,0.03390652,0.03651758,0.03934706,0.04242028,0.04580154,0.04959065,0.05388216,0.05876105,0.06426229,0.07038249,0.07706002,0.0841852,0.09171756,0.09964904,0.10804805,0.11710832,0.1270575,0.13810858,0.15041365,0.16405148,0.17896631,0.19497981,0.21198118,0.22992645,0.24879661,0.2686526,0.28969183,0.3121558,0.33596294,0.3608293,0.38632206,0.41189225,0.43694988,0.46126822,0.48498157,0.50864415,0.53262313,0.55703517,0.58218744
KHM,1963,0.15653051,0.02227368,0.02017453,0.01822111,0.01632945,0.01444783,0.01257521,0.01075577,0.00910466,0.00770668,0.00662464,0.00587292,0.00542027,0.00523822,0.005279,0.0055038,0.00586405,0.00630091,0.00676732,0.00721749,0.0076255,0.00797428,0.00825585,0.00847196,0.008636,0.00876993,0.00889621,0.00903432,0.0091933,0.00937545,0.00957813,0.00979537,0.01002357,0.01026127,0.01051115,0.01078036,0.01107571,0.01140318,0.01176309,0.01214765,0.01254473,0.01293621,0.01330888,0.01366046,0.01399926,0.01435159,0.01474664,0.01521383,0.01577695,0.01644279,0.01721068,0.01806612,0.01899583,0.0199983,0.02107837,0.02226196,0.0235835,0.02507838,0.02678089,0.02870407,0.03085425,0.03322333,0.03579578,0.03858051,0.04160576,0.0449361,0.04865949,0.05286942,0.05765819,0.06305293,0.06904604,0.0755943,0.08260015,0.09000651,0.09781969,0.10612575,0.11507935,0.12488353,0.13577444,0.14788228,0.16125253,0.17589056,0.19166515,0.20842619,0.22611469,0.24473892,0.26438791,0.28515697,0.30726943,0.33089073,0.35564337,0.38104472,0.406501,0.43149752,0.45580831,0.47943921,0.50287688,0.5267624,0.55126779,0.57639131
KHM,1964,0.15350605,0.02152813,0.01954832,0.0176959,0.01589048,0.01408289,0.01227374,0.01050809,0.00890079,0.00753686,0.00647969,0.00574491,0.00530265,0.00512551,0.00516734,0.00538926,0.00574439,0.00617617,0.0066373,0.00708248,0.0074857,0.00782982,0.00810687,0.00831861,0.00847843,0.00860851,0.00873115,0.00886537,0.00902018,0.00919783,0.00939566,0.00960746,0.00982947,0.01006029,0.01030295,0.01056509,0.01085393,0.01117585,0.01153133,0.01191249,0.01230671,0.01269515,0.01306426,0.0134115,0.0137451,0.01409176,0.01448129,0.01494392,0.01550334,0.01616548,0.01692947,0.01777946,0.01869919,0.01968567,0.02074507,0.0219044,0.0231989,0.02466615,0.02634208,0.02823981,0.03036173,0.03269723,0.03523048,0.0379695,0.04093989,0.04421576,0.04789356,0.05205873,0.05680418,0.0621561,0.06807989,0.07450593,0.0813351,0.08852707,0.09609943,0.10421743,0.1131444,0.12308375,0.13423798,0.1466497,0.16011741,0.17438159,0.18915624,0.2043015,0.21992731,0.2364454,0.25459784,0.2749416,0.29769479,0.32277001,0.3494345,0.37655726,0.40303854,0.42811633,0.45184882,0.47456171,0.49702967,0.52012127,0.54434028,0.56971902
KHM,1965,0.15069872,0.02076707,0.01895031,0.01723719,0.01554747,0.01383135,0.01208893,0.01036721,0.00878654,0.00743787,0.0063897,0.00566061,0.00522215,0.00504757,0.00509088,0.00531384,0.00566833,0.00609753,0.00655565,0.00699612,0.00739334,0.00773107,0.00800239,0.00820997,0.00836732,0.00849626,0.00861871,0.00875287,0.00890695,0.00908291,0.0092781,0.0094866,0.00970478,0.00993141,0.01016972,0.01042755,0.01071224,0.01103014,0.0113817,0.01175891,0.01214914,0.01253328,0.0128976,0.01323981,0.01356832,0.01390996,0.01429466,0.01475297,0.01530901,0.0159682,0.01672893,0.01757523,0.01849024,0.01946892,0.0205163,0.02166153,0.02294019,0.02438982,0.02604784,0.02792798,0.03003356,0.03235074,0.03486344,0.0375813,0.04052886,0.04377561,0.04742234,0.05155745,0.05626188,0.06156193,0.06743346,0.07379799,0.08054963,0.08766916,0.09518573,0.10323917,0.1121056,0.12200874,0.13311036,0.14543219,0.1588108,0.17296776,0.1875728,0.20256911,0.21813365,0.23461974,0.25273305,0.27303651,0.29574515,0.32066474,0.34703982,0.37398765,0.40037303,0.42542254,0.44915431,0.47195924,0.49457189,0.51770087,0.54178405,0.56710445
KHM,1966,0.14797906,0.02019697,0.01841649,0.01673682,0.01508221,0.01340628,0.01171072,0.01004104,0.00851185,0.00720912,0.00619755,0.00549445,0.00507236,0.00490571,0.00495026,0.00516916,0.00551643,0.00593593,0.00638321,0.00681564,0.00720602,0.00753776,0.0078036,0.00800619,0.00815891,0.00828329,0.00840102,0.00853041,0.00867962,0.0088503,0.00903965,0.00924155,0.00945234,0.00967072,0.00990007,0.01014878,0.01042478,0.01073499,0.01108006,0.01145186,0.01183727,0.01221659,0.01257532,0.01291077,0.01323166,0.01356544,0.01394247,0.01439357,0.01494325,0.01559668,0.01635102,0.01718839,0.01809087,0.01905254,0.0200762,0.02119101,0.02243576,0.02384912,0.02546945,0.0273117,0.02937957,0.0316594,0.03413018,0.03680033,0.03969483,0.04288149,0.04645595,0.0505108,0.05513045,0.06033005,0.06608703,0.0723352,0.07896017,0.08593469,0.09330976,0.10123427,0.10995405,0.11970664,0.13067442,0.14283801,0.15601597,0.16997134,0.18435551,0.19906299,0.21435738,0.23066324,0.24862318,0.26876673,0.29132115,0.31608852,0.34220218,0.3687575,0.39487608,0.41974571,0.44337605,0.46613131,0.48881655,0.51210827,0.53629444,0.56159608
KHM,1967,0.14518454,0.01967443,0.01796861,0.01635212,0.01475285,0.0131273,0.01147584,0.00984596,0.00835039,0.00707443,0.00608383,0.00539465,0.00498158,0.00482778,0.00489492,0.00514391,0.00552358,0.0059759,0.00646851,0.00696314,0.00742229,0.00780636,0.0080912,0.00829015,0.00843791,0.00855752,0.00866946,0.00879224,0.00893233,0.00908928,0.00926275,0.00944777,0.00964263,0.00984656,0.01006145,0.01029648,0.01055968,0.01085863,0.01119416,0.01155825,0.01193705,0.01230959,0.01266185,0.01298956,0.013303,0.01362905,0.01399794,0.01444231,0.01498308,0.01562749,0.01637264,0.01720061,0.01809549,0.01904995,0.02006687,0.02117126,0.02239943,0.02379353,0.02538917,0.02720468,0.02924651,0.03150114,0.03395302,0.03660414,0.03947919,0.04264631,0.04619471,0.05021559,0.05479376,0.05995216,0.06566157,0.07184979,0.07842659,0.08535216,0.09266633,0.1005477,0.10922534,0.11891499,0.1298171,0.14193231,0.1550741,0.16894983,0.18326902,0.1979208,0.21306323,0.22928469,0.24724482,0.26739524,0.29000132,0.31477786,0.34097606,0.36751205,0.39340562,0.41826259,0.4419154,0.46489537,0.48799657,0.51184266,0.53677119,0.56257342
KHM,1968,0.14253804,0.01892734,0.01741924,0.01596881,0.01450349,0.01297904,0.01139573,0.00980423,0.00832543,0.00705306,0.00606046,0.00536811,0.00495249,0.00479687,0.0048624,0.00511032,0.00548929,0.00594081,0.00643214,0.00692055,0.00736969,0.00774943,0.00803204,0.00823033,0.00837752,0.00849686,0.00860866,0.00873115,0.00887073,0.00902722,0.00920021,0.00938444,0.00957822,0.00978096,0.00999485,0.01022896,0.01049128,0.01078948,0.01112441,0.01148806,0.01186654,0.01223881,0.01259081,0.01291837,0.01323145,0.01355692,0.01392543,0.01436956,0.01491011,0.01555402,0.01629847,0.0171255,0.0180186,0.01896999,0.01998347,0.02108442,0.02230761,0.02369474,0.02528376,0.02709252,0.02912647,0.03137277,0.03381605,0.03645916,0.03932306,0.04247613,0.04601031,0.05001693,0.0545762,0.05971698,0.06541561,0.07158608,0.07813793,0.08504346,0.09232802,0.10015879,0.10879134,0.11845404,0.1293163,0.14139938,0.15454459,0.16841258,0.18268871,0.19730369,0.2123845,0.22845346,0.2462732,0.2663819,0.28897283,0.31372458,0.33990403,0.36642214,0.39217835,0.41675911,0.44025386,0.46313184,0.48616501,0.50995091,0.53489257,0.56076613
KHM,1969,0.13995112,0.01833583,0.01691513,0.01554127,0.01414323,0.0126778,0.0111458,0.00959791,0.00815457,0.00690985,0.00593759,0.0052592,0.00485233,0.00470104,0.0047673,0.00501311,0.00538816,0.00583475,0.00632026,0.00680381,0.00724439,0.00761324,0.00789278,0.0080889,0.0082341,0.00835129,0.00846081,0.00858068,0.00871722,0.00887018,0.00903935,0.00921944,0.00940846,0.00960591,0.00981424,0.01004287,0.01029993,0.01059321,0.01092373,0.01128348,0.01165834,0.01202694,0.01237493,0.01269794,0.01300625,0.01332671,0.01369024,0.01413005,0.01466702,0.01530749,0.0160477,0.0168691,0.01775418,0.01869415,0.0196922,0.02077493,0.02197824,0.02334291,0.02490703,0.02669109,0.0287005,0.03092107,0.03333737,0.03595166,0.03878469,0.04189973,0.04538733,0.04934043,0.05383897,0.05890768,0.06453103,0.0706321,0.07710753,0.08393004,0.091138,0.09887916,0.10739229,0.11693124,0.12767704,0.13961943,0.15262718,0.16639854,0.1805741,0.19505797,0.2100201,0.22594042,0.24350048,0.26335064,0.28578231,0.31039958,0.33643759,0.36283073,0.38847711,0.41284185,0.43600466,0.45870558,0.4816616,0.50544989,0.53044244,0.55644765
KHM,1970,0.13793166,0.01797292,0.01654601,0.0151698,0.01377724,0.01232821,0.01082491,0.00931608,0.00791553,0.00671115,0.00577183,0.00511712,0.00472518,0.00486124,0.00567184,0.00697398,0.00857285,0.01026746,0.01249157,0.01536172,0.01823518,0.02045965,0.02147826,0.02167884,0.02177393,0.02179799,0.02178381,0.02176158,0.02166176,0.02144531,0.0211768,0.02091573,0.02072162,0.02059311,0.02049315,0.02043289,0.02042144,0.02046681,0.0205772,0.0207478,0.0209576,0.0211777,0.02138584,0.02158245,0.02177955,0.02199136,0.0222356,0.02253402,0.02285827,0.023215,0.0236625,0.02424411,0.02500506,0.02596717,0.0270779,0.02829621,0.02959284,0.03094284,0.03233337,0.03383128,0.03552052,0.03745793,0.03969807,0.0422688,0.04514072,0.04833795,0.05190773,0.05590637,0.06040029,0.06543659,0.07101574,0.07709721,0.08360497,0.09059266,0.09810074,0.106152,0.11481805,0.12421618,0.13466137,0.14631478,0.15899206,0.17243317,0.18630883,0.20044008,0.21497056,0.23044222,0.24747734,0.26665399,0.28842806,0.31250063,0.33798933,0.36379886,0.38886268,0.41265437,0.43514168,0.45709977,0.47953692,0.50294165,0.52765313,0.55342807
KHM,1971,0.13605919,0.01743842,0.01616046,0.01491154,0.0136228,0.01225162,0.01079866,0.00931488,0.00792154,0.00671432,0.00576899,0.00510886,0.00471327,0.00484055,0.0056318,0.00690703,0.00847357,0.01013186,0.01230156,0.0150876,0.01785641,0.02000286,0.02092932,0.02106696,0.02118288,0.0212249,0.02122437,0.02121092,0.02112118,0.02091952,0.02066843,0.02042435,0.02024725,0.02013552,0.02005062,0.02000422,0.02000614,0.02006431,0.02018568,0.02036487,0.0205816,0.02080693,0.02101855,0.02121714,0.02141548,0.02162907,0.02187671,0.02217912,0.02251027,0.02287786,0.02333765,0.02392886,0.02469282,0.02565187,0.02675523,0.02796386,0.02925101,0.03059747,0.0319931,0.03349702,0.03518917,0.03713008,0.03937053,0.0419342,0.04479479,0.04797704,0.05155244,0.05555292,0.06002481,0.06504129,0.0706045,0.07666131,0.08315223,0.09014065,0.09762576,0.10563218,0.1142688,0.12362415,0.1339893,0.14558456,0.1582524,0.17166443,0.18553816,0.19974756,0.21433516,0.2297896,0.24681481,0.26592455,0.28747241,0.31136062,0.33685836,0.36273901,0.38788316,0.41177246,0.43435347,0.45623756,0.47842972,0.50171549,0.5263658,0.5521356
KHM,1972,0.13276866,0.01679403,0.01556964,0.01437048,0.01313159,0.01181328,0.01041712,0.00899198,0.00765376,0.00649407,0.00558572,0.00495159,0.00457243,0.00470027,0.00547292,0.00671525,0.00823981,0.00985189,0.01195693,0.01465549,0.01732616,0.01937583,0.02026093,0.02033275,0.02038472,0.02044636,0.02046154,0.0204586,0.02037782,0.02018853,0.01995205,0.01972247,0.01955619,0.01945411,0.01937942,0.01934072,0.01934865,0.01941294,0.01954118,0.01972649,0.01994734,0.02017467,0.02038572,0.0205811,0.02077441,0.02098246,0.02122617,0.02152805,0.0218623,0.02223645,0.02270409,0.02329979,0.02405903,0.02500005,0.0260751,0.02724838,0.02849665,0.02980512,0.0311708,0.0326537,0.03432601,0.03624248,0.03845587,0.04098523,0.04379933,0.04692477,0.05041817,0.05434838,0.05874987,0.0636625,0.06911766,0.07506714,0.08144191,0.08832012,0.09571512,0.10360969,0.11210908,0.12133662,0.13154315,0.14292334,0.15539132,0.16865262,0.18236301,0.19644706,0.21100169,0.22640763,0.24330655,0.26229569,0.28366476,0.30721559,0.33243434,0.35824937,0.38340786,0.40734216,0.43001471,0.45203625,0.47427955,0.4975394,0.52234954,0.54834786
KHM,1973,0.13637715,0.01754987,0.01621077,0.01491071,0.01358209,0.01218431,0.01071907,0.00923583,0.00785105,0.00665579,0.00572186,0.00507053,0.00468067,0.00479636,0.0055496,0.00676725,0.00826352,0.0098457,0.01190567,0.01453719,0.01713619,0.01912069,0.01995919,0.02002865,0.02002835,0.02003906,0.02008503,0.02010821,0.0200504,0.0198827,0.01966765,0.01945938,0.01931306,0.01922934,0.01917513,0.01915823,0.01918559,0.01926634,0.01940926,0.01960785,0.01983925,0.02007475,0.02029288,0.02049511,0.02069576,0.02091115,0.021162,0.02147144,0.02181547,0.02220008,0.02267811,0.02328563,0.024058,0.02501199,0.02610073,0.0272911,0.02855992,0.0298916,0.03128217,0.03279328,0.0344961,0.03643926,0.03867301,0.04122332,0.04406123,0.04721152,0.05073139,0.05468041,0.0591341,0.06411442,0.06961535,0.0756134,0.08203904,0.08895309,0.09638795,0.1043501,0.11290767,0.12218862,0.13247854,0.1439293,0.15642772,0.169738,0.18353556,0.19767202,0.21229581,0.22785514,0.24489538,0.26396156,0.28543166,0.30903102,0.33412443,0.35984087,0.38506325,0.40908244,0.43181305,0.45388428,0.47615933,0.49930185,0.52385303,0.54970162
KHM,1974,0.13873576,0.01808251,0.01669094,0.01534237,0.01396737,0.01252385,0.01101339,0.0094865,0.00806228,0.0068336,0.00587355,0.00520357,0.00480178,0.00490691,0.00564695,0.00685,0.00833095,0.00989764,0.01193292,0.01452502,0.01707762,0.01902241,0.01983407,0.01987951,0.0198767,0.01983493,0.01982933,0.01988069,0.01984903,0.01970532,0.01951119,0.01932238,0.01919395,0.01912741,0.0190902,0.01909189,0.01913851,0.01923602,0.01939351,0.01960568,0.01985004,0.0200964,0.02032327,0.02053315,0.02074134,0.02096492,0.02122399,0.02154181,0.02189638,0.02229441,0.02278614,0.02340747,0.02419516,0.02516624,0.02627367,0.02748411,0.02877676,0.03013638,0.03155803,0.0331012,0.0348396,0.03682196,0.03909276,0.04167616,0.04455095,0.04774412,0.05131137,0.0553126,0.05981415,0.0648789,0.07048247,0.07656212,0.08307366,0.09007587,0.0975874,0.10564095,0.11432857,0.12373783,0.13415384,0.14576021,0.158404,0.17181983,0.18574387,0.20005207,0.21481894,0.23055032,0.24785872,0.26718194,0.28884166,0.31265425,0.33791043,0.36362708,0.38889781,0.4131428,0.43611362,0.45837479,0.48079233,0.50401719,0.52848088,0.5541047
KHM,1975,0.32279924,0.14657918,0.10070316,0.07941373,0.06576383,0.0551944,0.04691032,0.04016286,0.03407063,0.02851976,0.0239735,0.02084593,0.01951042,0.02109951,0.02578833,0.03251663,0.04020946,0.04780644,0.05751315,0.07006891,0.08232559,0.09140435,0.09471367,0.09438353,0.09416219,0.09402848,0.09376869,0.09385425,0.0931648,0.09086861,0.08796552,0.08539401,0.08409867,0.08394453,0.08410242,0.08447427,0.08494767,0.085392,0.08577458,0.08622566,0.08684866,0.08772221,0.08894287,0.0905335,0.09236325,0.09432344,0.09630207,0.09818644,0.09990906,0.10158861,0.103378,0.10541107,0.10782992,0.11117525,0.11559905,0.1206973,0.12610411,0.13147768,0.1369199,0.14286871,0.14946655,0.15682895,0.16504064,0.17458348,0.18564853,0.19793582,0.2111672,0.22504634,0.2397212,0.25556198,0.27260042,0.29062884,0.30955482,0.33222676,0.35874966,0.3851508,0.40758032,0.42212922,0.43196959,0.44293296,0.45492583,0.4676249,0.48078584,0.49438047,0.50847111,0.52343373,0.5399697,0.55850981,0.57922643,0.60191034,0.62601447,0.65045017,0.67432502,0.69733837,0.71935203,0.74073438,0.76237359,0.7849097,0.80878416,0.83354314
KHM,1976,0.19578862,0.07387725,0.06919531,0.06754924,0.06735836,0.06775338,0.06821466,0.06826226,0.06799062,0.06784032,0.06789885,0.06820779,0.06877193,0.06958901,0.07059791,0.07174048,0.07296053,0.07419747,0.07545439,0.07671065,0.07790466,0.07902365,0.08011555,0.08200195,0.08495527,0.08821691,0.09104382,0.0926402,0.0933761,0.09408717,0.09474504,0.09544197,0.09626458,0.09800739,0.10085978,0.10401213,0.10664817,0.10794509,0.1074674,0.10580531,0.10365714,0.10171289,0.10067997,0.10044536,0.10036412,0.1003753,0.10041807,0.10043152,0.10035436,0.10025438,0.10024239,0.10041137,0.10085513,0.10152888,0.10229639,0.10314145,0.1040648,0.10507949,0.10599369,0.10679321,0.10774838,0.10910558,0.11110805,0.11380697,0.11704222,0.12079248,0.12507315,0.12989072,0.13579645,0.14320613,0.15188435,0.16155795,0.17186737,0.1844189,0.19965317,0.21557216,0.23026056,0.24186067,0.25186122,0.26294864,0.27502906,0.28786194,0.30112754,0.31476691,0.32896142,0.34414084,0.36084802,0.37964357,0.40077871,0.42388746,0.44834977,0.47327407,0.49759642,0.52091664,0.54335159,0.56542101,0.587761,0.61099082,0.63553367,0.66118812
KHM,1977,0.14747686,0.03057204,0.0285057,0.02720885,0.02624293,0.02535958,0.02443019,0.02337694,0.02231018,0.02140501,0.02073746,0.02033547,0.02018584,0.02027393,0.02056004,0.02100533,0.02155811,0.02216213,0.02278598,0.02339443,0.02395196,0.02443197,0.02483718,0.02537985,0.0261598,0.02701729,0.02777473,0.02825752,0.02851977,0.02878542,0.02908306,0.02939708,0.02974837,0.03032754,0.03117935,0.03211234,0.03293716,0.03346272,0.0335891,0.03345528,0.0332168,0.03302227,0.03302946,0.03320615,0.03340412,0.033631,0.03389846,0.03421925,0.03459632,0.03505003,0.03560118,0.03625343,0.0370119,0.03785529,0.03875364,0.03972496,0.04079753,0.04200976,0.04334743,0.04482493,0.0465145,0.04846396,0.05071696,0.05328402,0.05613614,0.05930806,0.06286729,0.06688579,0.07155275,0.07698808,0.08312647,0.08985071,0.09703572,0.10502975,0.11394029,0.12341566,0.13315432,0.14286638,0.15306436,0.16440862,0.17674317,0.18981023,0.20333513,0.21720925,0.23157594,0.24695548,0.26395434,0.28304949,0.30457469,0.32824666,0.35330709,0.37876329,0.40365157,0.42746602,0.45021144,0.47262848,0.49549161,0.51927327,0.54435573,0.57052896
KHM,1978,0.14383632,0.02578547,0.02129776,0.01863968,0.01651718,0.01455945,0.01270833,0.01095068,0.00932145,0.00789022,0.00675423,0.00596497,0.00553449,0.00573177,0.00666679,0.00812948,0.00989414,0.01172091,0.0140537,0.0169965,0.01984401,0.02192256,0.02263034,0.02243331,0.02219363,0.02198677,0.02183314,0.02172656,0.02155598,0.02123458,0.02092086,0.02071775,0.02062694,0.02065231,0.02072292,0.02082694,0.02096078,0.02112882,0.02134412,0.02162218,0.02195533,0.02232493,0.02271831,0.02310588,0.02346539,0.02381779,0.02419537,0.02463353,0.0251248,0.02567407,0.02631265,0.02705508,0.02791675,0.02898434,0.03026727,0.03169379,0.03320216,0.03473658,0.03635574,0.03818294,0.04025401,0.04258039,0.04516379,0.04810909,0.05147399,0.05522766,0.05937389,0.06392159,0.06893894,0.07451028,0.08063917,0.08728531,0.09439035,0.10222259,0.11077534,0.11977642,0.1290777,0.13851048,0.14852933,0.15969567,0.17187035,0.18474791,0.19806223,0.21174513,0.22589776,0.24101455,0.25776953,0.27666088,0.29793839,0.32138618,0.34631572,0.3716169,0.39628424,0.41992092,0.44246804,0.46459701,0.48728016,0.51106772,0.53620379,0.56242872
KHM,1979,0.12797637,0.0157754,0.01466363,0.01356205,0.01241669,0.01119485,0.00989412,0.00855844,0.00729794,0.00620183,0.0053412,0.00473985,0.00438092,0.00449224,0.00519516,0.00632871,0.00772113,0.00918901,0.01107811,0.01345193,0.0157422,0.01742415,0.01802375,0.01788155,0.01765849,0.01742095,0.01722892,0.01709786,0.01695856,0.01678265,0.01658271,0.01644385,0.01642424,0.016454,0.01650415,0.01657808,0.01667924,0.01681786,0.01701464,0.01727006,0.01755963,0.01784958,0.01811173,0.01834626,0.01857056,0.01879999,0.01905736,0.01937351,0.01973656,0.02015372,0.02066535,0.02129275,0.02205955,0.02297574,0.02400061,0.02510969,0.02629268,0.0275459,0.02886646,0.03031102,0.0319517,0.03383759,0.03601316,0.0384901,0.04123604,0.04427564,0.04766587,0.05145207,0.05568399,0.06041927,0.06566493,0.07137805,0.07750747,0.08411449,0.09124172,0.09888532,0.10712783,0.11611836,0.12609811,0.13720759,0.1493372,0.16220587,0.17549147,0.18912213,0.20324226,0.21830468,0.23495402,0.25377412,0.27505898,0.29850631,0.32349169,0.34897281,0.37380641,0.39753201,0.42019449,0.44240712,0.46506826,0.48891611,0.51427251,0.54074122
KHM,1980,0.12551343,0.01522206,0.01420781,0.01319817,0.01212809,0.01096608,0.00971812,0.00842634,0.00719882,0.00612461,0.00527799,0.00468491,0.00433019,0.00425054,0.00444453,0.00485389,0.00540915,0.00603343,0.00677092,0.0076002,0.00837397,0.00896157,0.00925825,0.00934621,0.00937956,0.00938798,0.00940116,0.00944316,0.00950442,0.00957166,0.00965133,0.00974023,0.00985662,0.0100053,0.01016613,0.01034791,0.01055789,0.01080302,0.01108656,0.01140307,0.01173572,0.01206008,0.01235976,0.01263194,0.01289074,0.01316231,0.01347609,0.01386501,0.01434401,0.01491977,0.01559401,0.01634976,0.01717147,0.01804888,0.01897481,0.01996764,0.02105847,0.02228792,0.02369064,0.02529383,0.02711716,0.0291576,0.03140859,0.03386974,0.03654418,0.0394789,0.04273454,0.04640606,0.05057502,0.05525437,0.06044434,0.06608758,0.07211168,0.07851141,0.08531978,0.09266868,0.10071786,0.10964547,0.11966238,0.13080926,0.14296428,0.15587381,0.16924486,0.18295788,0.19714719,0.21229877,0.2290151,0.24784571,0.26916275,0.29271341,0.31780295,0.3434514,0.36858638,0.39261558,0.41551272,0.43796522,0.46081098,0.48471799,0.51017918,0.53688547
KHM,1981,0.12199986,0.01446897,0.01355924,0.0126453,0.01166808,0.01058473,0.00940111,0.00816701,0.00698817,0.00595174,0.00513152,0.00455623,0.00421244,0.00413756,0.00433122,0.00473676,0.00528601,0.0059036,0.0066357,0.00746405,0.00824107,0.00883147,0.00912743,0.00921342,0.00924531,0.00924601,0.00924067,0.0092549,0.0092909,0.00933977,0.0094025,0.00948202,0.00957679,0.00969994,0.00985729,0.0100381,0.01024925,0.01049748,0.01078409,0.01110156,0.01143347,0.01175539,0.01205097,0.01231831,0.01257275,0.01284211,0.0131565,0.01354746,0.01402754,0.01460251,0.01527397,0.01602438,0.01683762,0.0177022,0.01861127,0.0195842,0.02065296,0.02185837,0.02323755,0.02481971,0.02662085,0.02863583,0.03085673,0.03328138,0.03591513,0.03880496,0.04203399,0.04565624,0.04974714,0.05436266,0.05947623,0.0650411,0.07098717,0.07730482,0.08402724,0.09127341,0.09923511,0.10807108,0.11794835,0.12893736,0.14092659,0.15366616,0.16689828,0.18052367,0.19462152,0.20964746,0.22620843,0.24479419,0.26574153,0.28890251,0.31366795,0.33904874,0.36408865,0.388246,0.4113172,0.43382243,0.45655335,0.48007685,0.50483113,0.53080338
KHM,1982,0.11807549,0.01369516,0.01290541,0.01210042,0.01122201,0.01023112,0.00912046,0.00793917,0.00680242,0.00579843,0.00500152,0.00444126,0.004107,0.00403648,0.00422989,0.00463194,0.00517591,0.0057871,0.0065107,0.00733149,0.00810789,0.00870454,0.00900843,0.00910033,0.00913846,0.00914764,0.00914601,0.00915369,0.00917269,0.0092047,0.00925473,0.00932067,0.00940915,0.00951376,0.00964551,0.00982006,0.0100274,0.01027474,0.01056332,0.01088337,0.01121557,0.01153544,0.01182642,0.01208666,0.01233318,0.01259553,0.01290592,0.01329713,0.0137805,0.01435869,0.0150316,0.01578067,0.01658856,0.01744342,0.0183382,0.0192937,0.02034374,0.0215312,0.02289359,0.02446233,0.02625556,0.028263,0.03047366,0.03288356,0.0354957,0.03835971,0.04153967,0.04513277,0.04919516,0.05375666,0.05883717,0.06436133,0.0702689,0.07655012,0.08323274,0.09043688,0.09834413,0.10715473,0.11702226,0.12797487,0.13992986,0.15263875,0.16583154,0.1794321,0.19354206,0.20857518,0.22514088,0.24377655,0.26478912,0.2879961,0.31285615,0.33838925,0.36352744,0.387787,0.41104647,0.43377426,0.45679557,0.48079036,0.50615277,0.53270079
KHM,1983,0.11418049,0.01292195,0.01221348,0.0114859,0.0106815,0.00976242,0.00872524,0.00760671,0.00651981,0.00555928,0.00479777,0.00426349,0.00394578,0.00388322,0.00407692,0.00447344,0.00500804,0.0056079,0.00631677,0.00711973,0.00788211,0.00847523,0.00878438,0.00888264,0.00892464,0.00893824,0.00894319,0.00895294,0.00896435,0.00897895,0.00901148,0.00906358,0.00913711,0.00923307,0.00934461,0.00949321,0.00969313,0.00993503,0.01022052,0.01053967,0.01087089,0.01118673,0.01147067,0.01172083,0.01195463,0.01220394,0.012503,0.01288651,0.01336675,0.01394444,0.0146153,0.01535789,0.01615345,0.01698915,0.01785851,0.01878345,0.0198002,0.02095414,0.02228475,0.0238231,0.02558872,0.02757244,0.02975737,0.03213557,0.03470779,0.03752086,0.04064522,0.04415447,0.04814254,0.05262605,0.05759908,0.06303551,0.06884813,0.07503653,0.08162795,0.08873425,0.09653425,0.10521557,0.11497091,0.12581696,0.13763297,0.15020378,0.16326755,0.17673846,0.19074017,0.20570522,0.22218915,0.24072153,0.26164964,0.28475753,0.30948203,0.33493066,0.36007612,0.38435778,0.40770634,0.43064443,0.45388243,0.47805701,0.50362737,0.53036856
KHM,1984,0.11032512,0.01222943,0.01158179,0.01091344,0.01016879,0.00930965,0.00833273,0.00727714,0.00624269,0.00532272,0.00459504,0.00408673,0.00378671,0.00373218,0.00392565,0.00431581,0.00484001,0.00542739,0.00612061,0.00690426,0.00764725,0.0082289,0.00854032,0.00864787,0.00869736,0.00871519,0.00872422,0.00873978,0.00875289,0.00876034,0.00877653,0.00881191,0.00887188,0.00895304,0.00905571,0.00918489,0.0093605,0.00959564,0.00987615,0.01019265,0.01052327,0.0108382,0.01111797,0.01136063,0.011584,0.01182076,0.01210763,0.01248146,0.01295635,0.01353293,0.01420404,0.01494329,0.01572871,0.01654655,0.01739044,0.01828475,0.01926774,0.02038778,0.02168685,0.02319666,0.02493559,0.02689457,0.0290572,0.0314088,0.03394607,0.03671406,0.03977857,0.04322242,0.0471191,0.05152241,0.05641472,0.06174428,0.0674743,0.07357416,0.08007918,0.08709869,0.09480178,0.10337516,0.11300033,0.12373581,0.13545303,0.14789903,0.16084328,0.1742028,0.18808728,0.20295099,0.21937104,0.23783069,0.25867948,0.28174751,0.30643911,0.33183183,0.35696813,0.38131237,0.4047126,0.42774524,0.45117897,0.47555036,0.50128555,0.52820414
KHM,1985,0.10668697,0.01158121,0.01096497,0.01033036,0.00962512,0.00881353,0.00789139,0.00689607,0.00592492,0.00505778,0.00436939,0.00389115,0.00361214,0.00356805,0.0037615,0.00414433,0.0046565,0.00522958,0.005905,0.00666797,0.00739026,0.0079548,0.00826055,0.00837382,0.00843137,0.00845425,0.00846456,0.00848098,0.00849672,0.00850332,0.00851067,0.00852893,0.00857177,0.00863927,0.00872778,0.00884849,0.0090053,0.00921708,0.00949094,0.00980201,0.01012888,0.01044182,0.01071964,0.01095793,0.01117482,0.01140347,0.01168091,0.01204579,0.01251378,0.01308639,0.01375554,0.01449175,0.01526873,0.01607055,0.01689155,0.01775756,0.01870928,0.01979694,0.02106449,0.02254425,0.02425435,0.02618324,0.02831405,0.03063292,0.03313062,0.03584868,0.03885839,0.04223397,0.04605153,0.05035158,0.05515458,0.06039694,0.06601477,0.07202607,0.07843404,0.08535527,0.09295601,0.10141562,0.11091568,0.12150559,0.13309953,0.14543398,0.15823754,0.17145451,0.18519615,0.1999068,0.2161908,0.2345621,0.25532809,0.27831896,0.30298036,0.32834346,0.35341223,0.37771839,0.40113208,0.42415985,0.4476201,0.47210107,0.49793837,0.52493019
KHM,1986,0.10354462,0.0109277,0.01042939,0.00990013,0.00928651,0.00855094,0.00768764,0.00673356,0.00578996,0.00494401,0.00426818,0.00379631,0.00352293,0.00348346,0.00367989,0.00406389,0.00457604,0.00514733,0.00581718,0.00657003,0.00728047,0.00783356,0.00813139,0.00824536,0.00831241,0.00834834,0.00836984,0.00839432,0.00841776,0.00843326,0.00844571,0.00846141,0.00849379,0.00855084,0.00863232,0.00874527,0.00889918,0.00909709,0.0093501,0.00965375,0.00997298,0.01027929,0.01055245,0.01078705,0.01099921,0.01122221,0.01149323,0.01185086,0.01231224,0.01288006,0.01354686,0.01428266,0.01505919,0.01585753,0.01667118,0.01752732,0.0184676,0.01954392,0.02080104,0.02227187,0.02397483,0.02589788,0.02802211,0.03033388,0.03282602,0.03553519,0.03852685,0.04188379,0.04567698,0.04994699,0.0547008,0.05991236,0.0655073,0.07147439,0.0778652,0.08476418,0.09234366,0.10078082,0.11024966,0.12080101,0.13234194,0.14465168,0.15745295,0.17065094,0.18438349,0.19909558,0.21537671,0.23376176,0.25458023,0.2776095,0.30228703,0.32768471,0.35277315,0.3770641,0.40050905,0.42363966,0.44720021,0.47180716,0.49781696,0.52493332
KHM,1987,0.10057982,0.01034573,0.00992112,0.00946234,0.0089152,0.00824079,0.0074315,0.00652309,0.00561553,0.00479712,0.00414369,0.00368606,0.00342025,0.00334457,0.00343474,0.00366436,0.0039955,0.00438172,0.00479509,0.00519807,0.00555468,0.00583803,0.00603422,0.00616171,0.00625266,0.00632482,0.00639168,0.00646573,0.00655121,0.00664686,0.00675019,0.0068551,0.00696145,0.00707303,0.00719812,0.00734769,0.00752991,0.00775354,0.0080167,0.0083145,0.00863169,0.00893695,0.00921377,0.00945625,0.00967738,0.00990887,0.01018804,0.01055394,0.01102937,0.01161822,0.01230688,0.01305889,0.01383837,0.01462119,0.0154049,0.01622428,0.01713027,0.01818356,0.01943744,0.02092013,0.02264045,0.02457637,0.02669805,0.02898685,0.03144239,0.03410817,0.03704568,0.04034095,0.04408027,0.04829283,0.05298283,0.05810858,0.0636271,0.06950528,0.07576688,0.08255673,0.09003307,0.09839337,0.10779838,0.11827316,0.12972879,0.14194041,0.15467227,0.16782487,0.18149537,0.19614716,0.21236537,0.23066817,0.25140647,0.27438852,0.29901086,0.32435384,0.3494383,0.37373582,0.3971632,0.42028973,0.44384695,0.46837246,0.49425231,0.52126823
KHM,1988,0.09741124,0.0098071,0.00942332,0.00900434,0.00849847,0.0078677,0.00710386,0.00624102,0.00537612,0.00459463,0.00397091,0.00353692,0.00328608,0.00321234,0.00329174,0.00350165,0.00380765,0.00416601,0.00454082,0.00489202,0.00519574,0.00543743,0.0056151,0.0057402,0.00583084,0.00590589,0.00597869,0.00605963,0.00615271,0.00625715,0.00637008,0.00648507,0.00659931,0.00671461,0.00683923,0.00698675,0.00716708,0.00738798,0.00764959,0.00794156,0.00824995,0.00855187,0.00882584,0.00906635,0.0092864,0.00951728,0.0097952,0.01015941,0.01063354,0.01122138,0.01190875,0.0126581,0.01343225,0.01420558,0.01497526,0.01577594,0.01666041,0.01769263,0.01892783,0.02039489,0.02210173,0.02402445,0.02613126,0.0284013,0.03083229,0.03346796,0.0363723,0.03962409,0.04330959,0.04747132,0.0521065,0.05717464,0.06262276,0.06844627,0.07465853,0.08137915,0.08880792,0.09711514,0.10646573,0.11688197,0.12827248,0.14041608,0.15307156,0.16617469,0.17981541,0.19441898,0.21059627,0.22887128,0.2495892,0.27258572,0.29728239,0.32270035,0.34784212,0.37220369,0.3956556,0.41875246,0.44230534,0.46688232,0.49282511,0.51994211
KHM,1989,0.09445345,0.00943186,0.00901862,0.00857783,0.0080634,0.00744186,0.00670706,0.00589013,0.00507865,0.00434935,0.0037687,0.00336613,0.00313681,0.00307775,0.00317056,0.00339427,0.00371427,0.0040864,0.00448366,0.00487084,0.00521313,0.00548452,0.00567177,0.00579194,0.00587569,0.00594235,0.00600683,0.00607965,0.00616206,0.00625199,0.00634801,0.00644559,0.0065433,0.00664122,0.0067461,0.00687251,0.00703407,0.0072403,0.00749033,0.00777562,0.00807618,0.00837057,0.00864399,0.00888326,0.00910199,0.00933157,0.00960746,0.00996801,0.01043658,0.01101702,0.01169568,0.01243543,0.01319919,0.01396121,0.01471718,0.0155005,0.01636237,0.01736742,0.01857248,0.02000781,0.02168358,0.02357638,0.02565449,0.02789565,0.03029437,0.03289124,0.03575594,0.03896309,0.0425841,0.04667089,0.05123671,0.05623408,0.06161215,0.06735688,0.07351349,0.08018392,0.08753482,0.09577749,0.10504552,0.11537365,0.12667395,0.13872527,0.15129268,0.16430527,0.17788874,0.19245677,0.20857528,0.22679983,0.24748369,0.27045712,0.29517359,0.32067466,0.34589861,0.3703307,0.39387307,0.41705104,0.44067288,0.46538675,0.49156091,0.51893399
KHM,1990,0.09185166,0.00907433,0.00864843,0.00819932,0.00768431,0.00707355,0.00636254,0.00558108,0.00481075,0.00412227,0.00357684,0.00320088,0.00298989,0.00294292,0.00304023,0.00326148,0.00357587,0.00394092,0.0043301,0.00470744,0.00503998,0.00530294,0.00548375,0.00559982,0.00568131,0.00574639,0.00580983,0.00588294,0.00596692,0.00605832,0.00615442,0.00625058,0.00634629,0.00644258,0.0065446,0.00666533,0.00681819,0.00701583,0.00725891,0.00753735,0.00783329,0.00811892,0.00838085,0.00861496,0.00882833,0.00905357,0.00932671,0.00968537,0.01015155,0.01072887,0.01140292,0.01213546,0.01288895,0.01363744,0.0143771,0.0151421,0.01598397,0.01696689,0.0181489,0.01956193,0.02121637,0.02308968,0.02514928,0.02737138,0.02974832,0.03231721,0.03513641,0.03829265,0.04186227,0.04587703,0.05036403,0.05530236,0.06064118,0.06636749,0.07250286,0.07915679,0.08645072,0.09453612,0.10358843,0.11365689,0.12474915,0.13678218,0.14963294,0.16322128,0.17751983,0.19259476,0.20854786,0.22550593,0.2436194,0.26303339,0.28383971,0.30619878,0.33025914,0.35594068,0.38317455,0.41147986,0.44013465,0.46852222,0.49605513,0.52263867
KHM,1991,0.09202444,0.00930657,0.00873917,0.00819763,0.00761477,0.00695754,0.00622365,0.00544107,0.00468384,0.00401511,0.00348926,0.00312927,0.00292965,0.00288424,0.00297175,0.00317279,0.00345923,0.00379449,0.00414508,0.00447339,0.00475652,0.00498188,0.00514791,0.00526467,0.00534825,0.00541631,0.00548276,0.00555916,0.00564899,0.00574991,0.00585756,0.00596517,0.00607091,0.00617612,0.00628714,0.00641557,0.00657317,0.00677201,0.00701487,0.00729309,0.00758787,0.00787342,0.00813122,0.00835865,0.008571,0.00879511,0.00906837,0.00942892,0.00989862,0.01047954,0.01115593,0.01188769,0.01263572,0.01337432,0.01410154,0.01485394,0.01568471,0.01665899,0.01783451,0.01924259,0.02089305,0.02276125,0.0248137,0.0270257,0.02938998,0.03194376,0.03474534,0.03787323,0.04141743,0.04541581,0.04987225,0.05477262,0.06008224,0.06577893,0.07188384,0.07849103,0.0857556,0.09381536,0.10281313,0.11284818,0.12389718,0.13588781,0.14870023,0.16225176,0.17651868,0.19155831,0.20751124,0.22449621,0.2426061,0.26200631,0.28278581,0.30509371,0.32913196,0.35487207,0.38218024,0.41056996,0.43934757,0.46784677,0.49545774,0.52213415
KHM,1992,0.09207928,0.00935748,0.00875006,0.00815092,0.00751769,0.00682577,0.00607542,0.00529445,0.00455132,0.00390245,0.00339599,0.00305146,0.00286249,0.0028223,0.00291059,0.00311015,0.00339151,0.00371827,0.00405935,0.00437843,0.00465427,0.00487373,0.00503704,0.00515342,0.00523675,0.00530465,0.00537086,0.00544652,0.00553591,0.00563764,0.00574736,0.00585744,0.00596482,0.00607048,0.00618133,0.00630981,0.00646679,0.00666322,0.00690161,0.00717514,0.00746613,0.00774751,0.00800196,0.00822214,0.00842543,0.00864614,0.00891577,0.00927375,0.00974223,0.01032222,0.01099623,0.01172372,0.01246478,0.01319331,0.01390822,0.01464747,0.01546574,0.01642872,0.01759391,0.0189909,0.02062992,0.02248594,0.02452382,0.02671983,0.02906586,0.03159875,0.03437591,0.03747624,0.04098227,0.04494478,0.04937402,0.05423335,0.05949557,0.06515344,0.07121806,0.07778267,0.08498733,0.09300461,0.10196238,0.11192643,0.12292502,0.13485649,0.14761379,0.16111715,0.17533896,0.19033605,0.20623468,0.22319082,0.24128609,0.26062083,0.2813123,0.30351812,0.32744252,0.35311508,0.38044077,0.40884853,0.43761578,0.46608672,0.49360028,0.52010988
KHM,1993,0.09268727,0.00959727,0.00887358,0.00817915,0.00747159,0.00672849,0.00595129,0.00516562,0.00443287,0.00380181,0.00331361,0.00298398,0.00280555,0.00277255,0.00286601,0.00306924,0.00335448,0.00368308,0.00402591,0.00435047,0.00463404,0.00486174,0.00502861,0.00514545,0.00522896,0.00529552,0.00535981,0.00543335,0.00551991,0.00561859,0.00572589,0.00583451,0.00594119,0.00604578,0.00615471,0.00628089,0.00643619,0.00663097,0.00686663,0.00713616,0.00742366,0.00770304,0.00795552,0.00817441,0.00837299,0.00858796,0.00885654,0.00921248,0.00967984,0.01025966,0.0109335,0.01165884,0.01239511,0.01311611,0.01382079,0.0145484,0.01535493,0.0163072,0.0174632,0.0188524,0.0204831,0.02233075,0.02435999,0.02654525,0.02887934,0.03139823,0.03414309,0.03720637,0.04068955,0.04461965,0.04902054,0.05386273,0.0590962,0.06472113,0.0707641,0.07730602,0.08448324,0.09245131,0.10137415,0.11130701,0.1222472,0.13414621,0.14686668,0.16033936,0.17453776,0.18951363,0.20539422,0.22232325,0.24042943,0.25980517,0.28049178,0.30267835,0.32657285,0.35219903,0.37951073,0.4079644,0.43676911,0.46526736,0.49283178,0.51939306
KHM,1994,0.09416238,0.01025898,0.00920816,0.0083442,0.00752532,0.00670616,0.0058862,0.00508531,0.00435487,0.00373562,0.0032614,0.002944,0.00277516,0.00274766,0.00284208,0.00304222,0.00332233,0.00364666,0.00398215,0.00429652,0.00457061,0.00479114,0.004956,0.00507278,0.00515693,0.00522476,0.0052893,0.00536298,0.0054497,0.00554848,0.00565644,0.00576669,0.00587586,0.00598345,0.00609472,0.0062224,0.00637867,0.00657486,0.00681225,0.0070826,0.0073694,0.00764776,0.00789973,0.00811793,0.00831604,0.00852759,0.00879345,0.00915154,0.00961996,0.01020204,0.01087943,0.01160834,0.01234604,0.01306556,0.01376519,0.01448487,0.01528262,0.01622744,0.01737918,0.01876741,0.02040011,0.02225012,0.02428178,0.02646918,0.02880293,0.03131985,0.03406857,0.03711922,0.04057748,0.04449809,0.04888199,0.0537134,0.05894993,0.06457123,0.07061,0.07715754,0.08433411,0.09228855,0.10117247,0.11108428,0.12201012,0.13386989,0.14657832,0.16003508,0.17422416,0.18920027,0.20508859,0.22203716,0.24016169,0.25960488,0.28038938,0.30260966,0.32650655,0.35211185,0.37938462,0.40783828,0.43671615,0.46530629,0.49297315,0.5196589
KHM,1995,0.09449679,0.01034618,0.00927902,0.00831489,0.00740422,0.00652466,0.00567657,0.00487665,0.00416631,0.00357548,0.00312899,0.00283368,0.00267982,0.00266059,0.00275813,0.00295671,0.00323118,0.00354852,0.00387949,0.00418816,0.00445584,0.00467145,0.00483202,0.00494693,0.00502985,0.00509727,0.00516215,0.00523525,0.00532081,0.00541769,0.00552305,0.00563089,0.00573851,0.00584488,0.00595476,0.00608019,0.00623352,0.00642654,0.00666122,0.00692909,0.00721261,0.0074864,0.00773372,0.00794782,0.00814096,0.0083464,0.00860249,0.00895219,0.00941773,0.00999593,0.01067028,0.01139645,0.01213009,0.01284209,0.01353043,0.01423517,0.01501484,0.01594008,0.01707266,0.01844372,0.02006112,0.02189721,0.02391362,0.02608361,0.02839681,0.03088784,0.03361902,0.03665666,0.04007114,0.04393463,0.04827561,0.05305637,0.05824851,0.06383692,0.06982994,0.07632609,0.08346186,0.0913769,0.10021876,0.11006798,0.12094882,0.13277198,0.14542311,0.15885354,0.17301674,0.18797709,0.20386165,0.22081463,0.23895512,0.25840935,0.2792562,0.30156769,0.32548622,0.35108995,0.37835303,0.40679909,0.43572489,0.46444316,0.49226256,0.51910115
KHM,1996,0.09491569,0.01051576,0.00936006,0.00833645,0.00738457,0.00647925,0.00561965,0.0048196,0.00411593,0.00353469,0.00309723,0.00280882,0.00265935,0.00264206,0.00273955,0.00293635,0.00320781,0.00352137,0.00385076,0.00416336,0.00443297,0.00464882,0.00480994,0.0049246,0.00500819,0.00507497,0.00513883,0.00521115,0.00529496,0.0053901,0.00549386,0.00559998,0.00570639,0.00581217,0.00592164,0.00604668,0.00619895,0.00639045,0.00662364,0.00689093,0.00717451,0.00744764,0.00769299,0.00790509,0.00809698,0.00830061,0.00855394,0.00889735,0.00935846,0.00993783,0.01061162,0.01133766,0.0120714,0.01278271,0.01346808,0.01416777,0.01494041,0.015857,0.01698052,0.01834352,0.01995525,0.02178697,0.02379933,0.02596352,0.02826945,0.03075205,0.03347298,0.03651182,0.03993316,0.04377445,0.04808408,0.05285216,0.05802497,0.06360123,0.0695946,0.07607617,0.083189,0.09108823,0.0999104,0.10973652,0.12057696,0.13238089,0.14501974,0.15841301,0.17256753,0.18751511,0.20339523,0.22035503,0.23850733,0.25797755,0.27882053,0.30116666,0.32512601,0.35068389,0.37787764,0.40625246,0.43511314,0.4638129,0.49168146,0.51858961
KHM,1997,0.09440351,0.01052042,0.00929141,0.00819528,0.00719113,0.00625821,0.00539386,0.00460756,0.00392855,0.00337576,0.0029642,0.0026958,0.00255971,0.00254881,0.00264673,0.00283912,0.00310266,0.00340592,0.00372176,0.00402057,0.00428146,0.00448692,0.00463898,0.00474862,0.00482891,0.00489508,0.00495852,0.0050307,0.00511535,0.00521124,0.00531559,0.00542148,0.00552589,0.00562887,0.00573591,0.00585891,0.00600956,0.00619926,0.00643054,0.00669604,0.00697864,0.00725123,0.00749479,0.0077027,0.00788929,0.00808797,0.00833575,0.00867288,0.00912406,0.00969526,0.01036687,0.01108853,0.011817,0.01252124,0.01319655,0.01388214,0.01463758,0.01553466,0.01663702,0.01797861,0.01957028,0.02138481,0.02338151,0.02552934,0.0278148,0.03027219,0.03296231,0.03596469,0.03935919,0.04317942,0.04743776,0.05214268,0.05727192,0.06279789,0.06874824,0.07520316,0.0822785,0.09013657,0.09892837,0.10872032,0.11952408,0.13127611,0.14389099,0.1572783,0.17141062,0.18637449,0.20227533,0.21927164,0.23748083,0.25702291,0.27795581,0.30038801,0.3244969,0.3502347,0.37754835,0.40604573,0.43504784,0.46390373,0.49196817,0.51911904
KHM,1998,0.0929356,0.01022422,0.00905429,0.00800354,0.00703583,0.00613237,0.00529158,0.00452389,0.00385927,0.00331724,0.00291348,0.00265037,0.00251743,0.00250771,0.00260514,0.00279584,0.00305685,0.00335688,0.00366785,0.00395908,0.00421366,0.00441847,0.00456715,0.00467289,0.00475118,0.00481628,0.00488034,0.00495273,0.00503778,0.00513454,0.00523907,0.00534484,0.00544863,0.00555028,0.0056561,0.0057784,0.00592878,0.00611863,0.00634991,0.00661522,0.00689761,0.00717055,0.0074146,0.0076217,0.00780543,0.00800075,0.00824591,0.00857987,0.00902695,0.00959012,0.01025545,0.01097655,0.0117021,0.01240303,0.01307441,0.01375494,0.01450306,0.01539122,0.01648322,0.01781297,0.01939245,0.02119552,0.02318306,0.02532258,0.02759905,0.03004454,0.0327204,0.03570547,0.03907919,0.04289052,0.04714695,0.0518208,0.0569087,0.06241239,0.06833311,0.07476549,0.081832,0.08966668,0.09842677,0.10819548,0.11897328,0.13069708,0.14326844,0.15663678,0.17076275,0.18569868,0.20160771,0.21861297,0.23684332,0.25641928,0.27738582,0.29984875,0.32396009,0.34974116,0.37710611,0.40558975,0.43458046,0.46343934,0.49151438,0.51870407
KHM,1999,0.08982225,0.00964671,0.00856529,0.00758916,0.00668453,0.0058356,0.00504206,0.00431514,0.00368464,0.00316996,0.00278682,0.00253809,0.00241405,0.0024081,0.00250505,0.00269211,0.00294747,0.00324063,0.00354271,0.00382269,0.00406417,0.00425916,0.00440549,0.00450627,0.00457873,0.0046402,0.0047017,0.00477283,0.00485638,0.00495185,0.00505511,0.00515843,0.00525883,0.0053564,0.00545768,0.00557562,0.00572229,0.00590912,0.00613808,0.00640122,0.00668153,0.00695248,0.00719494,0.00740019,0.00758017,0.00776916,0.00800716,0.00833474,0.00877507,0.00933052,0.0099833,0.01069247,0.01141068,0.01209975,0.01275702,0.01342192,0.01415274,0.01502141,0.01609267,0.01740046,0.01895994,0.0207419,0.02270332,0.02481703,0.02706568,0.02947911,0.03211628,0.0350568,0.03837926,0.04213311,0.046343,0.05097759,0.05599607,0.06141909,0.06727953,0.07364358,0.08064776,0.08843234,0.0971217,0.1068056,0.11750534,0.1291485,0.14163974,0.15491638,0.16898095,0.18387439,0.19972062,0.21670735,0.23492228,0.25449753,0.27547749,0.2979533,0.32207637,0.34784872,0.37525829,0.40381135,0.43283343,0.4617441,0.48989629,0.51717712
KHM,2000,0.08483572,0.00880994,0.00780725,0.00696029,0.00617951,0.00543256,0.00471989,0.00405421,0.00346829,0.00298529,0.00262402,0.00238971,0.00227453,0.00227294,0.00237061,0.00255573,0.0028072,0.00309495,0.00339008,0.00366092,0.00389107,0.0040732,0.00421081,0.00430987,0.00437772,0.00443446,0.00449316,0.00456177,0.00464314,0.00473505,0.00483386,0.00493241,0.00502704,0.00511855,0.0052137,0.00532522,0.00546572,0.00564693,0.00587093,0.00612998,0.00640658,0.00667421,0.00691376,0.00711693,0.00729491,0.00748011,0.00771165,0.00803172,0.00846496,0.00901246,0.00965598,0.01035016,0.01105267,0.01172902,0.01236741,0.01300992,0.01371614,0.01455826,0.01560036,0.01687742,0.01840204,0.02015118,0.02208188,0.02415821,0.02636791,0.02873812,0.03132415,0.03420407,0.03745851,0.04113601,0.04526273,0.04982672,0.05478455,0.06011781,0.06587914,0.072164,0.07907266,0.08675569,0.09534361,0.10489737,0.11545038,0.12695599,0.13931276,0.15246175,0.16639129,0.18118193,0.19694233,0.21381064,0.23194871,0.25144133,0.27235107,0.29477511,0.3188565,0.34460483,0.37199299,0.40059207,0.42968979,0.45863324,0.48681284,0.51411163
KHM,2001,0.07744458,0.00740917,0.00672824,0.00609717,0.00548576,0.00487939,0.0042776,0.00369628,0.00317263,0.00273431,0.00240411,0.00219019,0.00208692,0.00209065,0.00218894,0.00237127,0.00261761,0.00289843,0.00318498,0.00344553,0.00366347,0.00383236,0.00395672,0.00404833,0.00411586,0.00416906,0.0042234,0.00428824,0.00436516,0.00445232,0.00454486,0.00463637,0.00472382,0.00480726,0.00489409,0.00499717,0.00512901,0.00530197,0.00551862,0.00577145,0.00604313,0.00630643,0.00654185,0.00674078,0.00691466,0.00709521,0.00731985,0.00763013,0.00805273,0.00859027,0.0092229,0.00990371,0.01058493,0.0112368,0.01185146,0.01246279,0.01313388,0.01393905,0.0149429,0.0161797,0.01766289,0.0193658,0.02125123,0.02328188,0.02543542,0.02774437,0.03026147,0.03306225,0.03622668,0.03980685,0.04382927,0.04828421,0.05314897,0.05840005,0.06404569,0.07020117,0.07700089,0.08456252,0.09302984,0.10247002,0.11288664,0.12424727,0.13647675,0.14950797,0.16333126,0.17801128,0.19370065,0.21053077,0.22861165,0.24811856,0.269059,0.29154526,0.31571793,0.34157506,0.36909881,0.39785791,0.42721538,0.45649736,0.48503507,0.51273089
KHM,2002,0.06997983,0.00618027,0.00573475,0.00530402,0.00486015,0.00439122,0.00389808,0.0033963,0.00292755,0.00252545,0.00221909,0.00201988,0.0019251,0.00193271,0.00203149,0.00221264,0.00245615,0.00273295,0.0030138,0.00326625,0.00347459,0.00363208,0.00374495,0.003826,0.00388908,0.00394357,0.00399524,0.00405602,0.0041286,0.00421099,0.00429813,0.00438318,0.00446407,0.00454078,0.00462071,0.00471632,0.00484055,0.00500622,0.00521549,0.00546277,0.00572961,0.00598888,0.00622141,0.00641615,0.0065866,0.00676338,0.00698298,0.00728749,0.00770008,0.00822859,0.00885232,0.0095208,0.01018811,0.01081461,0.01140295,0.0119897,0.01262795,0.0134011,0.01437058,0.01557511,0.01702501,0.01869068,0.02053568,0.0225236,0.02463404,0.02688876,0.02934315,0.03207617,0.03516222,0.03865566,0.04258881,0.04694804,0.05171741,0.05689115,0.06247028,0.06852308,0.07519974,0.08265768,0.09100177,0.10031505,0.11061791,0.1218383,0.13392186,0.14683149,0.1605369,0.17512359,0.19071098,0.20747532,0.2255344,0.24496008,0.26589529,0.28835247,0.31246704,0.33829255,0.36577759,0.39456108,0.42400189,0.45344798,0.48220665,0.51005117
KHM,2003,0.06336199,0.00519689,0.00489823,0.00459491,0.00426583,0.00389667,0.00348848,0.00305838,0.00264582,0.00228592,0.00200979,0.00183083,0.00174818,0.0017612,0.00186031,0.00203812,0.00227592,0.00254532,0.00281719,0.003059,0.00325573,0.00340172,0.00350359,0.00357501,0.00362979,0.00368128,0.0037346,0.00379224,0.0038594,0.00393586,0.00401612,0.00409442,0.00416774,0.00423682,0.00430952,0.00439719,0.00451324,0.00467059,0.00487137,0.00511084,0.00537119,0.00562538,0.00585402,0.00604488,0.0062109,0.00638258,0.00659712,0.00689604,0.0073006,0.00781795,0.00842927,0.00908475,0.00973539,0.0103394,0.01089467,0.01144521,0.01205023,0.01278522,0.01371539,0.0148811,0.01629246,0.01791759,0.01971903,0.02165458,0.02370961,0.02590457,0.02828431,0.03093562,0.03393201,0.03732668,0.04115315,0.04540355,0.05006252,0.05512513,0.06061371,0.06658742,0.07313859,0.08044594,0.08865539,0.09781246,0.10796079,0.11904357,0.13097533,0.14373463,0.1573167,0.17179165,0.18727597,0.20391966,0.22190177,0.24128917,0.26214717,0.28461956,0.30875984,0.33464437,0.36222234,0.3911201,0.42069996,0.45029361,0.47925728,0.50734796
KHM,2004,0.05781032,0.00442223,0.00423934,0.00404285,0.00381085,0.00352777,0.00318973,0.00281361,0.00244177,0.00211048,0.00185383,0.0016875,0.0016123,0.00162881,0.00172852,0.00190499,0.00214005,0.00240514,0.00267045,0.00290283,0.00308795,0.00322215,0.00331383,0.00337746,0.00342672,0.0034743,0.00352791,0.0035891,0.00365505,0.00372735,0.00380244,0.00387461,0.00394224,0.00400538,0.00407248,0.00415521,0.00426575,0.00441721,0.00461179,0.00484462,0.00509864,0.00534743,0.00557177,0.0057595,0.00592273,0.00609157,0.00630322,0.0066,0.00700268,0.00751635,0.00812082,0.00876742,0.0094077,0.00999706,0.01053252,0.01105447,0.01162953,0.01233974,0.01324233,0.01438091,0.01576691,0.01736747,0.01914234,0.02104762,0.02306283,0.02521492,0.02754856,0.03014131,0.03307502,0.03640296,0.04015791,0.04433313,0.04891803,0.05390689,0.05932171,0.06524281,0.07175628,0.07898272,0.08708849,0.09616333,0.10621506,0.11720868,0.1290711,0.14174765,0.15524539,0.16966034,0.18510141,0.20172234,0.21967784,0.23910657,0.26006529,0.28259733,0.30688328,0.33290321,0.36062724,0.38969058,0.41945737,0.44927191,0.47848008,0.50687766
KHM,2005,0.05319466,0.00377714,0.00370355,0.00361336,0.00347939,0.00328105,0.00301011,0.0026796,0.00233525,0.00201933,0.00177035,0.00160756,0.00153361,0.00155016,0.00164929,0.00182518,0.00205985,0.00232425,0.00258778,0.00281619,0.00299537,0.00312266,0.00320808,0.00326719,0.00331316,0.00335833,0.00340968,0.00347114,0.00353945,0.00360963,0.00368051,0.00374838,0.00381163,0.00387147,0.00393526,0.00401504,0.00412306,0.0042713,0.00446234,0.00469148,0.00494164,0.00518703,0.00540881,0.00559485,0.00575718,0.00592502,0.00613521,0.00643009,0.00683123,0.00734309,0.00794328,0.00858176,0.00921172,0.00978966,0.01031088,0.01081576,0.01136771,0.01205568,0.01294203,0.01406171,0.01542883,0.01701116,0.01876719,0.02065012,0.02263866,0.02475545,0.02705267,0.02960825,0.03249545,0.03577602,0.03948225,0.04360597,0.04813653,0.05307145,0.05843065,0.06429302,0.07076495,0.07795864,0.08598488,0.09495979,0.10493427,0.11583625,0.1276125,0.14021728,0.15362577,0.1679477,0.18331859,0.19988252,0.21779433,0.23715788,0.25810492,0.2806553,0.30488039,0.33090199,0.35859467,0.38762284,0.41735601,0.44713298,0.47630753,0.5046675
KHM,2006,0.04934984,0.00331583,0.00329351,0.00325167,0.00316554,0.00301392,0.00278646,0.00249443,0.00218066,0.00188805,0.00165654,0.00150527,0.00143795,0.00145706,0.00155575,0.00172918,0.00196024,0.00222038,0.00247904,0.00270191,0.00287493,0.00299605,0.00307594,0.00313097,0.00317414,0.00321678,0.00326531,0.00332315,0.00338983,0.00346032,0.00352745,0.00358989,0.00364791,0.00370261,0.00376227,0.00383769,0.00394148,0.00408582,0.00427239,0.00449713,0.0047432,0.00498472,0.00520318,0.00538657,0.00554675,0.00571283,0.00592078,0.00621273,0.00661049,0.00711958,0.00771676,0.00834905,0.00896779,0.00953092,0.01003516,0.01051968,0.01104829,0.01170692,0.01256501,0.01366314,0.01500614,0.01656437,0.01829651,0.02015359,0.02211086,0.02419008,0.02643925,0.02894464,0.03178025,0.03499941,0.03864376,0.04270505,0.04717114,0.05203908,0.05733174,0.06312504,0.06952379,0.07666228,0.08464221,0.09352058,0.10337759,0.11418725,0.12585725,0.13836318,0.15169123,0.16591956,0.18119815,0.19770242,0.21557602,0.23491827,0.25581757,0.27838166,0.30265054,0.32863542,0.35635781,0.38538162,0.41509649,0.44484604,0.47398951,0.50235556
KHM,2007,0.04601732,0.00296923,0.00297423,0.00296252,0.00290845,0.00279033,0.0025962,0.00233526,0.0020484,0.00177634,0.00155966,0.00141886,0.00135763,0.00137909,0.00147722,0.00164803,0.00187531,0.00213103,0.00238485,0.00260248,0.00277006,0.00288588,0.00296114,0.00301261,0.0030535,0.00309469,0.00314143,0.00319661,0.00325959,0.0033282,0.00339562,0.00345443,0.00350731,0.00355729,0.00361237,0.00368423,0.0037841,0.00392453,0.00410752,0.00432819,0.00457038,0.00480841,0.00502349,0.00520389,0.00536164,0.00552573,0.00573208,0.00602193,0.00641689,0.00692279,0.00751735,0.00814619,0.00875727,0.00930675,0.00979373,0.01025954,0.01076692,0.01140223,0.01223125,0.01330176,0.01462461,0.01615972,0.01786823,0.0197011,0.02163123,0.02367696,0.02588572,0.02833987,0.0311224,0.03428799,0.03786967,0.04186918,0.04627425,0.05107995,0.05630807,0.06203661,0.06836662,0.07543015,0.08335294,0.092183,0.10193845,0.11262579,0.12420155,0.1366015,0.14983438,0.16399216,0.17918996,0.19561502,0.21344646,0.23276557,0.25365334,0.27616825,0.30045419,0.32648662,0.35417621,0.38322828,0.41293065,0.44265235,0.47176688,0.5001329
KHM,2008,0.04276479,0.00260667,0.00264094,0.00265727,0.00263274,0.00254592,0.002384,0.0021542,0.00189508,0.00164643,0.00144695,0.00131763,0.00126352,0.00128767,0.00138516,0.00155286,0.00177561,0.00202624,0.00227453,0.00248618,0.00264755,0.00275752,0.00282769,0.00287522,0.00291314,0.00295222,0.00299711,0.00304963,0.00310886,0.00317256,0.0032371,0.00329547,0.003344,0.0033882,0.00343798,0.00350461,0.00360018,0.00373585,0.00391416,0.00413069,0.00436852,0.0046026,0.00481412,0.00499091,0.00514518,0.00530613,0.00550965,0.00579701,0.00618904,0.00669144,0.00728205,0.007907,0.00851234,0.00905049,0.00951942,0.00996369,0.01044854,0.01105931,0.01186182,0.01289969,0.01419138,0.01570321,0.01738473,0.019189,0.02108848,0.02309917,0.02526544,0.02766982,0.0303916,0.03349508,0.03701503,0.04094477,0.04528285,0.0500238,0.05518654,0.06084636,0.06710565,0.07409149,0.081927,0.09068663,0.10037978,0.11095214,0.12239915,0.13470833,0.14784625,0.1619243,0.17706871,0.19342029,0.21116462,0.23042552,0.25126519,0.27374201,0.29796108,0.32401568,0.35177041,0.38080977,0.41053687,0.44022583,0.46928191,0.49761844
KHM,2009,0.03972798,0.00237737,0.00237685,0.00236319,0.00231768,0.00222366,0.00207198,0.00186969,0.00164821,0.00143929,0.00127429,0.00116966,0.00113059,0.00116128,0.00125773,0.0014181,0.0016293,0.0018668,0.00210253,0.0023039,0.00245749,0.00256188,0.00262801,0.00267203,0.00270641,0.00274141,0.00278181,0.00282945,0.00288293,0.00294023,0.00299787,0.00305205,0.0030989,0.00313693,0.00317881,0.00323767,0.00332515,0.00345331,0.00362361,0.00383255,0.00406405,0.00429239,0.00449909,0.00467154,0.00482098,0.00497645,0.0051739,0.00545449,0.0058393,0.00633348,0.00691491,0.00752955,0.00812344,0.00864634,0.00909251,0.00950586,0.00995519,0.01052848,0.01129016,0.01228404,0.01352446,0.01498647,0.01662658,0.01838409,0.02023274,0.02218641,0.02428521,0.02660742,0.02923272,0.03222414,0.0356311,0.03945562,0.04369209,0.04834676,0.0534314,0.05899918,0.06512935,0.07193345,0.07952748,0.08801643,0.09749129,0.10796976,0.11944327,0.13192081,0.1453418,0.15955573,0.17446798,0.19004969,0.20636571,0.22380505,0.24288234,0.26418061,0.28824747,0.31514799,0.34463963,0.37572389,0.40713028,0.43792572,0.46727259,0.49534837
KHM,2010,0.03685308,0.00204033,0.00210662,0.00216165,0.00218269,0.00214761,0.00204056,0.00186447,0.00165306,0.00144333,0.00127305,0.00116299,0.00111907,0.00114667,0.00124276,0.00140493,0.00161956,0.00186077,0.00209925,0.00230118,0.00245306,0.00255447,0.00261765,0.00266001,0.00269422,0.00273036,0.00277251,0.00282202,0.00287693,0.00293409,0.00298996,0.00304136,0.00308858,0.0031301,0.00317123,0.00322828,0.00331474,0.00344221,0.00361301,0.00382215,0.00405398,0.0042831,0.00449002,0.00466267,0.00481249,0.00496829,0.00516656,0.00544907,0.00583714,0.00633603,0.00692228,0.00754113,0.0081384,0.00866469,0.00911313,0.00952521,0.00996956,0.01053764,0.01129609,0.0122869,0.01352385,0.01497642,0.01661001,0.01837145,0.02022057,0.0221751,0.02427597,0.02660032,0.02922574,0.03221572,0.03561554,0.03943756,0.04367729,0.04832956,0.0534172,0.05899213,0.06513009,0.07194089,0.07954431,0.08804194,0.09752377,0.10803521,0.1195575,0.13203166,0.14542871,0.15965826,0.17457502,0.19018468,0.20657462,0.22406956,0.24319906,0.26458032,0.28872359,0.31567608,0.34515738,0.37624598,0.40766349,0.43839974,0.46776311,0.49585431
KHM,2011,0.03437742,0.00194961,0.00193451,0.00195823,0.0019651,0.00192723,0.00183003,0.00167459,0.00148909,0.00130586,0.00115805,0.00106425,0.00103059,0.00106168,0.00115574,0.00131254,0.00151902,0.00175103,0.00198058,0.00217537,0.0023222,0.00242005,0.00248053,0.00252046,0.00255217,0.00258534,0.00262402,0.00266968,0.00272085,0.0027745,0.00282622,0.00287257,0.00291423,0.0029538,0.00299534,0.00304704,0.00312635,0.0032469,0.00341093,0.00361493,0.00384217,0.00406803,0.00427312,0.00444382,0.00459145,0.00474438,0.00493841,0.00521572,0.00559841,0.00609237,0.00667452,0.00728844,0.00787856,0.00839436,0.00882937,0.0092239,0.0096443,0.01018234,0.01090844,0.01186719,0.01307081,0.01448816,0.01607843,0.01779816,0.01961365,0.02152571,0.02357862,0.02584989,0.02841596,0.03133878,0.03466529,0.03840503,0.04256614,0.04714614,0.05215522,0.05765547,0.06371846,0.07044727,0.0779598,0.08636369,0.09574618,0.10615402,0.11760091,0.13002063,0.14331023,0.15741643,0.17226692,0.18780948,0.20417158,0.22170058,0.24085526,0.26227347,0.28650865,0.31357657,0.34318505,0.37437348,0.4059441,0.4368712,0.46637565,0.49470858
KHM,2012,0.03189887,0.00164281,0.00170803,0.001767,0.00179958,0.00178561,0.00170997,0.00157335,0.00140333,0.00123185,0.0010925,0.00100425,0.0009736,0.00100607,0.00109956,0.00125439,0.00145953,0.0016896,0.00191575,0.00210477,0.0022444,0.00233534,0.00239031,0.00242709,0.00245773,0.0024914,0.00253128,0.00257796,0.00262942,0.00268262,0.00273324,0.00277713,0.00281482,0.00284968,0.00289058,0.0029448,0.00302144,0.00313752,0.00329704,0.00349619,0.0037196,0.0039415,0.00414316,0.00431143,0.00445643,0.00460677,0.00479818,0.00507237,0.00545212,0.00594431,0.0065264,0.00714195,0.00773331,0.00824859,0.00868103,0.00907237,0.00948821,0.01001773,0.01073065,0.01167475,0.01286484,0.01426788,0.01584209,0.01753678,0.01932883,0.02122725,0.02325996,0.02550855,0.02805018,0.03094576,0.03424026,0.03794433,0.0420617,0.04660121,0.05157554,0.05703395,0.06306142,0.06975985,0.07724088,0.08560775,0.09495188,0.10531739,0.11671845,0.12912487,0.1424314,0.15649758,0.17128122,0.18680986,0.20314764,0.22068272,0.23989928,0.26136217,0.28564455,0.31280628,0.3425172,0.37379473,0.4053941,0.43637103,0.46593582,0.49425891
KHM,2013,0.03011793,0.00158069,0.00159455,0.00164203,0.00167672,0.00167214,0.00161092,0.00149056,0.00133559,0.00117636,0.00104592,0.00096355,0.00093614,0.00096925,0.00106142,0.00121216,0.00141124,0.00163667,0.00185878,0.00204476,0.0021819,0.00227106,0.00232495,0.00236049,0.00238975,0.0024217,0.0024595,0.00250398,0.00255335,0.00260466,0.00265393,0.00269688,0.00273291,0.00276506,0.00280299,0.00285834,0.00293789,0.0030506,0.00320525,0.00340025,0.00362036,0.00384121,0.00404258,0.00421161,0.00435826,0.00450938,0.00470076,0.00497384,0.00535103,0.00584005,0.00641941,0.00703305,0.00762306,0.00813542,0.00856254,0.00894625,0.00935353,0.00987234,0.01056938,0.01149184,0.01265821,0.01403826,0.01558812,0.01725637,0.01901344,0.02088027,0.02289172,0.02511137,0.02762118,0.03048293,0.03374062,0.03740338,0.04147637,0.04596486,0.05089445,0.05631443,0.06229361,0.06894681,0.07638377,0.08470442,0.09399875,0.1043159,0.11566698,0.12802241,0.14131386,0.15539546,0.1701327,0.18559944,0.2019493,0.21949407,0.2387567,0.26031792,0.28466996,0.3119056,0.34175792,0.37323857,0.40512069,0.43642848,0.46644302,0.49524283
KHM,2014,0.02844348,0.00140422,0.00145757,0.00151398,0.00155094,0.0015492,0.00149382,0.0013833,0.00124095,0.00109506,0.00097609,0.00090197,0.00087961,0.0009149,0.00100721,0.00115712,0.00135326,0.00157346,0.0017914,0.00197228,0.00210361,0.00218668,0.00223551,0.00226803,0.00229575,0.00232754,0.00236586,0.00241076,0.00246008,0.00251069,0.00255858,0.0026,0.00263453,0.00266415,0.00269805,0.00274866,0.0028277,0.0029423,0.00309302,0.00328227,0.00349676,0.00371221,0.00390985,0.00407556,0.00421964,0.00436914,0.00455829,0.00482871,0.00520296,0.00568857,0.00626507,0.00687745,0.00746777,0.00798135,0.00840815,0.00878927,0.00919202,0.00970627,0.0103979,0.01131087,0.01246248,0.01382617,0.01536124,0.01701375,0.01875262,0.0205907,0.02257482,0.02477679,0.0272605,0.03009283,0.03331935,0.03694938,0.04098689,0.04543798,0.05032258,0.05570345,0.0616518,0.06826539,0.07566667,0.08395179,0.09320576,0.10347694,0.11478327,0.12709434,0.14034351,0.15442965,0.16921461,0.1846568,0.20094851,0.21849654,0.23774532,0.25932196,0.28374843,0.31104356,0.34096833,0.37258777,0.40463299,0.43609809,0.46621089,0.49512019
KHM,2015,0.02703986,0.00125384,0.00134056,0.00142426,0.00148819,0.00151213,0.00147774,0.00138076,0.00124422,0.00109835,0.0009769,0.00089984,0.0008749,0.00090859,0.00100031,0.00115081,0.00134928,0.00157088,0.0017882,0.00196995,0.00210082,0.00218231,0.00222884,0.00225964,0.00228689,0.00231891,0.00235814,0.00240413,0.00245431,0.00250538,0.00255338,0.00259459,0.00262906,0.00265885,0.00269203,0.00274077,0.00281789,0.00293506,0.00309047,0.00327905,0.00349175,0.00370592,0.00390251,0.0040685,0.00421281,0.00436295,0.00455356,0.00482497,0.00520019,0.00568687,0.0062641,0.00687757,0.00747016,0.00798726,0.00841862,0.00880353,0.00920899,0.00972542,0.01042047,0.01133703,0.01248866,0.01384729,0.01537589,0.01702351,0.01875664,0.0205873,0.02255575,0.02474688,0.02723291,0.03006296,0.03328788,0.03691797,0.04095596,0.04540506,0.05028539,0.05565379,0.06159562,0.06821095,0.07560592,0.08389153,0.09315025,0.10342551,0.11473354,0.1270489,0.14030163,0.15438961,0.16921832,0.18473555,0.20101257,0.21850726,0.23776407,0.25932868,0.28377189,0.31114218,0.34111994,0.37279513,0.40494427,0.43650627,0.46667725,0.49555944
KHM,2016,0.02586107,0.00119242,0.00126357,0.00133582,0.00139413,0.00141923,0.00139199,0.00130614,0.00118178,0.00104689,0.00093405,0.00086298,0.00084136,0.00087557,0.00096544,0.00111197,0.0013051,0.00152214,0.00173358,0.00190916,0.00203936,0.00212102,0.0021675,0.00219696,0.0022221,0.00225168,0.00228795,0.00233128,0.00237934,0.00242889,0.00247598,0.00251669,0.00255071,0.00258017,0.00261283,0.0026594,0.00273252,0.00284536,0.00300092,0.00319115,0.00339975,0.00360974,0.00380393,0.00396875,0.00411378,0.00426425,0.00445481,0.00472576,0.00509851,0.00558142,0.00615401,0.0067619,0.00734899,0.00786144,0.00828871,0.00866943,0.00906827,0.00957497,0.01025733,0.01115993,0.01229489,0.0136302,0.01512806,0.01674238,0.01844298,0.02023868,0.02216835,0.02430933,0.02674795,0.02954144,0.0327209,0.03630344,0.04029355,0.04469352,0.04952075,0.05483219,0.06070642,0.06725927,0.07459793,0.08281531,0.09201119,0.10222578,0.11347042,0.12571942,0.13891099,0.1529435,0.16772618,0.18325982,0.19959913,0.21706349,0.23625708,0.25782434,0.28223712,0.30960898,0.33967498,0.37148251,0.40388721,0.43589169,0.46661642,0.49603436
KHM,2017,0.0247466,0.00111812,0.00119111,0.00126261,0.00131826,0.00134045,0.00131258,0.00123014,0.00111293,0.00098719,0.00088277,0.00081796,0.00080031,0.00083634,0.00092634,0.00107192,0.00126345,0.00147836,0.00168844,0.00185898,0.0019807,0.00205842,0.00210175,0.00212909,0.00215268,0.0021817,0.00221836,0.00226187,0.00230995,0.00235909,0.00240526,0.00244476,0.00247742,0.00250544,0.00253691,0.00258242,0.00265301,0.00276128,0.00291157,0.00310121,0.00331168,0.00351818,0.0037078,0.00386858,0.00400974,0.00415784,0.00434587,0.00461461,0.00498618,0.00546755,0.00603903,0.00664632,0.00723238,0.00774372,0.0081704,0.00855111,0.00895072,0.00945741,0.01013893,0.01104056,0.01217701,0.01351507,0.01501178,0.01661878,0.01830995,0.0200972,0.02201602,0.02414207,0.02655288,0.02932023,0.0324862,0.03604936,0.04002135,0.04440711,0.0492236,0.05452405,0.06038603,0.06691579,0.07423587,0.08244108,0.09161182,0.10180615,0.11303503,0.12527047,0.13845119,0.15248405,0.16727497,0.18282178,0.19923517,0.21681782,0.23602529,0.25756463,0.28202673,0.3094359,0.33958628,0.37156039,0.40411101,0.43625675,0.46715882,0.496738
KHM,2018,0.02374703,0.00102466,0.00111432,0.00120567,0.00128347,0.00132775,0.00131813,0.0012468,0.001133,0.0010051,0.0008964,0.00082731,0.00080635,0.00084052,0.00092998,0.00107629,0.00126977,0.00148734,0.00170013,0.00187421,0.00199495,0.00206816,0.00211163,0.00213902,0.00216262,0.00219137,0.00222806,0.00227208,0.00232045,0.00236991,0.0024164,0.00245618,0.00248918,0.00251766,0.00254959,0.0025959,0.00266753,0.00277569,0.00292459,0.00311305,0.0033271,0.00353888,0.00372837,0.00388808,0.00402862,0.00417627,0.00436538,0.00463519,0.00500837,0.00549242,0.00606583,0.00667488,0.00726265,0.0077752,0.00820369,0.00858788,0.00899273,0.00950639,0.01019472,0.01110258,0.01224475,0.01358991,0.01509322,0.01670096,0.01838591,0.02016561,0.02207976,0.02420133,0.02660692,0.02936074,0.03251944,0.03609062,0.04006542,0.04445467,0.04927644,0.05458247,0.06044697,0.06697665,0.07428733,0.0824913,0.09167025,0.10186351,0.11309818,0.1253434,0.13853273,0.15257074,0.16736963,0.18292203,0.19933628,0.21697167,0.23626326,0.25777443,0.28216675,0.30958098,0.33971375,0.37170468,0.4043381,0.43653041,0.46746834,0.49711826
KHM,2019,0.02283523,0.00095787,0.00105189,0.00115102,0.00123843,0.00129313,0.00129324,0.00122939,0.00112022,0.00099432,0.00088612,0.00081691,0.00079552,0.00082916,0.0009182,0.00106436,0.00125786,0.00147564,0.00168847,0.00186197,0.0019836,0.00205335,0.00209081,0.00211828,0.00214222,0.00217131,0.0022078,0.00225158,0.00229994,0.00234901,0.00239515,0.00243468,0.0024675,0.0024959,0.00252782,0.002574,0.00264564,0.00275382,0.00290133,0.00308689,0.00329809,0.00351184,0.0037053,0.00386388,0.00400239,0.00414835,0.00433576,0.0046053,0.00497806,0.00546222,0.00603702,0.00664678,0.00723515,0.00774812,0.00817613,0.00856001,0.00896582,0.00948199,0.01017456,0.0110865,0.01223208,0.01358009,0.01508792,0.01669971,0.01838234,0.02015205,0.02205425,0.02416592,0.02656048,0.02930109,0.03243641,0.03598925,0.03996127,0.04434256,0.04915776,0.05445998,0.06032161,0.06684513,0.07414625,0.08232975,0.09149487,0.10168215,0.11289993,0.12513491,0.13831973,0.15235523,0.16715209,0.18271044,0.19913235,0.21677305,0.23612646,0.25773298,0.28210079,0.30944363,0.33958669,0.37157199,0.40425106,0.43657313,0.4676128,0.49735159
KHM,2020,0.02200061,0.00089045,0.00099455,0.00110581,0.00120738,0.00127697,0.00129013,0.00123483,0.001129,0.00100234,0.00089147,0.00081943,0.00079589,0.00082821,0.00091666,0.00106317,0.00125784,0.00147702,0.00169113,0.0018651,0.00198637,0.0020576,0.00209188,0.00211398,0.00213899,0.00216926,0.00220668,0.00225058,0.00229883,0.00234789,0.00239369,0.00243307,0.00246597,0.00249465,0.00252701,0.0025737,0.00264575,0.00275451,0.00290269,0.00308757,0.00329673,0.0035086,0.00370489,0.00386817,0.00400618,0.00415064,0.00433687,0.00460529,0.0049819,0.00547573,0.00606575,0.00669601,0.00730688,0.00786022,0.00835623,0.00882589,0.00932753,0.00994191,0.01074534,0.01179152,0.01308443,0.01458454,0.01624217,0.01802071,0.01989411,0.02185428,0.02392769,0.02617828,0.02870003,0.03156996,0.03481655,0.03843558,0.04242693,0.04665437,0.05109053,0.05594068,0.06142393,0.06778685,0.07515364,0.08352127,0.09294834,0.10346388,0.11504423,0.127872,0.14196106,0.15693802,0.17244317,0.18822754,0.20456231,0.22210324,0.24134191,0.26288395,0.28718701,0.31429216,0.34415405,0.37596016,0.40842253,0.44056683,0.47148849,0.50104791
KHM,2021,0.0212436,0.00085685,0.00094881,0.00104797,0.00114057,0.00120607,0.00122073,0.00117166,0.00107437,0.00095653,0.00085319,0.00078644,0.0007658,0.00079858,0.00088521,0.00102772,0.00121696,0.00143034,0.00163916,0.00180967,0.00192918,0.00199974,0.00203615,0.00205452,0.00207239,0.0021011,0.00213596,0.00217674,0.00222158,0.00226819,0.00231299,0.0023521,0.00238557,0.00241978,0.00246485,0.00252833,0.00261825,0.00274299,0.00290639,0.00310914,0.003339,0.00357644,0.00380675,0.00403067,0.004257,0.00449802,0.00478434,0.00514746,0.00560677,0.0061775,0.00684172,0.00755042,0.00825052,0.00888689,0.00945152,0.0099879,0.01056548,0.01127793,0.01221047,0.01341461,0.01489099,0.01659318,0.01846589,0.02050167,0.02268255,0.02495969,0.02732063,0.02980701,0.03253684,0.0356222,0.03908908,0.04293305,0.04714344,0.05172098,0.05669923,0.062152,0.06821245,0.07503006,0.08282477,0.09175335,0.101876,0.1132148,0.12577804,0.14047371,0.15742817,0.17544885,0.19332018,0.20993072,0.22603467,0.24335531,0.26235348,0.2836213,0.30770714,0.33460096,0.36403175,0.39538621,0.42760984,0.45957395,0.49046999,0.5201311
KHM,2022,0.02097343,0.00085812,0.00094952,0.00104761,0.00113823,0.00120104,0.00121276,0.00116187,0.00106434,0.00094743,0.00084539,0.00077974,0.00075977,0.00079283,0.00087954,0.00102188,0.00121063,0.0014237,0.00163241,0.00180285,0.00192266,0.00199362,0.00203055,0.00205232,0.00206819,0.00209193,0.00212848,0.00217069,0.00221646,0.00226316,0.00230808,0.00234814,0.00238263,0.00241706,0.00246065,0.00252147,0.00260835,0.00273021,0.00289068,0.00308997,0.00331555,0.00354581,0.00376556,0.00397383,0.00418448,0.00440956,0.00467106,0.00500961,0.00544765,0.00599835,0.00664559,0.0073351,0.00801418,0.00862823,0.00916549,0.00967007,0.01020989,0.01087891,0.01176002,0.01290486,0.01431762,0.01595311,0.01775629,0.01970606,0.02178043,0.02394851,0.02620564,0.02859613,0.03122934,0.03421773,0.03759943,0.04136794,0.04551656,0.05003526,0.05498,0.0604328,0.06647418,0.07325349,0.0809647,0.08974744,0.09966397,0.11074646,0.12299279,0.13709979,0.15314853,0.17018506,0.18732761,0.20374598,0.22002054,0.23752154,0.25673574,0.27824007,0.30257701,0.32985449,0.35973938,0.39130354,0.42370073,0.45596538,0.48709949,0.51705716
KHM,2023,0.01969276,0.00083941,0.0009232,0.00101237,0.00109218,0.00114381,0.00114659,0.00109236,0.00099745,0.00088721,0.00079231,0.00073183,0.00071423,0.00074626,0.00082863,0.00096339,0.00114151,0.00134239,0.00153949,0.00170097,0.00181496,0.00188338,0.00192003,0.00194269,0.00196264,0.0019854,0.00201788,0.00206144,0.002108,0.00215475,0.00219872,0.00223832,0.00227305,0.00230458,0.00234027,0.00238959,0.00246295,0.00257052,0.00271525,0.00289507,0.00309755,0.00330094,0.00348835,0.00364889,0.00379301,0.00394605,0.0041343,0.00439446,0.00475454,0.00522449,0.00578555,0.00638392,0.00696441,0.00747479,0.00790455,0.00829057,0.00869502,0.00920873,0.00989822,0.01080889,0.01195508,0.01329965,0.01480094,0.01640208,0.01806965,0.01981449,0.02167054,0.02371492,0.02602375,0.0286666,0.0316984,0.03512985,0.03896626,0.04321306,0.04789071,0.05306649,0.05880964,0.06520021,0.07235624,0.08037636,0.08934458,0.099312,0.11029254,0.12226357,0.13517619,0.14893069,0.16344116,0.17872018,0.19487492,0.21225193,0.23133074,0.25274796,0.2769952,0.30412421,0.33395701,0.36555891,0.39791267,0.43004544,0.46118524,0.49117245
KHM,2024,0.01902019,0.00081767,0.00089762,0.00098331,0.0010602,0.00111015,0.00111301,0.00106073,0.00096894,0.00086224,0.00077048,0.00071208,0.0006954,0.00072711,0.00080791,0.00093994,0.00111455,0.00131162,0.0015051,0.00166405,0.00177654,0.00184397,0.00188025,0.00190267,0.00192239,0.00194723,0.00197713,0.00201548,0.00206248,0.00210943,0.00215327,0.00219221,0.00222643,0.00225812,0.00229394,0.00234362,0.00241734,0.0025248,0.00266891,0.00284759,0.00304858,0.00325077,0.00343754,0.0035968,0.00373859,0.00388922,0.00407997,0.00434509,0.00470263,0.0051674,0.00572301,0.00631541,0.00689307,0.00740152,0.00783122,0.00821937,0.0086239,0.00913681,0.00982443,0.01073119,0.011873,0.01321379,0.01471338,0.01631537,0.01798285,0.01972512,0.02157485,0.0236126,0.02591191,0.02853579,0.03153854,0.03493779,0.03874424,0.04295926,0.0476013,0.05272535,0.05842111,0.06478424,0.07190182,0.07988122,0.08880798,0.09873215,0.10966196,0.12157536,0.13441435,0.14810352,0.16256428,0.17777414,0.19386321,0.21117297,0.23017611,0.25150642,0.27570395,0.30278586,0.33252108,0.36410015,0.39652419,0.42858098,0.45961244,0.48961995
KHM,2025,0.0183618,0.00079606,0.00087228,0.0009546,0.00102882,0.00107709,0.00107985,0.00102949,0.00094086,0.00083767,0.00074894,0.0006926,0.00067682,0.00070817,0.00078745,0.00091675,0.00108772,0.00128106,0.0014711,0.00162741,0.00173852,0.00180537,0.00184127,0.00186354,0.00188301,0.00190751,0.00193949,0.00197528,0.00201706,0.00206455,0.00210877,0.00214792,0.00218163,0.00221291,0.00224885,0.00229846,0.00237228,0.00247962,0.00262316,0.00280086,0.00300064,0.00320159,0.00338771,0.00354705,0.00368811,0.0038365,0.00402414,0.00429124,0.00465364,0.00511524,0.00566516,0.0062518,0.00682427,0.00733135,0.0077605,0.00814956,0.00855587,0.00906857,0.00975478,0.01065898,0.01179633,0.01313167,0.01462784,0.01622908,0.01789857,0.01964154,0.02148789,0.0235189,0.02581095,0.02842454,0.03140732,0.0347757,0.03854891,0.0427333,0.04734283,0.05243009,0.05807163,0.06438534,0.07147488,0.07941449,0.08829906,0.09818192,0.1090682,0.12093138,0.13371409,0.14733057,0.16173215,0.17689853,0.1929221,0.21016805,0.22910252,0.25035371,0.27445428,0.30148148,0.3311682,0.36265112,0.3951081,0.42725892,0.45823297,0.48815196
KHM,2026,0.01774052,0.00077531,0.00084802,0.0009271,0.00099882,0.00104569,0.00104827,0.00099951,0.00091386,0.00081408,0.00072824,0.00067381,0.00065888,0.00068983,0.00076756,0.00089425,0.00106162,0.00125108,0.00143778,0.00159167,0.00170123,0.00176759,0.00180345,0.00182547,0.00184474,0.00186881,0.00190037,0.00193818,0.00197738,0.00201954,0.00206438,0.00210419,0.00213819,0.00216894,0.00220432,0.00225374,0.00232707,0.00243389,0.00257668,0.00275327,0.00295177,0.0031515,0.00333666,0.0034958,0.00363722,0.00378479,0.0039693,0.00423201,0.00459536,0.00506132,0.00560713,0.00618688,0.00675348,0.00725586,0.00768433,0.00807309,0.00847927,0.00899279,0.00967729,0.01057827,0.01171115,0.01303926,0.01452829,0.01612489,0.01779268,0.01953662,0.02138111,0.02340643,0.02568888,0.0282921,0.03126126,0.03460532,0.03834327,0.04248954,0.0470633,0.05211194,0.05770961,0.06395988,0.07099069,0.0788935,0.08772816,0.0975593,0.10839332,0.12020219,0.13292391,0.14647326,0.1607924,0.17588937,0.19186008,0.20902643,0.22787926,0.24904033,0.27303177,0.29993011,0.32953567,0.36095134,0.39333968,0.42552693,0.4566032,0.48647033
KHM,2027,0.01715782,0.00075563,0.00082507,0.00090114,0.00097043,0.00101602,0.00101865,0.00097133,0.00088831,0.00079173,0.00070869,0.00065607,0.00064189,0.00067248,0.00074873,0.00087287,0.00103691,0.00122263,0.00140594,0.00155761,0.00166594,0.00173169,0.00176764,0.00178982,0.00180885,0.00183261,0.00186373,0.00190111,0.00194245,0.00198213,0.0020216,0.00206237,0.0020972,0.00212833,0.0021631,0.00221174,0.00228461,0.00239047,0.00253231,0.00270787,0.00290524,0.00310397,0.00328849,0.00344738,0.00358912,0.00373726,0.00392049,0.00417928,0.0045372,0.00500375,0.00555455,0.00613011,0.00669047,0.00718819,0.00761323,0.00800228,0.00840778,0.00892085,0.0096057,0.01050441,0.01163374,0.01295663,0.01443881,0.01602918,0.01769368,0.01943736,0.02128311,0.02330725,0.02558438,0.02817835,0.03113788,0.03446895,0.03818391,0.0422959,0.04683236,0.05184606,0.05740572,0.06361239,0.07057935,0.07842417,0.0872243,0.09700935,0.10779531,0.1195572,0.13223189,0.14572895,0.15999318,0.17501722,0.19093021,0.20805518,0.22683604,0.24792221,0.27182577,0.29861979,0.32810537,0.35946253,0.39185776,0.42402052,0.45518346,0.48519853
KHM,2028,0.01657511,0.00073547,0.00080171,0.00087481,0.00094172,0.00098593,0.00098867,0.00094304,0.00086259,0.00076908,0.00068886,0.00063813,0.00062471,0.00065487,0.0007296,0.00085111,0.00101162,0.0011936,0.00137332,0.00152238,0.0016295,0.00169485,0.00173075,0.00175322,0.0017724,0.00179582,0.00182664,0.00186356,0.00190452,0.00194655,0.00198362,0.00201904,0.00205501,0.00208708,0.00212219,0.00217,0.00224178,0.00234668,0.00248705,0.00266123,0.00285737,0.00305507,0.00323899,0.00339779,0.00353971,0.00368827,0.00387157,0.00412831,0.00448119,0.00494103,0.0054921,0.00607298,0.00662952,0.00712161,0.00754281,0.00792895,0.00833411,0.00884584,0.00952921,0.01042721,0.0115532,0.01287083,0.01434713,0.01593021,0.01758826,0.01932852,0.0211727,0.02319726,0.02547188,0.02805884,0.03100733,0.03432664,0.03802729,0.04211445,0.04661359,0.05158595,0.0571063,0.06326967,0.07018713,0.07796132,0.08669694,0.09644312,0.10717721,0.11888567,0.13150924,0.14495651,0.15916845,0.17413508,0.1899706,0.20703265,0.22576425,0.2467662,0.27057589,0.29726308,0.3266265,0.35785188,0.39023078,0.42241475,0.45356905,0.48368549
KHM,2029,0.01612262,0.0007201,0.00078353,0.00085402,0.00091884,0.00096182,0.00096448,0.00092021,0.00084199,0.00075088,0.0006728,0.00062365,0.00061094,0.00064081,0.00071431,0.00083375,0.00099151,0.0011705,0.00134761,0.00149471,0.00160081,0.00166619,0.00170247,0.00172523,0.00174483,0.00176846,0.00179895,0.00183558,0.00187616,0.00191794,0.00195762,0.00199054,0.00202071,0.00205369,0.00208935,0.00213697,0.00220714,0.00231002,0.00244854,0.00262043,0.00281454,0.00301042,0.0031928,0.00335047,0.00349149,0.00363896,0.00382081,0.0040754,0.00442348,0.00487495,0.00541569,0.005994,0.00655416,0.00704018,0.00745325,0.00783271,0.00823145,0.00873892,0.00941579,0.01030597,0.01142395,0.0127304,0.0141938,0.01576302,0.01740526,0.0191299,0.02096176,0.02297566,0.02524033,0.02781285,0.03074082,0.03403648,0.03771297,0.04177288,0.04623264,0.05115055,0.05661363,0.06272097,0.06957753,0.0772843,0.08593066,0.09559723,0.10627901,0.11792397,0.13048598,0.14387908,0.15804429,0.17296338,0.18874951,0.20574339,0.22442448,0.24538695,0.26911905,0.29572604,0.3250064,0.35614984,0.38851404,0.42079063,0.4520941,0.48234179
KHM,2030,0.01569833,0.00070729,0.00076835,0.00083672,0.00089997,0.00094221,0.00094504,0.00090202,0.00082589,0.00073704,0.00066079,0.0006129,0.00060093,0.00063084,0.0007037,0.00082192,0.00097799,0.0011552,0.00133079,0.0014771,0.00158293,0.00164837,0.00168536,0.00170879,0.0017288,0.00175291,0.00178342,0.0018197,0.00186002,0.00190146,0.00194092,0.00197631,0.00200363,0.00203027,0.00206649,0.00211421,0.00218349,0.00228416,0.00242013,0.00258974,0.00278128,0.00297493,0.00315549,0.0033116,0.00345122,0.00359716,0.00377691,0.00402877,0.00437326,0.00481827,0.00534891,0.00591574,0.00647333,0.00696371,0.00737062,0.00774115,0.00813217,0.00863097,0.00930065,0.01018071,0.01128699,0.01258275,0.01403191,0.01558538,0.01721088,0.01891626,0.02073002,0.02272724,0.02497594,0.02753236,0.0304389,0.03370945,0.03735569,0.0413847,0.04580965,0.05067795,0.05607749,0.06211404,0.06889985,0.07652986,0.08509196,0.09465618,0.10524237,0.11682118,0.12930583,0.14262495,0.15673012,0.17159751,0.18733047,0.20426674,0.22286766,0.24376394,0.26744212,0.293958,0.32315015,0.35421387,0.38659003,0.41891585,0.45039179,0.48087429
KHM,2031,0.01528818,0.00069514,0.00075379,0.00082004,0.00088166,0.00092311,0.00092608,0.0008843,0.00081009,0.00072349,0.00064916,0.00060245,0.00059107,0.00062099,0.00069328,0.00081028,0.0009646,0.00114001,0.00131404,0.00145939,0.00156505,0.00163044,0.00166779,0.00169201,0.00171268,0.00173712,0.00176774,0.00180402,0.00184402,0.00188527,0.00192446,0.00195941,0.00198937,0.00201306,0.00204272,0.0020909,0.00215989,0.00225935,0.00239274,0.00255944,0.00274846,0.00293938,0.00311781,0.00327232,0.00341052,0.00355497,0.00373283,0.00398179,0.00432251,0.00476279,0.00528587,0.00584205,0.00638793,0.00687667,0.00728925,0.00765395,0.00803603,0.00852572,0.00918459,0.01005501,0.01114852,0.01243125,0.01386834,0.01540655,0.01701552,0.01870317,0.02049778,0.02247485,0.02470421,0.02724162,0.03012891,0.03337786,0.03699673,0.04099339,0.04538543,0.05021582,0.05556444,0.06153006,0.06823674,0.07578794,0.08426533,0.09374331,0.10422015,0.11569661,0.12811252,0.14135237,0.15538789,0.17019746,0.18588051,0.20276174,0.22129892,0.24210334,0.26570018,0.2921507,0.3212418,0.35221688,0.38459932,0.41696915,0.44853281,0.47922556
KHM,2032,0.01488532,0.00068285,0.00073914,0.00080329,0.00086334,0.00090397,0.00090707,0.00086653,0.00079427,0.00070983,0.00063744,0.00059204,0.00058119,0.00061099,0.00068264,0.00079844,0.00095096,0.00112441,0.00129676,0.00144102,0.00154628,0.00161171,0.00164929,0.00167397,0.00169541,0.00172044,0.00175105,0.00178743,0.00182744,0.00186843,0.00190749,0.00194197,0.00197153,0.00199797,0.00202451,0.00206586,0.00213492,0.00223374,0.00236553,0.00252925,0.00271508,0.00290329,0.00307903,0.00323157,0.00336827,0.00351116,0.0036871,0.00393327,0.00426993,0.00470517,0.0052224,0.00577053,0.00630549,0.00678281,0.00719458,0.00756567,0.00794198,0.00842116,0.00906859,0.00992525,0.01100622,0.0122744,0.01369656,0.01522157,0.01681423,0.0184841,0.02026084,0.02221636,0.02442241,0.02693691,0.02980147,0.03303062,0.03662546,0.04059252,0.04494978,0.04974416,0.05505438,0.06096254,0.06758968,0.07505303,0.08344351,0.09283458,0.10321963,0.11457968,0.12688644,0.14005629,0.15401598,0.16875715,0.18438434,0.20121528,0.21969291,0.24042413,0.26391441,0.2902717,0.31929154,0.35016667,0.38254748,0.41495879,0.44660886,0.47743226
KHM,2033,0.0145057,0.00067121,0.00072528,0.00078747,0.00084602,0.00088592,0.00088913,0.00084976,0.00077937,0.000697,0.00062638,0.00058224,0.00057202,0.00060168,0.00067262,0.00078728,0.0009382,0.00110984,0.00128055,0.00142379,0.00152865,0.00159399,0.00163196,0.00165701,0.00167892,0.00170468,0.00173556,0.00177192,0.00181209,0.00185318,0.00189209,0.00192628,0.00195543,0.00198149,0.00201083,0.00204887,0.00211064,0.00220929,0.00234019,0.00250209,0.00268485,0.00286988,0.00304315,0.00319335,0.00332831,0.00346971,0.00364384,0.00388746,0.00422054,0.00465088,0.00516253,0.00570507,0.00623246,0.00669977,0.00710107,0.00747216,0.00785573,0.00832834,0.00896354,0.00980669,0.01087182,0.01212708,0.0135342,0.01504459,0.01662495,0.01827909,0.02003975,0.02197709,0.02416065,0.02665061,0.02949119,0.03269989,0.03627604,0.04022087,0.04455049,0.04931142,0.05459026,0.06046,0.06702792,0.07440965,0.08271146,0.09202199,0.10232447,0.11359878,0.12579405,0.13886152,0.15276942,0.16744968,0.18302442,0.19981461,0.21825503,0.23893652,0.26236207,0.2886246,0.31757112,0.34840822,0.38080547,0.4132812,0.44504507,0.4760265
KHM,2034,0.01413761,0.00065984,0.00071173,0.00077197,0.00082905,0.00086819,0.00087152,0.00083327,0.00076469,0.00068436,0.0006155,0.00057254,0.00056296,0.0005926,0.0006628,0.00077619,0.00092548,0.0010954,0.00126447,0.00140655,0.00151097,0.00157616,0.00161434,0.00163988,0.00166216,0.00168833,0.00171959,0.0017562,0.00179636,0.00183767,0.00187676,0.00191062,0.00193952,0.00196516,0.00199406,0.0020348,0.00209281,0.00218378,0.00231417,0.00247485,0.00265556,0.00283739,0.00300757,0.0031555,0.0032882,0.00342774,0.00360001,0.00384103,0.00417057,0.00459625,0.00510206,0.00563883,0.0061608,0.00662112,0.00701302,0.0073738,0.00775756,0.00823679,0.00886363,0.00969189,0.01074068,0.01197841,0.01337112,0.01486551,0.0164307,0.01807202,0.01981726,0.02173673,0.0238996,0.0263639,0.02917652,0.0323607,0.0359144,0.0398393,0.04414549,0.04887658,0.05412215,0.05995607,0.06647944,0.07379452,0.08200697,0.09122711,0.101445,0.11263355,0.12474053,0.13769119,0.1514971,0.16612906,0.18164476,0.1983824,0.21677931,0.23741634,0.26078088,0.28696874,0.31581232,0.34657774,0.37902219,0.41154603,0.44341236,0.47454564
KHM,2035,0.01375749,0.00064769,0.00069742,0.00075571,0.00081129,0.00084969,0.00085315,0.00081608,0.00074938,0.00067116,0.00060414,0.00056242,0.00055344,0.00058307,0.00065263,0.00076465,0.00091204,0.0010801,0.00124754,0.00138839,0.00149219,0.00155717,0.00159551,0.00162139,0.00164417,0.00167066,0.00170201,0.00173897,0.00177938,0.00182073,0.0018601,0.00189396,0.00192256,0.00194795,0.00197633,0.00201646,0.00207678,0.00216357,0.00228579,0.00244553,0.00262469,0.00280423,0.00297121,0.00311614,0.00324659,0.00338361,0.00355347,0.00379167,0.00411737,0.00453812,0.00503802,0.00556839,0.0060844,0.00653969,0.00692503,0.00727639,0.00764946,0.00812737,0.00875926,0.00957632,0.01060659,0.01182543,0.01319782,0.014676,0.0162236,0.01784807,0.01957998,0.02148126,0.0236226,0.02606184,0.02884383,0.03199764,0.03552275,0.03942171,0.04370493,0.04840873,0.05362285,0.0594168,0.06589612,0.0731574,0.08129319,0.09041918,0.10053912,0.11163669,0.12365207,0.13650884,0.15019333,0.16471706,0.18018374,0.19685768,0.21519418,0.23577561,0.25907995,0.28519235,0.3139498,0.3446076,0.37705985,0.40966145,0.44161129,0.47288292
KHM,2036,0.01340788,0.0006365,0.00068416,0.00074058,0.00079471,0.00083237,0.00083592,0.00079994,0.00073498,0.00065871,0.00059341,0.00055286,0.00054445,0.00057401,0.00064298,0.00075384,0.00089937,0.0010654,0.0012312,0.00137097,0.00147413,0.00153874,0.0015772,0.00160334,0.00162646,0.00165337,0.0016847,0.00172171,0.00176249,0.00180412,0.0018436,0.00187759,0.00190625,0.00193135,0.00195943,0.0019989,0.00205821,0.00214705,0.00226475,0.00241598,0.00259406,0.00277201,0.00293691,0.00307894,0.00320656,0.00334126,0.00350822,0.00374323,0.00406518,0.00448113,0.00497538,0.0054999,0.00600992,0.00646021,0.00684153,0.00718688,0.00755073,0.00801657,0.0086455,0.00946651,0.0104835,0.01168233,0.01303435,0.01449149,0.01602301,0.01762983,0.01934592,0.02123303,0.02335448,0.02577001,0.02852455,0.03164782,0.03514096,0.03901049,0.04326762,0.04794841,0.05313776,0.05889794,0.06533349,0.07254668,0.08062493,0.08967618,0.09970118,0.11070092,0.12262688,0.13539397,0.14899083,0.16339303,0.17875285,0.19538256,0.2136562,0.23417436,0.25741798,0.28346832,0.31215261,0.34273536,0.37517013,0.40782121,0.43989745,0.47130102
KHM,2037,0.01304877,0.00062466,0.0006703,0.00072488,0.00077758,0.00081448,0.00081815,0.0007833,0.00072014,0.0006459,0.00058234,0.00054298,0.00053517,0.00056467,0.00063295,0.00074265,0.00088649,0.0010504,0.00121423,0.00135282,0.00145546,0.0015197,0.00155811,0.00158452,0.00160794,0.00163516,0.00166658,0.00170354,0.00174435,0.00178641,0.00182626,0.00186017,0.00188901,0.00191417,0.00194189,0.0019809,0.00203912,0.00212659,0.00224596,0.00239224,0.00256145,0.00273813,0.00290149,0.00304162,0.0031664,0.00329804,0.00346217,0.00369326,0.00401079,0.00442167,0.00490997,0.00542842,0.00593256,0.00637735,0.00675428,0.00709585,0.00745362,0.00790866,0.00852286,0.00933826,0.01035743,0.01154103,0.01287025,0.01430497,0.01581388,0.01740334,0.01910139,0.02097035,0.02307463,0.02546649,0.02819304,0.03128696,0.03474578,0.03857977,0.04280432,0.04745588,0.05262222,0.05835306,0.06474834,0.07191024,0.079933,0.08892518,0.0988717,0.10977275,0.12159737,0.1342724,0.14778091,0.16209392,0.17732741,0.19384489,0.21207068,0.23251696,0.25568534,0.28166629,0.31028448,0.34079836,0.37324184,0.405911,0.43807948,0.46965178
KHM,2038,0.01273922,0.00061486,0.00065848,0.00071122,0.00076248,0.00079859,0.00080223,0.00076833,0.00070675,0.00063431,0.00057232,0.00053403,0.00052673,0.00055617,0.00062384,0.00073237,0.00087465,0.00103683,0.00119873,0.00133586,0.00143791,0.00150191,0.00154026,0.00156674,0.00159041,0.00161785,0.00164925,0.00168625,0.001727,0.00176912,0.00180944,0.00184359,0.00187243,0.0018978,0.00192553,0.00196405,0.00202147,0.00210758,0.00222531,0.00237306,0.0025372,0.00270501,0.00286738,0.00300637,0.00312955,0.00325835,0.00341911,0.00364666,0.00395936,0.00436494,0.00484764,0.00536039,0.00585911,0.00629919,0.00667182,0.00700978,0.00736426,0.00781241,0.00841418,0.0092125,0.01022452,0.01141116,0.01272452,0.0141359,0.01562252,0.01718962,0.01887182,0.0207223,0.02280746,0.02518096,0.02788238,0.03094917,0.03437788,0.03817699,0.04236569,0.04698451,0.05212441,0.05783135,0.06419484,0.07131301,0.07928092,0.08821942,0.09810716,0.10893048,0.12065561,0.1332269,0.14664415,0.1608652,0.17600455,0.19238516,0.21048471,0.23086721,0.25394156,0.2798251,0.30835348,0.33878648,0.37120996,0.40388224,0.4360637,0.46771808
KHM,2039,0.0124247,0.0006044,0.00064616,0.0006972,0.00074714,0.00078256,0.00078628,0.00075335,0.00069337,0.00062274,0.00056232,0.0005251,0.00051832,0.00054769,0.00061477,0.0007222,0.00086288,0.00102341,0.00118378,0.00131942,0.00142057,0.0014843,0.00152275,0.00154931,0.00157311,0.00160077,0.00163213,0.00166908,0.00170988,0.00175198,0.00179245,0.00182697,0.00185611,0.0018815,0.0019094,0.0019478,0.00200437,0.00208937,0.0022054,0.00235119,0.00251661,0.00267925,0.0028328,0.00297104,0.00309326,0.00322039,0.00337788,0.0036012,0.00390932,0.00430892,0.00478543,0.00529248,0.00578579,0.00622124,0.00658999,0.00692405,0.00727507,0.0077189,0.008312,0.00909538,0.01008732,0.01126587,0.01258248,0.0139771,0.01543926,0.01698316,0.01864314,0.02047654,0.02254122,0.02489317,0.02757371,0.03061499,0.03401486,0.03778253,0.04193505,0.04651661,0.05162567,0.05730534,0.0636435,0.07072779,0.07864999,0.08753759,0.09737604,0.10814825,0.11980448,0.1322836,0.14560828,0.15974895,0.17480832,0.19110769,0.20908111,0.22934654,0.2523716,0.2781813,0.30664148,0.3370282,0.36949542,0.40223887,0.43452597,0.46630196
KHM,2040,0.01209927,0.00059325,0.00063314,0.00068248,0.00073109,0.00076579,0.00076962,0.00073772,0.00067939,0.00061064,0.00055186,0.00051573,0.00050949,0.00053878,0.00060522,0.00071149,0.00085052,0.00100922,0.00116801,0.00130248,0.0014026,0.00146564,0.00150412,0.00153091,0.00155482,0.00158257,0.00161385,0.00165069,0.00169141,0.00173355,0.00177405,0.00180855,0.00183811,0.00186381,0.00189166,0.00193006,0.00198608,0.00206984,0.00218432,0.00232794,0.00249104,0.00265474,0.00280308,0.00293247,0.00305401,0.00318003,0.00333541,0.00355443,0.00385696,0.0042505,0.00471963,0.00521988,0.00570733,0.00613775,0.00650236,0.00683267,0.00717963,0.00761856,0.00820518,0.008977,0.00995042,0.01110579,0.0124122,0.0138096,0.01525303,0.01676982,0.01840508,0.02021296,0.02225671,0.02458346,0.02723723,0.03025464,0.03362402,0.0373578,0.0414736,0.04601275,0.05108072,0.05672219,0.06302451,0.07007374,0.07795114,0.08678632,0.09656519,0.10728129,0.11888074,0.13128248,0.14450553,0.15853949,0.1735041,0.18970652,0.20757895,0.22768995,0.25056483,0.27629775,0.30465654,0.33495422,0.36742884,0.40022231,0.43259091,0.46448207
KHM,2041,0.0117847,0.0005822,0.00062037,0.00066809,0.00071542,0.00074947,0.00075338,0.0007225,0.0006658,0.00059885,0.00054165,0.0005066,0.00050087,0.00053008,0.00059588,0.000701,0.00083844,0.00099538,0.00115249,0.00128587,0.00138536,0.00144762,0.00148574,0.00151271,0.00153688,0.00156471,0.0015958,0.00163254,0.00167315,0.00171525,0.00175584,0.00179022,0.00181983,0.001846,0.00187413,0.00191235,0.00196801,0.00205093,0.00216386,0.00230564,0.0024664,0.00262772,0.00277739,0.00290189,0.00301455,0.00313989,0.00329388,0.00351007,0.00380723,0.00419397,0.00465613,0.00514879,0.00562974,0.00605521,0.00641575,0.00674245,0.00708588,0.00751971,0.0080998,0.00886313,0.00982271,0.01095793,0.01223913,0.01362619,0.0150737,0.01657136,0.01817953,0.01996121,0.02197741,0.02428107,0.02690715,0.0298977,0.03324204,0.03694434,0.04102543,0.04552685,0.05055395,0.05615269,0.06241504,0.0694268,0.07726814,0.08606308,0.09579345,0.10645668,0.11801007,0.13036617,0.14352372,0.15746131,0.17232389,0.18843701,0.20621724,0.22623082,0.2489503,0.27453764,0.30283634,0.33305929,0.36554986,0.39841283,0.43090003,0.46294152
KHM,2042,0.01149529,0.00057204,0.00060851,0.00065466,0.00070074,0.00073411,0.00073809,0.00070812,0.00065292,0.00058769,0.00053196,0.00049792,0.00049268,0.00052179,0.00058698,0.00069097,0.00082684,0.00098207,0.00113758,0.00126972,0.00136863,0.00143051,0.00146813,0.00149486,0.00151924,0.00154728,0.00157819,0.0016147,0.0016552,0.00169721,0.00173779,0.00177213,0.00180167,0.00182793,0.0018565,0.00189489,0.00195005,0.00203235,0.00214416,0.00228415,0.00244295,0.00260195,0.0027495,0.0028758,0.00298381,0.00309993,0.003253,0.00346718,0.00376066,0.00414095,0.00459542,0.00508103,0.00555468,0.00597458,0.00633119,0.00665441,0.00699452,0.00742391,0.00799739,0.00875236,0.00970165,0.01082204,0.01208167,0.01344243,0.0148801,0.01638321,0.017973,0.01972623,0.02171448,0.0239885,0.02658954,0.02955254,0.03286889,0.0365458,0.04059511,0.04506133,0.05005281,0.05560945,0.06182753,0.06879813,0.07660157,0.08536568,0.09506057,0.10568292,0.11719369,0.12951611,0.14264386,0.15652589,0.17129881,0.18731658,0.20501527,0.22494321,0.24757159,0.2730112,0.3011781,0.33137056,0.36389071,0.39683121,0.42945665,0.46168624
KHM,2043,0.01121356,0.0005619,0.00059675,0.00064137,0.00068622,0.00071892,0.00072295,0.00069391,0.00064019,0.00057664,0.00052238,0.00048932,0.00048454,0.00051356,0.00057812,0.000681,0.0008153,0.00096882,0.00112277,0.00125374,0.00135191,0.00141348,0.00145101,0.00147736,0.00150152,0.00152971,0.00156054,0.00159681,0.00163705,0.00167895,0.00171949,0.00175367,0.00178322,0.00180944,0.00183806,0.00187676,0.00193172,0.00201317,0.00212399,0.00226249,0.00241922,0.00257611,0.00272141,0.00284582,0.00295597,0.0030673,0.00321033,0.00342292,0.00371351,0.00408906,0.00453599,0.00501345,0.00548012,0.0058933,0.0062451,0.0065648,0.0069015,0.00732645,0.00789373,0.00863987,0.00957849,0.01068722,0.01193028,0.01326787,0.01467776,0.01617051,0.0177667,0.01949937,0.0214558,0.02369808,0.0262653,0.02920119,0.03248627,0.0361317,0.04015245,0.04458282,0.0495368,0.05505178,0.06122003,0.06813745,0.07589008,0.08461005,0.09426589,0.10484543,0.11630827,0.12857967,0.14166625,0.15550373,0.17019839,0.18609643,0.20366474,0.22347012,0.24596475,0.27126167,0.29922331,0.32923003,0.36172811,0.39465329,0.42730903,0.45962106
KHM,2044,0.01092603,0.00055139,0.00058463,0.00062774,0.00067137,0.0007034,0.00070748,0.00067937,0.00062718,0.00056534,0.00051258,0.00048053,0.00047621,0.00050514,0.00056906,0.00067079,0.00080349,0.00095524,0.00110756,0.00123735,0.00133483,0.00139591,0.00143343,0.00145984,0.0014837,0.00151168,0.00154241,0.00157859,0.00161858,0.00166024,0.00170071,0.00173471,0.00176415,0.00179041,0.00181894,0.00185757,0.0019125,0.00199346,0.0021031,0.0022403,0.00239533,0.00255008,0.00269341,0.00281585,0.0029243,0.00303799,0.00317577,0.00337688,0.00366492,0.00403652,0.00447773,0.00494713,0.00540552,0.00581223,0.0061579,0.00647305,0.00680621,0.00722651,0.00778745,0.00852508,0.00945238,0.01054893,0.01177881,0.01309859,0.01448406,0.01594747,0.01753344,0.01927194,0.02120543,0.02341249,0.02594434,0.02884477,0.0321003,0.03571221,0.03969966,0.04410008,0.04901911,0.0544948,0.06061924,0.06748456,0.07518236,0.08385539,0.09347147,0.10402073,0.11545366,0.12769252,0.14074812,0.15456401,0.16923391,0.1850721,0.20253879,0.22223348,0.24462928,0.26982443,0.29768547,0.32754024,0.3599868,0.39300177,0.42576752,0.45824284
KHM,2045,0.01065604,0.00054158,0.00057325,0.00061489,0.00065737,0.00068875,0.0006929,0.00066566,0.0006149,0.0005547,0.00050334,0.00047225,0.00046839,0.00049721,0.00056055,0.00066123,0.00079245,0.0009426,0.00109341,0.00122211,0.00131901,0.00137971,0.00141706,0.0014436,0.00146753,0.00149518,0.00152546,0.00156149,0.00160138,0.00164282,0.00168312,0.00171694,0.00174628,0.00177248,0.00180102,0.00183947,0.001894,0.00197466,0.00208351,0.00221926,0.00237283,0.00252585,0.00266723,0.00278802,0.00289475,0.00300681,0.00314706,0.00334213,0.00361707,0.00398544,0.00442219,0.00488595,0.00533653,0.00573573,0.00607589,0.00638546,0.00671434,0.00713026,0.00768514,0.00841472,0.00933181,0.01041635,0.01163342,0.01293999,0.01430767,0.01574631,0.01730318,0.019031,0.02097005,0.02315218,0.02564604,0.02851051,0.03172874,0.03531019,0.03926328,0.04362965,0.04852091,0.0539603,0.06004317,0.06686178,0.07450413,0.08312313,0.09269176,0.10320319,0.11461083,0.12682561,0.13985628,0.15364366,0.16829181,0.18410107,0.20149836,0.22107658,0.24334421,0.26842514,0.2961706,0.3259165,0.35827004,0.3912532,0.4241357,0.45674663
KHM,2046,0.01040636,0.00053291,0.00056287,0.00060292,0.00064411,0.00067475,0.00067885,0.00065238,0.00060296,0.00054431,0.00049433,0.00046416,0.00046073,0.00048945,0.00055217,0.00065176,0.00078148,0.00092997,0.00107924,0.00120677,0.001303,0.00136332,0.00140054,0.00142701,0.00145109,0.00147876,0.00150844,0.00154396,0.00158367,0.00162499,0.00166507,0.00169857,0.00172777,0.00175388,0.00178232,0.00182065,0.00187466,0.00195463,0.00206288,0.00219752,0.00234944,0.00250091,0.00264072,0.00275984,0.00286518,0.00297553,0.00311392,0.00331125,0.003579,0.0039322,0.00436498,0.00482414,0.00526918,0.00566102,0.00599426,0.00629864,0.0066219,0.00703236,0.00758109,0.00830242,0.0092092,0.01028215,0.01148573,0.0127786,0.01413247,0.01555239,0.01708389,0.01878012,0.02070613,0.02289205,0.02535758,0.0281815,0.0313598,0.03489995,0.03881921,0.04314731,0.04800273,0.05340981,0.05945031,0.06622027,0.07380809,0.08236656,0.09187353,0.10233131,0.1136972,0.12588492,0.13889174,0.15264885,0.16725907,0.18303351,0.20038373,0.21986681,0.24198451,0.26690137,0.29449653,0.32409357,0.35636052,0.38922635,0.42205672,0.45475993
KHM,2047,0.01014586,0.00052375,0.00055204,0.00059053,0.00063046,0.00066037,0.00066445,0.00063878,0.00059073,0.00053365,0.00048505,0.00045581,0.0004528,0.00048141,0.00054349,0.00064193,0.00077008,0.00091685,0.0010645,0.00119084,0.00128634,0.00134625,0.00138337,0.00140984,0.00143389,0.00146167,0.00149114,0.00152603,0.0015652,0.00160633,0.00164632,0.00167946,0.00170837,0.00173436,0.00176267,0.00180075,0.00185428,0.0019334,0.00204057,0.00217422,0.00232475,0.00247439,0.00261269,0.00273043,0.00283422,0.00294309,0.00307942,0.00327411,0.0035436,0.00388804,0.00430334,0.00475817,0.00519855,0.00558521,0.00591143,0.00620892,0.00652676,0.0069301,0.00747119,0.00818372,0.0090794,0.01014001,0.01132994,0.01260769,0.01394655,0.01535122,0.01686293,0.01853089,0.02042133,0.02259035,0.02505654,0.02784919,0.0309818,0.03447702,0.03834995,0.04263969,0.04745427,0.05282051,0.05882332,0.06554441,0.07307663,0.08157731,0.09101893,0.101412,0.11272432,0.12487407,0.13786366,0.15160463,0.16619054,0.18193132,0.1992508,0.21869009,0.2407149,0.26548679,0.29292941,0.32240045,0.35461497,0.38746722,0.42026777,0.45301611
KHM,2048,0.00991724,0.00051616,0.00054281,0.00057978,0.00061848,0.00064765,0.00065165,0.00062668,0.00057983,0.00052416,0.00047679,0.00044839,0.00044578,0.00047427,0.0005358,0.00063325,0.00075999,0.00090524,0.00105149,0.0011768,0.00127171,0.00133123,0.00136827,0.00139479,0.00141887,0.0014466,0.00147596,0.00151062,0.00154918,0.00158981,0.00162967,0.00166264,0.00169128,0.00171704,0.00174523,0.00178311,0.00183614,0.00191457,0.0020207,0.00215315,0.00230268,0.00245106,0.00258786,0.00270454,0.00280732,0.00291484,0.00304966,0.0032419,0.00350827,0.00385455,0.00426036,0.00469684,0.00513387,0.00551722,0.00583948,0.00613067,0.00644202,0.0068393,0.00737209,0.00807563,0.00896142,0.01001099,0.01118885,0.01245396,0.01377907,0.0151701,0.01666861,0.01831725,0.02017918,0.0223118,0.02476116,0.02755795,0.0306602,0.03411014,0.03793912,0.04218378,0.0469646,0.05229218,0.05825633,0.06494218,0.07242778,0.0808788,0.0902673,0.10060109,0.11185679,0.12396392,0.13693144,0.1506692,0.16524968,0.18097213,0.19825999,0.21766779,0.23964543,0.26431971,0.29161148,0.32092859,0.35307226,0.38588518,0.41868645,0.45141688
KHM,2049,0.00966516,0.00050752,0.00053245,0.00056783,0.00060521,0.00063361,0.00063755,0.00061333,0.00056782,0.00051369,0.00046767,0.00044018,0.00043798,0.00046636,0.00052724,0.00062356,0.00074875,0.00089227,0.00103694,0.00116107,0.00125531,0.00131445,0.00135135,0.0013779,0.00140208,0.00142982,0.0014589,0.0014934,0.0015317,0.0015717,0.00161105,0.00164374,0.00167222,0.0016977,0.0017256,0.00176322,0.00181568,0.00189324,0.00199826,0.00212921,0.00227716,0.00242427,0.00255975,0.002675,0.00277678,0.00288314,0.00301619,0.00320609,0.00346886,0.00381066,0.00421762,0.00464325,0.00506021,0.00544042,0.00575962,0.00604675,0.00635129,0.00674033,0.00726456,0.00795657,0.00882988,0.00986688,0.01103089,0.01228161,0.01359195,0.01496689,0.01645,0.01808208,0.0199203,0.02201889,0.02442516,0.02720076,0.03030324,0.03371688,0.03749314,0.04168615,0.0464163,0.05170286,0.05762,0.06425817,0.07169916,0.08009706,0.08942767,0.09970134,0.110892,0.12293878,0.13586592,0.14958438,0.16416542,0.1798842,0.19715326,0.21652775,0.23847294,0.26310276,0.29030238,0.31948024,0.35155092,0.3843515,0.41718609,0.44999936
KHM,2050,0.00943686,0.00049975,0.000523,0.00055682,0.00059293,0.00062055,0.00062439,0.00060085,0.00055656,0.00050385,0.00045908,0.00043243,0.0004306,0.00045884,0.0005191,0.00061431,0.00073799,0.00087984,0.00102291,0.00114586,0.00123941,0.00129814,0.00133491,0.00136143,0.00138563,0.00141339,0.00144222,0.00147639,0.00151449,0.00155421,0.00159295,0.001625,0.00165325,0.0016786,0.00170619,0.00174342,0.00179531,0.00187204,0.0019759,0.00210546,0.00225175,0.00239725,0.00253163,0.00264588,0.00274648,0.00285191,0.00298365,0.00317124,0.00343095,0.00376831,0.00417011,0.00459743,0.00500319,0.00536307,0.00568016,0.00596481,0.00626548,0.00664662,0.00716086,0.00784218,0.00870169,0.00972501,0.01087548,0.01211202,0.01340799,0.0147681,0.01623549,0.01785101,0.01967087,0.02174324,0.02411228,0.0268425,0.0299214,0.03333516,0.03707271,0.04120892,0.04588554,0.05111708,0.05698901,0.06357501,0.07096262,0.07931317,0.08858528,0.09879639,0.10992329,0.12190189,0.13476879,0.14844553,0.16300532,0.17871972,0.19597512,0.21531561,0.23720826,0.26178631,0.28892191,0.31798822,0.3499523,0.3826735,0.41549418,0.44833872
KHM,2051,0.00920562,0.0004918,0.00051344,0.00054573,0.00058061,0.0006075,0.00061126,0.00058841,0.00054536,0.00049408,0.00045056,0.00042476,0.00042331,0.00045142,0.00051109,0.00060525,0.00072746,0.00086772,0.00100931,0.00113114,0.00122406,0.00128243,0.00131912,0.00134567,0.00136991,0.00139771,0.00142637,0.00146027,0.00149805,0.00153761,0.00157615,0.00160748,0.00163514,0.00166032,0.00168777,0.0017246,0.00177581,0.00185171,0.00195445,0.0020826,0.00222735,0.00237115,0.00250408,0.00261751,0.00271731,0.0028216,0.00295223,0.00313798,0.00339467,0.00372817,0.00412484,0.00454686,0.00495506,0.00530382,0.00560044,0.00588354,0.00618191,0.00655822,0.00706287,0.00773198,0.00857864,0.00958682,0.01072256,0.01194532,0.01322723,0.01457301,0.01602622,0.01762522,0.01942717,0.02147942,0.02382004,0.0265121,0.02954314,0.03293268,0.03667248,0.04076932,0.04538945,0.05056643,0.05638264,0.06292362,0.07025928,0.07856071,0.08778957,0.09794818,0.10902111,0.12094729,0.13376192,0.14739433,0.16193027,0.17764162,0.19491061,0.21425458,0.23613125,0.2606797,0.28779373,0.31683472,0.34878849,0.38147709,0.41430459,0.44722852
KHM,2052,0.00895829,0.00048277,0.00050284,0.00053364,0.00056727,0.00059342,0.00059714,0.00057505,0.00053331,0.00048356,0.00044136,0.00041645,0.00041539,0.00044333,0.00050231,0.00059528,0.00071587,0.00085434,0.00099426,0.00111484,0.00120699,0.00126493,0.00130151,0.00132809,0.00135238,0.00138017,0.00140861,0.00144228,0.00147974,0.00151895,0.00155732,0.00158827,0.00161522,0.0016398,0.00166701,0.00170355,0.00175399,0.00182883,0.00193031,0.00205688,0.00219983,0.00234181,0.00247297,0.00258501,0.00268404,0.00278739,0.00291646,0.00310029,0.00335406,0.0036832,0.00407474,0.00449078,0.00489314,0.0052448,0.00553003,0.00579188,0.00608841,0.0064609,0.00695841,0.00761473,0.00844552,0.00943795,0.01055546,0.01176109,0.01302723,0.01435678,0.01579395,0.01737538,0.01915649,0.0211857,0.02350042,0.02615923,0.02914515,0.03247878,0.03618778,0.04028242,0.04485717,0.04996725,0.05571796,0.06219146,0.06946997,0.07770939,0.08687647,0.09698031,0.10798969,0.11985183,0.13260743,0.14617807,0.16065938,0.17633489,0.19358619,0.21292575,0.23478405,0.2592935,0.286355,0.3153551,0.34732165,0.37999824,0.41279738,0.4457368
KHM,2053,0.0087562,0.0004756,0.00049422,0.00052365,0.00055615,0.00058157,0.00058519,0.00056371,0.00052305,0.00047457,0.00043349,0.00040932,0.00040859,0.00043638,0.00049474,0.00058666,0.00070583,0.00084273,0.00098116,0.00110063,0.0011921,0.00124959,0.00128603,0.0013126,0.00133691,0.00136466,0.00139285,0.00142626,0.00146346,0.00150236,0.00154041,0.00157112,0.00159778,0.00162169,0.0016483,0.00168453,0.00173444,0.00180832,0.00190856,0.00203371,0.00217507,0.00231538,0.00244504,0.00255576,0.00265377,0.00275656,0.00288469,0.00306663,0.0033181,0.00364393,0.00403092,0.00444226,0.0048393,0.00518622,0.00547583,0.00572673,0.00600186,0.00637208,0.00686491,0.00751292,0.0083296,0.00930577,0.01040755,0.01159567,0.01284604,0.01416132,0.01558417,0.01715007,0.01891361,0.02092162,0.02321292,0.02584704,0.02879971,0.03208795,0.03574021,0.03980539,0.04438364,0.04944804,0.05512981,0.06153615,0.06874559,0.07692939,0.08603362,0.09607591,0.1070329,0.11883437,0.13153125,0.14504513,0.15946433,0.1750814,0.19228965,0.21160044,0.23344002,0.2579153,0.28492062,0.31385187,0.34580524,0.37847821,0.41124695,0.44413756
KHM,2054,0.00853591,0.0004679,0.0004849,0.00051281,0.00054406,0.00056871,0.00057221,0.00055139,0.00051194,0.00046485,0.00042501,0.00040167,0.0004013,0.00042895,0.00048668,0.0005775,0.00069515,0.0008304,0.00096731,0.00108562,0.00117643,0.00123354,0.00126984,0.00129645,0.00132082,0.00134863,0.00137662,0.00140975,0.00144668,0.00148535,0.00152314,0.00155343,0.00157987,0.00160352,0.00162942,0.00166493,0.00171421,0.00178725,0.00188618,0.00200976,0.00214946,0.00228804,0.00241606,0.00252543,0.0026222,0.00272386,0.00285112,0.00303146,0.00328014,0.00360268,0.00398545,0.00439177,0.0047839,0.00512571,0.00541086,0.00566655,0.00593032,0.0062771,0.00676584,0.00740687,0.00821268,0.00917252,0.01025575,0.01142664,0.01265823,0.01395656,0.01536456,0.01691421,0.01865957,0.0206468,0.02291323,0.02552175,0.02844673,0.03169852,0.0353015,0.03930498,0.04385324,0.04892149,0.05455416,0.06088688,0.06802513,0.07613936,0.08518744,0.09516792,0.10606731,0.11782472,0.13047402,0.14394267,0.15832003,0.1738894,0.19105371,0.2103371,0.23216635,0.25664833,0.28365207,0.31256889,0.34455807,0.37730184,0.41016148,0.44312474
KHM,2055,0.00834382,0.00046093,0.00047656,0.00050315,0.00053328,0.00055723,0.00056061,0.00054034,0.00050193,0.00045607,0.0004173,0.00039468,0.00039461,0.00042208,0.0004792,0.00056896,0.00068516,0.0008188,0.00095419,0.00107136,0.00116144,0.00121813,0.00125429,0.00128082,0.0013052,0.00133299,0.00136078,0.00139364,0.00143026,0.00146864,0.0015062,0.00153611,0.00156218,0.00158564,0.00161124,0.00164594,0.00169424,0.00176642,0.00186425,0.00198628,0.00212426,0.00226118,0.00238765,0.00249568,0.00259132,0.00269179,0.00281776,0.00299678,0.00324327,0.00356235,0.00394137,0.00434352,0.0047309,0.0050685,0.00534924,0.00560095,0.00587008,0.00620451,0.00666744,0.00730282,0.00810008,0.00904815,0.01011385,0.01126561,0.01247996,0.01375943,0.01515094,0.01668488,0.01841248,0.02037955,0.02262292,0.02520541,0.02810257,0.03132465,0.0348887,0.03883936,0.04332287,0.04835797,0.05399268,0.06027048,0.06732751,0.07536514,0.0843355,0.09425273,0.10508335,0.11677754,0.1293809,0.14279625,0.15712043,0.17263613,0.18973599,0.20895381,0.23073074,0.25517778,0.28216501,0.31105885,0.34305451,0.37581256,0.40872034,0.44174773
KHM,2056,0.00813649,0.00045351,0.00046762,0.00049277,0.00052171,0.00054491,0.00054819,0.00052853,0.00049123,0.00044671,0.00040911,0.00038726,0.00038753,0.00041485,0.00047135,0.00056003,0.00067475,0.00080676,0.00094061,0.00105663,0.00114604,0.00120233,0.00123838,0.00126493,0.00128931,0.00131711,0.00134471,0.00137735,0.00141368,0.00145176,0.00148908,0.00151867,0.0015444,0.0015675,0.00159288,0.00162717,0.00167436,0.00174523,0.00184185,0.00196242,0.0020986,0.00223365,0.00235848,0.0024651,0.00255947,0.00265871,0.00278314,0.00296017,0.00320451,0.00352044,0.0038951,0.00429313,0.0046762,0.00500928,0.0052861,0.00553342,0.00579837,0.00613749,0.00658602,0.00719183,0.0079811,0.00891896,0.00997108,0.01110362,0.01229742,0.01355837,0.01493009,0.01644544,0.0181546,0.02010052,0.02231988,0.02487672,0.02774437,0.03093536,0.03446657,0.03837442,0.04280217,0.04776716,0.05336524,0.059643,0.06663973,0.07459245,0.08348181,0.09331818,0.10408576,0.11571373,0.12826198,0.1416409,0.15592054,0.17139017,0.18844144,0.20759732,0.22931036,0.25371085,0.28067482,0.30957213,0.34162124,0.37443695,0.40741691,0.44055428
KHM,2057,0.00792558,0.00044564,0.00045829,0.00048204,0.00050978,0.0005322,0.00053535,0.00051633,0.00048018,0.000437,0.00040059,0.00037955,0.00038015,0.00040728,0.00046309,0.00055059,0.00066372,0.00079394,0.0009261,0.00104082,0.00112945,0.0011853,0.0012212,0.00124776,0.00127219,0.00129997,0.00132738,0.00135977,0.00139584,0.00143361,0.00147062,0.00149984,0.00152526,0.00154803,0.001573,0.00160695,0.0016534,0.00172284,0.0018178,0.00193679,0.00207124,0.00220434,0.00232735,0.00243247,0.00252552,0.00262336,0.00274617,0.00292088,0.00316226,0.00347499,0.00384556,0.00423876,0.00461757,0.00494664,0.00521931,0.00546287,0.00572332,0.00605714,0.00650934,0.0070981,0.0078534,0.00878147,0.00982156,0.01093905,0.0121121,0.01335091,0.01470307,0.0161961,0.01788349,0.01980722,0.02200119,0.02453085,0.02736854,0.03052564,0.03402135,0.03789168,0.0422728,0.04717508,0.05269463,0.05892846,0.06591926,0.0738057,0.08260027,0.09234581,0.10302309,0.11458165,0.1270605,0.14038048,0.15462062,0.17003903,0.18703406,0.20612734,0.22776065,0.25208009,0.27898406,0.3078519,0.33994902,0.37282427,0.40586769,0.43907973
KHM,2058,0.00773676,0.00043888,0.0004501,0.00047247,0.00049907,0.00052079,0.0005238,0.00050533,0.00047023,0.00042828,0.00039294,0.00037263,0.00037355,0.00040053,0.00045575,0.00054223,0.00065396,0.00078266,0.00091337,0.001027,0.00111496,0.00117043,0.00120625,0.00123283,0.00125733,0.00128514,0.00131235,0.00134453,0.00138038,0.00141793,0.00145471,0.00148357,0.00150871,0.00153124,0.00155588,0.00158935,0.00163523,0.00170375,0.00179711,0.00191432,0.00204719,0.00217869,0.00230003,0.00240372,0.00249557,0.00259218,0.00271351,0.00288622,0.00312482,0.00343417,0.00380147,0.00419107,0.00456576,0.00489167,0.00516134,0.00540139,0.00565848,0.00598732,0.00643339,0.0070256,0.00776231,0.00865423,0.00968508,0.01079169,0.01195101,0.01317006,0.01450161,0.01597565,0.01764079,0.0195427,0.02171454,0.02422049,0.02703227,0.03016133,0.03362557,0.0374633,0.04181205,0.04667098,0.0521308,0.05828914,0.06524134,0.07313279,0.08186947,0.09152894,0.10212698,0.1136103,0.12604278,0.13931677,0.15352359,0.16892884,0.18589768,0.20495985,0.22655769,0.25083035,0.27769497,0.30655741,0.33874328,0.37176018,0.40496393,0.43834507
KHM,2059,0.0075445,0.00043126,0.00044128,0.00046249,0.0004881,0.00050918,0.00051215,0.00049424,0.00046016,0.00041942,0.00038513,0.00036551,0.00036669,0.00039348,0.00044804,0.00053341,0.00064365,0.00077069,0.00089984,0.00101223,0.0010994,0.00115439,0.00119003,0.00121659,0.00124109,0.00126888,0.00129587,0.00132777,0.00136333,0.00140061,0.00143715,0.00146563,0.00149041,0.00151265,0.001537,0.00157,0.00161508,0.00168268,0.00177473,0.00188993,0.00202067,0.00215035,0.00227004,0.00237214,0.00246256,0.00255783,0.00267754,0.00284798,0.00308358,0.00338899,0.00375184,0.00413766,0.00450847,0.00483038,0.0050971,0.00533415,0.00558748,0.00591173,0.00635098,0.00693467,0.0076732,0.00854347,0.00953334,0.01062912,0.01177602,0.01297945,0.01428926,0.01573925,0.01738129,0.01925593,0.02140034,0.0238794,0.0266614,0.02975825,0.03318786,0.0369868,0.04129658,0.04611401,0.05151942,0.05760501,0.06446671,0.07230711,0.08103652,0.09062236,0.10111558,0.11250159,0.12484358,0.13805628,0.15220023,0.16755213,0.18448391,0.20348967,0.22502095,0.24922093,0.27600096,0.30479033,0.33699012,0.37007901,0.40340953,0.43693446
KHM,2060,0.00735839,0.00042427,0.00043291,0.00045278,0.00047725,0.0004976,0.00050042,0.00048307,0.00045001,0.00041049,0.00037729,0.00035838,0.00035985,0.00038646,0.00044037,0.00052463,0.00063337,0.00075874,0.0008863,0.00099748,0.00108388,0.00113842,0.00117388,0.00120043,0.00122498,0.00125278,0.00127959,0.00131125,0.00134651,0.00138352,0.00141982,0.00144799,0.00147244,0.00149436,0.00151838,0.00155098,0.00159532,0.00166187,0.00175273,0.00186635,0.00199493,0.00212248,0.0022405,0.0023412,0.0024302,0.002524,0.00264209,0.00281029,0.00304283,0.00334438,0.00370263,0.00408392,0.00445123,0.00476995,0.00503332,0.00526782,0.00551828,0.00583798,0.00627142,0.00684662,0.00757494,0.00844724,0.00941355,0.01046548,0.01160179,0.01279286,0.01408725,0.01551421,0.01713028,0.01897955,0.02109402,0.0235442,0.02629731,0.02936262,0.0327585,0.03652131,0.04079222,0.045569,0.0509309,0.05695927,0.06374472,0.07149225,0.08016836,0.08975015,0.1001705,0.1114505,0.12369832,0.13682389,0.15091267,0.16620505,0.1830842,0.20205057,0.223519,0.24764586,0.27434817,0.30305211,0.33522556,0.36834152,0.40175548,0.43541022
KHM,2061,0.00718087,0.00041749,0.00042489,0.00044355,0.00046699,0.00048667,0.00048937,0.00047254,0.00044046,0.00040208,0.00036988,0.00035165,0.00035339,0.0003798,0.00043311,0.00051634,0.00062367,0.00074748,0.00087357,0.0009836,0.00106931,0.00112341,0.00115872,0.00118523,0.00120981,0.00123764,0.00126428,0.00129573,0.00133075,0.00136748,0.00140356,0.00143142,0.00145562,0.00147724,0.00150092,0.00153312,0.00157682,0.00164239,0.00173195,0.00184416,0.00197105,0.00209645,0.0022125,0.00231179,0.00239957,0.00249195,0.00260836,0.00277439,0.00300403,0.00330182,0.00365573,0.00403247,0.00439562,0.00471166,0.0049726,0.00520418,0.00545228,0.00576842,0.00619619,0.00676418,0.0074825,0.00834378,0.00931261,0.0103397,0.01142997,0.01261099,0.01389376,0.0153047,0.01689634,0.01871778,0.02080494,0.02322431,0.02594724,0.02898293,0.03234688,0.03607576,0.04031212,0.04505011,0.05037135,0.05635615,0.06308409,0.07075747,0.07934084,0.08887323,0.09930122,0.11051744,0.12266919,0.13571259,0.149729,0.16498345,0.18181949,0.20075018,0.22219904,0.24628843,0.2729517,0.3016246,0.33382138,0.36700166,0.4005462,0.43439544
KHM,2062,0.00704179,0.00041204,0.00041824,0.00043571,0.0004581,0.00047704,0.00047953,0.00046305,0.00043175,0.00039433,0.00036297,0.0003453,0.00034724,0.00037341,0.00042603,0.00050814,0.00061402,0.0007362,0.0008607,0.00096947,0.0010543,0.00110796,0.00114307,0.00116952,0.00119408,0.00122187,0.00124842,0.00127972,0.00131458,0.00135113,0.00138704,0.00141472,0.00143879,0.00146033,0.00148384,0.00151575,0.00155894,0.00162378,0.00171228,0.00182316,0.00194872,0.00207258,0.00218681,0.00228454,0.00237127,0.00246262,0.00257748,0.00274143,0.00296845,0.00326287,0.00361278,0.00398534,0.00434435,0.00465702,0.00491605,0.00514563,0.00539081,0.0057038,0.00612684,0.00668765,0.00739723,0.00824741,0.00920405,0.0102341,0.01129776,0.01242975,0.01370225,0.01509988,0.01667289,0.01846627,0.02052134,0.02291019,0.02559784,0.02859885,0.03192862,0.03562048,0.03981916,0.04451651,0.04979148,0.05572685,0.06240109,0.07000817,0.07850515,0.08793016,0.09829704,0.10951635,0.12159575,0.13452817,0.14844779,0.16361273,0.18039088,0.19925243,0.22063381,0.24467,0.27125939,0.29985811,0.33203368,0.3652093,0.39878968,0.43273554
KHM,2063,0.0069165,0.00040738,0.00041228,0.00042847,0.00044968,0.00046771,0.00046984,0.00045358,0.00042293,0.00038639,0.00035581,0.00033865,0.0003407,0.00036652,0.00041831,0.00049903,0.00060315,0.00072331,0.00084579,0.00095287,0.00103647,0.00108941,0.00112415,0.00115035,0.0011747,0.00120225,0.00122856,0.00125957,0.0012941,0.00133032,0.00136589,0.00139332,0.00141722,0.00143865,0.00146202,0.00149362,0.00153625,0.00160029,0.00168768,0.00179709,0.00192099,0.00204327,0.00215598,0.00225207,0.00233737,0.00242764,0.00254104,0.00270271,0.00292665,0.00321727,0.00356273,0.0039304,0.00428481,0.00459343,0.00484937,0.00507719,0.00532,0.00562887,0.00604701,0.00660077,0.00730045,0.0081393,0.00908202,0.01009738,0.01116285,0.0122649,0.01348429,0.01486852,0.01642415,0.01819389,0.02021482,0.02256622,0.0252168,0.02817549,0.03146346,0.03511382,0.03926985,0.04392149,0.04914683,0.05502582,0.06163966,0.06918459,0.07760392,0.08693035,0.09717593,0.10832571,0.12041151,0.13326558,0.14706413,0.16212215,0.17879907,0.19759001,0.21888546,0.2428396,0.26936662,0.29788942,0.33004092,0.36322056,0.39682764,0.43084204
KHM,2064,0.00680452,0.00040334,0.000407,0.00042196,0.00044208,0.00045928,0.00046105,0.00044498,0.00041494,0.00037918,0.00034931,0.00033262,0.00033478,0.00036029,0.00041133,0.00049084,0.00059335,0.00071172,0.00083242,0.00093799,0.0010205,0.00107281,0.0011072,0.0011332,0.00115735,0.00118465,0.00121073,0.00124148,0.00127571,0.00131164,0.00134695,0.00137419,0.00139793,0.00141925,0.0014425,0.00147388,0.00151603,0.00157929,0.00166568,0.00177383,0.00189625,0.00201697,0.0021284,0.00222335,0.00230729,0.00239621,0.00250824,0.00266805,0.0028892,0.00317629,0.00351776,0.00388108,0.00423127,0.00453632,0.00478924,0.00501463,0.00525577,0.00556183,0.00597502,0.00652292,0.00721467,0.00804321,0.00897453,0.00997628,0.01102771,0.01213319,0.01332275,0.01465208,0.01619429,0.01794622,0.0199428,0.02226056,0.0248734,0.02779542,0.03104173,0.03465156,0.03877037,0.04338192,0.0485642,0.05439635,0.06095686,0.0684486,0.0768122,0.08606883,0.09622474,0.10726274,0.11929953,0.13218754,0.14592825,0.16088223,0.17747142,0.19618224,0.21743158,0.24133001,0.26781454,0.29632814,0.32851845,0.36176769,0.39548323,0.42963547
KHM,2065,0.00669227,0.00039924,0.00040164,0.00041536,0.00043435,0.0004507,0.00045212,0.00043623,0.00040679,0.00037183,0.00034267,0.00032644,0.00032871,0.00035389,0.00040414,0.00048237,0.00058323,0.00069968,0.00081849,0.00092249,0.00100381,0.00105544,0.00108945,0.0011152,0.00113916,0.00116619,0.001192,0.00122243,0.00125633,0.00129192,0.00132692,0.00135395,0.00137752,0.00139867,0.00142175,0.00145286,0.00149455,0.001557,0.00164225,0.00174902,0.00186992,0.00198899,0.0020989,0.00219272,0.0022756,0.00236301,0.00247314,0.00263086,0.0028492,0.00313245,0.00346942,0.00382804,0.00417374,0.00447484,0.00472457,0.00494705,0.00518532,0.00548873,0.00589756,0.00643852,0.00712227,0.00794094,0.00886001,0.00984875,0.01088505,0.01197486,0.01316747,0.01446355,0.01594555,0.01768019,0.01965443,0.02194395,0.02451735,0.02739531,0.03059852,0.0341595,0.03823216,0.04279825,0.04793089,0.05370899,0.06021015,0.06763722,0.07593268,0.08511811,0.09518744,0.10611718,0.11802315,0.13084532,0.14460759,0.15947874,0.17592964,0.1945138,0.21563686,0.23944042,0.2658167,0.29423661,0.3264072,0.35964251,0.39337121,0.4275673
KHM,2066,0.00657221,0.00039468,0.0003959,0.00040844,0.00042636,0.00044189,0.00044301,0.00042733,0.00039851,0.00036436,0.00033593,0.00032017,0.00032254,0.00034739,0.00039683,0.00047376,0.00057295,0.00068748,0.00080437,0.00090677,0.00098694,0.00103789,0.00107155,0.00109708,0.00112084,0.00114767,0.00117324,0.00120336,0.00123694,0.00127221,0.00130692,0.00133376,0.00135719,0.00137821,0.00140111,0.00143195,0.00147319,0.00153492,0.00161908,0.00172447,0.00184386,0.00196139,0.00206983,0.00216236,0.00224428,0.00233058,0.00243875,0.00259389,0.00280933,0.00308892,0.00342134,0.00377503,0.00411616,0.00441333,0.00465972,0.0048793,0.00511434,0.00541396,0.00581877,0.00635369,0.00702864,0.00783791,0.00874592,0.00972153,0.01074422,0.01181816,0.01299473,0.01429344,0.0157396,0.01740972,0.01936411,0.02162997,0.02417291,0.02700883,0.03016534,0.03368091,0.03770453,0.04222317,0.04730939,0.05303688,0.05948325,0.06685399,0.07508709,0.08420891,0.09421448,0.10506731,0.1168791,0.12958344,0.14330051,0.15822046,0.17461082,0.193078,0.21410066,0.23781277,0.26414305,0.29251899,0.32472735,0.35806293,0.39191183,0.42626503
KHM,2067,0.00645405,0.00039029,0.00039022,0.00040148,0.00041824,0.0004329,0.00043364,0.00041817,0.00038998,0.00035666,0.00032898,0.00031371,0.00031619,0.00034069,0.00038931,0.00046488,0.00056231,0.00067485,0.00078973,0.00089041,0.00096935,0.00101961,0.00105286,0.00107816,0.00110173,0.0011283,0.00115364,0.00118344,0.00121664,0.00125155,0.00128594,0.00131255,0.00133582,0.00135672,0.00137944,0.00140996,0.00145071,0.00151167,0.00159475,0.00169872,0.00181648,0.00193237,0.00203932,0.00213055,0.00221129,0.00229653,0.00240308,0.0025555,0.00276739,0.00304304,0.00337092,0.00371939,0.00405553,0.0043485,0.00459143,0.00480786,0.00503956,0.00533486,0.00573424,0.00626317,0.00692995,0.00772851,0.00862545,0.00958864,0.01059696,0.01165593,0.01281537,0.01409561,0.01554216,0.01717206,0.01905557,0.0212982,0.02381286,0.02661333,0.02972187,0.03318413,0.03715742,0.04161929,0.04664963,0.05232128,0.05870625,0.0660128,0.07417683,0.08322302,0.0931519,0.10392868,0.11565269,0.12824801,0.14182921,0.15668638,0.17310714,0.19148417,0.21234975,0.23591796,0.26211123,0.29039978,0.32256417,0.3558984,0.38980493,0.42422651
KHM,2068,0.00633839,0.00038586,0.00038467,0.00039481,0.00041054,0.00042442,0.00042486,0.0004096,0.00038201,0.00034948,0.00032248,0.00030766,0.00031024,0.00033441,0.00038226,0.0004566,0.0005524,0.0006631,0.00077616,0.00087531,0.00095308,0.00100271,0.00103564,0.00106072,0.00108412,0.00111048,0.00113558,0.00116513,0.00119801,0.00123258,0.00126667,0.0012931,0.00131623,0.00133704,0.00135964,0.00138991,0.00143018,0.00149041,0.0015725,0.00167522,0.00179149,0.00190581,0.00201138,0.00210146,0.00218114,0.00226523,0.00237039,0.00252072,0.00272926,0.00300074,0.00332433,0.0036682,0.00399963,0.0042885,0.00452817,0.00474169,0.00497015,0.00526147,0.00565542,0.00617762,0.00683726,0.007627,0.00851285,0.00946515,0.01046146,0.0115063,0.01265138,0.01391405,0.01534122,0.01697123,0.01881239,0.02098184,0.02347318,0.02624563,0.02931912,0.03273333,0.03665554,0.04106847,0.04604353,0.05166139,0.05799324,0.06524488,0.07335071,0.08233619,0.09220056,0.10291551,0.11458456,0.12711259,0.14060622,0.1553481,0.17173108,0.1901701,0.21097497,0.23441922,0.26051326,0.28872457,0.32092845,0.35432872,0.38835582,0.42296295
KHM,2069,0.00622867,0.00038162,0.00037933,0.00038839,0.00040311,0.00041622,0.00041636,0.00040128,0.00037426,0.00034248,0.00031614,0.00030175,0.00030441,0.00032825,0.00037533,0.00044842,0.00054263,0.00065148,0.00076269,0.00086029,0.0009369,0.00098583,0.00101838,0.00104323,0.0010664,0.00109251,0.00111737,0.00114659,0.00117914,0.00121335,0.00124709,0.00127329,0.00129626,0.00131694,0.00133939,0.00136939,0.00140918,0.00146863,0.00154965,0.00165105,0.00176586,0.00187858,0.00198266,0.00207153,0.00215018,0.00223311,0.00233668,0.00248498,0.00269059,0.00295775,0.00327632,0.00361537,0.00394227,0.00422688,0.00446299,0.0046735,0.00489873,0.00518587,0.00557435,0.00608928,0.00674022,0.00752132,0.00839703,0.00933718,0.01032181,0.01135368,0.01248375,0.01373002,0.01513685,0.01674421,0.01858295,0.02070645,0.02311755,0.02586277,0.02890411,0.0322784,0.0361481,0.04050286,0.04542143,0.05097532,0.05724386,0.06443449,0.07247431,0.08139024,0.09118283,0.10182288,0.11342292,0.12588685,0.139302,0.15394181,0.17018979,0.18856934,0.2094177,0.23277658,0.25871889,0.28681024,0.31896846,0.35241068,0.3865118,0.42124943
KHM,2070,0.0061272,0.00037785,0.00037446,0.0003824,0.00039613,0.00040846,0.00040827,0.00039337,0.00036688,0.00033581,0.00031012,0.00029613,0.00029888,0.00032241,0.00036876,0.00044067,0.00053335,0.00064047,0.00074991,0.00084602,0.00092156,0.00096983,0.00100199,0.00102663,0.00104961,0.00107547,0.00110009,0.00112902,0.00116123,0.00119512,0.00122853,0.00125449,0.0012773,0.00129786,0.00132017,0.00134993,0.00138929,0.00144801,0.001528,0.00162812,0.00174151,0.00185278,0.00195547,0.00204314,0.00212078,0.00220269,0.00230477,0.00245097,0.00265392,0.00291752,0.00323127,0.0035651,0.00388758,0.00416843,0.00440108,0.0046085,0.00483061,0.00511382,0.00549698,0.00600505,0.00664734,0.00741884,0.00828551,0.00921551,0.01018816,0.01120845,0.01232575,0.01355618,0.01494528,0.01653051,0.01834462,0.02046615,0.02282861,0.02548842,0.02850154,0.03184248,0.03567205,0.03997146,0.04482854,0.05032257,0.05652313,0.06364839,0.07162342,0.08047007,0.09019095,0.10075873,0.1122864,0.12468248,0.13803367,0.15259051,0.1687275,0.18695541,0.20772735,0.23111778,0.25695367,0.28487052,0.31692704,0.35031001,0.38443742,0.41922284
KHM,2071,0.00601858,0.00037367,0.00036919,0.00037604,0.00038875,0.00040032,0.00039982,0.00038508,0.00035917,0.00032885,0.00030382,0.00029027,0.00029311,0.0003163,0.00036189,0.00043257,0.00052366,0.00062895,0.00073659,0.00083115,0.00090553,0.00095316,0.00098495,0.00100932,0.00103213,0.00105778,0.00108215,0.00111081,0.0011427,0.00117624,0.00120936,0.00123509,0.0012577,0.00127814,0.0013003,0.00132982,0.00136875,0.00142678,0.00150575,0.00160458,0.00171652,0.0018263,0.00192766,0.00201412,0.00209069,0.00217152,0.00227214,0.00241619,0.0026162,0.00287625,0.00318565,0.00351405,0.00383124,0.00410806,0.00433745,0.00454158,0.00476018,0.00503926,0.00541692,0.00591771,0.00655104,0.00731209,0.00816766,0.00908767,0.0100494,0.01105673,0.01216177,0.01337775,0.01474868,0.01631341,0.01810223,0.02019702,0.02255648,0.02516387,0.02808458,0.03139475,0.03519,0.03944648,0.04424447,0.04967313,0.05581026,0.06286645,0.07077416,0.07955578,0.0892092,0.09971026,0.11117636,0.1235119,0.13680965,0.15131798,0.16738761,0.18552022,0.20615484,0.22949606,0.25540856,0.28327144,0.31526393,0.34864922,0.38283952,0.41778561
KHM,2072,0.00590816,0.00036911,0.00036371,0.00036961,0.00038144,0.00039233,0.00039157,0.00037704,0.00035167,0.00032207,0.00029768,0.00028454,0.00028745,0.00031031,0.00035514,0.0004246,0.00051413,0.00061762,0.00072347,0.00081654,0.00088978,0.00093674,0.00096816,0.00099229,0.00101486,0.00104028,0.00106443,0.00109276,0.00112433,0.00115753,0.00119031,0.00121582,0.00123824,0.0012585,0.0012805,0.00130975,0.00134823,0.00140554,0.00148349,0.00158099,0.00169143,0.00179967,0.00189962,0.00198494,0.00206041,0.00214009,0.00223919,0.00238117,0.00257822,0.00283445,0.00313958,0.00346315,0.00377495,0.00404694,0.00427288,0.00447403,0.00468902,0.00496366,0.0053357,0.00582918,0.00645327,0.00720374,0.00804752,0.00895554,0.00990676,0.01090246,0.0119938,0.01319574,0.01454973,0.0160932,0.01785803,0.0199247,0.02225368,0.02485614,0.02771886,0.03092741,0.03468897,0.03890567,0.04365374,0.04901454,0.05507647,0.06206074,0.06988775,0.07859029,0.08816755,0.09859086,0.10998237,0.12224592,0.13547032,0.14990807,0.16590675,0.183942,0.20444337,0.22760437,0.25342897,0.2813363,0.31326821,0.34654226,0.38068588,0.41563723
KHM,2073,0.00580015,0.00036496,0.00035846,0.00036324,0.00037406,0.00038416,0.00038308,0.00036873,0.00034392,0.00031505,0.00029133,0.00027861,0.00028159,0.00030412,0.00034816,0.00041635,0.00050422,0.00060583,0.00070979,0.00080124,0.00087331,0.00091955,0.00095056,0.00097444,0.00099678,0.00102191,0.00104581,0.00107385,0.00110503,0.00113786,0.0011703,0.00119555,0.00121779,0.00123787,0.00125966,0.00128862,0.00132663,0.00138319,0.00146009,0.00155626,0.00166515,0.00177179,0.00187029,0.00195438,0.00202882,0.00210731,0.0022048,0.00234457,0.00253864,0.00279093,0.00309136,0.00341006,0.00371697,0.00398386,0.00420542,0.00440329,0.00461485,0.00488478,0.00525068,0.00573643,0.00635091,0.00709013,0.00792158,0.00881646,0.00975463,0.01073874,0.01181734,0.01300337,0.01434048,0.01586361,0.01760327,0.01964284,0.02193969,0.0245076,0.02736347,0.03050775,0.0341589,0.03833681,0.04303901,0.04834269,0.05432826,0.06123018,0.06897641,0.0775891,0.08707921,0.09742092,0.10873344,0.1209216,0.13407444,0.14843823,0.16436463,0.18232555,0.20272359,0.22574661,0.25138781,0.27922021,0.31126846,0.34453444,0.3786315,0.41361243
KHM,2074,0.00570371,0.00036119,0.00035376,0.00035759,0.00036751,0.00037694,0.00037557,0.00036137,0.00033707,0.00030886,0.00028571,0.00027337,0.00027643,0.00029866,0.00034202,0.00040909,0.00049552,0.00059549,0.0006978,0.00078785,0.00085888,0.00090454,0.00093519,0.00095885,0.00098102,0.00100592,0.00102959,0.00105737,0.00108827,0.00112077,0.00115293,0.00117797,0.00120004,0.00122001,0.00124163,0.00127032,0.00130793,0.00136385,0.00143985,0.00153489,0.00164249,0.00174776,0.00184499,0.00192802,0.00200155,0.00207911,0.0021752,0.00231301,0.00250448,0.00275346,0.00304986,0.00336411,0.00366696,0.00393009,0.00414765,0.00434187,0.00455033,0.00481649,0.00517697,0.00565576,0.00626189,0.00699148,0.00781221,0.00869592,0.0096225,0.01059517,0.01166408,0.01283851,0.01416045,0.01566742,0.01738758,0.01940409,0.02167585,0.0242141,0.02703845,0.03018156,0.03377167,0.03783858,0.04250742,0.04777081,0.0537052,0.06053912,0.06821072,0.07675234,0.08616403,0.09643357,0.10768526,0.11981595,0.13291635,0.14723102,0.16310522,0.18101543,0.20136193,0.2243078,0.24984264,0.27753099,0.30959761,0.34305006,0.37720522,0.41220291
KHM,2075,0.00560241,0.00035733,0.0003489,0.00035174,0.00036076,0.00036949,0.00036784,0.00035381,0.00033002,0.00030248,0.00027993,0.00026797,0.0002711,0.00029301,0.00033564,0.00040156,0.00048648,0.00058472,0.0006853,0.0007739,0.00084384,0.00088887,0.00091919,0.0009426,0.00096457,0.00098925,0.00101268,0.00104015,0.00107075,0.00110293,0.00113475,0.00115957,0.00118146,0.00120128,0.00122275,0.00125115,0.0012883,0.00134353,0.00141859,0.00151242,0.00161867,0.00172253,0.00181844,0.00190033,0.00197286,0.00204939,0.0021441,0.00227986,0.0024685,0.00271394,0.00300619,0.00331578,0.00361403,0.00387336,0.0040875,0.00427778,0.00448211,0.0047441,0.00509917,0.00557049,0.00616741,0.00688664,0.00769597,0.00856754,0.00948178,0.01044155,0.01149778,0.01266038,0.01396786,0.01545615,0.01715626,0.01915002,0.02139463,0.02390361,0.02669377,0.02980033,0.03338761,0.03738542,0.04193194,0.04715505,0.05304119,0.05981722,0.06741162,0.07586914,0.08520138,0.09538522,0.10656205,0.11863017,0.13167197,0.14593182,0.16175296,0.17960498,0.19989379,0.22278411,0.24824031,0.27582801,0.30780605,0.34132001,0.37571372,0.4108245
KHM,2076,0.00549991,0.00035311,0.00034379,0.00034571,0.00035387,0.00036192,0.00036,0.00034615,0.00032286,0.000296,0.00027405,0.00026247,0.00026565,0.00028723,0.00032913,0.00039386,0.00047726,0.00057374,0.00067255,0.00075965,0.00082848,0.00087283,0.00090277,0.00092595,0.00094768,0.00097209,0.00099527,0.00102242,0.00105265,0.00108449,0.00111598,0.00114054,0.00116224,0.00118191,0.00120318,0.00123132,0.00126798,0.00132246,0.0013965,0.00148907,0.00159388,0.00169627,0.00179083,0.00187154,0.00194303,0.00201847,0.00211172,0.00224548,0.00243124,0.00267294,0.00296084,0.00326573,0.00355928,0.00381435,0.00402517,0.00421221,0.00441218,0.00466901,0.00501833,0.00548229,0.00606957,0.00677769,0.00757506,0.00843401,0.00933514,0.01028148,0.0113237,0.01247154,0.0137645,0.01523503,0.01691265,0.01888324,0.02110121,0.02357894,0.02633557,0.02940295,0.03294938,0.03694025,0.04140833,0.04649704,0.05233459,0.05905494,0.06658161,0.0749509,0.08418753,0.094282,0.10536567,0.11735157,0.13032437,0.14451683,0.16027145,0.17805506,0.19826673,0.22108076,0.24646488,0.27396111,0.30587171,0.33930613,0.3737807,0.40914696
KHM,2077,0.00540738,0.00034954,0.00033928,0.00034025,0.00034754,0.00035492,0.00035271,0.00033899,0.00031618,0.00028995,0.00026856,0.00025734,0.00026058,0.00028185,0.00032306,0.00038668,0.00046863,0.00056346,0.0006606,0.00074626,0.00081402,0.00085776,0.00088733,0.00091028,0.00093183,0.00095598,0.00097892,0.00100579,0.00103567,0.00106714,0.00109832,0.00112266,0.00114416,0.00116367,0.00118478,0.00121263,0.00124888,0.00130266,0.00137573,0.00146711,0.00157058,0.0016716,0.0017649,0.00184455,0.00191507,0.00198948,0.00208135,0.00221318,0.00239635,0.00263458,0.00291835,0.0032188,0.00350809,0.00375924,0.00396662,0.00415082,0.00434749,0.00459933,0.00494237,0.00539929,0.00597796,0.00667558,0.00746143,0.00830857,0.00919758,0.01013124,0.01116051,0.01229402,0.01357144,0.01502648,0.01668524,0.01863299,0.02082723,0.02327801,0.0260031,0.02903658,0.03254412,0.03649293,0.04095451,0.04596131,0.0516589,0.05833063,0.06580033,0.07410093,0.08324786,0.0932461,0.10424364,0.1161388,0.12903289,0.14315863,0.1588452,0.17655811,0.19669415,0.21942401,0.24472653,0.27215028,0.30400302,0.33737656,0.37177839,0.40722838
KHM,2078,0.00530854,0.00034565,0.00033448,0.00033451,0.00034092,0.00034763,0.00034515,0.00033158,0.00030926,0.00028368,0.00026287,0.00025201,0.00025532,0.00027627,0.00031674,0.00037921,0.00045966,0.00055277,0.0006482,0.00073241,0.00079907,0.00084218,0.00087141,0.00089413,0.00091549,0.00093944,0.00096212,0.00098869,0.00101825,0.00104936,0.0010802,0.00110433,0.00112566,0.00114501,0.00116597,0.00119357,0.00122937,0.00128248,0.00135456,0.0014447,0.0015468,0.0016464,0.00173842,0.00181699,0.00188657,0.00195993,0.00205037,0.00218021,0.00236064,0.0025954,0.00287489,0.00317061,0.00345538,0.00370256,0.00390643,0.00408735,0.00428078,0.00452831,0.00486473,0.0053133,0.00588268,0.00656967,0.00734324,0.00817745,0.00905356,0.00997396,0.01098947,0.01210815,0.01336873,0.01480525,0.01644522,0.01837151,0.02053974,0.02296374,0.02565876,0.0286571,0.03212824,0.03603411,0.04044918,0.04544662,0.05105626,0.05758172,0.06499995,0.0732416,0.08231885,0.09222688,0.10313176,0.11494716,0.12775907,0.14181626,0.15744734,0.17510307,0.19517994,0.21785044,0.24309197,0.27046898,0.30233972,0.33573617,0.37017296,0.40565741
KHM,2079,0.00522352,0.00034244,0.00033034,0.00032946,0.00033501,0.00034103,0.00033826,0.00032482,0.00030293,0.00027793,0.00025766,0.00024713,0.00025048,0.00027114,0.00031094,0.00037232,0.00045137,0.00054287,0.00063668,0.00071953,0.00078515,0.00082763,0.0008565,0.00087899,0.00090013,0.00092382,0.00094628,0.00097252,0.00100173,0.00103251,0.00106299,0.00108685,0.00110801,0.00112722,0.00114798,0.00117531,0.00121069,0.00126311,0.00133426,0.00142318,0.0015239,0.00162213,0.0017129,0.00179041,0.00185909,0.0019315,0.00202059,0.00214851,0.00232633,0.00255773,0.00283329,0.00312457,0.00340497,0.00364835,0.00384904,0.00402689,0.00421694,0.00446061,0.00479161,0.00523216,0.00579175,0.00646846,0.00723084,0.00805265,0.00891607,0.00982374,0.01082608,0.0119302,0.01317457,0.01459245,0.01621186,0.01811799,0.02026281,0.0226588,0.02532514,0.0282911,0.03172498,0.03559024,0.0399569,0.04490145,0.05049626,0.05692592,0.06418379,0.07236487,0.08137399,0.09120301,0.10200782,0.11371832,0.12643801,0.1403961,0.15593705,0.17350954,0.19349404,0.21606605,0.24120608,0.26848037,0.30029202,0.33365954,0.36806631,0.40352467
KHM,2080,0.00513682,0.00033895,0.00032605,0.00032433,0.00032909,0.00033449,0.00033146,0.00031815,0.00029669,0.00027227,0.0002525,0.00024231,0.0002457,0.00026605,0.00030519,0.0003655,0.00044315,0.00053307,0.00062527,0.00070674,0.00077136,0.00081323,0.00084173,0.00086398,0.00088493,0.00090837,0.00093059,0.00095657,0.00098542,0.00101584,0.001046,0.0010696,0.00109054,0.00110961,0.00113021,0.00115724,0.00119221,0.00124398,0.00131419,0.00140195,0.00150134,0.0015982,0.00168773,0.00176421,0.00183198,0.00190345,0.00199124,0.00211728,0.00229249,0.00252055,0.00279216,0.0030792,0.00335533,0.00359486,0.00379235,0.00396735,0.00415411,0.00439361,0.00471948,0.00515305,0.00570287,0.00636831,0.0071194,0.00792949,0.00878028,0.00967502,0.01066437,0.01175437,0.0129827,0.01438249,0.01598113,0.01786512,0.01998814,0.02235927,0.02499616,0.02793206,0.03133282,0.03515882,0.03948253,0.04437605,0.04991552,0.05633199,0.06349214,0.0715057,0.0804553,0.09021961,0.10095169,0.11256732,0.12518854,0.13906182,0.15451,0.17199826,0.19190634,0.21439734,0.23945759,0.26666085,0.29844299,0.33181664,0.36626976,0.40177785
KHM,2081,0.00505093,0.00033574,0.00032195,0.00031934,0.0003233,0.00032808,0.00032477,0.00031157,0.00029055,0.0002667,0.00024743,0.00023755,0.00024098,0.00026103,0.00029949,0.00035873,0.00043499,0.0005233,0.00061391,0.00069403,0.00075763,0.00079892,0.00082708,0.00084908,0.00086982,0.00089303,0.00091501,0.00094068,0.00096923,0.00099928,0.0010291,0.00105246,0.00107318,0.00109207,0.0011125,0.00113929,0.0011738,0.00122491,0.0012942,0.00138078,0.00147886,0.00157434,0.0016626,0.00173804,0.00180489,0.00187539,0.00196189,0.00208607,0.00225867,0.00248334,0.00275095,0.00303366,0.00330563,0.00354132,0.0037355,0.00390754,0.00409115,0.0043265,0.00464681,0.00507353,0.0056145,0.00626845,0.00700688,0.00780482,0.00864333,0.00952478,0.01050047,0.01157604,0.01278816,0.01416932,0.0157469,0.01760753,0.01970549,0.02205213,0.02466143,0.0275647,0.03093292,0.03472186,0.03900145,0.04384662,0.04932911,0.05568578,0.06283038,0.0707401,0.0795095,0.08921319,0.09988285,0.11142779,0.12395521,0.13773018,0.15309335,0.17048601,0.19030602,0.21272011,0.23770364,0.26484057,0.29660999,0.33000115,0.36451633,0.40013103
KHM,2082,0.00495861,0.00033192,0.0003173,0.00031383,0.00031696,0.0003211,0.00031752,0.00030446,0.00028389,0.00026067,0.00024195,0.0002324,0.00023588,0.0002556,0.00029335,0.00035143,0.00042622,0.00051281,0.00060169,0.00068035,0.00074286,0.0007835,0.00081129,0.00083305,0.00085355,0.0008765,0.00089824,0.0009236,0.00095179,0.00098149,0.00101093,0.00103402,0.00105455,0.00107323,0.00109345,0.00111996,0.00115405,0.00120442,0.00127273,0.00135808,0.00145474,0.00154879,0.00163572,0.00171001,0.0017759,0.00184537,0.00193047,0.0020527,0.00222257,0.00244366,0.00270701,0.00298509,0.00325261,0.00348441,0.00367513,0.00384395,0.00402415,0.00425527,0.00456976,0.00498884,0.00552069,0.00616367,0.00688868,0.00767242,0.00849762,0.00936553,0.01032653,0.0113862,0.01258095,0.01394236,0.01549725,0.01733304,0.01940335,0.02172061,0.02430121,0.02717231,0.03050364,0.03425441,0.03849037,0.04328396,0.04871012,0.05500304,0.06208008,0.0699708,0.07862771,0.08813429,0.09874162,0.11022267,0.1226778,0.13635442,0.15161274,0.16891216,0.18862558,0.21094291,0.23584638,0.26291265,0.29466897,0.32808648,0.36266713,0.39839555
KHM,2083,0.00487372,0.00032855,0.00031312,0.0003088,0.00031115,0.00031467,0.00031084,0.00029791,0.00027776,0.00025509,0.00023689,0.00022766,0.00023117,0.00025058,0.00028766,0.00034467,0.00041805,0.00050306,0.00059033,0.0006676,0.0007291,0.00076914,0.00079659,0.00081814,0.00083845,0.00086114,0.00088264,0.00090772,0.00093557,0.00096492,0.00099405,0.00101686,0.00103718,0.0010557,0.0010757,0.00110192,0.0011356,0.00118532,0.00125268,0.00133687,0.00143222,0.00152492,0.00161062,0.00168384,0.00174878,0.00181728,0.00190107,0.00202143,0.00218875,0.00240653,0.00266588,0.0029396,0.0032029,0.003431,0.00361864,0.00378447,0.00396138,0.00418848,0.00449767,0.00490961,0.00543248,0.00606541,0.00677893,0.00754913,0.0083604,0.00921536,0.01016312,0.01120767,0.01238558,0.01372833,0.01526197,0.01707405,0.01911826,0.02140679,0.02395713,0.0267988,0.03009778,0.03380996,0.03800557,0.04275269,0.04812392,0.05435845,0.06136858,0.06918909,0.07782982,0.08721934,0.09761786,0.10903903,0.12143156,0.13503325,0.15018507,0.16736655,0.18696981,0.20916159,0.23395007,0.26092275,0.29262636,0.32602178,0.36061542,0.39638544
KHM,2084,0.00478681,0.00032493,0.00030869,0.00030354,0.0003051,0.000308,0.00030391,0.00029111,0.00027141,0.00024932,0.00023163,0.00022273,0.00022628,0.00024538,0.00028176,0.00033767,0.00040963,0.00049298,0.00057861,0.00065447,0.00071489,0.00075432,0.00078141,0.00080271,0.00082281,0.00084526,0.00086648,0.00089124,0.00091876,0.00094775,0.00097653,0.00099912,0.00101919,0.00103754,0.00105736,0.00108327,0.00111648,0.00116554,0.00123195,0.00131491,0.00140891,0.00150022,0.00158464,0.0016568,0.00172076,0.00178824,0.00187068,0.00198912,0.00215381,0.0023682,0.00262351,0.00289276,0.0031517,0.00337596,0.00356036,0.0037233,0.00389685,0.00411969,0.00442336,0.00482814,0.00534182,0.00596393,0.0066659,0.00742348,0.00822028,0.00906031,0.00999408,0.01102359,0.01218388,0.01350675,0.01501823,0.01680591,0.01882289,0.02108182,0.02359991,0.02640764,0.02967449,0.03335042,0.03750274,0.04220449,0.04752392,0.05370002,0.06064822,0.06839934,0.07696913,0.08635003,0.09663322,0.10783913,0.12018317,0.13373384,0.14882181,0.16590666,0.1854027,0.20750205,0.23219175,0.2590924,0.29080609,0.32425509,0.35895513,0.39488479
KHM,2085,0.00470544,0.00032165,0.00030465,0.00029873,0.00029956,0.00030188,0.00029754,0.00028486,0.00026556,0.00024401,0.00022679,0.00021818,0.00022177,0.00024057,0.0002763,0.00033116,0.00040177,0.00048357,0.00056763,0.00064218,0.0007016,0.00074043,0.0007672,0.00078828,0.00080818,0.0008304,0.00085139,0.00087585,0.00090302,0.00093167,0.00096011,0.00098245,0.00100234,0.00102049,0.00104011,0.00106574,0.0010985,0.00114688,0.00121241,0.00129423,0.0013869,0.0014769,0.00156012,0.00163123,0.00169431,0.0017608,0.00184191,0.00195853,0.0021207,0.00233183,0.0025833,0.00284838,0.00310319,0.00332379,0.0035051,0.00366526,0.00383585,0.00405471,0.00435304,0.00475097,0.00525614,0.00586805,0.00655856,0.00730452,0.00808894,0.00891467,0.00983363,0.01084865,0.01199292,0.01329678,0.01478676,0.01655104,0.01854208,0.02077236,0.02325952,0.02603356,0.02926554,0.03290732,0.03702054,0.04167528,0.0469451,0.05306597,0.05995085,0.06763538,0.0761311,0.08543671,0.09571458,0.10679473,0.11890349,0.1323979,0.14742108,0.16442108,0.18379125,0.20575021,0.23031347,0.25708228,0.28871919,0.32213992,0.35684533,0.39281601
KHM,2086,0.00463275,0.00031882,0.00030105,0.00029435,0.00029446,0.00029621,0.00029162,0.00027903,0.00026009,0.00023904,0.00022226,0.00021392,0.00021753,0.00023606,0.00027118,0.00032506,0.00039439,0.00047474,0.00055733,0.00063061,0.0006891,0.00072736,0.00075376,0.00077462,0.00079432,0.00081628,0.00083705,0.00086121,0.00088804,0.00091633,0.00094446,0.00096654,0.00098624,0.00100424,0.00102364,0.00104899,0.00108134,0.00112904,0.00119367,0.0012744,0.00136583,0.00145454,0.00153659,0.00160674,0.00166893,0.00173452,0.00181439,0.00192923,0.00208902,0.00229706,0.00254486,0.002806,0.00305696,0.0032741,0.00345246,0.00360994,0.00377765,0.00399292,0.00428622,0.00467753,0.00517456,0.00577697,0.00645667,0.00719102,0.00796399,0.00877744,0.00968199,0.01068147,0.01181007,0.01309634,0.01456545,0.01630664,0.01827257,0.02047537,0.02293244,0.02567406,0.02887122,0.03247618,0.03655302,0.04116584,0.04638536,0.05245461,0.05928206,0.06690194,0.07533118,0.08456391,0.09477038,0.1058563,0.11783905,0.1310896,0.14606153,0.16299934,0.18228529,0.20411967,0.22854857,0.25520881,0.28677264,0.32017207,0.35491839,0.39097141
KHM,2087,0.00454303,0.00031485,0.00029642,0.00028899,0.00028841,0.00028962,0.00028481,0.00027237,0.00025386,0.00023338,0.0002171,0.00020907,0.0002127,0.0002309,0.00026532,0.0003181,0.000386,0.00046469,0.00054561,0.00061747,0.00067489,0.00071254,0.00073858,0.00075918,0.00077869,0.00080041,0.00082092,0.00084479,0.00087128,0.00089919,0.00092694,0.00094878,0.00096824,0.00098606,0.00100528,0.0010303,0.0010622,0.0011092,0.00117282,0.00125232,0.0013424,0.00142971,0.00151045,0.0015795,0.00164074,0.00170528,0.00178378,0.00189663,0.00205367,0.00225822,0.00250188,0.00275853,0.00300518,0.00321852,0.00339357,0.00354804,0.00371248,0.00392366,0.00421155,0.00459549,0.00508324,0.0056749,0.00634271,0.00706415,0.00782366,0.00862377,0.00951398,0.0104962,0.01160568,0.01287207,0.01431876,0.0160342,0.01797168,0.02014381,0.02256758,0.02527284,0.02843159,0.03199469,0.03602698,0.04059508,0.04576355,0.05177422,0.05854133,0.06609562,0.07445274,0.08361286,0.09374261,0.10475363,0.11674575,0.12986232,0.14457355,0.161455,0.18067157,0.20241575,0.2267165,0.25324773,0.28475523,0.31812649,0.35290744,0.38906173
KHM,2088,0.00447052,0.00031191,0.00029276,0.0002846,0.00028332,0.00028398,0.00027893,0.00026659,0.00024844,0.00022844,0.00021259,0.00020484,0.00020849,0.00022641,0.00026022,0.00031202,0.00037866,0.00045589,0.00053532,0.00060592,0.00066239,0.00069945,0.00072517,0.00074554,0.00076482,0.00078632,0.0008066,0.00083017,0.00085634,0.00088391,0.00091132,0.00093289,0.00095217,0.0009698,0.00098883,0.00101359,0.00104504,0.0010914,0.00115415,0.0012325,0.00132131,0.00140738,0.00148697,0.00155501,0.00161539,0.00167903,0.00175629,0.00186741,0.00202202,0.00222342,0.00246343,0.00271611,0.00295891,0.00316891,0.00334113,0.00349293,0.00365447,0.00386197,0.00414502,0.00452266,0.00500225,0.00558426,0.00624147,0.00695172,0.00769936,0.00848704,0.00936481,0.01033297,0.01142499,0.01267181,0.01409811,0.01579099,0.01770251,0.01984627,0.02223974,0.02491215,0.02803538,0.03156001,0.03554993,0.04007257,0.04519513,0.05115427,0.05786147,0.06535501,0.0736471,0.08273628,0.09279626,0.10373144,0.11564829,0.12877664,0.1433422,0.15993941,0.17908554,0.20074405,0.22493717,0.25132395,0.28271309,0.3160171,0.35075691,0.38692489
KHM,2089,0.00439622,0.00030893,0.00028904,0.00028012,0.00027812,0.00027821,0.00027292,0.00026067,0.00024289,0.00022338,0.00020798,0.0002005,0.00020417,0.0002218,0.00025497,0.00030575,0.00037109,0.00044681,0.00052471,0.00059397,0.00064945,0.00068593,0.00071128,0.00073143,0.00075049,0.00077172,0.00079178,0.00081506,0.00084089,0.00086811,0.00089517,0.00091647,0.00093551,0.00095298,0.00097179,0.00099626,0.00102731,0.00107299,0.00113482,0.00121204,0.00129954,0.00138429,0.00146271,0.00152975,0.0015892,0.00165189,0.00172789,0.00183719,0.00198933,0.00218748,0.00242361,0.00267219,0.00291102,0.00311752,0.00328684,0.00343598,0.00359453,0.00379825,0.00407624,0.0044473,0.00491872,0.00549084,0.00613695,0.00683556,0.00757123,0.0083462,0.0092105,0.01016458,0.01124032,0.01246688,0.01387039,0.01553969,0.01742526,0.01953956,0.02190109,0.02453944,0.02762616,0.03111088,0.03505743,0.03953226,0.04460351,0.05051179,0.05716239,0.06459167,0.07282033,0.08184349,0.09183397,0.10270176,0.11454561,0.12760154,0.14218738,0.15863813,0.17748895,0.19908295,0.22320318,0.249506,0.28081463,0.314065,0.34881939,0.38503885
KHM,2090,0.00432693,0.00030613,0.00028562,0.00027605,0.00027346,0.00027307,0.00026757,0.00025543,0.00023797,0.0002189,0.00020389,0.00019664,0.00020033,0.00021769,0.0002503,0.00030018,0.00036434,0.00043873,0.00051529,0.0005834,0.00063799,0.00067396,0.00069902,0.00071895,0.00073785,0.00075886,0.00077868,0.00080171,0.00082724,0.00085414,0.00088092,0.00090199,0.00092083,0.00093812,0.00095677,0.00098098,0.00101164,0.00105675,0.00111773,0.00119392,0.00128026,0.0013638,0.00144112,0.00150727,0.00156591,0.00162772,0.00170258,0.00181027,0.00196015,0.00215542,0.0023881,0.00263291,0.00286816,0.00307152,0.00323818,0.00338496,0.0035409,0.00374119,0.00401461,0.00437966,0.0048436,0.00540701,0.00604315,0.00673107,0.00745586,0.00821965,0.00907192,0.01001275,0.01107426,0.01228411,0.01366678,0.01531303,0.01717497,0.0192636,0.0215962,0.02420329,0.02725723,0.03070637,0.03461377,0.03904583,0.04406977,0.04992831,0.05652991,0.06390561,0.07207423,0.08104008,0.09097264,0.10177793,0.11356068,0.1265471,0.14106129,0.15753509,0.1762294,0.19750922,0.22156612,0.24780065,0.2790563,0.31223648,0.3469463,0.38318249
KHM,2091,0.00425289,0.00030279,0.00028173,0.00027156,0.00026838,0.00026751,0.00026183,0.00024979,0.00023269,0.00021409,0.00019949,0.00019249,0.00019619,0.00021326,0.00024526,0.00029418,0.00035709,0.00043003,0.00050515,0.00057202,0.00062565,0.00066103,0.00068575,0.00070545,0.00072413,0.0007449,0.00076448,0.0007872,0.00081242,0.00083898,0.00086541,0.00088624,0.00090488,0.00092196,0.00094041,0.00096435,0.00099458,0.00103905,0.00109917,0.00117421,0.00125929,0.00134157,0.00141769,0.00148283,0.00154062,0.00160151,0.00167511,0.00178104,0.00192854,0.00212068,0.00234967,0.00259045,0.00282178,0.00302177,0.0031856,0.00332979,0.00348298,0.00367971,0.00394824,0.00430687,0.00476277,0.00531677,0.00594252,0.00661908,0.00733203,0.00808371,0.00892332,0.00984998,0.01089545,0.01208774,0.01344986,0.0150712,0.01690562,0.01896607,0.02126826,0.02384126,0.02685869,0.03026891,0.03413388,0.03851914,0.04349188,0.04929491,0.05583785,0.06315637,0.07126423,0.08016377,0.09003571,0.10078006,0.11249747,0.12541981,0.13986031,0.1562576,0.17497776,0.19609609,0.21982419,0.24600993,0.2772539,0.31043694,0.34514753,0.38142344
KHM,2092,0.00418278,0.00029979,0.00027811,0.0002673,0.00026351,0.00026217,0.00025628,0.00024435,0.00022759,0.00020945,0.00019525,0.00018849,0.0001922,0.00020899,0.0002404,0.00028838,0.00035006,0.00042159,0.00049526,0.00056091,0.00061363,0.00064845,0.00067281,0.00069229,0.00071078,0.00073132,0.00075068,0.00077312,0.000798,0.00082425,0.00085035,0.00087093,0.00088937,0.00090629,0.00092452,0.00094817,0.00097803,0.00102186,0.00108112,0.00115511,0.00123894,0.00131997,0.00139495,0.00145907,0.00151598,0.00157596,0.00164833,0.00175249,0.00189757,0.00208662,0.00231191,0.00254869,0.0027761,0.00297259,0.00313354,0.00327511,0.0034254,0.00361853,0.00388218,0.00423429,0.004682,0.00522637,0.00584143,0.0065067,0.00720762,0.00794671,0.00877325,0.00968571,0.01071485,0.01188843,0.01322991,0.0148276,0.01663369,0.01866304,0.02093343,0.0234721,0.02645159,0.02982068,0.0336415,0.03797833,0.04289744,0.04864288,0.05512311,0.06237611,0.07042123,0.07925574,0.08905949,0.09974183,0.1113966,0.12424986,0.13862032,0.15493561,0.17356878,0.19471017,0.21826591,0.24410647,0.2753449,0.30854903,0.34330155,0.37961929
KHM,2093,0.00412422,0.00029717,0.00027497,0.00026362,0.0002593,0.00025754,0.00025147,0.00023962,0.00022315,0.0002054,0.00019154,0.000185,0.00018871,0.00020526,0.00023614,0.00028329,0.00034391,0.0004142,0.00048662,0.00055117,0.00060306,0.00063738,0.00066142,0.00068065,0.00069892,0.00071922,0.00073835,0.00076053,0.0007851,0.000811,0.00083681,0.00085717,0.0008754,0.00089216,0.00091022,0.00093359,0.00096304,0.0010063,0.00106476,0.00113774,0.00122046,0.00130031,0.00137423,0.00143745,0.00149353,0.00155266,0.00162395,0.00172656,0.00186946,0.00205573,0.00227774,0.00251092,0.00273489,0.00292828,0.00308659,0.00322583,0.00337357,0.00356346,0.00382281,0.00416924,0.00460967,0.00514544,0.00575092,0.00640602,0.0070965,0.00782435,0.00863887,0.00953833,0.01055292,0.01170955,0.01303157,0.014608,0.01638981,0.0183903,0.0206292,0.02313582,0.02608077,0.02941088,0.03318902,0.03747959,0.0423475,0.04803654,0.05445537,0.06164197,0.06961854,0.07838869,0.08812713,0.0987386,0.11032726,0.12310986,0.13739812,0.15362589,0.17215336,0.19318148,0.21674024,0.24237691,0.27324998,0.30642771,0.34117594,0.37750042
KHM,2094,0.00405805,0.00029395,0.00027131,0.00025945,0.00025463,0.00025246,0.00024623,0.00023449,0.00021834,0.00020102,0.00018753,0.00018121,0.00018493,0.00020121,0.00023154,0.0002778,0.00033727,0.00040624,0.00047732,0.0005407,0.00059169,0.00062547,0.00064919,0.00066818,0.00068622,0.00070628,0.00072518,0.00074707,0.00077134,0.0007969,0.00082237,0.0008425,0.00086055,0.00087712,0.000895,0.00091811,0.00094714,0.00098979,0.00104742,0.00111934,0.00120087,0.00127953,0.00135231,0.00141459,0.00146983,0.00152804,0.00159813,0.0016991,0.00183972,0.002023,0.00224149,0.00247089,0.00269114,0.00288129,0.00303681,0.00317349,0.00331851,0.00350496,0.00375966,0.00410006,0.00453286,0.00505947,0.00565476,0.00629898,0.00697824,0.00769454,0.00849644,0.00938199,0.01038114,0.01152025,0.01282188,0.01437524,0.0161321,0.0181045,0.02031042,0.02278114,0.02568976,0.02898065,0.03271459,0.0369568,0.04177227,0.04740444,0.05376105,0.0608811,0.06878736,0.07748713,0.08716378,0.09771394,0.10923664,0.12195893,0.13618212,0.15233383,0.17078088,0.1917147,0.21517929,0.24085879,0.27159951,0.30447932,0.33930489,0.37574134
KHM,2095,0.00399671,0.00029116,0.00026804,0.00025567,0.00025036,0.0002478,0.00024142,0.00022978,0.00021393,0.00019698,0.00018384,0.00017773,0.00018146,0.00019749,0.00022728,0.00027271,0.0003311,0.00039883,0.00046866,0.00053095,0.00058111,0.00061439,0.00063781,0.0006566,0.00067444,0.00069426,0.00071295,0.00073459,0.00075856,0.00078383,0.000809,0.00082888,0.00084675,0.00086318,0.00088087,0.00090373,0.00093241,0.00097447,0.00103131,0.00110228,0.0011827,0.00126024,0.00133201,0.00139337,0.00144783,0.00150521,0.00157415,0.00167354,0.00181203,0.00199256,0.00220772,0.00243354,0.00265038,0.00283745,0.00299045,0.00312475,0.00326716,0.00345041,0.00370079,0.00403549,0.0044612,0.00497938,0.00556514,0.00619919,0.00686796,0.00757343,0.00836401,0.00923677,0.01022142,0.01134423,0.01262731,0.01415937,0.0158923,0.01783911,0.0200164,0.02245347,0.02532571,0.0285796,0.03227347,0.0364703,0.04123593,0.04681472,0.0531131,0.06017014,0.06801014,0.07664134,0.08625221,0.09674577,0.10821181,0.12087014,0.13503254,0.15111605,0.16948013,0.19032672,0.21369093,0.23927407,0.27009019,0.30283786,0.33736106,0.3738788
KHM,2096,0.00393775,0.00028841,0.00026483,0.00025195,0.00024614,0.00024318,0.00023662,0.00022507,0.00020951,0.00019295,0.00018015,0.00017424,0.00017797,0.00019375,0.00022303,0.00026763,0.00032494,0.00039142,0.00045998,0.00052119,0.00057052,0.00060326,0.00062636,0.00064492,0.00066256,0.00068213,0.00070057,0.00072193,0.00074559,0.00077054,0.00079541,0.00081504,0.0008327,0.00084897,0.00086648,0.00088907,0.00091737,0.00095885,0.00101486,0.00108481,0.00116409,0.00124047,0.00131118,0.00137166,0.00142529,0.00148181,0.00154964,0.00164741,0.00178371,0.00196146,0.00217329,0.00239547,0.00260883,0.00279285,0.00294324,0.00307522,0.003215,0.00339494,0.00364096,0.00396994,0.00438843,0.00489814,0.00547442,0.00609821,0.00675631,0.0074507,0.00822955,0.00908956,0.01005939,0.0111652,0.01242909,0.01393945,0.01564774,0.01756717,0.01971531,0.02211981,0.02495384,0.02816599,0.03181685,0.0359666,0.04067869,0.04619889,0.052434,0.05942262,0.06718957,0.07574512,0.08527958,0.09569904,0.10709992,0.11968988,0.13377193,0.14977473,0.16804548,0.18878142,0.21203068,0.23748805,0.26820621,0.30102307,0.33539847,0.37159545
KHM,2097,0.00388644,0.00028611,0.00026208,0.00024873,0.00024247,0.00023914,0.00023243,0.00022094,0.00020563,0.00018941,0.0001769,0.00017117,0.0001749,0.00019046,0.00021928,0.00026315,0.00031951,0.00038489,0.00045232,0.00051255,0.00056115,0.00059344,0.00061623,0.00063458,0.00065204,0.0006714,0.00068962,0.00071071,0.00073409,0.00075876,0.00078334,0.00080278,0.00082025,0.00083634,0.0008537,0.00087606,0.00090401,0.00094498,0.00100028,0.00106931,0.00114757,0.00122294,0.00129269,0.00135236,0.00140531,0.00146104,0.00152787,0.00162425,0.00175856,0.00193379,0.0021427,0.00236168,0.0025719,0.00275319,0.00290133,0.0030312,0.00316872,0.00334573,0.00358778,0.00391169,0.00432378,0.00482591,0.00539382,0.00600865,0.00665733,0.00734192,0.00811035,0.00895902,0.00991618,0.01100708,0.0122538,0.01374494,0.01543184,0.01732722,0.01944884,0.02182528,0.02462795,0.02780302,0.03141337,0.03552159,0.04018822,0.0456571,0.05183626,0.0587654,0.0664693,0.07495918,0.08442835,0.09478291,0.10612244,0.11866033,0.13268597,0.14861967,0.16682141,0.18747919,0.21063799,0.23600956,0.26666,0.29943461,0.33394867,0.37006266
KHM,2098,0.00383044,0.00028359,0.00025907,0.0002452,0.00023845,0.00023473,0.00022784,0.00021644,0.00020139,0.00018554,0.00017336,0.00016783,0.00017155,0.00018688,0.00021518,0.00025825,0.00031357,0.00037775,0.00044396,0.00050312,0.00055089,0.0005827,0.00060518,0.0006233,0.00064055,0.00065968,0.00067769,0.00069851,0.00072157,0.00074592,0.0007702,0.00078941,0.00080671,0.00082262,0.00083978,0.0008619,0.0008895,0.0009299,0.00098443,0.0010525,0.00112964,0.00120389,0.00127265,0.00133143,0.00138361,0.00143855,0.00150426,0.00159911,0.00173131,0.00190377,0.00210943,0.00232496,0.00253183,0.00271009,0.00285574,0.00298337,0.00311838,0.00329226,0.00353003,0.0038483,0.00425344,0.00474731,0.00530603,0.00591113,0.00654971,0.00722363,0.00798072,0.00881696,0.00976017,0.01083528,0.01206347,0.01353349,0.01519703,0.0170667,0.01915968,0.02150458,0.02427387,0.02741161,0.03097807,0.03503822,0.039655,0.04506981,0.05118832,0.05805215,0.06568779,0.07410704,0.08350551,0.09379067,0.10506199,0.11753479,0.1315038,0.14737536,0.16550017,0.18608382,0.20916373,0.23445172,0.26505993,0.29781045,0.33233907,0.36866096
KHM,2099,0.00377434,0.00028095,0.00025605,0.00024176,0.0002346,0.00023055,0.00022353,0.00021222,0.00019744,0.00018193,0.00017005,0.00016469,0.00016842,0.0001835,0.00021133,0.00025364,0.00030798,0.00037103,0.00043608,0.00049425,0.00054126,0.0005726,0.00059482,0.00061273,0.00062979,0.00064871,0.00066652,0.0006871,0.00070989,0.00073392,0.00075792,0.00077693,0.00079404,0.00080982,0.0008268,0.00084867,0.00087594,0.00091582,0.00096963,0.0010368,0.00111292,0.00118611,0.0012539,0.00131189,0.00136333,0.00141749,0.00148221,0.00157558,0.00170577,0.00187567,0.0020782,0.00229039,0.00249411,0.00266958,0.00281283,0.00293834,0.00307104,0.00324195,0.00347574,0.00378872,0.00418715,0.00467322,0.00522327,0.00581913,0.00644827,0.00711237,0.00785887,0.00868354,0.00961374,0.01067404,0.01188542,0.01333589,0.01497746,0.01682309,0.01888982,0.02120554,0.02394283,0.02704665,0.03057506,0.03459034,0.03915793,0.04452225,0.05058595,0.05738889,0.06495999,0.07331337,0.08264623,0.09286626,0.10407416,0.11648357,0.13039053,0.14620758,0.16427012,0.18477714,0.20778653,0.23300388,0.26356363,0.29629301,0.3308179,0.36716968
KHM,2100,0.00371994,0.00027803,0.00025291,0.00023833,0.00023085,0.00022654,0.00021944,0.00020822,0.00019369,0.0001785,0.0001669,0.0001617,0.00016541,0.00018028,0.00020765,0.00024925,0.00030267,0.00036466,0.00042864,0.00048586,0.00053214,0.00056301,0.00058493,0.00060265,0.00061952,0.00063821,0.0006558,0.00067614,0.00069865,0.0007224,0.00074609,0.00076488,0.00078182,0.00079744,0.00081428,0.00083589,0.00086279,0.00090218,0.00095527,0.00102153,0.00109665,0.00116882,0.00123565,0.00129281,0.00134356,0.00139697,0.00146071,0.00155271,0.00168095,0.00184836,0.00204794,0.00225688,0.00245751,0.00263032,0.00277135,0.00289476,0.00302523,0.00319335,0.00342328,0.00373125,0.00412329,0.00460176,0.00514349,0.00573047,0.00635044,0.00700512,0.00774153,0.00855495,0.00947245,0.01051827,0.01171314,0.01314494,0.01476513,0.016587,0.01862794,0.02091554,0.02362145,0.02669064,0.03018211,0.03415573,0.03867414,0.04398468,0.04999282,0.05673595,0.06424147,0.07252653,0.08179172,0.09194443,0.10308543,0.11542816,0.129266,0.14501327,0.16301159,0.18344707,0.20637221,0.23151773,0.26203174,0.29472913,0.32925613,0.36563039
