MYS,1950,0.12698217,0.02001543,0.01578441,0.01267368,0.01033807,0.00822572,0.00629205,0.00464111,0.00337513,0.00259781,0.00240887,0.00232984,0.00235896,0.00251605,0.00280942,0.003229,0.0037402,0.00428,0.00481209,0.00527964,0.00563365,0.00586336,0.00597354,0.00601881,0.0060672,0.00614795,0.00626454,0.00642392,0.00663035,0.00687691,0.00714923,0.00744645,0.00777605,0.00813533,0.00851588,0.00890897,0.0093133,0.00972201,0.01013111,0.01056229,0.01105284,0.01163886,0.01234006,0.01317652,0.0141433,0.01522031,0.01641612,0.01771613,0.01906712,0.02047953,0.02202685,0.02376088,0.02566985,0.02778218,0.03007066,0.03252303,0.03518546,0.03806646,0.04111986,0.04442962,0.0480808,0.05209489,0.05653648,0.06140859,0.06673742,0.07257981,0.07878313,0.08571016,0.09331456,0.10165637,0.11069814,0.12024063,0.13000569,0.13977086,0.14952615,0.15970881,0.17123794,0.18506597,0.20152697,0.22066409,0.24211528,0.26571549,0.29059262,0.31541479,0.33975814,0.36497236,0.39241677,0.42198576,0.45411896,0.48825356,0.52498039,0.56503668,0.60560897,0.64770004,0.69176894,0.7091669,0.73932456,0.76708868,0.79266429,0.81613739
MYS,1951,0.12039217,0.01858953,0.01462426,0.01162997,0.00942288,0.00748203,0.005739,0.00427153,0.00315723,0.0024724,0.00229163,0.00221901,0.00225007,0.00240784,0.0027044,0.00312785,0.00364002,0.00417176,0.00468631,0.00514231,0.00550048,0.00573833,0.00585623,0.00590902,0.00596144,0.00603846,0.00615648,0.00631428,0.0065086,0.00674333,0.00701451,0.00730581,0.00761712,0.00795362,0.00831428,0.00869563,0.00909295,0.0095088,0.00993973,0.01038739,0.01087216,0.01142603,0.01208455,0.01286666,0.01379093,0.01484702,0.01601675,0.01730391,0.01869057,0.0201286,0.02163138,0.02327153,0.02510242,0.02710573,0.02931318,0.03169366,0.03426238,0.0370727,0.04012092,0.04336925,0.04690016,0.0507826,0.05504742,0.05977503,0.06497862,0.07071769,0.07680464,0.083601,0.09118766,0.09939837,0.10820624,0.1174397,0.12690453,0.13635355,0.14588248,0.15586327,0.16685334,0.17976332,0.19545704,0.21389427,0.23486944,0.2575951,0.28176735,0.30671531,0.33125974,0.35547103,0.38106962,0.40943291,0.44025765,0.47367429,0.50908764,0.54643599,0.58635365,0.62726888,0.66974125,0.68864432,0.71857892,0.74685941,0.77307015,0.7972962
MYS,1952,0.11412347,0.01681763,0.01367212,0.01085428,0.00870933,0.00687271,0.00526858,0.00394693,0.00295797,0.00235221,0.00217654,0.00210674,0.00213862,0.00229005,0.00257178,0.00297541,0.00346471,0.00397113,0.00444771,0.00484556,0.00514532,0.00534501,0.00544412,0.00549543,0.00555385,0.00563516,0.00575107,0.00591164,0.00610667,0.00633349,0.00659814,0.0068941,0.00720541,0.00752882,0.00787062,0.00823521,0.00862329,0.00903378,0.00947327,0.00994473,0.01044869,0.01099917,0.01162631,0.01236462,0.01323087,0.01423939,0.01538296,0.0166387,0.01800908,0.01948489,0.02101914,0.02261896,0.02435498,0.02627593,0.02836435,0.03065224,0.03313674,0.0358408,0.03880933,0.04204869,0.04551323,0.04926785,0.05338967,0.0579234,0.06296255,0.06855414,0.07451903,0.08116824,0.0885898,0.09675144,0.10539777,0.11437408,0.12350448,0.13263192,0.14182075,0.15153772,0.16226703,0.17455587,0.18922371,0.20678336,0.22694978,0.24912392,0.27234596,0.29654838,0.32123314,0.34565564,0.37018064,0.39655508,0.42605752,0.45805028,0.49264661,0.52856957,0.56565181,0.60585718,0.64705447,0.66717412,0.69709509,0.72545254,0.75202559,0.77686125
MYS,1953,0.10832697,0.01538693,0.01245821,0.01021222,0.0081858,0.00639539,0.00488485,0.00367344,0.00278543,0.00224359,0.00207119,0.00200139,0.00203094,0.0021729,0.00243379,0.00280854,0.00326631,0.00374193,0.00417975,0.00452201,0.00475267,0.00489299,0.00496402,0.00500562,0.00506176,0.00514591,0.005264,0.00542222,0.00562111,0.00585127,0.00611137,0.00640349,0.00672038,0.00704427,0.0073747,0.00772187,0.00809393,0.00849545,0.00892956,0.00940857,0.00993532,0.01050419,0.01112722,0.01183268,0.01265319,0.0136018,0.01469587,0.01592397,0.01726284,0.01872253,0.02029525,0.0219269,0.02362133,0.02544279,0.02744462,0.02960872,0.03199701,0.0346139,0.03747306,0.04063094,0.04408614,0.04777204,0.0517608,0.05614279,0.06097703,0.06639352,0.07220886,0.07872674,0.08598898,0.09397284,0.10255922,0.11136757,0.12024569,0.12903901,0.13790419,0.14727241,0.15771774,0.1697116,0.18370262,0.20015517,0.21937178,0.2406876,0.26335485,0.28660373,0.31056867,0.33518624,0.35997094,0.38523895,0.41265701,0.44327854,0.4764094,0.51151749,0.54717359,0.58448592,0.62500604,0.64578035,0.67548662,0.70385718,0.73077394,0.75584597
MYS,1954,0.10283201,0.01417515,0.01145549,0.00935061,0.00773502,0.00625038,0.00487001,0.00367309,0.00273849,0.0021469,0.00197605,0.00190489,0.00192972,0.00206247,0.00230878,0.00266453,0.00310155,0.00355912,0.00397898,0.00430107,0.00450515,0.00461098,0.0046559,0.00468545,0.00473285,0.00481353,0.00493033,0.00508594,0.00527934,0.00550973,0.00576828,0.00605132,0.00636026,0.00668604,0.00701368,0.0073469,0.00769908,0.00808183,0.00850406,0.00897465,0.00950549,0.01009358,0.01073102,0.01142795,0.01221083,0.01310935,0.0141399,0.01531586,0.01662526,0.01805056,0.01960255,0.02126776,0.02298849,0.02476285,0.02666009,0.02873493,0.03099605,0.0335142,0.03628247,0.039323,0.0426886,0.04635834,0.05027023,0.05451033,0.05918322,0.06438363,0.07002114,0.07638211,0.0835066,0.09132325,0.09972384,0.10846562,0.11717542,0.12573092,0.13426869,0.14331234,0.15339734,0.16508076,0.17873466,0.19445008,0.21247433,0.23277831,0.25455982,0.27726823,0.30029054,0.32420914,0.34922163,0.37478045,0.40104564,0.42948799,0.46120589,0.49483421,0.52970696,0.56557879,0.60314747,0.62614073,0.655643,0.68402129,0.71115097,0.73704101
MYS,1955,0.09771792,0.01314762,0.01060964,0.00864267,0.00711733,0.00573976,0.00448706,0.00341725,0.00258891,0.00206025,0.00188944,0.00181606,0.00183527,0.00195597,0.00218318,0.00251454,0.00292541,0.00335903,0.00375599,0.00405433,0.00423588,0.00431749,0.00433737,0.00434844,0.00438365,0.00445434,0.00456567,0.00471697,0.0049063,0.0051316,0.00539074,0.00567257,0.0059729,0.00629117,0.00662092,0.00695126,0.00728954,0.00765198,0.00805439,0.00851138,0.00903167,0.00962169,0.01027656,0.01098605,0.01175812,0.01261596,0.01359302,0.01470202,0.01595671,0.01735046,0.01886536,0.02050665,0.02225886,0.02405721,0.0259035,0.0278678,0.03003426,0.03241798,0.03508205,0.03802507,0.04126394,0.04483608,0.0487246,0.0528785,0.05739786,0.06242084,0.06782951,0.07399376,0.08094594,0.08861357,0.09683634,0.105384,0.11401345,0.1223919,0.13069292,0.13939039,0.1491192,0.16039896,0.17368728,0.18900973,0.20622808,0.22525019,0.24596013,0.26775264,0.29023665,0.31319689,0.33749071,0.36326815,0.38982149,0.41703558,0.44644818,0.47860528,0.5119713,0.54703836,0.58310589,0.60641856,0.63568068,0.66395601,0.69118823,0.71756705
MYS,1956,0.09289473,0.01219151,0.00982505,0.00799258,0.00656911,0.00530264,0.00416819,0.00320976,0.00246988,0.00199218,0.00181833,0.00174135,0.00175459,0.00186413,0.00207418,0.00238449,0.00277247,0.00318648,0.00356688,0.00385289,0.00402608,0.00410178,0.0041135,0.00410963,0.00412849,0.00418657,0.00428678,0.00443087,0.0046135,0.00483251,0.00508457,0.00536489,0.0056621,0.005971,0.00629322,0.00662531,0.0069599,0.00730764,0.00768861,0.00812412,0.00862895,0.00920676,0.00986219,0.01058835,0.01137229,0.01221858,0.01315367,0.01420803,0.01539514,0.01673369,0.01821656,0.01981989,0.02154739,0.02337928,0.02525345,0.02717062,0.02922845,0.03151934,0.0340502,0.03689087,0.04003247,0.04347688,0.0472702,0.05140587,0.05584484,0.06071915,0.0659586,0.07189419,0.07865393,0.08616299,0.09425847,0.10265296,0.11111271,0.1194262,0.12757221,0.13606341,0.14545408,0.15637493,0.16924696,0.18419341,0.20102253,0.21924168,0.23866512,0.25941905,0.28105366,0.30356383,0.32696275,0.35207793,0.37892273,0.40651777,0.4347309,0.46459991,0.49659869,0.53026757,0.56570125,0.59020527,0.61955022,0.6484759,0.6770501,0.70065163
MYS,1957,0.08813913,0.01125546,0.00907554,0.00737327,0.00605193,0.00489452,0.00387251,0.00301697,0.00235767,0.00192387,0.00174469,0.00166327,0.00167024,0.00176918,0.00196236,0.00225067,0.00261481,0.00300625,0.0033696,0.0036441,0.00381217,0.00388697,0.00389939,0.00389056,0.003895,0.00393638,0.0040221,0.00415256,0.00432533,0.00453419,0.00477589,0.00504514,0.00533691,0.00563921,0.00594933,0.00627166,0.00660591,0.00694775,0.00731155,0.00772271,0.00820274,0.0087615,0.00940093,0.01012402,0.01092077,0.01177388,0.01269033,0.01369378,0.01481672,0.01607809,0.01749776,0.01906303,0.0207469,0.02254968,0.02445427,0.02639061,0.02838293,0.03054062,0.03295324,0.0356325,0.03864594,0.04196556,0.04559838,0.04960452,0.05398894,0.05873719,0.06378187,0.06948845,0.075951,0.08320167,0.09108433,0.09931374,0.10758798,0.11569627,0.12371171,0.131964,0.14105811,0.15152868,0.16391276,0.17829965,0.19461031,0.21230654,0.23076116,0.25001489,0.27040948,0.29187384,0.31462792,0.33862546,0.36458099,0.39226258,0.42064573,0.44904167,0.47842839,0.5103793,0.54401267,0.56984487,0.59907042,0.62846328,0.65832605,0.68762187
MYS,1958,0.08334085,0.01034309,0.00832895,0.00677029,0.00554979,0.00449918,0.00359156,0.00284149,0.00226436,0.00187393,0.00168313,0.001594,0.00159334,0.00168125,0.00185818,0.0021237,0.00246128,0.00282742,0.00316845,0.0034293,0.00359119,0.00366654,0.00368373,0.00367879,0.00367918,0.00370692,0.00377557,0.00388991,0.00404738,0.00424469,0.00447447,0.00473197,0.00501167,0.00530785,0.00561096,0.00592067,0.00624411,0.00658399,0.00693979,0.00733063,0.00778211,0.0083113,0.00892654,0.00962816,0.01041695,0.0112791,0.01219903,0.01317987,0.01424653,0.01543704,0.0167705,0.01826264,0.0198988,0.02164727,0.02351321,0.02547743,0.02748969,0.02957649,0.03184584,0.03439692,0.03723511,0.04041294,0.04390633,0.04773531,0.05197459,0.05665582,0.06156544,0.06705446,0.07326104,0.08018496,0.08778563,0.09579088,0.10389702,0.11181865,0.11961804,0.12771384,0.13654418,0.14668028,0.15854947,0.17237483,0.18804186,0.20514987,0.22304263,0.24128747,0.26012948,0.28032277,0.30200461,0.32533477,0.35012162,0.37685976,0.40531057,0.43387421,0.46175886,0.4910435,0.52293534,0.54969126,0.57851649,0.60708514,0.6339197,0.66345451
MYS,1959,0.0785799,0.00944778,0.00762135,0.00618644,0.00507408,0.00413138,0.00332683,0.00266733,0.00215986,0.0018118,0.001629,0.00152809,0.00151742,0.00159322,0.00175296,0.00199571,0.00230441,0.0026408,0.00295508,0.00319434,0.00334542,0.0034179,0.00343934,0.00344105,0.00344446,0.00346731,0.0035218,0.00361775,0.00375716,0.00393724,0.00415336,0.00439661,0.00466224,0.00494438,0.00523962,0.00554061,0.00584964,0.00617657,0.00652787,0.00690754,0.00733455,0.00783032,0.00841054,0.0090821,0.00984315,0.01069151,0.01161489,0.01259325,0.01362999,0.01475487,0.01600666,0.01740053,0.01895197,0.02064276,0.02244415,0.0243609,0.02639525,0.02849249,0.03067163,0.0330542,0.03573783,0.03871152,0.04203524,0.04569442,0.04972073,0.05421769,0.0590277,0.06433154,0.07026131,0.07686611,0.08407507,0.09174429,0.0995901,0.10732253,0.11490584,0.12273251,0.13132658,0.14110512,0.15252427,0.16570202,0.1806698,0.19699434,0.214177,0.23174963,0.24944648,0.26791407,0.2881492,0.31022811,0.33416954,0.35954245,0.38685143,0.41533717,0.44326995,0.47085439,0.49981066,0.52711987,0.55531222,0.58264043,0.61341232,0.64122621
MYS,1960,0.07391141,0.00859225,0.00693456,0.00563904,0.00461834,0.00375457,0.00302599,0.00243888,0.0019996,0.00171459,0.00158975,0.00149195,0.00146744,0.00153036,0.00167621,0.00190188,0.00219036,0.00250307,0.00279596,0.00302096,0.00316494,0.0032394,0.00326647,0.00327514,0.0032844,0.00330898,0.00335773,0.00343935,0.00356038,0.0037222,0.00392087,0.00415048,0.00440217,0.00467113,0.00495378,0.00524857,0.00555058,0.00586457,0.00620405,0.00658015,0.00699683,0.00746876,0.00801643,0.00865449,0.00938789,0.01021184,0.01112621,0.01211451,0.01315594,0.01425727,0.01544881,0.01676673,0.01822573,0.01983975,0.02159446,0.02345847,0.02545913,0.02759884,0.02980862,0.03211483,0.03464162,0.03747643,0.04061257,0.04412275,0.04800235,0.05230983,0.05696998,0.06220707,0.0679851,0.07435038,0.08128587,0.08862062,0.09620462,0.10376666,0.11124649,0.11891902,0.12728624,0.13687323,0.14798989,0.16077218,0.17515986,0.19088274,0.20740035,0.22440859,0.2415964,0.25906597,0.27770762,0.29849548,0.3213612,0.34609166,0.37223495,0.39981408,0.42796598,0.45587868,0.48337338,0.50918902,0.53688551,0.56404962,0.58594875,0.61794502
MYS,1961,0.06940774,0.00777104,0.00630045,0.00512543,0.0042053,0.00343483,0.00278969,0.00227171,0.00188283,0.00162508,0.00149987,0.00145238,0.00142836,0.00147535,0.00160471,0.0018125,0.00208028,0.00237097,0.00264036,0.00284725,0.00298131,0.00305255,0.00308381,0.00309849,0.00311404,0.0031434,0.00319274,0.00326763,0.00337337,0.00351544,0.00369427,0.00390493,0.00414166,0.00439561,0.00466424,0.00494564,0.00524052,0.00554626,0.00587084,0.00623223,0.00664203,0.00710002,0.00761933,0.00821964,0.00891394,0.00970458,0.0105886,0.01156263,0.01260983,0.01371166,0.01487408,0.0161242,0.01749852,0.01900974,0.02067713,0.02248502,0.02442175,0.02651761,0.02876413,0.03109406,0.03353167,0.03619292,0.03917366,0.04247669,0.0461868,0.05032321,0.05477119,0.05982779,0.0655101,0.07169202,0.07835608,0.08538921,0.09261787,0.0999104,0.1072172,0.1147653,0.12292765,0.13221229,0.14306438,0.15547307,0.16937743,0.18443657,0.20028726,0.21657108,0.23315324,0.25006531,0.26762526,0.28671119,0.30818106,0.3317348,0.3571424,0.38346032,0.41063844,0.43872086,0.46649209,0.49053716,0.5175718,0.54482447,0.57526615,0.59533936
MYS,1962,0.06523744,0.00704927,0.00571758,0.00467284,0.00383553,0.00313748,0.002562,0.00210547,0.00176433,0.00153512,0.0014141,0.00136314,0.00138402,0.00142852,0.00153887,0.00172581,0.00197189,0.00223976,0.00248759,0.00267439,0.0027953,0.00286114,0.00289221,0.00291166,0.00293245,0.00296672,0.0030194,0.00309343,0.00319117,0.00331664,0.00347406,0.00366303,0.00387904,0.00411639,0.00436844,0.00463441,0.00491441,0.00521118,0.00552511,0.0058682,0.00625885,0.0067051,0.00720518,0.00777094,0.00842042,0.00916431,0.01000685,0.01094198,0.01196663,0.01306657,0.01422177,0.01543412,0.01673021,0.01814509,0.01969599,0.02140193,0.02326685,0.02528151,0.02746665,0.0298177,0.03226302,0.03481765,0.03760406,0.04072932,0.04420671,0.0481435,0.05239117,0.05719235,0.06264982,0.06869404,0.07513495,0.08186322,0.08876064,0.09567834,0.10269888,0.11004518,0.1180237,0.12700609,0.13743333,0.14947228,0.16290394,0.17737453,0.19246986,0.20801485,0.223804,0.24004363,0.25696459,0.27485231,0.29447977,0.31649866,0.34058482,0.36605037,0.39184561,0.4188196,0.44665378,0.46932342,0.49543505,0.52176857,0.54441002,0.57430787
MYS,1963,0.06143859,0.00643234,0.00521364,0.00426277,0.0035153,0.00289566,0.00238422,0.00197718,0.00167072,0.00146109,0.00134428,0.00129341,0.00130754,0.00139441,0.0015004,0.00166718,0.00189179,0.00213978,0.00236918,0.00254125,0.00264903,0.00270728,0.00273584,0.00275573,0.00278038,0.00281824,0.00287413,0.00295006,0.00304582,0.0031626,0.00330326,0.00347119,0.0036663,0.00388414,0.004121,0.00437185,0.00463781,0.00492094,0.00522687,0.00555991,0.00593244,0.0063599,0.00684918,0.00739695,0.00801316,0.008714,0.00951218,0.01040926,0.01139944,0.01248243,0.01364245,0.01485434,0.01611863,0.01746064,0.0189212,0.02051767,0.02228966,0.02424461,0.02636187,0.02866605,0.03114697,0.03371858,0.03640415,0.03933959,0.04264549,0.0463572,0.05042293,0.0550328,0.06024212,0.06607684,0.07240203,0.07893392,0.08556206,0.09218784,0.09887556,0.10597261,0.1137798,0.12259579,0.13272963,0.14436565,0.15748995,0.17155677,0.18613222,0.20099853,0.21613354,0.23165805,0.24797471,0.26527291,0.28372951,0.30393618,0.32656089,0.35081822,0.37591673,0.4016576,0.42856642,0.45051614,0.47577667,0.50108313,0.52976911,0.55222439
MYS,1964,0.0581467,0.00593441,0.00481472,0.00393419,0.00324571,0.0026818,0.00222186,0.00185922,0.0015868,0.00139754,0.00128451,0.00123438,0.00124545,0.00132255,0.00147113,0.00163054,0.00183236,0.00205708,0.00226736,0.00242361,0.00251944,0.00256687,0.00258918,0.00260691,0.00263178,0.0026723,0.00273037,0.00280812,0.00290465,0.00301868,0.00315018,0.00330109,0.00347515,0.00367233,0.00389,0.00412603,0.00437735,0.00464673,0.00493869,0.00526287,0.00562393,0.00603119,0.00649943,0.00703463,0.00763114,0.00829654,0.00904924,0.00989976,0.01085022,0.01189735,0.01304031,0.01425823,0.01552317,0.01683295,0.0182183,0.0197214,0.0213793,0.02323818,0.02529558,0.02753168,0.02996684,0.03257747,0.03527883,0.03810509,0.04120822,0.04473451,0.04856358,0.05297503,0.05797496,0.06354105,0.06964237,0.07605307,0.08248074,0.0888378,0.09523131,0.10198457,0.10952113,0.11813201,0.12805259,0.13935092,0.15204274,0.16582258,0.17999789,0.19432716,0.20876816,0.22361924,0.2391858,0.25583892,0.27365391,0.29261812,0.3133319,0.33608211,0.35997757,0.38502899,0.41070807,0.4320182,0.45643525,0.4810018,0.50351625,0.53000193
MYS,1965,0.05522363,0.00546854,0.00443129,0.00362508,0.00298915,0.00247117,0.00205344,0.00172708,0.00148326,0.00131321,0.00120797,0.00115972,0.00116903,0.00123967,0.00137458,0.00157805,0.00176828,0.00196739,0.00215317,0.00229172,0.00237389,0.00241126,0.00242392,0.00243527,0.00245682,0.00249575,0.00255427,0.00263197,0.0027282,0.00284088,0.00296754,0.00310724,0.00326228,0.00343666,0.00363213,0.00384737,0.00408215,0.00433525,0.00461132,0.00491824,0.00526639,0.00565755,0.00610008,0.00660827,0.00718643,0.00782608,0.00853613,0.00933337,0.01022933,0.01122863,0.0123273,0.01352089,0.01478584,0.01609015,0.01743459,0.01885085,0.02040114,0.02212809,0.02407212,0.0262327,0.02858266,0.03113135,0.03385898,0.0366839,0.03964952,0.04293568,0.04654629,0.05067318,0.05542659,0.0607351,0.06651675,0.072659,0.07892964,0.08505125,0.09114131,0.09755295,0.10468044,0.11293731,0.12254806,0.13351992,0.14576926,0.15903403,0.17288692,0.18674694,0.20055566,0.2146086,0.22938595,0.24515345,0.26218734,0.28035991,0.29964781,0.32027633,0.34248346,0.36616328,0.39101283,0.41127863,0.4345352,0.45826232,0.48210711,0.50618534
MYS,1966,0.05273415,0.00510931,0.00413217,0.00337627,0.00278726,0.00231606,0.00194279,0.00165507,0.00144061,0.00128715,0.00118227,0.00113581,0.00114348,0.00121085,0.0013398,0.00153222,0.00177875,0.00197005,0.00213521,0.00225537,0.002326,0.00235462,0.00236062,0.00236469,0.0023815,0.0024185,0.00247709,0.00255722,0.00265616,0.00277222,0.00290207,0.00304219,0.00319186,0.00335337,0.00353237,0.00373219,0.00395346,0.00419775,0.00446615,0.00476671,0.00510782,0.00549755,0.00593681,0.0064334,0.00700055,0.00764046,0.00834537,0.00912228,0.00998934,0.01096125,0.01204263,0.01322546,0.01450362,0.01584987,0.01723374,0.01865549,0.02016619,0.02183557,0.02370064,0.02580614,0.02814575,0.03067915,0.03342135,0.03636313,0.03943269,0.04269749,0.04619401,0.05023843,0.0548572,0.06008871,0.06580168,0.07183372,0.0780694,0.08427996,0.09038461,0.09674183,0.10377758,0.11188779,0.12142638,0.13239112,0.14464216,0.15784244,0.17161511,0.18566009,0.19953027,0.21349514,0.22802843,0.24359428,0.26036862,0.27843926,0.29765465,0.31760909,0.33848063,0.36130728,0.38573498,0.4063007,0.4292153,0.45238429,0.47610979,0.49963848
MYS,1967,0.0506807,0.00480995,0.00391445,0.00318911,0.00262927,0.00219,0.00184791,0.0015882,0.0013962,0.0012574,0.0011571,0.00110997,0.00111813,0.0011823,0.00130589,0.00148974,0.00172261,0.00197722,0.00213107,0.00222814,0.00227941,0.00229638,0.00229388,0.00229141,0.00230087,0.0023325,0.00238825,0.00246756,0.00256794,0.00268586,0.00281839,0.00296116,0.00311066,0.00326622,0.00343179,0.00361439,0.00381931,0.00404906,0.00430756,0.0045991,0.0049321,0.00531256,0.00574818,0.00623904,0.00679166,0.00741773,0.00812065,0.00888971,0.00973281,0.01067153,0.01172112,0.01288283,0.01414687,0.01550434,0.01692966,0.01838964,0.01990184,0.02152422,0.02332313,0.02534072,0.02761861,0.03013733,0.03285949,0.03581025,0.03899095,0.04234769,0.04580632,0.04971242,0.05422279,0.05929424,0.06490939,0.0708485,0.07694465,0.08309939,0.08926789,0.0956136,0.1025653,0.11054142,0.11988152,0.13072166,0.14291685,0.15608407,0.1697713,0.18371935,0.19774988,0.21171862,0.22609601,0.24133417,0.25781991,0.27553821,0.29456084,0.31434146,0.33438089,0.35571903,0.37916396,0.39933528,0.42159554,0.4444197,0.46704005,0.49041838
MYS,1968,0.04877236,0.00452229,0.00367941,0.00302818,0.00249163,0.00207008,0.00175243,0.00151906,0.00135041,0.00122705,0.0011298,0.00108592,0.00109253,0.00115613,0.00127562,0.0014535,0.00167764,0.00191941,0.00214546,0.00223004,0.00225888,0.00225807,0.00224519,0.00223457,0.00223712,0.00226092,0.00231058,0.00238621,0.00248504,0.0026037,0.00273742,0.00288226,0.00303387,0.00318875,0.00334784,0.00351649,0.00370381,0.003917,0.00416072,0.00444207,0.00476574,0.00513731,0.00556237,0.00604855,0.00659438,0.00720459,0.00789286,0.00866045,0.00949621,0.01041061,0.01142655,0.01255678,0.01380137,0.01514762,0.01658947,0.01809831,0.01965503,0.02128118,0.02303138,0.02498013,0.0271679,0.02962751,0.03234245,0.0352814,0.03848099,0.04196143,0.04551643,0.0493739,0.0537273,0.05867389,0.06411408,0.06995124,0.07595034,0.08195646,0.08806426,0.09446371,0.10139098,0.10926855,0.11845799,0.12907745,0.141135,0.15424788,0.16793148,0.18184263,0.19581703,0.20996682,0.22432706,0.23937993,0.25548544,0.27285035,0.29145567,0.31101136,0.33086112,0.35124923,0.37302923,0.39370656,0.41530013,0.43714088,0.46147902,0.48398158
MYS,1969,0.04703319,0.00428017,0.00347979,0.0028555,0.00237191,0.00199112,0.00169472,0.00146975,0.00130326,0.00118239,0.0010941,0.00105244,0.00106115,0.0011219,0.00123905,0.00141045,0.00162603,0.00185677,0.00206883,0.00223041,0.00224561,0.00222279,0.00219329,0.00217302,0.00216776,0.00218451,0.0022259,0.00229458,0.00238866,0.00250461,0.00263793,0.00278295,0.0029358,0.00309208,0.00324983,0.00341116,0.00358311,0.00377668,0.00400158,0.00426541,0.00457574,0.00493487,0.00534757,0.005819,0.00635598,0.00695491,0.00762174,0.00836858,0.00919721,0.01009781,0.01108105,0.01216775,0.01337029,0.01468665,0.01610641,0.0176226,0.01922113,0.02088483,0.02262854,0.02451373,0.02661497,0.02896324,0.03159695,0.03450718,0.0376703,0.04114433,0.0448081,0.04874694,0.05302795,0.05778378,0.063066,0.06869462,0.07456388,0.08044404,0.08637201,0.09268359,0.09963587,0.10745385,0.11649038,0.12689042,0.13863442,0.15151406,0.16505019,0.1788769,0.19274811,0.20677175,0.22125434,0.23622252,0.25207812,0.26899244,0.2871592,0.3061816,0.32569878,0.34583566,0.36657965,0.3869193,0.40790434,0.42971328,0.45120435,0.47558495
MYS,1970,0.04537916,0.00409062,0.00330819,0.00270933,0.00224384,0.00188185,0.001606,0.00140083,0.00125098,0.00114128,0.00105654,0.00102102,0.00102996,0.00109087,0.00120334,0.00137054,0.0015778,0.00179892,0.00199997,0.00214901,0.00224356,0.00220748,0.00215679,0.00212071,0.00210595,0.00211462,0.00214845,0.00220823,0.00229454,0.00240489,0.00253473,0.00267872,0.00283125,0.00298842,0.00314732,0.00330706,0.00347127,0.00364862,0.00385268,0.00409626,0.00438725,0.00473107,0.00512928,0.00558594,0.00610526,0.00669269,0.00734542,0.00806734,0.00887172,0.00976245,0.01072868,0.01177817,0.0129319,0.01420109,0.01558653,0.01707655,0.01867985,0.02038477,0.02216464,0.02403836,0.02606695,0.0283183,0.03082907,0.03364776,0.03677369,0.04020119,0.04385116,0.04789237,0.05224366,0.05690735,0.06197212,0.06741932,0.07306412,0.0788071,0.08459579,0.09070429,0.09754419,0.10536061,0.11430464,0.12450597,0.13598082,0.1484863,0.16174213,0.17539066,0.18916633,0.2030725,0.21739863,0.23244391,0.24815206,0.26476117,0.28242322,0.3009415,0.31985248,0.3395974,0.36001747,0.37974703,0.40016939,0.42097681,0.4442836,0.46576465
MYS,1971,0.04349478,0.00382045,0.00310492,0.00254224,0.00210337,0.00176687,0.00151522,0.00133142,0.00119853,0.00109962,0.0010178,0.00098439,0.00099797,0.00105791,0.00116949,0.00133115,0.00153385,0.00174684,0.0019394,0.00207951,0.00216379,0.00220681,0.00214358,0.00208686,0.00205669,0.00205574,0.00208118,0.00213296,0.00220996,0.00231213,0.00243606,0.00257648,0.00272808,0.00288519,0.00304534,0.00320665,0.00336963,0.00353936,0.00372676,0.00394871,0.0042187,0.00454231,0.00492447,0.00536613,0.00587011,0.00643921,0.00708034,0.00778828,0.0085675,0.00943407,0.01039183,0.0114257,0.01254263,0.01376321,0.01510226,0.01655996,0.01813938,0.01985383,0.02168204,0.02359834,0.02561881,0.02779756,0.03021099,0.03290605,0.03594211,0.03933722,0.04294774,0.04698109,0.051447,0.05618954,0.0611639,0.06639193,0.07185957,0.07739178,0.08306085,0.08903621,0.0956713,0.10337812,0.11233467,0.12245756,0.13374022,0.14599058,0.15888239,0.17227859,0.18592308,0.19979568,0.21405441,0.22897343,0.244795,0.26128514,0.27865196,0.29668875,0.31514226,0.33431045,0.35438219,0.374059,0.39415388,0.4147474,0.43532829,0.46085468
MYS,1972,0.04151741,0.00355958,0.00290545,0.00238078,0.00196746,0.00165468,0.00142595,0.00126276,0.0011466,0.00105901,0.00098159,0.00094906,0.00096278,0.00102556,0.00113464,0.00129395,0.00148989,0.00169784,0.00188241,0.00201524,0.00209224,0.00212649,0.00214026,0.00207221,0.00202207,0.00200596,0.00202147,0.00206434,0.00213269,0.00222481,0.00233981,0.00247365,0.00262113,0.00277693,0.00293674,0.00309908,0.0032634,0.00343158,0.00361062,0.0038144,0.00406082,0.00436147,0.00472115,0.00514442,0.00563106,0.00618219,0.0068019,0.00749552,0.00825785,0.00909548,0.01002523,0.01104795,0.01214626,0.01332559,0.01461077,0.0160171,0.01755961,0.0192457,0.02108115,0.02304533,0.02510675,0.02727201,0.02960303,0.03218902,0.03508773,0.0383805,0.04195173,0.04593418,0.05038187,0.05523457,0.06027596,0.06539246,0.07061639,0.07595135,0.08139911,0.08724249,0.09371919,0.10118415,0.10999286,0.1201037,0.13127264,0.1432825,0.15587539,0.16885462,0.18220933,0.19592376,0.21013049,0.22495362,0.24060018,0.25715778,0.2743494,0.29202719,0.30995905,0.32859822,0.34798175,0.36755496,0.38742252,0.40724125,0.42927035,0.45087065
MYS,1973,0.03939206,0.00328806,0.00268876,0.00221268,0.00182992,0.00154313,0.00133877,0.00119673,0.0010969,0.00101915,0.00094362,0.00091364,0.00092654,0.00098761,0.00109793,0.00125318,0.00144557,0.00164615,0.001826,0.00195195,0.00202323,0.00205172,0.00205775,0.0020637,0.00200352,0.00196799,0.00196845,0.00200101,0.00205991,0.00214274,0.002247,0.00237124,0.0025116,0.00266287,0.0028211,0.00298291,0.00314812,0.00331744,0.00349453,0.00368898,0.0039153,0.00419,0.00452433,0.00492241,0.00538795,0.00591917,0.00651817,0.0071873,0.00793264,0.00875044,0.00964732,0.01063805,0.01172238,0.01287998,0.0141191,0.01546584,0.01695079,0.01859419,0.02039555,0.02236321,0.02447095,0.02667502,0.02898709,0.03148066,0.03425789,0.03739751,0.04085411,0.04478377,0.04916547,0.05398741,0.05913391,0.06430735,0.06940617,0.07448303,0.07972345,0.08533769,0.09166547,0.09894185,0.10746795,0.11739224,0.12853361,0.14040237,0.15271883,0.16537054,0.17827068,0.19167088,0.20570265,0.2204551,0.23597085,0.25230103,0.2695306,0.2870154,0.30455818,0.32263547,0.34145069,0.36101004,0.38064535,0.40039412,0.41971301,0.44380959
MYS,1974,0.03720342,0.00301437,0.002472,0.00203793,0.0016926,0.00143741,0.00125808,0.00113472,0.00104749,0.00097656,0.00090223,0.00087268,0.00088634,0.00094495,0.00105243,0.00120854,0.00139689,0.00159479,0.00176975,0.00189555,0.00196496,0.00199194,0.00199436,0.00199285,0.00200302,0.00195827,0.00193937,0.0019564,0.00200399,0.00207596,0.00216929,0.00228105,0.00241021,0.00255292,0.00270523,0.00286419,0.00302761,0.00319648,0.00337314,0.0035638,0.00377826,0.00402941,0.00433391,0.00470262,0.00513846,0.00564386,0.00621798,0.00686091,0.00757544,0.00836988,0.00924004,0.01018993,0.01123424,0.01237112,0.0135813,0.01487281,0.01628716,0.01786111,0.01960753,0.02152801,0.02362735,0.02586763,0.02820717,0.03066619,0.03332969,0.03632244,0.03959986,0.04338462,0.04768462,0.05241059,0.05749855,0.0627543,0.06787805,0.07279603,0.07774623,0.08311754,0.08917459,0.09624603,0.10451282,0.11407365,0.12494692,0.13673188,0.14883645,0.16112882,0.17362339,0.18648021,0.20011201,0.21461355,0.22996615,0.24605982,0.26297219,0.2804251,0.29766377,0.31520795,0.33332708,0.35296891,0.37235265,0.39180173,0.41279073,0.43349647
MYS,1975,0.03506575,0.00276457,0.00226923,0.00187587,0.00156066,0.00132988,0.00117128,0.00106555,0.00099337,0.00093544,0.00087268,0.00084232,0.00085466,0.00091282,0.00101691,0.00116936,0.00135877,0.00155334,0.0017275,0.00185046,0.00192048,0.0019452,0.00194492,0.0019391,0.00194194,0.0019645,0.0019369,0.00193479,0.0019669,0.00202773,0.00211068,0.00221232,0.00233001,0.00246276,0.0026079,0.00276239,0.00292457,0.00309335,0.00327122,0.00346289,0.00367485,0.00391505,0.00419632,0.00453573,0.00494344,0.00542084,0.00597156,0.006593,0.00728525,0.00805306,0.00890525,0.00983444,0.01084381,0.0119475,0.01314582,0.01441763,0.01578454,0.01729566,0.01898202,0.02085919,0.02292496,0.02517439,0.02757122,0.03007895,0.03272654,0.03562072,0.03876923,0.04238971,0.046566,0.05124141,0.0562703,0.06151214,0.06676617,0.07174525,0.0765741,0.08169146,0.08754186,0.09437733,0.10247447,0.11182132,0.12238621,0.1339782,0.14611269,0.15829247,0.1705174,0.18306511,0.19624564,0.21044433,0.22566103,0.24171404,0.25850542,0.27577343,0.2931478,0.31053327,0.32825504,0.34789573,0.36711611,0.38645566,0.40550212,0.42887118
MYS,1976,0.03299148,0.0025239,0.00208151,0.00172227,0.00143679,0.00123244,0.00109604,0.00100778,0.00094788,0.00089656,0.00083423,0.00081296,0.00082323,0.00087786,0.00097805,0.00112239,0.00130325,0.00149518,0.00166159,0.00177812,0.00183905,0.0018591,0.00185403,0.00184525,0.00184393,0.00185909,0.00189721,0.00188742,0.001901,0.00194699,0.00201945,0.00211142,0.00221962,0.00234137,0.00247696,0.00262472,0.00278281,0.00295073,0.00312886,0.00332195,0.00353482,0.00377212,0.00404135,0.00435534,0.00473093,0.00517735,0.00569706,0.00629237,0.00696087,0.00770432,0.00852735,0.00943644,0.01042252,0.01148714,0.0126477,0.01390442,0.01524776,0.0167054,0.01832213,0.02013263,0.02214922,0.0243596,0.02676209,0.02932577,0.0320194,0.03488997,0.03792815,0.04140168,0.04539238,0.04992671,0.0548949,0.06007119,0.06530784,0.07041276,0.07528555,0.08026713,0.0858425,0.09244634,0.10026751,0.10940091,0.11971246,0.13095783,0.14287043,0.15507728,0.16716932,0.1794142,0.19224333,0.20593755,0.2208065,0.23669431,0.25340801,0.270511,0.2876749,0.30524095,0.32284421,0.34227405,0.36158563,0.38087551,0.40101452,0.42057151
MYS,1977,0.03101055,0.00230903,0.00190487,0.00158343,0.00132205,0.00113825,0.00102127,0.00095001,0.00090342,0.00086041,0.0008002,0.00077807,0.00079566,0.00084746,0.00094421,0.00108641,0.0012621,0.00144991,0.00161924,0.00173426,0.00179562,0.00181266,0.00180688,0.00179424,0.00178888,0.00179863,0.00182787,0.00188116,0.00188504,0.00191123,0.00196726,0.0020472,0.0021441,0.00225484,0.00237803,0.00251514,0.00266554,0.00282847,0.00300514,0.00319759,0.00341037,0.0036464,0.00391007,0.00420837,0.00455434,0.00496562,0.00545267,0.00601526,0.00665625,0.00737454,0.0081696,0.00904385,0.01000499,0.01104181,0.01215841,0.01337493,0.01470486,0.01614046,0.0177019,0.01944075,0.02139028,0.02355302,0.02591945,0.028497,0.03125565,0.03417392,0.03717854,0.04051673,0.04433043,0.04864986,0.05346729,0.05859551,0.06378667,0.06890228,0.07391534,0.07890043,0.08424646,0.09046743,0.09796213,0.10670466,0.11672374,0.12766208,0.13915528,0.15103982,0.16305588,0.17498087,0.18728457,0.2004008,0.21450268,0.22979869,0.24614134,0.26302299,0.27994516,0.29717079,0.31476748,0.33371666,0.35227964,0.37106646,0.38895318,0.40925398
MYS,1978,0.02912277,0.00211956,0.00174989,0.00145485,0.0012202,0.00105997,0.0009621,0.00090557,0.00086922,0.00083192,0.0007729,0.00075094,0.00076593,0.00082305,0.00091518,0.00105196,0.00122392,0.00140507,0.00156981,0.00168867,0.00174977,0.00176876,0.00176161,0.00174969,0.00174172,0.00174836,0.00177287,0.00181797,0.00188652,0.00190389,0.00194061,0.00200437,0.00208971,0.00218984,0.00230292,0.00242838,0.00256888,0.00272485,0.00289681,0.00308831,0.0033013,0.00353853,0.00380245,0.00409704,0.00442863,0.0048096,0.00525957,0.00578806,0.00639511,0.00708536,0.00785729,0.00870767,0.00963803,0.01065507,0.01174898,0.01292367,0.01421285,0.01563524,0.01717539,0.01885633,0.02072932,0.0228205,0.02513601,0.027673,0.03044678,0.03344124,0.0365158,0.03984003,0.04353316,0.04768738,0.05229021,0.057266,0.06241414,0.06748726,0.07251841,0.0776931,0.08315022,0.08925778,0.09645409,0.10495409,0.1146094,0.12528,0.13652592,0.14808635,0.15990844,0.17196823,0.18417682,0.19699188,0.21076698,0.22553263,0.24150173,0.25820034,0.27504914,0.29219577,0.30968443,0.32904294,0.34793163,0.36689869,0.38606004,0.40430182
MYS,1979,0.02729381,0.0019256,0.00159526,0.00132752,0.00111385,0.00097318,0.00089354,0.00085285,0.00082905,0.00080005,0.00074407,0.0007222,0.00073623,0.00078936,0.00088566,0.00101652,0.00118208,0.00135958,0.00151819,0.0016339,0.00170034,0.00171993,0.0017151,0.00170179,0.00169432,0.00169803,0.00171901,0.00175889,0.00181868,0.00190072,0.00192851,0.00197252,0.00204125,0.00212952,0.00223178,0.00234697,0.00247559,0.00262143,0.00278617,0.00297249,0.00318415,0.00342126,0.00368608,0.00398054,0.00430794,0.00467349,0.00509113,0.00558018,0.00615112,0.00680549,0.00754796,0.00837448,0.00928053,0.01026605,0.01134029,0.01249233,0.01373798,0.01511765,0.01664469,0.01830403,0.0201165,0.02212774,0.02436876,0.02685317,0.02958502,0.03259616,0.0357552,0.0391548,0.0428348,0.04686329,0.05129537,0.05605413,0.06105705,0.06610279,0.07110345,0.07629848,0.08194671,0.08817635,0.09526678,0.10345507,0.11285937,0.1231349,0.13410656,0.14543102,0.15693916,0.16882553,0.18120342,0.19394304,0.20742837,0.22187509,0.23731185,0.25364741,0.27034021,0.28744955,0.30490505,0.32406864,0.34344084,0.36273841,0.38208111,0.4015871
MYS,1980,0.02555902,0.00175683,0.00145613,0.00121588,0.00102082,0.00089556,0.00082988,0.00080144,0.00078791,0.00076698,0.00071664,0.00069639,0.00070923,0.00076011,0.00085099,0.0009853,0.0011441,0.00131508,0.00147097,0.00158187,0.00164667,0.00167263,0.00166885,0.00165788,0.00164879,0.00165262,0.00167027,0.00170617,0.00176025,0.00183296,0.00192582,0.00196045,0.00200893,0.0020801,0.00217013,0.00227414,0.00239214,0.00252559,0.00267963,0.00285801,0.0030635,0.00329846,0.00356225,0.00385651,0.00418245,0.00454221,0.00494202,0.0053952,0.00592294,0.00653784,0.00724094,0.00803493,0.00891458,0.00987289,0.01091172,0.01204093,0.01326018,0.01459039,0.01606899,0.01771179,0.01949851,0.02144233,0.02359532,0.02599727,0.02866949,0.03163156,0.03480627,0.03828919,0.0420405,0.04604347,0.05032864,0.05489494,0.0596637,0.06456001,0.06953345,0.07469138,0.08034553,0.08675831,0.09396708,0.10201525,0.11104244,0.12101017,0.13150697,0.14250741,0.15374166,0.16525741,0.17739857,0.19025322,0.20358644,0.21765078,0.23266819,0.24835613,0.26458294,0.28144492,0.29879228,0.31758892,0.33687273,0.35652139,0.37590443,0.3950278
MYS,1981,0.02390987,0.00160482,0.00133015,0.00111125,0.00093639,0.00082665,0.00077169,0.00075045,0.00074187,0.00072489,0.00067878,0.00066271,0.00067574,0.00072385,0.00081102,0.0009381,0.00109948,0.00126277,0.00141285,0.00152399,0.00158751,0.00161497,0.00161894,0.00160923,0.00160238,0.00160423,0.00162136,0.00165308,0.00170194,0.00176728,0.00184885,0.00194775,0.00198545,0.00203493,0.0021062,0.00219634,0.00230135,0.00242216,0.00256129,0.00272605,0.0029202,0.00314497,0.00340249,0.00369128,0.00401221,0.0043652,0.00475331,0.00518139,0.00566376,0.00622448,0.00687657,0.00761863,0.00845276,0.00937199,0.01037004,0.01144822,0.01262813,0.01391304,0.01531936,0.01688866,0.01863407,0.02052538,0.02257917,0.02485697,0.02740725,0.03026693,0.03334977,0.0368016,0.04059075,0.04461721,0.04882039,0.05317486,0.05768544,0.06228432,0.06704804,0.07211158,0.07764453,0.08396457,0.09127626,0.09937409,0.10814088,0.11756523,0.12759699,0.13793714,0.14869026,0.15978345,0.17138744,0.18382895,0.19710392,0.21082068,0.22523955,0.24028518,0.25561869,0.27174957,0.28857528,0.30688369,0.32584152,0.34534342,0.36493281,0.38395632
MYS,1982,0.02238521,0.00147221,0.00121776,0.00101734,0.0008577,0.00076158,0.00071891,0.0007083,0.00070836,0.0006977,0.00065528,0.00064115,0.00065684,0.00070413,0.00078727,0.00090934,0.00106237,0.00122894,0.0013713,0.00147559,0.00153683,0.00155994,0.00156332,0.00156052,0.00155486,0.0015589,0.00157428,0.001606,0.00165167,0.0017134,0.00178981,0.00188021,0.00198601,0.0020265,0.00207794,0.00215149,0.00224516,0.00235577,0.00248526,0.00263815,0.00282205,0.00303941,0.00329118,0.00357911,0.0039009,0.00425615,0.00464558,0.00507084,0.00553729,0.00606168,0.00666967,0.0073731,0.00816956,0.00905985,0.01003813,0.01109691,0.01224798,0.01351834,0.01490648,0.01643182,0.01813558,0.02002338,0.02206538,0.02428546,0.0267558,0.02954292,0.03258231,0.03600331,0.03983484,0.04398687,0.04830874,0.05267711,0.0570712,0.06151259,0.06608213,0.0710367,0.07657442,0.08287179,0.09020633,0.09858965,0.10763583,0.11700218,0.12667672,0.13677068,0.14707787,0.15793117,0.1693651,0.18153222,0.19468866,0.20868238,0.22308958,0.23788074,0.25296754,0.26860756,0.28511872,0.30320475,0.32161315,0.34082421,0.36035153,0.37939225
MYS,1983,0.02098001,0.00135065,0.00112571,0.00093805,0.00079068,0.00070652,0.00067442,0.0006727,0.00067966,0.00067369,0.00063345,0.00062163,0.00063824,0.00068743,0.00076952,0.00088782,0.00103695,0.00119672,0.00134552,0.00144535,0.00150384,0.00152852,0.00153035,0.00152797,0.00152892,0.00153382,0.00155107,0.00158072,0.00162615,0.00168434,0.00175664,0.00184132,0.00193796,0.00204816,0.00208996,0.00214289,0.0022194,0.00231834,0.00243734,0.00258028,0.00275175,0.0029584,0.00320243,0.00348436,0.00380554,0.00416214,0.00455449,0.00498177,0.0054459,0.00595392,0.00652366,0.00718097,0.00793786,0.00879015,0.00974043,0.01078184,0.01191578,0.01315815,0.0145336,0.01604239,0.01770226,0.01954962,0.02159303,0.02380621,0.02622086,0.02892886,0.03189964,0.03528133,0.03908829,0.04329674,0.0477662,0.05227403,0.05669409,0.06102354,0.06544121,0.07020728,0.0756405,0.08194719,0.08925829,0.0976781,0.10707997,0.11680108,0.12642236,0.13613182,0.14618486,0.15657712,0.16778213,0.17978928,0.19268071,0.2065729,0.22128618,0.23608653,0.25089177,0.26623912,0.2822169,0.30013766,0.31810456,0.33685569,0.35630014,0.37527274
MYS,1984,0.01966601,0.00122769,0.00102801,0.00086512,0.00072781,0.00065027,0.00062491,0.0006298,0.00064304,0.00064271,0.00060732,0.0005968,0.00061473,0.0006638,0.00074691,0.00086313,0.00100727,0.00116248,0.00130406,0.0014113,0.00146578,0.0014882,0.00149184,0.00148799,0.00148921,0.00150034,0.00151811,0.00154929,0.00159224,0.00164977,0.00171805,0.00179808,0.00188841,0.0019888,0.00210218,0.00214485,0.00219992,0.00228079,0.00238733,0.00251881,0.00267916,0.00287174,0.0031033,0.0033757,0.00368897,0.00404343,0.00443572,0.00486461,0.00532929,0.00583318,0.00638342,0.00699723,0.00770195,0.00850926,0.009416,0.01042444,0.01153689,0.01275716,0.01409774,0.0155875,0.01722363,0.01901747,0.02101073,0.02321831,0.0256177,0.02825656,0.03113375,0.03442921,0.03818019,0.04234858,0.04686604,0.05152071,0.05607755,0.06042186,0.06470911,0.06930224,0.07451829,0.08068344,0.08796547,0.09631465,0.10572058,0.11582999,0.12583543,0.13544516,0.14503583,0.15511974,0.16580074,0.17753141,0.19020458,0.2037678,0.21833264,0.23341147,0.24818137,0.263238,0.27893794,0.29630331,0.31393109,0.33208076,0.35076069,0.3696018
MYS,1985,0.01849898,0.0011314,0.00094817,0.00080013,0.00067945,0.00061321,0.00059332,0.00059985,0.00061287,0.00061245,0.00057898,0.00057166,0.0005895,0.00063844,0.00072,0.00083602,0.00097676,0.00112574,0.00126242,0.0013628,0.0014259,0.0014452,0.00144736,0.00144572,0.00144577,0.00145717,0.001481,0.00151251,0.00155681,0.00161159,0.00167896,0.00175463,0.00183996,0.00193366,0.00203675,0.00215301,0.00219772,0.0022565,0.00234413,0.00246225,0.00261003,0.00279017,0.00300591,0.00326396,0.00356585,0.00391053,0.00429915,0.00472675,0.0051921,0.00569564,0.00624057,0.00683256,0.00748919,0.00823828,0.009094,0.01005277,0.01112631,0.01231998,0.01363353,0.01508255,0.01669481,0.01845987,0.02039217,0.02254109,0.02492802,0.02754301,0.03033984,0.03352407,0.03716959,0.04126491,0.04572795,0.05042442,0.05513124,0.05961746,0.06392223,0.0683811,0.07341286,0.07933147,0.08642248,0.09469017,0.1039634,0.11403507,0.12445719,0.13449523,0.14399924,0.15362157,0.16401181,0.17523843,0.18765754,0.20102339,0.21528731,0.23028598,0.24545751,0.2605689,0.27607238,0.2933298,0.31090274,0.32913639,0.3479596,0.36746347
MYS,1986,0.01745558,0.00105339,0.00088156,0.00074418,0.00063362,0.00057612,0.00056343,0.00057568,0.00059305,0.0005957,0.00056412,0.00055737,0.00057766,0.00062656,0.00070899,0.0008255,0.00096947,0.0011189,0.00125311,0.00135218,0.00141088,0.00144023,0.00143946,0.001436,0.00143767,0.00144748,0.0014714,0.00150914,0.00155423,0.00161117,0.0016768,0.00175288,0.00183528,0.00192563,0.00202386,0.00213177,0.00225425,0.00230274,0.00236906,0.0024697,0.00260645,0.00277686,0.00298356,0.00322959,0.00352191,0.00386106,0.00424674,0.00467892,0.00515202,0.00566587,0.0062205,0.00681756,0.00746248,0.00817367,0.00898405,0.00990866,0.01095187,0.01212925,0.01344155,0.01488919,0.01648685,0.0182586,0.02019546,0.02231868,0.02468876,0.02734283,0.03017211,0.03333161,0.03692892,0.04099344,0.04547084,0.05021095,0.05506559,0.05980471,0.06433574,0.06888217,0.07384776,0.07966389,0.08660871,0.09482397,0.1042059,0.11436205,0.12499916,0.1357304,0.14583984,0.15544744,0.16542796,0.17644104,0.18845808,0.201726,0.21597727,0.23087296,0.24620359,0.26195562,0.27770745,0.29458326,0.31249779,0.3310666,0.35025875,0.37044714
MYS,1987,0.01652043,0.00097883,0.00082505,0.00069707,0.00059395,0.00054222,0.00053372,0.00054906,0.00056887,0.00057378,0.00054472,0.00053919,0.00055915,0.00060944,0.00069055,0.00080657,0.00094965,0.00110141,0.0012349,0.00133048,0.00138757,0.00141258,0.00142223,0.00141617,0.00141629,0.00142787,0.00145025,0.00148797,0.00153919,0.00159668,0.00166417,0.00173803,0.00182037,0.00190713,0.00200128,0.00210345,0.00221657,0.0023465,0.0024015,0.00247937,0.00259678,0.00275436,0.00294926,0.00318391,0.00346118,0.0037876,0.00416463,0.00459058,0.00506556,0.00558477,0.00614755,0.00675203,0.00739929,0.00809393,0.00885775,0.00972628,0.01072482,0.01186067,0.01314583,0.01458282,0.01616967,0.01791562,0.01984914,0.02196573,0.024294,0.02691277,0.02976683,0.03294149,0.03648845,0.04047368,0.04488887,0.04961559,0.05448832,0.05935838,0.06413425,0.0689014,0.07394531,0.07967185,0.08647348,0.09446669,0.10370372,0.11388912,0.12452434,0.13541014,0.14623143,0.15647276,0.16643839,0.17702625,0.18882562,0.20166905,0.21580146,0.23068359,0.24591531,0.26191278,0.27852047,0.29528881,0.31332279,0.33222048,0.3519383,0.37290898
MYS,1988,0.01571378,0.00092913,0.00077643,0.00065894,0.00056167,0.00051332,0.00050728,0.00052441,0.00054557,0.0005517,0.00052408,0.00051985,0.00054014,0.00058902,0.00067059,0.00078427,0.00092623,0.0010769,0.00121321,0.00130841,0.00136231,0.00138608,0.00139166,0.00139604,0.00139352,0.00140339,0.00142729,0.0014632,0.0015141,0.00157758,0.00164538,0.00172092,0.00180073,0.00188719,0.0019774,0.00207509,0.00218198,0.00230192,0.00244182,0.00250744,0.00260088,0.00273768,0.00291847,0.00313986,0.00340411,0.00371334,0.00407551,0.00449087,0.00495771,0.00547749,0.00604452,0.00665622,0.00730984,0.00800527,0.00874917,0.0095649,0.01050005,0.01158469,0.01282154,0.01422526,0.015796,0.01752504,0.01942506,0.02153206,0.02384659,0.02641255,0.02922155,0.03241378,0.03596726,0.03988746,0.04420625,0.04885625,0.05370625,0.05858911,0.06349305,0.06850488,0.07376756,0.07956407,0.08625197,0.09406408,0.10301882,0.11300772,0.12364915,0.13450884,0.14547962,0.15645844,0.16705053,0.17758202,0.18889767,0.20146874,0.21511079,0.22982629,0.24501065,0.26088878,0.27773448,0.29487272,0.31294511,0.33196425,0.35183396,0.37260739
MYS,1989,0.01494676,0.00086734,0.00072611,0.00061494,0.00052736,0.00048604,0.00048333,0.00050141,0.00052244,0.00052861,0.00050235,0.00049876,0.00051932,0.00056773,0.00064692,0.00076047,0.0008996,0.0010494,0.00118532,0.00128448,0.00133865,0.00135972,0.00136435,0.00136485,0.00137271,0.00137982,0.00140185,0.00143913,0.00148809,0.00155113,0.00162504,0.00170089,0.00178249,0.00186639,0.00195638,0.00205009,0.00215242,0.00226595,0.00239556,0.00255027,0.00263069,0.00274244,0.0029013,0.00310775,0.00335792,0.00365332,0.00399718,0.0043968,0.00485262,0.00536411,0.0059324,0.00654956,0.00721206,0.0079156,0.00866174,0.00945728,0.01033639,0.01135349,0.01253626,0.01388909,0.01542535,0.01713864,0.01902269,0.02109648,0.02340401,0.02595856,0.02871556,0.03186243,0.03543936,0.03937257,0.04362891,0.04818535,0.05296561,0.05783895,0.06276944,0.06792322,0.07345061,0.07949,0.0862686,0.09397286,0.10274161,0.11242516,0.12286416,0.13375557,0.14472564,0.15588943,0.16728253,0.17848672,0.18978263,0.20189032,0.21528847,0.2295072,0.24454323,0.26037192,0.27708706,0.29445106,0.31294429,0.33191422,0.35190072,0.37289744
MYS,1990,0.01425783,0.00082522,0.00068922,0.00058152,0.00049689,0.00045863,0.00045896,0.00047977,0.00050293,0.00051027,0.00048395,0.00048057,0.00050069,0.00054816,0.00062608,0.00073631,0.00087509,0.00102213,0.001158,0.00125793,0.00131718,0.00133918,0.00134161,0.00134136,0.00134546,0.00136296,0.00138218,0.00141752,0.00146782,0.0015289,0.00160242,0.0016847,0.00176677,0.00185273,0.00194027,0.00203399,0.00213241,0.00224141,0.00236451,0.00250863,0.00268308,0.00278131,0.00291404,0.0030975,0.00333206,0.00361276,0.00394223,0.00432271,0.0047622,0.00526255,0.00582279,0.00644236,0.00711206,0.00782679,0.00858352,0.00938347,0.01024281,0.01120124,0.01231304,0.01360946,0.01509305,0.01677185,0.01864156,0.02070167,0.02297818,0.02553049,0.0282825,0.03137921,0.03491396,0.03888143,0.04316245,0.04766536,0.05236083,0.05717685,0.06211328,0.06730763,0.07299155,0.07932101,0.08637637,0.09419995,0.10287141,0.11237068,0.12249525,0.13319488,0.14423411,0.15543275,0.16705146,0.17911698,0.19113718,0.20327443,0.2162484,0.2302615,0.24481771,0.26051269,0.27715757,0.29448202,0.31300009,0.33238895,0.35221537,0.37304436
MYS,1991,0.01359688,0.00077897,0.00064954,0.00054703,0.00046581,0.00042962,0.00043132,0.00045347,0.00047862,0.00048932,0.00046838,0.00046429,0.00048398,0.00053037,0.0006067,0.00071575,0.00085145,0.00099954,0.00113418,0.00123587,0.00129717,0.00132488,0.00132832,0.00132577,0.00132888,0.00134238,0.00137193,0.00140431,0.00145265,0.00151523,0.00158695,0.00166915,0.00175831,0.00184519,0.00193533,0.00202699,0.00212595,0.00223146,0.00235048,0.00248853,0.0026527,0.00285139,0.00297022,0.00312684,0.00333798,0.00360337,0.00391868,0.00428555,0.00470662,0.00519193,0.00574314,0.00635746,0.00703363,0.00776023,0.00853328,0.00934903,0.0102176,0.01115915,0.01221296,0.01343959,0.01487014,0.01650102,0.01834358,0.02039835,0.02267063,0.02520119,0.02796525,0.03107091,0.03456837,0.03851164,0.04285555,0.04741244,0.05207991,0.05683658,0.06174175,0.06697068,0.07272613,0.07925178,0.08665695,0.09482852,0.10367936,0.11311762,0.12308508,0.13349404,0.14439442,0.15573814,0.16746181,0.17982897,0.19279445,0.20570659,0.2187197,0.23230237,0.24664538,0.26185103,0.27836492,0.29612713,0.31470864,0.33425745,0.35477036,0.3754362
MYS,1992,0.01298512,0.00073946,0.00061628,0.00051807,0.0004403,0.00040649,0.00040969,0.00043288,0.00045903,0.00047111,0.00045237,0.00045262,0.00047105,0.00051659,0.00059159,0.0006988,0.00083432,0.00098038,0.00111799,0.00122,0.00128426,0.00131457,0.00132376,0.00132202,0.00132264,0.00133491,0.00136028,0.00140315,0.00144857,0.00150931,0.00158285,0.00166349,0.00175294,0.00184764,0.00193917,0.002034,0.00213134,0.00223797,0.00235394,0.0024884,0.00264696,0.00283573,0.00306321,0.0032049,0.00338817,0.00362933,0.00392944,0.00428248,0.00469047,0.00515757,0.00569463,0.00630168,0.00697496,0.00771196,0.00850139,0.00933819,0.01022699,0.01118134,0.0122192,0.0133857,0.01474535,0.01632526,0.01812305,0.02015643,0.02243133,0.02496468,0.02771275,0.03083881,0.03435414,0.03826618,0.04259702,0.04723959,0.05198204,0.05672413,0.06158112,0.0667916,0.07260034,0.07922141,0.08686575,0.09545694,0.10473093,0.11438998,0.12429613,0.13453009,0.14511255,0.15632335,0.16822974,0.18073229,0.19404291,0.20797896,0.22179155,0.23533551,0.24913944,0.26402617,0.27997668,0.29760173,0.31620991,0.33600416,0.3567474,0.3783921
MYS,1993,0.01244019,0.00071824,0.0005933,0.00049787,0.00042264,0.00038917,0.00039102,0.00041204,0.00043617,0.0004474,0.00042993,0.00043126,0.00045256,0.00049489,0.00056634,0.00066869,0.0007979,0.00094019,0.00107238,0.00117554,0.00123907,0.00127212,0.00128409,0.00128842,0.00129024,0.00130023,0.00132413,0.0013622,0.00141742,0.00147405,0.00154427,0.0016252,0.00171128,0.00180438,0.00190212,0.00199647,0.00209507,0.00219786,0.00231254,0.00244094,0.00259228,0.00277095,0.00298309,0.00323731,0.00340162,0.00360855,0.00387678,0.00420636,0.00459121,0.00503486,0.00554142,0.00612085,0.00677264,0.00749144,0.00827606,0.00911406,0.01000869,0.01096703,0.01199988,0.01312829,0.01439772,0.01586981,0.0175759,0.01951954,0.02172507,0.0242112,0.02691215,0.02996451,0.03343906,0.03730176,0.04152317,0.04607041,0.05082165,0.05556224,0.06032242,0.0653901,0.0710698,0.07761604,0.08520156,0.09387076,0.10341803,0.11336379,0.12333863,0.13333897,0.14357028,0.15427164,0.16584866,0.17833478,0.19155287,0.20558784,0.22026029,0.23452913,0.24820932,0.26244837,0.27791266,0.29547743,0.31371011,0.33320757,0.35388639,0.375607
MYS,1994,0.01191474,0.00067489,0.00055653,0.00046705,0.00039603,0.00036392,0.00036492,0.00038403,0.00040627,0.00041668,0.00040054,0.00040229,0.00042373,0.00046802,0.0005353,0.0006332,0.00075697,0.00089285,0.0010228,0.0011223,0.00118878,0.00122218,0.00123729,0.00124423,0.00125161,0.00126231,0.00128348,0.00131955,0.00136941,0.00143555,0.00150119,0.00157836,0.00166443,0.00175386,0.00184979,0.00195037,0.00204834,0.00215225,0.00226278,0.00238954,0.00253419,0.00270488,0.00290595,0.00314336,0.00342589,0.00361207,0.00384334,0.00413831,0.0044974,0.0049155,0.00539604,0.00594188,0.00656319,0.00725815,0.00802252,0.00885457,0.00974917,0.01071164,0.01174601,0.01286563,0.01409066,0.0154635,0.01705205,0.0188947,0.02100069,0.0234079,0.02605352,0.02904511,0.03242909,0.0362366,0.04039449,0.0448178,0.0494657,0.05421555,0.05896847,0.0639247,0.06943852,0.07582733,0.08331105,0.09189727,0.10151837,0.1117581,0.12203569,0.13208674,0.14203706,0.15233289,0.16334612,0.17546025,0.18862711,0.20253125,0.21727172,0.23236963,0.24668562,0.26066358,0.2753529,0.2927693,0.310265,0.32930249,0.34972698,0.37141501
MYS,1995,0.01150706,0.00065618,0.00054019,0.00044906,0.00038032,0.00034877,0.00034785,0.0003641,0.00038403,0.00039417,0.00038125,0.00038297,0.00040368,0.00044711,0.0005158,0.00060891,0.00072824,0.00085949,0.00098445,0.00108442,0.00114937,0.00118725,0.00120348,0.00121373,0.00122363,0.00123965,0.00126146,0.00129481,0.00134278,0.00140377,0.0014796,0.00155266,0.00163558,0.00172579,0.00181877,0.00191838,0.00202366,0.00212783,0.00224043,0.00236391,0.0025079,0.00267281,0.00286689,0.00309426,0.00336097,0.00367538,0.00388622,0.00414396,0.00446873,0.00486252,0.00531944,0.00584172,0.00643193,0.00709992,0.00784518,0.00866255,0.0095584,0.01052876,0.01157581,0.01270576,0.01393072,0.01526634,0.01676056,0.01849116,0.02050458,0.02282254,0.02540515,0.02835791,0.03169964,0.03543706,0.03956836,0.04396136,0.04851986,0.05320774,0.05801679,0.06300649,0.06844254,0.07469477,0.08205411,0.09058601,0.10018199,0.11058675,0.12127894,0.13174713,0.14182988,0.15190289,0.16256778,0.1741775,0.18704906,0.20100028,0.21570467,0.23098106,0.24627731,0.26101312,0.27548666,0.29254509,0.30994227,0.32832083,0.34838321,0.37012839
MYS,1996,0.01117231,0.00066799,0.00054621,0.00045519,0.00038518,0.00035323,0.00035306,0.00037023,0.00039009,0.00039852,0.00038208,0.00038377,0.0004023,0.00044374,0.00051101,0.00060613,0.00072157,0.00085055,0.00097367,0.00107143,0.00113944,0.00117728,0.00119874,0.00121038,0.00122376,0.00124256,0.00127019,0.0013049,0.00135113,0.00141155,0.00148376,0.00156935,0.00164994,0.00173903,0.00183516,0.00193411,0.00204094,0.00215539,0.00227096,0.00239947,0.00254328,0.00271116,0.0029033,0.00312811,0.00338975,0.00369379,0.00405048,0.00429172,0.00458302,0.00494793,0.00538843,0.00589656,0.00647428,0.00712325,0.00785589,0.00867109,0.00957122,0.01056503,0.0116445,0.01281395,0.01407802,0.01544399,0.0169313,0.01859722,0.02053209,0.02279893,0.02534155,0.02828901,0.03166056,0.03543397,0.03958134,0.04404756,0.04868156,0.05338691,0.05824734,0.06341507,0.06900906,0.07531212,0.08267661,0.09125287,0.10099751,0.11160474,0.12272806,0.13390081,0.14467508,0.15511939,0.16578567,0.1772875,0.18991007,0.20385796,0.21894093,0.2345166,0.25034434,0.26646578,0.28208748,0.29929031,0.31677594,0.33545536,0.35530461,0.37679573
MYS,1997,0.0106645,0.0005936,0.00049762,0.00041466,0.0003474,0.00031755,0.00031941,0.00033855,0.00036061,0.00037123,0.00035625,0.00035864,0.00038061,0.00042215,0.00048922,0.00058482,0.00070478,0.00083146,0.00095414,0.0010519,0.00111932,0.00116155,0.00118373,0.001201,0.00121584,0.00123807,0.00126838,0.00130899,0.00135661,0.00141518,0.00148672,0.00156843,0.00166232,0.00174898,0.00184403,0.00194648,0.00205282,0.00216919,0.00229603,0.00242819,0.00257796,0.00274642,0.00294269,0.00316648,0.00342666,0.00372673,0.00407386,0.004478,0.00475251,0.00508221,0.00549292,0.00598549,0.00655056,0.00718914,0.00790458,0.00871022,0.00961295,0.01061699,0.01172862,0.01294071,0.01425593,0.01567342,0.01720343,0.01887212,0.02074766,0.02294155,0.02544304,0.02836439,0.03175128,0.03558124,0.03979468,0.04430796,0.04905424,0.05387421,0.05878804,0.06404848,0.06987579,0.076398,0.08387318,0.09251645,0.10238036,0.1132289,0.12465178,0.13637988,0.14800446,0.15927346,0.17041487,0.18200472,0.19460887,0.20839882,0.22358683,0.23967289,0.25591977,0.27273918,0.2899703,0.30790232,0.32574785,0.34454086,0.36466247,0.38590166
MYS,1998,0.01010983,0.00055459,0.00046882,0.00039609,0.00033302,0.0003057,0.00030983,0.00033083,0.00035413,0.00036516,0.00034965,0.00035066,0.00037052,0.0004136,0.00047927,0.00057346,0.00069331,0.00082508,0.00094536,0.00104309,0.00111081,0.00115273,0.00117929,0.00119725,0.00121782,0.00124168,0.0012758,0.00131959,0.00137386,0.00143447,0.00150471,0.0015864,0.00167686,0.00177841,0.00187151,0.00197349,0.0020843,0.0022009,0.00233063,0.00247578,0.00263052,0.00280653,0.00300468,0.00323429,0.00349478,0.00379475,0.00413915,0.00453448,0.00499197,0.00530486,0.00567835,0.00613987,0.00669003,0.0073172,0.00802412,0.00881396,0.0097099,0.0107211,0.01184879,0.01310184,0.01447009,0.01595057,0.0175447,0.01926834,0.02115552,0.02329339,0.02572354,0.02861076,0.03198201,0.03584442,0.04013635,0.04473903,0.04955537,0.05451764,0.05957729,0.06492147,0.0708785,0.07768768,0.08544134,0.09424472,0.10422129,0.11524424,0.12697677,0.13907366,0.15134705,0.16358442,0.17566134,0.18781013,0.20056664,0.21438988,0.22946864,0.24573276,0.26258748,0.27989478,0.29796581,0.31708136,0.33633478,0.3555628,0.37582596,0.39756875
MYS,1999,0.00947217,0.0005147,0.00043839,0.00037343,0.00031827,0.00029576,0.00030147,0.00032198,0.00034379,0.00035341,0.00033767,0.00033784,0.00035556,0.00039507,0.00046072,0.00055106,0.00066678,0.00079601,0.00091996,0.00101351,0.0010802,0.00112182,0.00114785,0.00116967,0.0011905,0.00121962,0.00125472,0.00130158,0.00135811,0.00142452,0.00149561,0.00157441,0.00166309,0.00175906,0.00186596,0.00196391,0.00207208,0.00219115,0.00231863,0.00246409,0.00262972,0.0028078,0.00301036,0.00323777,0.00349962,0.00379422,0.0041319,0.00451657,0.0049554,0.0054622,0.0058102,0.00622192,0.00672714,0.00732545,0.00800576,0.00877052,0.00963138,0.0106151,0.01172825,0.01297409,0.01436,0.01586894,0.01750021,0.01925998,0.02117026,0.02327947,0.02560044,0.02835391,0.0316216,0.03539064,0.03963316,0.04422736,0.04904091,0.05397752,0.05908863,0.06448472,0.0704189,0.07723888,0.0851576,0.09410105,0.10406143,0.11499049,0.1266804,0.13887087,0.15129185,0.16397734,0.17684831,0.18975252,0.20285447,0.21657025,0.23138235,0.247192,0.26389337,0.28152537,0.29975377,0.31928181,0.33970087,0.36015634,0.38059341,0.40225619
MYS,2000,0.00877853,0.00047273,0.00040037,0.0003438,0.00029558,0.00027626,0.00028214,0.00030104,0.00032079,0.00032924,0.00031447,0.00031397,0.00032971,0.00036499,0.00042378,0.00051039,0.00061753,0.00073814,0.00085604,0.00095142,0.00101255,0.00105244,0.00107768,0.00109854,0.00112211,0.00115029,0.00118909,0.00123512,0.00129263,0.00135894,0.00143341,0.00151041,0.00159321,0.00168418,0.00178191,0.00189065,0.00199114,0.00210358,0.00222934,0.00236765,0.00252804,0.00271138,0.00290939,0.00313384,0.00338478,0.00367114,0.00399209,0.00435707,0.00477026,0.00524065,0.00578253,0.0061544,0.00659048,0.00712167,0.00774921,0.00846089,0.00926721,0.01018176,0.01122955,0.01241938,0.01375264,0.01523117,0.01683964,0.01858207,0.02046968,0.02253624,0.02475362,0.02730446,0.03032551,0.03386253,0.03786981,0.04226614,0.04691694,0.0516948,0.05662248,0.06190587,0.06770911,0.07428956,0.08196367,0.09079408,0.10058966,0.11115815,0.12238522,0.13415772,0.14629931,0.15875208,0.17169263,0.18502235,0.19850636,0.21217506,0.22644432,0.24150935,0.25723237,0.27416924,0.29221665,0.31157731,0.33193339,0.35313033,0.37443828,0.39578872
MYS,2001,0.00813345,0.00044031,0.00036975,0.00031659,0.0002745,0.00025843,0.00026425,0.0002812,0.00029852,0.0003055,0.00029158,0.00029105,0.00030499,0.00033687,0.0003897,0.0004673,0.00056956,0.00068088,0.00079082,0.00088213,0.00094715,0.00098302,0.0010073,0.00102737,0.00104971,0.0010795,0.00111618,0.00116455,0.00122011,0.00128635,0.0013598,0.00143945,0.0015198,0.00160417,0.00169609,0.00179477,0.00190548,0.0020095,0.00212766,0.00226309,0.00241474,0.00259083,0.00279221,0.00300997,0.00325577,0.00352841,0.00383794,0.00418228,0.00457157,0.00501157,0.00551113,0.00608447,0.00647588,0.00693102,0.00748423,0.00813533,0.00887997,0.00973011,0.01069672,0.01180715,0.01306939,0.01448008,0.01604233,0.01774518,0.01959798,0.02162277,0.02377774,0.0261961,0.02897642,0.03222061,0.03594635,0.04006067,0.0444722,0.04904607,0.05377222,0.05882441,0.06445831,0.07083791,0.07818432,0.08667308,0.09626948,0.10659838,0.11738741,0.12861676,0.14025545,0.15232822,0.16491145,0.17816572,0.19192773,0.20582229,0.21987185,0.23419361,0.24894061,0.26462003,0.28164302,0.3006816,0.31999283,0.34046989,0.3617458,0.38322769
MYS,2002,0.00764163,0.00041711,0.00034921,0.00029601,0.0002559,0.00024265,0.00025118,0.00027028,0.0002887,0.00029525,0.00027894,0.00027822,0.00029146,0.00032117,0.00037058,0.00044263,0.00053696,0.0006467,0.00075117,0.00083921,0.00090438,0.000947,0.00096901,0.00098909,0.00101124,0.00104045,0.0010793,0.00112636,0.00118524,0.00125092,0.00132609,0.00140676,0.00149215,0.00157658,0.00166454,0.00176022,0.00186375,0.00198138,0.00209428,0.00222559,0.00237841,0.0025503,0.00274956,0.00297676,0.00322229,0.00349736,0.00380144,0.00414377,0.00452229,0.00494954,0.00543126,0.00597548,0.00659792,0.00701911,0.00750709,0.00809901,0.00880111,0.00961059,0.01053718,0.01159439,0.01280883,0.01418517,0.0157227,0.01742727,0.01929299,0.02134085,0.02351938,0.0259427,0.02866413,0.03175011,0.03527702,0.03921842,0.04347276,0.04794718,0.05260971,0.0576048,0.06316381,0.06954967,0.07689296,0.08527637,0.09479042,0.10523291,0.11612688,0.12727509,0.13874527,0.15070699,0.16331895,0.17663979,0.19076255,0.20539513,0.22014015,0.23472573,0.24920408,0.2643837,0.28064601,0.30018374,0.3193246,0.33931705,0.36041802,0.3821831
MYS,2003,0.00733913,0.00039858,0.00033844,0.00028594,0.0002446,0.00023059,0.000239,0.00025843,0.00027746,0.00028461,0.00026864,0.00026522,0.00027775,0.00030613,0.00035256,0.00042023,0.00050805,0.00060924,0.00071333,0.00079714,0.00086051,0.00090436,0.00093359,0.00095149,0.00097348,0.00100215,0.00104013,0.00108906,0.0011462,0.00121477,0.00128898,0.00137113,0.00145726,0.00154671,0.00163461,0.00172606,0.00182631,0.00193617,0.00206289,0.00218867,0.00233695,0.00250982,0.0027044,0.00292883,0.00318368,0.00345783,0.003764,0.00410012,0.00447573,0.00489031,0.00535716,0.00588104,0.00647008,0.00714061,0.00758946,0.00810947,0.00874712,0.00950874,0.01038899,0.01139991,0.0125536,0.01387341,0.01536792,0.01704047,0.01890072,0.02095293,0.02314627,0.02558253,0.02829415,0.03129994,0.03464134,0.03835427,0.04240602,0.04669569,0.05123325,0.05612959,0.06158958,0.06785463,0.07516226,0.08350096,0.09285834,0.10317314,0.11415999,0.12538739,0.13672824,0.14845753,0.16088257,0.17415037,0.18824464,0.20313377,0.21851491,0.2336709,0.24826875,0.26298459,0.27848757,0.29786798,0.31687118,0.33658457,0.35702131,0.37887124
MYS,2004,0.00717345,0.00039806,0.00033329,0.00028562,0.00024392,0.00022804,0.00023493,0.00025325,0.00027173,0.00027915,0.0002644,0.00026057,0.00026974,0.0002968,0.00034134,0.00040534,0.00048817,0.00058259,0.00067844,0.00076383,0.00082451,0.00086794,0.0008993,0.00092479,0.00094486,0.00097354,0.00101116,0.00105944,0.00111881,0.001186,0.00126359,0.00134532,0.00143369,0.00152464,0.00161862,0.001711,0.00180785,0.00191528,0.00203482,0.00217588,0.00231948,0.00248877,0.00268589,0.00290724,0.00316112,0.00344734,0.00375501,0.00409637,0.00446891,0.00488419,0.00534126,0.00585346,0.00642552,0.00706492,0.00779205,0.00827484,0.00884031,0.0095399,0.01037619,0.01134642,0.01246152,0.01372974,0.01517799,0.01682066,0.01866637,0.02073395,0.02295676,0.02543625,0.02819495,0.03122817,0.03452678,0.03809024,0.04194932,0.04607577,0.05047387,0.05529593,0.06070996,0.06694001,0.07420068,0.08259692,0.09201731,0.10228596,0.11327314,0.12475676,0.13635258,0.14813401,0.1605209,0.17381704,0.18810767,0.20323745,0.21916095,0.23528405,0.25079704,0.2659997,0.28141419,0.30111475,0.31970197,0.34003782,0.36060489,0.38155894
MYS,2005,0.00705349,0.00038455,0.00032363,0.00027495,0.00023788,0.00022337,0.00022738,0.00024105,0.00025555,0.00026206,0.00025186,0.00024938,0.0002581,0.00028118,0.00032357,0.00038463,0.00046244,0.00055065,0.00063898,0.00071621,0.00077946,0.00082088,0.00085216,0.0008797,0.00090702,0.00093338,0.00097047,0.00101774,0.00107581,0.00114454,0.00121987,0.00130411,0.00139112,0.00148352,0.00157816,0.00167602,0.00177306,0.00187611,0.00199207,0.00212423,0.00228238,0.00244533,0.00263694,0.00285912,0.00310776,0.00339051,0.00370834,0.00404838,0.00442364,0.00483249,0.00528671,0.00578401,0.00633869,0.00695461,0.00764141,0.00842155,0.008943,0.0095591,0.01032303,0.0112379,0.01230012,0.01351674,0.01489918,0.01647911,0.01827784,0.02031497,0.02253754,0.0250284,0.02781172,0.03087358,0.03417728,0.03767047,0.04134893,0.04524751,0.0494415,0.05407973,0.0593712,0.06549549,0.07265708,0.08093755,0.09035289,0.10062298,0.11149375,0.12291368,0.13472167,0.14670713,0.15908772,0.17228,0.18653344,0.20180923,0.21793024,0.23454394,0.25099093,0.26707755,0.28296502,0.30259142,0.32124515,0.34069364,0.3623729,0.38361154
MYS,2006,0.00699064,0.00038437,0.00032047,0.00027238,0.00023354,0.00021624,0.00021754,0.00022906,0.00024242,0.00024931,0.00024155,0.00024258,0.00025206,0.00027426,0.00031202,0.00037064,0.0004455,0.00052894,0.00061186,0.00068297,0.00073974,0.00078528,0.00081554,0.00084347,0.00087301,0.00090663,0.00094147,0.00098837,0.00104574,0.0011137,0.00119128,0.001274,0.00136442,0.00145632,0.00155344,0.00165292,0.00175671,0.00186109,0.00197366,0.00210327,0.00225329,0.0024331,0.0026198,0.00283816,0.00309016,0.00337031,0.00368762,0.00404198,0.00441953,0.00483572,0.00528793,0.00578755,0.00633165,0.00693493,0.00760326,0.00834647,0.00919817,0.00977428,0.01045515,0.01130208,0.01231519,0.01348734,0.01482843,0.01635497,0.01810461,0.02011171,0.02232756,0.02484401,0.02766836,0.03079058,0.03416533,0.03770686,0.04135796,0.04512027,0.04912882,0.05360125,0.05875061,0.06480148,0.07191189,0.08016582,0.08955572,0.09994098,0.11095169,0.12239993,0.13430471,0.14668147,0.15944136,0.17281333,0.18716225,0.20262563,0.21915858,0.23626453,0.25350318,0.27083149,0.2878948,0.30790408,0.32751389,0.34732375,0.36788764,0.39125973
MYS,2007,0.00698531,0.00039735,0.00032765,0.00027482,0.00023545,0.00021645,0.00021426,0.00022177,0.00023185,0.00023747,0.00023177,0.00023452,0.00024705,0.0002698,0.00030642,0.00035955,0.00043171,0.00051229,0.00059072,0.00065723,0.00070889,0.00074897,0.00078397,0.00081113,0.00084101,0.00087664,0.0009186,0.00096304,0.00101991,0.0010871,0.00116403,0.00124929,0.00133827,0.00143381,0.00153052,0.00163275,0.00173834,0.00184998,0.00196424,0.00209056,0.00223808,0.0024093,0.00261427,0.00282789,0.00307624,0.00336056,0.00367579,0.00403013,0.00442368,0.00484288,0.00530399,0.00580239,0.0063499,0.00694226,0.00759759,0.00832176,0.00913328,0.0100705,0.01070921,0.01146628,0.01240733,0.01352625,0.01481934,0.01630129,0.01799437,0.01994814,0.02213153,0.02464215,0.02749383,0.03065866,0.03409663,0.03771368,0.04141279,0.04514233,0.04900809,0.05328353,0.05824835,0.06413738,0.07115873,0.07934576,0.08869847,0.09905403,0.11019582,0.12180335,0.13374807,0.14623766,0.15941502,0.1731754,0.18770752,0.20326826,0.21999585,0.23754157,0.25530633,0.27344419,0.29175357,0.31202801,0.33259041,0.35343024,0.37425455,0.39583628
MYS,2008,0.00695447,0.00038428,0.00031883,0.00026909,0.00022861,0.00020761,0.00020365,0.00020971,0.00021875,0.00022373,0.00021778,0.0002223,0.00023629,0.00026201,0.00029915,0.00035098,0.0004168,0.00049483,0.00057089,0.0006335,0.00068125,0.00071683,0.00074687,0.00077884,0.00080791,0.00084366,0.00088739,0.0009389,0.00099314,0.00105981,0.001136,0.00122077,0.00131276,0.001407,0.00150765,0.00160963,0.00171831,0.00183203,0.00195421,0.00208271,0.00222713,0.00239604,0.00259204,0.00282575,0.00306978,0.00335092,0.00367164,0.00402497,0.00441958,0.00485723,0.00532283,0.00583261,0.00638076,0.00697856,0.00762339,0.00833503,0.00912786,0.01002238,0.01105894,0.01177131,0.01261566,0.01365899,0.0148957,0.01632748,0.01797458,0.01987061,0.02199909,0.02447699,0.02732794,0.0305271,0.03401493,0.03770394,0.04148886,0.0452709,0.04910387,0.05323422,0.05799448,0.06368717,0.07053677,0.07863503,0.08792632,0.09825674,0.10938767,0.1211663,0.13331364,0.14587792,0.15920588,0.17343526,0.1883975,0.20418036,0.22104349,0.23882968,0.25710122,0.27582807,0.29498073,0.31565412,0.33688283,0.3586881,0.38071002,0.4024531
MYS,2009,0.00694979,0.00038756,0.00031904,0.00026661,0.00022695,0.00020644,0.00020176,0.00020626,0.00021329,0.00021615,0.00020825,0.0002119,0.0002271,0.00025402,0.0002945,0.00034733,0.00041227,0.00048369,0.00055814,0.00061948,0.00066419,0.0006966,0.00072268,0.00075003,0.00078404,0.00081904,0.00086296,0.00091642,0.00097819,0.00104253,0.00111873,0.00120331,0.00129542,0.00139387,0.00149386,0.00160059,0.00170973,0.00182754,0.00195278,0.00209076,0.00223873,0.00240557,0.00260041,0.00282562,0.00309294,0.00337164,0.00369118,0.00405307,0.00444945,0.00489093,0.00537932,0.00589711,0.00646137,0.00706416,0.0077187,0.00842238,0.00920576,0.01008478,0.01107882,0.01223556,0.01303129,0.01397242,0.01513226,0.01650699,0.01810476,0.01995682,0.02202966,0.02445322,0.02727408,0.03048148,0.03401378,0.03776031,0.04162393,0.04549722,0.04938213,0.05347488,0.05808251,0.06355925,0.07019955,0.07811721,0.08732612,0.09760774,0.10872754,0.12051233,0.13286891,0.14567683,0.15910651,0.17351473,0.18899329,0.20524218,0.2223568,0.24029668,0.25881718,0.27804351,0.29773419,0.3188748,0.34046581,0.36276402,0.38567294,0.40860637
MYS,2010,0.00691815,0.00038871,0.00031939,0.00026483,0.00022319,0.00020074,0.00019415,0.00019696,0.00020269,0.00020481,0.00019688,0.00019824,0.00021174,0.0002387,0.00027905,0.00033417,0.00039868,0.00046733,0.00053255,0.00059109,0.00063382,0.00066275,0.00068532,0.00070824,0.00073688,0.00077579,0.00081776,0.00086997,0.00093214,0.00100253,0.00107451,0.0011572,0.00124705,0.00134328,0.00144569,0.00154941,0.00166087,0.00177642,0.00190297,0.00204084,0.00219532,0.00236222,0.00255048,0.00276932,0.00302124,0.00331813,0.00362804,0.00398062,0.00437753,0.00481155,0.00529321,0.00582349,0.00638358,0.00699033,0.00763657,0.00833517,0.00909196,0.00994046,0.01089511,0.01197855,0.01324187,0.01410961,0.01513445,0.01639871,0.01790066,0.01966049,0.02164298,0.02395785,0.02666054,0.02976735,0.03323749,0.03695557,0.04080246,0.04468363,0.04859588,0.05267378,0.05716573,0.06238817,0.0686731,0.07619991,0.08501091,0.0949763,0.10579985,0.11732644,0.1294477,0.14224002,0.15569422,0.16996637,0.18536399,0.2018659,0.21916696,0.23708173,0.25548846,0.27469219,0.29460952,0.31592469,0.33757336,0.35991723,0.38300173,0.4067694
MYS,2011,0.00687337,0.00039256,0.00031757,0.00026282,0.00021984,0.0001945,0.00018443,0.00018409,0.00018791,0.00019029,0.00018571,0.00018658,0.00019715,0.00022142,0.00026073,0.00031465,0.00038107,0.00044892,0.00051098,0.00055984,0.00060021,0.00062758,0.00064695,0.00066633,0.00069022,0.00072312,0.00076803,0.00081732,0.00087717,0.0009469,0.00102408,0.00110149,0.00118854,0.00128164,0.00138091,0.00148661,0.00159443,0.00171157,0.00183477,0.0019727,0.00212544,0.00229737,0.00248386,0.00269372,0.00293658,0.00321414,0.00354007,0.00387901,0.0042623,0.00469312,0.00516313,0.00568221,0.00625096,0.00684797,0.00749293,0.00817757,0.00892335,0.00973632,0.01064987,0.01168135,0.01285297,0.01421482,0.01515305,0.01626166,0.01763396,0.01927714,0.02114579,0.0233452,0.0259114,0.02886883,0.03220635,0.03583641,0.03963283,0.04347537,0.04737392,0.05145706,0.05590558,0.06097241,0.06694725,0.07404691,0.08237861,0.09184468,0.10224903,0.11335226,0.12506025,0.13744399,0.15070647,0.16482431,0.17990041,0.19613252,0.21348242,0.23132638,0.24939772,0.26813862,0.28768768,0.3094122,0.33108077,0.35343349,0.37651317,0.40033795
MYS,2012,0.00683578,0.00039161,0.00031664,0.00025827,0.00021557,0.0001903,0.000179,0.00017665,0.00017822,0.00017868,0.000173,0.00017643,0.00018604,0.00020676,0.00024264,0.00029503,0.00036015,0.00043081,0.00049292,0.00053951,0.00057106,0.00059709,0.00061561,0.00063227,0.00065289,0.00068111,0.00071998,0.000772,0.00082885,0.00089625,0.00097293,0.00105602,0.0011381,0.00122892,0.00132571,0.00142892,0.00153949,0.0016537,0.00177935,0.00191454,0.00206812,0.00223909,0.00243192,0.0026412,0.00287611,0.00314597,0.00345361,0.00381235,0.00418376,0.00460322,0.00507357,0.00558447,0.00614616,0.00675786,0.00739791,0.0080872,0.00882444,0.00963294,0.01051657,0.01151316,0.01263945,0.01391449,0.01539554,0.01642729,0.01764547,0.01916487,0.02092738,0.02302565,0.02549304,0.02833485,0.03155022,0.03508462,0.03884041,0.04268781,0.04660657,0.05073653,0.05525264,0.06033982,0.06622199,0.07307156,0.08103888,0.09010288,0.10010684,0.11091868,0.12235061,0.13448347,0.14751058,0.16162902,0.17675135,0.19286816,0.21018129,0.22835201,0.24664914,0.26536514,0.28478939,0.30733587,0.32944808,0.35227838,0.37580414,0.40005261
MYS,2013,0.00684036,0.00039711,0.00032076,0.00026108,0.00021476,0.00018631,0.00017297,0.00016944,0.00017044,0.00017071,0.00016505,0.00016691,0.00017856,0.00019798,0.00022984,0.0002784,0.00034225,0.00041251,0.00047925,0.00052742,0.00055788,0.00057614,0.00059399,0.00061008,0.00062819,0.00065324,0.00068745,0.00073345,0.00079307,0.00085756,0.00093211,0.00101515,0.00110377,0.00119017,0.00128537,0.00138688,0.00149586,0.00161377,0.00173732,0.00187609,0.00202786,0.00220096,0.00239423,0.00261192,0.0028481,0.00311164,0.00341348,0.00375545,0.00415189,0.00456199,0.00502402,0.00553976,0.00609748,0.00670705,0.00736915,0.00805938,0.00880844,0.00961459,0.01050133,0.0114745,0.01257317,0.01381054,0.01520981,0.01683802,0.01798918,0.01935392,0.02099643,0.02299645,0.02537364,0.02813081,0.03124743,0.03468177,0.03837155,0.04221479,0.04617662,0.05036506,0.05496898,0.06016895,0.06611986,0.07292505,0.08068633,0.08943278,0.09909442,0.10958364,0.12082519,0.13278736,0.14567753,0.1596849,0.17495313,0.19127048,0.20862297,0.22694035,0.24579148,0.26496477,0.28458801,0.30748717,0.33016315,0.35359463,0.3777392,0.4025673
MYS,2014,0.00686646,0.0003968,0.00031996,0.00026101,0.00021447,0.0001851,0.00017043,0.00016533,0.00016467,0.00016338,0.00015639,0.00015808,0.00016787,0.00018891,0.00021878,0.00026206,0.00032089,0.00038951,0.000456,0.0005094,0.0005414,0.00055836,0.00056847,0.00058381,0.00060121,0.00062355,0.0006543,0.00069522,0.00074837,0.0008154,0.00088686,0.00096764,0.00105615,0.00114933,0.0012398,0.00133951,0.00144656,0.00156269,0.00168985,0.00182613,0.00198137,0.00215222,0.00234736,0.00256511,0.00280989,0.00307431,0.00336882,0.00370393,0.00408161,0.00451868,0.0049699,0.00547594,0.00603822,0.00664271,0.0073017,0.00801524,0.00876431,0.00958239,0.01046501,0.01144031,0.0125123,0.0137183,0.01507493,0.01661138,0.01840594,0.01970154,0.02117214,0.02303769,0.0253031,0.02795628,0.03097417,0.03429486,0.03787145,0.04164042,0.04559301,0.04981895,0.05447527,0.05975897,0.06582106,0.07269073,0.08039261,0.0889019,0.09820673,0.10831636,0.11920581,0.1309597,0.14365563,0.15750309,0.17263885,0.18909677,0.20664615,0.22499004,0.24398886,0.26375916,0.28387966,0.30677398,0.32988146,0.35380585,0.37845696,0.40379887
MYS,2015,0.00691723,0.0003993,0.00032095,0.00026211,0.00021608,0.00018624,0.00017024,0.00016344,0.00016128,0.00015917,0.00015262,0.00015276,0.00016212,0.00018111,0.00021291,0.00025454,0.0003083,0.00037284,0.00043962,0.00049499,0.00053421,0.00055368,0.00056299,0.00057098,0.00058776,0.00060949,0.00063773,0.00067551,0.000724,0.00078513,0.00086018,0.00093886,0.00102635,0.00112094,0.00122015,0.00131654,0.00142346,0.00153945,0.00166679,0.00180922,0.00196417,0.00214135,0.00233711,0.00256032,0.00280903,0.00308708,0.00338722,0.00371954,0.00409556,0.00451871,0.00500711,0.0055094,0.00606997,0.00668913,0.00735287,0.00807412,0.0088607,0.00969157,0.01060106,0.01158611,0.01267586,0.01386974,0.01521138,0.01672295,0.01844108,0.02046269,0.02187762,0.02357867,0.02572444,0.02828711,0.03122691,0.03447802,0.03797105,0.04165983,0.04557713,0.04983934,0.05458544,0.05998294,0.06620482,0.07327765,0.0811422,0.08968345,0.09882951,0.10865589,0.1192446,0.13073753,0.14333696,0.15710734,0.17221576,0.18869677,0.20658216,0.22533439,0.24456701,0.26470833,0.28569038,0.30876393,0.33235477,0.35675999,0.38192849,0.40776662
MYS,2016,0.00699895,0.00040289,0.00032473,0.00026317,0.00021679,0.0001864,0.00016897,0.00016025,0.00015603,0.0001521,0.00014433,0.00014462,0.00015196,0.00016971,0.00019826,0.00024081,0.00029133,0.00034865,0.0004097,0.00046472,0.00050559,0.00053218,0.00054386,0.00055093,0.00056019,0.00058071,0.00060759,0.00064185,0.00068586,0.0007406,0.00080761,0.00088796,0.0009711,0.00106233,0.00116061,0.00126373,0.00136463,0.00147769,0.0016018,0.00174078,0.00189846,0.00207103,0.00226871,0.00248718,0.00273576,0.00301142,0.00331913,0.00364976,0.004014,0.00442551,0.00488749,0.0054182,0.00596154,0.00656434,0.00722847,0.00793814,0.00871489,0.00956688,0.01046907,0.01146051,0.01253585,0.01372208,0.01502054,0.01648202,0.01813469,0.02002726,0.02219565,0.02380537,0.0257267,0.0281025,0.03087822,0.033972,0.03731283,0.04083233,0.04458251,0.04871988,0.0534069,0.05878929,0.06500569,0.07210463,0.08002566,0.08856315,0.09754751,0.10699256,0.11705609,0.12799345,0.14006244,0.15345522,0.16817681,0.18429468,0.20183973,0.22056644,0.23983886,0.2598248,0.2807898,0.30361456,0.32719467,0.35161989,0.37681267,0.40273625
MYS,2017,0.00711839,0.00041793,0.00032793,0.00026613,0.00021755,0.00018487,0.00016606,0.00015656,0.00015183,0.00014734,0.00013864,0.00013747,0.00014457,0.00015978,0.00018645,0.00022498,0.00027638,0.00033024,0.00038385,0.0004338,0.00047538,0.00050441,0.00052346,0.0005329,0.00054121,0.00055424,0.00057965,0.00061227,0.00065246,0.00070239,0.00076262,0.00083453,0.00091931,0.00100601,0.0011008,0.00120294,0.00131078,0.00141752,0.00153849,0.00167389,0.00182759,0.00200283,0.00219531,0.00241551,0.00265877,0.00293406,0.00323901,0.00357766,0.00394001,0.00433876,0.0047881,0.00529026,0.00586454,0.00644882,0.00709542,0.00780573,0.00857016,0.00941158,0.01033662,0.01132009,0.01240237,0.01357258,0.01486291,0.01627798,0.01787672,0.01969841,0.021727,0.02414931,0.02597776,0.02810956,0.03068131,0.03359727,0.03676971,0.04012851,0.0437013,0.04766284,0.05221572,0.05753006,0.06372405,0.07081259,0.07876008,0.08736124,0.09634668,0.10562381,0.11528659,0.12567221,0.13715738,0.14999409,0.16431995,0.18002939,0.19719338,0.21557193,0.23484072,0.2548914,0.27572154,0.29783076,0.32119618,0.34546991,0.37053301,0.39631619
MYS,2018,0.00725217,0.00042988,0.00033586,0.00026606,0.00021787,0.0001861,0.00016652,0.00015534,0.00014878,0.00014303,0.0001343,0.00013206,0.00013742,0.00015198,0.00017553,0.00021154,0.00025829,0.00031343,0.00036383,0.00040678,0.00044423,0.00047487,0.00049683,0.0005136,0.00052419,0.00053619,0.00055406,0.00058495,0.00062326,0.00066909,0.00072421,0.00078902,0.000865,0.00095337,0.00104348,0.00114198,0.00124877,0.00136264,0.0014769,0.00160882,0.00175853,0.00192923,0.00212427,0.00233876,0.00258372,0.00285324,0.00315779,0.00349354,0.00386471,0.00426167,0.00469759,0.00518651,0.00573052,0.00634915,0.00697634,0.0076685,0.00843443,0.00926348,0.01017822,0.01118779,0.0122628,0.0134424,0.01471681,0.0161257,0.01767726,0.0194437,0.02139974,0.02367257,0.02638384,0.02842842,0.0307396,0.03343989,0.03642872,0.03961778,0.04303099,0.04681566,0.05119247,0.05637267,0.06250145,0.0695774,0.07753063,0.08618418,0.09526937,0.10458352,0.11410758,0.12411188,0.13505924,0.14732865,0.16112461,0.17647955,0.19327543,0.21132974,0.23032118,0.25046344,0.27146439,0.29287758,0.31598049,0.34004564,0.36496218,0.39061315
MYS,2019,0.00736672,0.00044083,0.00034263,0.00026983,0.00021563,0.00018055,0.00016092,0.00015145,0.00014685,0.00014184,0.00013114,0.00012865,0.00013272,0.00014521,0.00016773,0.00019996,0.00024373,0.000294,0.00034657,0.00038693,0.00041798,0.00044523,0.00046929,0.00048912,0.00050691,0.00052108,0.00053785,0.00056116,0.00059762,0.00064151,0.00069252,0.00075224,0.00082113,0.00090075,0.00099294,0.00108701,0.0011904,0.00130354,0.00142559,0.0015508,0.00169717,0.00186406,0.00205484,0.00227255,0.00251218,0.00278456,0.00308405,0.00342075,0.00379036,0.00419863,0.00463454,0.0051112,0.00564338,0.0062322,0.00690022,0.00757453,0.00832435,0.00915892,0.01006464,0.01106809,0.01217738,0.0133551,0.01464666,0.0160447,0.01759805,0.01932296,0.02123031,0.02343596,0.02599667,0.02901169,0.03125335,0.03368366,0.03645463,0.03946556,0.04271851,0.04635432,0.05056515,0.0555819,0.06159421,0.0686336,0.07661616,0.08532923,0.09453322,0.10402219,0.11365628,0.12358728,0.13420886,0.14599372,0.1592827,0.17418529,0.19072808,0.20852348,0.22732307,0.24733432,0.26860889,0.28923145,0.31204468,0.33580446,0.36045303,0.38586191
MYS,2020,0.00741237,0.00044365,0.00034536,0.00027069,0.00021507,0.00017915,0.0001591,0.00014948,0.0001449,0.00013992,0.00012918,0.00012481,0.0001285,0.00013938,0.00015929,0.00018994,0.00022912,0.000276,0.0003236,0.00036694,0.00039581,0.00041703,0.000438,0.00045994,0.00048058,0.00050157,0.00052021,0.00054212,0.00057061,0.00061222,0.00066087,0.00071602,0.00077933,0.00085129,0.00093409,0.00102992,0.00112829,0.00123739,0.00135812,0.00149082,0.0016294,0.00179188,0.00197759,0.00218974,0.00243152,0.00269677,0.00299789,0.00332756,0.00369652,0.00410124,0.0045474,0.00502185,0.00553836,0.00611164,0.00674441,0.00746037,0.00818759,0.00900093,0.00990823,0.01089683,0.01199379,0.01320301,0.01448576,0.01589532,0.01742743,0.01914466,0.0209969,0.02313768,0.02561115,0.02844413,0.03171851,0.0340674,0.03652547,0.0392789,0.04231737,0.04575523,0.04977454,0.05457506,0.06036679,0.06723083,0.07512182,0.08381424,0.09302768,0.10258568,0.11234169,0.12231502,0.13277452,0.14411704,0.15678132,0.17102335,0.18695521,0.204349,0.2227321,0.24239252,0.26338427,0.28309066,0.3053493,0.3285424,0.35261364,0.37749841
MYS,2021,0.00737953,0.00045101,0.00034602,0.00027097,0.00021428,0.00017746,0.00015711,0.00014762,0.00014337,0.0001388,0.00012838,0.00012379,0.00012544,0.00013575,0.00015373,0.00018131,0.00021866,0.00026065,0.00030518,0.0003443,0.00037729,0.00039699,0.00041246,0.00043153,0.00045423,0.0004779,0.00050315,0.00052677,0.00055372,0.00058711,0.00063331,0.00068597,0.00074459,0.00081637,0.00090515,0.00100942,0.00112789,0.00124593,0.00137271,0.00151384,0.00167035,0.00183568,0.00202945,0.0022522,0.00250795,0.00279846,0.00311724,0.00347559,0.00386517,0.00429986,0.00477656,0.00530149,0.00586124,0.00647468,0.00716213,0.00792398,0.00879109,0.00968301,0.01068246,0.01180586,0.01303891,0.01440693,0.01591775,0.01754808,0.01937055,0.02138211,0.02357954,0.02604268,0.02888016,0.03212123,0.03575217,0.03980827,0.04280518,0.04585602,0.0492907,0.05322101,0.05780921,0.06325255,0.06973575,0.0773737,0.08618869,0.09601069,0.10655167,0.11800293,0.13027692,0.14281033,0.15516366,0.16704679,0.1792029,0.19274277,0.20793542,0.22465523,0.24260595,0.26182024,0.28244331,0.3014107,0.32307035,0.34571192,0.36921006,0.39351298
MYS,2022,0.00593918,0.00035674,0.0002836,0.0002292,0.00018839,0.00016151,0.00014616,0.00013904,0.00013573,0.00013194,0.00012642,0.00012456,0.00013168,0.00014664,0.0001709,0.00020642,0.00025199,0.00030489,0.00035804,0.00040539,0.00044225,0.0004677,0.00048484,0.00049707,0.00050906,0.00052525,0.00054757,0.00057773,0.00061619,0.00066353,0.00072066,0.00078638,0.00086063,0.0009426,0.00103034,0.00112388,0.00122318,0.00133008,0.00144622,0.00157522,0.00172098,0.00188626,0.00207269,0.00228155,0.00251368,0.00277006,0.00305011,0.00335257,0.00368518,0.00405695,0.00447019,0.00492894,0.00543726,0.0059927,0.00659175,0.00723854,0.00794732,0.00872881,0.00958247,0.01050647,0.01151454,0.01261493,0.01380806,0.0151393,0.01664733,0.01833513,0.02013754,0.02201249,0.02409596,0.02635261,0.02874718,0.03145357,0.03442641,0.03759985,0.04101088,0.04475848,0.04906536,0.05409287,0.05997623,0.06673882,0.07434314,0.08263385,0.0914485,0.10067434,0.11030943,0.12061975,0.13193488,0.14445369,0.15836206,0.17375063,0.19048827,0.20836052,0.22709863,0.24675027,0.26744808,0.28936207,0.31297088,0.33779844,0.36365773,0.39039038
MYS,2023,0.00574745,0.00034834,0.00027732,0.00022442,0.0001847,0.00015849,0.00014345,0.00013645,0.0001332,0.00012954,0.00012425,0.00012256,0.00012968,0.00014459,0.00016871,0.00020386,0.00024886,0.00030109,0.00035363,0.00040057,0.00043735,0.00046287,0.00048023,0.00049273,0.00050474,0.00052067,0.00054239,0.00057212,0.00061075,0.00065797,0.00071394,0.00077807,0.00085109,0.00093195,0.00101815,0.00110971,0.0012068,0.00131175,0.00142645,0.00155412,0.00169844,0.00186191,0.00204581,0.00225196,0.0024817,0.00273511,0.00301281,0.00331417,0.00364181,0.00400422,0.00440869,0.00485811,0.00535463,0.00589924,0.00648937,0.00712636,0.00782111,0.00858297,0.00942012,0.01033269,0.01132514,0.01241101,0.01359458,0.01490669,0.01638191,0.01803703,0.0198158,0.02167173,0.0237276,0.02594673,0.02830504,0.03097956,0.03391176,0.03703738,0.04041281,0.04412737,0.04839148,0.05336416,0.05918802,0.0658947,0.07343572,0.08165577,0.0903974,0.09956525,0.10916394,0.11942961,0.13069175,0.14316425,0.1570298,0.17236914,0.18905893,0.20688455,0.22556076,0.24512944,0.26576562,0.28763602,0.31124436,0.33607776,0.36203072,0.38895091
MYS,2024,0.00556247,0.00034016,0.0002712,0.00021975,0.00018108,0.00015552,0.00014078,0.00013389,0.0001307,0.00012716,0.00012209,0.00012055,0.00012767,0.00014247,0.00016643,0.00020134,0.00024581,0.00029737,0.00034924,0.00039566,0.00043219,0.00045768,0.00047519,0.00048797,0.00050023,0.00051613,0.00053739,0.00056642,0.00060449,0.00065179,0.00070753,0.00077021,0.00084143,0.00092088,0.00100588,0.0010958,0.00119067,0.00129324,0.00140584,0.00153187,0.00167461,0.00183622,0.00201791,0.00222105,0.00244761,0.00269823,0.00297259,0.00327135,0.00359771,0.00395462,0.00434886,0.00478871,0.00527473,0.00580613,0.00638411,0.0070111,0.00769542,0.00844201,0.00925812,0.01015306,0.01113317,0.01220305,0.0133707,0.01467138,0.01612464,0.01774339,0.01948915,0.02132074,0.02335486,0.02554437,0.02786374,0.03050099,0.03339861,0.0364824,0.03980853,0.04348392,0.04771281,0.05263461,0.05839341,0.06503057,0.07250889,0.0806681,0.0893382,0.09843401,0.10797707,0.11820638,0.12942486,0.14183985,0.15565435,0.17094748,0.18758757,0.20536959,0.22400725,0.24352003,0.26407941,0.28589601,0.3095426,0.33439645,0.36038026,0.38742299
MYS,2025,0.00538691,0.0003323,0.00026528,0.00021523,0.00017755,0.0001526,0.00013816,0.00013137,0.00012823,0.00012481,0.00011993,0.00011855,0.00012565,0.00014034,0.00016408,0.00019871,0.00024282,0.00029376,0.00034495,0.00039076,0.0004269,0.00045218,0.00046974,0.00048271,0.00049521,0.0005113,0.00053232,0.00056078,0.000598,0.00064458,0.00070028,0.00076251,0.00083206,0.0009095,0.00099296,0.00108158,0.00117459,0.00127478,0.0013848,0.00150846,0.00164928,0.0018089,0.00198833,0.00218882,0.00241186,0.00265884,0.00293006,0.00322515,0.00354862,0.00390394,0.00429203,0.0047207,0.00519593,0.00571548,0.00627875,0.00689226,0.00756586,0.00830099,0.00910061,0.00997301,0.01093409,0.01199122,0.01314117,0.01442343,0.01586247,0.0174559,0.01916413,0.020961,0.02296714,0.02513224,0.02741966,0.03001551,0.03287159,0.0359178,0.03919837,0.04281919,0.04700401,0.05187947,0.05757433,0.06413242,0.07152846,0.07962275,0.08822717,0.09724643,0.10671197,0.11687718,0.12805141,0.14040802,0.15414802,0.16937291,0.18595168,0.20367207,0.22225706,0.24171985,0.2622089,0.28393424,0.30758267,0.33246982,0.35847166,0.38554562
MYS,2026,0.00521442,0.00032452,0.00025941,0.00021073,0.00017404,0.0001497,0.00013554,0.00012886,0.00012577,0.00012246,0.00011779,0.00011654,0.00012363,0.00013819,0.00016169,0.00019596,0.00023969,0.00029022,0.00034081,0.000386,0.00042168,0.00044664,0.0004641,0.00047718,0.00048989,0.00050617,0.00052721,0.00055535,0.0005919,0.00063749,0.00069235,0.00075436,0.00082337,0.00089898,0.00098028,0.0010673,0.00115886,0.0012571,0.00136456,0.0014854,0.00162353,0.00178082,0.00195789,0.00215572,0.00237569,0.00261873,0.00288596,0.00317769,0.0034972,0.00384934,0.00423558,0.00465758,0.0051205,0.0056281,0.00617832,0.0067758,0.00743516,0.00815876,0.00894625,0.00980127,0.01073851,0.0117763,0.01291258,0.01417526,0.01559354,0.01717077,0.01885416,0.02061295,0.02258197,0.02471809,0.02698101,0.02954493,0.03235823,0.03536329,0.03860614,0.04218013,0.04631036,0.05113581,0.05677772,0.06326563,0.0705773,0.07859419,0.08714021,0.0961024,0.10549961,0.11559331,0.12671197,0.13902929,0.15271622,0.16787368,0.18439628,0.20207417,0.22062178,0.24005679,0.26052055,0.28220239,0.30586089,0.3307966,0.35688395,0.38403355
MYS,2027,0.00505939,0.00031753,0.00025415,0.00020669,0.0001709,0.0001471,0.00013318,0.00012658,0.00012353,0.00012031,0.00011581,0.00011469,0.00012176,0.0001362,0.00015948,0.00019341,0.00023669,0.00028686,0.00033715,0.00038185,0.00041706,0.00044162,0.00045888,0.00047192,0.00048474,0.00050116,0.00052221,0.00055029,0.00058643,0.00063126,0.00068502,0.00074597,0.00081474,0.00088979,0.00096919,0.00105399,0.00114384,0.00124066,0.00134614,0.00146427,0.00159936,0.00175364,0.00192816,0.00212342,0.00234054,0.00258037,0.00284355,0.00313127,0.00344744,0.00379558,0.0041786,0.00459887,0.00505468,0.00554913,0.00608666,0.00667043,0.00731339,0.00802232,0.00879828,0.00964121,0.01056077,0.01157488,0.01269135,0.0139395,0.01533671,0.01689182,0.01856073,0.02029521,0.02222437,0.02432281,0.02655723,0.02909702,0.03187721,0.03483968,0.03804101,0.04157532,0.04565794,0.05042219,0.05600627,0.06243502,0.06967119,0.07760583,0.08607604,0.09498465,0.10432807,0.11435189,0.12539748,0.13765208,0.15129126,0.16638643,0.18283339,0.20045012,0.21895249,0.2383435,0.25876758,0.28040891,0.30407113,0.32900248,0.3551235,0.38234277
MYS,2028,0.00490167,0.0003103,0.00024868,0.00020248,0.0001676,0.00014437,0.00013071,0.0001242,0.0001212,0.00011808,0.00011377,0.00011278,0.00011982,0.00013414,0.00015718,0.00019076,0.00023357,0.00028323,0.00033322,0.00037773,0.00041256,0.00043668,0.00045363,0.00046653,0.00047932,0.00049579,0.00051681,0.00054481,0.0005808,0.00062511,0.00067797,0.00073756,0.00080514,0.00087988,0.00095868,0.00104148,0.00112887,0.00122388,0.00132784,0.00144378,0.00157582,0.00172654,0.00189758,0.00208985,0.00230399,0.00254059,0.00280022,0.00308355,0.00339536,0.00373976,0.00411828,0.0045349,0.00498838,0.00547471,0.00599766,0.00656745,0.00719574,0.00788689,0.00864709,0.00947764,0.01038412,0.01137989,0.01247083,0.01369679,0.01507689,0.01660808,0.01825476,0.01997429,0.0218763,0.0239325,0.02612785,0.02863785,0.03139142,0.03431943,0.03747651,0.04096632,0.04500737,0.04971705,0.05523079,0.0615937,0.0687657,0.07662738,0.08501655,0.09385414,0.10315097,0.11312498,0.12410579,0.13628871,0.14986739,0.16492019,0.18131474,0.19887144,0.21733498,0.23670539,0.25711066,0.27874076,0.30246547,0.32745695,0.35363757,0.38096271
MYS,2029,0.00478246,0.000305,0.00024465,0.00019935,0.00016512,0.00014228,0.00012878,0.00012229,0.00011927,0.00011619,0.00011201,0.0001111,0.00011809,0.00013226,0.00015504,0.00018823,0.00023052,0.00027959,0.00032904,0.00037327,0.00040794,0.00043162,0.00044813,0.00046069,0.00047324,0.00048951,0.00051034,0.00053812,0.00057382,0.00061774,0.00066981,0.00072817,0.00079411,0.00086739,0.00094575,0.00102782,0.00111296,0.00120533,0.00130735,0.00142159,0.00155114,0.00169836,0.00186539,0.00205379,0.00226466,0.00249808,0.00275435,0.00303408,0.00334144,0.00368144,0.00405625,0.00446825,0.00491784,0.00540175,0.00591619,0.00647078,0.00708476,0.00776068,0.00850261,0.00931723,0.01021138,0.01119458,0.01226661,0.01346556,0.01482179,0.01633471,0.01795879,0.01965695,0.02154323,0.02357214,0.02572573,0.02819756,0.03092135,0.03382416,0.03694778,0.04039363,0.04439203,0.04905736,0.05451282,0.06080152,0.06790746,0.07571531,0.08404009,0.09280726,0.1020457,0.11198474,0.12292847,0.13505535,0.14857176,0.16357641,0.17994707,0.19747466,0.215906,0.23526743,0.25568243,0.2773256,0.30114199,0.32624574,0.35254075,0.37998462
MYS,2030,0.0046783,0.00030011,0.00024086,0.00019636,0.0001627,0.00014018,0.0001268,0.0001203,0.00011724,0.00011417,0.00011009,0.00010924,0.00011615,0.00013011,0.00015255,0.00018523,0.00022687,0.00027522,0.00032395,0.00036759,0.00040202,0.00042558,0.00044172,0.00045389,0.00046611,0.00048207,0.00050258,0.00053006,0.0005654,0.00060889,0.00066045,0.00071787,0.00078242,0.00085393,0.00093078,0.00101248,0.00109693,0.00118701,0.0012863,0.00139852,0.00152627,0.00167067,0.00183381,0.00201778,0.00222442,0.00245437,0.00270714,0.00298328,0.00328681,0.00362201,0.00399199,0.0043995,0.00484349,0.00532249,0.00583358,0.00637837,0.00697519,0.00763476,0.00835941,0.00915345,0.01002923,0.01099798,0.01205442,0.0132302,0.01455389,0.01603724,0.01764025,0.019312,0.02117069,0.02317827,0.02529885,0.02772343,0.03040179,0.03326855,0.03635924,0.03976206,0.04370895,0.04831756,0.05371214,0.05992439,0.06693656,0.07467026,0.08293327,0.09162849,0.10078873,0.11065925,0.12156064,0.13363823,0.14708468,0.16201311,0.17832527,0.19582493,0.21422803,0.23355835,0.25396586,0.27562071,0.29953114,0.32475723,0.35120083,0.37880149
MYS,2031,0.0045892,0.00029599,0.00023767,0.00019382,0.00016063,0.00013838,0.0001251,0.00011857,0.00011545,0.00011239,0.00010839,0.0001076,0.00011442,0.00012821,0.00015034,0.00018257,0.00022364,0.00027132,0.00031941,0.00036249,0.00039653,0.00042002,0.00043613,0.00044799,0.00045981,0.00047538,0.00049547,0.00052252,0.00055743,0.00060046,0.00065149,0.00070831,0.00077185,0.00084189,0.0009169,0.00099709,0.00108124,0.00117071,0.00126764,0.00137698,0.00150254,0.00164485,0.0018049,0.00198464,0.00218653,0.00241203,0.00266105,0.00293374,0.00323371,0.00356505,0.00393012,0.00433235,0.00477159,0.0052447,0.00575071,0.00629223,0.00687884,0.00752061,0.00822858,0.00900509,0.0098599,0.01081036,0.01185214,0.01301147,0.01431046,0.01575947,0.01733408,0.01898555,0.02081631,0.02279578,0.02489517,0.0272869,0.02991589,0.03273662,0.0357897,0.03915624,0.04305855,0.04760737,0.05293521,0.059077,0.06600328,0.07364086,0.08182619,0.09045776,0.09954141,0.10932415,0.12014747,0.13216537,0.14554174,0.16037669,0.176589,0.19400892,0.21236431,0.23164227,0.25198843,0.27360102,0.29754667,0.32282245,0.34933946,0.37703474
MYS,2032,0.00449716,0.00029171,0.00023434,0.00019117,0.00015848,0.00013651,0.00012333,0.00011679,0.00011362,0.00011057,0.00010665,0.00010592,0.00011266,0.00012626,0.00014807,0.00017983,0.0002203,0.00026728,0.0003147,0.00035722,0.00039083,0.00041407,0.00043022,0.00044213,0.00045365,0.00046878,0.0004884,0.00051492,0.00054927,0.00059173,0.00064217,0.00069837,0.00076122,0.00083014,0.00090362,0.0009819,0.00106447,0.0011537,0.00125003,0.00135682,0.00147919,0.00161891,0.00177655,0.0019528,0.00214998,0.00237029,0.00261435,0.00288305,0.00317935,0.00350685,0.00386771,0.00426422,0.00469747,0.00516513,0.0056645,0.00620036,0.00678317,0.00741389,0.00810288,0.00886169,0.00969785,0.01062631,0.01164849,0.01279139,0.0140717,0.01549341,0.01703336,0.01865611,0.02046458,0.02241494,0.02448585,0.02685658,0.0294515,0.03222326,0.03523057,0.03855828,0.04242537,0.04692597,0.05218915,0.05825994,0.0651141,0.07267342,0.08076877,0.08933459,0.09836895,0.10808715,0.11883829,0.13079109,0.14412343,0.15890811,0.17505296,0.19240761,0.2107263,0.23000642,0.25035358,0.2719631,0.29600219,0.32140947,0.34808403,0.37597221
MYS,2033,0.00440278,0.00028726,0.00023088,0.00018843,0.00015626,0.00013458,0.0001215,0.00011495,0.00011174,0.0001087,0.00010487,0.00010419,0.00011084,0.00012424,0.00014574,0.00017702,0.00021688,0.00026316,0.00030989,0.00035182,0.00038501,0.00040798,0.00042399,0.00043599,0.00044755,0.00046233,0.00048142,0.00050734,0.00054102,0.00058277,0.00063251,0.00068798,0.00075009,0.00081823,0.00089053,0.0009672,0.00104775,0.00113533,0.00123143,0.00133756,0.0014571,0.00159311,0.00174777,0.00192124,0.00211448,0.00232962,0.00256784,0.00283121,0.00312322,0.00344669,0.00380327,0.0041947,0.00462136,0.00508207,0.0055751,0.00610339,0.00667955,0.00730573,0.00798255,0.00872081,0.0095377,0.01044617,0.01144433,0.01256504,0.01382598,0.01522592,0.01673769,0.0183241,0.02010036,0.02202601,0.02406583,0.02640637,0.02897692,0.03171205,0.03466761,0.03794526,0.04177092,0.046228,0.05143355,0.05742977,0.06420429,0.07169323,0.07970906,0.08818504,0.09715617,0.10682483,0.11751225,0.12938773,0.14264921,0.15738566,0.1734792,0.19076926,0.20902864,0.22827976,0.24863565,0.27024969,0.2943618,0.31988368,0.34671316,0.37478393
MYS,2034,0.00431438,0.00028307,0.00022762,0.00018583,0.00015414,0.00013274,0.00011976,0.00011319,0.00010994,0.0001069,0.00010315,0.00010252,0.00010908,0.00012229,0.00014346,0.00017427,0.00021352,0.0002591,0.00030515,0.00034647,0.00037923,0.00040192,0.00041777,0.00042969,0.00044133,0.00045608,0.00047472,5e-04,0.00053294,0.00057388,0.00062275,0.00067739,0.00073867,0.00080599,0.00087747,0.00095293,0.00103178,0.00111724,0.0012116,0.00131747,0.00143622,0.00156891,0.0017194,0.00188949,0.00207959,0.00229041,0.00252288,0.00278005,0.00306637,0.00338523,0.00373741,0.00412383,0.00454475,0.00499812,0.00548349,0.00600486,0.00657274,0.00719183,0.00786391,0.0085894,0.00938461,0.01027302,0.01124993,0.0123446,0.01358099,0.01495947,0.01644979,0.01800747,0.01974467,0.02163657,0.02365101,0.02595961,0.02849742,0.03120661,0.03412332,0.03734606,0.04111946,0.04552647,0.0506789,0.05660787,0.06329793,0.0707056,0.07864736,0.08704035,0.09591714,0.10551592,0.11614764,0.12794542,0.14111269,0.15576032,0.17179035,0.18901646,0.20719879,0.22637631,0.24668699,0.26828978,0.29244559,0.31801759,0.34493632,0.37313333
MYS,2035,0.00423016,0.00027914,0.00022455,0.00018338,0.00015215,0.000131,0.00011811,0.00011152,0.00010822,0.00010519,0.00010152,0.00010093,0.00010741,0.00012044,0.0001413,0.00017165,0.00021034,0.00025525,0.00030065,0.0003414,0.00037373,0.00039616,0.00041185,0.00042367,0.00043522,0.00044999,0.00046852,0.00049326,0.00052544,0.00056552,0.00061344,0.00066712,0.00072747,0.0007939,0.00086456,0.00093923,0.00101686,0.00110059,0.00119275,0.00129678,0.00141524,0.00154694,0.00169377,0.00185926,0.00204569,0.00225315,0.0024809,0.00273206,0.00301192,0.00332485,0.0036722,0.00405368,0.00446913,0.00491626,0.00539372,0.00590693,0.00646737,0.00707779,0.0077426,0.00846335,0.00924524,0.01011127,0.01106712,0.01213897,0.01334715,0.0146991,0.01616859,0.01770498,0.01941153,0.02126325,0.02324382,0.02552699,0.02803164,0.03070822,0.0335982,0.03678049,0.04049939,0.04484906,0.04994556,0.0558173,0.0624375,0.06976574,0.07763065,0.08595724,0.09475887,0.10426894,0.11483996,0.12658773,0.13968323,0.15424446,0.17019915,0.18738377,0.20553016,0.22466096,0.24493129,0.26652509,0.29077623,0.31645695,0.34350002,0.37187005
MYS,2036,0.00414464,0.00027505,0.00022136,0.00018084,0.00015007,0.00012919,0.00011641,0.00010981,0.00010646,0.00010344,9.984e-05,9.929e-05,0.00010569,0.00011853,0.00013908,0.00016895,0.00020704,0.00025127,0.000296,0.00033617,0.00036806,0.0003902,0.00040572,0.00041744,0.0004289,0.00044353,0.00046199,0.00048651,0.00051803,0.0005572,0.00060411,0.0006567,0.00071595,0.00078136,0.00085108,0.00092492,0.00100173,0.00108421,0.00117454,0.00127617,0.00139256,0.00152372,0.00166933,0.00183069,0.00201201,0.00221541,0.00243933,0.00268542,0.00295883,0.00326477,0.00360563,0.00398143,0.00439118,0.00483203,0.00530242,0.00580684,0.00635813,0.00696035,0.00761572,0.00832852,0.00910497,0.0099567,0.0108883,0.01193676,0.01311924,0.01443983,0.01588211,0.01739678,0.01907918,0.02089791,0.02283653,0.02508402,0.02756026,0.03020177,0.03305631,0.03620731,0.03988292,0.04416964,0.04919828,0.0550043,0.06155972,0.0688178,0.07659947,0.08484727,0.09358088,0.10301013,0.11348705,0.12516348,0.1381967,0.15267247,0.16852819,0.18562863,0.20372795,0.22281533,0.24302661,0.26456391,0.28884812,0.31461114,0.34174644,0.37022031
MYS,2037,0.00406145,0.00027112,0.0002183,0.0001784,0.00014808,0.00012746,0.00011476,0.00010815,0.00010476,0.00010174,9.822e-05,9.771e-05,0.00010402,0.00011667,0.00013692,0.00016634,0.00020384,0.0002474,0.00029148,0.00033108,0.00036255,0.00038441,0.00039976,0.00041138,0.00042275,0.00043722,0.00045545,0.00047981,0.000511,0.0005494,0.00059528,0.00064673,0.00070478,0.00076898,0.00083765,0.00091056,0.00098654,0.00106821,0.00115726,0.00125694,0.0013707,0.00149944,0.00164437,0.00180432,0.00198108,0.00217896,0.00239838,0.00264047,0.00290855,0.00320765,0.00354106,0.00390963,0.00431309,0.00474763,0.00521113,0.00570787,0.00624958,0.00684204,0.0074888,0.00819173,0.00895982,0.00980605,0.01072245,0.01174484,0.01290176,0.0141944,0.01560521,0.01709248,0.01875133,0.02054494,0.02245017,0.02465545,0.02709487,0.02970832,0.03252759,0.03564171,0.03928644,0.04352603,0.04848629,0.05421924,0.0607067,0.06790819,0.07562611,0.08379841,0.09246271,0.10183256,0.11223995,0.12382994,0.13680154,0.1512286,0.16701757,0.18404452,0.20209202,0.22117096,0.2413801,0.26290254,0.28724672,0.31311946,0.34042469,0.36908889
MYS,2038,0.00398753,0.00026765,0.00021559,0.00017624,0.00014632,0.00012592,0.00011329,0.00010666,0.00010322,0.00010019,9.673e-05,9.626e-05,0.00010249,0.00011497,0.00013493,0.00016393,0.00020088,0.0002438,0.00028725,0.00032632,0.00035738,0.00037897,0.00039415,0.00040565,0.00041692,0.00043124,0.00044924,0.00047326,0.00050419,0.00054216,0.00058715,0.00063746,0.00069426,0.00075717,0.00082461,0.00089647,0.00097151,0.00105238,0.00114064,0.00123896,0.00135058,0.00147633,0.00161858,0.00177774,0.00195294,0.00214592,0.00235934,0.00259679,0.00286075,0.00315429,0.00348051,0.00384095,0.00423664,0.00466444,0.00512126,0.00561079,0.00614442,0.00672702,0.0073639,0.00805825,0.0088164,0.00965446,0.01056528,0.01157154,0.01270064,0.01396608,0.01534938,0.01680514,0.018435,0.02020454,0.0220847,0.02425632,0.02665195,0.0292285,0.03201862,0.03509505,0.03870129,0.04290351,0.04780915,0.0534649,0.05987126,0.0670054,0.07466594,0.08277338,0.0913593,0.10065401,0.11099644,0.12250457,0.13537453,0.14972445,0.16545133,0.18239954,0.20036175,0.21937665,0.23956338,0.26106471,0.28542714,0.31133586,0.33872444,0.36752872
MYS,2039,0.00390515,0.00026369,0.00021249,0.00017374,0.00014427,0.00012413,0.00011161,0.00010497,0.0001015,9.848e-05,9.509e-05,9.466e-05,0.0001008,0.00011309,0.00013273,0.00016127,0.00019763,0.00023987,0.00028263,0.0003211,0.00035173,0.00037304,0.00038803,0.00039943,0.00041058,0.00042474,0.00044249,0.00046617,0.00049663,0.00053419,0.00057862,0.00062788,0.00068337,0.00074487,0.00081091,0.00088145,0.00095536,0.00103523,0.0011226,0.00122001,0.00133003,0.00145318,0.00159196,0.00174798,0.00192209,0.00211317,0.002321,0.00255186,0.00281064,0.0030995,0.00341943,0.00377149,0.00415785,0.00457665,0.00502558,0.00550729,0.00603242,0.00660571,0.00723145,0.00791461,0.00866275,0.00948947,0.01039035,0.01138882,0.01249861,0.01373231,0.01508656,0.01651268,0.01810704,0.01984441,0.02169794,0.02384171,0.0261998,0.02873001,0.03148002,0.03452228,0.03808705,0.04224242,0.04710191,0.05269433,0.05901396,0.06606581,0.0736592,0.08171242,0.09023627,0.09945279,0.10972281,0.12116568,0.13395351,0.14820278,0.16385969,0.18076068,0.19866396,0.21761655,0.23776606,0.25927381,0.28371153,0.309699,0.33719339,0.36616029
MYS,2040,0.00382964,0.00026017,0.00020973,0.00017153,0.00014246,0.00012254,0.0001101,0.00010344,9.992e-05,9.69e-05,9.358e-05,9.319e-05,9.924e-05,0.00011135,0.00013071,0.00015881,0.00019462,0.00023623,0.00027836,0.00031626,0.00034647,0.00036751,0.00038234,0.00039362,0.00040467,0.00041866,0.00043618,0.00045952,0.00048953,0.00052652,0.00057045,0.00061907,0.00067342,0.00073352,0.0007981,0.00086722,0.00093979,0.00101854,0.00110493,0.00120143,0.00131047,0.00143178,0.00156772,0.00171994,0.00189064,0.00208058,0.00228629,0.00251131,0.00276321,0.00304668,0.00336173,0.00370693,0.0040843,0.0044931,0.00493244,0.00540578,0.00592253,0.00648697,0.00710315,0.00777489,0.00851153,0.00932822,0.01021731,0.01120499,0.01230593,0.01351871,0.01484113,0.01623795,0.01780085,0.01950168,0.0213229,0.02343986,0.02576889,0.02826156,0.03096506,0.03396559,0.03749551,0.04160424,0.04641101,0.05195333,0.05820651,0.06517412,0.0726872,0.0806789,0.08915478,0.09831203,0.10850772,0.11987786,0.13260023,0.1467678,0.16232719,0.17916793,0.19703847,0.21594656,0.23604785,0.25753217,0.28205352,0.30814545,0.33575095,0.36485941
MYS,2041,0.0037544,0.00025653,0.00020687,0.00016924,0.00014058,0.0001209,0.00010854,0.00010187,9.832e-05,9.53e-05,9.204e-05,9.168e-05,9.765e-05,0.00010958,0.00012863,0.00015629,0.00019153,0.00023247,0.00027396,0.0003113,0.00034106,0.00036181,0.00037647,0.00038764,0.00039857,0.0004124,0.00042966,0.00045266,0.00048221,0.00051863,0.00056187,0.00060989,0.0006635,0.00072235,0.00078545,0.00085305,0.00092413,0.00100148,0.00108667,0.00118208,0.00129004,0.00141008,0.00154387,0.00169287,0.00185933,0.00204551,0.00224982,0.00247256,0.00271819,0.00299425,0.00330341,0.00364298,0.00401271,0.0044116,0.00484002,0.00530292,0.00581049,0.00636594,0.00697271,0.00763432,0.00835877,0.00916333,0.01004145,0.01101581,0.01210417,0.01330646,0.01460761,0.01597145,0.01750251,0.01917005,0.02095351,0.02303664,0.02533633,0.02779841,0.03046231,0.03341312,0.03689822,0.04096408,0.04571484,0.05119545,0.05739209,0.0642922,0.07171576,0.079624,0.08803628,0.09714052,0.10727129,0.11855526,0.13119135,0.14527966,0.16074447,0.17747669,0.19527948,0.21414781,0.23419367,0.2556156,0.28015168,0.30631442,0.33400959,0.3632115
MYS,2042,0.00367916,0.00025291,0.00020402,0.00016694,0.00013869,0.00011925,0.00010698,0.00010031,9.672e-05,9.371e-05,9.051e-05,9.018e-05,9.607e-05,0.00010781,0.00012656,0.00015378,0.00018846,0.00022875,0.00026959,0.00030636,0.0003357,0.00035614,0.00037062,0.00038169,0.00039251,0.00040617,0.0004232,0.00044584,0.00047494,0.00051079,0.00055333,0.00060056,0.00065349,0.00071153,0.00077332,0.00083939,0.00090889,0.0009847,0.00106843,0.00116254,0.00126928,0.00138799,0.00152031,0.00166687,0.00182977,0.00201134,0.00221147,0.00243275,0.00267597,0.00294533,0.00324653,0.00357951,0.003943,0.0043335,0.00475117,0.00520227,0.00569847,0.00624407,0.0068413,0.00749297,0.00820664,0.00899842,0.0098635,0.01082553,0.01189877,0.01308674,0.01437763,0.01571957,0.01721526,0.01884936,0.02059861,0.02264296,0.02490713,0.02733943,0.02997168,0.03288095,0.03631539,0.0403309,0.04503271,0.05045191,0.05658353,0.06343326,0.0707935,0.07861667,0.086952,0.09599876,0.10608514,0.11730974,0.12986579,0.14387678,0.15927726,0.17593619,0.19365682,0.21249001,0.23253262,0.25393779,0.2785152,0.30476212,0.33260828,0.36199042
MYS,2043,0.00361316,0.0002498,0.00020159,0.000165,0.0001371,0.00011785,0.00010565,9.895e-05,9.531e-05,9.229e-05,8.914e-05,8.884e-05,9.465e-05,0.00010622,0.0001247,0.00015151,0.00018567,0.00022535,0.00026559,0.00030183,0.00033078,0.00035096,0.00036525,0.0003762,0.00038692,0.00040043,0.00041722,0.00043953,0.00046819,0.00050348,0.00054536,0.00059182,0.00064389,0.00070121,0.0007622,0.00082695,0.00089489,0.0009691,0.00105125,0.00114383,0.00124916,0.00136644,0.0014973,0.00164225,0.00180252,0.0019803,0.00217548,0.00239247,0.0026343,0.00290123,0.00319545,0.00351987,0.00387636,0.00426025,0.00466908,0.00510888,0.00559262,0.00612646,0.00671369,0.0073558,0.00805947,0.00884056,0.00969261,0.01064087,0.01170085,0.01287278,0.01415033,0.01548268,0.01695541,0.0185535,0.02026951,0.02227983,0.02450458,0.02690211,0.02950472,0.03238133,0.03577416,0.0397344,0.04437992,0.04974562,0.05581251,0.06260125,0.06991532,0.07767884,0.08593111,0.09490128,0.10493195,0.11610964,0.12860265,0.14252958,0.15785119,0.17444812,0.19209905,0.21085216,0.23086175,0.25226233,0.27687298,0.30316226,0.33109346,0.360626
MYS,2044,0.00354597,0.00024656,0.00019905,0.00016296,0.00013543,0.00011638,0.00010425,9.753e-05,9.385e-05,9.083e-05,8.773e-05,8.745e-05,9.317e-05,0.00010457,0.00012276,0.00014915,0.00018276,0.00022182,0.00026144,0.00029713,0.00032564,0.00034556,0.00035966,0.00037047,0.00038107,0.00039441,0.00041095,0.00043291,0.0004611,0.0004958,0.00053699,0.00058264,0.0006338,0.00069013,0.00075032,0.00081421,0.0008807,0.00095322,0.00103362,0.0011244,0.00122793,0.00134344,0.00147254,0.00161568,0.00177397,0.00194872,0.00213952,0.00235106,0.00258811,0.00285329,0.00314459,0.00346096,0.0038078,0.00418364,0.00458486,0.0050147,0.00548577,0.00600584,0.0065801,0.00721113,0.00790402,0.00867392,0.00951368,0.01044657,0.01149001,0.01264587,0.01390607,0.01522344,0.01668335,0.01825529,0.0199323,0.02190611,0.02409244,0.02644721,0.02901099,0.03185219,0.03520664,0.0391151,0.04369268,0.048989,0.05499115,0.06170928,0.06895549,0.07666785,0.08485308,0.09372861,0.10367139,0.11477761,0.12720648,0.14105197,0.15627152,0.17277439,0.19035088,0.20902016,0.22893355,0.25028367,0.27492135,0.30123388,0.32919877,0.35880911
MYS,2045,0.00347957,0.0002435,0.00019663,0.000161,0.0001338,0.00011495,0.00010288,9.614e-05,9.241e-05,8.939e-05,8.634e-05,8.609e-05,9.173e-05,0.00010295,0.00012085,0.00014682,0.0001799,0.00021832,0.00025732,0.00029247,0.00032056,0.0003402,0.00035414,0.00036483,0.0003753,0.00038846,0.00040477,0.00042639,0.00045412,0.00048826,0.00052874,0.0005736,0.00062387,0.00067921,0.00073837,0.00080147,0.0008671,0.00093815,0.00101679,0.0011057,0.00120726,0.00132069,0.00144781,0.00158898,0.00174527,0.00191787,0.0021053,0.00231222,0.00254349,0.00280359,0.00309296,0.00340594,0.00374404,0.00410941,0.00450194,0.00492359,0.00538388,0.00589046,0.0064502,0.0070676,0.00774878,0.0085074,0.00933519,0.01025443,0.01128073,0.01241831,0.0136625,0.01496237,0.0164056,0.01796364,0.01961357,0.02154741,0.0236955,0.0260113,0.02853165,0.03133213,0.03464972,0.03851501,0.0430351,0.04825731,0.05418594,0.0608441,0.06802399,0.07567523,0.08381753,0.09263142,0.10248608,0.11350901,0.12587281,0.13966405,0.15481699,0.17123836,0.18874778,0.20737386,0.22723693,0.24852779,0.27321322,0.29962162,0.32768856,0.35742167
MYS,2046,0.00341223,0.00024024,0.00019406,0.00015894,0.0001321,0.00011346,0.00010147,9.471e-05,9.095e-05,8.792e-05,8.492e-05,8.469e-05,9.024e-05,0.00010128,0.00011889,0.00014442,0.00017695,0.00021474,0.0002531,0.00028769,0.00031537,0.00033473,0.00034849,0.00035907,0.00036941,0.0003824,0.00039845,0.00041974,0.00044702,0.00048057,0.00052037,0.00056442,0.0006138,0.00066816,0.00072628,0.00078832,0.00085312,0.00092328,0.00100035,0.00108734,0.00118679,0.00129791,0.00142266,0.00156154,0.00171559,0.00188595,0.00207091,0.00227421,0.0025005,0.00275434,0.00303817,0.00334871,0.00368289,0.00403866,0.00441981,0.00483198,0.00528322,0.00577816,0.00632347,0.00692541,0.00759198,0.00833812,0.00915361,0.01005926,0.01106994,0.0121883,0.01341387,0.01469725,0.01612078,0.01766057,0.01929535,0.02120069,0.02330627,0.02558232,0.02806198,0.03081631,0.0340905,0.03791219,0.04238145,0.0475382,0.05338443,0.05996808,0.06708802,0.07467353,0.08275528,0.09152454,0.1013153,0.11224274,0.12451509,0.138234,0.15332829,0.16968107,0.1871082,0.20566579,0.22548232,0.24671693,0.27138822,0.29784599,0.32601001,0.35584409
MYS,2047,0.00334975,0.00023725,0.00019171,0.00015704,0.00013054,0.00011208,0.00010016,9.339e-05,8.958e-05,8.655e-05,8.36e-05,8.339e-05,8.885e-05,9.973e-05,0.00011707,0.00014221,0.00017423,0.00021144,0.00024922,0.00028329,0.00031058,0.00032967,0.00034324,0.0003537,0.00036393,0.00037674,0.00039253,0.00041348,0.00044033,0.00047333,0.00051245,0.00055574,0.00060423,0.00065763,0.00071476,0.00077575,0.00083949,0.00090885,0.00098503,0.00107036,0.00116773,0.00127648,0.00139868,0.00153498,0.00168657,0.00185454,0.00203705,0.00223782,0.00246036,0.00270898,0.00298622,0.00329072,0.00362228,0.00397385,0.0043448,0.00474492,0.00518608,0.00567156,0.00620479,0.0067918,0.00744236,0.00817355,0.00897612,0.00986851,0.01086433,0.0119658,0.01317239,0.01443718,0.01584266,0.01736173,0.01897759,0.02086679,0.0229417,0.02517394,0.02761248,0.03032389,0.03355006,0.03732258,0.04174172,0.04684193,0.05261751,0.05911846,0.06616449,0.07369377,0.08171272,0.09042214,0.10017031,0.11103177,0.12320555,0.13683132,0.15185631,0.16815926,0.18553047,0.20401839,0.22378048,0.24498486,0.26967302,0.29615434,0.32441375,0.35439885
MYS,2048,0.0032869,0.0002342,0.0001893,0.0001551,0.00012894,0.00011067,9.882e-05,9.203e-05,8.818e-05,8.515e-05,8.224e-05,8.205e-05,8.743e-05,9.812e-05,0.00011518,0.00013989,0.00017137,0.00020794,0.0002451,0.00027863,0.0003055,0.00032432,0.00033773,0.00034806,0.00035818,0.00037083,0.00038638,0.00040698,0.00043337,0.00046581,0.00050426,0.00054676,0.00059437,0.00064679,0.0007029,0.00076284,0.00082547,0.0008937,0.00096901,0.00105333,0.00114882,0.00125511,0.0013746,0.00150799,0.00165664,0.00182184,0.00200158,0.00219966,0.0024194,0.00266389,0.00293538,0.00323246,0.00355724,0.00390565,0.00427184,0.00466087,0.00508887,0.00556338,0.00608637,0.0066604,0.00729493,0.00800903,0.00879541,0.00967315,0.01065373,0.01173839,0.01292777,0.01417318,0.0155581,0.01705793,0.0186524,0.02052171,0.02257889,0.02477965,0.02717388,0.02984281,0.0330249,0.03674424,0.04110751,0.04615165,0.05186624,0.05829727,0.06525982,0.07271764,0.08068456,0.08933282,0.09902391,0.10984315,0.12195105,0.13547827,0.15041339,0.16665591,0.18399094,0.20243627,0.22214042,0.24330279,0.26802564,0.29454902,0.3228595,0.35296992
MYS,2049,0.00322707,0.00023134,0.00018703,0.00015325,0.0001274,0.00010931,9.752e-05,9.071e-05,8.683e-05,8.378e-05,8.093e-05,8.076e-05,8.605e-05,9.658e-05,0.00011336,0.00013767,0.00016863,0.0002046,0.00024115,0.00027416,0.00030062,0.00031916,0.00033238,0.00034259,0.00035257,0.00036503,0.00038035,0.00040059,0.0004265,0.00045836,0.00049612,0.00053783,0.00058453,0.00063595,0.00069099,0.00074985,0.00081137,0.00087842,0.00095251,0.00103586,0.00113018,0.00123426,0.00135096,0.00148127,0.00162662,0.00178853,0.00196509,0.00216014,0.0023769,0.00261824,0.00288512,0.0031757,0.00349224,0.00383308,0.00419554,0.00457913,0.00499486,0.00545505,0.00596611,0.00652901,0.00714945,0.00784634,0.00861418,0.00947374,0.01043738,0.01150446,0.01267604,0.013903,0.01526539,0.01674205,0.01831493,0.02015946,0.0221924,0.02437116,0.02672908,0.02934826,0.03248202,0.03614728,0.04044529,0.04542104,0.05106827,0.05743224,0.06431654,0.07168249,0.07957034,0.08815641,0.09777466,0.10852026,0.12056795,0.1340098,0.14882653,0.16496226,0.18222353,0.20061953,0.2202644,0.24135074,0.2660633,0.2926164,0.32096741,0.35113114
MYS,2050,0.00316805,0.0002285,0.00018478,0.00015143,0.00012589,0.00010798,9.625e-05,8.943e-05,8.551e-05,8.246e-05,7.965e-05,7.95e-05,8.471e-05,9.508e-05,0.00011159,0.0001355,0.00016596,0.00020134,0.00023731,0.00026981,0.00029589,0.00031418,0.00032723,0.00033733,0.00034721,0.00035951,0.00037459,0.00039453,0.00042002,0.00045133,0.00048843,0.00052942,0.00057529,0.00062579,0.00067987,0.00073771,0.00079818,0.00086417,0.00093713,0.00101925,0.00111257,0.00121537,0.00132972,0.00145707,0.0015992,0.00175772,0.00193087,0.00212276,0.00233653,0.00257491,0.00283866,0.00312437,0.00343413,0.00376641,0.00412109,0.00450104,0.00491127,0.0053589,0.00585534,0.00640625,0.00701551,0.00769829,0.00844866,0.00928897,0.01023356,0.01128316,0.01243838,0.01364892,0.0149927,0.0164475,0.01799853,0.01982246,0.02183155,0.02398801,0.02632554,0.0289101,0.03199725,0.03561459,0.03985857,0.04476962,0.05035147,0.05665945,0.06348931,0.07079126,0.07860233,0.08712481,0.09669985,0.1073906,0.11938548,0.13279336,0.1475567,0.16361192,0.18081145,0.19918433,0.21883367,0.23991804,0.26467428,0.29130883,0.31979199,0.35010856
MYS,2051,0.00311166,0.00022568,0.00018256,0.00014964,0.00012441,0.00010668,9.501e-05,8.818e-05,8.422e-05,8.117e-05,7.84e-05,7.826e-05,8.339e-05,9.358e-05,0.00010983,0.00013335,0.00016331,0.00019811,0.00023351,0.00026549,0.00029117,0.0003092,0.00032209,0.00033207,0.00034182,0.00035396,0.00036879,0.00038839,0.00041346,0.00044422,0.00048065,0.00052087,0.0005659,0.00061546,0.00066853,0.00072534,0.00078472,0.00084958,0.00092136,0.00100219,0.00109407,0.00119559,0.00130838,0.00143302,0.00157179,0.00172669,0.001896,0.00208414,0.00229442,0.00252945,0.00278985,0.0030718,0.00337605,0.00370076,0.004046,0.00441734,0.00482325,0.00526466,0.00574751,0.00628272,0.00687897,0.00754967,0.00828469,0.00910563,0.01002865,0.01105694,0.01219391,0.01338725,0.01471203,0.01614622,0.01767376,0.01947326,0.0214585,0.02358851,0.02590034,0.02845993,0.03150839,0.03507116,0.03925733,0.0441035,0.04960914,0.05584533,0.06261256,0.06985392,0.07759314,0.08602741,0.09552724,0.10615852,0.11807939,0.13141377,0.14612352,0.16210541,0.17920274,0.19749005,0.21708979,0.23814786,0.26291469,0.28955777,0.31808388,0.34848964
MYS,2052,0.00305342,0.00022291,0.00018034,0.00014782,0.00012289,0.00010533,9.372e-05,8.688e-05,8.289e-05,7.983e-05,7.71e-05,7.698e-05,8.202e-05,9.205e-05,0.00010802,0.00013112,0.00016055,0.00019473,0.00022952,0.00026097,0.00028624,0.000304,0.00031672,0.00032658,0.00033621,0.00034817,0.00036278,0.00038204,0.00040665,0.00043686,0.00047261,0.00051204,0.00055617,0.00060478,0.00065683,0.00071257,0.00077085,0.00083455,0.00090511,0.00098463,0.00107501,0.00117479,0.00128605,0.00140885,0.00154452,0.00169566,0.00186086,0.00204479,0.00225091,0.00248201,0.00273856,0.00301647,0.0033163,0.00363474,0.00397155,0.0043325,0.00472877,0.00516514,0.00564098,0.00616142,0.0067406,0.00739706,0.00811858,0.0089221,0.0098232,0.01082729,0.01194177,0.01311588,0.01442075,0.01583385,0.01733907,0.0191123,0.02107001,0.02317385,0.02545621,0.02798595,0.03100553,0.03452325,0.03864693,0.04342692,0.04885974,0.05501627,0.06170911,0.0688879,0.07656681,0.08492691,0.09433654,0.1048884,0.11674641,0.13000467,0.14464298,0.16058002,0.17761706,0.19581497,0.21534473,0.23637245,0.26118787,0.28788892,0.31647939,0.3469933
MYS,2053,0.00299833,0.00022015,0.00017815,0.00014604,0.00012141,0.00010402,9.249e-05,8.564e-05,8.161e-05,7.856e-05,7.587e-05,7.576e-05,8.072e-05,9.058e-05,0.00010628,0.00012899,0.00015792,0.00019153,0.00022574,0.00025667,0.00028156,0.00029906,0.00031161,0.00032136,0.00033088,0.00034268,0.00035705,0.000376,0.00040018,0.00042986,0.000465,0.00050369,0.00054699,0.00059467,0.00064578,0.00070053,0.00075776,0.00082037,0.00088976,0.00096801,0.00105698,0.00115509,0.00126448,0.00138564,0.00151938,0.00166729,0.00182852,0.00200825,0.00221005,0.00243687,0.00268938,0.0029632,0.00325883,0.00357271,0.00390307,0.00425535,0.00464083,0.00506735,0.00553826,0.00605174,0.0066158,0.00725489,0.00796191,0.00875133,0.00963409,0.01061533,0.01170614,0.01285855,0.01414345,0.01553671,0.01702144,0.01877191,0.02070283,0.02277964,0.02503568,0.02753491,0.03052374,0.03400949,0.0380848,0.04279836,0.04816199,0.05424751,0.06086172,0.06796945,0.07558987,0.08389116,0.09322769,0.10368679,0.11546277,0.12865701,0.14322007,0.15908988,0.17609002,0.19423244,0.21367346,0.23463192,0.25946281,0.28622043,0.31487597,0.34545977
MYS,2054,0.00294537,0.00021762,0.00017613,0.00014439,0.00012003,0.00010279,9.131e-05,8.444e-05,8.038e-05,7.731e-05,7.466e-05,7.457e-05,7.945e-05,8.914e-05,0.00010458,0.00012691,0.00015535,0.00018839,0.00022203,0.00025245,0.00027696,0.0002942,0.00030657,0.00031619,0.0003256,0.00033723,0.00035136,0.00036998,0.00039374,0.00042286,0.00045733,0.00049529,0.00053773,0.00058445,0.00063455,0.00068828,0.00074444,0.00080591,0.00087411,0.00095104,0.00103854,0.00113495,0.00124239,0.00136135,0.00149313,0.00163878,0.0017963,0.00197165,0.00216882,0.00239085,0.00263858,0.0029077,0.00319859,0.0035076,0.00383269,0.00417768,0.00455339,0.00496796,0.00542797,0.00593572,0.00649186,0.00711454,0.00780263,0.00857563,0.00944204,0.01040248,0.01146902,0.01259645,0.01385674,0.01522782,0.01669093,0.0184178,0.02032269,0.02237032,0.02459621,0.0270647,0.03001835,0.03346587,0.03750143,0.0421584,0.04744614,0.05345749,0.05999541,0.06702027,0.07456662,0.08280499,0.09207835,0.10245647,0.1141305,0.12723441,0.14172904,0.15752273,0.17445909,0.19257058,0.21195995,0.23283478,0.25765232,0.28445417,0.31320243,0.34389385
MYS,2055,0.00289038,0.00021485,0.00017392,0.00014258,0.00011852,0.00010146,9.005e-05,8.318e-05,7.91e-05,7.603e-05,7.342e-05,7.334e-05,7.813e-05,8.766e-05,0.00010283,0.00012477,0.0001527,0.00018515,0.00021821,0.00024812,0.00027223,0.00028921,0.00030142,0.00031092,0.00032021,0.00033168,0.00034559,0.00036388,0.00038721,0.00041582,0.00044964,0.00048686,0.0005285,0.0005743,0.00062343,0.00067613,0.00073126,0.00079165,0.00085867,0.00093431,0.00102034,0.00111506,0.0012206,0.0013374,0.00146679,0.00161034,0.00176539,0.00193684,0.00212937,0.00234645,0.00258903,0.00285286,0.00313862,0.00344251,0.00376242,0.00410185,0.00446979,0.00487408,0.00532157,0.00581792,0.00636797,0.00698228,0.00765304,0.00840571,0.00925421,0.01019694,0.01124247,0.01234555,0.01357925,0.01492493,0.01636565,0.01806938,0.01994929,0.0219705,0.02416625,0.02660256,0.02952325,0.03293107,0.03692381,0.04153808,0.04676661,0.05270232,0.05916671,0.06611756,0.07358359,0.08174947,0.09096274,0.10127841,0.11287227,0.12587594,0.1402864,0.15602408,0.17290063,0.19096658,0.2103441,0.23118732,0.25599307,0.28282362,0.311666,0.34250686
MYS,2056,0.00284275,0.0002125,0.00017204,0.00014104,0.00011724,0.00010032,8.897e-05,8.209e-05,7.798e-05,7.491e-05,7.233e-05,7.226e-05,7.697e-05,8.636e-05,0.00010129,0.00012287,0.00015036,0.00018229,0.00021483,0.00024429,0.00026804,0.00028478,0.00029684,0.00030624,0.00031542,0.00032674,0.00034045,0.00035846,0.00038141,0.00040954,0.0004428,0.00047935,0.00052024,0.00056524,0.0006135,0.00066528,0.00071944,0.00077884,0.00084481,0.00091927,0.00100399,0.00109715,0.00120093,0.00131576,0.00144294,0.00158406,0.00173696,0.00190597,0.00209455,0.00230688,0.00254438,0.00280279,0.00308308,0.00338169,0.00369638,0.00403054,0.00439272,0.00478898,0.00522587,0.00570932,0.00624762,0.00685581,0.00751794,0.00825234,0.00907925,0.010003,0.01103102,0.0121133,0.01332132,0.0146398,0.01605507,0.01773517,0.01959086,0.02158696,0.02375544,0.02615969,0.02904607,0.03241634,0.03636432,0.04093168,0.04611541,0.05199296,0.05838027,0.06525782,0.07265029,0.08073419,0.08987452,0.10012716,0.11165513,0.12457507,0.13888289,0.15453877,0.17136572,0.18937727,0.20871273,0.22954645,0.2543703,0.28120249,0.31008937,0.34104164
MYS,2057,0.00280137,0.00021049,0.00017042,0.00013972,0.00011613,9.933e-05,8.801e-05,8.112e-05,7.697e-05,7.389e-05,7.134e-05,7.127e-05,7.592e-05,8.516e-05,9.987e-05,0.00012113,0.0001482,0.00017963,0.00021168,0.00024069,0.00026411,0.00028062,0.00029251,0.0003018,0.00031086,0.00032202,0.00033551,0.00035324,0.00037581,0.00040345,0.00043612,0.00047202,0.00051214,0.00055631,0.00060368,0.00065453,0.0007077,0.00076607,0.00083097,0.00090425,0.00098762,0.00107921,0.00118118,0.001294,0.00141892,0.00155755,0.00170768,0.00187434,0.00206025,0.00226829,0.00250065,0.00275344,0.0030278,0.00332041,0.00362933,0.00395774,0.004314,0.00470394,0.00513219,0.00560438,0.00612902,0.0067248,0.00738027,0.00810504,0.00891203,0.0098124,0.01082079,0.01188503,0.01307021,0.01436157,0.0157488,0.01740118,0.01923103,0.0212017,0.02334308,0.02571684,0.02856718,0.03189611,0.03579848,0.04031304,0.0454429,0.05127335,0.05759718,0.06439122,0.07170447,0.0797068,0.08875661,0.09892384,0.11037501,0.12321459,0.13742434,0.15296474,0.16969869,0.18765054,0.20691877,0.22769627,0.25253721,0.27937901,0.30825878,0.33924787
MYS,2058,0.0027558,0.00020807,0.00016849,0.00013814,0.00011481,9.817e-05,8.692e-05,8.003e-05,7.586e-05,7.278e-05,7.026e-05,7.02e-05,7.478e-05,8.387e-05,9.835e-05,0.00011926,0.00014589,0.00017681,0.00020834,0.0002369,0.00025997,0.00027624,0.00028798,0.00029715,0.0003061,0.00031712,0.00033039,0.00034783,0.00037003,0.0003972,0.0004293,0.00046455,0.00050395,0.00054729,0.0005938,0.00064376,0.00069598,0.00075333,0.00081713,0.00088925,0.0009713,0.00106131,0.00116153,0.00127233,0.00139503,0.00153122,0.00167859,0.00184231,0.00202568,0.00223081,0.0024585,0.00270555,0.00297374,0.00325988,0.0035623,0.00388447,0.00423443,0.00461796,0.00503938,0.00550231,0.00601486,0.00659603,0.00723812,0.00795508,0.00875098,0.00962958,0.01061378,0.01165797,0.01282334,0.01409063,0.01545001,0.01707233,0.01887285,0.02081719,0.02293187,0.02527606,0.028093,0.03138084,0.03523617,0.03970036,0.04477405,0.05055272,0.05683257,0.06356556,0.07079684,0.07872092,0.08769164,0.09776884,0.10913608,0.12190289,0.13604037,0.15149577,0.16813002,0.18600795,0.20523763,0.22596954,0.25082337,0.27772997,0.30667296,0.33771452
MYS,2059,0.00271252,0.0002059,0.00016674,0.0001367,0.0001136,9.709e-05,8.589e-05,7.899e-05,7.48e-05,7.172e-05,6.923e-05,6.918e-05,7.368e-05,8.263e-05,9.687e-05,0.00011744,0.00014362,0.00017404,0.00020506,0.00023316,0.00025587,0.00027191,0.0002835,0.00029256,0.0003014,0.00031226,0.00032533,0.00034248,0.00036429,0.000391,0.00042253,0.00045712,0.00049578,0.00053831,0.00058394,0.00063298,0.00068426,0.00074061,0.00080331,0.00087423,0.00095495,0.00104343,0.00114185,0.00125065,0.00137108,0.00150478,0.00164939,0.00181012,0.00199026,0.00219258,0.00241703,0.00265884,0.00292074,0.0032001,0.00349548,0.00381055,0.00415357,0.0045302,0.0049446,0.00540012,0.00590263,0.00647083,0.00709727,0.00779945,0.00858613,0.00945212,0.01041364,0.01143284,0.0125761,0.01382211,0.01515636,0.01674849,0.01851675,0.02043067,0.02251708,0.02483125,0.02761444,0.03086213,0.03466853,0.03907804,0.04409497,0.0498153,0.0560414,0.06272958,0.06989698,0.07773342,0.08662114,0.09661134,0.10787952,0.12055374,0.1346125,0.14999371,0.1665423,0.18431871,0.20347354,0.224166,0.24901543,0.27594681,0.30497009,0.33609142
MYS,2060,0.00267106,0.00020373,0.00016501,0.00013529,0.00011242,9.605e-05,8.491e-05,7.8e-05,7.378e-05,7.07e-05,6.824e-05,6.82e-05,7.263e-05,8.144e-05,9.547e-05,0.00011573,0.00014151,0.00017146,0.00020201,0.0002297,0.00025208,0.0002679,0.00027933,0.00028828,0.00029701,0.00030771,0.00032059,0.00033746,0.00035891,0.00038516,0.00041616,0.00045013,0.00048808,0.00052983,0.00057465,0.00062282,0.00067318,0.00072859,0.00079027,0.00086003,0.00093946,0.00102646,0.00112321,0.00123007,0.00134836,0.00147967,0.00162162,0.00177951,0.00195655,0.00215553,0.00237706,0.00261537,0.00287173,0.00314444,0.00343271,0.00374039,0.00407588,0.00444524,0.00485247,0.00530075,0.00579554,0.00635336,0.00696632,0.0076519,0.00842272,0.00927867,0.0102276,0.011224,0.0123409,0.01356417,0.01487696,0.01644274,0.0181799,0.02006196,0.02211785,0.02440239,0.02715371,0.03036377,0.03412569,0.03848261,0.04344276,0.04910983,0.05528157,0.06192177,0.06905058,0.07682669,0.0856316,0.0955427,0.10672908,0.11931146,0.13328967,0.14861152,0.16511014,0.18282642,0.20190679,0.22255594,0.24745099,0.27444258,0.30356632,0.33485542
MYS,2061,0.00263416,0.00020188,0.00016351,0.00013404,0.00011137,9.511e-05,8.401e-05,7.71e-05,7.286e-05,6.977e-05,6.734e-05,6.73e-05,7.167e-05,8.036e-05,9.418e-05,0.00011413,0.00013953,0.00016902,0.00019912,0.00022641,0.00024849,0.00026409,0.00027538,0.00028423,0.00029286,0.00030342,0.0003161,0.00033272,0.00035383,0.00037966,0.00041014,0.00044355,0.00048085,0.00052187,0.00056591,0.00061328,0.00066278,0.00071729,0.00077803,0.00084673,0.00092494,0.00101052,0.00110571,0.0012108,0.00132707,0.00145616,0.00159561,0.00175082,0.00192498,0.0021208,0.00233889,0.00257413,0.00282692,0.00309394,0.00337546,0.00367595,0.00400391,0.00436575,0.0047658,0.00520707,0.00569478,0.00624503,0.00684762,0.00751938,0.00827308,0.00911285,0.01005263,0.01103731,0.01213096,0.01332803,0.01461885,0.01616272,0.01787323,0.01972497,0.02174937,0.02400256,0.02672217,0.02989596,0.03361525,0.03792326,0.04282726,0.04843771,0.05455622,0.06114212,0.06822218,0.07595618,0.08469529,0.09451313,0.10560844,0.11809577,0.13196811,0.14719707,0.1636242,0.18127493,0.20027331,0.22082162,0.245675,0.272674,0.30181148,0.3331449
MYS,2062,0.00259299,0.00019983,0.00016184,0.00013265,0.0001102,9.406e-05,8.301e-05,7.61e-05,7.184e-05,6.875e-05,6.635e-05,6.632e-05,7.061e-05,7.916e-05,9.276e-05,0.00011238,0.00013735,0.00016635,0.00019596,0.0002228,0.00024454,0.00025992,0.00027106,0.0002798,0.00028833,0.00029875,0.00031123,0.00032756,0.00034832,0.00037369,0.00040363,0.00043641,0.00047301,0.00051326,0.00055647,0.00060298,0.00065158,0.00070512,0.00076483,0.00083242,0.00090934,0.00099339,0.00108685,0.00119003,0.00130416,0.00143084,0.00156761,0.0017199,0.00189091,0.00208331,0.00229763,0.00252866,0.00277764,0.00304028,0.00331518,0.00360788,0.00392741,0.00428049,0.00467174,0.00510454,0.0055838,0.00612546,0.00671884,0.00737806,0.00811532,0.00893507,0.00985661,0.01083042,0.01190922,0.01308006,0.01434208,0.01586009,0.01754496,0.01936717,0.02135798,0.02357519,0.02625766,0.02939154,0.03306515,0.03732119,0.04216777,0.04771751,0.05377607,0.06030745,0.06733242,0.07501602,0.08371336,0.09346428,0.1044657,0.11686392,0.13064738,0.1457829,0.16213602,0.17973976,0.19870099,0.21920101,0.24403911,0.27107424,0.3003144,0.33177376
MYS,2063,0.00255479,0.00019774,0.00016017,0.00013129,0.00010907,9.306e-05,8.207e-05,7.516e-05,7.088e-05,6.779e-05,6.541e-05,6.539e-05,6.961e-05,7.803e-05,9.142e-05,0.00011074,0.00013532,0.00016387,0.00019302,0.00021947,0.00024089,0.00025606,0.00026705,0.00027568,0.00028409,0.00029437,0.00030666,0.00032272,0.00034313,0.00036808,0.0003975,0.00042969,0.00046563,0.00050515,0.00054759,0.00059326,0.00064101,0.00069364,0.00075235,0.00081884,0.00089455,0.00097717,0.00106897,0.00117029,0.00128238,0.00140681,0.00154103,0.00169058,0.00185858,0.00204773,0.00225852,0.00248555,0.00273016,0.00298884,0.00325926,0.00354511,0.00385648,0.00420088,0.00458313,0.00500699,0.00547764,0.00601076,0.00659544,0.00724504,0.0079691,0.00877168,0.00967328,0.01062926,0.01169648,0.0128522,0.01408808,0.0155764,0.01723479,0.01903173,0.02099308,0.02317598,0.02582076,0.02891338,0.03254204,0.03674796,0.04153945,0.04703283,0.0530319,0.05950581,0.06647883,0.07410755,0.08275501,0.09246212,0.10339345,0.11569402,0.12938647,0.14443448,0.16069634,0.17822834,0.19714369,0.2176058,0.24243395,0.26945938,0.29874301,0.33031257
MYS,2064,0.00251611,0.00019573,0.00015853,0.00012993,0.00010791,9.215e-05,8.11e-05,7.42e-05,6.99e-05,6.682e-05,6.446e-05,6.444e-05,6.86e-05,7.689e-05,9.006e-05,0.00010907,0.00013325,0.00016133,0.00019,0.00021602,0.00023712,0.00025207,0.00026292,0.00027144,0.00027975,0.00028988,0.00030197,0.00031778,0.00033783,0.00036234,0.00039125,0.00042285,0.00045812,0.0004969,0.00053857,0.00058343,0.00063031,0.00068203,0.00073977,0.00080516,0.00087963,0.00096085,0.00105103,0.00115048,0.00126049,0.00138266,0.00151436,0.00166113,0.00182612,0.00201194,0.0022191,0.0024421,0.00268225,0.00293609,0.00320218,0.00348313,0.00378702,0.00412262,0.00449551,0.00490971,0.00537066,0.00589435,0.00646962,0.00710929,0.0078223,0.00861011,0.00949357,0.01042878,0.01147615,0.01261877,0.01383813,0.0152977,0.0169238,0.0186924,0.02062592,0.02277578,0.02538137,0.02842884,0.03200726,0.03615936,0.04089274,0.04632645,0.0522647,0.05867492,0.06558573,0.07315524,0.08173945,0.0913852,0.10226057,0.11447769,0.12805829,0.14300396,0.15916827,0.17659697,0.19542773,0.21583049,0.24064192,0.26765065,0.29691801,0.32852608
MYS,2065,0.00248181,0.00019399,0.00015713,0.00012877,0.00010693,9.127e-05,8.026e-05,7.335e-05,6.903e-05,6.594e-05,6.361e-05,6.359e-05,6.768e-05,7.585e-05,8.882e-05,0.00010754,0.00013134,0.00015899,0.00018722,0.00021285,0.00023364,0.00024838,0.00025909,0.00026751,0.00027572,0.0002857,0.00029761,0.00031316,0.00033288,0.00035697,0.00038537,0.0004164,0.00045103,0.00048909,0.00052999,0.00057405,0.0006201,0.00067093,0.00072772,0.00079207,0.00086533,0.00094516,0.00103378,0.00113144,0.0012394,0.00135932,0.00148856,0.00163268,0.00179473,0.00197739,0.00218103,0.00240012,0.002636,0.00288509,0.00314607,0.0034224,0.00372098,0.00404864,0.00441224,0.00481667,0.00526752,0.0057811,0.00634661,0.00697622,0.0076785,0.00845444,0.00932295,0.01024004,0.01126552,0.01238776,0.01359392,0.0150358,0.01663235,0.01836898,0.02027418,0.02239535,0.0249662,0.02797094,0.03149939,0.0355965,0.04027274,0.04564931,0.05153037,0.05788393,0.06473561,0.07224629,0.08077558,0.09036104,0.10117911,0.11334706,0.12685306,0.14169909,0.15777763,0.17512632,0.1938721,0.21421193,0.23902632,0.26606333,0.2953647,0.32701285
MYS,2066,0.00244616,0.00019196,0.0001555,0.00012743,0.0001059,9.028e-05,7.941e-05,7.244e-05,6.812e-05,6.503e-05,6.272e-05,6.271e-05,6.674e-05,7.478e-05,8.756e-05,0.00010599,0.00012944,0.00015666,0.00018448,0.00020972,0.00023022,0.00024475,0.00025531,0.00026362,0.00027172,0.00028157,0.00029329,0.00030859,0.00032798,0.00035167,0.00037959,0.00041007,0.00044408,0.00048146,0.00052164,0.00056493,0.00061019,0.00066018,0.00071604,0.00077937,0.00085149,0.00092996,0.00101706,0.00111303,0.00121909,0.00133684,0.00146369,0.00160528,0.00176456,0.00194412,0.0021444,0.00235968,0.00259141,0.00283599,0.00309205,0.00336309,0.00365685,0.00397901,0.00433438,0.00472922,0.0051699,0.00567295,0.00622792,0.00684705,0.00753843,0.00830284,0.00915929,0.01006131,0.01106738,0.01216689,0.01335222,0.01477906,0.01635622,0.01806232,0.01993443,0.02202509,0.02456379,0.02752858,0.0310079,0.0350484,0.03966387,0.04498122,0.05080396,0.05709993,0.06389393,0.07134176,0.07980772,0.08933126,0.10008115,0.1121845,0.12563615,0.14040364,0.15637835,0.17363586,0.19229444,0.21254225,0.23732019,0.26436443,0.29370099,0.32539133
MYS,2067,0.00241269,0.00019029,0.00015411,0.00012627,0.0001049,8.939e-05,7.856e-05,7.16e-05,6.726e-05,6.418e-05,6.19e-05,6.189e-05,6.586e-05,7.379e-05,8.638e-05,0.00010454,0.00012764,0.00015445,0.00018186,0.00020674,0.00022695,0.00024128,0.00025172,0.00025994,0.00026795,0.00027767,0.00028923,0.00030429,0.00032339,0.00034671,0.00037417,0.00040415,0.00043758,0.00047433,0.00051383,0.00055642,0.00060093,0.00065015,0.00070517,0.00076756,0.00083862,0.00091586,0.00100154,0.00109589,0.00120017,0.00131592,0.00144046,0.00157954,0.00173614,0.00191276,0.00210974,0.00232134,0.00254898,0.00278911,0.00304038,0.00330618,0.00359417,0.00391111,0.00426052,0.00464651,0.00507685,0.0055689,0.00611249,0.00671991,0.00739949,0.00815166,0.00899586,0.00988525,0.01087447,0.01195307,0.01311443,0.01451802,0.01607797,0.01776289,0.01960255,0.02165747,0.02416184,0.02708904,0.03052193,0.0345064,0.03905866,0.04431245,0.05007505,0.0563133,0.06305043,0.07043943,0.07884195,0.08830031,0.09898722,0.11102307,0.12441461,0.13913945,0.15505053,0.17221763,0.19080073,0.21098181,0.23573448,0.26279748,0.29220893,0.32401377
MYS,2068,0.00238143,0.00018854,0.0001527,0.00012511,0.00010392,8.852e-05,7.775e-05,7.08e-05,6.645e-05,6.336e-05,6.11e-05,6.109e-05,6.501e-05,7.282e-05,8.524e-05,0.00010313,0.00012589,0.00015231,0.00017932,0.00020385,0.00022378,0.00023792,0.00024822,0.00025635,0.00026425,0.00027384,0.00028523,0.00030007,0.00031886,0.0003418,0.00036883,0.00039829,0.00043115,0.00046726,0.0005061,0.00054798,0.00059174,0.00064015,0.00069432,0.00075577,0.00082574,0.00090173,0.00098599,0.00107872,0.00118119,0.00129497,0.00141726,0.00155387,0.00170777,0.0018815,0.00207529,0.00228324,0.00250692,0.00274264,0.00298919,0.00324989,0.0035322,0.00384301,0.00418686,0.00456661,0.00498766,0.00546885,0.00600096,0.00659624,0.00726321,0.0080027,0.00883435,0.00971138,0.01068678,0.01174768,0.01288762,0.01426553,0.01580073,0.01746752,0.0192847,0.02130558,0.02377119,0.02665867,0.03004728,0.03397795,0.03846635,0.0436512,0.04934503,0.05551935,0.06219477,0.06952031,0.07785613,0.08723894,0.09784643,0.10980382,0.1231119,0.13776297,0.15361807,0.17070142,0.18916685,0.20924384,0.23392626,0.26092425,0.29030845,0.32213416
MYS,2069,0.00235279,0.00018716,0.00015157,0.00012415,0.0001031,8.778e-05,7.703e-05,7.007e-05,6.57e-05,6.261e-05,6.037e-05,6.037e-05,6.423e-05,7.194e-05,8.419e-05,0.00010184,0.00012428,0.00015033,0.00017697,0.00020116,0.00022083,0.00023479,0.00024497,0.000253,0.00026081,0.00027028,0.0002815,0.00029612,0.00031462,0.0003372,0.00036378,0.00039276,0.00042506,0.00046055,0.00049872,0.00053992,0.00058296,0.00063061,0.00068396,0.00074452,0.00081348,0.00088827,0.00097117,0.00106236,0.00116306,0.00127487,0.00139501,0.00152923,0.00168048,0.00185132,0.002042,0.00224646,0.0024662,0.00269764,0.00293947,0.00319506,0.00347175,0.0037764,0.0041136,0.00448735,0.0049016,0.00537279,0.00589329,0.00647602,0.00712961,0.00785524,0.00867353,0.00953762,0.01049912,0.01154496,0.01266614,0.01402046,0.01552816,0.01716913,0.01896637,0.02096224,0.02339079,0.02623497,0.02957846,0.03345982,0.03788992,0.04300931,0.04863411,0.05474184,0.06135672,0.06862258,0.0768976,0.08621517,0.09674915,0.10863142,0.12186984,0.13645307,0.15225575,0.16930745,0.18771161,0.20769772,0.2323489,0.2593417,0.2887388,0.32063102
MYS,2070,0.00232562,0.00018578,0.00015044,0.00012321,0.00010229,8.705e-05,7.634e-05,6.937e-05,6.498e-05,6.189e-05,5.967e-05,5.967e-05,6.348e-05,7.108e-05,8.316e-05,0.00010057,0.0001227,0.00014839,0.00017465,0.00019852,0.00021793,0.00023172,0.00024177,0.00024971,0.00025743,0.00026677,0.00027783,0.00029223,0.00031046,0.00033269,0.00035885,0.00038734,0.00041911,0.000454,0.00049153,0.00053205,0.0005744,0.00062131,0.00067385,0.00073352,0.00080149,0.00087512,0.00095669,0.00104637,0.00114539,0.00125529,0.0013733,0.00150527,0.001654,0.00182203,0.00200964,0.00221072,0.00242676,0.00265403,0.0028914,0.00314207,0.00341338,0.0037122,0.00404302,0.00440995,0.00481803,0.00528218,0.00579237,0.00636288,0.0070032,0.00771478,0.0085191,0.00937008,0.01031788,0.0113495,0.0124556,0.01379001,0.01527322,0.01688659,0.01865763,0.02063219,0.02303348,0.02583687,0.0291319,0.03296281,0.03733894,0.04239726,0.04795361,0.05399023,0.06053676,0.06773847,0.07594917,0.08519801,0.09565724,0.10745552,0.12060897,0.13511565,0.15084324,0.16783275,0.18619028,0.20609538,0.23065986,0.25759333,0.28695138,0.31881511
MYS,2071,0.00229775,0.00018418,0.00014913,0.00012213,0.00010138,8.624e-05,7.558e-05,6.863e-05,6.423e-05,6.114e-05,5.894e-05,5.894e-05,6.27e-05,7.02e-05,8.213e-05,9.93e-05,0.00012112,0.00014646,0.00017237,0.0001959,0.00021506,0.00022868,0.00023861,0.00024645,0.00025407,0.00026329,0.00027419,0.00028838,0.00030633,0.00032822,0.00035398,0.00038201,0.00041325,0.00044757,0.00048449,0.00052436,0.00056602,0.00061222,0.00066399,0.00072279,0.00078977,0.00086228,0.00094257,0.00103078,0.00112817,0.00123627,0.00135224,0.00148198,0.00162832,0.00179368,0.00197829,0.00217604,0.00238849,0.00261184,0.00284486,0.00309087,0.00335696,0.00365014,0.00397487,0.00433516,0.00473609,0.00519372,0.00569651,0.00625598,0.00688318,0.00758057,0.0083704,0.00920732,0.01014093,0.01115816,0.01224957,0.01356719,0.01502912,0.01661729,0.01835992,0.02030667,0.02268367,0.02545605,0.02870562,0.03248287,0.03680423,0.04180707,0.04730146,0.05326956,0.05974542,0.0668781,0.07502404,0.08420648,0.09459491,0.10631756,0.11938886,0.13381792,0.14948043,0.16640787,0.18471726,0.20459355,0.22912968,0.25601544,0.28536276,0.31724664
MYS,2072,0.00227177,0.00018278,0.00014798,0.00012116,0.00010056,8.551e-05,7.488e-05,6.793e-05,6.352e-05,6.043e-05,5.825e-05,5.825e-05,6.195e-05,6.936e-05,8.112e-05,9.806e-05,0.00011958,0.00014457,0.00017012,0.00019333,0.00021223,0.00022566,0.00023547,0.00024322,0.00025075,0.00025985,0.00027059,0.00028456,0.00030223,0.00032377,0.00034911,0.00037668,0.00040738,0.00044111,0.0004774,0.00051661,0.00055758,0.00060303,0.00065402,0.00071195,0.00077792,0.00084928,0.00092828,0.00101502,0.00111072,0.00121696,0.00133086,0.00145831,0.00160216,0.00176484,0.00194645,0.00214079,0.00234948,0.00256879,0.0027974,0.00303853,0.00329928,0.00358657,0.00390497,0.00425846,0.00465198,0.00510161,0.00559704,0.00614799,0.00676266,0.0074453,0.0082197,0.00904121,0.00995883,0.01096027,0.01203593,0.01333613,0.01477887,0.01634384,0.01805912,0.01997466,0.02231946,0.0250618,0.02827393,0.03199822,0.03625793,0.04120062,0.04663542,0.05253796,0.05894154,0.06599824,0.07406944,0.08317954,0.09349322,0.10513679,0.11812602,0.13247017,0.14805446,0.16491705,0.18316242,0.20298837,0.22752601,0.25439435,0.28370557,0.31559465
MYS,2073,0.00224811,0.00018157,0.00014698,0.00012033,9.984e-05,8.485e-05,7.426e-05,6.73e-05,6.287e-05,5.977e-05,5.761e-05,5.762e-05,6.128e-05,6.859e-05,8.021e-05,9.694e-05,0.0001182,0.00014287,0.00016809,0.00019102,0.00020968,0.00022296,0.00023265,0.00024032,0.00024776,0.00025674,0.00026733,0.0002811,0.00029851,0.00031974,0.00034469,0.00037182,0.00040204,0.00043521,0.00047093,0.00050953,0.00054987,0.00059465,0.0006449,0.00070205,0.00076714,0.00083744,0.00091523,0.00100062,0.0010948,0.0011993,0.00131127,0.00143665,0.00157818,0.00173832,0.00191721,0.00210842,0.00231359,0.00252903,0.00275352,0.00299012,0.00324579,0.00352758,0.00383994,0.00418698,0.00457356,0.00501557,0.00550282,0.00604608,0.00665172,0.0073212,0.0080807,0.008887,0.00978853,0.01077375,0.01183371,0.0131171,0.01454188,0.01608761,0.01777947,0.01966706,0.02197927,0.02468708,0.02786692,0.03155233,0.03575744,0.04063937,0.04601727,0.05186538,0.0582088,0.06519746,0.07319783,0.08223799,0.09248547,0.10406275,0.11698556,0.13126666,0.14678884,0.16359893,0.18180676,0.20159842,0.22615781,0.25309,0.28245301,0.31438379
MYS,2074,0.00222274,0.00017997,0.0001457,0.00011927,9.895e-05,8.408e-05,7.354e-05,6.659e-05,6.217e-05,5.908e-05,5.693e-05,5.694e-05,6.055e-05,6.778e-05,7.925e-05,9.576e-05,0.00011674,0.00014109,0.000166,0.00018862,0.00020705,0.00022016,0.00022973,0.00023731,0.00024466,0.00025353,0.00026397,0.00027755,0.0002947,0.00031561,0.0003402,0.00036691,0.00039666,0.00042932,0.00046447,0.00050248,0.0005422,0.00058633,0.00063587,0.00069221,0.0007564,0.00082567,0.00090228,0.00098635,0.00107906,0.00118193,0.00129206,0.00141543,0.00155478,0.00171246,0.00188864,0.0020769,0.00227876,0.00249052,0.00271104,0.00294345,0.00319447,0.00347109,0.00377789,0.00411881,0.00449881,0.00493367,0.00541311,0.0059478,0.00654532,0.00720539,0.00795164,0.00874316,0.00962878,0.01059764,0.01164146,0.01290791,0.01431502,0.01584247,0.01751445,0.01937749,0.02165941,0.02433079,0.02747126,0.03112028,0.03528284,0.04010626,0.04541896,0.05120703,0.05749268,0.06441519,0.07233963,0.08129771,0.09146225,0.10295946,0.11580249,0.1300052,0.14545132,0.16218338,0.18031892,0.20005,0.22457098,0.25149156,0.28087966,0.31281261
MYS,2075,0.00219823,0.00017865,0.00014459,0.00011833,9.815e-05,8.335e-05,7.285e-05,6.592e-05,6.148e-05,5.839e-05,5.627e-05,5.629e-05,5.985e-05,6.698e-05,7.83e-05,9.459e-05,0.00011529,0.00013931,0.00016388,0.00018621,0.00020439,0.00021733,0.00022678,0.00023426,0.00024153,0.00025028,0.00026057,0.00027394,0.00029084,0.00031142,0.00033561,0.00036189,0.00039113,0.00042325,0.00045782,0.00049521,0.00053429,0.00057774,0.00062655,0.00068207,0.00074533,0.00081354,0.00088895,0.00097163,0.00106278,0.00116395,0.00127217,0.00139342,0.00153047,0.00168563,0.00185898,0.00204409,0.00224254,0.0024505,0.00266683,0.00289469,0.00314081,0.00341206,0.00371291,0.00404746,0.00442045,0.00484772,0.00531897,0.00584452,0.00643191,0.00708225,0.00781768,0.00859467,0.0094633,0.01041429,0.01144,0.01268712,0.01407451,0.01558192,0.01723275,0.01907229,0.02132481,0.02395989,0.02705657,0.03065848,0.03477831,0.03955448,0.04480294,0.05052075,0.05674247,0.0636022,0.0714547,0.08032936,0.09040388,0.10181097,0.11457008,0.12869445,0.14406727,0.16073128,0.17879823,0.19846933,0.22297547,0.24990043,0.27933269,0.31136156
MYS,2076,0.00217458,0.00017715,0.0001434,0.00011736,9.733e-05,8.264e-05,7.219e-05,6.526e-05,6.082e-05,5.773e-05,5.562e-05,5.564e-05,5.916e-05,6.62e-05,7.738e-05,9.347e-05,0.00011392,0.00013764,0.0001619,0.00018394,0.0002019,0.00021467,0.000224,0.00023138,0.00023854,0.00024717,0.00025731,0.00027049,0.00028712,0.00030739,0.0003312,0.00035705,0.00038582,0.0004174,0.00045141,0.00048821,0.00052665,0.00056943,0.00061751,0.00067224,0.00073458,0.00080173,0.00087596,0.00095731,0.00104695,0.00114644,0.00125283,0.00137209,0.0015069,0.00165963,0.00183031,0.00201239,0.0022075,0.00241188,0.00262423,0.0028477,0.003089,0.00335509,0.00365033,0.00397871,0.00434507,0.004765,0.00522836,0.00574522,0.00632281,0.00696235,0.00768774,0.00845385,0.00930692,0.0102402,0.01124767,0.01247495,0.01384187,0.01532905,0.01695897,0.01877584,0.02100199,0.02360386,0.02665943,0.0302121,0.03427981,0.0390112,0.04421061,0.04986108,0.05600937,0.06280126,0.07058621,0.07938158,0.08936368,0.10067101,0.11333172,0.12736725,0.14265769,0.15924421,0.17723665,0.19682992,0.22128745,0.24819138,0.27762023,0.30968373
MYS,2077,0.00215064,0.00017581,0.00014229,0.00011643,9.654e-05,8.193e-05,7.152e-05,6.46e-05,6.015e-05,5.706e-05,5.497e-05,5.499e-05,5.847e-05,6.542e-05,7.645e-05,9.233e-05,0.0001125,0.0001359,0.00015984,0.00018158,0.00019931,0.00021192,0.00022113,0.00022842,0.00023549,0.000244,0.00025399,0.00026697,0.00028335,0.0003033,0.00032674,0.00035215,0.00038044,0.00041149,0.00044493,0.00048114,0.00051897,0.00056108,0.00060845,0.00066239,0.00072384,0.00078996,0.000863,0.00094302,0.00103116,0.00112897,0.00123347,0.00135071,0.0014833,0.00163353,0.00180149,0.00198053,0.00217223,0.00237288,0.00258125,0.00280031,0.00303666,0.00329737,0.00358686,0.003909,0.00426846,0.00468093,0.0051361,0.00564396,0.00621155,0.00683994,0.00755349,0.00830887,0.00914948,0.01006579,0.01105438,0.01226097,0.01360613,0.01507149,0.01667947,0.01847299,0.02067282,0.02324407,0.02626153,0.02976788,0.03378111,0.03845753,0.04361239,0.04921459,0.05529491,0.06201169,0.06972803,0.07845474,0.08835649,0.09957127,0.11213535,0.12608176,0.14129748,0.15781995,0.17575562,0.19529727,0.21973347,0.24664268,0.27611636,0.30825374
MYS,2078,0.00212725,0.00017445,0.00014116,0.00011548,9.573e-05,8.12e-05,7.084e-05,6.393e-05,5.948e-05,5.64e-05,5.433e-05,5.436e-05,5.778e-05,6.464e-05,7.554e-05,9.12e-05,0.0001111,0.00013418,0.0001578,0.00017925,0.00019674,0.00020919,0.00021829,0.00022549,0.00023247,0.00024086,0.00025071,0.00026349,0.00027963,0.00029927,0.00032234,0.00034735,0.00037517,0.0004057,0.0004386,0.00047422,0.00051146,0.00055293,0.0005996,0.00065276,0.00071334,0.00077846,0.00085035,0.00092907,0.00101577,0.00111197,0.00121467,0.00132993,0.00146039,0.00160826,0.00177355,0.00194966,0.00213816,0.00233524,0.00253976,0.00275472,0.00298648,0.00324207,0.00352601,0.00384225,0.00419528,0.00460056,0.00504801,0.00554724,0.00610528,0.00672316,0.00742535,0.00816898,0.00899817,0.0099016,0.01087301,0.01205925,0.01338271,0.01482592,0.01641138,0.01818158,0.02035518,0.02289639,0.02587899,0.0293428,0.0333051,0.03792309,0.04301999,0.04857654,0.05460639,0.06124955,0.06888366,0.0775328,0.08735584,0.09847891,0.11093891,0.12477888,0.13989579,0.15633454,0.17419568,0.19366706,0.21805597,0.24492766,0.27438905,0.30655196
MYS,2079,0.00210548,0.00017302,0.00014002,0.00011456,9.496e-05,8.053e-05,7.022e-05,6.332e-05,5.886e-05,5.579e-05,5.373e-05,5.376e-05,5.714e-05,6.392e-05,7.468e-05,9.016e-05,0.00010983,0.00013263,0.00015597,0.00017716,0.00019444,0.00020673,0.00021572,0.00022283,0.00022971,0.00023799,0.00024769,0.00026029,0.00027619,0.00029554,0.00031827,0.00034289,0.00037026,0.00040031,0.00043268,0.00046776,0.00050441,0.00054528,0.00059129,0.0006437,0.00070344,0.0007676,0.00083841,0.0009159,0.00100121,0.00109588,0.0011969,0.00131031,0.00143873,0.00158438,0.00174723,0.00192057,0.00210603,0.0022998,0.00250066,0.00271164,0.0029391,0.0031899,0.00346855,0.00377909,0.00412605,0.00452467,0.00496478,0.00545595,0.00600489,0.00661277,0.00730424,0.00803664,0.0088534,0.00974507,0.01070345,0.0118712,0.01317356,0.01459501,0.01615817,0.01790515,0.02005332,0.02256573,0.02551529,0.02894158,0.03285895,0.03742461,0.04246253,0.04796228,0.05394931,0.06054307,0.06810288,0.07666813,0.08641266,0.09745719,0.10982739,0.12356848,0.1385863,0.15493653,0.17272669,0.19213643,0.21648953,0.24334242,0.27279959,0.30498914
MYS,2080,0.00208329,0.00017175,0.00013896,0.00011366,9.419e-05,7.984e-05,6.957e-05,6.269e-05,5.823e-05,5.516e-05,5.313e-05,5.315e-05,5.649e-05,6.319e-05,7.381e-05,8.909e-05,0.0001085,0.000131,0.00015403,0.00017496,0.00019202,0.00020416,0.00021303,0.00022006,0.00022686,0.00023503,0.00024459,0.00025701,0.00027266,0.00029173,0.00031411,0.00033834,0.00036528,0.00039484,0.00042669,0.00046123,0.00049732,0.00053757,0.00058294,0.00063464,0.00069354,0.00075675,0.0008265,0.00090278,0.00098671,0.00107985,0.00117918,0.00129074,0.00141711,0.00156048,0.00172086,0.00189144,0.0020738,0.00226423,0.00246147,0.00266846,0.00289152,0.00313759,0.00341099,0.00371573,0.0040564,0.00444824,0.00488098,0.00536389,0.0059037,0.00650136,0.00718196,0.00790309,0.00870724,0.00958535,0.01053101,0.01168356,0.01296561,0.01436461,0.0159044,0.01762683,0.01974808,0.02223067,0.02514651,0.02853511,0.03241098,0.03692881,0.04191191,0.04735058,0.05327941,0.05982889,0.06733705,0.07582332,0.08547892,0.09644153,0.10873284,0.1223875,0.13731167,0.15357044,0.17128284,0.19063431,0.21496497,0.24181825,0.27130216,0.30354248
MYS,2081,0.00206511,0.00017069,0.0001381,0.00011294,9.358e-05,7.93e-05,6.905e-05,6.217e-05,5.77e-05,5.463e-05,5.26e-05,5.263e-05,5.593e-05,6.255e-05,7.306e-05,8.816e-05,0.00010736,0.0001296,0.00015236,0.00017303,0.00018989,0.00020189,0.00021066,0.0002176,0.00022432,0.00023238,0.00024181,0.00025404,0.00026947,0.00028825,0.0003103,0.00033415,0.00036067,0.00038976,0.00042111,0.0004551,0.00049063,0.00053031,0.00057503,0.00062604,0.00068416,0.00074645,0.00081515,0.00089025,0.00097287,0.00106453,0.00116221,0.00127201,0.00139644,0.00153767,0.00169568,0.00186366,0.00204316,0.00223037,0.00242414,0.00262737,0.0028462,0.00308765,0.00335614,0.00365547,0.00399018,0.00437554,0.00480139,0.00527665,0.00580779,0.00639591,0.0070661,0.00777649,0.00856875,0.00943393,0.010366,0.0115046,0.01277074,0.0141492,0.0156663,0.01736468,0.01945917,0.02191184,0.02479418,0.02814546,0.03198062,0.03645518,0.04138892,0.04677128,0.05263729,0.05912602,0.06658751,0.07501768,0.08458729,0.09545304,0.10765629,0.12122872,0.13606289,0.15222333,0.16983918,0.18910661,0.21338887,0.24021642,0.26969719,0.30195916
MYS,2082,0.00203879,0.00016891,0.00013665,0.00011175,9.258e-05,7.842e-05,6.826e-05,6.141e-05,5.696e-05,5.39e-05,5.19e-05,5.193e-05,5.518e-05,6.171e-05,7.207e-05,8.696e-05,0.00010588,0.00012781,0.00015025,0.00017063,0.00018725,0.00019909,0.00020774,0.00021459,0.00022121,0.00022916,0.00023845,0.00025049,0.00026568,0.00028417,0.00030586,0.00032933,0.00035541,0.00038402,0.00041485,0.00044831,0.00048326,0.00052232,0.00056637,0.00061662,0.00067389,0.00073522,0.00080282,0.0008767,0.00095795,0.00104809,0.00114408,0.00125199,0.00137436,0.0015133,0.00166874,0.00183388,0.0020103,0.00219418,0.00238429,0.00258361,0.00279815,0.0030348,0.00329802,0.0035917,0.00392011,0.00429842,0.00471665,0.00518362,0.00570553,0.00628334,0.0069425,0.00764126,0.00842069,0.00927205,0.0101893,0.01131101,0.01256027,0.01392009,0.0154136,0.01708558,0.01915059,0.02157015,0.02441519,0.02772539,0.03151597,0.03594377,0.0408291,0.04615674,0.05196033,0.05837833,0.06577065,0.07414583,0.08365039,0.09441968,0.10651682,0.11999684,0.13474757,0.15081777,0.168336,0.1875092,0.21173295,0.23853757,0.26802806,0.3003327
MYS,2083,0.00201745,0.00016758,0.00013555,0.00011083,9.179e-05,7.773e-05,6.762e-05,6.079e-05,5.634e-05,5.329e-05,5.131e-05,5.134e-05,5.455e-05,6.1e-05,7.124e-05,8.594e-05,0.00010462,0.00012626,0.00014842,0.00016854,0.00018495,0.00019664,0.00020519,0.00021196,0.0002185,0.00022634,0.0002355,0.00024738,0.00026234,0.00028056,0.00030193,0.00032503,0.00035071,0.00037888,0.00040924,0.00044219,0.00047663,0.00051512,0.00055856,0.00060813,0.00066463,0.0007251,0.00079171,0.00086446,0.00094445,0.00103319,0.00112763,0.00123382,0.00135428,0.00149113,0.00164426,0.00180681,0.00198039,0.00216122,0.00234803,0.00254371,0.00275427,0.00298657,0.00324495,0.00353334,0.0038561,0.00422805,0.00463928,0.00509858,0.0056121,0.00618062,0.00682963,0.0075179,0.00828554,0.00912422,0.01002808,0.01113426,0.01236655,0.01370993,0.01518509,0.0168335,0.01887087,0.02125925,0.02406896,0.02733989,0.03108831,0.03547205,0.04031253,0.04559432,0.05134511,0.0577009,0.06502168,0.0733263,0.08277566,0.09347969,0.10547914,0.118854,0.13351583,0.1495069,0.16693727,0.18601343,0.21015896,0.23691087,0.26638634,0.29870831
MYS,2084,0.00200082,0.00016659,0.00013474,0.00011015,9.121e-05,7.721e-05,6.713e-05,6.03e-05,5.585e-05,5.28e-05,5.083e-05,5.086e-05,5.404e-05,6.041e-05,7.054e-05,8.508e-05,0.00010356,0.00012496,0.00014686,0.00016676,0.00018299,0.00019454,0.00020299,0.00020968,0.00021615,0.00022389,0.00023292,0.00024464,0.0002594,0.00027736,0.00029842,0.00032119,0.00034647,0.00037421,0.00040412,0.00043659,0.00047052,0.00050848,0.00055134,0.00060027,0.00065604,0.00071567,0.00078136,0.00085305,0.00093184,0.00101924,0.00111221,0.00121681,0.00133551,0.0014704,0.00162141,0.00178161,0.00195257,0.00213053,0.00231427,0.00250661,0.00271342,0.00294164,0.0031956,0.00347912,0.00379658,0.00416285,0.00456779,0.00502003,0.00552573,0.00608577,0.00672555,0.00740408,0.00816098,0.00898795,0.0098795,0.01097148,0.0121881,0.01351492,0.01497395,0.01660402,0.01861663,0.02097569,0.02375186,0.02698503,0.03069226,0.03503315,0.03983041,0.04506911,0.05077596,0.05707939,0.06433727,0.07256849,0.08194562,0.09259516,0.10453168,0.1178115,0.13237167,0.14827971,0.16563823,0.18463364,0.20870291,0.23539108,0.26483349,0.297166
MYS,2085,0.00197863,0.00016505,0.0001335,0.00010913,9.037e-05,7.648e-05,6.646e-05,5.966e-05,5.521e-05,5.217e-05,5.022e-05,5.025e-05,5.338e-05,5.968e-05,6.967e-05,8.403e-05,0.00010226,0.00012339,0.00014501,0.00016465,0.00018067,0.00019207,0.00020039,0.00020699,0.00021337,0.000221,0.0002299,0.00024143,0.00025596,0.00027364,0.00029438,0.00031677,0.00034164,0.00036891,0.00039832,0.00043027,0.00046366,0.00050103,0.00054325,0.00059145,0.00064641,0.00070512,0.00076975,0.00084029,0.00091779,0.00100373,0.0010951,0.00119795,0.00131472,0.00144746,0.00159607,0.00175366,0.00192174,0.00209654,0.00227687,0.00246556,0.00266833,0.00289205,0.00314113,0.00341935,0.00373095,0.00409074,0.00448878,0.00493327,0.00543022,0.00598063,0.00661017,0.00727799,0.00802283,0.00883684,0.00971452,0.01079061,0.01198987,0.01329813,0.01473737,0.01634738,0.01833607,0.02066396,0.02340305,0.02659408,0.03025464,0.0345461,0.03929364,0.04448301,0.05014066,0.0563926,0.06358915,0.07174701,0.08103924,0.09160562,0.10348049,0.11669342,0.13115434,0.14695747,0.16423339,0.18315958,0.20717182,0.23380774,0.26322052,0.29556618
MYS,2086,0.00195676,0.00016362,0.00013233,0.00010815,8.953e-05,7.574e-05,6.578e-05,5.901e-05,5.458e-05,5.155e-05,4.961e-05,4.965e-05,5.274e-05,5.895e-05,6.881e-05,8.298e-05,0.00010097,0.00012181,0.00014314,0.00016252,0.00017832,0.00018958,0.0001978,0.00020431,0.00021061,0.00021814,0.00022691,0.00023827,0.00025259,0.00027,0.00029042,0.00031246,0.00033693,0.00036377,0.00039271,0.00042417,0.00045705,0.00049387,0.00053548,0.00058301,0.0006372,0.00069504,0.00075871,0.00082814,0.00090442,0.000989,0.00107884,0.00118001,0.00129494,0.00142561,0.00157193,0.00172695,0.00189228,0.0020641,0.0022412,0.00242639,0.00262536,0.00284489,0.00308929,0.00336243,0.00366846,0.00402202,0.00441329,0.00485043,0.00533911,0.00588028,0.00649987,0.00715749,0.00789097,0.00869251,0.00955703,0.01061774,0.0118002,0.01309062,0.01451057,0.01609954,0.01806549,0.02036655,0.02307088,0.02622101,0.02983588,0.03407795,0.03877467,0.04391374,0.04952129,0.05572163,0.06286285,0.07095366,0.08016549,0.09063918,0.10242472,0.11557435,0.12996707,0.1456649,0.1628281,0.18166392,0.20561239,0.23218504,0.26153825,0.2938463
MYS,2087,0.00193941,0.00016251,0.00013142,0.0001074,8.89e-05,7.518e-05,6.526e-05,5.85e-05,5.406e-05,5.103e-05,4.911e-05,4.914e-05,5.22e-05,5.834e-05,6.809e-05,8.209e-05,9.987e-05,0.00012046,0.00014155,0.0001607,0.00017631,0.00018743,0.00019555,0.00020199,0.0002082,0.00021562,0.00022427,0.00023547,0.00024958,0.00026674,0.00028685,0.00030855,0.00033264,0.00035905,0.00038754,0.00041851,0.00045088,0.00048717,0.00052821,0.0005751,0.00062855,0.00068555,0.00074827,0.00081665,0.00089172,0.00097499,0.00106338,0.00116294,0.0012761,0.00140484,0.00154901,0.00170166,0.00186435,0.00203334,0.00220736,0.00238917,0.00258442,0.00279992,0.00303992,0.00330819,0.00360898,0.00395676,0.00434168,0.00477181,0.00525283,0.00578539,0.0063955,0.0070433,0.00776603,0.00855593,0.00940797,0.01045428,0.01162082,0.01289443,0.01429643,0.01586566,0.01780869,0.02008494,0.02275996,0.02587246,0.02944352,0.03363766,0.03828428,0.04337297,0.04893127,0.05508178,0.06217096,0.07020554,0.07934882,0.08974041,0.10143256,0.11449594,0.12883362,0.1444716,0.16153426,0.18026331,0.20414384,0.23067322,0.25998747,0.29226428
MYS,2088,0.00191743,0.00016108,0.00013024,0.0001064,8.805e-05,7.443e-05,6.457e-05,5.785e-05,5.342e-05,5.041e-05,4.851e-05,4.854e-05,5.155e-05,5.761e-05,6.723e-05,8.104e-05,9.858e-05,0.00011889,0.00013968,0.00015856,0.00017397,0.00018494,0.00019296,0.00019932,0.00020545,0.00021277,0.00022129,0.00023232,0.00024622,0.00026311,0.00028292,0.00030427,0.00032798,0.00035396,0.00038199,0.00041248,0.00044434,0.00048009,0.00052054,0.00056677,0.00061947,0.00067562,0.00073737,0.00080467,0.00087854,0.00096045,0.00104736,0.00114529,0.00125661,0.0013833,0.00152522,0.00167537,0.00183532,0.00200133,0.0021722,0.00235061,0.00254207,0.0027534,0.00298886,0.00325215,0.00354737,0.00388904,0.00426733,0.00469005,0.00516284,0.00568649,0.00628683,0.00692429,0.00763559,0.0084133,0.00925231,0.01028337,0.01143323,0.0126889,0.01407172,0.01562003,0.01753874,0.01978709,0.02243179,0.02550938,0.02903682,0.03318134,0.03777524,0.04280964,0.04831343,0.05440933,0.06144226,0.06941768,0.07849735,0.08881288,0.10041634,0.11338224,0.12763272,0.14321925,0.16022458,0.17885402,0.20264776,0.22913047,0.25843192,0.29070802
MYS,2089,0.00189942,0.00015981,0.00012921,0.00010556,8.734e-05,7.381e-05,6.401e-05,5.731e-05,5.289e-05,4.988e-05,4.799e-05,4.803e-05,5.1e-05,5.699e-05,6.65e-05,8.015e-05,9.748e-05,0.00011755,0.0001381,0.00015676,0.00017198,0.00018283,0.00019075,0.00019702,0.00020307,0.00021029,0.00021869,0.00022957,0.00024328,0.00025993,0.00027945,0.00030049,0.00032383,0.00034942,0.00037703,0.00040706,0.00043846,0.00047369,0.00051358,0.0005592,0.0006112,0.00066656,0.0007274,0.00079368,0.00086643,0.00094709,0.00103261,0.00112903,0.00123867,0.00136348,0.00150331,0.00165118,0.00180862,0.00197188,0.00213977,0.002315,0.00250296,0.0027104,0.00294158,0.00320026,0.00349043,0.0038264,0.00419853,0.00461446,0.00507958,0.00559475,0.00618598,0.00681378,0.00751419,0.00828014,0.00910684,0.0101235,0.01125736,0.01249606,0.01386049,0.01538872,0.01728402,0.01950516,0.0221183,0.02516191,0.02865087,0.03274776,0.03728858,0.04226726,0.0477138,0.05375101,0.06072396,0.06863658,0.07764959,0.08789345,0.09941243,0.11228209,0.12642695,0.1419184,0.15886595,0.17742941,0.20112361,0.2275087,0.25675534,0.28901185
MYS,2090,0.00188586,0.000159,0.00012854,0.000105,8.687e-05,7.339e-05,6.36e-05,5.69e-05,5.247e-05,4.946e-05,4.758e-05,4.761e-05,5.055e-05,5.648e-05,6.589e-05,7.94e-05,9.655e-05,0.00011641,0.00013673,0.00015519,0.00017024,0.00018096,0.00018879,0.00019499,0.00020097,0.00020809,0.00021638,0.0002271,0.00024061,0.00025703,0.00027626,0.00029698,0.00031996,0.00034515,0.00037233,0.00040191,0.00043283,0.00046756,0.0005069,0.0005519,0.00060323,0.0006578,0.00071777,0.00078304,0.00085463,0.00093403,0.00101816,0.00111305,0.00122105,0.00134405,0.00148184,0.00162746,0.00178243,0.00194298,0.00210788,0.00227984,0.00246425,0.00266779,0.00289469,0.00314873,0.00343392,0.00376439,0.00413045,0.00453969,0.00499734,0.00550411,0.00608617,0.00670455,0.00739431,0.00814861,0.00896302,0.00996556,0.01108387,0.01230586,0.01365245,0.01516097,0.01703327,0.01922774,0.02180967,0.02481754,0.02826886,0.03232423,0.03681483,0.04173832,0.04712735,0.05310463,0.06001548,0.06786427,0.0768105,0.08698429,0.09842995,0.111216,0.12526618,0.14065332,0.15750866,0.17601964,0.1996679,0.2259685,0.25513782,0.28736836
MYS,2091,0.00186887,0.00015792,0.00012765,0.00010425,8.622e-05,7.281e-05,6.307e-05,5.639e-05,5.196e-05,4.897e-05,4.71e-05,4.713e-05,5.004e-05,5.59e-05,6.52e-05,7.855e-05,9.549e-05,0.00011511,0.0001352,0.00015343,0.0001683,0.00017889,0.00018663,0.00019276,0.00019866,0.0002057,0.00021387,0.00022445,0.00023776,0.00025394,0.00027291,0.00029332,0.00031595,0.00034076,0.00036753,0.00039668,0.00042715,0.00046139,0.0005002,0.00054461,0.00059526,0.00064909,0.00070819,0.0007725,0.00084301,0.00092118,0.00100398,0.0010974,0.00120375,0.00132495,0.00146076,0.00160413,0.00175667,0.00191459,0.00207667,0.00224555,0.00242653,0.00262637,0.00284921,0.00309876,0.00337902,0.00370408,0.00406424,0.00446683,0.00491713,0.00541579,0.00598887,0.00659786,0.00727733,0.00802032,0.00882255,0.0098109,0.01091378,0.01211922,0.01344779,0.01493661,0.01678571,0.01895345,0.02150443,0.02447675,0.02788829,0.03190272,0.03634936,0.04121954,0.04654966,0.05246425,0.05930847,0.06708742,0.07596153,0.08606028,0.09742884,0.11013695,0.12409865,0.13938435,0.15612689,0.17453759,0.19813801,0.22439314,0.25347679,0.28563103
MYS,2092,0.00185581,0.00015714,0.000127,0.0001037,8.575e-05,7.239e-05,6.268e-05,5.599e-05,5.156e-05,4.856e-05,4.67e-05,4.674e-05,4.961e-05,5.542e-05,6.463e-05,7.784e-05,9.462e-05,0.00011404,0.00013392,0.00015196,0.00016667,0.00017715,0.0001848,0.00019085,0.00019669,0.00020363,0.00021169,0.00022212,0.00023525,0.00025121,0.0002699,0.00029002,0.00031232,0.00033675,0.00036312,0.00039185,0.00042188,0.00045565,0.00049395,0.0005378,0.00058781,0.0006409,0.00069919,0.00076257,0.00083203,0.00090902,0.0009905,0.00108251,0.00118731,0.00130678,0.0014407,0.00158201,0.0017322,0.00188758,0.0020469,0.00221278,0.00239044,0.00258659,0.00280547,0.00305073,0.00332626,0.00364608,0.00400061,0.00439695,0.00484015,0.00533097,0.00589548,0.00649537,0.00716471,0.00789688,0.00868744,0.00966201,0.01074977,0.01193925,0.01325059,0.01472036,0.01654723,0.0186891,0.02121014,0.02414823,0.02752121,0.03149338,0.0358984,0.04072446,0.04600049,0.05185441,0.05863358,0.06634333,0.0751451,0.08517002,0.09646395,0.10909909,0.1229895,0.13819344,0.15484106,0.17314717,0.19667174,0.22291082,0.2519875,0.2840985
MYS,2093,0.00184187,0.00015622,0.00012625,0.00010309,8.523e-05,7.193e-05,6.225e-05,5.557e-05,5.113e-05,4.813e-05,4.628e-05,4.631e-05,4.915e-05,5.49e-05,6.401e-05,7.708e-05,9.368e-05,0.00011288,0.00013254,0.00015038,0.00016493,0.00017529,0.00018284,0.00018882,0.00019457,0.00020142,0.00020937,0.00021966,0.0002326,0.00024833,0.00026674,0.00028655,0.00030851,0.00033255,0.00035851,0.0003868,0.00041638,0.00044966,0.00048742,0.00053068,0.00058002,0.00063234,0.00068976,0.00075218,0.00082055,0.00089634,0.00097649,0.00106702,0.00117024,0.00128795,0.00141991,0.00155909,0.00170695,0.00185971,0.00201623,0.00217908,0.00235339,0.00254585,0.0027607,0.00300163,0.00327246,0.00358702,0.00393582,0.00432589,0.00476207,0.00524499,0.00580089,0.00639181,0.00705104,0.00777228,0.00855142,0.00951238,0.01058505,0.01175853,0.01305289,0.01450393,0.01630846,0.01842442,0.02091498,0.02381809,0.02715171,0.0310801,0.03543865,0.04021967,0.04544787,0.05124186,0.05795263,0.06558816,0.07431032,0.08425171,0.09546126,0.10801307,0.12182216,0.13694546,0.15349862,0.17169458,0.19510294,0.22124822,0.25029311,0.28237647
MYS,2094,0.00182245,0.00015481,0.00012511,0.00010214,8.444e-05,7.125e-05,6.163e-05,5.499e-05,5.057e-05,4.759e-05,4.575e-05,4.578e-05,4.859e-05,5.426e-05,6.327e-05,7.618e-05,9.258e-05,0.00011156,0.00013097,0.0001486,0.00016297,0.0001732,0.00018066,0.00018656,0.00019224,0.000199,0.00020684,0.00021698,0.00022975,0.00024526,0.00026341,0.00028293,0.00030456,0.00032826,0.00035385,0.00038173,0.00041088,0.00044371,0.00048098,0.00052366,0.00057235,0.00062395,0.00068055,0.00074206,0.00080942,0.00088408,0.00096299,0.00105214,0.00115378,0.00126976,0.00139981,0.00153684,0.00168239,0.00183269,0.0019865,0.00214646,0.0023176,0.00250657,0.00271753,0.00295415,0.0032203,0.00352962,0.00387266,0.00425635,0.0046855,0.00516066,0.00570795,0.00628989,0.00693913,0.00764938,0.00841677,0.00936421,0.01042178,0.01157891,0.01285569,0.01428766,0.01606991,0.01816003,0.0206208,0.02348972,0.02678513,0.0306716,0.0349853,0.03971932,0.04490223,0.05064685,0.05729469,0.06485867,0.07350397,0.08336448,0.09449221,0.10696608,0.12070173,0.13575625,0.15224274,0.1703601,0.19369239,0.21976389,0.24877193,0.28089911
MYS,2095,0.00180847,0.00015392,0.00012437,0.00010152,8.391e-05,7.078e-05,6.119e-05,5.456e-05,5.014e-05,4.716e-05,4.533e-05,4.536e-05,4.814e-05,5.375e-05,6.266e-05,7.544e-05,9.166e-05,0.00011042,0.00012962,0.00014704,0.00016125,0.00017136,0.00017874,0.00018456,0.00019017,0.00019683,0.00020456,0.00021456,0.00022714,0.00024242,0.00026031,0.00027953,0.00030082,0.00032414,0.00034933,0.00037679,0.0004055,0.00043786,0.00047461,0.00051673,0.00056477,0.00061563,0.0006714,0.00073195,0.00079826,0.00087176,0.00094937,0.00103712,0.00113721,0.00125144,0.00137959,0.00151453,0.00165777,0.00180557,0.00195669,0.00211368,0.00228157,0.00246699,0.00267407,0.00290644,0.00316792,0.00347214,0.00380961,0.00418706,0.00460926,0.00507678,0.00561565,0.00618866,0.00682802,0.00752758,0.00828345,0.00921735,0.01026018,0.01140137,0.01266084,0.01407389,0.015834,0.0178984,0.02032905,0.02316348,0.02641985,0.03026317,0.03453092,0.0392164,0.04434854,0.05004328,0.05663566,0.06412856,0.07269266,0.08246577,0.09350239,0.10588621,0.11953668,0.13451117,0.15092198,0.16896552,0.19222172,0.21821328,0.24714531,0.27923746
MYS,2096,0.00179432,0.00015296,0.00012359,0.00010088,8.337e-05,7.03e-05,6.074e-05,5.412e-05,4.97e-05,4.672e-05,4.491e-05,4.494e-05,4.768e-05,5.323e-05,6.205e-05,7.469e-05,9.073e-05,0.00010929,0.00012828,0.0001455,0.00015954,0.00016953,0.00017681,0.00018257,0.0001881,0.00019467,0.00020228,0.00021213,0.00022453,0.00023959,0.00025721,0.00027614,0.00029709,0.00032004,0.00034482,0.00037187,0.00040014,0.00043202,0.00046825,0.0005098,0.00055719,0.00060732,0.00066225,0.00072187,0.00078711,0.00085943,0.00093578,0.00102212,0.00112066,0.00123318,0.00135941,0.00149227,0.00163321,0.0017785,0.00192693,0.002081,0.00224563,0.00242749,0.0026307,0.00285887,0.00311573,0.00341479,0.00374672,0.00411804,0.00453331,0.00499316,0.00552368,0.00608793,0.00671739,0.00740628,0.00815085,0.00907126,0.01009926,0.01122479,0.01246723,0.01386143,0.0155993,0.01763808,0.0200388,0.02283857,0.02605598,0.02985575,0.03407715,0.03871395,0.04379469,0.04943456,0.05597183,0.06340309,0.07188816,0.08157127,0.09251237,0.1047991,0.1183546,0.13323969,0.14956566,0.16752741,0.19071093,0.21662421,0.24547385,0.27748741
MYS,2097,0.00177351,0.0001514,0.00012232,9.983e-05,8.249e-05,6.954e-05,6.007e-05,5.35e-05,4.91e-05,4.614e-05,4.435e-05,4.438e-05,4.708e-05,5.256e-05,6.126e-05,7.373e-05,8.957e-05,0.00010788,0.00012661,0.00014361,0.00015746,0.00016732,0.00017451,0.00018018,0.00018564,0.00019212,0.00019963,0.00020933,0.00022155,0.00023639,0.00025375,0.00027238,0.00029302,0.00031561,0.00034002,0.00036665,0.0003945,0.00042592,0.00046164,0.00050261,0.00054934,0.00059874,0.00065284,0.00071154,0.00077577,0.00084695,0.00092203,0.001007,0.00110399,0.00121477,0.00133904,0.00146974,0.00160836,0.00175117,0.00189694,0.00204821,0.00220974,0.00238813,0.00258752,0.00281149,0.00306371,0.00335754,0.00368371,0.00404875,0.00445704,0.00490914,0.00543114,0.00598654,0.00660614,0.00728416,0.00801716,0.00892401,0.00993687,0.01104616,0.01227125,0.01364619,0.01536133,0.01737397,0.01974462,0.02250996,0.02568844,0.02944514,0.03362016,0.03820814,0.04323752,0.04882205,0.05529932,0.06267052,0.07108895,0.08068761,0.09153463,0.10372491,0.11718448,0.1319778,0.1482196,0.16610374,0.18922685,0.21509591,0.24390429,0.275882
MYS,2098,0.00175915,0.0001504,0.00012151,9.915e-05,8.192e-05,6.904e-05,5.961e-05,5.305e-05,4.866e-05,4.571e-05,4.392e-05,4.395e-05,4.663e-05,5.205e-05,6.065e-05,7.299e-05,8.865e-05,0.00010675,0.00012528,0.00014208,0.00015577,0.00016551,0.0001726,0.00017821,0.00018359,0.00018998,0.00019738,0.00020695,0.00021899,0.00023361,0.00025072,0.00026907,0.00028939,0.00031163,0.00033565,0.00036188,0.00038931,0.00042028,0.00045551,0.00049592,0.00054203,0.00059072,0.00064404,0.00070184,0.00076507,0.00083514,0.00090899,0.00099262,0.00108815,0.00119729,0.00131977,0.00144848,0.00158491,0.00172536,0.0018686,0.00201711,0.00217566,0.00235078,0.00254652,0.00276653,0.00301445,0.00330347,0.00362439,0.00398356,0.0043854,0.00483036,0.00534439,0.00589145,0.00650185,0.00716987,0.00789206,0.00878617,0.00978501,0.01087914,0.01208788,0.01344506,0.01513884,0.01712655,0.0194682,0.02220041,0.02534145,0.02905595,0.0331858,0.03772567,0.04270443,0.04823462,0.05465176,0.06195716,0.07030907,0.07983371,0.0905876,0.10267553,0.11603019,0.13071856,0.14685879,0.1646475,0.18768322,0.21347785,0.24222608,0.27414183
MYS,2099,0.00174495,0.00014942,0.00012071,9.849e-05,8.136e-05,6.855e-05,5.916e-05,5.261e-05,4.823e-05,4.528e-05,4.35e-05,4.353e-05,4.617e-05,5.153e-05,6.004e-05,7.224e-05,8.772e-05,0.00010562,0.00012394,0.00014055,0.00015407,0.0001637,0.0001707,0.00017623,0.00018154,0.00018784,0.00019513,0.00020456,0.00021642,0.00023082,0.00024767,0.00026573,0.00028573,0.0003076,0.00033124,0.00035706,0.00038406,0.00041456,0.0004493,0.00048916,0.00053463,0.0005826,0.00063512,0.00069202,0.00075422,0.00082314,0.00089576,0.000978,0.00107202,0.00117951,0.00130013,0.00142682,0.00156101,0.00169901,0.00183963,0.00198531,0.00214071,0.00231242,0.00250444,0.00272033,0.00296376,0.00324782,0.00356334,0.0039165,0.00431159,0.00474916,0.00525505,0.00579351,0.00639432,0.00705202,0.00776322,0.00864417,0.00962858,0.0107073,0.01189928,0.01323807,0.01491027,0.01687275,0.01918484,0.02188314,0.02498621,0.02865838,0.03274264,0.03723456,0.0421625,0.04763843,0.05399642,0.06123674,0.06951774,0.0789718,0.08964925,0.10164341,0.11489699,0.12948357,0.14552413,0.16321884,0.18617844,0.21191611,0.24063049,0.27253709
MYS,2100,0.00173025,0.00014839,0.00011987,9.779e-05,8.077e-05,6.803e-05,5.868e-05,5.216e-05,4.778e-05,4.483e-05,4.307e-05,4.31e-05,4.571e-05,5.101e-05,5.942e-05,7.148e-05,8.679e-05,0.00010449,0.0001226,0.000139,0.00015237,0.00016188,0.00016879,0.00017425,0.00017948,0.00018569,0.00019287,0.00020216,0.00021385,0.00022803,0.00024462,0.00026241,0.00028209,0.00030361,0.00032688,0.0003523,0.00037888,0.00040893,0.00044317,0.00048249,0.00052734,0.00057461,0.00062634,0.00068236,0.00074358,0.00081139,0.0008828,0.00096372,0.00105625,0.00116209,0.00128093,0.00140563,0.00153767,0.00167333,0.0018114,0.00195436,0.00210679,0.00227519,0.00246365,0.00267564,0.00291473,0.00319396,0.00350425,0.00385162,0.00424022,0.00467057,0.00516857,0.00569874,0.00629023,0.00693781,0.0076383,0.0085065,0.00947667,0.01054019,0.01171578,0.0130364,0.014687,0.01662467,0.01890768,0.02157235,0.02463752,0.02826751,0.03230638,0.03674982,0.04162662,0.04704706,0.05334418,0.06051782,0.06872518,0.07809921,0.08869813,0.10060936,0.11376151,0.12823803,0.14416721,0.16175222,0.18461171,0.21026784,0.23892284,0.27079561
