uid,nhits,chi,eta,j1A0,j2A0,j3A0,j4A0,musTB,multiplier,phiS,pR,pT,rho,sageA15,sigma,t,theta,zeta
a687472380dcf2353de347aaed3612cf,8,0.126211688795124,0.979725932211443,0.0291234640509899,0.0340144345218018,0.398143302770258,0.24488600406407,0.0330084953985006,1.18999556351471,0.0465139369537138,0.678200071544631,0.000117523554152161,0.062144077202829,0.361213231287534,0.000809971543743674,0.740984488099748,0.103471303539716,1.70707840021838
741105ed72fe638d23b78a3916a0dca1,8,0.146645880423073,0.957711686424812,0.262933654280708,0.368615581875513,0.178668059127141,0.217780466772324,0.0401775193452586,0.97193028719001,0.0391550913086546,0.731659126890882,0.000124311689303311,0.0673112239704481,0.307721788998046,0.000507198625089807,0.7019950441299,0.108450498688465,1.53415854618337
35c23b139b5090caa99782438a376707,8,0.152962394688086,0.916092734521531,0.331720449670765,0.0321201906316844,0.132739107945838,0.3483544307598,0.0133018404802517,1.11934069120142,0.0361298257094452,0.716235797917623,0.00011920553182631,0.0647604407295483,0.315235989231906,0.000715864640094147,0.683083030186533,0.1078668057671,1.71342286125554
e885cb3f1304b221d1b5ba5ed6976c80,8,0.146845805400603,0.955154747968203,0.410705568561811,0.394869956663143,0.232865270845337,0.377146297488787,0.0235999073987039,1.40927293047867,0.0420700182815918,0.745094742595719,0.000127750933651012,0.0601071058390282,0.356446272107065,0.000838794047691763,0.642841521250542,0.0994914557977572,1.71660000789666
55e2b8476c99486fa9ada046e4ccb729,8,0.153900165391248,0.993017776376353,0.242087243563517,0.278202975554272,0.143154350672183,0.254750390630341,0.0317749967164372,1.22375711448647,0.0438915887592738,0.685590541276329,0.00013194282605882,0.0584536547807209,0.311240160070239,0.00108965892621998,0.64779030995436,0.100996641609292,1.77043388085406
7fc96a25f49f1c7f988e890a9a73b12c,8,0.144537119043903,0.95873023424169,0.145751908756445,0.792413627948006,0.0766549318577696,0.364433773232831,0.039830373860911,1.74123748322831,0.0306857759444318,0.753498196066509,0.00012585194058135,0.0616804343325253,0.341080685185022,0.000383003752377694,0.674425468023209,0.109634169334748,1.59015958773816
b0517e05a3f4b3118b6903606a8c8ab6,8,0.135012652002584,0.948964479361622,0.255932245792474,0.488515734499027,0.153875139792566,0.353589454811222,0.0565224807303483,1.28023302224349,0.03366357051883,0.697459450161327,0.000117395808135598,0.063960530309976,0.263796370501855,0.000780751362584957,0.77445508252448,0.108604438097146,1.68359165244909
91c5c75d66c38fcefbb0c24a8ba1abae,8,0.147446007398564,0.865610982365732,0.337901312562424,0.745073698434386,0.235463370035283,0.356649046172996,0.0149488303117149,1.86486425286772,0.0348307376291634,0.639721052841376,0.000114268042156587,0.0606402543206573,0.391591741203541,0.000622596498352103,0.7343730553022,0.103295172982231,1.54506800147284
ebdabb141fd7c1b06ad814fda4ebb196,8,0.124581108452722,0.963450329240581,0.482077778311748,0.530301722206485,0.107901056900992,0.206571764464512,0.0178761876386287,1.19487019485654,0.0415993874451896,0.738933284935681,0.00011551227939578,0.0606485240342818,0.315790060013324,0.000883071575362966,0.700658632748138,0.0970887314207436,1.79880491803727
18aa678f483bc1bc2fed1aec6fe3cb23,8,0.15753083397117,0.913749030586289,0.100568247835527,0.709464397143098,0.106516257240531,0.22542318316448,0.0183146920731303,1.68550587225243,0.0333849488647729,0.633295081824403,0.000120154577934977,0.0609704644612577,0.34184793513024,0.000770136088823979,0.756773039131343,0.0995214375341544,1.70953685579757
c4017d5624a2e4dae3f5fa79fcb6580d,8,0.146205020594384,0.872421297963036,0.422078339632789,0.355524677240365,0.0628570165788921,0.362759670409836,0.0385772247190937,1.53092317274198,0.0392293192946507,0.669372518036944,0.000125038550796561,0.0679125006907361,0.320774329079877,0.000518198224883403,0.649544021059917,0.095547061320637,1.63874687971692
4a26aa2c32e3f9775d5e715ef13e826d,8,0.180319597835071,0.988130517988408,0.409312327963194,0.1611952571602,0.150890757508449,0.313845343886197,0.0376266655367797,1.57953323389722,0.0318453268953217,0.609548571158682,0.000135160276454649,0.0662157394583164,0.35584048028752,0.000708407930196326,0.721613550488765,0.0995914214490095,1.88498469827418
b0cfbf96a161961a1b0d0691085067ab,8,0.183758492233388,0.952984233145813,0.0581290998422924,0.355573359473532,0.119827471936173,0.41314227016615,0.0338156351984926,1.68434235265896,0.0355159257942693,0.730794619470335,0.000128708157913848,0.0692676893553642,0.39143369670749,0.000715407277041326,0.771111219559433,0.106587419141869,1.68379454089686
b78ae76aa615ce367a8f9e9653caddb5,8,0.134255396036734,0.944598928179693,0.553851598444018,0.141340426098506,0.278338873397713,0.361670463543079,0.044949543522034,1.79441388153867,0.036458720232663,0.646532475567082,0.000123558770488096,0.0557796892501746,0.311046805750597,0.0009443813475744,0.708209492859187,0.102834325618153,1.78896433289543
bcac31b6e18fc5416aa18a3428f00155,8,0.167991718332573,0.998957118904066,0.308636642869802,0.492426848943285,0.105996203372493,0.303268133799262,0.015326888810518,1.17412707862258,0.0325966435955446,0.604534134570934,0.000129051870257501,0.0641131874513201,0.416235873249644,0.000627398168378671,0.639828864004497,0.105126707121821,1.79061473126317
5f9395a0f557dd30e31665e524893ae8,8,0.146110114966801,0.954746512158629,0.352495953472639,0.0691214384094569,0.0804190404813858,0.341814254691186,0.0145294059216444,0.681813401706278,0.0381526861675343,0.657142197938772,0.000123538163971207,0.0695672653443504,0.342554045805266,0.00102523709414764,0.724130432765382,0.0969508517235853,1.59281235985533
98a8a5076467ff673d4b31d1ab9441cd,8,0.157908905528211,0.98987126728677,0.173629782854337,0.768611269533984,0.329569494443237,0.309741796746859,0.00750976398602788,1.54619373197972,0.0289339952943927,0.625758385747531,0.000124879653710222,0.0531972147866364,0.395309311294083,0.000971675113608139,0.66399652305864,0.104559203078949,1.72342844185182
b9a48ed91b78afbd18debd48d5c4c365,8,0.163076316105593,0.999113903777389,0.0557428037873224,0.439587244768019,0.270735055706774,0.357509228696057,0.0205339173371954,1.2499790556602,0.0308210663957767,0.614187243725484,0.000127600205722946,0.0625441722774521,0.421138759451944,0.000989363496066905,0.636508308431232,0.103648065577158,1.81299116523867
cff0426de1a02c6c7acbb8e0146bbf3d,8,0.163431546842467,0.960855269995064,0.220133435347508,0.322416099489973,0.31260279527792,0.40570987146648,0.0237457348130538,1.31872100518919,0.0325799725916089,0.618788540728531,0.000124257745477323,0.0654666545501667,0.416010859732865,0.000958131596896658,0.630801744523698,0.10280294934353,1.75633988764046
d53b49c5a49a9cac59472b13eed177b3,8,0.150451462574007,0.92242405454861,0.347882798364533,0.0177228553112434,0.13478249304055,0.339709481134523,0.00179593893415553,0.722229812090117,0.0376071936424762,0.655397106950513,0.000119866349214969,0.0672623902638282,0.378255815715155,0.00101419379512771,0.764489365237805,0.0969225956314307,1.61229819917988
17b4a13ec2dd518d6d6dfeb287ac651d,8,0.162421213273705,0.976763711798358,0.174004092511749,0.56983820597087,0.244818294093298,0.341435243980457,0.0192753973607849,1.30991696269641,0.0305161764100107,0.631858673734346,0.000124073806106546,0.0650400099087981,0.416040447740693,0.000847889395974228,0.639842496238555,0.10298297045556,1.72277203603479
d4bd39deb3c73ed9bbefc48a84e17bc1,8,0.1392956939419,0.945036569125345,0.29584303381084,0.23401632485552,0.159349423310311,0.375125121877489,0.0226665626786052,0.916404382786144,0.0344249198263463,0.647611801194138,0.000118793194055935,0.0645136523691002,0.346367570069855,0.000998950260609765,0.735955207146209,0.10095920656797,1.47565332744452
e7031aa0f207082e90c0e7e32e71abac,8,0.155978805884562,0.871374116870586,0.243817915839862,0.853281164006606,0.000698545097577941,0.422550065297174,0.0202148577221796,0.760111371433064,0.0331123981425713,0.696404854180455,0.000124159737618153,0.0693474591368675,0.326138368777317,0.000676034632912096,0.667838877829253,0.102674354338787,1.69617981471553
72efb2f720b62644c2a790175609495b,8,0.186468303753966,0.935971822735771,0.179662340172982,0.497148554920119,0.0772477395873114,0.403786595106203,0.0350952640246044,1.60393584674384,0.033309824227029,0.689134981010942,0.000132016535453932,0.0673270149201824,0.400475087475862,0.000533284730692387,0.76554875588377,0.108171700690864,1.65183523420387
5036535e580f48cca9c446d4bf922d40,8,0.133321413602937,0.982743584879611,0.16071006174186,0.780023022503848,0.0426303046937922,0.321819894266163,0.0545835657799724,1.65374975818804,0.0365479827661349,0.629468021550469,0.000120236862317486,0.0581496155548538,0.276701675723646,0.00105008463278134,0.656664648066399,0.108427767985215,1.91151783184613
b56289e956dd31dd911de9fb95aa79ee,8,0.109264798338562,0.881001145075729,0.4195752363825,0.18962839833217,0.56351893128725,0.375504920654232,0.0321175996134749,1.4192894953156,0.0427740382096413,0.761783335857236,0.000110904430954149,0.05939818254425,0.354158850582834,0.000997155349655549,0.620197002613879,0.103054735982205,1.53638963799628
0eddff42d7dcf6ba55126f7d0a6b6788,8,0.164499581409393,0.993447740398216,0.293776206990264,0.84936708143589,0.261592582147392,0.231001265631341,0.0170733655035931,1.5797136450116,0.0283729706466319,0.657236032491234,0.00013016031901095,0.055498165216522,0.369079771754888,0.000788635467744807,0.667399593165757,0.103884452545007,1.83737761134555
84d6507ca5c4240a36628e8c7e7d1373,8,0.155813728393496,0.972185323002281,0.338762381074243,0.162852433889264,0.181817709919597,0.285314228087362,0.029556080761085,1.61898015788343,0.0420263998250218,0.647172515652035,0.000126725623415655,0.0572290057372367,0.305201878759006,0.000893921307745401,0.671660089356442,0.10430043784419,1.89897483344936
301faaa7bb88b2c36a6b0d51a65c4479,8,0.148657455857628,0.941959304138086,0.310109140234808,0.142681866244481,0.313136729540762,0.391156123446744,0.0389090788088181,1.33409222086946,0.0373211239121064,0.630000023338439,0.000125019536084559,0.0605325995064902,0.306794607207276,0.000779585690106244,0.711395753231147,0.104979805046985,1.85114680465882
a027520006d5878e2e9f346f4520414a,8,0.126522786608704,0.938552696330188,0.0655911533551029,0.336707981164664,0.493898497557987,0.308237150251832,0.0198181609580807,1.06260394481579,0.0347676656526266,0.677600686048567,0.000114718979948235,0.0670593997202111,0.299703016777633,0.000344512147509572,0.653488500671244,0.0989597549729457,1.63881662365837
5098fbe6f68dcc646bfdd2ddcd3ace10,8,0.107390356198163,0.913011651919886,0.253823355369,0.916179372804877,0.175008454544909,0.274940400595719,0.0423798813108095,1.35742051106396,0.0282556123837851,0.72466739616256,0.000114316581695473,0.067186893524743,0.336137872663942,0.000329800575059064,0.709325372417583,0.0993329821669508,1.47269956835685
5ebdca353aafbe85f899a41576028472,8,0.13106820828105,0.889077571511176,0.608136077374568,0.406950239468001,0.3376200341349,0.371499085031264,0.0348062954662336,1.44561481022131,0.0347205392021573,0.685299416367259,0.000115178474775422,0.0636011237958918,0.319824322910196,0.000525517284263587,0.730458277227463,0.104180583987934,1.58813890949781
5a538d180139b8f92ed93a0c2e5e7856,8,0.167761749883598,0.961568197254657,0.346423568779618,0.906356201478572,0.00821654846310624,0.231692589343522,0.0416115751507003,1.52824345000106,0.0276013631816,0.754825192799506,0.000125598665693351,0.0680059680647325,0.309334499904406,0.000374598870512956,0.742114631372833,0.109860642079105,1.69209539842106
08fc7b3cee4394614a3cd653ae98595b,8,0.166027433121444,0.975571302389326,0.367811852561795,0.15956202980992,0.384494601670822,0.331541466377471,0.0321790346266138,1.62186488766833,0.0371234205736957,0.634965386890803,0.000127360147482573,0.0603558130633753,0.334142776884322,0.000821732967457653,0.699456630431024,0.10530454674947,1.86866158589536
77befcfadfb5fb805cba7d08aee0b720,8,0.154335845835925,0.984207642557072,0.397935437887329,0.27431265480109,0.432865676530868,0.268616089525454,0.0376486532116961,1.52819056941442,0.0318148100377472,0.632297905624035,0.000127641641381748,0.0602764832250322,0.34414183135633,0.000704685420906454,0.683345020402825,0.104445475219102,1.82825757403722
7b449dbd93ad1528712bf18b8677e4d0,8,0.190017272377648,0.890013819716753,0.270426173696667,0.968376881313051,0.169470481551574,0.305139712717489,0.0173564860851221,1.35606636299115,0.0285933058134219,0.664293678361858,0.000125081192135964,0.067747340602047,0.375473617535872,0.000730975414339841,0.72091437959856,0.104882792945682,1.6390611814515
f7f2f60498b836c4ba36e54981047ddf,8,0.172298892371963,0.900089358987337,0.214570146258217,0.997919805565139,0.139917192154943,0.2606750431047,0.0139013840760982,1.51070634075329,0.0262567255853778,0.68459784879159,0.000118628954730325,0.0680772796816794,0.376594897056715,0.000642551702984241,0.758593446268138,0.102238888027312,1.55324942558736
06d68d38439fa87eea4afc8f8ecd861b,8,0.159907761577556,0.976309738371543,0.439357221778306,0.108600449638239,0.38502990996558,0.344819221344571,0.0283396258884996,1.46723018435217,0.0333380137142658,0.600840310438532,0.000127279338464738,0.0589348565726218,0.331885032691366,0.000812695488456857,0.66940101299544,0.105371806101022,1.86983709240048
0cbf2152bbf055f6b045e850cbe28c1a,8,0.136036865517105,0.946071994638845,0.543674662344148,0.13517633088274,0.265560783767926,0.353471021069096,0.0349379875491422,1.39786712946967,0.0392945228444834,0.65695970826468,0.00012064758009961,0.0569655156993629,0.328567684889065,0.000774838826542504,0.681656988585881,0.109960249062885,1.86848259502416
2dfb2abe68660425de6122089464d1c9,8,0.161062125642793,0.972989659020517,0.161825685300468,0.130453431750536,0.161010982896128,0.266504626222774,0.0536957852683851,1.73066371756295,0.0350316699783264,0.671832592897644,0.000130251353970774,0.0602839511171864,0.284480146160788,0.000859142304400893,0.711998487613812,0.106835194744365,1.83911440494216
04e1fbc86d8094bf9c6a018e88e3a64d,8,0.126457075537046,0.95153351313879,0.303701083413857,0.729752364369204,0.224296614835002,0.350336399529442,0.0382730403808774,1.4383491206369,0.0378544011447617,0.733376820820416,0.000120998688527228,0.0664970950069828,0.366389164683904,0.000375133738761434,0.719592141532469,0.101831655916863,1.69693226108369
e69b98d747e616175ed8bf2fb85b94f8,8,0.146730605837239,0.837999249562238,0.375230855355227,0.765253484748199,0.163694723303556,0.294708208612298,0.00840901942797288,1.85725734282947,0.0381665613829784,0.761111192864705,0.000112029654228233,0.0632474027896694,0.380711581589725,0.000661630363001309,0.727287192869964,0.100363575870302,1.46504243134834
eba8cdfb32aa4e4c0d8fb4151f7f7356,8,0.164065911369741,0.981847707849021,0.249177646228863,0.38633712097885,0.307192172655883,0.267918309299317,0.0298393489365808,1.74426682534499,0.0339391706530849,0.676604862024476,0.000125690309092073,0.0601341835025091,0.363340063128432,0.000882434491849894,0.676412717900463,0.107535990916788,1.80515872415592
5f1cbc297442f260b8f9a1a937cfe9b5,8,0.127122929157625,0.94145948297972,0.0798373273066786,0.371320992125038,0.47639413600321,0.312314089332998,0.0219521248443911,1.10463469665882,0.0348513320408953,0.684593267344206,0.000115589267179277,0.0671842635302074,0.304370504710978,0.000351303670813266,0.662228306977699,0.0988962281943611,1.64658861499777
bba3f258eac2fba5be2b17fed056de96,8,0.142670137152328,0.852062907769538,0.466414856785312,0.950897218359494,0.212352568050283,0.314425732387597,0.0126517858356613,1.73921680291273,0.0367691809637911,0.755549566328261,0.000112206834067288,0.0629722849458013,0.403472574805771,0.000724826448247724,0.734756638600279,0.101181154429301,1.48610941015188
7655258499e41cf65df7a978c76fa274,8,0.144523373678395,0.967587325593448,0.442871538151856,0.0878315755860144,0.483469729745723,0.302159469589118,0.0247893466365547,1.52903636279616,0.0393936395588608,0.637461566281607,0.000118441217255297,0.0597455394976403,0.319021671532572,0.000836049568069834,0.685162087770371,0.103787123673448,1.77547515732342
9465d2dee7f848eceac5227b870b3563,8,0.11841016973248,0.884818641362034,0.622605406204696,0.527193890302702,0.0818697010899215,0.335779632555144,0.0303258935601123,1.53052321188574,0.0367451693971298,0.62749511369958,0.000102420286284969,0.0613603295222949,0.320333555510103,0.000785821004732442,0.87743110054252,0.106937791471301,1.41300237640061
f355671a2c599076f762a92dbce8b717,8,0.132036772732845,0.879864493479401,0.710545842629447,0.0974927154369045,0.179985096732604,0.24040725109125,0.00885951812881756,0.904825840923311,0.0358508953630491,0.766299314550974,0.000116613389565575,0.0648001402193961,0.334276401938576,0.000818818583823222,0.648858638290327,0.0967467685962378,1.57309503764607
2f0a11ed541408d66686f6ede1dd3b11,8,0.159095132726133,0.958610439114966,0.33503608689738,0.299600431049798,0.200004148585609,0.407221020613792,0.0442414031350977,1.37580102487913,0.0323710740384768,0.617755629742822,0.000122784239223766,0.0659283163159428,0.327138879495555,0.000627303533794919,0.788614089719073,0.107863229621709,1.79510164569354
94af87c275766ff7036a645ba554d643,8,0.115429684550638,0.915012736377308,0.420214419224343,0.849710723836116,0.338581600980035,0.290376294399392,0.0477208339241617,1.57224126871462,0.0366468918481992,0.693136206583019,0.000109484322162985,0.0655560729885769,0.317224007734218,0.000548751450328528,0.700093096592325,0.107418792114836,1.41778545632067
34379bbf96c6d075570a9da394805260,8,0.129896238020289,0.889410550950908,0.68830253500521,0.0277019246118739,0.119912150416944,0.262878356906204,0.00620274616479152,1.10576041405588,0.0296355713781194,0.817631241026464,0.000113609343982915,0.0666222893537054,0.315518435329308,0.00078097906346574,0.649395708744129,0.0935930000668691,1.573196439337
42019e91b4989cb159e030bf5095f065,8,0.123404034457504,0.91448470102353,0.252306845675005,0.666598532641533,0.336925219235058,0.304060293866651,0.044133927598153,1.55269805767415,0.0368279582885839,0.731204350311858,0.000112976416496495,0.0671571189459939,0.330860337313067,0.00049039272262721,0.688986736902091,0.106239809596158,1.52901758891051
9d39aff787f7c12d1d7e768549ba1b07,8,0.133731209548397,0.889719947919942,0.693551585448575,0.129080233640525,0.169395965980423,0.234208365178473,0.0134203180615725,1.02421506125313,0.0344238119289471,0.764900804294674,0.000117885931820007,0.0645941052022302,0.327587921437105,0.000761412117503764,0.657233014583141,0.0974295418757868,1.64186729072831
17bce3c0eddd24aaee1380f371f777dc,8,0.138504300533588,0.896297862316339,0.701074740462022,0.0622697723916281,0.114361275628943,0.263831406927954,0.00971331043114747,1.21304277276,0.0296563078699214,0.815774513470859,0.000115480700802327,0.0674428687224718,0.320385372366364,0.000822300870620231,0.668764291406934,0.0938059109725025,1.60382785979576
35ea09a089708ffc6aac768d80debbd5,8,0.132034254503579,0.896588999358893,0.697170495970261,0.0163357237067608,0.159459064914273,0.231761519995179,0.00405780947487443,1.06781379341429,0.030953233308724,0.815333046285923,0.000114575282274782,0.0664362322656232,0.33243527456425,0.000787723694462885,0.662092578717982,0.0928931659395125,1.61658857390202
00d42bf802945e504d6f3e03a8047c2a,8,0.13875815459779,0.921259801542451,0.0740136412672507,0.502530276874328,0.477566847682306,0.349936777404506,0.052439039136284,1.23931612336251,0.0377498387246438,0.668556584995871,0.000117845531091161,0.0617481680366917,0.284280211324979,0.00087961359460743,0.726784022707161,0.110648131026998,1.79311276130858
fcfafc6cd277e1156de0382c021699e7,8,0.144534885634096,0.956618823470262,0.222659441640325,0.396944125628309,0.104047219638786,0.351690054063637,0.063332187735038,1.51986777588228,0.0343650370683759,0.607334709822646,0.000122731995156004,0.0644182470975775,0.27996033580143,0.000534342345720245,0.766353886709315,0.108368629926243,1.78093834011222
37fa5ad8238de998a147f289085975a1,8,0.127960433785696,0.912507858178074,0.524866239854397,0.576894497616951,0.185484841206323,0.346139927942767,0.0493977782549682,1.64955239491923,0.0325376840707364,0.722920992465508,0.00011152475393987,0.0664013758698065,0.359361993713342,0.000838070166926282,0.80283002491989,0.107157475247992,1.53964822269862
940a100d3c00457338d5e9b11f6ae7a7,8,0.130596045986476,0.888720321407051,0.700000792340343,0.00962094366697558,0.103640788140868,0.260175516224169,0.00428864962834242,1.09799649946372,0.0296315604036393,0.822481455781161,0.000113670885727462,0.0665312186468375,0.316562032648579,0.000787124761544731,0.648765959293651,0.0932925995551804,1.57162077654172
8aa7cf42d42bb85ba4988df3a5d4a287,8,0.199395290226917,0.918327813244121,0.509652252100705,0.349204011541481,0.00776458887413412,0.252427215484117,0.00537857432951676,1.38594331154686,0.0296047203100076,0.718114805352713,0.000129611496014587,0.0690290873490697,0.362180028936015,0.000750039055251281,0.836494720246706,0.095195994767995,1.87824609927538
a56d88939bd081a1a43d0f29533d7e66,8,0.147009350501932,0.946329674199259,0.676173127050251,0.163329390185744,0.238127467206998,0.270212429137196,0.0146436459909331,0.98911788336047,0.0260043822833967,0.775920672534604,0.000120597593316084,0.0690660847986303,0.30777426724343,0.000686509283889319,0.677671511590913,0.0964122178703923,1.70691764438019
b5b46d50555f7bca25dc8c0fc49072b5,8,0.166796734096926,0.954302974742842,0.22602512136862,0.550029195976189,0.135929715568456,0.362301253537735,0.0482400535999919,1.54065428286864,0.0376665079323169,0.61919414928376,0.000124624084175893,0.067223528751736,0.301921889263115,0.000538954686609557,0.768037012461108,0.107159956145834,1.73846333852317
9cbdf1dfd2558f1308ab655cbbb981ae,8,0.121332324145085,0.930767095387112,0.0633785261864151,0.255567550239745,0.321672036365673,0.229142640495335,0.0565315021238503,0.940282066804706,0.0390258840023729,0.683465504330495,0.000122015965867019,0.0583848341009918,0.269132622753664,0.000822718332574935,0.715329497456456,0.107492315400167,1.72323521741491
b5299702a94564d09a850e5a2075ad7c,8,0.142847432971054,0.865392537857795,0.556450017514034,0.650756112405965,0.175665648250753,0.199586379499588,0.0169542893752943,1.43862960117611,0.0455748767082333,0.677946525862264,0.000107614121259379,0.0674964482657928,0.300835722270739,0.000569410735220573,0.704984774354056,0.107442654927577,1.35295939710636
54fc213681b5a3b215423b3f8fbe680e,8,0.161141959234015,0.962017841354702,0.345621218978446,0.355911609281072,0.0712500362226115,0.380258615166255,0.0604559509037775,1.31675440542121,0.0284154591014535,0.636607213107652,0.000125079073274781,0.0667451812358056,0.301750227994161,0.000656409600267023,0.799274436601798,0.110287224970409,1.8059655663062
3740be21f5511350970a01abea7e6b79,8,0.188085342295605,0.927895451783237,0.297177645937848,0.166778922942229,0.164747734110108,0.354191326744399,0.00660089345286423,1.34804341395145,0.0305641599414803,0.789907693954386,0.000126443888039451,0.0657688856722303,0.355809729774782,0.000745949305953071,0.774509087030114,0.103604127360214,1.78003936559043
b3e257692d630ab5d9c22d1c12ec9467,8,0.13594571165721,0.986056661660986,0.533298673358124,0.966645554370058,0.113528002359991,0.281931006404586,0.0237598976663792,1.43082253920655,0.0268187656313244,0.655383623612649,0.000118806247169825,0.0597097962817171,0.33299516947732,0.000779611125823151,0.712093530789802,0.098513850843494,1.85620402270366
9ba5ea5c5f93991deee19b024642d61e,8,0.10413243554939,0.971046532585465,0.533158510124445,0.861988715831331,0.232732819917546,0.2265926132132,0.0665205159161919,1.14684965634485,0.0260508705200492,0.676897780697908,0.000121279335161893,0.0577437923356814,0.274899475677299,0.0005863638174668,0.665189598012725,0.104889698928652,1.57047472719937
bbcacde68558251c2b211370dd1c29a6,8,0.123711064848456,0.884216635145025,0.223972538381003,0.0169417778407675,0.0790994759549542,0.283865985832178,0.0520947496464308,1.5605088470018,0.0462573528350119,0.614922000715118,0.000117396029409276,0.0572797567950686,0.29821102362525,0.000823051274280911,0.681367842649534,0.107610448390905,1.59229401910539
f9c6ebfb4cbf44ee00829704e5998edf,8,0.115581220217264,0.941215110819475,0.324838827951477,0.668119736947944,0.211201617788325,0.298521914036453,0.0478879972578876,1.32579972298417,0.0354779936851201,0.729543146480146,0.000115144658450256,0.0637319300289535,0.322859657152381,0.000647232499309463,0.711612305215531,0.107055777567528,1.65260163285583
c8e7b98656f0d8334ce023b6e766807c,8,0.104435977400441,0.901796105708759,0.234240623451356,0.0191502016902889,0.240813994436584,0.321902967258189,0.074670157668089,1.75197304247084,0.0449546209195338,0.642007628286528,0.000111446961537586,0.0611650199163602,0.243627037832419,0.0008022494229052,0.721072927310639,0.104426793360189,1.58276573603893
c7781273c673ff35d938fba259bd0579,8,0.101460804125853,0.902624397909387,0.314962709194178,0.291010994216846,0.19791866709448,0.365062545941974,0.0594737372649049,1.56236588972663,0.0390480353728685,0.647495760397312,0.000113103973538952,0.0617007938488208,0.308590380473228,0.000495738594411716,0.747111034914213,0.10314906410417,1.55887471863372
2d362c90fffda3cea04187ea85bc1728,8,0.112250586549703,0.885001356152361,0.32363838371313,0.0444541220887076,0.0967345120203322,0.28849280876814,0.0752493306351966,1.68192910768815,0.043346280898793,0.670125210566279,0.000118896300625974,0.0594087695432347,0.276343101276061,0.000792743595268318,0.690128325594047,0.105194952416767,1.58742142176897
a448310458b49d1a08399492cdaeb4a6,8,0.118363681739011,0.892797047460419,0.529313771931438,0.681849990059568,0.148322930839484,0.340425815135554,0.0548588207824438,1.84228615559146,0.0344880996561788,0.748018366181113,0.000107696815623746,0.0694101861570735,0.339292999157166,0.000751823922206993,0.76993260529608,0.106546199944604,1.38972648275888
5394e2db63aa735d6510ead2feddc178,8,0.137616986055875,0.917824655349668,0.13444295993722,0.135329869345341,0.213715157043477,0.367389219244058,0.0447809942295359,1.19773315892673,0.0341180277276856,0.621170061652669,0.000119100375067091,0.0633863286806708,0.304718559551743,0.000603000882387718,0.744071645071298,0.107508275050385,1.6427176492766
8fd6e67a61cbf0445b53be74e6f31bb1,8,0.179055487251857,0.988454992258266,0.164292028094228,0.775888482806158,0.473250274310225,0.388125447292694,0.0412935416680759,1.66413737134766,0.0413287033842148,0.769969842080546,0.000126779869706456,0.0671947076407699,0.30351090026086,0.000645700282652406,0.675359829067578,0.110614356760656,1.53357996186779
5272a6a12873bb203666ed2666408b67,8,0.129124581799095,0.981732317247086,0.243312366472988,0.363293510530827,0.14682686422206,0.314384117559745,0.0563837624536339,1.16020242444895,0.0454826828931248,0.686663760126546,0.000127486462698334,0.0667358545987601,0.282928166661785,0.000580646436155247,0.69909923716607,0.0966102334756331,1.62571007900029
91950eb29b89cce5c288bcc9dde86233,8,0.141528401263712,0.942054496498697,0.486704801724519,0.204055679192133,0.165646076397013,0.360145190227226,0.0456351907979638,1.8492974480939,0.0423613218022246,0.693462388963552,0.000127886677585634,0.0618221235190695,0.307617673630502,0.000458003047096192,0.63862654321765,0.100965892435776,1.65521299824912
d623b5674d635a6fb3fdc1db204b63f2,8,0.127311538371125,0.984912919338287,0.123190315519649,0.0180454184004026,0.153539624739513,0.327733520591743,0.0625527648338222,1.49482198847097,0.0452105274132901,0.633372607666628,0.000130523899741198,0.0628977937358832,0.311219453859212,0.000627627859116683,0.693115547732574,0.0963644261742186,1.77416248307705
8c76f0309fc77bb56336839e0b4bc5a0,8,0.140663631593904,0.921174723722722,0.404862565654425,0.0906608973870629,0.0823637876285544,0.339704207697546,0.016870266491782,1.54884738103378,0.0406650009597004,0.666431047347851,0.000122256165257608,0.0619111820267362,0.382175807702499,0.000377641884732818,0.667210614604898,0.101583569392502,1.62194995265608
962acee52a06ce429bc63e246333df20,8,0.146462604804044,0.949111684506694,0.418237602002338,0.442294217456857,0.170801718614893,0.369126821979642,0.0213501315648234,1.65599832082665,0.0362519738604068,0.758960796745961,0.000121662539285096,0.0640532800298609,0.354412629369254,0.000609416838450864,0.709703463858047,0.0999334024050425,1.6011882713694
70fcaf255db27fe171ed537ef1b09e34,8,0.176634686498961,0.927143445739127,0.267789417792892,0.513142912692599,0.306135580459818,0.26522931922819,0.0182172771589115,1.5765770801704,0.0329988482951726,0.677544109557867,0.000122093069494375,0.0654468069186103,0.3083884033871,0.000469889860655895,0.699277263022579,0.107851633490597,1.62570765652755
baf4783c4595029b7e9687f8d5cd06c8,8,0.134036154879513,0.907934416735676,0.436209434818578,0.28660656328429,0.0437605394887772,0.375255736694172,0.0769427509496108,1.47671847866642,0.0298568186067092,0.666721241005946,0.00013014396972224,0.0628721764636949,0.286679187946014,0.000869685033554415,0.649054432736439,0.0996611596795381,1.70423417047973
fe2cc3205890049beb20c75476b97db2,8,0.166258039591287,0.887767443222189,0.478963796768206,0.389918939768411,0.324169266690602,0.323361118726926,0.0173298345387044,1.41977551889703,0.0431767623672571,0.664669482256394,0.00011861357565922,0.065028757222868,0.3331862982839,0.000590433874192326,0.663992526395805,0.108464252942511,1.49581220119956
43c452aae73ecc76484db5bcd2203944,8,0.131090104371724,0.970351320520634,0.321225778786232,0.0841096974268615,0.180316619808501,0.335030588692803,0.049027349793747,1.41235237504451,0.0417082024977143,0.668324998576337,0.000126905431873934,0.0644270030206141,0.285384502855319,0.000551385925148378,0.681666514452946,0.0946293685720925,1.76633194464401
eba1f5a6053d11b22e00384d24ad490e,8,0.152720677643149,0.929110110290108,0.397750495542152,0.474560508366166,0.407388266188519,0.418879329937857,0.0587452259725321,1.31051050971603,0.0308363823420134,0.609816615191896,0.000123557900830111,0.067647606066756,0.271152245720334,0.00103644217714967,0.641602833136253,0.0995043684986722,1.7354373146926
f218b8856e619c45511b2869aa2adf3e,8,0.16349380981605,0.922682947723658,0.237727357270515,0.288356622392031,0.0321405030702587,0.285134166712795,0.0116707969490092,1.56837815451564,0.0330073066102301,0.657664717898261,0.000121368729617585,0.0634394512790445,0.340188043875405,0.000508778725395294,0.69734413722743,0.102478043710346,1.57793423815391
b781fd4ef70b9dde94dd7f3cc764fadf,8,0.157638285775693,0.965632130771969,0.37431675596863,0.425793883753725,0.00388358592431165,0.27184855822074,0.0245155061844444,1.33981748066584,0.0260523628458385,0.686093520075334,0.000125268303139286,0.0653935395823397,0.326164907191571,0.000587145426533125,0.684460648206063,0.102254861054395,1.65631137381358
2373ef5c161b1f1b340efeaac3512106,8,0.163545092356935,0.921435920051001,0.246448254305726,0.243269284224851,0.219081918269723,0.278660903795568,0.0253128858746907,1.55424024150909,0.0436071335997494,0.67963742495182,0.000124322805682474,0.0631397036720846,0.340893636061887,0.000603490431278312,0.687137273739358,0.106614316688225,1.60015528410877
ad203c9b93f50423eb861d128698dfe5,8,0.111264528468993,0.980265555981118,0.0697061699660526,0.459458606598691,0.286170784522518,0.216145433240244,0.0359589705991846,1.54132614733472,0.0292894544928696,0.653531329538945,0.000108689801200111,0.0581177881366079,0.261557719976575,0.000905553201116342,0.681400411891458,0.102249500143052,1.40186928038381
eea26805ddee0242c6e8ffb0bda2ce2b,8,0.150134971773424,0.968156602066911,0.477171379490324,0.371210566289663,0.345288213874714,0.34715188747716,0.0136882584189484,1.21858882973955,0.026517196201212,0.633694530905804,0.000115898265874135,0.0647842958582215,0.353190381165903,0.000793462638854921,0.850617047335564,0.0977483992000356,1.69643545657656
88e57dd56f6e529b83b24b4faf43db52,8,0.188467581690847,0.950684297636655,0.692169516637261,0.600648826381058,0.17747166026138,0.415588646878369,0.00470396713917786,1.7884251956296,0.0351475171158305,0.705720531199273,0.000120315303828917,0.0650882083545739,0.382091113635401,0.000742788009536426,0.818070493999367,0.103366357564282,1.89687895800243
3ea1358661f26c3ab0a056db6c7e94a6,8,0.121806318705895,0.980916433782578,0.233082275103209,0.146094296074248,0.231297774214353,0.338642331147557,0.0705034034931,1.25468209558504,0.0446347487821728,0.65984447657611,0.00012723033527003,0.0663015816637232,0.273741078718894,0.000549251401395245,0.709249160217256,0.0975740762812939,1.73900839589001
306764283b00c43ae5721715e2cc5846,8,0.182935941198957,0.98303260368481,0.467795785578105,0.559204926680723,0.136861766347192,0.373904931730478,0.0109192511150364,1.65082684550021,0.041869676581534,0.696589839304164,0.000135475428611442,0.0619937678425841,0.336825596957504,0.000665341789110156,0.628154710287625,0.0989297163100755,1.40835262875936
a2cbb246886041faa29a90f8aa138d68,8,0.149148257537283,0.966267798353488,0.432522783804955,0.258771147132447,0.0411835000241629,0.310391815214538,0.0271399435522619,1.84980824267084,0.0439250804528643,0.693507933674715,0.000130390055811819,0.0571822362313417,0.337930479282625,0.000612183224513127,0.631103588377686,0.101195405796952,1.59033298366577
475b6d2cccb9493507ab273d91830bcb,8,0.141146478833457,0.946537108973353,0.489641510786981,0.166944773691595,0.317075775124497,0.368740452572831,0.014903689897368,1.3116013045643,0.0374603896914041,0.618029477561028,0.000111385967636665,0.061211337346385,0.353208366469085,0.000781612490033274,0.84496653760034,0.104844658700724,1.55266507920967
13e044188f154dc8e5dcd0f5f491d40f,8,0.153065216542847,0.911344697809155,0.353600695369084,0.345351169026064,0.235425947286015,0.353898887559238,0.0319391458807512,1.10829306962787,0.0378217401634798,0.711238606629916,0.000118621120727491,0.0690284700546232,0.316165485546646,0.000658681829329078,0.725978678767276,0.106718347159897,1.5646519696974
777374216dbbe583504daf847d385b08,8,0.151576992701649,0.926641772556346,0.438364401752744,0.458429260023702,0.402334747093737,0.360947332509148,0.014585382326186,0.929143846509807,0.036993121988652,0.659208394352021,0.000112844664519732,0.0682958347281501,0.337607816107321,0.000740646724413188,0.743674674122823,0.107595493612513,1.51506833410032
c1eb9244bf2629ea08973b0a6a268eac,8,0.160464421965692,0.935742513056313,0.304584520802679,0.237181792861879,0.178794749522071,0.284497720159975,0.0252338489078278,1.51295891304164,0.0427701104224196,0.63868094314233,0.000125482570781301,0.0654674469089903,0.369010603705419,0.000532001495148144,0.675656449116289,0.102967628150778,1.56517122510695
c0026fa39b9da1abf041605d2ea63d45,8,0.158286460937946,0.974156697488387,0.473877957589108,0.137985779043952,0.321799318328124,0.378175383586795,0.00692352175865979,1.32625240200136,0.0299532352478113,0.605996083501984,0.000114972826559871,0.0646527740958853,0.340012595256661,0.000740293528144338,0.831973750281036,0.099596214659187,1.68333133724607
64dda99ceaf0e1418aa6bcfdd69502d7,8,0.118024196009624,0.824165330107797,0.492425174534531,0.697392650081424,0.294801291464608,0.3092808724955,0.0208167828189185,1.28611183203181,0.0351652424997171,0.683922898731735,0.000104012594155532,0.0615848718142925,0.29734933703197,0.000482316415937954,0.745022994542569,0.108272968416678,1.41794623861318
799ad8068012370949e201a979ead771,8,0.118061965472906,0.91183700855191,0.394270140895631,0.444343194057318,0.39295436651851,0.339447741998114,0.0230668727062972,0.869982903152162,0.0357761248699806,0.673178563506693,0.000108177497663933,0.0663441860695946,0.313955275834915,0.000503048611127301,0.775213456910202,0.106628283520907,1.6428960989608
4676f175744d41a8797e55152a1426f7,8,0.112342957350069,0.890364433945109,0.105644180349011,0.252550518852347,0.30353891028553,0.292583497957715,0.0509935561454122,1.48274208865515,0.0322353355199729,0.680016431046413,0.000109299306886214,0.0634906267295488,0.264576447664409,0.000975136032378055,0.632530057028865,0.101296098041712,1.34910102554342
5b3877905afbf970460b14259360584c,8,0.148547669016315,0.958780030375254,0.459433468643274,0.457921009238778,0.0648208935153895,0.299075030642506,0.0142354547125939,0.96734029808685,0.0283823352928629,0.664891084350121,0.000118617804400256,0.0657697308749475,0.317195383356681,0.00057884390678742,0.707957354767685,0.104795951181203,1.52710631404597
af6cb4d88b64ad21740c695b1b3f1533,8,0.12514180184594,0.98068538707405,0.401756179920145,0.452866414167696,0.429839147623174,0.327921991694313,0.0548338364529174,1.13804476452083,0.0322265601452026,0.648878574639753,0.000118847733638228,0.0649898717204349,0.311051077480549,0.000888846470821762,0.763603745213762,0.101588012306095,1.82838328896072
d6ff595e20ff74deae63a0fd3e57ac59,8,0.143952512184306,0.951243495390753,0.453661153390202,0.347815076011763,0.105597247261959,0.340271212856911,0.0262843286743192,1.58655878352707,0.0464114640435395,0.673630495329914,0.000125346495652159,0.0603643288665998,0.345378866818902,0.000569208626229447,0.651894889594216,0.102379485166321,1.46985445858507
4aa58bb2f4707ea7cac0f90a27ab7359,8,0.127549330157297,0.978814377216961,0.594593732559977,0.683451854398901,0.123234181177161,0.288931826866505,0.0527200112866072,1.17632534579497,0.0270880265986664,0.7286385229325,0.000122394266440424,0.0618414876337304,0.313008345530612,0.000917376354427657,0.754251518609462,0.103782716739249,1.7634551540405
22c82d38e3600a177f71803f834b4d93,8,0.129426521755928,0.93224856549128,0.2881482274732,0.100363270895335,0.0347917163763412,0.343803990726956,0.0697507905624325,1.52523241641029,0.0315916785049744,0.618126986661673,0.00012999174726579,0.0605557065756417,0.28928016518874,0.000888473245153043,0.64614123325265,0.0973081921202937,1.72720251651075
7b700fcbb96566f95c28d7f68c86f025,8,0.108522434119884,0.847270204799282,0.0860224629872534,0.457482671535336,0.238098259043135,0.259457826252208,0.0657826804343363,1.8035823161832,0.0322559686674164,0.685623514570832,0.000107311409859238,0.0604930660789339,0.273459717192657,0.000797051526522748,0.77317818085829,0.106886081540811,1.38532462277111
501834527f82935a9fb49933f290cc5e,8,0.147901484007877,0.975809363507941,0.321275441202052,0.0915481267527047,0.0753932099465881,0.272079648285711,0.0290897121856265,1.87282355086728,0.0446876087292466,0.697367878948466,0.00013367683297403,0.0538676766457041,0.35869158537151,0.000682912072145534,0.674192250400595,0.101789796224753,1.69459945926924
984e7a9891f783a7620c22b787479625,8,0.148671882096957,0.872301090379663,0.464297235885522,0.287007426826784,0.42604933545048,0.303630850833234,0.0309220447777788,1.47986187453762,0.0394911611660378,0.657869864648442,0.000115486446537768,0.063285330255606,0.300093448097162,0.000634357555943309,0.646554829508046,0.109530692899478,1.48193600969924
3dd0b55ef453150e19121a87104d02f7,8,0.1430812055673,0.937684209554235,0.484181560552683,0.606457346938853,0.19649857708198,0.350568022597362,0.0123356019868032,1.32614424420155,0.0359098673331908,0.694521511582789,0.000115827741983006,0.0627012857317369,0.327696856904496,0.000714692446459969,0.665931872856691,0.102315362763247,1.45072746947652
ece1039c274c0f20d21e86ea5e5a2377,8,0.154510941868059,0.921269631039317,0.15643628054474,0.0447018661100812,0.134393554163355,0.262737243560436,0.0271300315545977,1.43738161409773,0.0371863233053578,0.703160097619095,0.000124891107278067,0.0644808122649236,0.323110865642268,0.000280737545608699,0.709544785464292,0.104075875391282,1.61262948484656
3310f25476ab2d01cf56de201856e0e9,8,0.134464386118722,0.836282131850104,0.511736836329353,0.746855295435876,0.304964331423212,0.298382640591596,0.0336664232521165,1.04940277944264,0.0318642586119091,0.640427494023679,0.00011089815282528,0.0661985563064607,0.347507757987424,0.000814571707421928,0.66724857589818,0.109974376185046,1.59005816915636
9a0a81fdb4baf1bc2f4369421707b8e3,8,0.150506209200887,0.929138716397086,0.690714840973309,0.216238427351712,0.144913596507191,0.337349068516705,0.00795582487061981,1.27169709501759,0.0437784962071621,0.655039291254605,0.000124160988232798,0.0599805216645128,0.397062204457157,0.000623737969910853,0.756809384254907,0.0989338035539845,1.70500416434538
81bfbd3fbca2b2015a532432050d636c,8,0.132908626117427,0.874953048926514,0.303296972861975,0.223427749561717,0.0448061737621669,0.398082113430774,0.0815568961890029,1.19855850140635,0.0315625707408141,0.666934064326665,0.00012381709858365,0.0685310758484749,0.295033437189612,0.000964200189191212,0.652400337340038,0.105946456167121,1.59237268733965
f7ea6b1faac0e99f617073beac75f5ab,8,0.151797563365259,0.867193143158042,0.496956644679631,0.5920705894386,0.210396163108245,0.371135119359758,0.0353764046004999,1.55841258830053,0.0305598763532573,0.677287397287315,0.000116596146813573,0.0650452465786628,0.295405678361895,0.000519600140624575,0.742568520831686,0.107826388277476,1.53496470425831
8ad1b8b315ba4108982cfdadef750c24,8,0.118467203002755,0.946369485104539,0.367727041404206,0.327534438937251,0.164566605716065,0.289605294901714,0.0331698013630288,1.48312824797673,0.0448935062336572,0.668161922294175,0.000116623104579846,0.0633722229999646,0.344562512131499,0.000695614068934041,0.706738427460679,0.0958907921400221,1.61087134629713
33132122b6708db1037ffd2afc6f0c84,8,0.165317994482556,0.980119616311393,0.408465269623649,0.278758405643737,0.094559162852292,0.278170384648372,0.0116084082919358,0.979746721519437,0.0335522052063353,0.712429431314823,0.00013597287351921,0.0592067792805595,0.365157740751906,0.000634715588095121,0.678993298638272,0.102905405753495,1.60634891788435
236a9e966293ad61175d74f2739861b4,8,0.150881544774778,0.93106781454745,0.709161074708464,0.199583400131624,0.147164922372965,0.33890279240462,0.00709989803313417,1.25879965194046,0.043864699048158,0.653726436535778,0.000124459725726065,0.0599993605033563,0.400650926337716,0.00061889786525259,0.756112301726254,0.098704161677535,1.70584071597327
f61ab563017e5d6edcddcb4c9ff3a248,8,0.10583260980151,0.902136504275112,0.527497918572371,0.583507379178615,0.0778186268578996,0.272921690893909,0.0601674808813414,1.87366943643879,0.0321257529457852,0.671366354285609,0.00010886369134604,0.0590780473060908,0.278541699565271,0.000603738651532772,0.787426930181083,0.108908403355777,1.46919292679432
dc572392e6b7eb5b6a180d6e55a2055b,8,0.153310205972406,0.970274925344296,0.334820064785359,0.953709779046712,0.236619528145431,0.318985014539751,0.0195924773824961,1.38798338780032,0.0394917633249235,0.715307127620279,0.000119180785725263,0.069190150914182,0.364277657836235,0.000446637320887065,0.727794467592764,0.101191969812937,1.51877703827338
fd42ca73bf076b3ff00d9f6fb409e9de,8,0.157011180685332,0.975133929142184,0.640999396732213,0.666013527144754,0.0922819861331363,0.225059081323031,0.00834455058778895,1.24723556832785,0.0369309690777054,0.713556888745862,0.000122798172862276,0.0613549184547695,0.320957551742765,0.00038948358672097,0.753759251444908,0.105315983158167,1.44890774048623
29d920d293f26580cfacc6ccefde7af6,8,0.131964571474716,0.971092929964476,0.319003680386247,0.591428537566186,0.148062770451863,0.276473275088779,0.021949502853765,1.79007821836367,0.0463722976482134,0.680244304559847,0.000109738760358337,0.0674536607380378,0.271512893545661,0.000496273516695925,0.730005341019174,0.100217382693829,1.68921997558038
625e430b7c96e4cb079d6c5def97c7ed,8,0.119597507581595,0.95438365279513,0.0818055064217421,0.0570968132638207,0.14000283651359,0.269624183881088,0.0433093007837662,0.9866599562466,0.0449414726724821,0.73527525748337,0.000117300407301429,0.0698165752036698,0.314723222469192,0.000876344676297459,0.676555151105501,0.10074632918893,1.39328260186618
8da71fe68bca5460bda3f0a029ef8396,8,0.155386000673516,0.978483944044279,0.511088839488402,0.215850691613582,0.218008737836755,0.242516986522796,0.0326325256378521,1.48996072125907,0.0300471022692154,0.759785248216433,0.000129991392059641,0.064440395086074,0.360316322940555,0.00064766978669077,0.641879361532652,0.100719184288767,1.78249610230476
d971ea03804b0434c4edda444ee2984c,8,0.148516086829057,0.959379428881572,0.585504449708439,0.320190215296071,0.153820806260322,0.21615812925545,0.0470497796166788,1.53299877770863,0.03698678693625,0.738750101203393,0.000128268244638329,0.0668411292289775,0.322663890608392,0.000601592078840458,0.716614826939733,0.0982985113950887,1.72352047874024
ccfb5c2cc5b98ac73d146a511acfaaf3,8,0.138425430057307,0.984144614793343,0.31797268980573,0.893307686453678,0.110520175265839,0.285936792178535,0.0366452586525529,1.3091179378624,0.0416586515560258,0.615256755179818,0.000117678990339242,0.066322469350988,0.317254032390185,0.000697847648635956,0.696486752539089,0.106115374542015,1.65609012357484
e762fc41e28006e1bf45f82ba7969654,8,0.161206239126543,0.835356486280924,0.533565792591731,0.790503040326347,0.250069251541696,0.363513797247494,0.0213166020741796,1.55081451266641,0.0322928717196864,0.640308950247871,0.000116680785789059,0.0629239144753252,0.31206922858074,0.000571900951996249,0.708401753661669,0.10699863979426,1.44272562710456
7d5464217f62ece7aebbbf319d3cadac,8,0.122944740768381,0.817214216776981,0.400868921035199,0.862255972733568,0.260106974326446,0.364284222303839,0.018827565985604,1.49110096680218,0.0265993700493366,0.821669848096704,0.000101128443565715,0.0664871022998269,0.349246085361761,0.0010009312905273,0.721976104506875,0.101595000785519,1.30680075647855
a552fd1be145321993c5b56245c36f37,8,0.174077269391445,0.925196441770566,0.550744125972759,0.299022286688959,0.0902770553628954,0.310606264525891,0.00628038848660915,1.2651099448326,0.0338249192028279,0.634602811445783,0.000127541729634841,0.0573274478936912,0.342324073790713,0.000780434811535104,0.676493326895362,0.109723651995106,1.3653647058479
714173a1fc8f10b43d131ef696528ff8,8,0.135412939081342,0.939547686612376,0.598070969074804,0.0252641459400062,0.121549520441746,0.344433718573335,0.0103694627170411,1.11858710975699,0.0432968379276983,0.669781181690791,0.00011794622871456,0.0619211879369267,0.395685998393844,0.000651989715538136,0.766235978920436,0.100984928412242,1.68351334167873
52605624b3820d245aa3831a650c9708,8,0.148283364050814,0.954600094969702,0.514815517796903,0.343308056768363,0.260866573130342,0.282655342485178,0.0231363318219355,0.978145123930085,0.0353064096672931,0.645774775552752,0.000117213283738506,0.0636925811144145,0.309486152021023,0.000784160008821097,0.754518067564681,0.10740783704189,1.69119726135688
0f5b5c48e1d29c1e038a7a3431b816eb,8,0.148485059334922,0.945712879868292,0.344404804581728,0.891690710338466,0.103495279507227,0.277282333929993,0.0502823531929989,1.24679154098802,0.0390877895045079,0.746594179467035,0.000131456562256958,0.0691527352141302,0.303967315757521,0.000322036278217672,0.716365782216559,0.0994298621141571,1.8816999444498
8257faa5b3ceb4ff4c08877aff888019,8,0.18115928154733,0.874356149896725,0.583133744255118,0.408198015733801,0.378092304702782,0.357275164090768,0.0106217626942247,0.879266516860059,0.0403874713077634,0.650247576543189,0.000124665497250964,0.068167339519568,0.328399981454853,0.000845913878740752,0.646191830175817,0.105663807915624,1.74415960920897
c43c153534b7583a8c93e10713aa350a,8,0.179118328084369,0.937631812685125,0.122892756975682,0.288689477275659,0.408132861617036,0.244404516387023,0.0204226583580643,1.50864334003348,0.027841743227247,0.744385636898589,0.000127247441015275,0.0691715075550483,0.334126463519644,0.000638796481513992,0.65002498641713,0.0981075217465103,1.76164287260266
939ef060d34b7da074eab99e4161b14c,8,0.195267662983707,0.941128340713942,0.51814529164179,0.491047813154609,0.140470071112606,0.401340021257385,0.0231883785814313,1.40969541760947,0.0456761148973272,0.669474963637928,0.000137206526695856,0.0662258592194215,0.425276060515435,0.000510945050383503,0.688058903043262,0.10749438678818,1.55615798848584
d557f64127e30b62cb4242802b61cf87,8,0.13992489227877,0.989465398356143,0.233232170684235,0.64764896128164,0.0870587770892478,0.28222053761144,0.0336279936192523,1.27079217817203,0.0428706721788266,0.675352340063381,0.000117197726415854,0.0681532220390049,0.272568452769076,0.000830720474946879,0.667800400619587,0.101782850773839,1.73446753527645
b5518d6e921d3a19b125c2b663ebd0e6,8,0.1364549597197,0.977466320862537,0.329399730391939,0.432460873495031,0.137316032398263,0.231565484036864,0.012456328595739,1.32582761680819,0.0429599659783924,0.645376900136615,0.00011974815983423,0.0635428251565482,0.357095461691465,0.000595466140642742,0.753495088421495,0.0925908168248342,1.55660218013571
a724bd18d585282f9ee1fdeda4e7f78a,8,0.103986965993701,0.920541519501089,0.0534513755184123,0.292627167702234,0.435114184216449,0.340130811524574,0.0543208148905369,1.46431401807894,0.0440859277595474,0.768108419125238,0.000104743519119629,0.0680833499937835,0.252784759787553,0.000936262269229665,0.692044396115661,0.102215513833622,1.27118224135538
1d338b2aa12e552a92666cc9f95775a9,8,0.102575562598473,0.952263555038032,0.319744875846344,0.545186419405935,0.0808486265546702,0.225555390548069,0.0255748067887525,1.46038341273171,0.0419245731879279,0.676566014063761,0.000111518497113615,0.0605962388290634,0.316079324164915,0.000524138830866477,0.787909691450828,0.0932091609358979,1.63058873916804
f0ea1663f246e3a482ce90629c09a3b9,8,0.164580329404404,0.972425530836677,0.558158996974648,0.230239890245358,0.335642880630684,0.246748874198607,0.0297788043375363,1.65118985101929,0.0393820740323481,0.735103600477764,0.000123578130100683,0.0682489397206654,0.31283519903451,0.00052774621455325,0.704695115886937,0.102748159566805,1.86743602343428
565cee6ad908f882f477c57c542aca9b,8,0.124914602595562,0.942768629443775,0.235603214012275,0.00533022959464985,0.118037771562272,0.29543887424299,0.0352468069843005,0.798480013882112,0.0464704222636617,0.759560295219793,0.000120685550947214,0.0684417120666382,0.315702414363944,0.000926408333137614,0.671334020525563,0.0997274787009304,1.45579062742885
9f7aacf05d039896d55198238f4c1c74,8,0.143609321934528,0.870141628893414,0.333885895221201,0.748831985567782,0.00626664930131376,0.353677095746484,0.0238525639890981,1.60343042596066,0.0388491682022683,0.722370400958351,0.000121442240832085,0.0556618177036696,0.325695078741009,0.000937901024166602,0.745515619424241,0.10181943698932,1.71061918826895
0fd7540493a1246f65c0611dc2bac37c,8,0.160760066572363,0.980464619213106,0.491264568769366,0.338852345142312,0.27058575242368,0.295919706882686,0.00770066944676717,1.24111008075527,0.0358691155795011,0.700450670442177,0.000122322588018213,0.0567769174188521,0.323859945995502,0.000959145732197151,0.813014835925854,0.104860959686201,1.66436247076565
f6fa91da3cfbbda33725257ef011f7ef,8,0.137026140925093,0.927287229389491,0.385608177504305,0.890876769019257,0.279531424741671,0.313024925897935,0.0202298172353526,1.43115625208588,0.0376374415779107,0.736843240173802,0.000115610134028744,0.0673977791305826,0.357538714783831,0.000545280401834104,0.697600023898002,0.0986085244072159,1.48119407006549
a86beaa4fa3001d53e7df15531ea1e92,8,0.115958447910936,0.972608199640425,0.476114249017883,0.545285005151318,0.155584636575697,0.253939187725224,0.0306373380823586,1.19157205512411,0.0411989369258162,0.646662121666473,0.000117613240482963,0.0620119139944208,0.338078653275038,0.000567327313309024,0.760465139307586,0.0973103142460083,1.76241403799147
47df6403cdae08fbe0964e65243fc6b6,8,0.155796407807171,0.975759912302809,0.46686856401267,0.230693355871442,0.290873200389871,0.249250898991739,0.0089419363079153,1.09099210480105,0.0326464492849938,0.688408218014957,0.000120322967836493,0.0621062615530865,0.335055648359818,0.000684212819836563,0.767412554114728,0.10468710974782,1.70174558687981
42b856ce158c4409c3214efdfd602a9f,8,0.115054546384698,0.929813050368361,0.0923565939640341,0.392504511324168,0.513233516286008,0.311060890742838,0.00180545218348997,1.07245606920544,0.0269119513208638,0.712479174757551,0.000101252335917513,0.0568183142356787,0.392952948268089,0.000973648813653237,0.771240010755781,0.109565825907518,1.50905038147796
6d9f67a7a263286426ca3a8b72cd0346,8,0.127829820473493,0.958777310282188,0.348990730381437,0.604811600656263,0.214773536600241,0.275416430565311,0.0255731119653309,1.45310566511937,0.03967359436554,0.677268924054908,0.000117633790461174,0.0625374291209534,0.3271470546331,0.000646221277537167,0.718496431788691,0.0969492819044784,1.69613173993752
7dfc1c3e7592623ac386fbabaa90c41f,8,0.106664199728746,0.905006150288159,0.533338716053552,0.462220871567324,0.0753804648644859,0.296221439271871,0.06375197026631,1.83834001913289,0.0274823760011875,0.726946101631294,0.000111694129726329,0.0589316431808964,0.295546421182246,0.000599009414276061,0.758678887949982,0.109537337750193,1.30418030959652
94f3f63827b41fa6951b37a38ec0c500,8,0.163762451520113,0.973269385082567,0.646838840865477,0.224438450246936,0.143875430932598,0.246582630579789,0.0245420269588746,1.71797200535811,0.0361791130244462,0.734741903314107,0.000126025848561149,0.0661281332648943,0.342223643799971,0.000486636774693078,0.707205165083604,0.101115532751744,1.89387068386666
77b97e0a4190b6150be9522fc373c883,8,0.149458988067157,0.963832465460584,0.200976956636436,0.744456058051208,0.0381300538545986,0.315574145805295,0.0346447489875985,1.40506700758475,0.0428369064366194,0.688947085842449,0.000120101373284087,0.0691621997084734,0.301346490207848,0.000703020057553764,0.692664879116055,0.102249327787978,1.69887313905734
8a46ea1082f35900cfcb8f27b913b568,8,0.153921102000832,0.930850227294172,0.575456098871271,0.344621977486568,0.137826050289353,0.35142293400757,0.00606752462670105,1.37607148685869,0.0404654535385572,0.676076647701434,0.000122350509185862,0.0606784292295225,0.390080080196768,0.000620385702356069,0.733929873804829,0.0999833079264363,1.56971983034503
c68c7cef2ff742103a709f06b07503eb,8,0.120495878044997,0.955687999784985,0.308328347263338,0.431762410416389,0.149627989663138,0.249529076561333,0.0213523857257741,1.3867064795433,0.0405953029300032,0.671635775143573,0.000115397774823226,0.0624056832500405,0.339956997284495,0.00064562875032613,0.739172055325175,0.0949046376454246,1.64395804006451
5130e5c0865e48d5248c418d6d89e291,8,0.12517561834081,0.896629832841496,0.215083047886732,0.532602625854707,0.631961279437247,0.294964129510062,0.0103305358162282,1.08253183219068,0.0406421603376535,0.605404981268173,0.000103494750110186,0.0637188232839071,0.354023666678548,0.000617575576112524,0.824157519080423,0.10452491497773,1.53945725255352
c56e55fa618771cd4a718774c6d0d5da,8,0.123834123672143,0.960995462603433,0.266664226770775,0.423185271640456,0.208783322056799,0.218643310947489,0.0285521449819966,1.50844743690213,0.0404032378731772,0.633932851208317,0.000113327119048535,0.0655037569415401,0.332628281555833,0.000593738889399504,0.729593529952289,0.0962415711861418,1.66675164017239
b44195febde54d82f292171b58f952ff,8,0.152531227905114,0.964496404626713,0.496018330047501,0.320436054862251,0.316214802272582,0.246691880271522,0.0131361210518438,1.30810683735015,0.0354572335009791,0.690712849574086,0.000115578412532452,0.0634623252741258,0.319221576993548,0.000804641988232587,0.785259882497908,0.103628796270513,1.68319061203354
bdadcade5b94aad3a3ef915af1f0ef76,8,0.157800889288149,0.956276698712222,0.34447739286058,0.537516889941219,0.0446389895657703,0.266028945633806,0.0280307455365069,1.03662006024474,0.0366676624996209,0.624400447532018,0.000123742179927508,0.0684485439608905,0.322052186800963,0.000464485116047389,0.679077902929015,0.108568153424023,1.80141220019278
08dad0f1bc15cc3baa7fc073a046a912,8,0.118596064672563,0.974549178506279,0.328060879007473,0.401215914825978,0.34003403161972,0.336881678064926,0.0756961666543971,0.994912965573956,0.0422339571727232,0.600640175661037,0.000118969210956362,0.0670634383059695,0.277763632347787,0.00082819468010497,0.643811904156614,0.11004427337551,1.51851933933333
b179a9940b5ee2fd4ef3b115dc70027f,8,0.166910990066093,0.896175166119886,0.52564445227012,0.736755127558442,0.0615644285558084,0.286848157441093,0.027502561400941,1.10582101209554,0.0411232605248699,0.675210868779385,0.000123777089979539,0.0658142228362741,0.342835933516058,0.000777393375398202,0.70397177799868,0.108744898732563,1.58942482324552
6f4511df98181e4f6a960a517bca01b3,8,0.182163199882793,0.882509622317892,0.329730641044445,0.650723389398138,0.232940073583684,0.278038609641666,0.00421969822390823,1.58397940826657,0.0339487800021692,0.691970675885697,0.000121066447266458,0.0648100769984672,0.391268401674407,0.000569177768982773,0.689288498524701,0.105920093003884,1.81620029648857
75e598e35d6c4b87b7c6757a29624baf,8,0.146994629952107,0.993746815803702,0.491801931036533,0.474665010774018,0.169483920929931,0.323420794451276,0.0240963970517588,1.57816915830908,0.0398504609886136,0.646353196166001,0.000125319672940868,0.0590383656109676,0.352675460024916,0.000291496256168816,0.648032582289347,0.107792729833617,1.76042350720144
9c52268156f716a9647f9e9c9386c1e2,8,0.156498725849903,0.941704437019595,0.222433285927689,0.738119209563664,0.137241827491437,0.309318241864616,0.0449366215186869,1.65802647888534,0.0305056152705751,0.630485184351573,0.00011923365499582,0.0691714372988413,0.340556960238865,0.000687167330570895,0.668411845358138,0.108152665018439,1.60519168046061
6a0205dfdab855703d34c683163be7ab,8,0.121263475943538,0.925377253930029,0.318124575706761,0.717782959871672,0.301515084149747,0.306086379221279,0.0454130445457224,0.765701953106516,0.0260452729762999,0.751267646102,0.000120676500471989,0.0654919792214553,0.354000096868921,0.000849038781285253,0.7003896271288,0.105101908539463,1.79237621501813
4910cb7c8fdc19786d65158e2feae5b2,8,0.112272402424725,0.888162490864926,0.294177719646102,0.712062047879423,0.446435807961524,0.258654856069608,0.0290727808149437,1.00496602113853,0.0392419457255628,0.714418184019364,0.000101997848341515,0.0651336066845092,0.312150539103281,0.00100132321972144,0.767006700695653,0.106467887051033,1.4326673937711
853a566d3ed3a1d14662752cbdd656f5,8,0.167641626251034,0.905589649778029,0.132240763623951,0.72965591221658,0.271311589388767,0.362159963863806,0.0561995318227583,1.53432615851514,0.0298445047519257,0.734242841601982,0.000126864731657436,0.0686759951232123,0.333736809477366,0.000772759164541338,0.67456404567262,0.108362031906104,1.76775701495406
43df2392a2ac825a12330dec90ce6923,8,0.153477577255144,0.893887602448873,0.38521893497004,0.915963545604163,0.0710017683577491,0.2909160357672,0.00844828475690093,1.07662348262959,0.03834386779136,0.672176873861898,0.000116211545193351,0.0620974959838976,0.35585031948335,0.000915418126013228,0.755842326708608,0.105659146257711,1.52912996914391
82b1ab6503204dc40c8debe0654609a7,8,0.157936428189336,0.986316089207545,0.260839506007641,0.137526351664608,0.171557588693199,0.313251366930675,0.0489323727259244,0.87771959431062,0.0461759288907838,0.67154782272859,0.000132379668751859,0.0672835509956788,0.309587579392347,0.000871631970363995,0.681336026095367,0.10571106850552,1.76471675808393
e47b950f425dcbc7757f773e5e9db9d7,8,0.118303334079454,0.967654909013483,0.26420939074078,0.635809397190498,0.276278879154855,0.293201825587532,0.0490703272460037,0.802124138961154,0.0258964625145479,0.738650901643351,0.000121214605407252,0.0656239719679397,0.328115360501189,0.000849909544458748,0.717454018229116,0.102553392312464,1.80247604319966
32c12c4d3ea094feeccc24cf3e5d5442,8,0.123124211220407,0.940378709096789,0.128283815050077,0.266288235666089,0.257428850247092,0.280043955272604,0.0358578821484555,0.994783034202869,0.0286274102529604,0.645436403155636,0.000115306211053002,0.0582975366307431,0.32150928004076,0.000933245289892931,0.777225401671141,0.106813464557752,1.70535548271155
9b3c3f2466acf46164c34addf6592b5d,8,0.159791032709118,0.98497967715249,0.239492040096847,0.601786028542792,0.196662179556633,0.280892738265087,0.0514113921844925,1.60895544876422,0.0358940282530959,0.719374109340439,0.00013549741772402,0.0619872110908001,0.333934964811856,0.000717915237500832,0.674133768473374,0.102885792755418,1.70279428545784
dbd65cd6b02189f5f4925c21bf1b3b60,8,0.1570229746797,0.914245891195678,0.364964669704785,0.397142603630138,0.149871319541602,0.270409109434366,0.00173160643053709,1.27916251584964,0.0334733100262121,0.650180261861841,0.000110360959371657,0.0638887316467151,0.360784700510256,0.000809821307029017,0.766909846431254,0.106823533613572,1.20820828811123
9ceb85c837477b0af725a1f3cc4911c6,8,0.122286302167852,0.92467313410124,0.394872261393833,0.0387304105484834,0.219672609251563,0.326437297609653,0.0199151556829315,1.53121062464898,0.026704155204667,0.629682941884815,0.000108229322415195,0.0571150964554371,0.332729081940499,0.000651786989658561,0.705977268862392,0.108103670479214,1.72971758448598
be0bc3af39d517d816f81af4bc42f5ba,8,0.167531663484509,0.900405328879691,0.4695090239348,0.917895770960226,0.0636170688386376,0.285610376572042,0.00914367990252948,1.23091530854954,0.0407099660748996,0.698865544804718,0.000120068303496778,0.063187307529674,0.363793601767516,0.000856770280706413,0.742244007469091,0.106480361197785,1.62876566502765
adaf9b9e5eccb1acade4cbdf6997561f,8,0.103446926588877,0.886987947825106,0.491625597379257,0.885346331989433,0.489328080029357,0.286755590529739,0.0227290125388639,1.5261472475474,0.0300028262935213,0.628372479548607,0.000104827715834842,0.0561635596686165,0.302831008076726,0.000781418164009354,0.628744504842291,0.099688325647612,1.39990145327066
4d883b10845223a4605c2713bb76748a,8,0.136080130637604,0.968554923191014,0.22970087759961,0.33475706572668,0.186865690952512,0.300053204880577,0.0563871946758486,0.693145556896439,0.0416488851168653,0.657993817950426,0.000126455728490376,0.0665974512238984,0.30693038839731,0.000823899456009799,0.72265467054009,0.108419131689295,1.5875098179643
471d62d261ca48c68b9a511b29aba43c,8,0.13009623061232,0.882516134166499,0.635908550792704,0.689870495369156,0.523879420648442,0.363423700261989,0.0382886664179981,0.975731410960891,0.0464609944310145,0.671161077885218,0.000110164256694564,0.0688819881588061,0.284141521686414,0.000430862763868985,0.704250514890084,0.110720439047017,1.53932801957841
aeeebb34f2ab11b9d9a079475e4747b2,8,0.160714372793797,0.950600532902741,0.167852536159006,0.566160890981354,0.0217784964156216,0.240698040836105,0.0375314462891202,0.870550529522059,0.0317328726563757,0.628053226684198,0.0001254791218394,0.0695878930601867,0.326634209118289,0.000744575748075682,0.698820647679378,0.109129409945035,1.71580173235416
b807df19c02bd7d0295799e91128cda9,8,0.106908672488827,0.91183690748221,0.501066263880534,0.0954044752866678,0.0559656817836451,0.345422008117006,0.0637811818828993,1.44973849811347,0.0319391728783278,0.638455707683475,0.000106902479591647,0.0695941537869291,0.262379245334533,0.000781507222991945,0.721050843158408,0.100226692772995,1.34168749579178
6e6a42d39734c840bf5d4c6202fb4df5,8,0.138174683850766,0.938657324250252,0.214740615360225,0.195699957354602,0.0490141846853714,0.243624100242708,0.0341014345476429,1.26339676024065,0.0280198730918288,0.671832253905474,0.000129682860457882,0.0601955381285212,0.373531314665971,0.000262298531815096,0.683801480204012,0.105794198635302,1.80973307255961
2b1ef022d5058e140db4c5ee01405599,8,0.104076544614066,0.893946734033565,0.539403567123493,0.467056315299169,0.738266815650048,0.387818808241796,0.040960455501783,1.23359595629879,0.0389455300437127,0.720899760578764,0.000105232180620699,0.0653189742420764,0.293838418465664,0.000440955674663089,0.66300791615752,0.108252434752508,1.64020134628249
70bf7b5e56ba6fc3df87f06e434987f4,8,0.109288760275219,0.90213295104258,0.0625306899554292,0.513683873648303,0.331765031673442,0.362035653917865,0.0773007871344417,1.62651702006368,0.0373371114172568,0.60106115488371,0.000111029573147111,0.068261427151451,0.314480471071715,0.000762745971304268,0.777220842302926,0.10405620788434,1.5799659136344
ab834d0341383dd5f5ca3c4bcced3814,8,0.164931316105717,0.990203563109713,0.615181089085958,0.324962445115525,0.25314667054172,0.356334519412293,0.00180848687381474,1.80552588012473,0.0426843208229711,0.700892623857756,0.00011985719463674,0.0621342189856134,0.326112802315815,0.000692301850109508,0.687281876572563,0.102955278879062,1.82806852885166
ad973597676dfbe0b798078dc8a7afb3,8,0.148153129937097,0.971548657190208,0.462179978599411,0.54180468681079,0.197450161664457,0.375936243483999,0.00670736524937832,1.66553129871717,0.0438087651670045,0.698435555878286,0.000115663402249047,0.0605994939282399,0.310400052082078,0.000793320649450322,0.708256649069461,0.10251376310809,1.71359713474946
2e9db83de3c259e9c9c57907f752cb8f,8,0.108321034642747,0.951442367335788,0.184256618915169,0.0250665434705037,0.188276966903593,0.244075450512527,0.0200273810017102,0.993590328797985,0.0273341778793776,0.615965298415751,0.000110759513876996,0.0563184307868209,0.328360507266273,0.000467950050904843,0.750202251129592,0.109573528901219,1.69438622870344
5a629f3d6898d86e3ff8ff6419df3a7d,8,0.131563192764616,0.917470186509373,0.179807572582521,0.233752165306302,0.0268605957203214,0.249066394457943,0.0374001544188524,1.57731808774639,0.0287170021297421,0.674062141391608,0.000125052457900905,0.0589484618773246,0.360337816395201,0.000232834518826291,0.689992189311499,0.107368119650349,1.74742598285132
adade7a245a5268d7a5fb43d714165dd,8,0.121855883239071,0.879222717979533,0.19556623479933,0.911616038553021,0.0876173422757499,0.302853768956306,0.0068836456792367,0.729466874309689,0.033020146653396,0.612127364240552,0.00010753383901064,0.0596454200059008,0.337977934343978,0.00104737577795356,0.78643854499752,0.103811412642544,1.3049496534055
55bbc26e04848523896ecee233157093,8,0.124041023567226,0.936343001529747,0.184164693668683,0.506612102251426,0.116936601337432,0.294295267768391,0.0274030860869159,1.44026845311492,0.0375213336329907,0.692518601358691,0.00011034598126954,0.064715479191433,0.304809713494396,0.000592327817376242,0.702380049399486,0.105801499707984,1.45421351438661
4ffed7d45ea2b3db73c352d84f558ce9,8,0.141975755247393,0.930099856042637,0.256441224779131,0.262769763343572,0.127797814147569,0.261022215654908,0.0600427995943673,0.822094551238976,0.0325131897510161,0.726059870521766,0.000127617346259822,0.0687595553926033,0.267095437048709,0.000788098502624719,0.689155897015286,0.104265157252951,1.78643430343193
1bd530fa389d979d08313072449fd1fd,8,0.107262276066381,0.87280583932347,0.529326909736792,0.77961418657218,0.415640917633633,0.286244295957497,0.0174252288569473,1.48148437018551,0.030419230070464,0.624684282040706,0.00010557537709317,0.0547310269305311,0.30231445100449,0.000652268953326463,0.663737824394661,0.101544686769952,1.45413464739407
18fe5668d75f3df9ceae37baf518ac08,8,0.115869538756898,0.961092480902676,0.453780168301975,0.353218949188047,0.377263884882154,0.233127724287836,0.03473712215529,1.28480375888314,0.0397139716365181,0.605152850940412,0.00011106862121468,0.0651697801416687,0.282023514326183,0.000930639925708309,0.703983147018128,0.0924223605023101,1.64921827309554
4b5e728cd46aa79faa6c211be3b4bd77,8,0.197133677521063,0.914133566072967,0.647048591855167,0.921965602408424,0.0480627328787726,0.274435107301239,0.0106083853644068,1.55589899813759,0.0456936607426365,0.755079687721783,0.00012819176393173,0.0654827692301909,0.380524476321342,0.000733240773938594,0.713601971947734,0.108210079927723,1.83862756710774
be084ba45492adcb4bb52388dee12e3a,8,0.141868751097161,0.89541065298699,0.198079043733954,0.714794960767839,0.267968827946524,0.401082875757709,0.0592815737969973,1.66323629846852,0.0383072802924607,0.697939885250864,0.000119928468233477,0.0684464087246143,0.331108294398852,0.000719571639989286,0.651648176081181,0.106310931206875,1.74238011888013
b360f99bf1082350a76879b56ddb51a1,8,0.165781406408196,0.961951447862033,0.365171906149122,0.52878341898209,0.117985463147541,0.288693834255615,0.0379656345171284,1.43976353919923,0.0348314764743434,0.606636370501088,0.000125595061432725,0.0691859573570225,0.334063426021857,0.000532268049131279,0.662085431568258,0.107392145416658,1.67927113509829
397d0defe4cb3ddf49cec8527f887027,8,0.11663920977275,0.878753721170149,0.555129725751883,0.522568446471578,0.669415436854475,0.361682757306132,0.04173512202745,1.11997258370678,0.0425022063868415,0.692584211934293,0.000109505351472143,0.0662726923027075,0.281040071641403,0.00029832114900784,0.651134484246942,0.1104432823003,1.63576032587245
f01be8bace964419775f691a2b4e3c7f,8,0.120362041661249,0.878529933647892,0.186606844808483,0.911410657816948,0.088402279197392,0.303417719836792,0.00680973050861643,0.713066836561542,0.0327686485527383,0.609290563209128,0.000107123895182543,0.0595295813969367,0.337133624358483,0.00105360959410775,0.787883942039844,0.103724123792754,1.29435914309289
5d924b4683177e6a2a3954b1b2db8019,8,0.15567267126581,0.903760559638645,0.514696238058346,0.74108822724553,0.149583231033741,0.338797304046767,0.0430189412156066,1.31536520899612,0.042073253027447,0.714226382008619,0.000119306618701475,0.0674829139720273,0.318194666576252,0.000910001090232934,0.732584512246301,0.107679580618662,1.65976988121283
c2c845ec9653fb01192ed8e57e5f656c,8,0.106401768654582,0.913091866929716,0.512914647969245,0.0646585218090707,0.0547435168829305,0.347004670014638,0.065927785218763,1.47749523956867,0.0319079194135352,0.639554608885909,0.000106894136966796,0.069973372573624,0.259562606552961,0.000771254792284216,0.718532666957095,0.100094914541743,1.34347076087164
5594a8e6ae34d480df1e0eb3aaf49c43,8,0.156428753068734,0.814406427495072,0.439013846523008,0.750228498885834,0.206918118773307,0.387267089926903,0.0158576297156239,1.24230086092125,0.0309923914068446,0.650553119479522,0.000112645287270579,0.0629526940024843,0.351228713101869,0.0010191596188466,0.698895736112888,0.10689159422515,1.38106089189832
4d5dbd5f8b4a08abe9670a58aefd0453,8,0.169336436036506,0.902800960052066,0.308916535075222,0.846423286889872,0.139891726839176,0.358845906525763,0.0548677420916504,1.84533718811521,0.0325965278578594,0.74999828149564,0.000128381611398809,0.0687398984200361,0.357659190530233,0.000781058467439276,0.695319160050096,0.105350797854147,1.84145189749561
eecc8b52a86dd6caee07c0e35f9e4d45,8,0.165902699125267,0.999533457802817,0.645915217508877,0.316096543082152,0.265832000738714,0.366888753189536,0.00181793011268272,1.87017918814809,0.0438157109588887,0.707121632529795,0.000121023618946117,0.0619187118754912,0.321854046737704,0.00067786691378483,0.677501158513588,0.102480140444593,1.90420607526166
93f9b2810890d1a4d65256ba77829a71,8,0.13017379083352,0.992106027036065,0.429108234098108,0.138350363697451,0.309326786390431,0.328156653129444,0.0363641110553576,1.51918533682232,0.0402032150006838,0.645285252904928,0.000124074760881204,0.0602323731727561,0.331552363863114,0.00015597700095261,0.623029255317898,0.10688296494322,1.69252129519649
4ccff6c04de076024f2b58800f0c8508,8,0.12346115961745,0.957596210069001,0.341877482140045,0.458451707993918,0.136845981495759,0.310271217700717,0.023423119033964,1.10434669754538,0.0395432139258329,0.690953129500704,0.000109778036490544,0.065290382458339,0.294888633854255,0.000670708270579513,0.720948444599406,0.105754563170179,1.51306654062918
f762ba2273e62c41f1697ed131a1f5be,8,0.153453522275616,0.999142466357088,0.286848462112155,0.473506189993213,0.0797481069918548,0.250751405502797,0.0262687577065832,1.24549256173346,0.0319797983561484,0.709099632881388,0.000125866023552793,0.0678402776501605,0.337474001460859,0.000535610421703864,0.647884177713803,0.103925733265077,1.68694751231552
d6f82500cdeb453e1951ff694e485c81,8,0.181609522077484,0.927142773436394,0.00795666706672987,0.587539016440387,0.413741306404393,0.33748618707503,0.0190600024593674,1.72327516675172,0.0267556930073999,0.615569766254097,0.000119142111619572,0.0645286585679754,0.318542985176943,0.000830266454626932,0.712528255034527,0.105039928694349,1.6958367486182
950d7bd895a5a5810be57b9e340c2cea,8,0.145198472062674,0.992141511755688,0.338756836419186,0.926772569955423,0.250511446882396,0.342355178635596,0.021394488065446,0.87882642731872,0.0351455221702261,0.729655694895676,0.000120915602362912,0.0645287454435988,0.325637722461638,0.000914842576136035,0.68372278845924,0.10407493558438,1.84872607023221
f2fb115a90dacc0f527e2326a31973c5,8,0.141868569866873,0.898399416407282,0.22282230342672,0.4974342980247,0.361959177471363,0.311052007489994,0.015627281064991,1.46795056866211,0.0430447405198658,0.676621779079547,0.000114756062638214,0.0635227041588693,0.384053218882641,0.000763258251927323,0.641058093742708,0.101962174045673,1.65647237523958
bdbabbc04b4c0e50386182a24b367559,8,0.173356484237879,0.924289776299628,0.179646022804294,0.51408665299671,0.341099118202818,0.420812393564087,0.0124017845102928,1.6529923023439,0.0309655961669576,0.654813957353895,0.000120166489123821,0.0655737301609354,0.353008929340942,0.000863968590840901,0.728050627227326,0.098194017767217,1.78171722528844
60eec836d8337bdc31f023d0cf797cd6,8,0.147864094817416,0.912061428739025,0.634853355242047,0.38933400790986,0.365579179023345,0.269552077130946,0.00919088079650698,1.68454021670308,0.0348515172823374,0.629364617241449,0.000109975477165493,0.0681362506388936,0.344417788315767,0.000641456455660764,0.706403828171763,0.0962366768934493,1.39289561158629
bf54db9f2f6518a330ceefb2adf5fd3c,8,0.14348620352148,0.970902326639073,0.00299358159047591,0.47777872363197,0.595002719560308,0.393070667087426,0.0316410035331525,1.31374118868427,0.0433472863670205,0.614705972825928,0.000111784081557687,0.0683389889021709,0.299224807623266,0.00087331728216236,0.709513029030413,0.103752853562727,1.74675320695577
3f913754af757c5561f9484288ef8613,8,0.107177757472124,0.854129158159281,0.175139180451751,0.584000943556736,0.324583339629015,0.270151507851419,0.00455939985894647,1.10107213160212,0.0345708463533989,0.650241014111437,0.000101936255388164,0.0581528778085438,0.30400346539997,0.000531425244756563,0.673518224770666,0.105924878467722,1.27489325931719
9d9493092b2785c31786c778ba5a8a03,8,0.160781844182283,0.944109719770684,0.384401382729114,0.83139762414469,0.100343885240027,0.360355022534076,0.0329855613639705,1.4171623247923,0.0276264690889242,0.680424912892942,0.000119710692233114,0.0638568720291182,0.369006113308493,0.00108734063311612,0.772369279555368,0.105491513387122,1.41523209647714
9b0b1f2ceb97543350e76906849f2099,8,0.15048368517068,0.861372942068489,0.443964769634034,0.309960920270597,0.206532447501512,0.285909044516345,0.0140653066443216,1.38825848841877,0.0311243584668014,0.689070455223003,0.000112683387416435,0.0630963009687027,0.346827111279097,0.000863279169653154,0.675847185167039,0.107604774128661,1.3927683586535
d59d19285b32ed321bb003a4fb6f0d75,8,0.144207017745582,0.991068305299455,0.471466617068396,0.801917434204946,0.24073260925789,0.315384486987241,0.0410816191932383,1.17184355065871,0.0342450478474329,0.703969851414116,0.000127368450169777,0.0679665234976527,0.281071806512529,0.00080298588013564,0.63377146499595,0.0937362400146139,1.78603798696797
d8ced8dbe96e6634838838fe102dc74d,8,0.149093329235137,0.912883909518903,0.501287444224848,0.676627718200505,0.40354253044969,0.314696288844411,0.0177486803203567,1.4630023923611,0.0361951005090654,0.729223837583977,0.000110474546621522,0.0682389623571486,0.336809157434507,0.000728840977497063,0.719801201082801,0.104950575853396,1.46460044095142
dbbd1e3a57fb5f6943cdeb8a88015cd3,8,0.125125324830205,0.969362425423523,0.471217509666545,0.124354325283327,0.215901012276342,0.325246444959472,0.0138365085471289,1.12959990765069,0.0419563816291198,0.619949577706357,0.000119448273641704,0.05822089639584,0.309623301609133,0.000507406149289704,0.63864006048295,0.101035593095954,1.86141858623193
d5aaf18f121b2a958a3fb69312504283,8,0.140258428301728,0.956010536314204,0.285757953874227,0.626307619694319,0.523107433902609,0.327045735676175,0.0298854940103583,1.79503065832319,0.0385852126636336,0.619506419581047,0.000114164621885639,0.0632046593785327,0.351672488764324,0.000506196886901186,0.715716569075736,0.106722638250545,1.55054765147329
4e9a0fb52757d4d1137856626282b5bd,8,0.179379556707987,0.968701494701996,0.430636630044395,0.683010608163112,0.142830043223765,0.37144549975399,0.0179338927567789,1.76264621647251,0.0353417381940173,0.628509941130837,0.000133124077100097,0.068651892698566,0.349430594722757,0.000344784542171099,0.749331109758925,0.0908066081828155,1.87631558151578
2fdf0a9f6c9a65e4117d055ab876bf0b,8,0.111995384781223,0.944914930061408,0.420564494010571,0.417728822360807,0.00598295718152872,0.315940233613692,0.0364796073882943,0.946278715670998,0.0392536906984371,0.67750417504588,0.000120909716801019,0.0583285979821914,0.317651038432425,0.000654991229058089,0.678036911447599,0.10435353824083,1.73474944653592
90e4a91ae775940cfa9cfa4c434ba631,8,0.122172452167855,0.862897487517012,0.177712093046368,0.322517208967353,0.343203529312444,0.254343779191827,0.00911168165800471,0.849729081489032,0.0402330660306394,0.740472177999073,0.000109089263313252,0.0683101475933024,0.352364800731271,0.000847419137275796,0.632860702535296,0.0975356416674549,1.39468342741101
c73fa0306b3516ccb28f0a1381621518,8,0.14818159443629,0.901617877059311,0.330027641076218,0.458003643650478,0.282419254336135,0.383613565649253,0.0214361730485169,1.64595789225799,0.0387341559921343,0.677536368864821,0.000112217548880321,0.0657278900747618,0.320311590937702,0.000746928502912823,0.736390467281617,0.102706100631082,1.5950437000901
fdb018c16e38845019a78a865fbbb538,8,0.136273502659629,0.827744551527864,0.418082628654988,0.247279315587178,0.0879621140770234,0.365900510403102,0.00389071488601487,0.913124583173942,0.0456081558959185,0.709715137920534,0.000108719805264565,0.0684662945337716,0.344544228221642,0.000675855053936373,0.678353247034562,0.103449004334067,1.49968178195566
84799fa8e632a11c5088a27af6366eb2,8,0.124391840436468,0.93127312520932,0.0999152377914501,0.507467940690631,0.282177570813579,0.32887554368813,0.040728222106599,0.910160691321251,0.0416695927945705,0.664915940174972,0.000116790609472709,0.0651189257832095,0.350207314483074,0.00101271875224808,0.713184660322507,0.104296997562538,1.62377395702593
a5f56b0218811e4ad6297285cd240c6b,8,0.101380560439906,0.843868410228073,0.162455170305885,0.566306361655862,0.326689376568406,0.261137003796195,0.00371492812516201,1.04242566971147,0.0345677070339671,0.651928222301912,9.98613040833371e-05,0.0574174439274582,0.302179649643373,0.000545346804336181,0.665508886783639,0.106876519915327,1.22940961121323
671a203a19944ff89f7ff6bea63310ee,8,0.118024512380259,0.894188024475847,0.2768209293184,0.771952138800896,0.223388317121748,0.280678686194813,0.00223290537196138,1.37668047341914,0.0325926092808581,0.639747002524552,0.000106255821285791,0.0575667618518574,0.313808669540898,0.000481771497910448,0.711454636663985,0.100755716481633,1.34060984500308
ba4ab5dfbe4c32025fd939d29396efec,8,0.119937329496534,0.905167920666451,0.285792411532118,0.592289543667207,0.607362747754241,0.303781666416607,0.0196761927944197,0.913909609262602,0.0331232410754131,0.740081347788472,0.000105343314429561,0.0665362595850814,0.330499711345208,0.00100494403866806,0.693055585516546,0.10312496050289,1.52090062452931
38b1a7613e2d398b29131291a5ab8b83,8,0.124383420500867,0.975810037274948,0.610343643722017,0.741009925874363,0.0747373325052159,0.271545666584939,0.0168937450237807,1.09236701708181,0.0413617618344464,0.657266492063746,0.000117853866744807,0.0598667242298981,0.325319363278524,0.000593217577173325,0.671183357326474,0.101228755847612,1.42541251454687
60d1c47532d4a788f7e95fad78f8d4db,8,0.155971067101897,0.967209010639141,0.528669968214336,0.178420396291801,0.216659901024057,0.398384916514595,0.0502256671918081,1.63954365398363,0.0372406046413982,0.676852557812009,0.000127367586848915,0.0674061544151422,0.354681188066183,0.00057607209831091,0.695666805876734,0.107070195167293,1.79294410099361
60f4d75df1f7ef7a1789da60d2d76204,8,0.140176472479305,0.910093166790098,0.433484170429795,0.538306819984318,0.267912522174513,0.263109207867918,0.014878634266982,1.36935342653438,0.0295035141242973,0.688591186147208,0.000108328570398907,0.0640743314043507,0.334693020552345,0.000783761545383281,0.70169850476184,0.108163500367555,1.36353322924444
2e4492a48984b24718e10718e4763a0e,8,0.120946472525257,0.87849909309709,0.205264518690023,0.626026711324065,0.319581366718886,0.291561533591769,0.00656507443034429,1.24036124290177,0.0345783024385512,0.646233786363119,0.000106864397920929,0.0598995804810267,0.308335144886183,0.000498360647179203,0.69254091658099,0.103664668947155,1.38291984299894
41a346cf61d0f4436eed72769256aacd,8,0.135465963174815,0.912873031770953,0.177844270176223,0.546502089146667,0.252575503349354,0.281920202645688,0.0196715123147497,1.21019577732793,0.0392130806236586,0.701657283275797,0.000119272896524266,0.0607647054859934,0.346199372379899,0.000876144230061032,0.636898411626316,0.0995236640005361,1.76348830197596
b0b6fd9cacb9f209ce0461e3f73740de,8,0.134826053028507,0.9196431689961,0.483686127037549,0.357083735963169,0.49386798093411,0.37319108437178,0.035654943011393,1.82421382206243,0.0386924442482157,0.637670495842742,0.000106682130982266,0.0680634836517177,0.309485607704179,0.00078250684488281,0.712935375928455,0.105120242642975,1.57459426338222
f90fad6ca075502b408232dbac6a0857,8,0.13806602361062,0.969481834422621,0.110033694184651,0.486480074355176,0.460611340198241,0.361407118260728,0.0215789475788426,1.69995543761001,0.0435944035140693,0.694392656422655,0.000112287798053769,0.0637887526288891,0.350030884931735,0.00075117146244485,0.688234294582619,0.105010448649009,1.6209848261525
fd70b267253fca93c853a78ed88f55bc,8,0.14940520418456,0.92722265298066,0.292448539536238,0.4033723632293,0.320811155789149,0.361484502539446,0.0419511673143924,1.49946826699161,0.0334941034849993,0.655994022972544,0.000115812750178714,0.0667175307454406,0.343224991429523,0.000919951047113298,0.656382353001381,0.11044031866895,1.56264211059898
8be12ad7f364657cd5b7d6be8cfb9b58,8,0.151833214026902,0.92804004573816,0.229152195827878,0.437185535614788,0.457891400376744,0.371632750380834,0.0246263815523928,0.942478006369948,0.0412503842371203,0.658420179277537,0.000117598207459603,0.0680104379800373,0.343877295930452,0.00102872280012366,0.70031576103322,0.103969048760492,1.7640951757731
c38c18a4a4f0348e6e175828c0129735,8,0.109061318669311,0.944956720890187,0.319587042076704,0.446630649933052,0.113587113625773,0.338463633545292,0.0476431676503963,1.10146314743639,0.0363771764120948,0.604638715108231,0.000117889123159156,0.0595642324812554,0.270453607366665,0.000639733715525488,0.64489450748016,0.10264722839825,1.57004457228194
09864f6a1faaed359cef1dd07b002431,8,0.111693216158294,0.943368930553816,0.589979889294655,0.669486662706317,0.065897188620355,0.271113336854221,0.0423857690134003,1.58354046245141,0.0410426144094178,0.662448152551846,0.000116719229521717,0.0649977154812902,0.314789611137043,0.000266081148349841,0.795181614248248,0.0952699416575141,1.53454639387555
b7d99acedeccc4c315ef509911badb8d,8,0.151389958069332,0.981763940129957,0.446033629507257,0.800284668299789,0.280267411822395,0.292266465883413,0.0404025311500101,1.0865505899081,0.0303536053473748,0.710926338309206,0.000120715109488859,0.0679967801007634,0.306706993675769,0.000915000123521411,0.710291752830825,0.103864948359958,1.69041632009728
fcb8b48feec066d103f9573f4a5d77a2,8,0.110595143498569,0.814729122868531,0.0980640568027213,0.266305951739796,0.147323399487376,0.274818287032864,0.0323567529153544,1.19712448251666,0.0423082700001161,0.801056965247478,0.000110030901718921,0.0668035577648097,0.364370655356896,0.000704370753752983,0.645563051185791,0.103510233002795,1.46518204617049
c1796a9862790208b4e8402f6995abdd,8,0.133652613364617,0.941097673494601,0.154859607022952,0.599816785424303,0.410115198458286,0.372056479060851,0.0342472728658086,1.56856794544914,0.0394860382444184,0.719096417498821,0.000111394218890819,0.0657919788211195,0.321466609157093,0.000766082993821226,0.684709065664362,0.106646792375402,1.60568788386315
593abfa40dca8f8c10f884349540d302,8,0.126286323454177,0.94265164829325,0.567118747853617,0.419096095070958,0.639139522612883,0.311702861155301,0.0218672770445126,1.59540016950347,0.0412351181147035,0.702090438575491,0.000104411821750201,0.0677197158895184,0.355490868211421,0.000736354202834192,0.702734538134853,0.104841822542623,1.43879794581729
bf4edaccd845a756897bb2f81889a8a2,8,0.134394477205042,0.923962041291879,0.584401663782333,0.667131760297109,0.455947019630415,0.242121411566907,0.0102458876823428,1.74872396068566,0.0423878018123372,0.678984864742265,0.000101101251939077,0.0691841291509219,0.352021451241983,0.00068943425704677,0.694754649248246,0.10197335763951,1.1614766685715
68ba2e602528d9909ff9a0b208ec4a79,8,0.191832862521147,0.964943266178666,0.268213957376363,0.91475102786834,0.32255762036264,0.373232397256162,0.00598109637895317,1.67504451469145,0.0307293897374009,0.617511957343828,0.000129081279683297,0.069888442160628,0.324562882857744,0.000308298191852558,0.753063500878429,0.0917890681230345,1.84181731905552
a417d24fd965d854874824701c430a99,8,0.133067093829904,0.920846371855028,0.513605408954064,0.300967557205266,0.19851325547306,0.309028901426521,0.0413296202847608,1.27253656522209,0.0377654822537763,0.672397704904313,0.000120122573672838,0.0666699510121074,0.347785909344993,0.00066912393936577,0.737719242930706,0.10004602848155,1.58587683814255
71eb2c6c9a1600392c026b623b4f014a,8,0.151257626345657,0.886359725576379,0.311373049883831,0.445085020292805,0.320170288488282,0.377168594193571,0.0256693569783642,1.52306461892818,0.0392397487790686,0.710644422349451,0.000115579665066913,0.0676262281730785,0.330977163018092,0.000635467444607899,0.735145694824535,0.103534391302273,1.72466101413451
d6fa1ceefaba2a6c0b55da54dbd9e4e0,8,0.131044748001178,0.914458946888476,0.320044424065314,0.230227045864919,0.362120313192821,0.324561629398889,0.0228298295184699,1.12584175843177,0.0339568030043581,0.689137959533763,0.000115042414080822,0.0639373164211489,0.316284738088967,0.000787602094789008,0.649643862618156,0.101860889630145,1.46279322236468
695c908bde3a4643576ad5c458b0a4ba,8,0.155271185833951,0.98099911339352,0.287271399545264,0.23840777825993,0.716104082071142,0.310891815328472,0.012418077941956,1.3305490991564,0.0316806809767476,0.67589006803896,0.000108474206706719,0.0697628316037719,0.33187837388352,0.000954455655326789,0.765877254901491,0.102473329714877,1.59409518897152
1f7a1a598eab740ea3bab90607152d19,8,0.145473193639417,0.984836940615885,0.159335031001153,0.646083681316762,0.353835756423056,0.35519988783102,0.0186336629615991,1.34513110193352,0.046687091949861,0.668102741556186,0.000116671565460579,0.0651453083904818,0.372391522173096,0.000800375758573251,0.711161716667207,0.103869206583835,1.81287435277894
9a8e193df5b290d371606b54b05d7556,8,0.198113926777118,0.888240327162272,0.304626077539885,0.737910424579485,0.0524688844066478,0.412407339252465,0.027988237722089,1.71339948448106,0.0292098240293517,0.643872782777293,0.000128253784663073,0.0647349741572273,0.315968152488769,0.000835664478158806,0.754748553714348,0.103690997991698,1.78072994456082
4a2caad7f2e4516d52c1e345559793ca,8,0.105627142804746,0.929909960047657,0.235992825013126,0.342108222291378,0.339273143551867,0.321890628472032,0.01573799358544,1.19361811154541,0.035371825553313,0.650646181475764,0.000109894690447566,0.0536176486405954,0.357009067703147,0.000794323106686181,0.64059081838344,0.10461201877829,1.3769963804912
c67e79c589ebc59a451a8ab94dfa9cbe,8,0.11343075139207,0.977240856369026,0.155202762687518,0.264338061631888,0.213806427494213,0.290294773130417,0.0129241962097756,1.39009708981521,0.0291869922817692,0.657073190377963,0.000118780344417535,0.051424614289379,0.361446526861257,0.000652541820583522,0.626381327957264,0.10161161423314,1.58329579437142
1ff4e37cf93e17293f3461812bb18c52,8,0.111188740741125,0.949879963637533,0.480380702194789,0.306651626093993,0.160901490920806,0.3572031922073,0.0316814214840044,1.15259380812332,0.0405381143802839,0.633829765230256,0.000117295269668209,0.0579313225551965,0.298099992156872,0.000296196948801173,0.706378389659429,0.103893298998881,1.75285784128392
717527308198f1dd87fef8c805c86c9b,8,0.122823721556559,0.862868154493352,0.372148389947939,0.316337833408724,0.695314973910052,0.3858628916446,0.0506827669139379,1.89082929133286,0.0427868412262206,0.615518750972911,0.000109807841703117,0.0576802840285782,0.282806942956191,0.000940002136510162,0.639274996420195,0.110660526778721,1.65712090765675
4600af80008f4188d2a763d377dbdd2b,8,0.121809315309812,0.988170301489223,0.121192721552004,0.863645474457165,0.0759038541734581,0.308860095001698,0.0271270340312457,1.37402216346075,0.0434534061268115,0.71300365694341,0.000119931052783914,0.0565109668637404,0.400345715369471,0.000887456316516935,0.646490936763493,0.105277998009192,1.49387774837928
86650830d1bba5fcc9b03382f3952595,8,0.149987271276546,0.978901526907259,0.291986719537767,0.392216943430675,0.593076908352262,0.365063508440876,0.0300373441080432,1.6999109478659,0.0349311288867372,0.638403920694506,0.000118911623845863,0.0620214624353653,0.303620658345937,0.000700526582033374,0.635715928527855,0.103859475118103,1.63954171473648
58bd25730221c9b7fb7d649fccbdb2ef,8,0.103269841475699,0.966511588257064,0.369556669965221,0.0248422857068509,0.0734723169392764,0.258696353232919,0.0229779342719132,0.6897049365903,0.0408317387016265,0.640225367429761,0.000117813131632038,0.0593383836849157,0.278791725229439,0.000498458861720363,0.685365540276034,0.0992267946088153,1.75732463256788
b5accffda42f888da7a7a233a0318913,8,0.140512384610608,0.913129775966107,0.248073867074161,0.685747060992267,0.312473356869366,0.321986063387343,0.00941522073552656,1.43829681609207,0.0345888978431352,0.640539350424327,0.000113867491758521,0.0623817170345952,0.314490640128994,0.000451374490022226,0.719572946378341,0.100452817978982,1.53643007478465
3219e5a9cf622d09874077ea0b863723,8,0.116986294316122,0.988372623652745,0.44745713497001,0.449612835599839,0.283823672668313,0.305526272323233,0.0306507609227291,1.1518268343245,0.0364552174250618,0.634405820566991,0.000114021838695316,0.0618399926594105,0.292118916059036,0.000684650373398872,0.682652210971095,0.103772544020478,1.85850407752255
288a49556808b549244cff48488d7f38,8,0.112817778533503,0.886694802058536,0.35430930222819,0.523834336672589,0.276599358982726,0.323160983295911,0.0337195342057376,1.16416574026114,0.037703015000905,0.738762831931055,0.00010923653165859,0.0651803440287412,0.358272934225258,0.000763070484003524,0.726818885466202,0.104202582059251,1.39290404645836
ed01256cb1d7cfbb1e7cd33b77540e45,8,0.149718590802597,0.91121960419684,0.335887379846685,0.327127270160143,0.291617323472709,0.331304503599209,0.0134819562645402,1.13703773172453,0.0425406041025417,0.663996462321193,0.000114107390023632,0.0653879976531525,0.370527376065434,0.000881749879773815,0.687535445351206,0.107479734620992,1.45973410835991
bd982dfb5007cf34085e8e8cc747c7bd,8,0.131001532424683,0.941147740324945,0.157876761484491,0.596465210923682,0.475274870652819,0.326871163005185,0.0322971649590935,1.71420469850472,0.0390801262175451,0.717602682043656,0.000108178684253094,0.0670800146744047,0.337987284389213,0.000733370277721789,0.692586918570563,0.1053719730112,1.51126782068264
0be7a994f1c16986588bc0937e18705e,8,0.130681359296162,0.847838930006251,0.558777137503605,0.74398410231176,0.14864574434013,0.348410993089024,0.055846084519012,1.78291791855755,0.0260287431410726,0.659125885463394,0.000107977521116548,0.0671422415972272,0.265049791445627,0.000427351573931596,0.794233423879827,0.110919039842084,1.59284429105993
43fa4aaa350cd6b9a32a5e8d3f7dbbcf,8,0.130167905006739,0.946301219402529,0.228869291022381,0.558651774702046,0.511283525725339,0.251617218637346,0.0125619070957946,1.28391874104472,0.0275798681285122,0.686064621047769,0.000105062553073154,0.0657317236695635,0.378181754859232,0.000948680378502265,0.627195329809058,0.103038532389397,1.55771002337379
08dc5f980580948f2f8bdc1e18fad05e,8,0.121249834260242,0.976889393383372,0.42784711196601,0.677097652020673,0.064239629421949,0.258537694750596,0.035093616419631,1.73960481193176,0.0410844446152907,0.654774311364343,0.00011806177812263,0.06248506330367,0.313481297541456,0.000278827019143062,0.803032992231585,0.0961465175473456,1.60496008940819
dfcdf494b3e4694e7cf25890c2ba1917,8,0.167571596434241,0.968066350859937,0.392893180817444,0.730731178074577,0.192779924767422,0.414218501363745,0.0183536145591948,1.21907820592407,0.0345842382073542,0.708807334951203,0.000121569415044449,0.0636391399238866,0.351332636859233,0.00105875313916678,0.725742940302554,0.106833887903267,1.78336736195341
45a9c5fb388930f4d126121b3b15889e,8,0.110604283471492,0.929378909159239,0.449643185375165,0.452809239378173,0.0523170665536786,0.333924941433242,0.0744747298317502,1.72966499871396,0.0322877224621879,0.692664378531186,0.000119462205329257,0.0653940366843548,0.328698358622978,0.000845435273824263,0.714289511352365,0.0995140727897556,1.59692448707682
fa04bfb13544dfa2fb5abef4b09d834c,8,0.161565758006485,0.943535258889824,0.57268020557056,0.823734638912031,0.0980825454302794,0.346236607200032,0.00514772044124083,1.31638465056113,0.039940342509023,0.7177993773031,0.000116316230147026,0.0635248339777068,0.336343219640837,0.000814780227927603,0.759211251316612,0.106193878989324,1.74771487414475
29220d04f19c1e1acedc1543af414a2a,8,0.150611319445147,0.951386143712523,0.449367759385914,0.389388438768463,0.364033156709237,0.379433923372637,0.0394047259447501,1.4008560006744,0.0335227367724096,0.683886771946366,0.000115972907311459,0.0691543149136811,0.346724021165564,0.000923692805397629,0.691746759142939,0.108848600276487,1.64667340473295
d649f2ae8d7527265bdead99f2709155,8,0.134848241416187,0.999717770932838,0.522540605855893,0.732120948801435,0.0227558542352849,0.26173988587429,0.0378531361544443,1.23168824120855,0.0376357725501204,0.627698268411552,0.000127786794166058,0.0590965784396511,0.29923143649748,0.000377358003919934,0.680265656881923,0.103396372634724,1.69383365284365
4ae9e643e3ee45ff691e9fac8b8d89b4,8,0.107525141127969,0.984234580927159,0.356874218831812,0.261491862759717,0.131718592444429,0.306018323113479,0.0292124589379518,1.10632977042938,0.0367735135572632,0.668708440802941,0.000114287854448744,0.0564961719467532,0.287668918331334,0.000809908897335075,0.647402977258836,0.104089981832601,1.77757778808125
fc12dcd50ca4fe5f19ae4d79157af7ec,8,0.157038608461712,0.990133060508691,0.139975119189068,0.835271335652183,0.369560352180296,0.35355597723595,0.0171721405414731,1.39273344822828,0.0430666420049517,0.609020622128913,0.000113363841543453,0.0672349979432764,0.332886231468365,0.000816670029621026,0.756370618348498,0.104000968945044,1.67060136131215
a2835289216db7831ce9fea8be8b95b5,8,0.167417951342476,0.907247497911427,0.131449035890328,0.466213428124954,0.476560455072311,0.363149804156612,0.0184017205735992,1.4128337457024,0.0295117857305858,0.624770849576645,0.00011605581470623,0.0680533940039889,0.319143238622802,0.000888125401636056,0.680271147753462,0.101098852604508,1.75004893516101
997bd3acec7473e4966011151a50896d,8,0.105892146946343,0.937542453938,0.486898289008099,0.420634190151423,0.0294151941781594,0.350601101978041,0.0804051617781329,1.59689028905247,0.0343684950183646,0.680383043475664,0.000116116490554396,0.0675096116073208,0.319435360349373,0.00104655258397147,0.735780495602358,0.0996923880204654,1.56457615721726
20facc1ec73b5e342bc2a18e34b1f225,8,0.126471202852835,0.840644403037162,0.193604419676103,0.127125366441746,0.28656194183767,0.365825463561843,0.0342507354865349,1.19869462711431,0.0443230568613006,0.627981176519044,0.000112732921672635,0.063636765197343,0.305889397765316,0.000475018895791351,0.659917773998452,0.108894014519443,1.64506511337058
d13334b0c1c03114c70aad80557f1ad9,8,0.125900025486474,0.859780273733024,0.154673416691749,0.133965400361967,0.398139381051602,0.325018367141114,0.0183606808890401,1.08844397125285,0.0453007364728606,0.640630594155416,0.000112180783904411,0.0624719775958247,0.318606216340171,0.00051404470149355,0.624637880023639,0.105492941728066,1.60264912164192
63c9778ee42805a26fc0f62c184cc0ad,8,0.121211064387766,0.934907335114037,0.0128257892684934,0.683129799344994,0.102482005896715,0.281734346572539,0.0271272358043587,1.08272622653427,0.0361607985190263,0.737394553932179,0.000114090829865349,0.0592131877491289,0.333999462237861,0.000996160755449225,0.649136941824778,0.10637038943263,1.49387849192329
7700df68b0af32e4b6019af0f6749277,8,0.143554873726014,0.929334502328334,0.221474480608734,0.349594912282476,0.263942187510087,0.282690716158729,0.0314471203764903,1.2469078519261,0.0332231773044228,0.640771687994565,0.000122972421763078,0.0605861805575321,0.33856025471401,0.000728241383884776,0.675443797695885,0.104272543451985,1.61412255067745
7683a63046c5ea4cce041405c6acc029,8,0.132145017229799,0.940095177165463,0.223435852957711,0.55584704140266,0.303053569201713,0.401985802109849,0.046445066298496,1.61445925960605,0.0364827019778021,0.743430207036372,0.000112212531937382,0.0667697689607538,0.314452396663672,0.000752779736159301,0.709231242900412,0.108611082178331,1.67550634842383
89da8aec5c0138a11d06bb3dc6024ad9,8,0.148390032226172,0.951706958168927,0.525325697746169,0.330007302809804,0.219633967855312,0.367938567457865,0.0314978862805941,1.50467771570015,0.0384001907690904,0.668588283580589,0.000116744736983867,0.0629528348605163,0.370372066943108,0.000757634727834847,0.789084044253259,0.109708901863072,1.35397041344025
9c5f58e2b54ee771c63231f96acba3f0,8,0.152632140591696,0.989217198541882,0.374732450479526,0.180487431483206,0.14247775489863,0.411024670685107,0.0522786758916783,1.87944076942127,0.0402190847536018,0.673605922404976,0.000127447840897213,0.0649902398487734,0.355004506774778,0.000617366028492493,0.732624128539141,0.107135301192421,1.74128408541128
7dc1433bbdb06a4b3f04a59745c471cc,8,0.117475032646593,0.966514202436253,0.468172384094907,0.29913128438561,0.140675751561803,0.32296798342189,0.029567178306663,0.806158758564117,0.0357394836746008,0.660402065344986,0.000118007226781579,0.0606743056234216,0.283568365197948,0.000660917810546883,0.675836007089031,0.104802728730829,1.81572469494464
a5a0443f7c02df1b3519af94074aa5e0,8,0.15744166650218,0.967225042019208,0.491264696430805,0.505255915666544,0.245055149057428,0.377939163753624,0.0342644967623835,1.3809492069077,0.0344723448273646,0.694402554047832,0.000116318511319393,0.0689537952506966,0.357470559716484,0.00103756960039547,0.70858057652753,0.109052916504342,1.56629340459179
f2af0580fb8938303c36b780ee0a9e25,8,0.157649772356076,0.955496097857565,0.353994592064165,0.45223448817947,0.229920456647461,0.370048780525269,0.0193469626740441,1.6792649701964,0.0448606211596794,0.699791458448371,0.000117601619022204,0.0643398586457136,0.35312065248642,0.000782427006282287,0.729730307134471,0.10639290740538,1.59267069284598
795a1987a5e56ee1a8d9837600a373ab,8,0.171816667490543,0.891885440664351,0.0265808549895417,0.468080607641488,0.356597046332783,0.337719250155233,0.0227290605384988,1.54189372426055,0.027497538393054,0.63310780706954,0.000120202582968143,0.0649471338210166,0.311804405414277,0.000820198302511331,0.693740072216084,0.103022029343364,1.7524693403848
3aa96438c32e90e01bd13d48a102368e,8,0.135930111373863,0.881547412597661,0.379213738252234,0.577531448055621,0.306407030093488,0.347917250004841,0.0216534810724091,1.10149332087656,0.0352846180265801,0.728996059590869,0.000110431233360415,0.0672176332525622,0.346074552835624,0.000866481639326043,0.695501162630004,0.10479362032748,1.45270564589412
28513ee8a801e447aa29e4f52acbcf10,8,0.141405381041003,0.950681317051004,0.601421084998986,0.229297537521222,0.304924694481144,0.371340338280259,0.0460512736510154,1.80724836716646,0.0373294542387589,0.672671658452031,0.000119474264279234,0.0651615600728328,0.372172576173898,0.000720670663118517,0.681176772948675,0.108198247983735,1.52856108649746
557b090a3a14f98184d16df6934f3d88,8,0.193290753816198,0.959713731840622,0.333921473816881,0.905909679207343,0.322589866250484,0.397606730193138,0.00330690280911967,1.44745610401212,0.032412983798125,0.638617070318961,0.00013090758781026,0.0699483360770341,0.327192160893062,0.000303454432208661,0.736163075950812,0.0930151887191005,1.84670182079435
c6b2f67f4803943cfb3d83c03e219b5d,8,0.155739962558104,0.972288604579796,0.39790329300914,0.758584567244814,0.329842825168303,0.391534955048401,0.0158863363887776,1.21876347556673,0.0397276914129314,0.712613074796032,0.000112451139570966,0.0646920573459495,0.340207799733947,0.00102475519528915,0.741933253563489,0.110986390321317,1.70885195725941
0f88604b870ec36d4729ad78700a6472,8,0.144738525130573,0.931948878186426,0.586931287729078,0.68780832428281,0.618241055638942,0.359109805125561,0.0155359155614468,1.07555528182586,0.0331376810158442,0.676935106537441,0.00010974974043401,0.0693666093825989,0.339563570543811,0.000953698359604316,0.687076208286482,0.101899712105078,1.40590315762455
4ea4964c74813de6db21e3b1bfbf49b1,8,0.149535060976893,0.977387820737986,0.111226014489688,0.784444355346735,0.305645750486927,0.387540149627089,0.0239770425898825,1.753842694931,0.0402783016391917,0.742172298708177,0.00011153942263841,0.0664748219362903,0.349021569462603,0.000749384592978596,0.684811404982655,0.109162875996589,1.54823550399992
3962e22dfd7f70c52a65cbb0a9615c2a,8,0.138393510090696,0.970279724270811,0.605964057083933,0.594814726040314,0.581802928723723,0.349997710215936,0.0136889219878153,1.58051361747394,0.0403042140701111,0.687424592033691,0.000106586617103793,0.0632271052226477,0.362526187734306,0.000807109709190639,0.719942409062741,0.108289647609347,1.48223738184216
e243881e9b286bd81c8ff2510144ef6d,8,0.131312882394786,0.928900440827328,0.668658502540978,0.661177396731128,0.464037633613036,0.325460700603355,0.0148657316371232,0.886048445679828,0.0350987684852122,0.710766870700266,0.000109501906283571,0.0648466947560161,0.339393437414144,0.000997012539275326,0.702052895503226,0.104777942653406,1.41268127161229
634c95e2b2390fcfad788d40b3ff127c,8,0.120990494402483,0.958961666118978,0.298626225830674,0.466951996197129,0.0719383807313255,0.263259633841928,0.0240835328890708,0.959618718266663,0.044920940004108,0.642607736964409,0.000122874136777538,0.0563938425760305,0.32661323322885,0.00050009309910118,0.64316619586888,0.105890455657852,1.37580635679917
f62edcfe2747033e9f4d8397b2def528,8,0.120443763310766,0.979233832803034,0.33775718629353,0.298624734195806,0.187324027975393,0.328218102952416,0.0222587550189451,1.17327287180013,0.0390874386412029,0.622998686346228,0.000114125807402721,0.0584985705384162,0.301404733019839,0.000767622917868451,0.668308511956487,0.10443676939988,1.67578169743872
91d21b2480875cc806e84322be7852e5,8,0.159757814023369,0.939538168767951,0.370077286508111,0.243522541825299,0.674692615601991,0.353092135679877,0.0150494246585533,1.73701248045852,0.0378566829264935,0.621889870786592,0.00011571106847452,0.0638763392253045,0.313173821176283,0.000647308841461508,0.622072745433721,0.105216922788944,1.5614467226276
e75546d71050dd744adb2d64bc9ba5c8,8,0.155470845473993,0.943994038506447,0.538707671688389,0.526375956533237,0.463357578519575,0.307113845853034,0.0314714215184399,1.07694674966891,0.029749532436139,0.728323206483912,0.000115335905279623,0.0689022456784852,0.339296144482465,0.000962147697378817,0.710969161423741,0.109810694252139,1.43159339612306
17a6b0c92a4b435f499c4dcc3a4887fe,8,0.119007872880195,0.840697619453385,0.453055125853145,0.436522943649743,0.356846389502705,0.30688710267459,0.0442973523147149,1.08637907287493,0.0375939388200211,0.658282604971668,0.000112944041091083,0.0679858219068088,0.320612732562723,0.000585281160386665,0.634349429513127,0.104269255760996,1.63420160788577
1a92a1d58b231867e2e56075c0ae99b0,8,0.15197123175464,0.986322447211344,0.436399379991687,0.555893938349641,0.468055724919838,0.399022616680909,0.0463721373881865,1.87005448547674,0.0382758171624984,0.654344133418329,0.000123183637786833,0.0633043930472639,0.365673498494508,0.000633734751004328,0.714173495163409,0.108616448666232,1.59310987916736
0acac446a76c0de49c75d054952cfc39,8,0.110610323661825,0.856683963198713,0.459589110261314,0.502427609011826,0.385665127869163,0.339852032087188,0.0183099139416161,0.962428416479858,0.0394688237664876,0.712674777663322,0.000105848227303677,0.0639155108990036,0.335036519746479,0.000673832834426145,0.718894847259962,0.104253683262417,1.64801128395214
0b187f09d60de013c99b7930d955a942,8,0.152160906680729,0.953914297257137,0.552896111878589,0.499951516289545,0.591301043469028,0.380005357016112,0.0295668757400704,1.77683324343426,0.0381835531849359,0.654121956598404,0.000118388084829268,0.0632070979791944,0.356932292070898,0.000478600180435173,0.719560050802897,0.107936208114681,1.62864667368341
e2b0416f976d35847e15283e56c6fcdc,8,0.13027774115075,0.849000817265215,0.428082999928278,0.422239816130175,0.335594796277659,0.350052553904454,0.0314896223853155,1.01990656920673,0.0363861741626896,0.723581100885257,0.000109883455933066,0.0678740645042267,0.336174377495611,0.000943200212597508,0.687873282652441,0.106961996321858,1.47925839461371
177c5708e494b426250652186cf0acc6,8,0.167838117886417,0.876987044704206,0.126319539920294,0.550635587152713,0.184341191069274,0.290013170653197,0.0322277549449222,1.76606872421076,0.0307482711877057,0.628825226403957,0.000120550635187977,0.0639816060694053,0.29834506936863,0.000754915060919475,0.727849148724618,0.102454483256995,1.75395798572531
b83d692b4e4ba529ca0d86905e4beed3,8,0.124970516355223,0.890005645543168,0.189514772429178,0.647869960922295,0.545247162653405,0.329501437185805,0.0336986416255717,1.65355021996651,0.0254028721725394,0.701678744325726,0.000105381910908064,0.0612097476086617,0.31648217242102,0.000991078772827691,0.665499545868341,0.106618808425287,1.696386658061
e875c2b35866c7d97b5413a67243adb6,8,0.177478318169253,0.893525718717278,0.0255051094111634,0.558971514605561,0.289293140193626,0.422867449985068,0.0303070540682891,1.34095442694823,0.027570049054531,0.681555858314994,0.000122031234043662,0.0677529920603972,0.305431418693145,0.000946457978385879,0.68910149967724,0.104027130100506,1.78154718829066
fdc901595de236e944f6bf031ee983bd,8,0.181233615465566,0.929356292083595,0.11533320962259,0.366318490021835,0.289499432200765,0.369729701828446,0.0361090509680619,1.64492738825345,0.0336804426795164,0.651514513622059,0.00012488372296522,0.0699952956208991,0.316669231733458,0.000795339225225639,0.715199851920321,0.101943217663669,1.89599296489549
31098de4b29757f24639230502676640,8,0.130240759825352,0.933486144141912,0.346978795099713,0.603925313302349,0.280104554102461,0.322866859801439,0.00631905981677409,1.57814912990671,0.0430816876265093,0.652222358714271,0.000111092310796949,0.0595448097901921,0.371350067226106,0.000677876655556839,0.678779065872241,0.101101729444935,1.64426336300845
fec04267f5a57f76c5b7448accfa880b,8,0.146463785718998,0.964696500511099,0.528746250038287,0.941678168133879,0.202816823108309,0.36274837081587,0.00217652321545887,1.1301856010785,0.0402493472640693,0.687849542958487,0.000109312271908295,0.062096248448303,0.328042583294896,0.000946287076821806,0.765684469065583,0.107014095726039,1.68832462997431
b86ce00fd767809dd7e1886be76015da,8,0.162266714071018,0.952985025166789,0.618412439416094,0.609286598966498,0.298638059136666,0.342552563542662,0.0156984978434673,1.82716185719069,0.0400546643566035,0.633796538277865,0.000112802917742477,0.0657460235177415,0.358167867257482,0.000686089664008873,0.75215394901345,0.105355258604722,1.18407220561421
354dbb13cd34c6d0f82b3cf7a9ad6839,8,0.106896487472101,0.898179723442161,0.47080354527346,0.565407579577016,0.393726450662492,0.348911197382785,0.0159964827533479,1.09115853795017,0.0367513580431448,0.701291613859389,0.000101581698360172,0.0625692055913138,0.336728688918137,0.000716214761325448,0.735047866201979,0.107197356381563,1.69986762390201
0db92d12507cc966cf65ea638296c1b7,8,0.101322095786941,0.984819625806372,0.322935639586539,0.463059974488009,0.531229496904189,0.286646522682931,0.0248620234470869,1.39947048256776,0.0350106196876803,0.649121178967009,0.00010611186317056,0.0568792991461569,0.361384690766262,0.000825582166153641,0.630734467105009,0.104995927118069,1.2901005059435
d244f9616a1c782bb7691a709820405c,8,0.160351062465697,0.981256445227702,0.44547021024583,0.844945435459593,0.295657906400984,0.380220388766777,0.0162072726254501,1.23427775087293,0.037329433602349,0.705590248207559,0.000119501966169739,0.0631575092390492,0.336189539117305,0.000930678851450707,0.713968527335758,0.106980518086486,1.81410538340512
e99d56ad74684ce23c68b2a044f7daf0,8,0.122537603775143,0.993954722784146,0.525087873193956,0.618505894424749,0.0749053928100062,0.261427937436957,0.0335792095593259,1.2103070489089,0.0372930132202714,0.642804540506854,0.000119681894473372,0.0605988009157511,0.303468256540157,0.000445280671521849,0.705675785896328,0.102480785724919,1.53802585165081
d160db0399f0fdee0730847c9ae88d12,8,0.143838600514089,0.974128684233851,0.634281866403607,0.55482815438094,0.398656459189952,0.273362084511224,0.0052469725217324,1.7369194002533,0.0395202788108835,0.648557990392161,0.00010605218513596,0.065657793451713,0.374033404548041,0.000760985725417973,0.711212960852425,0.103052475062978,1.32292885900706
1879d3313dba06db59a4abac1829ed8d,8,0.142415463314136,0.95326276301865,0.676975128646939,0.597544065424822,0.544735933793067,0.320142258738658,0.00895714046025549,1.89013727049286,0.0420587204531319,0.7101344842795,0.000103210321763575,0.0675027634133919,0.362369327209178,0.000601880122289756,0.736020359628574,0.10528380574387,1.24721164504777
cdfc614c48e656e52d59ab1ec2558f2d,8,0.113375616336073,0.986251240562159,0.503131315322622,0.799809992757919,0.236746660882379,0.273449159245418,0.0413712580309858,1.05989774644751,0.0335463056782973,0.71785345748224,0.000121271656606018,0.0623404611033787,0.2729315600577,0.00083836425820352,0.642297003223455,0.0946315546337676,1.8748170110868
4ec29802418cafa3eb76c9369ec0acf6,8,0.139827458801236,0.949282377457252,0.388218973207932,0.48405439799201,0.279169797786391,0.372801071380999,0.0158443768686628,1.75432138727354,0.0412038378984635,0.675039686494389,0.00010919212442758,0.0609602510958505,0.343268293586001,0.000835208894725976,0.72407752095198,0.107299288527719,1.555654019935
a23e3d709828fc2f82799f8e93c2418d,8,0.129552103774006,0.968524308704243,0.136890463428467,0.314166879809666,0.511091692731593,0.359010653398399,0.0207231917049276,0.853689159002864,0.0395510394619199,0.691578441481944,0.000110805504053024,0.0695969451381253,0.364861782907817,0.00112061067581733,0.699450319087287,0.10131701508332,1.66306473032012
ce4069c3a660f228e1da5240a8db52ec,8,0.136918427846675,0.956292527881755,0.45897240670095,0.635687270886862,0.126016137649396,0.263917857964642,0.0375505814437013,1.34296577468123,0.034180472055002,0.627819003110305,0.000123321833891418,0.0602117323557064,0.293791156109177,0.000399767817131064,0.706298634578012,0.104855970836039,1.62173657905943
cc6774323c21d1d896d1cd8215f32172,8,0.152037645405647,0.914977631925471,0.129142161774412,0.438538869360445,0.292723094769322,0.318833122440187,0.0242409023701753,1.4544641450546,0.0406131835005828,0.686656717173016,0.000124849550782378,0.0613596962880579,0.372805606329972,0.000862163492142194,0.662257532015875,0.100241392481765,1.83714558478882
aef8039a106504cf6a9ae359d291f937,8,0.151367835398735,0.951697092626704,0.364375955210825,0.461574551879631,0.451739920067862,0.278173151713784,0.0310207714726366,1.5397608696941,0.0353947605373714,0.705628416210041,0.000117491242714513,0.0674100240633092,0.349967660613484,0.000820851782711359,0.626374355862173,0.104512248105164,1.29235016558525
a775564e37ba26cb03e5c718c837dfb9,8,0.175290139805417,0.937660716859385,0.497660139370538,0.837000874314202,0.232158625889334,0.280205028525073,0.027993353752675,1.37409829400165,0.0320357303830645,0.657552506313155,0.000125496967714367,0.0646503297683581,0.320172922444777,0.000743686725357739,0.68145357201472,0.10584149326839,1.73234803121658
7023fecd5a14dbdd2a6496ad627b1bb2,8,0.120257011706365,0.936046275200927,0.000418222126035706,0.701084830482668,0.0835447512148169,0.280061636033596,0.0266725681561532,1.05763050859792,0.0361087495788658,0.739613993283115,0.000114021096627195,0.0589040083874266,0.33522414592374,0.00100884308707693,0.649123777667272,0.106465090231984,1.48894082646972
2afc7880c194219d4084e0625dd967c1,8,0.150604949037526,0.92601517361118,0.629935363848893,0.694546947509855,0.134082465798965,0.268266121578112,0.00366048778962874,1.48002982033228,0.0385894014933453,0.72634027358211,0.000114121507602321,0.069322563934859,0.332561839620937,0.000686838178999548,0.766225877930238,0.0901454920736756,1.67783919782669
1eb760f88b64a5907f7859947b0be934,8,0.119970278468759,0.959390067687275,0.433786812032312,0.664647201054224,0.0115510219520942,0.269023385051325,0.0226751038211768,0.967465034624351,0.0397772125065805,0.641567358977577,0.000119950471357586,0.0567559558983107,0.308873422387396,0.000561163708177367,0.665112305356739,0.104860479887372,1.42779053537536
38617197a1911c8610bdb8dd86bb7f36,8,0.130538552851725,0.846317712462799,0.56031546168585,0.744163523192892,0.14484770029281,0.34888451231982,0.05599879280926,1.79280870154861,0.0260176908346385,0.658530538318552,0.000107878746882229,0.0671183614950143,0.26460723697961,0.000421236495459411,0.795557270375387,0.110976574273318,1.59298553496591
3637c16fe4616a44aaf25b17a0691ab4,8,0.105572397350705,0.896126316584821,0.463117801234229,0.564209583226087,0.388097060734706,0.349983657006372,0.0162588980784087,1.06137389968608,0.0365535081341556,0.700961965915142,0.000101520985906933,0.0623852905143531,0.335772847285246,0.000720476972227978,0.735011613215829,0.107268690462462,1.71674190858458
6f199dd18ebc6100f644509b843bbc7e,8,0.139034119439334,0.962356741167371,0.378670583426655,0.437716335267017,0.12385246943729,0.327932590979747,0.0154841809341037,1.57785070168834,0.0362742498314652,0.635367948026525,0.000114555939923385,0.05887006287229,0.317396225016092,0.000739708487760664,0.684463113209753,0.103378384577421,1.69971747399232
0eb5884a0adf1e99a0a3784c3c72a077,8,0.151340555487047,0.982153876390742,0.434474583692448,0.539599448767169,0.458832515295397,0.399211143272511,0.0451342399540583,1.8627929171767,0.038615501879107,0.655044820260418,0.000122739884559585,0.0632958211702235,0.36613139017159,0.000633890594793068,0.714814657676767,0.108490604580538,1.58920631664652
232b1f12c77beafb0d5b1ae9555f4073,8,0.139673940322092,0.978628117159287,0.391723422994969,0.457135956960828,0.506490980889034,0.300221875244288,0.00177740838203179,1.51299120736383,0.0342711921327837,0.655021768014902,9.96215333853062e-05,0.0648535190858836,0.326791279685882,0.000914155870426925,0.844984780891126,0.104126670793199,1.52268638590514
b712001cabc10a293272d805fe291e5c,8,0.121297319762384,0.849891758396006,0.244523105537651,0.192542277664979,0.292702844002006,0.279655296050375,0.0170433155676776,0.973846084928219,0.0361243607844767,0.728118741965947,0.000111521989728822,0.0676300851802648,0.358917560173234,0.000840397376544866,0.632343394092111,0.0961790453279791,1.49607712124939
a75dba005d2fd5bdef19ffdf84df459e,8,0.140733476201755,0.939831561263998,0.463547591868779,0.254127377579501,0.121715431777887,0.374993045970268,0.0507242578383776,1.60338731726223,0.0384290706214506,0.67353780487342,0.000123206242016402,0.0650735195218419,0.350104097652611,0.000605200056358003,0.718968744774133,0.107660400384121,1.66144881530111
77c4dfee3021c90b6e69cc1e8fe4ea01,8,0.153992596800266,0.958891193664038,0.347230067226456,0.408960848143519,0.364214515190651,0.367776804447059,0.0347192315035908,1.54042168410251,0.0380098469794983,0.69166652657339,0.000119301335671388,0.0641431150786772,0.369820462523693,0.000728357314428633,0.757039441700678,0.110092789297187,1.4651096724755
07a104579f5ec4c96cafae76640af5c2,8,0.132048910901451,0.985285548077289,0.305068185885401,0.680421477742391,0.221334639175185,0.304854989908516,0.0477793964172691,1.10892072651795,0.0314700446335845,0.753719794770204,0.00012280328385304,0.0674069976045651,0.321257423346683,0.00078792178949644,0.702434336768564,0.100226449917927,1.76215249378317
f8e8a6b739eb11934d3cfe739fcbc882,8,0.132048774350837,0.915076129087876,0.157165426740777,0.460024453603337,0.339314786630434,0.285805287997145,0.0179839544066619,1.34947514606334,0.0384697569833583,0.680943511098742,0.000116460191493488,0.0606639805640144,0.368881115217681,0.000758090754812589,0.649169026027834,0.101390134612859,1.68234093213984
305716c121351b506535255789e7d91b,8,0.137949159632281,0.976109686747605,0.570044752540165,0.403599902650002,0.0809483795433875,0.347469819662036,0.0185442208378125,1.54813151316278,0.0403092096389619,0.665607447191382,0.000117268807160148,0.0577747153875842,0.332139111389023,0.000694972991316707,0.705573759225634,0.105304582613587,1.68764826689537
5a004d251f7fa389fd902c3df3bd9676,8,0.109633772443092,0.968568018023548,0.434715856375657,0.671200021377135,0.468118810725114,0.256433138009596,0.013185325152208,1.18859969026096,0.0309533430860387,0.667018266573936,0.000105979236632587,0.0652560605667032,0.354437996464984,0.000518050478154479,0.690518924942555,0.0969257823338676,1.23285469296365
4b58d7f4b659ae6bebcb6901e574b3cf,8,0.109677505450281,0.911981997132009,0.0460874787863905,0.405606898653792,0.319875530823738,0.28183599669028,0.0119851340194032,1.29826812499388,0.042084148508959,0.670705442311701,0.000107982058757946,0.0580656041437657,0.375934588837518,0.000787313518839035,0.660619851736669,0.102892424382879,1.54770901210982
d353717d0ce21d781bdbb78d350a1819,8,0.149235823461672,0.903274986791073,0.450700227214859,0.417819936612037,0.241119330135732,0.298014309083045,0.0197700354849496,1.43412024449396,0.0279533768575838,0.683959928371768,0.000112959731093201,0.0643373832924043,0.332675903479184,0.000827495405675588,0.691170305699456,0.106546158285472,1.5054055223211
f1cab99526419a481fb3dfe264b6cc44,8,0.144710772689324,0.96254806659586,0.260840542782749,0.148484610806028,0.690865989857582,0.380334782275315,0.0294918112275408,1.70278974782749,0.0356954901085772,0.625860330541797,0.000116706718579463,0.0645953628603733,0.293530767791562,0.000611709971948269,0.624520425939658,0.101904108351698,1.85122453820955
936b71d7883cafb160faca689cd0b8d3,8,0.117983773175978,0.954351143829237,0.433934435820737,0.307549287640953,0.0811952332089919,0.321014874772421,0.0191223703174114,1.17025211789623,0.0404573974031158,0.645832171482563,0.000113327583747874,0.0578973468215303,0.314437963639219,0.00073738577667005,0.678209183344217,0.103829496201747,1.70214280736344
5eb9c11e56bb82733f7cc8aa68a213a1,8,0.125271913263028,0.91534035536772,0.362941084786677,0.329169039450028,0.517541978973438,0.354779441189605,0.0223426292349109,0.956232187878556,0.0344859440385704,0.68148093711204,0.0001076805253446,0.0691019565639875,0.317805667865683,0.000992802507411609,0.654120082164572,0.101019886784234,1.4582371942624
5bf27703ac8de0a764cb5eceab8fed4b,8,0.128043328762281,0.951069507719676,0.334867725369181,0.692934555801355,0.114453052178744,0.330925845844121,0.0543521469959828,1.15237510773332,0.0337233149181082,0.654916352796851,0.000122735411324832,0.0609289973959364,0.2793735061166,0.0006832498743697,0.68483889591768,0.105540151179606,1.58018172268391
d95011647670d4d0f98ad3682cc504e4,8,0.159676963446113,0.980763888963234,0.382637836227272,0.756482760440778,0.306727152903385,0.382555600511745,0.0285629262495821,1.38655581000664,0.0344566910034731,0.7309753834556,0.000121812096693705,0.0631418601250497,0.313846126182674,0.000893792840030906,0.70737075247702,0.106959050385506,1.83716530677582
1ddc984eb9e9128063d4fc1e542959d5,8,0.101293899358013,0.895780970886469,0.445685559077638,0.75830247250661,0.382623352056227,0.268497487673253,0.0390953101831003,1.25333971631616,0.0414466945622866,0.714229278311458,0.000106918972192579,0.0634206958412731,0.336434772611425,0.000689856918984462,0.654899325216545,0.104999468516303,1.49915677131544
34edbfeb0627808cb8163cc4c3cf2620,8,0.189376697781112,0.847572515360635,0.616450200232841,0.972968030211316,0.0706830220315606,0.244567376063834,0.0190224304284355,1.46176363381776,0.0341817903922089,0.688710820332872,0.000125567978622328,0.0662518064815649,0.357659498626052,0.000564599508419071,0.702727113318625,0.108379975478683,1.57291931110282
2cb4786349e0c551143c1581987ecd4e,8,0.110535696457364,0.983005351724897,0.48078428321665,0.741769843859336,0.167135280002389,0.351438486176984,0.0439051065545875,1.59904980129228,0.0401090359577024,0.663542019940572,0.000112725940203025,0.0611027381915028,0.317886705226972,0.000496552220023291,0.800831453376971,0.102715308816667,1.62161430032141
268593e26bed8d063e9d28cd1bc8034e,8,0.148180697683076,0.930636870782066,0.637836430115854,0.585909257709206,0.416732954444774,0.319971748768219,0.0134797009691639,1.51328581230831,0.0402996500519574,0.66862169444283,0.000110555049267785,0.0680413232921272,0.3764743344166,0.000823329760874964,0.664742900268226,0.103308416194388,1.30261303301911
57af26d27aa827756e22098514b0a74d,8,0.121818132657038,0.825192859395411,0.144493090287295,0.719184374620763,0.356621630374338,0.274494866695758,0.0116181714866153,1.25327564593253,0.0371727911443947,0.617252925053759,0.000102687452702962,0.0588523201792474,0.302026098085633,0.000702991969364842,0.671474113389632,0.109075002641338,1.30390289035084
ee405acbf04af34f269edcedb4d699ec,8,0.127702261766387,0.908807811926106,0.183173887130151,0.535397102796865,0.356458526216761,0.297709390751503,0.0118040188331041,1.44363535955551,0.0403968205678974,0.673019894668052,0.000112910875765102,0.0592437430263537,0.371922890932555,0.000748010485657834,0.651373107489479,0.101188383434615,1.66752791956044
562d28ed983933553efd6cb5c1e278a2,8,0.105358518168711,0.904551114746305,0.273268731778236,0.154402633014074,0.235380245445897,0.30724027333171,0.0299518389143084,1.60646658037475,0.0380394142791389,0.656447712384198,0.000109399690607027,0.05793502786318,0.345046188419133,0.000577468402351024,0.674302633769238,0.103716762918086,1.32622060676215
8d1fc81033c22e41ace0a1efc38955eb,8,0.158280827779962,0.91444889417549,0.40804365867524,0.305683768509718,0.284844323396538,0.342402253938838,0.0148329895424821,1.11026932336261,0.0434571401521711,0.688302177620502,0.000118127605578649,0.0683885354289837,0.36295069760414,0.000819799243554541,0.661308768277822,0.105837336548808,1.48664917789488
eb7d735b750ec74d99ed441d63b749c7,8,0.147301095207225,0.998566051525258,0.175191190749587,0.506537306039636,0.597307297806525,0.367152922818542,0.0244173063378737,1.24087337261421,0.0423931641947385,0.628280510307896,0.000112460908027971,0.0688943624207025,0.327468706674618,0.000966442898251211,0.699520958996974,0.103739849137041,1.68437365758241
84390ab4adb5864980e470ba0befc504,8,0.174072417061585,0.974378640080715,0.540009897286937,0.391271073199688,0.238232045217728,0.265835904648358,0.0220583879991922,1.66525820100805,0.0392096213764992,0.618540696379119,0.000120556207055739,0.0628230104986155,0.363089405190019,0.000921488060075519,0.781950334303828,0.106620794832003,1.49388547730606
db465ac4f9212109f590bd7bb6e0f373,8,0.146726844822044,0.933271925846654,0.594858174610028,0.539414208926761,0.44376694277966,0.317502323357565,0.018651105442787,1.36867584777765,0.0380042835172457,0.673161889511907,0.000112035951273393,0.0683083010725046,0.369645581534319,0.000848517435987726,0.657916741047592,0.104137037217939,1.34455481222326
bf36c9e4eab74956e3b6ee55ebe57068,8,0.152262090087974,0.9381462874028,0.278835365861049,0.306781313302988,0.111593685854215,0.357066277267005,0.0264512594420256,1.39606139363638,0.0422807491555263,0.740953537609136,0.00012257722701895,0.0636535153877723,0.363543318860808,0.000865838541918281,0.723498135297709,0.105293703322009,1.60728315081153
11a40dd58d4d3d2dbac7e16a81b731d9,8,0.125793193425961,0.915064965762609,0.181808524258855,0.670508964472262,0.511033101505248,0.31397953457218,0.0161335443516392,1.4813190574832,0.0407326027355257,0.651279771917432,0.000113225795794999,0.0597894626798071,0.375827838797478,0.000880295813119578,0.648676571241614,0.0971275793593988,1.74050782137155
8acaf3cb7424a049993beb627ace9200,8,0.112641547060265,0.981772030423167,0.53766911457903,0.322865482836219,0.156392537000451,0.318719037873685,0.048750343197709,0.99595172864467,0.0378951801247462,0.70686447685836,0.000125426339826395,0.0642271045785188,0.301903837567012,0.000761582643345721,0.623881076307448,0.0971337493458352,1.79897464403902
f0655edae818eb343e83d645802c0c5b,8,0.150714472878388,0.930101053518651,0.504363909767945,0.309763446672995,0.263216535166708,0.402425986160983,0.0230076780169968,1.29473714693749,0.0376626548519164,0.654857605831918,0.000117913487814998,0.0667702776684007,0.357616645643304,0.000803609700134114,0.72129905932257,0.101116229313391,1.66373226648525
25e70a4b9ed2043a6542031e2b18b909,8,0.112028617355405,0.856712406956637,0.263060707155448,0.710392369680927,0.280335306107701,0.292554846539805,0.0412609371733062,1.29366610685946,0.0385328537597695,0.73051261589593,0.000108107261526066,0.0663839696321706,0.312117124072787,0.000748491421102587,0.679131635015711,0.102162334982899,1.54543471940279
99072973dbef5f20a23c4de5493c030a,8,0.123005878287311,0.94026956177007,0.442293057653739,0.241072753960654,0.134859686457671,0.329922680913882,0.0297613906777796,1.28029443504397,0.0369444085562179,0.626532317154444,0.000115388324488216,0.0569266141588273,0.297473422064803,0.000805183292121952,0.677090704514206,0.104988304487367,1.75827086923491
af98f84893e654743077426ddb2ef32a,8,0.149026561310998,0.96097434905851,0.258733147346078,0.421333918460953,0.670708575068501,0.321502498011211,0.00310874809377875,1.2937018439979,0.0337595802496907,0.661821118587028,0.000105381109697109,0.0668941120356071,0.335268378460592,0.000909720965515556,0.739789181927567,0.103392301234132,1.51708596067338
68088443280775a52c34dd1047029774,8,0.151829509624399,0.986154537359618,0.436517384757887,0.552234703354246,0.461498464958912,0.400053710292306,0.0461979613623547,1.88660152457029,0.0386230620593823,0.652565503275625,0.000123339486318511,0.0630508041428396,0.366773705946035,0.000623076971922212,0.714603339337089,0.10865417428657,1.5913648019403
