uid,nhits,chi,eta,j1A0,j2A0,j3A0,j4A0,musTB,multiplier,phiS,pR,pT,rho,sageA15,sigma,t,theta,zeta
6c53f417bc85dd817e737daf0fe09f5e,8,0.242796705129437,0.863059609593241,0.637849728492763,0.718149065606019,0.572967441080169,0.967859146603938,0.0632231784254995,1.16537791573403,0.0255240686666866,0.719033539821663,0.000174715409250622,0.0334204847454711,0.218386694939771,0.000660056430993946,0.72532342103372,0.0957197135886309,0.340224259508121
6a7a26eb6c501d0cf9830b716c141deb,8,0.168508865775243,0.870904281162403,0.260081448904684,0.255357705745709,0.42784013086983,0.581227132987628,0.039354894886063,0.454749171231192,0.0433678733860586,0.61443753401165,0.000182501268089378,0.0201572627606127,0.222969526303162,0.000307637698766651,0.855499625243312,0.106558960546253,0.943634449676135
69b840e24190c15b6ee25b227987c088,8,0.107768047345684,0.577868171812873,0.458188414843787,0.213038813173189,0.419826896866195,0.818088061265076,0.0223053050860889,0.984809812574378,0.0371807256952196,0.638704161734619,0.000140914784279685,0.023465089247609,0.205677863108313,0.000617020355406478,0.623093672216027,0.0698518163980288,1.02318216808344
18f5b7473a0970be04de8e6ac227d959,8,0.152599900349107,0.85315382013868,0.185859067155261,0.279428861002722,0.955099235654651,0.638801458053486,0.0608952378740356,0.776199449569343,0.0428989422485052,0.615894532204316,0.000188009900820841,0.0176150563390551,0.211399786814737,0.000654555800524632,0.94600970270143,0.0876623950969783,1.45336149401184
dbf846177b21740d43126718e5d0c7f5,8,0.163627348150984,0.903468071980359,0.824100374917085,0.395658535768384,0.444151508288804,0.705966097853876,0.01593568247823,0.46336215913529,0.0431047240852715,0.694927460629945,0.000119249964219073,0.0360528453334681,0.25377151677275,0.000343350121881738,0.829863773045733,0.10830802474137,0.447745310214261
1c221911a5f31ef3cd00c6b684e1f337,8,0.146749455465658,0.77478718489604,0.371000845406259,0.884267401879701,0.135248706706471,0.942816762449396,0.00100528047631576,1.17166097871965,0.0385085540960791,0.820159397774319,0.00016278900843814,0.021595824955746,0.301679084268579,0.000434061893040853,0.715018420704557,0.0756271751636598,1.07560963036623
16a46ab9406ebf34c8cdb12b190eec41,8,0.200934821432951,0.874984333044082,0.93863037244677,0.540870271288595,0.397761318068164,0.667810611472769,0.0776014069202614,1.20079946126432,0.0383271656261197,0.748792791366444,0.000140994198754007,0.0381400841794504,0.185588010019863,0.00105171060656173,0.914013195253609,0.0793428602561909,0.864205666368874
363e8fa158e061a9a087094a191394c6,8,0.138569873469698,0.458226859589531,0.0923722452111029,0.318429330635443,0.920775629623043,0.871504073397411,0.00767643642607128,0.286048841267124,0.0284454738887298,0.653921744196251,0.000104498486311144,0.0574251411120418,0.291940605482157,0.000319014721712003,0.74929241154816,0.0836567862609173,0.937416796857376
bfc0d8bab87d1c98e3e54366d4ed54e6,8,0.104280533246191,0.929005338403756,0.187805223016253,0.997291236497523,0.0229175029841238,0.684364637408642,0.160506056012795,1.42266790095671,0.0333431811281395,0.778311805716546,0.000195080549216752,0.0130114302298344,0.169102500995104,0.000289362634329473,0.668165011715614,0.0988191305093172,1.35775068404521
39cac2ac27abdb298882f5765a11aec1,8,0.100310891323856,0.77439090953666,0.0195754391229917,0.355386694949291,0.035593858677055,0.809703158412544,0.153558824720928,1.70209411864713,0.0460320696973779,0.721235273480535,0.000136092117666849,0.0261510809810776,0.131645285949847,0.000869135366394458,0.993042382810548,0.0717693577961282,1.17178492345229
e2777898c0bf60f1a963cb716ac83960,8,0.229532273686042,0.977390692676775,0.63263767517016,0.845975221548305,0.344661536061732,0.675459190874671,0.0103286633663002,0.327234316131624,0.0270499850243772,0.631971974448114,0.000201535519781065,0.0252955064043816,0.259079201758901,0.000573538573564189,0.852896542511463,0.104340022697209,1.76365146227524
07dd82529c456ec227dcab65cc409b33,8,0.132891399733177,0.770861662099222,0.998029747296412,0.854120937720701,0.475154723486168,0.650682404398594,0.0940802064244892,0.380172039785316,0.0410169901116199,0.714093547192422,0.000112777898030434,0.0490293289932602,0.168687773773906,0.000452908909802521,0.831015842990752,0.0917317291238398,0.818820494823714
981826a589d9cfd18c34d144dafda06a,8,0.223338616576244,0.894626761302321,0.203700483248857,0.387228175994807,0.971672034888282,0.772246588654615,0.126917632472084,0.582935384240473,0.0431270451636392,0.652697166278316,0.000163833985911861,0.0559004902688921,0.167361842380943,0.000399899533004249,0.814469502151992,0.0711936642907075,0.887219595432203
b1c55985e1d7fd08af1c3256ae3a4c78,8,0.151897676525972,0.804351343198267,0.104255393371174,0.676220622111783,0.082678628466229,0.852966907946746,0.0464971294562929,1.58576939603795,0.0270659361947511,0.756572043131536,0.000130325930578371,0.0265533700118538,0.216660373417606,0.000624554605325853,0.784870084019207,0.0974107370270894,0.496685249915266
7e0690e862eaf986e0fb727129e74516,8,0.110365069062876,0.932418601373166,0.890084771080343,0.648105452843678,0.982693546146141,0.955086736263359,0.0558260644016678,1.78443863541342,0.0412908798475273,0.787986782853841,0.000108195292794825,0.0192216317056408,0.219482222164367,0.00065008886245429,0.891455572978141,0.110526575315683,0.75014574975928
897cac50ac9f5bf400168a5a31403335,8,0.169035945556549,0.963977423126152,0.572100852746088,0.497672831331849,0.529805936262778,0.931678757557993,0.111002467579329,0.650080429235946,0.0360672090217184,0.721158119514165,0.000216790811907289,0.0134406512147092,0.212719702826263,0.00106019699422016,0.939013713278545,0.103901686777736,1.56791067072912
baae44200fa4e29a7700f77d6d4623f5,8,0.11036030127073,0.863326243021087,0.311594184325008,0.530728598812232,0.56324985647545,0.683540121470995,0.0612284000264031,0.356698432621132,0.0353463341919774,0.71431784522712,0.000168586358523988,0.015489509101962,0.172824655903294,0.000935047907675143,0.746049777668612,0.100360404298224,1.52924834681991
46c7881916ef8218491372600cd47f77,8,0.107977809193168,0.985370607203902,0.417098972667454,0.894234181677611,0.920057818438646,0.574285002647749,0.173146448906701,0.631066062067679,0.0410791690354223,0.798772931765681,0.000201142738046495,0.016614193090211,0.146590638776294,0.000302019678230613,0.637509945428157,0.0904266796698296,0.79374631082847
f5ae3101ac65c145fcb21c2c57589129,8,0.138918720758174,0.885492360241865,0.094268918979574,0.275060332762232,0.1894279469802,0.797841863949241,0.122996760810167,0.367972661974027,0.0355801248737788,0.84038280042556,0.000139493941033874,0.0460246713860424,0.172510179972326,0.000932660189776577,0.690927840823512,0.086016122051271,0.434310771223486
a26614329f64b75b61dbca372f03d9cb,8,0.138410793979796,0.581028407424651,0.434192919601303,0.867791394469232,0.610199703903191,0.864959935251754,0.151256198547988,0.768660102929053,0.0455820013469439,0.746808280321108,0.000134193664009595,0.0404193594316542,0.134429185300884,0.000795643813721203,0.626334437700696,0.0851194825136838,0.898124785320107
8809767f461d4e914a817073ee21f4bc,8,0.109131615138181,0.913751762285186,0.247270934456456,0.14161398025144,0.218544333752669,0.511874298667755,0.0140337311442853,1.21958211104857,0.0449700958733274,0.808251042563673,0.000135089511589081,0.0211052581005575,0.267019009457121,0.000248664482484142,0.889169255093,0.0834625178358485,0.844620643687547
4c9ea32e128f623294732f3817d46b1c,8,0.137719866781933,0.889784784586003,0.132565750134612,0.0218424865345108,0.747359620319707,0.821773261766835,0.0206597261827894,0.443454907901013,0.0356929564229694,0.777575658049789,0.000165017409382552,0.0262121620206531,0.212336476310257,0.000608771180273331,0.999152412128267,0.0764068173119123,1.54242480233262
c0cd62cf2d90de96347f9cafc017a055,8,0.245480834180345,0.81827256034188,0.955985382326095,0.546810951243627,0.905539556166811,0.736620117603129,0.0300321078122581,0.786313052531058,0.0348534782001349,0.733270740079533,0.00012651687756083,0.0617653499609798,0.258445937810787,0.00063238375116404,0.630999787572761,0.0872583334330391,0.460888726211073
900c4433add4e239a23e2e00d70706a8,8,0.201440043491268,0.978646996071079,0.420399623355941,0.77631901373794,0.503611324621649,0.791369129600528,0.0401591970936354,0.219559634062494,0.0378449931206411,0.639303243392252,0.000192478731112842,0.0386675876049501,0.280746736206278,0.000268518288992796,0.642023877870487,0.0964437841455155,0.636705238000659
6ece36bf0cc69deb2adb2007a3c61bb3,8,0.179489646859584,0.735282623104487,0.780586138215252,0.378875024135923,0.42298967993106,0.887777124637536,0.130213696967847,1.86586948439001,0.0388598298695948,0.653629930503611,0.000160295982866681,0.0292154451518448,0.157176187887923,0.00104311669049347,0.838011438315169,0.0715333372980424,1.06436703829687
c9707142ee1e72bdaf609dcd5a360d15,8,0.249455884381617,0.77167629421396,0.53246082083596,0.812785492912688,0.293489744540951,0.841593204376247,0.108025687153365,0.618693109998939,0.0421204987201652,0.829252954311784,0.000206294957179972,0.0418046726038364,0.191358846893635,0.000432288560925352,0.709020125508356,0.0778221194505098,0.77390658837172
47476d5d61ee11c5f49259ea37c2f247,8,0.248271035147601,0.983068285040044,0.0724871130644255,0.975302866555268,0.708022226800608,0.764794886612409,0.0563638783212006,1.73255990021432,0.0281183854776465,0.772976308189934,0.000167821848279211,0.0333461591796925,0.257191956035616,0.000385131328613989,0.781618000888798,0.0963297768928418,0.581370780625652
46bfafa4a53f6cea11e75a73f2af4e86,8,0.15060442514749,0.606788504100587,0.845862752204686,0.56089774796366,0.965958530331743,0.98917297269811,0.013658171048373,0.907357870561621,0.0308635362565437,0.668762333399042,0.000115376132670395,0.0321862057109397,0.275947956209035,0.000161226926267335,0.945203676098722,0.0909067896009541,0.827719251013019
9ca116e9276bd2d75235d282a1063f6c,8,0.101762486914478,0.773507405741408,0.58368030594833,0.996526026036762,0.214928646248009,0.463989362307876,0.043434212627642,0.456786238174888,0.0302752304737428,0.655075134197092,0.000132813702610288,0.0227389909401994,0.197639360613734,0.000381126587839101,0.950046499510324,0.0917244173967452,0.656773154018823
90bdcd2a546ee2ef24b3f56910505722,8,0.14249843421367,0.994505757090278,0.831635178197364,0.469020408962114,0.261405596193183,0.590055528128812,0.0173067383127806,1.72348339245588,0.0318466135357032,0.650857960506097,0.000175500334926134,0.0170019616199887,0.253911622766463,0.000373532564320313,0.955910975980715,0.0770227540810626,1.19902306391003
c14ce65182566784831efe1db3baf719,8,0.162677140611806,0.644953478571532,0.4385847056119,0.746309971776757,0.0702425707295804,0.870117216876516,0.11159012161761,0.808117153249857,0.0358155389343116,0.814381725105388,0.000137356784621274,0.0453905352984422,0.153385080721753,0.000229033769848944,0.843270263086016,0.0785638092407973,0.716618564881624
2405f2f6699cae7c7b33a265e3ea26e8,8,0.222210388504386,0.867905976925472,0.864448967372557,0.563954100691618,0.597590128104305,0.813777099334666,0.00409729330309026,0.829329036467771,0.0317980866410566,0.752786618561136,0.000167462539360978,0.0386113397510165,0.293950986684699,0.000281311722771171,0.691096577565607,0.0808777098022681,0.910756407518836
0c2cbe69d970b5d258e517c79be55899,8,0.243209842214522,0.753470644078981,0.360116663250151,0.457481405165043,0.915435914880089,0.648667217795441,0.0105389922278328,0.524879954310403,0.0449348411117688,0.710429066877208,0.000174833095109745,0.0354979510274881,0.323401499231067,0.000250560413095768,0.854430771571897,0.0944710831549822,1.30176528405131
a7212a9bc1f8980f8e00adbd97720c11,8,0.125421440218822,0.903963984046558,0.356124393140815,0.872707128969846,0.809475394465039,0.621740578622832,0.13436685767494,0.717963322085849,0.0301265628620268,0.778090902119301,0.000190203614790405,0.0221752204812574,0.195151980177523,0.000662563733790357,0.887354477216608,0.073393229343446,1.26872319107587
a39aa4d8f7ce8cbfb008f44e8cf2e1f7,8,0.136963915435673,0.61981680368121,0.299905595821722,0.954571366725277,0.789487649699115,0.676776528633791,0.00175147784606013,0.409233827851987,0.045214660389757,0.80597294654089,0.000157748176146981,0.0193541571586151,0.348246519473849,0.000876056413702638,0.645610426290082,0.0955351100996092,0.81820826704541
1a3bc240ea5846c9d69a0ef75b0272de,8,0.128040271120456,0.863515345374503,0.32919412721046,0.738165423724259,0.647596134157844,0.857999123874497,0.00722436796235168,0.193788213102503,0.0442609999655886,0.74628290502316,0.000134582063263273,0.0463415120136001,0.280679205048283,0.000269882856795021,0.701273041734432,0.0832974782938113,0.75088599804022
3d11174cf89a2176036f0745fc324b88,8,0.172222079305852,0.647244844174415,0.522317526449864,0.247765228263195,0.523656941175372,0.889556985601279,0.0544409889169004,0.683084958531876,0.0441262919833145,0.72247555675449,0.000119371080240432,0.0558180366381459,0.208900663189593,0.000666603399285798,0.847974281554921,0.0723206204618335,0.822790301919802
c489eed536a8d06c95bbdbf9933655be,8,0.132549932399319,0.895197384749493,0.925349727522322,0.0581292530082454,0.462106502812137,0.845490762085561,0.041733762656668,1.41965490883475,0.0402155754021348,0.659963882073909,0.000135831543010735,0.0278225897759717,0.235344679118361,0.000796583625401949,0.754845333433646,0.0738353775821273,0.88411591937008
c95cc70323003c02063918dd531ddc16,8,0.1550937281113,0.964007126596606,0.459507485966554,0.879294219347939,0.478096558017081,0.658427890525694,0.0908653283682799,0.389012471575629,0.0321501031079733,0.632235395101516,0.000230884324484828,0.0222851287429914,0.214406206046935,0.00074722899414507,0.663230856859366,0.0717982249015744,1.44789532168325
7acab5ff250b8cd5d1bddadc5a6b3242,8,0.104790847614877,0.788311678948125,0.443954559472263,0.283129672708027,0.835628152829544,0.741005977508761,0.0748671741995726,0.539187259300525,0.0404367964625565,0.722086560174032,0.000103626719216105,0.0390321720149302,0.191629723907349,0.000343442463354366,0.7707016380197,0.107766995502698,0.502425456966771
5c1838881cf7b2e663f03d99df779170,8,0.153738045312624,0.810316080043415,0.996082988838556,0.87386856378104,0.0646551305149435,0.759442844618337,0.0973423164570277,0.482208101330333,0.0302432344268907,0.831563781389953,0.000140298446918336,0.0405436584593265,0.159178154765879,0.000199386562147745,0.795856884912712,0.0886902248997525,1.28151310259408
738955691343187c591221fa8af7cca2,8,0.11292154952648,0.723198290232858,0.365435639036552,0.785356446298435,0.137137916575559,0.979869349489049,0.0219856527904303,0.238158870905216,0.044248494845683,0.630275378881792,0.000172136185302748,0.0227730044200225,0.272512558157646,0.000705650250062077,0.773302037127021,0.0755144063459225,1.34251955327346
e235cff397de1e09e3c8626215dc6d59,8,0.155982148798682,0.559756979561817,0.334402214075107,0.285092312235279,0.0270298661002444,0.625754778042271,0.0240148825096513,1.52998828968066,0.0335279060424601,0.646360762970032,0.000133541008993711,0.0254069686648233,0.259391115218195,0.000927223201367763,0.808936881765629,0.0818604519129463,0.340031551743408
92a6f3d999bc4f28ad7ad7745ed1114c,8,0.155969595644662,0.908118399967599,0.650053950880058,0.278115312840742,0.284475879075283,0.957253290941806,0.000571938273903755,1.53402975979101,0.0325693363714182,0.730185250627812,0.000176633190716815,0.0117172016362885,0.254618677752085,0.000934992213765945,0.945302311589082,0.0997992447119783,1.25462742808845
b712a1c7b325a98b981747049337e9ee,8,0.220955617920599,0.924687833601082,0.538716333463415,0.43511925757801,0.06561741836078,0.966992102497883,0.0995345297592743,0.643365280722025,0.0449797526528076,0.723110952940085,0.000177067073089686,0.0349054700681107,0.190412349575373,0.000490603358596183,0.837719684049768,0.102544987405103,1.24857861166542
8ed2bc79d36659225779e58a6ffe1217,8,0.217748785076486,0.914124526272571,0.0245185791659819,0.913086185192378,0.145073811468079,0.893503006601645,0.0505004555744626,1.13579463634108,0.0287443646583877,0.656932554353086,0.000159604338425598,0.0347781365876114,0.27026969670356,0.000606675064352868,0.866326307369411,0.0818426111035103,0.840852517577326
2fd55c45d166e34784fa4cadf5ffac0d,8,0.241978314294151,0.78079010368445,0.609389102572236,0.288689335171075,0.388484518416705,0.900375716357931,0.109940511808015,1.4171978662994,0.0257267401100144,0.68119532398648,0.000221269218946863,0.0206923322951077,0.22083815988918,0.000946914959324194,0.736410174713724,0.0926952315313904,1.276628939797
d620593a5c570d0a6d050421712e3bc2,8,0.107265722505152,0.886160800567135,0.994570707318438,0.499564334369343,0.434316455543534,0.610742294771743,0.0673656466961827,0.51038877093839,0.0275211284465107,0.694335889485014,0.000179632310526811,0.0220378920092899,0.194759447989279,0.000256771780344593,0.786096026760033,0.0715055089236088,0.985169968290609
ef4081d172cc276294a4a9c6c1daf2ac,8,0.147881137723522,0.755727036802015,0.535168033403255,0.382908423442928,0.445946221703198,0.606756830151615,0.049897589104017,1.51677223636447,0.0443129161359197,0.740497110288677,0.000189332824183442,0.0144852657281653,0.200733060059887,0.000622318232907079,0.726910870199662,0.0913640739030664,1.05128458425046
9a3a9a5188e90afe165df892bd9a860c,8,0.116151706078759,0.94241317995213,0.695588437444633,0.794702322290258,0.426884088242094,0.552363662996647,0.042128651256635,0.535055921036457,0.0456429349606778,0.742874997194141,0.000120359226324459,0.0360275143933972,0.275801164836922,0.000818712831788984,0.885779619187556,0.0771096982824881,0.389194370393421
e4fa85420199cc7d7c7615d5c732e8bc,8,0.107638282837265,0.972357657119766,0.828550697731655,0.663377608528518,0.939980555790997,0.519801231002876,0.0273460557197471,0.991627893553235,0.0373467753446912,0.798384633458597,0.000164129072689331,0.0134448193402057,0.233043847269251,0.000438059291510008,0.910365515260542,0.0862084444615749,1.27076558345094
4646975a9b9416f5df626adc7efa8570,8,0.150019499566489,0.680610290303674,0.934606424799216,0.951753158672244,0.252457945032425,0.677106647230772,0.00568243235042648,0.446123895534528,0.0457724500540661,0.767843559913646,0.000131120787689017,0.0377778178338057,0.266955073911798,0.000213027913187571,0.708652890322726,0.0852764231925049,1.38931003682132
1817bf14cff0efa8b64d12135e667975,8,0.120464475008658,0.879231909560863,0.973076060824216,0.791340459315569,0.863252227713392,0.93570304202776,0.0284785987950854,1.3809260365248,0.0365440006377216,0.763181611427477,0.000153151513946841,0.0213032628907986,0.24000055961833,0.000229486446328448,0.736061577908082,0.0763837023802189,0.850429972242646
3ba54119aff9dd1558b41f2805fbcd64,8,0.133578760527229,0.689572262981581,0.0731906011441948,0.88827086227506,0.210818916623984,0.546695118241787,0.059140446270055,1.38764934677338,0.0403107262301624,0.819563079777397,0.000159409236725424,0.0202645914972621,0.200928638311167,0.000195548341268619,0.998672528640445,0.0864985602955387,1.21199841319515
cda69f92ffe9d4b92e1cef90dcbd424a,8,0.239147057444213,0.840851637996987,0.461538654655485,0.763075577148907,0.00917834141151297,0.867973254213269,0.00670729405842978,0.603773971909703,0.0340365744004823,0.801716171235663,0.000177997514360181,0.0418742306776714,0.283911597875401,0.000791905551977934,0.661141210863195,0.0775566173514819,0.844202076063818
75513bbf6170132763195e0075576ce6,8,0.227876932835152,0.771553311947359,0.394951538196508,0.441796213731115,0.606712524085117,0.983341477186822,0.0625774074661694,1.21371965720283,0.0354909340603146,0.627931203763968,0.000124442549420674,0.053908774035852,0.237461181814014,0.000501012025592951,0.860687034500414,0.080120629744374,0.589853962044053
e9ccd48107aded3be40b2f8877704e53,8,0.206282317209302,0.737173182527074,0.92150768709042,0.231688615436039,0.229977263146292,0.692416563950718,0.0236501533965001,1.46761078910009,0.0431053703825149,0.701270090216576,0.000147667340595367,0.0237283273604709,0.285709771455124,0.000597007312889988,0.839437221257421,0.10248002392744,1.32709282114493
c3b45f2c507590b8d70899b11ba5f5ac,8,0.18160138985931,0.991504237763853,0.957579438884106,0.483282299799697,0.412069051791554,0.685590728087012,0.0567324299216453,1.66102171179055,0.0293011897034866,0.800186490126152,0.000138923994692112,0.0338659673819895,0.181245331425255,0.000499556916292851,0.959568088968173,0.0786492992895066,0.950057250636984
66394b4cd5fd44fd7f45b718c0bfbdcd,8,0.162565944534762,0.819159820285348,0.359613485758566,0.508125917912317,0.237305637667904,0.636094178633355,0.00680162923873326,1.75682468272747,0.0332196341629024,0.755200528945172,0.000137259614839146,0.0213176974039046,0.311498329905131,0.000977328288527558,0.804478705744412,0.0991146775360416,0.27912094588092
bc3829b86625145a9510ac82408fa72f,8,0.150612296098026,0.921158958358368,0.0994034826943672,0.0452472596574636,0.941244534084758,0.837157645177141,0.100954495005889,0.771358428439862,0.0373345882402942,0.634431928157578,0.000231551933612397,0.0108254552737798,0.198461346035439,0.000196878298897683,0.729644621007727,0.105124264416986,1.37790322397827
c289141f91e218f85bf7f4545186ee55,8,0.218947464208402,0.932852576765215,0.914651893060791,0.848120696963657,0.237949830915467,0.635544892117446,0.105286552179918,1.04750167781377,0.0390077853458039,0.692123942869251,0.000145333562237122,0.0350300023900825,0.208158971077358,0.000152290952861736,0.967393267352486,0.101156719697272,0.844681870515982
c899404e2e6ccd25a019d995636f8a77,8,0.195434772935312,0.695103226580708,0.615271720411068,0.130938591139514,0.878366764918319,0.864627145313984,0.0146880926963301,0.280242086966357,0.031859295131999,0.674949775358918,0.000114750237702827,0.0552088441068509,0.302326883431798,0.00112906120069155,0.98578218359675,0.0893789111235635,0.470123332472791
001b58b7ae1e00b0597942a38a590eb6,8,0.167357282696737,0.800325823731661,0.891660033227133,0.161864792980435,0.705381371373437,0.652919215366776,0.0325310068160655,0.884594608972292,0.0373803339877277,0.742151051276553,0.0002006542430364,0.0237836360285149,0.272626783407014,0.000191927514180565,0.623476615754151,0.0733308231243029,0.984282102354647
7e316e7f0b9dc78221064ae1bde322a4,8,0.137468871977061,0.640562056043566,0.511783277495124,0.854889579278037,0.579691077222798,0.62351412089301,0.0162829354660253,0.92643932257249,0.0381956057895822,0.822867310162033,0.000160990700976116,0.0185132095851214,0.266424813144397,0.000437312096988645,0.710568381966957,0.093305667273828,1.19201288279601
26a882bddf63f08564ef78d480e861df,8,0.14153562290502,0.866666304578915,0.986266713385207,0.566687990025384,0.917696343275979,0.634646372768255,0.0297623424381701,1.68177180948888,0.0466725974436738,0.670221190409844,0.000136778056211693,0.0210750340414139,0.189899464687082,0.000728776311860522,0.740973823176683,0.0888528423933346,1.10666802586258
777c64155a33b11546c40af169593418,8,0.236255453109052,0.999247316758495,0.533000592375397,0.808692029885937,0.834096678143319,0.822641838942913,0.129808635156732,0.328405753251835,0.033175244253371,0.632236222311502,0.000182921585700663,0.039638269179351,0.19495965067034,0.000612713161718387,0.781709768371165,0.110733945704318,1.18300059504158
95ce9c2e6d09c66ff4fb85f0aef2ea01,8,0.143770235127722,0.927974715796533,0.602945323631695,0.888065648591197,0.0266153130051167,0.489101728892934,0.0454665239869295,0.968157193199697,0.045441376329702,0.635178602004731,0.000183223676175908,0.0151076261686496,0.191038967722526,0.00109500123449705,0.62180441238547,0.0944802304089941,1.27944470070931
b60ede43343f772873989e1ef37880e8,8,0.132978364073475,0.896260497720155,0.188143844439747,0.40764869394796,0.599690520639792,0.95742861626151,0.0854314056102207,1.15108326457571,0.0419663440597403,0.603670801143624,0.00010881055600922,0.0459069097090465,0.20483249868703,0.000211733542514281,0.917833391678178,0.0730958109693977,0.316680972265223
eb7a3cdb77401eea3e6b3ef86f342a03,8,0.171177440875304,0.834571263327673,0.329073389911124,0.807048578266318,0.275197910981643,0.941845198519979,0.00986454919918352,0.563890501577774,0.0447127485158657,0.761980697817776,0.000125887297960301,0.04796467282322,0.282420698660962,0.000579760637197676,0.944732413256116,0.0736908152727216,0.594276990380646
1bc5d9ccf194e62860ef64d42c1a0a3c,8,0.133767130301405,0.690950520452679,0.91882664967592,0.693012790478602,0.981519002410744,0.846763194350387,0.116278360348907,1.87402218810037,0.0455713110582059,0.697883870409252,0.00010514296967187,0.0314074288346518,0.141845134003748,0.00112913630015173,0.830291348369097,0.090375007515411,0.669366028324862
d9a734ab33ec5837290306861619176b,8,0.186814720367121,0.82333479574621,0.558860407656346,0.861217262833722,0.858807785274591,0.656589879783338,0.0737235925245222,1.37890682472887,0.0262826280452349,0.738651330995682,0.00018307767732601,0.02193006788896,0.207438227281236,0.000186672690092546,0.756272736211029,0.103145923093399,0.991748920178717
0f2482f8045575aea91187ab746562f4,8,0.162297736679479,0.905509529015176,0.8605323709421,0.163278418896936,0.883722792752412,0.79880375589579,0.154592068119085,0.631459792728474,0.0274606065127897,0.622715094002256,0.000149218018751354,0.0301435748941444,0.143887491891805,0.000465415329599814,0.83451122767509,0.107102842965804,1.80248479768294
b55cd5d4d98bda088ea146ede21573f5,8,0.202524648205968,0.973446544778994,0.300730519311225,0.409091382784502,0.919011320620347,0.631042228060941,0.0935566254032379,1.3552255771978,0.0407185172550054,0.788856743980907,0.000137141028543728,0.0403329542737421,0.187078601904984,0.00104411817065289,0.911636091256357,0.0820619778944187,0.720692827716137
827c8ebf1bf197ed409136f3d9b1d806,8,0.108060371255915,0.9734946798983,0.166140221583345,0.433424253503087,0.912010987229073,0.67565999341252,0.0171474954355367,0.808747453542462,0.033947291059142,0.840807387848275,0.000144508231506375,0.0140035963789716,0.215746834874631,0.000574967063598082,0.781282704051846,0.110553381651343,0.79690346109957
d3adf5ff6e8b688b32527ea049fdb095,8,0.123589067186465,0.870670088152287,0.559846925514062,0.591194035626917,0.730424783334602,0.747019462467722,0.0682867043649078,0.520793008381962,0.0372410770288207,0.809707782590691,0.00015402747553657,0.0192177653497762,0.171239390558781,0.00075446386071805,0.780550173848123,0.10837651894701,1.59278491868333
1cb3ef1983a426c2d1b56dbac251e17a,8,0.214546465947282,0.802215693896765,0.807211446371512,0.788780405906899,0.554221644392614,0.938072183504635,0.0544529043903256,1.3574657203963,0.0254089810213765,0.680617890042661,0.000154616308205643,0.0242471622709863,0.231695024318257,0.000969746054967435,0.669221081742639,0.105448264948414,0.908036054047755
e5f4f34c6843d98a65c31535b73adaed,8,0.212318019420408,0.9256969054886,0.754911066972897,0.376196544114021,0.353925623106239,0.729053052458933,0.022133098511246,1.34466832489641,0.0321913184289984,0.658878645205456,0.000124397402567243,0.0482171798340615,0.31665523820547,0.000228583982937552,0.915763301613683,0.0741401135282976,0.297122873116809
977305516ef25ead8f4a27ff7ad5b3da,8,0.144218602472771,0.804977994706877,0.0425029399178525,0.443321816669144,0.304085014799339,0.803904670838843,0.111902579606619,0.431940561277232,0.0276414635133192,0.666803505630237,0.000135137594578424,0.033606581176234,0.141921793177416,0.000988634701668553,0.978671927766209,0.0982426317261437,1.09594784014495
3726547034046357777e34e6d65c7804,8,0.200426957385314,0.910777962010972,0.894195572839714,0.244197454503891,0.670435161270999,0.988437445508459,0.0251423705031224,1.28159498883999,0.0396298045689199,0.675022522449088,0.000177952278656107,0.0285523693763639,0.2900142689904,0.000641708589421106,0.732637978914953,0.0728615793244748,1.28868295478471
ac986b2bfda4f676ccb4693f6a7a2d14,8,0.1122658518147,0.85353037969566,0.268056674090074,0.443260622815767,0.971960801706009,0.396893804569837,0.00992319567938646,1.07275621419045,0.0297207817669248,0.7543137568507,0.000113736075745855,0.0253902936216958,0.279978387481978,0.000780658153564828,0.87680765966806,0.080295267188453,0.354707214523778
9d59d1d69bdbbab5936c8eaca658936e,8,0.149805494973033,0.782376053409841,0.134688590714667,0.762306633113185,0.0792139637733036,0.802394736575179,0.0780171180547787,0.860884331195934,0.0326131487497541,0.702574185034203,0.000162957684087116,0.0230125536331965,0.181445069987398,0.000626435201514745,0.688611638383249,0.0966905377234679,0.562063995757238
c6f88ef43ebb5bd2f4fa12c4d44150ce,8,0.189387358794526,0.805359283572672,0.848014549528598,0.979620724760616,0.651552324245482,0.698599608765328,0.0848257656179506,1.85555324883505,0.0351225092460941,0.75670721667579,0.000159184408405092,0.0302682955702841,0.178621397840217,0.000493530098085931,0.749179108620601,0.0813115041844697,0.728864680975213
d95671db2b2392ed497641975ebb5fa8,8,0.150456934733088,0.931554075920887,0.683346177163835,0.364894303567879,0.994205013023268,0.948538090000476,0.0293898701048889,1.31650697253206,0.0317450968228397,0.79073844419464,0.000157358790622002,0.0186488606732588,0.183785535530369,0.000926580156086695,0.806435518962042,0.0978615375395364,0.910278204218458
cfc0dca131827a13e58a6dce8d45ddd8,8,0.172001888612051,0.999626732131167,0.488976367549827,0.559072398804265,0.149667288831517,0.721700637208179,0.00362714462119627,1.55109640344517,0.0267981679812401,0.673099398347626,0.000164285523159095,0.0273616168048389,0.265939007124897,0.000305085340383045,0.702531040949877,0.071390444889098,0.652917170263312
7b9105952ed54fa64a37b6e348e8183f,8,0.125360732051879,0.995053223472306,0.415939757338663,0.632862244624121,0.746421888800242,0.481068145868122,0.142864066574105,0.358136749037157,0.0372558660830093,0.657833072809247,0.000184344865101146,0.0156609759713651,0.192934934298035,0.000822529878375056,0.794460808932175,0.108630347205949,0.663303962777826
b9ced7fe69c1218c7b11e48d2829cb39,8,0.114704426488101,0.660217423780188,0.412205723721007,0.0353842638965751,0.463167770134716,0.831531732450094,0.0527268804923532,0.762953103588321,0.0360027766314753,0.674731040429546,9.33582033405279e-05,0.053998431992775,0.159794284078544,0.000189694552046418,0.841681767450168,0.081186042078426,0.347004005269589
1d3c4613c3b47e59a87c13986da244a8,8,0.111811531823601,0.940171632963273,0.354915880896031,0.791460569763354,0.612716401779428,0.924889194092669,0.012960207369563,0.387636119556416,0.0299022869739397,0.771178331986491,0.000113904831511848,0.0418872877769079,0.224163355358795,0.000225687205971919,0.809145915319307,0.0850424899145757,0.45568185044571
fc7512696fca9315e6f31d29b01795ee,8,0.148475049771964,0.633390389545096,0.679564570990453,0.597522570149706,0.44493614949375,0.97072360080202,0.101666517712216,1.04941058080616,0.0311213280166878,0.791426770275909,0.000158024225976005,0.0281101521956721,0.218658367943555,0.000227567785782194,0.850729131046253,0.0844979162091097,1.00202203218474
d407acd80a18202fa1cd82c5a517bb13,8,0.238340425621323,0.625636348560066,0.784712797496468,0.435914744116941,0.762475944759824,0.870526765534947,0.00307062561883437,1.51575520017683,0.0299653693492349,0.744195862351656,0.000119945590289577,0.0444179420055262,0.269338316214001,0.000653826426104796,0.695829876935586,0.0958951097674455,0.571840022441245
5b8a1bc210699a99fc6a27cab051cd72,8,0.107038903543489,0.931962000314557,0.781432498131574,0.710693023951488,0.74847569979164,0.910002468357439,0.0502205751252698,1.01989975634756,0.0397739882514525,0.829032006988748,0.000125724296194423,0.030414033483761,0.245015142512642,0.000488603819659522,0.911461317835103,0.0703933581651029,0.760027600707062
7a8dc627d8d84f629595e359bcc310b2,8,0.112329710378715,0.869336940633197,0.204526609266793,0.257261192493521,0.887426764435094,0.868561535909897,0.00130282092397162,1.37988570444055,0.0290313352085952,0.613706953433066,0.000133046866626239,0.0150469032516022,0.251361691869644,0.00101386375971832,0.943332924131309,0.082940041781037,0.546204158430753
e6c34c4be8899c2823722fd603b3e4be,8,0.199016852249715,0.808096951087421,0.797385489999964,0.371708165448851,0.68011360124476,0.96314864707056,0.0873408217144846,0.512167738368933,0.0298901184936457,0.659091688447083,0.00012564896852761,0.0634263356582015,0.160294116010542,0.0010415354321599,0.889725231719022,0.0705700772325067,1.1288436601178
84f468f11e637f58be7e6ee186aed21a,8,0.244728160725514,0.803799148332823,0.642535713140986,0.278334667995,0.873493794850587,0.616227021443776,0.039182024942123,1.23887767409958,0.0332147691417815,0.606956156029063,0.000161830812379108,0.0270107914994322,0.297409329088789,0.000923615928465436,0.929238941125533,0.101150474311371,0.498206593557613
7dbeed7d1bc094cf38370641589c19a7,8,0.194311764964132,0.943026267122786,0.0376047635659479,0.305150904143914,0.735939728516661,0.971430310086887,0.016225403570194,1.61670674458787,0.0309717150413393,0.738099004897389,0.000151747028600999,0.0244253754188588,0.277367684407827,0.000313892814717487,0.831197211592429,0.105804252639153,0.992183725551632
9737017781d6d101d2cac2dc74aeaae1,8,0.22765962149186,0.83007413238937,0.365527645807614,0.626091526480039,0.595743173031318,0.512255504016187,0.00580860819715329,1.52840665056038,0.0441272408479735,0.693477524756398,0.000188303439309421,0.0241046503485477,0.328567224715911,0.000561095358357475,0.993654699662805,0.0749083446201909,0.964675568728315
e66c7b6ef499a982754f0b5a81e22b96,8,0.192975156026265,0.761111633830972,0.178372879511821,0.533780753491515,0.312619415435714,0.917749770140066,0.151531342233148,0.249431338847896,0.0391410553900208,0.652100361003245,0.000190863110980513,0.0370394762837939,0.145283392623584,0.000992028243097631,0.896271459366871,0.0864134938279772,1.60181892036218
2714ff764c5e88dfe8e8f507cb8d1fd6,8,0.11759459966066,0.980608850289187,0.240173686231651,0.323858519175778,0.670877984961947,0.572207684630533,0.0155422252913903,1.66957487097514,0.039043059477904,0.756197862959872,0.000184262134253149,0.0106270773320843,0.223920939791831,0.000473145602536681,0.714810589313966,0.0919875153051546,1.74071343005733
bcad655b40c7d33a3ea39266be0cbd0b,8,0.129051927916364,0.845758390612843,0.0960638304080588,0.538969249032671,0.644384996879397,0.926773157688678,0.0778237088076073,0.161115006126361,0.0443427587897282,0.784103133274312,0.000154827489197618,0.0447280342958006,0.194645563793146,0.000475377109731032,0.955062825950141,0.0814816334064766,1.6344387879959
3d5823596048455bd5c6211e05db2040,8,0.133858860150861,0.651386777181028,0.507901816167817,0.352631478277052,0.373216399156783,0.899000003680821,0.0394360410905361,0.353627512661833,0.0417677358932557,0.821875411615299,0.000107894520170676,0.0485383483484771,0.208882461519782,0.00035146751464397,0.885809248648002,0.098475944097501,0.851488516039946
6f0a96b296c660e4152f52091e5408ae,8,0.164191511388574,0.743743237545047,0.1683162608955,0.952052962689161,0.182528939341239,0.881778929160571,0.036301680415105,1.64818904972175,0.0391156934287721,0.676634941564266,0.000149270217396723,0.0210922000621082,0.242281611250735,0.000849830465850312,0.986179972378981,0.0891441929233317,1.51855530027208
863ae9a8b4dc56bf6db2a1e48c0071e2,8,0.139488451877539,0.760653558390877,0.887004286753038,0.970094827431381,0.997351998468957,0.790429226940642,0.0735320447952739,0.742949685887176,0.028758806900584,0.848532855728768,0.000135994628304964,0.0348462397669788,0.198304713508266,0.000976907750062052,0.875222807920142,0.0741179404327973,1.37925700075711
5fdea091692dc890999754716c6cf385,8,0.122371910148363,0.725215960575263,0.998623893019445,0.71069466352925,0.271331304338682,0.614400931984612,0.0838861131895065,1.20288625008192,0.0267700114823751,0.815530454714013,0.000115896575973948,0.0308531146800176,0.195428385207096,0.000943982805451558,0.706920680230753,0.0842829488907195,0.387698870148999
a5962743ac7259961038cc7f91ca7145,8,0.198333312837266,0.765885982227674,0.609468549064631,0.507073549811424,0.263715715110696,0.844757464920519,0.0478407704587171,1.5601646898012,0.0399893298238133,0.752258054633909,0.000182251344277498,0.0187656366070691,0.231078426607746,0.000729925013533848,0.875576734786602,0.10130386481676,0.909831077322451
664687b9e47bbffac75c4798c1a493e5,8,0.110988774376687,0.570754860974943,0.857607011944004,0.0144142976158079,0.478235578826314,0.870902933594763,0.0786762719224416,0.916379670365171,0.0399576984223525,0.75241098693869,0.000100583184076504,0.030502277439331,0.217411476462663,0.000423305116813672,0.861459738917374,0.103875785505822,0.740487714989575
ec67512f5a5daf35a21a207089bf1284,8,0.165633476692343,0.978805829281115,0.647990487764815,0.54002970470446,0.402589124136344,0.885201155491955,0.155968147039086,1.03386721958451,0.0452648442499095,0.785364956018033,0.00018625062923079,0.0234201084263864,0.131671434263105,0.000565491430434269,0.862050049982389,0.0968406462545489,1.78026163958549
86056a06c604b0dc8ba0152580cb194e,8,0.214533807962989,0.697605812873791,0.612238860869205,0.321942553960783,0.692337521273756,0.707282170203187,0.0174146916731544,1.24562712234228,0.0461635375290682,0.781608150657296,0.000151001378527904,0.0283375662844338,0.278055476455783,0.000528977231776812,0.84470390659907,0.10727024085129,0.771858527599922
465e10ed5476502d45b7baaa539fb8ef,8,0.126650724744452,0.432353119825696,0.0531240696040571,0.0706257741759798,0.895816559384334,0.917998492426454,0.11243186735082,1.09851180629168,0.0320558910945462,0.762560601250627,9.77126449790432e-05,0.0493099339088394,0.130358412315083,0.000163314395887656,0.850394454190344,0.0861604728248333,0.68266348320414
3a0273c148221e8ab466557d021b8292,8,0.124035635424381,0.808690806323607,0.604442410901966,0.384195213601942,0.15247895328025,0.734588906137576,0.101171936193517,0.502236332692523,0.0256040551521195,0.673718205700502,0.000210192147768495,0.0097986248899877,0.188340009677139,0.000600571428960729,0.65515022363921,0.103680881710972,1.60604412593163
20f93accf7363192c13c29ca15cf5900,8,0.140119160538625,0.910429796230799,0.823460779022802,0.989648367319931,0.755385812031471,0.657248787542444,0.000739279201462439,1.33542723936652,0.0383823293852671,0.798362133123121,0.000107709688116424,0.0282827568508438,0.231044168930597,0.000983180513976879,0.705013356031473,0.0985238009904558,0.686593414268998
a10cfd4d3cf50c9a699d98126a9987d1,8,0.168873551214241,0.93110786949196,0.908832020985394,0.919734370258606,0.844901662222572,0.919635484424842,0.0467448267337265,1.83099531446217,0.0328557433165153,0.7350160066876,8.66732843805868e-05,0.0483753418414392,0.187073689435644,0.000810638131023648,0.938538354805757,0.0839928296552164,0.377247612837329
5c6b9a30ea2bb7880e062e992dfa9d4f,8,0.118663034063389,0.950091163305257,0.774507755910505,0.347676439396284,0.15843171115487,0.688275715498542,0.0748903235493981,0.194806422182418,0.0445111052487837,0.822607403598783,0.000156810211250042,0.0369887945031039,0.20976054171263,0.000753428566282184,0.681226394315115,0.0866579684239051,0.843435217197587
d3de0075447fdb3b2f3de207339bb985,8,0.103254808421006,0.928820865346599,0.416518867460545,0.246808083973113,0.568528985346253,0.819676030673113,0.103850341813091,0.398541539810907,0.0301977253975957,0.774922449799573,0.000142442659731683,0.0313844134859919,0.167898787353376,0.000536167899368014,0.673113161948274,0.0915120657759391,0.705654924565513
a749d1d026699eb10402911d507abc45,8,0.115612011430976,0.796865891135255,0.016158237017157,0.874257203166421,0.092179109239129,0.949455308077249,0.0201201571443725,1.27302209145564,0.0311219908487163,0.738283333273336,0.000152446043179206,0.014417096298259,0.220732173647651,0.000854360375855474,0.795850882943941,0.0896365864807605,1.48913257361171
0a8b71fcb8a2b4d7d32af67007c7295a,8,0.139435512908536,0.794875975172011,0.868343630457701,0.187831868819981,0.720847008780402,0.920462419568572,0.0453562974657733,1.28513711779083,0.042947396206536,0.748973333662592,0.000161755841261061,0.0185557439431731,0.24531473420254,0.000406481976328223,0.714083742842172,0.0904649356178172,1.16238913532851
c4fba212059ea62416bc4764dc0a236e,8,0.13465254573485,0.903879723967495,0.321097208228962,0.944454296600683,0.285653916180908,0.644582888083199,0.0505537659747582,1.43246853461569,0.042198493226645,0.638071358897047,0.000226134352956941,0.0069587325986221,0.241710154094498,0.000778617905301437,0.659135137117376,0.0985520531921009,1.74690071940913
9c34072494c62ec2794507c547e3fca9,8,0.132675668154907,0.760140124218672,0.423118020697593,0.299126186848221,0.657996378343652,0.770661354404083,0.0984465291292929,0.636665550009181,0.0369263460219662,0.713746956460981,0.00017071378394227,0.0255275666842465,0.195572673794803,0.000295641212729356,0.653305705898261,0.0896960022372153,0.809072619793258
1ae383d632022c89074e7a60ca1713bb,8,0.147869469597215,0.580828560390932,0.569521606763729,0.723141545095166,0.713400713077965,0.902715441624263,0.124243394756653,1.06629808658199,0.0418608014295028,0.842120347258477,0.000140348938233246,0.0267138899467289,0.157553892246416,0.000361991437373181,0.86230549061173,0.106024328648731,1.12972939552851
c3399d7a7b24cfe95c6f1c9ff1b1cbfa,8,0.217953309877356,0.912281968688066,0.417812414150086,0.881672560434484,0.550046180216219,0.949019292903897,0.098439251486513,1.81386499465516,0.0341043270190089,0.60513714970381,0.000178395505423446,0.0250751539302606,0.182363272198288,0.000908387545976608,0.865662901458083,0.0905525186204496,1.27551129679936
f19d279b701e910e478caf5f769269e8,8,0.175196283301041,0.716672384103443,0.521310171351361,0.327423254572701,0.691785422963833,0.979958328813511,0.0658386925265002,0.680530664610733,0.0429760387276731,0.600870976852414,0.000186336999686372,0.0187720756769737,0.241929965529326,0.000896258125544616,0.62660128236294,0.104927779945625,1.43656840581807
cebf48bd208c1866c886721e644b56b6,8,0.150558163130781,0.774639915995136,0.179494962842539,0.969624317036805,0.657713487656181,0.726885403600174,0.0234127011247867,0.689348248193716,0.0312083214739407,0.702301509506814,0.00012447688048524,0.0332822552898544,0.22597325197652,0.000985795577797588,0.740976499884895,0.0893924607540531,0.518395537478249
ccc4931ef663b8e0aa8d8f84ede76f19,8,0.174845464916143,0.872057103719477,0.327498321988558,0.736991309211692,0.262835677725687,0.65052687130368,0.0229474240474818,0.279109844658424,0.0343659676234686,0.670779522411899,0.000190279152042779,0.0211875263464827,0.254547518856569,0.000900849803315995,0.888821804253826,0.0970696989520888,1.74896612755667
815077fb0721eb03a0896839b075c756,8,0.203756020606206,0.832806134024805,0.537658829168547,0.855550581173687,0.225473611346285,0.8541770779931,0.0824118105988562,0.965746072957271,0.0299945415422793,0.737339360623185,0.000177308197977536,0.023765545285419,0.205101664637897,0.000393690100472178,0.919225542529754,0.106016838935393,1.00966947477829
0adb3934cae401de12e981334ffb25af,8,0.161632711608512,0.787737313948268,0.404990664798671,0.319723490705895,0.271396033541429,0.836726672812389,0.0140705470095135,0.477349647995972,0.044961163733285,0.647793829846033,0.000129219940575507,0.0548168920316332,0.22467392839404,0.000319837882495984,0.806975526840226,0.0708253110193848,0.467457160728537
590190bc807a7a79aa0fba061162569b,8,0.100294555458369,0.873902801542493,0.654866362303283,0.982291130194875,0.914991415228458,0.479307742564723,0.0314055869657133,1.56108527608777,0.0429911415870773,0.661886879055828,0.000145331926069112,0.0143772890403419,0.253483674745253,0.00029210851496368,0.750738713271236,0.0911278919785706,0.526482697341107
78ffcd8d3e0069325c368fddb3249bd6,8,0.226370773415721,0.9263942204054,0.476380480138931,0.567705538928567,0.820834489544282,0.966704088555191,0.114564004648275,1.398946840632,0.0262029000499893,0.702621920153405,0.000221450203112976,0.0245203611859367,0.221009881677602,0.000427606305354419,0.729962399769943,0.0845057815869441,1.23482167002235
ca3210f17d49ac7cdd1acf79f58e1f78,8,0.127723615341661,0.861933683432322,0.776065130060152,0.165619926775398,0.537945179463303,0.953665783436725,0.106777232144285,1.68663233597158,0.0343743604522752,0.606975634790048,0.000162093257546306,0.0170048188525023,0.171499511198229,0.000451510103800442,0.946348222635608,0.0922996775434511,0.897064957033897
947c3b455668d14f693dab111d6062cd,8,0.144358794816276,0.981820949039928,0.016357161701359,0.900981748357624,0.0464713604084511,0.999532648413015,0.0603348884537441,1.61169109922944,0.0352244896506092,0.601361973060976,0.000105110691003747,0.0320054661857941,0.203341016488546,0.000822716072860404,0.895688277453078,0.102584990999162,0.532395714077386
858d1c108d63972072333cff0830aa22,8,0.209065210433114,0.972288981101863,0.315938773257452,0.663455319903801,0.887484978703638,0.842309859233986,0.00568717820445144,1.2209522870526,0.0460026168917771,0.84079747939416,0.000134838609564279,0.0406356049612692,0.248294572793044,0.000353032665023935,0.907211564431282,0.0823717094770154,1.11906616018691
a283a515f9bb80d7b27a5b34a27f26b0,8,0.235341452491899,0.797861752678948,0.227070582482077,0.876296671901107,0.464147053129872,0.817323586987273,0.0633670284404302,1.01846501777047,0.041029257076259,0.718887985116791,0.000150699251218456,0.039719872652258,0.218422641169451,0.000351715634618067,0.805543499695007,0.103280516446158,0.639559809757692
49248e0ab4f552770ff33e7fed76700a,8,0.127400799397908,0.981170199119284,0.26354770215158,0.71876925301697,0.85620471189521,0.757792157294135,0.0306642202167614,0.25274656957311,0.0417569650227015,0.693422659613553,0.000137629079328534,0.0379293574451648,0.244708279681193,0.000850795179773084,0.676686957424626,0.0902708152159956,0.345605931973653
3d0f2c81dd9e0e169513c1d0460e1e80,8,0.166216582501144,0.904002200188824,0.116183089164363,0.249314261682243,0.190738223837945,0.997544777348227,0.0298152004971998,0.659660341709688,0.0386740462899459,0.655022225258393,0.000107165812903973,0.0476223542193319,0.234983443319975,0.000811517213348556,0.924852997872365,0.0944943706673761,0.483445166837419
050bd5ead25dac3603365897cdf4eb14,8,0.239583002407439,0.680583411026295,0.06554135700407,0.338800278891285,0.749251088260498,0.982460365556026,0.0336959907862315,0.718730514473664,0.0263559306967699,0.678381097651094,0.000168758444180735,0.0360080229619023,0.280836457655391,0.000578554165650964,0.635834240940269,0.096182370703923,0.979073396747642
f97328d76b594352343939f1181435d8,8,0.170330712379907,0.880129089498503,0.51961087837211,0.945163655672496,0.538510316452885,0.840794538153823,0.12106391617147,1.13352120594821,0.0351493113659081,0.80440720626962,0.000127780741554586,0.0403780577176538,0.184327777498517,0.000517179377427015,0.966897537597096,0.0842382008403905,0.50546941134579
464bee80c4f09c68eefe9a373c545e98,8,0.198870058877054,0.925468527459183,0.813984226844434,0.222897110387652,0.385961959282354,0.419278552244531,0.0196216442926448,0.991133461802803,0.0285421660829623,0.690024096053124,0.000171208694826079,0.0262949174634391,0.23835340122574,0.000461913471425407,0.901363512421344,0.0875788354940128,0.909500959850463
565e4844d3d47e41a97b5f97137a69d1,8,0.103961628561623,0.898097277846434,0.718216016312945,0.687182769868591,0.414692326014081,0.974483645127511,0.0343840147106301,0.20134514384165,0.0359446131934901,0.63353601361737,0.000161150925426366,0.0203328260423998,0.233691771879076,0.000570445573328089,0.999308326329165,0.0923939154984728,1.36583626361295
32802d61b979e3d6bb0dcbfd236a5ba1,8,0.111953960845986,0.565663101061924,0.690523506616831,0.253819768057951,0.85947289646331,0.684503689271949,0.0408524028753844,1.38143408492344,0.0409706703307141,0.718968214688036,0.000106210841428401,0.0207594854287277,0.213907697876516,0.000839166700082014,0.821384523969729,0.110456210383507,0.742988606219452
3b97d260eecf11ae38140feaa058a009,8,0.14332943727844,0.897776009854346,0.407168361107213,0.430815306140439,0.220061448988409,0.971489178102839,0.0283605168661988,1.86526862608498,0.0263337103148493,0.691847686791978,0.000198360563057061,0.0112657716914046,0.195474752843903,0.000539416963893063,0.653315096928406,0.0955145953041043,1.74813435285723
3e92a5b7c1eb3d1fbcd57e40ba9f2a99,8,0.145079564640137,0.721867561982977,0.40640420596759,0.685323725280229,0.529549403425635,0.57788226091707,0.00562570753461036,1.85986181688933,0.0402678681591434,0.771364745913773,0.000140652577767201,0.0176846401778752,0.263596123114731,0.000920602076705127,0.753683439977982,0.101045049940987,0.945147108171061
4eb57b2d39c9238b75c2c0cace5a3901,8,0.246197114561274,0.836002501140815,0.129000095356109,0.38773397112522,0.30528991794039,0.841473902788017,0.0886752413850923,1.79961288747286,0.0258638131682245,0.768393668988424,0.000175025162933086,0.0271474564212425,0.219804887525231,0.000815634191278277,0.998006426205327,0.0880559657517085,0.811241802131975
ae28f8e10a556a8bd089ab01f3f2e125,8,0.234015371950667,0.859811845789596,0.905429001554782,0.559155758995758,0.37176972615322,0.604525719266422,0.045784516955605,1.48889956211318,0.0270521345557889,0.605879111013183,0.000170819945750027,0.0296844415684877,0.251461955063517,0.00111042956308975,0.708995870021715,0.0834981640454275,0.49416705357089
6446c01db1831045b0abad99c6a0c681,8,0.114397770181743,0.959022068966896,0.557363964058527,0.288513606178766,0.823856359099891,0.708662006126395,0.0920098327045847,1.02292053575113,0.0367212899535122,0.63756629673212,0.000183010455973772,0.0162879264809238,0.187756115708605,0.000497612014138009,0.75475935396176,0.0831776185292414,0.965493041738963
6f69e1fd41efcfdb7ac859b82c57d7e4,8,0.165733066058032,0.854674125253597,0.7350996568641,0.737883366131094,0.0969739081915845,0.671348733057025,0.0176290673629921,0.459775625406798,0.029158261256172,0.81174409279955,0.000208567182299954,0.020021411322129,0.276525455275523,0.000539022683895998,0.831112211325865,0.0786487842863756,1.65022098676623
6ef8e4dc37b37c395a6e4f24016c37b6,8,0.134304493642289,0.92186017872104,0.782483913052129,0.0270341674384819,0.72380599006966,0.707677843664366,0.0922904432951414,0.957964330562125,0.027453965309038,0.690725940119887,0.000121452151540846,0.0277210034267388,0.150843874942758,0.000789564224146664,0.910874291849453,0.105696849054447,1.5260699607707
5b7bb1a1116c42ab54eb572ca4105a3d,8,0.137292587204908,0.842227298851713,0.585271702936957,0.844014436079682,0.27578535092065,0.726863949027849,0.0402813534118836,0.744294908555663,0.028406113086996,0.837574266943488,0.000143508547020564,0.0369651811834106,0.201255692015584,0.000190838700355928,0.904382513598561,0.0707894737981849,1.2523049032312
1d6bf1113f6ce7bdf27152ba22ffdacc,8,0.243888304588816,0.871038124050751,0.719965148404539,0.961921236975639,0.734459736121815,0.808662510603977,0.0139217322390958,0.741315697046669,0.0306739121821389,0.846667523467995,0.000182745852501819,0.0282673037643877,0.259581863364458,0.000636630040907435,0.892101202293141,0.0964721805750133,1.08438626288094
f905b22321ec77565c3bbb306f4c1fe2,8,0.217575959072655,0.730676403646705,0.732164959598963,0.387201353655957,0.405737261376275,0.655533785653377,0.0638240468189055,1.87981449882597,0.0276345368558822,0.80134643974078,0.00015610605440978,0.0294500327449924,0.190307993349283,0.000710009105303691,0.818888969020598,0.0917831515357315,0.654719326672677
5134cb16aa4f65d0fa1f2addd7532cdf,8,0.124340062883754,0.701637459902095,0.823746934937834,0.0881406151980799,0.648344441873521,0.688292213099259,0.0328480959844845,0.435426560356933,0.0375936893490131,0.776478321647733,0.000130928195101529,0.0353105489843745,0.257892651275889,0.000493506525031194,0.899518142814828,0.0753018975920712,0.447996190905954
a42679eff733c54110d1b13dd1685c0d,8,0.222540589993429,0.842476891630903,0.871391111210602,0.21501214726246,0.892930671104473,0.865563797987444,0.137987790413697,0.814429539520778,0.0385368457740481,0.752636738753409,0.000203473955429602,0.0227660104887918,0.168770838332448,0.00059135502281727,0.730860313442473,0.103656225023484,1.67545354554778
bbcbc029c30d6cfd45f8f3463e9efd87,8,0.200797539394193,0.836708494940939,0.259564388370285,0.366578926556822,0.547113022708937,0.880853905409525,0.0202932128824669,1.84935763809817,0.0436346793630113,0.799482944128651,0.000131430946898486,0.03064867828195,0.22542817878337,0.000234807237800184,0.995616816768056,0.105024880793432,1.1711476087527
ceea496553bcb86d667a9ebcdb170e67,8,0.139105641365802,0.980545489750435,0.319953270785473,0.84282078924885,0.915729041824867,0.977018567306942,0.0211991451455152,0.790061786162207,0.0291580283257969,0.659491035236035,0.000165301696622843,0.0214185596986921,0.207374114549946,0.000569136483840145,0.94673094951823,0.0783370325956583,1.58229763635071
553c2c960438b28bfcbf74a635456ca8,8,0.147210192817647,0.92975450563903,0.893817255796748,0.110950697159535,0.549128457765174,0.608601178489345,0.0331104108810132,0.336237025452045,0.0406478840141787,0.66011001517965,0.000170400379614758,0.0288484133770835,0.301657296631381,0.000271747212774193,0.735779434932248,0.0849827205533973,0.739917719518415
94f5c5883c775d4e9d4962086769906a,8,0.202427943709611,0.905745129076611,0.16332829519692,0.877290545766625,0.540876454282432,0.863555800284893,0.0729969779276853,0.190901974795395,0.0466951333154893,0.602616913970389,0.000209851688905585,0.0396723247866459,0.228368526612857,0.000311088185401411,0.656089386644377,0.087376557243618,0.693214636354639
95ba5d3bbf11646d99ce2e1529749a40,8,0.160743501195061,0.818411458389103,0.772857679456818,0.0104536537714782,0.490407518716067,0.860876828809923,0.0200035732151641,1.7012479655004,0.0323171948746373,0.75005425926137,0.000118207484953313,0.0380010109089327,0.264755949385841,0.000452725425523568,0.890868586925238,0.0723384382706316,0.565566174586756
cb0d22c5c287fadeda1bdd7f9695a686,8,0.135446452537564,0.947696343213752,0.747354748482313,0.897252655668828,0.306284608961158,0.817385117055574,0.0850963849442577,0.652016482121868,0.0390939409102456,0.713440347769232,0.000125705560348612,0.0287489375735388,0.184476859776487,0.000430489732555474,0.946294005945644,0.107359439217646,0.585102861567029
ecdbb6f2d2bb465b00f0e3345b10bd1d,8,0.212896919478344,0.616665920840332,0.632448874741128,0.432997895749149,0.978405188762562,0.815011801047736,0.00668733287968042,0.217867490085817,0.0334028782568972,0.757946767494843,0.000141318323482011,0.0595864623463741,0.271826394757455,0.000591080552656435,0.824765618937984,0.0794079358747722,1.20520721984926
abcfed72c7a5811dbc4e248db90540b7,8,0.175894629562411,0.691332353060244,0.140139418035174,0.10505223391807,0.687235282572836,0.943747890690003,0.084799673962099,1.24592957417187,0.0398202174086031,0.774900940881361,0.000129651685679021,0.035819356672167,0.214812088163572,0.000392090101298222,0.971016236359882,0.0848366363665252,0.430560807321503
52f35e7af3fdd6de4d9f20631168c32e,8,0.112320887790058,0.953845717107245,0.730049868889225,0.687994030080582,0.943011064723867,0.886035937315796,0.0583993850013784,1.51184281823008,0.0410113097718055,0.639296633968359,0.000108702251588461,0.035722041091326,0.19564842458221,0.000356625395498642,0.988062262172096,0.0709085967272657,0.549308793148075
728118f35c532188421508ba21d3542c,8,0.179495272485687,0.691865933096449,0.789478790153808,0.457262204209058,0.40380056852016,0.716371368732739,0.0884189419470853,0.348313076877551,0.0444277152574677,0.679811583750056,0.000127605623644162,0.0612559352948268,0.233131268201709,0.00025310937341018,0.895394252792863,0.0846842144418536,0.260434204298352
d1c598d9ebcb4c308e74562dddc83572,8,0.139371490881243,0.530402127900592,0.976377311426554,0.652096267188916,0.693657002142675,0.852306069326922,0.040591969777484,1.83103389140811,0.033082354618627,0.607127877692662,7.5862310920118e-05,0.0460894242567099,0.217812275645416,0.000212399985486524,0.883448419375464,0.0934573679541465,0.508395317224741
5fc24d2861e25b0cd92838f72036da99,8,0.229634980135353,0.865893340515109,0.288215883886287,0.464346026024158,0.161837497246435,0.714343394642465,0.0983846189884721,1.74262206157786,0.0268866082568173,0.645882481763376,0.000215475527295625,0.0262502344386674,0.191981282125738,0.000473673252365968,0.657854230771415,0.0788669247599313,1.17855610792882
f334474c026d5aa839448f4f9277b374,8,0.192044066864938,0.96606760868361,0.523570424225798,0.891460575984264,0.767084995003157,0.886774762090943,0.0269659766240322,1.1375225580037,0.0332498637073896,0.693975394031513,0.000136718702250323,0.0358442089409009,0.229643101645336,0.000808977417856528,0.906518100556113,0.0800489940048944,1.08808940199015
894b7d35b9922cfd66638b1d1b569dbe,8,0.182533209581752,0.998750675916395,0.175477088357832,0.400704084803206,0.409003779142342,0.963419535061277,0.142036457742564,0.862585781778847,0.0264251419112368,0.600479420477692,0.000200666960913817,0.0299774748510134,0.195886368611662,0.000447249217961908,0.809460973010713,0.0727319090624105,0.68956012649459
1dd00f85fe4d6961df078eaefe443224,8,0.195013731936214,0.997046051028891,0.261680925738953,0.205247461117585,0.986356176659585,0.717248525231092,0.0380799133324643,1.69511496703998,0.0366130819786096,0.661762033561108,0.000158154625562114,0.0294114674116699,0.231261976725605,0.000514683170132459,0.635745635992664,0.0922914594397079,0.749408490680955
2ba0cce6893482cc0b885460d365802b,8,0.244587418551847,0.745570052733752,0.898288358439835,0.402868628238126,0.628205100117433,0.805656767438506,0.0194126232605375,1.82351720078243,0.0449548604434669,0.749017043169293,0.000116463305451677,0.0445237295248281,0.30753089037614,0.00037700080491265,0.745977354929185,0.0996102244957299,0.394102577386155
a606671448c512d97379c5d231d2d9a9,8,0.19477214386622,0.837465388397761,0.581379821993503,0.156828749538331,0.142111774935911,0.863948467271331,0.0640688533092631,1.37483410318653,0.040888233883226,0.702280943827718,0.000191452150896872,0.0234313211835536,0.236460512859432,0.00104322335631431,0.811380247333448,0.0775730357840082,0.834998721506416
0295f53045ab11c1ba6b38c0d8637f24,8,0.191840033073251,0.850497648160936,0.754500813690007,0.0195183505455498,0.675783904796562,0.869964316025618,0.117518752547565,1.42095321902373,0.0403687089463163,0.640176109868698,0.000175843324944509,0.0265639142335445,0.147375439152419,0.000860566740576837,0.974874001464521,0.0818893619345269,1.51505638543145
a96682a192e3e99c0bb317e52e67311c,8,0.101488540337737,0.710672178633442,0.588647548251696,0.0849062818476609,0.0617239369687056,0.775600133826723,0.170172300348254,1.74148357647917,0.0254793826428248,0.605453414117711,0.000138926751727499,0.0219591291287521,0.134634689855537,0.000358882084819415,0.875656803713838,0.0811588264518473,0.540970211648599
fecd0d7103c0f8308f766c944ad72963,8,0.226187571080583,0.673748028492075,0.437133087470189,0.145245478766686,0.626182085128196,0.972660895025597,0.0505185133526627,1.58367535543204,0.0257774372069228,0.728598737102126,0.000174511596284507,0.0274131433159052,0.272598368522626,0.000207331802721755,0.672900717873356,0.107216790475631,0.568133265989488
e934afe4d0b7b95d72994df38f57cd20,8,0.11939598634222,0.555176622189612,0.560144146530091,0.602180574634472,0.867181020028485,0.860960870973522,0.0135562134599134,0.789777303244824,0.0383944326095926,0.677955842778799,0.000101638065195613,0.0335934900458044,0.31166147395508,0.00102616364835219,0.94309492703267,0.076361039804609,0.634723103843043
f284110af0eb434b44e0c53ba44f077c,8,0.122100176138256,0.958606231752273,0.427860689152422,0.42009318084605,0.528017886350041,0.993681094157192,0.145802609159175,1.26823226727526,0.0278279802863833,0.661423740640363,0.00016654846024574,0.0162014616645229,0.201539642009221,0.000519547922795675,0.807488858352679,0.101938898350881,0.539785138710111
25029f17e3339a1e32bf3d494db91ad2,8,0.193105896733538,0.976072692942068,0.0956885147852111,0.66134689523859,0.939089994754091,0.855127420817927,0.0844154921003438,0.247925478923305,0.0427400796102646,0.667166984897776,0.000200711082308503,0.0323912261868057,0.192749460410575,0.000975931675446494,0.62341005582478,0.0910576407615036,0.907357759357351
b3c38add4971a30bc09980ef25eefe25,8,0.129687537995368,0.834566563054605,0.573644725786221,0.126679592964236,0.0476292191272061,0.686031233093968,0.107930531471742,0.948466488806963,0.0288989594085686,0.678228197864844,0.000205882455575794,0.00955018512868159,0.172543690837971,0.00106614356445213,0.855218139464033,0.0926630097080879,1.24792118936631
2571425d69cbe4d7b2a79c543eed421e,8,0.125882783505448,0.833741503762329,0.678558865715373,0.57136325507334,0.845659476064577,0.854274880481693,0.00615601999636679,0.176012387271833,0.0288715104031968,0.601159166995199,0.000114310328413323,0.0550935487863903,0.233520393721346,0.000743887180793349,0.88163595855021,0.0786425266706264,0.891516301884417
0bb699a664c1278f9b0e9e58976eceba,8,0.221417268808375,0.94120167795775,0.272187769718379,0.557416762245668,0.247932000138321,0.707281846288127,0.0585279249965279,0.328671268489444,0.0281088641710167,0.726111616835384,0.000203179359741393,0.038657637305385,0.230895196728821,0.000688310777648311,0.698946262947369,0.079257981875561,0.690922684754524
de4e6a97a169c9d7471bcdd4cbed59d1,8,0.100143029146919,0.828648413093822,0.312613257192253,0.0930350721364512,0.609646949758394,0.89761206247468,0.145593037182447,0.970684924340323,0.0339133998049533,0.794750503601981,0.00010843953755537,0.0384756276123918,0.159639401963354,0.000797574276564304,0.963314122744068,0.0698349496161739,0.34378938351986
7d40de57087cd64bd9753d4f69c4fbfd,8,0.196673668087815,0.947367106767603,0.740830906800796,0.553611003202814,0.254657880712509,0.86859621367301,0.0611364139468601,1.704148928316,0.0395297455742376,0.849342012135727,0.000160019639633055,0.0253062859796847,0.238680671298703,0.000247610490864076,0.892762240178297,0.10088313665492,0.818619875008472
8d4a303691c52a2f0761d563fac5e43c,8,0.15643549459308,0.879618567002806,0.118874878159823,0.824184918542776,0.368494027429791,0.771817121461951,0.0304977751115353,1.19846160231576,0.0442154920003875,0.640141723914695,0.000166788551378858,0.0249558904310092,0.25553968331213,0.000247357626773387,0.901439314742624,0.0727045739733454,1.06910301788971
b2c3ca41d6615d0800717996fffc61b4,8,0.175463350232601,0.862845425719072,0.432656117106535,0.783619479262938,0.755359027180906,0.449312897287804,0.0379054374070096,1.46942549519818,0.0283360882931142,0.645704620066621,0.000168333148390427,0.0259559118942711,0.224567862506068,0.000250556223650981,0.834505293010191,0.076311545768845,0.699443194398007
a8928ef169adda64721ffd08c21cc0bf,8,0.103486100638992,0.77871893209733,0.984293593932748,0.319010085368132,0.149597570890653,0.647921852516236,0.0116766447045609,1.39149739771868,0.0369219850761459,0.620414079977918,0.000179543629961846,0.00841795784393038,0.230836319570529,0.000954063159353538,0.711617142675362,0.0767596292362084,1.42365636872503
aa3306aa62e10e1fba76a99dc3bd1300,8,0.119707780959596,0.636645111260543,0.828206877943491,0.103796282389188,0.355110665228721,0.794011022685507,0.0516979104388205,0.454687927022771,0.0391565223373299,0.676480711005523,0.000127756700071592,0.0366348034059989,0.1760004101868,0.000711427390371172,0.800969020482711,0.0798415979455942,0.721794054507565
69be35db150e210d5cabfed20e338dd5,8,0.182628598821619,0.749579538720217,0.244142332180602,0.353476884729136,0.689768033225743,0.965354792202435,0.0241774786418145,0.872884579485045,0.0362655728950711,0.622863044772273,0.00012794557988018,0.0345574163295935,0.210392300825813,0.000746507662022782,0.904741622879648,0.0940962851671173,1.06340610854744
44ff35bea5cc94ca79cea00191cab383,8,0.151076730887219,0.926336456219245,0.631136923147252,0.0519158866591169,0.0692425192269045,0.840970382539469,0.103963082215597,0.47557923503077,0.0466462369889543,0.681470124450314,0.000186756762265245,0.018813744864379,0.210472879146963,0.000340900466405622,0.910340704614642,0.109853067998741,1.07656214810853
f8d34b8b77319d7ec3d4248cf6e0e0ad,8,0.13854308397165,0.926258055627426,0.110976126508613,0.0456323244788698,0.441309423676233,0.85285871563413,0.170099698849707,1.24896150966846,0.0264602056208732,0.649828609757734,0.000207385962730451,0.0126416023185019,0.120609776759118,0.000436594134373338,0.702885172986361,0.10686863897593,1.70478920783608
7570380a53c6b9d3302ee1378bb62c23,8,0.189108849108358,0.826028409160883,0.140447759609276,0.4107363043474,0.782395200845272,0.957469816386921,0.168312675377078,1.58673086362214,0.0278478094277518,0.728549671616334,0.000186570763096587,0.0230808432509397,0.135019882568166,0.000725556024425801,0.793167870626782,0.091633386970661,1.33140170067895
51bf0d41bb946e0cb2492f6af21ee340,8,0.10934730771799,0.699293068975094,0.55014554856304,0.040459757187551,0.835552933515094,0.917287069313648,0.0220423303525245,0.659930206908013,0.0368986777849625,0.722129976325724,0.000143948739704325,0.0206696106782584,0.232375835946691,0.000502579828035384,0.77124287555863,0.0837855193161641,0.824125583278937
2b24153afe39a30f8bb37645cc5d00be,8,0.197556176475716,0.833008184388338,0.264990906793682,0.897116262518359,0.932837055957797,0.768971631528134,0.0699614425903374,1.33225240129954,0.0375604382875566,0.718094370250183,0.000163326255188691,0.023848404339473,0.201372059105066,0.00110896853317378,0.944573055292593,0.0956248406524646,1.70820223142611
2a8be0b8c5d732581fd5bb883063bbc3,8,0.157849558210828,0.732191839683458,0.825201703136896,0.570193946837543,0.93046488483724,0.536517926872004,0.00345508107454164,0.538692900118039,0.0367149007485206,0.80116827102693,0.00016416813846164,0.0218486936456729,0.281224214769545,0.000702586813769359,0.979868341262939,0.0856296322925865,1.4890650329765
9a58ee6b9bd971f80b3b2b2fa88f0684,8,0.194033988231008,0.978740697637084,0.462525411879401,0.380006650184274,0.141187750554305,0.577900997067173,0.103764814007068,1.52239887916506,0.0410634993386826,0.662565526854921,0.000211826862497717,0.0189355891719303,0.168489566570751,0.000413577254836707,0.934863811932253,0.0936938034112662,1.51974868867722
7e2af6d9b0c2567834f76d19d655b36f,8,0.17222464496426,0.85768653812727,0.0263386524796335,0.174807954597516,0.17681128341506,0.489047073022215,0.00322212682417466,1.65093317017989,0.0302302436715083,0.75445235112156,0.000146991270179566,0.0236570865218742,0.247956691262465,0.000559588745367002,0.927671441893304,0.0895109229445527,0.855592387009911
2952818e3e0c551da7040e773af06082,8,0.165904787679121,0.746006516440539,0.40555099259598,0.938540514416613,0.559590838008392,0.801771963279955,0.147032011078859,1.76543901897293,0.0414935324934864,0.732140352400889,0.000120979887977389,0.0411805722828757,0.13645419890447,0.000569366948207012,0.794192016175774,0.0885855128102107,0.401692916163219
e8083901e93fadc235f888ff142bb7cf,8,0.119944825823688,0.886350817226479,0.362575338990308,0.0366904026342159,0.536593291729685,0.949150453824082,0.0636152266797896,1.6599334504421,0.0387232241563835,0.742875546213399,9.471172240394e-05,0.028443232942591,0.186917943975579,0.000810389735253507,0.974472946756842,0.110228586681231,0.382978034411947
fa560a76c3c73dba2701fdb0c02957c8,8,0.158396298916542,0.922162139416412,0.44258726704614,0.65033239895899,0.282382995299344,0.549967312624755,0.162973969464136,1.15968872184222,0.0254157462256389,0.849363080883512,0.000168905841962064,0.0292648035596054,0.128434321336485,0.000312309967406951,0.658546494513557,0.0944688780799418,0.476836629267943
5fc1e33518c70b350fd6b068f8c1f032,8,0.137200449550404,0.952919411726127,0.600373273813217,0.175074323208537,0.177319848188901,0.619365977653095,0.0936968438617399,0.622269336198662,0.0311012867185225,0.69772745369996,0.000179161529489897,0.0210340152971968,0.202302622357722,0.000527954659977113,0.783489598555065,0.0918059230777869,0.697714481608639
877117b9900838a79a5951c299b3f263,8,0.15160293992735,0.874146514047815,0.642996016971849,0.432322136004086,0.609884137102533,0.868016728398536,0.0898703086668336,1.89933536290343,0.043573636491029,0.771352274001834,0.00015947049204448,0.024338165357366,0.183895124641608,0.000166738527191967,0.669918889120568,0.0989284796960371,1.46615677294845
6b00d60b7239dc9c4ae8d617aaeb358e,8,0.129952569893594,0.924566837278738,0.739455839837165,0.518520359330526,0.318872063106529,0.857945774800462,0.0626257363683947,1.66402820885463,0.041468121267231,0.762144734763398,0.000127133475803016,0.0302377514811673,0.172781706055636,0.000483281266403424,0.884213358531834,0.080275073421699,0.626512590998983
6a33e01a797579808e33fe197c798aae,8,0.200054878982742,0.969093532077548,0.688558093248421,0.546579177441907,0.135362190228206,0.854869727417806,0.0966287713168756,1.10790840226636,0.0357411641047598,0.714550189618021,0.000171428040190162,0.0312856621820411,0.233940462228703,0.000497118756717904,0.696184011228784,0.0967565944682647,0.58124083866758
a6fb78a6089120d68a6ce62651dd1551,8,0.16440833603439,0.59287466252435,0.544231964112636,0.76178762471543,0.112731524389528,0.92622083478381,0.0213557007508143,0.437693871947936,0.0455464520873734,0.765177628862422,0.000137485696447436,0.0430960342577856,0.255203687596266,0.000262578973187457,0.666355159057512,0.0917576294509681,0.496020269569385
0522874d35ed492cf468c1fb37f41dda,8,0.227934766783117,0.925930738626061,0.734078604308186,0.763258433525197,0.559339903925943,0.839766625925495,0.00946065114735598,1.17057213017228,0.0459700080138949,0.625428154789475,0.000198112796783504,0.0209260164120492,0.265459160503429,0.000775556991943914,0.930044586773695,0.0905706247203591,1.70251758883408
3f7d748bac06b9e4a0a41cd4d7a0131b,8,0.106779669822825,0.823596350039319,0.749135200624861,0.759141709111419,0.443998351354077,0.641439261070362,0.153442699613204,1.20366005780242,0.0454638064228456,0.656461237666778,0.000123525945669775,0.0246299271633244,0.145064029697711,0.000393646394326823,0.962396412837078,0.105628594213658,0.867705237127116
65987f2570e2c5bc81c804d9675d0f56,8,0.107074353748328,0.667181558860609,0.91513339701588,0.965383281724336,0.876162864266696,0.827056743926059,0.0864708626622261,0.646021512733278,0.0279539786884974,0.662468587744318,0.000112860563693048,0.0270035610796835,0.156205905015175,0.00098493872748681,0.884568888169063,0.0909083654622968,0.741612546844445
cc9bf9b6e86f3087db7f3d54ca80256d,8,0.164763713470207,0.88720594366021,0.49671607465877,0.878295512852458,0.607153465869025,0.92726849059187,0.00523614518211397,0.21123403573603,0.0390868724609469,0.835605846268954,0.000160802602959577,0.0330813297889399,0.29627436157861,0.00101286062095738,0.620579062157949,0.0943267009573708,0.954386626149672
0173f96a72f02f5c729154980cbb41d8,8,0.125637656089669,0.56521539991755,0.470549122873584,0.448512722151474,0.307064840777722,0.977862939507953,0.0471613677619509,0.433358204162784,0.040026529660939,0.825452333965518,0.000128096813610303,0.0310867719783007,0.194248433948666,0.000772930290399099,0.936885428347554,0.0890111248995626,1.03270873671019
15fdb8e6d4d86157e61c74a1ed15dc5c,8,0.136511010980911,0.819610691620476,0.831153783593515,0.998391881404558,0.333017947170952,0.7444475380061,0.0991051672442426,0.33274898413453,0.0457347123190587,0.798534200987864,0.000176880188165874,0.0286076774939906,0.223700579206147,0.00102145104881352,0.85224139315028,0.0796170856006154,1.49554328417779
7b229941fdb3e7265e46e2e4494b1f79,8,0.154886470231449,0.740347562029787,0.379301238573406,0.671907029574145,0.0558993738297859,0.750708252093519,0.0323793551945454,1.64002283127946,0.0286292347359818,0.807836856563941,0.000150097874277177,0.0181531467698332,0.232118015727837,0.000955287708751155,0.850426282249682,0.0981241727484254,1.16371940609713
f98a1d4103ca7d7c92378245b9f665a1,8,0.150421157943958,0.946553819933136,0.516100347884109,0.404609723482281,0.0303432334662648,0.573450200765187,0.00134054386865387,1.89177918549257,0.0312958745113124,0.610949872461227,0.000192934501815104,0.0135603474603356,0.25250922157792,0.000662543631483242,0.687342824242453,0.0770365546470874,1.24742011896531
624cb5e262f8340969c72147db90901f,8,0.131873967362752,0.648959842950664,0.136593798684189,0.0781645821724327,0.829114748547453,0.999562229364948,0.0843920294189261,0.82145175521219,0.040407534156564,0.779597200951762,0.000139857783102133,0.0269955310598473,0.201253574862236,0.00048111584834365,0.639318487757084,0.0993995048361418,0.588383440888034
7b52d66501974acbe918836dbb268f1f,8,0.135226491592936,0.828058057516747,0.42549065764425,0.600880235245071,0.764983493005018,0.970280235402767,0.0678400520535823,0.65983964225351,0.0329438613397636,0.728497598141895,0.00011758423264546,0.0397605889308772,0.203029555752348,0.000349294424955962,0.734214160822959,0.0972845536439697,0.300084927784764
d28677fafeb414db368cb4f3bf0556ba,8,0.109978646262513,0.74493474550887,0.419518293922798,0.245283526815919,0.0838528370292967,0.555570363820864,0.0237264428486259,0.60879912353698,0.0351606386621981,0.649412000446515,0.000140138158316237,0.0204288220376678,0.209641028288904,0.000896098759601842,0.809191158888882,0.0879609273284148,0.99627294459843
5acfa44258c32269e191c430288557d2,8,0.117931405052157,0.584446569438247,0.164320538875883,0.202186094992743,0.923380377062439,0.674250182636209,0.0036030295124963,0.340023691952482,0.0305230784334997,0.696264789125219,0.000102839511569517,0.0427560976108721,0.280591717343472,0.000895842414184788,0.857470249415668,0.078828560963817,0.3760475772644
4af6d09dfde750370e5b8ea773cd7c0e,8,0.114056607599901,0.936630293578447,0.271485716772988,0.324545229714576,0.0904867391122046,0.949701371603385,0.0912476192146717,0.713894485632608,0.0268808485956784,0.728668420539393,0.000182169068788414,0.0163372117769566,0.198056651916236,0.000170724694216128,0.859728738089662,0.0921933245043882,1.55144646917811
825db51fb4f95e8a674ae9fa5a1bffd7,8,0.11386273630633,0.989461678163706,0.569795572595869,0.751583400066678,0.227791219895504,0.821304284072104,0.0188379806218982,0.4858340085072,0.0359338290474753,0.682864595374648,0.000191722929328332,0.0142073319784773,0.230136573483375,0.00095924089755961,0.637006010529268,0.0757048644617791,0.841843581297695
ec8223634851a2474815e665a3b80d51,8,0.100716894591663,0.694167645272931,0.496789107052404,0.121314046056325,0.858392036743359,0.916689058171723,0.0116315642336446,0.360314427245842,0.0365119044714437,0.846527797630637,0.000119484294237437,0.0245047646934804,0.200235935564555,0.000536378654291003,0.910708978907074,0.104046865339167,1.22924827465804
0715eb168ce26b2d98f298baff2e7693,8,0.103640328677013,0.949609509516713,0.609977426969956,0.696243027924861,0.515353956094991,0.638267034934948,0.165362832924503,0.83669033369114,0.0455202191817606,0.666742413080582,0.000206505709751281,0.0107207147201951,0.167782508260577,0.000136357590165611,0.809953798623394,0.101334311894745,1.29355738850164
5ea1d0f9ecf2d1bae9512df3b893c180,8,0.167852157267561,0.771200549686793,0.498044479338466,0.155911652464762,0.966345725861474,0.842863187248957,0.0723912760938201,0.996674809543543,0.0384644668199967,0.745028896885017,0.000170660869248796,0.024911799147814,0.220036975965206,0.000978517099452431,0.740006833985663,0.0794204918139415,0.999434317416254
ccce1e299cd27ce32538eee07c5e52aa,8,0.228745144182246,0.888746275430286,0.0908202273917542,0.105268123686221,0.665727290126259,0.60699110451465,0.020905817217552,1.58303321040475,0.0441877205001852,0.678991570593263,0.000156548538803739,0.0260116925324384,0.281885841135004,0.000834527661375819,0.984115265855664,0.0994140880226451,0.799501073543148
d7d14939e8fa1d31a829d9c99cadc42f,8,0.142768912624786,0.888092842688637,0.27928939473341,0.854663452816946,0.442205557339407,0.909798539967993,0.00126616708808884,1.59064028894529,0.037342340663651,0.630833669745047,0.000111535537099308,0.0261622424028826,0.270768584582692,0.000800830666284726,0.930190887570432,0.0939603014311737,0.524865133339892
2412535020b797dc89df9c16edb1e0ba,8,0.105242090622213,0.482527037472709,0.171339437568077,0.728393897311248,0.0328213772434666,0.776449204270499,0.0493280044121534,1.3172896602118,0.0293275336582016,0.634109747917408,0.000125643592343586,0.0231139447199308,0.221731567032848,0.000391526778050577,0.897327231322156,0.0770047365486173,0.955386753579594
0e1625431619470a1e5ccb2743e133f0,8,0.203962200007556,0.846117554580587,0.997838184407618,0.848266698431912,0.270285062642121,0.803070902267256,0.087677093459793,1.69267395553045,0.0444465910549833,0.664668759379925,0.00014786985430354,0.0302217931261309,0.185051422763243,0.000788994448987142,0.893897927021708,0.0852493043183828,1.22807134997266
7a4aba8161fd124f3e54c7b660eb9988,8,0.215804502563961,0.880969574415206,0.850285737537933,0.600156526863472,0.112663567359439,0.917343431441558,0.00958136664845806,1.8236630068788,0.0278289237935889,0.639188689177797,0.000198409569420388,0.0223921808369694,0.355618846036121,0.000931917457598987,0.697015297212167,0.0717442734226219,0.513455783754164
5ce9a3e6966aa89cf453782486f5ded6,8,0.142042897097421,0.608385167567069,0.698942021282907,0.646038504337553,0.0198228649472174,0.951919410501667,0.113448955374887,1.79980361815097,0.0286409296775061,0.736132834117298,0.00014427559476676,0.0264791593971273,0.168625563189371,0.000479694326878468,0.818707977998252,0.0835885987697071,0.71249857479907
0581331fb5f6e44488cddbcbf8cf06b7,8,0.215445576936558,0.976673516039368,0.12287031505803,0.819991767967175,0.94211144228394,0.724797668946131,0.023795106409534,0.625627406262378,0.0386224196232936,0.817711395439807,0.000157494966456689,0.0346224656309943,0.210881992815032,0.000954227397217871,0.841982672206816,0.0939952686241407,0.982948314452592
99ac18ec1bd4c894d960ad66e92f3683,8,0.13737831104153,0.76267067964544,0.746594769565974,0.95963360920783,0.112849760976541,0.709790903004322,0.155205120529596,0.617802056077073,0.0351644001044917,0.609039652366135,0.00018865992919023,0.0247190081656065,0.147770810615673,0.000256094746403998,0.742080724835547,0.0863756500018012,1.35077750839624
5a496e477466e21cac2c2d17aaee9270,8,0.160012514248811,0.926584238195347,0.663679119813571,0.88247171712928,0.574385896804948,0.851533502518633,0.135537038522262,0.780357342886154,0.0329688951225869,0.805107462661609,0.000176529449927548,0.0313621035205889,0.176950468183746,0.000730634199863091,0.678410045947466,0.082595531314017,1.5671700431864
5bc59576a511a82c9c6a835223521465,8,0.183729627024366,0.790455143233001,0.128940425122256,0.923734706782441,0.663866771245649,0.984546472778844,0.14672768974379,1.05614587857006,0.0275624167808974,0.782651412526192,0.000118935861374944,0.0494480941440942,0.139137873285505,0.00110165644345182,0.819254865991891,0.0827059581409583,0.71377207772907
969ed76b6b56d98c687c68509adace95,8,0.152737057267966,0.928422740630998,0.379630868767665,0.179332697368963,0.783738024582528,0.997754016158333,0.0532600832348228,0.825592622133274,0.0256251161674402,0.682764954778301,0.000179507801849922,0.0247918995337008,0.226961593239706,0.000193105322055155,0.978215474511628,0.0795758805144184,1.78747190102589
0a918ef61265465c32a9100c56521197,8,0.146492588963248,0.803951543817828,0.547637989701059,0.258094593475364,0.837563472405086,0.580404714379535,0.00925189962257593,1.38807845838344,0.0416092907766988,0.823704325921015,0.000180259533389869,0.0212427291171397,0.219346580481508,0.000256268901900328,0.637001994239646,0.0726554674605799,1.54632463215521
6cafaf67a5e6401b4ed087f2f98dc4c0,8,0.19473297795633,0.705826194929716,0.25164356562838,0.00753634097023786,0.080752359054202,0.936504267709936,0.00567089773440527,1.61520592495889,0.0290308309488057,0.627216683385426,0.000142192565742017,0.0358907396161049,0.288183688844319,0.000165098449227678,0.781184279146824,0.0727061331476685,0.760785691668082
2429a1f5cb84297d287e110bd7c92fe2,8,0.228098466961906,0.770154376946296,0.972454889376874,0.693536183805606,0.995050971230427,0.513028639184844,0.000266941439764259,1.59755605798413,0.0350140010431194,0.697181266013611,0.000119347614862339,0.0356487139634451,0.247521450321644,0.00030728783230167,0.815929897434125,0.0984538669136003,0.979461686191281
a2b6bbf68a03596da76a6ba340d3a730,8,0.200415380815604,0.948789909727652,0.242205988713951,0.958226127497465,0.386440379930444,0.867731111860539,0.0713565246865023,0.216214876302217,0.038016321488849,0.767278230768741,0.000198948002728362,0.041901650248404,0.192705168243083,0.000341072147244113,0.704248101432607,0.0842094470313161,1.60900741702808
09641b3d874966bf67d918e8315b0791,8,0.173724861347892,0.90953294534986,0.351720006618981,0.293279234895103,0.369735213169941,0.902135206876188,0.111452034357965,0.971389160410324,0.0287264647418843,0.764981937609144,0.000112135843365495,0.0495636259260368,0.161370708373958,0.000373111338736239,0.845306100627662,0.0999318689975592,0.477738844899451
4233e481ef86c0de917fe8e42d1f070c,8,0.184712372307661,0.820772005802627,0.808056899922427,0.217593490925159,0.742474242048492,0.885888902969778,0.0194934858704535,0.356836123433881,0.0424022397814804,0.616279812319284,0.000157022069970516,0.0333201679821909,0.30577146926061,0.000223421056630292,0.901702126227803,0.0933544274993381,1.37256282072029
68e43ad8b79015c9d3669f66453a43cf,8,0.184196961138172,0.808547863599179,0.552569899440791,0.725381796859848,0.0989258919046808,0.904115647607408,0.128167696847702,1.36502669888504,0.0369442239179593,0.825529286747504,0.000147687568938483,0.0369691310981836,0.142515236475581,0.000140864782324895,0.925539677045157,0.0894049213075616,0.976552977539778
42399bb03c1da01b0803f48379f13844,8,0.186914617140994,0.689316126121642,0.625470500910357,0.1005671033142,0.791738687021528,0.960737341753523,0.145348678138432,1.319886032459,0.0431100563424031,0.610296107050625,0.000171024499721962,0.0298239915158328,0.149794512772578,0.000174949010273051,0.811885857695547,0.0875088749218883,0.879428027626955
ce5019d50ca6f075022a4c00d4614fa4,8,0.178471170227552,0.954356900814279,0.852565151230305,0.150817111397662,0.371273722883694,0.532356370483662,0.0166782241908598,1.00620857495507,0.0276604662478492,0.774056567554996,0.000133096994700309,0.0321729867043552,0.277883425661605,0.000781715427131872,0.992852110912921,0.0793670093905436,0.470524504476647
516084cb107a2256ebea4e5e9476080e,8,0.132774725019061,0.617658333719182,0.341012680649942,0.13148636094844,0.374247318853672,0.758704981850464,0.170787729953606,0.953560857259366,0.0379974828261132,0.830452465315359,0.000176387653192178,0.0159423598080985,0.137016476553163,0.00110247018221548,0.657554035433445,0.102475787680069,0.76527011136357
1b25f9bdeec982e7e089a7a0c15d31f9,8,0.214340637055711,0.73012869433675,0.74179298136748,0.114781344524081,0.353130443033981,0.852174445065134,0.00017339749590424,1.66289314017441,0.0436734954773123,0.697030380661843,0.000135343390066865,0.0427254355385996,0.327744166871954,0.000557113169270308,0.703090742906545,0.077732231476474,0.385321275820124
42f2677b2bfe499964f0645fb69f7136,8,0.174037544521894,0.982093177202164,0.480100332040542,0.205958145621938,0.183000786425375,0.544251116686625,0.00227188807882646,0.519697837961555,0.0316857312853246,0.652298429387092,0.000194496672753972,0.0157173137100406,0.268448242807063,0.000756824621052925,0.716605135109825,0.108663739772664,1.61134810855898
6c0597445ebb77be231842711299cfec,8,0.17053962950034,0.93900343939385,0.0246816659319002,0.480109844650655,0.464844629655109,0.738191095467249,0.032065778266791,0.835869078642568,0.0263066812714813,0.757033937367686,0.000129182145762947,0.0310578743642258,0.207993983717238,0.000740855195638697,0.85610420929739,0.105388131333855,0.72024672191683
11be8087123f5d603f26750c695bd48f,8,0.141830004066078,0.623845563615399,0.573273404215733,0.968461893743079,0.0982375483999289,0.813360220629241,0.0602005939494883,0.279460882608724,0.0379806388600009,0.773285302773768,0.000159136827354282,0.0342684546567935,0.203904044558304,0.000288739832514631,0.669093229673402,0.0916888628215681,0.842295749506277
6b251815e5d34dd2556739708efdc134,8,0.221894671152175,0.608583966693107,0.584942234509491,0.567462096721437,0.429771806401892,0.740696877529484,0.039595365609177,0.673684779045641,0.027836819802224,0.709651132989576,0.000132279219480585,0.0515408128686588,0.223997779781325,0.000826672169145012,0.814346217722531,0.0827105081023751,0.583389335002989
fc1c659b9411a6b7a4f9e773adfaedef,8,0.111485545043762,0.897910900579673,0.392240597405539,0.0542897636876681,0.855057151450652,0.989154101619221,0.0874046680645718,1.01890014999619,0.0284842712151974,0.628602572248637,0.000112732255430288,0.0288322649845838,0.190434927100363,0.000684534574645645,0.957443006288596,0.0858929508446734,0.388794351069243
37a98d7444cb282baa813222f3909ce3,8,0.218769693398053,0.900905041034815,0.279743798421747,0.355078468509036,0.874578684461132,0.990991627945391,0.0598884794936738,0.830804121842199,0.0361123297421085,0.7552680412562,0.000181730657370007,0.0332307743113124,0.219553521939817,0.000711862758115723,0.677045352428537,0.0880785823211528,0.663191593582636
76b94bf510fd90cbec77774c7eb3ed5a,8,0.162584404253918,0.980052551929459,0.428585742190104,0.740660868278338,0.729923095673576,0.93228066949217,0.0509400615658079,1.37974233346542,0.0361575759628275,0.691298138378762,0.00016864696181254,0.0220053709117134,0.238984447417589,0.00101797898508173,0.79300845454215,0.0763606399962846,0.742232533871731
4743f6ef941680462c0ab454d613d325,8,0.139783371253131,0.857395453913766,0.159656244946853,0.91160454860142,0.404179676424691,0.77837220793221,0.0430056953210262,0.120512764329405,0.0440057144044075,0.61496709913609,0.00019116254975663,0.0285671766371414,0.197370838638251,0.000695038541063351,0.848104146684854,0.0845569158700795,1.65198350974099
33cdab1fcbd297f64bd3b58a50e38976,8,0.152373317456855,0.566252852083272,0.377849472875789,0.974986171125595,0.238977707278014,0.970491311570713,0.0487777632708897,0.250764939871677,0.0461796983027039,0.670669290300109,0.000115275057470036,0.0609633410413239,0.270117903217486,0.000153698519898217,0.807423291828606,0.0984291598872626,0.208742737175545
30d741ee6c7a3bb7e4011085263327a3,8,0.12156829641728,0.785600451236903,0.26727325330324,0.269189698849325,0.125797072483949,0.886328264042447,0.0890141080236419,0.568405371689769,0.045781085489945,0.632226309910749,0.000200567645149402,0.0208271680885283,0.154963590182023,0.000660970199982191,0.64596223003044,0.0702894951998342,1.36543647705381
b64e2ba3470bfebfba3d2b78d013ccf4,8,0.190631446515975,0.956582627532919,0.182144049345088,0.190774586150827,0.768969806243789,0.922089299350798,0.00220440261115656,1.26590114953041,0.0354096316658927,0.676594655647029,0.000195983214783446,0.0139793352080198,0.291829010737531,0.000757703014153552,0.696814874141398,0.107768077124379,1.33268901217734
596b0798a2dfce7dbaf6ed942802a563,8,0.205301348010597,0.951953425928128,0.512698714613302,0.330318912247055,0.9916808915173,0.581052200586208,0.101238761707602,1.31208928858276,0.0459843567628854,0.769483850200058,0.000164070197460717,0.0382051799111545,0.194625118115971,0.000388331406174806,0.811696591203287,0.0809392758166912,0.940747960222993
142806ef1df12ea9ccd320e789fc428c,8,0.154513560151951,0.974148587138177,0.691073650115337,0.794136560570469,0.747069997009719,0.493199784654212,0.0875106603753339,0.663228087344675,0.0424674793068741,0.682845247181917,0.000153708368312656,0.0267079023378381,0.171448607403037,0.000845233522179667,0.845953495092963,0.0971052798918162,0.68478906422093
c0b445bf0beb6ec8805e77718e8d91d4,8,0.19502195621415,0.831842434622175,0.860682450423774,0.0176311187356923,0.407411784936489,0.645242901907698,0.00802877547614839,1.82057585033886,0.0283800899538835,0.613220909076314,0.000182798103258419,0.0190787357890342,0.217223980386014,0.000991136142788218,0.807225102886609,0.0807949543638582,1.61584000149744
910b368ad51f8fa34cb343c5f505feaf,8,0.161633944179445,0.778115463512417,0.287260737505447,0.281216184512133,0.156101634997672,0.951890125865829,0.0947299348949957,0.600391840086363,0.0403226639672227,0.637365775159149,0.000103595109542522,0.0591181089493542,0.193930032645568,0.000558395817421568,0.878347148495107,0.0939972880510131,0.318156377548268
0fbacf298ee95f1da398da2fe599d00a,8,0.150673416654853,0.672661238330221,0.772640797686986,0.279386659240408,0.964609165292726,0.831804837378896,0.0666759089687825,0.607893742672334,0.0332454241453348,0.780100455372821,0.000111937471876803,0.0656337060306776,0.220450233419459,0.000766681152573788,0.69470226049151,0.0729606126543756,0.245770289845883
27d40516cb653f56d5c6f68da0062293,8,0.143697140530232,0.930357643743996,0.77622930741345,0.596246020618042,0.976694562881637,0.574308689795158,0.0414418428299357,0.645888596256612,0.0288338429535826,0.823488567507884,0.000146839881243998,0.0384347323718093,0.23518699568173,0.000248103020421285,0.862205778951393,0.0709322372912886,1.1662684725373
d4ea837c3a6f1ac2f120f47128ef9ece,8,0.10757467907947,0.959511786116408,0.437800431341063,0.907016544254062,0.354965982981461,0.800701724095726,0.145555763054319,1.82242347638147,0.0426379524240771,0.737097966965337,0.000148275160807087,0.0211401424620523,0.159776536442248,0.000523715712182394,0.901175296937043,0.0912356980469987,1.28907105324838
9c440001a2a420abe712435fc108aec4,8,0.189330756398418,0.847042045597172,0.621601309609712,0.448635610715377,0.211739912578607,0.927948973960842,0.161622693616087,0.583914775712283,0.0264572851718491,0.719198568584774,0.000204127129655437,0.025615866505705,0.179939186051894,0.000742400485683807,0.820180665671103,0.0894817378662859,0.972377343977873
88429ecfb2260cccf4652b657860ed03,8,0.246907232327391,0.826492764983222,0.817142410096353,0.103635513883902,0.743299166697064,0.712487281341156,0.0406323469411504,0.907004446671855,0.0319910461065388,0.794345929844417,0.000192234464528805,0.0363467578071125,0.242460478941867,0.000303897567245283,0.743451247818158,0.0779097851367734,1.39365234813295
7dbc9161ffc3e5840f94171a6dfdf429,8,0.180927451654855,0.970416601338891,0.560326822637289,0.541122724209203,0.797600557153346,0.985722887217049,0.0757609657714777,0.750497376452137,0.0372238447749955,0.763388503245121,0.000117907606462049,0.0520889859167348,0.180872219474512,0.000171959024797637,0.999039348414832,0.0894316761345238,0.803849942763348
ee77e1f78584a4ebdf68c399bf83abef,8,0.206854418856602,0.691448671567124,0.45635813093294,0.456529454208178,0.893699561751359,0.908118976015353,0.0453327846870249,1.76154307429367,0.0393793464338991,0.801884791071887,0.000135022671244974,0.0319680427262224,0.286601150456866,0.000421015114366266,0.837400224726805,0.102596261349779,0.410586029695458
71a1f1bb55e6526c675ecfcbfdaf9fee,8,0.159551991775526,0.781076522069923,0.554707487522135,0.546006258808758,0.476764820001708,0.681524561584703,0.0159233617537332,1.14689076576809,0.0344769582122415,0.752028223957626,0.00015247507275798,0.0280240043027804,0.286473281625031,0.000363890662475521,0.87054106423763,0.0731372086135498,1.08950979940216
3a522d4765bf5b199cd55df687ba9501,8,0.232524280832118,0.979082661324665,0.0271286853839239,0.836879879793919,0.25049123554886,0.777147410039964,0.0846469022881182,0.456931306726168,0.0282404125641329,0.637045190596092,0.000214429721080362,0.0297638442970607,0.224882601303109,0.000145199819799478,0.922020836421428,0.0938955598866818,1.01789296610124
e5a5302850fb8babc1a8958676707e9c,8,0.205652967508124,0.741714004837203,0.351569983463714,0.275287906693531,0.612370445041623,0.757843186111597,0.0367610879953537,1.2301089467694,0.0363996530160008,0.629281218975174,0.000171883372109093,0.0194347362185815,0.24297599722046,0.000644341868119207,0.923644015376386,0.107676038968234,0.853084718539493
1939c1bf68f6ade3694b43cc8a433002,8,0.109286272213515,0.789736249811707,0.0974376486622051,0.255802241351681,0.0755122813411221,0.806366453657972,0.104128642982418,0.441354378724564,0.0281369227748344,0.792121143466232,0.000141091671374895,0.0357820785705859,0.135996702833378,0.000273624565973382,0.702839088778148,0.0853736392815345,0.609401516001906
3c10d8862712901ff93acaa53c7ea475,8,0.18080965805257,0.826927988652148,0.389400790064075,0.455484664780567,0.42457174387704,0.912997233360113,0.010745871188695,0.258762514488834,0.045408454919609,0.672792117281163,0.00016313601766554,0.0413024460753891,0.308816851427708,0.000225604502383746,0.992527102829394,0.0788405971884622,1.06378281197752
aaf6de6f1a8b371cba929429f3166d0f,8,0.170928354357609,0.618111334593684,0.374158502725699,0.152767236686418,0.455889130277672,0.801582484162938,0.0830819690067432,0.437138503626105,0.0322298917308873,0.738808668114554,0.000178864161131867,0.0342939552439456,0.190358000022746,0.000383336967150827,0.880327695801468,0.0741092792480538,1.33245477999088
4c45c487a1cfe399aac036b6c936dec9,8,0.174022592043116,0.640272683354274,0.265381712476066,0.334452973694167,0.0796406612286913,0.869717411937922,0.0271401702150953,1.57122731443368,0.0395355324877672,0.733844968638557,0.000164131634264143,0.020242831705712,0.242140867940919,0.000285840479299474,0.839754777483425,0.099628054834722,1.17415961558941
0a14cfca052c7a3492590837ada99913,8,0.166448596230277,0.949585519527508,0.355475851494309,0.0654124547846218,0.159662026586268,0.837204057701321,0.0250701815304327,1.21064560518516,0.0279441701200958,0.838370022679138,0.000160256005372853,0.027177358446766,0.247307156115071,0.00045797742855361,0.824337762611959,0.0800947961821318,0.655613664219725
0ba87adc50f2991ee3cdcbbfe5b1d2e8,8,0.172126887595821,0.916030787305118,0.680352785245392,0.566597310489639,0.317753387395488,0.897847880034689,0.0484435596543685,0.330928591685007,0.0466641137020981,0.688369277784886,0.00013284956137239,0.0545762073445232,0.21707435780122,0.000284394131852156,0.773186787354042,0.0964874561824113,0.35118002592271
b6730376442288b20c16571713165e68,8,0.130268514580737,0.782809262040114,0.227395225241198,0.0511129332493361,0.859859713150243,0.983244442567988,0.0117154723888442,0.615318709867865,0.0456474083996137,0.62050813137635,0.000127927785724194,0.0353144858792925,0.255285745088114,0.000630570773028041,0.72054496392789,0.0764449964405462,1.35090414308966
2c8071f4a911f544c72fe9840265c99b,8,0.232697507137527,0.893132686434989,0.18851903087112,0.242079036954554,0.396148790969198,0.990215855471485,0.00976194597920876,0.61374528009409,0.034858171722342,0.725286686390772,0.000159092417311935,0.0391782600692927,0.320310837074012,0.000346493230143523,0.792210154124502,0.0963464629469653,0.650619408755534
07e30694e3dc8c35f067047cbb701f68,8,0.218745940369734,0.661527762033294,0.3259261458936,0.821772311914127,0.538506580136258,0.891294227634556,0.00919563840450481,1.2502699456383,0.0260029331812008,0.709802302021425,0.000142727316847383,0.0319391438312371,0.313676029229711,0.000693294292918738,0.793125888042442,0.0951284815194923,0.452468518144528
4be4c464c8b9e20600a6d9af94ee93f2,8,0.207423516031236,0.89721162142062,0.553111317901177,0.378782296682595,0.859688302163268,0.743605488578125,0.0982090136466684,1.13218057718979,0.0407715919104432,0.768462614343075,0.000176667519219538,0.0260078505781166,0.20366322105488,0.000528624916232289,0.949142621754073,0.0993975017238378,0.939784562002525
c2dbfd3fcf2bd24fee03c33ac0e53a40,8,0.169504062402075,0.782709366953905,0.306869414892777,0.368757502522323,0.672965479730663,0.850848459794531,0.118524614416826,1.68282124889705,0.0325311234426548,0.652481720270743,0.000167253165847513,0.0294577197797808,0.183509354102856,0.000762199544526338,0.689533974850006,0.0734789781827163,1.2529645853932
10f95d15331e36b0c2e12b86aa14f372,8,0.167278469643242,0.8473429869466,0.844814827847449,0.546080304882951,0.520196174653778,0.784722598890673,0.0639283773357613,1.04180570773225,0.0283077213664127,0.759544322577276,0.000120098274476867,0.0321466501462288,0.193996435317756,0.000714799853512225,0.96157954808169,0.0999757516456658,0.84957492489628
e1bce6fc630896eac30d6d064f115acf,8,0.201142023435967,0.834507311739913,0.152574248265506,0.725352696436646,0.118316713282085,0.742517574484424,0.111576190233959,1.45854220659181,0.0290311934485714,0.611420838580251,0.000167742928217156,0.0308673347459118,0.159395917499623,0.000311005073312785,0.685785340430922,0.0955814638636732,0.623404523908312
2a22b3b70fc6aca28a53a5561ccfbdac,8,0.207972785468657,0.851431263034569,0.490246962045853,0.605858249361764,0.427718258811322,0.760869148731134,0.0351537966142813,0.690266199110396,0.0277525773515489,0.615742473194743,0.000157736597336021,0.0367949049862951,0.201968420339309,0.00056680633075009,0.750724395635815,0.0883248157821005,1.24970356542519
574b2b3f4cd296184ad8f23d62bbf10c,8,0.160426431616993,0.976776565406028,0.260481709409214,0.395283268498812,0.475132521549702,0.834557625711615,0.00832881119827499,1.06989637779021,0.0364546620192399,0.731659557852267,0.000196641725280048,0.0155221645797099,0.259481586926481,0.000546490992829132,0.690956562182549,0.0873195786393522,1.36148934704643
4e26f0953381faf4bb361633d55f82ce,8,0.16636079228983,0.678126395212697,0.491676324549771,0.801806409667445,0.169392473038461,0.941101432576804,0.139213064651372,0.891519345472278,0.0265182594750992,0.643040879008288,0.000157551733970172,0.028932766671364,0.131927086126311,0.00083777585146054,0.737305614336281,0.0900964766511998,1.09104924859659
aaecd372b17007477ebc631d8e7c4ad4,8,0.136239929459909,0.912627713947475,0.953841303195993,0.839854260816954,0.448425415856284,0.914339784228229,0.16255079703777,0.320027047819598,0.0464279588774772,0.607966056883019,0.000167396482447468,0.0313953956704126,0.15833740848782,0.00108913762360583,0.800119257383018,0.0835659811913651,1.16403070477638
32f25d9d25f8cd3feed9638fc7d73800,8,0.175956836904355,0.892510776972432,0.510493973012421,0.796457029560098,0.479895282828913,0.703875632052592,0.011105763198131,0.865794942168957,0.028872228189378,0.737379333674818,0.000185622981469572,0.0231867264157421,0.211211487146879,0.00100574621531804,0.74509678737806,0.0703389578150149,1.48442139893507
25ab89d26b9b4623386be437d985600e,8,0.135006119281471,0.739322482384315,0.553463004794595,0.732322564666444,0.513645314048113,0.920132475992213,0.0495967384972566,1.49205520255785,0.0320792323291293,0.698962919605833,0.00012744746203987,0.0217621879286338,0.218981364640809,0.000554388281208598,0.73874819046759,0.107513090789444,0.599981741145846
27b91a0c9dab83ce0a8a0331bab3c5d1,8,0.220674937126689,0.805269391797785,0.768895280738447,0.495834815371028,0.564205165717199,0.943733571923236,0.0924236275454168,1.81341523196549,0.0290001388579655,0.68361572405364,0.000191861102085771,0.0215155895361133,0.206443292589674,0.000700587587477427,0.764580566207768,0.0955378650640796,1.46801583090405
51e45387c372e4707de99ed1e5104650,8,0.189184275828853,0.851425094246305,0.559736221554391,0.353178086522984,0.159827575963213,0.956525037659051,0.0610588471989962,0.924715938495241,0.0377467977268116,0.769095035132795,0.000178858179645571,0.0208510770179334,0.199179100565943,0.000816107217872714,0.801785527001866,0.110626631910421,1.36918596473237
dd9f7394ebb2427257a05a25bd6a714c,8,0.155698850113562,0.680240141918284,0.00707345277565763,0.844374938080026,0.926454275663726,0.775186814305573,0.0843159214447028,0.37476281141193,0.0344959360779748,0.639788434004526,0.000170767177134507,0.0250458075533693,0.184049835074857,0.0001825408074985,0.7101838331328,0.108633047165914,1.31911328357922
165c5f2240617e9499b6d2bb1bee2d4f,8,0.240275455719103,0.848575240958553,0.265434323481887,0.164172748197367,0.933389787199387,0.726290800668089,0.040104002198946,0.251057181866882,0.0371375785094918,0.639821431984177,0.000189205786771633,0.0381714623764796,0.27299923511181,0.001086453008182,0.895780896919947,0.0889752217284019,1.72908448401973
28a1ef06f7ba1c659ca740ec97712628,8,0.150717860739222,0.698120147394402,0.0651558599387713,0.519392703388345,0.752396572986892,0.75097023826949,0.000129288199213484,0.495683155761239,0.032057109565983,0.619327125320513,0.000125203359577819,0.040499796980462,0.34077221571825,0.00020233223629378,0.721304304060989,0.0863128388012073,0.482701344104229
7d3bbd41ecd79cc37f0927c9aa7a0e95,8,0.221207127075425,0.87928040306336,0.616156847379068,0.349219866868567,0.0750147248869111,0.907147617662231,0.0540844554101357,1.28766588392152,0.0321050412446907,0.758057091108443,0.000206727253833884,0.0232557459134287,0.259110617849435,0.000618786058636604,0.941965805050307,0.0812067206115193,1.76528264779817
65f3ed6527c23fcd0ca8246070f2aa85,8,0.100993302338723,0.63782835803038,0.977352268252546,0.9343768103859,0.362231728245217,0.979821169462768,0.134778961821311,1.68461596564968,0.0313428102564671,0.6235328517687,0.000101940353006755,0.0245765405514042,0.177444494690182,0.00031896171899807,0.983323579946972,0.10199252220262,0.768902607717333
eb016c53acc51656bee648850708b2b1,8,0.211524428929472,0.810631368539097,0.683068687815068,0.0304352534820004,0.434772333675526,0.796719841273049,0.0400223438849773,0.61290749452123,0.0413052346622273,0.633322874150057,0.000166031917282208,0.0316937722480606,0.260770056666277,0.000868340364491571,0.75006608538555,0.101009760444453,0.594706107752436
c9f6f86f425734a271f1578e66270963,8,0.172728628027936,0.649119618945272,0.682714930888837,0.867728350142082,0.698567471862274,0.749996020387107,0.0764693869260081,0.939575414649703,0.0306512539614128,0.633333052831423,0.000152359027807602,0.0339639718791051,0.186127395020228,0.000817318009648702,0.88713800128176,0.0697549229943333,1.31216166149048
723f93c69b4129b37eaa404f17798dd0,8,0.152785162584539,0.784351026917077,0.481124836805119,0.441883113995804,0.331924232772144,0.970268764253578,0.0404527223150651,1.60515646236255,0.0429360330891762,0.824286798901877,0.000163740533136107,0.0178963243806517,0.24251358650482,0.000499514428738958,0.857383923753164,0.0975644831921364,1.59364559385401
78c889cc94e507ef47587ec08204f8c1,8,0.193739789677279,0.775072647704907,0.565812533787171,0.247878052918651,0.198916666472676,0.961681347239573,0.0462298515522708,0.85329099643226,0.0411016707449914,0.840542448974905,0.000158747510299815,0.0337913766504221,0.236062379955845,0.000691168314717477,0.898756264011428,0.0822614865105024,1.20916645892231
2ba3bcf1197e738b539c97e8fea691da,8,0.194286618791913,0.672723658158478,0.907079676880128,0.358165194108082,0.745280661425718,0.827884881033338,0.127591310393608,1.5196699926905,0.0265565321558917,0.705333347193095,0.000138993765269837,0.0333093187050262,0.138568530381079,0.000926012745774773,0.948897384971062,0.0836177674922518,1.13817759952076
cdcbfaced4282b78a9b9b78bdb9d8815,8,0.170953091566388,0.932399184953089,0.588049323017134,0.0478182688827613,0.0914985863387804,0.738103714244736,0.0922121062862856,1.69653519596313,0.0377529561712688,0.657255690326445,0.000180909056514748,0.0156636833981394,0.219249867367535,0.000995229180191328,0.917098251334993,0.0987933483670249,0.713744643178637
fd767a3ba2e8f58432033330576d9bdd,8,0.208287818801098,0.9734827683431,0.236435425642395,0.358992207020757,0.305308522372061,0.404148971839398,0.00379972990994007,1.68575936931537,0.0300830103131935,0.674054667901124,0.000188875811887775,0.0222564125441489,0.281986318467028,0.000910331278732391,0.926828948928406,0.0700005735811875,1.12355446572344
