uid,nhits,chi,eta,j1A0,j2A0,j3A0,j4A0,musTB,multiplier,phiS,pR,pT,rho,sageA15,sigma,t,theta,zeta
18c120a1facad676c84837f7b69cd7c2,8,0.119773573680657,0.784479200073085,0.0869410346920931,0.869043043137422,0.38475095065552,0.644542241201234,0.141277565832756,0.42926247193186,0.0330629987861774,0.693259187234388,0.000400677077843168,0.0152833554102176,0.920917607126336,0.000748750409896457,0.74499459716516,0.0926539071978083,0.710717156954032
7889f9cba23798e80f3120674150f14b,8,0.125032156536948,0.81001330738882,0.157277022268698,0.436819337571642,0.191689908381617,0.272823938864247,0.0935422818152822,1.48946481121539,0.025548910178017,0.734448767607909,0.000458966047554721,0.00614444989697469,0.953584859269484,0.000941715568980328,0.842639749683997,0.0802800783155907,0.811547477414305
faf78c0486ad411e2c94c0be6d949ed4,8,0.133259634049448,0.970844159333677,0.170295841986902,0.537682882689337,0.700206221157705,0.655888173273019,0.162303104874169,1.84720365243369,0.027666616957649,0.767034312788845,0.000462314672846272,0.018512365735882,0.841599918683836,0.00051912529081193,0.620099612854374,0.0969847265628334,0.734908966468504
296c2ae61e95fffe139f6ac9336d430e,8,0.114164714802435,0.94623502519269,0.804513474616739,0.789269337957273,0.626653477121008,0.685118028612782,0.068351828952889,1.2346816709763,0.0393344590294502,0.723980790211585,0.000328006528926189,0.0263413663406669,0.999647028203921,0.000753735039539035,0.866403455222185,0.0846022112269647,1.19334315060662
8c542bb59d344b0a07455d030d3a8d23,8,0.155532193154897,0.935001467684496,0.600952803135048,0.654630877908665,0.632315233116045,0.716928242491764,0.160380964341825,0.987234863344464,0.0306670771721803,0.628840911456868,0.000464894364434712,0.0286445988092883,0.87689392544485,0.001078486655375,0.668864368042033,0.0737822817394682,1.40011995221485
d604c850a917f4e733ce966dc5355a59,8,0.109322002053015,0.944984643177782,0.845553241645102,0.696388448626145,0.537509434169675,0.907845527483718,0.113619200339268,1.88248622366268,0.0398044082440319,0.653672933992943,0.000325918328861656,0.0418377503142721,0.959075613803726,0.00032857685314538,0.761865708523653,0.0794663374695458,0.767133456882917
578d67e72bf070ac961dd5feb39609dc,8,0.15260402270068,0.855773479004421,0.814982990749276,0.182142684511303,0.329876627271468,0.696141050212421,0.16158857583598,1.70986832092972,0.0391388345553871,0.626315651635005,0.000292204311346304,0.0370998145258445,0.998241306829222,0.000399934906531425,0.94320322872857,0.0883632536440217,0.388930285711026
5436fb8e0cb45aa2b8b1913c58e57d55,8,0.111641967648374,0.907927510383945,0.600118480419915,0.355689807561541,0.6194041601526,0.574881259258991,0.0938209545157177,1.25516643392128,0.0318877457904614,0.793605051744149,0.000373122979198853,0.0251162889960785,0.976496721241847,0.000834008820460931,0.650454491731442,0.0840882223540609,0.792881394683936
3d477810157be4f57ac596059b829cf7,8,0.200761554892776,0.837553530345103,0.536811380713462,0.333190026579456,0.657776096172405,0.909059709249407,0.104457607188578,0.31524106801149,0.0275090356402636,0.693964217847679,0.000415069758891839,0.0232475145907154,0.968181256469935,0.000542771002772699,0.790821499837043,0.100705175815913,1.06445930258989
3a7a90c7dc0e839de74dd886ffbef32a,8,0.127949739315566,0.845338244909187,0.664360184539418,0.846730524564405,0.048849179604577,0.44759076426838,0.156845675482592,0.516766232475289,0.0254794903605845,0.655825804715064,0.000417623098204644,0.0116025662904056,0.949884373747476,0.000241954532004658,0.880352370501001,0.0871006152084244,0.468527939736522
5958b448435f4fdf0390af20cbd969d7,8,0.171096556074377,0.993919196087479,0.329220983533613,0.239651273282978,0.0746234068077962,0.693632867624583,0.111996095925532,1.74094967602635,0.0466588067464479,0.644431431118616,0.000425399788423309,0.0251215936604329,0.940738098549723,0.000919624848049846,0.731606662382966,0.0836556415719895,0.974443714098334
a021fae7d51b798218cdfdc39021c31d,8,0.117913833533817,0.886723866282568,0.957586381304341,0.865318153490867,0.0490244603115785,0.76681968131332,0.0743601794367351,1.34859758915065,0.0341303837690181,0.708122833542657,0.000374729928720884,0.0117789612054704,0.985673498245427,0.000882155359454442,0.69264355237399,0.100650633334842,1.55893387958839
9b0e8be972594e3b35ea76ef1273583a,8,0.175368198154149,0.821252006996336,0.615703311973981,0.0362106094787562,0.0644847583468928,0.521555223563616,0.136952749017831,1.2919676442969,0.0282547677638687,0.702746674834403,0.000443900722577985,0.0227831628227999,0.963780135990016,0.000330019473889155,0.686484391715919,0.0811865552614896,0.361084214878937
2f877894d78645b9f6f6622a1e39bb7f,8,0.191407065120613,0.99821930200712,0.768297209506991,0.66079860621964,0.679662896453845,0.978385531558306,0.105241377501891,1.17185084514883,0.0427763208204105,0.781139202181674,0.000301702702682679,0.0440174342847685,0.959578604958298,0.000503906444571533,0.979746840799556,0.0868237421996386,0.52149907418977
edc2dceaecd94f34af01a2cf51e95d09,8,0.132754016382451,0.932014817734258,0.27656180460672,0.333147765794043,0.446129236742323,0.476992211176728,0.159219999948117,1.29847525406113,0.0374469500756874,0.620254948744734,0.000437557842032694,0.0101908827232402,0.754116433417222,0.0011038610838123,0.743560674509567,0.0892662499008873,0.584528428148293
55195e1f8f1948412746e94f3ce99ec1,8,0.158314744326453,0.807894486128508,0.912723017581482,0.0905890816473231,0.659120040756209,0.772098481860651,0.152862333726925,0.0554271958072068,0.0353057326931644,0.759396745613725,0.000343462807622036,0.0425375100723653,0.826461737567488,0.00100651571511017,0.777470125218008,0.0965393439151237,1.50998706027626
57a7f7098355458ab4c901fd426123e8,8,0.154194657833643,0.824312008434058,0.861731019706708,0.627531050135953,0.674672572575955,0.468795916566139,0.121918477031986,1.4771987545022,0.0319725500620986,0.806637147942756,0.000369959535063597,0.0315549015015,0.923917520022056,0.000511286195768687,0.991248003165379,0.0740194999638237,0.735998084588081
e14c94698907d21cb4a4829965d0e7ab,8,0.2499652261049,0.955721011110641,0.775949525861087,0.377590219061633,0.764116072108839,0.842920659420473,0.126956834837079,1.19656991916912,0.0262880488329801,0.639803365502076,0.000365197680378616,0.0380543722049652,0.995694094971175,0.000691262525737831,0.881721490208105,0.0965186447242661,0.891536557028835
9f189a67a0565a9aa1f0d64fbdbe10b6,8,0.148414138598025,0.62492840349673,0.189569176921659,0.993326271388642,0.233216185167874,0.910828418443357,0.121368323722743,1.68102556983387,0.0378083233512592,0.608483039998139,0.000306831589114998,0.0282033174434166,0.905307493375616,0.00033813227278065,0.943607256026228,0.0924235606767453,0.613503915062394
e7ae37a0765d4c3b070ed56ef8899837,8,0.115733719623022,0.745622870269402,0.0842857166918454,0.838734808096881,0.521405962304647,0.430125771385789,0.177421052477714,1.04997583567843,0.027769554995997,0.790221389355506,0.000422279994869754,0.00775837536532459,0.727576146741811,0.001055082228778,0.675142265143756,0.0818846700823693,0.287052213187797
2ef100ca17239de42c23a93621750bd9,8,0.110762825241915,0.788471453552336,0.774655352949921,0.0719725972035324,0.678422240122197,0.480181186343472,0.0965143215925055,1.02736085248834,0.044389934793272,0.832799369343064,0.000439373355988341,0.0125949832567156,0.859238295437843,0.000887163844749666,0.695832871058155,0.0753452689559053,0.549232698754816
3cc19005204955171ba6b3e7d6c75bd3,8,0.21184461562073,0.716046209333215,0.349227234104765,0.29254835859179,0.438119142790417,0.706997966895297,0.12453617269235,1.20730682674582,0.0464825797551845,0.761245545139528,0.000435363886999352,0.0455708449495626,0.954296092870089,0.000526386011383896,0.652383345100285,0.070261044228373,0.780816002251045
6439dee8372cb5339b62deedec0c358f,8,0.115125377610351,0.492338561772303,0.905029714826344,0.0905053637774237,0.29696915013101,0.700033302890448,0.0660686060838643,1.20476234459623,0.0262819577324108,0.740282932871684,0.000209270942269694,0.01534016990418,0.956728016039455,0.00106070085939056,0.930108496516457,0.104728693546323,0.303292192822459
d5027d404d44550255e4f4e3f14d0ff6,8,0.140718230004045,0.723764748913493,0.601855970690017,0.093820522683022,0.946027620746617,0.931728266762429,0.0893078306127383,1.62354006591578,0.0294190554626142,0.841272969276029,0.000328367482412297,0.0459708175255551,0.996116923680386,0.000832621016000185,0.709994859479024,0.0745728775400135,0.829829431598806
1c730a5a274c63bedf65ba5d25c0b0d0,8,0.158548169169047,0.651690910632316,0.644066369455044,0.55619843776509,0.467376787915076,0.965075026145511,0.117154840236821,1.49096536362802,0.0339653263184152,0.752863467634863,0.000388704704973513,0.0269738741825586,0.860223088374166,0.000275894334417048,0.923760656692201,0.0892354236960778,1.29887311240448
5865666c15bf74fb718fa93dbb9d6e75,8,0.19170726731807,0.60258378232826,0.911878509894373,0.245061149084564,0.16503231740531,0.849564299891704,0.0792397657028603,1.8713389115578,0.0312847143591265,0.668064469967717,0.000272022293865386,0.0373736085567324,0.996058888338955,0.000615911169834112,0.632763177087353,0.10206336944976,0.367504243176985
848cda3747a02037410f731623477853,8,0.127391593266947,0.698971244944867,0.917762270554274,0.292554070053687,0.897919032711258,0.472939413355985,0.168489830708298,1.08532147176532,0.0443247927174149,0.766701035732806,0.000406778015909019,0.0100888648373449,0.865456267484092,0.0005245626786281,0.666923562683524,0.0994131952489655,0.543970491188468
5d9e323a1f3da7a68f52eb09b1266a78,8,0.233297942048998,0.97884384736283,0.172400578581694,0.878906260372314,0.671747783024021,0.630094888959723,0.126004010932255,1.16746880123764,0.0255967356641834,0.798632633572056,0.000478413978463054,0.0265638972545763,0.899370872162402,0.000703735725297197,0.851573142961369,0.0833621518796609,0.981829264282374
da4031276d27607746cc9a0db65a7231,8,0.182597506939293,0.871193282464343,0.737704045096162,0.270699767607148,0.72430406332682,0.750843156651413,0.132293225162643,1.12577922512552,0.0379154108695185,0.659893492079153,0.000482318338752754,0.0283000354635366,0.947861103268389,0.000559811127742432,0.783797398671769,0.0715686720499241,1.06072653311255
754149b65252a23d2e62760074edb1ac,8,0.169402562104765,0.961691987022261,0.353843840482552,0.224573199850069,0.680817022010126,0.904537026003178,0.139471719254356,1.88824257904964,0.03985563222447,0.676901501177772,0.000450257568818983,0.041918675852152,0.910273309445377,0.000880880892433518,0.627652505819764,0.0701112408188288,1.35359504026823
77eb9d706b51405a6080ffe9192c379c,8,0.163093210412719,0.784564002794099,0.950350267210811,0.863175868163885,0.467486688270942,0.266000418132764,0.0896887399091916,0.602824147675383,0.0288635021711095,0.740627808820068,0.000389883745068431,0.00413731071620459,0.947470565086092,0.000518424763528677,0.952782051215765,0.110211379038547,0.952927570261276
053dddfe3a819903bcf0dfd68b0e89a8,8,0.143672577381478,0.580288646880554,0.570708582725304,0.606255862888459,0.869677813009647,0.534126973413924,0.0979351582770427,1.12721394385412,0.0457023763826487,0.706089953880899,0.000483207824970813,0.00386830580746104,0.859364349180695,0.000708952430332145,0.66261420943896,0.107146042738168,0.874747344037997
e6ebbaaf1e963e48d84589be63f3250b,8,0.190336182523198,0.799270301105314,0.159678615314889,0.77503202446091,0.506883110730491,0.401476830152034,0.0865850852458802,0.984589007325486,0.0325882756937284,0.648277149360883,0.00050251472512304,0.0061548843508244,0.983833979613446,0.000972334629466941,0.680307670019344,0.106683545049458,0.813723709600449
a2b49928ac98502664c10390217667e1,8,0.175792097198895,0.717433637590503,0.025228903293096,0.376923212223782,0.577017886050385,0.730832376195531,0.155624115773525,0.837736591404585,0.0375880647767923,0.828167074382778,0.000439106651513657,0.0341124713793125,0.82836873162018,0.000815468379903524,0.958320924232003,0.0754114664670025,1.5932288896687
bf4f65a2e81ecd8bc7d3c2dc9a7e99f2,8,0.199238315032731,0.814493568195905,0.437064670750851,0.311906234489391,0.890604911766457,0.651362390624533,0.176507200719695,0.957282312992024,0.0329524427314712,0.67716136754826,0.000371935216324592,0.0464699519425203,0.878683631390131,0.000701091770040657,0.804342982477329,0.0758836405441806,0.520786377102185
51c8a6b3023d33325f3ea9f649b5a03a,8,0.117911044304175,0.956099562299901,0.80978749456848,0.252285223081759,0.00154873301156949,0.16078241414028,0.077821026057761,1.45539461044253,0.0334297810445796,0.803253486014403,0.000508163814168149,0.0028273369190728,0.890049666462277,0.000460586526610414,0.88839092053191,0.0731234369056887,0.541050356412205
9d208da8a1d4a008cdc4559a53ee3dac,8,0.192433411276121,0.955400146716719,0.665265499125218,0.505857295664164,0.949902757939503,0.381025951966842,0.122928589763625,1.42313358708876,0.0264576642958007,0.746753052537452,0.000526432210203663,0.0147286145658211,0.878297635349531,0.00111389509851421,0.763163851058943,0.079371337900655,1.04976921119415
9cf25e9894d9f0552246a4aecdc08fdf,8,0.144651480606675,0.751919335469729,0.85516538737299,0.926818926322329,0.912567232432056,0.519391574398675,0.108254662466022,1.70983978375533,0.0443499999739761,0.826567573585716,0.000374702688025444,0.0134416124277051,0.843642445339798,0.000655685886059111,0.961961544965353,0.0840613542093853,0.483437396802149
ea0d8f0e46fe699933a4ed14bc1a306a,8,0.140052999185414,0.931612740513651,0.11340308933637,0.31901210717232,0.602787237446481,0.476765855739103,0.0638708255141524,1.21924677234816,0.0370125684733809,0.745267999310788,0.000326322169730881,0.029802668135421,0.944282146270855,0.000522595147456285,0.695897030712359,0.0818676419764244,0.398182739689232
75b87b73b874cfe1fedd990fcbd7c1b2,8,0.19134123753425,0.972025484374047,0.210429617745959,0.203878125750087,0.293984131405185,0.571379423135457,0.117086796542362,1.00626788107194,0.0457093403610183,0.63768631173427,0.000369176187501242,0.0337732178403504,0.979656529070095,0.000697890552944057,0.9924674156569,0.0818416663673737,0.818761127014298
74750c0572bec509627ea4baaab0c78b,8,0.12232586517478,0.793806051470178,0.235506050852658,0.521688595526811,0.868471181684718,0.260149433627273,0.142756998890984,0.714450172705735,0.0400332315669972,0.746178183290566,0.000505713655121281,0.00769002409298144,0.708026314750773,0.000182533071938065,0.649842821151144,0.0815786931897422,0.44606298344945
ce088e08d6e0386b4718f0c68feb787b,8,0.170845967486757,0.85576462816096,0.808764713059988,0.389537580427046,0.684042399601638,0.887288178237556,0.120906504048017,0.213538858152412,0.0423797986276846,0.708763493364108,0.00053232053254647,0.0196562326316466,0.858681896644271,0.000700223050494447,0.679798577597013,0.081894946892308,1.8593388669257
d222d9a0fc750d7713ba256bdb9c9fd6,8,0.136286234148794,0.987980060857297,0.465591845716904,0.19015782727877,0.57545264745049,0.499908808682009,0.117258441672955,0.393858401777717,0.0342980757181882,0.670033952458115,0.00042582094235419,0.0338022698428471,0.987046494379281,0.000192394474816891,0.877202398502531,0.0826406284207128,1.89822177754473
9692d87e2b1f308b8897cf75d9d80a4f,8,0.1379232307411,0.765855001559195,0.949752083205351,0.345762142964026,0.0344409167462008,0.691540485684276,0.164152488293628,1.34832463930532,0.0329451913767106,0.794254397047351,0.000417137512951896,0.0211326858551237,0.685726683226753,0.000532531169595626,0.698722169219064,0.0919252868119841,1.28123676534296
b54487dd1d0328e98edd7f778487bf5a,8,0.119189125874856,0.936480921392997,0.562279624503246,0.480877926753584,0.562324445542027,0.556499937159696,0.138777976346238,1.02249916637953,0.0380000180455678,0.803579384955036,0.000421927764486049,0.0163088521183466,0.911331701473584,0.000889428032864704,0.674020127023246,0.0976793353027038,0.607435943116776
cf5f000c92bf70fb19a9203ddebc9790,8,0.131297048385718,0.615257762666346,0.521882040189333,0.52696482449948,0.878841118601507,0.848334053365543,0.149427546383509,0.658722687875852,0.0337803496384311,0.800925481107736,0.000231692623167732,0.050732701328941,0.744940475894339,0.000814597663555645,0.976455166923954,0.0715834512453907,0.213319954821116
5b4ec0c065e652c45832de8cc0feb6f1,8,0.124425277152586,0.815256930449021,0.471313513116004,0.291628159326826,0.413681777503978,0.640868704058033,0.152947966751314,1.5175647608425,0.0392563527013977,0.688746509740376,0.000336046973803167,0.0273156396843623,0.79805649712703,0.000873697959301227,0.939562233563983,0.0720409640481506,0.471885452658221
107c201ff00d9603ca4076074933a2a8,8,0.206254568746298,0.843199459121277,0.337707120134266,0.635484261425171,0.287227362283464,0.400314061742586,0.093879921074879,0.327307535460642,0.0386194250918073,0.651106281224086,0.000397525062667448,0.0127687103606484,0.925493895604046,0.000365847407803467,0.823542492879493,0.105020326685713,0.314254007816272
e6bc5e51147ab48eeb9b0b32351a18cb,8,0.120321309151246,0.884236270182938,0.649615721698998,0.227653522399812,0.954599701996143,0.875210812502373,0.122100910658467,0.27883564958409,0.042053836149556,0.636403061602965,0.000293501359995083,0.0427905095329602,0.786254513662958,0.00108745191186013,0.817086372634242,0.0918709559520707,1.14077244564867
4fcf9fbdf576acd1c9b9aca34b0473ea,8,0.195888695908049,0.849845527837782,0.933970736521142,0.83454754544095,0.222753833615861,0.778392569647633,0.159636689546316,0.5090321150752,0.0267088881904005,0.711610774110047,0.000289150896743597,0.0542521327431611,0.804093813170626,0.000302076191251743,0.777532132146718,0.0990264871289706,0.562391476834355
0764af1e6d5decee692248776334f7b8,8,0.175971193895735,0.827534291284845,0.660334891436659,0.777102984412734,0.983258472390401,0.654516871638606,0.136129403409398,0.0601788024395269,0.0444360233383135,0.64102156847037,0.000490553954918825,0.0204655815562005,0.858445578233439,0.00040596381511045,0.838382819479023,0.0858195756976751,1.51395707215943
b7c0800d2c88c6f83cf74db1236834d6,8,0.108240067288326,0.851656444308894,0.503416297879149,0.939032248667756,0.182706383778577,0.564637521356377,0.0921687677364817,0.146360479522726,0.0425125353096671,0.776805143499848,0.000375428893131141,0.0206813253382386,0.792022539039266,0.000398707810057807,0.801073447906458,0.0910307229664582,1.07271648049839
390a76a2982d5a7dd212153e64c37e3d,8,0.208771473321744,0.652384321370613,0.0939625485633802,0.0362386989448329,0.73246753026329,0.762349387999619,0.098346952663118,1.12264478325257,0.0283372462199248,0.782533523538394,0.000290265511119554,0.0427969326271206,0.945638527243658,0.00048079433207334,0.965233448876735,0.0902174059982461,0.461608960462828
1a1e9df24e51155b6363670ca877a8fe,8,0.218877624338659,0.978819052431451,0.105323508267945,0.725739837394623,0.980107938063191,0.529304003532048,0.17163981577448,1.15036357139816,0.0440250487936744,0.640195727610048,0.000523152786408266,0.0105400320747604,0.938762282988316,0.000688210134409111,0.86623913746275,0.102865916327286,0.748555501799101
8f683c81ab461f11aa17546c0ea1834a,8,0.176455426812918,0.724145332046289,0.736404464296647,0.11083769400628,0.0748900003673386,0.76735804049811,0.0741725784745129,0.127947128072473,0.039052031859079,0.78599446854879,0.000478039902431202,0.0228331611049661,0.911468253382343,0.000244917057320462,0.803918820689043,0.075168939598953,1.28952695824067
fe677c8980401d0adb00b2c272d246e3,8,0.150522843916403,0.569675402250608,0.91499199062692,0.966860568104894,0.654914024679387,0.670564254702822,0.17773905336424,1.3888893576263,0.0346364662671594,0.77902456308409,0.000401989393891744,0.0454690652324255,0.885775176275323,0.000759125731887562,0.826302192851526,0.0752151739121961,1.44635501918471
50e2f09c21a64d8485697e209afb46d4,8,0.183434153594205,0.657967615917635,0.765998333218021,0.353062406196875,0.197788381270263,0.997285952371919,0.170595204081599,1.70088590540649,0.0333462464072448,0.79226810651254,0.000402758987383389,0.0293968748898452,0.814987239749885,0.000807318590160918,0.701698330259421,0.102863129099732,1.46786072204662
04e256fd1884e283e84b2f3501d32c3b,8,0.167351266432817,0.659327943507399,0.709001778438105,0.0633459959853516,0.491779227029183,0.907355715581882,0.166248424395913,0.158151279740051,0.0300429422725131,0.696175148603027,0.000369641831387118,0.0560172787608765,0.729376429552408,0.000457799054042719,0.735065966657057,0.0790699965525844,0.947498968220496
ba285e366befcc49ff443e2b0b833f0a,8,0.107545941448933,0.998678545135285,0.924972127854074,0.645352286206069,0.312202555912595,0.772934458819691,0.107598893100191,1.61900832445778,0.0291278422455599,0.607659329135144,0.000314722565051399,0.0471141106395863,0.89648342308757,0.000523961198484971,0.845043485188872,0.0782004472007654,1.34499558742324
0b86f1587b24c6acaf7773fa7041b571,8,0.115522675403223,0.853815131673204,0.653400555425221,0.278878650019983,0.276411106518662,0.726798611766384,0.144414950675173,0.84953949757297,0.0282289286970606,0.67914364127848,0.000396049963055999,0.0215218362239318,0.836002245817408,0.000956093784352435,0.695625366513458,0.0864471782443963,0.733506477975191
20b6424741c75a467823000119f94558,8,0.102954462835917,0.868174852321933,0.549630602313538,0.808875933367423,0.275839159941534,0.49051741840418,0.134363762926621,1.18984182023904,0.0314859067916326,0.832770201759002,0.000303309588718693,0.0298506593133986,0.839259072184734,0.000525159230014129,0.944651571934903,0.0723245382522666,0.341434929268521
aacb87f485f2f33f6b863fdaa60bab58,8,0.188050512214491,0.845774640215851,0.894319535611054,0.867532807995449,0.469756386822367,0.880265990606833,0.119560022857563,0.124079860476943,0.0286904871583931,0.640886948841062,0.000443405387865417,0.0510536640043152,0.896610300474425,0.00022270004188481,0.757096072044284,0.0703655471617935,1.57187228844214
4bca273e882210976851108565f80d79,8,0.227910565065219,0.986755075494917,0.542090050388617,0.579980127129837,0.726616055398036,0.842369819338921,0.0827240743983719,1.70127500345844,0.025769310374508,0.767346211826713,0.000287354205493577,0.0552259370913905,0.994252063853143,0.000645119892443572,0.833960732153075,0.0907098652187911,0.443609516985453
3a8402e6aed14abee7de8e1d1f2ed4db,8,0.142959897882849,0.883820730528987,0.0880890238767332,0.424625083595353,0.624752755911254,0.643049332384251,0.175716532682262,0.389517715484919,0.0433367457200318,0.711399963390701,0.000389108745714182,0.0190074990485285,0.705646229570391,0.000450474758995546,0.842686774887373,0.108674426759605,0.829774714648472
ca3796aae4627b213e2c9bebd353c0b7,8,0.129575077080276,0.622995299969004,0.408096842383555,0.976772943418131,0.469292537564966,0.697859629859676,0.146036604723307,1.56813053934288,0.0330550373486819,0.600903667913483,0.00024823727806042,0.0472096938361082,0.997348711677465,0.000162991352566722,0.998298135960153,0.0924235910587152,0.418428978764316
fa1d239099354fbbc8a8107c0cad593a,8,0.146593993971656,0.818005288199915,0.368564683840531,0.454989004749086,0.578523502627829,0.416427754242603,0.0908541972326121,0.777834323229088,0.027889851281278,0.692727431384085,0.000377271087500809,0.0178400741628057,0.996324986753872,0.000671520438064017,0.762397575419437,0.0900666529152112,0.525594927257551
b971ae931c90d57e9c45e5c6c7fab606,8,0.209582989602699,0.650366183159087,0.318391209348937,0.831002973252377,0.334776377510673,0.896715414824896,0.137045932163715,0.23672976369968,0.036456742319202,0.836920574715978,0.00045855260902519,0.0415026264542799,0.891441625131671,0.000554488567820267,0.684029213418097,0.076421754167514,1.01142089741224
e1eeaac07e8c3ea9cfa793cba2f9ab25,8,0.103002716502127,0.93886056054442,0.99293951871156,0.0654631995622185,0.126026446174056,0.718795215091883,0.0965956133910792,0.47188202495142,0.0336955013266559,0.685539673952174,0.000319853154958175,0.0168585221099314,0.982235811610371,0.000931472180410743,0.680306378094625,0.108896123344416,1.38009843103691
55ed9d90a9fc584e5f270fd98de7b542,8,0.13707274079265,0.596687360143719,0.709369165871878,0.714529703363643,0.964668930586931,0.659604733987225,0.132914921975987,0.772565114891901,0.0394371698140657,0.750297099215677,0.000304929717620348,0.0309429488678973,0.738211513456786,0.0003877336631921,0.974394100066021,0.0949237213617182,0.87410722287063
a6d294567aaad3a99af86a6369ea478a,8,0.168121550816064,0.925755569322436,0.23146073118436,0.681190507867774,0.572647403036963,0.92412282420761,0.158505782615301,1.27286812725816,0.0364507786582059,0.700346381402958,0.000373951125107197,0.0348939628642792,0.961089454795374,0.000639621958863698,0.96869871100168,0.0862240394282787,0.764107967539531
74e0e7bcc55c0df642449b16437dae9b,8,0.133190633291939,0.884815777199335,0.965549017201667,0.0613169726036208,0.253033733032147,0.364977592244089,0.156537010706664,0.889777471779132,0.0356406097736897,0.732343090543903,0.000445846276641408,0.0109029656164602,0.964185257139925,0.0004190569688506,0.632128437168141,0.0921461461436493,0.442023043785706
d8ce212e13d2b57a5aa7c8f7aa29450d,8,0.131092108896705,0.732958249775596,0.552180915380903,0.869742151420471,0.975404960671491,0.929058647478079,0.15468984739419,1.16563739366119,0.0270105419361491,0.654938040992163,0.0003415302452706,0.0308161178138373,0.730173447369762,0.000242184491785488,0.658514488362317,0.103833649808339,0.790946265030244
9ddac4ce26bd475f882acb07ed4a1be3,8,0.177168990721713,0.795609220942041,0.568965224183784,0.43189382662228,0.698847712164519,0.559966487560783,0.162798587696856,1.40588949108026,0.0311347461607135,0.659456553291701,0.000505418918612044,0.0125283073329346,0.908379568093668,0.000315837341042797,0.725267151074575,0.105941427434665,0.849358215559203
abe44d917535cb1665c1f13af9dcb345,8,0.135098962066033,0.655647623559879,0.448357779270788,0.238888431859754,0.854111343132133,0.720676860724679,0.167054242447432,1.60070720057443,0.0284288679018864,0.79990895122463,0.000370290276853937,0.0250918648125192,0.916059565327186,0.000363527521804378,0.857397587968484,0.0941854006811647,0.591418042298544
36ed5b7dd3c7817a7b7f9054dfea8e77,8,0.126228160363117,0.771642612035178,0.337239033174102,0.891494300837906,0.808816800495586,0.72111574215992,0.104241885930587,0.705930849372218,0.0257131523976369,0.733045060787768,0.000410217488411242,0.0147921986157947,0.805556829252742,0.000751575652482987,0.63383452838558,0.0997729570112326,0.870831961136611
ccf965569486e7812dfc5323ca96aa55,8,0.182965573032913,0.809971595819622,0.990025059257442,0.135151625606454,0.515781872656919,0.920313453764316,0.135311595960106,1.82982545139763,0.0449352121871927,0.710303501895225,0.000299776292337533,0.0349153270516824,0.745803181043671,0.00101749789635437,0.775967588298316,0.100001634672419,1.06501119380086
b15b5849ec8e33cdc6919aa360617c95,8,0.125564661134045,0.523459364683695,0.255752433119684,0.514414489862632,0.749293935179115,0.518517570945497,0.167928778132071,1.72761897513486,0.0325327616260794,0.840443132745593,0.000448748422489561,0.0202712956369614,0.961284326113426,0.000407562954580621,0.62626145088991,0.099896303143834,1.19947879446418
e9fc25605cbe15a8fe5d3cef23643966,8,0.241020925310357,0.709899314161771,0.358277607194169,0.774667948863096,0.189962615963202,0.967658570558141,0.118816478979624,1.50621097218049,0.0348851064313872,0.777076360257873,0.000380800657221006,0.0479130462902506,0.946637497471664,0.000673868168011048,0.856324832055813,0.0768951846176602,0.738526252007859
65883027e420357cbed7f89d71076e05,8,0.106156098080007,0.407036025924496,0.454381037288267,0.48333871690226,0.305190878392947,0.964605761552256,0.139099452419184,1.08808610065676,0.0400557630660815,0.635353267179123,0.000304908937329825,0.0349716961984606,0.609227316510884,0.000469720250525146,0.657140227935683,0.0765107546783529,0.767365967349323
f6101ae9f4e54e00c3ac294c21b6a86a,8,0.125217763707381,0.709140379418004,0.505534247969815,0.104493024096472,0.449654024044593,0.99434354408293,0.0635193385178853,1.71478480140633,0.0424019855650632,0.627515357990453,0.000379698683318252,0.0167483169137797,0.878485933586445,0.000505407890219302,0.716592054472923,0.0848891355590799,0.909448484685273
271ef236ba1a877007f8a7bd117158fe,8,0.132295436540443,0.806010607640661,0.273878070394447,0.0536451684232281,0.833040445494168,0.734978247011418,0.163323105671275,0.39679461950836,0.0311248815014686,0.820557167315188,0.000327437728792163,0.0422812201208245,0.757552508523245,0.000179651036111286,0.834153134749149,0.0976429140378743,0.746959001426079
ed6a8877d32011d23f33cd04a0135cc7,8,0.18187247743538,0.800641950394905,0.606975800313624,0.351392293241122,0.0887633685533108,0.595672802598534,0.136859245828452,0.781093015484488,0.0255749292464841,0.68398551598083,0.000410249047410202,0.0285713948941532,0.805071615605684,0.000597711345615765,0.839772194536391,0.0851810446343601,0.956892687369926
09edabfc94b9f4208955e3d3874b84c2,8,0.184620362376803,0.63928537352995,0.950392834636458,0.151973155946574,0.998243687544395,0.566794202919032,0.161523947532102,1.02617273219922,0.0268349606324388,0.755649744823429,0.000530031479681801,0.0276918751284402,0.99453493974781,0.000602823121741017,0.783029968522021,0.0725534702858172,1.60138630863814
f7bb7d2eb0903ce9f1eb4bbf98efc689,8,0.182109436984174,0.515912987684961,0.8531914317707,0.896523219594931,0.183782886529482,0.567281075410745,0.0964372387162497,1.2346069164537,0.0295825340703613,0.775939403958315,0.000309276964492819,0.0310574379645283,0.85382292308108,0.000868209648876231,0.955964606308981,0.0709347043876717,0.285292229469366
a6a905dfed4b1414916d7c2b096efaf3,8,0.169131184435011,0.979651192727353,0.135796943935103,0.799057447154876,0.717126133453686,0.724507496639271,0.111913843436515,0.399992265326764,0.0389892777457253,0.769457799155404,0.000437980568659346,0.033223415058887,0.984159794366458,0.000318201182846125,0.673046457347413,0.0793190047891866,0.57718492815715
7e0309274f3a61c71a037d2a6bd6416e,8,0.197085652918357,0.913739320256688,0.240808348021939,0.370254633328638,0.626658174375154,0.810476153235137,0.147523765114828,1.84518158036122,0.0268939293889799,0.77982499016888,0.000370085637925407,0.0648018829382701,0.875148827079842,0.000884370988517837,0.771535031812465,0.0754478710761539,1.21525391781631
d1809458d5087fa511cb8d4d6ed034d4,8,0.174855079916597,0.92805821506157,0.524918822796676,0.625370099644642,0.378600740298262,0.982583202868279,0.113317095157792,0.828834402737586,0.0416988059940704,0.745640295546712,0.000320831644918247,0.0447349242471935,0.834657362299444,0.000677448316207388,0.878442575631862,0.0982976680874434,1.21724277890065
f7dac30435fdf14108b94680b1c2ecbf,8,0.173883805684063,0.888426819533309,0.735155823123299,0.938867053029501,0.918420927772531,0.6453251315866,0.0904934181967801,1.44259439127843,0.0387677164356514,0.833100958289908,0.000371328193015907,0.0246855881293147,0.868698221610554,0.000713311155392915,0.735586474251071,0.0983693530537689,0.68102842440818
593adcc4786b961f676b8ca8f0a3bc84,8,0.140157190560181,0.915711526863179,0.00607292379992191,0.940269288577222,0.802180039601243,0.748365632629764,0.112069810886593,1.47783621282395,0.0321917313770132,0.830963693526655,0.000379389000935953,0.0395337572774048,0.915648173294026,0.00100814967766906,0.646043532754124,0.0836725867385677,1.34531731780603
03b59222aa7b79a713bc55a01367e1b1,8,0.184463418726728,0.628879942354541,0.890819484191426,0.563763246668284,0.112643032988314,0.690219345809858,0.137291105927165,1.55956754391722,0.0372328738047836,0.80109715166375,0.000407798940168459,0.0334016408225812,0.719654061097312,0.000330667034302578,0.921752195851828,0.0761130877045003,1.02789754248595
f27344bda06f8c0e334cca2f4f1cb739,8,0.18467772628599,0.870657796084193,0.214392131371475,0.0569341997192447,0.0548335021310862,0.713087412562072,0.1743261677897,1.88234008305944,0.0353781798604557,0.656261359124212,0.000443890076376475,0.022785765106247,0.698608809212077,0.000689149975565755,0.791406033342899,0.0951721186884008,1.06256401907338
65dd430bbad22c3e80d7fbeaf537bb9b,8,0.16077876579989,0.772263044689967,0.736637920729357,0.777219248577552,0.885940424280382,0.902261945573236,0.117468552084867,1.07291624299699,0.0402967644240483,0.820248703531761,0.000379500729643559,0.0418445992309238,0.87761926826512,0.000811135552497246,0.818183788169058,0.0803196765074812,1.61157957958491
8518c908d41287bcf670f0747e3bca7f,8,0.189185709318894,0.819295478423324,0.625530617634239,0.298134101702993,0.446162769490346,0.392958687497989,0.13245558165936,0.587178275575219,0.0379452390458836,0.765074888513721,0.000454869466767262,0.0232706418563867,0.790146802124146,0.000612337308004404,0.767459399187744,0.0774157361818477,0.570474799813772
698685c0709ecd7a456a14cfcab51e4a,8,0.140011348739493,0.690541238139755,0.578705461476775,0.37023341896752,0.730963005244472,0.711468032043057,0.0977069519530612,1.77602880699647,0.038853538168673,0.790945034325119,0.000263204871528719,0.0571875314803374,0.894274379418998,0.00110634007331705,0.938351860375151,0.0731241144048585,0.742161619512126
b23c69e08afefddd7e5ef421dc5b8962,8,0.173866542899368,0.624695874476948,0.18334898772533,0.412143981966091,0.868855024976981,0.704393262051667,0.17556847389437,1.14335199510091,0.0279541001433579,0.769248478296637,0.000439522568754588,0.0268386583235766,0.942001451604419,0.00063613844635751,0.798015462515804,0.0878114006280639,0.870001322994064
96f856adccab2af8b200b36e1a7c2dc7,8,0.129624903660481,0.784057325522758,0.723060571734626,0.668813648735265,0.555712523947518,0.755742747518942,0.169308959087196,1.21413640460936,0.039967947533925,0.79286586735692,0.000383554739713087,0.0449469182447213,0.732107994341406,0.000227370803452434,0.809985084684809,0.0861328845363653,1.43815405710645
c073c7df3e35f9a2f62d9a7e985415f5,8,0.142661524050158,0.810042152859225,0.401510329906305,0.605958468489767,0.449524509249433,0.744758400766424,0.0500677046295315,1.81966719195058,0.0304381398204913,0.816877540460932,0.000353462643267159,0.0322849336794388,0.980203370218823,0.000678547803491993,0.644869554295239,0.0827760895645057,1.56194327921363
f03e000e12a2e5dbe7cfef677021e012,8,0.197754183154254,0.826695378184473,0.765408763785278,0.149366025245742,0.202606872077073,0.589283576407355,0.152913062452321,1.12968066622393,0.0408136131601743,0.697011664984482,0.000482025865833386,0.0166671427294545,0.881959138074566,0.000787304461079563,0.823018882567494,0.102206016448108,1.55283956301863
efb39b1d664c4ca7979c8e7b1cdd04d7,8,0.159277731992327,0.442985978662767,0.522189322350999,0.2058529015606,0.0203542005920249,0.786360470015299,0.0600398088893042,1.49995944629109,0.0334947161020553,0.817952994833553,0.000344475247326742,0.0147738568451707,0.908785428105077,0.000909276988639556,0.77658380462476,0.097487880916637,0.611988590971457
4ae25dbfe6df722750506956f914a88d,8,0.137424543469864,0.798990782578536,0.61003564574427,0.65522755866569,0.192364600431534,0.364258811479238,0.156657471700873,0.793092449966924,0.0404287920411729,0.833034603627059,0.000365798245614298,0.0165146536490566,0.637536446782228,0.00111587308280427,0.923895820849834,0.0920828141455997,0.632199423768551
8d5e73fbff76cee4ebec371d7f42a541,8,0.19666104285439,0.898623958439253,0.414419914424498,0.143555954209313,0.016508252698233,0.706762921770312,0.104281243931447,1.47970644433226,0.0395397322048997,0.749416321077498,0.00045766041153597,0.0337056240119227,0.938825856457443,0.000940917954239584,0.620764720446672,0.0800168673237562,1.40154783594201
7c97debad039382fa20df9c817d6cdbc,8,0.119638404726564,0.561955531428765,0.85565923718222,0.167046149567211,0.651295693390814,0.740486595211451,0.165296237474222,1.1611428449469,0.0402419576484527,0.790703523507528,0.000266223317218625,0.0558621373729982,0.908558973089556,0.00039434925283355,0.752972371270955,0.109739952455928,1.12583756804622
4170a2fed2d11e4627e78a4bfea8fb07,8,0.21792819652675,0.831094352612804,0.924745200272146,0.49879354337583,0.701032730515837,0.684843811428871,0.138428947405166,1.67825436757296,0.0308802114348292,0.64555650659717,0.000431417590236005,0.0370759204363373,0.872701648749717,0.00105424758066463,0.923384947070754,0.0723859554453481,1.64674147643338
651de4ecdfe38307a2bfde150be5e055,8,0.123752769744781,0.931358250301437,0.27976574780868,0.283708006455203,0.47226793978139,0.503379587892908,0.168682399177328,0.624644599807938,0.0304890424498556,0.721041037910986,0.000450818011217926,0.0206353624955693,0.809626875241828,0.000971078477006622,0.64612250158941,0.0924448634321411,0.996255697500177
3a91973e668208694f568880ce6ce8cb,8,0.139973993613225,0.923999947203547,0.178299001963665,0.743448973459513,0.389300905373393,0.361683190963941,0.171829169701093,0.012069264154811,0.0401384728188277,0.717245448237899,0.000427697644882697,0.0308344956777353,0.961222988116334,0.00103552733133044,0.803482576567867,0.077033628153433,0.464605810887113
9b37632e4965dae64fa490ae1ada38ec,8,0.206497024303706,0.7158766315938,0.359298227998901,0.895193364609749,0.480787024447191,0.99961791738353,0.173860953063141,1.48631428158844,0.0335152744572083,0.654033263138447,0.000309836972221569,0.0670613265734996,0.819105037258721,0.000769895603745083,0.77445543085479,0.077784584263489,0.450738282422141
e1786d2c4f88d8fe680278d634f8f77b,8,0.133708722490858,0.604542701217962,0.807451184953902,0.932983563049193,0.468060039735505,0.876968446522381,0.115224944375966,0.832658286318455,0.0411138874736221,0.60850455603237,0.000337985764170237,0.0193354464414976,0.821490072321219,0.000728064480152781,0.656715631861144,0.102826839437329,1.24936199930153
c7df8c0215be4224aab9ca0964b35082,8,0.107193155197145,0.848866670952962,0.0454700250831528,0.807312951962299,0.297675084696572,0.665409225211346,0.133736715917473,1.33993552354938,0.0460390076838388,0.781273360799802,0.000313915884859033,0.0414665170044018,0.815946603913366,0.000567745390216708,0.647221368105358,0.0845914774551468,0.432558233716159
9cc024d385f52ffc50cef367270714c8,8,0.134345354561066,0.616066557680998,0.307943039325918,0.923680258878312,0.566497243092008,0.925950141509015,0.113867269263357,0.774595594265044,0.0307032070384196,0.608114981909282,0.000324295356374215,0.0539206718765496,0.945003379414694,0.000538292718826467,0.813385384752924,0.0745558448126708,1.32582571562398
1a1e51c6203c4e52f7ceead1cb12e6ce,8,0.234547979386558,0.923277611198659,0.639801580567009,0.97879706529493,0.542816677635471,0.698400186011453,0.109740237936758,0.383469970973606,0.0342063835311553,0.618268284380371,0.000455342501712423,0.0216301626849909,0.964007748040594,0.00082449377918533,0.692170203623524,0.103414554396338,0.93302737559018
f9abf69d9865db5c61022b0ced58b032,8,0.173069114105009,0.692228111504804,0.553897348284406,0.419534177307248,0.396310412251041,0.757626954959604,0.139128468939705,1.32314480685325,0.0289873484601186,0.833588152942111,0.000467024463480104,0.0153053259191341,0.756173592478321,0.000954097561042614,0.684654930449922,0.102890615203778,1.0514525490116
cb3bf6eb3e105e089f1fec97cae13f09,8,0.110061041461603,0.482254668356758,0.0687874710701084,0.0491791025511681,0.532573175788224,0.829144531531681,0.102903502370079,1.70385975851568,0.0279969837918587,0.844549455837229,0.000340264480882218,0.0319700445477979,0.980642347841156,0.000973574705504471,0.78834497035608,0.0696021610612115,0.753291580331666
fb9a856c4d508fa56a087b4f7cd2d45e,8,0.215133983436028,0.739193453589553,0.625083778867539,0.169608413372155,0.728336518058307,0.885063973205116,0.146927119158432,0.103102072126794,0.0343134486244757,0.648753361696067,0.000452093503074858,0.0206134385964478,0.729616939679899,0.000953229036423043,0.728495312791694,0.102116814568744,1.28833078424751
a975cf7478fdd10e3e72a1a2a3e688db,8,0.184018952412508,0.895694365390339,0.00277511681474552,0.752897579738723,0.723035449229167,0.96592223000762,0.0526800396895356,0.93305802357998,0.0419245156610102,0.650040315415193,0.000267219918647427,0.0342600564408946,0.921131983940346,0.00101894425232925,0.93951495867325,0.102856669621883,0.811589420692946
aed49cc24ce03a9ef94375526cdb56b2,8,0.153123593871351,0.949353672321501,0.7828240180435,0.13398160474719,0.126303688500398,0.513909500033173,0.0512039935508317,0.917138534961722,0.0274839015082951,0.728322853086138,0.000328731206318427,0.0186678704648319,0.921728560437219,0.000136553908309213,0.909614639295108,0.106321303584972,0.841252839962567
2e6ac7e90bdf8acd3ecc2119c08e26cb,8,0.163644499021564,0.615222745911008,0.383751021479068,0.843823553723752,0.586186637900194,0.637184043637058,0.177462724256621,1.78210670206623,0.0347813964266756,0.821436706301016,0.000504578473334341,0.0148291459278626,0.983537353198425,0.0010514603189177,0.647007848486402,0.0967562816768745,0.889310303133602
a6356c2d501e389d8f16483863aa2cf0,8,0.146985255854973,0.950248732289852,0.885130304506045,0.204241423013839,0.752396449651398,0.725076316011272,0.050270038771712,1.79563949401285,0.0371345787069811,0.819438699005888,0.000334823355867316,0.028547655957803,0.992936617070413,0.000238280382106184,0.910768519585213,0.0942094087922086,1.76101090534489
52d22555df3692eff1f0fc030aeb18df,8,0.231394923272543,0.628844719068384,0.756634779904116,0.540880983242601,0.344592387776219,0.923000908651242,0.159235139405223,0.623630647646921,0.0361606666487781,0.798741826851123,0.000408301374645809,0.0380387891398533,0.705358181033145,0.000558003260014744,0.786972491290775,0.0856765992665606,0.743511376149293
5369bcc03037a1eb8bcd42b6957e9951,8,0.218677629725288,0.951882638163677,0.168419522887339,0.788316379277299,0.243246481685646,0.991620590284549,0.14563201348346,1.55847619726753,0.0349864911322571,0.757658541162318,0.000401901060213076,0.0431641594953997,0.755367525423488,0.00041915481777082,0.727398405596662,0.0882931853975998,0.750110965251787
6965dbc71c9affae44e2a16a1752c8e5,8,0.185084787976825,0.7372731094212,0.509844914699018,0.105272969010591,0.760067414827097,0.447489590187341,0.165030447074062,1.1667247099436,0.0347688305250689,0.764503666409321,0.000445319604082427,0.0200476626921363,0.824222579469886,0.000542717548911834,0.960516980718469,0.0926478404809829,1.0140815201909
6d0b0a2f6cfb544f9966de23bd031703,8,0.161893924454103,0.606394750603068,0.181755306848208,0.227920818816843,0.696628977000124,0.915478378996291,0.101487711760602,0.906104637661639,0.0384789251740058,0.839080760807192,0.000397697141956385,0.0401579294348687,0.92389805509201,0.000947755204436878,0.646330012400831,0.0708820785951721,1.32006747119261
a20ad1a89625569017fa663a5c57b778,8,0.195056983321404,0.975132675200525,0.240220087098697,0.957286284300345,0.549087659652064,0.652635183133829,0.166341535172231,0.980762020316829,0.0405908064325466,0.777829640145107,0.000420725352071139,0.0356938460227632,0.812177618686044,0.000472714769283237,0.809803124482577,0.0809877879511794,0.589042392050587
b27f6978cebdc475b3e2e757d979dc82,8,0.207474512092578,0.934447637167072,0.348314005754912,0.402171324596531,0.460575174640193,0.860362399614176,0.0845210807519434,1.11918971781062,0.0260936597827949,0.717204637943715,0.000318809746294067,0.0310986285577869,0.884365045691292,0.00108489116860827,0.705347368825552,0.107951238974843,0.30381537520845
d8d2d19e6c83daccb24256e75e5fc3d6,8,0.1343466411944,0.849848120716606,0.882670804510297,0.504519514637136,0.0526783124131308,0.839416756493379,0.111144245634453,0.666615255889137,0.0317296874142977,0.68993640583514,0.000326572630180782,0.0343548869424483,0.810133665667691,0.000869034592592334,0.903031475208959,0.0793561896320974,0.756349849457046
61c2893a35d7237490f692cb84a785a8,8,0.217973812875449,0.814188392024582,0.445713669729234,0.471663722653705,0.385932523815153,0.605048305131115,0.0908824707979975,0.175563010147153,0.0272249639371094,0.64140958627623,0.000356675988779721,0.0468044157646858,0.886749928001388,0.000159444776538087,0.963615839624579,0.0831401894630919,0.939006367849725
1ba69be1a4d0531f8ff3def299560957,8,0.21316338747196,0.604195568101441,0.255583337578984,0.7281624848638,0.184041511173744,0.627290886191536,0.12038379143449,1.68631900765323,0.0296604074182721,0.832920133278501,0.00046004151386804,0.0292191983756492,0.94996425606174,0.000414040327559304,0.806459643013637,0.0805576743099186,0.946128202695468
f7755d82504d0a520c7e64e1309d30eb,8,0.13612027298453,0.633961713373307,0.14485278250867,0.210852418454563,0.101253486515762,0.653448708963901,0.108695812989058,0.690236517090402,0.0399570141330525,0.834294565631875,0.000357173210865364,0.015076148856707,0.884910516699276,0.000326077621047346,0.844134849130173,0.0870207771906688,0.265014192050198
a5dd170370d54bb2a6ef7812848478e9,8,0.155631231923476,0.747067992769017,0.547628966517377,0.772973067889671,0.465805049060094,0.935212411971603,0.160514319853835,0.517077426983115,0.0368095412718816,0.837912589661175,0.00028984316677695,0.0340465708054851,0.681413514997073,0.000410312508195066,0.958702758235803,0.105698173761447,0.517060607683033
27d73ad1f4a5faf58deb89b326930695,8,0.119204558712191,0.558651524914963,0.424968072674562,0.730640019804945,0.459186286252738,0.443083150215441,0.0912404834972798,0.904765123311249,0.0299380787160181,0.840488697426511,0.000400151410471162,0.0128468679036707,0.84444351902899,0.000498233832671568,0.682117149298009,0.0972391788069035,0.887599353488616
6dc6ac2680240f9f8e18002cf002101c,8,0.249401001680143,0.720935713489305,0.342702896535304,0.0365015202500303,0.0611896176914075,0.612164459222892,0.177433476554144,1.24701502531186,0.0395169226063229,0.644670949391387,0.000511091883118185,0.0313989904309197,0.980923961251603,0.000435900246742085,0.649641493386918,0.0841197672725941,0.484708907361317
34db12cc22c88c346a7a59321164e034,8,0.155835661950095,0.798490322801973,0.608082947235414,0.141019173988299,0.729279973038048,0.915191586418836,0.0821615850524925,0.205024527449979,0.0279675334516113,0.836919743386367,0.000310736811504139,0.041845905906461,0.852058856551846,0.000437820305603665,0.849144383108754,0.0950622164866944,0.953696461129787
b55e30e537d48c8ab71397dd42c8ca85,8,0.103992889184516,0.574584906516975,0.421654628514388,0.579567169391358,0.134622767792727,0.920334190351252,0.0637295328556173,1.76972812654241,0.0266221121867725,0.650769158588133,0.000279148072645559,0.0229352179253748,0.986969872149981,0.000592572671123829,0.660247030192456,0.0943013104709373,0.410278913874508
57d98a57250f59db7e248a33c5c1f519,8,0.172105310647132,0.594799897945393,0.773211275015612,0.117157818764321,0.659984749847362,0.496726423964189,0.134274607584305,1.73628357253257,0.0271865645074453,0.802842793835319,0.000441643417162795,0.0133892507937959,0.91056638814146,0.00068080464975138,0.65473713076729,0.103287176662627,0.768527685879987
ef1dd17e03a4f620e361f50b485647cd,8,0.134993264986873,0.463498869615369,0.758316759989179,0.115868977648531,0.906731851987664,0.62616585211821,0.118398035251615,0.687445053642616,0.026728936313233,0.709585753126431,0.000419742126803335,0.0169439830855609,0.684305952662242,0.00024934151877714,0.783956860504809,0.0740928106924879,0.842737996694415
195514d58c45e50d595e1aadcb8cab02,8,0.209299240775129,0.610322122184561,0.289150817280649,0.361811015263049,0.506393813445312,0.93841167752992,0.138382436989415,0.838556401945526,0.0258095110005531,0.847932477269535,0.00045024010639984,0.0441759790478642,0.936720223972174,0.000318267170771336,0.718389950062291,0.0821051379468671,1.40860691787008
b893cf0cb66cdd8d95e921a9ed9fbadb,8,0.121351969292668,0.617994297745609,0.80426092859147,0.592018051481539,0.903622827573066,0.677162413892904,0.170285615530062,1.34158975489136,0.026214165221815,0.705830444347294,0.000279294916991513,0.0364055899301047,0.961989890168562,0.000951936642685577,0.90272563558136,0.108217902125138,0.9440159768654
16d437f6292ff6877ba005f758f901e0,8,0.178997248638757,0.648144900109221,0.358461635143133,0.417634863883072,0.46643178414223,0.806367025563406,0.128239137119957,0.019047105480119,0.0438447349864355,0.688975853530711,0.000468944984522702,0.0162912606102354,0.96917406575905,0.00086731684178869,0.661942281304467,0.102999146562379,0.938413689957074
f0a5d3201eb979ff67f0ace91e2df228,8,0.136179704466653,0.464302648133291,0.384065721181173,0.227444051066824,0.611086388221182,0.952411809352484,0.114735117416235,1.54002804133272,0.0413914012631847,0.757491274344866,0.000236465447303338,0.0417459802133618,0.981678381224657,0.000979782196018053,0.911355308542347,0.0773707542689718,0.181662575718563
b63a57c17ef529199a18210c31b0edf0,8,0.163647294217924,0.639068538646642,0.710108647854478,0.247344103469308,0.774592514627284,0.61092647344988,0.0913625316361151,1.79801091930624,0.0354373434214973,0.735905650044639,0.00035049744248167,0.0143490054513255,0.853519172187791,0.000728437545758678,0.976565504708582,0.107362829905686,0.970573371186099
a9a6a7a58feda94ec7757ca5e595d832,8,0.193607549276946,0.73647424341645,0.187655356447623,0.863839967663105,0.848895528811263,0.573406707654158,0.0640523353493535,0.573429226971473,0.0320285234307135,0.809143813435379,0.000265945616039327,0.0406952005808616,0.989944883323211,0.000275035321546085,0.902207130544136,0.101030994178939,0.329687850594516
24b7359e8cc08b82ab231d19479013f8,8,0.141617834148504,0.996351913761275,0.110592225210738,0.310130985751662,0.734311792540487,0.391778767468487,0.0660742665995221,0.269145115718165,0.0413412147987704,0.682195230863482,0.000387575866925049,0.0239317373435248,0.831479694479566,0.00103775042902032,0.795245048029215,0.077273549889036,1.62756588639235
5266ef229f6ee58626175ffa460f1a26,8,0.113648283296679,0.707429813355352,0.877885429129391,0.0313480523627881,0.736355814515127,0.804315705460585,0.108203157331036,0.507958073994669,0.0312582527726351,0.749923210277471,0.000228046583304415,0.0578688202463791,0.956132347950201,0.000302884320658566,0.817268545421499,0.110341385510539,1.13921986986774
4cfc7a5f3afcad010e892a3b4d008479,8,0.205678505751774,0.727869993961019,0.991827798454461,0.294353509478713,0.149276129533794,0.484876717576425,0.102656502852765,1.64156104937272,0.0297821873694233,0.750431625728863,0.000313800907936788,0.0207558601168448,0.9556214744169,0.000523638937604833,0.946554729896326,0.107320307907618,0.702068330126496
dc1c14ac6ad75aab4ea559dbdb6d7d40,8,0.176537088076388,0.846173035380939,0.697403762830945,0.0742080586910357,0.686315961099343,0.43401728460144,0.036524003090789,1.27726638438561,0.0254570472880632,0.761265616250937,0.000397052026666962,0.0148226816278152,0.982523401410314,0.000558426360204608,0.63122098741046,0.105605571256935,0.483251321382176
8cf622d48febe4fb512b874671415996,8,0.228219052332047,0.665079270569497,0.45984438740008,0.0149983111002332,0.0576844873695518,0.839820586418255,0.155260613575827,0.500418063972174,0.0286876381095861,0.720284343448789,0.0003933134316554,0.0167733389770115,0.897360626204519,0.000897149802189659,0.998816494942153,0.0878693599853024,0.273672505833237
782c9104dc14717ca5a706fdeab409f5,8,0.174794730154255,0.652568971472029,0.513043200944205,0.0756713856156292,0.0578131240481846,0.927065549970709,0.152910362287061,1.76070261822386,0.0366161496369684,0.627944624912835,0.000378944162295722,0.0338193573823538,0.696923868907792,0.000743224891662364,0.724808106530287,0.089672202141022,1.45215863893571
855b32b4f72b56c5ef301d6f4f4bb4de,8,0.195215437330209,0.886256731550958,0.805949056289392,0.457396482091332,0.668151742088923,0.707640321850231,0.0933134430065996,1.16561293859351,0.0349439606952722,0.606733151814923,0.000423707972924037,0.0405797713594079,0.974759067503734,0.000376182712168144,0.766359767349097,0.0713170402619765,1.53422855389639
38cc101538152f2ded26f9aefa19ae2e,8,0.135994799493272,0.834539727401098,0.153612139434947,0.299938658842755,0.629686389810762,0.551715407420474,0.070872332766417,0.308761777295104,0.0436901931042772,0.807558251814574,0.000266732996040851,0.0489864824174898,0.806476078781893,0.000280741502065169,0.833442502679934,0.0886526063801151,0.639920788382934
92199bfe50b687491a1aa7c5b7a61243,8,0.103878324030804,0.561282475013484,0.138461676006332,0.18392862360291,0.786266904334634,0.693942409500625,0.0415972163110805,1.15819249453266,0.0455451622589689,0.752493725539487,0.000322063108317829,0.0131480115233204,0.978350105501674,0.000390254512604332,0.635604786578289,0.0996318132889635,0.463037212622666
6db996a1a3df5989b2b81bba2f58122f,8,0.11822233457236,0.626524243989163,0.247821258230354,0.576867262701134,0.414729068770334,0.827895164394203,0.175529074203826,0.707589061930683,0.026622719979812,0.6723699483049,0.000374697196802051,0.0383114015029217,0.992300095382956,0.000461196889394644,0.801276376829471,0.0910109968296129,0.96030420953645
bb5bb6b51c947cc83746138bbfdd9dda,8,0.115246622799437,0.375388694138922,0.627800673928646,0.881614023091285,0.793775269786249,0.956584619610933,0.125693179104388,1.0838469763407,0.0278262808695104,0.822696632208364,0.000243505458053445,0.0375799324042888,0.658582375299567,0.00110218066478642,0.715246553560194,0.0807646003957341,0.192737322050113
4842a07634f74782322507b66017e221,8,0.149240718512179,0.747105348351646,0.146270555124211,0.384182412286686,0.596393777581723,0.56741200725922,0.122662056863606,1.11715208049943,0.041395821627258,0.760765630337243,0.00028764583723508,0.0380703299455275,0.696520855309363,0.000959845678211127,0.99433164170124,0.0860448303200965,0.755159534877604
18d0d56597f7e00f045408e6b8515b84,8,0.146228794000018,0.509736628804524,0.483261641189473,0.946554280497298,0.219595442452085,0.814416155369681,0.0544388456405098,1.06356337083005,0.0361772685297527,0.620135166988287,0.000302817223578087,0.0180515437017304,0.977760675287981,0.000798996275528038,0.867830631342838,0.0980739646617002,0.90583396206511
9aad4fe709a630d615e2b33a94860513,8,0.163794309986912,0.992207130898113,0.869979669266134,0.428335621509554,0.216393676409926,0.62042893302981,0.093471372269351,1.6757944847987,0.0461377071790346,0.635644833047143,0.000409878896466418,0.0176682079571665,0.898291392777244,0.000374988448163358,0.906993597624203,0.0961548824631682,1.4209930775879
206d95bedf9fc82d0ba0a94daaad0926,8,0.110341894881091,0.708673249124042,0.902722375012407,0.786284040952108,0.723429171329737,0.461376129976315,0.0937013915959845,1.74290657176677,0.0388679629625692,0.803260702850342,0.000298591134319358,0.0162789624790433,0.893166670402508,0.000314755667070886,0.81374132821519,0.104085433616123,0.626020050136615
f437b267b817a1dc3346397f5f430ed3,8,0.10875295544594,0.671533539177686,0.0267724869096898,0.332191904404231,0.577520613857487,0.482868376054452,0.0743205013211768,0.672766757118043,0.0417089904287882,0.667084425563405,0.000331663310931994,0.0195458857698338,0.742581629154244,0.000427102722133336,0.962516004656918,0.0831688951951501,1.21738274105516
a7c6fcd46df43590964ea7bf42a0cf76,8,0.165925887951789,0.680856791965054,0.477636385009306,0.979329556909318,0.532762634263028,0.83973666781838,0.147818194127746,0.245840500252563,0.0266014116655784,0.666887599523286,0.00043028067507669,0.0149440291347751,0.670095322969218,0.000902780029415685,0.62445317390192,0.110475593901838,1.32601550879985
4f23f3591dc34e94e2d84ca4dd41bb73,8,0.132777835577251,0.939677756333205,0.207678534554211,0.0720625167497543,0.649054640710734,0.780351463211509,0.152010986375357,0.281029818441755,0.0398931962987759,0.775425202396137,0.000353014075848916,0.0273513903427864,0.85653332016468,0.000758775629277756,0.772713762483134,0.0976178348048771,0.488954578832406
678eac771ffb98050a50b1480390a697,8,0.139689200186583,0.765393748580612,0.144955688961713,0.0494199168486076,0.276073248797449,0.484729859150539,0.0863021244181667,0.695406073609153,0.0436578010451925,0.656816111481915,0.000332987619847694,0.0181150818162087,0.904264562105349,0.000997910868726833,0.961419685235557,0.0884925151744789,0.628980303484938
526919886fbed81af8f3327453b2f6d8,8,0.172028567955761,0.66924853946946,0.996472929898112,0.0618312192126519,0.507239214817151,0.625641647349045,0.0394707800952271,0.0937369311350186,0.0317813561339041,0.634095981359522,0.000258025436580061,0.0417811141039982,0.989811006216018,0.000938705582818628,0.730485714625535,0.0944214897624824,0.985391538795076
8f5d57f6c9abdb55599733817eb22e60,8,0.181938286740827,0.869055304362706,0.314568779336011,0.112363111379039,0.770029036907431,0.296072951480154,0.148921201978936,0.684469826793853,0.0453083729286197,0.730978000913284,0.000504873627595071,0.0112392155297129,0.909039736969269,0.000966294794778163,0.849177627790703,0.0979999884363897,0.978789520805656
2071229d9efcc260a44c497287c1dbb0,8,0.177512390952049,0.931382972594577,0.607042056496413,0.350670310748683,0.08696875049986,0.476889263728602,0.0952328337564694,0.377846782306644,0.0353033750379734,0.783396055983129,0.000426042410446605,0.032444156978822,0.796905267676382,0.000269641380075031,0.843724751390133,0.0844820467146935,1.68213511919921
6d55602bd121719b200a7d3dba5525ef,8,0.198995065165068,0.631878327671283,0.430002815372787,0.594727365047849,0.693447354590034,0.715300407304224,0.168701643069611,1.11204522959551,0.0303496061587722,0.83615768370424,0.000487597514331466,0.0152963028137256,0.740569039106558,0.00108177012941775,0.823355783187168,0.081759711842664,0.616813743266516
8a0a077b4e85db3da65e7ce57a8792f8,8,0.179915404975616,0.79987812473729,0.293772007100702,0.0952028774462387,0.885698403288894,0.382283544166399,0.0765605016544311,0.675048140517311,0.025503239203225,0.745053115237375,0.000403130554179029,0.0287402483755825,0.84243422325461,0.00046017741989732,0.984484727868861,0.0723393787555535,1.36746077277762
3ce312913bd234188f2bbf0fc8bd89ff,8,0.195867786420715,0.947100679006224,0.871714278351659,0.742544083537736,0.599687681706324,0.777779219749911,0.112865347423142,1.77198945984205,0.0382977812254639,0.726843341671706,0.000312354841111547,0.0397797219055195,0.824036181614593,0.000204889166861975,0.862410776168184,0.110328968314339,2.03627893842014
943a2021f33d7f91ece78ef33a9b8af5,8,0.152971843973774,0.586930572667461,0.189013260397204,0.0402921419672031,0.211754477022435,0.384092409561297,0.0584178063966672,0.437669519561117,0.0292929308003964,0.804816796251809,0.000364334590288929,0.0159976608521043,0.951112141421102,0.000621635227316157,0.837755339272142,0.0960381243405042,0.91474681863871
8ee5649f11a3770a3c7f5c2cace6e558,8,0.170279939226089,0.953169522966665,0.833436064292756,0.427304786455301,0.0346876377392875,0.276951805950294,0.120741509473271,1.39192548368866,0.0429969009980568,0.680257469047741,0.000465504155176173,0.0108696293840558,0.97061551062071,0.000987376670710329,0.741721458776229,0.104656230825947,1.42485022184149
8ec0ed01b37c30c4cf1c7d035dbf399c,8,0.155134350823079,0.995935790422195,0.603730985491283,0.422144549646045,0.114779485777972,0.538535542835979,0.142650873802238,0.601207133997256,0.0437580011753711,0.780997199577717,0.000466865605771222,0.0202290738037968,0.840438041606704,0.000631760666366758,0.664960710464985,0.097918268790181,0.737021245136051
a686358e1cd7e25707f5d0bb79f5b245,8,0.221010694230672,0.698069639257099,0.967614259326468,0.972358194229669,0.812580168280521,0.717961462412796,0.127423440520377,0.197977502527996,0.0281122346895838,0.632798768154877,0.000326579472099567,0.0540750219494998,0.821184768353466,0.000234280727670721,0.807143464909561,0.0933472908285999,1.46119524850867
4b0758f052818c3149b7e42eb43b6905,8,0.122170815764209,0.768767576428596,0.771024967787585,0.987648693639819,0.887562941979798,0.444470358944894,0.0845023337522719,0.400920252366021,0.0301153557430164,0.720578524902136,0.000382671370092408,0.0140350109135646,0.816572526148761,0.000223846079665994,0.8186612206308,0.101228899357247,1.21248870018083
78d39b92712220aac3993fcc54bf0dd4,8,0.163372560810649,0.875023592705511,0.236305276113305,0.504385343152287,0.657811649417683,0.392113725991691,0.0879229596464166,1.52237305059726,0.0328098368980056,0.615233057851502,0.000308931185992322,0.0203576719747006,0.816102148959711,0.000214099482596543,0.962826218334854,0.0931195967904284,0.340499395830763
6cfbf732f7d1aa53df99a36f1c261432,8,0.20144114486192,0.661286765883954,0.574305276978292,0.00547296656405227,0.606968114507754,0.292748651194155,0.0536802950833354,1.69242218250724,0.0305971696008589,0.803376293113337,0.000447934962290564,0.00720354281604764,0.965671734271856,0.00101413843846112,0.794280517854432,0.100879000772174,0.491834538729239
d32aa83d632a1c8698b885437e1eda8a,8,0.211956292864133,0.828144570719876,0.522297613826899,0.576385137041781,0.696520350722439,0.615461520579706,0.10346245990366,1.03045385101045,0.0345740535683489,0.750611433858666,0.000369346842716381,0.0374983055529527,0.914257314600244,0.000895951239705451,0.980296588414537,0.0764732790832948,0.845638846183564
d91afa563238fa6408b0a2cf12f1db65,8,0.117381057197779,0.481434065405516,0.263800701204934,0.989069724438972,0.533392226428516,0.921065652248174,0.170235815319961,1.04512971483557,0.0300192153935984,0.7459108434316,0.000375196689213451,0.0185431790273997,0.636834852398275,0.00083096102243436,0.712344639307314,0.078358830594309,0.462191152379685
9a0af6e6dab799ede8a23509419247d0,8,0.181040755826866,0.853859346792261,0.562795999602206,0.666210954567993,0.195079884989399,0.501723978189981,0.12217254017656,1.01855911956591,0.0424353321291976,0.666963442338285,0.000392068586516726,0.0220418679619105,0.777006542045052,0.000149500324636863,0.838544805103842,0.109788832178008,1.06044085525023
5eac294dff7ce29e3699b311ee07985e,8,0.126145588325308,0.958946449262342,0.710792726397973,0.54966529719535,0.287946408909852,0.555566507614914,0.0607228949551155,1.2158582653085,0.0322505904196172,0.736059669079456,0.000294762177357717,0.0365531607668019,0.880895910117679,0.00030754168539083,0.749615548115055,0.0761459573436348,0.294368262644254
345b02d57ba4665429f853c6176b575b,8,0.238803617236213,0.635347605587428,0.342768240497954,0.344469196162947,0.749386185293689,0.995737626539981,0.136964696480757,1.05431007287061,0.0267180112904839,0.700755068739818,0.000370670636473435,0.0349121021110731,0.779479636588596,0.000782790530903523,0.84720935872809,0.081587579088923,0.383935202859477
467c137b2754bfe463163875045c42de,8,0.176559623199714,0.966633126858561,0.251363516026844,0.667214033865106,0.370255154596371,0.681275796107058,0.143357947474164,0.921789675833277,0.0264428316128704,0.600426826718797,0.000383797945013925,0.0491893841867155,0.917813914096448,0.00102781106858322,0.82901826403009,0.0798467488315313,1.72973349740325
d58ba9c95cc6ae050c008c444d43c73d,8,0.126836319409492,0.644191430284056,0.987060515669376,0.404005675129147,0.631563472867197,0.654548768017422,0.136828492705819,0.422968373676298,0.0277882100564049,0.745860687382074,0.000338817727310597,0.0261359738153519,0.694834021296888,0.000442850436108544,0.705362620455703,0.0920751033161924,1.16924176828065
b2c7c470640ba5bb818a547200b5e2dd,8,0.109881885312885,0.975397735189128,0.00531100912730087,0.321790243806163,0.915234731479072,0.826119871259167,0.164496745279349,0.117919488510993,0.034624511244709,0.76855191007821,0.00032216036893646,0.0381044149755498,0.66203195678648,0.000913618456180803,0.831647112119069,0.0869944412522298,0.646903541490803
274ddc933ad144f2ff1f178c14096e2c,8,0.20980131754519,0.779708056411231,0.0868835017157493,0.683816363593522,0.829441737696847,0.845444026136794,0.17160474235622,0.962710141600537,0.0328219522105086,0.712943298089757,0.000391800426909714,0.0163578250475224,0.647520914715578,0.000960768426431261,0.764114435732292,0.108111502603026,0.308951807996559
10040dfd9a6f625fe03d9aabd51ed85e,8,0.199111864762824,0.874048270634705,0.908679074684127,0.28748231009926,0.905151893232319,0.901310539516631,0.0514777715777117,0.818332616040413,0.0313966056128312,0.755954752921051,0.000242553421990183,0.0630191587936262,0.898155096852309,0.000800452682374588,0.950029441367606,0.0854677214126489,1.0632358389747
0cd344e3755cf76585c9546b6f499b75,8,0.160923072325329,0.88950185940563,0.877605995992832,0.0396574789790183,0.646228032604473,0.691782499972491,0.069612856784404,1.63723333824584,0.0438924307435181,0.613053109113958,0.000216791046559134,0.04976629880109,0.960302791347664,0.000198719823906237,0.849533646122191,0.103953303648337,0.619422935082894
a1930544d6109e0ea99cdb082100a97e,8,0.103076088508637,0.897562579493469,0.566627861638673,0.58432781517646,0.97700700471051,0.893100551374957,0.108276062159263,0.329256087713868,0.0290649032635375,0.610927410215325,0.000197638169437213,0.0437823911165824,0.714185474316048,0.000840269339469554,0.959839357760057,0.104764418115318,0.394226191290943
f520e09c98107e27e2924767db8bd9cd,8,0.138681414984429,0.725509533844322,0.0494139637674465,0.469609610813786,0.242009416676233,0.948329996215428,0.143141183957544,0.897736850976355,0.0422157369835744,0.614995890072793,0.000332803544395193,0.0208231934607044,0.741547936395241,0.00112017309626098,0.852963755996311,0.0979769862755127,0.653315847868728
266289f9231ce48effdf456956b95b9d,8,0.224246597608714,0.891013859169436,0.912484957337147,0.319989457293824,0.0731980481227648,0.854901388118166,0.0406896327701451,0.74384083386521,0.0436118421058942,0.763597553323437,0.000331360259464976,0.0403001898508925,0.956963446686212,0.000221663471544505,0.704786609663454,0.0937285381902324,1.30833779052539
3f47e47b2fb11649afba495cbdaf23d5,8,0.152246147077625,0.534755363978596,0.818228309693702,0.608506112005767,0.525108761049752,0.837527049043473,0.10535262412127,1.13600531997314,0.0305116589251081,0.821880533552736,0.000232152196673282,0.0689175542930167,0.951268517749694,0.000518594583738465,0.949032039477105,0.0960378901424002,0.871965061323132
b9ea1bdc216f4c0c828ec57c1a9daf76,8,0.24025372752284,0.599120665606469,0.22162441351855,0.688772494370453,0.157136172798312,0.778275461351135,0.172018560607674,1.65769270285617,0.0394651729170826,0.617397454608923,0.000420249415642384,0.0417138622107016,0.829160651034511,0.000550766371988106,0.867478552346924,0.0804964488019743,1.12431694574174
1d05b3db9e5382688f6d4e14a2711941,8,0.142719899723572,0.928345259055961,0.529346593189796,0.55264340089795,0.696357697792957,0.641630960884604,0.130838830199104,0.239511170401921,0.0424981480149193,0.686689194689744,0.000303836414802699,0.0445907766238337,0.705400835858646,0.00095887954065464,0.637162937189768,0.0963559005408444,0.549489033030459
068865deb24ddf4250f69d23400d9d4d,8,0.164392370881589,0.50732225540263,0.890669805230624,0.102615317616899,0.322221594078583,0.722004311062753,0.126129568139077,0.871879845177616,0.0284264925100603,0.846267253660519,0.00043017462675764,0.0271651193328632,0.678678231415374,0.000528290706863715,0.769803314366133,0.0742351925991787,1.19373302920567
e4aab2f7fab6c303d3fe539244c8bb54,8,0.143571852310389,0.754212251098011,0.280194291190436,0.204663466411619,0.235283783342884,0.353142716499681,0.115052864707899,1.42271377641022,0.0389319172567024,0.710443774457,0.000370394628256248,0.0132790522219385,0.732443264337434,0.000622968778352022,0.686889152159095,0.0997663234500691,0.279750502772801
61f6a9e62dc91e29f8c322ceac81e614,8,0.112715059752775,0.597205903801562,0.905446322641733,0.579913947608712,0.738680954882601,0.911154624396792,0.15697808474955,0.848140295946061,0.0347604936309338,0.730754451882278,0.000296769004695609,0.051931454929459,0.769654588200665,0.000263077296451333,0.692412848623024,0.0846631409283199,0.578900515546836
f196fc87ccd296ee9081e22474d4ae2a,8,0.185445219506219,0.745960424395316,0.729041890156086,0.378995750486262,0.340032058513556,0.594221148374959,0.134627371300135,0.857681811973788,0.0359362571382633,0.603058063223682,0.000313727479229495,0.0299258656240731,0.886616375171561,0.000488348569928979,0.957261829627134,0.108222601850027,0.826636986404121
b85abc2ceb0d647e2d282d08dd98abec,8,0.191095949288163,0.91051544686248,0.338564817693259,0.660632985857596,0.901052671100547,0.383091186936869,0.107519873605955,0.592491456143534,0.0428014118296307,0.648629926068709,0.000393385145871369,0.0146493496766073,0.834921722364355,0.00102481233079235,0.867696442441124,0.105536717373727,0.703935469407648
8cc3fb54c9ff0252946b2ae97d682ae9,8,0.196925362388791,0.833506486612829,0.567817264659628,0.364336177272866,0.235518824509208,0.828974079974199,0.16225672505811,1.27728075812065,0.0319556347980584,0.757105847605793,0.000331692592964881,0.0327606522461458,0.927508683240278,0.000159014958802028,0.897006461546145,0.108443172668831,0.388836197014929
a5a5fd42d7a752a7519d40349c1c51c2,8,0.145235877215916,0.897792419892628,0.100488742829441,0.358608593309404,0.962418759429728,0.941443337624071,0.158349321599919,0.809660986752783,0.0296929045535197,0.726558781956949,0.000273075810672811,0.0557227760403345,0.901390371989153,0.000324265557235481,0.883137572931018,0.0939722942947312,0.413000928714391
2a7b253c924071011b10fbfb1a14bbc3,8,0.130688997099654,0.673820776880932,0.199512979021614,0.239145905568302,0.253388367192255,0.381118582588653,0.0529390841860398,0.495433204496795,0.0286255241803077,0.815577735654768,0.000309793034234474,0.012900669978706,0.996123777054565,0.000339884146295029,0.885846798337699,0.100624731647289,0.293636912279344
f87c333b0c19bf9d8082a8cb741c59e1,8,0.198825027646596,0.93438864405847,0.358906900996157,0.0886989203955197,0.992192573004457,0.869602670778473,0.125483935613018,0.617601381520117,0.0449979127530341,0.725034444366221,0.000296363361213465,0.0686508175125422,0.991050130047124,0.000219323721329227,0.845015116220416,0.0870810679299445,0.457526732233315
bb220d9fb0107176ea697784993f6ec4,8,0.19273564336142,0.656007765816894,0.0391543071667034,0.087771734418998,0.730783938146693,0.801116709306427,0.0986185297536755,0.835795041907485,0.0465806686762675,0.755389390085522,0.000347065463997526,0.0429633748970757,0.864772312614114,0.000246465295037123,0.635164997198201,0.096912245997027,1.06251091989558
36230309c54ff69cf12a8f863e39678b,8,0.143945727186883,0.812000806167623,0.386847399025471,0.0524970382976565,0.769044464708405,0.611191765734559,0.177601310210914,1.00270374380496,0.0456444751951133,0.742375875803807,0.000339359389075196,0.0410864924297168,0.721098981024014,0.000201459530125229,0.650317979718879,0.0958082033516133,0.447592066250653
319b19cfada58b4cd7b12276c8e50eab,8,0.219394036103724,0.740580958582227,0.968961040440002,0.0791622206817642,0.60488952474458,0.933964971224157,0.158326266591845,1.5457443697523,0.0408062556178299,0.686986088264016,0.000283304744602435,0.0657196282572521,0.948054147402585,0.0010331175898523,0.997924825684105,0.0958123046661184,1.31120207486544
de77f4dbbea637614a2599b6c48760ca,8,0.220329759508416,0.730459337928014,0.562496296803018,0.240210554742696,0.71711068406244,0.521284263710919,0.0501974703609065,1.58283170856787,0.0379998360860832,0.736338342316534,0.000420846735846586,0.0154372065977552,0.97738413787835,0.00104506062922892,0.849600236513623,0.0922378052776827,0.701877027449208
857c29d2d43018bc050170ece0caa3bd,8,0.210353165269709,0.625921163307078,0.060360103858402,0.922230347408827,0.808904906666721,0.617473397734487,0.156094157700883,0.727118124789221,0.0390897224290445,0.68828573889982,0.000460105323916667,0.0167129331422098,0.817105243921195,0.000824341034658485,0.873121333046181,0.101404892835732,1.38744970547601
b0947b0f1254e30365103b38bb038ffa,8,0.171478156095308,0.50365894976149,0.490539719665608,0.683359913892774,0.23217134473479,0.898676698913899,0.0857820841926199,1.58536342263173,0.0420871557015192,0.749170016579374,0.000302239964142375,0.0430444102814266,0.900563858679674,0.000522074926277931,0.870425049918392,0.0861793897376439,1.08788727522313
92a6b76c34718da8768fe07317b218bd,8,0.194858584351874,0.521818702960715,0.780641044076286,0.262286734305911,0.427019025405872,0.684587572191131,0.107442930577338,1.82250920007551,0.0372771295970284,0.738461887316478,0.000355564323881692,0.0319371025311976,0.74899907742755,0.000227750776792239,0.724112458408603,0.0871509466265993,0.364125102405872
ffff54f226821d0755e4687038189433,8,0.160248889509023,0.804368918998518,0.911251422862064,0.771460583447153,0.822048233516158,0.236427654545171,0.123609463356053,0.456377923788689,0.0263070343306751,0.818318129461023,0.000397412660358126,0.018819424250376,0.658405585210819,0.000531809087697756,0.883465871943113,0.0727606459073783,0.357823409928562
a062ea1377907f51b86b2ed131e8a376,8,0.172021592913546,0.717107975191858,0.738225235398191,0.0142837829105145,0.0768962874059456,0.363782545635254,0.155762721196646,0.728103594394265,0.0406862418400084,0.785282564947638,0.000451587869655309,0.00150527816013499,0.737869686699485,0.000821181041050842,0.789463371045064,0.109509570720153,0.31976186158544
3735e3357888b2f61e4adda4e17b29e9,8,0.223283700824467,0.93891061365161,0.768950267646612,0.495796325801605,0.979011039133886,0.895443002592211,0.107661778997778,1.56261040637717,0.0440227837916141,0.815031791319086,0.000355392547696897,0.0548407899986755,0.896576460761648,0.000157400052267693,0.790820047431817,0.0880901566749806,0.784105600293038
787901859fe400a0b3eedd52a685f6c2,8,0.10954650646635,0.549932658346258,0.919659703662687,0.091110608529433,0.140598428059739,0.391598826433342,0.133596082575321,1.30986394327703,0.039283924700865,0.686902874662457,0.000302041228584469,0.0192988835889774,0.68445939245884,0.000138210223216979,0.91298575158724,0.0918096865282679,0.699300998103631
adfde777767a6c2f49a70bec3e362809,8,0.133045126607009,0.799085812842735,0.880040010213013,0.948288032648852,0.109026844226379,0.302123402030402,0.072195369159895,1.72691811573043,0.0275968871619293,0.821786148775162,0.000432238301218552,0.0210972578185015,0.950658150166151,0.000878034202692764,0.642623023150021,0.0718907249882418,1.01649506728172
b485a05e9c3abd6ff022e2c74b531a9f,8,0.161280051453707,0.806900525400635,0.947227697763284,0.468085519505411,0.264976508755011,0.524435832600651,0.0558017016014649,1.31318546098545,0.0415534647988449,0.661677272546645,0.000362469910641252,0.0193612795609753,0.916842817740501,0.000333665579110824,0.678400195167028,0.0902573316062659,0.740988694920124
bfaf7e55044921730d30e7043fd5503e,8,0.119371646166111,0.490486659586469,0.371365276759247,0.478163705510841,0.680488524080788,0.770936511127885,0.102606590746848,1.31097170910761,0.0363786391155412,0.684252244924496,0.000329056662278464,0.0165598975742485,0.628358599257205,0.000184055631055976,0.786103677385618,0.0912219196348069,0.5288518375876
c4f65598c64b0518d4b8abf20014f2f1,8,0.192291811920766,0.804586036802002,0.756423293712963,0.861079491350838,0.051824578766331,0.64849269987223,0.135229049597733,0.132411122852334,0.0287594297753625,0.824619009325624,0.00044531953618117,0.0203496514838494,0.865723748082663,0.000868542094602716,0.657255566503613,0.10993534887995,1.43612899669258
d323f8e51e4c961b055d32febde704df,8,0.168467926368952,0.482992868707944,0.171414963175347,0.383473464426865,0.599447406867745,0.670139909079907,0.147498344494769,1.68519256957906,0.0336185035565012,0.777255104892435,0.00040114840666167,0.0113962101093599,0.813151645573692,0.000744264583637646,0.711593133144761,0.0978558288988522,0.212898567761575
65b8dd50b702280517380c91419d6715,8,0.203042363015272,0.792344932322927,0.590879812167961,0.814780631863088,0.603256587021529,0.657305740099058,0.124165443209938,0.566190798871812,0.0438926313725831,0.616263193835073,0.000446220574317038,0.0285449747418024,0.954169759814547,0.000925411570465719,0.765253309064992,0.0878932062400781,1.8258076073847
9a52100ec0b7177025431e7ee70b21c4,8,0.195943022221885,0.562383176284358,0.243880042127156,0.437488830269397,0.651118614898621,0.687817331473138,0.148782232892531,0.707533817032641,0.0374095865251501,0.747522880995902,0.000375623608863353,0.0221413639829698,0.725177161285849,0.000632225027860773,0.891336232924842,0.0850133430650092,0.354048038178044
cb01840433a637fb84224eb9233223e4,8,0.116025414643637,0.996894179844738,0.524977172410787,0.543253669557401,0.577398038172002,0.585345814388339,0.154856623220978,1.00353685743284,0.033578817212726,0.691160960604637,0.000405813564409482,0.02505131271782,0.942400319772154,0.000926303321390636,0.805663001916258,0.0824094233870559,0.716381692449696
a0f687acf2bc40dc22ba0de32482657c,8,0.198262877751266,0.681502644679576,0.783625261754154,0.607586178157944,0.675406301263634,0.396565339451673,0.100033738714502,0.723591050802927,0.0288540358921181,0.660714366731969,0.00034869653932719,0.0189481680377414,0.89800661701471,0.000994230918622323,0.924967471616599,0.103404560301325,1.03623773382981
b5663aa9274003ada41c1ae48f5a489d,8,0.117273981747492,0.317333141320059,0.956979699173483,0.67447200159318,0.506077819757972,0.745691125613708,0.0771096106933007,1.62765222322093,0.0402836882780468,0.783779266602043,0.000193106765313125,0.0375981727498453,0.850261377791388,0.000485666854451888,0.763713820036708,0.100579102183885,0.420688830201958
ee2bcbf46ca308ddd980ea4cedab844a,8,0.148385259406228,0.588100566750237,0.117529856620411,0.331752067069516,0.199740765993244,0.236733097397413,0.0828798798949751,0.739987513846779,0.0376871178330798,0.849498120045528,0.000482550974880271,0.00792773863488025,0.880942388177748,0.00097343433361545,0.685318099320478,0.0724291436663216,0.369569053449202
44bc3c1b97493bfcdc22965db26fd725,8,0.224630058503024,0.888509620609764,0.470119415101157,0.228288210670443,0.496706868489855,0.559347347332208,0.17636483907772,0.464393905045436,0.0456793714850953,0.709202787870437,0.000419646807265264,0.0288440716828263,0.898607670490039,0.000672069056054863,0.981270810907829,0.0898887405867657,0.662054263955747
4f0eb4f421c8814f94d8bbe3cc433376,8,0.139573601014198,0.904415715225803,0.489160960808855,0.125829036563946,0.288352522220195,0.832474332860736,0.105176835361184,0.938732822127387,0.0370391721734717,0.72967362357963,0.000383809864132966,0.0420555975848864,0.735167674607797,0.000245826590374895,0.765881957038798,0.076873769806004,1.59197868654177
ebb37f0910e2761de48373f5ea3cffff,8,0.227766641123902,0.657313379788923,0.909180819862933,0.316284049452241,0.495935291338572,0.563459482916846,0.159752194463961,0.807687661249398,0.0458990688304567,0.73855358191762,0.000350842482257393,0.0281734047133301,0.809904054041072,0.000645795881020489,0.935820073120832,0.0968262824858174,0.623447248974048
321f8a3e964f55ac20f3b0f3b9e83348,8,0.249801061405795,0.917767825118113,0.485478844343709,0.907001695695884,0.856281853032432,0.723855170671847,0.166456061997381,1.82433065648505,0.0254206453145773,0.798900702647045,0.000433077970403808,0.052175647926583,0.863363577481839,0.000621673099215065,0.697300692020288,0.0902892251529782,1.26149074628653
08ad81c6c7932180b91f1f134ba3eda7,8,0.246673372835414,0.903744930866862,0.333721308102523,0.0596064674576765,0.596645550749586,0.507430386319918,0.109695968400233,0.502825245951427,0.0451528727139364,0.806987150792154,0.000472873959528849,0.0349169421874069,0.911466671140077,0.000555932061041985,0.933732246999666,0.0769699457424426,1.24454368381686
f14ea2ad1e3224769f4f31b99fb0bc77,8,0.113997688948112,0.482324496118341,0.955437149197661,0.107419979965335,0.311040181404267,0.537858131640381,0.144820643883224,0.664364501106589,0.0384369161646518,0.758386541260702,0.000367467662795656,0.0201457996641937,0.929456796106215,0.000310738922233957,0.824215685555695,0.0811760512210905,0.578243263940217
24fd758614649fe5ceb17d6a048af54d,8,0.141553004092941,0.887943189709968,0.217938668001666,0.457622269820456,0.901996298324666,0.660932599685846,0.151810481796984,1.04350808304799,0.0405012685476676,0.795634523786888,0.000384092802338964,0.0330575696495837,0.847320884124497,0.000741848836710905,0.66050093849453,0.104526706323821,1.03115759783166
57fd61ab5c02329e517ca8bc2ac558c4,8,0.219187711846811,0.892757333433081,0.837991013200303,0.812067416792441,0.571476804589158,0.662692535718891,0.114402206467114,1.40349556041772,0.03914439986954,0.84936128984764,0.000375359463126217,0.0530943753796445,0.841870299355439,0.000577838387481052,0.935655958459008,0.0744355429049483,1.04120350470295
1b29175567d7629a4f812f83967f55ef,8,0.166613552476494,0.887750484403771,0.478916906226437,0.684700002415407,0.413419785316938,0.335029460096745,0.126731301815685,0.0811650135809391,0.029102641537623,0.722065340031288,0.000451939263788968,0.0279322366717325,0.667385997818359,0.000201669272622422,0.68507228279752,0.0815563439372131,0.881735232322896
f08395005798f563ffc179ab63896592,8,0.134991462762191,0.641192281921733,0.0781875175437958,0.227594233132823,0.717808807597492,0.716458108211919,0.0538739497275485,1.75077186707387,0.0274166304333259,0.823688709564975,0.000275687622147442,0.036119506013677,0.970840457984793,0.00104084990980703,0.95494279424713,0.0734758076947341,0.661420712318418
156649e8e0a6c65b11ac12d758167e9b,8,0.191531147788162,0.858595405961558,0.232197763192081,0.676214762107377,0.776841625005661,0.951653045766648,0.102192799971983,0.697790590645557,0.0435556959744297,0.613217534360391,0.000333550751500036,0.0348708730078109,0.90515229921018,0.00109244329343618,0.703882929892093,0.108256566969451,1.2207687332646
64919646ed400cb028e20e824ced1e8c,8,0.142656061775231,0.619773811550194,0.201249782254865,0.0687101119155105,0.265455925107372,0.419803245684514,0.0914412414761324,0.810778080066098,0.0403913199051721,0.683065946864295,0.000437684749682835,0.0233466394037638,0.963906676494919,0.000751714357822827,0.625829492257611,0.0712067186540413,1.33108012218918
d96cadc17a3dd2b1378f8ddf3f9588cb,8,0.184996963394055,0.973717966185112,0.702617054751626,0.781702968514668,0.545342885287999,0.935420127701513,0.13435182400926,1.07355662426014,0.0434662082214906,0.649359813780376,0.000228056629061442,0.0658478153045035,0.769963545908973,0.000712266609122809,0.869639639328853,0.0993943032295183,0.339585962912081
939309ed47793eb6f21984b2b147cfa5,8,0.134945967727331,0.724379463074861,0.349612173740684,0.573456986901943,0.434840139582897,0.507599834958046,0.160983585094888,1.59620101671574,0.0417796110467006,0.735741536171948,0.000368139145674073,0.00821128822061567,0.811238372642257,0.000959317094745783,0.775688335858677,0.102904202504428,0.264106462443182
0da273eb0dfd563ee9b92dee66a8baa0,8,0.161522615797233,0.769780188996189,0.737223054714576,0.727793369126756,0.289538786735023,0.709464320054517,0.106432242343653,1.48383683510742,0.0402661366848693,0.621519426366551,0.000473174891334834,0.0218118909734179,0.895286224124902,0.000425609670364915,0.673979665211742,0.0773383350698507,0.986774275636863
3d5a13509340644abec9c63bc8cd7ac4,8,0.142974530121955,0.770035639223954,0.109098299949204,0.0577957436623504,0.748595467685236,0.399813471890558,0.150783299506327,0.998483946237056,0.0304110292726787,0.609563141177748,0.000500330599607923,0.0199432843413268,0.908199272866675,0.000354702945470258,0.990792688510432,0.0755090353582974,1.73000109424331
19a252caa76cef8a1a6e174502576632,8,0.185851009929401,0.686141686732307,0.254791869961516,0.963121166263282,0.391489407520258,0.562886978600307,0.166562153652172,1.7133719453448,0.0330184349686381,0.62973191683755,0.000446706797428047,0.0307006860985149,0.883987807712642,0.000874390354866018,0.828352717839788,0.0740634130101755,1.06653635025557
66a5debe6b110d2fb9827ac7f9b607c2,8,0.141629955642167,0.780361411801182,0.363475059790705,0.387306644053452,0.112965601131026,0.422212483543944,0.137955396466256,0.535114348256714,0.0445853787436624,0.75743726409414,0.000498445012784481,0.0184543402254387,0.824293202661669,0.000289171135628686,0.702799903549921,0.0920010079210788,1.45147531583656
955e890caa7fff80690f23a8cfd79adb,8,0.122760626459344,0.771848863124828,0.120006996591058,0.358702469618789,0.416767415329009,0.892602125070493,0.132002430684818,0.207556146625073,0.0415720763577983,0.8415109830508,0.000306614922366916,0.0419401431254152,0.797178556751592,0.000566960473472782,0.842051007449387,0.0979772723572286,0.75601268144854
8f23bbf0e5b7fe3d0f85b927888893ad,8,0.130305561531855,0.924970769926196,0.948771953333772,0.0784350825087784,0.92113810844312,0.589316603543072,0.151891483106276,0.881609551000597,0.0417445131965807,0.791762016161014,0.000295452916752351,0.0506711222937304,0.880370841545617,0.000926622078121682,0.777193791941139,0.0821499728578876,0.462224139194355
61fcc7a1041ee34ef2839bd89d1f5832,8,0.163102942990278,0.714336003901481,0.889954296244969,0.0164193427632391,0.311767201392059,0.730241377169684,0.14860511430241,0.130515373045921,0.0303842101637268,0.668737216311634,0.000266135252484209,0.0488088058704951,0.648044118925566,0.00046695383067733,0.860162813698909,0.0943081241449683,0.380338763066392
2475be804f7425f0de82a3b5ea62e703,8,0.161531030268997,0.837321340554799,0.48254891962419,0.377206559454242,0.844727748495472,0.911228596917351,0.0827047052072426,1.5689030206621,0.0268952561203774,0.845894750332886,0.0003093435582601,0.0497485361195893,0.815308499883365,0.000439928597565902,0.87934969830634,0.0871932132906004,1.18391117480673
3cb68562f9698df0707db589e46f452b,8,0.130123770697821,0.742015048930379,0.0615708207671003,0.538566995938,0.744102194315689,0.532992955098064,0.0937307209748076,1.88928874495306,0.0286724465439381,0.834968482586367,0.000346395877118839,0.0199681241086222,0.744784309196928,0.000645377260698657,0.92638323980611,0.110017076854363,1.37367794206093
8b8ea10cdd9015d177a5e5c396351f7e,8,0.190908438139487,0.919698116379293,0.0613372651407639,0.957271402826403,0.558621029494817,0.364055104037862,0.0606227608765838,0.255850174408035,0.0433493318414118,0.722393718617818,0.000458081081741146,0.0159705349623452,0.96144380190184,0.000497776155678448,0.874455703092281,0.0971009600049804,1.59266541448047
1427f31080a2de939286a73756d4870b,8,0.182137429427495,0.524263547784734,0.79409874912817,0.717264117283254,0.750888404100962,0.503017605017558,0.148629408590766,1.69887110060858,0.0432927372076177,0.688354502958823,0.000487745712158777,0.028125300107137,0.896671892529164,0.00044947019734435,0.708760331800432,0.071324537548489,1.34942718196255
96b262560021916a0c5d072d3e81863f,8,0.13170022226789,0.775263362000018,0.449558081898585,0.193561690455758,0.573662774125457,0.885568398038492,0.0772123818042653,0.308806107344443,0.045205186113664,0.642576101986599,0.000378515241906512,0.0179688337273966,0.87208207781278,0.00052018090659229,0.663204306714037,0.105508181241309,1.27788829914352
8b219d2e591b1a913c92e715fbb396a1,8,0.139507808587178,0.893527653868848,0.351425997343133,0.392903750437665,0.659409217881809,0.533389247279864,0.122793418713757,0.756072742556893,0.0276154506969285,0.730195151841878,0.000299317864097767,0.0247897080666968,0.949510529819915,0.00023418863025162,0.999080608185189,0.100500578125964,0.39325653459897
34cf34c241b684c40a814903035a7437,8,0.129321692604322,0.99549869625318,0.799889149170605,0.538349365404523,0.920809115301064,0.710789224852917,0.126151837587937,1.67354772381544,0.0455103825640024,0.648297161518648,0.000266988209856291,0.0675539211388662,0.870206176487218,0.00104455113161654,0.847614292257217,0.0752517716460501,0.621002652113215
7ae0331cac5a61c639fb474d8bac9251,8,0.120836062368232,0.526804306551972,0.0648174476274632,0.489199666866009,0.214967129807029,0.660175612479675,0.0580265465436875,1.65687105711258,0.0332708874980409,0.631562124195745,0.000239478006526294,0.0380734023171716,0.793147826514864,0.000383739946213161,0.980590066658572,0.0812661215364047,0.818830275003012
013d2a2bbf80f1526659db4d047f55f8,8,0.129677536306708,0.422193315958511,0.412676207067373,0.823092222844716,0.218219886567694,0.948667336180656,0.0880149384085447,1.88786600856968,0.0281138071083103,0.662468963801182,0.000303571363031662,0.0101555334448773,0.817092591844342,0.000675669211731142,0.871202704145447,0.105763192737884,0.428142791390869
cd959c94bbd8afd3008623e1f40834ab,8,0.168434921261081,0.868378790695435,0.523468085062735,0.585137434636058,0.0973686894664014,0.715149668152282,0.0713242484119155,0.510391422692096,0.0426021621386776,0.847040942941389,0.000356993530810894,0.0503452755757329,0.92137794749053,0.000496552634232779,0.942709789832119,0.0739886519122206,1.56538406249032
bd3934e3cc64bfe9ed916146fbbc0903,8,0.126177248629215,0.545044952082812,0.905539232292726,0.537604502278366,0.341844657280702,0.38284228991916,0.0537880118920139,1.82948204118711,0.0296261636441369,0.697385145830528,0.000322107197126458,0.0154903655160617,0.852248506643491,0.000605436138184042,0.862636511949675,0.0811981331392857,0.653818247973194
f02658c2b7afc3f44c2983cacca1d86c,8,0.122792255309646,0.895172654842222,0.202225937573222,0.826015112990743,0.309280285862812,0.684299039489701,0.114223308766049,0.761238760607095,0.0410285989541805,0.757700821292147,0.000333624193472438,0.0409024563987083,0.971613785514857,0.000420912486868263,0.868647069041564,0.0856881585419785,0.739684031179575
37a86c2fbfc4c5566bc3666320532a4c,8,0.138343358210031,0.863831349438262,0.857317134854726,0.726966698952225,0.883894655436589,0.848494280750456,0.139562366762395,1.06011975560914,0.0316201656651067,0.72862541335129,0.000426652659573525,0.0335603075498118,0.916344723552737,0.00102130797464149,0.671422983081578,0.0845306021568209,1.8462580526246
cdd734550a4a75dc71aceee54b81732e,8,0.149423657701194,0.474359295132498,0.873014311583179,0.129691162997401,0.509614236882549,0.974328375614731,0.152105652849997,0.434275095254116,0.0288587916013091,0.784850079624148,0.00026448769725678,0.0449511484707315,0.95241664646872,0.000934217425607955,0.910337427455403,0.0924073920080442,0.42686661796087
64f4aee88fe7b44bc10a2ed98fda06c2,8,0.161486207486114,0.967397933042243,0.572775294787357,0.561881224338191,0.922487588927479,0.517768288223405,0.0748918613909327,1.3684215630012,0.0385137630492024,0.785091816845546,0.000329095249247174,0.0296737068401419,0.835771394456579,0.000652856952046359,0.97328266618091,0.0978494347828573,1.13654956951401
1a22c82c9332bba9b5f63b3f916b9677,8,0.157743071995743,0.795167039282853,0.879819912314946,0.201604218225248,0.535228487843535,0.723934167909718,0.0695844448372608,1.25678334574761,0.0374925096196528,0.754537225743175,0.000246829133259303,0.0644103190455986,0.922719967572978,0.000380495788585214,0.893152090950917,0.0877549382604327,1.06907375033402
2a6802c9ebbb23cb21d8c894f4c942eb,8,0.126163796499326,0.330822829309954,0.178454486260718,0.493203703696285,0.891522960118446,0.924899735720903,0.106420993897788,0.491370826533251,0.0298263696056155,0.712092285709873,0.0002711311850853,0.0461250105165202,0.983455258753623,0.000824248111537291,0.841908899764035,0.077316439326666,0.542394529595376
baa6b963b9027fe4698433c345a28bc7,8,0.153426673818474,0.602512453568685,0.508472643691776,0.766421468960385,0.62193284213418,0.567420964838403,0.0527594386231281,1.096950208032,0.0417788711021856,0.794847368501347,0.00029863878043392,0.0358090446950515,0.855949378204249,0.000745754313521284,0.79645165041613,0.0784669000890986,0.82910805649122
7fadc6ce0cf086f04d6b68e8ff7951af,8,0.242834446573494,0.974612858945993,0.629684930636277,0.110874740683409,0.827933547042296,0.641602433563343,0.174148439989495,0.883689373474505,0.0327548639679073,0.723271970783098,0.000411875633781368,0.0254378564075989,0.872034321249939,0.00102086987164911,0.775949652473717,0.110250926468308,0.477370741446046
67e4535f5bca4f6e32b703f210e63fbc,8,0.17442422181251,0.886504073525196,0.310317659983155,0.708788320783745,0.264944544725928,0.90803251062297,0.177778342553657,1.1260265680494,0.0265476268439266,0.819597250370502,0.00030335058685243,0.0619989929109717,0.676927153068375,0.00107340676453022,0.924541238521985,0.074199828475324,0.578212971503473
271b0d827cb4d07f53e3de336f293b7b,8,0.124023422153522,0.633052085471655,0.0848213116337223,0.669171264209726,0.9298146624373,0.347357778834293,0.142385639226124,0.309684196597763,0.0313726069202615,0.623602006010367,0.000406248394135615,0.0166231515288804,0.688546836426955,0.000867654686796304,0.669359881456575,0.0833931584526494,0.946486722665948
bd72449d515580709328341c5e7f8fb9,8,0.147377741064945,0.505414344460728,0.0438134023733779,0.925028641201635,0.857959775296228,0.707703019692132,0.171220226755345,1.07003092930449,0.0340270326936652,0.690525119903066,0.000417785473784539,0.018482013342619,0.861708356792285,0.000456850154810227,0.743947280712386,0.0900790372509519,0.600656612067509
5d9c94e75b2ae98f50b3e50973ea7784,8,0.133367776690447,0.878563917406868,0.504748336967211,0.54465629944999,0.597592942380768,0.484790563459297,0.160201627423289,1.29467857505512,0.0361385419058099,0.693256878470557,0.000402430948055574,0.0249788859257109,0.926049717933166,0.000804563711167279,0.917540571384061,0.0986241999262981,1.26894809561695
72c04250ba719d58be882679eb150cfc,8,0.165682893273048,0.670027493235724,0.79395488563836,0.309383032566727,0.693727183878723,0.753447397598267,0.0231111917133362,1.69157971989741,0.0304653212872715,0.755499022753104,0.00019288990584263,0.0510292199873034,0.991812895701548,0.000946816178462574,0.841669481506267,0.0947246670759501,0.23607100279531
032db6fdfc178af04def2020c37d248d,8,0.148907493345828,0.854064635157804,0.0615507554598255,0.401378013354466,0.880068872898666,0.63946822718412,0.104316623553062,1.53235723998056,0.0446734251800068,0.657894018830407,0.00032635790270897,0.0339784407175258,0.875163955887219,0.000685025792100679,0.949313124495537,0.093410542264346,1.25260163502989
6e402851144516f330d6bd9dd99064fb,8,0.199092714183486,0.909219450484876,0.408932148774004,0.588072951810523,0.756481033829263,0.93383192266964,0.114783077907583,1.5380646419389,0.0461662141333506,0.669983182815379,0.000391443836131,0.029403175209489,0.86272721979838,0.000828710385938899,0.748096138055856,0.0933006112583639,0.703608863640069
e3ba4ce3c54417153dec43ec79a3fc02,8,0.133107274383863,0.80573008987964,0.0972504787090036,0.803246673976075,0.880015473312318,0.567272210953928,0.122004293992852,0.344548309359323,0.0272910270752745,0.805525419950949,0.000361198120627442,0.0248717487467607,0.886354904721932,0.000701700807712134,0.822872464317732,0.108090215606596,1.08119759506797
c860e16a01dd0aa58a95e1786b830215,8,0.143072905088528,0.79092369821316,0.326564333239255,0.717757034342229,0.0661508931488874,0.402416432269972,0.0883947011018633,0.622560489477259,0.0258905388407325,0.650233981351044,0.00039618218556359,0.0185960100770486,0.955545918982816,0.0003091819325926,0.919141438568693,0.0760038224320532,0.56166275376076
4790a91ee9ab561ffc81d36ddaea1e76,8,0.193494261036776,0.562900505545983,0.924179405349509,0.974091526865309,0.810184028235192,0.550551664805885,0.0835894498840683,1.62122938703474,0.0287572552272305,0.698945599993265,0.000281087619266374,0.0359190436010721,0.961640122840863,0.00101814688789553,0.921725030624807,0.0909616338769953,1.07894558808229
3643a9c68e12e2ab95a64432af8ce4a1,8,0.174920073638951,0.532758383405274,0.447774607565952,0.175701127094919,0.945083470795465,0.936406863427984,0.0908123867062832,1.4860507733552,0.044352977393137,0.835478196885914,0.000312901328453863,0.0173998744158317,0.781688205559838,0.00102014111630328,0.874109236550411,0.0995634388336993,0.225880000750932
ba5b8e0c3f0bc816fadbe222f2bc0983,8,0.146067794934525,0.720475336017289,0.388083150791319,0.00576866863666936,0.0960206272742909,0.859714673714345,0.120921378574864,0.380480393287238,0.027660859636296,0.630944226024457,0.000311931841984513,0.0482464318845298,0.978062636881559,0.000274214426188344,0.655385269897859,0.101166250519897,0.5365137047576
087d1fa21971d9046745e414314576db,8,0.116462484835075,0.654470930894686,0.640044546905367,0.564653012340543,0.175475765508326,0.915570300970162,0.175663686487171,0.922148431912813,0.0258358560580686,0.844271849666098,0.000305403919088934,0.0358660838261673,0.562473373897767,0.000267223894721872,0.824004000740578,0.0872929747828553,0.407083871211033
2c0917ce48be37010fb1ccdd55d35c4f,8,0.205055073378019,0.562359016292852,0.511940949449045,0.0216218370091862,0.626694107714951,0.801008758859029,0.0984837443446584,1.58404894447877,0.0370512377117089,0.648900312962201,0.000377973726389206,0.0329851138724961,0.983201375789421,0.000246499710672999,0.941445737066901,0.0762616065949042,0.698122971492867
a7da8cdb9f2d3c8c77b4c8230847a898,8,0.198645978872683,0.582652227908795,0.972536598149078,0.618296473182204,0.867038474442088,0.8788386457393,0.137399823530257,1.83621924710375,0.0363847156922234,0.652892047875383,0.000249340799885739,0.0605751401360567,0.923298026631055,0.000421155505145986,0.67825134233646,0.103591104295725,0.528352815985458
ca4a89c4d0cbf6ded2beffd43853869a,8,0.156225174504488,0.767885130835746,0.624776269662303,0.842481910331647,0.461999467601195,0.8208925697269,0.0610913309892372,1.88307499880896,0.0268093286887061,0.795119565720058,0.000398592871217419,0.0290952597088846,0.953660324784815,0.000507551016468862,0.747096668840001,0.0802421456080404,1.29432865745832
abb1628c15b15c89e9b61ac743a3884d,8,0.209760788501054,0.697466382765714,0.864758304782154,0.694388235345045,0.730858499297824,0.468781583571486,0.0700958511451189,1.30059126978022,0.0294583588455639,0.71652670257935,0.000403266372147545,0.0201229029267065,0.833855721080275,0.000894412892837875,0.86817115002165,0.0791029697371192,0.581669314046574
aa8ba9c90bb19aeed8476d13c47fa311,8,0.199827298348637,0.743186386400076,0.983249545305734,0.133797236641078,0.859135325321729,0.212551306773769,0.059613980346187,0.851709063596114,0.0281648300035072,0.703399613484345,0.000462879889738393,0.0110902161939114,0.976715536203151,0.000198567408210318,0.817328426419754,0.0874559973433405,1.35472701188045
db56526c1b3b735c78aaf76aa83f8788,8,0.226870421542451,0.973824047446314,0.565322483885667,0.0214983365921687,0.953255073258051,0.535120773221311,0.160439722657757,0.339651700558192,0.0454134684519818,0.764005348563647,0.000500815364901525,0.0474453444569938,0.808425653383365,0.000844944868962799,0.723590849733677,0.0697485364123658,1.51800862605356
b483352ba7e9ad1d67fb8159275f55e2,8,0.113602764997717,0.508281389624778,0.0917605794879423,0.404771265718822,0.876016323214006,0.987009391167503,0.166004896350605,0.167087324835595,0.0301586212594947,0.755827310724785,0.000329955972062855,0.0184421985844796,0.478291122414688,0.00107964543845793,0.708745444336203,0.0931413677240469,0.545420204742236
1b2b5a96fa3476c3638bc9d1acdd5482,8,0.11941768765229,0.450784502066371,0.110299284138189,0.88623753385858,0.389573291972064,0.880854070702079,0.120618176388855,0.740175541491224,0.0337127614970917,0.702059842456237,0.000364973387086484,0.0227596384849948,0.683213751155092,0.000715246182349293,0.759500185203011,0.0748563036745986,0.922925854463969
a4555207a5412a04601570aeb65f2f62,8,0.134149296916106,0.735716636652212,0.403851149894626,0.625882203968701,0.288669661862985,0.574526159349652,0.133926405799996,1.76824272863703,0.0279074140205396,0.815333833865529,0.000410957563051851,0.0195502543837401,0.71466558295465,0.00079804834073972,0.649130313291677,0.0977332540906996,0.790336622004498
2ec023445b56d18528ede05f8432305b,8,0.193035713265534,0.500957795685819,0.422664187235881,0.367208534330044,0.159074066016628,0.95705352174049,0.109841970094722,0.121404957994372,0.031467340644723,0.670306411323352,0.00034049102736729,0.0497443641468396,0.817170232769769,0.000838463008320422,0.996426198993329,0.0761938926848996,1.08337655007368
6d04075da26daa815960e682b6538d71,8,0.247873574685147,0.55324292608884,0.677649084521759,0.730334582433998,0.594236618976592,0.90891835736104,0.112892513137905,1.20923613901385,0.0296972078759061,0.619774052422607,0.000507561004213846,0.0180247371505775,0.885015958902075,0.000244885747166225,0.705801141192794,0.0961441291488535,1.12662308667733
862189488f498aee9f68fe39dde879a4,8,0.217383244951946,0.98480194829751,0.681479711348708,0.0455306502614301,0.588048734503562,0.559119611807801,0.106053613144905,1.03735020735791,0.0447916111392153,0.836793003372338,0.000480081025260095,0.0399464692782866,0.8892858981401,0.000682904577823375,0.85822912464287,0.0733284795461175,1.98705581237515
ad47241f95ca18f753387d7f1d892a10,8,0.181393034759778,0.459928915241879,0.38903148249937,0.992907913922425,0.458225342947288,0.613559434638271,0.0427462035955793,1.64555259515752,0.0382532230547058,0.640890402742918,0.000336431693988277,0.0211891933998437,0.929814047548991,0.000318704050096162,0.885654521572344,0.0807233496961841,0.532073831894096
f5d665187ee7e68deacb3a6484d5d45b,8,0.151601741299332,0.808269510004466,0.129645287317553,0.45894325159598,0.548773362849093,0.760542779804276,0.154188860898938,0.20182915804209,0.0425138667413582,0.635721813665047,0.000451139458726101,0.0214505395359592,0.590981427557338,0.000269649736477504,0.671601081207361,0.0925881840427394,1.25921367519315
c92fe1d246bb30a0e6d4072afbe58934,8,0.183495137913301,0.955862864539319,0.121753707289275,0.771126165758212,0.272425969685171,0.623321172912141,0.0772251746734445,1.76979812640826,0.0272035425584099,0.673974245136363,0.000471494206380946,0.0184075093488553,0.85865846594008,0.00112583811055716,0.726579045198091,0.0823298493660945,1.38917859661494
6602a592caccca6454db6de8782f9bad,8,0.113756849827961,0.662213540238859,0.0845173142926925,0.151679542579599,0.132197093016379,0.46238754849639,0.0913601641128776,0.109021673893837,0.0281366696581848,0.604270235981714,0.000315582779183572,0.0130875054843554,0.77490173329224,0.000782367113007631,0.699830275263497,0.110576907510848,0.475178009485547
e6ac1ad323e886c7e66400b68d019f20,8,0.239602965207592,0.784958174378643,0.789685942715835,0.642533097993891,0.379508925047635,0.755232944634309,0.15042770480003,0.227202533325062,0.0416250071214593,0.756979155609019,0.000363298443192988,0.0376656568723593,0.731277895886517,0.000811483943550268,0.628344097651428,0.110876762098841,0.557933354043995
ae94d0a6c5abd52da5fb8dc0f2e0f96a,8,0.104857024532105,0.737740408301707,0.977916128509592,0.905865842888923,0.854800907463291,0.213584774877225,0.143301852547817,0.954443690610972,0.0451923448524049,0.774431755165535,0.000346648057446479,0.0174488716726021,0.878376892477424,0.00041533685821135,0.792768799473646,0.0912764708674388,0.68640130973322
99e1d159855c5d7ba6581d8ded36002d,8,0.176770020328466,0.746362828962,0.876518292455311,0.453226671079139,0.638387506858939,0.601713610503639,0.048561779467998,0.210296962263465,0.0441395802994293,0.78333908558667,0.000332810349062354,0.0305932636482452,0.921414445455406,0.00101015872465385,0.762370042487806,0.0862834365731712,0.884988663770163
48394f28c30586eabd98963be449f871,8,0.173340680460733,0.628110522776845,0.121829766570025,0.63766869174207,0.939482006689873,0.493855137685416,0.0933421668272916,1.7460062200831,0.0450719857762586,0.649897894011335,0.000358758437205401,0.0289630046778725,0.96848786071836,0.000143107040749246,0.694577171089849,0.0988884549033147,0.971605256831849
53ab0ab7ccf4abb524352eea191a60e1,8,0.145950453346877,0.536953056873147,0.854128624396296,0.965179098415692,0.281719576884677,0.723045911127313,0.101772017629425,1.57394723432372,0.0458642703486509,0.690393005087903,0.000276503215789996,0.0346967033639692,0.839764735138594,0.000135932125324843,0.679179354299905,0.0958586950540373,0.296383893439418
2670d6f9714b7df44692fc00a51dac75,8,0.207031720605328,0.836817775953738,0.720156743448803,0.470010065705437,0.332108238406397,0.757199741085812,0.17606296600874,0.95606472698534,0.030841679446298,0.732312551779631,0.000405461924472864,0.0543224151108353,0.722727891637052,0.000732355901003563,0.660328659286621,0.0750810153635043,0.639415588533438
ab16a0f038d678138fefacfb8b472d0e,8,0.228348916663998,0.858424169566508,0.791221583814477,0.295529547069044,0.418923838847327,0.279038702970561,0.13445031825186,1.22253644204071,0.0404828683880655,0.688606237427516,0.00041601399547768,0.0117618540208845,0.810067948474409,0.000635771202937382,0.871630758479672,0.110247643169758,0.568438488055078
6abcccabc3aa0108853b2e8d5d6046b7,8,0.164615689145668,0.43520474019598,0.576909053999441,0.529764467791829,0.430368860304931,0.666468233992442,0.0718205504179362,1.177780944406,0.0267587353713371,0.822734346842819,0.000320314418168518,0.0234842106397663,0.927299159970621,0.00042432691252424,0.844101592037485,0.10423081205426,0.930532891318166
e1d316d87f5fabd001eb89fc8d3a01bb,8,0.156326711484388,0.745181915055265,0.0429750120369478,0.430910772284876,0.0397020873517442,0.396858788361266,0.134670225589385,0.63916154479094,0.0429242965807212,0.672938154029954,0.000453675706959141,0.014008483912836,0.894631582966383,0.000816636235565823,0.846122959361488,0.0723019102996676,0.446900145022416
319a369aae844aaaba66d7b9117d68fb,8,0.229604333984607,0.505852473428786,0.894864465171002,0.733548982623975,0.823098748699515,0.985703509163561,0.160144426369054,0.661212471312835,0.0355384878505418,0.750893139531767,0.000268912432551641,0.0637800806986691,0.77716470994081,0.00088822187429518,0.693309034880903,0.0972014518710894,0.242586920701935
d977edd8587ef7bf3c8860de67e41f22,8,0.212928930643172,0.477026616176798,0.390562406794017,0.804339958228075,0.815887716629573,0.962223965423953,0.177340270990332,1.11279739874921,0.0364223221562373,0.658068826565727,0.000307020754508587,0.0500402088345149,0.618915090605855,0.000786757992237661,0.875228773680021,0.0781505639489298,0.443214997939876
c7062089f2f29a23cff8d5f0c84864aa,8,0.127893284132747,0.707356966314185,0.475796516775547,0.202111081731769,0.188164054863292,0.444243982664807,0.108568080493782,0.461122079494498,0.0432249326328528,0.696404462230391,0.000395591654904271,0.0196656233802167,0.946725515329601,0.000328073078159037,0.936862443412174,0.0969566314203654,1.42134521376044
2c7216262b88b4a38540cca324845b9b,8,0.144120230750727,0.885874791244791,0.410562431574371,0.766627389595395,0.213726274261905,0.962424252277585,0.163456363698493,1.8801967153825,0.0264884118348018,0.840358133376486,0.000246417510448047,0.0445211673693443,0.780305405360377,0.000832044110984601,0.979615619981301,0.101797438439173,0.370510302138354
d5375af5067e587df87a434aeb984f1e,8,0.112550398984996,0.369986352913404,0.200553164125783,0.63563311185068,0.25039913894951,0.607077344021243,0.173903254510237,0.59387491916672,0.0392501936366588,0.752972251084481,0.000425073878316427,0.00196313530565173,0.394769540598466,0.00063306999034594,0.709013084635439,0.0788531825839665,0.252298510258315
973046684a85d2fbfcb70264920f3af6,8,0.215755695714217,0.541887690618884,0.876922144391078,0.726905323951317,0.86627054924421,0.927439992647866,0.155083004808145,0.448918199550489,0.0345623077551537,0.659772564996409,0.000441555548424011,0.0509476882706681,0.798220138839225,0.000418015987702537,0.673985842563045,0.0703922896734065,1.32567956608369
4a4f41c3df922e8fa482cfa50969b2f5,8,0.132413227019792,0.531058743061557,0.480572081280064,0.0903674701618901,0.204596600899017,0.997173933752107,0.0995629571065863,0.978801702012517,0.0278493931564155,0.728332926407645,0.000250091197403492,0.0692686032248462,0.923037115799586,0.000783697898403431,0.96815591347384,0.0754880050010805,0.737180135478581
fa232f44351d91a300697b770f7dca3d,8,0.161417323131627,0.572529025015606,0.396263569864318,0.572815919149451,0.0557346764656113,0.47420441957779,0.114945834936176,0.448353178444353,0.0347270787990937,0.798211719925714,0.000416028689099405,0.0253665033170629,0.648545280388137,0.000868186036895715,0.725260048932261,0.0696079747508311,0.694789054231273
73a16ea6271c5e452f151571481eb48f,8,0.209815024767064,0.529510341608835,0.565778291081695,0.209805063645626,0.0139553987596746,0.993294138115675,0.0470720729424411,1.06518870002812,0.0295431555154587,0.604570438663444,0.000304533067977315,0.0324266329208365,0.982574384539112,0.000243648765763351,0.923064332733868,0.0939193577688634,0.647686296235584
a771e8b3b8195121247bac1049465a9f,8,0.143730831491263,0.447686080985415,0.254256972950894,0.636091064833574,0.695910912565236,0.511529462725534,0.0729409424367685,0.198160393988484,0.0442462963301092,0.769838634429753,0.000387981390070633,0.00285061991018397,0.870713806343919,0.00101124358080792,0.740407503851092,0.102725891742303,0.286305138186728
1f989310f0578b9587de03a4bb76b220,8,0.217612237281911,0.894035327976276,0.948197809642674,0.365737435596136,0.609668938012996,0.349799446093554,0.177914981396697,1.79392576022527,0.0430212773420334,0.721304626111767,0.000438349502280373,0.0231578013450207,0.832725985862278,0.000870653025559658,0.828313633667251,0.0963445888686077,1.24714494789774
ca2d019d4d52e8e0b41506c837c929e9,8,0.157445915484969,0.444539124639915,0.356445348214046,0.197393558429681,0.0361270097236368,0.635261913687149,0.0730761429847601,1.65520853056906,0.0299851689799466,0.783238158485388,0.000407864481617876,0.0204769326527131,0.994660027779852,0.000623582929853456,0.686209299565959,0.0733220109453676,0.43563262644217
ef2fdd647de7b38a9f267289de423857,8,0.192411325996437,0.700744542257812,0.459705844511216,0.784293772115163,0.826358608295679,0.467003252617655,0.135673996650412,0.384123358717197,0.0433026271756463,0.820763807326156,0.000447572803761692,0.0334732066296188,0.919653521805064,0.000840758740714375,0.772110557279502,0.0724808671982578,0.754164796671834
3ce1617ae80193a64490ec478f3a666e,8,0.142781890231531,0.427531489782731,0.203310775660965,0.563936815051506,0.133219038389678,0.493317700064249,0.163833906785014,1.11868517624598,0.04091186247198,0.757055990513537,0.000412491750455485,0.00886281729382363,0.697480944676284,0.000717138779815237,0.856145532033527,0.0993270191385292,0.791208939213803
dccf06902645c12074f20c9d8310c178,8,0.191230910901558,0.810651351657633,0.34422616844247,0.604152214082543,0.204896271060656,0.920994812148325,0.0990435047385904,1.56485796965544,0.0440577499430522,0.686013900152397,0.000334648679377039,0.0231834426038411,0.767085226954858,0.000961055939526111,0.707523932239133,0.11045807036816,0.265551299548745
93ef755cbe86c5f6e207c4e07979b777,8,0.182303133795204,0.853596562827744,0.454345589631018,0.511232340556419,0.389948982241331,0.786369212156006,0.0667087211728621,1.12121993337069,0.0397505292882478,0.830471159570914,0.000365886631780791,0.0291343945602189,0.931995664182035,0.000959068261096949,0.865249416042757,0.0891137817205575,0.873748410201566
0ed6c82dcdcf864517b6512a24b1ad61,8,0.204065584214935,0.892967886078078,0.362418719893527,0.0662972654008327,0.967912053632146,0.362474581887654,0.147911234062051,0.118760866774356,0.0375702953490462,0.797609263986879,0.000472883435090674,0.0285234858120107,0.652313683210732,0.000591807256769266,0.702734636686604,0.0837367534436905,0.818789450201789
ed116cbba36c4621f97bee8d213afc03,8,0.192156733695081,0.721124663608739,0.995391440739794,0.330896854612836,0.0809119115852552,0.300291845476849,0.130483011035966,0.992982810212356,0.0349992619398936,0.666385398012404,0.000382815680796564,0.0254075745371387,0.725233805610954,0.000140489899802815,0.969244810021734,0.0765387975174939,0.522569760332729
9bb9f8198601456fef9bcfdc60e86fa1,8,0.220940926228441,0.607901905572231,0.38786222388747,0.366303476894562,0.199763647134173,0.667744247451393,0.0854375843776103,0.386915828150627,0.0260140676041142,0.688021159989366,0.000434570931437879,0.0343771062032832,0.974432624079793,0.00089719556533907,0.637230734359769,0.0761842084406745,1.19683284590377
61dd20ae70755dd418af9460a40bc47b,8,0.244982015621493,0.902981171695645,0.239388293278239,0.863028300598414,0.327687091737753,0.718265981408305,0.11323166629508,1.35239074879947,0.0429915599159188,0.658216481667538,0.000421063409273146,0.0314613415056042,0.983671219660578,0.000491126076907773,0.678293642840789,0.104909019172449,0.654375834900997
731e37652cd2cc91a9b338800639048e,8,0.110824485435455,0.334238485398192,0.527632821699337,0.405562783990429,0.287948142283576,0.958496967682823,0.151238527570237,0.0781695717134948,0.033482526974339,0.611030500255155,0.000308120171598864,0.0327804120691506,0.666160140297275,0.00025352724687553,0.628401532234304,0.100706907309113,0.85130242751126
30eaf7b9ffc282ad1805299c7aae7ea3,8,0.19883748700775,0.510816552123172,0.889989540966669,0.109388927533993,0.681428138259422,0.84104691431661,0.047107048663727,1.79007909412575,0.0452875086137986,0.848244834424819,0.000319773597469243,0.0332166716071822,0.96415428554476,0.000812335866452466,0.807482400583572,0.0799502430169013,0.273886863892652
860cb575fcc483f7748a2db03e9dec20,8,0.218313770151291,0.968433356579301,0.221820022875429,0.589891757534642,0.403605440553579,0.744354381501385,0.0657747185148122,1.48559450003556,0.0376261433428863,0.683669175982423,0.000381683787194797,0.0466999345817391,0.998088735171148,0.000148216784063015,0.657412560676149,0.0874707593986902,1.24706603026903
1029614f7170543e9f9ead3409051ac5,8,0.161010230956281,0.874901274338628,0.959880670555525,0.0268325591543929,0.158417041827873,0.775545440476383,0.0901069883725274,0.671230016538721,0.0298741685821748,0.619502863705818,0.000327197279243009,0.0519608725525713,0.963875549704349,0.000406762054937738,0.760080088897574,0.0763026534586328,0.678351399977482
2a1dfddaf6d5fdb6fc4b7420ec4da6a8,8,0.197243581944766,0.966235555762688,0.0398359012058149,0.171509410561395,0.806169733508757,0.652182792525137,0.157324970025267,1.46680195884166,0.0286171574250503,0.636603523145241,0.000413498687382096,0.0212716492121605,0.729911021133407,0.000684938609289614,0.818179456392001,0.103999631288717,0.722630203010261
b252eb133f9160da8591494f6eb39828,8,0.146786996351311,0.853964991950026,0.7929302176393,0.0121604879436371,0.963680640097214,0.67812159341433,0.100386801511633,1.71126113041165,0.0465428771551277,0.641191427145536,0.00031310123815541,0.0374546787662259,0.792492823270069,0.00110669140148483,0.952198846737638,0.0804132258823174,1.10403333786525
48e5ca5d1bca6367f72e4f8b7a876c00,8,0.177195933541783,0.355438954935759,0.117751112308093,0.803450190864883,0.13316883262769,0.837762222995861,0.0825717698617356,0.0643806370097514,0.0297964569103556,0.647417563188783,0.000305934210612221,0.0629854993256735,0.904659785701299,0.00044216545258839,0.788072273697228,0.0738095047950986,0.25814278241758
31659dcc702c5f4def2a0491d89331cd,8,0.118153367071917,0.641147946832476,0.0274499359283158,0.698591455923006,0.134801606558287,0.891526857975229,0.172541620004844,0.520070007886796,0.0282941835062385,0.753025608430514,0.000396526254443477,0.0279219865921853,0.520583435105986,0.000264430023389878,0.8665003841773,0.0839589910353958,1.2830724923667
791600899edf42b6ad7eb2f883694b98,8,0.247038128941697,0.850515123871122,0.909559196038805,0.394570795017096,0.41833711176621,0.618699289017823,0.151387319371719,1.5574521379873,0.0438111839877822,0.760014376242556,0.000455736136927194,0.0410958186588348,0.773907886902921,0.00110203998565762,0.873080513882342,0.0728760253351706,1.27912285754481
04542fc41bd8864021433cdf350a5d4f,8,0.229351769059116,0.751800801393536,0.339646092354293,0.140409373059776,0.851567494626198,0.676501005466187,0.1456154626039,0.176443695391684,0.0333525876916014,0.648118846178798,0.000393151131302226,0.041224726812522,0.993305282902962,0.00101839071790088,0.910910658642792,0.0985353276830836,1.43845636872932
e4fefc76a9ea998977a870696cf07ab9,8,0.242757039309772,0.456367140777933,0.304499725587957,0.462587400562376,0.924306393892278,0.635010559043046,0.130659379955942,1.40429134497263,0.0307786407653796,0.842204525401394,0.00045038739674692,0.0190384520557758,0.744665539927757,0.000508417136752413,0.695543605629037,0.102476202593562,0.386382199912875
74403144058b97ac3a76726c2a2dd308,8,0.124473363002524,0.521527429380893,0.499328680139066,0.344856720396475,0.91832720809914,0.444499904066721,0.0840419616794455,0.348595536406838,0.0401751766921303,0.645345608074084,0.000326441565298055,0.0278755048767081,0.671397074619511,0.00039398285804503,0.654168899563278,0.0803240172326183,1.1096890634218
197fc87428cd7e312bfd2cdb7d5bacc6,8,0.135991146502979,0.676994406063937,0.784338259383273,0.669148355142405,0.262605352975507,0.314704050491143,0.170114661042792,0.762367574891332,0.0354160365198417,0.674222764235357,0.000476630013280651,0.00975789152005073,0.627897048371375,0.000868238449231156,0.789183708814155,0.0874701906836116,0.981639692593805
1671a3b390493c9c944c74d7f5eb80db,8,0.131574548248097,0.556129900695085,0.247164417143538,0.6890455378069,0.222742474960738,0.325100328441176,0.146637720466888,0.393885608577967,0.0353285276662994,0.657330551449482,0.00042218838088222,0.0178752464838891,0.629632102540534,0.000490985689808399,0.807894228807854,0.0726478770978634,0.811937258693124
0a33d305d031fd75ad36fc39674860da,8,0.144820993202219,0.654729342723193,0.13326443529972,0.940602468748728,0.66904580737144,0.269952783672378,0.0274923795422215,0.347992683936956,0.0350944893136281,0.678082677893146,0.00032659457652145,0.0129325033604875,0.956907820181719,0.000677604789887752,0.783799850734139,0.0978524893623913,0.551429299356891
8327c4c8b916b86f622423c046b21398,8,0.197883500101242,0.85623429775398,0.806158940856865,0.993898371164875,0.803660425591567,0.92266350781385,0.109793362230557,0.689577603863838,0.026351045468143,0.717874598073339,0.000318642579521836,0.0425413157351205,0.891883647182547,0.00102162425946899,0.966934194471655,0.0870384765109599,0.770859235120404
0db75f5c755368be6b24bd6c9fe00bcd,8,0.113247206149564,0.455853800356316,0.622982098772653,0.0480407529523055,0.930238499935847,0.765262458801414,0.151586359004907,0.386907661793432,0.0342216131416734,0.726199443722597,0.000370626543404096,0.0113134139185328,0.570077522892758,0.000777630136993312,0.848349405006051,0.0972246031144597,0.919453061460901
2e19282300aa9a2cc875bf3cac1bca9d,8,0.156836925348082,0.721934359896194,0.934961235761738,0.503948262140792,0.763818631907583,0.92406678270098,0.150013846482161,1.17080510517868,0.0266302989985631,0.78339064229822,0.000319872865986914,0.0363718025917436,0.568712980869602,0.000660590152199392,0.812256094268046,0.0925534484214987,1.2659513307673
6f8b12e3665da354e5ccc4c2434a7350,8,0.138805413056091,0.600145891867348,0.708162071826039,0.493824048471819,0.837199172091855,0.684913453724979,0.0609316090763291,1.5585751017472,0.0461394314589069,0.780469891450775,0.000206960063390872,0.0542912328557982,0.794196035057314,0.00054639682686757,0.873359590116047,0.0895931165220949,0.385037196332239
e216f78bf2d77d596afaa149ba2c8267,8,0.243574975320577,0.625102929027704,0.464725205559636,0.006319720245819,0.546660717160694,0.916834556521483,0.0476113671159204,0.656025912359658,0.0359141706253938,0.641296453912052,0.000280448377317106,0.0436164091790085,0.967251018245574,0.000601653415410874,0.983767216847698,0.100846086765586,0.920643176446865
c18d294f30cfdc59912696e4639a16e8,8,0.203319089669936,0.685669019560438,0.321677918588017,0.890811899909424,0.648811024701777,0.439350642802823,0.170658744211747,1.82834186671136,0.0448251936099424,0.688719000358871,0.000454498382945691,0.0335281690193912,0.763043405598872,0.000761858184711525,0.799891221648762,0.07510055927986,1.20325549574385
20a8e3c3ee4187bd1f7896272df0d3ee,8,0.111889032371959,0.511115255561649,0.739877935008451,0.173140864107922,0.745041894734108,0.22346745616106,0.0478653491779129,0.203528610296791,0.0260534539519564,0.637718102573944,0.000409752756146945,0.00338321891264514,0.853081973216616,0.000625961654282252,0.924288588071774,0.0762071444287228,0.919953900994438
4b72a62229f4661f4b95093ec20debeb,8,0.126460561034698,0.639283928659279,0.853538880832408,0.308935670999036,0.426742218196467,0.855229545329166,0.104131149507149,0.394049090291327,0.0260888427042568,0.764214121117578,0.000322178437192397,0.034896174157826,0.704920253181367,0.000355336633236676,0.880374649910767,0.0813131720790527,0.741503602425677
4fa8cbf7f648d628474d96a06fe954ab,8,0.203985234800134,0.875724467022468,0.324043208430059,0.849155376176127,0.238105826414591,0.908598105428342,0.120940645080237,0.610856918495292,0.0333291028931819,0.615632867558777,0.000417355072713061,0.0373757618522138,0.95174682115415,0.000443881786516814,0.641016106713658,0.100006843147035,1.47594308705841
55d266d749a6b5c6dfb3cd45c9c3cda6,8,0.106138538129658,0.494659892420422,0.213594426810536,0.868560521348811,0.0574481839660096,0.833349828236012,0.0561831918488133,0.572321173666903,0.0455060769597444,0.808803191525602,0.00029538373148321,0.0286216308681886,0.874566913528707,0.0005755052934845,0.626173368195552,0.0824363117243752,0.403279335244538
f7291dc148256822480bc52cdc59313e,8,0.234570136519819,0.775941394440441,0.062760500043634,0.764650306354931,0.683813766413522,0.875686172835041,0.175437232918011,1.05691543809681,0.0296096172748426,0.781440345130147,0.000447910166940411,0.0467893860502719,0.966913991774474,0.000681900628678756,0.848196369223341,0.0895960427011906,1.40985859864145
da396c00085323ceabb795b6def22798,8,0.211838958533343,0.978511378456965,0.0133293791464016,0.223026069894019,0.00129738529108342,0.941475171191699,0.101745410534376,0.717287968462384,0.0321770780180723,0.807156821307221,0.000228394620688626,0.0662610753003509,0.880658279275265,0.000616019855802731,0.986400056597222,0.10657918944905,0.346923925859945
8562ad312f12e555264506753c0b3c00,8,0.204736863394848,0.969610261207124,0.399418530876077,0.638752354831873,0.633646548003085,0.391184880234906,0.0930570277702073,0.120500984863998,0.0400588576683334,0.756593819439145,0.000465530064718834,0.0438157515922793,0.940931539410841,0.000560212450121971,0.699657530396931,0.0710275935140115,1.60491924619688
bf0ecd4e94cd910663e583e55cab0db0,8,0.24961776874384,0.952021228513763,0.851732169273994,0.71555868165232,0.613469165772737,0.724845480589874,0.132131771106752,0.954556976661327,0.0354543217727694,0.605156734657644,0.000451747635999263,0.0328368955475493,0.865217523124054,0.000390970571723062,0.852022935488164,0.089363672830727,1.43206327079279
64b9c0f08f5e59edc74545f913e12d4f,8,0.230953500603041,0.526089625437846,0.203655015879074,0.706593219442396,0.487652918716982,0.56189194470156,0.124097283336046,1.49463922127422,0.0297179617671792,0.717029006935323,0.000449955382928599,0.0217116413049109,0.785234426461904,0.000217894066988715,0.931041079210438,0.0879811832531302,0.959915542916104
cb552a3bdacdecb8e0648b91e9b0281d,8,0.160291195889421,0.875645221939082,0.0142011031734086,0.217501229592907,0.914989978133389,0.891490120269705,0.116614155380726,1.49972653620733,0.0410922602843011,0.683742985754648,0.000346832145106618,0.0396649244263239,0.884862618271881,0.000851098149426043,0.866606024704767,0.0833925676882521,0.894063344953225
b26056a3390ab7d44e0b6a9712909d6d,8,0.189435409830417,0.652926163377679,0.688199380858534,0.325668302396062,0.0265450620511718,0.574357013495447,0.167127383743631,1.856212495699,0.0332794696770777,0.742790827135686,0.000509837529227499,0.0181560682673466,0.571034244112345,0.000708263103242214,0.670744132962482,0.0896541423639146,1.42500231316295
ca8a6b94c2ec17882555515aa6275e7f,8,0.179834039575135,0.390746158988325,0.263988955498224,0.100089803272208,0.599531221502368,0.54404735586698,0.107671446946078,0.924327969833489,0.0434531028278335,0.849994820525633,0.000424228182809918,0.0206942745675689,0.634700802010761,0.000806483958762763,0.720816233336943,0.0749538072576114,0.916869774808476
da3be0d10319ecbf839d30d47fb61b9a,8,0.230575083579678,0.939160015536689,0.601046693911125,0.18158352253635,0.23767706350194,0.668899474294986,0.164491665044828,0.454398548224379,0.0446109835348583,0.711940778650075,0.0004385323055758,0.0502087951776276,0.907632240129979,0.000585549572950106,0.68285930268601,0.077095972598401,0.390533729702955
f7a8dc2520097c23d826f2192291808b,8,0.114254158507122,0.590162989515628,0.849752219666963,0.655326794787337,0.493488075783363,0.273385966189265,0.147734626332138,1.67761814388752,0.042513768908348,0.630871195586532,0.00046201493540218,0.0017507053555858,0.688189390416821,0.000384288727947467,0.903615668327008,0.0697953755408899,0.379510401440851
bc2aa401ab516ee48e6b5e45d923ba1a,8,0.17994654296563,0.49971206813361,0.480519954324888,0.605744035405788,0.603798714546086,0.414898954585363,0.127670546527741,1.48445746011252,0.0299288855104132,0.658124462968588,0.000469324119978519,0.0121999423570855,0.895358301578224,0.000889806763830455,0.751929205690448,0.0851407382016465,0.869241866574123
56f34ec3b8ed359dc9a2b18719cc9781,8,0.22961873991751,0.77660066921882,0.525172941285264,0.921381705754183,0.238127648044987,0.717441688334999,0.173579985086184,0.248380036595086,0.0354380171006174,0.693466558905138,0.00047937883556906,0.024838493666046,0.730235285709008,0.000371323740987695,0.779168379624864,0.102597098904829,1.14811401418079
773a5b15c0cb1e62a4408a6fad840f07,8,0.146498678695062,0.517033013374107,0.157971200834059,0.311762799742197,0.474399074139844,0.675472740266154,0.130993999082508,1.33089591328133,0.0444380764888447,0.765490056227384,0.000396022563323368,0.0133852176200705,0.590460963518596,0.000804001826235367,0.647650746027484,0.0916105129753195,0.290683921622529
f61f4bdc49f0828d0fc05c0edbfb7ef9,8,0.140316402626047,0.808733273260003,0.445409508432118,0.26353920680315,0.788858829905529,0.555903099335145,0.170532390814564,0.255092728557983,0.0365588963009304,0.847623420521015,0.000359341756674508,0.0200383706525941,0.759861130382141,0.00104617935943362,0.957660393744924,0.0912513184938779,0.487476836535633
821ad8ba6b3fba6c4fef078e45319e82,8,0.187278237364836,0.787273010657639,0.847546487257179,0.701681099755138,0.556732015540029,0.464710606691399,0.161922535821257,1.74562391816145,0.0341650215634885,0.747828532014575,0.000402762740553329,0.0263448806499442,0.698857898761699,0.000535983071169981,0.997624954366559,0.0741818850622511,0.532228074117605
30729b0b3fc58e43d3113af3216b4140,8,0.140104789533355,0.581995368703944,0.0988898351187099,0.911991314767339,0.701515959597429,0.493834314268323,0.137206764150085,0.326112014021706,0.0446774235968271,0.777743359302095,0.000305813981956408,0.0202345936479522,0.679949074768123,0.00041047576173434,0.986537675648764,0.107815831705771,0.599189124803006
ce18ea7e3b22692abd9a5cc5ad8e65c0,8,0.225103531653832,0.737164136581267,0.198316102270157,0.100037340471566,0.734004535286975,0.633307257536659,0.106549247292779,0.647708486508462,0.0458736224154815,0.777251116882925,0.00035313271371352,0.0684147027205079,0.984274781832268,0.000916281574825486,0.849574196763743,0.0720286325952349,1.07168371348176
9f9c0ac773514e923318904fb7142d32,8,0.226306441014337,0.904975492599783,0.995339445392961,0.286112785905853,0.951509303420025,0.524844577232221,0.0436991614694154,1.09525017458694,0.0286518053635107,0.688224084120807,0.000297236251643672,0.0352790862549288,0.917304879007514,0.00030548239262669,0.738764004007145,0.0957245899123638,0.329460614074824
3e3824f0e69ccce450808dd4892db9a1,8,0.210238466660176,0.826332532906677,0.0103582406858229,0.993008713048612,0.93866702258176,0.933730036421305,0.0481519226228354,1.38635278899767,0.029424647302505,0.701802771521813,0.000346234935430917,0.0413046834581396,0.949028219209637,0.00064016832816621,0.773902036853729,0.0796348002506104,1.13518084635747
1aa3df664dfa04cba73342199d59b654,8,0.225566217891954,0.655363603832501,0.686774091089131,0.389758832301287,0.0621446950124707,0.999417085850158,0.135047626210851,0.322560658152504,0.0439941445086939,0.707628187394512,0.000407173855585551,0.0597707616021467,0.834394461033362,0.000535310051306523,0.679104287505563,0.0785994714630511,1.13368807712937
9d608e246a9e1bb03345fcca0c490913,8,0.219057219565117,0.56854779592713,0.974841937283431,0.932933079218971,0.569142654596619,0.428283218500923,0.148683181509286,1.01705287659674,0.0416602171159963,0.676814501442106,0.000364031603189849,0.0196659697213243,0.622276270035027,0.000438299849139327,0.626476551543959,0.109519951976233,0.71164111981952
834a7a06e0167a1b93f873600808bbe6,8,0.202259613932465,0.579522959262959,0.937069528243224,0.483982175723427,0.852272181253579,0.53975224221093,0.0556833730974127,0.107032887440281,0.0257948444747485,0.816420541917717,0.00025300869977092,0.0566232672097118,0.941814083728712,0.000356498229877472,0.629877576319481,0.109584161532001,0.271734643536391
1ca3bf8bc75069fd391f6681ff1a15a8,8,0.134650905357442,0.312678774833389,0.333025306285708,0.49009896406154,0.890969385575222,0.960004069905758,0.126471559653454,0.902975685163055,0.0326010601369479,0.82779131046186,0.000347704327324028,0.00762452892739582,0.52259552018315,0.000614121877870759,0.753227164540561,0.105219848136181,0.386954149667512
92cb645bbdcf61988ff7844a29301b92,8,0.142658004014338,0.539119290194293,0.783512573331023,0.599619260400804,0.240519109524475,0.766687996547661,0.154161795359328,1.02528121000801,0.0418515763712039,0.762303360909402,0.000405211412769839,0.0396635955830115,0.973866740234136,0.000667883465759826,0.776274923878587,0.0735664315622168,0.803361543840384
2c6ec10629dd71487f23c4bc77effc5e,8,0.11552092078646,0.391095578233756,0.146581823244941,0.194377159526031,0.569971847611887,0.585077042430605,0.0478908736762968,0.17967931101779,0.0353667716054928,0.61869995177655,0.000306151201804286,0.0131276224236495,0.972692643556905,0.000751849578087172,0.729208769422989,0.0820561235845189,0.168473807048632
e3f03511b8f3e00017349eb33810d2ce,8,0.199171242487526,0.707100197329236,0.674934451840613,0.345601583792236,0.579121849574268,0.566256557596715,0.0533425400858239,0.981464382590971,0.0455202734204613,0.817174322700093,0.000465870174684434,0.0174054541925516,0.925050822792777,0.000644900438169751,0.868001517186666,0.0885369761203076,1.57674002042025
06daa7ec7a888c49685e35a05c3e552d,8,0.13671132757256,0.663609970742048,0.563410584323557,0.933096163693613,0.842218467946651,0.441160211944906,0.106260416730349,0.435701160368547,0.0348172317730004,0.665670662559072,0.000365163033844459,0.0222373345137106,0.993565028580459,0.000630294681084151,0.698981111426448,0.104486443013232,1.12102185494723
14ed392a5743dd4d0ad72b136f302aad,8,0.179469853515026,0.666242218046286,0.665138741378409,0.322800703002979,0.600647568797747,0.332986974727866,0.0812999063746651,1.08253428106914,0.0440959432513732,0.641916996832472,0.000429080278764288,0.012652353352051,0.827770779767463,0.000509598901526244,0.894619756242989,0.0891900019687809,0.879584966479647
ab0e7d09271220234682baeff74e0e6e,8,0.23473919538862,0.935071620945036,0.286790549417834,0.196748690234244,0.740190221052531,0.487236811125813,0.137960487133258,1.703335283435,0.0360214691853694,0.650597112266983,0.000382902788521717,0.0581329563870887,0.968447248405728,0.000437358430063549,0.861656267486359,0.0726682495505779,0.705136079691792
e7abc96d859402b20a0a79408e93462d,8,0.172234810691535,0.729362272289885,0.775127268568784,0.284237231272016,0.923699109577197,0.780274764371861,0.0998905833512698,1.6234770350082,0.0299500602800637,0.832729268997975,0.000290223566762956,0.0605870648788833,0.784321207520501,0.000845459750981191,0.98375359115159,0.0822085436650375,1.50322739815876
2a4b45a716a49914430dd389255cd4ba,8,0.193844468765523,0.779799153287164,0.544758301774221,0.449819979865604,0.0914186417717514,0.558871826865431,0.0831332606421272,1.81755085246515,0.0342975351623061,0.686483409657033,0.000302744827654902,0.0528675118114766,0.996029241197445,0.000606970634187457,0.927669450969878,0.0740685142296574,0.529090714074116
5bf998a5ca64b1ac033989967c5f767e,8,0.216374371752614,0.522697117063508,0.392141350964307,0.276199854626064,0.991770626394736,0.641428675717466,0.168078166855277,1.82320071801142,0.0293028397069836,0.782652322724569,0.000412881938780138,0.0163984568309383,0.75992491857997,0.00104776687007865,0.758920433113865,0.0991253603406481,0.247692342682177
943b00c59eeaf8bc430aaced940b1637,8,0.193541071496871,0.491431833296281,0.821671961656111,0.203291395948532,0.639504079746308,0.827242904854044,0.156047422999756,0.896857498744854,0.0443520255650409,0.691102478342697,0.000279038438915328,0.0435965245281972,0.651478233155156,0.000412561045192737,0.760345622523241,0.110834286719842,1.13538390716693
4d5c703e56fbc2ebf546ae065208c452,8,0.153646295853058,0.379769912131006,0.93765731023806,0.091462127069501,0.0599021234550781,0.791131333066852,0.104210496528905,0.23784703261477,0.0323529027050604,0.695643958108879,0.000201083810201562,0.035693554084493,0.627310691571313,0.000326088828027491,0.928631334580667,0.110431513341406,0.266362518166042
f7674929093404a28c93db79d4d16dc6,8,0.191955498009329,0.501284533575578,0.14049930440327,0.249600229109261,0.87623352600128,0.857486721879053,0.0548379599867271,0.305121985860131,0.0380082117754262,0.69279079288608,0.000260589454305878,0.0441581019637184,0.962494867950342,0.000431090792084957,0.772125588548537,0.107818694477797,0.540869329993079
083cbd23073746dae4196023c6f60da1,8,0.221074291840369,0.916065667753622,0.549863034845878,0.886424227857206,0.970531863264109,0.829410398288204,0.0702567039292851,1.60269210477799,0.030450343954376,0.682032297590087,0.000286510918583624,0.0663168744660557,0.835494118960732,0.000493319725860653,0.8410135741014,0.0778210214873243,0.786474273685377
cb99df4d9339673bacdc9510558fee7c,8,0.213183498187241,0.977485465463474,0.909809548309217,0.185795364619373,0.599026220301919,0.571944880843254,0.0828753084170864,0.418519891571681,0.0367808029677203,0.787512778525959,0.00031181169750558,0.0599221275607699,0.919012983835213,0.000158053768216943,0.93307799971472,0.076122337701344,0.389960837647671
982cc7d4c0df67e4877cbaadf54eda71,8,0.181242637687216,0.804203114683155,0.683732741451,0.474151854617127,0.0532111385144355,0.516202722695483,0.0596658710998015,1.50299581088202,0.0390338873622434,0.704318341054313,0.000463461536626453,0.0131625607415282,0.927816356140596,0.000590303674668575,0.819331860376797,0.0984025247139271,1.19503550937692
ad435d170f64b6899894d517978aa80d,8,0.197227521657042,0.76508309670174,0.647331574694836,0.728775966735403,0.475194108092298,0.474267111167682,0.0996626516253647,1.41043256489788,0.038709874549507,0.721878412652325,0.000395002046178312,0.0186020983530491,0.715445677252504,0.000833887135862145,0.994416610956394,0.102847546740235,1.34735904219647
634b4e861cb35bf00d0f973014665cb1,8,0.157857164480122,0.43335544539721,0.475376992047138,0.00361543278357096,0.676219420643636,0.498978280810669,0.123644571108106,1.28834590310944,0.0314260375608244,0.658072607319555,0.000435824197939618,0.0103398258378932,0.808150017475346,0.000207693485387098,0.935615182386269,0.0890647272397822,0.911202170569665
23a18d94132922b74aca9b0188c0ccfa,8,0.227734251039196,0.554475985061432,0.305574939363116,0.111191632673675,0.197323433031424,0.884429458705554,0.119863416635063,0.689219194595981,0.0347740949874159,0.665442813847206,0.000361852671574143,0.0511838199472109,0.901621867056351,0.000692674998249169,0.685972085164618,0.0838849183058505,0.518925494463727
c6684bfc3d4546b7a16778869fd858cb,8,0.151413839095064,0.725868517045445,0.31348676661353,0.440813507441592,0.90574392882917,0.868932827308707,0.158989132574572,1.038796485877,0.041948225459614,0.801942077161169,0.00033343485020886,0.036150866059866,0.776114178932936,0.000239773600239319,0.658967074956532,0.104263617052899,0.35826462238992
eb149a8720a449a9a977485b9cb06d30,8,0.192017775866729,0.833088877272074,0.721035458915576,0.939082529673367,0.65992240458946,0.969644585619159,0.085042476653108,1.66786343038219,0.0318111160373606,0.783131541212373,0.000340663863348159,0.0381861701506173,0.943090069255685,0.000740343135508874,0.905046658069844,0.0891841870056019,0.837725416259455
85fe281d0f2f9e9e06ed6d92c56af7ce,8,0.133468812896731,0.289841444391916,0.412840116310279,0.57006294752757,0.444442590967639,0.781240798209197,0.0924866834062787,0.582982427341987,0.0284166478008838,0.695905722436976,0.000314072614538642,0.0218513199450062,0.572696842390999,0.0005062194384656,0.652078516823434,0.0844279993878626,0.728385821215119
d56b2c0cfdf181fd22b516b181e69b96,8,0.162782032702935,0.710392493874143,0.530980386172305,0.702431306742108,0.628944336172409,0.829167884525779,0.113917704872693,0.367730472989273,0.027858445539339,0.679429533101048,0.000305059380768123,0.0425350524696073,0.682227889356751,0.000456305970834294,0.677751765937955,0.103352199435292,0.912661457563577
164cd5538fa8bf4b179923af73fd9abe,8,0.141203941039916,0.427461218065974,0.677753993537712,0.981369572221233,0.316791490127935,0.771042183168154,0.0446243654043249,0.558334488342855,0.0349991172427123,0.682102019873153,0.000246403088836955,0.0350923003780274,0.799988484559238,0.000696945471208817,0.872906713338846,0.0866828186457212,0.797757892563448
257c240ed86e6d0057ee25d1a6b67c8b,8,0.16707985367607,0.556870232422398,0.610291871064949,0.624185578119667,0.899868310311713,0.665693856470002,0.114086550238386,1.19911954120095,0.0396380830193759,0.618189548996666,0.000344114852994776,0.0145794333851694,0.885347427638939,0.00099355876252097,0.903427841013802,0.0908119702552724,0.357226655182572
94581aef0a08d3399cb96e44547c5335,8,0.120635111545643,0.549996315133079,0.204054135886853,0.859717462493521,0.0440660343327395,0.571229582410189,0.168411896563517,1.14110345881285,0.0260629539033539,0.706093967594467,0.000349328921401282,0.0298694341734957,0.499023227228666,0.000976461093079519,0.677798919587409,0.076062050599099,0.864581750407418
7d6ac65f326d5e575839795daae4cc07,8,0.230194210030893,0.943296790105308,0.0722405774852857,0.723112368132998,0.502625324019395,0.758445392022875,0.150727322778384,1.17239650946578,0.0278714198533825,0.799887992026728,0.00038388864149484,0.0528459060714828,0.645437652918672,0.000936524015990282,0.781739406081243,0.0735991378987449,0.722545962445231
85a605a75a9bacbc9e0926b957b85b1a,8,0.195394444810604,0.810668636838787,0.0373206199898029,0.678910952602729,0.752610995158029,0.909373715409573,0.134903352581185,0.775972007873855,0.0368294870291664,0.822624753199942,0.000294693219578399,0.0619078232924037,0.758836580290014,0.000923013426235489,0.946190993192346,0.084145233262012,0.723693848508711
8ee2bea50670a4c43d43cfce5b8a5d74,8,0.22815830821522,0.803518692222709,0.584027183861078,0.22806051091279,0.261551012309929,0.916068109404296,0.142640395239832,1.79669900671778,0.0271017654044773,0.743980466660629,0.00035903370121144,0.0372992612569948,0.645267488453549,0.000160608397634291,0.756673819116332,0.102468854762574,0.376795272825636
d86b761d5c364e4ce5d2bafec19d81c5,8,0.192058858656461,0.717991671764869,0.873299934224325,0.361963395519055,0.570450259273862,0.611188204276132,0.107542458439051,0.524355648691083,0.0319406548073109,0.615255912586012,0.000448860641148806,0.0258082980691684,0.70998543832268,0.000749396099829816,0.786110994998427,0.0726379568326929,1.31908118810497
766dbdbe186d5ae3d9f1d0fb683f8508,8,0.156958388371557,0.343105535542964,0.1153694786627,0.513999023735575,0.755493944047245,0.580778340834557,0.117037219081146,0.748249579479478,0.046290034111288,0.637696606786703,0.000334467909561633,0.0301637848471363,0.868955697737678,0.000613056857393683,0.934475191604064,0.0730247278440757,0.655580984044386
231fdad06dd383cc88da88070dce53bb,8,0.124290155506707,0.581258372867285,0.0714455491388798,0.532123888364637,0.0946876731331405,0.545973825837484,0.174748495003319,1.88613715735069,0.0453599369933583,0.842426486822784,0.000448502299512974,0.0327195214778679,0.88685912606593,0.00031544592939752,0.78950585086211,0.0860761882534304,1.42827759452091
0361fb9dbed2c8e664947bf6c8223751,8,0.12680463417099,0.55822769891802,0.430362658236974,0.559537916099841,0.258162529211978,0.643644194721407,0.0715772859566339,0.885641596250864,0.0372325581427891,0.796059917547378,0.000251253327431405,0.0537838816255259,0.915654219792626,0.000473216850336892,0.885162599498922,0.0774670859228047,0.514288160220375
ad6412a1b750098f1cbb6c8b4f76cf6e,8,0.237062273963025,0.708382865842574,0.41559027565989,0.0580032022235579,0.657752354825189,0.985861679867063,0.0616168714757483,0.987117447436981,0.0297322254710141,0.708115097282049,0.000353125263987649,0.0468043041573765,0.825392789039667,0.000695100505129528,0.688809064836013,0.0805301086316064,0.887257450625597
dadfebced933a1d44942668da3fc55b9,8,0.153161418767523,0.600744766272864,0.583631331243549,0.944805299345616,0.879495848757044,0.533874676780874,0.122209198565321,0.00495343628062472,0.0392478282759741,0.774734064540368,0.000398115758744752,0.026745001244531,0.653169035354138,0.000856590132661206,0.832928783136906,0.0796966646869222,0.474742578672071
2502fc7bc5636c47433290edcb072ad7,8,0.160484477845731,0.847223477953375,0.603235385620946,0.130617992166748,0.918014577077051,0.312524877258104,0.100679548986159,0.314821729098815,0.0410919718380215,0.685458848621189,0.000375821770764926,0.0361232475482758,0.707594369752881,0.000609214680415673,0.766019278148438,0.0701487437116312,0.725829011074936
f7b6f1d3eaa468a63ec379064196971e,8,0.147307931597825,0.495683133626245,0.522837721734284,0.967564297563924,0.135377291636062,0.902243085338456,0.0169273295035791,1.3252883787635,0.0256289151569346,0.633550450929157,0.000263198335392633,0.0323452828185182,0.984785201400418,0.000302935340919214,0.70805286069806,0.0877170309101912,0.880627464171957
847904f9b9ef4cb7a98629f2356fbae3,8,0.122386547075787,0.460396875530993,0.876918381505838,0.719698126294482,0.92902570145987,0.578092333979616,0.125046427596893,1.88294954576794,0.031190887342352,0.791849475501346,0.000251817369927253,0.0527373545049753,0.655649166517744,0.000187343753264627,0.789531347876819,0.0851271260972327,0.585485574531721
53773071f5bf7a3739cafdb3909ac566,8,0.196091268206739,0.481413210588761,0.220908849657982,0.523575122976189,0.758258389275648,0.716953012484819,0.0803234268513541,1.14167831755108,0.0303479723445617,0.669260157248162,0.000309144368934767,0.0257407052191184,0.932577100864272,0.000315674291926221,0.988364764669276,0.108499203040819,0.86189359551268
eb94975662cbe3c618dc899efda5c028,8,0.196567677825535,0.678178414160197,0.137324366212963,0.25124236578483,0.88929838839023,0.806362713065414,0.0477202160739596,1.66253383754153,0.0453477602230086,0.759021477462721,0.000335832630829523,0.0368453778262125,0.921304958047061,0.000201903276970698,0.826948482136336,0.0894869580794441,1.4047602697525
6f2db56a0c042218af1dcb7da477a42d,8,0.182662535960906,0.533714749168621,0.539601534898496,0.405647537022545,0.20353546195958,0.75312096776107,0.0444873479041226,0.061689137612057,0.0343663636132742,0.692746432023551,0.000280913891215747,0.0665872789513198,0.98516336487919,0.000895471396393044,0.895707613339476,0.0768473631758587,0.841366507881091
1242c2c124cd843ff551ab3a90b53019,8,0.136804774606582,0.55966750290728,0.365911103047906,0.452774151955536,0.238231194707863,0.976126161665355,0.086522092170359,1.12023699716132,0.0429228481026063,0.80745245381231,0.000287263090828887,0.0490552365495208,0.706795309548485,0.000586890243529944,0.947723768225053,0.0743832178346037,1.07783431820543
146f7016058668c221947687ee0ecf80,8,0.145580805595064,0.572291494871136,0.216509731089737,0.588593156160513,0.948524066823353,0.418063680872351,0.127466751988673,0.876753708927545,0.0390674053184501,0.776347624453911,0.000326915100892957,0.0346250373979711,0.646177568301364,0.000826417473343816,0.975013909102863,0.0769069948467435,1.02028757704211
492096ea208c76e7145a0db8c0676044,8,0.193629650850326,0.625689112259364,0.188382742295251,0.946467716577891,0.170390611197012,0.719819411461555,0.170780104176835,0.312051128511637,0.0412450064222154,0.677147077510098,0.000429138275193937,0.0155316108136837,0.552883044470459,0.000306065373181584,0.816408587193405,0.110848022240205,0.90899138586893
b1dae4e2bdadb9ec000abcefdd5e146c,8,0.178855840492804,0.951517128828725,0.894855806649464,0.150065085864112,0.266606563777194,0.221989472855349,0.0854578494426968,1.863738551469,0.0375031622649622,0.769944726600828,0.000400644231239259,0.0241162184237878,0.89564412438998,0.00028467020317364,0.722687823556396,0.0916613969626408,0.842469704303561
df2df93f607459a81dbd1e739128e60c,8,0.179662888492175,0.939789044734071,0.10929194270866,0.182579662911337,0.887227100327025,0.450891851219258,0.104796281202344,1.10476265654325,0.0256354964162954,0.719586499895959,0.000388308064101221,0.0449113881394366,0.888324716922099,0.000402801847462047,0.776133812582394,0.0756561938046361,0.918092537026886
bc723c4b98b810ba134adda90ba1252d,8,0.226899148196516,0.980743654878621,0.47062182987482,0.650474474158289,0.352687259393946,0.789966210439082,0.0966899338421609,1.1010282856059,0.0446868923781321,0.722197815193037,0.000432514307457982,0.043619141920395,0.965355436880873,0.000343556955959197,0.793301229540842,0.0876535902354736,1.82160592605898
2d5edce87d95118020885a3ba4ea068a,8,0.146227882347557,0.486276481667474,0.470735162321191,0.985969868866001,0.522918360729887,0.567478561083582,0.13278960438375,1.84840253513327,0.035027587815063,0.816188769001113,0.000298208697473861,0.0418973800448274,0.658233477200682,0.000761969531320881,0.936295195600952,0.0734902054256867,0.629781901259083
871b2227998b17dd78ed1c5a3a82b6d5,8,0.19926305144562,0.792029944387836,0.410112049101907,0.659731950508687,0.875627404049926,0.376396685880816,0.0156831508982781,0.78490769885861,0.0426176331717244,0.824249676349055,0.000397576449347978,0.0310366219187604,0.972677288749591,0.000176677735618048,0.701570638039092,0.0723832972566648,0.603255048242491
fb0d0c90cd554fdda78fc18cdaec5b9c,8,0.165196083931549,0.718748153153716,0.0201735998952063,0.683823950345943,0.722933897202704,0.550977589635703,0.0837624418172357,1.03060085941987,0.0454843311645453,0.705185286260804,0.000440578279119354,0.0117238601080994,0.742475503494931,0.000509419628740579,0.770997531159263,0.106162069444946,1.08936609984768
4128cc5929c605f169e723f9729e6f72,8,0.227169481755845,0.821648170094126,0.281908949032094,0.137867368700579,0.33496217068937,0.501675051126684,0.120824228364137,0.733596565348831,0.0295114326050632,0.719301488897609,0.000401373300589498,0.0217272379760503,0.663987096822404,0.00090376340221294,0.956569488297363,0.0790607586363948,0.328669981392496
f2ccf26f627668e2385b835a4a181127,8,0.20601925207118,0.766888212460241,0.996494229566066,0.796991973071246,0.52822772015018,0.535863106226992,0.150787284055833,1.0855674363567,0.0290017232158683,0.818808501911241,0.000435588945802215,0.0274973380385067,0.657948674513957,0.000364038629437851,0.834298718050558,0.0884916465306058,1.56202307812922
3ac4ed0158451a377bc43d42b841c2d5,8,0.143635262631828,0.657794572370534,0.622244099888074,0.171316601497409,0.0471279934253407,0.983760117427656,0.0941639353773964,1.3881564533544,0.0314674217740313,0.820055337061931,0.000280138913535217,0.0653623354001144,0.940854003658757,0.000676233166518724,0.697648409624121,0.084661643267981,0.573705956712738
a667d2c5b3effba38374a22167be9e6b,8,0.24283032063408,0.758215757291277,0.919792243497282,0.64331115754037,0.66993584255325,0.606617569515494,0.144067118063411,1.06563755214028,0.0426576315327352,0.645674479515189,0.000372653847512077,0.0229282798148914,0.62153807002428,0.000544673272541754,0.955215460929198,0.0984339396822892,0.84923476161642
94a7cc426b1240a5515d5447a0d92854,8,0.246698068214118,0.815858725397908,0.479999976762081,0.750754327271938,0.0340835859477246,0.846683234116913,0.158963644892729,0.678005711221607,0.0318882051163106,0.828926250894176,0.000425237780454396,0.0520647014999679,0.6794451202652,0.000385751389260872,0.887545782332377,0.0854505610311021,1.59015095612031
f86b423eff2ad558bade433643cb74e3,8,0.142723533765666,0.862879905640591,0.0533345761519227,0.989815277790185,0.872892194509229,0.335466992867997,0.129724085139548,0.0683496433626313,0.0408166535705264,0.674008880501719,0.00040642578205195,0.016543824443349,0.824084156193267,0.00110484558336206,0.848433905427145,0.108546531053192,1.64058603863345
086c355d8578864c9d734d9704770f27,8,0.181510694413403,0.75173310046327,0.401904560850149,0.947566888029858,0.392680136237194,0.735019997497947,0.174407131549621,0.725420216939155,0.0438744638156549,0.719479466674174,0.000330244594159376,0.0449279778635988,0.680543579068101,0.000678122268001837,0.730895334175813,0.0939332045552295,0.468023123534469
1ec456674c2cd7be580b5b5471bcc03a,8,0.246024043588845,0.602197745296136,0.725770380657084,0.945363520566521,0.224526725147306,0.825012151525768,0.173088526922625,1.10173714901348,0.0358452617455938,0.835708896272948,0.00038259108704169,0.0536284257812073,0.671624078860923,0.000635200970651344,0.997894296101785,0.0821672011204536,1.40787544394511
e2b377d3da3129ac9d8f8964aa08d838,8,0.131054067193261,0.471107293378789,0.511958254448631,0.882368396900642,0.907040389953113,0.560432138621383,0.0595067658080159,1.47501777081683,0.0317263401003728,0.829234833929068,0.00030545464118291,0.0151409652417842,0.765725613571986,0.000870675954929222,0.872922091168432,0.0987859923370293,0.691329123170658
73df26a131b64fecdf0a396ccb3cf66a,8,0.120516840887015,0.697273297770706,0.91815008805397,0.798412098246027,0.413841076303643,0.26250257440269,0.13994500232888,1.73312794441513,0.0452834986774647,0.802023448576741,0.000486541125884559,0.0192107657652083,0.839951349756214,0.000584983650122351,0.634595425436282,0.0732937093835389,0.787618459918537
fa39fb2dcf4fb320964f57a0b41e391e,8,0.238875227602402,0.788180212053078,0.594937700681296,0.571138946738895,0.0192431064940106,0.853510446758513,0.148912517417224,0.753533049361169,0.0311730412738733,0.748767561158161,0.000404352146698518,0.0330706927636241,0.89047930631151,0.000493184088401344,0.92037402728662,0.0964745101922849,0.638904509950663
2d816735d60631e1a5356950ab67b66d,8,0.213612935109371,0.925429320695741,0.986275705716672,0.469174547780935,0.290927867085779,0.475650893999125,0.156234792628315,0.75357326473772,0.0255080323032411,0.709178375541973,0.000381350792368215,0.0652015835365964,0.858687250203731,0.000392863632454003,0.898512078892552,0.0741670497987718,0.964884651364106
356e5964de96364c03055508fa5b3f00,8,0.178256552256301,0.839997466997056,0.0297599509666222,0.640597993123913,0.739075863448619,0.27171888814482,0.105099346396749,1.54343795276375,0.041043176061455,0.707919838985973,0.000476574688567482,0.0248479684914089,0.950030945065322,0.000280118418096742,0.681700243879795,0.0864605799887424,1.5299453706309
4ddb2c9593501e006f6702ddeaf817e6,8,0.190343553680656,0.5106750053706,0.580747223333387,0.477078409345824,0.339280273941643,0.961996756338077,0.152552168135088,1.04111454215921,0.0452033973385266,0.76953933675696,0.000339906437376687,0.034449549062442,0.782553682795905,0.00103662843349178,0.752215272713206,0.108033641980403,0.938055414183318
63aa57e787f8f1a578453c6337b9c398,8,0.150578982259467,0.453602168715393,0.985611788161195,0.547922171047796,0.862720830095453,0.718113867517818,0.108019454908116,1.57568193042465,0.0333885512108101,0.719265720509181,0.000337718096772651,0.025954459198334,0.621107263469656,0.000550991271708992,0.732557062844864,0.080113214589725,0.912084103426313
53a0bbe5e930842a1936bd6be1858b0a,8,0.130606685539389,0.516937083290304,0.20905350759824,0.695041818705778,0.69551401267525,0.784429988157103,0.157897445005247,0.217563453762383,0.0282756605484709,0.770113016490192,0.000286581798109815,0.0538859614776363,0.76377325198209,0.000385507425977122,0.884117410478367,0.0969717959786103,0.800691919907615
7b381bb9725963a3a289fd01d7269112,8,0.23349597400843,0.914176829538323,0.836656632893719,0.924486052081116,0.530457112344242,0.348802046502106,0.114209597412839,1.88270080214121,0.0391642274592195,0.770242012297629,0.000471888911236921,0.0182792354405388,0.704459104500521,0.000889218568220805,0.868806438578483,0.0935606628141464,1.29319706590979
7b3f28c93b86b4633540229cf51edd6a,8,0.246992942664685,0.831503385626446,0.0731114566296524,0.418069506426023,0.803104858475785,0.507826199677635,0.0898176216528751,1.02087679394125,0.0332845303573774,0.738958435631019,0.000421699381402499,0.0289130777195525,0.821382760231329,0.00081455223193897,0.634761056475952,0.100769933705332,0.649895698161407
1af9e5bf5238d1153a38054e603b44cf,8,0.182657306284891,0.826682748135403,0.489236146291488,0.0804851378078627,0.793860326799571,0.715388439475227,0.158038018560901,0.837670195071071,0.0352069533621624,0.72104258677388,0.000382142624541218,0.0412805197165788,0.736404235863225,0.000918493092106622,0.829904049211231,0.0812971277529785,0.900277713897025
1eecac3336bab7c48fcce2d776755ea7,8,0.2217538004906,0.769082933546652,0.615550343338708,0.36166490565994,0.657381703328899,0.43059503823394,0.165340658509864,0.613113805430241,0.0342889055953976,0.795007540559437,0.000459434546420857,0.0314980878844518,0.914998310779398,0.000436747667610368,0.905670140920364,0.0837149762532322,0.749727854371135
fffb6605b7691ef152a6ac124bc4c8ff,8,0.180215793188817,0.812363379717462,0.879526275779216,0.254230826943959,0.565163528309409,0.473211338515319,0.173200259824559,0.414097677669373,0.0454921075897502,0.800143430562324,0.000322209671820165,0.0574355137629768,0.897163921403623,0.000249163058685649,0.62978747352684,0.10443401483311,0.585103442782358
3f2e8690a6f3168c9d8a1f543a9f82d4,8,0.230221877527769,0.53924269550973,0.86759497131298,0.98731627446702,0.333178512535609,0.776453198486497,0.0600416362725826,1.34052860986739,0.0450932074883116,0.821406053182145,0.000279081338258957,0.0580441181270381,0.904053229857258,0.000150774114753172,0.899473050779077,0.0864518033526847,0.762339149134739
49047a8a6c3974c2f043a97c798f88ad,8,0.146546993011144,0.754708254827206,0.626790430556764,0.772309010963329,0.659326052494665,0.574937360712348,0.129403632516546,1.67589180425593,0.0410424054640236,0.633294198451648,0.000413610984905733,0.0220300296390357,0.679949381634913,0.000715218096827251,0.754518384381967,0.0834977172803328,1.10220140223261
09bf5e3d2a7348d2ae7438e6f2da568e,8,0.191895544725256,0.647904702767906,0.604494792770659,0.827532318073602,0.450509064861673,0.601948877004233,0.120363314867537,0.299501974176453,0.0369181384002078,0.726459819844326,0.000418518433690088,0.0161620866166712,0.83982969399983,0.00106003251096663,0.848288377061831,0.0979638020961096,0.771771150468482
76391ffd1c6f7511df6e59f6b31600e2,8,0.163816695054443,0.631378431492476,0.454836512476254,0.00282205916934319,0.825992228010967,0.799280019448367,0.0741760634175446,1.84238049526525,0.0445321264921504,0.649374125856536,0.000334700147495802,0.0362562790422214,0.818735429071713,0.000813089984676576,0.847913818617833,0.0715205034416818,1.0885628804937
083863e54ba7f547f492fc69e5f29169,8,0.197161024115923,0.872394991833031,0.721315587441341,0.975858436707126,0.853831572268168,0.531224438362561,0.145566606293094,0.875670609751408,0.0267303125067213,0.68647699179162,0.000371432619474491,0.0494632711187482,0.711036581675591,0.000952619376866839,0.854606655767567,0.0750995169338362,1.3204500424222
e31f735aed69bb992fac07e120d8cbe4,8,0.219614065864427,0.467529924221651,0.416028211428065,0.164844785101047,0.141723213040335,0.578608319231203,0.0772835326155864,1.2688026793372,0.0305671939145329,0.654555250708162,0.000404231028859444,0.0224068922351371,0.813406570717957,0.000384992250745505,0.791236515638461,0.080755064378557,0.225941304206899
d1612cf1df32c4638995cfd7c3b9a8f9,8,0.163475847845632,0.695475294304386,0.774694774736435,0.282180781401848,0.935524959845489,0.597441752513337,0.176159233071068,1.12839493596433,0.026887306300805,0.651173668160691,0.000295814875135655,0.043340031762086,0.534316646540626,0.000517983409423811,0.877057050709613,0.0935161504693026,0.818346770371389
6b7dce2abfe4ccce2ddbb56ac6a35914,8,0.170452577330903,0.642966886476453,0.233689467164975,0.826938682562066,0.973122341021235,0.684846051623816,0.163276903053785,1.36264491622514,0.0422979488053113,0.749406330383846,0.000405419965925812,0.0206915377078282,0.836067518387105,0.000692709300330121,0.71873654160427,0.103782979140736,0.569508781138462
6025bceb3d77451b27a7e9fbc74b675b,8,0.212805424833316,0.615469475602759,0.580942802834616,0.300955509828362,0.723224642870448,0.735816841526543,0.0306630303295974,1.8802715864292,0.0282286909939001,0.765482726960322,0.000331572607982652,0.0286555292236837,0.995030362133365,0.000829950864833776,0.755952068652114,0.096159010679276,0.753905363303311
eb7c4c25f071dc50095a9245059c72f8,8,0.161056984369395,0.462152440533795,0.246654407367665,0.0921628505137393,0.6032000090226,0.62826545087948,0.154889678633445,1.25799865238869,0.0392182962485504,0.7365597390891,0.000448258148931944,0.00977307387503279,0.511275303207309,0.000698608801740352,0.696348483336805,0.101284260854834,0.935900156701524
aa7a6e5a1b0abfd2022d7e4ffcfe7191,8,0.136577345053237,0.480370256784495,0.37286070843157,0.603289269521757,0.760066692494729,0.915714301876142,0.114881247267642,1.06584634402758,0.0455741190556999,0.638085176693549,0.000254880364783236,0.047680887751589,0.764872953985859,0.000552391380656645,0.794353171222293,0.0907668443251388,0.547011862312194
dacbbee66b49eedb2814d4fc9b8f6c8c,8,0.17259042873063,0.710636699299269,0.595234007955587,0.070495511919914,0.951478095387403,0.359206873350936,0.0945987064006194,1.46563424903084,0.0265899599752392,0.700910812440831,0.000374668359562049,0.0252021307226285,0.96902426063089,0.000702266527528448,0.88870621763137,0.0896537168509706,0.972288890298289
2eb3d70813d00bb68631f7667f55a3eb,8,0.161067590013576,0.629951905204571,0.815964879807006,0.0959528348803595,0.182207296696827,0.931064053113712,0.160022695558149,0.707739151957109,0.0336981483096529,0.606127106104002,0.000341465672943788,0.055487612677161,0.719083355571665,0.000214286360195322,0.818531364174967,0.0829183351479646,1.04751759331872
5c4ad86f22f0279c48efc8fa86bcd263,8,0.154947758839363,0.465855168174672,0.0551424203520839,0.707078182701114,0.597193144253346,0.929398150404486,0.148132195259841,1.68223223362866,0.0455661789540071,0.84112408311857,0.00028908121000677,0.0312369181064758,0.52509683120727,0.000686460122123501,0.957772833342815,0.106783204554874,1.07479960141373
ce7e661f8fa7deb90c4b5201a6131d09,8,0.137961778147839,0.590399152775999,0.735428640168513,0.561407826017633,0.233241002812865,0.640093058919708,0.0912292668972685,1.33712518129668,0.036268757292685,0.792453413682725,0.000378871802945681,0.0285186316326407,0.649536488310261,0.000695662383326214,0.702029208885846,0.0697151379114143,0.760603949985563
372f28125d6be4ca343d8cfb83526dfb,8,0.11420369519148,0.521513478769212,0.292511978747909,0.643471810058091,0.0415630138751208,0.550111381846704,0.0650085042760953,1.63144995121637,0.0446603254793122,0.778267376986495,0.000306269728787413,0.0198529268543583,0.869890064310939,0.000227682148810404,0.818124046260475,0.0916670551958528,0.469364011130285
e626b30dca1702b1d585c3cfff3a0024,8,0.133032308393678,0.424944249066949,0.409455741317754,0.993448635646611,0.850377953518696,0.336899897465768,0.143372448481077,1.52055922049878,0.0403205087926625,0.695730858397947,0.000436073596048507,0.00892185030343617,0.666810853514057,0.000282610779146739,0.746469764426728,0.0720657945369141,0.292951665040153
e6b049a6c7119197edf8ed0fec28f7a4,8,0.247412469127237,0.729209143890756,0.674424431885897,0.116154275717101,0.546302726812034,0.818466434248727,0.0885233058944076,0.379679018870643,0.0333446730839189,0.824855610731726,0.000438036581605819,0.0322728679472246,0.822279962870953,0.000804482333091807,0.901496539072173,0.0869125707630533,1.65885510124505
a8dde0acccd9551308b3db081855c3b3,8,0.160769260431114,0.620345726579352,0.783602025884936,0.771321107045086,0.432103168646384,0.843209689591877,0.105395681355991,1.34858645522122,0.0424000994892194,0.737367586058172,0.000279575104755295,0.0452988480183646,0.97903429307159,0.00112355787815883,0.922259977172455,0.0939331255823066,0.867320426343667
0ce485c9b9abb1d868776bd5243748a0,8,0.198553467624986,0.802128136636107,0.399974920140299,0.325210322540079,0.923045220406099,0.546550050957232,0.154816617858314,1.58354102421676,0.0288913946353147,0.811204966043815,0.000380240043302745,0.0302583632840386,0.607884480476002,0.000411568251970161,0.907418439616094,0.0972771305606621,0.791396657755608
5e800836af9ee39adb432d331559b56f,8,0.151068151313395,0.764300056803757,0.937137670626347,0.655839033690709,0.467364187034426,0.721022788276795,0.14221079627009,0.933666788205491,0.0384566330656123,0.604232386219622,0.000314911698137961,0.0342659354920877,0.81075581393136,0.000244495806752775,0.799707373589689,0.105403745140003,1.53905181608147
a3ebf73a879511a4fd7c99ba6d566418,8,0.19553604116294,0.621045100040804,0.148289413149143,0.874355018060408,0.528838591753498,0.979116155018445,0.104410385057139,1.1324199720016,0.0443183261410752,0.832962752283381,0.000303280934478883,0.0501781592564881,0.762256263707845,0.000399776192419048,0.834560767446687,0.0989956735721473,1.02284694157992
2644cf38ca926251323e84956d6402c7,8,0.226271484964184,0.739030350572088,0.952018384563408,0.614099573831139,0.528298433118873,0.814638449030553,0.143981000753781,1.18521494430041,0.0267161214048604,0.735128145196149,0.000371521049732882,0.056379271513566,0.936681072021953,0.00028022973618022,0.858160535957873,0.0857055304687032,1.17789163192492
dc3809e9b3e576201cc2af003f8a332f,8,0.12943777742135,0.502055653400729,0.51618658909028,0.216854175092132,0.572413817680105,0.679251258310842,0.136985664171964,1.28151854065406,0.0382920566977826,0.708911960373294,0.000238462562537765,0.035832102584038,0.86728016771789,0.000642095186078055,0.963361588297903,0.0929275116938326,0.264144978450059
d0b9de20419c68ccfbc5946b306b681e,8,0.155250090722809,0.716797458600317,0.504704868307163,0.884726068774625,0.295946486241181,0.328623249264738,0.0647480170664149,1.16121823059115,0.0271269379198286,0.788342079458534,0.000445802525453026,0.0165257319226117,0.848004594965206,0.000977298660642759,0.735823647088285,0.0722723480423177,0.916058603636908
e638062f68beff30253e49c9e5e7b48f,8,0.158403942715112,0.371220072343548,0.352863004331354,0.625139388998899,0.718785607550886,0.932878132212595,0.133775710433806,0.240334474270878,0.0328073536332271,0.779940744029565,0.00025422893957613,0.0371765204772146,0.613609911928177,0.000721711789687258,0.817680678410892,0.11083410574433,0.43934357676648
fb82e43b267e28b2dba6eb4dfe5bb631,8,0.197830337735503,0.670188488740631,0.712126478240911,0.684519111388894,0.572475120218039,0.73651157073683,0.127158825443157,1.23149860447939,0.0317097795137228,0.675220112885098,0.000408031603206336,0.0217336842659744,0.857406861220276,0.001055778920399,0.717462099545761,0.106027790898126,1.46320924752993
fec43bcf780bd60ccbf61f59fc07bcff,8,0.153048825513337,0.531339206872865,0.462652864441505,0.281066816528807,0.444933189850503,0.666769222606612,0.102415887718251,1.42871837230013,0.0266462954854881,0.704188460532789,0.000326943814711388,0.0357584103697041,0.709539338089758,0.000426090354605509,0.8603813739696,0.0703691067345574,0.484802529769772
9a6e984b2080548eb5a1f9b2503c309e,8,0.241648043347434,0.781999637451191,0.0908451904232532,0.216764419174698,0.761082936089284,0.783992688730392,0.0578131732088157,1.24074427207932,0.0383317987175143,0.819850411791451,0.000344851799149019,0.0522716295384149,0.947430276653608,0.000289556562701891,0.644794712568553,0.0924019990683641,0.331539376679002
ba0f130424eecb08bd649da5f11f891d,8,0.225596417829386,0.976740238433154,0.849835596459349,0.598014467218035,0.844086985219345,0.647220677648267,0.157277784058291,1.88393793650366,0.0439893719502289,0.705078304145453,0.000288884738960296,0.0380242445241135,0.606379106904183,0.000205670222965483,0.947916468536064,0.110614673784398,0.673207639937859
ee71dbbde8fe7dba4630e3af9df0fc0f,8,0.178918151882549,0.706921401120498,0.567261481715404,0.543734976243611,0.231172643040122,0.475718856282443,0.0583664378575217,1.49409583845312,0.0434741110499814,0.796268242184425,0.000396352884288892,0.0173749701469942,0.867071449005375,0.000533752891064259,0.839808081214863,0.0953974756361694,0.67523943804568
49e2c149ec6daf0cba5ce632be0b5b1a,8,0.237444077007266,0.866024210549931,0.153994399250009,0.602421209454889,0.36283883363671,0.272640727231138,0.152905113557009,0.400234974571916,0.0429928287765974,0.793505262760848,0.000485071075842192,0.0302967364014408,0.830593224075663,0.00100760989575865,0.7756668370153,0.0705131389762155,0.372216358989164
7b3eb5b4fa648b394f2551e997f54b3b,8,0.215097528952039,0.877667456844961,0.631611467420726,0.39800283882767,0.82192441356454,0.409217238332445,0.100295770417475,1.31817366957172,0.0364476611485853,0.606285102709756,0.000488293146187881,0.0225113899858619,0.842646840315277,0.000294980487741968,0.801458480142594,0.0864558942967794,1.62149002903356
6386d26b29a717a65e472db25bade8a8,8,0.174141208414895,0.850810724426234,0.550589285904203,0.495822573502305,0.472931468082208,0.706963542676799,0.141019365001264,0.380913884936614,0.0451957089542124,0.675827246581736,0.00037666557847701,0.0287359384810391,0.942831349662186,0.000566027974558946,0.959201469888438,0.099221985705507,0.823508299152764
8cebda0ecae70a7068753555c4349a9c,8,0.11955637659251,0.501083352326531,0.385394372586264,0.701740136069934,0.447837684008204,0.451302171188067,0.160163396926696,0.617926451085786,0.027429657345036,0.739092816800484,0.000335234964170807,0.0416056974730556,0.866670265416635,0.00103401974272572,0.870212777782396,0.0773151092532234,0.895902207834305
9d231346e7831187c16542fdbb58c324,8,0.143740798376374,0.435235079813579,0.0342277229466709,0.815053844058164,0.950153588729222,0.976713485506972,0.109433161816292,0.585005359271189,0.0332101847669713,0.72346849183323,0.000324485999978177,0.0292586905471876,0.819199154747443,0.000493284231678332,0.708474337668717,0.100537194829299,1.05526153109499
378b34714c811fd352eb5015e847edb3,8,0.107754869205093,0.52518520008557,0.363380302841097,0.970782645596157,0.812858543846832,0.930579325876844,0.0970363925783217,0.833758709014417,0.0362285695181382,0.722348040531151,0.000252916944419891,0.0500792233527084,0.796731276772997,0.000368079448826622,0.710948819905072,0.0875838535455636,0.504798033023192
db4b514b335d2558e0898cb2abd82f77,8,0.22269431322526,0.643030963543842,0.584573514892254,0.589156999512,0.961266545009703,0.456475221874124,0.0824555182813428,1.27603808701068,0.0421069121581933,0.749945897396721,0.000395758849994168,0.0340760494665148,0.970224421207629,0.000870258645604124,0.807408236867745,0.0815707704242533,1.33524839587631
57f6540c289c6ea3def2d1f52db2ac10,8,0.14315422027519,0.401219942357773,0.335180559019226,0.269510406563932,0.818907605469867,0.535106123550018,0.162402026098385,1.53858339826862,0.0439521910455605,0.713825181723056,0.000367552689878976,0.0279543042125526,0.930961095649262,0.000918407679853129,0.858594981495604,0.0886904036783939,1.00973453141713
48a58a30291377143f9fb4172eb8e53d,8,0.125128822050614,0.559637843391946,0.0725221096751835,0.523403425103803,0.656284879909705,0.397822529320762,0.0838554934052618,0.44752800389646,0.0287147128349695,0.663435478536442,0.000415358144915087,0.00741255234410304,0.928100123370138,0.0010906130213669,0.720598090389057,0.0954729667821475,1.01378023159485
db6cb46de3424a2e99f1b01d29c04175,8,0.121585336955967,0.353896515305112,0.299775302295097,0.188649462206556,0.192429315303692,0.823268750117907,0.12976741526482,0.543905622305706,0.036943690133115,0.745046231768591,0.000272219528621643,0.0491299852896839,0.636329187645726,0.000321368615583079,0.675787574821435,0.0848225476337436,0.43665353380548
5965a8ef88461d6f553fd9df4463db56,8,0.188819348079669,0.626181442056349,0.999454346637478,0.526419813354253,0.478651735105069,0.235873974366695,0.0974934486391471,0.217497752021132,0.0429197499718716,0.813831472767514,0.000415998664962177,0.0182688594448405,0.776322421391053,0.000482024507254049,0.822239745804949,0.0793524248606422,0.499185792780094
d4d1a751ba58864e6683fa88024687b1,8,0.142445496239733,0.501439505946054,0.97316559582168,0.785148984289108,0.217207232024144,0.447854946663637,0.169025366554555,1.57706350618076,0.0314666878593916,0.834356112535889,0.000475255789538898,0.0169352472211016,0.986110970826546,0.00098786190166603,0.63929505184238,0.0786255476055499,0.623002624711837
2c30fbd15d4f1e9f546d694d2d167d98,8,0.127806706921641,0.318596488048432,0.505105236598414,0.394432227347193,0.229571397032585,0.645189103711403,0.128560235314143,1.7360878824466,0.0400148097819745,0.75329884584248,0.000292269664916272,0.00225912095782516,0.675623622257485,0.00110286522957083,0.984466176075347,0.109154964526426,0.264850927383728
3c742100feccb6e8a21c084bf2011d5b,8,0.228814416066703,0.654293979598254,0.751813408348107,0.0279221391366959,0.566851590248749,0.585277669253728,0.0234676729793776,1.85962308721615,0.0385754858537472,0.650801698561674,0.00034457583176689,0.0256891953884145,0.937130876758774,0.00092994898816746,0.918576536626948,0.0893886994035835,1.34434840326773
73b168fd55d562905e067ee5470c9336,8,0.138392573561211,0.53628722757256,0.740102227424042,0.475172525760495,0.822454606960579,0.957168635807148,0.106656461343817,1.84312401101712,0.0283618046326615,0.849305520105408,0.000289847215370548,0.0639405138095083,0.715474649324148,0.000637403107622155,0.62010548197902,0.0718238338408177,0.489732145200152
6ab5ae03bd3d0ebdc8bce8ab85fe40e0,8,0.210012163113084,0.48948665025903,0.89730091400614,0.00250046101948315,0.405556703282585,0.706365971651331,0.0955499359522008,1.5911185301674,0.0421052643171759,0.61897882785203,0.000372625893545221,0.032526286183943,0.734498679552599,0.0004896030057366,0.989339310670328,0.0730842185555116,1.12498072790768
af6abe6bdc96f933189bed3541bb4df1,8,0.239541152978606,0.588169442607699,0.726935838212598,0.833095222084153,0.455423251804536,0.920037519477882,0.125716380157248,0.87059059980733,0.0328398553416701,0.738465973020981,0.00035141349737375,0.0663829757714116,0.978383111998235,0.000418152327658795,0.744619011388328,0.0939070822278453,1.35506910435012
04c4163a1c76a28ff69a3d1f5ba25195,8,0.130307390183681,0.266151069401981,0.148436616054301,0.389645757073269,0.822898197655501,0.978113365854346,0.116634312228928,1.42828357284811,0.0439931407112429,0.6397539398934,0.000293227678049746,0.0383243065351808,0.773682193946546,0.000255510577650362,0.807687856254798,0.0757270014040622,0.651696994155501
4340e3f7abcdbaad5b843fa7dd6b214e,8,0.245514879945164,0.597506953192111,0.0540513889933594,0.324196483835677,0.424336037775621,0.685067593455434,0.101842594419322,0.279255997810492,0.0415858440370837,0.75912383887901,0.000393260089330414,0.0479478005610143,0.908033552168231,0.000399534159316022,0.950714358363015,0.0809509833794977,1.31077225972157
1a7b6ef9d59a01143bd967cf8cdb7c8f,8,0.135636352146412,0.537059979462117,0.949448869746171,0.949803827222512,0.178400280689975,0.6928981892353,0.109207956489061,0.651005849764369,0.0284052961672138,0.849326299459593,0.000308678214142424,0.0509718314833034,0.918270385651648,0.000644170499540964,0.847549772904708,0.0707237765277205,0.474381520688674
99566903ab1a1475ae2d8816e7de48e1,8,0.104970399633309,0.436851358542472,0.024610526762348,0.124112205355315,0.688501343901786,0.548207036936091,0.0596952084317723,1.20305858025332,0.0291913525601652,0.640105372902446,0.000286917451087581,0.0242948635224934,0.837874305477861,0.000943912917186572,0.688542503130264,0.0735631809773066,0.555069726962213
779c2817c58f8e068ceac2189495fab1,8,0.246994666842652,0.615498661891007,0.844502097476301,0.478057461986917,0.500460673130206,0.766025848100232,0.121813805345251,1.88113177159414,0.0380750826910914,0.752387651774852,0.000288771758864628,0.0572895800029132,0.678479237318767,0.000459132948322606,0.754459944752447,0.096295142991878,0.595870285946903
05bbfebf09d806171510fd8ede205cbb,8,0.188763195593905,0.674400058542749,0.765228776373688,0.735586399817959,0.346060827950115,0.305493224350949,0.122774318413143,1.52647281503983,0.0300091525678395,0.729015012210045,0.00044755715151838,0.0124826987920808,0.807811025223699,0.00108612177533742,0.693252908310656,0.105594463268156,1.47482906663195
a139098f681026ef074507612d702c67,8,0.11330677271403,0.579356010647594,0.955973845211933,0.0857011081296813,0.353942426487184,0.510936948121033,0.138938159075805,0.426698401808626,0.0284057830764167,0.789848081685996,0.000360274632441759,0.0316518457035265,0.80169695838705,0.000877286845605351,0.823837948133652,0.0726748952155658,0.661977057781108
7f9467f206c64ff8a102ccfe3121d50a,8,0.143939460512036,0.354525081408684,0.124932135091958,0.928579747689535,0.902123595296854,0.998675135964207,0.156140143183881,1.24416658066176,0.0343428848785724,0.782688101131802,0.000248963870671789,0.0320515396909313,0.503644327828424,0.00100647872969122,0.85874533408826,0.102003891598052,0.488251981532517
5f7f101e89f8fa536b44e38dfd8eccb6,8,0.243236103041572,0.640670086530117,0.347960392608605,0.906831785918878,0.607821708761245,0.652891199201258,0.0820212052013516,1.17097743690019,0.0325802246066529,0.645448066285398,0.000373833030106107,0.0462589432553674,0.801459042187173,0.000273977092885199,0.699824337468206,0.082148601678434,1.3747226327579
3b1d0a7cf6d378f1222d0c47c1be73a3,8,0.196028588959895,0.519131162450135,0.499991586130756,0.997805563777065,0.00509554068939694,0.711239150497012,0.0132862772785703,0.175052727387141,0.0330032118493123,0.798761782934247,0.000362380503217899,0.0246080829558718,0.991335534657442,0.000181174087146569,0.767411249126166,0.0908817563837007,0.825283071138332
0a704f954a7c9900c52d5e7b4eaddb99,8,0.247661359603096,0.848450565247201,0.05604847234417,0.936772730333477,0.868650275030745,0.578623737083528,0.10437616579329,0.324564394844494,0.0449514129409155,0.743482885878899,0.0003886471570112,0.0433491540467839,0.769042690124152,0.000488531465337554,0.709935810511007,0.0942254382345838,0.840239773447215
874cb101e3fb8a3c47576e33c17c9088,8,0.143903401787091,0.477540557102869,0.494088154922099,0.0236533010766246,0.0337922826920711,0.730459474360968,0.168373717397344,0.258833844442184,0.0454234821780189,0.601746315678739,0.000356720819641081,0.0504571664830229,0.535118235631967,0.000200923157938874,0.693783269956345,0.0727996315178295,0.985079739449257
d7ed7358f4e574c535b3ca55dcd265b0,8,0.180037695565183,0.510538113900263,0.707679806725629,0.372820274000405,0.477563420841607,0.514227995731869,0.038915695366366,1.62967444533177,0.0284169637269668,0.804744048667631,0.000405185575693415,0.0176393631208571,0.913552747988175,0.00105891056735042,0.811712556916553,0.0714777328175437,0.777826601683311
f48a989e367a574be1125ff5b580b0e9,8,0.171256805726459,0.529372806434417,0.0394443040969097,0.216292557404479,0.963127932772075,0.527047566094498,0.128020736537818,1.05127640737634,0.0307802897072299,0.846460282491068,0.000316006816232796,0.0436768983965044,0.933413448324772,0.00044359189783463,0.765489120040911,0.0835378491164301,0.222382934439972
95f864ce0f69d76e837e2020b3e924d1,8,0.180122527990643,0.505661785871149,0.791143503950666,0.906620599879534,0.645245501077529,0.744571159999759,0.026556197816436,1.55970971801364,0.0373221463913189,0.766842996694365,0.000267108785419591,0.0458385783222157,0.905559589789381,0.00033057343791153,0.628855027455733,0.0885812222824645,0.801840517204724
a3af14bcd269646487c163a6cc3d2f4a,8,0.108296761190372,0.624843977340763,0.589384746833752,0.586742063014929,0.147952161453705,0.66254979203975,0.163264223440496,0.947193657817259,0.0267127166282625,0.829646840880874,0.00021300162926217,0.0472848774225365,0.6428200639087,0.00106537480708195,0.90281540888521,0.0886822263145922,0.221314262958432
a61fcc3cdcee681b8cfe658d14b95633,8,0.148450237993535,0.540243735149561,0.849966639263097,0.208479101444365,0.101048402728133,0.902348018583177,0.168194050447405,0.851329169980632,0.0265230324226805,0.679016479823519,0.000301581915871429,0.0545043621452547,0.633139770324873,0.000383228250398876,0.732191889560522,0.0805315294859872,0.383551442155582
6bf6eca2071be43e6e4ef1559c6742da,8,0.242460954398753,0.695279529503099,0.183551487288736,0.046421862578427,0.233098811571853,0.815070226037933,0.110883687278462,1.25095257765763,0.0465080633051954,0.7944368575775,0.000452553451911572,0.0294817292142229,0.723508891509384,0.00104735411656959,0.738864231663602,0.0888859485376845,1.34139596927188
7ac5b2a6ad7b83b69c10e1173cb199f6,8,0.171211110601059,0.677748619608741,0.0493337553363766,0.409261836390001,0.118912776381425,0.805246978335668,0.117426739475661,0.752306152068714,0.0450171236323205,0.690736929400604,0.000326228195698607,0.0494079114311964,0.940210117409262,0.00110365228685149,0.666419201955657,0.0897764043423995,0.611022279370831
8b441ba7fdf591c22c40b57b47243b07,8,0.238988949905423,0.622103138462814,0.148897781152268,0.557028435427192,0.76169535225473,0.837626684209837,0.120431056502512,1.85200460543136,0.0355133297217603,0.812925612350711,0.000402662417065817,0.0318555239559493,0.7675240151515,0.000390165725512309,0.746545588155972,0.0928060323302412,0.333669385742578
a9fe752a085bb7b18d6a1b9c82b62d6c,8,0.229082010043817,0.915953865523397,0.212244235000279,0.981577386615407,0.504942049665654,0.453384128922693,0.0891702806651269,1.18105977172597,0.0293495651828916,0.625190637605269,0.000386728994791927,0.0278051975989355,0.779371508099964,0.000435277711475127,0.89168186245918,0.0914595926482438,0.678944184027028
5ca5c34a758059f96957eb79bd3bf5f8,8,0.187835539814668,0.420155767111967,0.16783982131952,0.218064334855521,0.958336921639138,0.482833948141436,0.121130641205195,0.426342638819942,0.0269308642673826,0.71140882159005,0.000402529220135576,0.0262200093890556,0.680065498981019,0.000341257076122921,0.937303435046721,0.0705582285915635,0.738495595314644
430ed5d10732cbbae9c34ad444c1a90b,8,0.126357419709016,0.524217687093737,0.402326965033203,0.94359112961805,0.183588368737409,0.853521773889047,0.12572964457077,0.625447088316583,0.0418536839966341,0.613344489739243,0.000315181421021559,0.0388185138989446,0.876016496115192,0.000916465636105911,0.850475159225965,0.0825332340223835,0.913220594548691
e430da1c66bd1b056be510cbe1b6df54,8,0.194499647454577,0.867958954753424,0.490344001893998,0.348602140895502,0.44689784190573,0.321446331870307,0.13591424656319,0.540970996270809,0.0441976865561771,0.777209971762272,0.000450052401059052,0.0299555896541054,0.674107254483093,0.000175123364059085,0.731736990260577,0.0857585739241078,0.774198033783599
76208596323913acb5b7c25cb85e1d49,8,0.239981600298813,0.807102328612097,0.416321001806954,0.00854419622214181,0.074314118669786,0.564432020757571,0.171570391944781,0.329093484012182,0.0381185575478701,0.785291111454772,0.000428846473871015,0.0215208226483878,0.598026846276094,0.0005507372485939,0.903501318151197,0.0918030249941583,0.307583830559781
25144e21d248e30378fe1276e57e43dc,8,0.118514353114239,0.579618421089423,0.742470066002776,0.571015954486896,0.296811611801403,0.803157663115141,0.167445089716349,1.41036138008692,0.026598397311258,0.690876864224209,0.000388681878192156,0.0192553484920747,0.559051529261131,0.000785793743588247,0.84519882656774,0.0913300481615499,1.31994744091218
f816a3e06434865397c1afda798e952e,8,0.232715958178293,0.704016738239415,0.477408729294822,0.274888553997153,0.272045755831538,0.684037734925924,0.166832479126541,1.66089367697645,0.0286318991848638,0.660289376826567,0.000511819349947264,0.0221613673148546,0.964055275199411,0.00079034392121705,0.76700289310818,0.10593860691206,1.7891885431276
ff4eb0b7a1e8cc3f5d4fe017f568405c,8,0.170702530185897,0.824318077652889,0.94556045498199,0.628283098360921,0.472383024466981,0.21588301310187,0.113348887274137,0.632759338532955,0.0342559693646709,0.692884489763344,0.000401869543190515,0.0177127537921852,0.929683083326467,0.000326667960241805,0.787752400851781,0.0846124271582218,0.374499143319738
db7ac1074ba4859247b3612c74d18da9,8,0.134578640760489,0.250739822622324,0.311813928047572,0.75768456442547,0.846212395233537,0.535782973694352,0.0576800519212419,1.54310572870772,0.0343018951206313,0.799617654896934,0.000353304541295624,0.00512307069530569,0.883716506402788,0.000710016105834712,0.748876952762644,0.0906798821932326,0.31891598958329
88f4cb69c7d53c9ef9b3344a917d3034,8,0.171153070052252,0.586953979784477,0.636236112493874,0.853198317714234,0.264878817539464,0.636690461467609,0.0903311841630472,0.69413376734389,0.0395509982555668,0.727517251556475,0.000380083319572243,0.0262368090388214,0.867538789543025,0.000141640081534019,0.737781110817744,0.101344491032355,1.26483052261054
50527c744581f12ae4d2db5c7acc3d4f,8,0.220466168950104,0.603992538474269,0.316908056769599,0.374418565100264,0.622364935499465,0.574908796905448,0.159724686667262,0.913367703440067,0.0319387096725047,0.716678558460219,0.000356618786103544,0.0470045122808817,0.969103015770841,0.000969861169612652,0.990299546213077,0.0889462253472337,0.954685309628454
b24d553ad83d66b1ab0432f70b8bf4db,8,0.129144810268393,0.278076416557949,0.527264020334525,0.833030596660375,0.863179122416203,0.833403230849448,0.037540035507278,1.0340936166549,0.0395408077780916,0.740243299150825,0.00025620427310796,0.0202727827451278,0.82411072399934,0.00109414019621584,0.837235139384691,0.078455926962636,0.234326802987704
ec1a72780741de39b243f76f3a7958cf,8,0.187033415452435,0.549388059794173,0.669087011960475,0.873500325242383,0.292985634345712,0.460726054059298,0.0212198459579741,0.181222097247981,0.0385627003003584,0.601614530428226,0.00034394741604891,0.0263493268196593,0.942124056128126,0.000211045645355134,0.930238405122151,0.078665084005683,1.03247532818424
faf37a2bbfc2d9c092516e13242117ac,8,0.156324963977636,0.729967408817053,0.973077926250425,0.0391765497908893,0.239363871692981,0.704858354187966,0.163449557994068,1.79133376222825,0.0379051977954891,0.790194420698754,0.00030477490388404,0.0443069469512598,0.656458207688491,0.000541810432108116,0.956181503438003,0.0849939819298765,0.734828982510222
f58ee9a4233fba55fd41f62b516130a0,8,0.214673883059105,0.689728565414008,0.570637858949639,0.0212380517469993,0.58007260227379,0.982700297778982,0.0893980478617287,1.27891160878217,0.033114816229472,0.787825128278958,0.000383319289077754,0.0404587659032921,0.692767384437569,0.000323569110201099,0.715536894746193,0.0857780299769087,0.990375938694262
0ee21a5d45e6487ef7f65f1778368530,8,0.139399711855845,0.645250793358552,0.456507346889052,0.930839717235837,0.257724891012408,0.491485612360824,0.129571565230474,1.47618475485761,0.0371146429905648,0.618505602536983,0.000248025705490126,0.0686647050993895,0.862745154974742,0.000949505377974152,0.988452698345017,0.0722104409080382,0.532362109275683
1a4804306c7d3de6d00e21106efda9fc,8,0.180761956603342,0.789724282658063,0.420828216384706,0.848512856961307,0.815698921402868,0.291214022195559,0.0906000145127964,1.27712640861576,0.0305135216843456,0.776296661762484,0.00049888174037653,0.0164723168581748,0.687540309385762,0.000269753378970383,0.706009339790703,0.0899575808637437,1.17813389319414
b1616be1d419f7015a388d0312c8bd1e,8,0.207203747275423,0.65539069276527,0.475041587645092,0.0809931888122981,0.992090631605448,0.964332732800734,0.0773552543298618,0.763546123068052,0.0276924907203676,0.831143171613114,0.000355942739496425,0.0324569978167095,0.779092414835091,0.000489871210115989,0.74978376931843,0.104946393308848,1.03823484374222
e256dd28f9b832a69bdb18ee37627922,8,0.20413088823113,0.372752716760247,0.433254865910464,0.192575900930781,0.696143725551682,0.850283826421605,0.0568828755972411,0.301999697309496,0.046278146084591,0.680011875513159,0.000373447685189783,0.0254178088164316,0.966051946908059,0.000645610797953153,0.646462816654056,0.0899560855516856,0.573554376007983
f17650c3329b920c7f0debbdc3fff843,8,0.178740884693458,0.736294217366157,0.0305724211938864,0.57135623610926,0.483210797732001,0.421171821271662,0.138694868655043,1.39526823676822,0.0410953007918932,0.780046985038798,0.000444452056440895,0.0362163665818319,0.99274250742474,0.000258935234456294,0.69405029885359,0.091548110565036,1.10832405223222
37cf6824751b0a69ec1632be2bc1d5f0,8,0.170164372532198,0.846863672496309,0.992651347800942,0.903567618732255,0.0394324359916466,0.17408137102301,0.116343949186013,0.18399783354037,0.0433155699404672,0.647546282627176,0.000342618362514712,0.0105858467968912,0.615520196462035,0.000918289559292017,0.812229647436254,0.108360024451868,0.74883155319814
f9bb1aee7df2e67dc811343689913fb4,8,0.140252875201972,0.527213790106503,0.2477454586085,0.217979432363388,0.00911811847433186,0.513738854269748,0.119853252532528,1.1423460072002,0.0268155436814317,0.615715814714375,0.00041562435418027,0.0164176007894179,0.906843362771517,0.000703858708546103,0.633542920756909,0.0850427892589681,0.478889725953534
34e9e26a85b61fa103f26c101d018154,8,0.245549378828287,0.844955713593301,0.592999323756821,0.133908533816935,0.567468176646781,0.823964412585271,0.122440940994812,0.878593505974583,0.0403935447732945,0.61863689041417,0.000357008431329477,0.06675191360921,0.852608149627623,0.000720619743181395,0.832397042168702,0.0759754244633789,0.994555092211949
e2d6985e7a6aedf1a1c589ac0068d025,8,0.207754617267736,0.433394890987051,0.344710815705201,0.0744676008802044,0.581970967118841,0.794644867698955,0.154017062686826,1.79951635741026,0.0391025779878264,0.794763711503401,0.000472094276816347,0.0227022219440437,0.724150757651028,0.000913296222454652,0.751318312985304,0.0734114009394935,0.522700985634316
7f46066506c20b697b58eff1c102828f,8,0.155157498123916,0.545590501233126,0.894768078491496,0.224980147650195,0.980751293734716,0.679920981928585,0.0534049857884946,0.520974641595979,0.0363189530595754,0.711782398002491,0.000226273663253475,0.0635428347106134,0.990475400545571,0.000741862941302128,0.626214535475337,0.0928429504025087,1.08839815568669
1259f16366849ca1b38620d78e7e1d99,8,0.149407319971939,0.492004202077112,0.297299269883678,0.334898241885445,0.524488425708379,0.636144174897129,0.0988741235258629,1.29265528553029,0.029452927694687,0.832893747652158,0.000302495038809264,0.0376572466526487,0.642178328632835,0.000325115479499612,0.793136862157246,0.0791595905079999,0.334312641173951
f94594858c47f483275084df8c564491,8,0.22885654267747,0.374436217335232,0.697642191796913,0.328047320248973,0.168848753430083,0.835769263331514,0.0345197530763749,1.18134651056277,0.0426655664521972,0.609271824770194,0.000349709407709572,0.0134711944379602,0.996644692729327,0.000417044295002177,0.898659170759044,0.109105506483983,0.76124634826422
72ca52f4c8de8b9057bea16dfe2bea84,8,0.119598940230847,0.497826164542745,0.91279600435279,0.0461181687012568,0.485772227599399,0.704966452279186,0.0968988638386502,0.546182485661731,0.0392238491931403,0.848293771387034,0.00027657006389055,0.0501784275064213,0.870592581767226,0.00046651571247956,0.923845976388721,0.0747510361283412,0.520275134108906
6eaa0cdeb7b79bb149a27ebe9c183ff7,8,0.230706364235595,0.82121507759437,0.988712342415717,0.779824196619755,0.388668887083717,0.497794141969391,0.0879158192097819,1.70656767845796,0.036517972572307,0.778792114549981,0.000320832735027404,0.0326469765501547,0.791847661301557,0.000987996947321706,0.858225510735399,0.0998749386544664,1.31107646182783
d4eabfa70558d156955f4c2312068b8b,8,0.227985879457643,0.483740348292407,0.928521884405054,0.740807066289588,0.0216028695379261,0.695708616108732,0.120058313651565,0.287503382068091,0.0389948908804233,0.808885584958094,0.000407043391489133,0.0429993666382154,0.686102309671153,0.000708898183200894,0.84393368463183,0.0735956994619263,1.17736322501604
5bacbe008550916ee0f943957fe80a01,8,0.177487588509046,0.782854205007407,0.959807033830747,0.157670683739895,0.512004145437437,0.546279917917636,0.141579156825687,0.373119588826528,0.0312282442302736,0.738989896868002,0.000327091287687402,0.0490231524599629,0.720599323326914,0.000612863837376409,0.68460428069081,0.0935268533419983,1.25033239612908
933676ce2fb86db9ef1f3db9d7d3d00a,8,0.229250220035773,0.764679655604787,0.628410401751445,0.353489611332788,0.207077747837877,0.733389575753536,0.0833736183801252,1.37554170589899,0.0397136228265693,0.809123335193217,0.000375927500379072,0.0486125126980268,0.752568757871863,0.000197927256902671,0.766450769080733,0.0878942485445371,1.66360448700711
8ff4dcea4694799beb79bdf0a66d7de7,8,0.195631242086243,0.328710728222035,0.598270808512222,0.668104090944929,0.311143589659923,0.986365914060775,0.0370611882617308,0.533123362010145,0.0341829267489874,0.707245011470997,0.000280074941562194,0.0312641301450035,0.932198943180898,0.000567363935108544,0.997591396454683,0.0901986182611748,0.82401750798548
28c9c1f4385c62e5374995858113ceae,8,0.19074547046504,0.788534302774714,0.779086625200648,0.424781254209006,0.0510009085061028,0.630278414206701,0.132869404278945,0.988528625589946,0.0387261220147984,0.742488484956617,0.000393811815985165,0.0341178719432791,0.85687643538451,0.000778044062948472,0.816758023189495,0.0953868246256838,1.21483110556952
b30931b12804d6289415d6910bf58725,8,0.177920104405253,0.596625480480887,0.13324487608842,0.808582591573735,0.234649570725468,0.703361350001028,0.158827057176587,0.815928521182333,0.0305536653334207,0.780984227317912,0.000320080761728252,0.063916752821539,0.838989460871072,0.000773108402968233,0.929723821366624,0.0863232397789464,1.02629641641611
fb5ecbaec3361cb3aa185b141c654cb0,8,0.231152892826953,0.392307842546755,0.381370060140479,0.846645516549299,0.528286070675873,0.72354175359508,0.126725538289021,0.424243376019935,0.0307961415242075,0.761226720673992,0.000358441552435642,0.0167566547086146,0.626560681472191,0.000787124297598759,0.937255945860814,0.109166979458953,0.489801570235897
1aa879df696ddca21cc744d6e0255cfb,8,0.189817411522439,0.682243904037611,0.266938689467172,0.810632782032412,0.439857644337342,0.511221148777463,0.0839164117471423,1.79981300563528,0.0311340484240991,0.738343563433005,0.000356128159956156,0.0221060670508959,0.710381154424123,0.000684240698296252,0.870849150157997,0.0854768827496594,0.327466465439523
aa686bbd609cdbfcf2c560358ea4228f,8,0.200126225617756,0.530082910369843,0.244357916992106,0.163811878271226,0.846406406147204,0.763375599620827,0.137435631940082,0.30927385491358,0.0333202160716392,0.650439015531746,0.000302716121020213,0.0620269069659784,0.65450054325897,0.000435755728151119,0.869513027847293,0.0868123807044373,0.991048005449579
914eb06d25ce1229e1d348923a7cb749,8,0.167016501592049,0.444605344777204,0.369118951716518,0.933300487651637,0.182680406974841,0.634035312897391,0.163679363746641,1.88746097601384,0.0438896981617174,0.809869312040789,0.000413492890279071,0.0165829802127022,0.447393944854028,0.000164546506899025,0.787117101775721,0.0803960121349555,0.256060225287857
d56b7383b84874c9b87383ad3a6ecce4,8,0.202210557196323,0.380724585654416,0.347901595040731,0.0344025313966866,0.198322005797972,0.485922054966588,0.0768337560226729,0.262508748497769,0.0303754077445413,0.668620807333547,0.000419037146044417,0.014129510601195,0.971374692682919,0.000931485862128516,0.825111134329867,0.0886273659562203,1.03839258959085
1026f144a239956810c3ac1221c0c955,8,0.176292991638452,0.825589365494865,0.500412348906427,0.515365294229277,0.807043582269004,0.646486914264554,0.151654383169197,0.595290562766982,0.0335720809960746,0.701255430229542,0.000291578304806426,0.0308664756066955,0.912518486323865,0.000799819748463996,0.940880180135184,0.106702566112124,0.336706197188259
26b2661298e9e608f5535caf3bbe2b5c,8,0.20711850545929,0.687924959505426,0.214544347856872,0.845477686743183,0.202254165594401,0.769935811744226,0.104600069403533,1.10816396352291,0.0443171055659487,0.747839519991664,0.000346651988888215,0.054170462835662,0.869390693246173,0.000676154615805829,0.755899527021918,0.077920425389334,0.619372120000362
3860fa4543831b5bdfc8a690fa67524e,8,0.159385996982329,0.60238634586785,0.076778657471946,0.327673243784469,0.179968256501837,0.597129598075118,0.167286693565294,1.60813116521361,0.0299416260647075,0.830602130516401,0.000384776383509686,0.0316362975620482,0.588488667432291,0.000289573874444284,0.636401486233267,0.107542244628022,1.23763207403468
3c6c79cacd45c092e49d77d6732831ca,8,0.235518275990357,0.779514893700922,0.504463964690889,0.232921344934216,0.846707033187216,0.60858215797141,0.0466038397576302,1.76007189798943,0.032007996934097,0.720436836841806,0.000290730272262556,0.0382526167674529,0.844300380600211,0.000327151930253952,0.958691820518104,0.0964580642045764,0.394298230825354
35fb933444fcc42b7933105ed19012cf,8,0.159939826137675,0.643689766838468,0.572990286762412,0.421686533958333,0.0748517065413077,0.361053985230471,0.169166378304423,0.860736535508997,0.0422706150567286,0.718914523610147,0.000346883767094263,0.0386281557233814,0.898604790648785,0.000693554008971058,0.978167080302562,0.0708041342296901,0.403827258021045
1b54ca1234935d949f0aee9271e84999,8,0.233955924073199,0.444968342345515,0.0225850334173404,0.0392956210832071,0.265230818740452,0.713409241702118,0.0437815088317436,1.23168005128458,0.0271323339016905,0.611514457629079,0.000471102277628223,0.00914809203639982,0.939184448796723,0.000734545202685367,0.650010405174922,0.103375852545008,0.533063270743199
c12d3489500861cb72b163457143d17c,8,0.208411504442198,0.690471260030688,0.400542267026167,0.159003384706756,0.376823345652408,0.460590806366114,0.103263265472792,1.19264655081088,0.0413697196174804,0.716161466503904,0.000378162979584662,0.0266757461768863,0.893182382411763,0.000432174264681243,0.762251430997872,0.105974668146732,0.632100603157742
db92a3dcaed4f3d63dd536c1eaa3973c,8,0.205996392652305,0.418370219823854,0.394404057737642,0.136456677079327,0.384034463445988,0.690690517411096,0.126845010104924,0.787020245626226,0.0345109471020769,0.658183384678097,0.00037934660067092,0.0146973835758359,0.562890992362796,0.000860423957546813,0.950101346893039,0.0812416589087183,0.259000681541982
77e4449783f30ed3dfe314d4cb5e0163,8,0.121049477862068,0.284091157388782,0.828864560711663,0.842790389454167,0.992255246150461,0.799868269115995,0.0802252461802755,0.703592608380217,0.0321959357028642,0.691068754495834,0.000208474891439768,0.0295065855962587,0.605016393382929,0.000812331367507789,0.8680389687157,0.0956118898010274,0.435718524558136
26a502416e2ba8c33d69375da6e7a133,8,0.103385648329329,0.317119955157296,0.903291238085949,0.178152730941519,0.572547587025808,0.690917757950355,0.0559051817351159,1.1352644628922,0.0351606731305132,0.768050106080931,0.00018132923640158,0.0588837111290482,0.823735382064098,0.00100606152884957,0.974115651819398,0.0709742747379777,0.346825223250713
83cdb6c5930ef3ee962913236a6d7b5c,8,0.178436617917255,0.579874785691959,0.651106331659984,0.0987540462708121,0.561516199815738,0.693419085777391,0.0474660481105759,1.64779909543286,0.039003783332568,0.681846032940003,0.00031439488250133,0.036100953301838,0.795929894806133,0.000249980812496457,0.919657719255603,0.0720472307166693,0.59423658941107
46c4e8504198bec484995bfe00833a94,8,0.158950737653956,0.434602342053414,0.078097770714427,0.732400707000822,0.57086352157059,0.920484638680882,0.104077235135395,0.209540630245078,0.0296777868961895,0.821966360230512,0.000277350098263217,0.030676351982176,0.774977440392598,0.000877792253916033,0.929763701961803,0.105556498173112,0.596374037031589
0d50ebc1e21570db0b1f2b0126941be3,8,0.22317745772923,0.698881446479122,0.824602035262317,0.162640477864428,0.130587591519631,0.529825615415205,0.112077075695706,0.800560340916743,0.0312302947538386,0.776766004315363,0.000473815257221736,0.0321093754799209,0.790927723205776,0.000454976561155793,0.747450004739964,0.0830188802026034,1.499065462874
0a4999ea5d1ac7e51d2165663face504,8,0.126501522598264,0.452934043235411,0.839718737173826,0.0975312258359661,0.288805733264804,0.502474398760136,0.0579599218523424,0.375884882578186,0.0367762840544135,0.613164746231161,0.000322175989522238,0.026174544809152,0.734673221148222,0.000292849830530661,0.713749445676299,0.0732074615577028,0.568606823793411
09fddfc5f2089ad4bf762ea6fc3d86c3,8,0.219944175916635,0.485527476044629,0.964232439822089,0.0814728052021511,0.218862498057321,0.791748162643172,0.116401641483537,1.38795182432385,0.0432440456818246,0.806140145019334,0.00029403131652717,0.0465165721282954,0.746930420423857,0.000791313561238192,0.756522347401376,0.0967441057467705,1.03767084816379
eaaf2a29efe1297f729effe84802db64,8,0.116673881324319,0.298726501856724,0.503813276396421,0.188373870479802,0.0741123458225732,0.848001859690647,0.123990726137821,0.958390524417371,0.028941799181169,0.624836878314381,0.000295323649668811,0.0284519489367851,0.50629592023944,0.000211646653669919,0.662392408381497,0.0835283678179353,0.570624510002385
9f1e4021abfa16c9fe4bf706e5cfac01,8,0.194562170191278,0.675951716495445,0.996953978420352,0.779193581887076,0.499458041116527,0.432717048101022,0.119832683003295,0.46978372219058,0.0325549955932421,0.668389390865435,0.000317595176320244,0.0646855837563252,0.998277468746169,0.000510481677041054,0.990075703498971,0.0743046255534518,0.769799129314583
7f024a4923d8c50d3d6d66ea1ea39b57,8,0.14612938969513,0.554133690134889,0.525190687471768,0.121966344908852,0.922849465732237,0.376755092613302,0.0973939093908024,1.52572916729719,0.0457194799931127,0.68600527530174,0.000422454257195597,0.013825819658246,0.733224811441054,0.000239426245837799,0.792664124711355,0.0875580274489886,0.935856577362793
aee797e78f761f2d05a0fa6f4cf4eda4,8,0.229923062961857,0.70426519465155,0.533814838450207,0.525247983558031,0.798372357533543,0.629884907466853,0.145559095182048,0.327566365086574,0.0341305072397381,0.718675056883315,0.000419869872666385,0.0565675424538754,0.701233310966737,0.000449621312250811,0.643837483467286,0.0793604775972369,1.7442300994382
09c9dafadc6953b9c7eab686ffa055df,8,0.249260791598174,0.593176018113517,0.0643405048080775,0.728169267298517,0.430429868908198,0.618502180965751,0.177282797996539,1.11792365521031,0.0372186089863338,0.738962923174789,0.000499529326885982,0.0318351355205785,0.895977637593539,0.000460212011283708,0.816055468294481,0.0764188397052354,0.587517644553691
c120ef295f17d71a705e67b67725871f,8,0.204717841204254,0.683333303172829,0.431088086316338,0.27314768897337,0.558278096894021,0.564033535885072,0.13632194357375,1.58188018322108,0.0426583347142336,0.693786779378116,0.000393875852944148,0.0499225486815311,0.990484141721904,0.000946856332884981,0.620877264419346,0.091147535757555,1.54472189524076
63d850456192d840026ffca9a588d2fe,8,0.24901812193918,0.763617763639113,0.592412643666972,0.966856834242199,0.13553820301782,0.670886234180081,0.126483503943215,0.975343945888332,0.0402518009811327,0.642731760496082,0.000435694891176648,0.0466392768621056,0.908674034760306,0.00104792820424342,0.64487898206234,0.0771534312633534,0.850825961830803
6df071b231a68743246a3778f229a16c,8,0.21605876115135,0.695256588602153,0.296730824276558,0.240444650404816,0.0180274170934503,0.823932035104541,0.161268764597449,1.72933606041326,0.0283242888113503,0.744128778178094,0.000378146937618311,0.04456483130351,0.871247946052897,0.000926389310776272,0.947896416811955,0.0926504615235637,1.16286918498351
daa593a2ec3d92e950eaa716b27a5b79,8,0.13257531323081,0.441159821238596,0.446473350472413,0.163063329501139,0.841776937580298,0.790671247733905,0.0381011627950639,0.628824561590483,0.0405817077381662,0.724730490050818,0.000217154377692448,0.0668426336828462,0.962399983144319,0.000683443801036902,0.846811961779462,0.0718433996151677,0.686364888432346
5a24dfb22e785cdb0ecd162abc984f12,8,0.159283419970179,0.544350785317519,0.354073937123706,0.598294480104095,0.560908283878662,0.315548795974332,0.104268226365907,1.5219861813555,0.043999587338599,0.695722080420913,0.00049024934954454,0.00651172070259218,0.619251702371956,0.00082019348968176,0.648196797556552,0.0971441161625579,1.21371904453909
d3a0bf10b07de3c73b54e45152afd144,8,0.229597678693859,0.542046299819935,0.687916479490403,0.2407757817822,0.762400201717597,0.489773725054856,0.129263426815124,0.871689520493422,0.0383070659842375,0.785721767637404,0.000428227560130645,0.0114897231260888,0.674705564059113,0.00104339323638429,0.906644425221766,0.0994184134062573,0.402942516100426
036851d9f2fd13745676433eb66d170d,8,0.180855958929861,0.782065825865495,0.897960940990237,0.417911761157858,0.00778887830573644,0.346223679906201,0.159309033168047,0.358726496964863,0.0285419007050012,0.704990606229822,0.000461921445021873,0.0138992778308931,0.694615619207736,0.0010996951460216,0.841009705986098,0.096986003655694,1.70348874147403
6b5eabfe31621c3fc8d7c909c768cfb5,8,0.220384839937327,0.63229153229602,0.760648987863679,0.635309652931413,0.229202085286824,0.38116214101634,0.149534646352726,0.128127672244283,0.0282826888163402,0.651950278006539,0.000525702045095645,0.0101080092671512,0.875087530588849,0.000705488451184531,0.948064063176381,0.0957482211031553,1.17589983587246
0b6d96a9211db9f96a0c53d0325591f0,8,0.134716250109329,0.730498545731793,0.952421868120659,0.979606810885752,0.207821719600093,0.432250597108734,0.158585341837723,0.330391792033463,0.0342563422262341,0.835347061115591,0.000340805913771519,0.0228684250331641,0.783166793935257,0.00109493721362302,0.763792811211378,0.0942353872547603,0.556849714599491
ae03e8bbe5966ea7d2356b7d263e47cb,8,0.176365584167328,0.376808193482611,0.804501834681364,0.768997694598596,0.151266258410332,0.910961851303443,0.0862826897399109,0.661727386881811,0.0302563760748135,0.602566618191794,0.000233799904094562,0.0537235249001431,0.712668403823903,0.000349865712171494,0.86192065224169,0.0941872157945138,0.572465278689809
4672da0f65a87af4fbfe6af5b4d2cd6f,8,0.191956388351011,0.477044315561145,0.0939488675916971,0.341011650924424,0.31466425991624,0.818410001240119,0.16053164134543,0.215270452083433,0.0427306117884799,0.727368258374203,0.000428065499994029,0.0158240827095747,0.998135706588814,0.000445217169049457,0.861664790528776,0.104784560157216,0.570692171394007
fd0c28273adee80a5096e8222c7f4c01,8,0.120010745914649,0.43736996527522,0.969768037082463,0.551577932318067,0.355245105986028,0.916643351831481,0.0726655923118171,0.442271340276895,0.0381109320186922,0.767469737119664,0.000206364230297391,0.0668473501827459,0.910298260346213,0.000242356178912514,0.790549819448654,0.0878997654053246,0.401653066235518
56a9a2fbf4e97c3597f5d5efabe84c15,8,0.106520413050157,0.573510425967019,0.0137537050137454,0.60764298016856,0.697488833568076,0.385273644607799,0.141557295350493,0.605931445459104,0.0332784143172048,0.616657304874508,0.000290997399340321,0.0272974820038985,0.726786216777265,0.000424535152259831,0.78603130603589,0.0906942088066738,0.387546704462401
4f6e4b1cb111dd889443aad52ba3d58a,8,0.144028944640822,0.602044862921621,0.897111533309627,0.412459817180711,0.318821664637499,0.546290522697217,0.144422042764192,0.845633354171785,0.0278016618357912,0.656882211161886,0.000272326727543178,0.0535077450215734,0.814679128310021,0.000401910824357917,0.885627384898391,0.0936030884734691,0.828600041931759
d05e69f760b288716c3f34b0a5015606,8,0.140864702681915,0.507800320894715,0.797401539228603,0.428284645240963,0.970922219914518,0.287031104209136,0.17427319042029,0.729223976229701,0.0308458104312054,0.64673180071328,0.000396900273678005,0.00205939554817143,0.494199598163172,0.00024953224660429,0.875546410987325,0.107974545202305,0.530484275835426
034cad5206c6e0750037f5f3e9c9afbf,8,0.126107098040261,0.48365167043249,0.0506344663714887,0.370472902602136,0.178253724075878,0.635726739453777,0.159404745669573,1.02410979444989,0.028580317578223,0.693190034625436,0.00031090783954779,0.0129924366220019,0.691042962241589,0.000562837268533864,0.916934888278929,0.0903038667038318,0.224365433630334
a0ae920d28637ced8e5ad4b15983689a,8,0.239962062557798,0.715260175854744,0.99290254685242,0.394131267120247,0.722179615265991,0.515912419331169,0.165216528530486,1.52088575270279,0.0308415090012748,0.614428016726807,0.000314837344772974,0.0414573337816549,0.858054879088976,0.000534345767673732,0.947026071445902,0.0969735154154957,0.741252328350831
fa0f30c38b221037d98ae98d22586229,8,0.220168042747863,0.704659777339445,0.799750679955092,0.259022928200121,0.297214403901444,0.890618525655148,0.0793900325542682,1.27067926300711,0.0384402848459938,0.745015347959557,0.000421695168224019,0.037967944499627,0.931908614677111,0.000592548109863874,0.724122148475862,0.0829794575751889,1.5671807460091
acaf8674fd9e777f917f8a8faf3079df,8,0.193982593823291,0.636721624966171,0.190312776664265,0.530844196830328,0.700722723489076,0.352219125027871,0.0905724156461244,0.314298927200237,0.0455339167720221,0.651748571149801,0.000409093400144869,0.0164804265792495,0.841227001237868,0.000888728134298653,0.863332375470352,0.0968754739429803,1.08542029881491
908ed457876f33996d4c09f44cc5afa4,8,0.203409036866494,0.515212344732694,0.222430173702853,0.723743934853307,0.196353427469611,0.637626139633211,0.0558104300526513,0.399453778710913,0.0432499289643775,0.655745723990211,0.000406751164288948,0.0207071261510396,0.760406032156652,0.00100177341919162,0.680323854587878,0.0827306872624618,1.03112742304253
c113766b1e5311148b719b108943b847,8,0.219209498240173,0.898903977750339,0.964629251139447,0.123315572179957,0.974642419727769,0.375554087275934,0.173406612315834,1.04922525023132,0.0431504173738986,0.699369935527571,0.000367048031763727,0.0488793088713104,0.822221614892816,0.000167822304168467,0.638513116357795,0.0910181285433398,0.438769033582901
83886d4a97c0ec36022a4966a3ffd9ad,8,0.231919601174134,0.696610207212036,0.996868820069923,0.929879920254701,0.346532135565169,0.217586774210063,0.080890074019291,0.367081343402968,0.0449777829599241,0.829383241469002,0.000401856187955531,0.0172171219574896,0.985053578950202,0.000219794443351615,0.943222540030761,0.092058803869404,0.585147879426736
8940b2e5b5b4f87bddc154a211add465,8,0.245937725367184,0.697635613789174,0.0834337835031842,0.842174079653513,0.0893682194755734,0.533385226834105,0.144338737275609,0.549704842551925,0.0365918102544653,0.831236682959549,0.000469303805689742,0.017117624642619,0.587033428173648,0.000399705868617228,0.847125938032107,0.0944120319739439,0.274270584213559
416b6b9984c1b0d769d2130d1bda9333,8,0.203745777847849,0.930870017944198,0.226378152368501,0.530414540074057,0.0133177267540048,0.335414310794472,0.168752719417792,1.07639042811596,0.0404095060336385,0.687790785249732,0.000399804457882832,0.0339167082870678,0.825291097883765,0.000305524757913329,0.764776503816442,0.0943859589837709,0.416974944129575
f683b3b9065c4bdea0c694306e403f8b,8,0.21603921930222,0.437750602468437,0.192334954376702,0.822919656099009,0.170571662018397,0.968096177812382,0.0547594879527343,0.326491372583265,0.0308497147146059,0.782659360885428,0.000305955698057523,0.0360028159154566,0.828212013619464,0.00100842042025611,0.901805936099039,0.0944316590999776,1.14707710497561
667b38aa2d2d73e98e4eed369f7dd737,8,0.17872866061315,0.609799317692961,0.393287428258593,0.965690525169724,0.302702886307071,0.570774796112095,0.0864288506085447,0.899073529996685,0.0413484655603573,0.843890433326245,0.000352116434552341,0.0526226876679066,0.876585425194846,0.00031501389412767,0.816358876038305,0.0779585181565886,1.44932802175235
985ddab7d095c5a61c511cbcb1bfc019,8,0.218954120506748,0.459798779972561,0.0928974525783184,0.375041546194081,0.403218492130965,0.649309300195211,0.11441887103342,0.765286150994084,0.0275532695119504,0.639665785008547,0.000351115222766195,0.0323596578508576,0.826497639472527,0.0004453083226604,0.938150169310946,0.0970910015007799,1.05731543744872
921144f5556e4d3009725d476c4d09d3,8,0.177497616078311,0.390263027966246,0.846047828932265,0.639271740998717,0.578593588247947,0.458894491370141,0.12293833662522,1.28500528870581,0.0340262565076324,0.809069069664907,0.00047300721406795,0.010276973976792,0.915065428480144,0.000640546518887595,0.70004041609111,0.0921649839780765,0.961438735495045
c24cb4b41e241993c8d59173d367a7f7,8,0.198654525743761,0.696969367895513,0.270083187041078,0.245796161601046,0.00152040998650005,0.416365421809754,0.125197211395724,1.65514682152104,0.0406070811131622,0.839136161667638,0.000387681505105071,0.0189978061684898,0.833893293065566,0.00059479659720109,0.984640712207954,0.107912768525911,0.645428132396576
47d74c4f514ba43d97b3ac0588bbb8a0,8,0.208887408471979,0.689553542613035,0.759530746243134,0.169141385336287,0.897863084304725,0.914582482001362,0.131824748190125,0.989617366298557,0.0382911540274152,0.82253109838451,0.000363322559548725,0.0502438994775175,0.636654183035043,0.00048751962178521,0.688288587540185,0.083881631074334,0.617115519174782
11a1c45d1efc363e9048a05c3769d81c,8,0.186150675220648,0.720610375008246,0.405755383549258,0.367092579268638,0.913320807322829,0.320664283798236,0.153322962178762,0.0860324949219837,0.0455686336605986,0.765928010842271,0.000449643950179786,0.0153944158514593,0.981364333023721,0.000722694418717883,0.990570993457955,0.102591291959585,0.913611518156382
2e8014be67aa0479fa713a0dea9ddce9,8,0.153613571843828,0.594259044814697,0.771021732923417,0.86727822488999,0.781290956144735,0.523822596836391,0.117146112749715,0.439559745598447,0.0361711582945055,0.681150157130854,0.000325815089282426,0.0405598076321511,0.701703938822116,0.000238743057972755,0.792117077354247,0.0739689701021944,0.336434523753718
39ff0ee1aa9090f68b7485dfb8646ab5,8,0.17825368334559,0.59645747388155,0.76064577559985,0.344734096535232,0.582609771530962,0.500024376065837,0.0891871865487082,1.02104265095064,0.0343010412328117,0.685845239992067,0.00022802798767166,0.0334299411622959,0.778327578212269,0.000277250714201867,0.995525474105686,0.110998459246682,0.330655586908893
032d8faa57f1e205a012003b3c928b31,8,0.166879610013046,0.562016652818002,0.710933211897226,0.157751189702454,0.810236762925479,0.761618992030059,0.160252926268004,1.1813357754742,0.0462706266442515,0.647820034098515,0.000282890640272779,0.0605033355193418,0.49444885957992,0.000467263809781917,0.880847066190269,0.0793458399234124,0.941936571461754
c8730bcc5e11b846da8acd4ec3929296,8,0.147367424459421,0.500212156736518,0.559222842515104,0.728225257225294,0.645354788966121,0.700770592653842,0.151456576072888,1.85337072565175,0.0315825213359281,0.76227003790166,0.000328758542407324,0.0542175448102539,0.951384440665181,0.000679458029725595,0.627987306170139,0.0925937510080655,0.666514346457968
afe8953280e927c2f05707f9720386f3,8,0.227995515800995,0.4833945340619,0.300077048896723,0.695312300650095,0.929167438527254,0.707722054919354,0.0730268190787967,0.197690975269351,0.0311987398541547,0.796263576739982,0.000320139421044211,0.0612563999522164,0.946881628598738,0.000660890139083856,0.889862452930662,0.0791406648189554,1.157924257317
908f8e1608bc37c9b4d745c4c3995eb2,8,0.197893383669148,0.562084506649338,0.439155779809431,0.0122506419297048,0.658413990804282,0.92802983575708,0.141378310232318,1.05678501500057,0.0275806810703866,0.667806479048651,0.000392969963696669,0.0381626614559537,0.774711218005245,0.000813628060273265,0.960706005264015,0.0782409741529081,1.44068171369188
9c42f02c4537fb12bf9955005e239af3,8,0.102608969264541,0.432462545844392,0.260954379474912,0.525800190914682,0.999996314264752,0.43079086500188,0.0880994269728254,0.927733873256799,0.0282040825248513,0.785117544372945,0.000323459021141165,0.0225335686335753,0.865103790532794,0.000807459731566981,0.82975391911377,0.0697761572863236,0.52571706058454
48c449e5e28f88d261dc69da9410d849,8,0.232630563842925,0.609565619972805,0.62908226163017,0.679393316575271,0.436111016950642,0.622792341392708,0.0843278425436569,1.84574728462167,0.0338275082306519,0.748108195380512,0.000407665805260832,0.0407585574307224,0.952566943191088,0.000239380779344926,0.631693242370107,0.0860520270844245,0.527621976359585
2446560327a4b8b24eae0f029c03a8ea,8,0.151542830109051,0.307910495454337,0.295465392156655,0.455938558884492,0.531223381047688,0.938044141844987,0.150065175708338,1.48829545311095,0.0293650739025208,0.639853159005438,0.00030160772788107,0.0573853045559919,0.957384142995045,0.000556639986460942,0.635905182994694,0.0951211130079708,0.792033332185565
f564eff37e694c17ea1673994e154904,8,0.195913040603002,0.271727138461449,0.284663915674832,0.440868082398186,0.86174075415209,0.888999514482652,0.0723529562057003,1.72124227568638,0.0356702573795533,0.675473300901748,0.000361322657611291,0.0137861126763908,0.740413302332979,0.00077376633627878,0.863114511860386,0.0907801761295007,0.646604303805092
e7b1645e9c337bdd17176c5d23da9dc6,8,0.217488194852106,0.422859490505266,0.0751436762002071,0.991217310774407,0.0356504773202708,0.464458513740532,0.0547846776677086,1.67210491585438,0.0414714013987524,0.8013113371208,0.000500436406858847,0.0117068961736601,0.825888420826736,0.000278581167265767,0.824730818951481,0.0839577214176884,1.0858206055756
8bd5db2da9f418cb8504a0582c8bc20b,8,0.172188807834346,0.498278392864638,0.686326469092216,0.0955367390940185,0.872907130983093,0.389155523585625,0.0456355031677498,1.68779922313061,0.0365267926270754,0.736589259903061,0.00031834242288549,0.0203625833559713,0.867667822923395,0.000977406929022598,0.99128981401736,0.0891514679982768,0.951293870438331
d4554954aee7b26a8e1aebe728df4ded,8,0.140580495169038,0.557087311546245,0.801628305574756,0.90085025458196,0.191537077801151,0.324126738980389,0.104333090852837,0.40221861352431,0.0267417388773157,0.770441869793585,0.000413382139372737,0.0149197377196913,0.558604046721098,0.000360929859832097,0.979851474145286,0.0773064904768168,0.874594833426507
0d40e7d1ef501f7e336e8701cbb46b9a,8,0.146347183997785,0.359988850445176,0.722304807411462,0.269514991419599,0.903288482169275,0.6841369344173,0.0922046594380541,1.66006602989307,0.0302965760530343,0.74288789521108,0.000373912835633104,0.0285356886276175,0.869092014531266,0.000385224038190583,0.695527479333875,0.0723034133763205,0.733311009745075
606e3dd16b8812fbbb2c75160f484a37,8,0.134774703034397,0.262223057657275,0.21628851054856,0.0741725656951723,0.676206508309372,0.90439597854086,0.127331639795208,0.342781149294613,0.0303265310233586,0.623131449135561,0.000319847536189456,0.0238943062666909,0.636258842648382,0.000492369959918186,0.786345331135659,0.0833453642093943,0.603618913466537
f9ab942de91f8637f9b749019e5f2fda,8,0.112202210612314,0.457207174927846,0.880097464048817,0.217757896608913,0.00398499852417872,0.537372350471795,0.109175004315834,0.0523799911196026,0.0340152687551876,0.76540399430992,0.000267538279455297,0.0268475690391652,0.676773485557371,0.000995999154001241,0.961988546030506,0.0907111396516126,0.523617147869697
932e61632b8f0103b5497171081c4588,8,0.1880290703615,0.560055086262514,0.466563761652797,0.699453949861516,0.517237840214323,0.632427712292708,0.159528158971218,1.18454966733563,0.0422899675923593,0.767625809322417,0.000515628160751187,0.024145948168431,0.966753604798058,0.00092459489858912,0.672245678950368,0.0852337091732044,1.36424652492288
31147e408cf33819032fd18e06e49c3e,8,0.127457528805181,0.448392982830906,0.606297863363665,0.329088551155052,0.502201202043438,0.680375752169369,0.122188627280931,0.823708851035998,0.026289302526765,0.758072648063068,0.000262462621881775,0.0284153897267138,0.472358651315785,0.000718736266673318,0.832766492033334,0.0979059181920896,0.512528818024453
a4d674b0fd6d037510388488164d578c,8,0.231035737672974,0.550498621730544,0.28141066016905,0.573800577906094,0.648337667965217,0.714938613339344,0.105378945911794,1.5710029373504,0.0453812128983391,0.84408928131448,0.000407138887726182,0.0344492370950718,0.93991745262429,0.000547324254215218,0.898472803341003,0.0926449714249558,1.42863805560158
44abd7150377305944cee3d229b5cd97,8,0.144474275859084,0.512915935272778,0.421171854125962,0.331812394767459,0.441641002545897,0.676428716585897,0.150602606155374,1.17866416421102,0.0416830542737394,0.611150548443847,0.000257679467538083,0.0601533639996511,0.823491592719777,0.000149333258150982,0.800801865087019,0.0943642760285092,0.40629247020208
37a2d3a4f1e1b5d870917d6de34e2f93,8,0.22571114101886,0.504957900026795,0.740617161707573,0.854376151984582,0.694303921699654,0.612926419808141,0.109019263277982,0.665272190510852,0.0422636657215342,0.831028765510333,0.0004121538503082,0.0330719081943526,0.660903664072515,0.000536877602814185,0.94652222324405,0.0753894364915584,1.13860462629215
b3a2c057763c0665fbf1202e1234c351,8,0.172032532677574,0.336655991020915,0.545800638729552,0.505505843119617,0.804343497607967,0.366020822026255,0.0337535953832099,0.267599578841694,0.0336266643032893,0.698486126415985,0.00044338410509651,0.0102793888561247,0.917077486076548,0.000273357864331645,0.732776582515252,0.0704065245794332,0.352173106980524
d1f1003367a99939f0d3933523d07482,8,0.152970862756484,0.550766655664525,0.484036092161704,0.154265608161411,0.367059523378694,0.519906875709442,0.106222162233276,0.0701697945805071,0.0410346843996942,0.80600291453019,0.000299647136658744,0.0460872150419634,0.755777488929288,0.000977665273887072,0.794101966006163,0.0927206764381726,0.613081224405561
0ae68a269071121cb18cdc38dacd9594,8,0.230515070839445,0.704297160313603,0.836530696874971,0.636823625444702,0.421285842030073,0.385618724437555,0.120494857031203,1.44237855523715,0.0286325377861579,0.70135644042769,0.0003341715206303,0.0360781146385378,0.829289579927074,0.000850346011548961,0.918518876189302,0.083668580319348,0.291175448513274
1019fb45af0591410b36342bb5b62b78,8,0.177738289052999,0.291872654871923,0.0735510197538978,0.10342035979125,0.679153339334195,0.766054963668613,0.129912065176546,0.00957745497771334,0.0267745174266323,0.651627224702696,0.000341028547292092,0.0193805757647644,0.54902920788691,0.00108908764897798,0.862740950271788,0.108945842699862,0.870542654176548
8fa4b51aad698f31cc09cd5f4803ac9a,8,0.198187406084728,0.578295325190308,0.626075205589689,0.401974965409643,0.827531984788057,0.583763348676528,0.151235492434932,1.61369635341258,0.0332558540280217,0.708368657555149,0.000328686708131755,0.043347149418339,0.567444674851842,0.000573798662299193,0.871136994937834,0.0871290652686534,0.911439132577617
95b7a1989a7c459c28753befdec49466,8,0.230707116441597,0.536004091121493,0.308458940102685,0.837887304680412,0.628948519733094,0.838452312191502,0.0834055815966279,1.13554811758715,0.0346152091717453,0.790012324009466,0.000359589306753207,0.0430439125857095,0.853377727721075,0.000705836547120711,0.657372164027088,0.0900119138093932,0.897981768425027
1741e71f9157124592131d1baded8fd4,8,0.22856077218873,0.498329259273646,0.525375201456636,0.234405142141075,0.647933945354821,0.729797588386012,0.152922855449919,0.356478486494356,0.0455961354532822,0.825534617695123,0.000460202454940397,0.0171235221274611,0.732723098097802,0.00100264119926579,0.726671346321608,0.10653729786708,0.693502850325427
eb277dacdddf8b254afbbf29cc4f96c9,8,0.197928888298823,0.344509877968926,0.255209028175073,0.503994702137647,0.495661795674156,0.806316435532644,0.133100058916266,1.77632094657788,0.0410073052251728,0.80866639805739,0.000310001041065078,0.0345992725305548,0.638715697251246,0.00024996096612501,0.927461129833617,0.105642968541207,1.04660688444664
685a89ec11c168e5ec48cc5fc8bae1c7,8,0.208094265103847,0.681210049895079,0.394370491814762,0.975211022563796,0.355604696942969,0.686332510697039,0.116238552074272,1.32467035561848,0.036933414472031,0.700738390096616,0.000334878730042394,0.0629302114644037,0.739637823598583,0.000340859499332803,0.769040529093258,0.0796446655206332,1.0170070133799
dded5af8a04f4440d9d3f54ca33fc311,8,0.23574803580012,0.529700793954605,0.133013635370675,0.586864231124739,0.139986906096952,0.436774429497223,0.164538756356372,0.172339979539651,0.0340827015281009,0.808822094486365,0.000504282660817347,0.0106463718841482,0.526324347638582,0.000372056227275551,0.758624584993286,0.107764950612906,0.454620166801737
4eab57296dbf4da7487ce9fccde2d8d9,8,0.181162406378626,0.550453078354101,0.444842605764142,0.172971548943965,0.424318343842923,0.774274334237747,0.108849435509318,0.408340091570518,0.0353922273379189,0.608176170575693,0.000273484812715286,0.0602876762757441,0.849588044275896,0.000478705651912445,0.929701148328917,0.0905814619337035,0.731333046059074
1d78f4557ee77420a6ff0f8a1f9f57ad,8,0.123269007814919,0.536248614103927,0.95444199065332,0.338337090668758,0.261957337340813,0.638129077150469,0.0990482796441614,1.2721408132064,0.028388708242886,0.734631295816546,0.000249510995105152,0.0547396067520224,0.991872343802439,0.000350341285974102,0.874965659538724,0.0951035498806751,1.13936566652779
b184b6f124363f0977155c1cff932281,8,0.115446689244393,0.483154444613514,0.691141517130822,0.39627652753403,0.66027482388096,0.486082242423086,0.14060144721936,0.243608230150673,0.0263198033566255,0.638131760845876,0.000366708661707107,0.0241471494232575,0.708950462852605,0.000472297894360404,0.623709097117896,0.0885814881912056,0.784487305489696
f6c6aeacd71b7a48b465c2d67117e543,8,0.1973224898038,0.384545067409907,0.298209227295164,0.539483248394099,0.564171276353505,0.732059822189014,0.148031312515367,0.580540216194497,0.0300586355478928,0.817128190388205,0.000479326015440787,0.0287726726051262,0.760641603245017,0.000281618837143265,0.735147206491636,0.0747653312741351,0.921638373128117
a1aceb44b215a0d96c63dd21e9b8c8ce,8,0.139961981737022,0.380537501070099,0.896488621952064,0.960527808746659,0.261323352623782,0.924511040270039,0.0654815149873842,1.06349938904264,0.0256825146964465,0.784614056268063,0.000242724886423454,0.0313566136428439,0.749194026094427,0.00105664521304252,0.789116599281229,0.0926719883388781,0.695785653887108
4a61ccce2b3182d74f7ef69151c63170,8,0.199627923796115,0.578309457858784,0.167577957635752,0.511574074855067,0.974494492690719,0.520307481870595,0.0910294412523647,1.21471949082942,0.0376715989134651,0.816361461134413,0.000445178816174312,0.0138359397568642,0.714131925974339,0.00030847222154356,0.687031376721587,0.105088392447562,0.315019745268488
eee5a60050e8e4fdbf0de7f3ac95b5c4,8,0.143064984332858,0.444105707027881,0.702122759191689,0.897252715309168,0.632385384419639,0.662221609341039,0.0903095573627423,1.63803121155211,0.0407347358020105,0.74538705047431,0.000254467412731259,0.034113543397092,0.619928612062257,0.000816776418659447,0.631967790847718,0.10667310256829,0.843443099396168
6db0bb8a00fb0aad20beac6e45afc0cb,8,0.128406778253863,0.453098797290479,0.920851202660055,0.41393897845456,0.0266912483410081,0.580931248402153,0.116694498563141,0.428842062776217,0.0357934980044229,0.829452674292,0.000349973864408095,0.033651342409953,0.528021193032751,0.000253684670253337,0.789653726764628,0.0749320052970132,0.934278123395042
334ddf4ed5db84756ed1d52ff39183de,8,0.171849675166934,0.278954022779452,0.459673005021074,0.738703331819287,0.937999852586243,0.739475755341469,0.0840745778947485,1.00903922376381,0.0346415421178829,0.776572976009471,0.000349908948234421,0.021787011395842,0.743047808721326,0.000812124482014031,0.641390892636313,0.0927954422043448,0.175563798483553
134f23cb9567ed0f7b0017ad0aa5c6fd,8,0.172296502925698,0.709585560512408,0.746855101482789,0.546212409607953,0.334275358843785,0.523370789257075,0.122972807061782,0.354421768804416,0.0355941475715561,0.803491720595805,0.000299611439444582,0.0532995027431037,0.959466675031521,0.000227009690245077,0.990613839570466,0.100518344557998,0.834917464640515
99d4c1ae969e62fb1dbd0e69510ac0e8,8,0.184733766094241,0.338162087508265,0.614815613455858,0.259768092176271,0.0175159122840748,0.822720213857552,0.113514329868222,1.02310603666114,0.044482257717849,0.806858465782909,0.000330094528530028,0.0413934822572156,0.674358928553993,0.000902637177252649,0.786446257537711,0.0758427817636051,0.595785379806755
42bb8d4a1943a0e0e44d0a0a1d9e0251,8,0.204462663414937,0.672455548737284,0.262961304216622,0.252349302006358,0.599348138878601,0.626694046671756,0.167002810381339,0.477154352240585,0.0290514967321865,0.818167703023599,0.000446688218810075,0.0330549108907788,0.912418942291499,0.000422910008505301,0.62465319250561,0.102379279422748,0.547918451805813
bb4220ff932c7c75804b93988e8ebedd,8,0.10501662996598,0.356749261375807,0.179807539211384,0.839281566938016,0.833174155054046,0.672380744165909,0.144711559246367,0.706665628412292,0.0328599068882959,0.781858708783359,0.000368306843035991,0.0265429029184912,0.982102370200593,0.000961707945036555,0.683228910160895,0.0842554243174119,0.907846138166413
2016aa4606c73a91506b929567623d35,8,0.213439809496479,0.393535040013892,0.571338307500906,0.215117616921865,0.290507510927769,0.891547238100167,0.0956457617891343,0.74666214492713,0.0285338540914623,0.741944590099781,0.000339916676030185,0.0397699052794697,0.805006761611743,0.000306655536719678,0.694468199401786,0.0975850633521498,0.766915088740396
8b506b9b036d6439c85f4bd43209ee6f,8,0.158652138256013,0.487611491736255,0.509297748537467,0.864408024238792,0.430887490873335,0.768143939585808,0.0933313294412448,1.06964056335459,0.0260894898703114,0.744329354430366,0.000253744878228844,0.0387255170342649,0.62442185690724,0.000946251352017948,0.895912750321054,0.0974492310149796,0.781631554099477
3cd0c8ddbba6020c85a6c676f8f40c6e,8,0.186576423415131,0.411623751711579,0.446111356561288,0.164821457566081,0.137587821682699,0.621987361695171,0.123182567483421,1.51812428185066,0.0425090576803766,0.617961770429987,0.000360874265145411,0.0127854715757802,0.649333286821876,0.000477955388383219,0.760897652062968,0.108742868296614,0.246056071421749
75168bf30caa054fee8da6b16eae67a3,8,0.199045005501038,0.464594835258305,0.132753011380007,0.621165422096092,0.899333880963797,0.310001417260347,0.100348080889877,0.672381373493312,0.0314109480558458,0.73806257972094,0.000584472223784118,0.00888442121311808,0.811638232720793,0.000929886916822238,0.648854330802718,0.0701071155814642,1.09960830128876
c8c5f9b2957ac0b41df70846ee7b5d6b,8,0.139032895531748,0.492947268802737,0.834172584304658,0.870156999113696,0.585984428885157,0.665240957231388,0.162425205816947,1.2609331156272,0.0456768035425639,0.654543014013389,0.000273207286852367,0.0478206929258035,0.68166132554433,0.000707954352384675,0.879995053721244,0.0914629283551748,0.829793469229117
2c756495b3638a711ecb4b082581172f,8,0.196250448570173,0.314966395212645,0.687005001398879,0.0089649429848,0.963282422957281,0.879642990684679,0.0866022116070028,1.20856602182395,0.0299403018729631,0.833161077148325,0.000397133111459183,0.0188545782776779,0.830610954771025,0.00072293797216116,0.71819347075566,0.0918590813924032,0.609708233755639
12de9ed20ebbf457230cfcfc6124c209,8,0.228234496794664,0.534365136955429,0.657398448696785,0.565818123086886,0.781308685528467,0.331611603047312,0.0977445444978647,0.704634030219409,0.0303239150991772,0.816664982249901,0.000493002850980335,0.0142354189002548,0.78976615338111,0.000801266980977452,0.919797458271961,0.0830136018921186,0.938274530548236
8c30e36081e08028147f44f7bc8cd20c,8,0.223562300574993,0.648579882873736,0.0746103428332615,0.289393027217251,0.982394691682335,0.643746916456339,0.144452964261988,0.799580672014655,0.043019835320278,0.665725144402767,0.000329675068332355,0.0396772239872637,0.582489853314993,0.000512157804860472,0.744427187848752,0.104261700425067,0.576064014652189
33a1688419e57975021a02ebbaf74f9e,8,0.200654462918807,0.455784500143969,0.996585836336188,0.894787597261465,0.486631114040501,0.803115284714097,0.11207442099136,0.829614791263309,0.0284653344678522,0.63399127442516,0.000321448110472984,0.0450199186524857,0.564956643706303,0.00108968081413151,0.757747079966897,0.0714484167254526,0.804141168239449
4c2ea8bc6df57fbcafb50a9839476db9,8,0.151382070661804,0.233347664009711,0.818424108681177,0.60121501248585,0.729138219944828,0.816921878376386,0.0342007289505764,0.625796607626323,0.0439916980777897,0.798540122779133,0.000208103118720262,0.0288908635947869,0.843883119931806,0.000768970880558016,0.832591651612304,0.105367634602325,0.67040737844474
6e3a74c0cde637e998edea75a7e52c25,8,0.116087737133207,0.570176917700583,0.511453625376162,0.785256398914652,0.395449977440602,0.678796800451049,0.175376316795327,1.09065263361029,0.0454365941495798,0.624049258307324,0.000365265802243512,0.0250317649799678,0.813937911050949,0.000673436752189066,0.835942484218659,0.099968534599883,1.07226587395525
4b67d2f75e4ab46e80801c72cbe0fd6c,8,0.221434612177592,0.642222120295818,0.45985262131351,0.00534678415996226,0.611451919261599,0.660965188995891,0.0556967255416486,0.263207628690646,0.0302345953662137,0.631793494666362,0.000346806673440031,0.0342790088658045,0.898071433665373,0.000294364557670998,0.661546258502464,0.106554598935652,0.325622846148372
3fb250abf39b54e368135d485815fb58,8,0.188787642262158,0.498159991808823,0.850579023900688,0.695482079216659,0.407105766501302,0.917734975087577,0.146372146100366,0.453144446621223,0.0447114844605652,0.627537215571043,0.000309935303839732,0.068210859275736,0.691411967196784,0.000987623530020388,0.903310793799111,0.075903116948282,1.19710022495755
0dea530e30ce0731373de1d11a63f260,8,0.210279902988224,0.48035310847603,0.552353612301265,0.813312682951869,0.651542735614177,0.755660903088536,0.142304267128838,1.08288303946088,0.0430580626242001,0.637435879754176,0.000383826332875687,0.033370720355581,0.646944643676236,0.000804110832397448,0.641702860895477,0.0910170265998626,1.16887500007417
11e03a892f3f82723debcf53c57374d0,8,0.171366162857836,0.44782550258938,0.508753319709127,0.504241220451641,0.688883305528348,0.679313257670028,0.0535791364027676,0.884416069442663,0.0265346181541757,0.823648492619699,0.000311849631971196,0.0202769678941729,0.978772977619013,0.00060428675300662,0.869183886431133,0.108918840476882,0.577098598738031
9f381af76788ec748d1690bee82da7c8,8,0.185918932084809,0.407147394590366,0.537132585630119,0.692156806840092,0.449148785968256,0.729227398245439,0.172808725098906,1.06227320120987,0.0399836969271586,0.808048660487094,0.000344606261587959,0.0425745973967955,0.67613728394642,0.001098647965762,0.789113044949926,0.0764007878729465,0.437882577102701
3006b0f90d7e1a26be9a1796543f05ea,8,0.182407130301179,0.410270837694238,0.329548706794877,0.641088965522701,0.299436719900062,0.545830954576093,0.117682586979313,0.589760088487802,0.0305915673599543,0.654577757492841,0.000361023186198718,0.0196035013056763,0.511624128493106,0.000310873247219675,0.723920487468739,0.0982763530522443,0.415181129852598
22b014e650202cf410e32b9e6cb28c5b,8,0.198562177285105,0.605948255043808,0.690267229770954,0.853818590360375,0.614777199792974,0.718274761043133,0.140267335020586,0.462471966343583,0.0417515591745503,0.82396017472811,0.000315739584808214,0.0509285455244039,0.829213076889703,0.000260014369565649,0.932296979178804,0.104650132908889,0.933230990042696
92bb6ab976e6ff5ac5268850ddc4e9dd,8,0.218427229078292,0.626637890078961,0.792192498624876,0.72225231336678,0.40200691712772,0.790135022573639,0.143551448906854,0.839338961658265,0.0283400290694027,0.638709862060795,0.000359314167150186,0.051539631617384,0.779913055007404,0.000821537854715088,0.702931073976886,0.0907615707711839,1.40094182037035
b7523d32d194144837788001cc281b0b,8,0.148527653805857,0.417967045471295,0.236978183413534,0.265285709709381,0.00776550118279001,0.853711174989335,0.0831924294090319,1.48467138623152,0.0390153354404003,0.684346974312515,0.000269258169176919,0.0390380942308958,0.804535235926865,0.000798419073662644,0.748764758717591,0.0978931435802528,1.03744121595112
3954d687f06feb6c1f7661901e3807a9,8,0.174615699029767,0.404262810506019,0.717649170745709,0.409968946138054,0.589779272189395,0.461515375228546,0.107901230450501,1.36950550186445,0.0343609387441849,0.840353670273565,0.00037695744017564,0.0189001462513474,0.667206233039815,0.000952005854251007,0.713851401900303,0.097809293498844,1.00160108729637
ece078b656a6a08182cc9432c87e1d20,8,0.234519882770026,0.347304487015462,0.890462327649173,0.450672138363828,0.726294376900324,0.443731105441528,0.0411296343069904,1.07249636261353,0.0370192331148035,0.717445546179412,0.000428302300446997,0.0233899681300787,0.948813299832317,0.000187758118589902,0.717405189105589,0.0770123561692014,0.569247509279007
9914e31f7800edbaf591f28e79edc871,8,0.207672178285878,0.41521818648736,0.013398800441355,0.226453521008097,0.020354862846708,0.924828379030559,0.172489607312699,1.53768923066526,0.0442157193924912,0.755442645089724,0.00040037646468023,0.0220295787798533,0.646627554056004,0.000416041982122052,0.842058480580494,0.10594743172995,0.816664400579894
8cb43d610a1f9719a7dd8108dba6f909,8,0.186378620860883,0.366696523484958,0.822045630173148,0.711318799895834,0.530236236063681,0.415761537844219,0.138716169694654,0.770083321295331,0.0415213240236416,0.655997936313147,0.000456680691094796,0.00791910056629075,0.964348315600536,0.000482489289375456,0.761319035780633,0.0975066226334659,0.758799365238199
e518b1284643341de38987936429f09f,8,0.169053122666373,0.438222949589254,0.603037991703262,0.599210522799849,0.69147150985876,0.519233938507873,0.106826688857726,0.740302162925215,0.0278357187508989,0.654855971153186,0.00030865521529213,0.053560113709754,0.830089485308416,0.000377282016216701,0.757205042175104,0.0784756915008805,0.709516809184155
921f7ef2eb33af601943ab75cf3cfa61,8,0.228870141802964,0.370671051706818,0.703628992059179,0.68580239516433,0.0574230026610552,0.945486749559251,0.174676801792515,0.68306266841844,0.0452727858461344,0.71197592219007,0.000393346720731211,0.0497680433231601,0.78573795799425,0.000294955680023413,0.624346265080005,0.0972959318375946,1.22040242612431
00ab95cf416e60300463c5307c0b96c9,8,0.205064344408132,0.690125935786373,0.400730764699641,0.884137365069644,0.168999235061757,0.332679755447801,0.124665899114002,1.40582440789823,0.0397492389581131,0.834009875355713,0.000432888139527725,0.0258038022600845,0.969959702058952,0.000803560285899294,0.961214352591881,0.0869706164517613,0.878786137720776
0cff6fb0b4291ab8181b28dbf27cd5ec,8,0.129573416883857,0.321526879920359,0.375551848900556,0.96135374497047,0.241394960954751,0.545180338454923,0.0954797378116708,0.39493585455909,0.0356506858787709,0.616364151974588,0.000381692373357587,0.02269660004313,0.888955759178245,0.00052160747492544,0.62172186653506,0.0709618976528772,0.652418525204676
87756832a6c9977d10173026e2b861cc,8,0.198345073908262,0.54227367154143,0.0210636032839401,0.51793614112089,0.830855988219401,0.871887049551558,0.131182696545117,1.6994714557255,0.0336569790451011,0.823820853145029,0.000328024173077885,0.0388512240990713,0.556756134473337,0.0005785481997368,0.697306014078197,0.103971862614417,0.859119314987183
0c391c93d82c03b50a91b5a845fb348c,8,0.212482838730014,0.462464880904153,0.252584999712143,0.119841793705093,0.719246277992138,0.565918630619277,0.13182230609271,1.84446361511275,0.0305193012855228,0.603884791187909,0.000384079686891714,0.0235151096087615,0.871444153975496,0.000818125064159974,0.974551731416919,0.0697475487714543,0.302787534660058
c07011895ea213f2995bc68fa5f2c10d,8,0.134304718079252,0.404285239432285,0.0330728649650529,0.794415848318244,0.302450886551198,0.413584079040673,0.175450565195202,0.170075199434568,0.039476506881681,0.639512681792934,0.000432299894206139,0.023178957652568,0.965172781514358,0.000346540373207264,0.73832040775712,0.088777481545802,0.967972342538857
ff31ee092892c14f498aff44e1d93ec9,8,0.119542876062361,0.479055622091585,0.0291141916138997,0.0467388689229676,0.102134330862404,0.659894220012172,0.136444010565146,1.44519675705459,0.0455962664576743,0.720483972894474,0.000324820832594585,0.026074245126699,0.924903182421608,0.00103222249994454,0.80371268531529,0.105656782824616,0.909882002234926
d5180f048eb56e750ef92c77fc5cc594,8,0.228135720220255,0.382526296434069,0.713173595619224,0.217345399482806,0.210402861454418,0.981573295844995,0.0603245946551759,0.315547500011595,0.0287115074869242,0.698009686309366,0.000379861689946579,0.02465647531611,0.963312491931924,0.000225574778954848,0.674575822687715,0.104299073632076,0.667254668857153
4ad79ebb14fee7a30f33d995a0e05ad3,8,0.127573572513198,0.385111346387609,0.20408127011685,0.394877063154555,0.0724721485661233,0.46018339628928,0.122113624385309,1.65380499824492,0.0407953547352216,0.713329420350663,0.000344814622816027,0.0225973053260109,0.500312282864515,0.000959286733555186,0.678466074197005,0.0765816892109031,0.852814141434334
c0a456db7dfaee09c9c8e9c2c0819ed6,8,0.131423385009997,0.473783188823555,0.981262872917834,0.642449998597543,0.566720859695805,0.393248769148498,0.138546665852755,1.87781317380731,0.0387886093389644,0.609640148614002,0.000369116988301312,0.0117733398450965,0.665592656739076,0.000902738155714624,0.822236115515725,0.0760902211664611,0.398827124365665
c1adeef396b12a8344cfe75b3128152e,8,0.141463088904091,0.457722078241862,0.808064919845389,0.572972667426117,0.210558069926577,0.748741919771501,0.148670133355182,0.347994340287872,0.0306295960246546,0.733318219392035,0.000281183876923064,0.0478640787915747,0.974623789478054,0.000910998927880867,0.929418136641624,0.0971319310012857,0.706526257166652
dff313e965eb3be93ed0e9db993cd374,8,0.136627528987699,0.716730924971299,0.466439663848758,0.0428770592465298,0.383482192519912,0.408535406411846,0.171892627116834,0.686893288283871,0.0355503625178429,0.751935442070612,0.000493408130258463,0.018381551122974,0.900680238051614,0.00041672212590849,0.807240990812544,0.0954189628408207,1.10375915630829
8c9b060c7a645b19e76d4f1b0af7cebd,8,0.14764266441331,0.500424867541579,0.143370791992296,0.743948483991416,0.311319071124119,0.743420874858092,0.144714268872441,0.829918369206312,0.0415046580295956,0.739800979356035,0.000281289209330111,0.0475876752032285,0.654406841417591,0.000698848650942366,0.733845007769328,0.104631776615074,0.993629803750884
45e15ffba96a84844834b480eb5eeb1c,8,0.21041909973743,0.71712445538416,0.300957209943958,0.975115393229575,0.667071327658332,0.502324433905401,0.159684201874733,1.32205465403562,0.0261670802607345,0.665026067439295,0.000439901052529174,0.0256625817634659,0.550655142718979,0.000676526170293811,0.745435623181784,0.0813094625384481,0.54206595832677
dc3d20776ee19f1e8279e8edfb2c6ec4,8,0.160871064381777,0.51457627018246,0.568866695840552,0.174099904821419,0.3506194457106,0.900441724596451,0.124373669787121,0.281372717431798,0.0304620096207305,0.813500543015111,0.000318878781644858,0.0455574180103361,0.742077707399344,0.000670857861062871,0.918176445091314,0.0914163213408584,1.10437502533359
e8ec583f865bf5ba47bda0c8f93c6ebe,8,0.232357877520739,0.651998768124843,0.6786632951833,0.571060790956253,0.886653832654616,0.587655154650956,0.155866913332094,0.150554140060851,0.0433378484312803,0.600141008721843,0.000535462322874294,0.0125459410687391,0.803134347144668,0.000987247843010716,0.633280270302497,0.102561407648078,0.607318937603425
3c00797412048ec4ed131c5907644a24,8,0.182166028868574,0.377200506826048,0.438142289736681,0.968724586627367,0.725732731890389,0.550609269231945,0.116095946765875,0.779341454570401,0.028812837454865,0.630850651965559,0.000384297882589705,0.0263076506254159,0.502732248449037,0.00082761576005329,0.651042537112404,0.0719316909443142,0.766530062207409
28a55a7f550b0ccb12f9b128ce4eced0,8,0.158985519349013,0.450496885028343,0.336958098868422,0.296609495225215,0.326077991561341,0.703085002135705,0.123366372662006,1.37073609481568,0.0376143834729843,0.654610423928367,0.000280941784027583,0.0383416092497824,0.76354666274167,0.000549698230971972,0.830476975067747,0.107513152349682,0.902350725511254
3b8ba6fe55f27f6aeddafb05e73781f0,8,0.218124984979679,0.284617680802943,0.618675785028403,0.581803278137283,0.736123664341987,0.846996231658972,0.102717946664088,1.30521261116628,0.0375959057615243,0.622020915850996,0.000326214496404086,0.0308666959984094,0.612495404789695,0.000302299528133314,0.738708778909458,0.0966517183282565,0.633444355904686
cde6e9eb86abfc3bd81c8ccdc1e4ff25,8,0.248470836775113,0.514505557560939,0.68977067000147,0.892324982509941,0.347753419426667,0.831044284990157,0.121591731647555,1.311042733007,0.040700280299943,0.820865967804455,0.000376329097739138,0.0275816821950653,0.569100294215043,0.000199494462219616,0.77716263854434,0.108426443966725,0.408832483734569
e2edee77b8c5e5dc91e971baca11ce61,8,0.140195645113354,0.453260967513802,0.871960899815004,0.130774246186552,0.827601140936227,0.508759518830972,0.0789099957663639,0.837749679784876,0.0370704183063411,0.74716376908831,0.000207251303244764,0.0330763318767465,0.625632499273581,0.000407787743382215,0.925766994100333,0.0967398757891428,0.158077754746162
dc3c0aca5a136fde81749b5310400e13,8,0.19050114789552,0.501032358997987,0.644813672072555,0.882697240331515,0.234439165302782,0.630511573197392,0.159341522719162,1.63552168175356,0.0382653719103062,0.603482941833807,0.000353687091712009,0.026674644196077,0.802153757736138,0.000938454938744122,0.640808946836061,0.105783758874735,0.242148513689768
12e063a035ae330f5328b5cdaed42d79,8,0.130701003158562,0.306424823247348,0.185476307104725,0.749150330333128,0.253760832146594,0.5383219174178,0.11270274677632,1.86969452315529,0.0281388728118038,0.770493449058426,0.000318208958449998,0.0142945540930414,0.684981677084346,0.000654612351317075,0.8535164749547,0.0986774306741659,0.598816805972142
ce12a08b6d1d960f7ebb6ede7df40147,8,0.201556422157475,0.549443982610677,0.320589579132844,0.214741985561764,0.933492748729854,0.394595063016757,0.0893654497707536,1.02230937797995,0.0331863589922404,0.656692938758219,0.000372137604629613,0.0302865576325072,0.954229879744276,0.000212716951112186,0.916997647887903,0.0892033914990974,1.0234366983381
192a140ac3e9aae309306aa31cbc05ef,8,0.128577413183791,0.505498378817511,0.889620291913812,0.109254081402426,0.528836802226416,0.42149147079596,0.15199001779094,0.106655686278891,0.0450785320443615,0.765976657279581,0.000443347349800718,0.0156762707826975,0.698608546520118,0.000310374458322387,0.706826031416,0.0794932990497248,0.470829352878643
ccaf70cb37db3fda45cf61026f99eb92,8,0.208963604937615,0.249732046888685,0.495737552971764,0.457355380433163,0.81576771475296,0.849208579812182,0.0521962938079197,0.203596643625904,0.0367345138282359,0.663917791877761,0.000338587918035752,0.0236806765255015,0.834994344077764,0.000649424197150571,0.846689553596391,0.0863727304123022,0.419247836960384
ce2d13335746a0cfd341cc945f8d7ce4,8,0.243986657962507,0.414687069025477,0.538045916327375,0.699743955958984,0.313620935491567,0.52762569721343,0.103189491701101,0.672046182862517,0.0433902446115226,0.665146421247101,0.000380213584179704,0.0304787016569101,0.88887605946899,0.00108668328223868,0.958320636477661,0.0772550440402489,0.581750158284489
3bb60542b597fd9a95175ef583795ef6,8,0.137707074737657,0.476728648197864,0.674737456376726,0.526122767733776,0.723972450412813,0.544200115085567,0.142724886688933,0.00830046968898046,0.0365469409778696,0.816595932576739,0.00037339423834344,0.0311864859259976,0.54635845836829,0.000675330907827301,0.871069957486536,0.082499039766218,0.789854330423688
ae31302a74b0cba5aca60dc0ad054f84,8,0.176107519415096,0.679811261676415,0.261850559136998,0.113746752529782,0.574824771172614,0.678193913754733,0.169461737080336,0.819652346857236,0.027395757139783,0.64459809750081,0.000380530462096396,0.0474369915748784,0.814542366340393,0.000419547090484023,0.783620372960992,0.0767289248076082,0.545355522791446
2fb8420d7ea82fdded33283734565ee3,8,0.173900108823393,0.433514607541943,0.861401045878182,0.0630562504641506,0.423479499217749,0.429447657965775,0.173507843408866,1.19130201088537,0.042944319103489,0.719129512508752,0.000482339461920183,0.0065739199808122,0.530456428861161,0.000653589186403107,0.869369678954935,0.0920468242921732,1.05717932863215
d9429b8fd6723ac286d5f9cdf6a35c98,8,0.153457698149815,0.242415568668418,0.55375166244418,0.188859412559318,0.217673436955888,0.91117745362005,0.158104029771749,0.0351450799992035,0.045343820520943,0.805286829941658,0.000359624812797423,0.0176278659735485,0.3386447938077,0.000989244154954296,0.979276446421283,0.0742707937467394,0.515882580298589
5b441f7c0cf2ad64576c5d95c658100d,8,0.227203695885587,0.462096667498287,0.395901193316266,0.24780160905819,0.58953262538858,0.82619294892209,0.140202671043085,0.606081971609111,0.0341308136997836,0.759541711826481,0.000444974265725441,0.0281932036526895,0.896894817009392,0.00091466612457649,0.653025866764594,0.0974056438325475,0.964559591687498
94c3784d7f8c949519585b3b7d8691cf,8,0.205686224423826,0.647409357674744,0.720984786345644,0.0045085345784045,0.860635893588992,0.411787133402803,0.173915235255368,0.551122841542893,0.0420465721553743,0.784627495909072,0.000470845272546878,0.0215765346366042,0.61819002826102,0.000817337691803613,0.893804616661184,0.0946761197475991,1.49925629752496
ba5f8ea5cdbd35575b5493454d78616d,8,0.218283000876028,0.488199040946772,0.81586927404343,0.183488027452567,0.357894414159801,0.428830211989639,0.0791118638305047,0.238843423061831,0.0254596946602457,0.782981903381493,0.000349992289921562,0.0428366884466325,0.744961314325429,0.000819388026229661,0.956111163218118,0.0711907045575975,0.709244829472677
71e62fdb6ce993b3aeca79abd797ebe9,8,0.148994428771047,0.567828570781133,0.220857038213375,0.917540955128395,0.268663096683637,0.355890969556126,0.144246001823017,0.872503431955012,0.0458579931822356,0.766089762728135,0.000427936353730504,0.0115308218923267,0.519234786079825,0.00102825927824142,0.728972732252787,0.0829794268223087,0.379915893537977
93ff94d09a313c00fcf346eed636db14,8,0.111187550676212,0.313749153656966,0.773796495551052,0.799665662967908,0.337921212294365,0.759461330160513,0.0704095072193291,1.61891681773256,0.0409524384954584,0.746386519690868,0.000286321121446268,0.0264251221519063,0.942632099022611,0.000347392660091366,0.699413975346117,0.0821249236489814,0.236699592381433
66cd935d2e2e9eda7d76b342bb9dcb48,8,0.232265275717847,0.43501427312034,0.660464157261988,0.967353183234638,0.560039375201313,0.613978778862537,0.115759102467641,0.727303706975436,0.0343463573007481,0.791845763551781,0.000456564882480069,0.0233509064302664,0.716891805986862,0.000767282231351929,0.63948960610425,0.0905269400735965,0.827734885805424
11ff2ae735b54ed148f9f059631e4cde,8,0.167652701580246,0.356548200404282,0.215317410730007,0.827492761985015,0.973510159373674,0.602075632482043,0.0766685846137221,0.987366431843378,0.0461422935902624,0.763645641583451,0.00032152451837684,0.0413460591572351,0.874796555974601,0.00085411849710505,0.655868154784175,0.0746632847248767,0.958372673510053
3b11ad6e43f553e82ab58b1839038ea9,8,0.194390744410516,0.36254726221196,0.724027487403158,0.824015884323813,0.82083450860438,0.741421059299036,0.0950433478642864,0.171190862534859,0.0321881972922383,0.846455971838689,0.000391516825892836,0.0174738670855788,0.66380690322913,0.000283301448278299,0.711659262806027,0.103962042573004,0.716661539986705
9ffe66909fa42e092eeeda92e0831fe3,8,0.242924218756771,0.609633913686798,0.641756991528365,0.0386380648235996,0.615087035416098,0.716602530962442,0.0934667215370645,0.229863500614717,0.0351834170384992,0.737561960966717,0.000411584286967065,0.0225196801658999,0.729356722404763,0.000830442239300586,0.931391704611213,0.0992491540367489,0.957838020327599
1bcd08acecfe53a1575c0f0a6b01b734,8,0.220680140585546,0.396588648149488,0.0830078315262697,0.846516560507983,0.656067631332091,0.879612166836328,0.171288637694547,1.83270705121233,0.0277189737632845,0.727365632167827,0.00038910117294531,0.0331286530101208,0.786860776152299,0.000496824954909538,0.898514296176706,0.0924894387470054,0.835445443821421
9ab3398156123fce24d357ba93d7c948,8,0.247148409664619,0.465874987183851,0.852132556887552,0.381569645761269,0.58406182274861,0.843822865739407,0.116738219663976,1.19970946516619,0.041761676461701,0.634579489064469,0.000296927500798728,0.0400002519737945,0.84909057097227,0.000776647089575356,0.976957399036032,0.101868462396117,0.929613724629698
cc4eb833e4046440de08ec4c851ba24e,8,0.127981052734481,0.211341578978583,0.180953892371104,0.159139472124687,0.916837653171233,0.927370898829523,0.0833641992368327,0.784361680885251,0.0292712636665113,0.743917965453798,0.00027992112601887,0.0216692082605348,0.778381492787564,0.000312856283978183,0.913533967563009,0.0899014885588052,0.627533116056523
91ad9a93fcbda527b5cb7c94e0ab6405,8,0.148857667533089,0.257942565408701,0.632523194179915,0.425773658367244,0.930602875615929,0.605016225019792,0.0686903757020703,1.5126377037289,0.0277374562728818,0.818656485078652,0.000292238589132381,0.0415332699885187,0.69571167663783,0.000488275934465024,0.652658165583494,0.0708330418519293,0.458355575515308
b8efd0e1f92ee873a1a155ad5b5f6fa9,8,0.22764207763871,0.623366188467431,0.0206306778506533,0.858450596808586,0.0158679090504987,0.479142839297537,0.109597098425237,0.857341672428603,0.0346997645306576,0.607728689527434,0.000471556204082013,0.0201335832506354,0.760105596381273,0.000914784577345765,0.782140736819128,0.0829285636343776,0.95241593459629
ee876d765ccd32b12e7289666522f6c7,8,0.184175552147016,0.373738373700709,0.997170350145675,0.415086248163699,0.135425569235847,0.657273821367332,0.126788003950671,1.54618563514108,0.0318991057442581,0.75571159149396,0.000308785644075802,0.0424593374542995,0.97681304963931,0.00031251647268803,0.708427148720174,0.098924766397166,1.0545167993921
d9ab2dabc69cbb098421204bef8d3e2f,8,0.187755142498233,0.523114381821447,0.761654019103786,0.273978120337381,0.347153713417168,0.825798502559842,0.141855237534378,0.498108609354062,0.0275037878078392,0.823094368844998,0.000365371612478471,0.0350517414166149,0.56153454208322,0.000730474860796713,0.880383942870397,0.089977701356052,1.2061028851704
2fc7986e51c0613131cff13c0ccff58c,8,0.191554424705334,0.279015026370662,0.577739978152625,0.491703415362024,0.160714900174199,0.890820058450754,0.110181916089862,0.471551357552276,0.0445343939751002,0.744879984209577,0.000270684917893785,0.0262066086400768,0.738232698606362,0.0010597718518222,0.966539150213365,0.110197155725783,0.403341265341405
597fbadfbc5347c9d4dd7b932467e747,8,0.197498726288963,0.475524521199367,0.457626854258346,0.265915825030414,0.143056902903909,0.704874897395596,0.168230386083831,1.52110595035667,0.0456983222836891,0.715915255863707,0.000323443760611522,0.0660087982904503,0.74904184629871,0.000971511988496844,0.993613091697232,0.0803930295562213,1.29786705473219
4e731b5b16968eebec407e0dbc62f018,8,0.202412068316368,0.59305237984695,0.214958503764972,0.449768657579261,0.344764074119722,0.399346151735024,0.140661245904189,1.78268201443234,0.0361441349718268,0.67966940816836,0.000382514044111357,0.0350385283867196,0.617617205649016,0.000752328682102426,0.805726937864667,0.0708701425883236,0.395679168238213
7840e6d079770beb11d9b84f6dbf4ab8,8,0.188902793473441,0.345452934555751,0.867782154974206,0.417997741857184,0.431025899360436,0.630079961838184,0.169496772924175,1.42740916729774,0.0314870658722219,0.805765257790027,0.000407684078388883,0.0357304015823103,0.773847692822884,0.000322188040237143,0.876966349907553,0.0733664098910241,0.593946977271902
5329e8a2984d4ab3c27fd355ea8bed47,8,0.17539125116495,0.403144684370763,0.945732972001065,0.483584471055022,0.0570334362223067,0.566993122019344,0.130814963621232,1.04585951419723,0.0459670719843644,0.675021521236374,0.000335570235700172,0.0336741559532024,0.733158089846206,0.000724078684378702,0.902558753646392,0.0835032248998018,1.12375531351676
81631178ce0ec52c1a0bae0630637094,8,0.241517226954414,0.330038877657328,0.0862629430648795,0.210825719650294,0.14277088669531,0.980111107438905,0.108522450855028,0.586550556182565,0.0329976778941514,0.708012424056253,0.000374019342122816,0.0686169783379179,0.912225282023327,0.0001754127051704,0.68679446598984,0.0742435568826395,1.08495212253488
20cba3cbf3014795b74b6d0e78a0dcb3,8,0.161462917379926,0.321722683871869,0.633884216116687,0.0682778249498669,0.37111019154146,0.936230022421311,0.174489808796684,1.13271160933403,0.0334571418215253,0.70909969493588,0.000365422793758819,0.0473947169038705,0.941381965354927,0.000922102377603818,0.664784426180844,0.0865638753287842,0.812765847474085
f5272507130296835ccad3426fecc5db,8,0.124946532909795,0.355652376280286,0.0478702073504204,0.551003967059095,0.947553983052408,0.851670238731706,0.0560678425020021,0.893299152216033,0.0343153530424189,0.785879737595426,0.00021672756972238,0.0563729809999332,0.996502416187543,0.00101615129787033,0.883478697756985,0.0845946456103029,0.864844844642082
a27fe3eaf974049712283d6b42ba307c,8,0.218871798061436,0.379901274050681,0.875601850505268,0.409748807787169,0.980454946787573,0.690341032391956,0.0404806823613499,1.86446021523355,0.028901335343156,0.68650772405695,0.00028643771729778,0.0467575447601018,0.916929723842219,0.000478449436213515,0.886213464794743,0.0729827564031358,0.43184628475151
1399318946cf9e1b19fdeca06d14d56c,8,0.236619719047877,0.691982222646475,0.869209059146438,0.996240419363038,0.635849757653076,0.4330824299056,0.142231516722768,0.0532469802471768,0.037764907256746,0.63225604860517,0.000553013031938037,0.0220775291257928,0.980615769791869,0.000979468012560941,0.800456965983506,0.0804647985768063,1.24376368797911
a2653e0882b9009d0d79c76ae3d0a197,8,0.204202420063202,0.529021837929717,0.121508010502028,0.818459778553224,0.665276235194469,0.886700379172484,0.156463506793302,0.111747170808218,0.0285489277278809,0.677643882969351,0.000408419247366731,0.0270980492821597,0.548988250115428,0.000280109433506237,0.730375266358715,0.101562871933379,0.933235664119681
3dd8776115d0d673c134b3f3bdb580c0,8,0.185314687761581,0.362359432340139,0.83287722221889,0.183382091714644,0.804746712363626,0.36252376591517,0.0596585987706941,0.946929069050324,0.0295551069231849,0.692807007918638,0.000296117790698291,0.0158015932103003,0.840631575023344,0.000339616527445063,0.781440702296623,0.110809374016142,0.399998626314877
a2f4dedc71a20616bda53956dc967b9a,8,0.211920351726392,0.593155020553507,0.650571991867619,0.216105431007865,0.968186993499129,0.620301351640043,0.0999696111776674,1.2074896416752,0.0331481637743788,0.674608534954904,0.000310986405471564,0.0335978016922689,0.751970400526003,0.00106477623639106,0.957765909841382,0.0914920004593326,0.579744554946338
efcf39b5173561ed38f4cb63f856a511,8,0.241809064659982,0.34737999396524,0.607461599334937,0.26475579607612,0.358569716720719,0.616675118224204,0.100971217516945,1.31053777198577,0.0268975900904294,0.612136546149704,0.000479774391963046,0.0140121235792152,0.910464832056504,0.00107267718743373,0.931035185001476,0.0778217163178978,1.09813568008609
66068c570c9ee07132fc52f2813ebdfd,8,0.143508428802319,0.38340305931658,0.546138437795093,0.250607204702683,0.403376703866062,0.721124616606437,0.0941568245791561,1.43675686705938,0.0433523156281,0.761064589109464,0.000309052466096829,0.0541932482300314,0.838880273212387,0.000610147259406735,0.664211150399159,0.0696056340252034,0.569392793649627
71b68726fd8bc6178f2a791efd0ea432,8,0.191280970577032,0.662721445751873,0.769148993436076,0.777241298777312,0.0381117376363802,0.266547915150363,0.125469298135932,0.0927274762318051,0.0410898591844428,0.612515272664939,0.000474118125194222,0.0197325773204359,0.979246704087606,0.000296433218290578,0.688735494028047,0.0994300356123877,1.60113356394149
3a13ba9bfa376a033096abd025a797bf,8,0.202173945674689,0.579995908455143,0.542426399827818,0.96390355897802,0.839541615309358,0.430938141343386,0.127130761973514,0.202597120360096,0.0387413118866674,0.727713936258151,0.00036125213379224,0.0193704857008084,0.522897471113043,0.000164980392548941,0.823897206902404,0.110774293147125,0.352756202751138
69780a54cdad1d1b9b211a94bfd724c6,8,0.213490653211299,0.443439706163163,0.557871111502583,0.477426594244042,0.382617078389089,0.801878905482067,0.150535478910829,1.62217652472134,0.0318093716084145,0.757409029299075,0.000305842494308706,0.0545607338736517,0.996808390979363,0.000316976446604969,0.805518301317275,0.102289271978056,0.37557638887523
ad785febe54045834e530e2725439ab7,8,0.230950832329055,0.620371548410225,0.65702175326089,0.177882399271509,0.536785725173729,0.686248966724141,0.0987974149682975,1.22791900443564,0.0395491953585309,0.610500453017953,0.000439618288485653,0.0238707402614173,0.922986129004658,0.000674821419370107,0.63647943972752,0.101203001817798,0.756855883092326
a472ad004d5778fa02b790e97b4132d4,8,0.185482216961976,0.58373302252305,0.749026157817314,0.730655682323661,0.364592931029243,0.403310504714078,0.175368205316667,1.61445306994091,0.0455266331587694,0.774363921751801,0.000532403754983203,0.0192107289451261,0.711500180212199,0.000284321559567349,0.855952759491293,0.0865316096674326,1.44430065522945
ac84ac835748c05ac58253266b2e58d0,8,0.233823600171383,0.608311886396565,0.289713333578017,0.383948256970411,0.499379329972349,0.24314006217812,0.0772035532165019,0.590534179317111,0.0393328484341526,0.769755788037762,0.000496436783871208,0.0115618682484288,0.790553632281306,0.000694643785555534,0.910482430488854,0.0827147663972556,0.492016689998187
f90466c0bcc587bbd3e17f916df51de0,8,0.221466096577918,0.34141593417866,0.00100405213895582,0.675246809058967,0.214281058736002,0.677633475679088,0.144034562716052,1.39086707801161,0.027961001434498,0.761887011742472,0.000487942819031201,0.0186305647262748,0.691038525602922,0.00087194303819703,0.831572444271459,0.0722358690121171,0.678388004513512
5380c63702a95f7dda56966a30765c91,8,0.182776952003627,0.332253910649353,0.64326777753415,0.558362342294114,0.524652382555051,0.859598824508674,0.160537329397288,0.351216235498747,0.0434300953668506,0.619843883123685,0.000365289160459801,0.0389559659632463,0.90304735368902,0.000770643365193714,0.760183561737034,0.0944725647896313,1.10175860716106
797b9c47517df94d7ac766555ba3a5f3,8,0.2167289671419,0.421401546538027,0.184325837615812,0.759085218317341,0.42679870355448,0.763465376408411,0.109453044760296,1.59067695999102,0.0357494234570668,0.838764688770731,0.000303921499702411,0.0366731989077173,0.742423871090367,0.000156695884209745,0.878309169626217,0.105827387191777,0.324437139448306
a29e514fc2322cac1aab93903cf1bd05,8,0.218058344432584,0.55376122108207,0.460668619859344,0.0301808754264322,0.304337494937748,0.545057395451877,0.0944126649306515,1.71996324340818,0.044545578600736,0.815085384683946,0.000356191527758489,0.0468077225535402,0.979949822649171,0.000320044719214066,0.700331178711663,0.0928130893650026,0.507592786005969
f2abcf7a95ae8d5a1dd573f33e7ebc6d,8,0.175717665025093,0.450537466486822,0.10772597626949,0.918104212534022,0.17858567796704,0.613659003634214,0.137934648687198,1.13751691581109,0.0385029305457695,0.828065934487411,0.000347749335289361,0.0382808754364326,0.472622396576417,0.000363808198830975,0.788747992072798,0.0846051103453446,1.01404465478985
f3a7bee642417202a051e712feac8ac6,8,0.131712716197053,0.547171311055105,0.559545463169856,0.3514227786999,0.553466529231536,0.257177183447078,0.176369294844598,1.31174183760569,0.0263021584861841,0.685498857737274,0.000437913664201833,0.0173891862569934,0.973053503557349,0.000147491778777814,0.891576369024535,0.0809405505188685,0.544283318627299
15f585efa41e5accf5153f17a14eafd1,8,0.191099842693499,0.48240881223651,0.313031075429377,0.00456798338139541,0.957795111710387,0.536530003425624,0.0939405768247381,0.78867974959488,0.0429774974454282,0.755435051003031,0.000349476846209364,0.0385795862874951,0.698950006040667,0.000343135266478459,0.719163450820632,0.0865401298597631,1.09428584337493
090e9232bff81baf4d439f5880f259a3,8,0.162959385243766,0.254566929133434,0.191211023840742,0.922785571399282,0.693587681757036,0.921009213453872,0.0657305865259116,0.494914548101385,0.0361701591250599,0.826821613469913,0.000298057937249253,0.0138841001707736,0.994084988994751,0.000575796361151762,0.897269313101143,0.107707406520552,0.265067263169696
b7b1ed66b633bcee73d0aa03f04ac9f5,8,0.209712148749199,0.387863822277491,0.30810512656613,0.738298500083705,0.659633029480037,0.884934592387983,0.0906949529318667,0.543273923790123,0.0379174294356799,0.662400511890831,0.000272864721766597,0.0626832833963684,0.888671357388661,0.000833611681825206,0.622177511946401,0.101834811631148,0.962205946337857
d910e600646407386a3f7116544ea42a,8,0.173432972419483,0.419047909067891,0.498950643641686,0.299728780911879,0.370065660824116,0.902999550006288,0.0643801164173212,1.33694702856059,0.037858013854768,0.653077910191581,0.000277326177150076,0.0527794514011617,0.974156788597071,0.000273349810083939,0.865277482756239,0.0809676590868268,0.778104835298436
2a82d77fcf093a49cfabc50a1e09b9d2,8,0.244855887175246,0.440875431204217,0.269457307846511,0.309104263945996,0.0523720698971096,0.80801074670347,0.129458845273861,0.07367499063114,0.0369501685794835,0.801174393421838,0.000432992607546564,0.0481531364367751,0.783988540885158,0.000287791210585123,0.8454397741609,0.0795543870988657,0.860426782290243
1b915ac24f76cbe31de8ba11c88b2b0b,8,0.146828581252314,0.34858856404904,0.690724186978769,0.74260562485767,0.440823209526493,0.775590170349356,0.155292565017003,0.244985209942456,0.0353257538160613,0.687509921550462,0.00031496023473708,0.0588940245894247,0.828972204514235,0.00053838208996431,0.687064859332915,0.091703398583602,0.842093630825628
02cc9d50b47afad5c594e4b4fcf00490,8,0.112622897841167,0.283863863727994,0.546850835116416,0.35699104868711,0.719195061349635,0.723215624443576,0.173141685141196,0.47807858167989,0.0332980405179848,0.835217207233171,0.000289855514156118,0.0380981204470658,0.816873123205078,0.000820891369929947,0.736840294763552,0.104339841414654,0.632665190287407
7ccbf738e5e16914e3a3d55852bfa12b,8,0.169352553056431,0.500317310285458,0.632703372456839,0.0539953527407316,0.621208775861185,0.751032084744435,0.165033018990863,1.19242790657226,0.0333139798644235,0.77284914461033,0.000349415769216223,0.0460926276300479,0.568747386769801,0.000539431111569092,0.96120716307288,0.0731196995700746,0.879928131811882
783bc79bad68139dde1ef735fd142ce7,8,0.221998576872794,0.563028838024361,0.837855712426484,0.441176058411211,0.667736377621545,0.495010694275462,0.143248780591276,0.455972662829392,0.0464318994516012,0.651827153341159,0.000482518167765482,0.0261194992414304,0.960293890730181,0.00073615924704051,0.927812192424429,0.0836075867964946,1.51299256653497
73702568a08a1a13d6ac4ae5d21e7328,8,0.172282089834836,0.36354599429701,0.463007974944964,0.904619673993918,0.192832808568183,0.445221856202789,0.0795554417880922,0.867792029274076,0.0441146668018437,0.60590794548483,0.000382653999912166,0.0160214156660732,0.738773598757348,0.000648416568875803,0.92771718655972,0.073640713991883,0.681733828947613
0d017f50b52f5ae4be3bf577a2d38823,8,0.111759043155885,0.549933780027378,0.0866647780249888,0.0538350327826886,0.522649763709701,0.222224536032125,0.148445603673987,0.843317355966495,0.0351640112570803,0.746259622943176,0.000457609576163121,0.0208503995105259,0.889080941205324,0.000585740338377272,0.827882575143295,0.0735779444050507,1.18552065363546
bc1fb9b00d7670e892ec4c0377380e34,8,0.165944739231641,0.367825466178349,0.481862340159868,0.814866440640198,0.819774792869113,0.756221489523491,0.146357767575357,1.7269879141938,0.045636453738056,0.613633384039871,0.000332596401837919,0.0625902472308534,0.862705789246951,0.000570080962040961,0.764769347620499,0.0696411508494749,0.816060547046971
c536c15e64cc77d3eff09de87cd80ad5,8,0.197436768260733,0.588845655747016,0.762054877118721,0.414045597471756,0.0292772858302787,0.498503232990854,0.164446200211435,0.623188535216297,0.0255490058530267,0.804656319395568,0.000489113838012196,0.0141379661999283,0.829049869924753,0.000939420251821696,0.629927300745915,0.0979763108565393,0.228830899329853
30219f4a1ec8815293619b357dab68dd,8,0.1987351540468,0.383420380270727,0.0798388615966028,0.274276567206406,0.209911042044627,0.701979535058296,0.0428387393333376,0.546220215955747,0.0256912206926293,0.714262531479386,0.000332888315043868,0.0406328352878597,0.966485637515484,0.000233401365037911,0.83279696039203,0.0768342559025223,1.01643201413508
e331414ddd752e1b0542f5c29b8bc8b6,8,0.242643328047205,0.409665320785511,0.65012576894381,0.739667206593628,0.858678058266883,0.708608912760092,0.150218095507117,1.43110231473934,0.0257172998871634,0.77656138389403,0.000372436173560589,0.0494819764961344,0.562755296090328,0.000942057494769425,0.691454303397024,0.0763295802280153,1.11668228336087
4d7d94662bb23286e3b946e7d9853c59,8,0.155272315647084,0.294061761246649,0.856902176367259,0.203358459768488,0.359619819012638,0.529258163485365,0.0573323471698494,1.39124883561655,0.0371541412175464,0.607742411210476,0.000299089305600218,0.0223478607138346,0.6312322648255,0.000276192739517635,0.904260821710295,0.0763639995030414,0.388094886625793
5e28f7fc0803fc0d4c85058416cacc74,8,0.131533089037595,0.310741726393116,0.257292162862894,0.245682475993475,0.624239030186042,0.630880108395705,0.162475989653745,1.7341785029768,0.035620608359631,0.759710263450337,0.000337253466949649,0.0341581474068419,0.924348225084613,0.000494425101958855,0.688665797967727,0.10283061509084,0.813013292217158
d3266787f3c0b4077b5184ba119313dc,8,0.176939958435101,0.340292306877982,0.313970181642645,0.278813309560167,0.321672400109939,0.750667769455116,0.120027881492178,1.1549768475258,0.0329523033865212,0.621665092313599,0.000296150130388581,0.0389084272555315,0.601387426483672,0.000771429816770861,0.867857216720235,0.078397581725211,0.499069039059789
0cc960a27c9c81f7cfc5d67519a3f873,8,0.177895457967487,0.415075818690611,0.843406362554901,0.662527806191459,0.442075559849858,0.826827376230282,0.171559772852142,1.04385305940274,0.0414177929703767,0.680065268050034,0.000357498624415405,0.0411957671724627,0.785760619743865,0.000840286384557105,0.859087161991083,0.0831104200209979,0.818741387081767
d000683ca94a5895e0a32f414e7d6a56,8,0.156251416010418,0.23813257504718,0.458174267631599,0.957760066855682,0.206030195893939,0.882265574862058,0.150985734230319,0.881709387939519,0.0340168135301623,0.680748030904262,0.000373700817251101,0.016214870310423,0.652558500221012,0.000790712871154977,0.782383885454148,0.0807653568398994,0.390960236943517
470ad45b4a69b279d6142df146bc2c26,8,0.139235194419253,0.424226124286371,0.594258388985352,0.0394795584521318,0.0680707368609557,0.498192622769709,0.170836190801799,0.297892129752961,0.0328352708125139,0.778963681901035,0.000348488500094467,0.036211460217004,0.381987507254049,0.000209813872963519,0.871705693921641,0.0756249400683927,0.867829607804705
ecf5f8242563da403781cb97558a0b17,8,0.183866845772635,0.514545379898373,0.0136908930317184,0.991738011635898,0.208181987666792,0.247529955686946,0.0819349715448164,1.38977675112261,0.0422268682388085,0.775166405249907,0.000504537834590165,0.0043658288344008,0.685252776582538,0.000922642544627444,0.634669567050079,0.107595121787089,0.733930759253375
6973b507db7c76c0653e26277ecebd2f,8,0.206517106889362,0.52530746808155,0.114001918999232,0.896940477494808,0.823170248844853,0.834618648545456,0.141535404260318,1.40636217039031,0.0349411645111186,0.6044712747566,0.000303107688513003,0.0388825103505049,0.990389754945056,0.00065261715248768,0.982179910443662,0.102090662912861,0.549755235539606
7d8952d33bc7acc592e050880bbe5dcc,8,0.216716933306305,0.321097417426093,0.266205274623285,0.388543527827047,0.127076322401357,0.831978722671545,0.0697776226987069,0.897488526382965,0.0461755474791411,0.727565889257847,0.000323816006680737,0.035884010364392,0.829146886140465,0.000811901884196873,0.893218751135119,0.083125506705865,0.706108210245181
ca1694991a9b6ede2a89d8725fca22ab,8,0.154059148638372,0.3832981342344,0.0906773590096204,0.520103180620148,0.800452416822989,0.782822095974089,0.176237491099899,1.31547040011841,0.0445788018167981,0.736050501095532,0.000290101697988858,0.0644909615557918,0.478996143204492,0.000618683838219194,0.756283764749667,0.077217291124734,1.03214934728219
a8782cfeaa3b6e2a472e10133aa9f3a0,8,0.173024043402515,0.349540519294288,0.296750108413193,0.0940934301213094,0.867293966654277,0.928465194846531,0.0202595115070264,1.62110792720623,0.0323358810502932,0.655909698774284,0.000265058318964081,0.0479973124662283,0.931212570759564,0.000243463082376866,0.718865324797943,0.0710718215020601,0.503243745032918
391ed81706e480e01621e04fa4aa1f56,8,0.190639219050374,0.351466427755529,0.278861005773737,0.112152963945204,0.599970579545034,0.908845452982394,0.15775960301063,0.18502657733464,0.0318885447233208,0.608594954218938,0.000403496861025438,0.0405138274319262,0.643880139907166,0.000952263736084791,0.624259480666671,0.0748603618945813,0.864776282999372
cef921d24ce780b6681e854d55436a93,8,0.221678779785126,0.379748135398555,0.316427597584312,0.34775204217676,0.409562718301262,0.691263486669682,0.128670319149223,1.6623893051365,0.0404977928721357,0.64189339947288,0.000419702607883631,0.0167706967030121,0.887004611685433,0.000461176889897456,0.791544845368631,0.0974715138723166,0.316134636951569
bb649938490313bcd04848475a1e889a,8,0.215656189311529,0.398929422207703,0.219079343117089,0.464799552245343,0.651526907978336,0.585122253950587,0.0482992666787175,0.636497746248781,0.0349760156387433,0.818540841251178,0.000395969645455313,0.0215938771956452,0.750095024414392,0.00112943800448124,0.809312802231505,0.076441007037808,0.350913058236935
cb4839c42cd2463227320872b2ace77e,8,0.204238208360046,0.311822666046821,0.962335191256733,0.947329203458623,0.632731680089885,0.717185211255403,0.160513609438859,1.11578619669758,0.0328003614522376,0.702365476371971,0.000410144883316147,0.0329512195802725,0.572349686692387,0.000198198354353549,0.730084792676939,0.0737783419213167,0.417903945575489
4377377e878fbfce68e96612b2cee070,8,0.245322973813012,0.503655144586741,0.711115473525886,0.259004453493056,0.651747976988451,0.879930470117408,0.174609161157553,1.21365553753225,0.0370831226133634,0.671649006725206,0.000378092338050905,0.0504978248236223,0.516823482753885,0.000747110554541418,0.708069821457861,0.0808660791558593,0.899018261108391
493e4050c5e4073ab4421aaf1069f1cc,8,0.108903922003635,0.506885706925454,0.610815634893849,0.61415242020693,0.465034153500866,0.457002521095291,0.15584606921273,1.64106777715759,0.0363134031942917,0.798881176590816,0.000335110255471541,0.0255530877242598,0.966147701298953,0.000892729331111353,0.873855306802907,0.0838517812405526,0.428299779767152
168056970c49d0d7c3f44f2103c89bdd,8,0.116778503398008,0.516217846879984,0.727329766175501,0.721031244174656,0.657593299241596,0.240760790820267,0.174929648170518,1.37114299012053,0.0381008903474734,0.783760939249867,0.00046439182193915,0.0096973419650993,0.86408817676163,0.000582731070025335,0.627446843612059,0.108228557202137,1.25642021636079
0c3348aa27a44b0258e7aa54028087c2,8,0.207890879743887,0.411120419504381,0.492604869348168,0.28376464347266,0.334403153859038,0.722910756453159,0.0414672492579524,1.88822652586322,0.0308544071056094,0.766995034664095,0.000266900048713585,0.0478984312225731,0.756331592373677,0.000990963915830488,0.769176494598953,0.0852599496652022,0.866463619355376
7bd99f67f48c10877d505c05a26077c2,8,0.182930217009076,0.483659965783726,0.335174851406705,0.121104667659366,0.599383969243431,0.409279210766228,0.105226752004523,1.89278745951468,0.036620510013517,0.70334942812249,0.000396285175183819,0.0189573783776635,0.903349101562924,0.000961857503467733,0.917160783850662,0.0799426888838124,0.550737906897163
4f748f6a557ebb9b8b691d0e3d2084f7,8,0.195765912984487,0.495582439621723,0.253360173333357,0.623467957320442,0.0842470837141189,0.495802088661394,0.151549690682013,1.05528220479295,0.0315338879247142,0.604780113418302,0.000330883996185419,0.0280330579002144,0.512293802671914,0.000137704323047864,0.998039177187649,0.0850156439265341,0.346121956757661
4b88a6643a5f9e8729c58919badd0a30,8,0.129568636609496,0.428922752053719,0.584242723593642,0.762433954357163,0.0478306538713,0.435499346631258,0.158254826956924,0.498597711802007,0.0333662162835859,0.815851828866482,0.000362382454695697,0.00418043784871918,0.912074963092319,0.000174016593306023,0.856203667858352,0.108584273852497,0.191465558454214
61e80677b2b5f2b8cec7c1bb6f0d9e43,8,0.223486048267683,0.576794520853109,0.0116780542246895,0.983328634373679,0.0672706697564161,0.483579016999536,0.0819986099664921,1.50772816757439,0.0438033296752432,0.808677508000384,0.000385301464941428,0.0268168451737045,0.991677690467738,0.000960184813719345,0.680543682854633,0.106198151013737,0.2814050858198
c9545894aa53149a2369952fa4621aed,8,0.144281511419373,0.332222134674745,0.152530802064455,0.335269528166391,0.732661362201205,0.575263271960646,0.0749574441545429,0.431205854100971,0.0373431075044047,0.83047748962395,0.000311523786004466,0.024427709808776,0.864565889475004,0.000411517523712945,0.992432457140095,0.0850441538153869,0.626982567304136
fb2d2cddbdbf2d947e93555801b309df,8,0.180115225670588,0.36685054644277,0.391312147275004,0.039374521026963,0.763412719513255,0.465282431593777,0.131942300245838,0.0130242147695337,0.0383028425270546,0.735617150271804,0.000384144299444187,0.0186013806623003,0.84855624237549,0.000867999787744178,0.946486326277546,0.0951932083490398,0.53697991662613
609f0f432d38092a38899894d4070bd4,8,0.20149655106922,0.290384707804389,0.0239524456922492,0.0787471777603873,0.58316569488749,0.770026301322134,0.101465547262617,0.353900827518622,0.0294186296772234,0.824753592347385,0.000326183437004318,0.0437386765020387,0.722360496597227,0.000482973022070154,0.899627198095844,0.0829046282987998,0.922428002605931
210ec7b4b67063822b884a3c54715541,8,0.201532434387428,0.448408361965622,0.721556583842424,0.278411071524794,0.643969379898181,0.406831632969381,0.177631623138574,0.468669811756378,0.0358421836549241,0.740905446266004,0.000523727655384713,0.0322035929442983,0.960914567397849,0.000223871220352886,0.660766414070566,0.0716955535445874,0.462077538797607
b5e7b48057426462e41c03ac90c4cfce,8,0.249916727316498,0.484142888853821,0.922299575958579,0.551434460908024,0.656188907262506,0.78994440099115,0.113684835684361,0.921087720849024,0.0262404051047154,0.689170531186584,0.000338013192445067,0.0507300158702495,0.710827709559698,0.000151388491417333,0.952508163014852,0.0793789787793023,0.604987705128053
0d1c85cd2a6c7842240c4378080ef350,8,0.131550967940867,0.240728472932986,0.764528622518427,0.772583525564474,0.296646860050387,0.668221138947432,0.0797717093683398,1.52943535781412,0.0307339172687969,0.826021537609687,0.000350488028419264,0.00859904752589992,0.483524512139591,0.000660064591841693,0.722970306019492,0.0921927962878613,0.65706359313819
26acd5b6eec3152103b9e48932b1d25a,8,0.215926440995293,0.324221645381729,0.555061582193029,0.47375050949532,0.218875048743297,0.895352796132953,0.143082424587703,1.5114580600772,0.0328662994209663,0.78905400413169,0.000371738391718589,0.0227439828119698,0.416563999465291,0.000677804203316327,0.66718461685562,0.107679341856024,0.764570414202078
50f82b49d115fe4429a82c60232b56e4,8,0.177449914307536,0.420062624672223,0.98820758830833,0.758823588977736,0.149946264027145,0.956257971151236,0.164190207872124,1.48045437875849,0.0319750532643533,0.604785288134551,0.000225051663436177,0.0683867526515995,0.377318555257945,0.000867926390115679,0.824645962418755,0.0798453908424597,0.490175366749906
a55a5ce255346ffe524b8459e67764e4,8,0.154199274731982,0.301877894659663,0.664315713531139,0.0941306691826492,0.977265954646881,0.490220365952179,0.0426720219784759,0.979475224795214,0.0353604891099146,0.834287027980878,0.000319921289773077,0.0147752995154392,0.917944619161353,0.00072843107305446,0.645102465208583,0.108002935406484,0.410740438815532
cc1d5ba5b4b4ee3dfe7aed82912fee78,8,0.241819202721276,0.493564935641336,0.184480629000943,0.100052383151779,0.246422534732025,0.532562091196727,0.093078155752673,0.917187778876572,0.0402828396870023,0.661374332599645,0.000424800886782882,0.0225925618173023,0.663733729679723,0.000848469241824859,0.878680665329417,0.0870716953455901,1.08553931546136
43aa46d03c277b3845d84eb8e085fd70,8,0.238626378877133,0.362686430386759,0.158178688941886,0.454699277800546,0.869811075871728,0.574133380311353,0.0789219469373023,0.545755452291413,0.0401365104418778,0.691575188945006,0.000398722612637184,0.02373138025245,0.637176481340736,0.0010126209944428,0.906146540645982,0.0713419493841437,0.187328795152017
eb8989dff66b2debe7a4a11234b0c32a,8,0.171908115352867,0.348830794622953,0.179578201535624,0.164744325849888,0.196823267074411,0.746923328768852,0.118824947203851,0.775784383926537,0.0349766173988441,0.761546841540086,0.000282233930386869,0.0663621327676661,0.627915563755883,0.00065783639402009,0.921704354871509,0.0727012295854873,0.95587504068589
a4c65e409e4f6f12dea5efcf4e7d0377,8,0.210820538084455,0.457072841373689,0.515899376725857,0.958127681132995,0.64322790046832,0.710967292332016,0.150225716186829,1.02522285677452,0.0298396235561445,0.847729061511397,0.00037675902493461,0.0361490341119205,0.836450829882902,0.000288417437068219,0.880306777245025,0.104564953199534,0.938037839234647
48e594c56c451707bc46aa2f7a6449f3,8,0.120545485031405,0.359159515931598,0.268575662045127,0.384038624182388,0.955134878445584,0.49542190065728,0.12642870929781,0.902785821865166,0.0302180194948434,0.615616962461285,0.000301285230635886,0.0421688635333924,0.893849968062354,0.000882372734967333,0.765293227795027,0.0721050557853477,0.482604365427393
2d4c058aea1e17fe726779dd32b75f8e,8,0.213578160186736,0.55872630808518,0.469427627263135,0.745215077137554,0.970064578698794,0.433028364485641,0.114658905485389,0.378046516255352,0.0366058289396049,0.813037249850304,0.000344403577065287,0.0652716782425609,0.80419174010737,0.00039543637132959,0.929607007552739,0.0728400738534929,0.924420176346934
86da5841d9987e0abd6986cb7fe28b13,8,0.226581706803669,0.44145358213499,0.42447762265382,0.608511200258799,0.891001573669954,0.493978584732253,0.0634805230973023,0.875501753353192,0.0273405495843257,0.617984535767609,0.00031965245450809,0.0385290550636837,0.959296760762677,0.000594104524817765,0.821733083583131,0.0924662030271848,1.02561873120549
21859a23c2382208e83f738a2595f6e7,8,0.212613773392902,0.430240951165196,0.037538691605681,0.784628986638272,0.826759034777557,0.893944957735817,0.044508742679025,1.53485335563783,0.0415343731059069,0.765418937296289,0.000248301288895754,0.0614460989201474,0.842294514266195,0.00107683943794478,0.789891673294681,0.0804909271203494,0.465336655427639
563c6698ca221a5a1d9047843a7da844,8,0.14873762793257,0.397054569693899,0.733619424457343,0.567791119722858,0.578413362649307,0.569197120223989,0.117368179780362,0.787216725727297,0.0282889713255816,0.821742339254252,0.000283281429265205,0.0446578669359306,0.651770765557988,0.000435800786476475,0.824334767213408,0.0936819990717725,0.787356076008507
dcb62168b2946c96f5bdbf9a9ae22bf0,8,0.218957205766192,0.326925143887659,0.425113858785994,0.448277677033483,0.579010210401012,0.475774076423052,0.155746535902557,0.348018435887001,0.0457928559835545,0.685831409964115,0.00044139491350843,0.0190702849710029,0.600776523212065,0.0006999874354055,0.891816176664246,0.0837420335178896,0.925697607516514
7d9f4f9a6ed61bf783c61a7ef82bcc30,8,0.181656632769638,0.336675579672951,0.184284011431446,0.865270917898229,0.510187339605678,0.617226927419063,0.117153127327666,0.347467373066347,0.0360584838026814,0.729742250712053,0.000338201995594052,0.0392173632991561,0.97967940317401,0.000155551696194865,0.975062869209288,0.0836485507776744,0.591401455067545
cb2c19265922d7593a08304bba4f2d3c,8,0.13496474374595,0.239348768656276,0.547787967117448,0.774251317436916,0.687046953905408,0.971910815452747,0.122039269692365,0.722554650297392,0.0322264587178909,0.742929335772702,0.00029707909909941,0.0149129755502058,0.657303002769545,0.000730314572351195,0.951411552837554,0.104983541883941,0.732024603805789
7418ce0ff12c28ab4009e04135e2ccd4,8,0.148794076440687,0.373412849050525,0.578801185719751,0.708406475573395,0.79980406056047,0.456675949557528,0.146405278196664,0.724422924779518,0.045583753665767,0.650852357961819,0.000362728975588029,0.0181616868477879,0.53221280542191,0.000239367317796342,0.763004218099019,0.0915988285155134,0.5607381929582
75a37c9e701802fc6605722113c1f305,8,0.174880563279254,0.491551254153973,0.120597004545356,0.562816496179319,0.675621900713783,0.534656970365437,0.135474045119029,0.0741061830255255,0.027708474110678,0.798508172016248,0.000360352155931528,0.03384797235886,0.831252800810497,0.000957187993377736,0.760025269134223,0.0990335375115507,0.716475166999209
17c9ebec24cc7e1cc4df27733c7562cb,8,0.212881599129694,0.416863809419195,0.926947203123315,0.22020009440589,0.313024886077225,0.578891411389113,0.158683815912212,1.8521684694499,0.0459657872754178,0.658092235211473,0.000342906829068632,0.029474329723639,0.524936554310197,0.000802351784582642,0.771706335240237,0.0925169664952131,0.752581538878975
85b97ab8b2de5f5f1a66f8d19a9e783d,8,0.24907530094335,0.373327050893327,0.473504428261641,0.476595366844147,0.432279594132903,0.85028913778158,0.125373127147258,1.8289707530321,0.0398650939118232,0.670424955105452,0.000384287088683308,0.0267566825333703,0.846831842670636,0.000209375311803936,0.842666310446891,0.0971639872050907,0.193281154697343
7941a2587e75760aad37072f42fcbe87,8,0.170907620884532,0.413415375058306,0.377727055890633,0.172985974670908,0.737469128119564,0.348174563647669,0.0803290743317351,0.26779803699275,0.0425677152865355,0.848976654409023,0.000429050174541262,0.00748344623907976,0.797733113006017,0.000891835820748753,0.96003553305898,0.0971393116974448,0.900408368050396
8aa437b0b78394b6d9e672dd98a5a479,8,0.202663470724978,0.343082816032859,0.0259568326123853,0.35650885075139,0.0256891838402268,0.471307043966731,0.0982145850764209,0.114213295647318,0.0347686254796082,0.742491269714917,0.000488842260961155,0.00996338299606156,0.77603952797266,0.000791001125593857,0.846293458161518,0.0716960880869221,0.204533044337014
ab3a088d39d137013d0a6a496b4e32aa,8,0.184849981335949,0.462389733907213,0.559691378698472,0.887897601553602,0.435205756445169,0.615166106561619,0.175328927792026,0.0547934412736795,0.0267558968925806,0.7370682187876,0.000343841775375516,0.0478182603677655,0.782347232312305,0.000829022089752062,0.870970875244628,0.101485305323487,0.894639880910877
5128d55ddff6dea65e7a002f67fdba0d,8,0.229567696175744,0.454004651166886,0.368807598367926,0.205967054089552,0.755772260146007,0.858642593606119,0.128409943215885,1.22898395684918,0.0313700959960056,0.822922875849365,0.000338430734025226,0.0602703306428206,0.929995039180886,0.000606025368960791,0.886960189523443,0.0905231071385336,1.04900247165053
6e70f9e47a86c9cc5d46e109e63c9b5d,8,0.241639665272491,0.539069780392247,0.695666680079988,0.49081022824106,0.537637721932637,0.881522024720632,0.139393428294559,0.431754286633611,0.0383754966568617,0.792202381997443,0.000303476824655964,0.0673760568867761,0.846631604638799,0.000371791241351787,0.892898019421961,0.0970049829246527,0.513008114997876
2fad1617b987db06baafd7b1a03386a4,8,0.210352710327343,0.296391722758514,0.10187880300701,0.722117132763755,0.888917307018213,0.601486684564889,0.138229791313015,1.67527843466448,0.0310226649813088,0.787185786979719,0.000442057913520246,0.0116652193087744,0.679501174499734,0.000718615032999013,0.982804455035135,0.0923513728718861,0.935131192435507
d50fe7dbf2656192aa4a569adad02e40,8,0.142318289626836,0.443971527413111,0.840572061498738,0.942066929606577,0.615274631729767,0.571542092384741,0.158334555783504,1.74099060784836,0.0333261414472541,0.781535730452105,0.000285376472427659,0.0609404051067703,0.976767116267942,0.000664103211707908,0.862243418342579,0.0912199498423813,0.645652961782907
e4fcae442706c5ef05b8976d40110a2f,8,0.135514241892684,0.334656147503044,0.807642559972284,0.304069909165161,0.709376308624222,0.736403818906964,0.0763251826065212,1.26258907494494,0.0428986539360703,0.830032680195102,0.000290003558900359,0.0540208095506878,0.982251260649822,0.00021427020817136,0.731449895282937,0.0756738569333903,0.563936529038379
979ac487027911ce8f810b9d16eb1242,8,0.133364383568149,0.272412784938116,0.00256350822428325,0.963881358395824,0.130257116762959,0.790626821796956,0.153895925029344,0.945584918154142,0.0459856685395087,0.823507053333956,0.000353809579544615,0.028447965584529,0.594817372966683,0.000635985218140963,0.796581791277697,0.0713085543470063,0.453485475577664
445847e1cb8ddbff081713089f5cceb8,8,0.245775655674876,0.465820130289825,0.302283213836952,0.765651632575181,0.0734208492649315,0.57361454238052,0.148464059714743,1.20340662617015,0.0277464847985366,0.767870580708387,0.000486235464106481,0.0362308564303887,0.574271650894788,0.000532462371719858,0.687063101655775,0.0725859804270975,1.07120067970486
904cd11410b74d962b52381e4ee1802e,8,0.154615909370799,0.470188619031235,0.142261905501124,0.929446067808004,0.500325442767935,0.675698730479867,0.141295714561042,1.3399574941247,0.0391327065579565,0.739320947945671,0.00029493558556621,0.0486001613250919,0.991136407155461,0.000214454704307793,0.691680139968995,0.099321169195364,0.220158671901505
2e3fccb1d8dec31639506e7738ebceb4,8,0.195477178002428,0.458833928699341,0.238985238656631,0.13108801021857,0.479019040968509,0.462549545317027,0.123644404486444,0.301678882042405,0.0324395373380549,0.78399473490015,0.000424099569589765,0.0274497119429245,0.997841864237604,0.000906012510449892,0.891821656089927,0.0831996374956285,0.888405451844789
d45467ccdbed701e7e89305b9c670add,8,0.184622102037482,0.286412415601982,0.406233001396467,0.802232398531924,0.0401181417417212,0.742339637065042,0.161068937483169,0.875569327493905,0.0374438751239193,0.743940237687348,0.000357167875587594,0.0291068161217007,0.770516952079892,0.000483601774099445,0.835690658196365,0.0935614620755522,0.514856649522195
55ae5c120350ac1d0660370d4022f43a,8,0.232105720547419,0.512966080619698,0.310257653428502,0.40210534703738,0.427546322128277,0.71603280447,0.114013904144216,1.34774813056244,0.0372701195184029,0.846480097011389,0.000347909486097019,0.0350267760209812,0.782968974226615,0.000986417499546966,0.847029752053585,0.0938265951212919,0.308923888790329
c8371d77eb9d64dcfdf104c331670aba,8,0.208270384107376,0.426155269129081,0.421073452637271,0.728387980933527,0.144814567046534,0.728122039439097,0.177194652094653,0.819581990134048,0.038041951869499,0.771255701681071,0.000455023423814386,0.0322178783449311,0.760649938131644,0.000198150507008942,0.831970101762255,0.0915838316661352,1.26907220275953
ba41f7fd639c7e80303f7169b633041e,8,0.177276595099122,0.47052049612469,0.214995242099103,0.0733217361734783,0.918276541136404,0.505644884856761,0.114801683566829,1.4037490792833,0.0296239082284313,0.817567744376223,0.000347759116798937,0.0354783369281865,0.978398236372618,0.000741744364970123,0.838821852637395,0.10268681246399,1.18782962112101
ae85f29a0217f3179f540e11f2e3e1cf,8,0.133241277301362,0.301335255029686,0.892260764835211,0.329176125383272,0.719510805584295,0.60074967823936,0.111963408408061,1.42206422816198,0.0426896782386333,0.743883120408102,0.000206791645313695,0.0391391601181067,0.606370896428993,0.00087999190908378,0.72178261124131,0.103094835933589,0.192456603797411
2ef26a8bcd7234e84b9019d72fc15924,8,0.249930723701375,0.321684628131202,0.989943372415951,0.55849404610702,0.193400619993284,0.926992268555489,0.176688606453249,0.161675651461703,0.0375193979182167,0.759322556304045,0.000306567204523494,0.0494169160154868,0.406508293031896,0.000752362389493997,0.876549052058746,0.0927500236784357,0.739197894325848
e0c99ed9b96726b27b7fb0fdef75c35f,8,0.192196282849799,0.2702896904875,0.466322924083677,0.881571969028343,0.0937539675384109,0.961128727187279,0.171143050880383,0.285941983309838,0.0419148222927888,0.692554945627652,0.000334690344758275,0.0247085757117107,0.383470664224864,0.000809960123892976,0.863278768208077,0.0974514029832879,0.849004183084985
631cd73e9851c870a8e9c7c2a5424ea0,8,0.219036296138391,0.46525149621588,0.354644557658792,0.576277234068788,0.28727111592632,0.357137925363037,0.17221464222123,1.6972913128851,0.0397376576513835,0.689121986939876,0.000443832750842823,0.0187780170871348,0.747587056175988,0.000251043713826303,0.946348445903884,0.0970551754644559,0.752313708497793
8fd26415e28525ff0413d5c97e6ba6f2,8,0.178576803510937,0.449219883221147,0.672897546833847,0.0285221736377742,0.458057637763696,0.476785373670821,0.155897962062,0.0969540002482536,0.0387541789082136,0.655717496803939,0.00035025681967071,0.0185426434588898,0.552123858488674,0.000991028759841947,0.874584419790191,0.0928405928985534,0.264553192564342
8d5f0235763dd85fa6f3d8f3f773d04f,8,0.170586324195928,0.42669441978482,0.909942205863532,0.290155929277654,0.0454547712782069,0.723372119847075,0.141474972178734,1.43476742091636,0.0280722500702021,0.796045767602687,0.000285943591042038,0.0427927217053915,0.814199342076675,0.000750117539137051,0.7954878401938,0.107138420237903,1.18882883152695
f364e077d1ad8d36838ffce110ca0bd5,8,0.175048740799891,0.243188932878939,0.669625404307701,0.925177619488146,0.750045302195136,0.817114586578281,0.153007735821971,1.36504793409223,0.0297144731747822,0.802378129710761,0.000287058770166853,0.0279749550151926,0.789912080493553,0.000691208312977046,0.979581521466686,0.0895506990297753,0.182092150412685
929f0efce899380ad5ab61f988b0d258,8,0.208188651729234,0.393268181178138,0.0574801010093036,0.498815592104905,0.0645820916445946,0.470615980400661,0.135705913032851,1.55781869909922,0.025666410081148,0.811515260800618,0.000367006286272356,0.0320971647252694,0.769997085151759,0.000140134132898396,0.911981571036208,0.0876927220152285,0.342432568119917
ca9fa50cb152642c24f6471152fef9f7,8,0.226049273080454,0.389836139883962,0.467896785512926,0.332801418135128,0.901609354513211,0.959939747903258,0.136362023512721,0.580345472898011,0.0372544519565851,0.732770625488787,0.000381284817790065,0.0246628916445431,0.563329742586271,0.000791771966763809,0.75200479739852,0.105040955174275,0.81361523727661
e299df8c64a18df0b4652598171ab38c,8,0.229618199550305,0.353917876490283,0.586710866613995,0.972777450960249,0.977467253196707,0.713041620120511,0.0623704641806378,0.866091333075656,0.0383208063513753,0.826218608404049,0.000294968724299955,0.0479690835013748,0.878724396717994,0.000999187271453794,0.874939192544445,0.0810413477552698,0.502834233089736
1503c589e27507acd3a2897e1489bed5,8,0.110043830508933,0.208104823414476,0.594715744614385,0.179309482422472,0.992440421314198,0.759833820269362,0.0419152728688993,0.201394550797228,0.0422398746788233,0.68645058971257,0.000222779782966898,0.0378014891259392,0.635995102355861,0.000598451580969087,0.824791482081155,0.0765423656229703,0.321236812628906
6bb5c2bccc8a5412e029a16c7702f0ad,8,0.246317214262992,0.449223633425144,0.310595941007949,0.930617020919248,0.391790423127651,0.957013406216809,0.0855838392907597,0.6531437889363,0.0421552426244325,0.761119362309405,0.00032612095988601,0.0534312480820121,0.613209805734508,0.00024258571257532,0.660619878675563,0.0970064355245977,0.491019768320801
04c5b5b11aa63032572155dd0723ed87,8,0.172143862643527,0.434728749852929,0.845882390685335,0.111342285772946,0.906781081690073,0.336061822551721,0.163856386482704,1.25619352578705,0.0321499762593138,0.633235458513347,0.000422437645877839,0.0256165531109824,0.924637014943538,0.000910373584182557,0.962242217484216,0.0791113881922577,1.10596260890384
84c362c12b44080732c88576cbb043df,8,0.109860592233782,0.258305929281811,0.466949901283044,0.460292667357854,0.27252505053249,0.582623732348308,0.141224743599275,0.532280335242257,0.0388425485934893,0.799640539744702,0.000405071768233483,0.0200198743753817,0.936093316581394,0.000339688607444114,0.700192063675708,0.0740641932281897,0.452558215624977
5a0aafc3631243fa92d118c77df4b79a,8,0.226365044065882,0.356422063774949,0.498281941567462,0.732665844673637,0.309335587478024,0.650146913621468,0.164004398021746,0.445382322906525,0.0298538831141504,0.662767887748983,0.000421647197753387,0.0507575970202507,0.960658871448965,0.00018147670923203,0.70583014543017,0.0902492142474682,1.15797792998429
a8157c75c73d700e776b82a8ba22102b,8,0.157108200118987,0.300208771468074,0.427115755060119,0.0331865039588164,0.326782084834207,0.845113113984343,0.0897025165880103,0.204420336321508,0.0427083847975999,0.636266124264465,0.000262848352051816,0.0393066551306782,0.588949808453896,0.001125984814796,0.648921223660866,0.103526220831263,0.306363660163025
0c666208c68943218941cb2cfac36ec1,8,0.222194142728024,0.271444506877002,0.91981366635016,0.698652875935899,0.707434426778979,0.970383102090908,0.123954951876155,0.473307282210028,0.0273287135978683,0.639175557745158,0.000273910947898188,0.063947901281793,0.643917314663259,0.00104760153804328,0.800170997785245,0.0797021793313065,0.370376581132404
bcc8c5dea6a34390d739516948e1c2bf,8,0.162629225767418,0.29182283285644,0.1860503549301,0.0738393769962097,0.742256951150382,0.973091978681911,0.111849979276794,0.558062487833645,0.0442108888723926,0.644925173533886,0.000267591776796539,0.0389447316825568,0.42442341845685,0.000435920055349612,0.878881815612306,0.086125877518112,0.625080581745701
d55203f49b27ae7111a928a641fa3a3a,8,0.194956029090913,0.503068038621674,0.741239580210309,0.388648798706366,0.120520496402203,0.840459622297258,0.146227596452724,1.76767587103273,0.0287236812223575,0.672762383324957,0.000315228018614547,0.0651644423095962,0.923309346077501,0.00112361698629778,0.7546373713495,0.0776392803709472,0.415116972313119
2b62e8cd2232592c2cf49f1905f14d0f,8,0.244228765789769,0.531933442373454,0.16859124964163,0.519092707329238,0.104927805249138,0.400238685929219,0.0852016534952917,1.59575654453259,0.0327223159025843,0.602215667186516,0.000444590403673291,0.0257555954850857,0.922836496745193,0.000972101508943752,0.890827842030971,0.0737670451386177,0.911361949492951
0fffcdddc0551a3410d667016448a6ed,8,0.200630894882361,0.258716962854051,0.0112632370394696,0.749627340772936,0.481733866594064,0.643490556378791,0.122222114994624,0.516719311705318,0.0268153236984242,0.695114753539421,0.000421124623501293,0.0268173948235756,0.746417340973478,0.000313106612136438,0.814947716624019,0.0742294228028655,0.690387117213569
a3045f39796a92684475b1ab8f9c326b,8,0.115217437395343,0.321772083561289,0.772035573285316,0.559341905019451,0.365306971154299,0.692231223392671,0.0909283243488649,1.02965430716314,0.0399739554833615,0.795722599603717,0.000218289239883041,0.0432651974821351,0.909826853285385,0.000378123140635612,0.847655447902213,0.101987373239804,0.388946646209665
9c4a67c4f8e492e75aaa64dbeff75774,8,0.197881163197008,0.346863798166717,0.719719519589237,0.98014543640619,0.542142290593543,0.551594360318898,0.0434482670763116,1.73673461723072,0.0318354511267327,0.718624150096015,0.000312372125540469,0.0301605911226829,0.759394792857536,0.00053253603135735,0.690504302426336,0.095970893755547,0.398889457422432
ae25d4e8dbe2f9a19aadc6121c33e3df,8,0.127098941280382,0.257367239159833,0.147778858194669,0.401184857133365,0.907804986588154,0.854221983311872,0.126060963322578,1.59301559077907,0.0272362370859363,0.672293944915668,0.000267168505563772,0.0393248369334684,0.388371399356843,0.000141435908807082,0.732020914270192,0.0788761860168428,0.487375664729162
a61fbf08bfcbdc88e65bd4bc61f10aa1,8,0.238187658319107,0.432846959442113,0.133767965562087,0.361968118112795,0.749365677213577,0.457183085905487,0.176224569925615,1.17280680302413,0.0453036142694022,0.644657961971842,0.000466817496613616,0.0375372701161302,0.757735066958577,0.000685571382169868,0.761991331392107,0.0771946099157354,1.35477133612467
328f96a95c7592b3550b37301301dcfc,8,0.19036633876179,0.37886952514895,0.951877296357604,0.202124368907072,0.389666092485593,0.3486056536012,0.0640766398193533,1.15966042818484,0.026821321862162,0.76859946385243,0.000442340349606734,0.0147789644146734,0.923323781199329,0.000281594559363867,0.670850821953419,0.0840375668367061,0.717826914033522
2f83aa1126fa413d28a7cea9270ab63e,8,0.165206492201185,0.284383426781947,0.925739433274721,0.834630625150543,0.37738461023652,0.844815404402821,0.110187288080571,0.92320164501712,0.0451327617439769,0.633812503808192,0.000260591855502726,0.0600783630349843,0.83121650386644,0.000669319497331627,0.991825162507546,0.0773967665298466,0.719277053860203
8f3f1f88c40fed9b3f6350b0df4c0927,8,0.205743063762897,0.262074574546197,0.708141266719715,0.287905160737351,0.206728914549989,0.550749641154333,0.117210376875687,1.56230431777427,0.0412626656214023,0.801922498442916,0.00044528787538217,0.0135616781733642,0.801408222873702,0.00109558734979609,0.641405130473658,0.100294588441541,0.221800411989326
c8ede724e158cbf674591b7ba5a882b4,8,0.176928910001523,0.259056302186426,0.462353634981606,0.751605474184343,0.418186341567643,0.903938962019174,0.104868967448679,1.55803439910611,0.0358564585950985,0.661692901669911,0.000272596655254695,0.0421031259537715,0.699007892153807,0.000927220600088361,0.900596421275935,0.0726047918478401,0.198562283662376
7a4c846f333c69dd50df33adf3661e2a,8,0.161325551310151,0.270382493524164,0.46054073163601,0.379082493438224,0.254100789917164,0.661284008993001,0.0897206365693067,0.466439847481235,0.0285546862402168,0.667616819079913,0.000308947606170214,0.0204121238706353,0.50757540254049,0.00103558446689735,0.788116043461823,0.0893099152566393,0.505443730333106
80565f01c8e93d2a9fd57d44429a4a1d,8,0.136678007918968,0.339580426282221,0.147135981927242,0.99517296099217,0.160927540647852,0.704557361791758,0.158919873833701,1.1309832588397,0.0268666257806831,0.73734778798374,0.000298118229971746,0.0236468420538872,0.745069911441464,0.00036219051438779,0.893540573778489,0.0919790517598736,0.217800276338858
119d71fc740dca58df76d58965fa30ee,8,0.14215073715185,0.225476442137901,0.13591467555525,0.820671796026941,0.278658667375121,0.720084961574412,0.145714535309426,0.916988540391409,0.0361978980435876,0.612801284051726,0.000285093068918445,0.0401540123152265,0.564516798263243,0.000894784268320585,0.827990085981587,0.073624778863692,0.531623073029937
056c676e6904eda16ca0f1d05873d45b,8,0.127458844675935,0.247880520824761,0.245941508003127,0.201108777694856,0.171858877682997,0.806769389400604,0.164552067258746,0.924390954123416,0.0302372368810249,0.820092119729144,0.00026876993888103,0.042215239796251,0.303050113993105,0.00051379342863696,0.660052275512525,0.0852591874188407,0.532744519889839
f61c0f808f5a6fc298f73cb1be024370,8,0.136448453509275,0.225230428242154,0.630828970561595,0.342871712690634,0.0996278504601865,0.615716710978237,0.028830326364608,1.20770842406575,0.0269171307524923,0.687382739990665,0.000338447655560657,0.0083552413414956,0.820277440008301,0.000815088501745805,0.697397826609032,0.0856153027114674,0.282138686016468
d32c8235bae3c14d9469923e96b0b8a0,8,0.166980732068555,0.324874696445637,0.0597820982345387,0.360022865798605,0.142067998481336,0.871902539531792,0.124929900197408,1.23445613145363,0.0342559726353402,0.602847515092551,0.000289395946101056,0.0362700141587565,0.37929912915867,0.000961490277191504,0.936984234195693,0.0753518437609409,0.919478558351432
55c11ef37ed30b737e0dffcbb4553829,8,0.111524165929541,0.204725987265183,0.439665283042859,0.976797414068133,0.577869285859496,0.977275100883431,0.138580951599174,1.25515685487981,0.025903629121057,0.832170556641718,0.000234287437387902,0.0484207418315754,0.49755194336001,0.000904205289304793,0.815184431322844,0.072671445166389,0.279244678174957
6e5d594ece1e766ce46d811f00e54b81,8,0.169916905365688,0.178925509311884,0.774860590915144,0.759363271789831,0.191855548214979,0.762620675258276,0.0946749966519982,1.40742386474727,0.0390445229620893,0.672436996949105,0.000383390817261705,0.0158505381090775,0.457974688082172,0.000929295414811065,0.664278078779765,0.0727687107080095,0.408772219555447
1f44a6df980166c7da1d01e73b0da5e5,8,0.115059323806368,0.231686443531131,0.0195350176607163,0.873260001429607,0.642444978383462,0.718854148607648,0.0569588038588445,1.45841794748948,0.0265997896665236,0.723171886396136,0.000245762397750404,0.0214635160955554,0.87203997290301,0.000618778523900117,0.803649400280273,0.0963342144713551,0.381039783945249
b65d80703ad169f47cb33073725e7dcf,8,0.149985570773516,0.460952108478897,0.105844351432392,0.224561927439679,0.314003186378669,0.343667313608458,0.115640704208057,0.507944629942676,0.0342595084826079,0.678663221829625,0.00038318134531144,0.00591043864602619,0.999492555584908,0.00103068615843055,0.848744922233552,0.093694834595617,0.230199925458718
b2dca135b54af00a63338324a022f6d6,8,0.10264026312262,0.202430872184406,0.0414477606228834,0.321591875587234,0.270352388578381,0.996002986243079,0.0520646932201549,0.92978764455356,0.0349110173119721,0.813167630692247,0.000183246584878493,0.0451975385711749,0.771162421818452,0.00033444689953125,0.762961491456614,0.104849395212366,0.314244789364736
3fc74643c3f1b8edb639072918bbb70d,8,0.184376586825283,0.418829443986106,0.819668028538889,0.626081026105196,0.400249566177423,0.656755219102839,0.15117003053891,0.436058198012506,0.038064747916555,0.84725088564257,0.000359885025708723,0.0437550203240766,0.65365072053289,0.000504126978083476,0.801359652571226,0.0859906401957359,0.765221190343383
c3d643ac677aaea94170cd29c70a3fe2,8,0.151968527297765,0.318066447612364,0.0716668715954224,0.344880539357203,0.351783921789063,0.79288096886262,0.152998315324805,0.397309460997102,0.0295420051271231,0.747915694037673,0.000333712918523661,0.0200069081820274,0.491054886325805,0.000749634446237642,0.905181448595357,0.0979549338162429,0.811324865202266
f7c7eccc4c5251870efabc63a6c4c376,8,0.115473756762954,0.331162519495477,0.105977690475291,0.0196575131571872,0.229555380636713,0.567897256822753,0.15480384726038,1.79134823078338,0.025580312916248,0.780029353169902,0.000347283914032888,0.0293218848877275,0.8260472012288,0.000974257133623859,0.85713717869419,0.0729502766733808,0.528534485579222
95240e09a4ca8e19a770ffa7e00e0dd5,8,0.186938755314361,0.371868398794315,0.980364074211188,0.996218976031095,0.504156983567689,0.51333929477633,0.0597027315776827,1.39856369294517,0.0339222781050856,0.752450688278148,0.000317536403726879,0.0245469368770234,0.894125142782048,0.00109760053459297,0.753194375725591,0.086292029755317,0.53290363719891
86c6d586fca8fed6d79d25621eab00d2,8,0.173743100658921,0.272650233704654,0.719987233180899,0.111903847808785,0.252575739643191,0.898138095946753,0.126577438088833,0.167181417160955,0.0333899676540981,0.662631696083344,0.000324995493477914,0.0251018108514684,0.822286216573554,0.000419335047561593,0.795971220438238,0.104089557277556,0.407593636187935
67679ada6b9317876ead7debdbbe4ab9,8,0.204349714184025,0.390812518021032,0.515629180858292,0.2989839748262,0.817439119486799,0.5611272773895,0.115867223511949,1.24415775761234,0.0257540631254639,0.721828095412694,0.000320614306545647,0.0354322447493593,0.523673370364635,0.000278555602000156,0.886919958553184,0.0836230866165931,0.184593748964579
5dec9b2b044d949d768c79bd04270acb,8,0.197058921130324,0.324342996283751,0.849224168807816,0.297639314417662,0.674715886480511,0.657194102731469,0.0963592834058931,0.782312872301503,0.0301089789065891,0.705723814881366,0.000304376818930152,0.025954192755775,0.835144732189297,0.000844095663044894,0.694138280706394,0.108390503026897,0.570734894197831
427fe302e632148ae3e76080b51b256a,8,0.214127167050856,0.327834156543762,0.384976567162307,0.539487513488172,0.660011047886835,0.614748315209604,0.167582360732636,1.05441748919393,0.0294759298829084,0.766122499289357,0.000438901943249926,0.0347803502726322,0.974266701196455,0.000249013217753351,0.706203235828615,0.0977223849494014,0.964059966133764
2a22134a9db0eca3ebdb97f75c3858e2,8,0.1315418331427,0.276560154645434,0.536819188968391,0.312333112599719,0.806268484738419,0.946426834273521,0.160895044596806,1.59670998193909,0.0311611046171526,0.806490191912261,0.000303663188389025,0.0643797429511007,0.590156896931666,0.000584988361135521,0.642187479975285,0.0743819844256467,0.801548547302166
eeaa11308033fa9defc94df088d99345,8,0.173695778134375,0.244933328541467,0.0375370325773838,0.804555026204274,0.26696017811169,0.763559904588635,0.0777858279180834,1.25658219579487,0.0338776004094224,0.818507934662891,0.000328587381855204,0.0140954504768889,0.685273475774773,0.000264799739616286,0.953526023878639,0.108115525873489,0.635675549495173
de9060953209402a8e4d7cf5d2110d7b,8,0.238231946602025,0.366298535479722,0.0154435029157663,0.90596708388114,0.216200452145319,0.471328235518847,0.0294429666614809,1.52860234825907,0.0320283316938073,0.719389149907023,0.000325112979197862,0.0273503532120629,0.868094235730772,0.000333287482522194,0.963475387239247,0.0971513667390791,0.751681465437141
b79a82b57889462c56faace5869ad010,8,0.217249228256837,0.345546197432672,0.348893197130751,0.88744188831323,0.732267685325179,0.588644041889147,0.1128675144745,0.940661085632933,0.0300610921437035,0.730211036070156,0.000429196036053092,0.0225154033247104,0.503586908051378,0.00109083432210226,0.758109815766233,0.0731899255299265,0.88519513234048
def4ce565af8274d546ee0290d90e9c7,8,0.147930464262273,0.320163327221244,0.659618903258884,0.784646954182809,0.123590318456785,0.667322859455838,0.115411027500537,0.238439991198372,0.0279483983455058,0.651901853045582,0.000305150984399055,0.020182324340987,0.749155153175838,0.00106361576530581,0.763115353797292,0.107313269639663,0.557192401915395
01668eda5d9cd5e335af94fd8e31ad33,8,0.196107427399119,0.351110010945236,0.198167041097442,0.470229245996777,0.600617055039106,0.32553249631547,0.0292708672137878,1.33686527900081,0.0286772839454856,0.765507183355247,0.000318876828541546,0.0225252058973798,0.957324071922601,0.000526571947053706,0.956367823575564,0.0867928954251159,0.313574411211164
2ed05ae21be7ca05ba5de36bf48def4b,8,0.226577139943061,0.342775637428205,0.168708185302898,0.749177371306252,0.802054978314862,0.498477156636604,0.0996763897812563,1.39713243122507,0.0307459294985513,0.704149871630969,0.000425649555890488,0.0317330363366991,0.714444449160096,0.000192106183597073,0.730557566120368,0.0751183477726521,0.354153224092796
462a4e5a01bdb4f0c250e288c0755297,8,0.166192745247922,0.30036404838222,0.695760671182875,0.345062183086565,0.484907988509581,0.720350853957445,0.0404773755406699,0.91440262874538,0.0276048545059588,0.836733794285341,0.000284136113519031,0.0343328711724227,0.868275331180363,0.00040751411173722,0.651858106246014,0.103136808099471,0.255341374638028
754456882b805db6c4f6752e981a790a,8,0.226261303944551,0.433803452141035,0.0883143949533148,0.749772635816052,0.527982632603842,0.766283162743673,0.13237155207754,1.36812901532214,0.0454999614401495,0.684086133523053,0.00035591192390784,0.043871489190706,0.889711073749524,0.00078848795395459,0.821289800969162,0.0878372980797287,0.59851747280361
f58b002dfdb3c727b5f337ac876fb83f,8,0.194946279295708,0.446937508109559,0.773167640385098,0.496122383475013,0.271451367179723,0.420235515262027,0.12537284483567,1.62517920834286,0.0341913036473644,0.636195640000677,0.000397514774347996,0.0268048608561329,0.93178481567447,0.00036208088038402,0.889971547177679,0.0879875256021219,0.708191400214003
a5fc10dfb45ac680fad97479630c445e,8,0.210080303883288,0.441761342513692,0.924954315092627,0.272172836713469,0.768668983599671,0.322490142500114,0.153061739865928,0.0567847279701366,0.0436419642074095,0.808616173919483,0.000439812086097885,0.0242284775655791,0.960520280889287,0.000694830926065697,0.678124594488943,0.0979969792315189,0.93200976816984
7f1333f289977bf117aeec7573a7c8c4,8,0.1844525804506,0.470524724602904,0.971680050831226,0.565734191385341,0.0856038734741913,0.351956438368806,0.142593973721802,0.0975557433374137,0.0307479600542532,0.764208706136046,0.00033958481574375,0.0294553986650637,0.797614638729233,0.00053601188904901,0.69974844884097,0.102166942350551,0.358554926842422
c1d7ef7c1e4a66a84324eb3a9b33f558,8,0.234731523129944,0.40036245497507,0.179931048740914,0.825124193481615,0.469769612496671,0.648029648124939,0.165307225903024,0.12850101822886,0.0439772266127533,0.743313062895844,0.000347278019172122,0.0374641171348648,0.490478721187784,0.000401824466256511,0.990152822848809,0.103367634996157,1.04119982763757
d98aa0369165606a01bbf8c5443102bc,8,0.228012195693957,0.411607653929094,0.0688443340109113,0.622358210666177,0.040998996994869,0.535624029053294,0.111421110401157,0.163434825023029,0.0454269846568107,0.759685771151352,0.00041763690676574,0.0332908601215635,0.546961415279523,0.000844787984938156,0.840573068609287,0.0721777351678485,0.492643102952672
ae10155197bc081214ee27ab22001ba6,8,0.217220080633553,0.393557109927433,0.879164200316796,0.172041092281596,0.585091628023177,0.442653571407044,0.0640076490830686,0.298530437050204,0.0357694861308919,0.736268215378573,0.00042149641934743,0.0204356724618723,0.820291552140193,0.00112565638929459,0.778959914479412,0.0801351144971362,0.718267272682824
36bb127015655ad9ed5ba374f1d29187,8,0.135345799203142,0.265541829152147,0.113494384609854,0.00976650107321536,0.205621279375713,0.753437316018365,0.115308127354836,1.16455997188269,0.0365577100886513,0.699007866980139,0.000290921804864361,0.0463106182191546,0.903289085374529,0.000887441623250493,0.881030115399253,0.0719440597652857,0.48937681630419
693778df74ec9d8a66a453b229932a26,8,0.243270932030314,0.314084458327499,0.255381580641688,0.506494875458593,0.0588294596051085,0.51052927656827,0.13477604139457,1.65887659644873,0.0341977350765413,0.639574883496179,0.000475979609840831,0.016054187022461,0.438748410786214,0.000191352107874991,0.821903607660574,0.0879521577753424,0.980973574149895
d3a5fb0356520f2a43ae2ca6213cef12,8,0.131972315943069,0.283691647170802,0.556073508870202,0.797142466203436,0.490905882332539,0.528768623230585,0.102779961685766,0.461372621166701,0.0331685060897192,0.619355329709219,0.000341771715649501,0.0121199012009234,0.63156769202456,0.000349210265439595,0.677680117225773,0.102049189686188,0.656694275392931
2dd67ac3170714bf6788c0325805f21e,8,0.191397063354805,0.343242969020272,0.875261393121259,0.641941088844101,0.801075214883398,0.553716267766858,0.122286119820308,0.818763358280477,0.027442262776627,0.806853717226691,0.000340869290853411,0.0227232584219017,0.517609629489799,0.000206285900152294,0.727230977278887,0.10385343612661,0.843018013606162
8ba5cc10593028164033464e3a4a38d0,8,0.108088167995382,0.230506288699737,0.631665073963283,0.426409765028905,0.925648985027271,0.647421960843208,0.073238624954244,1.37203190096432,0.0451574758464888,0.760321401888021,0.000209870427694524,0.0324928301182411,0.882385441893689,0.000687699567978897,0.982517736647037,0.0976925645760579,0.441392782695031
60d16f9fb69328f6f87daec7e26f0cbf,8,0.186713586084865,0.403896704073009,0.186525920030356,0.334852607940659,0.209099293282214,0.458234410718771,0.159879396782196,1.64564902007582,0.0337818257152003,0.814288797449639,0.000376706192990553,0.0431065409963839,0.825053586141993,0.000594457367953797,0.692415779628331,0.0872500667929646,0.41214561031514
1c557474508e588995601ee2bb0ffd24,8,0.222341790233932,0.366744026703074,0.280509638337843,0.324407657603048,0.647464522356219,0.733713555901666,0.162482682467049,1.27510743989571,0.0341937695240939,0.689116496207186,0.000324930876860985,0.0600500923260834,0.363160559469734,0.000341222891277938,0.895131224726898,0.0701826751044531,1.01946767872019
e1c21bcf0b2d063aabb6d829f000966b,8,0.202561756123978,0.396401483744189,0.165945916317236,0.0337389751710683,0.819187027982381,0.71581215997004,0.155128566909653,0.546947083836832,0.0306194004416933,0.747933397100556,0.000322871164755331,0.0419331500542605,0.611607875782586,0.00063292710134708,0.823503201220393,0.0922280966253211,0.395936419740379
8ca493f27102e21a0082cb80041f7127,8,0.125579172534501,0.222583674684745,0.0133143299480948,0.56186059586185,0.796425229006786,0.919829743265704,0.150574091899907,0.105766422421613,0.0281460520396188,0.644435194289078,0.000248591322237196,0.0359620754892431,0.452772390436085,0.000885273891808852,0.822418728158523,0.101383480795539,0.663931052592886
cf2b14cecc00703b9223181fea15b2e1,8,0.192723252941143,0.362417299347358,0.61254264586362,0.220579902652911,0.0553123315434684,0.992688057392976,0.139979572281225,0.300440435566981,0.0438699363409585,0.656911873895108,0.000338407926706635,0.068084723213091,0.632483879185797,0.000588747947422673,0.680966773419629,0.0777046443980906,1.0752312402256
3d47cacf5935b8ae6e66f6d51349b6c5,8,0.208545574434087,0.291701316709303,0.880698188488074,0.755793873064857,0.122664479323139,0.852440297279425,0.148897031767728,0.36186250988803,0.0446167131117349,0.655096434360671,0.000296479842308449,0.0559247821830466,0.868137939953068,0.000720851810890886,0.743513606418345,0.0956940492974951,0.367918302865199
d098689724f9e42c00a6bbbc1259ac41,8,0.136390684598934,0.221056921585255,0.732624073698449,0.461483396408319,0.842304273342923,0.949978984238625,0.128983446472638,0.70291529613004,0.0307203972698016,0.826428586251799,0.000283747796485011,0.0505197333746185,0.789985953299583,0.00069708009022021,0.898594433014015,0.0753943300668881,0.515006204343113
bbd8bab91757346ad4f0e126547a9861,8,0.209428539054533,0.436984871272575,0.70847141970942,0.628959942798144,0.168372447917525,0.572620739796068,0.158158347014286,0.660068384641819,0.034589065142146,0.737490989843812,0.000410996450072922,0.0372451244782258,0.865322678662524,0.000399903987179751,0.67503600350722,0.10145294461011,0.923643469595613
2142f248dbb5b8c54cff2a3f02e5ce17,8,0.179807508888581,0.276133145746467,0.572401914119803,0.115922964069828,0.735188958866724,0.576067718663326,0.118386105388012,1.75123871602136,0.0402920446540697,0.650782972874877,0.000309569383949104,0.0187850471277265,0.587736864334881,0.000241043974375037,0.960469293669183,0.109608035220548,0.67020124956397
f14bd680192143865ce71f1d88b96a8b,8,0.145509533179016,0.276642631492626,0.46692574378858,0.531919882401622,0.851471497434387,0.757140712197119,0.154768348002101,1.30750041919277,0.0422684358523411,0.727850100136056,0.000289525968770739,0.0452064172386292,0.475261447868132,0.000590757829182826,0.869711888260433,0.0781518843585089,0.837446165481222
8ecdefea7117f658d05f6b47f7e74c0b,8,0.131637688813839,0.240569250328939,0.357730249022048,0.133496284028258,0.587830555741281,0.495672544946891,0.142283536744988,1.88609265400655,0.0461159870738476,0.828175213573075,0.000320708798403156,0.0259512531100423,0.990142499267993,0.000230662909350665,0.962199721598282,0.0906722029272898,0.457548299713357
2c672ee2510cb465a0b96924aa80af5a,8,0.227697518212067,0.306053550733896,0.528492023450791,0.0889653892669423,0.136743380251505,0.949028152025054,0.166385144506344,0.643151688973395,0.0459480106722428,0.711927204040861,0.0003299755115616,0.0540045951465958,0.37444289829242,0.000799814815979228,0.762405158265125,0.078666585929182,0.224086978156419
4a54865d147d09695d4c21a205f14951,8,0.224276605547657,0.253327683572818,0.757142105373735,0.286608235390895,0.191948458994157,0.567270778335256,0.146278801062295,0.211769785022166,0.0311732325912365,0.770145787271591,0.0003613549727783,0.0108768080885878,0.507288215675144,0.000976539070944552,0.948645377361862,0.105093626917698,0.233124353013359
ba039f9fb7ea2a0198f4de6146d32a97,8,0.166218705912265,0.263461634140522,0.218182130479083,0.95655874624571,0.279791423074049,0.9131023765462,0.0748938181816255,0.36685165676876,0.0320303839162623,0.675228901191581,0.000281914525547163,0.0606544557675944,0.79312808932385,0.0010029875302482,0.646664809906825,0.0728915743863443,0.768049214958529
0c9ec2db702b75b8cb43f8260edf1ca5,8,0.183141607792926,0.308996518278068,0.801527942576658,0.72862642802548,0.427933249104741,0.957665977185567,0.174669375017135,0.480065374093438,0.0426181760043,0.832888375321871,0.000286151196947575,0.0480652046055976,0.597083969091695,0.000472426727957275,0.931507093769626,0.0935334597964996,0.468277637729959
d43ae462da7afb4e0a5de888368252c6,8,0.244343421833002,0.356858432532001,0.569471752235772,0.463431494237448,0.971450926175543,0.886641825914505,0.147944643877009,1.36531856829505,0.0286249597055595,0.664492698665657,0.000325750610995653,0.0325139168029219,0.710876243502518,0.000772369415801699,0.887389494410838,0.105630092806738,0.363666036273789
4eb569b802589527b73eeb1883fbcac1,8,0.240542310299896,0.329251004716017,0.255496384689348,0.752142000019718,0.222291492370834,0.747259333384794,0.0432322531672532,0.715848735325042,0.0400628886036586,0.658061916323178,0.000278450129389742,0.0571860105566547,0.805193953135503,0.000580413771862672,0.805530986508238,0.0855404409863146,0.864154577553979
a0483dfb178d5f19b72f5239c50d6231,8,0.233367092051157,0.274704431812178,0.499607116982139,0.685896060939293,0.0826878535441253,0.686791194384818,0.0404937496068199,1.31646393621809,0.037872299844197,0.774228530844146,0.000390299847082801,0.0313151448177094,0.790194890337991,0.000774534811745244,0.763855600877826,0.0777677659768536,0.224850857969115
0002b5a15bf1a9b0b7f596e4820a0bb3,8,0.235125766675779,0.3290303615437,0.231210005934186,0.98358057557018,0.32821223965127,0.87080217776205,0.0671852064446683,0.102470212977172,0.0433994772423978,0.807687566647878,0.000319462825603563,0.0393814156527013,0.596135553260432,0.000918032528396694,0.823152493749187,0.0989087065692664,0.675755297485182
12f9d31d5ec93bea3b2c68ad7be297c7,8,0.228388081505032,0.241306581908592,0.611519192794119,0.817420631588115,0.937283962210247,0.936298972596544,0.118392806064923,1.19919576858079,0.0368921590901566,0.66464840342262,0.000346778192138756,0.0471284511237003,0.925395967819487,0.000396271567192995,0.900102885169368,0.0749240606435861,0.496500128667445
5eb52e69aa405606c8194b15d0c4f7c0,8,0.104916813253326,0.356899786531741,0.804087694849398,0.733095456399383,0.836770455056582,0.446543068681749,0.168487884088212,1.31512819027961,0.030370989342988,0.691739935355868,0.000302853298294135,0.0184669219945963,0.88318202968002,0.00034621987622938,0.856670558246599,0.0832925310512825,0.163374574478642
602f05d3066832a8e20a2cc1dc844a86,8,0.244881903900176,0.321915831661122,0.877020050370381,0.199201199966038,0.296372090071946,0.759601796075222,0.0882649622898281,1.79149872085064,0.0419288484090638,0.759343470156365,0.000373033168647611,0.0487885188234749,0.722257848881417,0.000643030058533696,0.734001711486362,0.0766637155662477,0.203317040841224
3c79a285a01c89f3ba83675f89c78096,8,0.240251450985083,0.258570558161935,0.630537587134835,0.305808780646253,0.770893627303902,0.90035148097467,0.154006085483145,0.42772243075798,0.034656385107631,0.637626683512537,0.000308191521289583,0.0325864437681288,0.328601944122993,0.000241677741447657,0.901066473589184,0.108763540176463,0.697225493553416
487004609184a5ffd4801b3e9184a8b5,8,0.17477080085296,0.326522336692557,0.607675213609233,0.894944164970691,0.390005423073342,0.518471236052456,0.155355442268715,1.17340885264617,0.0380632101776789,0.602755970053686,0.000342805022496221,0.0373777593365965,0.973301281886812,0.000656277251856657,0.78804307994929,0.0892106932228808,0.457155362339908
9006ad3f25b7e3dda50f3118ab7853e5,8,0.23739786097152,0.29629039620601,0.674030150067958,0.48851269244843,0.168099447916046,0.812681516219736,0.0931388221638723,0.737959653403297,0.0264265819782538,0.691394406787654,0.000364441360817251,0.0264104420995887,0.904274252765091,0.000214680945968766,0.774397679910189,0.11027558517473,0.500556281448173
345017523be0688ec7139157ed5b414a,8,0.248708250770268,0.297540010561775,0.364187626848699,0.305431987018862,0.709467271518541,0.494518888143661,0.170174396707286,0.649864698773921,0.0321554323335629,0.736126082275677,0.000470884441089143,0.0247391902694342,0.528921414821317,0.00103683934871931,0.859097829415239,0.0726138022973745,0.783723812841575
9abdba76561264b5632c5d7b375df620,8,0.165686791531931,0.237817272493062,0.555562232719471,0.500989475651911,0.671868119037878,0.946086053352043,0.0304362198143386,1.52970739031563,0.0462532143178793,0.743020843484016,0.000255822234483945,0.0303023652920878,0.772812959674861,0.00102210518851204,0.649933200245956,0.097924108223152,0.635416990625028
fdb36184f28ddd99f8acc8ced1b96c91,8,0.237004917217948,0.320221996328836,0.766643995509521,0.468619840219788,0.966426726401277,0.792281840710439,0.118720882940139,1.35425655106176,0.0439893372621939,0.645531102491154,0.000252388676592601,0.0686929992601952,0.466129116964541,0.00059981314774019,0.936659264586451,0.0764296946087567,0.318449823567617
d3e3594ac38d5a15a1bd87ab01cc6303,8,0.195588492773963,0.181583464809686,0.219787803172606,0.332231825829761,0.902449116575676,0.642001373435446,0.0757409010727154,1.86585294966351,0.0422881399515746,0.815992519782842,0.00036062990058199,0.0135542776510574,0.713952557270764,0.000782829757638864,0.969213169734778,0.087195216845341,0.433305132439641
21d17b2325b5369b3846e13c64738830,8,0.227091472636692,0.26223485757394,0.789902136311901,0.586641402845442,0.228687418338326,0.773176241079489,0.103509245606598,0.891943485897529,0.0284534222030226,0.682649256503145,0.00030668092802951,0.0389067443361297,0.92920080875537,0.000531927490249878,0.692117525148166,0.10974432264262,0.668770356870392
8d673fd450b85dba0ea45d46b3017b6e,8,0.20811180988394,0.287918024701762,0.652729126352454,0.465194128426066,0.321740133952031,0.914143764981302,0.099933358342649,1.35055625816466,0.0390092794946289,0.708433489670017,0.000279328201937576,0.054592622770453,0.977387789939726,0.000525604893972474,0.8481670921474,0.105987988137665,1.0120049815737
0519cd7fb3755e9bd8e58a1cd6b26663,8,0.240557433046498,0.376822193568571,0.119083024191547,0.591005445092605,0.332026065327758,0.647449425166891,0.122502612104212,1.2660171612468,0.0373176679539746,0.609747825766629,0.000383749715041817,0.0295327319425356,0.623433885248185,0.000302218529046658,0.779488019375234,0.0955287023377226,0.451890270426672
083a45438108fb57c43c829c1afb2994,8,0.222088357566206,0.380708067103401,0.486098057796651,0.897947315040887,0.0172406670695979,0.617058052535407,0.141505366925758,0.070380835722156,0.0417142749362802,0.724057382191215,0.000416923003411268,0.0314339627955204,0.915301036416435,0.000468955221292548,0.949959790863785,0.0965700005660825,0.981109009232776
be0617a7b424a2b7bda0af9ae509688c,8,0.153488854533165,0.162227282891919,0.609689377639734,0.220290212226528,0.250296487704036,0.949358330906337,0.0823910816629101,0.556156161856206,0.0448514042134247,0.773671054555499,0.000298377007669908,0.0229275374689028,0.81318490949365,0.000449669767684796,0.687879226501259,0.105331455197734,0.458448738579698
ece155b1b0bc0c3bacc3fa92fa31b7cf,8,0.219447073540221,0.270401387258735,0.246618355878095,0.557233007235764,0.34226335585571,0.827500380712034,0.173072918987112,1.70018252618975,0.0318990384390624,0.68195201821576,0.000354451701508797,0.0215246339067442,0.281085736385421,0.000877120848189802,0.718494107595703,0.10910918444052,0.250177365207951
5b1bfc4dd903e92678c23464d49cb5b0,8,0.209669159359396,0.225838918343392,0.200260104359973,0.88297300996502,0.0552707589346135,0.958082410555202,0.112227344128574,0.293270073966342,0.0291778833483965,0.650929696879457,0.000294074249576762,0.0305756280179064,0.507766990459216,0.00050144616177827,0.878085660851351,0.108068033520395,0.525029073828672
0a1fffcb7a04c64d404e3f596d8d8e55,8,0.145654950311314,0.274822862840634,0.953412948752486,0.615433693421861,0.574638326611568,0.838075442470839,0.161575151850662,1.30237529438974,0.0437665085602049,0.758344751856665,0.000195079035799466,0.053607357477797,0.515166151582483,0.00103453055512022,0.874118106254787,0.107083922076527,0.615786780609813
e4ff71bca7a82d5bd78a9c7c20861254,8,0.129847219870292,0.292413057245265,0.448348826474034,0.45483326355937,0.391331942904936,0.653549692868959,0.151636919005758,0.775394053229108,0.0450827448573174,0.745556063729164,0.000375364271499607,0.0468356767537104,0.763770421725003,0.000347375126416989,0.644219141620337,0.073903336514241,0.907724848941606
a4cf34286706fc6e90a25e4289f4f46d,8,0.140336732140695,0.185963268487662,0.724494885639647,0.400121747569715,0.425827259983463,0.864442972527971,0.140340508259617,1.15479410530118,0.0280608343617927,0.835010294196614,0.000267075374840196,0.0429318056986851,0.861295453323125,0.00112631312998097,0.950120240890016,0.0744873645808154,0.240919531503095
f9ddd36ad45905e744adb6a6e0b93663,8,0.22587552251303,0.29932256361588,0.0800423861773144,0.29804715393546,0.428446727965835,0.733560861648875,0.0775541605124811,1.26058798891781,0.0424532588092728,0.657199400350972,0.000325621647604114,0.0317735244333073,0.662519576891219,0.000398630590058781,0.876205854941405,0.0935883533248229,0.157532030182204
28880a565135fc4c3bd67212c730879c,8,0.114741469043847,0.175469389776091,0.253774300667437,0.63188516599561,0.244070099987045,0.642755168252931,0.148505484980498,1.011469027771,0.0403155442015811,0.790894708884422,0.000331655185896189,0.0399716061748153,0.735350634941248,0.000257266385862855,0.628797124009183,0.0779223432400057,0.446676368148423
375daa1f87dab8a0df9873583e38d976,8,0.237355790943086,0.240180879939966,0.391619227512291,0.859496702469033,0.876784335827705,0.578160642077648,0.0474271070029334,0.0900891718871735,0.03791271793873,0.70569032518048,0.000473121225086615,0.0161477109903357,0.815151286648484,0.000704321518133314,0.690112112080971,0.0869286713248621,0.259012807053005
d3fda1aee8f7d03d9274f5362d196deb,8,0.186045523686404,0.273618225647805,0.43296784676156,0.31450687005818,0.354929805789554,0.565791879478085,0.0786660331887933,0.592070933186483,0.0453280389987244,0.62352546860481,0.000360534713678932,0.00973859238202526,0.60722959692115,0.000602209380059989,0.931978001613024,0.100621977276033,0.586945257896098
98476efb7c4240d73edc379711c91457,8,0.219272376777929,0.383162550267388,0.423778258997156,0.348172739458061,0.431406484270051,0.499543981786752,0.162168206974587,1.50747806836004,0.0285815258380461,0.654850314886203,0.000515959229444442,0.0111128116377339,0.582186787749281,0.00107476809744112,0.65640033541088,0.0977251732969563,1.13762217517723
bdb886ae44b94043420863790da83fc8,8,0.230154598566608,0.289892380574075,0.476102419246676,0.252498604247333,0.644183344675129,0.552839389483936,0.0660891478353203,0.535775429459734,0.0456197292365209,0.765870201684772,0.000367577783848744,0.0266846160207394,0.8738989271472,0.000396404873484702,0.630685802667985,0.110492982353272,0.653666549362748
628324a128c400d759db2214e080a752,8,0.156825259125736,0.312864901926137,0.553127958251502,0.835163561261622,0.652035294042965,0.57458614835757,0.144832922994272,1.66766198432794,0.0456658474883427,0.719811243922497,0.000326714875878616,0.0417545076010502,0.885496301239448,0.000363596234003608,0.686317723622544,0.10513520061444,0.906459719714758
6b932de3dd83e0f1853e0d4c1934d520,8,0.15003732812117,0.202967433210514,0.196004891363537,0.638670945118116,0.259307209487854,0.959646129818956,0.110015309653683,0.23101117461177,0.0351204652136273,0.612563950001349,0.000200122137708455,0.0584659498096201,0.857999215932568,0.00100126835813344,0.995098909393597,0.1077238716717,0.344236664397539
da209d61f3c4ea1d98d6a0ea7098e1f2,8,0.220688392139615,0.330165569383527,0.160657140169163,0.600561951859786,0.583847803014882,0.675244999712736,0.142135685048677,0.543321706466664,0.0289541410236934,0.611909063472781,0.000381173430494884,0.0584444698051793,0.950730469767779,0.000631549523442394,0.870906567579037,0.0742404133527768,1.02392421078948
6d679c99a5ff8629e2ef50ee510e39f6,8,0.232688434084234,0.26311401490775,0.769898821091457,0.596109015713155,0.132788675655799,0.927412567867267,0.101679379517019,1.82746441733788,0.0327689699339986,0.734653869823964,0.000264798840469869,0.0526061114332665,0.584909591175494,0.000642124929682003,0.878091226976287,0.0975635094806208,0.831774039893487
239d07cf5851b878733730e07baa3e0f,8,0.17449395317246,0.180084680413711,0.98030758826865,0.65246434726653,0.66087546455828,0.887629891118148,0.130555595993503,0.710812706148755,0.0396966708448667,0.634620948433204,0.00027495176741165,0.0551684583019926,0.31765465503651,0.000172695591921911,0.75791329200843,0.0724369496407593,0.663700576984845
484c13349e72714a467c9803595293d7,8,0.134187370818173,0.19269380493754,0.0775392869929612,0.0271588096169152,0.667257132097661,0.712741609400521,0.166808486793307,0.0628159778349988,0.0262880301289609,0.7844749968896,0.000357410292301771,0.0185497223768182,0.685348338395624,0.000749422458267185,0.938284011544624,0.0885840729550705,0.714845489347182
96881fefc84c937da044ad9dbfa8af8e,8,0.1760147231678,0.169760641071338,0.761971466358416,0.58774015973685,0.897899883361824,0.774791563814555,0.0967979661387146,0.38774054533841,0.0461902862729078,0.808028219416806,0.00030591385653463,0.0233416883132367,0.350612243645765,0.000554544283293493,0.937306044607266,0.0863948566386397,0.621353822640626
c1f13afcb86492f0cef1533731683d21,8,0.241765448221078,0.344036206588175,0.779059598139977,0.203754146749784,0.841081126331033,0.540909436829287,0.0884480053344882,1.12815762623872,0.0458156533740774,0.687893247955302,0.000391405379047741,0.0237761428641283,0.897452545650089,0.00106471928289724,0.952619453496321,0.0855153292298777,0.573503469195133
a4504164613cde6c2ab2edb095d35158,8,0.161158613568548,0.1935366481417,0.916657814057784,0.583513801239109,0.416636255026319,0.878188873226558,0.100609227123651,0.490371439487473,0.0262822644486672,0.641621913545168,0.000260475805144453,0.030581388756414,0.541675696187077,0.00035652870038796,0.971565542726089,0.083259434932491,0.136749316761838
df7361b2dcc045e0d920b26dcc8c1384,8,0.104964221407271,0.234150491286544,0.669574759339876,0.0380788905048907,0.499651309673671,0.504440234598735,0.102022665908272,1.48295737673764,0.0312281378243084,0.792718408450592,0.000317232397001454,0.0144283676383803,0.883825394047985,0.000444015048373186,0.891387764674794,0.0969337748417075,0.649011756488109
728141d3518bf301a752773d463ed6c1,8,0.19837423236665,0.191604145334545,0.0172196729638038,0.615395847934637,0.612700799023476,0.759420589787486,0.0552107168914178,0.133013930815161,0.0328131460543108,0.721051043235168,0.000356067934354591,0.0405159676896645,0.900447615778725,0.000584148949942073,0.798005589907351,0.0701678012613516,0.22020472429474
aa1f8314ea178917627d5e69442aeec4,8,0.197673570454603,0.17291311296714,0.461937235209009,0.417252682813834,0.828113219101831,0.924249819237729,0.0892229439043885,1.40464380132211,0.0362879373782815,0.695175268425767,0.000423243808146439,0.0188420216748285,0.716860124437739,0.000286761453039123,0.657166152317037,0.0863602368767703,0.288820300551469
22f925d4a779788ae801888448b62927,8,0.140713716474712,0.145471243447894,0.587171519218708,0.871084958158163,0.64890042690829,0.846125599413233,0.105848002504213,0.0747091738375517,0.0389723033868541,0.824238819007386,0.000255295021145561,0.042684998873327,0.313329290218721,0.000942949013444392,0.958511116989324,0.0745289699235414,0.491147019336804
6a6ba852775d9564aa3314ba282e69e0,8,0.230872024120776,0.263394804531198,0.0495789819547345,0.512866564027226,0.424418867608252,0.86769435044934,0.0926824412978809,1.18998076948367,0.0265022123749703,0.749937814402348,0.000290484532903553,0.0541688026343386,0.58364894881042,0.000227540263604681,0.6444917467256,0.107208734149021,0.412031271490383
e23a582d9d69bfd169a91cff4e7e476a,8,0.2370809616738,0.411704616553345,0.0819999707476852,0.646610054331609,0.7345175817508,0.584965792123985,0.159726929199559,1.47368278752288,0.0316245870427811,0.612729446218205,0.000316024457222543,0.0418169290285566,0.934081848302809,0.0010207240166116,0.944101685685398,0.104567363159498,0.541072142953591
03bdbf2f7b79d3966b32979546fb7e2a,8,0.243523846085023,0.237367069336512,0.426692811561122,0.0463093489840599,0.944390180270318,0.857994429076114,0.154923029380553,0.421930730566668,0.0386194971701227,0.739269509838525,0.000375995076103682,0.0233222578403431,0.723868700115577,0.00105421095165977,0.911997991493183,0.106068593151827,0.659902987562576
e91bee471b5eed9c1a42b2806f34281a,8,0.109442977005025,0.232327089429937,0.611258803430434,0.134458973561705,0.807549302869079,0.748894276628202,0.175861849173335,0.0438645131489971,0.0331386609352964,0.603956660071224,0.000274380761252445,0.0171770265265674,0.419793714693658,0.00078726122546885,0.90841592903274,0.0848810783405247,0.118815479481109
bb751fcd8662ced2f8c3671a839ae829,8,0.104314236136221,0.264682487729631,0.0457006478129016,0.695983652591942,0.942993283481816,0.62926987789829,0.176476967324187,0.501959107707821,0.0270837181402504,0.777523408798622,0.000340001060837776,0.027925904173052,0.81637795544706,0.000827455280649802,0.797092489790462,0.0912903539372056,0.715039296570328
f4818983e678d11d6be0f3520c438955,8,0.139811586196105,0.210055541329944,0.902469085540078,0.494065585729789,0.912128134245132,0.889191441312722,0.1159597528895,0.275720811692327,0.0425150635912922,0.663277646791526,0.000190268386705659,0.0530171747920227,0.413380264301932,0.000751193226714986,0.845733728667723,0.102925381279696,0.654081562921122
54f658756010ff5c3080fa10ac6624f9,8,0.197930601141028,0.195425332329007,0.205622664164711,0.962986666737792,0.692992679224117,0.91988213768145,0.175752167544055,1.49961513317019,0.0305646669342335,0.796652789050144,0.000314996255718472,0.0274580739509202,0.413740116203435,0.00107422563962752,0.777504592519589,0.103037548176788,0.269038127942582
eed90fe8dc8ba331cc09f9340a0fe150,8,0.167949231910211,0.24693281605064,0.374259511826214,0.851166433846195,0.4757491665994,0.542055064030719,0.0763069237204006,0.215402363465707,0.0384750100000652,0.802610503040127,0.000302574199536368,0.0255388444243156,0.864245430820908,0.000603854000694744,0.94855041770117,0.101060331342151,0.760569691302265
e60411dfbab68c55cd12ed8acc924fe3,8,0.177933798360329,0.270728529214768,0.996149914849169,0.0987359130463172,0.493404500273618,0.630603827055037,0.137838044557104,0.408723818718776,0.0392089642805487,0.755328414639628,0.000292866174939194,0.0514228252998479,0.648288264357577,0.000988713781159089,0.912073364704308,0.0730184694509665,0.320827926351828
69a2586e30f7e2b03faf1981831c2b33,8,0.217152601439803,0.190626400643027,0.00909713331882173,0.139966903282843,0.646912811621835,0.784898118713831,0.0635868249854663,1.64808930428115,0.0359032792273832,0.721776640640982,0.000340247884829311,0.0261570709078566,0.55802440165915,0.00109982286097388,0.897537741172458,0.0762736410506478,0.438449276678014
e3b12c2c7333a9daff70c59d32b7d18d,8,0.203609043398625,0.282894260122727,0.0468603230389143,0.850994438608862,0.497405183982987,0.750921485785064,0.0842881999443939,1.02473146345175,0.0335843770960289,0.783599437498492,0.000300892689334832,0.0578905469998277,0.979724972575143,0.00047852667700897,0.634175737495417,0.0985381183475457,0.876760784997123
2ba224b2fe2f9a0dd740dcb5a92d6fbb,8,0.241133828146841,0.319838010230278,0.26761091366614,0.36020486682739,0.624471128728525,0.711234607396168,0.143328739791147,1.62898437587913,0.0413325408645433,0.663145049427848,0.000366129172853205,0.0444953801828716,0.982852800400162,0.000759811819888219,0.916552629494471,0.0782117994627879,0.388531267593654
af2ec9bec246066ec7a3ef21bf968467,8,0.2100688987121,0.173831994134378,0.134362336154034,0.354311527633211,0.0972881943625672,0.816253521216947,0.0752189994223903,1.40325649114054,0.0305607489193646,0.758214105195439,0.000304115004986144,0.0476745127562353,0.756716253738494,0.000438424400751669,0.956118302319825,0.0749284967661779,0.73025364161747
9b7387f3eea8d2ea0bf76c4eb5834b0b,8,0.167893018990043,0.272861101515558,0.0670962218335069,0.273305268657551,0.0862349955488496,0.634954784002514,0.151817837536223,0.498892152820728,0.0341528763493356,0.754342666110559,0.000413695485083868,0.0205024442988953,0.858738804708464,0.000708050325247784,0.690855385869088,0.0996109145126719,0.690049100699927
68738a17867b29dffa8d2ecc918dd35e,8,0.217540331446127,0.341085550999405,0.256263606182166,0.949660558234061,0.883421594159753,0.705245492895839,0.177153568296786,1.41392475916457,0.0310565304248436,0.789422785957046,0.000407910016840152,0.0353063487869344,0.762889268420251,0.000991081099857055,0.824480058348332,0.0928403288636954,1.15013585987356
f74451373025f43173ec5ff723886ea8,8,0.129864780790677,0.178702748562883,0.0364867333202924,0.371645468240244,0.115544622921186,0.689046983636612,0.059582435124366,1.6515329034852,0.0352401346870246,0.817395208864421,0.000257885862950896,0.0415962079906296,0.866775046721751,0.000595540570904205,0.694018688558993,0.0841107547432276,0.432522098606171
534d621b442a6e790bc8c457bf37ac4f,8,0.247826999443464,0.237324022785957,0.238634127086689,0.216287539077799,0.953842640388346,0.664854550960091,0.14113285927526,1.80621662428645,0.0275937101583218,0.661386926132798,0.000318267080342443,0.0403696370552402,0.484947211640053,0.000709683341085447,0.953770599191878,0.0827593636885975,0.33388288560514
75112f0942ea7199863e1fa54c8f881d,8,0.149759474643656,0.215247295808875,0.903583242249134,0.0981026868724696,0.336949383120467,0.948834390980975,0.0955862024910575,1.31241213621126,0.0310854967559863,0.785334545838726,0.000204189451550341,0.0560099139727295,0.823595820013058,0.0011201499882117,0.914203568800332,0.0929369969071507,0.34806408505304
e428aa0d8d3369b87059728b8aa483ac,8,0.247349107489039,0.29975978666466,0.457371815580255,0.199458895604698,0.171407546923489,0.935168385706134,0.147628004466045,0.494179245212307,0.0289321176429953,0.76184559221011,0.000356710476114555,0.0496345905523748,0.637751883797422,0.000393592462607284,0.747449563246719,0.100565288973564,0.844976060542401
1ea819daa8eff5ed96e47cd53ba67e24,8,0.220263565417664,0.205397614562473,0.484894682198681,0.650262843493752,0.65521514390436,0.573709751153679,0.105291644650915,1.01238995618345,0.0325140571272435,0.661058780951751,0.000358702715494668,0.0396710369273249,0.94479207458056,0.00109123869735517,0.842869873539651,0.0741127408987234,0.727150967902499
2ab05f9a62ac57253940d984af0f8595,8,0.160754857445063,0.150755733353692,0.0218184578761301,0.66999203383159,0.22086951087157,0.985271730697374,0.0766084001372187,0.336916935347671,0.0365335177247861,0.605187055808633,0.000313562973972416,0.0339297644802486,0.706075382608701,0.000566575827618758,0.750789304156312,0.0750894214372018,0.507203191753262
ab0bcad6f635413aa54302943192d771,8,0.171716451865538,0.290020526167378,0.775697851174782,0.815514640191036,0.533804677567626,0.545874425200549,0.134286462955687,1.06787517534915,0.0449541334356658,0.726088023741412,0.000380386316897823,0.0546562750802843,0.957603080793252,0.000370357894664877,0.668549064595772,0.0784866685262396,0.979043074108871
426e926e6daa35fa7fcfee5b7dbfabc8,8,0.223979648772342,0.252799809789104,0.00769667176296934,0.589479345191006,0.223507608157165,0.900252257891382,0.177482746245158,1.81295374464336,0.0359847506308275,0.792091369279061,0.00035000550426276,0.0513324152365648,0.877052242279411,0.000872743796742415,0.756630224118752,0.10632002839848,0.923133447038494
818126e3ea9f15a76bcf9bf10bd8b48a,8,0.126485079512681,0.138290646811624,0.346844922562065,0.927807871360753,0.0952362761127262,0.928883173854048,0.0744661914827877,1.18022402803911,0.0281277599219643,0.712808951310401,0.00028799486552067,0.0446700252352404,0.975555271548513,0.000388510609460575,0.692481099721315,0.0726681597463476,0.528043384796692
6a4181a41d81f4f1b2b68029e145e42d,8,0.171141853001339,0.213690950025703,0.205654092929086,0.00195016726671704,0.496958117022022,0.729665710400321,0.142704852724213,1.45490754975442,0.0313660773720957,0.670614870933821,0.000289487421146637,0.0377735061715638,0.864102700546781,0.000806690800301637,0.907809309961017,0.0908508933953412,0.33004015840792
3579e302b573d258d60f62552a9400df,8,0.221890095712585,0.245877703059347,0.0628451365054421,0.871342912651924,0.551368883110665,0.83926433916957,0.0621621928643401,0.602807112446354,0.0407590814720623,0.73526502830716,0.000278189085111364,0.0444185586107598,0.800320714466031,0.00101495493717768,0.648058431758931,0.110238699626937,0.628364146706729
0619126114da7367377d47acde360bbe,8,0.183239693489102,0.220323577823164,0.49163215080235,0.442208977480648,0.371690459411937,0.783151740161164,0.127671483946622,1.88816537274789,0.0340836558588519,0.84152538404518,0.000265677053090859,0.0617750481311187,0.722427323640656,0.000481207954993859,0.975960931777987,0.0755658944194315,0.19793919544318
73254b390a17875c15a75e63ef5b4c1e,8,0.116033438396571,0.215791560632991,0.738396670588751,0.469279551919437,0.901968133028234,0.793572260624359,0.152523961074991,0.632980321789314,0.03529194549734,0.821351975080812,0.000290021519092908,0.0396182761569236,0.816899042217013,0.00107101784914121,0.724932217419051,0.0843007691546573,0.233630480955101
44164c1e5f11342f5406c953f0f9cc02,8,0.247578231826403,0.194561227022613,0.680755221968866,0.890635859983946,0.665553129879546,0.69762629565688,0.0975062690611461,0.821169821142019,0.0331642481919663,0.821412254048251,0.000393739400493133,0.0257782055533438,0.902781056672087,0.000226709504805482,0.953462542754992,0.0967254258637896,0.698098199092062
2c6e074296d283efebd93dd4196a58d2,8,0.238381851386101,0.200917559170012,0.067451054014108,0.4380713809763,0.895665960451143,0.575913191039213,0.0620864602533478,0.175249423428245,0.0334917840362636,0.779525062433176,0.000345668012886335,0.0324849283947916,0.789990880899049,0.00104173531779198,0.873460062038138,0.0872145873021128,0.353312032564392
434286c49bf43b1105d100c8475c9ddb,8,0.122623695470662,0.143075693029019,0.555419876140059,0.703159114340293,0.588801652388031,0.873113347370897,0.0943239034040961,0.258495636366445,0.0376145219687159,0.77522606505795,0.000253238535091238,0.0584163457363699,0.918022524983587,0.000548443834593391,0.728639593962387,0.086045635581192,0.373953181436265
1839a17b3d460ad2c281c09ba2fa284a,8,0.153534186460701,0.166067792765116,0.493988980126451,0.829147209751382,0.462238446772664,0.971242663563415,0.0586118479608969,1.8558320840336,0.0319454619009455,0.716112185033194,0.000180116117701369,0.0660865059930955,0.818191646229061,0.00111812405643452,0.859369403221352,0.0974425133908969,0.519393852510298
880927c2a9a846ed672bca492ba54501,8,0.14566834046334,0.239169030435403,0.627251780427914,0.105394535344488,0.818309522584502,0.860842598179431,0.175736886373345,0.212293792734681,0.0331253711723035,0.763480921069593,0.000336643816641857,0.0343725623427746,0.841187037516888,0.000714592660856245,0.630834724203274,0.104494314634146,0.185152488807163
de54788b4c56e0e993aac7435f796599,8,0.174565826700585,0.226974533974031,0.795747920074466,0.310892790555064,0.0790268391432405,0.701551173186539,0.155204944715037,1.19321571426613,0.027303755486679,0.63456728186695,0.000270306207344121,0.0440154801653571,0.556815891303457,0.000688040466836367,0.939128430905983,0.084221209128123,0.247616890994294
a98c1a7483b3d23db4ab91fa16126306,8,0.22193217192452,0.196986999225709,0.417549047939315,0.887313624239195,0.544197316085047,0.908043740258801,0.122161000839551,0.245784681755532,0.041232579907814,0.672390017742574,0.000332841943874155,0.0573113669998023,0.594153052721708,0.000531915072842182,0.641059308168208,0.0904283549735884,0.310798105301264
deb00e2f4a75c3949090dd6125edf6fc,8,0.184028336058057,0.201883667997533,0.428670728247859,0.0846798184591427,0.948198926872317,0.988432042636722,0.143637968024535,1.13459779707491,0.0380084366583557,0.779476241791314,0.000233084083053508,0.069207075303463,0.682624106247308,0.000525076685272224,0.937467407322068,0.0899446824966312,0.223695371000789
d45db8b88b7cfc9787dab49350cd3a72,8,0.161725018771402,0.155248476681617,0.210880679687715,0.87540973313752,0.428039748083427,0.924024048419612,0.153518184745643,1.43865054640954,0.0293678223801222,0.610817952238058,0.000310350776523356,0.0260359236801395,0.825949383722556,0.000849201378862483,0.763022525243857,0.107322212969563,0.564351307129559
829fc8d4504ca7b56f8269a90ff57e2a,8,0.207762489403055,0.208019407579391,0.660943642014703,0.268121342797206,0.659010884934413,0.948381540993179,0.0739715804551195,0.986447568502368,0.0321333579382587,0.606321481625072,0.00028282135295875,0.0472296018365056,0.928973603802409,0.00091773774100704,0.738103043960702,0.0938182325809069,0.64079534125598
b45ee978ef998b5270941f49819e2928,8,0.152347663865431,0.205343379828996,0.45244245274708,0.610882899501902,0.75454435073358,0.6298902113221,0.0990067658137931,1.29729185142174,0.0285792169164323,0.831855387409301,0.000237657133408626,0.0661772673543091,0.919458775903416,0.000207591178152772,0.78931059039402,0.097587412317879,0.217603799259921
bf1eb7d21ef0a7f8e2e72ba806b46098,8,0.142619147041873,0.121695488041765,0.265555262606666,0.0447396437205573,0.619444686995651,0.953031605068557,0.0481454882202444,1.3673728587036,0.0452901889708711,0.665610631078851,0.000228196526026433,0.0324208660918279,0.736553943755031,0.000767854479079387,0.800239074931428,0.0933478184529617,0.411256877272554
816e3a9c2c8551317d79ae2c496def88,8,0.233893348049667,0.228207861426864,0.198149335669158,0.0966794130869333,0.249129035878697,0.695679009283627,0.0991216334470274,0.5223226311871,0.0324028079767711,0.801032453884965,0.000401675299617488,0.0218049049490455,0.467650257528314,0.00106675515905328,0.814226348499954,0.0905161073048539,0.523968177653523
5cbf19855b6cd3bab185d7ade91a7cd1,8,0.150079658453925,0.18757629048979,0.710842592500113,0.469198870702719,0.192331980884209,0.722127822079521,0.123263237442593,1.83254655615972,0.0294329769695325,0.67905075460776,0.000245794412439446,0.0340836612488221,0.513137920430999,0.000745900040231977,0.718608922326573,0.108608984306903,0.475189455448225
860c4ede0742e7f5dcc843580c42e462,8,0.155037434977428,0.132906322615916,0.213908096155518,0.0338208468695281,0.276917341326172,0.732732274330935,0.154341084195008,1.06532120656956,0.0342870033149154,0.627585438900813,0.000348101076852543,0.0431934413147475,0.741157216791018,0.00103460591881283,0.641589153184421,0.0728959390680533,0.557147196564612
dccaa96893f17eeac687a47bce84bad5,8,0.245085205085534,0.27722072474911,0.337296821117394,0.250489159100381,0.536731556979135,0.783595646293557,0.163849729947866,1.33708587370259,0.0307850528101159,0.748923749803649,0.000396423683326935,0.0536545524097606,0.73834465515327,0.000309714066693523,0.818766140531811,0.085981705789984,0.9911741226752
3be0fdf67ae5ee3a10499e6869d77f78,8,0.173646918582349,0.160437745706976,0.654853259250385,0.243352426089542,0.208905736693739,0.892675151153983,0.140393205852988,0.78706513749542,0.0456557819520981,0.81591403667928,0.000354738079411205,0.0275434091817738,0.621173855065499,0.000734393237685959,0.763211453235665,0.0912984354171791,0.589411033866262
89f82ee8dd88987073bd14348f9b5121,8,0.218483730652995,0.22943814589493,0.852969749963856,0.0417791772102389,0.539508425987117,0.578597200151494,0.0598796623444667,0.595366508613837,0.0255616614869489,0.639814751125394,0.000268813548186291,0.0401275034684069,0.856653157398059,0.00108454144758452,0.82436369923425,0.0970369009392118,0.450214433581672
ebad8b5d497f7e988954de2c7d804bb7,8,0.227802574264099,0.238005370933292,0.680416417249225,0.646311951034911,0.468524390792762,0.89597910137213,0.17030396959662,1.14144215789631,0.0331299727455777,0.614786676171724,0.000372554725969739,0.0613306155406924,0.899950091795332,0.00108798290724992,0.655516540282168,0.0857089871777981,0.83537093398865
576aca8882dd3849ea91ba6506563724,8,0.198695256935052,0.177726881074606,0.0644836150489145,0.819455479008063,0.420655091319504,0.726491181184917,0.139049012086929,0.816451667941831,0.0260147080733919,0.760126948297864,0.000297191939660845,0.0380264885646406,0.495848469324126,0.000543351003303732,0.765264562877447,0.107309444574241,0.328136966768769
c91bf0d3a0d7c67592b242d7e8104b35,8,0.22618361117908,0.193005603065943,0.206620726642569,0.935126349127591,0.0115873036716606,0.586330082632788,0.117293257753315,1.6279153712491,0.032906751170347,0.618664269736186,0.000369125379783736,0.0346991517791451,0.987646776618569,0.000617725004425659,0.778634471404859,0.0950207566348051,0.156121510603605
27c533d33c54ba18ba169939ca0b586e,8,0.219300337104538,0.161704789440617,0.0790733836660922,0.492590850338662,0.575998502550167,0.707904743133605,0.0816168914858511,1.12469894197351,0.0395405366278773,0.745689143549338,0.000291989206866613,0.0428486288736809,0.712990564252345,0.000989082365397204,0.75161743777809,0.0971818532933166,0.600075440183282
e72b26f4bfd83196950b3909cd736b87,8,0.209746563356597,0.155484405912351,0.430697598565603,0.813278461022881,0.280511397281319,0.822698980273285,0.128871438689659,0.65406357942891,0.0254901513943239,0.624702418403844,0.000348601409295882,0.0542375983882414,0.975299705052672,0.000788916622636423,0.71945494474531,0.0842213744902647,0.709536308569457
cf44fc29916509be47a575bae54ddb4a,8,0.216146955308181,0.205508477236239,0.725824607207015,0.274025048923864,0.222553610698652,0.702955026983802,0.146207178189585,1.61656138455554,0.0423062083954003,0.797683018083878,0.000287136329447278,0.0580265448265351,0.439529688428917,0.000527346872090599,0.95903310043243,0.0848810403263785,0.603504105654158
86614fffee3f636f7b2105b161c2e25e,8,0.162435803762383,0.0908737282489272,0.419963247113663,0.277441250033255,0.253609156952383,0.942975553203428,0.0709687575936885,0.689115398730127,0.036561707556376,0.648308929906805,0.00023697112726762,0.0331321347719017,0.595553252068988,0.00104578107025128,0.965375201368194,0.0907067703803266,0.235645520688067
177aad251837db98e51f3c36030c479c,8,0.184464490502345,0.131482376770791,0.783310511404416,0.662347045413934,0.220501730350507,0.870952113171635,0.104363974258633,1.83130399613694,0.046115831430309,0.65874552727929,0.000253214485435653,0.0390069667165237,0.773685079541539,0.000633788696212282,0.858406563962271,0.105249784707316,0.650963304788618
690f46e22255ad5d4dbe4268eb6fa5bc,8,0.172050584476734,0.15620554880719,0.265734968591321,0.118448510126875,0.895999524641854,0.900112746377311,0.0923657124303777,0.975804439720432,0.035901623571342,0.742256631512162,0.000236587709791782,0.0525198255895272,0.925798700662358,0.0011268917502872,0.893112007012334,0.106695790924461,0.618007521983789
39cf18ae07e14feae1044073fc455e2d,8,0.213903358100151,0.153607615673555,0.505747812008451,0.401733538796149,0.286073168622268,0.960490244089356,0.100147165045363,0.506278776109474,0.0308182163638909,0.765833159773636,0.000281080642371389,0.0530381046230467,0.816090800183026,0.000457283967038695,0.911924126210038,0.0991754744236071,0.33131326840673
b1612e606c7799469c5efa0d2461d49e,8,0.208501671596533,0.19426251026013,0.797192452333659,0.213505583312054,0.109472382771954,0.590054185680465,0.14785515388688,1.18722662994913,0.0466499595163632,0.658453915945767,0.00026977275755308,0.0615769133854115,0.848015204905825,0.000286959993524838,0.720960960335576,0.110700107993672,0.296859492800715
