SUR,1950,0.10488161,0.01075815,0.00737352,0.0052264,0.00385374,0.00286204,0.0021434,0.00166211,0.00138244,0.0012688,0.00128416,0.0013732,0.00154009,0.00179422,0.00214079,0.00257492,0.00306469,0.0035445,0.00395209,0.00424038,0.00442586,0.00455129,0.00466311,0.0048059,0.00499661,0.00523994,0.00552485,0.00582675,0.00612067,0.00639127,0.00664071,0.0068897,0.00713964,0.00739125,0.00765888,0.00796084,0.00830888,0.00870825,0.00917143,0.00971347,0.01034604,0.01105665,0.01183359,0.01266092,0.013548,0.01454112,0.01568189,0.01703857,0.0186692,0.02059456,0.02276624,0.02508271,0.02747648,0.02993134,0.03252082,0.03535261,0.03851103,0.04207409,0.04604596,0.05057468,0.05555531,0.06065139,0.06621907,0.07225145,0.07870974,0.08536042,0.0920201,0.09863657,0.10538016,0.11228692,0.11939041,0.12667106,0.13529469,0.14560422,0.15777435,0.17179377,0.18779154,0.20531499,0.22365558,0.24232512,0.26096882,0.28049948,0.30156642,0.32393906,0.34692669,0.37009581,0.3948416,0.42224389,0.45056993,0.48037885,0.50923806,0.53326727,0.55659167,0.58240279,0.60932286,0.62659734,0.64928933,0.67175393,0.69400932,0.71583319
SUR,1951,0.10357406,0.01057679,0.00728815,0.00510347,0.00373375,0.00276103,0.00206078,0.00159554,0.00132841,0.00122248,0.00123882,0.00132545,0.00148595,0.00172952,0.00206176,0.00247907,0.00295243,0.0034202,0.00382207,0.0041101,0.00429716,0.00442318,0.00453011,0.00466153,0.00483854,0.00506932,0.00533944,0.00562277,0.0059036,0.00616402,0.00640594,0.00663899,0.0068792,0.00712848,0.00739094,0.00768138,0.00801603,0.00840252,0.00884773,0.00936669,0.00997071,0.01065867,0.01141275,0.01222498,0.01309693,0.01406128,0.01517451,0.01647897,0.01802638,0.01984046,0.02190526,0.02412743,0.02639682,0.02867487,0.03101226,0.03357835,0.03652172,0.03996678,0.04398342,0.04849387,0.05362283,0.05856576,0.06401702,0.06985632,0.07602125,0.08247984,0.08899617,0.09538445,0.10165933,0.10817992,0.11508814,0.12206355,0.13026135,0.14010781,0.1517948,0.16521283,0.18023247,0.19680152,0.21428912,0.23217034,0.25032089,0.26839911,0.28736174,0.30838982,0.33090555,0.35377088,0.37717337,0.40226514,0.43051105,0.45887359,0.48882673,0.51733708,0.53927773,0.56581538,0.59562094,0.61379473,0.63703423,0.66000976,0.68266295,0.70495451
SUR,1952,0.1010105,0.0101934,0.0070082,0.0049335,0.00356568,0.00259327,0.00191598,0.00148528,0.00125271,0.0011702,0.00118842,0.00127315,0.00142815,0.00166162,0.00197896,0.0023773,0.00283018,0.00328041,0.00367137,0.0039565,0.00414554,0.00427421,0.00438169,0.00450724,0.00467175,0.00488724,0.00514334,0.00541136,0.00567359,0.00592153,0.00615404,0.00638014,0.00660508,0.00684497,0.00710487,0.00738923,0.00770979,0.00807918,0.00850832,0.00900623,0.00958298,0.01023789,0.01096628,0.01175203,0.01260322,0.01354696,0.01462507,0.01589183,0.01737266,0.01908532,0.0210189,0.02312075,0.02528991,0.02744064,0.02959831,0.03190391,0.03456344,0.0377571,0.0416151,0.04614105,0.05120604,0.05628952,0.0615501,0.06723913,0.07318814,0.07932744,0.08565761,0.09195672,0.09810293,0.10426296,0.11089756,0.11781951,0.12580464,0.13528762,0.14661674,0.15971009,0.17425844,0.18999864,0.20676671,0.22422687,0.24199723,0.2600662,0.2783933,0.29770855,0.31934194,0.34261638,0.3665197,0.39019152,0.41615064,0.4437984,0.4714555,0.5021042,0.52883803,0.55021136,0.57737206,0.59823005,0.62162158,0.64501151,0.66808304,0.69073336
SUR,1953,0.09838382,0.0098014,0.00672996,0.0047269,0.00343442,0.00251191,0.00185943,0.00143634,0.00120196,0.00111568,0.00113566,0.00121926,0.00136943,0.00159421,0.00189799,0.00227792,0.00270937,0.00313933,0.00351566,0.0037945,0.00398437,0.00411687,0.00422741,0.00435253,0.00450959,0.00471092,0.00495032,0.00520383,0.00545101,0.00568111,0.00590192,0.00611897,0.00633682,0.00656125,0.00681101,0.00709156,0.00740443,0.00775731,0.00816665,0.00864575,0.00919878,0.0098233,0.01051575,0.011274,0.01209621,0.01301468,0.01406741,0.01529277,0.01672703,0.01836402,0.02018576,0.02214674,0.02419387,0.02624874,0.02828026,0.03040163,0.0327881,0.03568119,0.03926589,0.04360635,0.04867128,0.05370129,0.05908699,0.06455775,0.07034361,0.07627446,0.08227833,0.08838228,0.09443533,0.1004373,0.10668326,0.11330599,0.12116925,0.13039469,0.14127964,0.15392987,0.16804435,0.18324558,0.19923557,0.21586026,0.23305657,0.25077875,0.26889643,0.28788437,0.30794723,0.33014515,0.35355368,0.37824943,0.4020519,0.42744391,0.45571796,0.48633826,0.51444438,0.53819857,0.56073573,0.58010405,0.60563885,0.62916328,0.65259894,0.67564246
SUR,1954,0.09569328,0.00940862,0.00645662,0.00452925,0.00328329,0.0023963,0.00176954,0.00136488,0.00114233,0.00106183,0.001082,0.00116429,0.0013105,0.00152756,0.00181971,0.0021833,0.00259458,0.0030037,0.00336293,0.00363225,0.00381997,0.00395554,0.0040704,0.00419765,0.00435286,0.00454502,0.00476907,0.00500563,0.00523895,0.00545521,0.00565901,0.00586498,0.00607419,0.00629148,0.00652535,0.00679488,0.00710263,0.00744631,0.00783716,0.00829438,0.00882722,0.00942719,0.01008712,0.01080679,0.01160068,0.01248764,0.01350915,0.01470324,0.01608986,0.01767398,0.01941585,0.02126106,0.02316427,0.02510051,0.02704347,0.02904261,0.0312416,0.03384679,0.03710738,0.04114574,0.04599985,0.05105589,0.05638721,0.06198913,0.06754857,0.0733102,0.07910992,0.08489007,0.09074239,0.09666155,0.1027287,0.10893002,0.1164376,0.12546687,0.13601717,0.14815019,0.16179716,0.17648332,0.19181942,0.20772695,0.22418049,0.24116135,0.25883802,0.27737001,0.29713949,0.3175323,0.34041257,0.3639196,0.38819027,0.41272087,0.43891004,0.46549645,0.49438503,0.52275776,0.54692829,0.56310683,0.58632549,0.6115118,0.63491988,0.65816994
SUR,1955,0.09294177,0.00900606,0.00618144,0.0043337,0.00313772,0.00228865,0.0016901,0.00130292,0.00108977,0.0010121,0.00102999,0.00110951,0.0012517,0.00146218,0.00174409,0.00209386,0.00248762,0.0028775,0.00321882,0.0034758,0.00365815,0.00379375,0.00391219,0.00404299,0.00419902,0.00438792,0.00460205,0.00482353,0.00504078,0.00524461,0.0054357,0.00562516,0.00582363,0.00603235,0.00625869,0.00651167,0.0068074,0.0071445,0.00752414,0.00796089,0.00847018,0.00904871,0.00968285,0.01036861,0.01112225,0.0119789,0.01296571,0.01412309,0.01547341,0.0170051,0.01869051,0.02045527,0.02224299,0.02403784,0.02586911,0.02778176,0.02985405,0.03226224,0.03521335,0.0389003,0.04342478,0.04828365,0.05364357,0.05919238,0.06489676,0.0704319,0.07606141,0.0816485,0.0871959,0.09292012,0.09888507,0.10490424,0.11194775,0.12057248,0.13089434,0.14261854,0.15567751,0.16990287,0.18474957,0.19991485,0.21564475,0.23199623,0.24899727,0.26711389,0.28620681,0.30666055,0.32713283,0.34981721,0.37378308,0.39859049,0.42216448,0.44710217,0.47377277,0.50278423,0.53115891,0.5487657,0.5686653,0.59172018,0.61649224,0.63966824
SUR,1956,0.09014141,0.00859352,0.00590726,0.00414201,0.00299715,0.00218456,0.00161433,0.00124692,0.00104427,0.00096915,0.00098233,0.00105687,0.00119364,0.00139756,0.00167054,0.00200793,0.00238667,0.00275954,0.00308375,0.00332631,0.00349945,0.00363159,0.00375055,0.00388434,0.00404318,0.00423226,0.00444296,0.00465517,0.00485821,0.0050469,0.00522634,0.0054032,0.00558509,0.00578277,0.00600044,0.0062459,0.00652458,0.00684833,0.00721889,0.00764069,0.00812556,0.0086774,0.00928796,0.00994652,0.01066511,0.01147973,0.01243349,0.01355241,0.01486147,0.01635281,0.01798189,0.0196875,0.02139365,0.02307261,0.02476045,0.0265589,0.02854087,0.03080823,0.03353836,0.03688514,0.04102206,0.04554605,0.05069194,0.05626825,0.06191505,0.06760383,0.07301281,0.07843875,0.08379636,0.08921302,0.09500292,0.1009463,0.10777859,0.11592089,0.12578662,0.13726796,0.14998728,0.16364829,0.1780277,0.19275753,0.20779805,0.22349812,0.23996579,0.25713561,0.27584039,0.29603428,0.31667148,0.33735563,0.36060357,0.38518682,0.40917549,0.43210778,0.45742363,0.48473871,0.51382921,0.53621885,0.55784452,0.57858188,0.60177403,0.626289
SUR,1957,0.08731095,0.0081694,0.00563575,0.00395761,0.00286406,0.00208981,0.00154859,0.00120214,0.00101137,0.00093809,0.00094333,0.0010107,0.00113999,0.00133623,0.00160104,0.00192878,0.0022958,0.00265651,0.00296837,0.00319966,0.00336331,0.00348951,0.00360638,0.00374007,0.00390066,0.00409119,0.00430122,0.00451018,0.00470509,0.00488136,0.00504766,0.00521479,0.00538534,0.00556755,0.00577441,0.00601032,0.00628059,0.00658692,0.0069447,0.00735891,0.00783088,0.00836152,0.00894916,0.00958693,0.01027919,0.01105778,0.01196697,0.01305015,0.01431812,0.01576722,0.01735925,0.01901556,0.02067454,0.022286,0.02387297,0.02554021,0.02741615,0.0296016,0.03219236,0.03531119,0.03909874,0.04325748,0.04808034,0.05346957,0.05919428,0.06487267,0.07048759,0.07572311,0.0809485,0.08619498,0.09168457,0.09744252,0.10418189,0.11207831,0.12141068,0.13241748,0.14479821,0.15811454,0.17197269,0.18628054,0.20080469,0.21585749,0.23179671,0.24859437,0.26605776,0.28541439,0.3067479,0.32730756,0.3477892,0.37152948,0.3981888,0.42110984,0.44111294,0.46673751,0.49407792,0.51770663,0.54216896,0.56356183,0.58420878,0.60707624
SUR,1958,0.08448343,0.00774211,0.00536602,0.00378161,0.00274072,0.0020049,0.0014933,0.00116677,0.00098651,0.00091319,0.00090721,0.00096441,0.00108332,0.00126816,0.00152111,0.00183668,0.0021908,0.00253804,0.00283752,0.00305769,0.00321125,0.00332825,0.00343862,0.00356875,0.00372743,0.00391785,0.00412794,0.00433558,0.00452694,0.00469485,0.00484798,0.00500072,0.00516039,0.00532984,0.00551981,0.00574332,0.00600179,0.00629689,0.00663299,0.00702846,0.00748607,0.00799681,0.00855654,0.00916529,0.00983065,0.01057587,0.01144016,0.0124674,0.01368744,0.01508246,0.0166183,0.01822527,0.01982438,0.02137882,0.02288566,0.02443795,0.02616551,0.02821551,0.0306865,0.03362401,0.03713026,0.04089996,0.04530058,0.05030965,0.05579691,0.06151894,0.06708819,0.0725139,0.07751636,0.08260496,0.08790527,0.09333784,0.09983353,0.10754875,0.11656164,0.12695101,0.1387551,0.15166406,0.16512274,0.17886434,0.19300598,0.20738018,0.22253446,0.23886182,0.25624501,0.27402126,0.29397975,0.31544162,0.33585951,0.35711656,0.38139949,0.40663141,0.42860344,0.4495426,0.47538665,0.49812309,0.52346957,0.54772453,0.56936454,0.59039906
SUR,1959,0.08172045,0.00734359,0.00509638,0.00360828,0.00262446,0.00192519,0.00143752,0.00112541,0.00095299,0.00088453,0.00088311,0.00092737,0.00103355,0.00120497,0.00144359,0.00174522,0.00208684,0.00242321,0.002713,0.00292586,0.00307258,0.00318208,0.00328413,0.00340702,0.00356054,0.00374725,0.003956,0.00416366,0.00435453,0.0045204,0.00466665,0.00480717,0.00495306,0.0051117,0.00528839,0.0054939,0.00573854,0.00602074,0.00634499,0.00671826,0.00715698,0.00765367,0.00819467,0.0087767,0.00941232,0.01012803,0.01095458,0.01193135,0.0130885,0.01443036,0.01591005,0.01746337,0.01901876,0.0205202,0.02197908,0.02345601,0.02506761,0.02696498,0.02929469,0.03210371,0.03541425,0.03890408,0.04290394,0.04748615,0.0525963,0.05810571,0.0637593,0.06915853,0.07438844,0.07927625,0.08440248,0.0896567,0.09578658,0.10319174,0.11195811,0.12196314,0.13311757,0.14537869,0.1584242,0.17181439,0.18533885,0.19926487,0.21382862,0.2293331,0.24599536,0.26397676,0.28189896,0.30234062,0.32378955,0.34373985,0.36561589,0.39045523,0.4143063,0.43450864,0.45543777,0.47694428,0.50102946,0.52572689,0.54945401,0.57071331
SUR,1960,0.07908668,0.00697405,0.00485072,0.00343877,0.00251271,0.00185509,0.00139428,0.00109731,0.00093125,0.00086329,0.00085974,0.00090736,0.00099899,0.00115556,0.00137874,0.00166482,0.00199309,0.00231987,0.00260303,0.00281088,0.00295385,0.00305866,0.00315407,0.00326851,0.0034145,0.00359578,0.00380138,0.00400926,0.00420219,0.0043696,0.00451544,0.00465021,0.00478454,0.00492977,0.00509593,0.00528862,0.00551602,0.00578514,0.00609707,0.00645853,0.00687401,0.00735151,0.00787866,0.0084433,0.00905416,0.00974108,0.01053813,0.01147693,0.01258447,0.01386505,0.0152953,0.016799,0.01830968,0.01977966,0.02119633,0.02263185,0.02417219,0.02595298,0.02812278,0.03078363,0.03396456,0.03727437,0.04099233,0.0451686,0.04985914,0.05501291,0.06048654,0.06602487,0.07127647,0.07643032,0.081376,0.08647481,0.09244664,0.09950409,0.10795157,0.11773028,0.12854147,0.140215,0.15265762,0.16567858,0.17902797,0.19264187,0.20677036,0.22171054,0.23767177,0.25455265,0.27321365,0.29159973,0.31260268,0.33416601,0.35384412,0.3766485,0.40006508,0.4226544,0.44312894,0.46077905,0.48382137,0.5075926,0.53186694,0.5552937
SUR,1961,0.07665535,0.00663916,0.0046285,0.00328838,0.00240588,0.00177971,0.00134241,0.00106172,0.00090556,0.00084186,0.00083778,0.00088192,0.00097586,0.00111516,0.00132018,0.0015877,0.00189868,0.00221286,0.00248909,0.00269385,0.00283453,0.00293717,0.00302831,0.0031353,0.00327158,0.00344378,0.00364278,0.0038475,0.00404126,0.00421176,0.00435985,0.00449444,0.00462303,0.00475629,0.00490827,0.00508924,0.00530259,0.00555338,0.005851,0.00619898,0.00660122,0.00705315,0.00755954,0.00810916,0.00870121,0.00936052,0.01012411,0.0110275,0.01209008,0.01331424,0.01467779,0.0161302,0.01759256,0.01901901,0.0204063,0.02179983,0.02329536,0.02499679,0.02703617,0.02951851,0.03252962,0.03570649,0.03922819,0.04311265,0.04738185,0.05210062,0.05721757,0.06258917,0.06800181,0.07317642,0.07838868,0.08331613,0.08909801,0.09595395,0.10400023,0.1133927,0.12393377,0.13520139,0.14703282,0.15948257,0.17239856,0.18574463,0.19952685,0.21398264,0.22933663,0.24572897,0.26289515,0.28212239,0.30081713,0.32235221,0.34404477,0.36334101,0.38705856,0.40921671,0.42951666,0.44697059,0.46588039,0.48854678,0.51193615,0.53575183
SUR,1962,0.07451361,0.00634905,0.00443056,0.00315504,0.00231333,0.00171521,0.00129718,0.00102854,0.0008787,0.00081716,0.00081269,0.00085495,0.00094359,0.00108372,0.00126744,0.00151234,0.00180121,0.0020969,0.00236159,0.00256192,0.00270149,0.00280269,0.00289152,0.00299318,0.00312042,0.00328106,0.00346946,0.00366683,0.00385723,0.00402876,0.00417997,0.00431632,0.00444403,0.00457062,0.00470949,0.00487504,0.00507511,0.00531016,0.00558692,0.00591715,0.00630224,0.00673716,0.00721346,0.00773792,0.00831053,0.00894559,0.00967457,0.01053585,0.01155293,0.01272135,0.01401841,0.01539536,0.016801,0.01817609,0.01951504,0.02087455,0.02231849,0.02395967,0.02590086,0.0282242,0.03102263,0.03401614,0.03737312,0.04102223,0.04496962,0.04923519,0.0538823,0.05887387,0.06410977,0.06944029,0.07464997,0.07981411,0.085363,0.09197758,0.0997495,0.10864293,0.11872425,0.12971074,0.1410942,0.15281763,0.16512532,0.17805387,0.19143163,0.20537172,0.22031137,0.23603921,0.25276402,0.27006542,0.28892522,0.30784974,0.32908859,0.35087603,0.37140027,0.39128494,0.41148677,0.43172621,0.45030101,0.46919955,0.49152741,0.51456056
SUR,1963,0.07269142,0.0061291,0.00425458,0.00303302,0.00222972,0.00165835,0.0012591,0.00100265,0.00085956,0.0008007,0.00079608,0.00083682,0.00092294,0.0010573,0.00124275,0.00146477,0.00173039,0.00200571,0.0022566,0.0024523,0.00259318,0.00269546,0.00278266,0.0028812,0.00300215,0.00315399,0.00333264,0.00352136,0.00370669,0.00387875,0.0040356,0.00417896,0.00431109,0.0044383,0.00457217,0.00472668,0.00491328,0.00513781,0.00540088,0.00571009,0.00607779,0.00649837,0.00696376,0.0074645,0.00801581,0.00864105,0.00936542,0.01021328,0.01119581,0.01230562,0.01352615,0.0148226,0.01614823,0.01747908,0.01879615,0.02013931,0.02157282,0.02317944,0.02509274,0.02736513,0.03002107,0.03280627,0.0360141,0.03954901,0.04323791,0.04710739,0.05126944,0.05581326,0.060716,0.06596664,0.07148058,0.07681708,0.08273812,0.08920861,0.09684945,0.10559439,0.11528751,0.12592307,0.1371896,0.14870493,0.16052023,0.17298337,0.18626211,0.20010994,0.2146368,0.23004687,0.24613407,0.26323562,0.28114318,0.30001068,0.31899162,0.34054,0.36281601,0.38348817,0.40431564,0.42629355,0.43940232,0.4482562,0.47442684,0.4964238
SUR,1964,0.0711558,0.00594528,0.00412575,0.0029256,0.00215255,0.00160692,0.0012241,0.00097692,0.00083844,0.00078142,0.00077791,0.00081764,0.00090118,0.00103166,0.00120948,0.00143251,0.00167135,0.00192063,0.00214989,0.00233281,0.00247124,0.00257752,0.00266669,0.00276265,0.00287983,0.00302351,0.00319146,0.00337063,0.00354743,0.00371287,0.0038691,0.00401806,0.00415732,0.00428897,0.00442197,0.00457006,0.00474524,0.00495573,0.00520933,0.0055058,0.00584848,0.00624558,0.00669018,0.00717643,0.00770319,0.00829733,0.00899614,0.0098299,0.01080562,0.01189974,0.01306879,0.01427755,0.01550754,0.01673755,0.01799195,0.01930713,0.02072751,0.02232036,0.02417097,0.02639133,0.02901156,0.03166629,0.03461236,0.03796674,0.04158812,0.0452257,0.04894131,0.05294332,0.05736391,0.06223367,0.06759961,0.07317195,0.07921224,0.08604377,0.09350545,0.10206854,0.1115687,0.12180221,0.13269294,0.144064,0.15564655,0.16760639,0.18039386,0.19409763,0.20846229,0.22347938,0.23927336,0.25581959,0.27334149,0.29157373,0.3102612,0.32948538,0.35103856,0.37204471,0.39435191,0.41547457,0.43898797,0.4480982,0.45284715,0.48244905
SUR,1965,0.0698927,0.00580742,0.00401212,0.00284438,0.0020818,0.00155006,0.00118883,0.00096555,0.00084845,0.00080585,0.00080501,0.00084711,0.00093356,0.00106804,0.00125159,0.00147948,0.00173545,0.00197137,0.00218925,0.00236426,0.00250126,0.00261404,0.00271511,0.00281955,0.00294006,0.00308702,0.00325439,0.00343135,0.00360953,0.00377805,0.00393735,0.00409487,0.00424919,0.00439636,0.00454157,0.00469566,0.00487194,0.00508146,0.00533489,0.00564209,0.00599659,0.00639259,0.00683914,0.00733014,0.00786936,0.00847185,0.00917236,0.01001326,0.01102145,0.01218269,0.013435,0.01469189,0.01592226,0.01714099,0.01836532,0.01967766,0.021137,0.02280014,0.0247343,0.02698588,0.02967075,0.032463,0.03546703,0.03872367,0.0423747,0.04625506,0.05004913,0.05385079,0.05796856,0.06262093,0.06788098,0.07359236,0.08013966,0.08737694,0.09555439,0.10432928,0.1141103,0.12463753,0.13564284,0.14719989,0.15919161,0.17142932,0.18419114,0.19796696,0.21290393,0.22858769,0.24479756,0.26155836,0.27879835,0.2970728,0.31624482,0.33604631,0.35621997,0.37909069,0.40155856,0.41824299,0.43894106,0.4659464,0.4726973,0.47567015
SUR,1966,0.06883157,0.0056285,0.00395221,0.00278896,0.0020405,0.00152383,0.00117239,0.00095546,0.00084235,0.00080283,0.00080584,0.00085125,0.00093952,0.00107507,0.00125909,0.00148748,0.00174162,0.00198873,0.00218299,0.00233787,0.00245968,0.00256506,0.00266796,0.00278104,0.00290783,0.00305593,0.00322367,0.00339613,0.00356665,0.00373086,0.00388763,0.00404151,0.00419733,0.00435362,0.00450961,0.00467229,0.00485125,0.00505717,0.00530208,0.00559806,0.00595201,0.00634811,0.00677896,0.00725639,0.00778348,0.00837977,0.00906899,0.00988823,0.01086785,0.01201466,0.0132932,0.01461099,0.01587434,0.01707353,0.01826325,0.01951233,0.02092217,0.02256925,0.02451432,0.02678899,0.02941836,0.03216544,0.03521482,0.03843987,0.04185976,0.04562043,0.04956042,0.05337174,0.05718885,0.06139491,0.0662672,0.07168339,0.07816165,0.0856702,0.09396593,0.10316334,0.11280413,0.1232773,0.13423893,0.14549784,0.15723567,0.16947243,0.18209085,0.19537362,0.20991139,0.22571602,0.24203194,0.25900839,0.27637831,0.293878,0.31266207,0.3314823,0.35155292,0.37301919,0.39615416,0.41673152,0.43461722,0.45543021,0.48220282,0.49010197
SUR,1967,0.06787298,0.005515,0.00383815,0.00275301,0.00200484,0.00147927,0.00113171,0.00092644,0.00082723,0.00079782,0.00080196,0.00085112,0.00094301,0.00108072,0.00126608,0.00149493,0.0017494,0.00199432,0.00220046,0.00232936,0.00243013,0.00252016,0.00261555,0.0027299,0.00286425,0.00301797,0.00318692,0.00335985,0.00352615,0.00368286,0.00383506,0.00398593,0.00413788,0.00429554,0.00446032,0.00463345,0.00482082,0.00502955,0.00527076,0.00555771,0.00589921,0.00629395,0.00672349,0.00718347,0.00769663,0.00827999,0.00896046,0.00976464,0.01072099,0.01183674,0.01309544,0.01443574,0.01575952,0.01699125,0.01815983,0.01937385,0.02072349,0.02232278,0.02424874,0.02652632,0.02917615,0.03186982,0.03486669,0.03812217,0.04150113,0.04502496,0.04882709,0.05275827,0.05656777,0.060471,0.06488993,0.06990985,0.07607755,0.08351473,0.09210857,0.10143095,0.11149085,0.1217542,0.13259329,0.14375536,0.15510843,0.16704575,0.17967441,0.19285035,0.20684599,0.22211321,0.23881343,0.25581073,0.27351209,0.29144972,0.30869017,0.32799838,0.3467117,0.36694122,0.38963661,0.41127887,0.43275967,0.45094741,0.47194039,0.49845025
SUR,1968,0.06693251,0.00540125,0.00376332,0.0026754,0.0019805,0.00149568,0.00116008,0.00094813,0.00083466,0.00079404,0.00079982,0.00085008,0.00094622,0.00108858,0.0012773,0.00150876,0.00176473,0.00201083,0.0022155,0.00235722,0.00243066,0.00249939,0.0025797,0.0026866,0.00282199,0.00298281,0.0031577,0.00333297,0.00350077,0.00365436,0.00379994,0.00394663,0.00409562,0.00425003,0.00441696,0.00459913,0.00479731,0.00501527,0.00526059,0.00554501,0.00587856,0.00626183,0.00669064,0.00714905,0.00764582,0.00821753,0.00888707,0.00968357,0.01062446,0.01171945,0.01295011,0.01427243,0.01562092,0.01691467,0.0181205,0.01932045,0.02064044,0.0221896,0.02408,0.02634716,0.02900382,0.03172835,0.03468772,0.0378985,0.04130831,0.04479054,0.04836636,0.0521743,0.05609891,0.05999011,0.0641144,0.06869589,0.07447975,0.08162732,0.0901892,0.09989382,0.11014592,0.1208654,0.13147615,0.14251803,0.15381324,0.16533793,0.17766439,0.19096382,0.20490507,0.21967576,0.23576007,0.25325596,0.27124691,0.28962129,0.3079111,0.32515657,0.3451731,0.36373843,0.38368155,0.40653513,0.42917816,0.45092098,0.4695353,0.49080981
SUR,1969,0.06596313,0.00527584,0.00369161,0.00262744,0.00192776,0.00144236,0.00111609,0.00091847,0.00081942,0.00078902,0.00079656,0.00084833,0.00094563,0.00109293,0.0012873,0.00152304,0.00178223,0.00202989,0.00223551,0.00237548,0.00246159,0.00250155,0.00256007,0.00265175,0.00277936,0.00294059,0.00312195,0.00330338,0.00347435,0.00363,0.00377281,0.00391307,0.00405768,0.00420865,0.00437261,0.00455724,0.00476417,0.00499282,0.00524769,0.00553688,0.00586831,0.00624362,0.00666083,0.00711756,0.00761087,0.00816612,0.00882486,0.00961032,0.01054257,0.01161954,0.01282895,0.01412343,0.01545331,0.01676904,0.0180319,0.01926924,0.02058025,0.02210448,0.0239487,0.02618685,0.02883838,0.0315698,0.03456069,0.03774376,0.04111043,0.0446125,0.04813875,0.05171942,0.05552086,0.05949238,0.06358323,0.06788693,0.07322567,0.07997759,0.08826057,0.09796713,0.10866879,0.11962401,0.13070237,0.14146229,0.15260271,0.16403807,0.17594226,0.18886236,0.20287563,0.21759022,0.23331635,0.25038532,0.2689006,0.28800141,0.3073325,0.32544871,0.34221604,0.36364332,0.38164813,0.39986322,0.42511857,0.4480372,0.47007562,0.4892052
SUR,1970,0.06493458,0.00513372,0.00360494,0.00257671,0.00189272,0.00141686,0.00109784,0.00090571,0.00081038,0.00078198,0.00079022,0.00084346,0.00094207,0.00109036,0.00129027,0.00153235,0.00179621,0.00204701,0.00225365,0.00239396,0.00247792,0.0025302,0.00255879,0.00262795,0.00273981,0.00289252,0.00307338,0.0032604,0.00343738,0.00359677,0.00374207,0.0038798,0.00401794,0.00416359,0.00432314,0.00450474,0.00471386,0.00495041,0.00521549,0.0055143,0.00585112,0.00622452,0.00663317,0.00707746,0.00756665,0.00811524,0.00875586,0.00952946,0.0104488,0.01151355,0.01269948,0.01397048,0.01527235,0.01656879,0.01784642,0.01912957,0.0204745,0.02199158,0.02381467,0.02600691,0.02862789,0.03135327,0.0343461,0.03755937,0.04090309,0.044359,0.04788123,0.05139108,0.05495964,0.05880783,0.06293921,0.06716127,0.07220857,0.07850367,0.08636525,0.09578009,0.10650572,0.11798668,0.12935838,0.14055096,0.15129272,0.16249876,0.17416825,0.18662123,0.20029791,0.21507111,0.2307103,0.24737253,0.26551486,0.2851502,0.30511895,0.32494048,0.3437977,0.36202741,0.38247588,0.39691401,0.41540751,0.44257319,0.46565188,0.48786589
SUR,1971,0.06384325,0.00498943,0.00351102,0.00251858,0.00185795,0.00139954,0.00109371,0.00091045,0.0008198,0.0007918,0.00079611,0.00085073,0.00095231,0.00110431,0.00130843,0.00156098,0.0018363,0.00209597,0.00230864,0.00245134,0.00253631,0.0025867,0.00262807,0.00266721,0.0027578,0.00289705,0.00307204,0.00326135,0.00344636,0.00361438,0.00376626,0.00390884,0.00404687,0.00418865,0.0043448,0.00452447,0.00473444,0.0049769,0.00525318,0.00556599,0.00591686,0.00630184,0.00671517,0.00715712,0.00764124,0.00819249,0.0088351,0.00960312,0.01052575,0.01159454,0.01278491,0.0140476,0.01534617,0.01663707,0.01791408,0.01921976,0.02061656,0.02219209,0.02404435,0.02625963,0.02888503,0.03162936,0.03466843,0.03793558,0.04136746,0.04486558,0.04839625,0.05194256,0.0554897,0.05916925,0.06323742,0.06752554,0.07253628,0.07864129,0.08616078,0.0952833,0.10589837,0.11764679,0.12984277,0.14163171,0.15305592,0.16400443,0.17557086,0.18783111,0.20117982,0.21599463,0.23199557,0.24895463,0.26690626,0.28653489,0.30799813,0.3293084,0.35043132,0.37047821,0.38885051,0.40762007,0.42662912,0.44351884,0.46536683,0.49287236
SUR,1972,0.06272092,0.00483072,0.0034234,0.00246097,0.001822,0.00137997,0.001085,0.00090819,0.0008206,0.00079332,0.00079698,0.00084726,0.00094951,0.00110355,0.00131019,0.00156524,0.00185022,0.00211977,0.00233935,0.00248598,0.00257189,0.00262255,0.00266111,0.00271255,0.00277083,0.00288642,0.00304557,0.00322657,0.00341156,0.00358525,0.00374445,0.00389332,0.0040354,0.00417613,0.00432687,0.00449999,0.0047048,0.00494595,0.00522588,0.0055476,0.00591126,0.00630888,0.00673242,0.00717672,0.00765385,0.00819403,0.00883003,0.00958984,0.01049763,0.01156009,0.01274393,0.01399794,0.01527046,0.01654572,0.01781191,0.01911041,0.02050709,0.02210247,0.02399774,0.02623176,0.02886313,0.03158926,0.03462706,0.0379143,0.04136405,0.04491616,0.04846995,0.05198665,0.05549281,0.05909442,0.06297383,0.06715355,0.07211653,0.07807182,0.08531571,0.09399775,0.10421929,0.11577226,0.12821843,0.14084981,0.152801,0.16428305,0.17527955,0.18710284,0.19984587,0.21397466,0.22976089,0.24680526,0.26483113,0.28401342,0.30485284,0.3281221,0.35144093,0.37367963,0.39400721,0.41078442,0.42870124,0.45073279,0.46534681,0.48155523
SUR,1973,0.06159739,0.00470162,0.00331473,0.00239959,0.00178027,0.00135031,0.0010671,0.00090028,0.00081948,0.00079436,0.00079425,0.00084377,0.00094084,0.00109475,0.0013026,0.00155925,0.00184523,0.00212406,0.00235194,0.00250342,0.00259116,0.00264119,0.00267932,0.00272765,0.00279872,0.00288083,0.00301548,0.00318037,0.00335693,0.00353032,0.00369374,0.0038476,0.00399407,0.00413717,0.00428617,0.00445422,0.0046523,0.00488743,0.005165,0.00548863,0.00585835,0.00626526,0.00669698,0.00714723,0.00762355,0.00815419,0.00877728,0.00952735,0.01042141,0.01146318,0.01263658,0.0138809,0.01514061,0.01638159,0.01762504,0.01891046,0.02030244,0.02188824,0.02377023,0.02601105,0.02862918,0.03133243,0.03432669,0.03759034,0.04104668,0.04460213,0.04819112,0.05172742,0.05521537,0.0587595,0.06252313,0.06649865,0.07134365,0.07717894,0.08413229,0.09237217,0.10197075,0.11295632,0.12505409,0.13789095,0.1507602,0.16288576,0.17465486,0.18604371,0.19851151,0.21187838,0.22651676,0.24288746,0.26066483,0.27941035,0.29871691,0.31967424,0.34390025,0.36831305,0.39091236,0.41006756,0.4273631,0.44545125,0.46754593,0.48255465
SUR,1974,0.06047353,0.00458849,0.00322052,0.00231927,0.00173275,0.00132608,0.00105257,0.00088773,0.00080694,0.00078557,0.00079847,0.00084427,0.00094079,0.00108924,0.00129745,0.00155631,0.00184522,0.00212588,0.00236486,0.00252501,0.00261756,0.00266924,0.00270667,0.00275475,0.00282287,0.00291905,0.00301947,0.00315976,0.00332067,0.00348638,0.0036502,0.00380893,0.00396089,0.00410888,0.00426065,0.00442736,0.00462089,0.00484982,0.00512187,0.00544354,0.00581549,0.00622932,0.00667266,0.0071335,0.00761728,0.00814852,0.00876318,0.00950139,0.01038795,0.01141888,0.01257393,0.01381159,0.01506751,0.01630037,0.01751218,0.0187783,0.02015983,0.02174316,0.02361698,0.0258463,0.02847998,0.03118507,0.03417024,0.03740537,0.04084986,0.04442109,0.04802706,0.05161805,0.05514451,0.05868858,0.06240464,0.06627813,0.07094146,0.07667111,0.08351935,0.09149562,0.10066385,0.11101116,0.12255075,0.13508363,0.14825976,0.1614804,0.17403895,0.18635654,0.19837407,0.21157313,0.22568496,0.24094466,0.25791504,0.27652755,0.29616,0.31560539,0.33669245,0.3620637,0.38744122,0.40860129,0.42900739,0.44685589,0.46551438,0.48786114
SUR,1975,0.05934639,0.00447459,0.00313646,0.00224876,0.00167127,0.00127725,0.00101871,0.00086799,0.00079743,0.00077927,0.00078526,0.00084392,0.00093594,0.00108295,0.00128363,0.00154143,0.00183153,0.00211448,0.00235434,0.00252606,0.00262704,0.00268357,0.00272255,0.00276964,0.00283704,0.00292926,0.0030437,0.00314731,0.00328193,0.00343098,0.00358649,0.00374528,0.0039018,0.00405463,0.00421018,0.00437816,0.00456861,0.00479106,0.00505499,0.00536941,0.00573799,0.00615323,0.00660272,0.00707461,0.007568,0.00810387,0.00871482,0.00943877,0.01030618,0.01132267,0.01246013,0.01367206,0.01491469,0.01613872,0.01733717,0.0185643,0.01991965,0.02148314,0.02334134,0.02554941,0.02815759,0.03086597,0.03384323,0.03705831,0.04045728,0.04400064,0.04760572,0.05119152,0.05474643,0.05829796,0.0619924,0.06579311,0.07030389,0.07580232,0.08250661,0.09032469,0.09916143,0.10901001,0.11980765,0.13168254,0.14450688,0.15800658,0.17164707,0.18469919,0.19758658,0.21020196,0.22399356,0.23857324,0.25417606,0.27153024,0.29066063,0.31117389,0.33073931,0.35168936,0.37791233,0.4021491,0.42464232,0.44516255,0.46316657,0.48198664
SUR,1976,0.05821654,0.00436507,0.00304589,0.00218095,0.00161377,0.00122978,0.00098336,0.00084473,0.00078433,0.00077255,0.00077938,0.00083042,0.00093603,0.00107797,0.00127701,0.00152607,0.00181508,0.00209991,0.00234307,0.00251586,0.00262934,0.00269429,0.00273821,0.00278693,0.00285342,0.00294493,0.00305505,0.00317347,0.00327009,0.00339233,0.00353125,0.00368187,0.00383871,0.00399629,0.00415661,0.00432816,0.00451961,0.00473865,0.0049956,0.00530119,0.00566181,0.00607343,0.00652505,0.0070044,0.00750997,0.0080563,0.00867196,0.00939094,0.01024224,0.01123766,0.01235971,0.01355362,0.01477032,0.01598224,0.0171733,0.01838955,0.01970389,0.02123805,0.02307493,0.02526009,0.02784079,0.03052922,0.0335092,0.03672096,0.04011317,0.04361593,0.04719605,0.05078202,0.0543303,0.05790947,0.06160905,0.06539258,0.0698367,0.07517368,0.08162174,0.08929006,0.09795325,0.10745971,0.11775488,0.12886059,0.14100889,0.15417499,0.16814938,0.182365,0.19608118,0.20965166,0.22303484,0.23744742,0.25255578,0.26875224,0.28613899,0.30543984,0.32703112,0.34667857,0.36697898,0.39157949,0.41768781,0.44021123,0.46074569,0.47881372
SUR,1977,0.05708593,0.00424889,0.00296286,0.00211188,0.00156062,0.00119071,0.00095507,0.00082449,0.0007699,0.00076233,0.00077238,0.00082389,0.00092069,0.00107767,0.00127074,0.00151785,0.00179675,0.00208055,0.00232629,0.00250326,0.00261774,0.0026957,0.00274804,0.00280187,0.00286997,0.00296049,0.0030699,0.0031837,0.00329572,0.00337863,0.00349015,0.003624,0.00377245,0.00393042,0.00409576,0.00427188,0.00446634,0.00468581,0.00493861,0.00523631,0.00558707,0.0059898,0.00643732,0.00691936,0.00743375,0.00799308,0.00861885,0.00934222,0.0101871,0.01116363,0.01226225,0.01343933,0.01463655,0.01582044,0.01699952,0.01820819,0.01951178,0.02100291,0.02280603,0.02496509,0.02751421,0.03016964,0.03312864,0.03634555,0.0397331,0.04323706,0.04678202,0.05034126,0.0538843,0.05745376,0.0611729,0.06495574,0.06938743,0.07465934,0.08093023,0.08829656,0.09680036,0.10612192,0.11607529,0.12667563,0.13802689,0.15051584,0.16418008,0.17878989,0.19368649,0.20810354,0.22241536,0.23639571,0.25129104,0.2668293,0.28342363,0.30097319,0.32068352,0.34307136,0.36237769,0.37973632,0.40577317,0.43296355,0.45544954,0.47589442
SUR,1978,0.05595595,0.00412634,0.00287987,0.00205134,0.00150898,0.00114652,0.00091927,0.00079715,0.00075007,0.00074802,0.00076065,0.00081487,0.00091161,0.00105777,0.00126772,0.00150728,0.00178344,0.00205547,0.00229986,0.00247969,0.00259863,0.00267719,0.00274259,0.00280486,0.00287806,0.00297008,0.00307823,0.00319097,0.00329794,0.00339653,0.00346729,0.00357293,0.00370422,0.00385339,0.00401892,0.00419988,0.00439847,0.00462011,0.00487212,0.00516394,0.00550471,0.00589543,0.00633238,0.00680948,0.00732603,0.00789396,0.00853253,0.00926424,0.010111,0.01107769,0.0121517,0.01330007,0.01447704,0.01563875,0.01678599,0.01797939,0.01927436,0.02075103,0.02250289,0.02462024,0.02713078,0.02974422,0.03265443,0.03583994,0.03923138,0.04273169,0.04628257,0.04980542,0.05331598,0.05686982,0.06056692,0.06435338,0.06876265,0.07401216,0.08020136,0.08738571,0.09555694,0.10467232,0.1144064,0.12465675,0.1354921,0.14713711,0.16010531,0.17438588,0.18971627,0.20536447,0.2205343,0.23562276,0.25023696,0.26572977,0.28163696,0.29851715,0.31629091,0.33655712,0.35953888,0.37905818,0.39552603,0.41929386,0.44775339,0.47016221
SUR,1979,0.05482791,0.00399839,0.00279592,0.00199324,0.00146525,0.00111301,0.00089354,0.00077709,0.00073392,0.00073427,0.0007481,0.00080433,0.00090367,0.00104973,0.00124717,0.00150753,0.00177593,0.00204636,0.00227949,0.00245945,0.00258274,0.00266674,0.00273284,0.0028083,0.00289022,0.0029875,0.0030972,0.00320875,0.00331474,0.00340848,0.00349566,0.00355979,0.00366277,0.00379513,0.00395208,0.00413341,0.00433696,0.00456298,0.00481743,0.00510879,0.00544396,0.00582509,0.0062508,0.00671825,0.00723183,0.00780436,0.00845375,0.0092006,0.010058,0.01102842,0.0120942,0.01321875,0.01436781,0.0155125,0.01664142,0.01780542,0.01908588,0.02055721,0.02229897,0.02436553,0.02683697,0.02941659,0.03228338,0.03542262,0.03880085,0.04232955,0.04589407,0.04944708,0.05294262,0.05646091,0.0601304,0.06389344,0.06828915,0.0735102,0.07969178,0.08678699,0.09476289,0.10356112,0.11310428,0.1231468,0.13365913,0.14481549,0.15695195,0.17055098,0.18555483,0.20162348,0.21808018,0.23418353,0.25019712,0.26533228,0.28132966,0.29783017,0.31477915,0.33335471,0.35376433,0.37527633,0.39776428,0.4120698,0.43275889,0.46318595
SUR,1980,0.05370477,0.00386277,0.00271471,0.00193908,0.00142666,0.00108406,0.00087013,0.00075664,0.00071546,0.00071841,0.00073705,0.00079402,0.00089534,0.00104444,0.0012421,0.00148797,0.00178205,0.00204433,0.00227666,0.00244545,0.0025692,0.00265782,0.00272957,0.00280574,0.00290123,0.00300818,0.00312377,0.00323712,0.00334195,0.0034347,0.00351692,0.00359777,0.0036584,0.00376232,0.00390289,0.00407645,0.00428132,0.00451332,0.00477277,0.00506661,0.00540108,0.00577591,0.00619131,0.00664776,0.00715298,0.00772453,0.00838149,0.00914319,0.01001943,0.01100401,0.01207657,0.01319439,0.01431993,0.01543652,0.01655115,0.01769948,0.0189524,0.02041291,0.02215433,0.02421819,0.02664087,0.02918754,0.0320271,0.03511983,0.03844495,0.04196421,0.04557838,0.04917267,0.05272792,0.05625431,0.05989863,0.06364713,0.06804484,0.07326207,0.07942101,0.08655294,0.09449294,0.10310746,0.11235055,0.12223693,0.13259007,0.14352216,0.15523493,0.16803872,0.18239158,0.19823993,0.2152632,0.23274908,0.24973041,0.26659919,0.28263496,0.29991842,0.3171927,0.33485461,0.35423612,0.37336622,0.39516819,0.41957692,0.43229271,0.45045602
SUR,1981,0.05258683,0.0037227,0.00263305,0.00188998,0.0013931,0.00106021,0.00085282,0.00074288,0.0007024,0.00070346,0.00071782,0.00077877,0.00087991,0.00103016,0.00123024,0.00147517,0.00175072,0.00204214,0.00226437,0.00243198,0.00254418,0.00263344,0.00271044,0.00279287,0.0028895,0.00301027,0.00313586,0.00325488,0.00336103,0.0034519,0.00353247,0.00360758,0.00368416,0.00374338,0.00385338,0.00400875,0.0042047,0.00443732,0.00470221,0.00500035,0.0053359,0.00570805,0.00611454,0.00655696,0.00704649,0.00760526,0.00825695,0.00902256,0.00991132,0.01091248,0.01199676,0.0131182,0.01423203,0.01531835,0.01639606,0.01752165,0.01874963,0.02016925,0.02188652,0.02393454,0.02633898,0.0288241,0.0316139,0.03465906,0.03790729,0.0413352,0.0449048,0.04852011,0.05209139,0.0556772,0.05934318,0.0630649,0.06742112,0.07261458,0.07872802,0.08576334,0.09364721,0.1021234,0.11105427,0.12048905,0.13054206,0.14114558,0.1524813,0.16474462,0.17823038,0.19328656,0.20991198,0.22766345,0.24566233,0.26297184,0.27990404,0.29593948,0.3141884,0.33284896,0.35076285,0.37147035,0.3903955,0.412636,0.43732179,0.45096737
SUR,1982,0.05148362,0.00358968,0.00254744,0.0018403,0.00136313,0.0010419,0.0008412,0.00073401,0.00069331,0.00069213,0.00070331,0.00075887,0.0008635,0.00101299,0.00121414,0.00146197,0.0017368,0.0020075,0.00226413,0.00242158,0.00253325,0.00261113,0.00268878,0.00277645,0.00287927,0.00300122,0.00314108,0.00327068,0.00338281,0.00347519,0.00355392,0.00362748,0.00369838,0.00377391,0.00383809,0.00396181,0.00413878,0.00436205,0.00462762,0.00493136,0.00527138,0.00564529,0.00604951,0.00648288,0.00695792,0.00749999,0.00813797,0.0088972,0.0097895,0.01080477,0.01190817,0.01304404,0.01416376,0.01523948,0.0162866,0.01737458,0.01857973,0.01997328,0.02164546,0.02366708,0.02605743,0.02852593,0.03125051,0.03424653,0.03744297,0.04078749,0.04426983,0.04785443,0.0514567,0.05506321,0.05878959,0.0625336,0.06686807,0.07200173,0.07808546,0.08506846,0.09285111,0.10128161,0.11004676,0.11914342,0.12870718,0.13896005,0.14996035,0.16186478,0.17473597,0.18895808,0.20482376,0.2221821,0.24054109,0.25892633,0.27628846,0.2936389,0.31045356,0.32949855,0.34829345,0.36908597,0.38884389,0.40846528,0.43124976,0.45629893
SUR,1983,0.05038923,0.00346655,0.00246441,0.00178629,0.00133169,0.00102515,0.00083252,0.00072853,0.00068793,0.00068549,0.00069572,0.00074758,0.00084606,0.00099959,0.00120049,0.00145067,0.00173041,0.00200192,0.00223676,0.00243371,0.00253539,0.0026132,0.00267952,0.00276808,0.00287669,0.00300563,0.00314771,0.00329302,0.00341685,0.00351586,0.00359649,0.00366832,0.00373781,0.00380769,0.00388904,0.00396637,0.00411141,0.00431595,0.00457296,0.00487904,0.00522658,0.00560623,0.00601342,0.0064463,0.00691434,0.00744369,0.00806687,0.00881494,0.00970434,0.01072796,0.01185188,0.01301448,0.01415616,0.01524427,0.01628584,0.01734688,0.01851805,0.01989396,0.02154686,0.02353015,0.02590162,0.02836657,0.03108543,0.03402577,0.03719072,0.04050528,0.04390984,0.04741107,0.0510031,0.05466673,0.05843859,0.06227153,0.06664455,0.07178406,0.07783935,0.08484542,0.0926224,0.10099993,0.10978523,0.1187334,0.12798274,0.13779445,0.14846763,0.16005823,0.17269021,0.18633813,0.20130473,0.21802329,0.23623968,0.25512392,0.27383023,0.29189269,0.31013793,0.32773362,0.34702538,0.36955157,0.38897302,0.40960627,0.43016944,0.45362081
SUR,1984,0.04875021,0.0032929,0.00234737,0.00170449,0.001275,0.00098789,0.00080935,0.00071461,0.00067872,0.00067677,0.00068361,0.00073368,0.00082691,0.00097174,0.00117532,0.00142311,0.00170349,0.00197873,0.00221286,0.00238496,0.00252819,0.00259512,0.0026608,0.00273698,0.00284563,0.00297947,0.00312759,0.00327422,0.00341338,0.00352352,0.00361028,0.00368345,0.00375049,0.0038183,0.00389296,0.00398733,0.00408385,0.00425403,0.0044896,0.00478409,0.00513103,0.00551552,0.00592566,0.00635808,0.00682153,0.00733948,0.00794407,0.00866972,0.00953911,0.01055086,0.01167511,0.01285119,0.01401342,0.01511687,0.01616358,0.01721122,0.01834466,0.01967263,0.02129224,0.02323864,0.0255506,0.02797865,0.03067457,0.03358661,0.03666472,0.03991658,0.04326529,0.04665578,0.05013473,0.05376431,0.05756482,0.06141004,0.06583956,0.07097292,0.07698478,0.08390503,0.09165996,0.099968,0.10863214,0.11755293,0.12654224,0.13592373,0.14605136,0.15720062,0.16938516,0.18261492,0.19696632,0.21267656,0.2299203,0.24857852,0.26787505,0.28727363,0.30609466,0.32454367,0.34209129,0.36550649,0.38649839,0.40676498,0.42821534,0.44968296
SUR,1985,0.04721963,0.00313852,0.00223791,0.0016295,0.0012211,0.00095028,0.00078536,0.00070095,0.000672,0.00067335,0.00067966,0.00072594,0.0008172,0.00095639,0.00115068,0.0014031,0.00168287,0.00196145,0.0022022,0.0023756,0.00249424,0.00260562,0.00266067,0.00273658,0.00283289,0.00296755,0.00312178,0.00327586,0.00341746,0.0035445,0.00364329,0.00372322,0.00379207,0.00385782,0.00393084,0.00401869,0.00413368,0.00425474,0.004456,0.00472996,0.00506684,0.00545274,0.00587018,0.00630863,0.00677483,0.00729118,0.00788757,0.00859753,0.00944767,0.01044323,0.01156178,0.01274737,0.01393377,0.01506876,0.01613965,0.01719973,0.01832753,0.01962458,0.02120244,0.02312335,0.02540672,0.02779027,0.03046632,0.03337466,0.03644236,0.03962357,0.04293328,0.04629415,0.04968148,0.05321418,0.05701547,0.06092108,0.06537482,0.07059611,0.07664394,0.08356519,0.09127568,0.09962698,0.10828007,0.11713949,0.12619625,0.13537131,0.14509339,0.15574396,0.16757189,0.18048592,0.19439588,0.20939257,0.22577543,0.24368236,0.26329703,0.28359332,0.30371262,0.32289711,0.34141902,0.36219421,0.38430095,0.40603127,0.42718609,0.44945654
SUR,1986,0.04572962,0.00298993,0.00213637,0.00155597,0.00116924,0.00091485,0.00076168,0.0006852,0.00066087,0.00066437,0.00067114,0.0007163,0.00080246,0.00094578,0.00115226,0.00142106,0.00173835,0.00204947,0.00234116,0.00258752,0.00277539,0.00291424,0.00303613,0.00309969,0.00319251,0.00330968,0.0034589,0.0036129,0.00375355,0.00387091,0.00397397,0.00405316,0.00411778,0.00417582,0.00423764,0.00431556,0.00441592,0.00454879,0.0046916,0.00492159,0.0052285,0.00559572,0.00600646,0.00644451,0.00691007,0.00742269,0.00801025,0.0087037,0.00952584,0.01048609,0.01157175,0.0127371,0.01392326,0.01507867,0.01618163,0.01726444,0.01839985,0.01968193,0.02121117,0.02306598,0.02529704,0.02762513,0.0302294,0.03309449,0.03614073,0.03929372,0.04250299,0.04579593,0.04913484,0.05255509,0.05622091,0.06010609,0.06460164,0.06982486,0.07592803,0.08282139,0.09046696,0.09872042,0.10737189,0.11614455,0.12502996,0.13421814,0.14368673,0.15379983,0.16492965,0.17730325,0.19081643,0.20528662,0.22098798,0.23810369,0.25664871,0.27673576,0.29746113,0.31814319,0.33753629,0.3563545,0.37784868,0.40041178,0.42271902,0.44460288
SUR,1987,0.04427307,0.00286135,0.00203159,0.00148276,0.00111455,0.00087391,0.00073263,0.00066596,0.00064906,0.00065701,0.00066503,0.00071033,0.00079514,0.00093267,0.00113504,0.00139442,0.00169783,0.00201479,0.00230577,0.00255593,0.0027505,0.00289021,0.00298605,0.00309666,0.00317833,0.00329496,0.00343077,0.00358561,0.00373248,0.00385771,0.00396227,0.00405894,0.00413559,0.00420044,0.00426394,0.00433956,0.00443821,0.00456418,0.00472756,0.00490473,0.00517315,0.00551569,0.00591363,0.00635151,0.00682178,0.00733787,0.00792567,0.00861384,0.00942371,0.01036223,0.01142047,0.01256277,0.01373894,0.01490252,0.01603093,0.01714945,0.01830832,0.019599,0.02111636,0.02292825,0.02510263,0.02739371,0.02995378,0.0327576,0.03577147,0.03891251,0.04210736,0.04530541,0.04858482,0.0519725,0.05553288,0.05928181,0.06376249,0.06903735,0.07513997,0.08210098,0.08974658,0.09796685,0.10656329,0.11539352,0.1242403,0.13329278,0.14282816,0.15272176,0.16332625,0.17500574,0.18800405,0.20210922,0.21732981,0.23381571,0.25162254,0.27074311,0.29143879,0.31300403,0.33416544,0.35119849,0.37215102,0.39403443,0.41691167,0.43962722
SUR,1988,0.042861,0.00272835,0.00194585,0.00141114,0.00106288,0.00083922,0.00070876,0.00064833,0.00063494,0.00064545,0.00065648,0.00070258,0.00078706,0.0009223,0.00111691,0.00137037,0.00166187,0.00196303,0.0022605,0.00250958,0.00270752,0.00285371,0.0029506,0.00303474,0.00316435,0.00326913,0.00340398,0.00354463,0.00369252,0.00382424,0.00393718,0.00403541,0.00413005,0.00420709,0.00427753,0.00435467,0.004451,0.00457526,0.00473161,0.00493018,0.00514309,0.00544466,0.00581544,0.0062385,0.0067077,0.00722765,0.00781759,0.00850428,0.0093066,0.01022977,0.01126238,0.01237277,0.01352298,0.01467611,0.01581217,0.01695572,0.0181512,0.019464,0.02098612,0.02278115,0.02490546,0.02713056,0.02964561,0.03239862,0.03533979,0.0384419,0.04162007,0.04480253,0.04797634,0.0512903,0.05481793,0.05846063,0.06278196,0.06800741,0.07415535,0.08110631,0.08879371,0.09699685,0.10554511,0.11430976,0.1232387,0.13222074,0.14154433,0.15151092,0.16193511,0.17308783,0.185262,0.19872716,0.21330651,0.22926886,0.24659218,0.26511849,0.28480565,0.3061515,0.32832094,0.34460506,0.36525398,0.38641174,0.40845557,0.43140403
SUR,1989,0.0414804,0.00260001,0.00185541,0.00135163,0.00101161,0.0007934,0.00067075,0.0006192,0.00061427,0.00063161,0.00064672,0.00069545,0.00078059,0.000908,0.00108066,0.00129801,0.00155171,0.00180836,0.00204521,0.0022411,0.00237615,0.00247787,0.00256292,0.00264946,0.00275348,0.00291001,0.00303598,0.00318005,0.0033206,0.00346482,0.00359756,0.00371735,0.00382446,0.00392893,0.00401996,0.00411175,0.00421666,0.00434515,0.00450586,0.00470282,0.00494285,0.00519052,0.00552322,0.00592308,0.00638146,0.00690478,0.00750343,0.00819725,0.00900423,0.00992742,0.01095209,0.01204324,0.01316533,0.01429251,0.01541757,0.01656797,0.01778902,0.01914222,0.02069425,0.02250539,0.02462181,0.02680536,0.02925969,0.03196884,0.03486158,0.03789498,0.04103698,0.04421188,0.04737963,0.05058704,0.05405194,0.05767693,0.06189263,0.06694858,0.07302276,0.08001423,0.08770811,0.0959811,0.10455404,0.11331202,0.12219092,0.13128489,0.14057446,0.15032495,0.16091742,0.17201476,0.18376472,0.19651513,0.21043523,0.22544569,0.24197341,0.25994066,0.2792256,0.29986081,0.32196769,0.33794087,0.35769521,0.37825452,0.39929651,0.42115522
SUR,1990,0.04011142,0.00247114,0.00176865,0.00128918,0.00096921,0.00076471,0.00064963,0.00060138,0.00059741,0.00061517,0.00063211,0.00068432,0.00077175,0.00089944,0.00107125,0.00128567,0.00153003,0.00178114,0.00200629,0.00218845,0.0023355,0.00244001,0.00253156,0.00262702,0.00273298,0.0028613,0.00303784,0.00316855,0.00330798,0.00343705,0.00357114,0.00369806,0.00381419,0.00392017,0.00403019,0.00413492,0.0042472,0.0043776,0.00453622,0.00473197,0.00496541,0.00523613,0.00550631,0.00586006,0.0062883,0.00679485,0.00739211,0.00809063,0.00890049,0.00982242,0.01083879,0.01191303,0.01300841,0.01410389,0.01520452,0.01634799,0.01757917,0.0189618,0.02055623,0.02239212,0.02451622,0.02668268,0.02908074,0.03171781,0.03456536,0.0375453,0.04061621,0.0437551,0.04691157,0.0501148,0.05345666,0.05700666,0.06121428,0.0661583,0.07204682,0.07896128,0.08671342,0.09499165,0.10359845,0.11234647,0.12124631,0.13032516,0.1397249,0.14938892,0.15960822,0.1707447,0.18249802,0.19488111,0.20811131,0.22253346,0.23794093,0.25491508,0.27357218,0.2937111,0.31506721,0.33105451,0.34995841,0.36944825,0.38968937,0.41036543
SUR,1991,0.03880587,0.00235443,0.00168521,0.00123195,0.00092673,0.00073183,0.00062355,0.0005798,0.00057855,0.00059777,0.00061537,0.00066857,0.00075906,0.00088882,0.00106056,0.0012737,0.00151451,0.00175531,0.00197496,0.00214548,0.00227939,0.00239662,0.00249108,0.00259294,0.00270791,0.00283808,0.00298511,0.00316828,0.00329375,0.00342177,0.00354037,0.00366838,0.00379168,0.00390678,0.00401822,0.00414227,0.00426812,0.00440615,0.00456694,0.00476052,0.00499276,0.00525681,0.00555064,0.00583779,0.00621696,0.0066911,0.00726916,0.00796462,0.00877885,0.00970261,0.01071689,0.01178269,0.01285998,0.01392665,0.01499324,0.01611087,0.01733485,0.01872657,0.02035008,0.02222831,0.02437707,0.02655127,0.02892943,0.03150392,0.03426975,0.03720035,0.04021404,0.04327787,0.04640135,0.04959796,0.0529409,0.05635594,0.06046672,0.0654059,0.07118262,0.07789547,0.08552892,0.09385082,0.10249595,0.11130898,0.12019008,0.12927326,0.13865433,0.14850023,0.15871415,0.16949308,0.18117492,0.19330813,0.20596746,0.2198555,0.2350692,0.25110859,0.26857516,0.28784053,0.30865847,0.32532487,0.34358682,0.36235023,0.38164835,0.40163979
SUR,1992,0.03746864,0.00224444,0.00160573,0.00117424,0.0008861,0.00070291,0.00060161,0.00056147,0.00056169,0.0005815,0.00060013,0.00065303,0.00074387,0.00087669,0.0010509,0.00126433,0.00150439,0.00174226,0.00195218,0.00211856,0.00224179,0.00234681,0.00245465,0.00255954,0.00268103,0.00282057,0.00296975,0.00312255,0.00330332,0.00341751,0.00353577,0.00364852,0.0037731,0.00389571,0.00401639,0.00414186,0.00428762,0.00444028,0.00460981,0.00480682,0.00503771,0.00530179,0.00558987,0.00590229,0.00621132,0.00663335,0.00717687,0.00785202,0.00866287,0.00959285,0.01061187,0.01167711,0.01274786,0.01379921,0.01483926,0.01592376,0.01712203,0.01850798,0.02014274,0.02205453,0.02425261,0.02645958,0.02884979,0.03140535,0.03410847,0.03695959,0.03992864,0.04293627,0.04598758,0.04915058,0.05248845,0.05591752,0.05988192,0.06471634,0.07048636,0.07706982,0.08450692,0.0927099,0.10140068,0.11025141,0.1192164,0.128304,0.1376754,0.1474777,0.15785665,0.16859604,0.17979999,0.19182955,0.20452521,0.21776872,0.23211174,0.24789816,0.26434385,0.28234296,0.30221093,0.31936151,0.33720581,0.35517589,0.37358496,0.39246706
SUR,1993,0.03615877,0.00212454,0.0015263,0.00111507,0.00084123,0.00066823,0.00057329,0.00053649,0.00053792,0.00055768,0.00057583,0.00062856,0.00071753,0.00084883,0.00102437,0.00123832,0.00147612,0.00171066,0.00191518,0.00206985,0.00218767,0.00228064,0.00237497,0.00249207,0.00261525,0.00276,0.0029173,0.00307068,0.00321791,0.00338757,0.00349016,0.00360122,0.00370891,0.00383131,0.00395838,0.0040921,0.00423835,0.00441015,0.00459309,0.00479716,0.00502899,0.00528786,0.00557241,0.00587528,0.0062076,0.00655187,0.00703548,0.00766764,0.00844873,0.00936557,0.01038149,0.01144197,0.01250164,0.01353581,0.01454904,0.01559514,0.01674811,0.01809126,0.01970183,0.02160558,0.02381502,0.0260547,0.02845734,0.03100161,0.0336587,0.03641478,0.03927018,0.04220383,0.04517405,0.04823595,0.05150312,0.05490142,0.0588544,0.06348999,0.06910148,0.07563589,0.08287193,0.09078241,0.09924264,0.10809289,0.11705988,0.12613231,0.13548618,0.14527863,0.15556186,0.16645871,0.17761846,0.18914177,0.20169744,0.21492444,0.22853321,0.24333284,0.2594432,0.27634349,0.29485866,0.31208115,0.33047608,0.34830005,0.36622508,0.38455778
SUR,1994,0.03486707,0.00202278,0.00144522,0.00106039,0.00079942,0.00063385,0.00054443,0.00051146,0.00051531,0.00053637,0.000555,0.00060599,0.00069378,0.00082225,0.00099573,0.00121144,0.00145066,0.0016838,0.00188606,0.00203653,0.00214377,0.0022322,0.00231484,0.00241822,0.00255393,0.00270045,0.00286341,0.00302561,0.00317388,0.00330942,0.00346946,0.00356488,0.00367111,0.00377661,0.00390404,0.00404467,0.00419953,0.00437234,0.00457516,0.00479315,0.00503292,0.00529339,0.00557303,0.00587328,0.006196,0.00656603,0.00696835,0.00753712,0.00827278,0.00915961,0.01016359,0.01122412,0.01228338,0.01330961,0.01430992,0.01533242,0.01644656,0.01774413,0.01931062,0.02118901,0.02339341,0.02565468,0.02809839,0.03066489,0.03331811,0.0360318,0.03879611,0.04162055,0.04451802,0.04751137,0.05069373,0.05402692,0.05795509,0.0625926,0.06799969,0.0743824,0.08158562,0.08930139,0.09749517,0.10612055,0.11507123,0.12422398,0.13362824,0.14334351,0.15367829,0.1646033,0.17606028,0.18762325,0.19967493,0.21282543,0.22646016,0.24055228,0.25596957,0.27257732,0.28981819,0.3066799,0.3249883,0.34353602,0.36153315,0.37961644
SUR,1995,0.03362271,0.00192483,0.00137532,0.00100358,0.00075985,0.00060908,0.00052962,0.00050237,0.00050823,0.00052816,0.000543,0.00059411,0.00068033,0.00080867,0.00098114,0.00119787,0.00144373,0.00168371,0.00188923,0.00204142,0.00214743,0.00222753,0.00230737,0.00240033,0.0025234,0.002685,0.00285233,0.00302343,0.00318382,0.00332323,0.00345087,0.0036087,0.003701,0.0038069,0.00391863,0.00406177,0.00422616,0.00441056,0.00461791,0.00486109,0.00511997,0.00539459,0.00568161,0.00598184,0.00630744,0.0066732,0.00711044,0.00760006,0.00827843,0.0091297,0.01011783,0.01118555,0.01226538,0.01331111,0.01432187,0.01534833,0.01645719,0.01773512,0.01927618,0.02113758,0.02335136,0.02564868,0.02815638,0.03081261,0.03353888,0.03629445,0.03906239,0.04184564,0.04467876,0.04764446,0.05080787,0.05410072,0.05801685,0.06269699,0.06817933,0.07442443,0.08158474,0.08941267,0.09753171,0.10600111,0.11487104,0.12416051,0.13377041,0.14372903,0.15417142,0.16530999,0.17697201,0.18911632,0.2011739,0.21365777,0.22734386,0.2415418,0.2562788,0.27254108,0.28990652,0.30666674,0.32458876,0.34337814,0.36236658,0.38077925
SUR,1996,0.03237347,0.00181803,0.00130932,0.00095564,0.00071968,0.00057432,0.00049933,0.00047569,0.00048446,0.00050663,0.00052316,0.00056876,0.00065267,0.00077604,0.00094438,0.00115531,0.0013973,0.00163988,0.00184883,0.00200175,0.00210826,0.00218635,0.00225691,0.00234503,0.00245443,0.00259934,0.00277883,0.00295092,0.00311718,0.00326623,0.0033953,0.00351691,0.00367214,0.00376226,0.00387166,0.00399523,0.00415873,0.00434905,0.00456377,0.00480575,0.00508477,0.00537152,0.00566714,0.00597142,0.00629549,0.00666117,0.00708587,0.00760048,0.00817295,0.00893832,0.00986655,0.01089947,0.01197599,0.01303254,0.01404344,0.01505607,0.01614663,0.01739963,0.01890144,0.02070666,0.02285692,0.02511271,0.02760648,0.03028095,0.03304924,0.03583313,0.03859717,0.04132782,0.04406477,0.04689636,0.04993346,0.05311913,0.0569122,0.06148157,0.06690333,0.07309709,0.07993275,0.08749691,0.0955141,0.10368732,0.11216202,0.12110223,0.13062582,0.14065184,0.15108251,0.16194259,0.17347853,0.18559816,0.19814175,0.21015974,0.22250587,0.23651602,0.2511278,0.26624791,0.28275184,0.30013068,0.31689717,0.33492325,0.35378672,0.37281722
SUR,1997,0.03120586,0.00173503,0.00123536,0.00090888,0.00068462,0.00054615,0.00047773,0.00045978,0.00047278,0.00049732,0.00051394,0.0005613,0.00064011,0.00076275,0.00092844,0.001139,0.00138001,0.00162464,0.00184191,0.00200205,0.00211132,0.00219149,0.0022613,0.00234193,0.00244893,0.00258234,0.00274819,0.00293795,0.00310952,0.00326806,0.00340954,0.00353427,0.00365356,0.00381057,0.00390663,0.00403108,0.00417817,0.00437296,0.00459941,0.00485412,0.00513668,0.00545024,0.00576235,0.006079,0.00641226,0.00678557,0.00722339,0.00774168,0.00836155,0.00902853,0.00987818,0.01086348,0.01192217,0.01300188,0.01405855,0.01510087,0.01619835,0.01745347,0.0189571,0.02076271,0.02290741,0.02515536,0.02766042,0.03037745,0.03323187,0.0361261,0.03898682,0.04179203,0.04454489,0.0473526,0.05035162,0.05349047,0.05724612,0.06179558,0.06723549,0.07355329,0.08056508,0.08801776,0.09600986,0.10431894,0.11268587,0.1214469,0.13083763,0.1409953,0.15184717,0.16315658,0.17484842,0.18720366,0.20024178,0.21371846,0.2263169,0.23933972,0.25432094,0.2698882,0.28586695,0.30432701,0.32200151,0.33981997,0.35879826,0.37853887
SUR,1998,0.0300925,0.00164226,0.00118351,0.00086083,0.00065365,0.00053018,0.00046946,0.0004543,0.00046734,0.00049131,0.00050903,0.00055624,0.00063719,0.0007546,0.00092072,0.00113015,0.00137366,0.00162091,0.00184446,0.00201671,0.00213553,0.00222024,0.00229403,0.00237537,0.00247591,0.00260793,0.00276236,0.00293907,0.00313178,0.00329841,0.00345229,0.00359263,0.00371726,0.00383854,0.00400625,0.004118,0.00426697,0.0044458,0.00468029,0.00495264,0.00525408,0.00557643,0.00592219,0.00625851,0.0066058,0.00699059,0.00744176,0.00798219,0.00861677,0.00934831,0.01009519,0.01099666,0.01200721,0.01307417,0.01417099,0.01528223,0.01642473,0.01769362,0.01920654,0.02102874,0.02320067,0.02547432,0.02800152,0.03075535,0.03368354,0.03670585,0.03971144,0.04263913,0.04550085,0.04834481,0.05133841,0.05447171,0.05818866,0.06269858,0.06814285,0.07449864,0.0816715,0.0893726,0.09727509,0.10560396,0.11416935,0.12277247,0.13197697,0.14201933,0.15293943,0.16467392,0.1769299,0.18947709,0.20248433,0.21612954,0.23047841,0.24343507,0.25661328,0.2726522,0.28916175,0.30751734,0.32576653,0.34330241,0.36196464,0.38259391
SUR,1999,0.0290256,0.00155108,0.00112675,0.00082947,0.00062266,0.00049945,0.00044426,0.00043716,0.00045824,0.00048745,0.00050493,0.00055322,0.00063413,0.00075436,0.00091477,0.00112549,0.00136858,0.00161978,0.00184728,0.00202686,0.00215776,0.00225105,0.00232883,0.00241461,0.00251647,0.00264277,0.00279698,0.00296194,0.00314142,0.00333132,0.00349404,0.00364724,0.00378816,0.00391467,0.00404424,0.0042319,0.00436928,0.00455202,0.00477105,0.00505383,0.00537636,0.00572008,0.00607571,0.00644932,0.00681697,0.00721561,0.00768017,0.00824014,0.00890661,0.00966451,0.01049401,0.01128155,0.01219351,0.0132029,0.0142808,0.01544027,0.01667211,0.01800124,0.01953461,0.02136921,0.02356489,0.02587911,0.02845577,0.03125102,0.03422579,0.03733703,0.04049845,0.04358741,0.04658282,0.0495668,0.05261719,0.05576823,0.05953475,0.064033,0.06945721,0.07586416,0.08312189,0.09107257,0.09933805,0.1076521,0.116354,0.12532664,0.13440929,0.14423897,0.15510847,0.16700207,0.17971235,0.19286641,0.2064279,0.22035421,0.2348403,0.25040169,0.26408275,0.27782053,0.29502458,0.31442618,0.33299253,0.35234023,0.36991492,0.38975262
SUR,2000,0.02802114,0.00146871,0.00107033,0.00079412,0.00060335,0.00048943,0.00043768,0.00043008,0.00044865,0.00047539,0.0004922,0.00053913,0.00061959,0.00073752,0.00089841,0.00109872,0.00133944,0.0015862,0.00181467,0.00199611,0.00213285,0.00223648,0.00232088,0.00240925,0.00251445,0.0026404,0.00278632,0.00294844,0.00311209,0.00328504,0.00346966,0.00362962,0.00378149,0.00392282,0.00405532,0.00419997,0.00441393,0.0045827,0.00480358,0.00506614,0.00539548,0.00575788,0.00613042,0.00650795,0.0069087,0.00732089,0.00779052,0.00835484,0.00903347,0.00981744,0.01066835,0.01153842,0.0123053,0.01317974,0.01416824,0.01528098,0.01654663,0.01795986,0.01953566,0.0213584,0.02352344,0.02581557,0.02840048,0.0312166,0.03419265,0.03729412,0.04048686,0.0436887,0.0467964,0.04985744,0.05301031,0.0561666,0.05989616,0.06440156,0.06971657,0.07596833,0.08314104,0.09101885,0.09942425,0.10800917,0.11654679,0.12554979,0.13485996,0.1443302,0.15468925,0.16614998,0.17879141,0.19233175,0.20613805,0.22037768,0.23515935,0.25022888,0.26639571,0.28055925,0.2944295,0.31362582,0.33352401,0.35283829,0.37289616,0.39006816
SUR,2001,0.02706452,0.00140476,0.00101614,0.00075646,0.00057915,0.0004735,0.00042599,0.00041979,0.00043829,0.00046501,0.00048349,0.0005294,0.00060827,0.00072589,0.00088468,0.00108669,0.00131672,0.00156324,0.00178921,0.00197403,0.00211472,0.00222565,0.00232089,0.00241582,0.00252405,0.0026543,0.00280076,0.00295548,0.00311763,0.00327452,0.0034425,0.00362661,0.00378642,0.00393996,0.00408908,0.00423765,0.00440745,0.00465729,0.00486556,0.00513248,0.00544206,0.00581388,0.00621011,0.00660776,0.00701599,0.00746749,0.00795477,0.0085263,0.00921263,0.010016,0.01090345,0.01180883,0.01267833,0.01339747,0.01423844,0.01525571,0.01647254,0.01793156,0.01961931,0.02150542,0.02366878,0.02593573,0.02850674,0.0313574,0.03439147,0.03752131,0.0407222,0.04397843,0.04722905,0.05042989,0.05368704,0.05698415,0.06075121,0.06526112,0.07066468,0.0768575,0.08391678,0.09177142,0.10016558,0.10901262,0.11796409,0.12688925,0.13642741,0.14630273,0.15635157,0.16738925,0.17960939,0.19310399,0.20758754,0.22243803,0.23746416,0.25319564,0.26932577,0.28649251,0.30132117,0.31628962,0.33646492,0.35767174,0.37796358,0.39893106
SUR,2002,0.02617442,0.00134006,0.00097622,0.0007214,0.00055427,0.00045736,0.00041482,0.00041076,0.00042916,0.00045411,0.00046975,0.00051648,0.00059321,0.00070774,0.00086476,0.00106283,0.00129372,0.00152714,0.00175302,0.00193549,0.00208014,0.00219559,0.00229812,0.00240314,0.0025168,0.0026493,0.00279953,0.00295404,0.00310812,0.00326314,0.00341316,0.00357929,0.00376393,0.00392496,0.00408571,0.00425072,0.00442327,0.00462499,0.00491815,0.00517243,0.0054869,0.00583615,0.00624088,0.00666307,0.00708901,0.00754488,0.00807067,0.00865649,0.00934391,0.0101499,0.01105539,0.01200039,0.01291024,0.01373945,0.01439977,0.01524083,0.01633993,0.0177317,0.01946132,0.02146767,0.02369047,0.02593247,0.02844887,0.03125954,0.03432499,0.03752225,0.0407403,0.04397544,0.04725987,0.05059126,0.05396153,0.05733588,0.06123376,0.06575704,0.07113212,0.07739124,0.08430882,0.09194438,0.10023191,0.10897805,0.11816832,0.12749813,0.13686516,0.1469426,0.15736489,0.1678936,0.17947078,0.19227504,0.20628204,0.22139039,0.23713301,0.25288615,0.2695615,0.28636624,0.30408478,0.32057513,0.33540787,0.35469791,0.37688399,0.39765409
SUR,2003,0.02534195,0.00128286,0.00093317,0.00069448,0.00052967,0.00043369,0.00039392,0.00039353,0.00041557,0.0004428,0.00045819,0.00050119,0.00057806,0.00068951,0.00084225,0.00103765,0.00126357,0.0014982,0.00171007,0.00189378,0.00203662,0.00215648,0.00226403,0.00237646,0.00250002,0.00263721,0.0027891,0.00294712,0.00310067,0.00324788,0.00339622,0.00354248,0.00370793,0.00389469,0.00406299,0.00423994,0.00442978,0.00463391,0.00487451,0.00521849,0.00552061,0.00587507,0.00625415,0.0066845,0.00713712,0.00761137,0.00814227,0.00877025,0.00947195,0.01027388,0.0111773,0.01214068,0.01309512,0.01397388,0.01475833,0.01540025,0.01629935,0.01755521,0.01920058,0.02125152,0.02361611,0.02592303,0.0284046,0.03113902,0.03414395,0.0373811,0.04069408,0.04395111,0.04719975,0.05055719,0.05406627,0.05755015,0.06151851,0.06618795,0.07158452,0.07783029,0.08486096,0.09233822,0.10035483,0.10896933,0.11803049,0.12765575,0.13752264,0.14746209,0.15822519,0.16930425,0.1803139,0.1922326,0.20544345,0.22011674,0.23595094,0.25257839,0.26947227,0.28705148,0.30504228,0.32289176,0.34118714,0.35592677,0.37408053,0.3972807
SUR,2004,0.02458303,0.00123341,0.00089454,0.00066463,0.00051046,0.00041812,0.00037479,0.00036685,0.00038091,0.0004035,0.00042085,0.00046048,0.00052837,0.000633,0.00077319,0.00095227,0.00116227,0.00137857,0.00158064,0.00174102,0.0018785,0.00199037,0.00209625,0.00220724,0.00233071,0.00246924,0.00261621,0.00276623,0.00291446,0.00305301,0.00318654,0.0033234,0.00345912,0.00361616,0.00380011,0.00397415,0.00416478,0.00437458,0.00460354,0.00487377,0.00524959,0.00557338,0.00593657,0.00631543,0.0067503,0.00722478,0.00774318,0.0083409,0.0090459,0.00981427,0.0106566,0.01155885,0.01247822,0.01335654,0.01415344,0.01488936,0.01553078,0.01650119,0.01790443,0.01974097,0.02201747,0.02435265,0.02676023,0.02929457,0.03203564,0.0350121,0.03818901,0.04138518,0.04447697,0.04759605,0.05092144,0.05434164,0.05818554,0.0626453,0.0678783,0.0737842,0.08040531,0.08761748,0.094993,0.10277736,0.11117183,0.12007333,0.12970664,0.13965531,0.14962698,0.16043074,0.171428,0.1820662,0.19357092,0.20648588,0.22085781,0.23658181,0.25338421,0.27031822,0.28800005,0.30537666,0.32274968,0.34075352,0.35469382,0.37099738
SUR,2005,0.02387951,0.00122453,0.00084602,0.00062665,0.00048046,0.0003925,0.00035256,0.00034644,0.00036011,0.00037974,0.00039145,0.00043168,0.0004954,0.00059034,0.00072432,0.0008922,0.00108855,0.00129376,0.00148338,0.00164072,0.00176046,0.00187137,0.00197204,0.00208304,0.002207,0.00234788,0.00249929,0.0026472,0.00278968,0.00292526,0.00305253,0.00317807,0.00330763,0.00343766,0.00359484,0.00378724,0.00397791,0.00419176,0.00442989,0.00469142,0.00499453,0.00539807,0.00573622,0.00610598,0.00649581,0.00696114,0.00749012,0.0080868,0.0087754,0.0095645,0.0103878,0.01123851,0.01210558,0.01296196,0.01377527,0.01454558,0.01531066,0.0160432,0.01717154,0.01877244,0.02083757,0.02311858,0.02559863,0.02810692,0.03068692,0.03342798,0.03636499,0.03946579,0.04256456,0.04559447,0.04873741,0.05203592,0.05586481,0.06024729,0.06531498,0.07111959,0.07747843,0.0843769,0.0916567,0.09895281,0.10660535,0.11493029,0.12386792,0.13365774,0.14383277,0.15401339,0.16501963,0.1761697,0.18688981,0.19842826,0.21137782,0.22580059,0.24160457,0.25855782,0.27545138,0.29263451,0.3103011,0.32770837,0.3457418,0.36006859
SUR,2006,0.02326407,0.00122694,0.00084542,0.00059526,0.00045524,0.00037604,0.00033735,0.00032837,0.0003381,0.00035588,0.00037106,0.00040385,0.00046657,0.00055558,0.00067748,0.00083793,0.00102219,0.00121401,0.0013943,0.00154183,0.00166117,0.00175611,0.00185662,0.00196206,0.00208518,0.00222547,0.00237867,0.00253136,0.00267196,0.002802,0.00292679,0.0030467,0.00316593,0.00329008,0.00342035,0.00358556,0.00379386,0.00400695,0.00424834,0.00451836,0.00481147,0.00513877,0.0055597,0.00590444,0.00628482,0.00670297,0.00722127,0.0078271,0.00851284,0.00928423,0.01013001,0.01096068,0.01177514,0.0125794,0.01337372,0.01416479,0.01496485,0.01582331,0.01670372,0.01801433,0.01982581,0.02189106,0.02431131,0.02689724,0.02945535,0.0320337,0.03473061,0.03759016,0.04060481,0.04365276,0.04670795,0.04982627,0.05351943,0.05787055,0.06284368,0.06846589,0.07471063,0.08132816,0.08828603,0.09550816,0.10266927,0.11023474,0.11861487,0.12770205,0.13769728,0.14808325,0.15844607,0.16958803,0.18080847,0.19155298,0.20311495,0.2161138,0.23062733,0.24659992,0.26349786,0.28027471,0.29748163,0.3151462,0.33258452,0.35064435
SUR,2007,0.02255899,0.00115577,0.00080351,0.00057277,0.00041705,0.0003254,0.00028527,0.00028177,0.00030001,0.00032492,0.00034163,0.00037721,0.00043112,0.00051776,0.00063185,0.00077764,0.0009538,0.00113365,0.00130161,0.00144199,0.0015533,0.00164898,0.00173402,0.00183865,0.00195515,0.00209343,0.00224512,0.00239952,0.00254516,0.00267317,0.00279208,0.00290946,0.00302317,0.00313721,0.00326106,0.0033987,0.00357851,0.00380774,0.00404665,0.00431788,0.0046177,0.00493284,0.00527343,0.00570258,0.006056,0.00646229,0.00692911,0.00752034,0.00821201,0.00897773,0.00980291,0.01065744,0.01144925,0.01219732,0.01293848,0.01370901,0.01452751,0.01541798,0.01642579,0.01747337,0.0189708,0.02076864,0.02295435,0.02547089,0.02810896,0.03066312,0.03318618,0.03579471,0.03856082,0.04152275,0.04459118,0.04761603,0.05110417,0.05528957,0.06019946,0.06569249,0.07172023,0.07820613,0.08486965,0.09175449,0.09886299,0.1059401,0.11351664,0.12200904,0.1312785,0.14146687,0.15201977,0.16249464,0.1736875,0.1849248,0.19569312,0.20729915,0.22038402,0.23506888,0.25099887,0.26800681,0.28469973,0.3019006,0.31956418,0.3370267
SUR,2008,0.02201724,0.001143,0.00078381,0.00055565,0.00040905,0.00032099,0.0002784,0.00026871,0.00027976,0.00029953,0.0003158,0.00035071,0.00040577,0.00048125,0.00059151,0.00072767,0.00088718,0.0010599,0.00121754,0.00134795,0.00145429,0.00154338,0.00162972,0.00171871,0.00183348,0.00196394,0.00211275,0.00226551,0.00241338,0.00254685,0.00266364,0.00277526,0.00288702,0.00299611,0.00310987,0.00324052,0.00339214,0.00359161,0.00384552,0.00411302,0.0044127,0.00473404,0.00506188,0.00540861,0.00584855,0.00622616,0.00667861,0.00721382,0.00788764,0.00865742,0.00947647,0.01030956,0.01112776,0.01185362,0.0125381,0.01325493,0.01405252,0.0149602,0.01599666,0.01717329,0.01839007,0.01985906,0.02176282,0.02403286,0.02659928,0.02924089,0.03174328,0.03417505,0.03668771,0.03940147,0.04238534,0.04542485,0.04879959,0.05275423,0.05746823,0.06287558,0.06875952,0.07501164,0.0815355,0.08812524,0.09488787,0.10190726,0.10897246,0.11662678,0.1252794,0.13472121,0.14505449,0.15569231,0.16618123,0.17734908,0.18856185,0.19933096,0.21098309,0.22420945,0.23885359,0.25510481,0.27186494,0.28857345,0.30577452,0.32344482
SUR,2009,0.02141103,0.00108741,0.00074983,0.00052985,0.00038822,0.00030242,0.00025967,0.00024843,0.00025684,0.00027333,0.00028634,0.00031963,0.00037269,0.00044806,0.0005445,0.00067543,0.0008238,0.00097881,0.00113122,0.00125359,0.00135163,0.00143663,0.00151658,0.00160621,0.00170434,0.00183156,0.00197129,0.0021206,0.0022669,0.00240305,0.00252504,0.00263383,0.00273953,0.00284681,0.00295548,0.00307506,0.00321816,0.00338767,0.00360957,0.0038901,0.00418401,0.00450298,0.00483532,0.00516756,0.00552178,0.00598526,0.00640446,0.00692023,0.00753067,0.00827736,0.00909758,0.00992221,0.01071697,0.01146958,0.01212817,0.0127843,0.01352381,0.01440437,0.01545071,0.01664864,0.01799317,0.01916134,0.02071217,0.02267768,0.02497728,0.02753918,0.03013149,0.03253736,0.03486093,0.03730771,0.04002997,0.04297598,0.04633533,0.0501356,0.05457076,0.05973473,0.06549254,0.07156576,0.07783051,0.08425944,0.09069175,0.09733534,0.10432267,0.11141277,0.11916245,0.12793398,0.1374667,0.14782935,0.15842315,0.16881176,0.17987203,0.1909923,0.20170905,0.21340141,0.22651177,0.24156666,0.25739837,0.27405729,0.29067111,0.30775778
SUR,2010,0.02088347,0.00105587,0.00072684,0.00051188,0.00037325,0.00028843,0.00024489,0.00023198,0.00023898,0.00025487,0.00026882,0.00029777,0.0003486,0.00042206,0.00051943,0.00063683,0.00078317,0.00093079,0.00106975,0.00119343,0.00128828,0.00136821,0.00144633,0.00153122,0.00163156,0.00174381,0.00188275,0.00202623,0.00217302,0.002312,0.00244054,0.00255698,0.00266205,0.00276604,0.00287579,0.00299293,0.00312755,0.00329161,0.00348686,0.00374024,0.00405398,0.00437447,0.00471205,0.00505664,0.00540385,0.00578796,0.00630558,0.00679594,0.00739743,0.0080922,0.0089065,0.00975414,0.0105614,0.0113085,0.012012,0.01265453,0.01334663,0.01418493,0.01522401,0.01645821,0.01785518,0.0191859,0.02044716,0.02207589,0.02410157,0.0264423,0.02902242,0.03159338,0.03394661,0.03624844,0.03875171,0.04149862,0.04482694,0.04867405,0.05301938,0.05798247,0.06359377,0.06966185,0.07587564,0.08217448,0.08859107,0.0950361,0.10177889,0.10893632,0.1162205,0.12419384,0.13320785,0.14293782,0.15345247,0.16413334,0.17454474,0.18564931,0.19682163,0.20762316,0.21929296,0.23312725,0.24788455,0.26384268,0.28061976,0.29730545
SUR,2011,0.02036088,0.00101364,0.00070879,0.00049832,0.00036215,0.00027924,0.00023669,0.00022384,0.0002302,0.00024524,0.00025813,0.00028798,0.00033465,0.00040685,0.00050432,0.00062572,0.00076018,0.00091071,0.00104646,0.00116024,0.00126094,0.00134059,0.0014157,0.00150076,0.00159857,0.0017158,0.00184255,0.00198944,0.00213471,0.00227867,0.00241455,0.00254157,0.00265712,0.00276275,0.00287182,0.00299287,0.00312803,0.0032874,0.00348223,0.00371301,0.00400514,0.00435435,0.00470218,0.00506152,0.00543135,0.00581867,0.00626485,0.00687425,0.00746439,0.00816898,0.00894947,0.00981646,0.01067483,0.01145899,0.01217871,0.01289106,0.01358899,0.01439766,0.01541581,0.01667129,0.01814525,0.01957684,0.02106399,0.02243407,0.02415548,0.02626543,0.02867617,0.03131008,0.03391932,0.03632928,0.03875641,0.04135372,0.04455244,0.04846476,0.05298588,0.0580058,0.06357887,0.0696892,0.07610356,0.08254713,0.0890248,0.09566393,0.10241369,0.10955011,0.11718607,0.12497301,0.13347271,0.14300936,0.1532296,0.16422069,0.17537596,0.18627479,0.19794453,0.20978469,0.22114524,0.23409149,0.24829135,0.26374154,0.28037456,0.29780605
SUR,2012,0.01984186,0.00096183,0.00068875,0.00049188,0.00035686,0.00027347,0.00023111,0.00021876,0.00022536,0.00024001,0.00025181,0.00028032,0.00032814,0.00039603,0.00049293,0.00061602,0.00075693,0.00089548,0.00103697,0.00114915,0.00124082,0.00132827,0.00140419,0.00148708,0.00158627,0.00170227,0.00183584,0.00197137,0.00212209,0.00226637,0.00240929,0.0025458,0.00267404,0.00279214,0.00290473,0.00302689,0.00316753,0.00332875,0.00352046,0.00375337,0.00402369,0.00435332,0.00473624,0.00511109,0.00550196,0.00591932,0.00637548,0.00691511,0.00764358,0.00834387,0.00914549,0.00998553,0.01087564,0.01172585,0.01249562,0.01323574,0.01401948,0.01484923,0.01585048,0.01709912,0.01861498,0.02014884,0.02176629,0.02340989,0.02487471,0.02668111,0.02887103,0.0313539,0.03406494,0.03678314,0.03936365,0.04192098,0.04501221,0.0488452,0.05349289,0.05876855,0.06449521,0.07066434,0.0772204,0.08398226,0.09071702,0.09752258,0.10458794,0.1118488,0.11959149,0.12789268,0.1363735,0.14557126,0.15578614,0.16668356,0.17837218,0.19026804,0.20199186,0.21462684,0.22735692,0.23989874,0.25366136,0.26880186,0.28515239,0.30262809
SUR,2013,0.01934109,0.00091645,0.00066213,0.00048431,0.00035691,0.00027858,0.00024062,0.00023066,0.00023633,0.00024521,0.0002451,0.00027193,0.00031756,0.00038608,0.00047707,0.00059862,0.00074095,0.00088625,0.0010135,0.00113211,0.00122194,0.00129982,0.00138382,0.00146704,0.00156338,0.00168022,0.00181177,0.00195371,0.00209142,0.00224069,0.00238323,0.0025265,0.00266404,0.00279457,0.00291985,0.00304588,0.00318734,0.00335301,0.0035453,0.00377405,0.00404572,0.00434987,0.00470994,0.00512098,0.00552659,0.00596492,0.00645172,0.00700057,0.00764968,0.00849899,0.00929123,0.01014932,0.01100332,0.01188227,0.0127174,0.01350541,0.01431509,0.0152335,0.01625788,0.01748706,0.01899184,0.02056328,0.02228201,0.02405503,0.02581014,0.02732114,0.02916511,0.03139441,0.03393042,0.03674346,0.0396331,0.04233521,0.04537523,0.04908695,0.05363693,0.05902412,0.0649865,0.07127824,0.07786106,0.08473703,0.09177445,0.09881734,0.10602507,0.11358396,0.12141695,0.12978074,0.13872833,0.14784962,0.15767102,0.16850453,0.18004955,0.19242377,0.20507159,0.21767226,0.23109321,0.24446777,0.25795266,0.27256524,0.2885135,0.30561826
SUR,2014,0.01886386,0.00088212,0.00063722,0.00047038,0.0003551,0.00028326,0.00024628,0.00023415,0.00023687,0.00024445,0.00024687,0.00026093,0.00030365,0.00036826,0.00045841,0.00057107,0.00070968,0.00085518,0.0009883,0.00109027,0.00118644,0.00126173,0.00133498,0.00142531,0.00152041,0.00163251,0.00176303,0.00190086,0.00204333,0.00217693,0.00232277,0.0024637,0.00260635,0.00274451,0.00288054,0.00301823,0.00316239,0.00332659,0.00352034,0.00374617,0.00401032,0.00431202,0.00463972,0.00502074,0.00545932,0.00590716,0.00641008,0.00698473,0.00763531,0.00838674,0.00933046,0.01016491,0.01102527,0.01185181,0.01270507,0.01355003,0.01439831,0.01533306,0.01643993,0.01768191,0.01914822,0.02068584,0.02242072,0.0242762,0.02614233,0.02794374,0.02943885,0.03126357,0.03349463,0.03608635,0.03903307,0.04201412,0.04516457,0.04877761,0.05315093,0.05836619,0.06435359,0.07079811,0.0774144,0.08422076,0.0912797,0.09854482,0.10590448,0.11351288,0.12155063,0.12989118,0.13877119,0.14822015,0.15782051,0.16811288,0.17943342,0.1915057,0.20445691,0.21778349,0.23096057,0.24452437,0.25859763,0.27269587,0.28790089,0.30438171
SUR,2015,0.01838126,0.0008602,0.0006128,0.00045224,0.0003446,0.00027636,0.00023907,0.0002242,0.00022325,0.0002277,0.00022902,0.00024455,0.00027112,0.00032767,0.00040695,0.00051073,0.00063023,0.00076247,0.000888,0.00098961,0.00106393,0.00114121,0.00120744,0.00128144,0.00137649,0.00147916,0.00159581,0.00172314,0.00185194,0.00198134,0.00210261,0.00223765,0.00236862,0.00250234,0.00263592,0.00277373,0.00291903,0.00307452,0.00325341,0.00346547,0.00370943,0.00398454,0.00428789,0.00461082,0.00498955,0.00543909,0.00591617,0.00646699,0.00709866,0.00780008,0.00857953,0.0095127,0.01029109,0.01106765,0.01180967,0.01261436,0.01345946,0.01436609,0.01541212,0.01665085,0.01802973,0.01942206,0.02100465,0.02275024,0.02457244,0.02636041,0.0280395,0.02937923,0.03104711,0.03315764,0.03568616,0.03851756,0.04171124,0.04516838,0.0491316,0.05380624,0.05920637,0.06522518,0.07152895,0.07788807,0.08437734,0.09115049,0.09820988,0.1054262,0.1129398,0.12088024,0.12908984,0.13777276,0.14695361,0.15624698,0.16620291,0.17716534,0.18888212,0.20149917,0.21432274,0.22659673,0.23995658,0.25360004,0.26731809,0.28210049
SUR,2016,0.01789911,0.00086335,0.0005836,0.00042471,0.00032355,0.00026015,0.00022613,0.00021317,0.00021293,0.00021709,0.00021733,0.00023111,0.00025883,0.00029794,0.00036867,0.00046165,0.00057382,0.00068929,0.00080568,0.00090473,0.00098184,0.00104021,0.00110997,0.00117799,0.00125793,0.00136102,0.00146966,0.00158563,0.00170677,0.0018254,0.00194478,0.00205811,0.00218572,0.00231047,0.002442,0.00257935,0.0027268,0.00288563,0.00305694,0.00325439,0.00348552,0.00374272,0.0040236,0.00432725,0.00465386,0.00504931,0.00553418,0.00606488,0.0066796,0.00737066,0.0081101,0.00888904,0.00978551,0.01049625,0.01120556,0.01191502,0.012735,0.01365149,0.01468261,0.01587631,0.01727194,0.01860942,0.02007002,0.02168628,0.02342491,0.0252014,0.02690608,0.02847606,0.02970424,0.03130475,0.03340744,0.03588207,0.03896085,0.04249684,0.0463611,0.0507038,0.05565508,0.06118634,0.06717675,0.07336093,0.0795624,0.08593189,0.0926666,0.09975422,0.107057,0.11466406,0.12266922,0.13090245,0.13955436,0.14868025,0.1579632,0.1679182,0.17887353,0.1906391,0.20311523,0.21534429,0.22798956,0.2413402,0.25503255,0.26889251
SUR,2017,0.01741295,0.00084223,0.00057916,0.00039987,0.00030036,0.00024352,0.00021354,0.00020265,0.00020307,0.00020702,0.00020654,0.0002186,0.0002438,0.00028352,0.00033419,0.00041706,0.00051746,0.00062618,0.0007269,0.00081923,0.00089606,0.00095821,0.00101033,0.00108163,0.00115511,0.00124254,0.00135058,0.00145822,0.00156825,0.00167986,0.00178938,0.0019016,0.00200875,0.00213062,0.00225306,0.00238738,0.00253259,0.00269178,0.00286501,0.00305353,0.00326932,0.00351438,0.00377856,0.00406043,0.00436695,0.00470854,0.00513538,0.00566965,0.00625927,0.00692956,0.00765685,0.00839578,0.0091378,0.00997544,0.0106217,0.01129866,0.01201983,0.01290549,0.01393706,0.01510377,0.01644138,0.01779098,0.01918927,0.02067862,0.0222871,0.02398291,0.0256812,0.02727642,0.02872784,0.02986925,0.03144792,0.03349274,0.03619356,0.03957945,0.04346747,0.04765382,0.05222674,0.057276,0.06276615,0.06863498,0.07465035,0.08070314,0.08699283,0.09371049,0.10082872,0.10816185,0.11576942,0.12371949,0.13183654,0.14033247,0.14929483,0.15842513,0.16824565,0.17910733,0.19061396,0.2024073,0.21473584,0.22715573,0.24026826,0.25373638
SUR,2018,0.01689774,0.00081384,0.00055887,0.00039256,0.00027971,0.00021453,0.00018746,0.00018588,0.00019716,0.00020868,0.00020788,0.00021926,0.00024339,0.00028187,0.00033566,0.00039904,0.00049353,0.00059647,0.00069748,0.00078081,0.00085698,0.00092365,0.00098269,0.00103966,0.00112007,0.00120493,0.00130214,0.00141515,0.00152318,0.00163017,0.00173904,0.00184775,0.00196012,0.00206804,0.00219431,0.00232617,0.00247544,0.00264035,0.00282299,0.00302265,0.00323911,0.00348064,0.00374709,0.00402763,0.00432828,0.00466655,0.00505784,0.00555633,0.00617974,0.00685795,0.0076028,0.00837192,0.00911558,0.00983779,0.01066182,0.01131193,0.01203796,0.01286393,0.0139146,0.01514099,0.01651774,0.01788176,0.0193692,0.02087317,0.02243365,0.02408593,0.02579943,0.02748724,0.02905497,0.03049976,0.03167439,0.03327788,0.03565711,0.03880786,0.04272563,0.04714589,0.05178899,0.05670466,0.06197662,0.0676412,0.07368111,0.07989596,0.086204,0.09281378,0.09992384,0.10745767,0.11518512,0.12314476,0.13140305,0.13979461,0.14857479,0.15785119,0.16732152,0.17756672,0.18874715,0.20037448,0.21273995,0.22543681,0.23820504,0.25166637
SUR,2019,0.01639227,0.00076212,0.00054704,0.00038368,0.00027813,0.00021884,0.00019373,0.00019189,0.00020242,0.00021442,0.00021696,0.0002285,0.00025275,0.00029132,0.00034546,0.00041487,0.00048871,0.00058877,0.00068788,0.00077556,0.00084549,0.00091417,0.00098023,0.00104631,0.00111399,0.00120891,0.00130654,0.00141164,0.00152941,0.00163839,0.0017462,0.00185781,0.00197018,0.00208746,0.00220325,0.00234357,0.00249526,0.00267012,0.00286548,0.00308269,0.00331792,0.00356708,0.00383804,0.00413084,0.00444063,0.00478366,0.0051845,0.0056606,0.00626473,0.00700454,0.00778444,0.00860017,0.00940374,0.01015249,0.0108764,0.01174511,0.012467,0.01332729,0.01434815,0.01563948,0.01713304,0.01858808,0.02014668,0.02180547,0.02343452,0.02508596,0.02680649,0.02856796,0.03029332,0.03191822,0.03347148,0.03469319,0.03667692,0.03958493,0.04337637,0.04797837,0.05304417,0.05822261,0.06354222,0.06915501,0.07516713,0.08163353,0.08835898,0.09523433,0.1024857,0.11028826,0.11852353,0.1269117,0.13548751,0.14434516,0.1533389,0.1627656,0.17276039,0.18303119,0.19399552,0.20615742,0.21860502,0.23183739,0.24539328,0.25900521
SUR,2020,0.01591679,0.00071602,0.00052397,0.00038412,0.00027801,0.00021308,0.00018393,0.00017989,0.00019035,0.00020466,0.00021233,0.00022713,0.00025085,0.00028808,0.00033995,0.00040651,0.00048368,0.00055493,0.00064636,0.00072838,0.00079961,0.00085873,0.00092363,0.00099363,0.00106754,0.00114491,0.00124811,0.00134851,0.00145228,0.00156608,0.00167089,0.0017759,0.00188559,0.00199709,0.00211674,0.00223963,0.00239265,0.00256179,0.00275828,0.00297887,0.0032217,0.00347806,0.00374336,0.00402676,0.00433451,0.00467068,0.00505706,0.00552131,0.00607388,0.0067578,0.00756683,0.00838058,0.00919375,0.00996775,0.01068236,0.01140297,0.01231872,0.01313468,0.014146,0.01534713,0.01684311,0.01835054,0.01993327,0.02158973,0.02330603,0.02494824,0.02657769,0.0282542,0.02996873,0.03167767,0.03334222,0.03490143,0.0364077,0.03878072,0.04214937,0.04640609,0.05142249,0.05679641,0.0621365,0.06752766,0.07318772,0.07930661,0.08597656,0.09296969,0.10016369,0.10775622,0.11589572,0.12442758,0.13305559,0.14183487,0.15089326,0.16010544,0.16979519,0.18013221,0.19064062,0.20268489,0.2149943,0.22789918,0.24159009,0.25562103
SUR,2021,0.01547213,0.00070768,0.00048905,0.00036551,0.00027651,0.0002186,0.00018856,0.00017917,0.0001832,0.00019341,0.00020268,0.00022233,0.00024938,0.00029159,0.0003553,0.00043519,0.00052255,0.00060344,0.00066165,0.00073285,0.00079477,0.00085175,0.00090546,0.00098326,0.00108377,0.00119763,0.00131339,0.0014443,0.00156245,0.00168068,0.00180922,0.00192952,0.00205061,0.00217707,0.00230826,0.00245326,0.00260866,0.00280277,0.00302237,0.00327924,0.00356663,0.00387647,0.00419862,0.00454479,0.00493487,0.00536654,0.00583293,0.00634369,0.00693012,0.00760986,0.00841975,0.00934133,0.01024587,0.01124502,0.01236329,0.0135197,0.01470345,0.01603268,0.01718389,0.01850987,0.02002769,0.02168001,0.02350595,0.02546114,0.02754854,0.02973671,0.03187576,0.0340463,0.03644815,0.03915663,0.04205067,0.0448997,0.04787866,0.05079279,0.05466921,0.05967279,0.06571309,0.07269587,0.08028995,0.08812866,0.0963351,0.10521662,0.11495769,0.12656492,0.13975666,0.15294772,0.1651028,0.17512319,0.18372703,0.19235951,0.20116375,0.21030039,0.21958357,0.22942621,0.23977081,0.25172742,0.26328607,0.2759344,0.28920254,0.30333345
SUR,2022,0.01635024,0.00075772,0.00052484,0.00038665,0.00029111,0.00023055,0.00019962,0.00019042,0.00019459,0.00020384,0.00021167,0.00022913,0.00025679,0.00030023,0.00036487,0.00044748,0.00054084,0.00063286,0.00070672,0.00078584,0.00085376,0.00091519,0.00097279,0.00104972,0.00114643,0.00125578,0.00136949,0.00149863,0.00162058,0.00174177,0.00186953,0.00199409,0.00211965,0.00224438,0.00237436,0.00252098,0.00268062,0.00287627,0.00309646,0.00334794,0.0036299,0.00393739,0.00425615,0.00458691,0.00495046,0.005373,0.00585088,0.0063872,0.00701304,0.00772402,0.00853363,0.00944812,0.0103608,0.01132913,0.01237206,0.01344566,0.01454452,0.01577005,0.01693844,0.01832562,0.01987485,0.0215271,0.02334744,0.02528684,0.02728223,0.02935368,0.03137206,0.03332766,0.0354455,0.03790965,0.0406912,0.0436049,0.04678292,0.05005448,0.0539345,0.05862347,0.06427751,0.07077152,0.07807571,0.08582606,0.09362397,0.10175112,0.11056044,0.12106174,0.13335069,0.14590956,0.15742064,0.16711223,0.17585729,0.18491311,0.19407948,0.20359512,0.21372854,0.22433188,0.23553684,0.24848356,0.26058558,0.27344431,0.28739636,0.30198135
SUR,2023,0.01447647,0.00070894,0.00049698,0.00035667,0.00026714,0.00021348,0.00018698,0.00018032,0.00018439,0.00019019,0.0001939,0.00020365,0.00022835,0.00026774,0.00032415,0.00040007,0.00049269,0.0005964,0.00069722,0.00078533,0.00085686,0.0009195,0.00097899,0.00104071,0.00111232,0.00119807,0.00129377,0.00139813,0.00150876,0.00161977,0.00172753,0.0018369,0.00194886,0.00206014,0.00217471,0.00230305,0.00244973,0.00261375,0.0027967,0.00299931,0.00322044,0.00346122,0.00371486,0.0039798,0.00426557,0.00460226,0.00502364,0.00553865,0.00613793,0.00681545,0.0075457,0.00830767,0.00907189,0.00981462,0.01051855,0.01121861,0.01196453,0.01280883,0.01383374,0.01509635,0.01648451,0.01790519,0.01934882,0.0208591,0.02237533,0.02384054,0.02527577,0.02667638,0.02810516,0.02973162,0.03168419,0.03399943,0.0367463,0.03996957,0.04354135,0.04735674,0.05163889,0.05647804,0.06174669,0.06741418,0.07325228,0.07913313,0.08530323,0.09204828,0.09948525,0.10749663,0.11565763,0.12370509,0.13188772,0.14056879,0.14979355,0.15953213,0.17009698,0.18145348,0.19321651,0.20547411,0.21839611,0.23152664,0.24541007,0.26027496
SUR,2024,0.01412538,0.00069604,0.00048924,0.00035203,0.00026423,0.00021144,0.00018518,0.00017838,0.00018215,0.00018772,0.00019136,0.000201,0.00022536,0.00026422,0.00031989,0.00039482,0.00048617,0.0005885,0.00068808,0.00077562,0.00084627,0.00090722,0.00096649,0.00102803,0.00109857,0.00118391,0.00127905,0.00138022,0.00148601,0.00159428,0.00170111,0.00180904,0.00191943,0.00203264,0.00214972,0.00227398,0.00241484,0.00257516,0.00275461,0.00295716,0.00318024,0.00341998,0.0036751,0.00394711,0.0042384,0.00456494,0.00495985,0.00545953,0.00605432,0.00672808,0.00746815,0.00823305,0.0089739,0.00970394,0.01041718,0.01112171,0.01186493,0.01270758,0.0137181,0.01494571,0.01632024,0.01775782,0.01920529,0.02070599,0.02224941,0.02375824,0.02518662,0.02658294,0.02800257,0.02953173,0.03133833,0.03355334,0.03630584,0.03964139,0.04341504,0.04746036,0.0517065,0.05630781,0.06136786,0.06683037,0.07270383,0.07883238,0.08503112,0.09156438,0.09868544,0.106483,0.1148583,0.12334242,0.13172374,0.1403529,0.14953091,0.15937568,0.16994001,0.18121804,0.19313731,0.20545328,0.21853122,0.23224364,0.24615144,0.26076244
SUR,2025,0.01374002,0.00068136,0.00048025,0.00034651,0.0002607,0.00020894,0.00018299,0.00017609,0.0001796,0.00018497,0.00018856,0.00019808,0.00022208,0.00026039,0.00031528,0.00038919,0.00047925,0.00058014,0.00067842,0.00076494,0.00083538,0.0008954,0.00095285,0.00101413,0.00108434,0.00116837,0.00126291,0.00136355,0.00146611,0.00156934,0.00167346,0.00178056,0.00188961,0.00200138,0.00212049,0.00224719,0.00238385,0.00253804,0.00271332,0.00291185,0.00313503,0.00337734,0.00363164,0.00390543,0.00420408,0.0045359,0.00491969,0.00539114,0.00596885,0.00663712,0.00737304,0.00814987,0.00889597,0.00960201,0.01030343,0.01101928,0.0117673,0.01260674,0.01361449,0.01482554,0.01616262,0.01758664,0.019054,0.02056053,0.02209596,0.02363674,0.02511387,0.02650448,0.02792065,0.02944034,0.03114512,0.03320769,0.03585316,0.03919127,0.04308009,0.04733512,0.05182233,0.0563892,0.06120533,0.06645339,0.07211447,0.07828996,0.08475894,0.09132624,0.09822954,0.10570725,0.11387786,0.12259484,0.13143374,0.14027374,0.14940606,0.15921307,0.16988957,0.18117323,0.19302327,0.20550452,0.21867835,0.23256125,0.24705687,0.261705
SUR,2026,0.01335453,0.00066637,0.00047099,0.00034076,0.00025698,0.00020627,0.00018066,0.00017366,0.00017691,0.00018209,0.00018562,0.00019501,0.00021862,0.00025633,0.00031039,0.0003832,0.00047191,0.0005713,0.00066817,0.00075354,0.00082317,0.00088295,0.00093936,0.00099858,0.00106829,0.00115168,0.00124459,0.00134454,0.00144661,0.00154648,0.00164524,0.00174941,0.00185765,0.00196806,0.00208563,0.00221418,0.00235307,0.00250275,0.00267115,0.00286464,0.00308298,0.00332535,0.00358253,0.00385525,0.00415535,0.00449406,0.00488224,0.00534111,0.00588769,0.00653593,0.00726451,0.00803604,0.00879641,0.00950903,0.01018479,0.01088813,0.01164706,0.01248995,0.01349178,0.014697,0.01601447,0.017397,0.01884954,0.02037667,0.02191837,0.02345102,0.02496268,0.02640508,0.02781466,0.02932913,0.03102157,0.03297534,0.03545566,0.03867365,0.04255747,0.04692636,0.05162894,0.05644705,0.06122975,0.06622174,0.07165431,0.07760309,0.08411931,0.09096954,0.09790402,0.10515152,0.11299395,0.12149962,0.13057445,0.13987898,0.14922334,0.15898268,0.16961316,0.18100332,0.19285404,0.20526114,0.21862184,0.23259681,0.24725859,0.26248325
SUR,2027,0.01298633,0.00065165,0.00046187,0.00033507,0.00025328,0.00020362,0.00017835,0.00017128,0.00017427,0.00017926,0.00018276,0.00019202,0.00021525,0.00025238,0.00030562,0.00037737,0.00046475,0.00056272,0.00065827,0.00074251,0.00081132,0.00087031,0.00092654,0.00098461,0.00105205,0.00113476,0.00122685,0.00132516,0.00142673,0.00152641,0.00162182,0.00172033,0.00182569,0.00193548,0.00205178,0.00217875,0.0023194,0.00247143,0.00263514,0.002821,0.00303376,0.00327102,0.00352888,0.00380512,0.00410417,0.00444418,0.00483895,0.00530197,0.00583516,0.00644962,0.00715604,0.00791994,0.00867665,0.00940749,0.01009214,0.01076911,0.01151499,0.01236903,0.01337334,0.01457097,0.01588243,0.01724475,0.01865487,0.02016776,0.02173391,0.02327625,0.02478205,0.02626372,0.02772935,0.02923726,0.03092385,0.03286464,0.03522895,0.03827063,0.04202679,0.04639016,0.05121376,0.05626079,0.0613155,0.06628137,0.07144937,0.0771629,0.08344371,0.09035044,0.09758736,0.10487175,0.11248661,0.12066545,0.12953471,0.13908895,0.14891347,0.15889719,0.16948218,0.18083039,0.19279431,0.20520862,0.21852946,0.23269938,0.24746243,0.26286149
SUR,2028,0.01272561,0.00064145,0.00045575,0.00033142,0.00025103,0.00020206,0.00017699,0.00016979,0.00017253,0.00017734,0.00018078,0.00018997,0.00021293,0.00024961,0.00030225,0.00037323,0.00045965,0.00055659,0.00065124,0.00073475,0.00080296,0.00086134,0.00091698,0.00097505,0.0010414,0.00112187,0.00121337,0.00131117,0.00141145,0.00151114,0.00160689,0.00170197,0.00180149,0.00190853,0.00202436,0.00215004,0.00228883,0.00244242,0.00260859,0.00278912,0.00299302,0.00322378,0.00347594,0.00375271,0.00405488,0.0043927,0.0047873,0.00525542,0.00579146,0.00638998,0.00705724,0.00779461,0.00854244,0.00926896,0.00997254,0.01065682,0.01137206,0.01220879,0.01321984,0.01441438,0.01571287,0.01706531,0.01845113,0.01991557,0.02146355,0.02302983,0.02454519,0.02601999,0.02752536,0.02908892,0.03076448,0.03269638,0.03504133,0.0379535,0.0415177,0.04574115,0.05055559,0.05572682,0.06102436,0.06628454,0.07143179,0.07687006,0.0829046,0.08956779,0.09687163,0.10447917,0.11214402,0.12010159,0.12865189,0.13801247,0.14810671,0.15859445,0.16942009,0.18073856,0.19268138,0.20523202,0.21861474,0.23277944,0.24777345,0.26331509
SUR,2029,0.01247798,0.00063187,0.00045006,0.00032806,0.00024899,0.00020066,0.00017574,0.00016841,0.0001709,0.00017552,0.00017891,0.00018801,0.00021072,0.00024699,0.00029904,0.00036926,0.00045475,0.0005507,0.00064447,0.00072731,0.00079502,0.0008528,0.00090781,0.00096523,0.00103148,0.00111068,0.00119965,0.00129686,0.00139674,0.00149525,0.00159129,0.00168672,0.00178264,0.00188366,0.00199677,0.00212196,0.00225917,0.00241065,0.00257844,0.0027619,0.00295994,0.00318078,0.00342618,0.00369724,0.00400023,0.00434114,0.00473297,0.00520015,0.00574116,0.00634297,0.00699328,0.00768776,0.00840787,0.00912716,0.00982842,0.0105343,0.01125791,0.01206178,0.01305285,0.01425272,0.0155479,0.01688835,0.01826527,0.01970545,0.02120374,0.02275357,0.02429926,0.02578715,0.02728718,0.02889281,0.03062556,0.0325468,0.03487916,0.03776598,0.04119144,0.04521347,0.04988492,0.05504869,0.0604813,0.0660058,0.07147492,0.07689822,0.08264151,0.08904684,0.09610031,0.10378411,0.11179056,0.11980538,0.12813699,0.13718098,0.14708664,0.15785336,0.16919285,0.18075727,0.19267511,0.20521066,0.21876304,0.23299819,0.24799846,0.26377937
SUR,2030,0.01222451,0.00062176,0.00044395,0.00032439,0.00024669,0.00019907,0.00017435,0.00016691,0.00016918,0.00017362,0.00017696,0.00018597,0.00020842,0.00024432,0.00029581,0.00036524,0.00044981,0.00054477,0.00063766,0.00071982,0.00078711,0.00084436,0.00089875,0.00095549,0.00102098,0.00109996,0.00118744,0.00128204,0.00138142,0.00147974,0.00157475,0.00167049,0.00176687,0.00186413,0.00197107,0.00209349,0.0022299,0.00237953,0.00254487,0.00273015,0.00293171,0.00314594,0.00338055,0.00364458,0.00394171,0.00428335,0.00467784,0.0051413,0.00568066,0.00628775,0.00694236,0.00761911,0.00829261,0.00898337,0.009679,0.01038382,0.01113106,0.0119431,0.01289779,0.01407417,0.01537499,0.0167137,0.01807936,0.01951161,0.02098608,0.02248541,0.02401831,0.02554163,0.02705749,0.02865829,0.03043461,0.03241675,0.0347353,0.03760455,0.04100054,0.04487697,0.04934194,0.0543592,0.05978864,0.06546309,0.0712231,0.07700105,0.08273167,0.08883057,0.09561818,0.1030496,0.11114718,0.1195235,0.12792411,0.13675567,0.14635134,0.15693706,0.16856849,0.18066312,0.19283871,0.20536035,0.21893813,0.23335803,0.24844586,0.26425349
SUR,2031,0.01197505,0.00061178,0.00043792,0.00032076,0.00024444,0.0001975,0.00017298,0.00016541,0.00016744,0.00017171,0.00017499,0.00018391,0.00020609,0.00024156,0.0002925,0.00036117,0.00044472,0.00053861,0.00063056,0.00071198,0.00077875,0.00083551,0.00088932,0.00094532,0.00100994,0.00108794,0.00117492,0.00126792,0.00136453,0.00146241,0.00155735,0.00165186,0.00174858,0.00184627,0.00194921,0.00206526,0.00219847,0.00234693,0.00250993,0.00269221,0.00289576,0.00311388,0.00334105,0.0035933,0.00388289,0.00421803,0.00461247,0.00507748,0.00561178,0.00621629,0.00687659,0.00755897,0.00821345,0.00885369,0.00951975,0.01021945,0.01096585,0.01180149,0.01276266,0.01389745,0.01517184,0.01651752,0.01788187,0.01930258,0.02076967,0.02224517,0.02372762,0.02523958,0.02679376,0.02841091,0.03018094,0.03220853,0.03458676,0.03743585,0.04080881,0.04465162,0.0489661,0.05376791,0.05904387,0.06471569,0.07063784,0.07673311,0.08284396,0.08892834,0.09539349,0.10255056,0.11039407,0.11886947,0.12764619,0.13655466,0.14594119,0.15621691,0.16766536,0.18005761,0.1927707,0.20555545,0.21915375,0.23360813,0.24888916,0.26479551
SUR,2032,0.0117325,0.00060171,0.00043175,0.00031698,0.00024205,0.00019582,0.00017152,0.00016387,0.00016569,0.00016979,0.00017302,0.00018185,0.00020376,0.00023883,0.00028921,0.00035718,0.00043982,0.00053264,0.00062365,0.00070435,0.00077061,0.00082686,0.00088019,0.00093557,0.00099934,0.00107634,0.00116214,0.0012547,0.00134976,0.00144487,0.0015396,0.00163406,0.00172961,0.00182774,0.00193108,0.00204303,0.00216957,0.00231455,0.00247612,0.00265576,0.00285606,0.00307668,0.00330845,0.00355274,0.00382995,0.00415717,0.00454453,0.00500866,0.00554395,0.00614281,0.00680068,0.0074909,0.00815347,0.00877418,0.00938703,0.0100568,0.01079903,0.01163349,0.01261816,0.01375853,0.01498848,0.01630827,0.01768215,0.01910337,0.0205607,0.02203146,0.02349326,0.02495537,0.02650021,0.02815861,0.02994563,0.03196785,0.03439082,0.03729795,0.04064702,0.04446499,0.04874822,0.05339735,0.05845329,0.06396917,0.06989541,0.07617414,0.08262963,0.08911865,0.09556683,0.10238959,0.10995828,0.11818311,0.12707182,0.13637285,0.14584633,0.15591908,0.16706253,0.17928371,0.19231063,0.20564349,0.21954223,0.23403165,0.24936421,0.26547963
SUR,2033,0.01149489,0.00059177,0.00042563,0.00031322,0.00023965,0.00019413,0.00017005,0.00016231,0.00016391,0.00016784,0.00017102,0.00017975,0.00020139,0.00023603,0.00028583,0.00035305,0.00043481,0.00052663,0.00061661,0.00069653,0.00076226,0.00081797,0.00087076,0.00092557,0.00098856,0.0010645,0.00114903,0.00124032,0.00133499,0.00142859,0.00152046,0.00161465,0.0017102,0.00180712,0.00191082,0.002023,0.00214511,0.002283,0.00244056,0.00261845,0.00281578,0.00303282,0.00326766,0.00351691,0.00378539,0.00409929,0.00447774,0.00493329,0.00546645,0.00606559,0.00671699,0.0074052,0.00807788,0.00870851,0.00930065,0.00991399,0.01062508,0.01145418,0.01243523,0.01359823,0.01483347,0.01610668,0.01745392,0.01888592,0.0203451,0.02180727,0.02326737,0.02470953,0.02620311,0.02785176,0.02968057,0.03172011,0.03413298,0.03708042,0.04048433,0.04427279,0.0485294,0.05314553,0.05804272,0.06332734,0.06908868,0.07537597,0.08202864,0.08888212,0.09574956,0.10254447,0.10976193,0.11770182,0.12633352,0.13574748,0.14561676,0.15577131,0.16669955,0.17860665,0.19145946,0.20509995,0.21956245,0.23434102,0.24969873,0.26585656
SUR,2034,0.01125147,0.00058162,0.00041937,0.00030936,0.00023718,0.00019238,0.00016852,0.0001607,0.00016209,0.00016585,0.00016897,0.00017759,0.00019895,0.00023316,0.00028235,0.00034878,0.00042958,0.00052042,0.00060947,0.00068848,0.0007536,0.00080875,0.00086096,0.00091515,0.00097743,0.00105238,0.00113557,0.00122549,0.00131887,0.00141218,0.00150257,0.00159357,0.0016889,0.00178584,0.0018882,0.00200061,0.0021227,0.00225595,0.00240573,0.0025789,0.00277415,0.0029878,0.00321884,0.00347145,0.0037449,0.00404912,0.00441298,0.00485798,0.00538065,0.00597633,0.00662749,0.00730884,0.00798039,0.00862325,0.00922661,0.00981763,0.01046899,0.01126399,0.01223652,0.0133923,0.01465084,0.01593049,0.01722861,0.0186324,0.02010398,0.02156967,0.02302369,0.02446573,0.02593911,0.02753371,0.02935087,0.03143336,0.03385986,0.03679044,0.04023133,0.0440736,0.04830013,0.05288986,0.05775646,0.0628773,0.06839517,0.07451063,0.08117482,0.08824009,0.09549275,0.10272406,0.10991123,0.11748981,0.12583279,0.13498753,0.14497456,0.15553308,0.16654338,0.1782346,0.19077813,0.20425018,0.21905001,0.23439891,0.25005219,0.26624575
SUR,2035,0.01102674,0.0005719,0.00041334,0.0003056,0.00023475,0.00019065,0.00016703,0.00015913,0.00016033,0.00016393,0.00016699,0.00017552,0.0001966,0.0002304,0.00027901,0.00034466,0.00042454,0.00051439,0.00060261,0.00068089,0.00074531,0.00079985,0.00085151,0.00090508,0.00096662,0.00104072,0.00112273,0.00121132,0.00130338,0.00139551,0.00148585,0.00157525,0.00166733,0.00176418,0.00186658,0.00197761,0.00209977,0.00223311,0.00237811,0.0025427,0.00273276,0.00294433,0.00317212,0.00342104,0.00369826,0.00400749,0.00436095,0.00479012,0.00530097,0.00588487,0.00653237,0.00721473,0.00788076,0.00852458,0.00914292,0.00974669,0.01037508,0.01110695,0.01204194,0.01318671,0.01443811,0.01574542,0.01705264,0.01840623,0.01985039,0.02133295,0.02279577,0.02423491,0.02571072,0.02728562,0.02904703,0.03111884,0.03358811,0.03652957,0.03995106,0.04383226,0.04811959,0.05268347,0.05753102,0.06262951,0.06798276,0.07384895,0.08033829,0.0874249,0.09490995,0.10255193,0.11019922,0.11775244,0.12573427,0.1346053,0.1443406,0.15502955,0.16645821,0.17824247,0.19058296,0.20376067,0.2184298,0.23413004,0.25036386,0.26686613
SUR,2036,0.01080579,0.00056216,0.00040723,0.00030176,0.00023224,0.00018885,0.00016547,0.00015752,0.00015854,0.00016199,0.000165,0.00017343,0.00019424,0.00022761,0.00027564,0.00034054,0.00041948,0.00050832,0.00059566,0.00067331,0.00073719,0.00079099,0.00084203,0.00089499,0.00095579,0.001029,0.00110994,0.0011973,0.00128803,0.00137891,0.00146817,0.00155749,0.00164795,0.00174146,0.00184378,0.00195475,0.00207529,0.00220867,0.00235392,0.00251333,0.00269374,0.00289959,0.00312545,0.00337112,0.00364452,0.00395743,0.0043155,0.00473307,0.00522635,0.00579675,0.00643094,0.00710987,0.00777876,0.00841826,0.00903905,0.00965939,0.01030137,0.01100821,0.01187472,0.01297683,0.01421614,0.01551761,0.01685574,0.0182202,0.01961234,0.02106788,0.02255253,0.02400333,0.02547733,0.02705478,0.02879462,0.03080809,0.03326238,0.03624333,0.0396721,0.04353061,0.04785991,0.05248944,0.05731435,0.06239803,0.06773256,0.07342831,0.07965419,0.08655861,0.09407076,0.10196,0.11003763,0.11806494,0.12601832,0.13451865,0.14396641,0.15440119,0.16596195,0.17816904,0.19060452,0.20358372,0.21798938,0.23357067,0.2501628,0.26724613
SUR,2037,0.01057556,0.00055178,0.00040065,0.00029757,0.00022946,0.00018684,0.00016374,0.00015576,0.00015661,0.00015991,0.00016287,0.0001712,0.00019173,0.00022466,0.00027208,0.00033618,0.00041414,0.0005019,0.00058828,0.00066517,0.00072861,0.00078184,0.00083209,0.00088435,0.0009444,0.00101668,0.00109647,0.00118268,0.00127217,0.00136173,0.00144978,0.00153786,0.00162827,0.00172008,0.00181892,0.00192967,0.00204985,0.00218143,0.00232671,0.00248646,0.00266101,0.00285587,0.00307558,0.00331929,0.00358916,0.0038977,0.00425881,0.00468014,0.00516022,0.00571072,0.00632932,0.00699345,0.00765976,0.00830384,0.00892102,0.00954437,0.01020378,0.01092379,0.0117621,0.0127884,0.01398071,0.0152702,0.01660284,0.01800045,0.01940524,0.02080662,0.02226563,0.02374155,0.02522868,0.02680386,0.02854494,0.03053539,0.03292438,0.03588367,0.0393489,0.04321178,0.04751775,0.05219231,0.05709037,0.06215526,0.06747907,0.07316037,0.07920599,0.08583229,0.09315559,0.10107768,0.10941852,0.11789446,0.12633747,0.13480739,0.14387789,0.15402248,0.16532653,0.1776703,0.19053396,0.20361147,0.21784799,0.23317657,0.24966228,0.2671092
SUR,2038,0.01034623,0.00054125,0.00039392,0.00029324,0.00022658,0.00018473,0.00016193,0.00015393,0.0001546,0.00015776,0.00016067,0.00016889,0.00018912,0.00022161,0.00026838,0.00033164,0.00040858,0.00049522,0.00058055,0.00065662,0.00071947,0.00077224,0.00082188,0.00087326,0.00093244,0.00100376,0.00108235,0.00116732,0.00125561,0.00134393,0.00143069,0.00151739,0.00160651,0.00169827,0.00179527,0.00190236,0.00202198,0.00215303,0.00229631,0.00245611,0.00263109,0.00281924,0.00302687,0.00326407,0.00353182,0.00383629,0.00419212,0.00461545,0.00509856,0.00563415,0.00623036,0.0068773,0.00752843,0.00817138,0.00879493,0.00941502,0.01007771,0.01081495,0.0116655,0.01265976,0.01376959,0.0150098,0.01633057,0.01772243,0.01916364,0.02058032,0.02198483,0.0234358,0.02495045,0.02653912,0.02827648,0.03026768,0.03262829,0.03551309,0.03895049,0.04284787,0.04715833,0.05180873,0.0567571,0.06190407,0.06721267,0.07288762,0.07891864,0.08535338,0.09238434,0.10011142,0.10849152,0.11724301,0.12615085,0.13512275,0.14416088,0.15392146,0.16492971,0.17701494,0.19001736,0.20352168,0.21787853,0.23303966,0.24927823,0.2666232
SUR,2039,0.01012928,0.00053152,0.00038778,0.00028935,0.00022402,0.00018288,0.00016033,0.00015228,0.00015278,0.00015579,0.00015864,0.00016676,0.00018672,0.00021878,0.00026497,0.00032744,0.00040342,0.00048903,0.0005734,0.00064868,0.00071099,0.00076324,0.00081248,0.00086323,0.00092143,0.00099176,0.00106921,0.00115297,0.00124007,0.00132734,0.00141301,0.00149836,0.00158617,0.00167671,0.00177369,0.0018789,0.00199466,0.00212508,0.00226787,0.00242563,0.00260093,0.00278974,0.00299012,0.00321451,0.00347565,0.0037779,0.00412917,0.00454628,0.00503094,0.00556975,0.00614999,0.00677306,0.00740714,0.00803591,0.00866065,0.00928903,0.00994916,0.01068951,0.01155721,0.01256366,0.0136391,0.01479296,0.01606357,0.01744442,0.01888194,0.02034089,0.02176619,0.02316271,0.0246536,0.02627224,0.02802366,0.03001187,0.03237072,0.03522195,0.03857914,0.04244729,0.04679752,0.0514569,0.05638655,0.06159489,0.06699932,0.07266676,0.07869561,0.0851181,0.09195106,0.09937942,0.10756897,0.11637321,0.12557651,0.13503448,0.14459097,0.15432127,0.16494442,0.17674178,0.18950209,0.2031631,0.21798821,0.23329225,0.24939403,0.26653033
SUR,2040,0.00991211,0.0005212,0.00038114,0.00028502,0.0002211,0.00018074,0.0001585,0.00015044,0.00015079,0.00015366,0.00015646,0.00016447,0.00018414,0.00021575,0.00026132,0.00032297,0.00039793,0.00048243,0.00056578,0.0006402,0.00070186,0.00075352,0.0008022,0.00085247,0.00090989,0.00097903,0.00105524,0.00113776,0.00122362,0.00130972,0.00139438,0.00147847,0.00156488,0.00165405,0.0017497,0.00185474,0.00196829,0.00209454,0.00223651,0.00239368,0.00256667,0.0027558,0.00295685,0.00317321,0.00342059,0.00371558,0.00406384,0.00447503,0.00495193,0.00549158,0.00607521,0.006681,0.00728962,0.00790121,0.00851217,0.00914277,0.00981196,0.0105486,0.01141762,0.01244041,0.01352816,0.01464576,0.01582501,0.0171526,0.01857919,0.02003603,0.0215098,0.0229303,0.02436487,0.02595848,0.02773996,0.02974217,0.03209354,0.03493684,0.03825377,0.04203436,0.04635353,0.05105448,0.05599583,0.0611875,0.06666104,0.07243542,0.07845588,0.08487367,0.09169032,0.09890847,0.10678777,0.11539544,0.12465409,0.13441563,0.14446819,0.15472101,0.16530164,0.17669948,0.18916358,0.20257577,0.21756895,0.23332538,0.24955352,0.26654097
SUR,2041,0.00970386,0.00051113,0.00037461,0.00028077,0.00021821,0.00017862,0.00015669,0.00014864,0.00014885,0.0001516,0.00015435,0.00016226,0.00018165,0.00021284,0.00025781,0.00031868,0.00039269,0.00047613,0.00055849,0.0006321,0.00069314,0.00074419,0.00079232,0.00084202,0.00089888,0.00096713,0.00104198,0.00112326,0.00120795,0.00129292,0.00137655,0.00145958,0.00154478,0.0016326,0.00172689,0.00183057,0.0019438,0.00206778,0.00220531,0.00236163,0.00253414,0.00272082,0.00292244,0.00313957,0.00337839,0.00365893,0.00399933,0.00440668,0.00487668,0.00540761,0.0059924,0.00660322,0.00719436,0.00777992,0.00837436,0.00899184,0.00966439,0.0104103,0.01127419,0.0122971,0.01340275,0.01453528,0.0156776,0.01690976,0.01828167,0.01973,0.02120628,0.02268164,0.02414363,0.0256793,0.02743484,0.02946927,0.03183306,0.03466515,0.03797202,0.04171083,0.04594236,0.05061539,0.05560775,0.0608204,0.06628504,0.07214341,0.0782846,0.08469819,0.09151427,0.09872058,0.10638964,0.11468609,0.12375363,0.13358398,0.14395935,0.15472879,0.16584713,0.17720908,0.18928487,0.20241963,0.21720669,0.23315442,0.2498548,0.26699423
SUR,2042,0.00948118,0.00050032,0.00036757,0.00027614,0.00021507,0.0001763,0.00015471,0.00014668,0.00014676,0.00014938,0.00015208,0.00015989,0.000179,0.00020974,0.0002541,0.00031416,0.00038717,0.00046952,0.00055086,0.00062362,0.00068404,0.00073448,0.00078201,0.00083111,0.00088729,0.00095482,0.00102854,0.00110839,0.0011918,0.00127563,0.0013582,0.00144007,0.00152419,0.00161078,0.00170361,0.00180578,0.00191734,0.00204084,0.00217589,0.00232721,0.00249878,0.0026849,0.00288385,0.0031015,0.00334079,0.00361185,0.00393656,0.00433456,0.00479926,0.00532173,0.0058963,0.00650873,0.00710661,0.007674,0.00824137,0.00884199,0.009501,0.01024941,0.01112091,0.0121358,0.01324059,0.01439282,0.01555131,0.01674488,0.01801584,0.01940753,0.02087846,0.02235937,0.02388071,0.02544534,0.02713957,0.02914682,0.03154102,0.03438119,0.03767238,0.04139829,0.04558739,0.05017036,0.05513746,0.06041014,0.06590397,0.07176134,0.07799798,0.08454418,0.09135903,0.09856878,0.10623283,0.11432026,0.12307851,0.13272606,0.14318687,0.15430006,0.16595565,0.17787194,0.18992168,0.2026846,0.21724082,0.23301306,0.2499346,0.26757228
SUR,2043,0.00926948,0.00048971,0.0003606,0.00027152,0.00021189,0.00017394,0.00015271,0.00014472,0.00014468,0.00014719,0.00014984,0.00015754,0.00017636,0.00020666,0.00025039,0.00030964,0.00038166,0.00046291,0.00054322,0.00061509,0.00067482,0.00072465,0.00077154,0.00081998,0.00087544,0.00094212,0.00101491,0.00109356,0.00117552,0.00125809,0.00133958,0.00142025,0.0015032,0.00158869,0.00168022,0.00178083,0.00189062,0.00201228,0.00214677,0.00229535,0.00246129,0.00264637,0.00284482,0.00305958,0.00329925,0.0035704,0.00388474,0.00426559,0.00471947,0.00523549,0.00580047,0.00640203,0.00700323,0.00757956,0.00812842,0.00870096,0.00934263,0.01007595,0.01094804,0.01196883,0.01306458,0.01421714,0.01539764,0.0166098,0.01784133,0.01912709,0.02054109,0.02201883,0.02354719,0.0251738,0.02689696,0.02883939,0.03120075,0.03406706,0.03736226,0.04106896,0.04524506,0.04978412,0.05465828,0.05990646,0.0654668,0.0713587,0.07759352,0.08423898,0.09119009,0.09839368,0.10605801,0.11413581,0.12267419,0.13199913,0.14226818,0.1534625,0.1654592,0.17791087,0.19050635,0.20323165,0.21742985,0.23296058,0.24969777,0.2675403
SUR,2044,0.00906779,0.00047945,0.00035385,0.00026704,0.00020881,0.00017167,0.00015078,0.00014282,0.00014267,0.00014507,0.00014767,0.00015527,0.00017381,0.00020367,0.0002468,0.00030525,0.0003763,0.0004565,0.00053581,0.00060684,0.0006659,0.00071507,0.00076138,0.00080917,0.00086388,0.0009297,0.00100146,0.00107915,0.00115994,0.00124112,0.00132145,0.00140096,0.00148275,0.00156711,0.00165752,0.00175675,0.00186476,0.00198453,0.00211706,0.00226513,0.00242816,0.00260706,0.00280468,0.00301908,0.00325569,0.003527,0.00384098,0.00421046,0.00464561,0.00514947,0.0057073,0.00629902,0.00688996,0.00747203,0.00803221,0.00858594,0.00919868,0.00991338,0.01076795,0.01178751,0.01288979,0.01403452,0.01521708,0.01645441,0.01770822,0.01895457,0.02025989,0.02168115,0.02320899,0.02484455,0.02663291,0.02860656,0.0308979,0.0337264,0.03704695,0.04075753,0.04491654,0.04944576,0.05427982,0.05943649,0.06497823,0.07095048,0.07722842,0.08387696,0.09093746,0.09828779,0.10595043,0.11403325,0.12256756,0.13167251,0.14161912,0.15262624,0.16471278,0.1775186,0.19065976,0.20393391,0.2181173,0.23329401,0.24979871,0.26746924
SUR,2045,0.00887253,0.00046924,0.00034706,0.00026248,0.00020564,0.0001693,0.00014878,0.00014087,0.00014062,0.00014291,0.00014547,0.00015296,0.00017122,0.00020065,0.00024317,0.00030082,0.0003709,0.00045002,0.00052833,0.00059849,0.00065687,0.00070537,0.00075103,0.00079818,0.00085213,0.00091703,0.00098773,0.00106433,0.00114416,0.0012242,0.00130316,0.0013814,0.00146202,0.00154521,0.00163441,0.00173241,0.0018388,0.00195662,0.00208706,0.00223293,0.00239543,0.00257107,0.00276201,0.0029756,0.0032117,0.00347949,0.00379306,0.00416146,0.00458401,0.00506715,0.00561131,0.00619557,0.006777,0.00734952,0.00791743,0.00848392,0.00907697,0.00976035,0.01059322,0.01159156,0.01269209,0.01384499,0.01502022,0.01626053,0.01754267,0.0188146,0.02008039,0.02138821,0.02285761,0.02449244,0.02628879,0.02832933,0.03064906,0.03339829,0.03667449,0.04040851,0.04457128,0.04908265,0.05390835,0.05902503,0.06447119,0.07042621,0.07679008,0.08348309,0.0905446,0.09800768,0.10582214,0.11390048,0.12243778,0.1315356,0.14125449,0.15193032,0.16382418,0.17672239,0.19022406,0.20404806,0.21880305,0.2339666,0.25012808,0.26758092
SUR,2046,0.00869148,0.00046074,0.00034154,0.00025886,0.00020317,0.00016745,0.00014717,0.00013925,0.00013886,0.00014102,0.00014352,0.0001509,0.0001689,0.00019791,0.00023984,0.00029673,0.00036587,0.00044396,0.00052131,0.00059066,0.00064842,0.00069633,0.00074137,0.00078788,0.00084112,0.00090512,0.00097472,0.00105022,0.00112897,0.00120814,0.00128608,0.00136287,0.00144225,0.00152431,0.00161233,0.00170905,0.00181401,0.00193009,0.00205846,0.00220208,0.00236224,0.00253744,0.00272495,0.00293144,0.00316669,0.00343365,0.00374304,0.00411027,0.00453112,0.00500037,0.00552166,0.00609123,0.00666592,0.00722974,0.00778891,0.00836454,0.00897131,0.00963309,0.01043098,0.01140383,0.01248119,0.01363361,0.0148188,0.01605225,0.01733915,0.01864346,0.01993939,0.02120702,0.02255837,0.02413257,0.02592782,0.02797638,0.03036319,0.0331378,0.03632744,0.04001319,0.04420173,0.04871918,0.05353049,0.058644,0.06405351,0.06991285,0.07626247,0.08305026,0.09016092,0.09762691,0.10556285,0.11380203,0.12233837,0.13144297,0.14115922,0.15160709,0.16316806,0.17587847,0.18948197,0.20367265,0.21899882,0.23472907,0.25087403,0.26799109
SUR,2047,0.00851126,0.00045217,0.00033592,0.00025513,0.00020059,0.00016552,0.00014549,0.00013756,0.00013704,0.00013908,0.00014153,0.00014881,0.00016653,0.00019513,0.00023648,0.00029259,0.00036078,0.00043784,0.00051421,0.00058274,0.00063987,0.00068717,0.00073163,0.00077747,0.00082996,0.00089309,0.00096162,0.00103596,0.00111359,0.00119174,0.00126889,0.00134456,0.00142247,0.00150327,0.0015901,0.00168553,0.00178899,0.00190349,0.00202994,0.00217124,0.00232888,0.00250145,0.00268856,0.00289133,0.00311895,0.0033847,0.00369266,0.00405476,0.00447376,0.00494092,0.00544702,0.00599161,0.00655128,0.0071093,0.0076605,0.00822765,0.00884439,0.00951982,0.01029321,0.0112265,0.01227595,0.01340474,0.01459049,0.01583512,0.01711591,0.01842707,0.01976019,0.02106101,0.02237051,0.02382054,0.02555112,0.02759712,0.02998815,0.03282782,0.03603996,0.03963243,0.04377062,0.04831607,0.0531368,0.05823885,0.06364882,0.06947316,0.07572166,0.08249502,0.08970677,0.09722512,0.10516642,0.113534,0.12223895,0.13134312,0.1410674,0.15151347,0.16284278,0.17522119,0.18864548,0.20294798,0.2186688,0.23497958,0.25169624,0.26881088
SUR,2048,0.00831867,0.00044303,0.00032991,0.00025111,0.0001978,0.00016341,0.00014367,0.00013573,0.00013508,0.000137,0.00013939,0.00014656,0.000164,0.00019215,0.00023288,0.00028817,0.00035536,0.00043131,0.00050665,0.00057432,0.00063079,0.00067748,0.00072132,0.00076652,0.00081821,0.0008804,0.00094782,0.00102097,0.00109739,0.00117442,0.00125058,0.00132534,0.00140207,0.00148132,0.00156678,0.00166086,0.00176269,0.00187544,0.00200005,0.00213913,0.0022941,0.00246377,0.00264798,0.00285019,0.00307357,0.00333085,0.00363675,0.00399625,0.00440878,0.00487315,0.00537661,0.0059045,0.00643717,0.00697989,0.00752595,0.0080851,0.00869284,0.00937756,0.01016325,0.0110678,0.01207348,0.0131728,0.01433382,0.01557886,0.01687216,0.01817809,0.01952107,0.02086275,0.02220774,0.02361341,0.02521301,0.02719028,0.02957451,0.032413,0.03568874,0.03930158,0.04334183,0.04783484,0.05268796,0.05780441,0.06320723,0.06903843,0.07525339,0.08192237,0.08912277,0.09675237,0.10475554,0.11313626,0.12198342,0.13127039,0.14100384,0.15146783,0.16280373,0.17495896,0.18806492,0.20220432,0.21807359,0.23480012,0.25211494,0.26981672
SUR,2049,0.00815841,0.00043528,0.00032481,0.00024771,0.00019543,0.00016163,0.00014211,0.00013417,0.00013339,0.00013518,0.00013752,0.00014459,0.00016176,0.00018951,0.00022968,0.00028422,0.00035051,0.00042545,0.00049984,0.00056671,0.00062255,0.00066866,0.00071193,0.00075651,0.00080747,0.00086874,0.00093508,0.00100714,0.00108243,0.00115836,0.00123354,0.0013073,0.00138322,0.00146137,0.0015453,0.00163799,0.00173836,0.00184948,0.00197233,0.00210957,0.00226233,0.00242929,0.00261072,0.00281015,0.00303312,0.00328598,0.00358297,0.00394,0.00434968,0.00480736,0.0053086,0.00583519,0.00635135,0.00686666,0.00739856,0.00795409,0.00855464,0.00923008,0.01002497,0.01094216,0.01191795,0.01297305,0.01410548,0.01532648,0.01662324,0.01794632,0.01928837,0.02064391,0.02203413,0.02347781,0.02503095,0.02687181,0.02918187,0.03201031,0.03528344,0.03896342,0.04302819,0.04742192,0.05222512,0.05738228,0.06280681,0.06863663,0.07486162,0.08149602,0.08858656,0.0962056,0.10432762,0.11277329,0.12163408,0.13106599,0.14098343,0.15145015,0.16279448,0.17494694,0.18782123,0.20163728,0.21735355,0.23421721,0.25192944,0.27020095
SUR,2050,0.0079809,0.00042661,0.00031902,0.0002438,0.00019268,0.00015953,0.0001403,0.00013237,0.00013148,0.00013316,0.00013545,0.00014241,0.00015931,0.00018662,0.00022618,0.00027992,0.00034523,0.00041909,0.00049245,0.00055844,0.00061361,0.00065909,0.00070175,0.0007457,0.0007959,0.00085628,0.00092148,0.00099235,0.00106649,0.00114127,0.00121534,0.00128798,0.00136284,0.00144012,0.00152282,0.00161381,0.0017125,0.00182189,0.00194281,0.00207792,0.00222845,0.00239274,0.00257106,0.00276728,0.00298697,0.00323884,0.00353045,0.00387711,0.00428303,0.00473674,0.00523007,0.00575426,0.00626954,0.00676725,0.00727001,0.00781063,0.00840703,0.00907341,0.00985582,0.01077986,0.01176774,0.0127907,0.01387596,0.01506584,0.01633665,0.01766389,0.01902584,0.02038128,0.02178603,0.02327594,0.02486669,0.02665746,0.02881963,0.03156353,0.03482032,0.03849324,0.04262677,0.04704588,0.05174553,0.05685114,0.06232091,0.06817662,0.07440035,0.08104487,0.08809812,0.09560166,0.10371531,0.11228775,0.12121922,0.1306677,0.14073707,0.15139414,0.16274152,0.17490548,0.18778329,0.20137796,0.21680149,0.23353055,0.25139769,0.27008062
SUR,2051,0.0077994,0.00041772,0.00031307,0.00023975,0.0001898,0.00015733,0.00013839,0.00013049,0.00012949,0.00013107,0.0001333,0.00014015,0.00015677,0.00018365,0.00022259,0.00027551,0.00033983,0.0004126,0.00048494,0.00055005,0.00060454,0.00064939,0.00069145,0.00073475,0.00078422,0.00084368,0.0009078,0.00097746,0.00105038,0.00112403,0.00119703,0.00126848,0.00134221,0.00141842,0.00150018,0.00158982,0.00168655,0.00179406,0.00191305,0.00204599,0.00219417,0.002356,0.00253149,0.00272437,0.00294053,0.00318861,0.00347855,0.00381875,0.00421288,0.00466191,0.0051507,0.00566664,0.00618042,0.00667831,0.00716291,0.00767305,0.00825398,0.00891514,0.00968602,0.01059437,0.01158897,0.01262554,0.01367727,0.01481751,0.01605619,0.01735764,0.01872718,0.02010599,0.02151177,0.0230168,0.02465459,0.02648394,0.02858982,0.03117345,0.03433762,0.03799102,0.04211728,0.04660963,0.05133936,0.05633924,0.06175839,0.06766816,0.07392281,0.08056825,0.08763425,0.09510127,0.10309935,0.11166931,0.12073959,0.13026772,0.14036139,0.1511812,0.16272796,0.1749022,0.18780188,0.20141369,0.21665466,0.2331187,0.25088347,0.26975231
SUR,2052,0.00764816,0.00040983,0.00030767,0.000236,0.0001871,0.00015522,0.00013656,0.00012868,0.00012758,0.00012904,0.00013121,0.00013793,0.00015426,0.00018069,0.00021899,0.00027106,0.00033436,0.000406,0.00047725,0.00054143,0.00059517,0.00063938,0.00068083,0.0007235,0.00077224,0.00083082,0.00089391,0.00096249,0.00103428,0.00110685,0.0011789,0.00124932,0.00132203,0.0013973,0.00147812,0.00156693,0.0016623,0.00176794,0.00188514,0.00201625,0.00216241,0.00232198,0.00249523,0.00268547,0.00289843,0.003143,0.0034289,0.00376711,0.00415437,0.00459093,0.00507527,0.00558742,0.0060939,0.00659204,0.00707834,0.00757005,0.0081193,0.00876377,0.00952776,0.01042218,0.01140012,0.0124454,0.01351294,0.01461878,0.01580611,0.01707545,0.01842095,0.0198105,0.02124235,0.02274871,0.02440152,0.02628008,0.02842365,0.03094397,0.03393684,0.03749138,0.04159828,0.04608482,0.05089617,0.05593399,0.06124629,0.067109,0.07342614,0.08010781,0.08717713,0.09466009,0.10262513,0.11108023,0.12015524,0.12983419,0.1400166,0.15086649,0.16258053,0.17495573,0.18786198,0.2014907,0.21676145,0.23303519,0.25053177,0.26929538
SUR,2053,0.00749664,0.00040194,0.00030234,0.00023234,0.00018447,0.00015319,0.00013478,0.0001269,0.00012567,0.00012701,0.00012911,0.0001357,0.00015172,0.00017768,0.00021533,0.00026653,0.00032877,0.00039923,0.00046937,0.00053258,0.00058556,0.00062909,0.0006699,0.00071191,0.00075986,0.0008175,0.00087952,0.00094695,0.00101759,0.001089,0.00115998,0.00122936,0.00130101,0.00137521,0.001455,0.00154274,0.00163698,0.00174106,0.00185615,0.00198521,0.00212928,0.00228644,0.00245722,0.00264498,0.00285494,0.00309575,0.00337722,0.00371027,0.00409453,0.00452298,0.00499317,0.00550031,0.0060034,0.00649441,0.0069817,0.00747536,0.00800471,0.00861466,0.00935877,0.01024313,0.01120502,0.01223276,0.01330984,0.01443253,0.01558374,0.01679938,0.01811317,0.01947917,0.02092316,0.02245644,0.0241091,0.0260023,0.02819308,0.03074672,0.03366759,0.03703849,0.04104057,0.04550552,0.05031123,0.05543743,0.06079246,0.06654404,0.07281069,0.07955805,0.08666405,0.09414902,0.10213215,0.11055352,0.11951082,0.12919596,0.13953435,0.15047351,0.16221202,0.17475051,0.18785185,0.20147993,0.21678243,0.23308262,0.25039191,0.26889806
SUR,2054,0.00736499,0.00039494,0.00029758,0.00022905,0.00018211,0.00015136,0.00013318,0.00012532,0.00012398,0.00012521,0.00012723,0.00013371,0.00014947,0.00017501,0.00021207,0.00026249,0.00032379,0.00039321,0.00046235,0.0005247,0.00057698,0.00061991,0.00066013,0.00070151,0.00074876,0.00080554,0.00086657,0.00093298,0.00100256,0.00107297,0.00114295,0.00121131,0.00128203,0.00135528,0.00143406,0.00152078,0.00161385,0.00171683,0.00183039,0.0019573,0.00209931,0.00225433,0.00242284,0.00260826,0.00281582,0.00305356,0.00333092,0.00365915,0.00403793,0.00446349,0.0049256,0.00541825,0.00591796,0.00640747,0.006889,0.00738512,0.00791735,0.0085065,0.00921359,0.01007613,0.01102854,0.01204185,0.01310312,0.01423847,0.01541083,0.01659149,0.01785276,0.0191892,0.02061149,0.02215951,0.02384131,0.02573563,0.02794025,0.03054095,0.03349556,0.03679161,0.04060546,0.04496514,0.04975489,0.05488288,0.06034065,0.06614719,0.07229968,0.07899743,0.08617732,0.09370478,0.1016958,0.11014076,0.11906805,0.12863552,0.13898493,0.15008792,0.16191696,0.17448002,0.18774723,0.20157244,0.21689507,0.23322873,0.2505693,0.26890066
SUR,2055,0.0072199,0.00038724,0.00029231,0.00022539,0.00017946,0.0001493,0.00013138,0.00012353,0.00012209,0.0001232,0.00012515,0.0001315,0.00014696,0.00017204,0.00020844,0.00025799,0.00031825,0.00038651,0.00045451,0.00051587,0.00056737,0.00060964,0.00064921,0.00068991,0.00073637,0.00079221,0.00085217,0.00091744,0.00098588,0.00105516,0.00112409,0.0011913,0.00126089,0.00133312,0.0014108,0.0014963,0.00158801,0.00168953,0.00180169,0.00192671,0.00206611,0.00221852,0.0023845,0.00256722,0.00277189,0.0030065,0.00327967,0.00360242,0.00397487,0.00439339,0.0048515,0.00533465,0.00581844,0.00630466,0.00678482,0.00727454,0.00780857,0.00839922,0.00908188,0.00990166,0.01082863,0.01183099,0.01287617,0.01399345,0.01517869,0.01638205,0.0176072,0.01888848,0.02027928,0.02180302,0.02349764,0.02541999,0.02762033,0.03022838,0.03322586,0.03655205,0.0402852,0.04444435,0.04912087,0.0542303,0.05968879,0.0656064,0.07181609,0.07838872,0.08551269,0.09311613,0.10115242,0.1096059,0.118559,0.1280956,0.13832292,0.14943567,0.16142743,0.17407724,0.18736435,0.20135154,0.21688436,0.2332319,0.25059953,0.26895573
SUR,2056,0.00708427,0.00037997,0.00028732,0.00022191,0.00017693,0.00014733,0.00012967,0.00012184,0.0001203,0.00012131,0.00012319,0.00012943,0.00014461,0.00016926,0.00020506,0.0002538,0.0003131,0.00038028,0.00044727,0.00050773,0.00055849,0.00060014,0.00063912,0.00067921,0.00072494,0.00077992,0.00083891,0.00090314,0.00097052,0.00103879,0.00110675,0.00117296,0.00124151,0.00131271,0.00138942,0.00147385,0.00156423,0.00166436,0.00177505,0.00189867,0.00203617,0.0021858,0.00234924,0.0025295,0.00273148,0.00296309,0.00323273,0.00355081,0.00391731,0.00432915,0.00478009,0.00525985,0.00573492,0.00620561,0.00668406,0.00717357,0.0077015,0.00829406,0.00897775,0.0097708,0.01065265,0.01163004,0.01266594,0.01376806,0.01493662,0.01615698,0.01741042,0.01865665,0.01999193,0.02148436,0.02315449,0.02509132,0.02731971,0.02992104,0.0329255,0.03629777,0.04006737,0.04414772,0.04862079,0.05361888,0.05906696,0.0649966,0.07133432,0.07797607,0.08497511,0.0925293,0.10065878,0.10917278,0.11814926,0.12772732,0.13793832,0.14894189,0.16095937,0.17379334,0.18718938,0.20122108,0.21696381,0.2335562,0.25097922,0.26941121
SUR,2057,0.00693495,0.00037185,0.00028162,0.00021784,0.00017392,0.00014496,0.00012761,0.00011985,0.00011824,0.00011916,0.00012098,0.0001271,0.00014198,0.00016616,0.00020131,0.00024917,0.00030741,0.00037343,0.00043928,0.00049877,0.00054874,0.00058971,0.00062807,0.00066751,0.0007125,0.00076657,0.00082454,0.00088769,0.00095395,0.00102114,0.00108809,0.00115323,0.00122072,0.00129081,0.00136637,0.00144964,0.00153863,0.00163717,0.0017462,0.00186804,0.00200387,0.00215117,0.00231148,0.00248883,0.00268788,0.00291614,0.00318175,0.00349511,0.00385564,0.00426022,0.00470324,0.00517484,0.00564673,0.00610851,0.00657071,0.00705851,0.00758569,0.0081705,0.00885412,0.00964592,0.01049769,0.01142659,0.01243581,0.01352743,0.01467974,0.01588292,0.0171561,0.01843307,0.01973136,0.0211644,0.02279956,0.0247082,0.02694638,0.0295702,0.03256124,0.03593558,0.03975106,0.043868,0.0482582,0.05304032,0.05836862,0.064287,0.07063465,0.07740905,0.08447609,0.09189251,0.09996729,0.10857549,0.11761176,0.12720903,0.13745632,0.14843404,0.16032581,0.17317168,0.18673849,0.20086155,0.21664465,0.23342087,0.25105671,0.26950983
SUR,2058,0.00679755,0.0003644,0.00027645,0.00021418,0.00017124,0.00014285,0.00012577,0.00011806,0.00011637,0.00011719,0.00011895,0.00012495,0.00013954,0.00016329,0.00019782,0.00024486,0.00030212,0.00036703,0.00043183,0.00049039,0.00053963,0.00057996,0.0006177,0.00065652,0.00070079,0.00075399,0.00081096,0.00087305,0.00093825,0.0010044,0.00107036,0.0011345,0.00120096,0.00127004,0.00134449,0.00142659,0.00151427,0.00161134,0.00171869,0.00183877,0.00197274,0.00211825,0.00227621,0.00245035,0.00264639,0.00287151,0.00313325,0.00344196,0.00379715,0.0041952,0.00463055,0.00509407,0.00555842,0.00601832,0.00647227,0.00694372,0.00746957,0.00805332,0.00872775,0.00951837,0.01036886,0.01126681,0.01222608,0.01329068,0.0144337,0.01562212,0.01688059,0.01818133,0.01951369,0.02090848,0.02248135,0.02435344,0.02655975,0.02919062,0.03220325,0.03556313,0.03938348,0.04355238,0.04798744,0.05268859,0.05779293,0.06359057,0.06993197,0.0767226,0.08393658,0.09143112,0.09937007,0.10793117,0.11707762,0.12674814,0.13702636,0.1480527,0.15992766,0.17265849,0.18625533,0.20057152,0.21649112,0.2333434,0.25120474,0.26991854
SUR,2059,0.00666296,0.00035703,0.00027133,0.00021058,0.0001686,0.00014078,0.00012397,0.0001163,0.00011453,0.00011524,0.00011694,0.00012282,0.00013713,0.00016044,0.00019435,0.00024056,0.00029682,0.00036063,0.00042435,0.00048197,0.00053046,0.00057015,0.00060727,0.00064544,0.00068899,0.00074132,0.00079729,0.0008583,0.00092242,0.00098752,0.00105248,0.00111558,0.00118103,0.00124908,0.00132248,0.00140337,0.00148966,0.00158526,0.00169096,0.00180915,0.00194116,0.00208453,0.00224061,0.00241223,0.00260478,0.00282649,0.00308439,0.00338837,0.00373801,0.00412987,0.00455795,0.00501321,0.00546964,0.00592245,0.00637542,0.00683864,0.00734725,0.00792899,0.00860091,0.00938009,0.01022886,0.01112607,0.01205328,0.01306556,0.01418095,0.01536136,0.01660708,0.01789475,0.01925378,0.02068496,0.0222175,0.02402419,0.02618934,0.02878276,0.0317999,0.03518114,0.03898791,0.0431644,0.04765941,0.05241478,0.057439,0.06300261,0.06921776,0.0760048,0.08323926,0.09089337,0.09892046,0.10734382,0.11644687,0.12623688,0.13659368,0.14765182,0.15957168,0.1722791,0.18575355,0.20009364,0.21621399,0.23318835,0.2511076,0.27002223
SUR,2060,0.00652618,0.00034941,0.00026591,0.00020665,0.00016566,0.00013844,0.00012195,0.00011436,0.00011255,0.00011319,0.00011484,0.0001206,0.00013463,0.0001575,0.00019079,0.00023618,0.00029145,0.00035415,0.00041681,0.00047349,0.00052121,0.00056027,0.0005968,0.00063436,0.0006772,0.00072869,0.00078372,0.00084373,0.0009068,0.00097088,0.00103487,0.00109697,0.0011614,0.00122846,0.00130079,0.00138054,0.00146544,0.00155951,0.00166361,0.00177997,0.00190993,0.00205111,0.00220499,0.00237463,0.00256442,0.00278225,0.00303607,0.00333545,0.0036796,0.00406523,0.00448666,0.00493441,0.00538299,0.00582852,0.00627506,0.00673795,0.00723796,0.00780096,0.00846947,0.00924456,0.01008094,0.01097723,0.01190464,0.012884,0.01394519,0.01509824,0.01633837,0.01761485,0.01896142,0.02042076,0.02199051,0.02375421,0.02584727,0.02839293,0.03136735,0.03475149,0.03858137,0.04274521,0.04725208,0.05207639,0.05716432,0.06264767,0.06861354,0.07526649,0.08249817,0.09017564,0.09837515,0.10689506,0.11585898,0.12560887,0.13609501,0.14723839,0.15919175,0.17194657,0.18540045,0.19962211,0.21578604,0.23296851,0.25101816,0.27000137
SUR,2061,0.00642546,0.00034386,0.00026204,0.0002039,0.00016361,0.00013681,0.0001205,0.00011292,0.000111,0.00011153,0.0001131,0.00011873,0.00013248,0.00015493,0.00018762,0.00023219,0.00028648,0.00034807,0.00040964,0.00046533,0.00051222,0.00055057,0.00058641,0.00062325,0.00066524,0.0007157,0.00076965,0.00082849,0.00089036,0.00095324,0.0010161,0.00107713,0.00114048,0.00120646,0.00127768,0.00135621,0.00143978,0.00153233,0.00163474,0.00174935,0.00187732,0.00201628,0.00216797,0.00233539,0.00252315,0.00273799,0.00298738,0.003282,0.00362086,0.00400042,0.00441523,0.00485611,0.00529764,0.00573598,0.00617595,0.00663285,0.00713266,0.00768605,0.00833344,0.00910342,0.00993524,0.01081896,0.01174622,0.01272661,0.01375389,0.01485072,0.0160641,0.01733659,0.01867228,0.02011838,0.02171648,0.02351802,0.02556231,0.02802759,0.03094842,0.03428579,0.03811893,0.04230798,0.04680381,0.05164354,0.05680792,0.06236238,0.06824132,0.07462649,0.08171594,0.08939272,0.09762096,0.10632535,0.11539256,0.12499742,0.13544172,0.14671741,0.15875428,0.1715411,0.18504419,0.19924988,0.21531839,0.23256005,0.25083646,0.26997285
SUR,2062,0.00632754,0.00033862,0.00025843,0.00020137,0.00016175,0.00013532,0.00011916,0.00011155,0.0001095,0.00010991,0.00011139,0.00011689,0.00013036,0.00015237,0.00018444,0.00022818,0.00028146,0.0003419,0.00040232,0.000457,0.00050302,0.00054063,0.00057576,0.00061184,0.00065296,0.00070236,0.00075515,0.00081278,0.0008734,0.00093505,0.00099671,0.0010566,0.00111885,0.00118371,0.00125377,0.00133105,0.00141323,0.00150426,0.00160492,0.00171757,0.00184351,0.00198019,0.00212944,0.00229445,0.00247969,0.00269202,0.00293757,0.00322673,0.00355977,0.00393298,0.00434077,0.00477416,0.00520877,0.0056402,0.00607307,0.00652319,0.00701614,0.00756832,0.00820374,0.00894894,0.00977427,0.01065293,0.01156699,0.01254731,0.01357633,0.01463803,0.01579323,0.01703876,0.01837077,0.01980496,0.02138778,0.02321755,0.02529792,0.02770684,0.03053875,0.03381643,0.03759888,0.04179028,0.04631363,0.05114351,0.05632668,0.06196658,0.06792263,0.07421407,0.08101734,0.08854366,0.09677356,0.10551041,0.11477365,0.12448741,0.13478066,0.14601126,0.15817972,0.17104683,0.18457751,0.19882755,0.21488702,0.23202482,0.25035042,0.26969853
SUR,2063,0.00623021,0.00033343,0.00025483,0.00019881,0.00015985,0.0001338,0.0001178,0.00011017,0.00010801,0.00010831,0.0001097,0.00011507,0.00012827,0.00014986,0.00018133,0.00022426,0.00027656,0.0003359,0.00039523,0.00044891,0.00049412,0.00053103,0.00056547,0.00060082,0.00064111,0.00068951,0.00074121,0.00079766,0.0008571,0.00091758,0.0009781,0.00103691,0.00109808,0.00116189,0.00123083,0.0013069,0.00138778,0.00147733,0.00157636,0.00168711,0.00181097,0.00194548,0.00209244,0.00225496,0.00243765,0.00264719,0.00288967,0.00317434,0.00350122,0.00386803,0.00426909,0.00469519,0.00512285,0.00554813,0.00597475,0.00641806,0.00690386,0.00744836,0.0080814,0.00881259,0.00961139,0.01048403,0.0113939,0.01236126,0.01339173,0.01445721,0.01557757,0.01676366,0.01806875,0.01949956,0.02106951,0.02288273,0.02499016,0.02743333,0.03020359,0.03338727,0.03710884,0.04124949,0.04577977,0.05064475,0.05582396,0.0614918,0.06754521,0.07392378,0.08063161,0.08786088,0.09594175,0.10469134,0.11400121,0.12393315,0.1343542,0.14544418,0.15758256,0.17060415,0.18424009,0.19854573,0.21469923,0.23187181,0.25014659,0.26960406
SUR,2064,0.00612738,0.00032801,0.000251,0.00019604,0.00015776,0.00013211,0.00011628,0.00010865,0.00010641,0.00010659,0.00010791,0.00011315,0.00012607,0.00014723,0.00017807,0.00022017,0.00027146,0.00032965,0.00038784,0.00044051,0.00048486,0.00052107,0.00055482,0.00058945,0.0006289,0.00067629,0.00072692,0.0007822,0.00084042,0.00089972,0.00095911,0.00101682,0.00107688,0.0011396,0.00120741,0.00128222,0.00136174,0.00144979,0.00154713,0.001656,0.0017777,0.00190985,0.00205446,0.00221444,0.00239429,0.00260077,0.00283959,0.00312022,0.0034416,0.00380122,0.00419499,0.00461359,0.00503397,0.00545251,0.00587318,0.00631003,0.00678806,0.00732399,0.00794711,0.00867374,0.00945665,0.01030091,0.0112046,0.01216751,0.01318468,0.01425266,0.01537857,0.01652868,0.01777137,0.01917316,0.02073782,0.0225354,0.02462097,0.02708673,0.02988781,0.03300289,0.0366237,0.0406982,0.04517385,0.05004587,0.05526276,0.06092708,0.06700846,0.07348766,0.08028321,0.08740579,0.09516954,0.10375887,0.11307872,0.12305475,0.13369635,0.14490901,0.1568889,0.16986554,0.18364256,0.1980354,0.21423479,0.23147131,0.24974636,0.269116
SUR,2065,0.0060353,0.00032309,0.00024755,0.00019358,0.00015592,0.00013062,0.00011495,0.00010731,0.00010497,0.00010505,0.00010629,0.00011141,0.00012407,0.00014483,0.00017511,0.00021643,0.0002668,0.00032394,0.0003811,0.00043284,0.0004764,0.00051194,0.00054506,0.000579,0.00061766,0.00066409,0.00071369,0.00076788,0.00082495,0.00088313,0.00094145,0.00099815,0.00105719,0.00111886,0.00118559,0.00125925,0.00133749,0.00142412,0.00151991,0.00162703,0.0017468,0.00187674,0.00201904,0.00217673,0.00235403,0.00255753,0.00279289,0.00306942,0.00338638,0.00374021,0.00412661,0.00453792,0.00495164,0.00536391,0.00577884,0.00621045,0.0066821,0.00720989,0.0078234,0.00853883,0.00931748,0.01014622,0.01102164,0.01197971,0.01299436,0.01405085,0.01518264,0.01634111,0.01754767,0.01888514,0.02042011,0.02221272,0.02428063,0.02672144,0.02954538,0.03269322,0.03624503,0.04021768,0.04462951,0.04945058,0.0546828,0.06039642,0.06648108,0.07299658,0.0799052,0.08712643,0.09478512,0.10305058,0.11221529,0.12221598,0.13291855,0.14437474,0.15649432,0.1693249,0.18307711,0.19763592,0.21396518,0.23128456,0.24966783,0.2690913
SUR,2066,0.00594428,0.00031824,0.00024416,0.00019115,0.0001541,0.00012916,0.00011363,0.00010598,0.00010354,0.00010351,0.00010467,0.00010967,0.00012207,0.00014242,0.00017212,0.00021266,0.00026207,0.00031813,0.00037422,0.000425,0.00046774,0.00050259,0.00053503,0.00056828,0.00060612,0.00065157,0.00070011,0.00075317,0.00080909,0.00086609,0.00092328,0.00097893,0.00103692,0.00109754,0.00116316,0.00123562,0.00131258,0.00139776,0.00149192,0.00159722,0.00171496,0.00184268,0.00198256,0.00213771,0.00231245,0.00251298,0.00274463,0.00301683,0.00332879,0.00367736,0.00405721,0.00446032,0.00486669,0.00527252,0.00568143,0.00610728,0.00657307,0.00709338,0.00769681,0.00840021,0.00916622,0.00999053,0.01084995,0.01177834,0.01278858,0.01384372,0.01496523,0.01613156,0.01734798,0.01864768,0.02011463,0.02187505,0.02393475,0.02635291,0.02914736,0.03231715,0.03590369,0.03980511,0.04411182,0.04886785,0.05404853,0.05978232,0.06592257,0.07244376,0.07939328,0.08673737,0.09450485,0.10266418,0.11149451,0.12133819,0.13207138,0.14359448,0.15596572,0.1689387,0.1825422,0.19707509,0.21357943,0.23102117,0.24947638,0.2689932
SUR,2067,0.00584597,0.00031305,0.00024045,0.00018844,0.00015204,0.00012747,0.00011212,0.00010449,0.00010197,0.00010185,0.00010294,0.00010782,0.00011995,0.00013989,0.000169,0.00020874,0.0002572,0.00031217,0.00036718,0.00041698,0.00045892,0.0004931,0.00052488,0.00055745,0.00059452,0.00063902,0.00068654,0.0007385,0.00079328,0.00084918,0.00090527,0.00095987,0.00101683,0.00107642,0.00114094,0.00121218,0.00128783,0.00137158,0.00146412,0.00156762,0.00168339,0.00180889,0.00194646,0.00209902,0.00227094,0.00246847,0.0026964,0.00296403,0.00327079,0.00361359,0.00398764,0.0043837,0.00478199,0.00518083,0.00558362,0.0060034,0.00646272,0.00697599,0.00756995,0.00826086,0.00901342,0.00982439,0.0106795,0.01159117,0.01257049,0.01362204,0.01474365,0.01590012,0.01712494,0.01843398,0.01985953,0.02154665,0.02356848,0.02597276,0.02873889,0.03187429,0.03548185,0.03941864,0.04365068,0.04829602,0.05340814,0.05908775,0.06524923,0.07182837,0.07878134,0.08616582,0.0940605,0.10233033,0.11104502,0.12053535,0.13110278,0.14265472,0.15508946,0.16831333,0.18205269,0.19642635,0.21290551,0.23051272,0.249078,0.2686535
SUR,2068,0.00575765,0.0003083,0.00023708,0.000186,0.00015019,0.00012597,0.00011079,0.00010316,0.00010056,0.00010036,0.00010138,0.00010614,0.00011803,0.00013758,0.00016615,0.00020516,0.00025273,0.00030669,0.00036071,0.0004096,0.00045078,0.00048431,0.00051548,0.0005474,0.00058371,0.00062731,0.00067386,0.00072477,0.00077848,0.00083329,0.00088836,0.00094196,0.00099791,0.00105652,0.00112002,0.00119015,0.00126456,0.00134693,0.00143797,0.00153974,0.00165358,0.001777,0.00191233,0.00206256,0.00223185,0.00242641,0.00265097,0.00291443,0.00321619,0.00355347,0.00392158,0.0043119,0.00470379,0.00509525,0.00549186,0.00590609,0.00635935,0.00686581,0.00745178,0.00813194,0.00887166,0.00966959,0.01051221,0.01142088,0.01238442,0.01340547,0.01452617,0.01568529,0.01690152,0.01822034,0.01965592,0.0213,0.02324347,0.025606,0.02835683,0.03146337,0.03503758,0.0390005,0.04327612,0.0478493,0.05285032,0.05846379,0.06457347,0.07118171,0.07820309,0.08559832,0.09354472,0.10195833,0.11079962,0.12017908,0.13039027,0.14178362,0.15426169,0.16756644,0.18157916,0.19610984,0.21246239,0.23007334,0.24883829,0.26856353
SUR,2069,0.00566865,0.00030356,0.00023373,0.00018358,0.00014837,0.00012449,0.00010946,0.00010182,9.914e-05,9.883e-05,9.978e-05,0.00010442,0.00011606,0.00013521,0.00016322,0.00020147,0.00024812,0.00030105,0.00035404,0.00040201,0.00044241,0.00047528,0.00050582,0.00053706,0.00057258,0.00061525,0.00066079,0.00071061,0.00076319,0.00081691,0.00087091,0.00092351,0.00097843,0.00103601,0.00109845,0.00116742,0.00124057,0.00132152,0.00141099,0.00151104,0.00162296,0.00174425,0.00187737,0.00202521,0.00219189,0.00238339,0.00260425,0.00286345,0.00316011,0.00349148,0.00385332,0.00423707,0.00462336,0.00500868,0.00539807,0.00580607,0.00625316,0.00675247,0.00732976,0.00799966,0.00872714,0.00951133,0.01034041,0.01123602,0.01219706,0.01320251,0.01429255,0.01545241,0.01667241,0.01798231,0.01942746,0.02108137,0.02297678,0.0252529,0.02795655,0.0310447,0.0345878,0.03851587,0.04282124,0.04744437,0.05237233,0.05787098,0.06391302,0.07046906,0.07752525,0.08499749,0.09296097,0.10143546,0.11043503,0.11995279,0.13005352,0.14108302,0.15340371,0.16676106,0.18086503,0.19567952,0.21220954,0.22970304,0.24848372,0.2684196
SUR,2070,0.00557836,0.00029882,0.0002303,0.00018104,0.0001464,0.00012288,0.00010802,0.00010041,9.766e-05,9.728e-05,9.817e-05,0.0001027,0.00011409,0.00013287,0.00016034,0.00019786,0.00024362,0.00029555,0.00034755,0.00039464,0.0004343,0.00046656,0.00049651,0.00052715,0.00056197,0.00060376,0.00064839,0.00069722,0.00074877,0.00080146,0.00085447,0.00090612,0.00096011,0.00101671,0.00107812,0.00114599,0.00121794,0.00129756,0.00138553,0.00148391,0.00159401,0.00171328,0.00184423,0.00198977,0.00215389,0.0023425,0.00255975,0.00281464,0.00310648,0.0034323,0.00378793,0.00416527,0.00454556,0.00492603,0.00530981,0.00571068,0.00615112,0.00664348,0.00721221,0.00787177,0.00858835,0.00936027,0.01017589,0.01105812,0.01200667,0.01301128,0.01408686,0.01521591,0.01643763,0.01775145,0.01918638,0.02084937,0.02275234,0.02497417,0.02758435,0.03062166,0.03414558,0.03804196,0.04231294,0.04697113,0.05195652,0.05738035,0.06330019,0.06978421,0.07678495,0.08429498,0.09234171,0.10083538,0.10990047,0.11958446,0.12982826,0.14073939,0.15267925,0.16587299,0.18003005,0.19493487,0.21175571,0.22941797,0.24807028,0.26801063
SUR,2071,0.00549362,0.00029426,0.00022702,0.00017864,0.00014457,0.00012139,0.00010669,9.909e-05,9.629e-05,9.583e-05,9.666e-05,0.00010108,0.00011224,0.00013066,0.00015761,0.00019443,0.00023935,0.00029032,0.00034137,0.0003876,0.00042654,0.00045819,0.00048755,0.00051757,0.00055169,0.00059265,0.00063635,0.0006842,0.00073474,0.00078641,0.00083843,0.00088914,0.00094218,0.00099785,0.00105826,0.00112505,0.00119585,0.00127417,0.00136068,0.00145739,0.00156564,0.00168291,0.00181173,0.00195499,0.00211668,0.00230249,0.0025164,0.00276714,0.00305411,0.00337461,0.0037243,0.00409513,0.00446937,0.00484438,0.00522392,0.00561947,0.00605246,0.00653754,0.0070981,0.00774755,0.00845313,0.00921413,0.01001781,0.0108867,0.01182234,0.01281535,0.0138921,0.01500759,0.01619794,0.01751399,0.01895276,0.02060459,0.02251513,0.02474205,0.02729333,0.03023215,0.03370377,0.0375822,0.04182344,0.04644957,0.05147756,0.05696877,0.06281218,0.06916858,0.07609634,0.08355239,0.09164619,0.10023598,0.10933038,0.11909246,0.1295197,0.14058836,0.15241304,0.16522658,0.17923262,0.19420908,0.21114965,0.22913081,0.24798282,0.26783334
SUR,2072,0.00540827,0.00028973,0.00022379,0.00017627,0.00014276,0.00011991,0.00010536,9.778e-05,9.489e-05,9.435e-05,9.511e-05,9.942e-05,0.00011033,0.00012838,0.00015479,0.00019089,0.00023493,0.0002849,0.00033496,0.00038031,0.0004185,0.00044953,0.00047829,0.00050767,0.00054105,0.00058113,0.00062388,0.0006707,0.00072018,0.00077081,0.0008218,0.00087154,0.0009236,0.00097829,0.00103769,0.00110334,0.00117291,0.00124989,0.00133491,0.00142994,0.00153631,0.00165152,0.0017782,0.00191914,0.00207829,0.00226123,0.00247164,0.00271818,0.00300007,0.0033148,0.0036584,0.00402262,0.00439033,0.00475949,0.00513382,0.00552514,0.00595215,0.00642861,0.00698003,0.00761906,0.00831306,0.0090622,0.0098545,0.01071085,0.01163288,0.01261323,0.01367923,0.01479743,0.01597432,0.01725747,0.01869797,0.02035294,0.02224912,0.02448015,0.02703339,0.02990803,0.03327541,0.0370989,0.04132287,0.04592016,0.0509173,0.05645849,0.06237772,0.06865464,0.07544868,0.0828311,0.09087379,0.09952095,0.10872556,0.11852712,0.12904483,0.14031186,0.15230354,0.16500286,0.17862931,0.19346334,0.21049686,0.22861336,0.24779872,0.26786206
SUR,2073,0.00531527,0.00028478,0.00022017,0.00017356,0.00014065,0.00011817,0.00010382,9.627e-05,9.334e-05,9.273e-05,9.343e-05,9.764e-05,0.00010831,0.00012597,0.00015183,0.00018718,0.00023033,0.00027929,0.00032834,0.00037278,0.00041022,0.00044064,0.00046881,0.00049758,0.00053026,0.00056947,0.00061131,0.00065713,0.00070557,0.00075517,0.00080518,0.00085395,0.00090504,0.00095875,0.00101709,0.00108163,0.00114995,0.00122555,0.00130906,0.00140242,0.00150692,0.00162004,0.00174451,0.00188311,0.00203961,0.00221955,0.00242637,0.00266857,0.00294542,0.00325429,0.00359147,0.00394909,0.0043103,0.00467317,0.00504184,0.0054278,0.0058499,0.00631918,0.00685998,0.00748763,0.00816986,0.00890665,0.00968664,0.01053104,0.01144018,0.01240685,0.01346041,0.01456787,0.01574745,0.01701526,0.0184192,0.0200734,0.0219685,0.02417876,0.02673115,0.02960349,0.0329004,0.03661153,0.04077557,0.04535295,0.05031757,0.05582321,0.06179208,0.06814461,0.07484609,0.08207844,0.09003604,0.09862194,0.10787971,0.11778757,0.12833443,0.13967973,0.15185481,0.16469865,0.17817763,0.19259651,0.20946038,0.22763335,0.2469119,0.26725744
SUR,2074,0.0052256,0.0002799,0.00021664,0.00017095,0.00013865,0.00011654,0.00010236,9.485e-05,9.186e-05,9.117e-05,9.181e-05,9.591e-05,0.00010633,0.00012361,0.00014894,0.00018356,0.00022581,0.00027376,0.00032182,0.00036535,0.00040203,0.00043181,0.00045938,0.00048753,0.00051947,0.00055781,0.0005987,0.00064352,0.00069091,0.00073945,0.00078843,0.00083623,0.00088634,0.00093905,0.00099637,0.00105978,0.00112689,0.00120112,0.0012831,0.00137475,0.00147735,0.00158838,0.0017106,0.00184682,0.00200077,0.00217777,0.00238105,0.00261901,0.00289084,0.00319402,0.00352477,0.00387546,0.00423023,0.00458695,0.00494967,0.00533011,0.0057465,0.00621016,0.00674237,0.00735744,0.00802723,0.00875186,0.00951948,0.01035145,0.01124889,0.01220325,0.01324407,0.01434004,0.01550941,0.01678038,0.0181679,0.01978313,0.0216754,0.02388159,0.0264101,0.0292808,0.03257655,0.03621645,0.0402662,0.04478499,0.04973415,0.05521116,0.06114787,0.06756003,0.07434936,0.08149117,0.08929962,0.09780805,0.10701605,0.11699625,0.12767296,0.13906742,0.15134237,0.16439662,0.17804763,0.19234614,0.20883581,0.22688469,0.24627556,0.26677843
SUR,2075,0.00513215,0.00027492,0.00021298,0.0001682,0.0001365,0.00011477,0.00010079,9.332e-05,9.029e-05,8.954e-05,9.013e-05,9.412e-05,0.0001043,0.0001212,0.00014598,0.00017986,0.00022122,0.00026815,0.0003152,0.00035784,0.00039376,0.00042292,0.0004499,0.00047745,0.00050871,0.00054621,0.0005862,0.00063004,0.00067641,0.00072394,0.00077192,0.00081877,0.00086792,0.00091966,0.00097595,0.00103824,0.00110414,0.00117703,0.00125749,0.00134743,0.00144817,0.00155714,0.00167716,0.00181098,0.00196231,0.00213637,0.00233608,0.00256975,0.0028366,0.00313406,0.00345856,0.00380238,0.00415041,0.00450105,0.00485793,0.00523242,0.00564272,0.00609971,0.00662475,0.00722925,0.00788522,0.00859683,0.00935211,0.01017144,0.01105654,0.01199978,0.01302921,0.01411315,0.01527118,0.01653132,0.0179213,0.01951814,0.02136658,0.02356591,0.02608695,0.02893053,0.03222389,0.03586319,0.03984,0.04424003,0.04912925,0.05459217,0.0604996,0.06687799,0.07373151,0.08096735,0.08868006,0.09703156,0.10615993,0.11608946,0.12684345,0.13837208,0.15069234,0.16384191,0.17769716,0.19215522,0.20851323,0.22616122,0.24540467,0.26599243
SUR,2076,0.00505714,0.00027122,0.00021034,0.00016627,0.00013502,0.00011353,9.965e-05,9.217e-05,8.906e-05,8.823e-05,8.875e-05,9.263e-05,0.00010259,0.00011914,0.00014341,0.00017661,0.00021715,0.00026314,0.00030926,0.00035106,0.00038629,0.00041486,0.00044128,0.00046824,0.00049881,0.00053548,0.00057458,0.00061745,0.00066282,0.00070936,0.00075637,0.00080229,0.00085051,0.00090133,0.00095662,0.00101782,0.00108256,0.00115414,0.00123318,0.0013215,0.00142043,0.00152746,0.00164542,0.001777,0.00192582,0.00209703,0.00229336,0.0025229,0.0027849,0.00307689,0.00339532,0.00373265,0.00407417,0.00441856,0.00476984,0.00513863,0.00554252,0.0059926,0.00650952,0.00710524,0.0077498,0.0084472,0.00918958,0.00999656,0.01086928,0.01180081,0.01281998,0.01389316,0.01503911,0.01628713,0.01766486,0.01926302,0.02108942,0.02323913,0.02575013,0.02858415,0.03184873,0.03548642,0.03946527,0.04379129,0.0485567,0.05395737,0.05985072,0.06619806,0.07301567,0.0803209,0.08813598,0.09638961,0.10535694,0.11520766,0.12591446,0.13752978,0.14999529,0.16320003,0.17716438,0.19184516,0.20839484,0.22593556,0.24480901,0.26528699
SUR,2077,0.00498824,0.00026756,0.00020775,0.0001644,0.00013359,0.00011236,9.86e-05,9.111e-05,8.793e-05,8.701e-05,8.747e-05,9.125e-05,0.00010101,0.00011723,0.00014104,0.00017361,0.00021338,0.00025851,0.00030376,0.00034477,0.00037934,0.00040735,0.00043323,0.0004596,0.00048951,0.00052538,0.00056362,0.00060556,0.00064997,0.00069555,0.00074164,0.00078668,0.000834,0.00088391,0.00093827,0.00099844,0.00106207,0.00113243,0.00121009,0.00129688,0.00139408,0.00149922,0.00161521,0.00174469,0.0018912,0.00205975,0.00225289,0.00247865,0.00273613,0.00302298,0.00333577,0.003667,0.00400261,0.00434118,0.00468693,0.00505063,0.00544887,0.00589232,0.00640157,0.00698823,0.00762398,0.00831038,0.0090392,0.00983385,0.01069517,0.01161562,0.01262462,0.01368912,0.01482529,0.01606145,0.01742673,0.01901188,0.02083826,0.02296256,0.02542022,0.02824364,0.0314992,0.03510885,0.0390897,0.04342224,0.04811292,0.05338443,0.05921395,0.06554886,0.07233564,0.07960543,0.08749745,0.09586202,0.10472788,0.11441089,0.12503752,0.1366046,0.14915793,0.16250796,0.17652211,0.19130522,0.20807649,0.22579432,0.24454543,0.26464712
SUR,2078,0.00491207,0.00026379,0.00020504,0.00016239,0.00013203,0.00011107,9.742e-05,8.992e-05,8.666e-05,8.567e-05,8.607e-05,8.975e-05,9.928e-05,0.00011515,0.00013846,0.00017035,0.00020929,0.00025347,0.00029779,0.00033796,0.00037181,0.00039924,0.00042456,0.00045034,0.00047956,0.00051461,0.00055196,0.00059294,0.00063636,0.00068094,0.00072605,0.00077017,0.00081656,0.00086552,0.00091887,0.00097796,0.00104041,0.00110945,0.00118565,0.00127079,0.00136619,0.00146932,0.00158317,0.00171037,0.00185438,0.00202004,0.00220969,0.00243127,0.00268391,0.00296519,0.00327186,0.00359655,0.00392569,0.0042581,0.00459771,0.00495524,0.0053472,0.00578337,0.00628361,0.00685988,0.00748461,0.00816072,0.00887729,0.00965677,0.01050448,0.01141264,0.01240986,0.01346353,0.01458983,0.01581417,0.01716468,0.01873373,0.02054193,0.02266047,0.02508611,0.02784888,0.03108914,0.03468641,0.0386362,0.04297036,0.04766817,0.05285909,0.05854755,0.06481076,0.07158102,0.07881531,0.08666796,0.0951142,0.10409924,0.11367731,0.12413058,0.13561613,0.1481207,0.16156421,0.17573159,0.19057048,0.20745732,0.22540497,0.24433966,0.26432646
SUR,2079,0.00483886,0.00026017,0.00020244,0.00016047,0.00013054,0.00010982,9.628e-05,8.877e-05,8.545e-05,8.437e-05,8.472e-05,8.829e-05,9.76e-05,0.00011314,0.00013597,0.00016719,0.00020533,0.0002486,0.00029202,0.00033139,0.00036457,0.00039144,0.00041622,0.00044144,0.00046999,0.00050423,0.00054072,0.00058078,0.00062324,0.00066686,0.00071105,0.00075427,0.00079976,0.00084781,0.00090019,0.00095822,0.00101953,0.0010873,0.00116209,0.00124569,0.00133935,0.0014406,0.0015524,0.00167739,0.00181898,0.00198187,0.00216817,0.00238569,0.0026336,0.00290959,0.00321037,0.00352873,0.00385173,0.00417818,0.00451212,0.0048637,0.00524916,0.00567844,0.00617019,0.00673602,0.00734976,0.00801477,0.00872144,0.00948879,0.01032167,0.01121705,0.01220313,0.01324625,0.01436244,0.01557699,0.01691504,0.0184681,0.0202577,0.02235457,0.02477224,0.02750069,0.03067787,0.034261,0.03820139,0.04250733,0.04721215,0.05241599,0.05802212,0.06413807,0.07083639,0.0780588,0.08588055,0.09429335,0.10337393,0.11308589,0.12343762,0.13475115,0.14717978,0.16058323,0.1748573,0.18986177,0.2068213,0.22489677,0.24407315,0.26425404
SUR,2080,0.00476477,0.00025644,0.00019974,0.00015846,0.00012897,0.00010851,9.509e-05,8.76e-05,8.422e-05,8.308e-05,8.337e-05,8.685e-05,9.595e-05,0.00011117,0.00013352,0.0001641,0.00020147,0.00024385,0.00028638,0.00032495,0.00035747,0.00038379,0.00040805,0.00043272,0.00046066,0.00049413,0.00052981,0.00056898,0.00061052,0.00065323,0.00069651,0.00073887,0.00078348,0.00083066,0.00088212,0.00093914,0.00099936,0.00106592,0.00113933,0.00122135,0.00131328,0.00141261,0.0015224,0.00164519,0.00178439,0.00194459,0.00212768,0.00234134,0.00258467,0.00285546,0.00315057,0.00346274,0.00377963,0.00410024,0.00442848,0.0047744,0.00515342,0.00557545,0.006059,0.00661482,0.00721739,0.0078712,0.00856695,0.00932444,0.01014537,0.01102619,0.01199999,0.01303256,0.01413825,0.01534206,0.01666915,0.01820803,0.01997862,0.02205308,0.02444611,0.0271655,0.03030741,0.03382626,0.03775503,0.04205532,0.04673481,0.05195096,0.05757514,0.06360636,0.07015065,0.07730087,0.08511597,0.09350366,0.10255818,0.11238099,0.12288475,0.13410394,0.14636535,0.1597044,0.17395399,0.18908513,0.2062391,0.22441199,0.24374495,0.26419915
SUR,2081,0.00469846,0.00025305,0.00019731,0.00015667,0.00012759,0.00010737,9.405e-05,8.654e-05,8.309e-05,8.188e-05,8.211e-05,8.549e-05,9.439e-05,0.00010928,0.00013118,0.00016114,0.00019774,0.00023927,0.00028094,0.00031873,0.00035059,0.00037637,0.00040009,0.0004242,0.00045148,0.00048417,0.00051899,0.00055725,0.00059784,0.0006396,0.00068196,0.00072344,0.00076716,0.00081343,0.00086394,0.00091991,0.000979,0.00104431,0.00111636,0.00119682,0.00128703,0.0013845,0.0014923,0.00161297,0.00174978,0.00190725,0.00208713,0.00229692,0.0025357,0.00280128,0.00309067,0.00339682,0.00370775,0.00402264,0.00434548,0.00468589,0.00505899,0.00547399,0.00594911,0.00649529,0.00708715,0.0077295,0.00841415,0.00916067,0.00997216,0.01084172,0.01180168,0.01282293,0.01391861,0.01511183,0.01642744,0.01795389,0.01970732,0.0217584,0.02412482,0.02681589,0.0299461,0.03342667,0.03728759,0.04157605,0.04625014,0.05143884,0.05707458,0.06312196,0.06957152,0.0765542,0.08429015,0.09266902,0.10169501,0.11148696,0.12210175,0.13346995,0.1456186,0.15876954,0.17293742,0.18802583,0.20528926,0.22363137,0.2430306,0.26360562
SUR,2082,0.00462865,0.00024964,0.00019484,0.00015482,0.00012614,0.00010615,9.293e-05,8.543e-05,8.192e-05,8.064e-05,8.081e-05,8.41e-05,9.279e-05,0.00010737,0.0001288,0.00015814,0.00019398,0.00023464,0.00027546,0.00031248,0.0003437,0.00036895,0.00039218,0.00041576,0.00044241,0.00047436,0.00050838,0.00054576,0.00058544,0.0006263,0.00066779,0.00070843,0.0007513,0.0007967,0.00084628,0.00090124,0.00095924,0.00102333,0.00109403,0.00117303,0.00126156,0.00135721,0.00146308,0.00158163,0.00171611,0.00187086,0.00204749,0.00225343,0.00248772,0.0027482,0.00303195,0.00333208,0.00363717,0.00394636,0.00426366,0.00459854,0.00496548,0.00537357,0.00584007,0.00637599,0.00695721,0.00758826,0.00826121,0.00899626,0.00979673,0.01065723,0.01160629,0.01261397,0.0136982,0.01488066,0.01618425,0.01769719,0.01943509,0.02146482,0.02380412,0.02646577,0.02956571,0.03303521,0.03685867,0.04107882,0.04574465,0.05093196,0.05654228,0.06260588,0.06907651,0.07596224,0.08352538,0.09182838,0.10085529,0.11062826,0.1212233,0.13272085,0.14503669,0.15808397,0.17207483,0.18709871,0.20434321,0.22282271,0.24242086,0.26309277
SUR,2083,0.00456462,0.00024656,0.00019258,0.00015312,0.0001248,0.00010502,9.19e-05,8.44e-05,8.083e-05,7.949e-05,7.961e-05,8.281e-05,9.132e-05,0.0001056,0.00012661,0.00015537,0.0001905,0.00023036,0.00027038,0.00030669,0.00033732,0.00036208,0.00038484,0.00040793,0.00043402,0.00046526,0.00049855,0.00053512,0.00057397,0.00061399,0.00065465,0.00069452,0.0007366,0.00078118,0.00082989,0.0008839,0.00094089,0.00100386,0.0010733,0.00115087,0.00123787,0.00133179,0.00143581,0.00155238,0.00168464,0.00183689,0.00201048,0.0022128,0.00244289,0.00269864,0.00297716,0.00327164,0.00357119,0.00387511,0.00418723,0.00451683,0.00487808,0.00527961,0.00573831,0.00626461,0.00683534,0.00745599,0.00811828,0.00884211,0.00963192,0.01048258,0.01142393,0.01242199,0.01349327,0.01466441,0.01595692,0.01745696,0.0191795,0.02119118,0.02350724,0.02614082,0.02921118,0.03265165,0.03646777,0.0406534,0.04525162,0.05043491,0.05604814,0.0620882,0.06858002,0.07549261,0.08295751,0.09108323,0.10003774,0.10982009,0.12040392,0.13188876,0.14434575,0.15757199,0.17146188,0.18631144,0.20349875,0.22196446,0.24170703,0.26258347
SUR,2084,0.00450022,0.0002432,0.00019015,0.00015132,0.0001234,0.00010385,9.085e-05,8.335e-05,7.974e-05,7.833e-05,7.841e-05,8.152e-05,8.983e-05,0.00010382,0.00012441,0.00015258,0.00018702,0.00022608,0.00026531,0.0003009,0.00033092,0.00035517,0.00037744,0.00040002,0.00042552,0.00045605,0.00048856,0.00052431,0.0005623,0.00060145,0.00064127,0.00068032,0.00072159,0.00076535,0.00081319,0.00086625,0.0009222,0.00098403,0.00105219,0.00112832,0.0012137,0.0013059,0.00140805,0.0015226,0.00165267,0.0018024,0.00197303,0.00217173,0.00239761,0.00264862,0.00292192,0.00321079,0.00350477,0.00380335,0.00411045,0.0044349,0.0047905,0.00518571,0.00563668,0.00615376,0.00671405,0.00732378,0.00797562,0.00868853,0.0094671,0.01030739,0.01123932,0.01223035,0.01329208,0.01444956,0.0157296,0.0172168,0.01892359,0.02091606,0.02321058,0.02581801,0.02885778,0.03226738,0.03605437,0.04023451,0.04479844,0.04991102,0.0555217,0.06156609,0.06803356,0.07497045,0.0824663,0.09049082,0.0992624,0.1089747,0.11957591,0.1310555,0.14350439,0.15688251,0.17096164,0.18571365,0.20273645,0.22116065,0.24091191,0.26196136
SUR,2085,0.00443343,0.00023996,0.00018777,0.00014952,0.00012197,0.00010265,8.975e-05,8.226e-05,7.86e-05,7.714e-05,7.716e-05,8.019e-05,8.831e-05,0.000102,0.00012215,0.00014973,0.00018345,0.00022169,0.0002601,0.00029496,0.00032436,0.00034812,0.00036992,0.00039199,0.00041692,0.00044676,0.00047852,0.00051345,0.00055058,0.00058889,0.00062787,0.00066612,0.00070657,0.0007495,0.00079647,0.00084856,0.00090348,0.00096414,0.00103102,0.00110572,0.00118947,0.0012799,0.00138018,0.00149266,0.00162045,0.00176758,0.00193511,0.00213015,0.00235168,0.00259778,0.00286574,0.00314888,0.00343721,0.00373023,0.00403196,0.00435107,0.00470069,0.00508912,0.00553205,0.00603944,0.00658924,0.00718759,0.00782792,0.00852964,0.00929679,0.01012564,0.01104711,0.01202876,0.01308309,0.01422986,0.01549424,0.01696633,0.0186566,0.02062859,0.0228995,0.02548165,0.02849182,0.03186835,0.03562304,0.03977318,0.04433254,0.04940897,0.05494318,0.06098393,0.067455,0.07436513,0.08188705,0.08994584,0.09861181,0.1081321,0.11866187,0.13016119,0.14260436,0.15597396,0.17020937,0.18515318,0.20207494,0.22032343,0.24002366,0.26107036
SUR,2086,0.00437784,0.0002372,0.00018577,0.00014803,0.00012081,0.00010167,8.886e-05,8.136e-05,7.764e-05,7.612e-05,7.609e-05,7.903e-05,8.698e-05,0.00010039,0.00012015,0.0001472,0.00018026,0.00021776,0.00025543,0.00028962,0.00031846,0.00034175,0.0003631,0.0003847,0.00040906,0.00043822,0.00046927,0.00050343,0.00053975,0.00057725,0.00061544,0.00065293,0.00069261,0.00073476,0.0007809,0.00083209,0.00088604,0.00094563,0.00101131,0.00108466,0.00116694,0.00125574,0.00135428,0.00146492,0.00159061,0.00173537,0.0019001,0.00209175,0.00230936,0.00255094,0.00281395,0.00309187,0.00337508,0.00366318,0.00396011,0.00427441,0.0046189,0.00500136,0.00543706,0.00593585,0.00647611,0.00706455,0.0076945,0.00838561,0.00914289,0.00996205,0.01087389,0.01184721,0.01289396,0.01403474,0.01528924,0.01674576,0.01842036,0.02037464,0.02262457,0.02518361,0.02816975,0.03151942,0.03524514,0.03936805,0.04390315,0.04898228,0.05448506,0.06045083,0.06692595,0.07384883,0.08135206,0.08945035,0.09816567,0.10758717,0.11792912,0.12936862,0.14184681,0.15522559,0.16946846,0.18458913,0.20172735,0.21989153,0.23943724,0.26046076
SUR,2087,0.00431594,0.00023426,0.00018359,0.00014637,0.00011948,0.00010054,8.782e-05,8.034e-05,7.658e-05,7.5e-05,7.493e-05,7.779e-05,8.557e-05,9.87e-05,0.00011806,0.00014456,0.00017696,0.0002137,0.00025062,0.00028414,0.00031243,0.00033526,0.00035618,0.00037734,0.00040118,0.0004297,0.00046006,0.00049348,0.00052903,0.00056574,0.00060317,0.00063993,0.00067886,0.00072025,0.00076556,0.00081585,0.00086884,0.00092735,0.00099185,0.00106386,0.00114466,0.00123185,0.00132863,0.00143734,0.00156093,0.00170322,0.00186504,0.00205324,0.00226683,0.00250392,0.00276192,0.0030345,0.00331251,0.00359554,0.00388749,0.00419663,0.00453549,0.0049117,0.00533979,0.00582953,0.00636003,0.00693806,0.00755756,0.0082375,0.00898359,0.00979253,0.01069422,0.01165748,0.01269493,0.01382649,0.01507279,0.01651625,0.01817089,0.02010427,0.02233164,0.02486539,0.02782428,0.03114693,0.03484355,0.03893533,0.04344087,0.04849237,0.05399586,0.05992446,0.06631494,0.07323858,0.08075206,0.08882786,0.09758346,0.10705494,0.11729001,0.12852879,0.14094043,0.15435234,0.16860152,0.18372606,0.2010411,0.21941791,0.23886806,0.25972702
SUR,2088,0.00425595,0.00023127,0.00018141,0.00014473,0.00011819,9.946e-05,8.683e-05,7.935e-05,7.554e-05,7.39e-05,7.378e-05,7.655e-05,8.415e-05,9.699e-05,0.00011594,0.00014188,0.00017359,0.00020955,0.0002457,0.00027852,0.00030621,0.00032856,0.00034901,0.00036966,0.00039293,0.00042076,0.00045037,0.00048297,0.00051769,0.00055357,0.00059017,0.00062614,0.00066427,0.00070484,0.00074928,0.00079862,0.0008506,0.00090799,0.00097123,0.00104185,0.00112107,0.00120656,0.00130153,0.00140825,0.00152964,0.00166946,0.00182828,0.00201292,0.00222236,0.00245473,0.0027076,0.00297461,0.00324716,0.003525,0.00381195,0.00411601,0.00444922,0.00481907,0.00523963,0.00572018,0.0062406,0.00680815,0.0074169,0.00808589,0.0088206,0.00961845,0.01051016,0.01146381,0.01249138,0.01361334,0.01484962,0.01628345,0.01792241,0.01983191,0.02203479,0.02454301,0.02747387,0.03076787,0.03443735,0.03850049,0.04297548,0.04799746,0.05347341,0.05940482,0.06575752,0.0725935,0.08011245,0.08820583,0.09694546,0.10646809,0.11676473,0.12789889,0.14010728,0.15345853,0.16775194,0.18289332,0.20022548,0.21879906,0.23848364,0.25926834
SUR,2089,0.00420004,0.00022846,0.00017931,0.00014311,0.00011689,9.836e-05,8.584e-05,7.838e-05,7.454e-05,7.287e-05,7.272e-05,7.542e-05,8.286e-05,9.546e-05,0.00011405,0.00013951,0.00017064,0.00020594,0.00024143,0.00027366,0.00030086,0.00032281,0.00034288,0.00036314,0.00038594,0.00041322,0.00044224,0.00047419,0.00050823,0.00054344,0.00057937,0.00061469,0.00065216,0.00069205,0.00073576,0.0007843,0.0008354,0.00089184,0.00095402,0.00102344,0.00110135,0.00118537,0.00127876,0.00138377,0.00150321,0.00164079,0.00179702,0.00197853,0.00218435,0.00241267,0.00266107,0.00292334,0.0031911,0.00346424,0.00374664,0.00404601,0.00437403,0.0047379,0.00515142,0.0056238,0.00613513,0.00669307,0.0072921,0.00795092,0.00867541,0.0094627,0.01034397,0.01128831,0.01230629,0.01341769,0.01464316,0.01606516,0.01769218,0.019583,0.02175954,0.02424194,0.02714651,0.03041301,0.0340553,0.03809312,0.04254106,0.04753288,0.05297924,0.05888249,0.06523935,0.07203602,0.07946242,0.08756433,0.09632574,0.10583375,0.11618747,0.12738895,0.13948938,0.15263354,0.16687252,0.18207014,0.19943373,0.21804105,0.2379453,0.25898861
SUR,2090,0.00414739,0.00022567,0.00017727,0.00014158,0.00011569,9.735e-05,8.492e-05,7.746e-05,7.358e-05,7.185e-05,7.165e-05,7.427e-05,8.153e-05,9.387e-05,0.00011208,0.00013701,0.0001675,0.00020207,0.00023683,0.0002684,0.00029504,0.00031652,0.00033614,0.00035592,0.00037817,0.00040478,0.00043308,0.00046427,0.0004975,0.00053189,0.00056704,0.00060162,0.00063831,0.00067741,0.00072028,0.00076789,0.00081801,0.00087335,0.00093433,0.00100241,0.00107881,0.00116121,0.00125284,0.00135595,0.0014733,0.00160846,0.00176181,0.00193991,0.0021417,0.00236547,0.0026089,0.00286583,0.00312838,0.0033964,0.00367384,0.00396827,0.00429088,0.00464855,0.00505454,0.00551792,0.00601959,0.00656717,0.00715561,0.00780359,0.00851696,0.00929343,0.01016356,0.01109716,0.01210531,0.01320607,0.01441937,0.01582809,0.01743975,0.01931385,0.02146654,0.02391734,0.0267906,0.03002623,0.03363711,0.03764414,0.04206337,0.04702355,0.05243451,0.05830243,0.06462546,0.07142393,0.07880586,0.08680722,0.09557702,0.10510663,0.11544285,0.12670089,0.13886524,0.15188938,0.16590665,0.18104101,0.19845468,0.21708509,0.23701387,0.25826732
SUR,2091,0.00409925,0.0002231,0.00017538,0.00014016,0.00011457,9.641e-05,8.406e-05,7.661e-05,7.268e-05,7.09e-05,7.066e-05,7.321e-05,8.031e-05,9.24e-05,0.00011025,0.00013471,0.00016461,0.00019851,0.0002326,0.00026356,0.00028968,0.00031072,0.00032992,0.00034926,0.000371,0.00039698,0.00042462,0.00045509,0.00048758,0.00052123,0.00055563,0.00058951,0.00062549,0.00066384,0.00070593,0.00075269,0.00080189,0.00085621,0.00091605,0.00098288,0.0010579,0.00113878,0.00122879,0.00133012,0.0014455,0.00157842,0.0017291,0.001904,0.00210211,0.00232163,0.00256042,0.00281244,0.00307012,0.00333351,0.00360633,0.0038961,0.00421371,0.00456567,0.00496479,0.00541981,0.00591238,0.00645053,0.00702918,0.00766703,0.00837026,0.0091366,0.00999684,0.01092041,0.01191853,0.01300967,0.01421209,0.0156076,0.01720433,0.01906075,0.02119509,0.02362104,0.02646161,0.02966643,0.03324804,0.03722578,0.04161665,0.0465496,0.05193012,0.05776303,0.06405098,0.07081657,0.07820383,0.08616168,0.09482877,0.1043718,0.11473547,0.12597828,0.13820286,0.15129369,0.16518618,0.18009301,0.19744035,0.21611929,0.23606708,0.25733878
SUR,2092,0.00405494,0.00022077,0.00017368,0.00013887,0.00011355,9.555e-05,8.327e-05,7.582e-05,7.185e-05,7.002e-05,6.973e-05,7.221e-05,7.917e-05,9.102e-05,0.00010854,0.00013254,0.0001619,0.00019517,0.00022863,0.00025902,0.00028466,0.00030531,0.00032411,0.00034303,0.0003643,0.0003897,0.00041671,0.00044651,0.0004783,0.00051125,0.00054497,0.00057819,0.00061351,0.00065118,0.00069251,0.00073845,0.00078679,0.00084015,0.00089895,0.00096461,0.00103834,0.00111784,0.00120634,0.00130603,0.00141955,0.00155034,0.00169852,0.00187039,0.00206498,0.00228059,0.00251502,0.00276242,0.0030156,0.0032746,0.00354322,0.0038286,0.00414141,0.00448799,0.00488066,0.00532792,0.00581187,0.00634098,0.0069106,0.00753898,0.00823263,0.00898971,0.00984067,0.01075545,0.01174426,0.01282559,0.01401824,0.01540198,0.01698403,0.01882339,0.02093844,0.02334534,0.02616038,0.02933316,0.03288602,0.03683746,0.0412026,0.04611014,0.0514669,0.05727237,0.06352808,0.07026237,0.0776213,0.08559375,0.09422455,0.10366907,0.11406033,0.12534606,0.13756827,0.15073771,0.16471642,0.17951368,0.19664934,0.2152879,0.23531697,0.25664349
SUR,2093,0.00400558,0.00021808,0.00017168,0.00013735,0.00011235,9.454e-05,8.236e-05,7.493e-05,7.094e-05,6.907e-05,6.874e-05,7.115e-05,7.796e-05,8.958e-05,0.00010677,0.00013031,0.00015911,0.00019174,0.00022457,0.00025437,0.00027953,0.00029976,0.00031817,0.00033669,0.00035747,0.00038231,0.00040872,0.00043786,0.00046896,0.00050122,0.00053426,0.00056682,0.00060145,0.00063844,0.00067906,0.00072419,0.00077167,0.00082408,0.00088181,0.00094627,0.00101864,0.00109668,0.00118363,0.00128162,0.00139328,0.00152192,0.00166759,0.00183648,0.00202756,0.00223918,0.00246929,0.002712,0.00296052,0.00321505,0.00347925,0.0037602,0.00406805,0.00440902,0.00479512,0.00523451,0.00570984,0.00622973,0.00678994,0.00740877,0.00809247,0.00883966,0.00968092,0.0105861,0.01156541,0.01263611,0.01381714,0.01518858,0.01675566,0.01857636,0.02067081,0.02305558,0.02584887,0.02899454,0.03251423,0.03643626,0.04077476,0.04565515,0.05098516,0.05676526,0.06299151,0.06969201,0.07701853,0.08496343,0.09361418,0.10302477,0.11331795,0.1246403,0.13691509,0.15009141,0.16416295,0.17906245,0.19610326,0.21454495,0.23455919,0.2559988
SUR,2094,0.00396018,0.00021569,0.00016991,0.000136,0.00011128,9.363e-05,8.154e-05,7.411e-05,7.016e-05,6.825e-05,6.78e-05,7.023e-05,7.68e-05,8.819e-05,0.00010505,0.00012813,0.00015637,0.00018837,0.00022056,0.00024979,0.00027445,0.00029428,0.0003123,0.0003304,0.0003507,0.00037495,0.00040075,0.00042923,0.00045963,0.00049118,0.00052353,0.00055542,0.00058937,0.00062566,0.00066553,0.00070985,0.00075645,0.00080789,0.00086455,0.0009278,0.00099885,0.00107542,0.00116081,0.00125711,0.00136687,0.00149334,0.00163641,0.00180221,0.00198973,0.00219728,0.00242291,0.00266089,0.00290466,0.00315459,0.00341434,0.0036907,0.0039936,0.0043288,0.00470805,0.00513938,0.0056059,0.00611642,0.00666691,0.00727571,0.00794943,0.0086865,0.00951762,0.01041307,0.01138239,0.01244267,0.0136116,0.014969,0.01652057,0.01832198,0.02039337,0.02275338,0.02551988,0.02864022,0.03212952,0.03601487,0.04032054,0.04516957,0.05046733,0.05621465,0.06240902,0.06907332,0.07635866,0.0842646,0.09288175,0.10230824,0.11255933,0.12376996,0.13607206,0.14928988,0.16335203,0.17832764,0.1954492,0.21376155,0.23354105,0.25492826
SUR,2095,0.00391743,0.00021349,0.00016827,0.00013475,0.00011027,9.278e-05,8.075e-05,7.333e-05,6.934e-05,6.739e-05,6.691e-05,6.927e-05,7.571e-05,8.687e-05,0.00010341,0.00012606,0.00015377,0.00018516,0.00021675,0.00024543,0.00026963,0.00028907,0.00030672,0.00032443,0.00034428,0.00036799,0.0003932,0.00042103,0.00045078,0.00048166,0.00051334,0.00054461,0.00057791,0.00061352,0.00065267,0.0006962,0.00074196,0.00079246,0.0008481,0.00091022,0.00097999,0.0010552,0.00113909,0.00123376,0.00134171,0.00146607,0.00160668,0.00176951,0.00195359,0.00215728,0.00237865,0.00261208,0.00285143,0.00309696,0.00335241,0.00362444,0.00392251,0.00425232,0.00462499,0.00504854,0.00550667,0.0060083,0.00654966,0.00714884,0.00781282,0.00854046,0.00936184,0.01024775,0.01120758,0.01225757,0.01341534,0.01475897,0.01629427,0.01807721,0.02012668,0.02246152,0.02520093,0.0282935,0.0317575,0.03561263,0.03988141,0.04469642,0.04996172,0.05567505,0.06183465,0.06846548,0.07571277,0.0835763,0.09215413,0.10154691,0.11181715,0.12298487,0.13516861,0.14841435,0.16251811,0.17748121,0.19467497,0.21306299,0.23270373,0.25384868
SUR,2096,0.00387702,0.00021138,0.00016672,0.00013357,0.00010933,9.198e-05,8.002e-05,7.26e-05,6.857e-05,6.657e-05,6.605e-05,6.834e-05,7.464e-05,8.56e-05,0.00010182,0.00012405,0.00015125,0.00018206,0.00021306,0.00024121,0.00026497,0.00028404,0.00030133,0.00031866,0.00033807,0.00036123,0.00038586,0.00041306,0.00044216,0.0004724,0.00050345,0.0005341,0.00056678,0.00060175,0.00064019,0.00068294,0.00072789,0.0007775,0.00083215,0.00089318,0.00096176,0.00103566,0.00111813,0.00121124,0.00131743,0.00143979,0.00157799,0.00173797,0.0019187,0.00211863,0.00233591,0.00256497,0.00279999,0.0030414,0.00329271,0.00356053,0.00385402,0.00417855,0.00454501,0.00496098,0.00541086,0.00590387,0.00643642,0.00702648,0.00768109,0.00839956,0.00921203,0.01008907,0.01103993,0.01208059,0.01322782,0.01455926,0.01607926,0.01784361,0.01987271,0.02218432,0.02489724,0.0279631,0.03140098,0.0352335,0.039475,0.044255,0.049489,0.05517271,0.06130132,0.06790114,0.07511974,0.08295144,0.09149429,0.10085626,0.11110307,0.12230414,0.13445427,0.14758888,0.16173669,0.17675805,0.1939542,0.21243566,0.23217425,0.25320141
SUR,2097,0.00383246,0.000209,0.00016493,0.00013219,0.00010823,9.105e-05,7.918e-05,7.181e-05,6.773e-05,6.57e-05,6.515e-05,6.738e-05,7.355e-05,8.429e-05,0.00010022,0.00012203,0.00014872,0.00017896,0.00020938,0.00023701,0.00026033,0.00027904,0.00029599,0.00031295,0.00033193,0.00035458,0.00037867,0.00040528,0.00043376,0.00046338,0.00049382,0.00052387,0.00055594,0.00059027,0.00062803,0.00067004,0.00071418,0.00076292,0.0008166,0.00087653,0.0009439,0.00101649,0.00109753,0.00118907,0.0012935,0.00141385,0.00154971,0.00170687,0.00188436,0.00208061,0.00229386,0.00251865,0.00274939,0.00298659,0.00323384,0.00349736,0.00378617,0.00410545,0.00446563,0.00487425,0.00531595,0.00580029,0.00632408,0.006905,0.00755021,0.00825911,0.00906192,0.00992971,0.01087087,0.01190117,0.01303719,0.01435528,0.01585973,0.01760459,0.01961121,0.02189913,0.02458514,0.02762187,0.031031,0.0348355,0.03905256,0.04380166,0.04899591,0.05464311,0.06073664,0.06730003,0.07448226,0.08228097,0.09078815,0.10011111,0.11032402,0.12149901,0.13368133,0.14677764,0.1608065,0.1758721,0.19312659,0.2116106,0.23144961,0.25258491
SUR,2098,0.00379149,0.0002069,0.00016336,0.00013099,0.00010727,9.023e-05,7.843e-05,7.106e-05,6.694e-05,6.487e-05,6.429e-05,6.645e-05,7.248e-05,8.301e-05,9.863e-05,0.00012002,0.0001462,0.00017585,0.00020569,0.00023279,0.00025565,0.00027399,0.00029059,0.00030717,0.00032571,0.00034783,0.00037135,0.00039735,0.00042519,0.00045416,0.00048396,0.00051342,0.00054485,0.00057854,0.00061561,0.00065685,0.00070017,0.000748,0.00080071,0.00085956,0.0009257,0.00099697,0.00107659,0.00116654,0.00126922,0.00138752,0.00152098,0.0016753,0.00184945,0.00204196,0.00225108,0.00247149,0.00269792,0.00293088,0.00317395,0.00343329,0.00371736,0.00403129,0.00438518,0.00478623,0.00521977,0.0056953,0.0062101,0.00678187,0.0074178,0.00811749,0.00891089,0.00976956,0.01070181,0.01172236,0.01284756,0.01415319,0.01564251,0.01736917,0.01935383,0.02161729,0.0242775,0.02728669,0.03066711,0.03444413,0.03863508,0.04336146,0.04852656,0.054135,0.06019368,0.06672474,0.07387425,0.08164224,0.09012393,0.09941933,0.10960246,0.12075402,0.13292053,0.14606372,0.16006681,0.17502429,0.19234052,0.21090335,0.23076357,0.25201885
SUR,2099,0.00375146,0.00020481,0.0001618,0.00012978,0.0001063,8.94e-05,7.767e-05,7.032e-05,6.617e-05,6.406e-05,6.345e-05,6.555e-05,7.15e-05,8.178e-05,9.711e-05,0.0001181,0.0001438,0.00017289,0.00020218,0.00022878,0.00025122,0.00026921,0.00028547,0.0003017,0.00031983,0.00034145,0.00036444,0.00038986,0.00041709,0.00044546,0.00047466,0.00050354,0.00053439,0.00056745,0.00060385,0.00064435,0.00068689,0.00073385,0.00078561,0.00084343,0.00090843,0.00097843,0.0010567,0.00114516,0.00124613,0.00136248,0.00149361,0.0016452,0.00181621,0.00200515,0.00221039,0.00242666,0.002649,0.002878,0.0031171,0.00337235,0.00365202,0.00396081,0.00430863,0.00470258,0.0051283,0.00559562,0.00610183,0.00666473,0.00729179,0.00798266,0.00876706,0.00961672,0.01053986,0.01155101,0.01266551,0.01395846,0.01543296,0.01714141,0.0191051,0.02134426,0.02397723,0.02695908,0.03031097,0.03405837,0.03822088,0.04291874,0.04805871,0.05363414,0.05964881,0.06614009,0.07325211,0.08098249,0.08942858,0.09869297,0.10884213,0.11995594,0.13208824,0.14520407,0.15924377,0.17415949,0.19134127,0.20994504,0.22985965,0.25110532
SUR,2100,0.00371378,0.00020287,0.00016034,0.00012866,0.00010538,8.862e-05,7.696e-05,6.961e-05,6.543e-05,6.329e-05,6.265e-05,6.469e-05,7.052e-05,8.061e-05,9.566e-05,0.00011627,0.0001415,0.00017007,0.00019882,0.00022494,0.00024698,0.00026464,0.00028057,0.00029647,0.0003142,0.00033534,0.00035782,0.00038269,0.00040934,0.00043713,0.00046576,0.00049409,0.00052437,0.00055684,0.00059259,0.00063238,0.00067418,0.00072032,0.00077117,0.00082798,0.00089189,0.0009607,0.00103763,0.00112465,0.00122401,0.00133847,0.00146741,0.00161635,0.00178432,0.00196987,0.00217138,0.0023837,0.00260209,0.00282725,0.0030626,0.00331391,0.00358924,0.00389322,0.00423518,0.00462222,0.00504049,0.00549983,0.00599799,0.00655237,0.00717081,0.0078533,0.0086292,0.00947052,0.01038499,0.011387,0.01249174,0.0137728,0.01523315,0.0169247,0.01886847,0.0210856,0.02369298,0.02664785,0.02997374,0.03369457,0.03782975,0.04250066,0.04761427,0.05316697,0.0591506,0.06559961,0.07267458,0.08037232,0.08878714,0.09802337,0.10815082,0.11924077,0.13134481,0.14443783,0.15846355,0.17343356,0.19058481,0.20906696,0.22904572,0.25037073
