NGA,1950,1387.211,1271.349,1218.711,1158.264,1104.897,1057.941,1016.524,979.894,948.574,921.744,899.023,879.259,856.002,830.078,804.582,783.546,762.599,741.824,721.416,701.344,681.926,663.142,644.998,627.356,610.079,593.043,576.392,559.854,543.451,527.238,511.591,496.428,479.842,462.398,445.189,428.989,412.406,398.28,386.205,374.73,362.804,352.302,340.817,328.652,316.962,306.183,294.743,287.203,281.302,277.891,272.313,268.013,260.62,250.471,239.39,230.203,219.922,209.335,198.84,188.241,177.419,166.551,156.17,146.165,136.319,126.385,116.753,107.493,98.464,89.817,81.394,73.36,65.58,57.989,50.789,43.92,37.482,31.802,26.814,22.331,18.114,14.407,11.19,8.428,6.121,4.129,2.43,1.279,0.672,0.39,0.322,0.255,0.177,0.105,0.026,0.009,0.015,0.012,0.007,0.003
NGA,1951,1490.42,1237.805,1186.122,1162.333,1120.954,1079.619,1040.229,1003.573,969.958,940.554,914.95,893.012,873.745,850.831,825.152,799.815,778.85,757.921,737.118,716.645,696.487,676.978,658.123,639.946,622.318,605.089,588.118,571.527,555.034,538.655,522.448,506.792,491.611,475.029,457.606,440.425,424.247,407.695,393.571,381.477,369.977,358.044,347.529,336.06,323.937,312.292,301.544,290.14,282.56,276.572,273.007,267.294,262.818,255.298,245.076,233.939,224.645,214.277,203.603,193.014,182.272,171.381,160.46,150.029,139.983,130.107,120.169,110.535,101.274,92.257,83.641,75.289,67.369,59.763,52.422,45.523,39.006,32.956,27.653,23.029,18.919,15.118,11.834,9.038,6.686,4.765,3.149,1.811,0.929,0.477,0.27,0.216,0.167,0.112,0.065,0.015,0.006,0.009,0.007,0.004
NGA,1952,1521.369,1330.826,1155.377,1131.616,1125.067,1095.395,1061.587,1026.998,993.408,961.767,933.628,908.838,887.413,868.465,845.767,820.233,794.976,774.009,753.033,732.148,711.573,691.316,671.733,652.844,634.682,617.104,599.943,583.039,566.5,550.035,533.666,517.459,501.792,486.603,470.035,452.644,435.498,419.348,402.829,388.713,376.604,365.092,353.164,342.653,331.215,319.144,307.543,296.819,285.439,277.799,271.704,267.971,262.11,257.447,249.796,239.492,228.291,218.879,208.409,197.639,186.907,176.08,165.125,154.163,143.696,133.617,123.72,113.781,104.153,94.903,85.925,77.378,69.151,61.406,54.037,46.997,40.439,34.304,28.663,23.756,19.516,15.794,12.421,9.56,7.173,5.208,3.637,2.353,1.32,0.659,0.33,0.183,0.141,0.107,0.069,0.039,0.009,0.003,0.004,0.004
NGA,1953,1548.631,1360.396,1243.749,1102.842,1095.559,1099.441,1077.044,1048.004,1016.519,984.951,954.63,927.343,903.087,881.98,863.192,840.573,815.057,789.759,768.678,747.562,726.529,705.819,685.469,665.844,646.973,628.872,611.376,594.3,577.467,560.977,544.545,528.199,512.011,496.362,481.19,464.664,447.327,430.235,414.128,397.658,383.567,371.466,359.964,348.07,337.586,326.197,314.183,302.625,291.917,280.548,272.837,266.624,262.713,256.699,251.844,244.053,233.662,222.386,212.845,202.266,191.381,180.551,169.647,158.638,147.649,137.156,127.051,117.137,107.204,97.593,88.382,79.485,71.063,63.023,55.515,48.439,41.743,35.56,29.831,24.62,20.127,16.288,12.973,10.031,7.584,5.586,3.976,2.718,1.718,0.938,0.456,0.222,0.12,0.09,0.066,0.041,0.023,0.005,0.001,0.003
NGA,1954,1582.097,1385.987,1272.294,1187.719,1067.908,1070.716,1081.069,1063.279,1037.309,1007.858,977.633,948.185,921.437,897.477,876.479,857.653,834.923,809.247,783.745,762.416,741.063,719.831,698.985,678.577,658.973,640.181,622.19,604.814,587.85,571.113,554.699,538.336,522.053,505.93,490.344,475.237,458.79,441.542,424.533,408.498,392.109,378.075,366.016,354.561,342.734,332.299,320.972,309.02,297.504,286.804,275.439,267.65,261.317,257.224,251.057,246.007,238.074,227.587,216.233,206.554,195.907,184.92,174.001,163.029,151.982,140.977,130.465,120.339,110.414,100.5,90.935,81.803,73.042,64.809,57.018,49.801,43.059,36.739,30.954,25.65,20.882,16.82,13.396,10.49,7.968,5.915,4.272,2.977,1.989,1.226,0.652,0.307,0.146,0.077,0.056,0.04,0.024,0.013,0.003,0.001
NGA,1955,1614.073,1417.901,1297.68,1215.63,1150.381,1043.756,1052.814,1067.219,1052.392,1028.442,1000.35,971.023,942.147,915.728,891.91,870.906,851.964,829.072,803.21,777.508,755.956,734.413,713.054,692.158,671.774,652.249,633.568,615.694,598.421,581.541,564.87,548.511,532.2,515.969,499.905,484.374,469.318,452.938,435.765,418.827,402.857,386.547,372.574,360.564,349.161,337.397,327.005,315.723,303.812,292.311,281.595,270.214,262.332,255.864,251.576,245.241,239.98,231.882,221.284,209.833,200.038,189.272,178.19,167.192,156.166,145.089,134.074,123.548,113.409,103.485,93.62,84.143,75.151,66.591,58.612,51.129,44.252,37.88,31.963,26.6,21.743,17.439,13.823,10.823,8.325,6.206,4.518,3.196,2.177,1.419,0.852,0.44,0.202,0.092,0.048,0.034,0.024,0.014,0.008,0.001
NGA,1956,1648.675,1448.115,1328.761,1240.578,1177.827,1124.623,1026.454,1039.427,1056.374,1043.465,1020.838,993.64,964.89,936.354,910.086,886.273,865.156,846.016,822.909,796.834,770.93,749.183,727.509,706.098,685.226,664.928,645.522,626.962,609.195,592.009,575.198,558.585,542.276,526.018,509.847,493.842,478.367,463.358,447.041,429.938,413.073,397.171,380.952,367.053,355.102,343.753,332.051,321.687,310.431,298.538,287.031,276.283,264.875,256.889,250.278,245.783,239.268,233.776,225.499,214.776,203.258,193.305,182.426,171.26,160.195,149.126,138.028,127.01,116.475,106.335,96.444,86.67,77.34,68.553,60.261,52.594,45.464,38.96,32.984,27.494,22.571,18.177,14.348,11.182,8.601,6.492,4.745,3.383,2.341,1.557,0.988,0.577,0.29,0.129,0.058,0.03,0.02,0.014,0.008,0.004
NGA,1957,1684.943,1480.459,1357.971,1270.672,1202.131,1151.475,1105.958,1013.364,1028.819,1047.376,1035.722,1013.968,987.346,958.941,930.571,904.318,880.404,859.096,839.705,816.353,790.068,763.994,742.112,720.384,698.998,678.215,658.043,638.765,620.318,602.643,585.528,568.773,552.212,535.956,519.754,503.644,487.697,472.272,457.306,441.044,424.013,407.226,391.404,375.287,361.473,349.585,338.288,326.634,316.276,305.023,293.129,281.599,270.807,259.362,251.264,244.497,239.778,233.066,227.323,218.847,208.025,196.398,186.294,175.312,164.074,152.955,141.85,130.737,119.721,109.193,99.082,89.267,79.646,70.533,62.019,54.057,46.751,40.013,33.912,28.361,23.32,18.862,14.949,11.601,8.88,6.702,4.96,3.55,2.476,1.672,1.084,0.67,0.38,0.185,0.08,0.035,0.017,0.012,0.008,0.004
NGA,1958,1720.969,1514.162,1389.181,1299.152,1231.64,1175.461,1132.52,1091.964,1003.1,1020.116,1039.66,1028.802,1007.588,981.293,953.04,924.679,898.319,874.205,852.637,832.955,809.349,782.881,756.694,734.752,713.05,691.758,671.105,651.071,631.919,613.576,595.98,578.932,562.236,545.735,529.539,513.403,497.355,481.467,466.092,451.165,434.963,418.011,401.316,385.592,369.592,355.867,344.04,332.782,321.155,310.784,299.515,287.601,276.038,265.192,253.707,245.487,238.554,233.596,226.668,220.655,212.017,201.053,189.324,179.077,168.004,156.707,145.542,134.405,123.282,112.285,101.794,91.757,82.079,72.681,63.854,55.675,48.088,41.18,34.861,29.187,24.082,19.51,15.532,12.103,9.225,6.93,5.128,3.716,2.602,1.772,1.168,0.737,0.443,0.245,0.116,0.048,0.021,0.01,0.006,0.004
NGA,1959,1756.931,1547.38,1421.353,1329.121,1259.152,1204.143,1155.918,1118.007,1080.741,994.476,1012.475,1032.597,1022.193,1001.228,974.985,946.618,918.01,891.303,866.785,844.795,824.711,800.809,774.17,747.929,726.008,704.42,683.294,662.831,642.983,623.999,605.805,588.342,571.416,554.839,538.459,522.383,506.36,490.421,474.631,459.342,444.494,428.395,411.568,395.009,379.421,363.568,349.954,338.195,326.977,315.373,304.983,293.691,281.761,270.167,259.272,247.748,239.403,232.296,227.084,219.927,213.763,204.903,193.802,181.981,171.603,160.452,149.1,137.892,126.731,115.614,104.665,94.258,84.358,74.89,65.787,57.31,49.517,42.348,35.868,29.994,24.775,20.141,16.059,12.568,9.619,7.195,5.299,3.839,2.72,1.859,1.235,0.792,0.487,0.285,0.153,0.071,0.029,0.012,0.006,0.004
NGA,1960,1792.581,1582.344,1454.609,1361.177,1289.015,1231.594,1184.524,1141.413,1106.768,1071.669,987.215,1005.78,1026.189,1016.045,995.227,969.028,940.619,911.898,885.022,860.303,838.09,817.801,793.781,767.128,740.951,719.113,697.642,676.639,656.281,636.517,617.592,599.441,582.009,565.114,548.57,532.225,516.18,500.19,484.278,468.512,453.245,438.424,422.384,405.645,389.19,373.699,357.949,344.397,332.652,321.418,309.787,299.332,287.985,276.006,264.357,253.39,241.798,233.3,225.983,220.485,213.086,206.619,197.54,186.312,174.413,163.914,152.69,141.29,130.046,118.875,107.795,96.943,86.683,76.994,67.811,59.068,50.993,43.625,36.902,30.875,25.474,20.733,16.588,13.004,9.996,7.508,5.506,3.97,2.813,1.946,1.296,0.838,0.524,0.313,0.178,0.093,0.042,0.017,0.006,0.003
NGA,1961,1835.468,1616.789,1489.227,1393.907,1320.536,1261.012,1211.628,1169.714,1129.975,1097.508,1063.871,980.728,999.592,1020.102,1010.086,989.335,963.146,934.692,905.882,878.879,854.007,831.643,811.229,787.179,760.59,734.524,712.786,691.416,670.495,650.194,630.464,611.554,593.408,575.977,559.086,542.547,526.21,510.169,494.178,478.27,462.507,447.249,432.449,416.467,399.816,383.454,368.046,352.376,338.853,327.089,315.809,304.125,293.585,282.165,270.127,258.409,247.349,235.674,226.997,219.45,213.615,205.954,199.183,189.894,178.553,166.588,155.975,144.682,133.241,121.974,110.825,99.83,89.142,79.106,69.706,60.875,52.548,44.917,38.007,31.76,26.217,21.312,17.072,13.429,10.34,7.8,5.743,4.123,2.907,2.011,1.356,0.88,0.554,0.337,0.196,0.109,0.056,0.025,0.009,0.004
NGA,1962,1880.758,1657.466,1523.075,1428.031,1352.942,1292.31,1240.908,1196.737,1158.194,1120.686,1089.663,1057,974.817,993.794,1014.274,1004.295,983.558,957.349,928.841,899.95,872.837,847.855,825.395,804.924,780.909,754.426,728.487,706.835,685.531,664.652,644.368,624.64,605.72,587.562,570.122,553.22,536.671,520.323,504.265,488.262,472.341,456.58,441.333,426.56,410.639,394.074,377.796,362.448,346.83,333.306,321.495,310.144,298.389,287.753,276.252,264.142,252.344,241.177,229.4,220.529,212.682,206.536,198.614,191.547,182.058,170.615,158.593,147.869,136.515,125.046,113.79,102.71,91.87,81.42,71.684,62.639,54.214,46.34,39.181,32.755,27.006,21.968,17.578,13.845,10.698,8.084,5.979,4.311,3.026,2.083,1.404,0.923,0.583,0.358,0.211,0.12,0.065,0.033,0.013,0.005
NGA,1963,1930.063,1700.601,1563.02,1461.258,1386.389,1324.131,1271.716,1225.63,1184.919,1148.647,1112.659,1082.617,1050.622,969.179,988.136,1008.482,998.456,977.67,951.393,922.801,893.815,866.609,841.552,819.051,798.581,774.644,748.284,722.464,700.875,679.608,658.743,638.458,618.723,599.79,581.622,564.171,547.257,530.693,514.325,498.247,482.228,466.303,450.555,435.337,420.603,404.751,388.266,372.056,356.749,341.159,327.61,315.733,304.298,292.465,281.722,270.131,257.941,246.044,234.753,222.86,213.717,205.624,199.166,190.99,183.636,173.958,162.419,150.342,139.508,128.099,116.633,105.436,94.502,83.902,73.781,64.423,55.79,47.804,40.405,33.737,27.816,22.597,18.1,14.255,11.047,8.394,6.228,4.513,3.181,2.177,1.458,0.955,0.609,0.375,0.224,0.129,0.072,0.037,0.018,0.007
NGA,1964,1974.63,1748.848,1606.364,1501.041,1419.443,1357.303,1303.276,1256.209,1213.63,1175.233,1140.49,1105.531,1076.144,1044.588,963.718,982.544,1002.656,992.503,971.599,945.209,916.506,887.43,860.162,835.081,812.595,792.167,768.329,742.091,716.37,694.821,673.571,652.709,632.421,612.682,593.747,575.575,558.117,541.189,524.606,508.219,492.122,476.098,460.186,444.47,429.295,414.611,398.824,382.405,366.244,350.951,335.367,321.777,309.821,298.295,286.378,275.523,263.833,251.547,239.537,228.106,216.028,206.678,198.342,191.578,183.159,175.521,165.658,154.026,141.898,130.967,119.54,108.13,97.067,86.361,76.082,66.355,57.423,49.236,41.721,34.825,28.681,23.302,18.641,14.697,11.39,8.679,6.475,4.709,3.336,2.291,1.526,0.993,0.633,0.393,0.235,0.137,0.077,0.042,0.021,0.01
NGA,1965,2020.994,1791.153,1653.356,1543.474,1458.557,1389.942,1336.102,1287.499,1243.992,1203.772,1166.94,1133.231,1098.965,1070.004,1038.721,958.306,976.906,996.705,986.356,965.29,938.761,909.953,880.821,853.542,828.495,806.069,785.707,761.964,735.829,710.185,688.653,667.409,646.549,626.26,606.524,587.593,569.417,551.951,535.005,518.402,501.997,485.891,469.877,453.994,438.327,423.202,408.563,392.828,376.453,360.316,345.015,329.419,315.777,303.735,292.113,280.104,269.128,257.323,244.926,232.787,221.145,208.947,199.392,190.821,183.761,175.107,167.19,157.141,145.42,133.257,122.261,110.871,99.592,88.749,78.353,68.463,59.182,50.712,43.002,35.988,29.632,24.05,19.243,15.154,11.757,8.96,6.704,4.901,3.485,2.407,1.609,1.042,0.659,0.408,0.247,0.145,0.082,0.046,0.024,0.012
NGA,1966,2066.825,1834.481,1694.168,1589.309,1500.336,1428.677,1368.574,1320.2,1275.199,1234.07,1195.434,1159.65,1126.629,1092.824,1064.135,1033.031,953.014,971.353,990.805,980.252,959.03,932.395,903.535,874.408,847.179,822.207,799.851,779.539,755.857,729.784,704.178,682.636,661.379,640.506,620.21,600.469,581.528,563.337,545.844,528.87,512.238,495.814,479.708,463.715,447.872,432.253,417.17,402.555,386.843,370.481,354.338,339.007,323.382,309.676,297.541,285.814,273.702,262.586,250.647,238.122,225.757,213.968,201.655,191.905,183.108,175.759,166.872,158.672,148.44,136.645,124.479,113.477,102.198,91.135,80.592,70.576,61.126,52.324,44.344,37.14,30.664,24.885,19.891,15.669,12.143,9.265,6.933,5.084,3.634,2.519,1.694,1.1,0.693,0.426,0.258,0.152,0.087,0.048,0.026,0.013
NGA,1967,2115.575,1877.342,1736.337,1629.189,1545.203,1469.725,1406.74,1352.267,1307.553,1264.995,1225.495,1187.938,1152.851,1120.248,1086.674,1058.049,1026.922,947.13,965.022,983.956,973.069,951.62,924.863,895.984,866.923,839.8,814.944,792.687,772.442,748.843,722.862,697.335,675.829,654.605,633.772,613.515,593.81,574.894,556.716,539.228,522.257,505.633,489.237,473.172,457.239,441.463,425.905,410.865,396.266,380.563,364.205,348.049,332.687,317.04,303.276,291.049,279.212,266.988,255.72,243.636,230.937,218.439,206.51,194.094,184.162,175.148,167.509,158.39,149.907,139.503,127.667,115.563,104.63,93.549,82.789,72.622,63.039,54.068,45.779,38.326,31.67,25.773,20.602,16.215,12.572,9.582,7.181,5.267,3.776,2.631,1.775,1.16,0.733,0.449,0.27,0.159,0.091,0.051,0.027,0.014
NGA,1968,2158.681,1918.563,1774.192,1668.143,1582.922,1512.93,1446.602,1389.544,1338.963,1296.807,1255.976,1217.626,1180.817,1146.168,1113.754,1080.202,1051.455,1020.154,940.481,957.711,975.873,964.501,942.801,916.013,887.237,858.335,831.384,806.68,784.541,764.387,740.911,715.069,689.665,668.227,647.067,626.295,606.096,586.438,567.559,549.41,531.942,514.996,498.408,482.062,466.061,450.2,434.494,418.994,403.98,389.381,373.675,357.315,341.15,325.764,310.098,296.272,283.941,271.979,259.63,248.194,235.9,223.076,210.461,198.409,185.91,175.805,166.574,158.64,149.288,140.534,130,118.202,106.249,95.485,84.706,74.341,64.626,55.547,47.123,39.414,32.556,26.517,21.256,16.73,12.96,9.882,7.398,5.432,3.895,2.723,1.847,1.21,0.769,0.473,0.282,0.166,0.095,0.054,0.029,0.015
NGA,1969,2209.827,1961.024,1815.698,1706.415,1622.329,1551.149,1490.184,1429.787,1376.582,1328.532,1288.023,1248.287,1210.641,1174.248,1139.773,1107.345,1073.664,1044.686,1013.106,933.452,949.957,967.374,955.641,933.845,907.128,878.506,849.798,823.027,798.474,776.444,756.367,732.994,707.279,681.996,660.642,639.564,618.873,598.741,579.138,560.301,542.186,524.754,507.855,491.33,475.061,459.143,443.36,427.716,412.253,397.246,382.627,366.904,350.53,334.348,318.928,303.239,289.345,276.905,264.809,252.323,240.681,228.242,215.301,202.578,190.417,177.85,167.58,158.139,149.917,140.349,131.356,120.75,109.05,97.321,86.803,76.387,66.456,57.214,48.646,40.771,33.648,27.398,21.984,17.353,13.443,10.243,7.671,5.628,4.041,2.825,1.922,1.267,0.807,0.499,0.299,0.174,0.1,0.055,0.03,0.016
NGA,1970,2260.876,2008.934,1856.828,1747.006,1660.022,1590.097,1528.068,1473.038,1416.583,1365.966,1319.623,1280.211,1241.188,1203.956,1167.733,1133.233,1100.645,1066.738,1037.442,1005.501,925.853,941.669,958.46,946.531,924.751,898.163,869.731,841.22,814.62,790.203,768.274,748.266,724.993,699.405,674.252,652.985,631.991,611.375,591.304,571.752,552.959,534.887,517.509,500.677,484.232,468.048,452.211,436.489,420.88,405.428,390.401,375.739,359.981,343.584,327.378,311.92,296.199,282.226,269.659,257.411,244.75,232.932,220.349,207.297,194.478,182.221,169.589,159.157,149.506,141.005,131.249,122.078,111.468,99.952,88.534,78.336,68.34,58.886,50.153,42.13,34.844,28.35,22.742,17.97,13.962,10.639,7.961,5.845,4.192,2.935,1.997,1.321,0.846,0.525,0.316,0.184,0.104,0.058,0.032,0.017
NGA,1971,2318.756,2058.522,1904.396,1788.031,1700.472,1627.694,1566.895,1510.824,1459.699,1405.874,1356.992,1311.789,1273.094,1234.511,1197.509,1161.368,1126.835,1094.137,1060.083,1030.586,998.462,919.032,934.408,950.792,938.766,917.029,890.558,862.262,833.881,807.373,783.015,761.111,741.108,717.877,692.362,667.285,646.055,625.093,604.5,584.446,564.909,546.134,528.093,510.758,493.983,477.601,461.473,445.67,429.958,414.329,398.832,383.737,368.995,353.179,336.742,320.498,304.983,289.205,275.123,262.396,249.925,237.095,225.09,212.361,199.204,186.295,173.939,161.24,150.64,140.788,132.03,122.142,112.851,102.319,91.068,80.03,70.204,60.664,51.715,43.522,36.082,29.423,23.588,18.634,14.494,11.077,8.291,6.082,4.365,3.054,2.081,1.376,0.885,0.551,0.333,0.196,0.112,0.061,0.034,0.018
NGA,1972,2393.314,2117.358,1955.631,1836.104,1741.596,1667.966,1604.248,1549.364,1497.22,1448.708,1396.664,1348.941,1304.457,1266.125,1227.66,1190.576,1154.212,1119.363,1086.298,1051.892,1022.056,989.684,910.467,925.442,941.494,929.448,907.824,881.529,853.426,825.225,798.87,774.636,752.835,732.922,709.815,684.45,659.518,638.384,617.506,596.988,577.001,557.535,538.84,520.888,503.652,486.977,470.682,454.617,438.847,423.132,407.475,391.929,376.772,361.96,346.102,329.635,313.356,297.783,281.939,267.736,254.913,242.254,229.258,217.076,204.213,190.964,177.97,165.517,152.755,141.999,131.971,123.013,113.054,103.73,93.361,82.449,71.842,62.43,53.379,44.969,37.354,30.538,24.538,19.375,15.069,11.53,8.656,6.351,4.556,3.189,2.172,1.438,0.924,0.578,0.35,0.207,0.118,0.066,0.036,0.019
NGA,1973,2463.179,2192.488,2016.378,1888.56,1790.412,1709.646,1644.887,1586.999,1535.96,1486.394,1439.605,1388.728,1341.743,1297.68,1259.519,1221.057,1183.853,1147.285,1112.187,1078.858,1044.224,1014.184,981.704,902.825,917.503,933.293,921.254,899.726,873.559,845.584,817.498,791.236,767.076,745.333,725.464,702.439,677.174,652.335,631.248,610.406,589.923,569.976,550.565,531.939,514.068,496.915,480.307,464.056,448.004,432.208,416.443,400.715,385.096,369.86,354.967,339.054,322.542,306.204,290.544,274.607,260.273,247.261,234.416,221.262,208.915,195.93,182.595,169.518,156.972,144.157,133.272,123.125,114.026,104.079,94.806,84.674,74.152,64.014,55.049,46.521,38.69,31.697,25.538,20.214,15.715,12.024,9.039,6.653,4.774,3.34,2.276,1.506,0.97,0.606,0.369,0.219,0.126,0.07,0.038,0.02
NGA,1974,2541.447,2264.009,2093.245,1950.347,1843.42,1758.7,1686.71,1627.692,1573.636,1525.153,1477.313,1431.667,1381.556,1335.022,1291.184,1253.062,1214.53,1177.175,1140.419,1105.116,1071.594,1036.82,1006.674,974.186,895.729,910.165,925.72,913.674,892.206,866.121,838.227,810.219,784.02,759.911,738.204,718.359,695.385,670.19,645.411,624.339,603.513,583.056,563.152,543.802,525.25,507.455,490.362,473.788,457.537,441.449,425.589,409.739,393.924,378.221,362.901,347.924,331.942,315.364,298.941,283.165,267.106,252.613,239.413,226.391,213.091,200.588,187.489,174.068,160.909,148.28,135.439,124.475,114.266,105.11,95.256,86.112,76.273,66.183,56.548,48.07,40.109,32.903,26.57,21.091,16.439,12.575,9.454,6.968,5.017,3.512,2.392,1.585,1.02,0.638,0.389,0.231,0.133,0.075,0.04,0.021
NGA,1975,2642.844,2343.993,2167.142,2028.185,1905.947,1812.237,1736.128,1669.829,1614.567,1563.041,1516.247,1469.555,1424.67,1375.094,1328.912,1285.302,1247.304,1208.841,1171.514,1134.754,1099.426,1065.873,1031.105,1000.967,968.543,890.529,904.703,919.962,907.817,886.3,860.186,832.27,804.245,778.023,753.885,732.135,712.229,689.223,664.016,639.222,618.103,597.245,576.779,556.891,537.579,519.069,501.302,484.212,467.605,451.287,435.102,419.128,403.164,387.241,371.44,356.022,340.937,324.856,308.177,291.632,275.729,259.531,244.87,231.481,218.286,204.846,192.186,178.969,165.458,152.225,139.534,126.656,115.674,105.482,96.349,86.663,77.704,68.203,58.581,49.485,41.541,34.196,27.656,22.007,17.204,13.196,9.919,7.313,5.273,3.704,2.525,1.672,1.077,0.674,0.411,0.244,0.141,0.08,0.043,0.023
NGA,1976,2740.222,2445.31,2249.121,2103.262,1984.299,1875.253,1790.07,1719.559,1656.991,1604.205,1554.353,1508.68,1462.764,1418.429,1369.292,1323.456,1280.13,1242.345,1204.059,1166.859,1130.191,1094.926,1061.418,1026.713,996.62,964.261,886.65,900.504,915.395,903.064,881.411,855.191,827.188,799.09,772.794,748.575,726.726,706.704,683.61,658.337,633.487,612.293,591.39,570.908,551.029,531.734,513.234,495.45,478.304,461.608,445.169,428.85,412.737,396.648,380.612,364.709,349.177,333.961,317.749,300.934,284.268,268.196,251.855,237.029,223.46,210.102,196.525,183.71,170.374,156.782,143.497,130.694,117.905,106.983,96.886,87.846,78.383,69.656,60.531,51.412,42.898,35.536,28.846,22.994,18.025,13.869,10.457,7.71,5.562,3.915,2.678,1.775,1.144,0.716,0.437,0.26,0.15,0.084,0.046,0.025
NGA,1977,2825.028,2542.06,2350.679,2186.016,2060.127,1954.124,1853.658,1774.017,1707.143,1646.998,1595.811,1547.033,1502.088,1456.688,1412.737,1363.931,1318.359,1275.249,1237.611,1199.437,1162.311,1125.695,1090.474,1057.01,1022.376,992.326,960.023,882.776,896.297,910.805,898.274,876.482,850.161,822.086,793.931,767.573,743.28,721.334,701.193,678.005,652.674,627.781,606.54,585.619,565.148,545.287,526.004,507.487,489.649,472.41,455.589,439.007,422.547,406.305,390.101,373.963,357.953,342.297,326.926,310.558,293.693,276.856,260.611,244.133,229.154,215.417,201.902,188.189,175.218,161.769,148.121,134.701,121.956,109.329,98.537,88.598,79.705,70.503,62.045,53.332,44.758,36.864,30.124,24.11,18.937,14.615,11.057,8.179,5.904,4.159,2.853,1.899,1.225,0.767,0.469,0.279,0.161,0.092,0.05,0.027
NGA,1978,2921.485,2627.691,2448.127,2287.959,2143.59,2030.624,1933.025,1838.133,1762.081,1697.558,1638.976,1588.835,1540.807,1496.449,1451.584,1408.152,1359.883,1314.82,1272.163,1234.882,1196.989,1160.065,1123.596,1088.473,1055.07,1020.473,990.394,958.032,881.007,894.055,908.046,895.185,873.136,846.61,818.361,790.05,763.532,739.063,716.923,696.57,673.217,647.766,622.789,601.468,580.498,559.994,540.099,520.758,502.149,484.18,466.778,449.78,433.023,416.405,400.023,383.693,367.429,351.283,335.459,319.889,303.208,286.164,269.16,252.758,236.165,221.055,207.162,193.496,179.654,166.538,153.004,139.252,125.901,113.284,100.888,90.289,80.56,71.857,62.954,54.812,46.562,38.582,31.354,25.266,19.931,15.416,11.699,8.687,6.292,4.436,3.046,2.033,1.317,0.827,0.505,0.301,0.175,0.099,0.055,0.029
NGA,1979,3023.604,2723.547,2534.724,2384.945,2244.589,2113.354,2008.878,1916.88,1825.765,1752.174,1689.28,1631.802,1582.416,1534.967,1491.088,1446.67,1403.657,1355.803,1311.097,1268.731,1231.648,1193.903,1157.088,1120.703,1085.644,1052.278,1017.698,987.568,955.132,878.326,890.91,904.408,891.255,868.998,842.316,813.941,785.51,758.859,734.237,711.926,691.396,667.916,642.397,617.392,596.037,575.05,554.528,534.589,515.168,496.441,478.321,460.749,443.581,426.67,409.917,393.41,376.958,360.558,344.247,328.227,312.317,295.439,278.218,261.062,244.523,227.836,212.606,198.562,184.746,170.784,157.546,143.897,130.208,117.001,104.588,92.492,82.145,72.672,64.206,55.655,47.89,40.17,32.844,26.323,20.908,16.242,12.355,9.203,6.691,4.735,3.253,2.174,1.412,0.891,0.545,0.325,0.189,0.106,0.059,0.032
NGA,1980,3100.389,2825.052,2631.506,2471.415,2340.641,2213.217,2090.739,1992.019,1903.886,1815.429,1743.593,1681.883,1625.251,1576.512,1529.634,1486.294,1442.407,1399.899,1352.528,1308.224,1266.17,1229.295,1191.705,1154.995,1118.683,1083.652,1050.261,1015.619,985.346,952.746,876.086,888.137,901.082,887.594,865.093,838.216,809.672,781.078,754.25,729.437,706.928,686.206,662.605,637.031,612.003,590.61,569.585,549.004,528.97,509.421,490.53,472.227,454.474,437.136,420.075,403.185,386.537,369.932,353.354,336.836,320.446,304.298,287.213,269.822,252.53,235.869,219.096,203.746,189.549,175.588,161.525,148.109,134.492,120.945,107.964,95.832,84.099,74.054,64.89,56.719,48.589,41.279,34.163,27.545,21.758,17.017,13,9.706,7.079,5.026,3.466,2.318,1.507,0.953,0.586,0.35,0.203,0.115,0.063,0.034
NGA,1981,3174.002,2901.817,2733.103,2567.683,2426.486,2308.407,2189.76,2073.311,1978.591,1893.174,1806.617,1736.062,1675.282,1619.421,1571.391,1525.235,1482.625,1439.464,1397.622,1350.852,1307.022,1265.316,1228.662,1191.22,1154.584,1118.279,1083.181,1049.647,1014.81,984.266,951.384,874.774,886.192,898.497,884.601,861.783,834.639,805.852,777.02,749.95,724.897,702.154,681.227,657.496,631.858,606.789,585.321,564.204,543.5,523.307,503.571,484.477,465.973,448.032,430.523,413.303,396.257,379.435,362.63,345.826,328.834,312.2,295.806,278.525,260.981,243.57,226.797,209.942,194.475,180.131,166.046,151.817,138.397,124.894,111.575,98.898,87.109,75.794,66.105,57.308,49.504,41.87,35.098,28.644,22.761,17.705,13.617,10.21,7.463,5.316,3.679,2.469,1.607,1.018,0.627,0.376,0.219,0.124,0.069,0.036
NGA,1982,3247.323,2973.58,2809.235,2667.19,2520.627,2392.368,2283.147,2170.748,2058.676,1966.899,1883.5,1798.365,1728.758,1668.632,1613.255,1565.588,1519.726,1477.345,1434.374,1392.672,1346.036,1302.304,1260.677,1224.076,1186.699,1150.122,1113.86,1078.767,1045.191,1010.292,979.636,946.649,870.292,881.273,893.133,879.015,856.053,828.799,799.911,770.982,743.807,718.655,695.826,674.833,651.101,625.507,600.474,578.982,557.805,537,516.673,496.782,477.533,458.88,440.805,423.167,405.817,388.617,371.612,354.593,337.394,320.167,303.295,286.675,269.227,251.559,234.05,217.178,200.252,184.681,170.215,156.021,141.817,128.476,115.175,102.164,89.858,78.47,67.623,58.347,49.983,42.627,35.57,29.4,23.645,18.501,14.151,10.68,7.839,5.596,3.884,2.615,1.708,1.083,0.667,0.401,0.235,0.134,0.073,0.039
NGA,1983,3319.195,3044.194,2880.009,2741.958,2618.33,2484.997,2365.929,2263.055,2155.184,2046.312,1956.684,1874.753,1790.66,1721.736,1662.071,1607.019,1559.565,1513.851,1471.558,1428.641,1386.964,1340.381,1296.7,1255.136,1218.59,1181.286,1144.769,1108.543,1073.449,1039.833,1004.883,974.137,941.085,865.032,875.617,887.065,872.752,849.662,822.313,793.345,764.344,737.103,711.903,689.04,668.027,644.326,618.785,593.775,572.232,550.964,530.033,509.561,489.523,470.136,451.358,433.159,415.392,397.889,380.507,363.28,345.806,328.369,310.912,293.817,276.996,259.403,241.629,224.03,207.064,190.082,174.435,159.903,145.71,131.617,118.446,105.43,92.796,80.92,69.986,59.665,50.871,43.024,36.198,29.782,24.259,19.21,14.78,11.093,8.196,5.874,4.085,2.76,1.808,1.149,0.709,0.427,0.25,0.143,0.079,0.042
NGA,1984,3380.821,3092.017,2929.693,2793.174,2674.642,2565.081,2442.098,2330.364,2232.804,2128.936,2022.97,1935.405,1854.999,1771.975,1703.72,1644.452,1589.596,1542.2,1496.482,1454.171,1411.27,1369.701,1323.326,1279.921,1238.685,1202.489,1165.569,1129.433,1093.569,1058.804,1025.495,990.829,960.356,927.882,852.223,862.475,873.727,859.476,836.535,809.37,780.602,751.807,724.772,699.775,677.109,656.302,632.841,607.533,582.693,561.233,540.007,519.096,498.637,478.618,459.254,440.499,422.307,404.52,386.957,369.477,351.55,333.966,316.422,298.878,281.712,264.844,247.262,229.524,211.974,195.059,178.173,162.616,148.196,134.204,120.42,107.604,95.044,82.94,71.63,61.29,51.63,43.459,36.26,30.083,24.393,19.564,15.235,11.502,8.452,6.098,4.259,2.884,1.895,1.209,0.748,0.451,0.264,0.151,0.084,0.046
NGA,1985,3423.218,3169.794,2994.943,2859.536,2741.894,2636.667,2536.546,2420.432,2313.498,2219.257,2117.764,2013.477,1927.018,1847.364,1764.894,1696.999,1637.964,1583.261,1535.94,1490.258,1447.946,1405.052,1363.501,1317.209,1273.903,1232.766,1196.633,1159.755,1123.629,1087.743,1052.929,1019.553,984.836,954.288,921.773,846.455,856.312,867.134,852.666,829.58,802.319,773.492,744.679,717.649,692.674,670.021,649.203,625.74,600.415,575.518,553.924,532.549,511.491,490.893,470.754,451.273,432.392,414.045,396.065,378.271,360.234,342.063,324.236,306.464,288.72,271.372,254.331,236.622,218.785,201.161,184.193,167.376,151.866,137.535,123.724,110.229,97.735,85.587,73.97,63.198,53.436,44.44,36.904,30.36,24.823,19.817,15.628,11.942,8.826,6.332,4.452,3.026,1.993,1.274,0.792,0.479,0.281,0.161,0.089,0.049
NGA,1986,3468.885,3208.935,3069.988,2922.503,2806.166,2702.093,2606.541,2513.356,2402.344,2298.989,2207.214,2107.469,2004.392,1918.663,1839.426,1757.189,1689.327,1630.203,1575.352,1527.836,1481.975,1439.512,1396.542,1354.987,1308.801,1265.631,1224.642,1188.617,1151.838,1115.783,1079.951,1045.177,1011.834,977.172,946.655,914.194,839.311,848.831,859.273,844.643,821.475,794.191,765.396,736.651,709.706,684.811,662.204,641.385,617.909,592.555,567.593,545.874,524.369,503.195,482.495,462.258,442.668,423.645,405.118,386.911,368.583,350.299,331.891,313.834,295.859,277.94,260.424,243.216,225.385,207.462,189.795,172.922,156.205,140.838,126.695,113.157,100.03,87.927,76.253,65.19,55.035,45.936,37.686,30.855,25.013,20.134,15.803,12.228,9.146,6.599,4.614,3.156,2.087,1.338,0.834,0.506,0.297,0.171,0.095,0.051
NGA,1987,3510.538,3251.047,3107.501,2994.991,2867.089,2764.563,2670.426,2582.026,2494.004,2386.821,2286.147,2196.18,2097.693,1995.447,1910.152,1831.095,1748.903,1680.934,1621.621,1566.56,1518.828,1472.801,1430.234,1387.256,1345.768,1299.742,1256.742,1215.91,1179.989,1143.3,1107.312,1071.542,1036.825,1003.538,968.955,938.484,906.084,831.654,840.819,850.866,836.076,812.85,785.586,756.864,728.23,701.392,676.574,653.991,633.127,609.597,584.18,559.135,537.287,515.667,494.389,473.591,453.245,433.515,414.309,395.552,376.919,358.327,339.783,321.137,302.863,284.695,266.604,248.913,231.531,213.581,195.597,177.994,161.194,144.681,129.563,115.709,102.53,89.843,78.197,67.072,56.65,47.203,38.858,31.427,25.35,20.229,16.007,12.324,9.332,6.813,4.789,3.257,2.166,1.394,0.871,0.528,0.312,0.18,0.1,0.054
NGA,1988,3564.774,3289.096,3147.534,3031.423,2938.361,2824.899,2732.528,2645.657,2562.447,2478.137,2373.687,2274.891,2186.166,2088.541,1986.881,1901.898,1822.993,1740.892,1672.904,1613.519,1558.376,1510.557,1464.489,1421.928,1379.023,1337.642,1291.775,1248.904,1208.162,1172.266,1135.589,1099.601,1063.833,1029.123,995.843,961.286,930.804,898.404,824.366,833.116,842.715,827.741,804.449,777.205,748.559,720.019,693.253,668.457,645.827,624.846,601.202,575.681,550.533,528.551,506.812,485.425,464.509,444.019,424.101,404.66,385.454,366.544,347.679,328.881,310.015,291.536,273.183,254.918,237.05,219.498,201.458,183.496,165.983,149.362,133.157,118.383,104.894,92.137,79.948,68.827,58.326,48.625,39.963,32.433,25.845,20.524,16.1,12.498,9.418,6.962,4.951,3.385,2.239,1.449,0.908,0.553,0.328,0.188,0.105,0.057
NGA,1989,3637.168,3339.323,3183.969,3070.501,2974.356,2895.466,2792.525,2707.517,2625.885,2546.384,2464.7,2362.18,2264.705,2176.86,2079.891,1978.737,1894.078,1815.399,1733.503,1665.624,1606.29,1551.186,1503.386,1457.371,1414.878,1372.07,1330.775,1285.006,1242.179,1201.431,1165.468,1128.722,1092.665,1056.839,1022.08,988.747,954.154,923.593,891.123,817.423,825.707,834.824,819.652,796.295,769.071,740.483,712.003,685.25,660.405,637.652,616.492,592.688,567.04,541.783,519.666,497.803,476.287,455.216,434.532,414.375,394.397,374.91,355.717,336.588,317.554,298.484,279.81,261.273,242.832,224.795,207.105,189.055,171.174,153.856,137.52,121.719,107.369,94.31,82.036,70.409,59.89,50.098,41.199,33.382,26.695,20.943,16.35,12.585,9.562,7.035,5.065,3.505,2.331,1.501,0.947,0.578,0.343,0.198,0.111,0.061
NGA,1990,3744.314,3406.822,3232.281,3106.122,3012.974,2931.288,2862.641,2767.287,2687.555,2609.648,2532.759,2452.9,2351.734,2255.196,2167.984,2071.527,1970.799,1886.426,1807.961,1726.272,1658.511,1599.251,1544.221,1496.485,1450.556,1408.147,1365.421,1324.172,1278.447,1235.605,1194.804,1158.74,1121.906,1085.77,1049.878,1015.056,981.653,946.994,916.324,883.759,810.391,818.208,826.857,811.518,788.121,760.924,732.378,703.918,677.122,652.169,629.247,607.874,583.897,558.13,532.779,510.53,488.533,466.859,445.59,424.666,403.941,383.687,363.915,344.45,325.075,305.821,286.558,267.691,248.966,230.361,212.185,194.435,176.44,158.746,141.733,125.779,110.461,96.598,84.029,72.303,61.319,51.488,42.487,34.45,27.507,21.658,16.706,12.798,9.642,7.153,5.127,3.592,2.419,1.566,0.983,0.604,0.36,0.209,0.117,0.064
NGA,1991,3825.647,3508.137,3298.529,3153.499,3047.827,2969.087,2897.746,2836.465,2746.622,2670.721,2595.512,2520.505,2441.974,2341.842,2246.065,2159.423,2063.476,1963.224,1879.201,1801.015,1719.599,1652.021,1592.895,1537.993,1490.353,1444.517,1402.158,1359.45,1318.162,1272.391,1229.456,1188.533,1152.316,1115.35,1079.094,1043.097,1008.166,974.636,939.86,909.034,876.345,803.312,810.655,818.836,803.335,779.893,752.696,724.144,695.639,668.737,643.621,620.489,598.885,574.739,548.858,523.407,501.005,478.836,456.951,435.429,413.858,392.857,372.322,352.277,332.558,312.956,293.495,274.037,254.972,236.068,217.326,199.093,181.35,163.521,146.135,129.535,114.055,99.297,85.99,73.988,62.901,52.657,43.614,35.482,28.349,22.285,17.251,13.057,9.79,7.201,5.205,3.63,2.474,1.621,1.023,0.626,0.375,0.218,0.123,0.067
NGA,1992,3915.356,3584.108,3396.38,3217.155,3093.02,3002.072,2933.818,2870.089,2814.272,2728.558,2655.51,2582.273,2508.564,2430.84,2331.226,2235.669,2149.009,2052.983,1952.634,1868.442,1790.106,1708.653,1641.064,1581.988,1527.216,1479.732,1434.077,1391.877,1349.314,1308.136,1262.49,1219.65,1178.812,1142.65,1105.758,1069.576,1033.644,998.758,965.244,930.487,899.642,866.977,794.446,801.445,809.277,793.716,770.302,743.15,714.616,686.082,659.094,633.845,610.547,588.766,564.501,538.549,513.024,490.467,468.105,445.986,424.104,402.26,380.98,360.176,339.879,319.927,300.109,280.439,260.787,241.534,222.481,203.69,185.47,167.855,150.323,133.363,117.28,102.358,88.238,75.574,64.238,53.9,44.502,36.334,29.124,22.906,17.701,13.443,9.958,7.29,5.223,3.672,2.491,1.652,1.055,0.649,0.388,0.226,0.128,0.07
NGA,1993,4015.249,3670.422,3471.645,3313.45,3155.828,3046.698,2966.399,2905.761,2847.58,2795.732,2713.019,2642.008,2570.153,2497.348,2420.201,2321.025,2225.724,2139.177,2043.264,1943.046,1858.911,1780.647,1699.358,1631.919,1573.007,1518.412,1471.063,1425.512,1383.358,1340.809,1299.607,1253.966,1211.113,1170.257,1134.055,1097.137,1060.925,1024.953,990.008,956.418,921.605,890.691,858.018,785.98,792.609,800.045,784.367,760.904,733.708,705.102,676.463,649.33,623.911,600.429,578.453,554.052,527.998,502.346,479.572,456.952,434.309,412.141,390.02,368.475,347.422,326.891,306.714,286.678,266.794,246.954,227.54,208.425,189.657,171.574,154.214,137.095,120.658,105.17,90.881,77.477,65.55,54.986,45.499,37.028,29.783,23.497,18.166,13.772,10.235,7.401,5.277,3.678,2.515,1.66,1.072,0.668,0.401,0.233,0.133,0.073
NGA,1994,4129.286,3765.347,3556.092,3387.45,3250.681,3108.845,3010.699,2938.185,2883.091,2828.913,2779.885,2699.285,2629.657,2558.696,2486.436,2409.597,2310.658,2215.472,2128.939,2033.08,1932.974,1848.913,1770.762,1689.701,1622.477,1563.769,1509.361,1462.132,1416.654,1374.512,1331.953,1290.72,1245.089,1202.236,1161.381,1125.149,1088.207,1051.955,1015.932,980.92,947.256,912.411,881.465,848.828,777.324,783.599,790.63,774.801,751.238,723.943,695.222,666.45,639.165,613.585,589.929,567.765,543.217,517.031,491.211,468.176,445.035,422.105,399.647,377.265,355.474,334.194,313.439,293.035,272.778,252.691,232.694,213.213,194.115,175.494,157.675,140.686,124.075,108.238,93.414,79.832,67.232,56.137,46.442,37.88,30.37,24.046,18.649,14.144,10.494,7.614,5.364,3.721,2.523,1.678,1.079,0.68,0.413,0.242,0.136,0.076
NGA,1995,4245.106,3876.368,3651.807,3471.144,3323.187,3201.501,3071.083,2981.034,2914.349,2863.441,2812.289,2765.366,2686.352,2617.75,2547.468,2475.645,2399.095,2300.45,2205.484,2119.098,2023.445,1923.613,1839.769,1761.857,1681.112,1614.13,1555.597,1501.302,1454.087,1408.566,1366.326,1323.659,1282.313,1236.623,1193.708,1152.787,1116.448,1079.406,1043.042,1006.903,971.78,938.022,903.145,872.173,839.576,768.612,774.478,781.028,764.969,741.23,713.772,684.891,655.965,628.52,602.772,578.924,556.532,531.783,505.407,479.359,455.672,432.236,409.018,386.289,363.669,341.658,320.16,299.178,278.54,258.068,237.808,217.75,198.284,179.335,161.006,143.587,127.084,111.078,95.929,81.863,69.098,57.419,47.275,38.544,30.968,24.437,19.017,14.467,10.736,7.776,5.495,3.765,2.539,1.675,1.086,0.681,0.418,0.248,0.141,0.078
NGA,1996,4352.135,3987.545,3760.974,3565.021,3405.158,3272.478,3162.066,3040.28,2956.364,2894.068,2846.258,2797.277,2751.772,2673.763,2605.675,2535.59,2463.743,2387.047,2288.317,2193.25,2106.761,2011.159,1911.527,1827.894,1750.257,1669.882,1603.2,1544.893,1490.765,1443.627,1398.147,1355.908,1313.251,1271.916,1226.29,1183.424,1142.534,1106.175,1069.105,1032.701,996.531,961.391,927.642,892.837,861.933,829.449,759.075,764.54,770.585,754.272,730.34,702.719,673.698,644.651,617.078,591.184,567.146,544.509,519.529,492.928,466.451,442.461,418.729,395.242,372.263,349.431,327.206,305.488,284.273,263.412,242.76,222.426,202.394,183.08,164.427,146.521,129.61,113.682,98.364,83.993,70.788,58.952,48.3,39.189,31.472,24.884,19.299,14.73,10.964,7.941,5.602,3.85,2.566,1.684,1.082,0.684,0.419,0.251,0.145,0.08
NGA,1997,4444.306,4092.458,3871.872,3673.178,3497.954,3353.398,3232.112,3130.186,3014.939,2935.633,2876.582,2830.981,2783.479,2738.864,2661.457,2593.596,2523.513,2451.527,2374.645,2275.853,2180.751,2094.258,1998.824,1899.514,1816.192,1738.888,1658.899,1592.487,1534.354,1480.333,1433.219,1387.741,1345.477,1302.814,1261.475,1215.895,1173.054,1132.159,1095.741,1058.613,1022.157,985.956,950.822,917.113,882.406,851.577,819.187,749.372,754.367,759.829,743.2,719.034,691.235,662.072,632.906,605.201,579.139,554.872,531.937,506.673,479.598,452.871,428.58,404.57,380.835,357.632,334.595,312.156,290.215,268.778,247.732,227.002,206.686,186.822,167.81,149.586,132.214,115.901,100.632,86.089,72.597,60.366,49.565,40.02,31.981,25.276,19.642,14.941,11.158,8.106,5.718,3.922,2.622,1.7,1.087,0.681,0.42,0.251,0.147,0.083
NGA,1998,4525.869,4184.969,3977.734,3783.796,3605.301,3445.356,3312.247,3199.571,3104.086,2993.793,2917.915,2861.192,2817.098,2770.534,2726.398,2649.296,2581.461,2511.262,2439.097,2362.046,2263.263,2168.229,2081.846,1986.703,1887.812,1804.85,1727.883,1648.238,1582.032,1524.007,1470.036,1422.903,1377.398,1335.093,1292.406,1251.042,1205.48,1162.627,1121.69,1085.184,1047.986,1011.48,975.277,940.179,906.536,871.934,841.162,808.824,739.519,743.972,748.78,731.788,707.367,679.383,650.083,620.794,592.936,566.667,542.118,518.826,492.99,465.653,438.679,414.102,389.838,365.881,342.461,319.218,296.563,274.409,252.791,231.662,210.948,190.794,171.249,152.672,134.987,118.235,102.602,88.078,74.413,61.912,50.756,41.069,32.66,25.687,19.952,15.207,11.318,8.249,5.835,4.004,2.672,1.737,1.097,0.685,0.418,0.251,0.146,0.084
NGA,1999,4618.275,4268.781,4072.383,3889.921,3715.181,3551.562,3403.102,3278.738,3172.698,3082.157,2975.629,2902.261,2847.148,2803.988,2757.899,2713.869,2636.778,2568.754,2498.307,2425.899,2348.682,2249.965,2155.088,2068.914,1974.144,1875.721,1793.129,1716.473,1637.135,1571.098,1513.156,1459.228,1412.085,1366.57,1324.242,1281.544,1240.158,1194.609,1151.735,1110.756,1074.175,1036.939,1000.435,964.284,929.27,895.719,861.222,830.478,798.143,729.311,733.162,737.272,719.898,695.224,667.064,637.627,608.2,580.156,553.631,528.746,504.823,478.662,451.06,423.857,399.018,374.521,350.348,326.709,303.257,280.395,258.072,236.378,215.264,194.714,174.876,155.787,137.758,120.702,104.654,89.788,76.119,63.447,52.044,42.045,33.507,26.223,20.269,15.441,11.514,8.363,5.934,4.083,2.724,1.769,1.121,0.69,0.419,0.251,0.147,0.083
NGA,2000,4788.107,4362.656,4158.102,3985.531,3821.611,3661.439,3509.216,3369.582,3251.896,3150.838,3063.908,2960.038,2888.321,2834.135,2791.352,2745.277,2700.972,2623.603,2555.183,2484.355,2411.64,2334.251,2235.647,2141,2055.115,1960.777,1862.849,1780.629,1704.279,1625.246,1559.394,1501.567,1447.728,1400.627,1355.157,1312.85,1270.172,1228.785,1183.262,1140.384,1099.394,1062.782,1025.57,989.133,953.09,918.197,884.745,850.327,819.567,787.186,718.788,722.008,725.406,707.663,682.752,654.433,624.856,595.27,567.003,540.182,514.749,490.426,463.938,436.095,408.69,383.613,358.895,334.51,310.652,287.007,263.988,241.604,219.932,198.977,178.739,159.344,140.812,123.409,107.052,91.785,77.78,65.068,53.482,43.238,34.41,26.992,20.765,15.745,11.737,8.543,6.043,4.172,2.792,1.813,1.146,0.708,0.425,0.252,0.147,0.083
NGA,2001,4952.873,4531.517,4254.78,4072.989,3917.955,3767.951,3618.88,3475.421,3342.574,3229.953,3132.579,3048.206,2946.134,2875.4,2821.608,2778.775,2732.381,2687.568,2609.789,2540.917,2469.724,2396.767,2319.312,2220.942,2126.63,2041.096,1947.21,1849.767,1767.893,1691.824,1613.081,1547.414,1489.715,1435.987,1388.952,1343.538,1301.254,1258.591,1217.191,1171.688,1128.815,1087.839,1051.244,1014.107,977.782,941.87,907.091,873.7,839.307,808.468,775.986,707.999,710.566,713.251,695.149,670.01,641.519,611.773,581.982,553.44,526.114,500.303,475.574,448.776,420.717,393.135,367.831,342.892,318.294,294.233,270.44,247.374,225.021,203.514,182.865,163.066,144.217,126.322,109.617,94.038,79.647,66.612,54.956,44.525,35.464,27.783,21.423,16.17,11.998,8.732,6.192,4.261,2.862,1.863,1.178,0.727,0.438,0.256,0.148,0.084
NGA,2002,5103.236,4696.705,4425.581,4171.395,4006.06,3864.053,3724.658,3584.221,3447.628,3320.058,3211.289,3116.606,3033.992,2933.076,2862.826,2809.045,2765.883,2718.993,2673.594,2595.423,2526.185,2454.754,2381.706,2304.328,2206.301,2112.385,2027.214,1933.756,1836.753,1755.179,1679.353,1600.879,1535.387,1477.812,1424.192,1377.211,1331.834,1289.543,1246.86,1205.422,1159.934,1117.08,1076.153,1039.613,1002.584,966.383,930.585,895.87,862.476,828.037,797.058,764.438,696.865,698.767,700.732,682.266,656.879,628.178,598.206,568.151,539.1,511.423,485.225,460.108,433.027,404.781,377.037,351.507,326.347,301.547,277.324,253.5,230.474,208.302,187.11,166.905,147.656,129.443,112.266,96.348,81.653,68.255,56.301,45.789,36.552,28.661,22.074,16.7,12.336,8.937,6.336,4.371,2.926,1.913,1.214,0.748,0.45,0.265,0.151,0.085
NGA,2003,5252.886,4848.859,4592.839,4342.347,4104.719,3951.798,3819.913,3688.949,3555.429,3424.283,3300.8,3194.892,3102.089,3020.584,2920.301,2850.134,2796.064,2752.376,2704.898,2658.906,2580.418,2510.926,2439.392,2366.386,2289.193,2191.575,2098.073,2013.246,1920.178,1823.576,1742.273,1666.674,1588.467,1523.153,1465.706,1412.188,1365.242,1319.875,1277.549,1234.826,1193.345,1147.89,1105.093,1064.26,1027.813,990.906,954.812,919.081,884.364,850.896,816.351,785.194,752.421,685.291,686.519,687.748,668.893,643.213,614.242,583.982,553.409,524.024,495.989,469.422,443.938,416.6,388.183,360.281,334.524,309.154,284.197,259.935,236.165,213.331,191.493,170.76,151.112,132.511,115.022,98.66,83.645,69.963,57.678,46.898,37.578,29.529,22.762,17.2,12.735,9.184,6.482,4.471,3,1.955,1.245,0.77,0.464,0.272,0.155,0.086
NGA,2004,5386.686,5001.447,4746.464,4509.709,4275.064,4050.478,3907.527,3783.86,3659.707,3531.649,3404.662,3284.14,3180.15,3088.437,3007.364,2907.136,2836.566,2781.821,2737.331,2689.097,2642.44,2563.641,2493.956,2422.409,2349.541,2272.611,2175.455,2082.398,1997.941,1905.296,1809.141,1728.172,1652.877,1575.017,1509.958,1452.703,1399.335,1352.463,1307.132,1264.802,1222.083,1180.62,1135.277,1092.62,1051.954,1015.647,978.874,942.866,907.159,872.39,838.802,804.129,772.795,739.893,673.25,673.813,674.291,655.016,628.997,599.703,568.998,538.1,508.375,479.999,453.088,427.26,399.679,371.091,343.033,317.061,291.529,266.544,242.324,218.758,196.27,174.904,154.737,135.736,117.862,101.187,85.747,71.753,59.195,48.109,38.541,30.402,23.485,17.762,13.136,9.496,6.671,4.581,3.073,2.007,1.274,0.791,0.477,0.28,0.16,0.089
NGA,2005,5509.694,5140.687,4901.845,4664.308,4441.971,4219.623,4005.496,3870.712,3753.814,3635.177,3511.408,3387.527,3269.083,3166.29,3075.092,2994.017,2893.545,2822.412,2766.962,2721.738,2672.895,2625.756,2546.848,2477.147,2405.726,2333.074,2256.424,2159.706,2067.043,1982.903,1890.635,1794.897,1714.238,1639.229,1561.696,1496.863,1439.761,1386.494,1339.643,1294.312,1251.955,1209.242,1167.827,1122.63,1080.144,1039.649,1003.453,966.755,930.753,894.985,860.09,826.337,791.518,760.008,726.987,660.853,660.709,660.372,640.605,614.168,584.322,553.263,522.037,491.989,463.299,436.067,409.906,382.083,353.328,325.13,298.99,273.43,248.496,224.473,201.272,179.275,158.499,138.998,120.737,103.692,87.949,73.562,60.714,49.377,39.538,31.181,24.18,18.326,13.565,9.794,6.896,4.715,3.149,2.055,1.308,0.809,0.49,0.288,0.165,0.092
NGA,2006,5660.099,5268.901,5043.655,4820.565,4596.506,4385.712,4173.511,3968.162,3840.211,3728.819,3614.478,3493.841,3372.035,3254.747,3152.322,3060.891,2979.145,2877.889,2805.786,2749.359,2703.263,2653.773,2606.192,2527.266,2457.657,2386.465,2314.121,2237.833,2141.631,2049.455,1965.738,1873.969,1778.778,1698.565,1623.97,1546.876,1482.362,1425.487,1372.391,1325.631,1280.377,1238.093,1195.502,1154.246,1109.3,1067.053,1026.761,990.669,954.018,917.981,882.121,847.092,813.191,778.262,746.62,713.51,647.911,647.029,645.818,625.499,598.594,568.343,536.927,505.389,475.05,446.074,418.535,392.042,363.978,335.073,306.783,280.62,255.105,230.375,206.708,184.013,162.62,142.528,123.779,106.35,90.243,75.555,62.338,50.724,40.648,32.044,24.846,18.904,14.025,10.135,7.129,4.885,3.247,2.111,1.343,0.833,0.503,0.296,0.17,0.095
NGA,2007,5795.924,5424.495,5174.584,4963.576,4752.826,4539.729,4338.624,4135.093,3937.191,3814.871,3707.803,3596.614,3478.087,3357.481,3240.635,3138.025,3045.969,2963.342,2861.271,2788.3,2731.093,2684.36,2634.468,2586.664,2507.893,2438.49,2367.578,2295.543,2219.593,2123.874,2032.156,1948.841,1857.559,1762.905,1683.122,1608.912,1532.22,1467.976,1411.281,1358.317,1311.629,1266.459,1224.275,1181.841,1140.774,1096.08,1054.041,1013.886,977.812,941.114,904.966,868.96,833.778,799.73,764.706,732.93,699.713,634.625,632.919,630.741,609.756,582.346,551.681,519.924,488.106,457.503,428.254,400.411,373.58,345.289,316.283,288.05,261.927,236.613,212.249,189.083,167.013,146.322,127.003,109.103,92.624,77.586,64.08,52.127,41.796,32.977,25.559,19.445,14.482,10.489,7.385,5.055,3.37,2.181,1.381,0.856,0.518,0.304,0.175,0.098
NGA,2008,5938.545,5566.335,5332.356,5095.703,4895.842,4695.225,4491.504,4298.879,4102.875,3911.239,3793.418,3689.557,3580.502,3463.197,3343.056,3226.072,3122.861,3029.945,2946.379,2843.587,2769.929,2712.159,2665.013,2614.919,2567.052,2488.543,2419.393,2348.763,2277.019,2201.381,2106.129,2014.86,1931.946,1841.149,1747.027,1667.656,1593.803,1517.471,1453.458,1396.912,1344.068,1297.465,1252.415,1210.375,1168.132,1127.262,1082.792,1040.896,1000.796,964.651,927.831,891.522,855.359,820.031,785.851,750.735,718.806,685.436,620.821,618.195,614.9,593.24,565.308,534.244,502.177,470.11,439.259,409.74,381.59,354.433,325.96,297.007,268.899,242.976,218.029,194.183,171.644,150.302,130.409,111.968,95.043,79.652,65.819,53.598,42.963,33.917,26.309,20.009,14.9,10.834,7.646,5.238,3.487,2.263,1.426,0.881,0.533,0.314,0.18,0.101
NGA,2009,6102.411,5713.606,5476.217,5253.941,5027.797,4837.234,4645.483,4450.196,4265.144,4075.627,3889.119,3774.695,3673.016,3565.176,3448.311,3327.996,3210.403,3106.308,3012.435,2927.99,2824.653,2750.523,2692.412,2645.048,2594.909,2547.079,2468.878,2399.99,2329.634,2258.167,2182.838,2088.061,1997.255,1914.756,1824.453,1730.861,1651.885,1578.358,1502.364,1438.566,1382.173,1329.478,1283.012,1238.136,1196.283,1154.247,1113.551,1069.248,1027.418,987.288,951,914.014,877.534,841.222,805.766,771.46,736.232,704.103,670.509,606.33,602.661,598.226,575.861,547.415,515.98,483.631,451.33,420.235,390.444,361.994,334.553,306.045,277.211,249.395,223.845,199.426,176.23,154.426,133.915,114.933,97.504,81.699,67.541,55.026,44.153,34.843,27.042,20.581,15.32,11.138,7.89,5.416,3.609,2.338,1.477,0.908,0.547,0.323,0.185,0.103
NGA,2010,6237.477,5879.639,5624.189,5398.293,5186.118,4969.42,4787.472,4603.956,4416.231,4237.585,4053.192,3870.423,3758.197,3657.668,3550.189,3433.082,3312.111,3193.639,3088.585,2993.84,2908.695,2805.035,2730.651,2672.393,2624.964,2574.881,2527.142,2449.266,2380.639,2310.55,2239.361,2164.348,2070.055,1979.721,1897.64,1807.822,1714.735,1636.121,1562.892,1487.213,1423.626,1367.408,1314.903,1268.62,1223.956,1182.298,1140.441,1099.854,1055.628,1013.771,973.533,937.051,899.886,863.243,826.803,791.23,756.783,721.403,689.008,655.12,591.324,586.576,580.969,557.905,528.972,497.197,464.583,432.056,400.717,370.668,341.966,314.393,285.923,257.372,230.016,204.99,181.218,158.769,137.792,118.209,100.255,83.969,69.414,56.584,45.43,35.892,27.85,21.21,15.801,11.484,8.135,5.607,3.745,2.428,1.533,0.944,0.566,0.332,0.191,0.107
NGA,2011,6366.163,6018.161,5791.644,5547.085,5330.653,5127.276,4919.189,4745.263,4569.24,4388.045,4214.586,4034.048,3853.901,3743.003,3642.988,3535.472,3417.972,3296.433,3177.37,3071.776,2976.624,2891.218,2787.608,2713.239,2654.993,2607.555,2557.497,2509.755,2432.073,2363.559,2293.589,2222.533,2147.697,2053.756,1963.759,1881.952,1792.473,1699.746,1621.353,1548.299,1472.843,1409.406,1353.329,1300.991,1254.864,1210.361,1168.816,1127.021,1086.408,1042.125,1000.126,959.697,922.977,885.613,848.803,812.219,776.487,741.83,706.208,673.449,638.988,575.591,569.719,562.917,539.173,509.781,477.68,444.809,412.055,380.488,350.23,321.428,293.789,265.528,237.439,210.704,186.333,163.318,141.717,121.679,103.158,86.379,71.378,58.184,46.743,36.952,28.706,21.857,16.295,11.853,8.394,5.785,3.878,2.521,1.593,0.98,0.589,0.344,0.196,0.11
NGA,2012,6502.507,6148.603,5930.495,5714.427,5479.527,5271.881,5076.922,4877.052,4710.497,4540.903,4364.904,4195.245,4017.329,3838.806,3728.497,3628.469,3520.582,3402.568,3280.518,3161.049,3055.161,2959.848,2874.395,2770.998,2696.743,2638.549,2591.093,2541.012,2493.204,2415.651,2347.191,2277.292,2206.329,2131.633,2037.998,1948.287,1866.696,1777.483,1685.049,1606.825,1533.916,1458.679,1395.415,1339.508,1287.359,1241.378,1196.99,1155.473,1113.633,1072.883,1028.452,986.25,945.608,908.652,871.108,834.134,797.387,761.444,726.504,690.558,657.109,622.249,559.27,552.258,544.267,519.865,490.025,457.605,424.476,391.514,359.767,329.454,300.619,273.083,245.203,217.73,191.74,168.128,145.964,125.318,106.343,89.021,73.552,59.94,48.158,38.098,29.617,22.58,16.832,12.254,8.685,5.985,4.014,2.62,1.658,1.022,0.614,0.359,0.204,0.114
NGA,2013,6597.73,6285.827,6061.493,5853.126,5645.913,5419.721,5220.389,5033.533,4841.345,4681.299,4516.987,4344.928,4177.929,4001.67,3824.014,3713.725,3613.276,3504.799,3386.223,3263.755,3144.053,3038.06,2942.757,2857.392,2754.294,2680.19,2622.041,2574.533,2524.391,2476.478,2399.032,2330.616,2260.787,2189.916,2115.355,2022.013,1932.562,1851.146,1762.168,1670.006,1591.953,1519.216,1444.25,1381.215,1325.521,1273.572,1227.71,1183.369,1141.789,1099.808,1058.842,1014.218,971.803,930.965,893.8,856.083,818.93,781.967,745.74,710.43,673.812,639.905,604.632,542.13,533.974,524.787,499.732,469.443,436.702,403.329,370.207,338.443,308.143,279.45,252.196,224.865,198.148,173.019,150.275,129.084,109.533,91.779,75.809,61.772,49.616,39.255,30.538,23.298,17.389,12.658,8.979,6.194,4.153,2.711,1.724,1.064,0.64,0.374,0.213,0.118
NGA,2014,6676.258,6381.693,6197.977,5983.403,5783.765,5584.956,5367.314,5176.195,4997.009,4811.59,4656.843,4496.461,4327.08,4161.651,3986.143,3808.622,3697.771,3596.499,3487.215,3368.015,3245.171,3125.324,3019.332,2924.141,2838.945,2736.202,2662.282,2604.199,2556.664,2506.494,2458.53,2381.253,2312.953,2243.263,2172.549,2098.17,2005.156,1915.983,1834.759,1746.041,1654.196,1576.38,1503.903,1429.302,1366.57,1311.13,1259.378,1213.59,1169.223,1127.501,1085.317,1044.1,999.289,956.695,915.703,878.352,840.459,803.087,765.845,729.255,693.286,656.254,621.874,586.208,524.254,514.952,504.555,478.839,448.099,415.05,381.484,348.381,316.667,286.554,258.182,231.381,204.737,178.89,154.728,132.972,112.894,94.594,78.213,63.715,51.172,40.476,31.492,24.043,17.958,13.09,9.284,6.41,4.301,2.807,1.785,1.107,0.667,0.39,0.222,0.123
NGA,2015,6766.629,6460.594,6293.233,6118.629,5912.767,5721.404,5530.906,5321.753,5138.493,4966.165,4786.334,4635.558,4477.819,4309.942,4145.039,3969.378,3791.239,3679.257,3576.785,3466.5,3346.627,3223.449,3103.556,2997.682,2902.718,2817.788,2715.485,2641.828,2583.898,2536.434,2486.353,2438.463,2361.492,2293.438,2224.005,2153.545,2079.428,1986.805,1897.967,1816.999,1728.623,1637.205,1559.749,1487.658,1413.526,1351.165,1295.998,1244.418,1198.648,1154.195,1112.278,1069.87,1028.423,983.474,940.752,899.642,862.107,824.006,786.351,748.753,711.579,675.151,637.7,602.866,566.843,505.519,495.058,483.423,457.035,425.854,392.548,359.01,325.983,294.499,264.765,236.888,210.683,184.852,159.993,136.927,116.308,97.511,80.626,65.747,52.792,41.754,32.478,24.799,18.537,13.52,9.603,6.629,4.452,2.909,1.849,1.146,0.693,0.407,0.232,0.128
NGA,2016,6846.805,6551.045,6371.935,6212.991,6046.264,5848.542,5665.364,5483.225,5282.301,5106.185,4939.606,4764.016,4615.87,4459.479,4291.877,4126.378,3949.583,3770.07,3656.417,3552.439,3441.045,3320.529,3197.138,3077.357,2971.765,2877.179,2792.668,2690.96,2617.73,2560.13,2512.928,2463.132,2415.515,2339.043,2271.411,2202.389,2132.312,2058.566,1966.437,1878.041,1797.449,1709.561,1618.729,1541.796,1470.226,1396.658,1334.711,1279.814,1228.369,1182.57,1137.995,1095.88,1053.283,1011.663,966.639,923.838,882.619,844.873,806.501,768.492,730.444,692.815,655.917,618.07,582.821,546.483,485.863,474.209,461.299,434.239,402.663,369.373,335.879,303.115,272.058,242.882,215.655,190.181,165.288,141.551,119.737,100.431,83.087,67.753,54.456,43.059,33.489,25.564,19.11,13.949,9.913,6.852,4.601,3.008,1.914,1.186,0.717,0.422,0.241,0.134
NGA,2017,6956.317,6635.142,6464.514,6293.306,6141.491,5982.041,5792.291,5617.289,5443.179,5249.601,5079.356,4917.064,4744.339,4597.683,4441.783,4273.933,4107.65,3929.889,3749.46,3634.768,3529.996,3418.175,3297.596,3174.41,3054.991,2949.778,2855.55,2771.349,2670.077,2597.088,2539.618,2492.475,2442.764,2395.218,2319.041,2251.621,2182.795,2112.885,2039.304,1947.49,1859.396,1779.08,1691.617,1601.328,1524.864,1453.734,1380.612,1318.926,1264.121,1212.638,1166.659,1121.852,1079.473,1036.656,994.849,949.726,906.793,865.377,827.302,788.534,749.682,711.167,673.067,635.719,597.513,561.883,525.253,465.388,452.505,438.299,410.605,378.943,345.625,312.365,280.061,249.614,221.149,194.701,170.081,146.259,123.798,103.406,85.586,69.828,56.122,44.419,34.538,26.361,19.699,14.379,10.227,7.072,4.755,3.107,1.979,1.227,0.742,0.436,0.25,0.139
NGA,2018,7058.342,6748.001,6550.499,6387.19,6222.871,6077.87,5925.809,5744.18,5577.106,5410.173,5222.597,5056.702,4897.294,4726.276,4580.251,4424.289,4255.936,4088.924,3910.508,3729.647,3614.443,3509.37,3397.533,3277.183,3154.37,3035.371,2930.501,2836.539,2752.52,2651.545,2578.654,2521.176,2473.955,2424.193,2376.579,2300.549,2233.186,2164.393,2094.496,2020.944,1929.347,1841.494,1761.426,1674.375,1584.609,1508.559,1437.776,1364.968,1303.385,1248.517,1196.864,1150.611,1105.525,1062.873,1019.84,977.835,932.577,889.436,847.72,809.198,769.762,730.395,691.367,652.783,614.995,576.446,540.435,503.502,444.414,430.267,414.764,386.568,354.73,321.575,288.75,257.091,227.405,199.781,174.235,150.604,128.013,107.002,88.198,71.996,57.898,45.825,35.667,27.217,20.337,14.841,10.556,7.306,4.915,3.216,2.048,1.271,0.768,0.453,0.26,0.145
NGA,2019,7159.803,6852.925,6663.837,6473.523,6316.582,6158.848,6020.856,5876.513,5702.939,5543.146,5382.224,5199.18,5036.176,4878.281,4707.699,4561.154,4404.117,4234.477,4066.197,3886.831,3705.423,3589.693,3484.379,3372.623,3252.61,3130.279,3011.811,2907.41,2813.856,2730.192,2629.704,2557.114,2499.836,2452.738,2403.11,2355.587,2279.84,2212.646,2143.988,2074.21,2000.81,1909.581,1822.138,1742.491,1655.999,1566.854,1491.261,1420.813,1348.275,1286.744,1231.774,1179.945,1133.453,1088.152,1045.296,1002.098,959.91,914.488,871.077,828.985,790.022,750.045,710.145,670.615,631.585,593.392,554.521,518.136,480.901,422.646,407.245,390.572,361.955,330.132,297.343,265.142,234.287,205.497,178.841,154.34,131.867,110.69,91.305,74.228,59.725,47.299,36.815,28.121,21.008,15.33,10.901,7.546,5.08,3.326,2.12,1.316,0.797,0.469,0.269,0.15
NGA,2020,7267.356,6959.543,6770.721,6588.058,6403.889,6253.042,6102.128,5971.539,5834.894,5668.646,5514.862,5358.383,5178.311,5016.8,4859.216,4688.088,4540.281,4381.735,4210.665,4041.219,3861.162,3679.518,3563.557,3458.253,3346.764,3227.215,3105.449,2987.562,2883.67,2790.568,2707.3,2607.35,2535.113,2478.075,2431.132,2381.649,2334.21,2258.725,2191.671,2123.132,2053.481,1980.279,1889.491,1802.541,1723.376,1637.467,1548.915,1473.7,1403.479,1331.104,1269.533,1214.411,1162.404,1115.704,1070.229,1027.196,983.823,941.399,895.729,851.95,809.511,769.959,729.422,689.003,649.012,609.573,570.999,531.817,495.056,457.535,400.2,383.678,365.893,337.042,305.436,273.203,241.784,211.866,184.097,158.546,135.255,114.129,94.546,76.923,61.644,48.847,38.044,29.062,21.735,15.858,11.277,7.805,5.255,3.443,2.196,1.365,0.826,0.487,0.279,0.156
NGA,2021,7377.991,7073.002,6879.81,6697.235,6520.473,6342.503,6198.201,6054.53,5931.251,5801.448,5641.053,5491.574,5337.96,5159.582,4998.693,4840.946,4669.166,4520.331,4360.774,4188.952,4019.078,3839.001,3657.656,3541.847,3436.788,3325.668,3206.564,3085.241,2967.746,2864.137,2771.241,2688.121,2588.459,2516.329,2459.288,2412.248,2362.646,2315.014,2239.504,2172.304,2103.622,2033.877,1960.712,1870.256,1783.705,1704.905,1619.415,1531.244,1456.149,1385.868,1313.381,1251.542,1196.102,1143.813,1096.83,1051.105,1007.778,964.063,921.173,874.982,830.422,787.268,746.95,705.753,664.771,624.296,584.424,545.438,505.897,468.687,430.858,374.744,357.128,338.472,309.792,278.832,247.555,217.266,188.567,162.036,137.789,115.922,96.379,78.594,62.853,49.437,38.408,29.304,21.908,16.004,11.382,7.878,5.304,3.476,2.22,1.38,0.837,0.493,0.283,0.158
NGA,2022,7493.929,7187.737,6994.483,6807.05,6629.887,6458.849,6287.376,6150.102,6013.794,5897.323,5773.275,5617.275,5470.619,5318.465,5140.474,4979.004,4820.046,4646.829,4496.479,4335.724,4163.175,3992.996,3813.06,3632.171,3516.629,3411.888,3301.186,3182.579,3061.779,2944.792,2841.608,2749.079,2666.271,2567.049,2495.135,2438.156,2391.046,2341.337,2293.527,2218.048,2150.8,2082.116,2012.448,1939.469,1849.441,1763.302,1684.803,1599.622,1511.707,1436.621,1366.221,1293.634,1231.58,1175.892,1123.377,1076.12,1030.095,986.369,942.16,898.635,851.857,806.562,762.66,721.565,679.692,638.114,597.111,556.779,517.371,477.528,440.02,402.192,347.613,329.106,309.762,281.439,251.29,221.115,192.101,164.816,139.813,117.224,97.137,79.426,63.544,49.75,38.271,29.079,21.702,15.847,11.284,7.81,5.26,3.447,2.2,1.37,0.831,0.49,0.281,0.157
NGA,2023,7574.352,7304.399,7106.456,6919.345,6737.738,6566.633,6402.328,6238.347,6108.558,5979.245,5868.536,5748.797,5595.715,5450.562,5298.773,5120.343,4957.755,4797.375,4622.807,4471.243,4309.704,4136.853,3966.744,3787.239,3606.997,3491.816,3387.43,3277.147,3159.019,3038.726,2922.238,2819.479,2727.323,2644.831,2546.051,2474.359,2417.448,2370.277,2320.469,2272.5,2197.103,2129.899,2061.344,1991.897,1919.241,1829.74,1744.06,1665.866,1580.965,1493.268,1418.186,1347.711,1275.115,1212.978,1157.186,1104.567,1057.119,1010.837,966.73,922.058,877.975,830.676,784.835,740.404,698.765,656.446,614.468,573.089,532.393,492.635,452.565,414.864,377.077,323.947,304.744,284.86,256.874,227.447,198.27,170.46,144.569,121.116,100.214,81.903,66.01,52.004,40.035,30.221,22.478,16.376,11.648,8.086,5.445,3.569,2.279,1.417,0.86,0.508,0.292,0.163
NGA,2024,7680.631,7388.114,7222.809,7031.179,6849.959,6674.478,6510.106,6353.219,6196.882,6074.007,5950.482,5843.997,5727.02,5575.454,5430.62,5278.265,5098.739,4934.701,4772.86,4597.145,4444.7,4282.756,4109.953,3940.182,3761.286,3581.793,3467.02,3363,3253.128,3135.472,3015.684,2899.699,2797.375,2705.593,2623.405,2525.042,2453.528,2396.63,2349.334,2299.382,2251.24,2175.947,2108.845,2040.488,1971.316,1898.992,1809.964,1724.645,1646.62,1561.864,1474.284,1399.149,1328.595,1256.027,1193.851,1137.977,1085.229,1037.521,990.877,946.272,901.029,856.316,808.469,762.101,717.177,675.034,632.286,589.91,548.148,507.095,467.036,426.839,389.098,351.545,300.081,280.363,260.106,232.602,204.04,176.016,149.592,125.298,103.594,84.541,68.102,54.048,41.869,31.63,23.37,16.97,12.043,8.351,5.64,3.697,2.36,1.469,0.891,0.527,0.303,0.17
NGA,2025,7804.889,7496.972,7306.598,7147.37,6961.743,6786.669,6617.956,6460.984,6311.667,6162.371,6045.216,5925.941,5822.146,5706.539,5555.296,5409.845,5256.254,5075.298,4909.765,4746.661,4570.145,4417.203,4255.208,4082.727,3913.478,3735.297,3556.602,3442.251,3338.587,3229.117,3111.931,2992.653,2877.184,2775.295,2683.877,2601.968,2503.978,2432.584,2375.638,2328.172,2278.058,2229.764,2154.634,2087.704,2019.598,1950.711,1878.665,1790.006,1704.906,1626.914,1542.195,1454.675,1379.482,1308.884,1236.394,1174.205,1118.227,1065.281,1017.206,970.079,924.864,878.974,833.597,785.223,738.366,692.99,650.358,607.182,564.4,522.262,480.9,440.637,400.473,362.889,325.783,276.179,256.109,235.631,208.758,181.223,154.542,129.716,107.226,87.437,70.331,55.789,43.536,33.094,24.472,17.654,12.486,8.639,5.827,3.831,2.446,1.522,0.924,0.546,0.314,0.176
NGA,2026,7892.619,7623.326,7415.267,7231.348,7077.86,6898.447,6730.136,6568.834,6419.405,6277.062,6133.59,6020.629,5904.071,5801.581,5686.154,5534.288,5387.54,5232.365,5049.937,4883.109,4719.088,4542.167,4389.091,4227.324,4055.353,3886.732,3709.317,3531.437,3417.497,3314.181,3205.109,3088.4,2969.645,2854.691,2753.228,2662.148,2580.472,2482.8,2411.468,2354.427,2306.772,2256.518,2208.126,2133.233,2066.529,1998.685,1930.026,1858.147,1769.715,1684.693,1606.618,1521.874,1434.414,1359.2,1288.608,1216.226,1154.001,1097.845,1044.596,996.028,948.307,902.401,855.832,809.806,760.944,713.639,667.83,624.706,581.092,537.91,495.443,453.872,413.567,373.637,336.426,299.965,252.388,232.115,211.572,185.5,159.191,134.075,111.062,90.548,72.777,57.644,44.961,34.429,25.618,18.494,12.996,8.961,6.032,3.961,2.537,1.579,0.958,0.566,0.326,0.182
NGA,2027,7989.75,7713.756,7541.254,7339.964,7162.095,7014.549,6841.939,6681.019,6527.261,6384.778,6248.201,6109.014,5998.725,5883.496,5781.125,5664.925,5511.756,5363.362,5206.552,5022.86,4855.088,4690.55,4513.597,4360.668,4199.32,4027.966,3860.027,3683.394,3506.316,3392.776,3289.8,3181.132,3064.909,2946.675,2832.227,2731.16,2640.369,2558.866,2461.452,2390.134,2332.978,2285.154,2234.813,2186.393,2111.789,2045.318,1977.676,1909.13,1837.267,1748.912,1663.851,1585.622,1500.847,1413.489,1338.307,1267.748,1195.452,1133.119,1076.676,1022.996,973.823,925.423,878.79,831.551,784.912,735.603,687.869,641.626,597.998,553.951,510.415,467.721,426.107,385.965,346.495,309.862,274.224,228.814,208.491,188.07,163.01,138.162,114.841,93.826,75.398,59.673,46.474,35.57,26.661,19.368,13.62,9.33,6.259,4.101,2.623,1.638,0.994,0.587,0.338,0.188
NGA,2028,8088.001,7813.21,7631.683,7465.713,7270.721,7099.044,6958.028,6792.83,6639.426,6492.61,6355.87,6223.531,6087.094,5978.096,5863.012,5759.807,5642.146,5487.321,5337.222,5178.976,4994.377,4826.067,4661.391,4484.694,4332.107,4171.288,4000.608,3833.367,3657.503,3481.215,3368.068,3265.439,3157.184,3041.446,2923.724,2809.749,2709.032,2618.471,2537.078,2439.875,2368.553,2311.301,2263.361,2213,2164.604,2090.296,2024,1956.442,1887.854,1815.85,1727.45,1642.276,1563.883,1479.12,1391.921,1316.797,1246.249,1173.969,1111.415,1054.559,1000.333,950.467,901.352,854,806.128,758.91,709.175,661.011,614.324,570.194,525.759,481.975,439.223,397.776,358.028,319.228,283.357,248.699,205.587,185.396,165.325,141.527,118.385,97.054,78.155,61.843,48.125,36.779,27.554,20.165,14.27,9.782,6.519,4.258,2.718,1.695,1.031,0.61,0.351,0.196
NGA,2029,8173.478,7913.699,7731.058,7556.278,7396.347,7207.739,7042.786,6908.92,6751.239,6604.747,6463.67,6331.146,6201.517,6066.444,5957.555,5841.662,5736.932,5617.446,5460.905,5309.297,5149.969,4964.879,4796.418,4631.897,4455.657,4303.522,4143.29,3973.302,3806.744,3631.636,3456.134,3343.386,3241.113,3133.27,3018.008,2900.764,2787.217,2686.789,2596.393,2515.06,2418.053,2346.746,2289.454,2241.465,2191.14,2142.774,2068.702,2002.458,1934.826,1866.034,1793.757,1705.239,1619.944,1541.423,1456.729,1369.723,1294.636,1224.02,1151.646,1088.745,1031.357,976.5,925.903,876.082,828.047,779.579,731.799,681.637,633.033,585.906,541.319,496.603,452.742,410.148,369.104,329.965,292.025,257.076,223.551,182.882,163.048,143.601,121.324,100.096,80.883,64.136,49.9,38.106,28.507,20.852,14.866,10.254,6.839,4.438,2.823,1.756,1.068,0.633,0.364,0.203
NGA,2030,8281.99,8001.901,7831.541,7655.776,7487.18,7333.349,7151.604,6993.942,6867.344,6716.566,6575.779,6438.912,6309.081,6180.774,6045.88,5936.144,5818.755,5712.129,5590.743,5432.684,5279.92,5119.926,4934.742,4766.428,4602.263,4426.593,4274.971,4115.344,3946.033,3780.145,3605.785,3431.077,3318.739,3216.822,3109.38,2994.561,2877.748,2764.569,2664.362,2574.082,2492.79,2396.003,2324.767,2267.505,2219.521,2169.238,2120.838,2046.88,1980.526,1912.656,1843.523,1770.887,1682.241,1596.866,1518.273,1433.679,1346.846,1271.716,1200.916,1128.322,1064.955,1006.949,951.425,900.106,849.618,800.934,751.885,703.535,652.936,603.898,556.379,511.44,466.616,422.899,380.702,340.284,301.948,265.033,231.165,198.948,160.897,141.685,123.154,102.626,83.454,66.403,51.773,39.529,29.549,21.583,15.379,10.687,7.173,4.657,2.944,1.826,1.107,0.655,0.378,0.212
NGA,2031,8341.302,8112.629,7919.887,7756.39,7586.882,7424.48,7277.225,7102.869,6952.577,6832.666,6687.584,6550.98,6416.799,6288.275,6160.107,6024.436,5913.164,5793.91,5685.311,5562.211,5402.989,5249.49,5089.229,4904.255,4736.291,4572.6,4397.562,4246.473,4087.435,3918.785,3753.556,3579.954,3406.053,3294.126,3192.553,3085.479,2971.054,2854.611,2741.731,2641.697,2551.513,2470.284,2373.775,2302.685,2245.507,2197.534,2147.228,2098.666,2024.659,1958.029,1889.779,1820.216,1747.204,1658.472,1573.074,1494.439,1409.921,1323.184,1247.891,1176.771,1103.839,1039.922,981.26,925.085,873.081,821.962,772.643,723.006,674.07,623.039,573.615,525.814,480.697,435.993,392.664,351.093,311.498,274.138,238.409,205.806,175.112,139.871,121.567,104.221,85.601,68.545,53.628,41.032,30.666,22.383,15.927,11.062,7.479,4.886,3.092,1.905,1.152,0.681,0.392,0.22
NGA,2032,8428.406,8174.114,8030.363,7844.852,7687.595,7524.34,7368.595,7228.475,7061.579,6918.064,6803.674,6662.775,6528.841,6395.969,6267.572,6138.592,6001.465,5888.296,5767.11,5656.725,5532.268,5372.314,5218.484,5058.266,4873.713,4706.221,4543.066,4368.679,4218.103,4059.633,3891.631,3727.068,3554.232,3381.136,3269.603,3168.336,3061.577,2947.475,2831.328,2718.691,2618.808,2528.738,2447.625,2351.466,2280.571,2223.48,2175.449,2124.989,2076.092,2001.861,1934.804,1866.079,1796.062,1722.704,1633.942,1548.553,1469.844,1385.314,1298.551,1222.954,1151.388,1078.036,1013.533,954.231,897.443,844.792,793.056,743.093,692.849,643.328,591.914,542.216,494.317,449.253,404.918,362.214,321.476,282.884,246.67,212.319,181.206,152.288,120.049,102.918,86.965,70.336,55.38,42.518,31.847,23.241,16.526,11.461,7.746,5.099,3.246,2.002,1.202,0.708,0.407,0.228
NGA,2033,8479.669,8262.635,8092.051,7955.204,7776.232,7625.179,7468.607,7320.046,7187.155,7027.104,6889.185,6778.833,6640.606,6507.967,6375.224,6246.004,6115.532,5976.591,5861.451,5738.523,5626.703,5501.312,5341.037,5187.187,5027.226,4843.216,4676.26,4513.663,4339.905,4189.82,4031.907,3864.558,3700.671,3528.598,3356.292,3245.116,3144.1,3037.583,2923.73,2807.822,2695.407,2595.691,2505.79,2424.864,2329.108,2258.412,2201.338,2153.118,2102.327,2052.912,1978.308,1910.727,1841.499,1771.058,1697.404,1608.646,1523.233,1444.355,1359.686,1272.755,1196.725,1124.619,1050.821,985.753,925.853,868.496,815.212,762.85,712.221,661.369,611.305,559.626,509.844,462.085,417.331,373.609,331.743,292.023,254.612,219.741,186.998,157.639,130.759,101.664,85.911,71.482,56.848,43.924,33.015,24.146,17.168,11.899,8.031,5.283,3.388,2.102,1.263,0.74,0.424,0.237
NGA,2034,8538.606,8316.296,8180.614,8017.316,7886.659,7714.119,7569.662,7420.26,7278.94,7152.681,6998.276,6864.455,6756.648,6619.715,6487.192,6353.628,6222.906,6090.578,5949.759,5832.837,5708.52,5595.688,5469.772,5309.488,5155.835,4996.254,4812.854,4646.451,4484.387,4311.237,4161.63,4004.276,3837.591,3674.376,3503.05,3331.496,3220.621,3119.781,3013.427,2899.763,2784.069,2671.896,2572.404,2482.744,2402.058,2306.711,2236.145,2178.954,2130.367,2079.062,2028.969,1953.894,1885.758,1816.06,1745.243,1671.318,1582.53,1497,1417.811,1332.849,1245.624,1169.065,1096.388,1022.17,956.585,896.134,838.226,784.3,731.293,679.994,628.579,578.087,526.336,476.715,429.359,385.163,342.273,301.436,262.917,226.887,193.599,162.734,135.403,110.784,84.894,70.648,57.798,45.109,34.123,25.045,17.848,12.367,8.341,5.481,3.514,2.196,1.328,0.777,0.443,0.247
NGA,2035,8600.416,8377.414,8234.656,8106.058,7949.263,7824.684,7658.913,7521.523,7379.331,7244.642,7123.847,6973.578,6842.359,6735.734,6598.918,6465.562,6330.497,6197.908,6063.658,5921.15,5802.796,5677.517,5564.078,5437.949,5277.876,5124.545,4965.411,4782.636,4616.765,4455.211,4282.654,4133.527,3976.742,3810.716,3648.155,3477.541,3306.682,3196.03,3095.286,2989.033,2875.534,2760.073,2648.198,2549.005,2459.64,2379.199,2284.191,2213.621,2156.138,2106.996,2055.015,2004.133,1928.561,1859.902,1789.779,1718.609,1644.371,1555.457,1469.665,1389.999,1304.604,1216.995,1139.873,1066.647,992.071,926.02,865.037,806.575,751.987,698.331,646.404,594.541,543.814,492.245,443.054,396.358,352.945,311.084,271.464,234.353,199.954,168.531,139.825,114.757,92.549,69.83,57.147,45.88,35.055,25.896,18.52,12.863,8.675,5.695,3.645,2.278,1.387,0.818,0.466,0.258
NGA,2036,8619.687,8441.18,8296.056,8160.564,8038.243,7887.774,7769.612,7611.033,7480.746,7345.151,7215.925,7099.116,6951.487,6821.507,6714.897,6577.249,6442.378,6305.449,6170.92,6034.934,5891.094,5771.731,5645.895,5532.162,5406.042,5246.308,5093.368,4934.698,4752.524,4587.161,4426.103,4254.141,4105.504,3949.283,3783.9,3621.959,3451.995,3281.756,3171.248,3070.535,2964.358,2851.04,2735.872,2624.373,2525.536,2436.472,2356.204,2261.401,2190.652,2132.691,2082.831,2030.064,1978.355,1902.32,1833.185,1762.662,1691.095,1616.435,1527.245,1441.021,1360.726,1274.799,1186.782,1109.124,1035.405,960.531,894.042,832.527,773.495,718.24,663.981,611.543,559.431,508.722,457.613,409.118,363.312,320.885,280.246,242.059,206.612,174.133,144.866,118.556,95.911,76.173,56.509,45.39,35.675,26.62,19.162,13.356,9.028,5.927,3.791,2.366,1.441,0.855,0.491,0.271
NGA,2037,8651.788,8463.326,8360.149,8222.417,8093.325,7977.084,7833.213,7721.9,7570.507,7446.71,7316.541,7191.3,7077,6930.645,6800.737,6693.193,6554.032,6417.281,6278.414,6142.132,6004.762,5860.017,5740.052,5613.976,5500.172,5374.187,5214.86,5062.328,4904.096,4722.499,4557.627,4397.065,4225.707,4077.556,3921.885,3757.107,3595.721,3426.329,3256.629,3146.198,3045.49,2939.403,2826.326,2711.529,2600.465,2501.989,2413.154,2332.921,2238.148,2167.032,2108.431,2057.741,2004.148,1951.634,1875.187,1805.598,1734.627,1662.548,1587.3,1497.657,1410.846,1329.806,1243.313,1154.921,1076.787,1002.631,927.5,860.575,798.512,738.909,683.031,628.288,575.541,523.436,473.03,422.651,375.091,330.386,289.145,249.951,213.46,179.978,149.721,122.864,99.114,78.961,61.667,44.892,35.309,27.1,19.705,13.824,9.378,6.172,3.948,2.461,1.497,0.888,0.513,0.285
NGA,2038,8702.734,8497.719,8382.91,8286.855,8155.617,8032.688,7922.802,7785.916,7681.48,7536.643,7418.185,7291.975,7169.247,7056.107,6909.86,6779.08,6669.917,6528.876,6390.169,6249.549,6111.865,5973.536,5828.297,5708.047,5581.955,5468.209,5342.43,5183.526,5031.377,4873.558,4692.522,4528.142,4368.085,4197.33,4049.647,3894.487,3730.251,3569.339,3400.436,3231.216,3120.835,3020.143,2914.207,2801.451,2687.089,2576.467,2478.281,2389.535,2309.155,2214.227,2142.586,2083.233,2031.674,1977.28,1924,1847.166,1777.078,1705.542,1632.778,1556.745,1466.489,1378.975,1297.147,1210.117,1121.424,1042.875,968.32,892.942,825.572,762.963,702.839,646.464,591.444,538.648,486.842,437.013,387.613,341.204,297.805,257.979,220.502,186.017,154.813,127.038,102.762,81.635,63.956,49.024,34.937,26.841,20.075,14.226,9.713,6.415,4.113,2.564,1.559,0.923,0.533,0.299
NGA,2039,8767.737,8550.761,8417.878,8310.377,8220.523,8095.49,7978.947,7875.793,7745.872,7647.717,7508.265,7393.692,7269.976,7148.415,7035.276,6888.194,6755.861,6644.705,6501.708,6361.229,6219.205,6080.545,5941.672,5796.259,5675.949,5549.971,5436.352,5310.797,5152.291,5000.497,4843.073,4662.598,4498.719,4339.164,4168.994,4021.744,3867.028,3703.248,3542.721,3374.245,3205.48,3095.164,2994.551,2888.846,2776.475,2662.553,2552.301,2454.262,2365.42,2284.701,2189.463,2117.19,2057.052,2004.645,1949.492,1895.462,1818.199,1747.487,1675.208,1601.554,1524.552,1433.563,1345.306,1262.708,1175.208,1086.288,1007.363,932.415,856.79,788.981,725.878,665.366,608.704,553.675,501.128,449.903,400.905,352.707,307.659,265.8,227.67,192.231,160.075,131.416,106.301,84.68,66.155,50.87,38.182,26.571,19.898,14.502,10.003,6.65,4.279,2.675,1.626,0.962,0.555,0.311
NGA,2040,8782.247,8617.496,8471.289,8345.972,8244.815,8160.871,8042.229,7932.414,7835.986,7712.41,7619.406,7483.882,7371.742,7249.181,7127.634,7013.552,6864.954,6730.699,6617.464,6472.692,6330.791,6187.791,6048.567,5909.47,5764.111,5643.874,5518.079,5404.605,5279.245,5121.109,4969.653,4812.624,4632.717,4469.337,4310.269,4140.647,3993.757,3839.396,3675.982,3515.775,3347.697,3179.412,3069.222,2968.768,2863.36,2751.381,2637.825,2527.798,2429.719,2340.586,2259.361,2163.715,2090.78,2029.881,1976.667,1920.771,1865.934,1788.119,1716.6,1643.365,1568.626,1490.514,1398.748,1309.769,1226.458,1138.558,1049.462,970.17,894.821,818.965,750.777,687.317,626.636,569.962,515.229,463.217,412.834,364.898,318.119,274.675,234.645,198.543,165.478,135.929,110.003,87.628,68.648,52.638,39.636,29.059,19.704,14.385,10.204,6.852,4.438,2.784,1.695,1.004,0.578,0.324
NGA,2041,8800.303,8634.602,8538.289,8399.865,8281.088,8185.932,8108.075,7996.134,7893.018,7802.719,7684.342,7595.071,7462.019,7350.986,7228.429,7105.956,6990.248,6839.768,6703.508,6588.368,6442.172,6299.275,6155.714,6016.25,5877.159,5731.988,5611.892,5486.296,5372.937,5247.746,5089.961,4938.841,4782.213,4602.873,4439.976,4281.355,4112.209,3965.59,3811.489,3648.37,3488.454,3320.799,3153.061,3043.081,2942.853,2837.747,2726.084,2612.745,2502.753,2404.436,2314.845,2233.006,2136.93,2063.366,2001.752,1947.748,1891.05,1835.269,1756.716,1684.172,1609.778,1533.804,1454.515,1361.994,1272.356,1188.393,1100.138,1010.887,931.221,855.48,779.465,711.043,647.454,586.891,530.514,476.373,425.164,375.86,329.212,284.103,242.559,204.696,170.973,140.57,113.825,90.716,71.066,54.644,41.032,30.18,21.568,14.252,10.13,6.995,4.576,2.889,1.766,1.048,0.604,0.338
NGA,2042,8838.408,8655.382,8556.212,8467.323,8335.591,8222.949,8133.918,8062.453,7957.155,7860.122,7774.836,7660.23,7573.264,7441.36,7330.287,7206.8,7082.719,6965.009,6812.569,6674.485,6557.781,6410.589,6267.111,6123.315,5983.842,5844.892,5699.978,5580.039,5454.613,5341.342,5216.297,5058.861,4908.082,4751.853,4573.065,4410.61,4252.362,4083.598,3937.149,3783.236,3620.382,3460.776,3293.612,3126.513,3016.811,2916.814,2811.932,2700.431,2587.113,2476.954,2378.23,2288.072,2205.59,2109.129,2034.988,1972.679,1917.824,1860.189,1803.259,1723.748,1649.966,1574.258,1496.974,1416.509,1323.296,1233.068,1148.488,1059.891,970.487,890.459,814.393,738.379,669.963,606.539,546.415,490.639,437.363,387.202,339.208,294.105,250.971,211.677,176.338,145.295,117.759,93.906,73.6,56.595,42.617,31.26,22.413,15.613,10.04,6.949,4.674,2.981,1.834,1.092,0.63,0.353
NGA,2043,8825.931,8695.594,8577.688,8486.031,8403.49,8278.008,8171.582,8088.946,8023.841,7924.57,7832.514,7750.846,7638.593,7552.628,7420.73,7308.687,7183.588,7057.528,6937.729,6783.507,6643.942,6526.096,6378.325,6234.595,6090.796,5951.451,5812.712,5668.071,5548.259,5422.973,5309.769,5184.866,5027.785,4877.346,4721.501,4543.224,4381.137,4223.163,4054.682,3908.328,3754.567,3591.998,3432.772,3266.195,3099.809,2990.392,2890.547,2785.73,2674.189,2560.685,2450.191,2350.952,2260.201,2177.114,2080.333,2005.64,1942.581,1886.737,1827.956,1769.633,1688.954,1613.773,1536.668,1458.07,1376.473,1282.639,1191.86,1106.667,1017.723,928.19,847.869,771.637,695.882,627.782,564.854,505.481,450.587,398.428,349.552,303.135,259.897,219.098,182.423,149.915,121.768,97.191,76.222,58.64,44.159,32.485,23.228,16.234,11.009,6.892,4.648,3.047,1.894,1.135,0.658,0.368
NGA,2044,8852.672,8685.94,8618.416,8508.246,8422.99,8346.358,8227.161,8127.179,8050.879,7991.549,7897.208,7808.746,7729.303,7618.102,7532.011,7399.191,7285.498,7158.415,7030.286,6908.567,6752.912,6612.291,6493.718,6345.697,6201.949,6058.286,5919.14,5780.627,5636.229,5516.515,5391.349,5278.206,5153.452,4996.724,4846.611,4691.108,4513.265,4351.443,4193.642,4025.368,3879.072,3725.484,3563.269,3404.521,3238.608,3072.949,2963.736,2863.88,2758.922,2647.125,2533.262,2422.324,2322.55,2231.249,2147.617,2050.552,1975.258,1911.314,1854.271,1794.1,1734.147,1652.139,1575.472,1496.965,1417.091,1334.414,1240.002,1148.682,1062.857,973.582,884.003,803.557,727.421,652.253,584.811,522.703,464.372,410.621,359.822,312.504,267.991,226.995,188.91,155.166,125.705,100.556,78.935,60.767,45.785,33.685,24.157,16.838,11.458,7.567,4.614,3.034,1.938,1.173,0.684,0.385
NGA,2045,8883.622,8714.65,8609.648,8549.5,8445.91,8366.583,8295.904,8183.185,8089.561,8019.008,7964.397,7873.617,7787.37,7708.875,7597.603,7510.461,7376.043,7260.323,7131.164,7001.135,6877.833,6721.171,6579.911,6460.94,6312.906,6169.281,6025.825,5886.892,5748.576,5604.391,5484.751,5359.698,5246.622,5122.014,4965.626,4815.795,4660.555,4483.043,4321.384,4163.674,3995.57,3849.348,3696.003,3534.247,3376.055,3210.82,3045.808,2936.636,2836.556,2731.232,2618.999,2504.667,2393.268,2293.003,2201.216,2117.069,2019.681,1943.655,1878.614,1820.119,1758.315,1696.541,1613.121,1534.956,1455.082,1373.977,1290.239,1195.259,1103.383,1016.927,927.398,837.958,757.661,681.955,607.734,541.288,480.304,423.283,370.925,321.769,276.348,234.129,195.774,160.732,130.148,103.84,81.692,62.949,47.461,34.938,25.059,17.519,11.889,7.878,5.07,3.012,1.931,1.2,0.707,0.401
NGA,2046,8845.063,8747.721,8638.991,8541.719,8487.797,8390.262,8316.866,8252.339,8145.978,8058.099,7992.231,7941.005,7852.415,7767.114,7688.455,7576.194,7487.32,7350.933,7233.09,7102.025,6970.436,6845.975,6688.727,6547.16,6428.027,6280.121,6136.688,5993.454,5854.705,5716.553,5572.557,5452.986,5328.05,5215.039,5090.562,4934.471,4784.84,4629.754,4452.467,4290.883,4133.225,3965.31,3819.235,3666.234,3505.015,3347.394,3182.754,3018.228,2908.878,2808.343,2702.463,2589.678,2474.857,2363.048,2262.363,2170.124,2085.414,1987.58,1910.614,1844.228,1784.032,1720.404,1656.696,1571.855,1492.225,1411.023,1328.703,1243.893,1148.327,1055.9,968.879,879.278,790.273,710.47,635.566,562.65,497.514,437.927,382.475,331.8,284.634,241.514,201.999,166.633,134.867,107.55,84.393,65.176,49.188,36.236,26.006,18.183,12.377,8.18,5.282,3.313,1.917,1.197,0.724,0.414
NGA,2047,8848.835,8712.221,8672.647,8571.736,8480.983,8432.77,8341.247,8273.949,8215.476,8114.849,8031.651,7969.146,7919.967,7832.31,7746.853,7667.116,7553.195,7462.209,7323.761,7203.961,7071.326,6938.6,6813.398,6655.899,6514.264,6395.11,6247.405,6104.179,5961.135,5822.537,5684.525,5540.712,5421.212,5296.394,5183.432,5059.042,4903.161,4753.621,4598.576,4421.427,4259.879,4102.29,3934.638,3788.81,3636.238,3475.57,3318.433,3154.22,2989.965,2880.204,2779.017,2672.459,2559.101,2443.846,2331.705,2230.639,2137.903,2052.495,1954.016,1875.864,1807.888,1745.792,1680.228,1614.547,1528.325,1447.267,1364.754,1281.199,1195.275,1099.128,1006.221,918.812,829.437,741.236,662.315,588.578,517.295,453.754,395.832,342.247,293.611,248.847,208.452,172.001,139.877,111.498,87.448,67.362,50.953,37.573,26.987,18.881,12.854,8.521,5.487,3.454,2.112,1.19,0.723,0.424
NGA,2048,8861.384,8718.13,8638.243,8605.975,8511.649,8426.85,8384.318,8298.936,8237.626,8184.62,8088.664,8008.834,7948.37,7900.003,7812.187,7725.67,7644.185,7528.228,7435.028,7294.687,7173.264,7039.482,6906.037,6780.428,6622.919,6481.36,6362.258,6214.767,6071.717,5928.831,5790.36,5652.481,5508.855,5389.429,5264.712,5151.756,5027.365,4871.583,4722.017,4566.923,4389.871,4228.377,4070.929,3903.65,3758.156,3606.024,3445.82,3288.991,3124.981,2960.771,2850.402,2748.435,2641.175,2527.298,2411.688,2299.261,2197.771,2104.405,2018.085,1918.725,1839.149,1769.389,1705.28,1637.739,1570.098,1482.542,1400.069,1316.221,1231.383,1144.323,1047.669,954.471,866.968,778.197,691.207,613.548,541.318,471.965,410.295,354.343,302.986,256.813,214.885,177.585,144.459,115.702,90.708,69.842,52.696,38.948,28.005,19.609,13.358,8.857,5.721,3.591,2.203,1.312,0.719,0.425
NGA,2049,8869.924,8732.804,8644.952,8572.712,8546.544,8458.194,8379.251,8342.532,8263.148,8207.232,8158.67,8066.075,7988.297,7928.654,7880.024,7791.154,7702.911,7619.297,7501.208,7405.95,7264.053,7141.428,7006.921,6873.094,6747.318,6589.945,6448.53,6329.494,6182.185,6039.277,5896.523,5758.171,5620.431,5476.993,5357.623,5232.965,5119.923,4995.416,4839.615,4689.928,4534.739,4357.803,4196.435,4039.239,3872.421,3727.275,3575.493,3415.569,3258.814,3094.771,2930.419,2819.314,2716.538,2608.626,2494.31,2378.392,2265.641,2163.594,2069.381,1981.894,1881.424,1800.238,1728.585,1662.417,1592.913,1523.325,1434.455,1350.539,1265.301,1179.149,1091.001,994.033,900.85,813.634,725.886,640.507,564.463,494.049,426.911,367.426,313.817,265.122,221.86,183.147,149.217,119.548,94.175,72.482,54.665,40.304,29.049,20.361,13.883,9.211,5.951,3.747,2.293,1.369,0.794,0.422
NGA,2050,8859.309,8743.259,8660.271,8580.173,8514.327,8493.682,8411.186,8338.184,8307.16,8233.17,8181.637,8136.249,8045.712,7968.78,7908.895,7859.114,7768.527,7678.179,7592.33,7472.267,7375.276,7232.246,7108.836,6973.938,6839.971,6714.176,6557.009,6415.755,6296.752,6149.59,6006.8,5864.17,5725.941,5588.338,5445.076,5325.719,5201.028,5087.781,4963.033,4807.117,4657.261,4501.991,4325.247,4164.119,4007.266,3840.925,3696.031,3544.409,3384.524,3227.593,3063.319,2898.716,2786.847,2683.312,2574.826,2460.119,2343.856,2230.645,2127.823,2032.505,1943.599,1841.849,1758.952,1685.367,1617.147,1545.693,1474.149,1383.941,1298.522,1211.857,1124.43,1035.367,938.402,845.632,759.128,672.815,589.422,515.317,447.019,382.424,325.509,274.692,229.118,189.16,153.947,123.531,97.341,75.281,56.755,41.828,30.073,21.13,14.422,9.578,6.192,3.9,2.393,1.426,0.829,0.467
NGA,2051,8898.112,8734.899,8671.432,8596.208,8522.577,8462.489,8447.264,8370.672,8303.447,8277.546,8207.931,8159.528,8116.042,8026.363,7949.223,7888.219,7836.626,7743.945,7651.391,7563.456,7441.748,7343.438,7199.695,7075.837,6940.795,6806.833,6681.09,6524.144,6383.018,6264.012,6116.972,5974.29,5831.789,5693.683,5556.207,5413.074,5293.638,5168.794,5055.215,4930.123,4774.043,4624.028,4468.752,4292.32,4131.523,3975.029,3809.068,3664.231,3512.517,3352.411,3195.095,3030.475,2865.617,2753.039,2648.823,2539.809,2424.669,2307.923,2194.034,2090.175,1993.5,1902.985,1799.873,1715.24,1639.74,1569.48,1496.069,1422.516,1330.914,1243.95,1155.893,1067.362,977.689,881.135,789.221,703.85,619.361,538.293,466.437,400.595,338.938,285.053,237.5,195.445,159.081,127.513,100.639,77.857,58.983,43.456,31.234,21.891,14.979,9.958,6.443,4.061,2.493,1.49,0.864,0.487
NGA,2052,8847.637,8775.014,8663.849,8608.035,8539.272,8471.446,8416.959,8407.233,8336.37,8274.326,8252.577,8186.095,8139.567,8096.809,8006.944,7928.729,7865.951,7812.162,7717.285,7622.669,7532.967,7410.03,7310.816,7166.698,7042.637,6907.596,6773.715,6648.036,6491.278,6350.244,6231.209,6084.282,5941.712,5799.34,5661.347,5523.95,5380.856,5261.215,5136.09,5022.075,4896.584,4740.349,4590.252,4435.088,4259.063,4098.615,3942.379,3776.603,3631.559,3479.483,3318.938,3161.111,2996.139,2831.107,2717.905,2613.05,2503.461,2387.744,2270.287,2155.456,2050.306,1952.083,1859.854,1755.38,1669.037,1591.641,1519.329,1443.906,1368.252,1275.22,1186.741,1097.462,1008.128,918.243,822.561,731.943,648.106,565.796,487.381,418.13,355.161,296.916,246.547,202.671,164.429,131.818,103.925,80.529,61.028,45.184,32.466,22.749,15.528,10.348,6.704,4.229,2.597,1.552,0.903,0.508
NGA,2053,8822.814,8727.195,8704.409,8601.303,8551.829,8488.835,8426.618,8377.749,8373.376,8307.638,8249.788,8230.984,8166.387,8120.575,8077.515,7986.604,7906.666,7841.739,7785.643,7688.714,7592.355,7501.296,7377.546,7277.765,7133.521,7009.405,6874.439,6740.651,6615.004,6458.397,6317.429,6198.354,6051.542,5909.086,5766.833,5628.905,5491.494,5348.311,5228.339,5102.825,4988.315,4862.429,4706.116,4556.054,4401.099,4225.499,4065.299,3909.115,3743.256,3597.726,3445.057,3283.942,3125.591,2960.348,2795.255,2681.476,2575.933,2465.617,2349.086,2230.644,2114.615,2007.982,1908.111,1814.148,1708.362,1620.346,1541.051,1466.627,1389.102,1311.274,1216.85,1127.021,1036.824,947.091,857.45,763.094,674.188,592.255,512.465,437.068,370.855,311.261,256.922,210.489,170.591,136.317,107.488,83.202,63.157,46.779,33.779,23.662,16.147,10.736,6.972,4.403,2.707,1.62,0.942,0.532
NGA,2054,8784.316,8704.634,8657.747,8642.371,8545.937,8502.098,8444.649,8388.026,8344.585,8345.006,8283.411,8228.552,8211.479,8147.621,8101.507,8057.293,7964.693,7882.663,7815.475,7757.207,7658.542,7560.851,7468.847,7344.624,7244.521,7100.3,6976.203,6841.325,6707.595,6581.941,6425.459,6284.545,6165.432,6018.74,5876.385,5734.204,5596.246,5458.692,5315.292,5194.876,5068.916,4953.911,4827.703,4671.433,4521.506,4366.776,4191.498,4031.333,3874.925,3708.698,3562.439,3409.036,3247.337,3088.541,2923.141,2758.061,2643.658,2537.266,2425.971,2308.336,2188.645,2071.226,1963.015,1861.478,1765.814,1658.776,1569.094,1487.85,1411.219,1331.515,1251.514,1155.871,1064.999,974.29,884.618,795.679,703.083,616.274,536.597,459.715,387.788,325.135,269.437,219.432,177.242,141.483,111.203,86.092,65.284,48.435,34.99,24.632,16.806,11.171,7.237,4.582,2.82,1.688,0.983,0.555
NGA,2055,8775.522,8668.453,8636.099,8596.794,8587.505,8496.983,8458.545,8406.608,8355.373,8316.78,8321.066,8262.425,8209.35,8192.888,8128.765,8081.507,8035.495,7940.841,7856.61,7787.298,7727.163,7627.17,7528.557,7435.945,7311.496,7211.222,7067.099,6943.033,6808.208,6674.498,6548.809,6392.44,6251.585,6132.436,5985.851,5843.552,5701.345,5563.226,5425.397,5281.67,5160.748,5034.345,4918.916,4792.507,4636.381,4486.603,4331.992,4156.821,3996.408,3839.478,3672.641,3525.504,3371.346,3209.145,3050.019,2884.536,2719.445,2604.259,2496.756,2384.178,2265.162,2144.021,2025.124,1915.322,1812.161,1714.837,1606.584,1515.203,1431.92,1353,1271.12,1189.086,1092.544,1001.04,910.287,821.141,733.343,642.907,558.562,481.55,408.05,340.128,281.578,230.233,184.865,147.075,115.48,89.12,67.594,50.099,36.256,25.535,17.509,11.636,7.537,4.761,2.938,1.76,1.025,0.58
NGA,2056,8787.489,8661.709,8601.009,8576.116,8543.032,8539.113,8454.201,8421.114,8374.467,8328.025,8293.336,8300.342,8243.46,8191.057,8174.219,8108.997,8059.961,8011.779,7914.967,7828.673,7757.54,7695.939,7595.029,7495.832,7402.86,7278.336,7177.964,7033.95,6909.879,6775.069,6641.35,6515.613,6359.361,6218.565,6099.369,5952.845,5810.502,5668.136,5529.719,5391.5,5247.385,5125.96,4999.184,4883.45,4756.937,4600.973,4451.234,4296.515,4121.161,3960.191,3802.484,3634.888,3486.847,3332.013,3169.427,3010.041,2844.449,2679.208,2562.969,2454.036,2339.878,2219.267,2096.583,1976.203,1864.858,1760.123,1661.155,1551.673,1458.512,1373.116,1291.9,1207.983,1124.206,1027.187,935.522,845.198,757.026,670.777,582.883,501.425,427.577,358.028,294.672,240.699,194.042,153.462,120.093,92.586,70.001,51.896,37.519,26.472,18.159,12.129,7.855,4.96,3.053,1.834,1.07,0.605
NGA,2057,8794.383,8675.291,8595.059,8542.019,8523.233,8495.619,8496.811,8417.409,8389.458,8347.514,8304.934,8273.009,8281.585,8225.366,8172.66,8154.621,8087.674,8036.492,7986.026,7887.192,7799.141,7726.587,7663.923,7562.432,7462.899,7369.718,7245.193,7144.736,7000.795,6876.68,6741.854,6608.113,6482.331,6326.201,6185.454,6066.162,5919.598,5777.075,5634.412,5495.582,5356.91,5212.41,5090.552,4963.526,4847.587,4720.987,4565.072,4415.141,4260.011,4084.162,3922.373,3763.73,3595.36,3446.49,3291.097,3128.2,2968.522,2802.672,2637.035,2519.423,2408.748,2292.782,2170.472,2046.24,1924.436,1811.608,1705.321,1604.679,1493.918,1398.917,1311.412,1228.036,1142.375,1057.254,960.247,868.904,779.465,692.687,608.383,523.472,445.417,375.334,310.331,252.02,202.969,161.168,125.379,96.342,72.77,53.782,38.895,27.416,18.842,12.591,8.196,5.174,3.184,1.909,1.116,0.632
NGA,2058,8789.728,8683.874,8609.29,8536.87,8490.103,8476.668,8454.226,8460.466,8386.313,8362.922,8324.76,8284.913,8254.609,8263.685,8207.165,8153.344,8133.48,8064.444,8011.002,7958.378,7857.83,7768.419,7694.847,7631.454,7529.631,7429.913,7336.596,7212.082,7111.502,6967.594,6843.403,6708.55,6574.788,6448.964,6292.943,6152.198,6032.707,5885.963,5743.119,5600.038,5460.729,5321.605,5176.793,5054.624,4927.45,4811.321,4684.514,4528.412,4377.976,4222.106,4045.492,3882.722,3723.118,3554.057,3404.476,3248.595,3085.351,2925.22,2758.85,2592.516,2473.214,2360.552,2242.655,2118.633,1992.911,1869.751,1755.47,1647.607,1545.211,1433.132,1336.307,1246.836,1161.59,1074.586,988.589,892.088,801.532,713.409,628.432,546.535,465.146,391.121,325.44,265.503,212.59,168.643,131.722,100.619,75.752,55.933,40.326,28.434,19.523,13.07,8.512,5.401,3.323,1.992,1.162,0.66
NGA,2059,8764.588,8681.071,8618.581,8551.777,8485.746,8444.455,8436.06,8418.688,8429.76,8360.248,8340.516,8305.024,8266.782,8237.042,8245.676,8188.05,8132.502,8110.446,8039.213,7983.637,7929.151,7827.286,7736.92,7662.662,7598.788,7496.784,7396.955,7303.513,7178.972,7078.227,6934.322,6810.043,6675.161,6541.385,6415.507,6259.549,6118.702,5998.867,5851.8,5708.512,5564.948,5425.158,5285.655,5140.659,5018.283,4890.977,4774.538,4647.279,4490.671,4339.39,4182.496,4004.956,3841.177,3680.696,3511.076,3360.852,3204.441,3040.684,2879.818,2712.61,2545.294,2424.056,2309.275,2189.424,2063.744,1936.602,1812.13,1696.379,1586.867,1482.657,1369.305,1270.817,1179.682,1092.965,1005.094,918.706,823.191,733.861,647.471,564.767,485.844,408.626,339.286,278.566,224.078,176.729,137.907,105.771,79.164,58.263,41.969,29.503,20.264,13.555,8.843,5.614,3.472,2.08,1.212,0.687
NGA,2060,8734.558,8657.822,8616.499,8561.714,8501.267,8440.801,8404.638,8401.177,8388.637,8403.992,8338.21,8321.052,8287.123,8249.445,8219.338,8226.733,8167.397,8109.762,8085.393,8012.088,7954.67,7898.708,7795.931,7704.942,7630.245,7566.04,7463.93,7363.999,7270.394,7145.786,7044.843,6900.927,6776.56,6641.657,6507.854,6381.874,6225.872,6084.777,5964.45,5816.935,5673.136,5529.085,5388.889,5249.133,5104.06,4981.493,4853.935,4736.933,4608.89,4451.429,4299.007,4140.91,3962.423,3797.722,3636.491,3466.39,3315.476,3158.355,2993.792,2831.848,2663.494,2494.989,2371.684,2254.745,2132.982,2005.709,1877.191,1751.399,1634.108,1522.891,1416.885,1302.453,1202.621,1110.233,1022.52,934.268,847.966,753.891,666.215,582.046,502.204,426.945,354.589,290.517,235.182,186.343,144.571,110.778,83.25,60.911,43.736,30.718,21.036,14.075,9.175,5.835,3.61,2.174,1.266,0.717
NGA,2061,8730.371,8629.985,8594.211,8560.433,8511.919,8456.983,8401.694,8370.507,8371.731,8363.455,8382.232,8319.086,8303.415,8270.022,8231.989,8200.736,8206.287,8144.888,8085.057,8058.492,7983.411,7924.536,7867.497,7764.141,7672.777,7597.793,7533.33,7431.122,7331.053,7237.242,7112.533,7011.376,6867.45,6743,6608.062,6474.183,6347.99,6191.798,6050.305,5929.353,5781.319,5637.002,5492.54,5352.063,5212.163,5067.031,4944.149,4816.087,4698.182,4568.993,4410.375,4256.627,4097.295,3917.955,3752.464,3590.56,3419.94,3268.146,3110.004,2944.276,2780.922,2611.201,2441.426,2316.023,2196.966,2073.348,1944.524,1814.624,1687.454,1568.576,1455.681,1348.057,1232.9,1132.157,1039.005,950.79,862.643,776.881,684.683,599.161,517.814,441.547,370.687,303.795,245.42,195.702,152.538,116.213,87.256,64.107,45.765,32.041,21.923,14.626,9.538,6.061,3.756,2.263,1.325,0.751
NGA,2062,8769.317,8627.438,8567.259,8538.986,8511.343,8468.26,8418.441,8368.151,8341.67,8347.027,8342.16,8363.317,8301.727,8286.536,8252.775,8213.617,8180.625,8183.972,8120.398,8058.492,8030.014,7953.54,7893.604,7835.817,7732.131,7640.543,7565.345,7500.632,7398.29,7298.037,7203.985,7079.16,6977.789,6833.856,6709.31,6574.288,6440.221,6313.663,6157.127,6015.104,5893.451,5744.891,5600.13,5455.385,5314.739,5174.712,5029.399,4905.944,4777.034,4657.854,4527.194,4367.231,4212.118,4051.636,3871.587,3705.387,3542.764,3371.437,3218.434,3058.888,2891.644,2726.636,2555.453,2384.432,2256.978,2135.849,2010.407,1880.018,1748.675,1620.086,1499.656,1385.271,1276.368,1160.951,1059.803,966.391,878.162,790.581,705.804,615.995,533.248,455.461,383.535,317.735,256.761,204.323,160.282,122.685,91.592,67.237,48.2,33.552,22.886,15.256,9.92,6.305,3.904,2.356,1.381,0.786
NGA,2063,8812.272,8667.568,8565.46,8512.931,8490.732,8468.377,8430.311,8385.411,8339.823,8317.479,8326.132,8323.643,8346.142,8285.108,8269.507,8234.619,8193.752,8158.671,8159.691,8094.063,8030.366,8000.349,7922.878,7862.207,7803.92,7700.054,7608.316,7532.912,7467.91,7365.389,7264.918,7170.609,7045.665,6944.084,6800.134,6675.442,6540.222,6405.812,6278.729,6121.719,5979.088,5856.722,5707.71,5562.637,5417.721,5276.922,5136.643,4990.89,4866.513,4736.377,4615.588,4483.251,4321.907,4165.514,4004.02,3823.348,3656.393,3492.852,3320.485,3165.869,3004.543,2835.526,2668.748,2496.119,2323.956,2194.505,2071.328,1944.036,1812.01,1679.179,1549.217,1427.433,1311.91,1202.182,1087.047,986.013,892.838,805.06,718.495,635.229,548.443,469.228,395.792,328.897,268.671,213.872,167.43,128.984,96.749,70.622,50.588,35.362,23.982,15.938,10.355,6.563,4.066,2.452,1.44,0.819
NGA,2064,8743.415,8711.616,8606.011,8511.845,8465.517,8448.541,8431.057,8397.803,8357.52,8316.057,8297.01,8307.955,8306.82,8329.691,8268.332,8251.572,8214.978,8172.057,8134.774,8133.573,8066.173,8001.063,7969.895,7891.754,7830.596,7771.958,7667.987,7576.106,7500.455,7435.121,7332.386,7231.68,7137.11,7012.054,6910.25,6766.234,6641.278,6505.703,6370.791,6243.046,6085.481,5942.233,5819.224,5669.894,5524.622,5379.553,5238.475,5097.681,4951.136,4825.452,4693.757,4571.144,4437.08,4274.444,4116.909,3954.483,3773.148,3605.233,3440.421,3266.61,3109.981,2946.594,2775.682,2607.135,2433.158,2259.971,2128.556,2003.295,1874.065,1740.348,1606.073,1474.952,1352.181,1235.993,1125.975,1011.668,911.263,818.799,731.926,646.909,565.808,482.819,407.952,339.58,278.258,223.918,175.358,134.82,101.784,74.652,53.176,37.144,25.299,16.717,10.827,6.857,4.236,2.555,1.499,0.855
NGA,2065,8738.583,8645.157,8650.5,8552.875,8465.144,8424.125,8411.938,8399.113,8370.363,8334.119,8295.942,8279.197,8291.432,8290.696,8313.077,8250.655,8232.165,8193.52,8148.434,8109.061,8105.908,8037.113,7970.977,7938.98,7860.417,7798.922,7740.006,7635.935,7543.873,7467.932,7402.229,7299.261,7198.317,7103.492,6978.313,6876.233,6732.034,6606.655,6470.563,6335.006,6206.514,6048.386,5904.594,5781.072,5631.542,5486.088,5340.739,5199.115,5057.445,4909.723,4782.389,4648.921,4524.427,4388.713,4224.928,4066.332,3902.922,3720.72,3551.479,3384.966,3209.31,3050.364,2884.773,2711.96,2541.73,2366.519,2192.402,2058.992,1931.545,1800.306,1664.934,1529.431,1397.538,1274.27,1157.966,1048.207,935.264,835.973,744.681,659.252,576.448,498.325,419.962,350.182,287.442,232.031,183.697,141.286,106.455,78.589,56.25,39.073,26.594,17.649,11.365,7.176,4.429,2.664,1.564,0.891
NGA,2066,8672.714,8642.013,8585.258,8597.837,8506.668,8424.434,8388.256,8380.632,8372.161,8347.345,8314.313,8278.433,8262.999,8275.589,8274.405,8295.565,8231.519,8210.955,8170.151,8123.011,8081.82,8077.078,8007.273,7940.438,7907.856,7829.021,7767.26,7708.071,7603.863,7511.572,7435.305,7369.211,7266.009,7164.833,7069.741,6944.387,6841.91,6697.366,6571.397,6434.643,6298.357,6169.101,6010.485,5866.286,5742.367,5592.653,5446.89,5300.987,5158.447,5015.505,4866.263,4737.059,4601.766,4475.463,4338.23,4173.382,4013.668,3849.049,3665.607,3494.595,3325.949,3148.146,2986.723,2818.904,2644.272,2472.459,2296.103,2121.084,1985.583,1855.864,1722.633,1585.817,1449.483,1317.327,1194.132,1078.278,969.319,858.248,760.542,670.97,587.66,507.89,433.624,360.644,296.545,239.796,190.442,148.08,111.621,82.243,59.254,41.36,27.994,18.565,12.009,7.538,4.639,2.788,1.631,0.93
NGA,2067,8625.192,8578.282,8582.81,8533.655,8552.049,8466.391,8389.151,8357.567,8354.2,8349.53,8327.839,8297.049,8262.487,8247.444,8259.559,8257.21,8276.584,8210.582,8187.83,8144.975,8096.052,8053.406,8047.451,7976.96,7909.667,7876.65,7797.613,7735.593,7676.093,7571.7,7479.148,7402.533,7336.046,7232.614,7131.196,7035.783,6910.133,6807.093,6662.035,6535.329,6397.824,6260.791,6130.844,5971.881,5827.392,5703.092,5553.064,5406.714,5259.884,5116.024,4971.459,4820.483,4689.352,4552.314,4424.335,4285.656,4119.692,3958.627,3792.401,3607.264,3434.033,3262.929,3082.831,2918.891,2748.915,2572.569,2399.248,2221.771,2045.815,1908.141,1776.153,1641.133,1503.273,1366.631,1234.809,1112.27,997.424,889.78,781.072,685.508,598.336,517.982,442.141,372.548,305.552,247.514,196.919,153.602,117.057,86.289,62.052,43.599,29.655,19.558,12.642,7.971,4.877,2.922,1.709,0.971
NGA,2068,8645.092,8532.618,8520.173,8531.872,8488.832,8512.161,8431.489,8358.953,8331.636,8331.981,8330.327,8310.811,8281.303,8247.152,8231.682,8242.615,8238.548,8255.792,8187.727,8162.889,8118.249,8067.903,8024.178,8017.325,7946.392,7878.79,7845.409,7766.177,7703.857,7643.997,7539.387,7446.553,7369.588,7302.712,7199.041,7097.325,7001.469,6875.355,6771.578,6625.858,6498.322,6360.05,6222.344,6091.843,5932.654,5787.896,5663.081,5512.457,5365.137,5216.97,5071.433,4925.023,4772.265,4639.289,4500.646,4371.061,4230.871,4063.552,3900.721,3732.4,3545.113,3369.327,3195.592,3013.175,2846.776,2674.73,2496.746,2321.925,2143.278,1966.368,1826.531,1692.468,1556.053,1417.678,1281.342,1150.46,1029.157,915.85,810.021,704.246,611.518,527.592,451.108,380.025,315.776,255.148,203.352,158.905,121.489,90.544,65.146,45.687,31.282,20.734,13.329,8.398,5.161,3.074,1.793,1.018
NGA,2069,8601.032,8553.695,8475.466,8470.257,8487.71,8449.866,8477.667,8401.674,8333.479,8309.869,8313.15,8313.58,8295.292,8266.17,8231.623,8215.031,8224.238,8218.12,8233.118,8163.1,8136.439,8090.372,8038.978,7994.492,7986.982,7915.755,7847.918,7814.176,7734.71,7672.044,7611.789,7506.941,7413.82,7336.511,7269.234,7165.27,7063.135,6966.662,6839.911,6735.24,6588.766,6460.38,6321.413,6183.174,6052.239,5892.847,5747.684,5622.063,5470.458,5321.75,5171.881,5024.44,4876.134,4721.69,4587.01,4446.841,4315.579,4173.62,4004.522,3839.416,3668.507,3478.732,3300.211,3123.805,2939.147,2770.368,2596.315,2416.697,2240.308,2060.46,1882.676,1740.881,1605.134,1467.852,1329.586,1194.179,1064.839,945.317,834.064,730.638,628.5,539.46,459.7,387.931,322.287,263.835,209.749,164.199,125.767,94.041,68.413,48.006,32.809,21.891,14.143,8.863,5.443,3.256,1.887,1.069
NGA,2070,8554.607,8511.511,8497.117,8426.486,8427.058,8449.362,8416.186,8448.198,8376.509,8312.078,8291.4,8296.706,8298.296,8280.36,8250.826,8215.198,8196.951,8204.1,8195.816,8208.659,8136.959,8108.827,8061.706,8009.58,7964.573,7956.554,7885.104,7817.034,7782.892,7703.145,7640.097,7579.425,7474.335,7380.936,7303.272,7235.54,7131.159,7028.43,6931.162,6803.615,6697.951,6550.704,6421.54,6282.021,6143.372,6012.023,5852.292,5706.435,5579.609,5426.594,5276.128,5124.326,4974.93,4824.824,4668.85,4532.544,4390.782,4257.576,4113.396,3941.996,3774.102,3600.229,3407.788,3226.486,3047.47,2860.67,2689.563,2513.493,2332.164,2154.154,1973.174,1794.795,1651.448,1514.545,1377.026,1239.506,1105.648,978.417,861.207,752.611,652.318,554.681,470.255,395.511,329.158,269.418,217.011,169.466,130.038,97.419,71.107,50.453,34.503,22.98,14.945,9.412,5.748,3.438,2.001,1.126
NGA,2071,8510.048,8466.894,8455.895,8448.677,8384.143,8389.586,8416.248,8387.433,8423.336,8355.37,8293.915,8275.265,8281.691,8283.581,8265.209,8234.589,8197.354,8177.127,8182.101,8171.746,8182.685,8109.657,8080.421,8032.56,7979.942,7934.562,7926.102,7854.433,7786.092,7751.502,7671.437,7607.984,7546.891,7441.569,7347.88,7269.807,7201.491,7096.517,6993.011,6894.783,6766.342,6659.655,6511.709,6381.906,6241.96,6102.919,5971.016,5810.652,5663.697,5535.222,5380.415,5227.952,5074.166,4922.909,4771.157,4613.743,4475.742,4332.119,4196.497,4049.532,3875.3,3704.216,3527.164,3332.016,3147.993,2966.447,2777.576,2604.11,2425.921,2242.817,2063.233,1881.396,1702.907,1558.551,1421.125,1284.012,1147.874,1016.153,891.581,777.307,672.118,575.863,483.665,404.714,335.693,275.249,221.674,175.39,134.255,100.763,73.69,52.46,36.277,24.176,15.694,9.951,6.108,3.633,2.113,1.195
NGA,2072,8465.668,8424.166,8412.258,8408.355,8406.867,8347.468,8357.269,8388.004,8363.19,8402.457,8337.43,8278.047,8260.531,8267.232,8268.649,8249.174,8216.946,8177.788,8155.474,8158.366,8146.194,8155.571,8081.587,8051.558,8003.197,7950.235,7904.551,7895.654,7823.727,7755.066,7719.992,7639.589,7575.728,7514.219,7408.654,7314.624,7236.012,7166.934,7061.183,6956.738,6857.445,6728.086,6620.444,6471.946,6341.63,6201.276,6061.705,5928.944,5767.542,5619.046,5488.525,5331.69,5177.18,5021.512,4868.558,4715.253,4556.34,4416.373,4270.417,4131.799,3981.481,3804.01,3629.51,3449.212,3251.433,3064.773,2880.759,2689.809,2513.869,2333.476,2148.643,1967.75,1785.549,1607.574,1462.863,1325.566,1189.508,1055.354,926.336,805.065,694.494,593.635,502.398,416.485,343.705,280.886,226.62,179.284,139.053,104.115,76.286,54.417,37.758,25.446,16.53,10.461,6.464,3.863,2.234,1.263
NGA,2073,8491.163,8381.385,8370.424,8365.57,8367.337,8370.665,8315.84,8329.7,8364.18,8342.816,8384.724,8321.742,8263.54,8246.325,8252.544,8252.829,8231.737,8197.589,8156.401,8132.097,8133.155,8119.505,8127.68,8053.051,8022.468,7973.754,7920.516,7874.53,7865.154,7792.921,7723.905,7688.32,7607.574,7543.307,7481.371,7375.509,7281.006,7201.674,7131.642,7024.943,6919.448,6819.056,6688.846,6580.389,6431.464,6300.654,6159.749,6019.34,5885.299,5722.407,5571.969,5439.145,5280.231,5123.775,4966.39,4811.83,4656.911,4496.23,4353.805,4204.926,4062.716,3908.591,3727.648,3549.644,3366.141,3165.827,2976.59,2790.078,2596.945,2418.421,2235.844,2049.549,1867.836,1685.912,1509.183,1364.792,1228.286,1093.899,962.32,836.675,719.504,613.59,518.072,432.762,353.824,287.693,231.349,183.357,142.202,107.887,78.864,56.363,39.187,26.5,17.408,11.024,6.8,4.091,2.379,1.337
NGA,2074,8454.317,8407.974,8328.61,8324.635,8325.402,8331.915,8339.52,8288.916,8306.485,8344.187,8325.533,8369.23,8307.412,8249.565,8231.904,8236.994,8235.641,8212.621,8176.448,8133.335,8107.291,8106.853,8092.087,8099.365,8024.332,7993.34,7944.339,7890.826,7844.496,7834.593,7762.017,7692.62,7656.517,7575.432,7510.75,7448.329,7342.039,7246.88,7166.635,7095.473,6987.718,6881.138,6779.713,6648.796,6539.647,6390.318,6258.866,6117.098,5975.424,5839.635,5674.851,5522.221,5387.032,5226.143,5067.912,4908.908,4752.682,4595.868,4432.933,4287.447,4135.045,3988.769,3830.564,3646.059,3464.587,3277.952,3075.177,2883.335,2694.199,2498.793,2317.689,2133.183,1945.926,1764.04,1583.143,1408.403,1265.012,1129.925,997.814,869.499,748.051,635.957,535.732,446.48,367.841,296.323,237.09,187.298,145.529,110.41,81.785,58.317,40.626,27.529,18.147,11.622,7.173,4.307,2.521,1.424
NGA,2075,8428.08,8372.612,8355.632,8283.631,8285.233,8290.704,8301.428,8312.985,8266.218,8286.975,8327.195,8310.402,8355.049,8293.578,8235.348,8216.608,8220.067,8216.764,8191.713,8153.615,8108.826,8081.379,8079.797,8064.217,8070.833,7995.54,7964.206,7914.919,7861.092,7814.372,7803.901,7730.957,7661.175,7624.558,7543.125,7477.969,7414.931,7308.028,7212.023,7130.69,7058.281,6949.433,6841.837,6739.519,6608.023,6498.201,6348.32,6215.912,6072.849,5929.437,5791.481,5624.557,5469.683,5332.225,5169.541,5009.638,4848.958,4690.783,4531.576,4365.784,4216.617,4060.221,3909.588,3747.177,3559.153,3374.276,3184.556,2979.307,2784.728,2592.852,2395.197,2211.756,2025.818,1838.262,1656.963,1477.861,1305.848,1164.109,1031.058,901.932,777.733,661.498,555.537,461.947,379.714,308.245,244.356,192.076,148.766,113.084,83.771,60.535,42.077,28.571,18.874,12.13,7.571,4.55,2.658,1.511
NGA,2076,8354.603,8347.86,8321.172,8311.159,8245.032,8251.278,8260.901,8275.493,8290.641,8247.155,8270.401,8312.324,8296.553,8341.359,8279.506,8220.268,8199.955,8201.474,8196.116,8169.126,8129.35,8083.223,8054.723,8052.298,8036.137,8042.235,7966.75,7935.073,7885.459,7831.269,7784.121,7773.054,7699.737,7629.573,7592.432,7510.592,7444.831,7380.986,7273.277,7176.247,7093.707,7020.007,6910.133,6801.661,6698.573,6566.518,6455.87,6305.121,6171.312,6026.471,5880.894,5740.501,5571.387,5414.375,5274.818,5110.442,4948.807,4786.162,4625.524,4463.297,4294.027,4140.686,3980,3824.86,3658.24,3466.756,3278.511,3085.655,2877.801,2680.357,2485.739,2286.1,2100.808,1914.099,1727.026,1547.098,1370.555,1201.971,1062.517,932.231,806.973,687.95,578.027,479.178,393.001,318.304,254.276,198.035,152.62,115.648,85.84,62.035,43.699,29.607,19.598,12.622,7.906,4.805,2.809,1.595
NGA,2077,8331.897,8276.167,8297.17,8277.46,8272.996,8211.774,8222.112,8235.54,8253.641,8271.86,8230.945,8255.878,8298.696,8283.165,8327.416,8264.56,8203.832,8181.645,8181.119,8173.794,8145.111,8103.991,8056.874,8027.624,8024.585,8007.987,8013.632,7937.953,7905.892,7855.904,7801.314,7753.71,7742.041,7668.356,7597.802,7560.078,7477.699,7411.142,7346.29,7237.597,7139.425,7055.638,6980.708,6869.951,6760.729,6656.891,6524.128,6412.326,6260.262,6124.562,5977.511,5829.501,5686.613,5515.428,5356.463,5214.904,5048.782,4885.124,4719.992,4556.252,4390.365,4217.135,4059.316,3894.202,3734.542,3563.741,3368.844,3177.171,2981.015,2770.441,2570.128,2373.016,2171.92,1985.443,1798.752,1612.971,1435.196,1261.939,1097.457,961.037,834.423,714.129,601.423,498.824,407.875,329.626,262.73,206.204,157.462,118.732,87.858,63.623,44.825,30.78,20.33,13.12,8.236,5.023,2.969,1.687
NGA,2078,8290.451,8254.701,8226.475,8254.141,8239.992,8240.147,8183.228,8197.304,8214.173,8235.27,8255.879,8216.729,8242.553,8285.506,8269.515,8312.595,8248.257,8185.745,8161.583,8159.1,8150.047,8119.999,8077.88,8030.074,8000.302,7996.793,7979.822,7985.011,7909.099,7876.607,7826.207,7771.191,7723.125,7710.857,7636.796,7565.794,7527.352,7444.244,7376.69,7310.647,7200.853,7101.498,7016.525,6940.504,6828.993,6719.041,6614.3,6480.501,6367.085,6213.214,6075.177,5925.644,5775.146,5629.869,5456.81,5296.005,5152.377,4984.215,4817.998,4649.727,4482.226,4312.18,4134.7,3972.252,3802.706,3638.54,3463.564,3265.197,3069.916,2870.301,2657.009,2454.08,2254.992,2053.139,1866.274,1680.422,1496.742,1321.87,1152.6,993,860.545,738.734,624.593,519.263,424.81,342.283,272.23,213.186,164.062,122.583,90.268,65.173,46.014,31.602,21.156,13.624,8.569,5.238,3.108,1.786
NGA,2079,8242.176,8214.93,8205.874,8184.492,8217.421,8207.868,8212.049,8159.02,8176.458,8196.249,8219.667,8241.888,8203.706,8229.676,8272.075,8255.022,8296.449,8230.341,8165.952,8139.908,8135.705,8125.248,8094.18,8051.362,8003.097,7972.946,7969.029,7951.683,7956.375,7880.183,7847.223,7796.384,7740.934,7692.413,7679.536,7605.041,7533.459,7494.102,7410.067,7341.331,7273.967,7163.032,7062.559,6976.539,6899.551,6787.305,6676.468,6570.487,6435.192,6319.646,6163.52,6022.868,5870.796,5717.921,5570.444,5395.63,5232.926,5086.919,4916.168,4746.723,4574.639,4402.863,4228.348,4046.483,3879.39,3705.433,3536.75,3357.504,3155.479,2956.408,2753.293,2537.554,2332.531,2132.164,1930.387,1743.963,1559.775,1378.968,1207.721,1043.251,889.492,762.158,646.383,539.506,442.418,356.663,282.822,221.013,169.713,127.798,93.257,67.007,47.169,32.465,21.739,14.189,8.906,5.455,3.243,1.87
NGA,2080,8222.509,8168.138,8166.943,8164.571,8148.624,8185.904,8180.358,8188.187,8138.641,8158.933,8180.989,8205.97,8229.036,8191.084,8216.527,8257.779,8239.191,8278.662,8210.69,8144.522,8116.834,8111.229,8099.706,8067.914,8024.625,7976.043,7945.575,7941.247,7923.485,7927.633,7851.122,7817.665,7766.382,7710.506,7661.52,7647.975,7572.912,7500.555,7460.08,7374.93,7304.88,7236.15,7124.138,7022.689,6935.748,6857.811,6744.673,6632.617,6524.921,6387.615,6269.471,6110.814,5967.481,5812.987,5657.933,5508.365,5331.748,5166.837,5017.875,4843.853,4670.487,4494.062,4317.692,4138.558,3952.313,3780.589,3602.223,3428.907,3245.152,3039.285,2836.368,2629.987,2412.349,2205.945,2005.137,1804.306,1619.165,1437.433,1260.252,1093.479,934.814,788.074,667.131,558.549,459.858,371.607,294.836,229.719,176.033,132.272,97.283,69.269,48.529,33.304,22.348,14.591,9.282,5.674,3.38,1.953
NGA,2081,8177.946,8149.638,8120.99,8126.384,8129.319,8117.869,8158.935,8157.009,8168.104,8121.508,8144.007,8167.587,8193.379,8216.571,8178.186,8202.518,8242.155,8221.744,8259.149,8189.411,8121.706,8092.691,8086.019,8073.723,8041.432,7997.816,7948.978,7918.189,7913.411,7895.186,7898.748,7821.896,7787.934,7736.213,7679.902,7630.394,7616.043,7540.216,7466.883,7425.095,7338.699,7267.29,7197.251,7084.308,6982.013,6894.169,6815.121,6700.756,6587.002,6477.063,6337.278,6216.239,6054.998,5909.102,5752.387,5595.271,5443.552,5264.825,5097.136,4944.504,4766.502,4588.674,4407.585,4226.465,4042.71,3852.125,3675.766,3492.886,3314.682,3126.183,2916.415,2709.874,2500.754,2281.956,2075.032,1874.665,1675.659,1492.612,1314.11,1141.436,980.185,828.561,690.109,576.737,476.317,386.45,307.35,239.61,183.078,137.29,100.76,72.314,50.208,34.294,22.947,15.014,9.555,5.919,3.519,2.037
NGA,2082,8153.783,8106.505,8103.191,8081.219,8091.829,8099.139,8091.584,8136.062,8137.364,8151.22,8106.913,8130.893,8155.259,8181.161,8203.826,8164.436,8187.201,8224.927,8202.596,8238.016,8166.755,8097.836,8067.828,8060.38,8047.538,8014.89,7971.005,7921.908,7890.759,7885.483,7866.756,7869.706,7792.504,7758.046,7705.879,7649.077,7598.91,7583.555,7506.764,7432.262,7389.024,7301.34,7228.629,7157.423,7043.683,6940.563,6851.66,6771.158,6655.083,6539.102,6426.438,6283.887,6159.884,5996.188,5847.932,5689.123,5529.891,5375.699,5194.289,5023.105,4866.06,4683.53,4500.911,4315.005,4129.133,3940.791,3745.891,3564.786,3377.144,3193.796,3000.445,2787.005,2577.364,2366.228,2147.167,1940.623,1741.59,1545.255,1365.093,1190.726,1023.644,869.205,725.95,596.942,492.125,400.538,319.845,249.962,191.108,142.904,104.68,74.973,52.471,35.52,23.656,15.435,9.843,6.1,3.676,2.124
NGA,2083,8121.068,8083.607,8060.927,8064.089,8047.396,8062.292,8073.376,8069.309,8116.827,8120.847,8136.833,8094.081,8118.822,8143.287,8168.657,8190.23,8149.389,8170.298,8206.008,8181.846,8215.506,8143.044,8073.246,8042.537,8034.537,8021.286,7988.34,7944.181,7894.784,7863.229,7857.416,7838.16,7840.487,7762.946,7727.983,7675.313,7617.882,7566.862,7550.291,7472.34,7396.536,7351.796,7262.882,7189.01,7116.764,7002.248,6898.146,6807.84,6725.39,6607.068,6488.371,6372.676,6227.294,6100.435,5934.502,5784.01,5623.05,5461.376,5304.105,5119.282,4943.857,4781.806,4594.406,4406.826,4216.094,4025.497,3832.579,3633.27,3447.15,3254.489,3065.856,2867.83,2651.247,2439.227,2226.957,2008.566,1803.321,1606.484,1413.643,1237.302,1068.202,908.061,761.841,628.188,509.571,414.005,331.653,260.246,199.464,149.252,109.024,77.939,54.436,37.145,24.519,15.923,10.127,6.29,3.791,2.221
NGA,2084,8075.691,8052.184,8038.78,8022.609,8030.886,8018.531,8037.118,8051.574,8050.596,8100.666,8106.781,8124.187,8082.27,8107.095,8131.03,8155.314,8175.347,8132.781,8151.732,8185.504,8159.742,8191.946,8118.616,8048.233,8017.045,8008.63,7995.03,7961.782,7917.313,7867.572,7835.573,7829.195,7809.402,7811.115,7733.229,7697.702,7644.392,7586.139,7534.056,7516.066,7436.819,7359.663,7313.472,7223.472,7148.567,7075.298,6959.85,6854.423,6762.217,6677.265,6556.203,6434.481,6315.679,6167.594,6038.084,5870.048,5717.261,5553.822,5389.096,5227.981,5038.993,4858.74,4691.306,4498.864,4306.314,4110.785,3915.475,3717.877,3513.912,3322.504,3124.689,2930.928,2728.714,2509.723,2296.212,2083.739,1866.97,1663.91,1470.114,1281.736,1110.383,947.952,796.219,659.524,536.481,428.879,342.969,269.993,207.785,155.869,113.939,81.227,56.631,38.565,25.66,16.516,10.455,6.475,3.912,2.292
NGA,2085,8069.939,8008.2,8008.147,8001.135,7990.103,8002.57,7993.939,8015.81,8033.247,8034.86,8086.887,8094.4,8112.529,8070.778,8095.072,8117.931,8140.687,8158.901,8114.516,8131.591,8163.647,8136.593,8167.665,8093.761,8023.014,7991.484,7982.712,7968.756,7935.169,7890.342,7840.22,7807.752,7800.801,7780.48,7781.569,7703.28,7667.054,7612.907,7553.621,7500.276,7480.721,7400.13,7321.678,7274.172,7183.217,7107.297,7032.844,6916.119,6808.871,6714.211,6626.247,6502.134,6377.319,6255.523,6104.952,5972.913,5802.726,5647.308,5480.766,5312.21,5146.457,4952.713,4767.266,4594.238,4396.745,4199.249,3998.94,3798.808,3596.267,3387.39,3190.54,2987.738,2789.321,2583.619,2363.127,2149.067,1937.35,1723.124,1523.119,1333.362,1150.653,985.745,831.522,689.566,563.48,451.728,355.455,279.342,215.68,162.465,119.062,84.942,59.059,40.149,26.66,17.297,10.852,6.689,4.03,2.366
NGA,2086,8014.483,8003.441,7964.973,7971.177,7969.215,7962.393,7978.449,7973.12,7997.892,8017.826,8021.431,8074.744,8082.971,8101.172,8058.98,8082.206,8103.556,8124.507,8140.801,8094.69,8110.109,8140.747,8112.728,8142.952,8068.696,7997.723,7965.91,7956.774,7942.425,7908.451,7863.23,7812.702,7779.756,7772.242,7751.384,7751.791,7672.966,7635.839,7580.645,7520.127,7465.38,7444.2,7362.321,7282.718,7234.026,7142.136,7065.043,6989.054,6870.557,6760.935,6663.313,6572.012,6444.781,6316.994,6192.418,6039.5,5904.871,5732.201,5573.513,5403.079,5229.892,5058.872,4860.015,4669.184,4490.524,4288.01,4085.589,3880.395,3675.172,3467.416,3253.501,3051.367,2844.066,2641.685,2433.381,2212.354,1998.72,1788.687,1577.903,1381.983,1197.51,1021.966,865.1,720.52,589.473,474.737,374.624,289.702,223.308,168.77,124.206,88.842,61.819,41.912,27.784,17.991,11.377,6.951,4.168,2.44
NGA,2087,7944.894,7949.317,7960.791,7928.715,7939.857,7942.026,7938.805,7958.042,7955.617,7982.813,8004.659,8009.587,8063.526,8071.826,8089.501,8046.341,8068.072,8087.639,8106.687,8121.14,8073.532,8087.592,8117.129,8088.431,8118.023,8043.553,7972.412,7940.308,7930.772,7915.983,7881.585,7835.945,7785.003,7751.59,7743.504,7722.052,7721.636,7642.077,7603.838,7547.395,7485.503,7429.295,7406.538,7323.516,7242.891,7193.029,7100.049,7021.427,6943.391,6822.566,6710.06,6609.152,6514.429,6384.206,6253.666,6126.439,5971.123,5833.548,5657.753,5494.983,5319.837,5141.381,4964.69,4760.534,4564.295,4380.001,4172.487,3965.03,3754.674,3544.077,3330.957,3112.184,2905.243,2694.149,2488.678,2278.719,2058.152,1845.891,1638.46,1432.183,1241.635,1064.002,897.266,749.95,616.224,496.879,393.907,305.492,231.726,174.85,129.118,92.752,64.71,43.908,29.03,18.766,11.843,7.294,4.335,2.526
NGA,2088,7927.73,7881.141,7907.495,7925.059,7898.032,7913.207,7918.901,7918.856,7940.884,7940.884,7969.929,7993.037,7998.634,8052.573,8060.359,8076.985,8032.441,8052.407,8070.093,8087.316,8100.149,8051.345,8064.362,8093.077,8063.914,8093.011,8018.383,7947.069,7914.637,7904.652,7889.386,7854.539,7808.473,7757.13,7723.242,7714.525,7692.341,7690.899,7610.395,7570.838,7513,7449.677,7392.063,7367.862,7283.828,7202.204,7151.007,7056.582,6975.921,6895.263,6771.597,6655.888,6551.615,6453.58,6320.59,6187.434,6057.494,5899.43,5758.232,5578.497,5410.795,5230.283,5046.15,4863.563,4654.095,4452.468,4262.524,4049.9,3837.116,3621.305,3405.171,3186.852,2963.727,2752.678,2538.68,2331.064,2120.437,1901.302,1691.35,1487.611,1287.171,1103.603,934.526,778.144,641.661,519.657,412.465,321.368,244.48,181.54,133.85,96.482,67.603,45.992,30.433,19.62,12.362,7.599,4.552,2.629
NGA,2089,7892.817,7865.047,7840.267,7872.54,7894.89,7871.977,7890.578,7899.367,7902.099,7926.447,7928.297,7958.557,7982.286,7987.936,8041.3,8048.056,8063.216,8017.03,8035.135,8051.02,8066.635,8078.14,8028.46,8040.71,8068.818,8039.329,8067.984,7993.191,7921.665,7888.859,7878.391,7862.622,7827.318,7780.837,7729.086,7694.667,7685.181,7662.064,7659.376,7577.725,7536.701,7477.411,7412.711,7353.829,7328.31,7243.285,7160.502,7107.61,7011.228,6927.95,6844.136,6717.313,6598.33,6490.809,6389.677,6254.062,6118.231,5985.214,5823.728,5678.051,5493.522,5320.212,5133.917,4943.881,4755.349,4540.603,4333.594,4137.855,3919.824,3701.411,3479.978,3258.465,3035.444,2808.696,2594.431,2378.495,2169.721,1959.393,1742.651,1536.124,1337.448,1144.501,969.686,810.791,666.071,541.35,431.577,336.675,257.319,191.641,139.057,100.083,70.371,48.084,31.901,20.584,12.935,7.937,4.745,2.763
NGA,2090,7854.361,7831.312,7824.818,7806.123,7843.05,7869.292,7849.87,7871.475,7882.965,7888,7914.111,7917.181,7948.03,7971.777,7976.915,8029.197,8034.515,8047.946,8000.035,8016.359,8030.659,8044.957,8055.446,8005.17,8016.868,8044.502,8014.739,8042.944,7967.95,7896.169,7862.955,7851.977,7835.696,7799.949,7753.048,7700.834,7665.746,7655.291,7631.023,7626.879,7543.939,7501.387,7440.698,7374.762,7314.744,7287.922,7201.751,7117.453,7062.345,6963.433,6877.004,6789.703,6659.66,6537.535,6426.995,6322.901,6184.609,6045.742,5908.95,5743.192,5592.138,5402.147,5222.798,5030.495,4834.518,4640.045,4420.049,4207.541,4005.674,3781.932,3557.714,3330.821,3104.433,2877.439,2647.999,2431.485,2214.62,2005.665,1796.597,1583.388,1381.69,1189.787,1006.154,841.766,694.427,562.297,449.892,352.527,269.781,201.871,146.926,104.077,73.073,50.108,33.391,21.603,13.586,8.314,4.963,2.884
NGA,2091,7815.509,7793.922,7791.759,7791.207,7777.312,7818.023,7847.564,7831.195,7855.417,7869.144,7875.932,7903.196,7906.871,7937.718,7960.927,7965.057,8015.847,8019.467,8031.076,7981.526,7996.282,8009.284,8022.572,8032.32,7981.661,7992.938,8020.15,7990.108,8017.824,7942.584,7870.514,7836.866,7825.37,7808.59,7772.393,7725.014,7672.201,7636.246,7624.602,7598.972,7593.213,7508.928,7464.897,7402.95,7335.909,7274.773,7246.482,7158.807,7072.477,7014.559,6912.582,6822.667,6731.791,6598.666,6473.636,6360.216,6253.093,6111.757,5969.15,5827.696,5656.767,5499.61,5303.728,5118.087,4919.728,4717.816,4517.388,4292.033,4073.703,3865.348,3635.707,3405.834,3173.982,2943.444,2713.405,2482.271,2264.525,2047.724,1839.558,1632.913,1424.68,1229.579,1046.359,873.772,721.256,586.487,467.512,367.664,282.631,211.765,154.862,110.037,76.042,52.07,34.822,22.628,14.269,8.739,5.203,3.018
NGA,2092,7802.889,7756.302,7755.161,7758.836,7762.952,7752.95,7796.85,7829.263,7815.535,7841.917,7857.336,7865.269,7893.085,7896.779,7927.08,7949.263,7951.985,8001.024,8002.855,8012.722,7961.758,7975.23,7987.24,7999.792,8009.01,7958.101,7969.008,7995.791,7965.431,7992.613,7917.095,7844.712,7810.624,7798.622,7781.337,7744.633,7696.642,7643.03,7605.991,7592.945,7565.8,7558.357,7472.782,7427.41,7364.336,7296.21,7233.796,7203.669,7113.968,7025.019,6963.74,6858.367,6764.881,6670.553,6534.594,6406.811,6290.451,6179.915,6034.825,5887.585,5740.53,5563.71,5399.97,5197.958,5005.964,4801.553,4593.7,4387.169,4156.139,3931.646,3716.568,3481.176,3246.145,3010.067,2776.313,2544.23,2312.448,2094.471,1878.724,1672.519,1469.766,1268.323,1081.789,909.071,749.014,609.428,487.86,382.259,294.928,221.983,162.555,116.058,80.453,54.226,36.214,23.617,14.959,9.186,5.473,3.166
NGA,2093,7769.432,7744.356,7718.123,7722.762,7731.045,7738.959,7732.247,7778.933,7813.841,7802.3,7830.317,7846.845,7855.335,7883.134,7886.313,7915.585,7936.345,7937.406,7984.594,7984.715,7993.051,7940.962,7953.452,7964.738,7976.76,7985.577,7934.47,7945.001,7971.315,7940.593,7967.204,7891.383,7818.682,7784.168,7771.652,7753.806,7716.457,7667.654,7613.027,7574.694,7560.089,7531.361,7522.277,7435.557,7388.973,7324.793,7255.424,7191.373,7158.875,7066.562,6974.455,6909.464,6800.624,6703.696,6606.153,6467.523,6336.936,6217.26,6102.577,5952.829,5800.009,5646.603,5463.43,5292.819,5084.637,4886.286,4675.822,4461.888,4248.895,4011.86,3780.986,3559.291,3318.652,3079.204,2839.85,2603.898,2370.833,2139.441,1922.237,1708.738,1505.996,1309.004,1116.373,940.292,779.658,633.215,507.223,399.131,306.831,231.802,170.529,121.922,84.928,57.424,37.748,24.584,15.628,9.639,5.759,3.334
NGA,2094,7713.051,7711.989,7706.785,7686.378,7695.56,7707.574,7718.68,7714.819,7763.907,7800.864,7790.976,7820.05,7837.104,7845.59,7872.842,7875.035,7902.888,7921.975,7921.289,7966.702,7965.326,7972.415,7919.506,7931.284,7942.051,7953.675,7962.142,7910.83,7920.948,7946.749,7915.631,7941.644,7865.517,7792.515,7757.567,7744.484,7725.937,7687.744,7637.91,7582.06,7542.278,7526.044,7495.781,7485.187,7397.458,7349.682,7284.237,7213.267,7147.052,7111.576,7016.107,6920.506,6851.712,6739.544,6639.418,6538.807,6397.465,6263.704,6139.975,6020.209,5864.847,5705.69,5545.428,5355.633,5178.062,4963.723,4759,4542.34,4321.968,4102.129,3858.877,3621.749,3393.898,3148.756,2905.844,2664.243,2427.163,2194.161,1964.185,1748.963,1539.233,1341.854,1152.712,970.829,806.846,659.476,527.323,415.222,320.58,241.327,178.206,128.007,89.295,60.671,40.01,25.649,16.283,10.08,6.048,3.511
NGA,2095,7695.223,7656.912,7675.174,7675.619,7659.778,7672.624,7687.759,7701.618,7700.206,7751.261,7789.756,7780.945,7810.508,7827.537,7835.499,7861.738,7862.561,7888.746,7906.072,7903.721,7947.563,7944.974,7951.116,7897.662,7908.93,7919.311,7930.584,7938.692,7887.14,7896.798,7922.052,7890.513,7915.92,7839.503,7766.194,7730.761,7716.971,7697.521,7658.264,7607.189,7549.961,7508.664,7490.845,7459.18,7447.204,7358.49,7309.361,7242.29,7169.189,7100.21,7061.187,6962.222,6863.049,6790.571,6675.328,6572.156,6468.423,6323.998,6186.327,6057.605,5931.754,5770.005,5604.001,5436.57,5240.08,5055.506,4835.014,4623.757,4400.53,4173.329,3946.374,3697.04,3454.141,3220.839,2972.157,2726.815,2484.05,2246.905,2015.005,1787.683,1575.988,1371.961,1182.087,1002.828,833.395,682.762,549.434,431.879,333.669,252.274,185.635,133.853,93.814,63.833,42.302,27.206,17,10.51,6.329,3.691
NGA,2096,7639.811,7639.979,7620.878,7644.61,7649.493,7637.347,7653.26,7671.086,7687.307,7687.898,7740.424,7779.902,7771.607,7801.121,7817.613,7824.593,7849.441,7848.651,7873.081,7888.722,7884.916,7927.463,7923.959,7929.421,7875.625,7886.512,7896.554,7907.47,7915.184,7863.348,7872.513,7897.192,7865.228,7890.043,7813.332,7739.665,7703.607,7688.908,7668.334,7627.797,7575.325,7516.655,7473.891,7454.617,7421.678,7408.334,7318.48,7267.633,7198.404,7122.574,7050.273,7007.337,6904.803,6802.196,6726.276,6608.121,6501.852,6394.604,6246.358,6103.835,5969.119,5836.371,5667.72,5494.558,5319.849,5116.648,4925.031,4698.241,4480.057,4249.863,4015.562,3781.575,3526.661,3278.725,3040.906,2789.731,2543.059,2300.212,2064.057,1834.522,1611.431,1405.236,1209.087,1028.81,861.237,705.547,569.1,450.21,347.24,262.723,194.175,139.525,98.166,67.113,44.539,28.785,18.045,10.98,6.603,3.864
NGA,2097,7626.507,7585.722,7604.549,7590.999,7619.018,7627.482,7618.422,7636.97,7657.1,7675.25,7677.343,7730.802,7770.719,7762.409,7791.371,7806.876,7812.5,7835.712,7833.228,7855.979,7870.143,7865.16,7906.704,7902.551,7907.533,7853.525,7864.08,7873.775,7884.298,7891.573,7839.422,7848.069,7872.167,7839.793,7864.009,7786.952,7712.79,7675.907,7660.076,7638.159,7596.185,7542.249,7482.188,7438.09,7417.491,7383.296,7368.42,7277.068,7223.967,7151.977,7072.86,6996.889,6949.939,6843.982,6738.202,6658.992,6537.887,6428.13,6316.601,6163.59,6015.217,5873.695,5733.493,5557.625,5377.203,5195.172,4985.246,4786.39,4552.928,4327.392,4089.952,3848.64,3608.079,3348.34,3096.329,2855.023,2602.477,2355.572,2113.719,1879.839,1654.274,1437.418,1238.943,1052.795,883.978,729.488,588.407,466.584,362.196,273.589,202.363,146.054,102.408,70.285,46.869,30.334,19.108,11.666,6.906,4.035
NGA,2098,7566.213,7573.237,7551.045,7575.185,7565.988,7597.461,7608.91,7602.495,7623.296,7645.301,7664.894,7667.957,7721.818,7761.656,7752.836,7780.8,7794.948,7798.979,7820.471,7816.37,7837.647,7850.607,7844.741,7885.542,7880.941,7885.571,7831.397,7841.612,7850.925,7861.011,7867.814,7815.325,7823.45,7846.98,7814.193,7837.752,7760.213,7685.358,7647.429,7630.249,7606.827,7563.347,7507.995,7446.679,7401.38,7379.472,7343.863,7327.084,7233.706,7177.741,7102.431,7019.68,6939.959,6889.117,6780.005,6671.226,6588.671,6464.232,6350.22,6233.432,6074.652,5919.623,5770.744,5622.73,5439.548,5251.827,5062.424,4845.605,4639.077,4398.532,4165.34,3920.734,3672.875,3426.456,3162.879,2907.855,2664.167,2411.365,2165.32,1925.769,1695.799,1476.25,1267.882,1079.3,905.043,749.147,608.714,482.702,375.605,285.568,210.89,152.333,107.291,73.388,49.129,31.951,20.156,12.364,7.344,4.224
NGA,2099,7536.373,7514.101,7539.142,7522.349,7550.649,7544.962,7579.308,7593.309,7589.145,7611.774,7635.177,7655.688,7659.193,7712.951,7752.223,7742.456,7769.057,7781.61,7783.967,7803.814,7798.306,7818.38,7830.427,7823.939,7864.195,7859.271,7863.597,7809.251,7819.09,7827.978,7837.594,7843.901,7791.072,7798.689,7821.647,7788.391,7811.154,7732.932,7657.165,7617.974,7599.278,7574.279,7529.338,7472.708,7410.272,7363.791,7340.413,7303.023,7283.793,7187.789,7128.39,7049.409,6962.947,6879.615,6825.128,6713.04,6601.219,6514.918,6386.38,6267.125,6144.025,5978.669,5816.437,5659.847,5503.878,5313.338,5118.276,4921.293,4697.165,4482.483,4234.559,3993.763,3742.448,3488.763,3237.438,2971.108,2714.203,2469.24,2217.292,1973.436,1737.852,1513.881,1302.656,1104.977,928.238,767.361,625.426,499.62,388.797,296.314,220.263,158.862,111.985,76.944,51.338,33.517,21.247,13.053,7.79,4.495
NGA,2100,7503.616,7485.27,7480.809,7510.974,7498.411,7530.052,7527.276,7564.068,7580.233,7577.891,7601.877,7626.166,7647.081,7650.527,7703.703,7741.974,7730.899,7755.9,7766.778,7767.538,7785.942,7779.298,7798.455,7809.847,7802.932,7842.766,7837.564,7841.578,7787.026,7796.447,7804.876,7813.998,7819.804,7766.653,7773.756,7796.085,7762.223,7783.982,7704.857,7627.965,7587.347,7567.062,7540.527,7494.262,7436.487,7372.956,7325.138,7299.922,7260.21,7237.903,7138.715,7075.525,6992.795,6902.772,6816.097,6758.124,6643.025,6527.779,6436.94,6303.319,6177.766,6047.499,5875.023,5705.25,5540.819,5376.813,5178.882,4976.278,4771.258,4539.365,4316.167,4060.94,3812.984,3555.686,3297.144,3041.977,2774.058,2516.412,2271.286,2021.549,1781.582,1552.094,1336.478,1135.839,950.815,787.458,641.01,513.66,402.697,306.949,228.733,166.064,116.892,80.388,53.878,35.059,22.312,13.774,8.231,4.773
