AZE,1950,0.14054401,0.02002017,0.01265601,0.0082063,0.00553322,0.00382063,0.00278126,0.00223725,0.00201629,0.00195639,0.00185938,0.00185709,0.00193688,0.00207454,0.00225742,0.00247532,0.00273807,0.00303627,0.00334066,0.00362135,0.00384521,0.00399287,0.00406791,0.00408599,0.00406859,0.00403416,0.00400274,0.00399637,0.00402358,0.00408703,0.00418222,0.00430471,0.00444366,0.00458283,0.0047188,0.00486823,0.0050467,0.00527096,0.00554918,0.00588349,0.00626911,0.00667745,0.00707584,0.00746799,0.00786897,0.00831209,0.00882703,0.00944214,0.01019835,0.0110979,0.01211661,0.0132508,0.01450109,0.01582999,0.01720672,0.01862564,0.02014655,0.02184942,0.02369255,0.02570447,0.02833655,0.03038484,0.03250176,0.03462387,0.03679525,0.03915502,0.04188568,0.04513192,0.04895025,0.05338667,0.05852789,0.06428503,0.07058599,0.07743931,0.08468206,0.09230456,0.10065435,0.1100505,0.12043911,0.13167893,0.14371408,0.15631306,0.1691466,0.18301488,0.19794502,0.21365788,0.23156952,0.25164613,0.2723884,0.29614005,0.3189472,0.34337123,0.36513814,0.38987685,0.41462916,0.45256272,0.4874152,0.52497502,0.56539993,0.60878673
AZE,1951,0.13939068,0.01873437,0.01293215,0.00841755,0.00568798,0.00396571,0.00288517,0.00229107,0.00202205,0.00192051,0.0018323,0.00182462,0.00188942,0.0020221,0.0022077,0.00243499,0.00268997,0.00297622,0.00327596,0.00355054,0.00377796,0.00393641,0.0040213,0.00404381,0.00402876,0.00400008,0.0039759,0.00397438,0.00400515,0.00406996,0.0041609,0.00426597,0.00438652,0.0045165,0.00464981,0.00479142,0.00496241,0.00518158,0.00545828,0.00579049,0.00617047,0.00658407,0.00700352,0.00740356,0.00780246,0.00823542,0.00873665,0.00933465,0.01004573,0.01089612,0.01188803,0.01298529,0.01417848,0.01547053,0.0168298,0.01825647,0.01976406,0.02141977,0.0232913,0.02531967,0.02788903,0.02986244,0.03191599,0.03404665,0.03621897,0.03853549,0.04118328,0.04434944,0.04816677,0.05262393,0.05771672,0.06343061,0.06968586,0.07649907,0.08373908,0.0914122,0.09953961,0.1084824,0.11858318,0.12970899,0.14166679,0.15441522,0.16775546,0.18145282,0.1963707,0.21248627,0.22952261,0.24878296,0.27011269,0.29173849,0.31601593,0.33876638,0.36336262,0.3857384,0.41231681,0.44882168,0.48347356,0.52083639,0.56107429,0.60431444
AZE,1952,0.137085,0.01885791,0.01174353,0.00834224,0.00566042,0.00376513,0.00265756,0.00211763,0.00193754,0.00190328,0.00180834,0.00180809,0.00186791,0.00198514,0.00216472,0.00239494,0.00266164,0.00293948,0.00322661,0.00349779,0.00372098,0.00388542,0.00398317,0.00401723,0.00400803,0.0039828,0.00396518,0.0039718,0.00400877,0.00407883,0.00417304,0.00427575,0.00438022,0.00449283,0.00461793,0.00475775,0.00492141,0.00513339,0.00540548,0.00573739,0.00611719,0.00652757,0.00695605,0.00738242,0.00779435,0.0082304,0.00872694,0.00931744,0.0100184,0.01082966,0.01177829,0.01285664,0.01402035,0.01526071,0.01658912,0.01800536,0.01953006,0.02118191,0.02301592,0.02508984,0.02769406,0.02963629,0.03163728,0.0337272,0.03593306,0.03827665,0.04090753,0.04401679,0.04778196,0.0522754,0.05743985,0.06316478,0.06944583,0.07628891,0.08356984,0.09132964,0.09961791,0.10846586,0.11823433,0.12921113,0.14122694,0.15409098,0.16781185,0.18229316,0.19726962,0.21364377,0.23142132,0.25005973,0.27089434,0.29357086,0.31599653,0.34079901,0.36406951,0.38995619,0.41450379,0.45224173,0.48749883,0.52556942,0.56661226,0.61078605
AZE,1953,0.1348114,0.01864958,0.0117388,0.00753441,0.00557288,0.00431564,0.00335444,0.00265356,0.00218293,0.00192173,0.00183309,0.00182526,0.00189282,0.00200713,0.00217311,0.00240134,0.00267817,0.00297735,0.00326192,0.00352632,0.00375244,0.00391749,0.00402433,0.00407219,0.0040741,0.00405375,0.00403876,0.00405171,0.00409739,0.00417493,0.00427613,0.00438385,0.00448738,0.00458499,0.0046944,0.00482861,0.00499392,0.00520269,0.00547298,0.00580721,0.00619517,0.00661457,0.00704912,0.00749462,0.00794317,0.00840135,0.00891045,0.00950695,0.01021305,0.01102895,0.01195375,0.01300707,0.01417494,0.01541046,0.01671297,0.0181287,0.01967765,0.02138608,0.02325686,0.02533545,0.0280407,0.03006467,0.0320717,0.03414812,0.03635618,0.03878166,0.04149156,0.04464341,0.04842313,0.05295185,0.05825724,0.06417225,0.07059086,0.07760021,0.08506276,0.09302326,0.10156284,0.11073238,0.12056163,0.13136828,0.14343316,0.15658837,0.1706716,0.1858173,0.20191279,0.21860824,0.23695116,0.25671473,0.27718131,0.29967961,0.32363532,0.34677881,0.37267751,0.39750854,0.42628811,0.46254861,0.49852127,0.53737742,0.57928326,0.6243948
AZE,1954,0.13257021,0.01825751,0.01159109,0.00751862,0.00503092,0.00345089,0.00252213,0.00206988,0.00191471,0.00188203,0.00180195,0.00180108,0.00186039,0.00198069,0.0021401,0.00234691,0.00261408,0.00291741,0.00321868,0.00347215,0.00368429,0.00384747,0.00395159,0.00400658,0.00402142,0.00401228,0.00400267,0.00401842,0.00406999,0.00415512,0.00426182,0.00437391,0.00447946,0.0045729,0.00466353,0.00477798,0.00493335,0.00513874,0.00539911,0.00572313,0.00610369,0.00652088,0.00695342,0.00739316,0.0078496,0.00833398,0.00885292,0.00944733,0.01014155,0.01094148,0.01184651,0.01284573,0.01395486,0.01516106,0.01642273,0.01777257,0.01928037,0.02097064,0.02285346,0.02491692,0.02755977,0.02962651,0.03166288,0.03368781,0.03582155,0.03818451,0.04090847,0.04406081,0.04778824,0.05221621,0.05742142,0.0633276,0.06977486,0.07674182,0.08417836,0.09211635,0.10063778,0.10982429,0.11972253,0.13028747,0.14182378,0.15465721,0.16865336,0.1837572,0.2001117,0.2175428,0.23570361,0.2555055,0.27659554,0.29802517,0.32108279,0.34518109,0.36853946,0.39547775,0.42233374,0.45977378,0.49575744,0.53473776,0.57690808,0.62243598
AZE,1955,0.1303608,0.01780501,0.01121884,0.00734288,0.00496547,0.00343497,0.00251762,0.00205715,0.00189107,0.0018527,0.00177723,0.00178255,0.0018481,0.00196006,0.00212751,0.00232868,0.00257264,0.00286791,0.00317798,0.00345319,0.00365532,0.00380579,0.00390953,0.00396277,0.003985,0.00398846,0.00398953,0.00401021,0.00406437,0.00415553,0.00427023,0.00438813,0.00449797,0.00459304,0.00467875,0.00477346,0.00490839,0.00510396,0.00536172,0.00567668,0.00604842,0.00646049,0.00689381,0.00733437,0.00778718,0.00828196,0.00883031,0.0094363,0.01012924,0.01091778,0.01180728,0.01278729,0.01384084,0.01498809,0.01622424,0.01753674,0.01898149,0.02063756,0.02251183,0.02459886,0.02723178,0.02925457,0.03134676,0.03341066,0.03549577,0.03778469,0.04044676,0.04361778,0.04734778,0.05172288,0.056827,0.06263793,0.0690907,0.07610233,0.08350808,0.09143408,0.09994901,0.10913732,0.1190761,0.12972653,0.14098084,0.15321308,0.16684494,0.18183442,0.1981156,0.21579501,0.23471886,0.25427993,0.27536365,0.29741806,0.31925781,0.34234469,0.36668528,0.39086861,0.41994196,0.45729569,0.49348748,0.53277417,0.57542862,0.62168838
AZE,1956,0.12818196,0.01735128,0.01095703,0.00712146,0.00486087,0.00341977,0.0025355,0.00206681,0.00187683,0.0018226,0.001755,0.00176441,0.00183662,0.00195635,0.00211553,0.00232665,0.00256431,0.00283143,0.00313137,0.00341649,0.00364295,0.00378497,0.00387815,0.00393298,0.00395483,0.00396641,0.00398078,0.00401324,0.00407369,0.004169,0.00429175,0.0044203,0.0045391,0.00464192,0.00473286,0.00482626,0.00494425,0.00512114,0.00537048,0.00568448,0.00604845,0.00645305,0.00688316,0.00732747,0.00778496,0.0082805,0.0088455,0.0094909,0.01020775,0.01100888,0.01190194,0.0128828,0.01393452,0.0150406,0.01623041,0.01753109,0.0189506,0.02055288,0.02240396,0.02449718,0.02717514,0.02921481,0.03128185,0.03342853,0.03558648,0.03786513,0.04049541,0.04365112,0.04745945,0.05191204,0.05705082,0.06285348,0.06930775,0.07643551,0.08401964,0.09206026,0.10071838,0.11006089,0.1201715,0.13106438,0.1426732,0.15494536,0.16831092,0.18330797,0.19991562,0.21800948,0.23773831,0.25868756,0.28006441,0.30269898,0.3258363,0.34824291,0.37226064,0.39834825,0.4253603,0.4653383,0.50186838,0.54142966,0.58423448,0.63055048
AZE,1957,0.12603289,0.01686665,0.01070247,0.00697178,0.00472596,0.00329421,0.00243204,0.00198921,0.00181949,0.00177987,0.00172001,0.001735,0.00180958,0.00193498,0.0021019,0.00230324,0.00255259,0.002812,0.00307998,0.00335549,0.00359358,0.00375977,0.00384298,0.00388649,0.00390928,0.00391992,0.00394167,0.00398648,0.00405776,0.00415831,0.00428393,0.00441911,0.00454676,0.00465607,0.00475187,0.0048475,0.00496113,0.00511767,0.00534493,0.00564762,0.00600812,0.00640202,0.00682189,0.00726042,0.0077188,0.00821507,0.00877564,0.00943186,0.01018141,0.01099657,0.01188962,0.012859,0.01389493,0.01498144,0.01611005,0.01734562,0.01873763,0.02029815,0.02207824,0.02413223,0.02679395,0.02886477,0.0309302,0.03302998,0.03524964,0.03757124,0.04014939,0.04322459,0.04696353,0.05143334,0.05657354,0.06232323,0.06867467,0.07570514,0.0832987,0.09140004,0.10004164,0.10939132,0.11951604,0.13043178,0.14210487,0.15447152,0.16753215,0.18189031,0.19812048,0.21614355,0.23585432,0.2571788,0.27954984,0.30193317,0.3250878,0.34828155,0.3708828,0.39593698,0.42431528,0.46430423,0.50132666,0.54150711,0.58514153,0.632474
AZE,1958,0.123911,0.01645935,0.01038984,0.00679659,0.00461979,0.00322063,0.00237448,0.00193909,0.00177136,0.00173118,0.00167891,0.00169967,0.0017787,0.00190604,0.00207909,0.00228947,0.00252716,0.00280035,0.00305891,0.00329852,0.00352723,0.00370656,0.00381478,0.00384901,0.00386124,0.0038731,0.00389384,0.00394578,0.0040294,0.00414096,0.004272,0.00441026,0.00454494,0.00466368,0.00476654,0.00486758,0.00498407,0.00513667,0.00534279,0.00562187,0.00597002,0.00636002,0.00676841,0.00719605,0.00764836,0.00814556,0.00870676,0.00935807,0.01011909,0.01097004,0.01187936,0.01284996,0.01387497,0.01494604,0.01605523,0.01722606,0.01854855,0.02007988,0.02181544,0.02379355,0.02640866,0.02847205,0.03057121,0.0326699,0.03484087,0.03722833,0.03985342,0.04287469,0.04652864,0.05092514,0.05608594,0.06184196,0.06814372,0.0750712,0.08256726,0.09068403,0.09939905,0.10874056,0.11888233,0.12982262,0.14153529,0.15399296,0.16717639,0.18123376,0.19681049,0.21446308,0.23414083,0.25548914,0.27830871,0.30180317,0.3246964,0.34792142,0.37141002,0.39499337,0.42238558,0.46319831,0.50008726,0.54002006,0.58328173,0.63019647
AZE,1959,0.12181081,0.01606425,0.01012748,0.00659547,0.00449866,0.00311925,0.00223786,0.00175187,0.00155914,0.00155657,0.00164015,0.0016665,0.00175029,0.001882,0.0020576,0.00227591,0.00252529,0.00278579,0.00306144,0.0032911,0.0034825,0.00365417,0.00377725,0.00383709,0.00384073,0.0038425,0.00386448,0.00391528,0.0040061,0.00413058,0.00427352,0.00441806,0.00455661,0.00468329,0.0047965,0.00490558,0.00502853,0.00518524,0.00538859,0.00564659,0.00597085,0.00634924,0.00675529,0.00717272,0.00761561,0.00810856,0.00867308,0.00932767,0.0100866,0.01095365,0.01190614,0.01289953,0.01393124,0.01499615,0.01609459,0.01725053,0.01850947,0.01997292,0.02168518,0.02362495,0.0261671,0.02820004,0.03030157,0.03244582,0.03462532,0.03697176,0.03967752,0.04276134,0.04637309,0.05069776,0.05580332,0.06160886,0.0679485,0.07485845,0.08228357,0.09033549,0.09910638,0.10857153,0.11875423,0.12976727,0.14156636,0.1541353,0.16748849,0.18173839,0.19707156,0.21411781,0.23349831,0.25492716,0.27789133,0.30199174,0.32620149,0.34922998,0.37285005,0.39752495,0.42347471,0.46613917,0.50944921,0.55830092,0.61344423,0.67571309
AZE,1960,0.11972739,0.01565152,0.00987878,0.00642342,0.004364,0.0030384,0.00221935,0.00177917,0.00159082,0.00152741,0.00145856,0.00161065,0.00169795,0.00183224,0.00201017,0.00222883,0.0024846,0.0027555,0.0030133,0.00325901,0.0034372,0.00356907,0.00368414,0.00375857,0.00378744,0.00378121,0.00379316,0.00384442,0.00393281,0.00406301,0.0042176,0.0043729,0.0045165,0.00464586,0.0047661,0.00488489,0.00501533,0.00517775,0.00538402,0.00563714,0.00593608,0.00628515,0.00667466,0.00708532,0.00751294,0.00799089,0.00854498,0.00919613,0.00995061,0.01080653,0.0117666,0.01279664,0.01384317,0.01490517,0.01598667,0.01712028,0.01835126,0.01973289,0.02135652,0.02325305,0.02572844,0.0276703,0.02971937,0.03184383,0.03404802,0.03637849,0.0390131,0.04214972,0.04579107,0.05002892,0.05501014,0.0607032,0.06703643,0.0739227,0.08126329,0.08916729,0.09778543,0.10721556,0.11743224,0.12838641,0.14015537,0.15270491,0.16606188,0.18036462,0.19574885,0.21239267,0.23096669,0.25188906,0.2747418,0.29878356,0.32342757,0.34766238,0.37084321,0.39543477,0.42235592,0.46579352,0.50504626,0.54800019,0.59489844,0.64613367
AZE,1961,0.11765678,0.01526802,0.00960538,0.0062513,0.00423972,0.00293995,0.00213828,0.00171006,0.00153145,0.00147889,0.0014266,0.00142753,0.00163617,0.00177207,0.00195075,0.00217036,0.00242517,0.00270224,0.00297071,0.00319627,0.00339135,0.00351009,0.00358683,0.00365461,0.00369822,0.00371676,0.00372124,0.00376218,0.00385004,0.00397659,0.00413594,0.00430256,0.00445693,0.0045914,0.00471437,0.00484032,0.00498074,0.00515106,0.00536345,0.00561981,0.00591381,0.0062361,0.00659442,0.0069873,0.0074073,0.00786836,0.00840528,0.00904336,0.00979188,0.01064103,0.01158746,0.012624,0.01370901,0.0147874,0.01586689,0.01698364,0.01819181,0.01954444,0.02108241,0.02288596,0.02531077,0.02719509,0.02915093,0.03121899,0.03339822,0.03574894,0.03836017,0.0414152,0.04510356,0.04936639,0.05425435,0.05982019,0.06604142,0.07292664,0.08025264,0.08808265,0.09655782,0.10583256,0.11601217,0.1270106,0.13873576,0.15127903,0.16464852,0.17898855,0.19445378,0.21116695,0.22938744,0.24953413,0.27191648,0.29592961,0.32061503,0.34543746,0.37004549,0.39427982,0.42122576,0.46104921,0.49849115,0.53919196,0.58337213,0.63122573
AZE,1962,0.11559581,0.01487738,0.0093603,0.00607018,0.00411917,0.00286018,0.00207751,0.00165496,0.00147679,0.00142765,0.00138988,0.00140465,0.00145835,0.00171728,0.00189755,0.00211907,0.00237739,0.00265646,0.00293497,0.00317426,0.00334939,0.00348609,0.00354942,0.00358013,0.00361804,0.00365105,0.00367914,0.00371194,0.00378906,0.00391508,0.00407126,0.00424376,0.0044107,0.0045568,0.00468524,0.00481398,0.00496159,0.00514192,0.00536215,0.00562438,0.00592117,0.00623751,0.00656702,0.00692738,0.00732973,0.00778391,0.00830423,0.00892549,0.00966172,0.01050634,0.01144745,0.01247156,0.01356565,0.01468631,0.01578268,0.01689514,0.01808189,0.01940533,0.02090642,0.02261375,0.02493148,0.02677246,0.02867021,0.03064641,0.03277357,0.03510361,0.03773906,0.04076967,0.04437006,0.04867666,0.05357729,0.05902529,0.06509316,0.07184208,0.0791463,0.08693258,0.09529981,0.10439527,0.11438448,0.12531504,0.13705117,0.14950533,0.16282161,0.17712465,0.1925686,0.2092731,0.22740369,0.24698737,0.26834568,0.29167202,0.31613541,0.34077835,0.36575495,0.39123061,0.41747098,0.4567597,0.49399207,0.53442573,0.57840293,0.62616533
AZE,1963,0.11354904,0.01448671,0.00911237,0.00590851,0.00399526,0.00276163,0.00200014,0.00159346,0.00142474,0.00137729,0.00133242,0.00135915,0.00142543,0.00152085,0.00182692,0.00204718,0.00230482,0.00258566,0.00286448,0.00311327,0.00330191,0.00341774,0.00349941,0.00351791,0.00352053,0.00354804,0.00358992,0.00364574,0.00371409,0.00382789,0.00398196,0.00414979,0.00432169,0.00447997,0.00461975,0.00475357,0.00490341,0.00509039,0.0053203,0.00559011,0.00589238,0.00621087,0.00653318,0.00686197,0.00722856,0.00766201,0.00817224,0.00877231,0.00948618,0.01031266,0.01124381,0.01225737,0.01333338,0.01445939,0.01559796,0.01672615,0.01790546,0.0192027,0.02066896,0.02233336,0.02453953,0.0262741,0.02812328,0.03003435,0.03205799,0.03432117,0.0369188,0.03995667,0.04351081,0.04770213,0.05262796,0.05807273,0.06400253,0.07057735,0.07772687,0.08547903,0.0937897,0.10275932,0.11253875,0.12323917,0.13487639,0.14732403,0.16053499,0.174773,0.19016776,0.20683684,0.22494766,0.2444543,0.26525787,0.28750255,0.31126592,0.33573656,0.36059823,0.38655242,0.4142057,0.45256817,0.49010532,0.53111276,0.57582834,0.62465952
AZE,1964,0.11152541,0.01410011,0.00886491,0.00574985,0.00388618,0.00268287,0.00193976,0.00154294,0.00137912,0.00133524,0.00129611,0.00131365,0.00139051,0.0014987,0.00163177,0.0019874,0.00224503,0.00252789,0.00281235,0.003065,0.00326637,0.00339753,0.00345935,0.00349637,0.00348724,0.00348063,0.00351714,0.00358636,0.00367766,0.00378268,0.00392483,0.00409171,0.00426035,0.00442536,0.00457894,0.00472533,0.00488125,0.00507149,0.00530959,0.00559125,0.00590344,0.00622956,0.00655589,0.00687864,0.00721389,0.0076122,0.00810354,0.00869637,0.00939187,0.01019966,0.01111757,0.01212763,0.0132003,0.01431552,0.0154687,0.01665,0.0178527,0.01914784,0.02059218,0.02222641,0.02439279,0.02602892,0.02777893,0.02965239,0.03162193,0.03379188,0.03633448,0.03934797,0.04292682,0.04708878,0.05191634,0.05741679,0.06337332,0.06983305,0.07683675,0.08446807,0.0927865,0.10174077,0.11143503,0.12196609,0.13341929,0.1458257,0.15909529,0.17329191,0.18869301,0.20539149,0.22354934,0.24312179,0.26392737,0.2856533,0.30832258,0.33214229,0.35691768,0.38282597,0.4110558,0.44808904,0.48494989,0.52523962,0.56927507,0.61732019
AZE,1965,0.10952876,0.0137056,0.00863086,0.00559454,0.00378445,0.00261367,0.0018852,0.00149122,0.00132454,0.00127819,0.00124308,0.00126413,0.00132951,0.00144637,0.00159091,0.00175712,0.00215641,0.00243574,0.00271994,0.0029771,0.00318128,0.00332456,0.00340121,0.00341876,0.00342803,0.00341041,0.00341322,0.00347583,0.00357888,0.00370564,0.00383701,0.00398971,0.00415556,0.00431564,0.00447459,0.00463349,0.00480048,0.00499482,0.00523364,0.00552081,0.0058423,0.00617546,0.00650614,0.00682937,0.00715438,0.00751543,0.00796459,0.00853086,0.00921077,0.00999005,0.01087797,0.01186301,0.01292088,0.0140213,0.01515112,0.01633587,0.01758231,0.01888752,0.02031283,0.02190524,0.02401391,0.02559591,0.02722623,0.02897823,0.03088874,0.03297949,0.03539686,0.03831773,0.04182773,0.04596664,0.05070686,0.0560412,0.06199218,0.0684102,0.07521858,0.08261741,0.09072198,0.09958999,0.10916433,0.11949258,0.13064301,0.14272124,0.15580241,0.16991178,0.18511221,0.20164179,0.21963579,0.23904889,0.25971207,0.28123251,0.30310953,0.32550205,0.34934035,0.37490129,0.40278757,0.43821356,0.47318164,0.51106807,0.5522336,0.59696134
AZE,1966,0.10756103,0.01336447,0.00837768,0.00544095,0.0036779,0.00253656,0.00183226,0.00145671,0.00130198,0.00126041,0.0012226,0.00124618,0.00131505,0.00142134,0.0015777,0.00175962,0.00195833,0.00240134,0.00268869,0.00295342,0.00316967,0.0033219,0.00341512,0.0034502,0.0034425,0.00344398,0.00343723,0.00346773,0.00356552,0.00370642,0.00386354,0.00400954,0.00416543,0.00432719,0.00448543,0.00465408,0.00483846,0.00504962,0.00529941,0.00559562,0.00593273,0.00628674,0.00663665,0.00697668,0.00731499,0.00767938,0.00810538,0.00864573,0.00931875,0.01010581,0.01099055,0.01197369,0.01303745,0.01415693,0.01530793,0.01650679,0.01779875,0.0191968,0.02068606,0.02231972,0.0244596,0.026058,0.02770175,0.02940226,0.03126151,0.03336854,0.03578847,0.03867497,0.04219797,0.04639489,0.05126781,0.05669052,0.06267228,0.06931638,0.07633945,0.08382379,0.09200936,0.10100644,0.1108761,0.12150359,0.13290784,0.14517222,0.15844897,0.17292876,0.18866626,0.20568787,0.22426392,0.24431562,0.26567473,0.28798308,0.31066901,0.33335359,0.35689806,0.38273531,0.41161991,0.44756012,0.48291455,0.52075665,0.56111728,0.60368055
AZE,1967,0.10563853,0.0129281,0.00820552,0.00530217,0.00359017,0.00249086,0.0018048,0.00143141,0.00127048,0.00122191,0.00118332,0.00120259,0.00127197,0.00137916,0.00152094,0.00171218,0.00192466,0.00214142,0.00260268,0.00286717,0.0030887,0.00325099,0.0033512,0.003401,0.00340934,0.00339375,0.00340493,0.00342513,0.00348926,0.00362235,0.00379097,0.00396023,0.00410609,0.00425463,0.00441172,0.0045766,0.00476752,0.00499255,0.00525508,0.00555712,0.0058971,0.00626013,0.00662383,0.00697525,0.00732204,0.00769081,0.00810997,0.00861417,0.0092459,0.01000917,0.01088375,0.01184288,0.01288229,0.01398449,0.01513092,0.01632587,0.0176047,0.01901995,0.02057126,0.0222313,0.02436699,0.02594208,0.0275572,0.02922475,0.03098347,0.03298816,0.03537054,0.038199,0.04161611,0.04574076,0.05056978,0.05601202,0.06194959,0.0684722,0.0755615,0.0830779,0.09114077,0.09999845,0.10976069,0.12042827,0.13185068,0.14406617,0.15720489,0.17153027,0.18723988,0.20436689,0.22296926,0.24311709,0.2646044,0.28706218,0.30994486,0.33271824,0.35575808,0.38049253,0.40878162,0.44556747,0.4805926,0.51810707,0.55772581,0.59895334
AZE,1968,0.10379148,0.01264429,0.00791951,0.00517729,0.0034883,0.00238567,0.00171095,0.0013565,0.00121524,0.00118024,0.00114329,0.00115979,0.00122283,0.00132896,0.00147065,0.00164559,0.00186803,0.00209998,0.00231711,0.00277003,0.00299257,0.00316156,0.00327249,0.00332928,0.00335153,0.00335069,0.00334409,0.003381,0.00343337,0.00353079,0.00369062,0.0038714,0.00404073,0.00417801,0.00432086,0.00448401,0.00467031,0.00490099,0.0051765,0.00549008,0.00583408,0.00619779,0.00656837,0.00693103,0.00728548,0.00765786,0.00807542,0.00856539,0.00915097,0.00986226,0.01070353,0.01164411,0.01265028,0.01371919,0.01484016,0.01602249,0.01728725,0.01867572,0.02022923,0.02193385,0.02406615,0.02561428,0.02717739,0.0287865,0.03048102,0.03235009,0.03459205,0.03734314,0.04065591,0.04462143,0.04932182,0.05465861,0.06055244,0.06695308,0.0738318,0.08132586,0.0893118,0.0979067,0.10737179,0.11776538,0.12905447,0.14108896,0.15395415,0.16789305,0.18318185,0.19998494,0.21837071,0.23818274,0.259383,0.28157799,0.30420659,0.32672448,0.34932055,0.37288378,0.39928051,0.43499744,0.46873183,0.50464816,0.54231679,0.58502667
AZE,1969,0.1020495,0.01239701,0.00771629,0.00498184,0.00339381,0.00236853,0.00172239,0.00136431,0.00120355,0.00114962,0.0011098,0.00112664,0.00118595,0.00128477,0.00142439,0.00159826,0.00180212,0.00204453,0.00227807,0.00247227,0.00289839,0.00307123,0.00319144,0.00326107,0.00329224,0.00330668,0.00331623,0.00333675,0.00340703,0.00349411,0.00361808,0.00378985,0.00397144,0.00413423,0.00426729,0.00441687,0.00460175,0.00482771,0.00510936,0.00543776,0.00579628,0.00616746,0.00654264,0.00691722,0.00728928,0.00767703,0.00810744,0.00860648,0.00918944,0.00986502,0.01066387,0.01158148,0.01258081,0.01362731,0.01472576,0.01589408,0.01716026,0.01855189,0.02009957,0.02183431,0.02404873,0.02564339,0.02722376,0.0288271,0.03051178,0.0323671,0.03452384,0.03718647,0.04048272,0.04441335,0.04902847,0.05431707,0.06019608,0.06666311,0.07353948,0.08095064,0.08907303,0.09778274,0.10720729,0.11755608,0.12885067,0.1410701,0.15411956,0.16819786,0.18353432,0.20036571,0.21889763,0.239028,0.2604814,0.28302489,0.30608313,0.3291144,0.35223015,0.3761954,0.40269033,0.43950551,0.47389465,0.51065504,0.54928899,0.58864426
AZE,1970,0.10047004,0.01211462,0.00757448,0.0048601,0.0032702,0.00225386,0.0016261,0.00129019,0.00114985,0.00110893,0.00106922,0.00108143,0.00113896,0.00123175,0.00136147,0.00153078,0.00173185,0.00195279,0.0021968,0.00240805,0.00256257,0.00294641,0.00307068,0.00314943,0.00319263,0.00321507,0.00323831,0.00327309,0.00332532,0.00342818,0.0035392,0.00367243,0.00384345,0.00401739,0.00417443,0.00431191,0.00448063,0.0047023,0.00497568,0.00530648,0.00567599,0.00605749,0.00643529,0.00680907,0.00718719,0.00758559,0.0080228,0.00852456,0.00910449,0.0097631,0.0105086,0.01136526,0.01232393,0.01334688,0.0144051,0.01553275,0.01676571,0.01813703,0.01966118,0.0213581,0.02356047,0.02520511,0.02679275,0.02837087,0.03000413,0.03180049,0.03388773,0.03639999,0.0395327,0.04336333,0.04784891,0.05294892,0.05866966,0.06499654,0.07180853,0.07906697,0.08693591,0.09560062,0.10492667,0.11498391,0.12596018,0.13789367,0.15080242,0.16469544,0.1797755,0.19622578,0.21432276,0.23408516,0.25530195,0.27751473,0.30033228,0.32319896,0.34619392,0.36991846,0.39561207,0.4316688,0.46540522,0.50182087,0.53979211,0.58229513
AZE,1971,0.09911284,0.01192197,0.00738818,0.0047572,0.00318311,0.00217009,0.00155308,0.00123148,0.00110522,0.00107439,0.0010375,0.0010481,0.00109979,0.00119003,0.00131311,0.00147229,0.00166874,0.00188827,0.00211146,0.00233681,0.00251166,0.00262101,0.00296406,0.00304895,0.00310224,0.00313687,0.00316796,0.0032159,0.00328203,0.00336631,0.00349374,0.00361416,0.00374641,0.00391092,0.00408071,0.00424362,0.00440045,0.00460584,0.00487531,0.00519847,0.00557224,0.00596767,0.00635876,0.0067376,0.00711702,0.00752367,0.0079738,0.0084846,0.0090697,0.00972787,0.01045853,0.01126218,0.01216054,0.01314594,0.01418584,0.01527756,0.01647408,0.0178169,0.01932654,0.02100582,0.02317084,0.02482519,0.02647315,0.02806672,0.02968098,0.03142988,0.03346108,0.03590608,0.03888768,0.04255562,0.04694978,0.05193287,0.057481,0.0636701,0.07036525,0.07758927,0.08533055,0.09376313,0.10308475,0.1130848,0.12379927,0.13544687,0.14810941,0.16190354,0.17684077,0.19308727,0.21084848,0.23021797,0.25112453,0.2731744,0.29573409,0.31846105,0.34140323,0.36509883,0.39059551,0.42632201,0.45902481,0.49398302,0.5323461,0.57551802
AZE,1972,0.09799918,0.01173782,0.00727894,0.00464858,0.00311819,0.00213905,0.00153232,0.00120605,0.00106851,0.00102827,0.00099189,0.00100354,0.00105191,0.00113406,0.00125192,0.00140105,0.00158374,0.00179472,0.00201391,0.00221541,0.00240405,0.00253391,0.00260053,0.00290333,0.00296289,0.00300707,0.00304946,0.0031041,0.00318192,0.00327873,0.00338542,0.00352111,0.00363888,0.00376207,0.00392019,0.00409373,0.00427415,0.0044643,0.00471266,0.00502666,0.00538694,0.00578153,0.00618233,0.00657042,0.00695047,0.00735337,0.00780639,0.00832441,0.00891215,0.00956859,0.01029091,0.01107032,0.01190305,0.01281382,0.01380244,0.01486227,0.01600658,0.01729457,0.0187557,0.02039905,0.02251446,0.02412272,0.02576361,0.02740281,0.0290178,0.03073042,0.03269136,0.03505079,0.03792882,0.04139778,0.04557229,0.05040615,0.05577382,0.06171689,0.06819525,0.07521453,0.08283104,0.09103185,0.10000196,0.10989175,0.12044207,0.13170314,0.14394958,0.15736006,0.1720476,0.18798539,0.20537825,0.22422265,0.24450962,0.26603004,0.2882374,0.31051084,0.33313571,0.35662168,0.38189415,0.4166321,0.44927561,0.4832553,0.52034559,0.56427061
AZE,1973,0.09712121,0.01161845,0.00716938,0.00458214,0.00305022,0.00206703,0.00146581,0.00115056,0.00102562,0.00099534,0.00096253,0.00097299,0.00102144,0.00110004,0.00120966,0.00135387,0.00152688,0.00172542,0.00193831,0.00213966,0.00230791,0.00245613,0.00254649,0.00257999,0.00285888,0.00291048,0.00296238,0.00302796,0.00311263,0.00322176,0.00334241,0.00345896,0.00359449,0.0037056,0.00382449,0.00398823,0.00418105,0.00439711,0.00463239,0.0049276,0.00528226,0.00566776,0.0060735,0.00647791,0.00687391,0.00728389,0.00773993,0.00826887,0.00887371,0.00954466,0.01027921,0.0110658,0.01189048,0.01275074,0.01368028,0.01470553,0.01583656,0.01709144,0.01851908,0.02013892,0.02224468,0.02384948,0.02547676,0.02714359,0.02884052,0.03059216,0.0325587,0.03489474,0.0377425,0.04117515,0.04522884,0.04993511,0.05526195,0.06114443,0.06750648,0.07443857,0.08198523,0.09021439,0.09911249,0.10882604,0.11948172,0.13082331,0.14295494,0.15626221,0.17091432,0.18698184,0.20448153,0.22342122,0.24367369,0.26508788,0.28731989,0.30987786,0.33272453,0.35659622,0.38244,0.41715873,0.4502934,0.48510958,0.52224591,0.56562396
AZE,1974,0.09645122,0.01146307,0.00712861,0.00453301,0.00301985,0.00205577,0.00146164,0.00114509,0.00101427,0.00097742,0.00094065,0.00095284,0.00099917,0.00107766,0.00118408,0.00132082,0.00149073,0.00168194,0.00188554,0.00208424,0.00225637,0.00238655,0.0024975,0.00255546,0.00256825,0.00283826,0.00289746,0.0029725,0.00306835,0.0031847,0.00331821,0.00344918,0.00356505,0.00369463,0.00380065,0.00392481,0.00410954,0.0043405,0.00460433,0.00488706,0.00522434,0.00560765,0.00600816,0.00642205,0.00683829,0.00726667,0.00773107,0.00826382,0.00888054,0.00956929,0.01031752,0.01111379,0.01194146,0.01278765,0.01365831,0.01461832,0.01571228,0.01695351,0.01834661,0.01993117,0.02200788,0.02360694,0.02522592,0.02687185,0.02858776,0.03040754,0.03238914,0.03469907,0.03748406,0.04084019,0.04480476,0.04933049,0.05447185,0.06026186,0.06651321,0.07328281,0.08070115,0.08881719,0.09770244,0.10728588,0.11769251,0.12906219,0.14114098,0.15413614,0.16846104,0.18425594,0.20161833,0.22036895,0.24040663,0.2614403,0.28320423,0.3053864,0.32803757,0.35156708,0.37715637,0.41195093,0.44442053,0.47819116,0.51501171,0.55690909
AZE,1975,0.09597259,0.01135124,0.00706587,0.00452837,0.00300238,0.00201822,0.00141592,0.00110013,0.00097586,0.00094842,0.00092153,0.0009294,0.0009769,0.00105245,0.00115777,0.0012895,0.00144923,0.00163481,0.00182848,0.00201638,0.00218568,0.00232046,0.00241407,0.00249414,0.00253255,0.0025393,0.00281545,0.00289708,0.00300119,0.00312799,0.00326856,0.00341305,0.00354485,0.0036551,0.00378138,0.00389401,0.00403796,0.00425857,0.00453596,0.0048483,0.0051724,0.00553647,0.0059336,0.00634098,0.00676669,0.00721686,0.00770248,0.00824698,0.00887158,0.00957824,0.01035283,0.01117382,0.01202455,0.01288841,0.01375962,0.01467172,0.01570901,0.01692254,0.01831423,0.01987698,0.02193261,0.02352353,0.0251553,0.02681488,0.02853449,0.03040325,0.03249422,0.03487169,0.03769369,0.04106018,0.04503514,0.04957283,0.05464004,0.0603567,0.06664028,0.07342717,0.08080198,0.08889985,0.09778726,0.10749977,0.11793264,0.12923336,0.1415834,0.15483044,0.16921198,0.18511166,0.2026766,0.22181519,0.24224493,0.26370134,0.28574923,0.30816756,0.33122762,0.35548801,0.38182631,0.41843667,0.45237294,0.48792149,0.52631338,0.57135996
AZE,1976,0.09563976,0.01123598,0.00703789,0.004518,0.00301701,0.00204699,0.00144299,0.00111524,0.00097427,0.00093073,0.00089366,0.00090963,0.00095162,0.00102757,0.00112946,0.00126044,0.00141541,0.00159122,0.00178063,0.00196009,0.00211993,0.00225342,0.00235259,0.0024154,0.00247547,0.00250705,0.00252079,0.00281652,0.00292652,0.00306139,0.00321254,0.00336398,0.00350894,0.00363413,0.0037391,0.0038709,0.0040009,0.0041782,0.00444488,0.00477165,0.0051263,0.0054749,0.00585098,0.00625477,0.00667352,0.00713262,0.00763854,0.00820132,0.00883304,0.00954163,0.01032747,0.01116656,0.01203069,0.01290344,0.01377555,0.01466874,0.01563511,0.01676962,0.01811314,0.01965411,0.02165998,0.02320859,0.02480995,0.02645813,0.02816315,0.03000282,0.03210473,0.0345418,0.03736305,0.04068136,0.04456297,0.04899145,0.0539361,0.05942896,0.0654861,0.07215374,0.0793893,0.08728585,0.09599561,0.10553812,0.11591818,0.12702569,0.13904872,0.15227224,0.16652166,0.18200471,0.1991541,0.21794173,0.23816739,0.25935335,0.28109746,0.3030182,0.32548351,0.34918313,0.37511206,0.41038718,0.44434245,0.48024679,0.52009296,0.56614317
AZE,1977,0.09536527,0.01122005,0.00696287,0.00449041,0.00300606,0.00203858,0.00143401,0.00110365,0.00095904,0.00091205,0.00087242,0.00087792,0.00092761,0.00099732,0.00109873,0.00122502,0.00137981,0.00155157,0.00172718,0.00189441,0.00203993,0.00216236,0.0022619,0.00233133,0.00237525,0.00243037,0.00247029,0.00250383,0.0028264,0.00296601,0.00312228,0.00328058,0.00343264,0.00357581,0.003702,0.00382119,0.00397564,0.00414941,0.00437703,0.00468666,0.00505195,0.00544023,0.00582563,0.00622265,0.00663393,0.00708084,0.00759051,0.00817042,0.00882001,0.00954118,0.01034779,0.01120236,0.01204336,0.01286838,0.01373945,0.01467832,0.01564076,0.01668864,0.01794879,0.01948488,0.02156881,0.02312019,0.02467757,0.02631812,0.02806088,0.02993878,0.03201344,0.0344464,0.03736379,0.04082415,0.04485887,0.04932589,0.05428085,0.05981041,0.06584593,0.07248513,0.07968756,0.08753548,0.09628326,0.10601709,0.1166384,0.12802692,0.14010137,0.15324929,0.16774418,0.18322783,0.19989466,0.21833123,0.2387438,0.26034349,0.28251678,0.30492638,0.3277936,0.35191973,0.37844912,0.41597125,0.45085287,0.48832388,0.52804833,0.5716891
AZE,1978,0.09508627,0.01116295,0.00694991,0.00444856,0.00298737,0.00204167,0.00144371,0.00110818,0.00095372,0.00089882,0.00086033,0.0008625,0.00090035,0.00097714,0.00107192,0.00119793,0.00134736,0.00152074,0.00169924,0.001859,0.00199241,0.00209917,0.00218703,0.00225863,0.00230925,0.0023468,0.00240996,0.00247038,0.00252863,0.00288303,0.00304699,0.003214,0.00337179,0.00351906,0.00366169,0.00379866,0.00394581,0.00413893,0.00436631,0.00464678,0.00499569,0.00538823,0.00580079,0.00622116,0.00664678,0.0070896,0.00759023,0.00817491,0.00884124,0.00957693,0.01038657,0.01128425,0.01219173,0.01300796,0.01376869,0.01464406,0.01568081,0.01674688,0.01789784,0.01929811,0.02131693,0.02300978,0.02461895,0.026189,0.02789992,0.02981236,0.03197385,0.03439556,0.03726272,0.04071,0.04481655,0.04949959,0.05448011,0.05994689,0.065939,0.07252692,0.07977204,0.08750505,0.09600042,0.10563534,0.11646802,0.12827446,0.14069491,0.15378181,0.16813705,0.18395923,0.20034001,0.21781253,0.23763961,0.25921827,0.28157755,0.30412627,0.3271468,0.35129832,0.37781484,0.41581843,0.45166127,0.4904307,0.53225001,0.57680365
AZE,1979,0.09477665,0.01110086,0.00690202,0.00442713,0.002958,0.00200196,0.00140499,0.00108022,0.00093593,0.0008859,0.00084175,0.00084467,0.00087863,0.00094185,0.00104216,0.00115931,0.00130624,0.00147021,0.001649,0.00181639,0.00194651,0.00203936,0.00210874,0.00216712,0.00222072,0.00226404,0.00230721,0.00238997,0.00247551,0.00255862,0.00293857,0.00311398,0.00328165,0.00343234,0.00357564,0.00372457,0.0038841,0.00407473,0.0043147,0.00459665,0.00492245,0.00529372,0.00569723,0.00612525,0.00658489,0.00705857,0.00755369,0.00812838,0.00879489,0.00953969,0.01035307,0.0112358,0.01220547,0.0131451,0.01391708,0.01461967,0.01552539,0.01669818,0.01789795,0.01917326,0.02100436,0.0225704,0.02437511,0.02604639,0.02765812,0.02951164,0.0316996,0.0342552,0.03713182,0.04049823,0.04450169,0.04919392,0.05448657,0.06000932,0.06590904,0.0724229,0.07965658,0.08758015,0.09590263,0.10509498,0.11564358,0.12762449,0.14070634,0.15423643,0.16841348,0.18409698,0.20079146,0.21802591,0.23702108,0.25808021,0.28050063,0.30334422,0.32661932,0.35107028,0.3777736,0.41479154,0.45030032,0.48872959,0.53024924,0.57503996
AZE,1980,0.09432439,0.01101483,0.00685767,0.00439387,0.00294001,0.00199702,0.00140089,0.00107133,0.00092427,0.00087231,0.00083015,0.00082656,0.00086047,0.00091897,0.00100424,0.00112593,0.00126208,0.00142184,0.0015871,0.00175184,0.00189242,0.00198916,0.00205055,0.00209327,0.00213394,0.00218091,0.00222914,0.00228915,0.00239432,0.00250401,0.00260538,0.00299889,0.00317474,0.00333631,0.00348176,0.00362851,0.00379477,0.00398834,0.00422239,0.00450695,0.00482675,0.00517616,0.00555871,0.00596731,0.006405,0.00689562,0.00742241,0.00799253,0.00865391,0.00940582,0.01023209,0.01111367,0.01204586,0.01304785,0.01400527,0.01480185,0.01555694,0.01655968,0.01786319,0.0192096,0.02091817,0.02226601,0.02384977,0.02567632,0.02739931,0.02913898,0.03123187,0.03377584,0.03679654,0.04020156,0.0441246,0.04863044,0.0537808,0.05955148,0.06546886,0.07181251,0.07884212,0.0866669,0.09527303,0.10432832,0.11426617,0.12556352,0.13830096,0.15224526,0.16684622,0.1822881,0.19947041,0.21777941,0.23652105,0.25667771,0.27845496,0.30119493,0.32451708,0.34895648,0.37562751,0.41053692,0.4442188,0.4799812,0.52015632,0.56624136
AZE,1981,0.09371371,0.01090966,0.00679842,0.00435902,0.00291101,0.00197942,0.00139413,0.00106673,0.0009179,0.00086455,0.00081921,0.00081687,0.00084364,0.00090173,0.00098171,0.00108714,0.00122784,0.00137633,0.00153804,0.00168982,0.00182961,0.00193848,0.0020043,0.00203998,0.00206601,0.00210032,0.00215222,0.0022165,0.00229804,0.00242682,0.00255514,0.00266411,0.0030637,0.00323468,0.00339237,0.0035416,0.00370383,0.00390191,0.00413859,0.00441778,0.00474112,0.0050851,0.00544598,0.00583432,0.00625345,0.00672254,0.0072674,0.00787047,0.00852744,0.00927431,0.01010881,0.01100528,0.01193823,0.012903,0.01392765,0.01491876,0.01576965,0.01661257,0.01773886,0.01919072,0.02096955,0.02219049,0.02355484,0.02516227,0.02704303,0.02889387,0.03087239,0.0333199,0.03632668,0.03987261,0.04382936,0.0482509,0.05321428,0.05884478,0.06500775,0.07136115,0.07821535,0.0858321,0.09432987,0.1036563,0.11345405,0.12416468,0.13627682,0.14993075,0.16492345,0.18076889,0.19769636,0.21642415,0.23622636,0.25608734,0.27689096,0.29895758,0.32219661,0.34666752,0.37327573,0.40906309,0.44323504,0.48232041,0.52463897,0.5699671
AZE,1982,0.09294883,0.01076979,0.00672066,0.0043181,0.0028842,0.00194976,0.00136977,0.00105061,0.00090587,0.00085619,0.00081753,0.00081161,0.00083937,0.00089002,0.00096962,0.0010699,0.00119373,0.00134784,0.00149887,0.00164892,0.00177736,0.00188758,0.00196698,0.00200762,0.00202744,0.00204784,0.0020872,0.00215519,0.00224071,0.00234534,0.00249347,0.00263099,0.00274045,0.0031433,0.00331242,0.00347598,0.0036418,0.0038346,0.00407441,0.00435723,0.00467748,0.00502807,0.00538603,0.00575465,0.00615593,0.00660892,0.00713453,0.00775969,0.00845486,0.00920144,0.01003534,0.01094613,0.01190135,0.01287391,0.01386629,0.01493534,0.01599646,0.01694221,0.01790364,0.01917709,0.02107308,0.02237182,0.02361109,0.02500381,0.02667342,0.02869513,0.03079554,0.03313824,0.03606038,0.03960805,0.04372553,0.04820088,0.05310202,0.05857233,0.06462771,0.07126077,0.07815461,0.08562803,0.09395384,0.10321147,0.11332561,0.12394832,0.13555962,0.14870723,0.16351761,0.17980702,0.19721195,0.21576196,0.23607873,0.25717132,0.27773465,0.29886536,0.32151252,0.34605702,0.37285536,0.40715015,0.44098563,0.47797498,0.52099493,0.5678069
AZE,1983,0.09090139,0.01038742,0.00650586,0.0041854,0.00280381,0.00189615,0.00132234,0.00101121,0.00087354,0.00082675,0.00079176,0.00079212,0.00081559,0.00086596,0.00093593,0.00103306,0.00114866,0.00128133,0.00143487,0.00157099,0.00169573,0.00179315,0.00187296,0.00192638,0.00195075,0.00196519,0.00199031,0.00204405,0.00213094,0.0022365,0.00235647,0.00251069,0.00264672,0.00274947,0.00314794,0.00331972,0.00349683,0.0036889,0.00391565,0.00419242,0.00450868,0.00484912,0.00520675,0.00556469,0.00593729,0.00636218,0.00685948,0.00745031,0.00815204,0.0089213,0.00973653,0.01062646,0.01157571,0.01255079,0.01353059,0.01454335,0.01566243,0.01680538,0.01785198,0.01892998,0.02060423,0.02199372,0.02328522,0.02452404,0.02594506,0.02771213,0.0299365,0.03234995,0.03510475,0.03849062,0.04252022,0.04705953,0.05191122,0.05720748,0.06298056,0.06936814,0.07639358,0.08375046,0.09176054,0.10065177,0.11048074,0.12119094,0.13248889,0.14490944,0.15894767,0.17470272,0.19210662,0.21071079,0.23039977,0.25159861,0.27306931,0.29354885,0.3148553,0.33832638,0.36478434,0.40065298,0.43605004,0.47661725,0.52127296,0.57144669
AZE,1984,0.08876535,0.01000597,0.0062726,0.00404962,0.00271652,0.00184912,0.00129926,0.00099705,0.00086996,0.00083109,0.00079766,0.0008004,0.00083062,0.00087786,0.00094971,0.00103955,0.00115525,0.00128376,0.00141996,0.00156537,0.00168177,0.00178124,0.00185316,0.00191032,0.00194918,0.00196947,0.00199068,0.00203228,0.00210723,0.00221792,0.00234293,0.00247356,0.00263275,0.00276811,0.00287018,0.00328971,0.0034827,0.00369436,0.00392928,0.0042011,0.00452076,0.00487065,0.00523357,0.00560754,0.00598594,0.00639944,0.00688791,0.00747216,0.0081644,0.00897027,0.00984324,0.01075252,0.01172162,0.01273504,0.01376462,0.01481378,0.01592653,0.01718489,0.01849668,0.01973509,0.02130563,0.02256205,0.02402343,0.02539773,0.02675432,0.02836963,0.03044087,0.03308684,0.03604681,0.03943501,0.04349822,0.04817176,0.05333846,0.05888074,0.06481624,0.07128594,0.07844282,0.08632098,0.09466837,0.10375857,0.11377683,0.12478642,0.13679705,0.14969553,0.16390447,0.17974914,0.19736213,0.21666497,0.23734282,0.25901218,0.28178647,0.30467709,0.32726105,0.35163237,0.37944095,0.41834587,0.45623677,0.49836455,0.54512598,0.59646317
AZE,1985,0.08678773,0.00951418,0.00613363,0.0039613,0.0026647,0.00182921,0.00130306,0.00100623,0.0008714,0.000828,0.00079342,0.00079812,0.00083028,0.00088421,0.0009521,0.00104334,0.00115026,0.00127784,0.00140884,0.0015345,0.00166055,0.00175084,0.00182446,0.00187359,0.00191552,0.00194917,0.00197502,0.00201211,0.00207403,0.002171,0.0023003,0.00243477,0.00256791,0.00272601,0.00286094,0.00296859,0.00341633,0.00364284,0.00389662,0.00417462,0.00448408,0.0048316,0.0052008,0.00557745,0.00596885,0.00638383,0.00685561,0.00742536,0.00810476,0.00889383,0.00979716,0.01075729,0.01173603,0.01275809,0.01381468,0.01490229,0.01603949,0.01727736,0.01869084,0.02017613,0.02188269,0.02298089,0.0242806,0.02579319,0.02724945,0.0287648,0.03065632,0.03312694,0.03628772,0.03983289,0.04384607,0.04849066,0.05371628,0.05947099,0.06553483,0.07205107,0.07918045,0.08707643,0.09578769,0.10503456,0.11507385,0.12609734,0.13819531,0.15148146,0.16590061,0.18176555,0.19936293,0.21870164,0.23972896,0.26202277,0.28490715,0.30843949,0.3323525,0.35709497,0.38507959,0.42288008,0.46026828,0.50153026,0.54676721,0.59620302
AZE,1986,0.08497372,0.00918558,0.0058718,0.00389656,0.00262361,0.00177892,0.00125977,0.00098393,0.00086555,0.00082893,0.00079465,0.00079749,0.0008318,0.00088783,0.00096333,0.00105088,0.00116021,0.00127912,0.00140982,0.00153104,0.00163695,0.00173869,0.00180362,0.00185502,0.00188945,0.00192619,0.0019652,0.00200668,0.00206399,0.00214772,0.00226307,0.00240283,0.00254066,0.00267247,0.00283186,0.00297438,0.00309833,0.0035915,0.00386224,0.00416232,0.00448016,0.00481643,0.00518238,0.0055676,0.00596476,0.00639574,0.00687092,0.00742527,0.00809234,0.0088716,0.00976176,0.01075959,0.01179746,0.01283412,0.01390376,0.01502389,0.01620557,0.01747327,0.01886968,0.02046499,0.02243328,0.02364962,0.02477466,0.02611668,0.02770949,0.02931895,0.03110078,0.03338847,0.03638005,0.04014327,0.0443211,0.04891854,0.05412028,0.05993929,0.06621103,0.07284358,0.08001086,0.0878783,0.09661366,0.10622658,0.11640051,0.12742445,0.13953057,0.15288757,0.1676204,0.18366949,0.20133446,0.22073245,0.24186278,0.26456299,0.28812156,0.31175502,0.33612658,0.36164563,0.38952176,0.42628192,0.46286782,0.5033443,0.54764824,0.59586162
AZE,1987,0.08345462,0.00894912,0.00569969,0.00375271,0.00259308,0.00182417,0.00132167,0.00102604,0.00087762,0.00081371,0.00077718,0.00078021,0.00081163,0.00086856,0.00094505,0.0010394,0.00114317,0.00126291,0.00138198,0.00150013,0.00159928,0.00167777,0.0017528,0.00179428,0.00183008,0.00185862,0.0018999,0.0019536,0.00201373,0.00209004,0.00218864,0.0023109,0.00245108,0.00258484,0.00271387,0.00287824,0.00303519,0.00318452,0.00372197,0.0040332,0.00436816,0.00470569,0.00504861,0.0054187,0.00581574,0.00624381,0.006725,0.00726911,0.00790303,0.00865039,0.00950957,0.01047132,0.01152763,0.01260398,0.01366189,0.01476699,0.01595172,0.01723069,0.01861682,0.02014631,0.02217496,0.02360446,0.02478365,0.02586578,0.0272089,0.02889311,0.03069029,0.03276091,0.03544771,0.03891379,0.04319562,0.04780889,0.05277548,0.058371,0.06449638,0.0711061,0.07811132,0.08569967,0.09406236,0.10334795,0.11353894,0.12424789,0.13583923,0.14866483,0.16289794,0.1786148,0.19570278,0.21436488,0.23479923,0.25696685,0.28040283,0.30398835,0.32750782,0.35234089,0.37909267,0.41442077,0.44844963,0.48661549,0.52934353,0.57668969
AZE,1988,0.08222275,0.00886205,0.00553619,0.0036356,0.0024953,0.00174176,0.00126104,0.0009887,0.00086043,0.00081178,0.00077424,0.00077476,0.00080641,0.00086094,0.00093883,0.00103529,0.00114737,0.00126207,0.00138329,0.00149045,0.00158779,0.001661,0.00171434,0.00176798,0.00179506,0.00182574,0.00185906,0.00191511,0.00198851,0.00206943,0.00216196,0.00226847,0.0023928,0.00253119,0.00266415,0.00279912,0.00298047,0.00316597,0.00335003,0.0039451,0.00429638,0.00465854,0.00500939,0.00535883,0.00574299,0.00617681,0.0066626,0.00722205,0.00785532,0.00857856,0.00941593,0.01035776,0.01138922,0.01250201,0.0136222,0.01473417,0.01592337,0.01722907,0.01865497,0.02020548,0.02219864,0.02373899,0.02519205,0.02638964,0.02751562,0.02898626,0.03091918,0.03307624,0.03561078,0.0388347,0.04288142,0.04770703,0.05281712,0.05830066,0.06433621,0.07095193,0.07812987,0.08577765,0.09409238,0.10322959,0.11332509,0.12436831,0.13598799,0.14866008,0.16273957,0.17836664,0.19566934,0.2143491,0.23450811,0.25627003,0.2794633,0.30350678,0.32768177,0.3523411,0.379435,0.41615972,0.44975558,0.48668943,0.52865499,0.57551273
AZE,1989,0.08137404,0.00874313,0.00550695,0.00355146,0.002432,0.00171306,0.00125442,0.00099429,0.0008712,0.00082376,0.00078853,0.00078818,0.00081793,0.00087366,0.0009505,0.00105005,0.00116675,0.00129299,0.00141118,0.00152349,0.00161173,0.00168588,0.00173533,0.0017683,0.00180943,0.00183199,0.00186801,0.00191657,0.00199287,0.00208861,0.00218786,0.00229049,0.00240097,0.00252564,0.0026666,0.00280832,0.00296177,0.00317602,0.00340211,0.00362693,0.00429217,0.00467964,0.00506596,0.00543359,0.00580362,0.00622991,0.00672952,0.00730382,0.0079659,0.00870337,0.00953191,0.01046908,0.01149906,0.0126057,0.01378664,0.01498908,0.01621213,0.01755182,0.01903998,0.02067249,0.02274145,0.02428597,0.02589687,0.027428,0.0287346,0.03005001,0.03183316,0.03420802,0.03693056,0.04011263,0.04403863,0.04875483,0.05422653,0.06002019,0.06612431,0.07283798,0.08022502,0.08828166,0.0969358,0.10633889,0.11661739,0.12791375,0.14024859,0.15338907,0.16782106,0.18383438,0.20160476,0.22113197,0.2420801,0.26431762,0.28777241,0.31220485,0.33750508,0.36364702,0.39158301,0.43036267,0.46690105,0.50611324,0.549289,0.59736941
AZE,1990,0.08110135,0.00869055,0.00551792,0.00358538,0.0024151,0.00166431,0.00120802,0.00097038,0.00087557,0.00084825,0.00081208,0.00081337,0.00084237,0.00089721,0.00097752,0.00107979,0.00120311,0.00133897,0.00147432,0.00158708,0.0016835,0.00174864,0.00179893,0.00182681,0.00184567,0.00188235,0.00191032,0.00196226,0.00203172,0.00213194,0.00224807,0.00235744,0.00246251,0.00257227,0.00269943,0.00285081,0.00301284,0.00319923,0.00345913,0.00373263,0.00399763,0.0047319,0.00514988,0.00555905,0.00594849,0.00635751,0.00685152,0.00744973,0.00813792,0.00891496,0.00976502,0.01069853,0.01173196,0.01284833,0.01403698,0.01532251,0.01665666,0.01803999,0.01957045,0.02127318,0.02343652,0.02503854,0.0266431,0.02832796,0.02994992,0.03138435,0.03292422,0.03508714,0.0379962,0.04130563,0.04509748,0.04961334,0.05493479,0.06109556,0.06746882,0.0741781,0.08160254,0.08981138,0.09879105,0.1083793,0.11872865,0.1300131,0.14244351,0.15611638,0.17070976,0.18673462,0.20462762,0.224387,0.24584217,0.26835603,0.29181031,0.31634419,0.34219935,0.36950245,0.39856014,0.43986174,0.47885631,0.51992319,0.56265895,0.60921735
AZE,1991,0.0811596,0.00867599,0.00546267,0.00357285,0.00241849,0.0016702,0.00121372,0.00097457,0.00087861,0.00085168,0.00081875,0.00082206,0.00085481,0.00091245,0.00099813,0.00111169,0.00124822,0.00139909,0.00155844,0.00170882,0.00182405,0.00191139,0.0019557,0.00198247,0.0019952,0.00200759,0.00204822,0.00209053,0.0021614,0.00225122,0.00236991,0.0024962,0.00260556,0.00270362,0.00280908,0.0029417,0.00311038,0.0033025,0.00352844,0.00383591,0.00415228,0.00444524,0.00523799,0.00567855,0.00611263,0.00654245,0.00701204,0.00759502,0.00830198,0.00910133,0.00998964,0.01094079,0.01196257,0.01307533,0.01426679,0.01555166,0.01697155,0.01847349,0.02004378,0.02178381,0.02402286,0.02570493,0.02736482,0.02903411,0.03082371,0.03261985,0.03431325,0.03622082,0.0389004,0.04243224,0.04638562,0.05076205,0.0558565,0.06183083,0.06860444,0.07561489,0.0830262,0.09126721,0.1004217,0.110413,0.1210102,0.13240792,0.14484528,0.15864472,0.17389847,0.19019486,0.20811992,0.22798228,0.24973239,0.27299811,0.2968045,0.321178,0.34695841,0.37473014,0.40503828,0.44587236,0.4843303,0.52583972,0.56910391,0.61678715
AZE,1992,0.08200248,0.00914147,0.00574962,0.00376856,0.00259443,0.00183353,0.00135785,0.00109584,0.00097558,0.00092783,0.00088384,0.00088157,0.00091288,0.00098312,0.0010911,0.00123322,0.00140657,0.00159769,0.00180685,0.00202861,0.00222418,0.0023558,0.00242351,0.00243497,0.0024455,0.00245236,0.00246694,0.00252044,0.00257763,0.00265912,0.00275469,0.00287622,0.00300292,0.00310313,0.00318782,0.00329162,0.00343892,0.00363741,0.00386812,0.00413656,0.00449059,0.00484195,0.00515543,0.0060038,0.00647514,0.00695761,0.00745006,0.0080015,0.0086886,0.0095106,0.01042698,0.01142267,0.01246156,0.01355889,0.01475003,0.01604611,0.01747545,0.01908503,0.02079257,0.02257184,0.02485003,0.02659555,0.02833239,0.03004908,0.03181177,0.03379387,0.03587658,0.03789985,0.04020834,0.04340661,0.04754896,0.05201051,0.0568178,0.06241646,0.06889314,0.07630492,0.08395475,0.0919998,0.10099114,0.11097624,0.12179862,0.13314248,0.14529977,0.1586718,0.17364417,0.19027356,0.2079753,0.22722263,0.24840868,0.27139059,0.29547269,0.3192944,0.34382211,0.37068918,0.40088302,0.44170402,0.47999722,0.51970293,0.56175187,0.60219967
AZE,1993,0.08153428,0.00880755,0.00548342,0.00355628,0.00241667,0.00167858,0.00121984,0.00097326,0.00087186,0.00084884,0.00083613,0.00084288,0.0008803,0.00095362,0.00106998,0.00121705,0.00139084,0.00158546,0.00180842,0.00204437,0.00226068,0.00242002,0.00248609,0.00250053,0.00249411,0.00249684,0.0025055,0.00253216,0.00260045,0.00267377,0.00277312,0.00288159,0.00301198,0.00314041,0.00323758,0.00332471,0.00344133,0.00361581,0.00385371,0.00412852,0.00443856,0.00482771,0.00519973,0.0055216,0.0064282,0.00694309,0.0074904,0.0080683,0.00871634,0.00950565,0.01043674,0.01145735,0.01254677,0.01366627,0.01483313,0.016109,0.01752225,0.01910948,0.02091061,0.02283178,0.02515908,0.02693808,0.02875154,0.03056822,0.03239629,0.03434974,0.03664946,0.03917925,0.04176596,0.04471494,0.04861706,0.05343656,0.05854479,0.06404793,0.07027651,0.07744091,0.0856405,0.0941808,0.10325995,0.11338852,0.12457153,0.13666431,0.14941134,0.16321618,0.17846846,0.19550318,0.21441438,0.23447984,0.25607613,0.27941017,0.30417654,0.32970269,0.35531873,0.38245186,0.41294565,0.45398668,0.49441672,0.53669495,0.57987822,0.63140507
AZE,1994,0.08137857,0.0088292,0.00557112,0.00359361,0.00243999,0.00170002,0.00123686,0.00098388,0.00087433,0.00084235,0.00082101,0.00084458,0.00088167,0.00095184,0.00105501,0.0011876,0.00133811,0.00150242,0.00168762,0.00188083,0.0020483,0.00217533,0.00224184,0.00225032,0.00225002,0.00224043,0.00225059,0.00227672,0.00232411,0.0024146,0.00250855,0.00262348,0.00274276,0.00287827,0.00301161,0.0031243,0.00323877,0.00339254,0.00361055,0.00389409,0.00421035,0.00455024,0.00496119,0.00534784,0.00568522,0.00665881,0.007237,0.00786902,0.00854143,0.00928365,0.01017122,0.01119595,0.01229405,0.0134424,0.01460498,0.015828,0.01719336,0.01873628,0.02048636,0.02248079,0.02492805,0.02672053,0.02853656,0.03039399,0.03228613,0.03426992,0.03650002,0.03920532,0.04225026,0.04538943,0.04890085,0.0533229,0.05863578,0.06424957,0.07015284,0.07683474,0.08454174,0.09338866,0.10264428,0.11246939,0.12337999,0.13538932,0.14837518,0.16216719,0.17719085,0.19379787,0.21236312,0.23281963,0.25427457,0.27695524,0.30099403,0.32610592,0.35223461,0.37914086,0.40866786,0.44865499,0.48813114,0.53021094,0.57391491,0.61893545
AZE,1995,0.08020544,0.00860135,0.00534601,0.00347151,0.00233312,0.00159247,0.00113878,0.00090057,0.00080682,0.00078637,0.00076719,0.00078627,0.000842,0.00090435,0.00098937,0.00109403,0.00121792,0.00135021,0.00148686,0.00161652,0.00172748,0.00180823,0.0018617,0.00188445,0.00187808,0.00187436,0.00187315,0.00190104,0.001948,0.00202155,0.00213735,0.00224775,0.00237332,0.00249657,0.00263147,0.00276991,0.00290688,0.00306472,0.00326545,0.00352771,0.0038501,0.00419413,0.00454973,0.00497143,0.00537132,0.00573804,0.0067914,0.00744535,0.00816531,0.00893357,0.00978024,0.01074962,0.01181947,0.01294556,0.01411465,0.01531104,0.01659467,0.01805961,0.01973396,0.0216373,0.02411209,0.0260044,0.02781312,0.02965534,0.03157102,0.03361192,0.03586146,0.03845392,0.04162866,0.04521659,0.04893383,0.05296766,0.0578606,0.06363415,0.06955682,0.07582805,0.08297179,0.09118049,0.10060418,0.1105098,0.12104302,0.13269743,0.14547549,0.15932559,0.17414774,0.19046528,0.20849328,0.22837386,0.25009905,0.27254255,0.2958104,0.32010338,0.34572151,0.37304599,0.40241316,0.44031005,0.478581,0.52056927,0.56540966,0.61223965
AZE,1996,0.07836229,0.00832326,0.00517671,0.00331573,0.00224225,0.00155667,0.00113003,0.00089825,0.00079764,0.00076492,0.00073511,0.00075186,0.00079981,0.00087992,0.00096283,0.00106564,0.00118462,0.00131612,0.00144682,0.00156822,0.00167004,0.00174727,0.00179871,0.0018279,0.00183632,0.00182583,0.00182753,0.0018413,0.00188822,0.0019541,0.00204334,0.00216724,0.00227783,0.00240006,0.00252147,0.00265884,0.00280865,0.00297379,0.00317222,0.0034137,0.00371093,0.00405873,0.00441764,0.0047822,0.00521863,0.00565005,0.0060649,0.00722728,0.00797138,0.0087809,0.00964368,0.01058497,0.01162192,0.01272266,0.01387051,0.01508446,0.01635903,0.01775625,0.01936374,0.02120294,0.0235897,0.02553436,0.02745438,0.02930907,0.03123446,0.03331848,0.03566566,0.03835042,0.04147202,0.04523169,0.04945815,0.05380333,0.05845775,0.06399354,0.0702658,0.07670722,0.0836224,0.09151184,0.10048493,0.11066397,0.12140932,0.13291157,0.14561332,0.15956966,0.17474488,0.1911236,0.20925703,0.22911905,0.25072155,0.27390609,0.29752069,0.32172062,0.34723456,0.37473549,0.40516307,0.44526483,0.48391213,0.52662275,0.57343252,0.62388419
AZE,1997,0.07575622,0.00785148,0.00495977,0.00317383,0.00211777,0.00144972,0.00104515,0.00083664,0.00075663,0.0007381,0.00071299,0.00071769,0.00076143,0.00083462,0.00094307,0.00105506,0.00118547,0.00132522,0.00147264,0.00161352,0.00173566,0.00182595,0.00188094,0.00190831,0.00192179,0.00192476,0.0019183,0.00193202,0.00196083,0.00202268,0.00209828,0.00218941,0.00231007,0.00241328,0.00253041,0.0026539,0.0028008,0.00297018,0.00316612,0.00340149,0.00367525,0.00399412,0.00435454,0.00472046,0.00509446,0.00555998,0.00603823,0.00651517,0.00779175,0.00861726,0.0095047,0.01044104,0.01145149,0.01253166,0.01364561,0.01482409,0.01610612,0.01748331,0.01900309,0.02075189,0.02304369,0.02489069,0.02684379,0.02878335,0.03069442,0.03276062,0.03510438,0.03784652,0.04103751,0.04468881,0.04898755,0.05369858,0.05848191,0.06361302,0.06953833,0.07619825,0.08301448,0.0904102,0.09890871,0.10846577,0.11921389,0.13059663,0.14286651,0.15649848,0.17147219,0.18769693,0.20525238,0.22458344,0.24557416,0.26805809,0.29176696,0.31551536,0.34012689,0.36674696,0.39644966,0.43599639,0.4737271,0.51495093,0.56049459,0.61041524
AZE,1998,0.07243529,0.0072812,0.00461397,0.00299755,0.00199768,0.00135469,0.00097137,0.00077997,0.00071319,0.00070358,0.0006835,0.00069194,0.0007224,0.00078992,0.00088684,0.00101663,0.00114478,0.00128258,0.00142379,0.00156186,0.00168046,0.00177021,0.00182121,0.00184388,0.00185667,0.00186473,0.00187235,0.00187958,0.00190914,0.00195412,0.0020288,0.00210939,0.00220088,0.00231843,0.00241804,0.00253819,0.00267363,0.00284058,0.0030359,0.00326519,0.00353582,0.00383327,0.00416442,0.00453226,0.00490809,0.00530683,0.00581688,0.00635772,0.00690411,0.00829552,0.00919846,0.010152,0.01114598,0.0122088,0.01331805,0.01445271,0.01568214,0.01705782,0.01855505,0.02020893,0.02239196,0.02415317,0.02599808,0.02796011,0.02994607,0.03198998,0.03430768,0.03702201,0.0402639,0.04401771,0.04821454,0.05297708,0.05811869,0.06339586,0.06896334,0.07536335,0.08249527,0.08977561,0.09777964,0.10698587,0.11715053,0.12845412,0.1405391,0.15376724,0.16851106,0.18463889,0.20197317,0.22068794,0.24124096,0.26318974,0.28626286,0.31022499,0.33451814,0.36040566,0.38938916,0.43205687,0.47321477,0.5182076,0.56820519,0.62421441
AZE,1999,0.06854659,0.00664371,0.00424868,0.00276907,0.00187112,0.00129567,0.00094668,0.00076685,0.00069819,0.00068293,0.00066223,0.00067396,0.00070752,0.00075838,0.00084253,0.00095097,0.00108807,0.0012144,0.00133967,0.0014505,0.00154324,0.00161393,0.0016622,0.00168401,0.00169211,0.00170113,0.00171446,0.00173631,0.00176172,0.00181103,0.00187296,0.00195793,0.00204289,0.00213533,0.00225506,0.00236093,0.00249613,0.00265701,0.00285413,0.00308029,0.00334339,0.00364546,0.00396392,0.0043094,0.00469459,0.00510291,0.00555041,0.00613147,0.00675378,0.00737933,0.00891194,0.00989805,0.01091716,0.01196669,0.013086,0.01425219,0.0154483,0.01677693,0.01828825,0.01994254,0.02204599,0.02373154,0.02551209,0.02738399,0.02941113,0.03154452,0.03385626,0.03656562,0.03978675,0.04362297,0.04800316,0.05271465,0.05791574,0.06354106,0.06924079,0.07531657,0.08231261,0.09002471,0.09782017,0.10647735,0.11648522,0.12730312,0.13921067,0.15218211,0.16660113,0.18269927,0.19990735,0.21826624,0.2381833,0.25970491,0.28227131,0.30566418,0.33020958,0.35571531,0.38393205,0.42156113,0.45871535,0.49913361,0.54249486,0.58981695
AZE,2000,0.0643925,0.00597338,0.00388665,0.00255724,0.00173631,0.00121193,0.00089596,0.00073424,0.00067342,0.00065936,0.00063728,0.00064717,0.00068299,0.00073579,0.00080364,0.00090428,0.00102771,0.00117482,0.00130043,0.00141229,0.00150073,0.00156694,0.00161221,0.00163891,0.00164732,0.0016506,0.00166392,0.00168967,0.00172764,0.00176974,0.00183152,0.00189825,0.00198253,0.00206307,0.00215234,0.00227463,0.0023906,0.00254558,0.00273255,0.00295741,0.00320758,0.00348562,0.00379445,0.00411498,0.00446583,0.00487215,0.00531742,0.00581853,0.00646598,0.00715284,0.00783612,0.00946963,0.01050225,0.0115496,0.01261558,0.01376533,0.01498769,0.01626999,0.01770891,0.01934879,0.02141838,0.02301126,0.02469629,0.02648346,0.02839232,0.03053186,0.03288838,0.03553588,0.03868613,0.04240486,0.04675853,0.05159088,0.05668891,0.0622924,0.06822607,0.07427663,0.08077411,0.08826368,0.09653866,0.10491163,0.11415468,0.12478437,0.13629196,0.14903811,0.16298169,0.1784804,0.1958041,0.2142515,0.23373653,0.25451862,0.27655549,0.29934433,0.32319791,0.34880383,0.37653703,0.413032,0.44928385,0.48914301,0.53262126,0.579472
AZE,2001,0.06016148,0.00536177,0.00348086,0.00233101,0.00159422,0.00111751,0.00083686,0.00069808,0.0006491,0.00063845,0.00061386,0.00062141,0.00065446,0.00070946,0.00077951,0.00086359,0.00097987,0.00111419,0.001264,0.00137829,0.00146956,0.00153296,0.00157508,0.00159984,0.00161328,0.00161726,0.00162464,0.00165046,0.00169213,0.00174678,0.00180139,0.00186837,0.00193477,0.0020156,0.00209373,0.00218611,0.00231961,0.00245572,0.00263751,0.00285314,0.00310379,0.0033709,0.00365793,0.00397219,0.004301,0.00467505,0.00512206,0.00562444,0.0061921,0.00691131,0.00766654,0.0084043,0.01014384,0.01121764,0.01229403,0.01340083,0.01461946,0.01594171,0.01734403,0.01892101,0.02098387,0.02257294,0.02417966,0.02588733,0.02772853,0.02976656,0.03214742,0.03485829,0.03796655,0.04163687,0.04590103,0.05074536,0.05601314,0.06155964,0.06752114,0.07385957,0.08038275,0.08742319,0.09554234,0.10447486,0.11349383,0.12342516,0.13483917,0.14729171,0.16113149,0.17627871,0.1931357,0.21181695,0.23154388,0.25206035,0.27353058,0.29600328,0.31951149,0.34474294,0.37282208,0.40907612,0.44551554,0.48598857,0.53099556,0.58061231
AZE,2002,0.0560558,0.00478294,0.00314454,0.00210033,0.00146376,0.00105425,0.0008052,0.00067688,0.00062605,0.0006112,0.0005905,0.00059454,0.00062402,0.0006745,0.00074519,0.00082946,0.00092583,0.0010502,0.0011844,0.00132296,0.00141599,0.00148214,0.00152183,0.00154393,0.00155582,0.00156464,0.00157295,0.00159222,0.00163344,0.00169063,0.00175698,0.00181576,0.0018816,0.00194349,0.00202113,0.00210089,0.00220217,0.00235372,0.00251295,0.00271932,0.00295607,0.00321938,0.00349117,0.00377871,0.00409668,0.00444264,0.00484897,0.00534538,0.00590516,0.00652964,0.00730755,0.00811106,0.00887926,0.01068907,0.01178035,0.01288423,0.01404301,0.01534472,0.01677162,0.01829325,0.02026095,0.02183693,0.02342466,0.02503924,0.02678362,0.02873165,0.03098081,0.03367957,0.0368124,0.04040116,0.0445701,0.04927617,0.05450819,0.06018323,0.06605112,0.0723775,0.07916083,0.0862173,0.09387005,0.10261481,0.11217089,0.12188561,0.13259653,0.1449242,0.15844482,0.17344601,0.18987705,0.20797842,0.22779855,0.2485167,0.26973912,0.29167306,0.31488404,0.33977604,0.36742078,0.40515439,0.44169602,0.48182697,0.5263634,0.57565255
AZE,2003,0.05221631,0.00430656,0.00281472,0.00190332,0.00132248,0.00095192,0.00073819,0.00063892,0.00060984,0.00060429,0.00057668,0.00058386,0.00060919,0.00065608,0.00072278,0.00080902,0.00090739,0.00101326,0.00114039,0.00126645,0.00138856,0.00145873,0.00150265,0.00152329,0.00153305,0.00154053,0.00155321,0.0015735,0.00160811,0.00166565,0.00173552,0.00180744,0.00186614,0.00192877,0.00198854,0.00206956,0.00215961,0.0022801,0.00245782,0.0026441,0.00287559,0.00312986,0.00340349,0.00368148,0.00397832,0.00431981,0.00470418,0.00516561,0.00572915,0.00635649,0.00704765,0.00789178,0.00874701,0.00954739,0.01145403,0.01259613,0.01377398,0.01503716,0.01646871,0.01804178,0.01997599,0.02149778,0.02309799,0.02471751,0.0263938,0.0282732,0.03046427,0.03306945,0.03623425,0.03989488,0.04403845,0.04871193,0.05387904,0.05959864,0.06567574,0.07198713,0.07883393,0.08621481,0.09393473,0.10227785,0.11173858,0.12204131,0.13257776,0.14429059,0.15779083,0.17261373,0.18905864,0.20691096,0.22637097,0.24737275,0.26891423,0.29065363,0.31343005,0.33817189,0.36565466,0.4035252,0.44075566,0.48143825,0.52605451,0.57565098
AZE,2004,0.04876646,0.00386983,0.00256057,0.00172043,0.00121011,0.00089407,0.00071239,0.00062623,0.00059881,0.00059173,0.00056405,0.00056398,0.00059208,0.00063355,0.00069513,0.00077596,0.00087486,0.00098121,0.00108729,0.00120504,0.00131363,0.001414,0.00146186,0.001487,0.0014957,0.00150124,0.00151249,0.00153657,0.00157174,0.00162162,0.00169106,0.00176557,0.00183696,0.00189163,0.00195154,0.00201358,0.00210391,0.00221118,0.0023544,0.00255729,0.00276475,0.00301038,0.0032714,0.00354806,0.00383181,0.00414726,0.00452215,0.00495457,0.00547335,0.00609711,0.00678275,0.00752479,0.00841366,0.0092981,0.01011349,0.01210935,0.01331486,0.01458433,0.01596061,0.01752218,0.01948741,0.02097,0.02250059,0.02411746,0.02578405,0.02757848,0.02967963,0.03219974,0.03523595,0.03888991,0.04306521,0.04767373,0.05276283,0.05837028,0.06444667,0.07092772,0.07771838,0.08511565,0.09312548,0.10150784,0.11052668,0.12068921,0.13175983,0.1432773,0.15613318,0.17086896,0.18707629,0.20486718,0.22395849,0.24446062,0.26617197,0.28814965,0.31065588,0.33488515,0.36210166,0.39838249,0.43455909,0.47479452,0.51896016,0.56782952
AZE,2005,0.04564166,0.0035149,0.00230897,0.00157097,0.00109701,0.0008043,0.0006492,0.00058941,0.00058311,0.00059018,0.00056956,0.00056894,0.00058968,0.00063523,0.00069303,0.00077128,0.00086879,0.00098045,0.00109276,0.00119497,0.00130209,0.00139492,0.00147837,0.00150928,0.00152416,0.00152985,0.00153956,0.00156246,0.00160187,0.00165336,0.00171619,0.00179224,0.00186807,0.00193703,0.00199006,0.00205415,0.00212707,0.00223723,0.00237002,0.00254178,0.00277366,0.00300181,0.0032628,0.00353517,0.00382638,0.00413777,0.00449551,0.00492965,0.00543231,0.00602519,0.00672742,0.00748743,0.0082949,0.00924398,0.01017574,0.01104406,0.01322429,0.01456517,0.01599313,0.01754934,0.01955412,0.02112846,0.0226774,0.02427756,0.02599189,0.02783354,0.02991648,0.03241674,0.03544664,0.03906672,0.04334325,0.04811423,0.05329821,0.05899168,0.06513907,0.07180928,0.07896921,0.08652587,0.09475823,0.10364788,0.11295758,0.12295944,0.13417133,0.14645541,0.1594562,0.17393468,0.19038898,0.20834028,0.2278907,0.24855272,0.27034111,0.29304473,0.31625692,0.34072896,0.36808976,0.40418671,0.43963094,0.47856405,0.52136031,0.56790047
AZE,2006,0.0428386,0.00317215,0.00212412,0.00143391,0.00101453,0.00076175,0.00062535,0.00057081,0.00056311,0.00056743,0.00054963,0.00055584,0.00057551,0.00061179,0.00067052,0.00074003,0.00082841,0.0009323,0.0010428,0.00114312,0.00122444,0.00130689,0.00137618,0.00144039,0.00145982,0.00147172,0.0014824,0.00150392,0.0015415,0.00159661,0.00166034,0.00172876,0.00180497,0.00187749,0.00194354,0.0019989,0.00207257,0.00216271,0.00229468,0.00245038,0.00264259,0.00288895,0.00312387,0.0033887,0.00366652,0.00397548,0.00431798,0.00472042,0.00520804,0.00576528,0.00641304,0.00716513,0.00796531,0.00880122,0.00977231,0.01073109,0.01164505,0.01397064,0.01542432,0.01697946,0.01891929,0.0204806,0.02205696,0.02362308,0.025263,0.02708152,0.02913261,0.03153282,0.03444109,0.03792843,0.04202778,0.04672514,0.05187579,0.05746876,0.06347547,0.06998139,0.07707286,0.08471803,0.09282291,0.10158746,0.11099064,0.12084804,0.13145735,0.14338974,0.15652018,0.17053316,0.18603592,0.20343416,0.22232667,0.24260647,0.26365124,0.2855129,0.30848182,0.33251263,0.35883547,0.39307708,0.42713708,0.46451716,0.50556979,0.55066819
AZE,2007,0.04023001,0.00293299,0.00190828,0.00131391,0.00092198,0.00068194,0.00056213,0.0005248,0.00053277,0.00054854,0.00053487,0.00054305,0.00056948,0.00060489,0.00065504,0.00072678,0.00080841,0.00090515,0.00101126,0.00111412,0.00119897,0.00126018,0.00132316,0.00137553,0.00142869,0.00144463,0.00146136,0.00148435,0.00152082,0.00157384,0.00164128,0.00171059,0.00177969,0.00185316,0.00192385,0.00199235,0.00205696,0.00214858,0.00226132,0.00241706,0.00259384,0.00280105,0.00305786,0.00329882,0.00357319,0.00387164,0.0042149,0.00460567,0.00506463,0.00561086,0.00622762,0.00693098,0.00773114,0.00857004,0.00943782,0.01045346,0.01147214,0.01246815,0.01499516,0.01659434,0.01854438,0.02008279,0.02166877,0.0232734,0.02490403,0.02667105,0.02871415,0.03110089,0.0339432,0.03734523,0.04134916,0.04592044,0.05104284,0.05665274,0.06264099,0.06908115,0.07610258,0.08377662,0.09207368,0.10084612,0.11022748,0.12025459,0.13083704,0.14234143,0.15528525,0.16953049,0.18472591,0.20133155,0.21987691,0.23970619,0.26062356,0.28199289,0.30439445,0.32846532,0.35460321,0.38873343,0.42192843,0.45841579,0.49843317,0.54236154
AZE,2008,0.03779654,0.00267843,0.00176416,0.00118212,0.00084622,0.00064887,0.00054523,0.00050734,0.00050789,0.00052024,0.00051699,0.0005292,0.00055777,0.00060283,0.00065782,0.00072856,0.00082108,0.00091916,0.00102997,0.00114664,0.00125411,0.00133498,0.00138275,0.00142948,0.00147132,0.0015211,0.00154069,0.00156881,0.00160546,0.00165467,0.00171622,0.00178548,0.00185239,0.0019157,0.00198555,0.00205664,0.00213252,0.00221244,0.00232526,0.00246013,0.00263602,0.00282521,0.00304004,0.00330422,0.00355322,0.00384836,0.00417981,0.00456991,0.00501647,0.00553127,0.00613477,0.00680483,0.00755437,0.00839551,0.00926892,0.01018256,0.01126788,0.01237673,0.01347843,0.01625192,0.01825825,0.01983117,0.02141975,0.0230556,0.02473899,0.02652898,0.02855152,0.03095507,0.03382055,0.03722046,0.04121038,0.04575937,0.05084146,0.05649671,0.06258901,0.06914619,0.07623368,0.08400135,0.09250399,0.10168046,0.11137987,0.1216962,0.13277645,0.14472784,0.15785438,0.17250859,0.18855088,0.20571906,0.2243512,0.24465838,0.26595258,0.28804229,0.31082112,0.33522141,0.36223612,0.39756969,0.4318876,0.46932888,0.51028755,0.55499891
AZE,2009,0.03545253,0.00243298,0.00161875,0.00109771,0.00076531,0.00056967,0.00047805,0.00045823,0.00047626,0.00049871,0.0004929,0.00051297,0.00054438,0.00058885,0.00064572,0.00070776,0.00078224,0.00087339,0.00096446,0.00105506,0.00113964,0.00120971,0.00125699,0.00128232,0.00131815,0.0013561,0.00140953,0.00144135,0.00148591,0.00154087,0.00160571,0.00167688,0.00175158,0.00181972,0.00188534,0.00196089,0.00204478,0.00214,0.0022442,0.0023832,0.00254059,0.00273162,0.00293032,0.00315237,0.00342802,0.0036993,0.0040308,0.00441112,0.00485946,0.00536512,0.00593973,0.00659967,0.00731866,0.00810899,0.00898415,0.00990465,0.01088548,0.01206515,0.0132799,0.01449803,0.01775164,0.01937785,0.02098209,0.02261105,0.02430321,0.02610041,0.02810858,0.03044551,0.03325761,0.03659522,0.04049784,0.04492987,0.04986855,0.05536319,0.06134441,0.06782201,0.07485648,0.08248246,0.09086998,0.09998727,0.10973225,0.11996035,0.13072927,0.14238125,0.15511357,0.1691241,0.18458571,0.20126592,0.21892957,0.23778747,0.25813685,0.27919005,0.30130816,0.3246431,0.35056401,0.38692635,0.42161856,0.45931386,0.50084968,0.54685623
AZE,2010,0.03321577,0.00221832,0.00147115,0.00100672,0.00071156,0.00053788,0.00045611,0.00043842,0.00045649,0.00048024,0.00048008,0.00049729,0.00053677,0.00058476,0.00064453,0.00071574,0.00079013,0.0008733,0.00096748,0.00105273,0.00113077,0.00119872,0.00125229,0.00128457,0.00129971,0.00133246,0.00137448,0.00143976,0.00148631,0.00154685,0.00161473,0.00168619,0.00175925,0.00183273,0.00190061,0.00197051,0.00205776,0.00216124,0.00228129,0.00241064,0.00257279,0.00274621,0.00294861,0.00315511,0.00338899,0.00369163,0.00400047,0.00438536,0.00482811,0.00534162,0.00591379,0.00655139,0.00726915,0.00803748,0.0088739,0.00981097,0.01081318,0.01190195,0.01322178,0.01458792,0.01616582,0.01924011,0.02093944,0.02261772,0.02434539,0.02620332,0.02826782,0.03065155,0.03347116,0.03683913,0.04077794,0.04525715,0.05024431,0.05577961,0.06181052,0.06839077,0.0755595,0.08338239,0.09188983,0.10121068,0.11127712,0.12199385,0.13325542,0.14525174,0.1583563,0.17273198,0.18861857,0.20601919,0.22457386,0.24389602,0.26409649,0.28555489,0.30800168,0.33213882,0.35851228,0.3940676,0.42893747,0.46643977,0.50694761,0.551209
AZE,2011,0.03106665,0.00200001,0.00134704,0.0009225,0.00065614,0.00050312,0.0004334,0.00041958,0.00043559,0.00045538,0.00045143,0.00047281,0.00050791,0.0005628,0.00062485,0.00069794,0.00078065,0.00086209,0.00094604,0.00103254,0.00110348,0.00116333,0.0012131,0.00125075,0.00127243,0.00128366,0.00131928,0.00137124,0.00145003,0.00151132,0.00158352,0.00165666,0.0017285,0.00179878,0.00187057,0.00194124,0.0020207,0.00212528,0.00225143,0.00239461,0.0025432,0.00271781,0.00289678,0.00310236,0.00331454,0.00356588,0.00390056,0.00425273,0.00469025,0.00518624,0.00575346,0.00637354,0.00705058,0.00780006,0.00859428,0.00946824,0.01046552,0.01155196,0.01274238,0.01418597,0.01588431,0.01710049,0.02028485,0.02201569,0.02374717,0.02559032,0.02765835,0.03003038,0.03281557,0.03609109,0.03994261,0.0443208,0.04919914,0.05460921,0.06049218,0.06691915,0.07397365,0.0816938,0.09014387,0.09929417,0.10924685,0.119936,0.13129681,0.14332558,0.15623684,0.17039253,0.185983,0.20306556,0.22152922,0.24082229,0.26041377,0.28059352,0.30237434,0.32576206,0.35183309,0.38624058,0.42041149,0.45794593,0.49832709,0.54196202
AZE,2012,0.02899821,0.00182913,0.00120745,0.00083733,0.00059822,0.00045798,0.0003953,0.00038497,0.00040222,0.00042366,0.0004254,0.00044203,0.00048033,0.00053196,0.00060619,0.00068884,0.00078244,0.00088124,0.00097538,0.00106821,0.00115754,0.00122331,0.00127021,0.00130383,0.0013307,0.00134773,0.00136093,0.00140497,0.00146817,0.0015588,0.00162841,0.00170262,0.00177321,0.00183962,0.00190544,0.00197748,0.00205474,0.0021487,0.00227292,0.00242016,0.00258111,0.0027395,0.00291786,0.00309712,0.00330641,0.00353294,0.00381106,0.00418729,0.00458595,0.00507163,0.00561519,0.00622564,0.00688052,0.00758414,0.00835646,0.00918312,0.01010993,0.01118595,0.01236675,0.01366318,0.01542866,0.01677917,0.01800001,0.02128818,0.02307019,0.02491149,0.02695565,0.02932045,0.03208025,0.03530468,0.03904189,0.04331221,0.04807019,0.0533532,0.05909562,0.06535665,0.07223505,0.07981606,0.08813653,0.09720817,0.10696076,0.11751437,0.12883679,0.14096737,0.15391514,0.16787722,0.18326079,0.20006469,0.21824231,0.2375211,0.25719045,0.27677987,0.29724201,0.31999664,0.3453514,0.37923526,0.41233357,0.44853038,0.48819946,0.5307513
AZE,2013,0.02706643,0.00167554,0.00110498,0.00075234,0.00054313,0.00042634,0.0003756,0.00036938,0.0003856,0.0004025,0.0003997,0.00042047,0.00045323,0.00050573,0.0005687,0.00065109,0.00073791,0.00083063,0.00092132,0.00099461,0.00105565,0.0011102,0.00114547,0.00117243,0.00119654,0.00122032,0.00124109,0.00126483,0.00132257,0.00140126,0.00150608,0.00158394,0.00166189,0.00173279,0.00180006,0.00187133,0.00195536,0.00205203,0.00217027,0.00231955,0.00248885,0.00266387,0.00282875,0.00301105,0.00319629,0.00342317,0.00367861,0.0039986,0.00442756,0.00487785,0.00541775,0.0060107,0.00666288,0.00734931,0.00807826,0.0088867,0.00976832,0.01077554,0.01195484,0.01325278,0.01486752,0.01632076,0.01769838,0.01893992,0.02237992,0.02428508,0.02633689,0.02868604,0.03144897,0.03466033,0.03836059,0.04253066,0.04719875,0.05237996,0.05801686,0.06416098,0.070899,0.0783336,0.08655376,0.095542,0.10527362,0.11567907,0.12692644,0.13908617,0.15221198,0.16628136,0.18153453,0.19820796,0.21618635,0.23526487,0.25501736,0.27477373,0.29466744,0.31613653,0.34096661,0.37436915,0.40706211,0.44286235,0.48205745,0.52506309
AZE,2014,0.02523061,0.00152049,0.00101025,0.00068652,0.00048701,0.00037561,0.00032954,0.0003279,0.00034976,0.00037367,0.00037848,0.00039427,0.0004306,0.00047901,0.00055013,0.00063344,0.00073705,0.00084074,0.00094744,0.00104795,0.00112443,0.00118147,0.00122482,0.00124432,0.00126093,0.00128049,0.00130663,0.00133579,0.00136983,0.00143849,0.00152562,0.00163404,0.0017102,0.00178383,0.00185117,0.00191942,0.001998,0.00209692,0.00221354,0.00235251,0.00252093,0.00270205,0.00288253,0.00304869,0.00323551,0.0034357,0.00369068,0.00398463,0.00435122,0.00483184,0.00532998,0.00591583,0.00654749,0.0072313,0.00794504,0.00871085,0.00957679,0.01053831,0.01164443,0.01294359,0.01455575,0.01586156,0.01735414,0.01877153,0.02006369,0.02374375,0.02588025,0.02825612,0.03102175,0.03426045,0.03798158,0.04215708,0.04677024,0.05191719,0.05752169,0.06364121,0.07035326,0.07774196,0.08590987,0.09490145,0.1046699,0.11520549,0.12647064,0.13875401,0.15214843,0.1666908,0.18239929,0.19934622,0.21765633,0.23703973,0.25715541,0.27766098,0.29847298,0.32024799,0.34470059,0.37848188,0.41142847,0.44758942,0.4871795,0.53057828
AZE,2015,0.02353609,0.00137929,0.00092155,0.00063074,0.00044628,0.00034571,0.00030889,0.00031353,0.00033749,0.00035859,0.00035423,0.00037595,0.00040634,0.00045788,0.00052224,0.00060868,0.00070536,0.00081889,0.00092871,0.00103388,0.00112132,0.00117651,0.00120854,0.00123209,0.00124184,0.0012548,0.00127708,0.00131228,0.001353,0.0013993,0.00147867,0.00157193,0.00168312,0.00175813,0.00183113,0.00190214,0.00198023,0.0020763,0.00219792,0.00233802,0.00249791,0.0026805,0.00286968,0.0030543,0.00322586,0.00342924,0.00365678,0.00395204,0.00429248,0.00470774,0.00524255,0.00578781,0.00641666,0.00708314,0.00779721,0.0085491,0.00937138,0.01031843,0.01137876,0.01260045,0.01421484,0.01553189,0.0168704,0.01840961,0.01988723,0.02128031,0.02528857,0.02774119,0.03052232,0.03374779,0.03747408,0.04164212,0.04622684,0.05127348,0.0567909,0.06281508,0.06943081,0.07671731,0.08476226,0.09362432,0.10331737,0.11379619,0.12508443,0.1372402,0.1505865,0.16519342,0.18113301,0.19822688,0.21643174,0.23572422,0.25565255,0.27592084,0.29674981,0.31851627,0.34229413,0.37516511,0.40766548,0.44322046,0.48225078,0.52499114
AZE,2016,0.02196744,0.00125674,0.00083999,0.00057732,0.00041154,0.00032082,0.00028719,0.00029118,0.00031329,0.00033415,0.00033438,0.00034594,0.00038087,0.00042488,0.00049132,0.00056907,0.00066778,0.00077217,0.00089161,0.00099875,0.00109014,0.00115554,0.00118499,0.00119659,0.00120995,0.00121603,0.00123132,0.00126217,0.00130772,0.00135958,0.00141506,0.00149867,0.00159253,0.00170141,0.00177466,0.00185015,0.00192971,0.00202354,0.00213991,0.00228303,0.00244079,0.00261196,0.00279848,0.00298929,0.00317652,0.00336005,0.00358645,0.00384703,0.00418138,0.00456097,0.00501571,0.00558895,0.0061631,0.00681508,0.00749849,0.00823818,0.00903004,0.00991222,0.01093527,0.01208296,0.01357624,0.01487823,0.01620169,0.01754837,0.01912015,0.02067423,0.02220848,0.02654697,0.02933399,0.03249203,0.03610897,0.04017522,0.04462893,0.04950615,0.05476566,0.06053187,0.06686232,0.0738409,0.08154698,0.09002322,0.09930241,0.10940359,0.1203058,0.13212572,0.14493116,0.15903789,0.17455062,0.1913482,0.20910646,0.22759079,0.24665323,0.26589592,0.28557966,0.30637044,0.32901972,0.36016873,0.39039964,0.4243547,0.461601,0.50261754
AZE,2017,0.02053826,0.0011646,0.00076258,0.00052546,0.00037576,0.00029406,0.00026518,0.000271,0.00029341,0.00031419,0.00031539,0.00033089,0.00035552,0.00040464,0.00046349,0.00054399,0.00063368,0.00074089,0.0008512,0.00097024,0.00106551,0.00113713,0.00117939,0.00119007,0.00119301,0.00120402,0.00121247,0.00123635,0.00127776,0.00133533,0.00139692,0.00145688,0.00154261,0.00163618,0.00174598,0.00182271,0.00190777,0.00200406,0.00211936,0.00225842,0.00242161,0.00259309,0.00277099,0.00296317,0.00316061,0.00336511,0.00357528,0.00384032,0.00414529,0.00452752,0.00495293,0.00545235,0.00607061,0.00667633,0.00735734,0.00807773,0.00887193,0.00974135,0.01071887,0.01185574,0.01330002,0.01452537,0.01587647,0.01724749,0.01866239,0.02036639,0.0221256,0.02393181,0.02886306,0.03214604,0.03582812,0.03993667,0.04447046,0.04943149,0.05476312,0.0605295,0.06688998,0.07390923,0.08167676,0.09022918,0.09957688,0.10975958,0.12083634,0.13289065,0.14607176,0.16042142,0.17631927,0.19370583,0.2123505,0.23175207,0.25153649,0.27160582,0.29211011,0.31381274,0.33785058,0.37087235,0.40227866,0.4368734,0.47533576,0.51742902
AZE,2018,0.01936923,0.00107198,0.00071904,0.00048516,0.00034796,0.00027537,0.00024826,0.00025155,0.00027019,0.00028908,0.000293,0.00030846,0.0003359,0.00037112,0.00042911,0.00049313,0.00057653,0.00066455,0.00076565,0.00085871,0.00095011,0.00101326,0.00105623,0.00108017,0.00108286,0.00108371,0.00109891,0.00111691,0.00115278,0.00120714,0.00127638,0.00134489,0.00140769,0.00149384,0.00158816,0.00170289,0.00178943,0.00189134,0.00200879,0.00214601,0.00230415,0.00247983,0.00265763,0.00283832,0.00303646,0.00324889,0.00347897,0.00372387,0.00403013,0.00437588,0.00480081,0.00526244,0.00579225,0.00643789,0.00706021,0.00776759,0.00853044,0.00938824,0.01033855,0.0114105,0.01282037,0.0139836,0.0152301,0.01661258,0.01802853,0.01953653,0.02141817,0.0234297,0.0255496,0.03106683,0.03481225,0.03891349,0.04340218,0.04833837,0.05363928,0.05935376,0.06557055,0.07245904,0.08008943,0.08850816,0.09772564,0.10776017,0.11868333,0.13064884,0.14375823,0.15815142,0.17390291,0.19124638,0.21001935,0.22981528,0.2499467,0.27009249,0.29073279,0.31248019,0.33650603,0.37026927,0.40295447,0.43867075,0.47823125,0.52228266
AZE,2019,0.01834804,0.00101018,0.00066316,0.00045661,0.00032084,0.00024508,0.00021764,0.00022252,0.00024368,0.00026508,0.0002708,0.00028749,0.00031437,0.00035186,0.00039657,0.00046455,0.00053733,0.00062746,0.00071692,0.00081288,0.00089433,0.0009707,0.00101853,0.00104825,0.00106421,0.00106421,0.00106787,0.00109159,0.00111994,0.00116712,0.00123045,0.00130435,0.00137349,0.00143401,0.00151939,0.00161699,0.00174121,0.00184309,0.00196491,0.00210307,0.00225828,0.00242809,0.00260958,0.00279036,0.00297553,0.00318966,0.00342751,0.00369385,0.00397888,0.00432585,0.00471092,0.00517352,0.00566337,0.00621632,0.00688673,0.00753643,0.00829031,0.00911982,0.01006076,0.01110816,0.01244812,0.01359241,0.01478107,0.01605842,0.01749904,0.01901551,0.02069745,0.02284602,0.02519746,0.02768505,0.03388131,0.03808017,0.04259627,0.047519,0.05282904,0.05855463,0.06476605,0.07155202,0.07909432,0.08742578,0.09657076,0.10655299,0.11742116,0.12933271,0.14245774,0.15688331,0.17280302,0.19012268,0.20900012,0.22910431,0.24984929,0.27056085,0.29149363,0.31362279,0.33794442,0.37277677,0.40599135,0.44226534,0.48187359,0.5254965
AZE,2020,0.01769419,0.00112367,0.00073359,0.00050421,0.00036817,0.00029567,0.00026963,0.00027358,0.00029081,0.00030558,0.00030292,0.00032049,0.00034933,0.00041471,0.00052979,0.00067937,0.00086977,0.00106533,0.00132945,0.00165484,0.00199054,0.00225706,0.00241102,0.00246162,0.00249361,0.00251646,0.00252277,0.00253557,0.00256427,0.00258136,0.00261949,0.00267836,0.00276365,0.00285249,0.00293675,0.00306364,0.0032193,0.0034218,0.00361947,0.00387106,0.00415919,0.00447373,0.00480479,0.00516054,0.00555086,0.005979,0.0064874,0.00705218,0.00770247,0.00842201,0.00925478,0.01016,0.01118198,0.01226608,0.01349143,0.01492564,0.0163779,0.01800057,0.01976027,0.02169891,0.02399627,0.02605155,0.02824028,0.0305519,0.03306669,0.03588078,0.03882119,0.04199387,0.0457636,0.04979527,0.05395046,0.06284618,0.06912978,0.07598446,0.08340533,0.09129613,0.09953737,0.10804743,0.11703797,0.12689223,0.13764617,0.14936953,0.16216189,0.17548375,0.18928809,0.20446858,0.2219042,0.24239554,0.26536161,0.29003631,0.31590217,0.34238143,0.36942118,0.39801319,0.42972806,0.47444432,0.51767337,0.56524602,0.61771883,0.67574825
AZE,2021,0.01669999,0.00087596,0.00061694,0.00041268,0.0002886,0.00022469,0.00020279,0.00020835,0.00022685,0.00024377,0.00024444,0.00025732,0.00028566,0.00031768,0.00035209,0.00039519,0.00044741,0.00053067,0.00061686,0.00071318,0.00079629,0.00087862,0.0009412,0.0010025,0.00104495,0.00108173,0.00111783,0.001149,0.00119241,0.00126222,0.00133739,0.00142852,0.00153207,0.00164573,0.00175849,0.00187352,0.00203347,0.00222905,0.00248476,0.00274464,0.00304412,0.00336677,0.0037057,0.00406672,0.00446251,0.00489307,0.00537315,0.00593531,0.0065911,0.00734722,0.00816447,0.00907179,0.01001677,0.01105474,0.01214437,0.01334658,0.0147456,0.0161829,0.01782077,0.01961945,0.0217515,0.02365377,0.02560687,0.0276877,0.02987946,0.03225235,0.03491455,0.03774438,0.04082528,0.04450993,0.04845931,0.05250688,0.06111424,0.06740294,0.07423043,0.08146421,0.08894964,0.09647128,0.10424437,0.11262029,0.12171601,0.13152232,0.14211236,0.15335633,0.16537269,0.17871675,0.19397298,0.21148292,0.23098326,0.25160963,0.27322051,0.29522128,0.31746677,0.34027534,0.36496382,0.40095714,0.43531713,0.47300623,0.51422017,0.55927509
AZE,2022,0.01665065,0.00097448,0.00064894,0.00044574,0.00031838,0.00024859,0.00022344,0.00022936,0.00024946,0.00026699,0.0002747,0.00028644,0.00031605,0.00035729,0.00041138,0.00048164,0.00056513,0.0006581,0.00075595,0.00085225,0.00093891,0.0010018,0.00104162,0.00106344,0.00107493,0.0010844,0.00109936,0.00112473,0.00116146,0.00120967,0.00126873,0.00133627,0.00141079,0.00148807,0.00156697,0.00164637,0.0017257,0.00181492,0.00192378,0.00205531,0.00220683,0.00237304,0.00254627,0.00272106,0.00289555,0.00307853,0.00328199,0.00351663,0.00379709,0.00413622,0.00453616,0.00499623,0.00550968,0.00606457,0.0066546,0.00729469,0.0079957,0.00876946,0.00967466,0.01076579,0.01200449,0.01325756,0.01443043,0.01566583,0.01700361,0.01849457,0.02038393,0.02281363,0.02558922,0.02886663,0.03272545,0.03669197,0.04084587,0.04543538,0.05044785,0.05584773,0.06183117,0.06843602,0.0756884,0.08368461,0.09251215,0.10219371,0.11271247,0.12416994,0.1368048,0.15073775,0.16610727,0.18307758,0.20158283,0.22083248,0.24114403,0.26241347,0.28262187,0.3043882,0.3307846,0.36154665,0.39586378,0.43180178,0.47077531,0.5142089
AZE,2023,0.01624478,0.00095391,0.00063699,0.00043877,0.00031426,0.00024584,0.00022093,0.00022644,0.00024594,0.00026309,0.00027072,0.00028239,0.00031167,0.00035252,0.00040618,0.00047585,0.00055862,0.00065171,0.00075059,0.00084614,0.00093017,0.00099209,0.00103233,0.00105419,0.00106571,0.00107557,0.00109042,0.00111547,0.00115236,0.00120072,0.00126034,0.00132786,0.00140015,0.00147483,0.00155218,0.00163093,0.00170996,0.00179784,0.00190399,0.00203288,0.00218249,0.00234731,0.00252014,0.00269498,0.00287009,0.00305458,0.00325904,0.00349307,0.00377022,0.00410351,0.00449681,0.00495097,0.00545987,0.00601015,0.00659438,0.00722707,0.00791834,0.00868095,0.00957245,0.01064422,0.01186321,0.01310551,0.01427585,0.01551152,0.01684893,0.0183298,0.02019832,0.02260626,0.02536021,0.0286022,0.03240995,0.03633537,0.04048033,0.04506358,0.05002972,0.0553577,0.06127057,0.06783995,0.07509258,0.08303292,0.09174637,0.10133837,0.11180372,0.12321409,0.13579317,0.14964189,0.1648948,0.18174765,0.20015209,0.21934543,0.2396346,0.260874,0.2811527,0.30305762,0.32958775,0.36045373,0.3948008,0.43073065,0.46973326,0.51331745
AZE,2024,0.01585995,0.00093427,0.00062562,0.00043213,0.00031034,0.00024324,0.0002186,0.00022373,0.00024264,0.00025939,0.00026697,0.00027856,0.00030753,0.00034799,0.00040121,0.00047041,0.00055252,0.00064489,0.0007441,0.00084099,0.00092432,0.00098359,0.00102311,0.00104559,0.0010573,0.00106726,0.00108231,0.00110717,0.00114365,0.00119211,0.00125183,0.00131977,0.00139207,0.00146453,0.00153928,0.00161655,0.00169493,0.00178252,0.00188719,0.00201312,0.00215992,0.00232276,0.00249437,0.00266916,0.00284467,0.00302999,0.00323603,0.00347096,0.0037472,0.00407665,0.00446346,0.00491051,0.00541323,0.00595913,0.00653913,0.00716614,0.00785017,0.00860255,0.00948148,0.01053734,0.01173532,0.01295947,0.01412233,0.01535687,0.01669571,0.01817689,0.02003318,0.02241457,0.02514491,0.02836174,0.03212931,0.03600872,0.04011455,0.04468926,0.04965095,0.05493389,0.06077754,0.06727591,0.07449488,0.08243948,0.09109833,0.10058037,0.11095846,0.12231824,0.1348508,0.14864452,0.16381819,0.18055232,0.1988365,0.21794249,0.23818968,0.25942993,0.27973383,0.30171924,0.32835643,0.35934252,0.39387385,0.42985213,0.46886252,0.5124924
AZE,2025,0.01551526,0.00091633,0.0006152,0.00042605,0.00030671,0.0002408,0.00021641,0.00022119,0.00023952,0.00025583,0.0002633,0.00027482,0.00030345,0.0003435,0.00039623,0.00046483,0.00054632,0.00063793,0.0007363,0.00083362,0.00091846,0.00097692,0.00101388,0.00103579,0.00104819,0.00105836,0.00107329,0.00109824,0.00113439,0.00118229,0.00124195,0.00130973,0.00138242,0.0014549,0.00152732,0.00160191,0.00167868,0.00176553,0.00186972,0.00199389,0.00213735,0.00229705,0.00246662,0.00264028,0.00281591,0.00300165,0.00320836,0.00344459,0.00372126,0.00404914,0.00443126,0.00487094,0.0053657,0.00590489,0.00648031,0.00710273,0.00778066,0.00852473,0.00939122,0.01043143,0.01161096,0.01281408,0.0139601,0.01518688,0.01652425,0.01800615,0.01985941,0.02222112,0.02491968,0.02810577,0.03184019,0.03568016,0.03973624,0.04426466,0.04921345,0.05448868,0.06028293,0.06670231,0.07383957,0.08174084,0.09039491,0.09981238,0.11006348,0.121318,0.13377813,0.14750086,0.16259578,0.17921797,0.19734403,0.21629887,0.23642383,0.25759425,0.27790632,0.29987649,0.3264998,0.35749912,0.39212905,0.42821217,0.46716713,0.51068484
AZE,2026,0.01514779,0.00089724,0.00060401,0.00041947,0.00030278,0.0002381,0.00021399,0.00021846,0.00023626,0.00025216,0.00025951,0.00027093,0.00029925,0.00033888,0.00039111,0.00045911,0.00053988,0.00063085,0.00072843,0.00082495,0.0009105,0.00097067,0.00100699,0.00102658,0.00103861,0.00104957,0.00106457,0.00108933,0.00112549,0.00117298,0.001232,0.00129956,0.0013721,0.00144506,0.00151756,0.00158984,0.00166384,0.00174899,0.00185227,0.00197581,0.00211732,0.0022734,0.00243974,0.00261147,0.00278617,0.0029721,0.00317912,0.00341577,0.00369338,0.0040212,0.0044012,0.00483565,0.00532239,0.00585315,0.00642167,0.00703932,0.00771259,0.00844991,0.00930641,0.01033155,0.01149341,0.01267883,0.01380556,0.01501528,0.0163449,0.01782529,0.01967711,0.02203088,0.02470735,0.02785659,0.0315551,0.03536721,0.0393855,0.04386204,0.0487647,0.05403112,0.05982441,0.06619719,0.07325785,0.08108076,0.08969811,0.09912436,0.1093199,0.12045692,0.13282215,0.14648516,0.16152846,0.17809058,0.19612614,0.2149544,0.23495959,0.25605277,0.27638624,0.29841422,0.32503299,0.35604373,0.39081311,0.42711122,0.46628365,0.50987172
AZE,2027,0.01479482,0.0008787,0.00059305,0.00041292,0.00029882,0.00023539,0.0002115,0.00021565,0.00023293,0.00024847,0.00025569,0.00026697,0.00029494,0.00033415,0.00038583,0.00045316,0.00053314,0.00062327,0.00072012,0.00081579,0.00090062,0.00096166,0.00099986,0.00101896,0.00102886,0.00103949,0.00105507,0.0010798,0.00111564,0.00116302,0.00122147,0.00128812,0.00136038,0.0014332,0.0015062,0.00157857,0.00165014,0.00173235,0.00183367,0.00195602,0.00209671,0.00225056,0.00241308,0.00258151,0.00275433,0.00293926,0.00314626,0.00338284,0.0036603,0.00398843,0.00436774,0.00479952,0.00528034,0.00580236,0.00636182,0.00697188,0.00764001,0.00837178,0.00921958,0.01023183,0.01137611,0.01254404,0.01365433,0.01484367,0.01615484,0.01762614,0.01947296,0.02181889,0.02448408,0.02760474,0.03125816,0.03503627,0.03902541,0.04345855,0.04830431,0.05352154,0.05930609,0.06567498,0.07268385,0.0804231,0.08895469,0.09834229,0.10854075,0.11961287,0.13184852,0.14540367,0.16037683,0.17687184,0.19483245,0.21356264,0.23342492,0.25438759,0.27467584,0.29671446,0.32332826,0.35427261,0.38906761,0.42549424,0.46484736,0.50860581
AZE,2028,0.01442672,0.00085917,0.0005814,0.00040589,0.00029447,0.0002324,0.00020884,0.00021266,0.00022943,0.00024463,0.00025179,0.00026295,0.00029054,0.00032929,0.00038046,0.00044711,0.00052629,0.00061557,0.00071155,0.00080658,0.00089074,0.00095127,0.00099063,0.00101176,0.00102133,0.00102997,0.00104506,0.0010703,0.00110602,0.00115299,0.00121125,0.00127713,0.00134845,0.00142105,0.00149395,0.0015669,0.00163855,0.00171823,0.00181635,0.00193648,0.00207583,0.00222876,0.00238902,0.00255359,0.00272316,0.00290618,0.00311199,0.00334823,0.00362512,0.00395249,0.00433161,0.0047624,0.00524026,0.00575605,0.00630636,0.00690675,0.00756694,0.00829294,0.00913366,0.01013478,0.01126425,0.01241521,0.01350973,0.01468224,0.01597198,0.01742342,0.01925789,0.02159317,0.02424845,0.02735359,0.03097239,0.03470843,0.03866401,0.04306524,0.04786554,0.053025,0.05876187,0.06512271,0.07212913,0.07981588,0.08826186,0.09756681,0.10772826,0.11880426,0.13097348,0.14439838,0.15926772,0.17569455,0.19359411,0.21226756,0.23204475,0.25288009,0.27309456,0.29511072,0.32171101,0.3526336,0.38743257,0.42394702,0.46347622,0.50745578
AZE,2029,0.01407789,0.00084054,0.00057024,0.00039912,0.00029027,0.00022945,0.00020621,0.00020974,0.00022598,0.00024081,0.00024792,0.00025899,0.00028621,0.00032445,0.00037505,0.00044103,0.00051936,0.00060774,0.0007028,0.00079697,0.00088062,0.00094064,0.00097974,0.0010022,0.00101387,0.00102229,0.0010352,0.00105982,0.00109594,0.00114266,0.00120037,0.00126583,0.00133631,0.00140797,0.00148067,0.00155356,0.00162576,0.00170551,0.00180085,0.00191743,0.00205428,0.0022057,0.00236506,0.00252739,0.00269306,0.00287271,0.00307635,0.00331099,0.00358697,0.00391307,0.0042908,0.00472106,0.00519772,0.00571043,0.00625423,0.00684474,0.00749458,0.00821164,0.00904489,0.0100365,0.01115292,0.0122897,0.01336873,0.01452486,0.01579668,0.01722477,0.01903489,0.02135091,0.02399248,0.02708273,0.03068007,0.03438408,0.03829595,0.04265899,0.04742421,0.05253584,0.05821338,0.06452199,0.07151778,0.07919969,0.08758762,0.09680341,0.10687497,0.11790641,0.1300693,0.1434167,0.15814644,0.17445394,0.19227176,0.21088135,0.23059364,0.25133503,0.27144305,0.29337641,0.31989617,0.35074438,0.38553542,0.42204702,0.46163666,0.50574518
AZE,2030,0.01373971,0.00082223,0.00055931,0.00039251,0.00028618,0.00022659,0.00020364,0.00020689,0.00022263,0.00023707,0.00024408,0.00025508,0.00028194,0.00031971,0.00036969,0.00043494,0.00051244,0.00059988,0.00069396,0.00078721,0.00087014,0.00092983,0.00096867,0.00099108,0.00100416,0.00101473,0.00102725,0.00104957,0.00108493,0.00113194,0.00118928,0.00125396,0.00132398,0.00139481,0.00146655,0.00153928,0.00161139,0.0016917,0.00178703,0.00190055,0.0020335,0.00218217,0.00234003,0.00250159,0.00266509,0.00284068,0.00304064,0.00327268,0.00354645,0.00387094,0.00424675,0.00467519,0.00515115,0.00566272,0.00620349,0.00678706,0.00742636,0.0081319,0.00895431,0.00993604,0.01104119,0.01216569,0.01323228,0.0143724,0.01562688,0.01703548,0.01881761,0.02110155,0.02372025,0.02679161,0.03036825,0.0340544,0.03793345,0.0422477,0.04697144,0.05204647,0.05767539,0.0639203,0.07085997,0.07852974,0.08691142,0.09606862,0.10604612,0.11698269,0.12909474,0.14243055,0.15708186,0.17324286,0.19093509,0.20947089,0.22912519,0.24981095,0.26986104,0.29169712,0.31810129,0.34883497,0.3835965,0.42014036,0.45975327,0.503936
AZE,2031,0.01340057,0.00080365,0.0005481,0.00038564,0.00028186,0.00022355,0.00020092,0.00020391,0.00021921,0.00023332,0.00024022,0.00025113,0.00027768,0.00031502,0.00036442,0.00042891,0.00050556,0.00059213,0.00068525,0.00077759,0.00085981,0.00091903,0.00095787,0.00098026,0.00099345,0.00100547,0.00102,0.00104188,0.0010748,0.00112095,0.00117854,0.00124266,0.0013119,0.00138233,0.00145329,0.00152512,0.00159707,0.00167728,0.00177314,0.00188658,0.00201625,0.00216075,0.00231584,0.00247605,0.00263898,0.00281239,0.00300802,0.00323596,0.00350656,0.00382818,0.00420184,0.00462809,0.00510215,0.00561338,0.00615352,0.00673425,0.00736651,0.00806067,0.00886986,0.00983856,0.01093262,0.01204736,0.01310407,0.014232,0.01547017,0.01686067,0.01862003,0.0208695,0.02345321,0.02649783,0.03005187,0.03372361,0.03758781,0.04186783,0.04654211,0.05157734,0.05717333,0.06337024,0.07024662,0.07786173,0.08623545,0.09539426,0.10531519,0.11615888,0.12817655,0.14146349,0.15611188,0.17220056,0.18974978,0.20817438,0.22777031,0.24841794,0.26845559,0.29024696,0.31653425,0.3471345,0.38184174,0.41840997,0.4580933,0.50232347
AZE,2032,0.01306344,0.00078532,0.00053701,0.00037883,0.00027757,0.00022051,0.00019818,0.00020089,0.00021571,0.00022949,0.00023634,0.00024712,0.00027333,0.00031025,0.00035911,0.00042287,0.00049857,0.00058417,0.00067635,0.00076773,0.00084921,0.00090792,0.00094657,0.00096919,0.00098253,0.0009947,0.00101052,0.00103436,0.00106676,0.00111028,0.00116686,0.00123104,0.00129969,0.00136935,0.00143993,0.001511,0.00158198,0.00166198,0.00175762,0.0018715,0.00200102,0.0021419,0.00229259,0.00245,0.00261166,0.00278448,0.00297764,0.0032007,0.00346642,0.00378399,0.00415394,0.00457748,0.0050489,0.00555813,0.00609813,0.0066782,0.00730747,0.00799354,0.00878916,0.00974168,0.01082057,0.01192503,0.01297388,0.01409174,0.01531699,0.01668967,0.01842684,0.02064621,0.02319064,0.02619355,0.02971433,0.03336734,0.03721823,0.04148102,0.04611893,0.05110343,0.0566606,0.06282315,0.06964959,0.07719895,0.08551636,0.09467183,0.10459505,0.11538027,0.12730152,0.14049106,0.15509277,0.17118168,0.18866173,0.20694739,0.22643499,0.24703496,0.26706999,0.28885458,0.31507181,0.34553212,0.38015603,0.41670988,0.45644489,0.50075828
AZE,2033,0.01274747,0.00076754,0.00052619,0.00037215,0.00027333,0.0002175,0.00019548,0.00019794,0.00021228,0.00022571,0.00023249,0.00024317,0.00026899,0.00030544,0.00035375,0.00041679,0.00049157,0.00057606,0.00066715,0.00075756,0.00083814,0.00089625,0.00093463,0.00095725,0.00097089,0.0009832,0.00099895,0.00102395,0.00105825,0.00110111,0.00115481,0.00121771,0.00128635,0.0013554,0.00142518,0.00149587,0.001566,0.00164493,0.00174019,0.00185367,0.00198354,0.00212416,0.00227103,0.00242386,0.00258271,0.00275418,0.00294653,0.00316663,0.00342665,0.00373832,0.00410327,0.00452237,0.00499056,0.00549696,0.00603502,0.00661499,0.00724365,0.007926,0.00871157,0.00964748,0.01070769,0.01179725,0.01283747,0.01394714,0.01516144,0.01651963,0.01823446,0.02042378,0.02293292,0.02588855,0.02935871,0.03297982,0.03681073,0.04105536,0.04567179,0.05061572,0.05611796,0.06223461,0.06901947,0.07651039,0.08475223,0.09384489,0.10375519,0.11453015,0.12637616,0.13945133,0.15393956,0.16996268,0.18743003,0.20563567,0.22496191,0.2454354,0.26543294,0.28719253,0.31334327,0.34367331,0.37815937,0.41461259,0.4543002,0.49861016
AZE,2034,0.012419,0.00074927,0.00051501,0.00036519,0.00026888,0.00021432,0.00019262,0.00019481,0.00020867,0.00022175,0.00022844,0.00023904,0.0002645,0.00030044,0.00034816,0.00041048,0.00048436,0.0005678,0.00065767,0.00074699,0.00082678,0.00088424,0.00092234,0.00094495,0.00095876,0.00097143,0.00098714,0.00101196,0.00104734,0.00109206,0.00114497,0.00120466,0.00127195,0.00134104,0.00141021,0.00148011,0.0015498,0.00162779,0.00172176,0.00183466,0.00196398,0.00210487,0.00225149,0.00240034,0.00255445,0.00272293,0.00291364,0.00313249,0.00338881,0.00369368,0.00405161,0.00446481,0.0049278,0.00543062,0.00596571,0.00654346,0.00717196,0.00785307,0.00863317,0.00955611,0.01059698,0.01166771,0.01269433,0.01379496,0.01500028,0.01634603,0.01804208,0.02020136,0.02267549,0.02558851,0.02900255,0.03257397,0.03637234,0.04059358,0.04518988,0.05011163,0.05557278,0.06163072,0.06836652,0.07581311,0.08399303,0.09300974,0.10285461,0.11361401,0.1254446,0.13843913,0.15281082,0.16871458,0.18611531,0.20432221,0.22357196,0.24388342,0.26378365,0.28550699,0.31159929,0.34183586,0.3762367,0.41258189,0.45218937,0.49645733
AZE,2035,0.0121201,0.00073226,0.00050458,0.00035869,0.00026472,0.00021134,0.00018997,0.00019194,0.00020536,0.00021812,0.00022473,0.00023522,0.00026039,0.0002959,0.00034304,0.00040469,0.00047781,0.00056039,0.00064926,0.00073748,0.00081644,0.00087342,0.00091122,0.00093382,0.00094776,0.00096062,0.00097652,0.00100122,0.00103633,0.00108213,0.00113696,0.00119571,0.00125973,0.00132756,0.0013969,0.00146633,0.00153526,0.00161287,0.00170587,0.00181743,0.00194623,0.0020867,0.00223393,0.00238288,0.00253314,0.00269692,0.00288464,0.00310178,0.00335669,0.0036575,0.00400814,0.00441408,0.00487119,0.00536931,0.00590173,0.00647737,0.00710474,0.00778654,0.0085654,0.00948213,0.01050963,0.01156286,0.01257355,0.01366188,0.01485958,0.01619752,0.01788004,0.02001687,0.02246026,0.02533587,0.02870449,0.03222592,0.03597841,0.04016908,0.04474624,0.04965388,0.05509991,0.06112054,0.06780116,0.07520347,0.08334461,0.09230765,0.10208129,0.11277969,0.12459781,0.13758046,0.1518781,0.16766801,0.18495304,0.20311014,0.22237829,0.24262164,0.262382,0.28400896,0.31003161,0.34018094,0.37452435,0.41079492,0.45029092,0.49445816
AZE,2036,0.01182173,0.00071521,0.00049412,0.00035216,0.00026052,0.00020832,0.00018726,0.00018899,0.00020196,0.00021437,0.00022088,0.00023125,0.00025604,0.00029111,0.00033767,0.00039853,0.00047074,0.00055239,0.00064022,0.00072731,0.0008052,0.00086148,0.00089902,0.00092151,0.00093554,0.00094853,0.00096441,0.00098915,0.00102395,0.00106929,0.00112505,0.00118554,0.00124849,0.00131289,0.00138088,0.00145045,0.00151878,0.00159549,0.00168785,0.00179811,0.00192525,0.00206496,0.00221165,0.00236121,0.00251154,0.0026711,0.00285354,0.00306701,0.00331937,0.00361778,0.00396318,0.00436051,0.00480905,0.00530033,0.00582733,0.00639951,0.00702404,0.00770355,0.00848115,0.00939386,0.01041257,0.0114517,0.01244483,0.01351536,0.0146987,0.01602667,0.01769631,0.01981108,0.02222559,0.02506117,0.02838157,0.03185504,0.03555159,0.03968721,0.0442267,0.04910991,0.05453705,0.06053472,0.06716858,0.07450475,0.08259073,0.09150696,0.10121466,0.11182784,0.12356864,0.13652322,0.15079784,0.16649844,0.18365201,0.20168231,0.22089148,0.24115054,0.26085056,0.2823291,0.3082164,0.33825824,0.37254394,0.40877239,0.44820134,0.4922543
AZE,2037,0.01151417,0.00069735,0.00048298,0.00034508,0.00025588,0.00020494,0.00018425,0.00018578,0.00019833,0.00021042,0.00021684,0.00022709,0.0002515,0.00028607,0.00033204,0.00039214,0.00046335,0.00054396,0.00063076,0.00071682,0.0007937,0.00084912,0.00088627,0.00090875,0.00092282,0.00093593,0.00095178,0.00097637,0.00101109,0.00105599,0.00111116,0.00117244,0.00123716,0.00130048,0.00136496,0.00143316,0.00150159,0.0015776,0.00166886,0.00177828,0.00190391,0.00204173,0.00218767,0.00233677,0.00248784,0.00264741,0.00282524,0.00303282,0.00328078,0.00357582,0.00391806,0.00430936,0.00474834,0.00523035,0.00575017,0.00631651,0.00693743,0.00761359,0.00838753,0.00929708,0.01031044,0.01134163,0.0123221,0.01337432,0.0145388,0.01585111,0.01750737,0.01960317,0.02199215,0.02479305,0.02806634,0.03149327,0.0351408,0.03921575,0.04369722,0.04854252,0.05394634,0.05992431,0.06653459,0.0738225,0.08184017,0.09070318,0.10036348,0.1109087,0.12256004,0.1354334,0.14968142,0.16536091,0.18242724,0.20033248,0.21941809,0.23962884,0.25937229,0.28079,0.3065054,0.33638976,0.37061295,0.40681291,0.44621712,0.49020959
AZE,2038,0.01121932,0.00068028,0.00047243,0.00033842,0.00025157,0.00020183,0.00018147,0.00018278,0.00019492,0.0002067,0.00021302,0.00022315,0.0002472,0.00028129,0.00032667,0.00038607,0.00045644,0.000536,0.00062178,0.00070691,0.00078297,0.00083767,0.0008743,0.00089666,0.00091088,0.00092408,0.00093987,0.00096432,0.00099879,0.00104351,0.00109816,0.0011587,0.00122427,0.00128952,0.00135295,0.00141765,0.0014847,0.00156083,0.0016513,0.0017595,0.00188425,0.00202052,0.00216467,0.00231325,0.00246412,0.00262461,0.00280246,0.00300508,0.00324657,0.00353657,0.00387495,0.00426284,0.00469548,0.0051676,0.00567806,0.00623715,0.00685241,0.00752498,0.00829477,0.0091993,0.01020907,0.01123688,0.01221209,0.0132521,0.0143981,0.01569103,0.01732908,0.0194068,0.02177518,0.02454684,0.02778084,0.03116447,0.03476666,0.0387907,0.04321079,0.04799958,0.05336916,0.05932626,0.0659202,0.07318852,0.08116125,0.08996226,0.09957389,0.1100759,0.12166161,0.13444845,0.14862291,0.16428561,0.18134814,0.19918788,0.21816442,0.23827131,0.2580101,0.27948491,0.30513318,0.33484726,0.36898378,0.4051792,0.44460599,0.48861955
AZE,2039,0.01092718,0.00066386,0.00046228,0.00033203,0.00024742,0.00019881,0.00017873,0.00017979,0.00019147,0.00020292,0.00020916,0.00021917,0.00024286,0.00027647,0.00032124,0.00037987,0.00044937,0.00052797,0.00061259,0.0006967,0.00077201,0.00082613,0.00086234,0.00088445,0.00089872,0.00091208,0.00092778,0.00095205,0.00098622,0.00103055,0.0010849,0.0011447,0.00120947,0.00127563,0.00134107,0.00140472,0.00146811,0.00154273,0.00163316,0.00174033,0.00186364,0.00199885,0.00214136,0.00228813,0.00243852,0.00259873,0.00277731,0.00297958,0.00321531,0.00349777,0.00383008,0.00421333,0.00464192,0.00510704,0.00560677,0.00615545,0.00676268,0.00742854,0.00819294,0.00909081,0.01009374,0.01111884,0.01209245,0.01312686,0.01425947,0.01553184,0.0171459,0.01919818,0.02154433,0.0242892,0.02748658,0.0308318,0.03438838,0.03836151,0.04272626,0.04745032,0.05276108,0.05868014,0.06525016,0.07249953,0.08044984,0.08920481,0.09874936,0.10919692,0.12073138,0.13344394,0.14752555,0.16310518,0.18014806,0.1979912,0.21689907,0.23689046,0.25653934,0.27799921,0.3036653,0.33328173,0.3672775,0.40339061,0.44280601,0.48682122
AZE,2040,0.01064103,0.00064748,0.0004521,0.00032558,0.00024319,0.00019571,0.00017594,0.00017676,0.00018799,0.00019909,0.00020523,0.00021511,0.00023841,0.0002715,0.00031562,0.0003734,0.00044189,0.00051946,0.00060297,0.00068584,0.0007602,0.00081371,0.00084958,0.00087147,0.00088558,0.00089897,0.00091463,0.00093864,0.00097245,0.0010163,0.00107007,0.00112931,0.00119324,0.00125855,0.00132489,0.00139057,0.0014528,0.00152354,0.00161217,0.00171904,0.00184106,0.00197454,0.00211589,0.00226094,0.00240944,0.00256902,0.002747,0.00294957,0.00318429,0.00345988,0.00378336,0.00415947,0.0045825,0.00504298,0.005535,0.00607167,0.00666729,0.0073237,0.00807913,0.00896872,0.00996274,0.01098126,0.01195366,0.01298596,0.01411179,0.01536856,0.01695673,0.01897639,0.02129126,0.02400619,0.02716786,0.03047543,0.03398918,0.03790825,0.04221437,0.04687642,0.05211541,0.05796575,0.06448839,0.07170505,0.07962743,0.08835284,0.09783893,0.10820439,0.11966645,0.13230899,0.14629949,0.1617648,0.17870487,0.1965238,0.21542839,0.23533852,0.25487497,0.27622807,0.30182915,0.33141773,0.36533346,0.40129675,0.4406144,0.4845908
AZE,2041,0.01037709,0.00063237,0.00044269,0.0003196,0.00023928,0.00019285,0.00017335,0.00017396,0.00018479,0.00019557,0.00020161,0.00021138,0.00023433,0.00026696,0.00031048,0.00036752,0.0004351,0.00051167,0.00059422,0.00067614,0.00074954,0.00080246,0.00083811,0.00085995,0.00087401,0.00088729,0.00090281,0.00092669,0.00096014,0.00100355,0.0010568,0.00111536,0.00117879,0.00124338,0.00130899,0.00137575,0.00144014,0.00150975,0.00159431,0.00169928,0.00182105,0.0019533,0.0020931,0.00223728,0.00238434,0.00254218,0.0027196,0.00292153,0.00315648,0.0034309,0.00374705,0.00411395,0.00452976,0.00498508,0.00547315,0.00600241,0.00658609,0.00723077,0.0079761,0.00885567,0.00984145,0.01085368,0.01182326,0.01285639,0.01398185,0.01523303,0.01680431,0.01879421,0.02107578,0.02375771,0.02688814,0.03016745,0.0336483,0.03752628,0.04178149,0.04639009,0.05157343,0.05735651,0.06381612,0.07099356,0.07889344,0.0876051,0.09707321,0.10739048,0.11877939,0.13136035,0.14529681,0.16068585,0.17752886,0.19527343,0.21418507,0.23412404,0.25361731,0.27487675,0.30036868,0.32989951,0.3638645,0.39979898,0.43901274,0.4829309
AZE,2042,0.01012816,0.00061793,0.00043376,0.00031398,0.00023563,0.00019019,0.00017094,0.0001713,0.0001817,0.00019215,0.00019807,0.0002077,0.00023029,0.00026244,0.00030536,0.00036162,0.00042828,0.00050381,0.00058525,0.00066619,0.00073874,0.00079088,0.00082618,0.00084799,0.00086209,0.00087531,0.00089054,0.00091412,0.00094727,0.00099015,0.00104279,0.00110061,0.00116328,0.00122735,0.00129222,0.00135824,0.00142367,0.00149547,0.00157873,0.00167922,0.00179881,0.0019307,0.00206924,0.0022119,0.00235817,0.00251449,0.00268993,0.00289097,0.00312478,0.00339887,0.00371326,0.00407191,0.00447749,0.00492494,0.00540754,0.00593247,0.00650806,0.00713934,0.00787068,0.00873735,0.00971105,0.01071554,0.01168051,0.01271077,0.01383686,0.01508692,0.01664907,0.01861503,0.02086138,0.02350232,0.02659129,0.02983913,0.03328881,0.03712733,0.04133539,0.04588772,0.0510122,0.05673134,0.0631142,0.07021889,0.07807074,0.08675371,0.09619799,0.10648433,0.11780783,0.13029667,0.14415436,0.15946906,0.176215,0.19384701,0.21266554,0.23259788,0.25211589,0.27330146,0.29864332,0.32800546,0.36190527,0.39785639,0.43699439,0.48074944
AZE,2043,0.0098679,0.00060291,0.00042431,0.0003079,0.0002316,0.00018721,0.00016825,0.00016842,0.00017842,0.00018857,0.00019439,0.00020389,0.00022612,0.00025779,0.0003001,0.00035558,0.00042129,0.00049579,0.00057611,0.00065598,0.00072775,0.00077932,0.00081417,0.0008359,0.00085013,0.00086344,0.00087846,0.00090164,0.00093438,0.00097684,0.00102885,0.0010859,0.0011478,0.00121114,0.00127554,0.00134085,0.00140549,0.0014783,0.00156371,0.00166271,0.00177744,0.00190693,0.00204515,0.00218658,0.00233136,0.00248683,0.00266048,0.00285911,0.00309151,0.00336384,0.00367741,0.00403392,0.0044305,0.00486698,0.00534133,0.00586044,0.00643149,0.00705381,0.00776968,0.00861963,0.00957861,0.01057178,0.01153115,0.01255712,0.01368044,0.01493113,0.01648997,0.01844207,0.02066173,0.02326236,0.0263046,0.02951385,0.03293326,0.03673897,0.04090702,0.04541305,0.05048272,0.05614291,0.06246215,0.06949063,0.07727163,0.08591369,0.0953354,0.10560333,0.11689952,0.12932713,0.14310062,0.15834468,0.1750295,0.19258627,0.21131065,0.2311734,0.25072871,0.27195309,0.29721812,0.32643804,0.36023909,0.3961831,0.43538775,0.47911508
AZE,2044,0.00961695,0.00058829,0.00041512,0.000302,0.00022769,0.00018433,0.00016565,0.00016561,0.00017522,0.00018506,0.00019078,0.00020015,0.00022202,0.0002532,0.00029491,0.00034962,0.00041439,0.00048785,0.00056708,0.00064585,0.00071671,0.00076775,0.00080231,0.00082382,0.0008381,0.00085156,0.0008665,0.00088935,0.00092154,0.00096346,0.00101492,0.00107116,0.00113225,0.00119483,0.00125854,0.00132341,0.00138728,0.00145921,0.00154555,0.00164671,0.0017598,0.00188404,0.00201981,0.00216109,0.00230476,0.00245872,0.00263138,0.00282791,0.00305738,0.00332774,0.00363902,0.00399446,0.00438872,0.00481566,0.00527846,0.00578881,0.00635383,0.00697113,0.0076764,0.00850813,0.00944833,0.01042735,0.01137732,0.01239808,0.01351725,0.01476501,0.01632232,0.01826647,0.02046969,0.02303838,0.02603354,0.029197,0.03257677,0.03634872,0.04048152,0.04494615,0.04996841,0.05557014,0.06182664,0.06878763,0.07648816,0.08505838,0.09443662,0.10467809,0.11594882,0.12834151,0.14204823,0.15719921,0.17380757,0.19130656,0.20995354,0.22971906,0.24922092,0.27046966,0.29573298,0.3248415,0.35851736,0.39435541,0.43353523,0.47729901
AZE,2045,0.00936232,0.00057335,0.00040569,0.00029593,0.00022365,0.00018133,0.00016297,0.00016275,0.00017198,0.00018151,0.00018712,0.00019636,0.00021785,0.00024853,0.0002896,0.00034351,0.00040734,0.00047972,0.0005578,0.00063547,0.00070536,0.0007557,0.00079,0.00081143,0.00082561,0.00083911,0.00085402,0.00087665,0.00090835,0.00094955,0.00100032,0.00105581,0.001116,0.00117776,0.00124069,0.00130485,0.00136819,0.00143922,0.00152442,0.00162635,0.0017416,0.00186396,0.00199413,0.00213287,0.00227644,0.00242913,0.00259995,0.00279502,0.00302171,0.00328828,0.0035968,0.00394932,0.0043421,0.00476644,0.00521889,0.00571649,0.00627181,0.00688199,0.00758037,0.00839854,0.00931762,0.01027732,0.01121408,0.0122247,0.01333775,0.01457999,0.01613059,0.01806716,0.02025866,0.02280457,0.02575952,0.02887438,0.03220433,0.0359299,0.04002368,0.04444894,0.04942568,0.05497336,0.06116398,0.06805448,0.07567948,0.08416339,0.09346211,0.10365223,0.11488621,0.12724315,0.14090825,0.15598355,0.17249112,0.18991651,0.20850742,0.2281982,0.24762529,0.26882244,0.29408618,0.32318236,0.3568033,0.39255633,0.43167198,0.4754524
AZE,2046,0.00911953,0.00055901,0.00039657,0.00029,0.00021967,0.00017837,0.00016029,0.00015989,0.00016874,0.00017798,0.00018348,0.00019257,0.00021369,0.00024387,0.00028429,0.00033737,0.00040023,0.00047153,0.00054844,0.00062495,0.00069388,0.0007435,0.0007774,0.00079881,0.00081304,0.00082645,0.00084124,0.00086371,0.00089505,0.00093561,0.00098551,0.0010401,0.00109948,0.00116034,0.00122245,0.00128585,0.00134841,0.00141881,0.0015029,0.00160344,0.00171938,0.00184398,0.0019722,0.00210512,0.00224617,0.00239878,0.00256815,0.00276102,0.00298575,0.00324884,0.00355285,0.00390213,0.00429166,0.0047146,0.00516455,0.00565107,0.00619271,0.00679218,0.00748186,0.00829104,0.00919466,0.01013316,0.01105183,0.012049,0.01315155,0.01438714,0.0159293,0.01785401,0.02003581,0.02256592,0.02549278,0.0285688,0.03184838,0.03551939,0.03956371,0.0439488,0.04888533,0.05438431,0.06051729,0.06733766,0.07488766,0.08329356,0.09250036,0.10260416,0.11377732,0.12608729,0.13970862,0.15473207,0.17115392,0.18847371,0.20698295,0.22660926,0.24596592,0.26706567,0.29222199,0.32126263,0.35486583,0.39052151,0.42949348,0.47313221
AZE,2047,0.0088791,0.00054479,0.00038754,0.00028414,0.00021574,0.00017546,0.00015768,0.00015712,0.00016561,0.00017457,0.00017997,0.00018893,0.00020968,0.00023939,0.0002792,0.0003315,0.00039342,0.00046371,0.00053953,0.00061497,0.00068297,0.00073194,0.00076545,0.00078672,0.00080108,0.00081457,0.00082914,0.00085138,0.00088243,0.00092252,0.00097169,0.00102528,0.00108376,0.00114387,0.00120516,0.00126781,0.00132959,0.00139915,0.00148247,0.00158172,0.00169615,0.00182153,0.00195232,0.00208336,0.00221849,0.00236857,0.00253781,0.00272899,0.0029511,0.00321176,0.00351179,0.00385619,0.00424238,0.00466224,0.00511131,0.00559561,0.00612569,0.00671046,0.00738801,0.00818673,0.0090804,0.01000432,0.01090335,0.01188243,0.01297155,0.0141965,0.01572989,0.0176421,0.01981101,0.02232913,0.02523724,0.02828932,0.03153103,0.03514931,0.03913823,0.04347528,0.04837457,0.05383512,0.05992155,0.0666868,0.07416952,0.08250678,0.09164097,0.10165834,0.11275005,0.12500611,0.13859286,0.15358657,0.16997706,0.18724048,0.2056709,0.22524861,0.24459303,0.26565403,0.29072699,0.31968803,0.35333773,0.38907072,0.42804253,0.47164386
AZE,2048,0.00863667,0.00053037,0.00037829,0.00027806,0.00021161,0.00017235,0.0001549,0.00015417,0.00016231,0.00017098,0.00017628,0.0001851,0.00020548,0.00023466,0.00027382,0.00032529,0.00038618,0.00045533,0.00052997,0.00060426,0.00067124,0.00071947,0.00075258,0.00077367,0.00078801,0.00080162,0.00081609,0.00083795,0.00086859,0.00090822,0.00095673,0.00100934,0.00106669,0.00112584,0.00118633,0.00124809,0.00130898,0.00137757,0.00145974,0.00155787,0.00167068,0.00179423,0.00192576,0.0020595,0.00219261,0.00233633,0.00250258,0.00269314,0.00291281,0.00316991,0.00346657,0.00380607,0.00418644,0.00460239,0.00504794,0.00553092,0.00605818,0.00662953,0.00728949,0.00807274,0.00895338,0.00986705,0.01075189,0.01170955,0.0127785,0.01398769,0.01550561,0.01740194,0.01955375,0.02205247,0.02494147,0.02797478,0.03118944,0.03476277,0.03869209,0.04296813,0.04781441,0.05323113,0.05927234,0.06598363,0.07340311,0.08166655,0.09072281,0.10065699,0.11164857,0.12380846,0.13732914,0.15227462,0.16862594,0.18585857,0.20422803,0.22372225,0.24303267,0.26407286,0.28907405,0.31792238,0.35152155,0.38730988,0.42635808,0.46995416
AZE,2049,0.00840687,0.00051665,0.00036945,0.00027224,0.00020765,0.00016938,0.00015222,0.00015134,0.00015913,0.00016752,0.00017273,0.00018141,0.00020143,0.00023013,0.00026866,0.00031933,0.00037926,0.00044732,0.0005208,0.00059398,0.00066004,0.00070757,0.00074028,0.00076124,0.00077555,0.00078917,0.00080362,0.00082527,0.00085542,0.00089453,0.00094249,0.0009943,0.00105067,0.00110873,0.00116832,0.00122935,0.00128934,0.00135698,0.00143802,0.00153483,0.00164642,0.00176827,0.00189805,0.00203285,0.00216905,0.00231079,0.00247041,0.00265773,0.00287651,0.00313072,0.00342336,0.00375925,0.00413454,0.0045447,0.00498671,0.00546646,0.00599293,0.0065615,0.00720653,0.0079699,0.00883375,0.00973566,0.0106128,0.01155679,0.01260417,0.01379281,0.01529254,0.0171691,0.01930404,0.02178314,0.02464986,0.02766924,0.03086788,0.03441352,0.03829758,0.0425147,0.04730135,0.05266543,0.05866411,0.06533184,0.07269886,0.0809024,0.08988534,0.09974092,0.11064603,0.12270156,0.1361236,0.15099902,0.16730249,0.18450682,0.20285125,0.22228557,0.2415246,0.2625149,0.28744906,0.3161809,0.34966883,0.38538063,0.424437,0.46804108
AZE,2050,0.00818638,0.00050332,0.00036088,0.00026661,0.00020383,0.00016652,0.00014966,0.00014863,0.00015608,0.0001642,0.00016929,0.00017784,0.0001975,0.00022572,0.00026363,0.0003135,0.00037249,0.0004395,0.00051182,0.00058386,0.00064897,0.00069581,0.0007281,0.00074888,0.00076317,0.00077676,0.00079105,0.00081255,0.00084235,0.00088081,0.00092812,0.00097921,0.00103473,0.00109182,0.00115034,0.00121048,0.00126968,0.00133631,0.00141619,0.00151164,0.00162171,0.00174222,0.00187029,0.00200341,0.00214091,0.00228591,0.00244333,0.00262345,0.00283842,0.00309117,0.0033803,0.00371164,0.00408297,0.00448781,0.00492389,0.00540001,0.00592318,0.00649065,0.00713169,0.00787742,0.008719,0.00960423,0.01047114,0.01140745,0.01244047,0.01360593,0.01508106,0.01693336,0.01904536,0.02150292,0.02434467,0.0273438,0.03052853,0.03405489,0.0379083,0.04207758,0.04680244,0.05210234,0.05804433,0.06466624,0.0719864,0.08013571,0.08905435,0.09883091,0.10964969,0.121611,0.13492273,0.14969139,0.16592193,0.18308957,0.20141621,0.22083816,0.24004376,0.2609683,0.2858354,0.3144922,0.34791526,0.38355769,0.42257835,0.46623092
AZE,2051,0.008004,0.0004917,0.00035329,0.00026152,0.00020031,0.00016383,0.00014723,0.00014605,0.00015317,0.00016101,0.00016598,0.00017437,0.00019366,0.00022137,0.00025863,0.00030766,0.00036566,0.00043156,0.00050269,0.00057351,0.00063756,0.00068369,0.00071557,0.00073616,0.00075039,0.00076397,0.00077815,0.00079942,0.00082896,0.00086699,0.00091358,0.00096395,0.00101881,0.00107518,0.00113287,0.00119208,0.00125048,0.00131636,0.00139518,0.00148942,0.00159814,0.00171716,0.00184409,0.00197577,0.00211189,0.0022585,0.00241936,0.00259711,0.00280433,0.00305283,0.00334032,0.00366791,0.00403451,0.00443553,0.00486646,0.0053366,0.00585615,0.00642,0.0070591,0.00779928,0.00862125,0.0094839,0.0103352,0.01126095,0.01228574,0.01343537,0.01488288,0.01670395,0.01878794,0.02121719,0.02403161,0.02700725,0.03017096,0.0336798,0.0375107,0.04164633,0.04632007,0.05155225,0.05742371,0.06398262,0.07125071,0.07934904,0.08820592,0.09790839,0.10863497,0.1204956,0.13370091,0.14834282,0.1644513,0.18154335,0.19982885,0.21922989,0.23843129,0.25930119,0.2840545,0.3125988,0.34595265,0.38151462,0.4204398,0.46401916
AZE,2052,0.0078262,0.00048026,0.00034581,0.00025652,0.00019686,0.00016119,0.00014485,0.00014352,0.00015032,0.00015788,0.00016272,0.00017095,0.00018986,0.00021706,0.00025368,0.00030188,0.0003589,0.0004237,0.00049364,0.00056327,0.00062622,0.0006716,0.00070306,0.00072347,0.00073764,0.00075117,0.00076525,0.00078627,0.00081544,0.00085309,0.00089912,0.00094863,0.00100273,0.00105845,0.00111544,0.00117383,0.00123124,0.00129621,0.00137409,0.00146705,0.00157438,0.00169186,0.0018173,0.00194793,0.00208271,0.00222793,0.00239028,0.00257143,0.00277583,0.00301567,0.00329821,0.00362366,0.00398611,0.00438216,0.00480926,0.00527396,0.00578705,0.00634679,0.00698105,0.0077177,0.00853281,0.00937538,0.01020459,0.01111419,0.01212797,0.01326869,0.01469689,0.01648373,0.01853226,0.02092784,0.02370766,0.02665735,0.02979671,0.03328074,0.03709141,0.04120257,0.04584071,0.0510166,0.0568142,0.06329602,0.07049466,0.07853717,0.0873353,0.0969657,0.10760442,0.11935774,0.1324495,0.14696788,0.16293213,0.17989441,0.19809574,0.21744993,0.2366379,0.25747675,0.28211799,0.31049155,0.34372085,0.37918175,0.41798,0.46140275
AZE,2053,0.00764401,0.00046861,0.00033812,0.00025132,0.00019322,0.0001584,0.00014232,0.00014086,0.00014735,0.00015464,0.00015936,0.00016744,0.00018597,0.00021267,0.00024863,0.00029599,0.00035203,0.00041571,0.00048443,0.00055288,0.00061478,0.0006594,0.00069042,0.00071067,0.00072482,0.00073833,0.00075229,0.00077309,0.00080188,0.00083902,0.00088455,0.0009334,0.0009866,0.00104158,0.00109796,0.0011557,0.00121223,0.0012761,0.00135286,0.00144464,0.00155049,0.00166635,0.00179021,0.00191941,0.00205323,0.00219706,0.00235771,0.00254015,0.00274777,0.0029842,0.00325709,0.00357682,0.00393685,0.00432853,0.0047505,0.00521116,0.00571833,0.00627083,0.0068997,0.00762969,0.00844022,0.00927657,0.01008635,0.01097289,0.01196969,0.01309855,0.01451506,0.01627718,0.01828775,0.02064258,0.02338328,0.0263008,0.02941514,0.0328732,0.03665891,0.04075161,0.0453683,0.05050977,0.05625196,0.06266052,0.06978326,0.07776184,0.0865084,0.0960841,0.10665356,0.1183231,0.13131639,0.14572889,0.16158071,0.17841961,0.19651186,0.21581174,0.2350045,0.25585194,0.28046121,0.30873543,0.34186583,0.37726909,0.41603127,0.45939282
AZE,2054,0.0074561,0.0004565,0.0003302,0.000246,0.00018953,0.00015558,0.0001398,0.0001382,0.00014436,0.00015138,0.00015596,0.00016387,0.00018201,0.00020818,0.00024347,0.00028997,0.000345,0.00040756,0.00047506,0.00054225,0.00060306,0.0006469,0.00067741,0.00069742,0.00071151,0.000725,0.00073884,0.00075938,0.00078779,0.00082439,0.00086926,0.00091744,0.00096988,0.00102393,0.00107955,0.00113665,0.00119242,0.00125526,0.00133066,0.00142103,0.00152545,0.00163954,0.00176169,0.00188929,0.00202168,0.00216445,0.00232332,0.0025036,0.00271205,0.00295125,0.0032199,0.00352864,0.00388208,0.00427096,0.00468815,0.00514304,0.00564541,0.00619081,0.00681035,0.00753238,0.00833408,0.00916572,0.00997,0.01083535,0.01180683,0.01291638,0.01431654,0.01605995,0.01804006,0.02034812,0.02303801,0.02591395,0.02899153,0.03241708,0.03616985,0.04023145,0.04482408,0.0499356,0.05563367,0.06197517,0.06901108,0.07690227,0.08556997,0.09507751,0.1055724,0.1171518,0.13004371,0.14433654,0.16006293,0.17677894,0.19473351,0.21391535,0.23307026,0.25390822,0.27848085,0.30668494,0.33974162,0.37506182,0.41378178,0.45712295
AZE,2055,0.00730933,0.00044671,0.00032367,0.00024154,0.00018637,0.00015312,0.00013754,0.00013579,0.00014163,0.00014837,0.00015281,0.00016054,0.00017828,0.00020391,0.00023849,0.00028407,0.00033804,0.00039938,0.00046555,0.00053138,0.00059093,0.00063389,0.00066382,0.00068347,0.00069736,0.00071069,0.00072435,0.00074455,0.00077245,0.0008084,0.00085244,0.00089976,0.00095142,0.00100466,0.0010593,0.0011156,0.0011707,0.00123268,0.00130685,0.00139559,0.00149839,0.00161087,0.00173127,0.00185728,0.00198825,0.00212966,0.0022873,0.00246558,0.00267148,0.00291126,0.00318271,0.00348674,0.00382841,0.00421052,0.00462524,0.00507538,0.00557167,0.0061119,0.00672315,0.00743405,0.00822692,0.0090507,0.00985251,0.01071292,0.01166253,0.01274546,0.01412317,0.01584551,0.01780513,0.02007878,0.02271662,0.02554414,0.02858113,0.03196873,0.03568977,0.03972098,0.04428619,0.0493763,0.05504753,0.06134784,0.06831878,0.07612728,0.08470923,0.09413964,0.10456713,0.11607363,0.12888058,0.14307436,0.15868454,0.17528634,0.19312492,0.21217662,0.23124297,0.25204187,0.27657186,0.30471455,0.33772742,0.37297292,0.41159335,0.45485988
AZE,2056,0.00717517,0.00043791,0.00031794,0.00023772,0.00018373,0.00015107,0.00013563,0.00013368,0.00013917,0.0001456,0.00014989,0.00015744,0.00017479,0.0001999,0.00023382,0.00027854,0.00033149,0.00039168,0.00045658,0.00052111,0.00057947,0.00062156,0.00065094,0.00067027,0.00068394,0.0006971,0.00071058,0.00073048,0.00075789,0.0007932,0.00083648,0.00088295,0.00093374,0.00098626,0.00104016,0.00109555,0.00114991,0.00121118,0.00128434,0.00137168,0.00147272,0.00158349,0.00170237,0.0018268,0.0019564,0.00209648,0.00225256,0.00242941,0.00263293,0.00286966,0.00314145,0.00344819,0.00378485,0.00415449,0.00456229,0.00501003,0.00550115,0.00603472,0.00663961,0.0073403,0.00812057,0.00893603,0.00973175,0.01059025,0.01153508,0.0125949,0.0139422,0.01563653,0.01757228,0.01982112,0.02241875,0.02519465,0.02818199,0.03152577,0.03520718,0.0392068,0.04374261,0.04880471,0.05445463,0.06072826,0.06765754,0.07540232,0.08389992,0.0932428,0.10359059,0.11502858,0.12776595,0.14187725,0.15739392,0.17389342,0.19163011,0.21058212,0.22955739,0.25028417,0.2747633,0.30286136,0.33587229,0.3711289,0.40972637,0.45294572
AZE,2057,0.00704599,0.00042941,0.00031238,0.00023398,0.00018112,0.00014905,0.00013376,0.00013164,0.00013681,0.00014297,0.0001471,0.00015448,0.00017147,0.00019609,0.00022937,0.00027327,0.00032526,0.00038436,0.00044806,0.00051136,0.00056859,0.00060986,0.00063866,0.00065767,0.00067115,0.00068409,0.00069737,0.00071695,0.00074391,0.00077859,0.0008211,0.00086677,0.00091669,0.00096837,0.00102159,0.00107626,0.00112974,0.00119018,0.00126243,0.00134855,0.001448,0.00155687,0.00167404,0.00179705,0.00192515,0.00206381,0.00221824,0.0023932,0.00259484,0.00282861,0.0030968,0.00340354,0.00374317,0.00410763,0.00450222,0.00494266,0.00543116,0.00595904,0.00655598,0.00724863,0.00801737,0.00882044,0.00960942,0.01046188,0.0114048,0.01245925,0.0137795,0.01543697,0.0173411,0.01956133,0.022129,0.02486537,0.02779862,0.03108781,0.03472198,0.03867995,0.04318253,0.04821137,0.05382932,0.06007781,0.06697568,0.07467466,0.08309955,0.09234679,0.10259335,0.1139378,0.12659574,0.14062435,0.15604696,0.172448,0.19007264,0.20891404,0.227799,0.24841974,0.27278253,0.30078986,0.33376965,0.3690254,0.40762503,0.45080699
AZE,2058,0.00691584,0.00042087,0.00030675,0.00023017,0.00017845,0.00014697,0.00013182,0.00012952,0.00013437,0.00014025,0.00014423,0.00015143,0.00016804,0.00019215,0.00022478,0.00026782,0.00031882,0.00037677,0.00043921,0.00050125,0.0005573,0.00059774,0.00062598,0.00064463,0.00065791,0.00067067,0.0006837,0.00070294,0.00072942,0.00076348,0.00080519,0.00085,0.00089903,0.00094982,0.00100218,0.00105617,0.00110894,0.00116835,0.00123953,0.00132447,0.00142245,0.00152948,0.00164463,0.00176591,0.00189262,0.00202968,0.00218232,0.00235524,0.00255442,0.00278561,0.0030501,0.00335232,0.00369165,0.0040593,0.00444834,0.0048743,0.00535446,0.00587907,0.00646871,0.00715107,0.00790999,0.00870114,0.00947847,0.0103238,0.01126006,0.01231193,0.01362375,0.01524749,0.01710953,0.01929168,0.0218239,0.0245302,0.02742103,0.03064957,0.03422369,0.03813067,0.04258797,0.04757851,0.05315797,0.05936922,0.06623672,0.07389997,0.08227046,0.09143334,0.10156906,0.11279586,0.12534523,0.13927691,0.15460027,0.17089611,0.18840489,0.20711408,0.22588323,0.24638103,0.27057107,0.29839116,0.33124399,0.36641474,0.40493465,0.4480146
AZE,2059,0.0067846,0.00041229,0.00030107,0.00022631,0.00017572,0.00014483,0.00012984,0.00012738,0.00013192,0.00013753,0.00014136,0.00014839,0.00016462,0.00018824,0.00022022,0.00026242,0.00031243,0.00036926,0.00043047,0.00049124,0.00054615,0.00058577,0.00061347,0.00063179,0.00064485,0.00065743,0.00067026,0.00068912,0.0007151,0.00074854,0.00078949,0.00083347,0.0008816,0.00093153,0.00098304,0.00103619,0.00108831,0.00114692,0.00121687,0.00130049,0.00139711,0.00150252,0.00161581,0.0017351,0.00186016,0.00199579,0.00214651,0.00231729,0.00251392,0.00274205,0.0030034,0.00330121,0.00363556,0.00400306,0.00439591,0.00481601,0.00528026,0.00579568,0.00638097,0.00705415,0.00780133,0.00858292,0.00934955,0.0101829,0.01111173,0.01215634,0.01346321,0.01507415,0.01689868,0.01903299,0.0215214,0.0241938,0.0270546,0.03023744,0.03374796,0.03759364,0.04199967,0.04694383,0.05248491,0.05865848,0.06549048,0.07312853,0.08146656,0.09057736,0.10062955,0.1117473,0.12418515,0.13801561,0.15325587,0.16947789,0.18690641,0.20552889,0.22421441,0.24462668,0.26870442,0.29637513,0.32912335,0.36426397,0.40279884,0.44590728
AZE,2060,0.00665743,0.00040403,0.0002956,0.00022259,0.00017309,0.00014276,0.00012791,0.00012528,0.00012951,0.00013485,0.00013853,0.00014539,0.00016125,0.00018436,0.00021569,0.00025704,0.00030607,0.00036178,0.00042175,0.00048126,0.00053501,0.00057382,0.00060097,0.00061898,0.00063184,0.00064422,0.00065684,0.00067537,0.00070082,0.0007336,0.00077378,0.00081694,0.00086418,0.00091321,0.00096387,0.00101618,0.00106749,0.00112533,0.00119425,0.00127638,0.00137147,0.00147534,0.00158696,0.00170442,0.00182754,0.00196146,0.00211043,0.00227895,0.00247294,0.00269786,0.0029555,0.00324943,0.00357881,0.00394098,0.0043339,0.00475827,0.00521599,0.00571393,0.0062884,0.00695552,0.00769205,0.0084619,0.00922032,0.01004275,0.01095907,0.01199571,0.01329265,0.01489446,0.01670389,0.01879509,0.02122883,0.02385769,0.02668368,0.02983329,0.03329519,0.03707483,0.04141747,0.04630718,0.0517992,0.05793263,0.06472572,0.07232953,0.08064162,0.08971784,0.09971356,0.1107431,0.12306942,0.13678405,0.15192206,0.1680705,0.18543296,0.20398398,0.22260649,0.242937,0.26690608,0.29444521,0.32707113,0.3621272,0.40064173,0.44376429
AZE,2061,0.00653327,0.00039595,0.00029017,0.00021884,0.00017041,0.00014064,0.00012595,0.00012317,0.00012712,0.00013221,0.00013576,0.00014245,0.00015795,0.00018058,0.00021127,0.0002518,0.00029986,0.00035447,0.00041323,0.00047153,0.00052416,0.00056217,0.0005888,0.00060649,0.00061917,0.00063136,0.00064374,0.00066192,0.00068689,0.00071899,0.00075838,0.00080073,0.00084711,0.00089526,0.00094506,0.00099654,0.00104702,0.00110394,0.00117189,0.00125276,0.00134614,0.00144832,0.00155838,0.00167421,0.00179554,0.00192743,0.00207436,0.00224078,0.00243199,0.00265366,0.00290751,0.00319704,0.00352216,0.00387912,0.00426657,0.0046912,0.00515351,0.00564419,0.00619903,0.00685332,0.0075828,0.00834226,0.00909019,0.00990432,0.01080915,0.01183227,0.01311836,0.01470571,0.01650405,0.01857644,0.02096104,0.02353485,0.02631585,0.02942726,0.03285372,0.03658289,0.0408566,0.04567854,0.05111214,0.05719296,0.06394291,0.0715064,0.07978023,0.08882481,0.09877724,0.10974076,0.12197036,0.13556171,0.15057308,0.16661645,0.18390016,0.20237952,0.2209359,0.24118364,0.2650264,0.292416,0.32490729,0.35982753,0.39823128,0.44129184
AZE,2062,0.00640625,0.00038781,0.00028471,0.00021507,0.0001677,0.0001385,0.00012398,0.00012107,0.00012475,0.0001296,0.00013302,0.00013954,0.00015469,0.00017684,0.0002069,0.00024663,0.00029375,0.00034729,0.0004049,0.00046201,0.00051358,0.00055081,0.00057692,0.00059432,0.0006068,0.00061883,0.00063103,0.00064887,0.00067338,0.00070488,0.00074349,0.00078502,0.00083057,0.00087791,0.00092687,0.00097753,0.00102723,0.00108324,0.0011501,0.00122981,0.00132178,0.00142213,0.00153051,0.00164486,0.00176465,0.0018947,0.0020393,0.00220335,0.002392,0.0026103,0.00286031,0.00314537,0.00346564,0.00381814,0.00420025,0.00461913,0.0050817,0.00557723,0.00612342,0.00675527,0.0074703,0.00822311,0.00896188,0.0097653,0.01066154,0.01167238,0.01294196,0.01451409,0.0162957,0.01835354,0.02071478,0.0232388,0.02596205,0.02902413,0.03240951,0.03610163,0.04032249,0.04507099,0.0504326,0.05645169,0.06314635,0.07066639,0.07889741,0.08789954,0.09781379,0.10872717,0.12088625,0.13437484,0.14925816,0.16517777,0.18235847,0.20076376,0.21926506,0.23943883,0.26316751,0.29040419,0.32276147,0.35755995,0.39583339,0.43878061
AZE,2063,0.00627698,0.0003794,0.00027909,0.0002112,0.00016494,0.00013632,0.00012197,0.00011892,0.00012232,0.00012691,0.00013019,0.00013655,0.00015133,0.00017298,0.00020241,0.0002413,0.00028745,0.0003399,0.00039631,0.00045222,0.00050267,0.00053913,0.0005647,0.00058178,0.00059408,0.00060593,0.00061793,0.00063544,0.00065945,0.00069032,0.00072817,0.00076885,0.00081351,0.00086,0.00090814,0.00095795,0.00100684,0.00106194,0.00112766,0.00120601,0.0012966,0.00139535,0.00150181,0.00161449,0.00173286,0.00186132,0.00200376,0.00216513,0.00235091,0.00256602,0.00281201,0.00309245,0.00340767,0.00375493,0.00413237,0.00454549,0.00500158,0.00549715,0.00604765,0.00666869,0.00735854,0.0080964,0.00882973,0.00962356,0.01050829,0.0115095,0.01276338,0.01431347,0.01607668,0.01811299,0.02045453,0.02295576,0.02562612,0.02862464,0.03195673,0.03560574,0.03978829,0.04448077,0.04976496,0.05570872,0.06233966,0.06980585,0.07799431,0.08695419,0.09682537,0.10770167,0.11981646,0.13324113,0.14803107,0.16383888,0.18091215,0.19923662,0.2177044,0.23784485,0.26150484,0.28864542,0.32092784,0.3556747,0.39391577,0.43683156
AZE,2064,0.0061614,0.00037188,0.00027402,0.00020769,0.00016242,0.00013432,0.00012011,0.00011693,0.00012007,0.00012442,0.00012757,0.00013377,0.00014822,0.0001694,0.00019822,0.00023632,0.00028155,0.00033295,0.00038822,0.00044297,0.00049238,0.00052807,0.00055315,0.00056991,0.00058201,0.00059368,0.00060548,0.00062266,0.0006462,0.00067644,0.00071353,0.0007534,0.00079717,0.00084279,0.0008901,0.00093911,0.00098718,0.00104137,0.00110599,0.00118297,0.00127202,0.00136925,0.0014741,0.00158492,0.00170169,0.0018287,0.00196929,0.0021282,0.00231084,0.00252253,0.00276482,0.00304062,0.00335085,0.00369289,0.00406507,0.00447339,0.00492331,0.00541198,0.00596203,0.00658684,0.00726479,0.00797689,0.00869661,0.00948549,0.01036063,0.01134993,0.01259175,0.01412175,0.01586053,0.01787507,0.02019124,0.0226751,0.02532259,0.02826368,0.0315282,0.03512176,0.03925897,0.04390924,0.0491322,0.05499169,0.06154009,0.06893654,0.07706223,0.0859685,0.09578253,0.10659918,0.11866108,0.13202242,0.14672854,0.16242379,0.17935713,0.19754229,0.2159081,0.23596572,0.25951171,0.28649858,0.31862032,0.35319476,0.39126027,0.43398876
AZE,2065,0.00604159,0.00036412,0.0002688,0.00020407,0.00015981,0.00013225,0.00011821,0.00011491,0.00011779,0.00012192,0.00012494,0.00013098,0.00014509,0.00016581,0.00019402,0.00023134,0.00027566,0.00032602,0.00038016,0.00043377,0.00048215,0.00051711,0.00054168,0.00055815,0.00057006,0.00058154,0.00059315,0.00061002,0.0006331,0.00066274,0.00069908,0.00073816,0.00078109,0.00082583,0.0008723,0.00092051,0.00096781,0.00102109,0.0010846,0.00116027,0.00124776,0.00134331,0.00144663,0.00155588,0.00167084,0.00179619,0.00193505,0.00209179,0.0022715,0.00247943,0.0027177,0.00298913,0.00329424,0.003631,0.00399778,0.00440052,0.00484514,0.00532701,0.00586884,0.00649196,0.00717329,0.00787329,0.0085672,0.00934193,0.01021187,0.01119072,0.01241754,0.01393098,0.01564689,0.01763258,0.0199224,0.02238203,0.02501226,0.02792783,0.03113129,0.0346547,0.03873492,0.04333846,0.04851871,0.05431625,0.06077937,0.0680953,0.07615394,0.08500055,0.09476356,0.10552726,0.11753876,0.13086036,0.14552345,0.16116505,0.17801509,0.19609349,0.21437272,0.23436759,0.25785638,0.28477299,0.31684628,0.35138345,0.38941454,0.43212497
AZE,2066,0.00593001,0.00035686,0.00026388,0.00020065,0.00015734,0.00013029,0.00011639,0.00011296,0.00011559,0.0001195,0.00012239,0.00012828,0.00014205,0.00016232,0.00018995,0.0002265,0.00026992,0.00031925,0.00037228,0.00042477,0.00047213,0.00050637,0.00053047,0.00054665,0.00055839,0.0005697,0.00058111,0.00059768,0.0006203,0.00064936,0.00068497,0.00072326,0.00076536,0.00080928,0.0008549,0.00090229,0.00094883,0.00100125,0.00106367,0.00113802,0.00122403,0.0013179,0.00141953,0.00152734,0.00164084,0.00176437,0.00190137,0.00205615,0.00223332,0.00243782,0.00267183,0.00293866,0.00323904,0.00357049,0.00393194,0.00432913,0.00476781,0.00524409,0.00577812,0.0063915,0.00707074,0.00777556,0.00845871,0.00920684,0.01006242,0.01103621,0.01225038,0.01374493,0.01544262,0.0174021,0.01965903,0.02209435,0.02470094,0.02759802,0.03077523,0.03423615,0.03824429,0.04278845,0.04792025,0.05367373,0.0600725,0.06730062,0.07527454,0.08404908,0.09374476,0.10444912,0.11640028,0.12966222,0.14427897,0.15987563,0.17666219,0.19464032,0.21280089,0.2326742,0.25603687,0.28282953,0.3147886,0.34920382,0.38709827,0.42964656
AZE,2067,0.00581272,0.00034943,0.0002588,0.00019706,0.00015471,0.00012818,0.00011446,0.00011093,0.00011332,0.00011702,0.00011981,0.00012555,0.00013899,0.00015881,0.00018585,0.00022163,0.00026415,0.00031246,0.00036438,0.00041577,0.00046213,0.00049567,0.00051932,0.00053524,0.00054681,0.00055798,0.00056922,0.00058549,0.0006077,0.00063619,0.00067112,0.00070865,0.00074993,0.00079305,0.00083787,0.00088443,0.00093018,0.00098175,0.00104313,0.00111617,0.00120067,0.0012929,0.00139279,0.0014989,0.00161096,0.00173292,0.00186775,0.00202028,0.00219496,0.00239628,0.00262619,0.00288797,0.00318317,0.00350951,0.00386533,0.00425673,0.00468914,0.00515873,0.00568586,0.00628951,0.00695752,0.00766075,0.00835061,0.00908752,0.0099149,0.01087317,0.01207978,0.01355741,0.01523375,0.0171714,0.01939762,0.02180077,0.0243829,0.02725401,0.03041171,0.03384611,0.03778999,0.04225918,0.04732993,0.05303465,0.05939004,0.06655547,0.07444145,0.08313115,0.09275383,0.10339098,0.11528698,0.12849464,0.14306413,0.15863888,0.17540442,0.19334338,0.2114365,0.23120931,0.25445392,0.28113457,0.31302984,0.34739612,0.38523505,0.42771799
AZE,2068,0.00570276,0.00034233,0.00025395,0.00019364,0.00015221,0.00012619,0.00011262,0.00010901,0.00011119,0.00011468,0.00011735,0.00012295,0.00013608,0.00015546,0.00018194,0.00021698,0.00025865,0.00030599,0.00035684,0.00040716,0.00045255,0.00048541,0.00050859,0.00052424,0.00053564,0.00054664,0.0005577,0.00057366,0.00059544,0.00062337,0.00065761,0.00069441,0.00073488,0.00077718,0.00082121,0.00086698,0.00091191,0.00096258,0.00102291,0.00109469,0.0011777,0.00126827,0.00136649,0.0014709,0.00158132,0.00170181,0.00183483,0.00198491,0.00215695,0.00235532,0.00258158,0.0028387,0.00312845,0.00344941,0.00380008,0.00418563,0.00461183,0.00507474,0.00559417,0.00618951,0.00684673,0.00753896,0.00822908,0.00897362,0.00978931,0.01071753,0.01190549,0.0133716,0.01502846,0.0169406,0.01914043,0.02151291,0.0240612,0.02690442,0.03003341,0.03344679,0.03736191,0.04176128,0.04675082,0.05238894,0.05869055,0.06580862,0.07362486,0.08221724,0.0917436,0.10229611,0.1141148,0.12725672,0.14176444,0.15729292,0.17403603,0.19195216,0.21000962,0.22970051,0.25281413,0.27935208,0.31114866,0.34546008,0.38325615,0.42568911
AZE,2069,0.00559236,0.0003352,0.00024909,0.00019023,0.00014972,0.0001242,0.00011078,0.00010706,0.00010901,0.0001123,0.00011485,0.00012029,0.0001331,0.00015204,0.00017793,0.00021222,0.000253,0.00029934,0.0003491,0.0003983,0.00044269,0.00047484,0.00049756,0.00051292,0.00052416,0.000535,0.00054587,0.00056154,0.00058287,0.00061023,0.00064377,0.00067981,0.00071948,0.00076096,0.00080415,0.00084911,0.00089326,0.000943,0.00100222,0.0010727,0.00115423,0.00124312,0.0013396,0.00144232,0.00155106,0.00166983,0.0018011,0.00194905,0.00211814,0.00231324,0.00253592,0.00278863,0.00307309,0.00338809,0.003733,0.0041129,0.0045325,0.00498842,0.00549974,0.00608538,0.00673274,0.00741381,0.00809365,0.00883865,0.00966243,0.01057796,0.01173148,0.01317371,0.01481634,0.01670427,0.01887283,0.02121835,0.02373377,0.0265385,0.02963619,0.03301842,0.03691022,0.04127733,0.04619126,0.05174161,0.05797086,0.06503102,0.0727945,0.08130935,0.09072714,0.10117139,0.112895,0.12594821,0.14038236,0.15585017,0.17254564,0.19043803,0.20847685,0.22811213,0.25110248,0.27746868,0.30911032,0.34330097,0.38100717,0.4233482
AZE,2070,0.00547761,0.00032802,0.00024407,0.00018661,0.00014702,0.00012201,0.00010878,0.00010499,0.00010675,0.00010986,0.0001123,0.0001176,0.00013009,0.00014859,0.00017389,0.00020742,0.0002473,0.00029263,0.0003413,0.00038941,0.00043281,0.00046427,0.00048653,0.00050163,0.00051271,0.00052341,0.00053411,0.00054949,0.00057041,0.00059721,0.00063005,0.00066536,0.00070423,0.00074491,0.0007873,0.00083142,0.00087478,0.00092361,0.00098168,0.0010508,0.0011308,0.00121802,0.00131271,0.00141362,0.0015206,0.00163749,0.00176663,0.00191239,0.00207876,0.00227019,0.0024889,0.00273725,0.00301668,0.00332586,0.00366433,0.00403784,0.00445096,0.00489937,0.00540218,0.00597772,0.00661385,0.00728486,0.00795427,0.00868838,0.00951242,0.0104361,0.01157385,0.01297567,0.01459133,0.0164615,0.01860137,0.02091585,0.02340341,0.02617179,0.02922818,0.03257781,0.03643672,0.04077858,0.04565819,0.05112858,0.05726506,0.0642495,0.07195105,0.08040813,0.08974025,0.10006617,0.11167253,0.12462121,0.13896058,0.1543593,0.17099647,0.18884419,0.20687111,0.22647349,0.24937356,0.2755864,0.30704961,0.34106848,0.37862467,0.4208324
AZE,2071,0.00538208,0.00032186,0.00023992,0.00018374,0.00014495,0.00012035,0.00010722,0.0001033,0.00010482,0.00010772,0.00011006,0.00011521,0.0001274,0.00014549,0.00017025,0.00020307,0.00024213,0.00028651,0.00033416,0.00038124,0.0004237,0.00045449,0.00047631,0.00049114,0.00050205,0.00051258,0.00052311,0.00053821,0.00055871,0.00058497,0.00061715,0.00065173,0.00068985,0.00072975,0.00077138,0.00081475,0.00085733,0.00090532,0.00096237,0.0010302,0.00110875,0.00119441,0.00128752,0.00138681,0.0014922,0.00160747,0.0017347,0.00187827,0.00204229,0.00223076,0.00244555,0.00268962,0.00296459,0.00326877,0.00360152,0.0039685,0.00437498,0.00481672,0.00531123,0.00587705,0.00650235,0.00716268,0.00782375,0.00854783,0.00936111,0.01028549,0.01143038,0.01281248,0.0143839,0.01622313,0.01834163,0.02062815,0.02308426,0.02582265,0.02884116,0.032149,0.03597499,0.04028326,0.04513767,0.05057364,0.05662783,0.06351784,0.07114262,0.07953703,0.0888096,0.09904783,0.11053453,0.12336458,0.13760251,0.15292108,0.16950548,0.18731543,0.2053332,0.22493876,0.24780611,0.27394222,0.305307,0.33921139,0.37666861,0.4188102
AZE,2072,0.00528885,0.000316,0.00023599,0.00018101,0.00014298,0.00011876,0.00010573,0.00010168,0.00010297,0.00010567,0.00010789,0.00011291,0.0001248,0.00014249,0.00016673,0.00019887,0.00023713,0.0002806,0.00032726,0.00037334,0.0004149,0.00044505,0.00046643,0.00048101,0.00049176,0.00050215,0.00051252,0.00052735,0.00054748,0.00057322,0.00060477,0.00063868,0.00067605,0.00071524,0.00075612,0.00079876,0.00084063,0.00088779,0.00094384,0.00101049,0.0010876,0.00117172,0.00126327,0.00136102,0.00146484,0.00157846,0.00170383,0.00184519,0.00200661,0.00219223,0.00240354,0.00264307,0.00291331,0.00321273,0.00354024,0.00390108,0.00430034,0.0047348,0.00522145,0.00577731,0.00639169,0.00704117,0.00769262,0.00840823,0.00921101,0.01012384,0.01126739,0.01265409,0.01420328,0.01599278,0.01807551,0.02034151,0.02276879,0.02547248,0.02845869,0.03172682,0.03550835,0.03978079,0.04459872,0.05000704,0.05602353,0.06282565,0.07034838,0.07865795,0.08785791,0.09802624,0.10941454,0.12211104,0.13621817,0.15143287,0.16793326,0.18568812,0.20367636,0.22325268,0.24607739,0.27213737,0.30340742,0.33717909,0.37447463,0.4164563
AZE,2073,0.00519528,0.00030999,0.00023194,0.0001782,0.00014094,0.00011713,0.0001042,0.00010002,0.00010108,0.00010357,0.00010566,0.00011053,0.00012213,0.0001394,0.0001631,0.00019453,0.00023196,0.00027449,0.0003201,0.00036514,0.00040575,0.00043523,0.00045615,0.00047044,0.00048101,0.00049123,0.00050142,0.00051596,0.00053566,0.00056087,0.00059175,0.00062494,0.00066153,0.00069992,0.00074004,0.00078188,0.00082301,0.0008693,0.00092429,0.00098966,0.00106531,0.00114777,0.00123763,0.00133375,0.00143598,0.00154788,0.00167126,0.00181038,0.00196906,0.0021514,0.00235919,0.00259444,0.00285942,0.00315353,0.00347583,0.0038308,0.004223,0.0046493,0.00512715,0.00567317,0.00627589,0.00691389,0.00755503,0.00826024,0.00905356,0.00995436,0.01108237,0.01246308,0.01401451,0.01577601,0.01780056,0.02002803,0.02243184,0.02510082,0.02804669,0.03127775,0.03501315,0.03923337,0.04400773,0.04937132,0.05535183,0.06210697,0.06952817,0.07772003,0.08681765,0.09689541,0.10819615,0.1207733,0.13472378,0.14979171,0.16617091,0.18382615,0.20175975,0.22127999,0.24402162,0.26998798,0.30115525,0.33479782,0.37191707,0.41368477
AZE,2074,0.00509814,0.00030395,0.00022783,0.0001753,0.00013881,0.00011541,0.0001026,9.831e-05,9.916e-05,0.00010146,0.00010345,0.00010818,0.00011948,0.00013636,0.00015953,0.00019026,0.00022687,0.00026848,0.00031309,0.00035712,0.00039683,0.00042567,0.00044617,0.0004602,0.00047059,0.00048066,0.00049068,0.00050495,0.00052427,0.00054897,0.00057923,0.00061173,0.0006476,0.00068525,0.00072462,0.00076572,0.00080611,0.00085158,0.00090555,0.00096967,0.0010439,0.0011248,0.00121296,0.00130739,0.00140799,0.00151818,0.00163954,0.00177633,0.00193228,0.00211132,0.00231527,0.00254639,0.00280663,0.00309507,0.00341176,0.00376104,0.00414666,0.00456513,0.00503345,0.00556895,0.00616058,0.00678682,0.00741738,0.00811183,0.00889402,0.00978437,0.01089715,0.01225802,0.01380215,0.01556415,0.01755662,0.0197247,0.02208929,0.0247331,0.02764293,0.03083323,0.03453088,0.03870395,0.0434254,0.04874604,0.05468321,0.06140569,0.06878264,0.07687339,0.08585267,0.09582968,0.10704534,0.11954358,0.13338739,0.14831988,0.16457617,0.1821424,0.20002978,0.21952737,0.24222749,0.26814186,0.29929518,0.33292858,0.37001983,0.41172725
AZE,2075,0.00500442,0.00029815,0.00022387,0.00017251,0.00013676,0.00011374,0.00010103,9.664e-05,9.727e-05,9.938e-05,0.00010126,0.00010585,0.00011686,0.00013333,0.00015597,0.00018601,0.0002218,0.00026246,0.00030607,0.00034909,0.00038787,0.00041607,0.00043614,0.00044992,0.00046016,0.00047006,0.00047991,0.00049391,0.00051284,0.00053703,0.00056665,0.00059849,0.00063362,0.00067053,0.00070915,0.0007495,0.00078917,0.00083381,0.00088677,0.00094966,0.00102245,0.00110177,0.0011883,0.00128101,0.00137994,0.00148841,0.00160781,0.00174228,0.00189546,0.00207124,0.00227132,0.00249794,0.00275353,0.00303682,0.00334749,0.00369068,0.00406996,0.00448122,0.00494044,0.00546465,0.00604444,0.00665941,0.00727905,0.00796255,0.00873339,0.00961171,0.01071106,0.01205227,0.01357377,0.01532541,0.01731549,0.01945097,0.02175277,0.02435336,0.02723566,0.0303879,0.03404171,0.03817351,0.04284376,0.04810709,0.05399734,0.06067265,0.06801201,0.0760514,0.08491798,0.09476374,0.1058667,0.11826751,0.13202235,0.14684234,0.16295129,0.18038343,0.19818665,0.21761579,0.2402411,0.26606107,0.29713073,0.33070265,0.36771556,0.40930508
AZE,2076,0.00491921,0.00029267,0.00022014,0.00016989,0.00013484,0.0001122,9.959e-05,9.51e-05,9.553e-05,9.747e-05,9.924e-05,0.00010371,0.00011444,0.00013054,0.00015268,0.00018209,0.00021713,0.00025693,0.0002996,0.00034169,0.00037961,0.00040719,0.00042686,0.00044038,0.00045045,0.00046019,0.00046987,0.0004836,0.00050214,0.00052584,0.00055486,0.00058605,0.0006205,0.0006567,0.00069463,0.00073427,0.00077324,0.00081711,0.00086911,0.00093085,0.0010023,0.00108013,0.00116512,0.0012563,0.00135364,0.00146047,0.00157806,0.00171044,0.00186107,0.0020338,0.00223037,0.00245283,0.00270382,0.00298253,0.00328824,0.00362547,0.00399861,0.00440363,0.00485519,0.00536948,0.00593758,0.00654148,0.00715168,0.0078248,0.00858506,0.00945213,0.01053753,0.01186253,0.01336337,0.01509026,0.01706864,0.01920545,0.02147507,0.0240097,0.02684806,0.02997398,0.03358948,0.03767671,0.0423054,0.04751709,0.05334962,0.0599787,0.06727091,0.07527222,0.08408498,0.09381368,0.10478149,0.11706691,0.13072599,0.14546769,0.16147088,0.17876158,0.19645455,0.21580271,0.23833998,0.26407397,0.29506949,0.32858484,0.36556032,0.40709695
AZE,2077,0.0048335,0.00028745,0.00021656,0.00016735,0.00013296,0.00011066,9.815e-05,9.356e-05,9.38e-05,9.557e-05,9.724e-05,0.00010158,0.00011204,0.00012777,0.00014942,0.00017817,0.00021246,0.0002514,0.00029312,0.00033426,0.00037136,0.00039834,0.0004176,0.00043089,0.0004408,0.0004504,0.00045992,0.00047338,0.00049156,0.00051477,0.0005432,0.00057377,0.00060753,0.00064306,0.00068028,0.00071923,0.00075751,0.00080059,0.00085166,0.00091224,0.00098236,0.00105871,0.00114212,0.00123172,0.00132747,0.00143255,0.00154817,0.00167836,0.00182641,0.00199599,0.00218887,0.0024071,0.00265329,0.00292684,0.00322749,0.00355909,0.00392531,0.00432325,0.00476712,0.00527188,0.00582848,0.0064201,0.00701965,0.0076826,0.00843146,0.0092866,0.01035727,0.01166372,0.01314547,0.01484739,0.01679606,0.01892141,0.02119259,0.0236911,0.02645843,0.0295376,0.03312381,0.03716902,0.0417492,0.04691574,0.05269251,0.05925949,0.06650097,0.07444944,0.08321721,0.09288512,0.10372695,0.11586675,0.12940353,0.14405221,0.15997976,0.17716622,0.19473202,0.2139651,0.23639224,0.26201255,0.29292001,0.32636134,0.36326823,0.40474452
AZE,2078,0.00475453,0.00028241,0.00021314,0.00016495,0.00013121,0.00010925,9.683e-05,9.213e-05,9.218e-05,9.377e-05,9.534e-05,9.955e-05,0.00010975,0.00012512,0.00014631,0.00017444,0.00020801,0.00024614,0.00028697,0.0003272,0.00036345,0.00038986,0.00040872,0.00042174,0.00043149,0.00044093,0.00045028,0.00046349,0.00048129,0.00050402,0.00053187,0.0005618,0.0005949,0.00062976,0.00066631,0.00070456,0.00074219,0.00078452,0.00083467,0.00089415,0.00096299,0.00103794,0.00111987,0.00120795,0.00130222,0.00140574,0.00151951,0.0016476,0.00179322,0.0019599,0.00214931,0.00236348,0.00260522,0.00287388,0.00316943,0.00349598,0.00385644,0.00424732,0.00468352,0.00517968,0.00572618,0.00630668,0.00689532,0.00754791,0.00828678,0.00913037,0.01018689,0.01147535,0.01293694,0.01461706,0.01653732,0.01863334,0.02089389,0.02339334,0.02612218,0.02912713,0.03266362,0.03667732,0.04121249,0.04632714,0.05205541,0.05856232,0.06573621,0.07362765,0.08233392,0.09194823,0.10272051,0.1147211,0.12809833,0.14261873,0.15844608,0.17554925,0.19301118,0.21209491,0.23435908,0.25982182,0.29058527,0.32391218,0.36070432,0.40205787
AZE,2079,0.00467072,0.00027726,0.00020958,0.00016241,0.00012931,0.00010769,9.538e-05,9.061e-05,9.049e-05,9.193e-05,9.341e-05,9.75e-05,0.00010744,0.00012246,0.00014317,0.00017069,0.00020353,0.00024083,0.00028078,0.00032012,0.00035556,0.0003814,0.00039991,0.0004127,0.0004223,0.00043159,0.0004408,0.00045376,0.00047121,0.00049349,0.00052077,0.00055012,0.00058258,0.00061679,0.00065269,0.0006903,0.00072728,0.00076889,0.00081813,0.00087652,0.00094411,0.00101766,0.00109814,0.00118471,0.00127742,0.00137932,0.00149124,0.00161713,0.00176019,0.0019239,0.00210989,0.00231999,0.00255718,0.00282098,0.00311127,0.00343215,0.00378684,0.00417123,0.00459907,0.00508595,0.00562267,0.00619281,0.00677091,0.00741197,0.00813966,0.00897219,0.01001415,0.01128464,0.01272614,0.01438298,0.01627815,0.01834625,0.02057738,0.02306569,0.02579655,0.02876293,0.03222288,0.03618633,0.04069131,0.0457625,0.05144104,0.05790313,0.0650208,0.07284841,0.08150171,0.09106045,0.10178945,0.11373406,0.12698575,0.14136741,0.15709178,0.17412708,0.19155307,0.21056276,0.23269331,0.25802113,0.28869132,0.32195944,0.35872527,0.40005883
AZE,2080,0.00459012,0.00027223,0.00020614,0.00015997,0.00012751,0.00010623,9.401e-05,8.914e-05,8.883e-05,9.01e-05,9.148e-05,9.544e-05,0.00010513,0.00011977,0.00014001,0.0001669,0.000199,0.00023545,0.00027447,0.0003129,0.00034751,0.00037274,0.00039082,0.00040337,0.0004128,0.00042193,0.00043096,0.00044366,0.00046075,0.00048253,0.00050921,0.00053791,0.00056968,0.0006032,0.00063841,0.00067532,0.00071164,0.00075247,0.00080078,0.00085802,0.00092428,0.0009964,0.00107535,0.00116038,0.00125154,0.00135174,0.00146177,0.00158548,0.00172588,0.00188647,0.00206888,0.00227485,0.00250734,0.00276602,0.00305096,0.00336597,0.00371418,0.00409206,0.00451211,0.00498883,0.00551476,0.00607459,0.00664275,0.00727251,0.0079876,0.00880756,0.0098348,0.01108557,0.01250518,0.01413653,0.01600205,0.01804218,0.02024145,0.02269415,0.02540912,0.02837385,0.03178794,0.03566446,0.04010944,0.04514113,0.05076536,0.05716537,0.06422443,0.07197945,0.08054941,0.09003515,0.1006882,0.11256941,0.12574582,0.13998088,0.1555408,0.17244958,0.18979854,0.20874235,0.23074432,0.25588139,0.28637556,0.31951226,0.35617173,0.3974209
AZE,2081,0.00451116,0.00026743,0.00020282,0.0001576,0.00012575,0.00010479,9.266e-05,8.771e-05,8.724e-05,8.836e-05,8.964e-05,9.349e-05,0.00010293,0.00011723,0.00013701,0.00016331,0.00019471,0.00023037,0.00026853,0.0003061,0.00033994,0.00036464,0.00038233,0.00039464,0.00040394,0.00041292,0.0004218,0.00043426,0.00045101,0.00047236,0.00049849,0.00052661,0.00055775,0.00059063,0.0006252,0.00066148,0.00069717,0.0007373,0.00078475,0.00084095,0.00090599,0.00097675,0.00105429,0.00113787,0.00122755,0.00132618,0.00143435,0.00155597,0.0016939,0.00185148,0.00203043,0.00223245,0.00246057,0.00271442,0.00299422,0.0033037,0.00364569,0.00401682,0.00442962,0.00489751,0.0054126,0.00596198,0.00652113,0.00714109,0.00784481,0.00865184,0.00966434,0.01089764,0.01229654,0.01390407,0.01574192,0.0177541,0.0199268,0.02234713,0.0250268,0.02797799,0.03139258,0.03522343,0.03957995,0.04455234,0.05013951,0.05648705,0.06348551,0.07118274,0.07967873,0.08907969,0.09966033,0.11146763,0.12458749,0.13875908,0.15417472,0.1709202,0.18815757,0.20701691,0.22892232,0.253903,0.28419401,0.31714564,0.35365011,0.39475243
AZE,2082,0.00442876,0.00026248,0.00019935,0.00015507,0.00012383,0.00010321,9.12e-05,8.618e-05,8.557e-05,8.655e-05,8.775e-05,9.148e-05,0.00010067,0.00011464,0.00013395,0.00015965,0.00019033,0.00022518,0.00026247,0.00029916,0.00033222,0.00035637,0.00037372,0.00038579,0.00039492,0.00040378,0.0004125,0.00042471,0.00044111,0.00046202,0.00048761,0.00051514,0.00054564,0.00057788,0.0006118,0.00064742,0.00068247,0.00072187,0.00076843,0.00082356,0.00088735,0.00095672,0.00103278,0.00111485,0.00120297,0.00129994,0.0014062,0.00152559,0.00166095,0.00181549,0.00199083,0.00218873,0.00241233,0.00266127,0.00293573,0.00323938,0.00357498,0.00393901,0.0043437,0.00480272,0.00530765,0.00584564,0.00639468,0.00700487,0.00769775,0.00849192,0.00948796,0.01070209,0.01208058,0.01366325,0.01547266,0.01745595,0.01959887,0.02198921,0.02463351,0.02754711,0.03094598,0.03477633,0.03908407,0.04396256,0.04948693,0.05579563,0.06273917,0.07037267,0.07880712,0.08813069,0.09862463,0.11036077,0.12341297,0.13754456,0.15291312,0.16952625,0.18662546,0.20538829,0.2272107,0.25210794,0.28228361,0.31508699,0.35146693,0.39248167
AZE,2083,0.00436094,0.00025827,0.00019645,0.00015302,0.0001223,0.00010196,9.002e-05,8.493e-05,8.415e-05,8.499e-05,8.61e-05,8.973e-05,9.869e-05,0.00011233,0.00013124,0.00015639,0.00018643,0.00022054,0.00025703,0.00029293,0.00032525,0.00034888,0.00036588,0.00037773,0.0003867,0.00039539,0.00040398,0.00041596,0.00043202,0.0004525,0.00047757,0.00050454,0.00053445,0.00056607,0.00059938,0.00063438,0.00066884,0.00070758,0.00075333,0.00080748,0.00087012,0.00093824,0.00101297,0.00109369,0.00118047,0.00127598,0.00138061,0.00149809,0.00163112,0.00178295,0.00195513,0.00214926,0.00236872,0.00261326,0.00288308,0.00318159,0.00351147,0.00386934,0.00426676,0.00471723,0.00521327,0.00574196,0.00628137,0.0068823,0.00756625,0.00835023,0.00933218,0.01052779,0.01188665,0.01344759,0.01523036,0.01718676,0.01930199,0.02166217,0.02427694,0.0271563,0.03051729,0.03433301,0.03864243,0.04347176,0.04889939,0.055144,0.06204831,0.06962448,0.07799064,0.0872482,0.09765979,0.10930377,0.12228272,0.13635041,0.15168141,0.16824591,0.18521132,0.20381922,0.22550797,0.2502855,0.28035319,0.31301362,0.34920519,0.39004191
AZE,2084,0.00429017,0.00025409,0.00019352,0.00015088,0.00012068,0.00010061,8.876e-05,8.36e-05,8.269e-05,8.339e-05,8.443e-05,8.795e-05,9.669e-05,0.00011002,0.0001285,0.0001531,0.00018249,0.00021586,0.00025154,0.00028664,0.00031825,0.00034137,0.00035802,0.00036967,0.0003785,0.00038705,0.00039548,0.00040725,0.00042299,0.00044304,0.00046761,0.00049404,0.00052335,0.00055437,0.00058706,0.00062144,0.0006553,0.00069335,0.00073827,0.00079142,0.00085291,0.00091974,0.00099311,0.0010724,0.00115771,0.00125166,0.00135448,0.00146991,0.0016005,0.0017494,0.00191823,0.00210848,0.00232348,0.0025632,0.00282795,0.00312096,0.0034446,0.00379561,0.00418522,0.00462642,0.00511219,0.00563107,0.00616105,0.00675104,0.00742413,0.00819722,0.00916491,0.01034124,0.01167751,0.01321356,0.01496868,0.01689538,0.01898011,0.0213071,0.02388656,0.0267318,0.030052,0.03382308,0.03811218,0.04293845,0.04830901,0.05444554,0.06127582,0.06880285,0.07709901,0.08627487,0.09660792,0.10815681,0.12103266,0.13502497,0.15028939,0.16681664,0.18373958,0.20220239,0.2237087,0.2483296,0.27827372,0.31083388,0.34688415,0.38752938
AZE,2085,0.00422349,0.00024971,0.00019048,0.0001487,0.00011905,9.929e-05,8.753e-05,8.231e-05,8.125e-05,8.182e-05,8.278e-05,8.618e-05,9.47e-05,0.00010772,0.00012579,0.00014985,0.00017861,0.00021126,0.00024615,0.00028045,0.00031133,0.00033394,0.00035021,0.00036163,0.00037031,0.0003787,0.00038696,0.00039847,0.0004139,0.00043352,0.00045755,0.00048343,0.00051214,0.00054256,0.00057463,0.00060838,0.00064163,0.000679,0.0007231,0.00077526,0.00083561,0.0009012,0.00097324,0.00105119,0.00113512,0.0012276,0.00132876,0.00144224,0.00157057,0.00171674,0.00188233,0.00206888,0.00227974,0.00251485,0.00277471,0.00306252,0.00338041,0.00372497,0.00410713,0.0045396,0.00501544,0.00552424,0.00604548,0.00662608,0.00728796,0.00804964,0.00900398,0.01016258,0.01147729,0.01298724,0.01471347,0.01661174,0.01866557,0.02095917,0.0235031,0.02631136,0.0295943,0.03332125,0.03756206,0.04236577,0.04773199,0.05380691,0.06052216,0.06796992,0.07621153,0.08531141,0.0955572,0.10702277,0.1198002,0.13369222,0.14888536,0.16535222,0.18225377,0.20067259,0.22201815,0.24644834,0.27625637,0.30873214,0.34472556,0.38527973
AZE,2086,0.004169,0.00024615,0.00018802,0.00014694,0.00011774,9.821e-05,8.652e-05,8.123e-05,8.005e-05,8.05e-05,8.137e-05,8.468e-05,9.3e-05,0.00010575,0.00012347,0.00014705,0.00017526,0.00020727,0.00024148,0.00027507,0.00030531,0.00032745,0.00034341,0.0003546,0.00036312,0.00037138,0.0003795,0.00039079,0.0004059,0.00042515,0.0004487,0.00047407,0.00050225,0.00053211,0.00056363,0.00059682,0.00062952,0.00066628,0.00070964,0.00076091,0.00082025,0.00088472,0.00095561,0.00103235,0.00111508,0.00120625,0.00130592,0.00141771,0.00154399,0.00168775,0.00185051,0.00203372,0.00224089,0.002472,0.00272745,0.00301052,0.00332328,0.00366224,0.00403777,0.00446238,0.00492954,0.0054293,0.00594213,0.00651482,0.00716796,0.00791886,0.00886058,0.01000418,0.0113011,0.01278856,0.01448761,0.01635906,0.01838637,0.02064943,0.02316115,0.0259359,0.0291821,0.03287246,0.03706955,0.04182546,0.04717146,0.05324455,0.05989677,0.0672242,0.07538129,0.08442244,0.09458623,0.10595715,0.11864566,0.13243695,0.14752344,0.16391267,0.18075189,0.19912377,0.22037738,0.24459567,0.27415958,0.30643667,0.34226028,0.38264469
AZE,2087,0.00410771,0.00024217,0.00018525,0.00014495,0.00011625,9.699e-05,8.538e-05,8.002e-05,7.869e-05,7.9e-05,7.98e-05,8.3e-05,9.11e-05,0.00010355,0.00012087,0.00014393,0.00017152,0.00020283,0.00023626,0.00026908,0.0002986,0.00032022,0.00033583,0.0003468,0.00035515,0.00036325,0.00037122,0.00038227,0.00039705,0.00041586,0.00043892,0.00046373,0.00049131,0.00052057,0.00055149,0.00058406,0.00061617,0.00065226,0.00069481,0.00074511,0.00080331,0.00086657,0.00093617,0.00101162,0.00109301,0.00118277,0.00128081,0.00139071,0.0015148,0.00165589,0.00181556,0.00199516,0.00219822,0.00242491,0.00267566,0.00295344,0.0032604,0.00359313,0.00396151,0.00437746,0.00483493,0.00532486,0.00582829,0.00639126,0.00703492,0.00777513,0.00870195,0.00982769,0.01110548,0.0125696,0.0142396,0.01607982,0.01807604,0.02030657,0.02278188,0.025519,0.02872412,0.03237023,0.03652286,0.04122662,0.04651612,0.05256124,0.0592054,0.06645936,0.07448087,0.08342363,0.09351634,0.10479225,0.11737466,0.13107361,0.14605455,0.1623343,0.17910726,0.19741091,0.21859414,0.24270256,0.2720465,0.30408602,0.33971794,0.37993778
AZE,2088,0.00405096,0.00023849,0.00018271,0.00014313,0.00011489,9.588e-05,8.433e-05,7.89e-05,7.744e-05,7.763e-05,7.835e-05,8.145e-05,8.934e-05,0.00010151,0.00011845,0.00014103,0.00016804,0.00019869,0.00023141,0.00026351,0.00029236,0.00031351,0.00032877,0.00033952,0.00034773,0.00035568,0.0003635,0.00037433,0.0003888,0.00040721,0.00042977,0.00045409,0.0004811,0.0005098,0.00054014,0.00057214,0.0006037,0.00063916,0.00068095,0.00073033,0.00078749,0.0008496,0.000918,0.00099223,0.00107239,0.00116081,0.00125735,0.00136548,0.00148746,0.00162608,0.00178282,0.00195906,0.00215831,0.0023808,0.00262709,0.00290005,0.00320147,0.00352817,0.00388975,0.00429769,0.004746,0.00522654,0.00572125,0.006275,0.00690891,0.00763946,0.0085536,0.00966171,0.01092047,0.01236346,0.01400776,0.01581941,0.01778466,0.01998292,0.0224253,0.02512634,0.02829244,0.03189667,0.03600438,0.04066356,0.04590106,0.05188942,0.05850777,0.06575614,0.07370217,0.08250462,0.0924969,0.10370335,0.11619474,0.12979922,0.14470099,0.16089024,0.17758093,0.19582935,0.21693929,0.24098255,0.27024342,0.302098,0.33753004,0.37760008
AZE,2089,0.00399803,0.00023507,0.00018032,0.0001414,0.00011358,9.48e-05,8.332e-05,7.783e-05,7.625e-05,7.633e-05,7.697e-05,7.998e-05,8.769e-05,9.959e-05,0.00011618,0.00013829,0.00016475,0.00019478,0.00022681,0.00025823,0.00028646,0.00030715,0.0003221,0.00033264,0.0003407,0.00034851,0.00035617,0.00036679,0.00038098,0.00039901,0.0004211,0.00044491,0.00047141,0.00049956,0.00052935,0.0005608,0.00059183,0.00062669,0.00066775,0.00071625,0.0007724,0.0008334,0.00090065,0.0009737,0.00105267,0.00113982,0.0012349,0.00134137,0.00146135,0.00159757,0.00175158,0.00192459,0.00212025,0.00233881,0.00258081,0.00284914,0.00314544,0.00346634,0.00382131,0.00422161,0.00466143,0.00513307,0.00561936,0.00616447,0.00678901,0.00750946,0.00841191,0.00950472,0.01074455,0.01216641,0.01378735,0.01557371,0.01751047,0.01967637,0.02208583,0.0247541,0.02788225,0.03144606,0.03551039,0.04012324,0.04531518,0.05124939,0.05780915,0.06503068,0.07296961,0.08169154,0.09153374,0.10263217,0.11505125,0.12856589,0.14337175,0.15948124,0.17608748,0.19423971,0.21526034,0.2391987,0.26836769,0.30010634,0.3353021,0.37510475
AZE,2090,0.00394103,0.00023135,0.0001777,0.0001395,0.00011215,9.362e-05,8.224e-05,7.671e-05,7.501e-05,7.499e-05,7.556e-05,7.848e-05,8.599e-05,9.763e-05,0.00011387,0.00013552,0.00016144,0.00019085,0.00022221,0.00025294,0.00028056,0.00030081,0.00031544,0.00032577,0.00033367,0.00034133,0.00034886,0.00035926,0.00037314,0.00039081,0.00041245,0.00043577,0.00046173,0.00048937,0.00051861,0.0005495,0.00058,0.00061426,0.00065459,0.00070223,0.00075736,0.00081728,0.00088337,0.00095523,0.00103299,0.00111885,0.00121247,0.00131723,0.00143523,0.00156906,0.00172028,0.00189013,0.00208219,0.00229685,0.00253463,0.00279827,0.00308943,0.00340466,0.0037529,0.00414537,0.00457661,0.00503948,0.00551726,0.00605347,0.00666865,0.00737876,0.00826841,0.00934622,0.01056861,0.01196831,0.01356448,0.01532646,0.01723668,0.01937117,0.02174579,0.02437934,0.02747128,0.03099422,0.03501525,0.03958211,0.04472557,0.0506119,0.05711585,0.06427651,0.07218685,0.08090203,0.09066082,0.10160275,0.11391473,0.12737041,0.14209969,0.15813024,0.17468715,0.19277125,0.21369995,0.23756588,0.26667388,0.29838934,0.3335466,0.37320513
AZE,2091,0.00388796,0.00022796,0.00017532,0.00013777,0.00011084,9.254e-05,8.123e-05,7.564e-05,7.383e-05,7.369e-05,7.42e-05,7.703e-05,8.435e-05,9.572e-05,0.00011162,0.00013281,0.00015819,0.00018697,0.00021766,0.00024772,0.00027471,0.00029452,0.00030885,0.00031896,0.00032672,0.00033424,0.00034162,0.00035181,0.00036539,0.00038268,0.00040387,0.00042671,0.00045214,0.00047922,0.00050794,0.00053827,0.00056823,0.00060189,0.0006415,0.00068826,0.0007424,0.00080121,0.00086614,0.00093681,0.00101336,0.00109793,0.0011901,0.00129319,0.00140919,0.00154067,0.00168912,0.00185576,0.00204427,0.002255,0.00248859,0.00274762,0.00303353,0.00334308,0.0036848,0.00406936,0.00449187,0.00494594,0.00541544,0.00594281,0.00654852,0.00724848,0.00812518,0.00918682,0.01039206,0.01177115,0.01334138,0.01507718,0.01696152,0.01906639,0.02140678,0.02400312,0.02705593,0.03053844,0.03451382,0.03903229,0.04412447,0.04995554,0.05640497,0.06350147,0.07134008,0.08001742,0.08976182,0.1006075,0.11274359,0.12608193,0.14074441,0.15668823,0.17316416,0.19117852,0.211997,0.2357277,0.26472366,0.29633387,0.33140664,0.37094642
AZE,2092,0.00383988,0.00022486,0.00017315,0.0001362,0.00010965,9.156e-05,8.032e-05,7.469e-05,7.277e-05,7.254e-05,7.298e-05,7.572e-05,8.287e-05,9.4e-05,0.00010958,0.00013036,0.00015525,0.00018348,0.00021356,0.000243,0.00026944,0.00028883,0.00030287,0.0003128,0.00032041,0.0003278,0.00033504,0.00034504,0.00035836,0.0003753,0.00039607,0.00041847,0.00044343,0.00047,0.0004982,0.00052804,0.0005575,0.0005906,0.00062955,0.00067552,0.00072873,0.00078654,0.0008504,0.00091998,0.00099541,0.00107877,0.00116959,0.00127111,0.00138528,0.00151456,0.00166046,0.00182412,0.00200927,0.00221639,0.00244604,0.00270078,0.00298189,0.00328602,0.00362158,0.00399887,0.00441304,0.0048586,0.00532022,0.00583939,0.00643612,0.00712626,0.00799078,0.00903687,0.01022456,0.0115843,0.01313132,0.01484071,0.01669835,0.01877543,0.02108455,0.0236453,0.02665733,0.0300976,0.03402914,0.03849817,0.04353798,0.04931231,0.05570113,0.0627364,0.07050127,0.07909598,0.08879314,0.09961774,0.11164529,0.12479217,0.13932568,0.15519545,0.17158252,0.18949251,0.21019584,0.23377011,0.26258536,0.29404583,0.32896186,0.36835296
AZE,2093,0.00378911,0.0002216,0.00017085,0.00013451,0.00010837,9.05e-05,7.933e-05,7.367e-05,7.165e-05,7.132e-05,7.17e-05,7.436e-05,8.134e-05,9.223e-05,0.00010748,0.00012784,0.00015223,0.00017988,0.00020934,0.00023815,0.00026402,0.00028301,0.00029676,0.00030649,0.00031397,0.00032122,0.00032833,0.00033812,0.00035117,0.00036777,0.00038811,0.00041006,0.00043454,0.00046062,0.0004883,0.00051761,0.00054659,0.00057912,0.00061738,0.00066253,0.00071481,0.00077159,0.00083436,0.0009028,0.00097707,0.0010592,0.00114861,0.00124853,0.00136082,0.00148788,0.00163118,0.00179184,0.00197359,0.00217699,0.00240267,0.00265301,0.00292924,0.00322795,0.00355713,0.00392705,0.00433298,0.00476978,0.00522312,0.00573382,0.00632152,0.00700156,0.00785342,0.00888385,0.01005355,0.0113924,0.01291638,0.01460101,0.01643048,0.01847772,0.02075647,0.02328381,0.02625599,0.02965169,0.03353712,0.03795865,0.04294541,0.04866315,0.05499198,0.06196281,0.06966149,0.07817707,0.08778631,0.09856337,0.11057733,0.12362206,0.13796264,0.15371252,0.1700508,0.18787927,0.20846933,0.23192739,0.26059902,0.29191213,0.32671597,0.36599351
AZE,2094,0.00373704,0.00021846,0.0001686,0.00013284,0.00010707,8.942e-05,7.833e-05,7.263e-05,7.052e-05,7.01e-05,7.042e-05,7.3e-05,7.98e-05,9.045e-05,0.00010538,0.0001253,0.00014919,0.00017627,0.0002051,0.00023329,0.00025859,0.00027718,0.00029066,0.00030021,0.00030756,0.0003147,0.00032169,0.0003313,0.00034409,0.00036036,0.0003803,0.0004018,0.0004258,0.0004514,0.00047859,0.00050737,0.00053583,0.00056781,0.00060539,0.00064973,0.00070107,0.00075682,0.00081849,0.00088577,0.00095884,0.00103966,0.0011276,0.00122583,0.00133615,0.0014609,0.00160154,0.0017591,0.00193738,0.00213692,0.0023584,0.00260417,0.00287522,0.00316825,0.00349089,0.00385303,0.00425043,0.00467841,0.00512304,0.00562469,0.00620291,0.00687265,0.00771142,0.00872554,0.00987697,0.01119424,0.01269326,0.01435296,0.01615562,0.01817106,0.02041674,0.02291101,0.02584494,0.02919599,0.03303153,0.03740141,0.04233496,0.0479925,0.05425768,0.06116014,0.06878374,0.07722174,0.08673912,0.09741463,0.10937348,0.12240679,0.13663625,0.15217727,0.16839678,0.18616157,0.20663444,0.22994509,0.25847046,0.28961287,0.32422742,0.36333508
AZE,2095,0.00369951,0.00021592,0.00016686,0.00013161,0.00010616,8.866e-05,7.762e-05,7.186e-05,6.964e-05,6.912e-05,6.938e-05,7.188e-05,7.853e-05,8.896e-05,0.00010361,0.00012317,0.00014662,0.0001732,0.00020149,0.00022913,0.00025391,0.00027211,0.00028531,0.00029468,0.0003019,0.0003089,0.00031576,0.00032518,0.00033772,0.00035366,0.0003732,0.00039429,0.00041783,0.00044297,0.0004697,0.00049802,0.00052602,0.00055749,0.00059449,0.00063809,0.00068858,0.00074343,0.00080416,0.0008705,0.0009426,0.00102238,0.00110917,0.00120607,0.00131481,0.00143766,0.00157609,0.0017311,0.00190649,0.00210293,0.00232106,0.00256316,0.00283019,0.0031187,0.00343611,0.00379196,0.00418216,0.00460282,0.0050406,0.00553486,0.00610536,0.00676696,0.00759533,0.00859596,0.00973198,0.01103131,0.01250897,0.01414617,0.01592666,0.0179169,0.02013295,0.02259721,0.02549956,0.02881467,0.03260803,0.036931,0.04181669,0.04742434,0.05363357,0.0604763,0.06803416,0.07639962,0.08584211,0.09642842,0.10829034,0.12128551,0.13552332,0.15096377,0.16698789,0.18463788,0.20503295,0.22821387,0.25658161,0.28758255,0.32202587,0.36094035
AZE,2096,0.0036564,0.00021318,0.00016493,0.0001302,0.00010508,8.778e-05,7.679e-05,7.099e-05,6.869e-05,6.808e-05,6.828e-05,7.07e-05,7.72e-05,8.742e-05,0.00010178,0.00012096,0.00014397,0.00017005,0.00019779,0.00022488,0.00024916,0.00026699,0.00027992,0.00028911,0.0002962,0.00030308,0.00030982,0.00031907,0.00033137,0.000347,0.00036615,0.00038684,0.00040994,0.00043462,0.00046088,0.00048874,0.0005163,0.00054724,0.00058361,0.00062651,0.00067615,0.00073007,0.00078983,0.00085516,0.00092623,0.00100489,0.00109041,0.00118585,0.00129289,0.00141374,0.00154984,0.00170217,0.00187458,0.00206771,0.00228231,0.0025205,0.00278313,0.00306686,0.00337865,0.00372792,0.00411071,0.00452356,0.00495402,0.00544063,0.00600266,0.00665518,0.00747239,0.00845906,0.00957893,0.01085931,0.01231504,0.01392865,0.01568437,0.01764884,0.01983633,0.02226776,0.02513469,0.02841341,0.03216541,0.03644013,0.04127237,0.04682404,0.05297568,0.05975317,0.06723974,0.07552677,0.08488258,0.09537985,0.10713872,0.12002848,0.13422357,0.14967122,0.16558724,0.18301492,0.2032534,0.22631946,0.2545184,0.2853336,0.31959522,0.35828373
AZE,2097,0.00361471,0.00021058,0.00016308,0.00012883,0.00010403,8.689e-05,7.597e-05,7.013e-05,6.775e-05,6.707e-05,6.721e-05,6.956e-05,7.59e-05,8.591e-05,9.999e-05,0.00011881,0.00014138,0.00016696,0.00019416,0.00022071,0.00024449,0.00026197,0.00027465,0.00028366,0.00029063,0.00029739,0.00030401,0.00031309,0.00032515,0.00034048,0.00035926,0.00037955,0.00040221,0.00042645,0.00045226,0.00047964,0.00050676,0.00053721,0.00057296,0.00061511,0.00066394,0.00071695,0.00077573,0.00084006,0.00091009,0.00098765,0.00107191,0.0011659,0.00127125,0.00139011,0.00152391,0.00167361,0.00184307,0.00203299,0.00224407,0.00247844,0.00273674,0.00301566,0.00332201,0.00366478,0.00404038,0.00444573,0.00486885,0.00534791,0.00590189,0.00654532,0.0073513,0.00832426,0.00942864,0.0106906,0.01212481,0.01371575,0.0154472,0.01738505,0.01954549,0.02194757,0.02477874,0.02801982,0.03173329,0.03596446,0.04074611,0.0462407,0.05233375,0.05905054,0.06646711,0.07467771,0.08394916,0.09435409,0.10602074,0.11881012,0.13290196,0.14831799,0.16426266,0.18158073,0.2015762,0.22447106,0.25254342,0.28319245,0.31726288,0.35575707
AZE,2098,0.00357173,0.00020771,0.00016106,0.00012736,0.00010292,8.598e-05,7.512e-05,6.925e-05,6.678e-05,6.6e-05,6.609e-05,6.836e-05,7.454e-05,8.433e-05,9.813e-05,0.00011656,0.00013868,0.00016375,0.00019038,0.00021636,0.00023962,0.00025671,0.00026911,0.00027794,0.00028476,0.00029139,0.00029787,0.00030675,0.00031855,0.00033355,0.00035193,0.00037178,0.00039399,0.00041775,0.00044308,0.00046997,0.00049662,0.00052655,0.00056167,0.00060305,0.00065099,0.00070308,0.00076085,0.00082414,0.00089314,0.00096958,0.00105261,0.00114517,0.00124881,0.00136567,0.00149715,0.00164418,0.00181065,0.00199734,0.00220498,0.00243553,0.00268962,0.00296383,0.00326468,0.00360104,0.00396932,0.00436712,0.00478304,0.00525435,0.00580019,0.00643476,0.00722919,0.00818783,0.00927627,0.01051959,0.01193164,0.01349895,0.0152057,0.01711586,0.01924649,0.0216188,0.0244157,0.02761654,0.03128771,0.03547587,0.04020946,0.04564752,0.05167848,0.05833108,0.06567983,0.07381255,0.08299918,0.0933121,0.10488109,0.11758153,0.13157646,0.14689695,0.16283618,0.1801936,0.20007134,0.22271516,0.25062376,0.28119098,0.31514804,0.35351753
AZE,2099,0.00353255,0.00020526,0.0001593,0.00012606,0.00010192,8.515e-05,7.434e-05,6.845e-05,6.589e-05,6.505e-05,6.508e-05,6.729e-05,7.333e-05,8.293e-05,9.646e-05,0.00011455,0.00013626,0.00016086,0.00018699,0.00021246,0.00023525,0.00025201,0.00026418,0.00027285,0.00027955,0.00028605,0.00029243,0.00030115,0.00031272,0.00032743,0.00034547,0.00036495,0.00038675,0.0004101,0.00043499,0.00046145,0.00048766,0.00051712,0.00055168,0.00059238,0.00063952,0.00069073,0.00074761,0.00080996,0.00087796,0.00095335,0.00103518,0.00112639,0.00122845,0.00134341,0.00147272,0.00161727,0.00178096,0.00196462,0.00216899,0.00239598,0.00264603,0.00291583,0.0032115,0.00354176,0.00390333,0.00429407,0.00470328,0.00516752,0.00570562,0.00633194,0.00711601,0.0080614,0.00913497,0.01036127,0.01175354,0.01329935,0.01498333,0.01686861,0.01897198,0.02131555,0.02408198,0.0272487,0.03087963,0.03502565,0.03971676,0.04510583,0.05107966,0.05766857,0.06494999,0.07301138,0.08211519,0.09233819,0.10381121,0.11641548,0.13032161,0.14554499,0.16139707,0.17873912,0.19862723,0.22111924,0.24872665,0.27908853,0.31290234,0.35106701
AZE,2100,0.00349387,0.00020286,0.0001576,0.00012481,0.00010095,8.434e-05,7.36e-05,6.767e-05,6.505e-05,6.413e-05,6.412e-05,6.625e-05,7.216e-05,8.156e-05,9.484e-05,0.0001126,0.00013392,0.00015807,0.00018371,0.00020869,0.00023104,0.00024747,0.00025941,0.00026792,0.0002745,0.0002809,0.00028716,0.00029572,0.00030709,0.00032153,0.00033923,0.00035836,0.00037975,0.0004027,0.00042717,0.0004532,0.000479,0.00050799,0.00054199,0.00058204,0.00062843,0.0006788,0.00073478,0.00079623,0.00086327,0.0009376,0.00101827,0.00110814,0.00120864,0.00132177,0.00144893,0.00159104,0.00175201,0.00193269,0.00213386,0.00235734,0.00260349,0.00286889,0.00315956,0.00348383,0.0038387,0.0042226,0.00462518,0.00508252,0.00561319,0.00623123,0.0070051,0.00793778,0.00899655,0.01020572,0.01157834,0.01310326,0.01476472,0.01662504,0.01870168,0.02101649,0.02375069,0.02688427,0.03047819,0.03458082,0.03922667,0.0445689,0.0504899,0.05701648,0.06422713,0.07221358,0.08123765,0.09136958,0.1027463,0.11525474,0.12906486,0.1442033,0.15997274,0.17722653,0.19708466,0.21958124,0.24702462,0.27708382,0.31069947,0.34873215
