YEM,1950,0.40464846,0.13141015,0.06120375,0.02958191,0.01528889,0.00870466,0.00558408,0.00409987,0.00342085,0.00319419,0.0032391,0.00344844,0.00374302,0.0040403,0.00430409,0.00452559,0.0047384,0.00499326,0.00531527,0.00571464,0.00616356,0.00660591,0.006987,0.00725727,0.00741286,0.00748538,0.00752511,0.00759102,0.00771572,0.00791198,0.00817037,0.00846107,0.00875804,0.00903997,0.0093017,0.00955719,0.00982576,0.010131,0.01048493,0.0108828,0.01130959,0.01173512,0.01213496,0.01250332,0.01285428,0.0132339,0.01369097,0.01427459,0.01502149,0.01592183,0.01694918,0.01804131,0.01912955,0.02017724,0.0211796,0.02221788,0.02338458,0.02478346,0.02651329,0.02859738,0.03100783,0.0336514,0.03641774,0.03922567,0.04203907,0.04493456,0.04805085,0.05154127,0.05557158,0.06023324,0.0655584,0.0715348,0.07807878,0.08510535,0.09259927,0.10065178,0.1093664,0.118893,0.12945789,0.14109048,0.1535888,0.16686834,0.18080501,0.19509887,0.21008794,0.22614366,0.24375992,0.26359196,0.28597866,0.31059496,0.33645633,0.36301534,0.38963911,0.41570668,0.44013557,0.46179454,0.48643208,0.51194872,0.53744195,0.56437506
YEM,1951,0.40340985,0.13122356,0.06119211,0.02960767,0.01531402,0.00872451,0.00559986,0.0041129,0.00343235,0.00320502,0.00324973,0.00345916,0.00375406,0.00405191,0.00431647,0.00453891,0.00475275,0.00500872,0.00533199,0.00573258,0.00618252,0.00662572,0.00700745,0.0072781,0.00743408,0.00750695,0.0075469,0.00761309,0.00773821,0.0079349,0.00819382,0.00848523,0.00878269,0.00906471,0.0093266,0.00958255,0.00985155,0.01015745,0.01051242,0.01091132,0.0113386,0.01176425,0.01216546,0.01253577,0.01288829,0.01326886,0.01372767,0.01431176,0.01505681,0.01595913,0.01698916,0.01808348,0.01917596,0.02023474,0.0212502,0.02229055,0.0234618,0.02485795,0.02657851,0.02864954,0.03105949,0.03371334,0.03648128,0.03930181,0.04212323,0.04501971,0.04813207,0.05161427,0.05563614,0.06029026,0.06562218,0.07160013,0.0781598,0.08524838,0.09279936,0.10086682,0.10961447,0.11913759,0.12958307,0.14109586,0.15359165,0.16683051,0.18071056,0.19526353,0.21036528,0.2265167,0.24427745,0.26400999,0.28613234,0.3106531,0.33666656,0.36299855,0.38912491,0.41467766,0.43951312,0.46288571,0.48341679,0.50783989,0.53287206,0.55615751
YEM,1952,0.40113714,0.13051768,0.06086995,0.02947158,0.01524992,0.00869165,0.00558126,0.00410082,0.0034229,0.00319626,0.00324061,0.00344905,0.00374276,0.00403961,0.00430356,0.00452574,0.00473952,0.00499539,0.00531844,0.00571867,0.00616798,0.00661026,0.00699112,0.00726108,0.00741654,0.00748925,0.00752918,0.00759516,0.00771992,0.00791616,0.00817441,0.00846511,0.00876206,0.00904345,0.00930444,0.00955971,0.0098284,0.01013389,0.01048858,0.01088753,0.01131482,0.01174006,0.01214077,0.0125122,0.01286647,0.01324823,0.01370731,0.01429181,0.01503497,0.01593197,0.01695988,0.0180524,0.01914261,0.02020155,0.02122469,0.02227498,0.02344424,0.0248398,0.02655047,0.02860303,0.03098881,0.03363049,0.03639772,0.03920908,0.04203413,0.04493091,0.04803642,0.05150586,0.05550888,0.06014099,0.06544881,0.07141485,0.0779545,0.08503603,0.09263121,0.10073958,0.10948168,0.11901783,0.12943421,0.14079747,0.15314551,0.16635329,0.18015736,0.19461004,0.20995063,0.22618809,0.2440219,0.26389904,0.28587948,0.31007249,0.33597014,0.3624458,0.38823673,0.41311277,0.43736465,0.46077815,0.48293632,0.50027559,0.52118493,0.5482489
YEM,1953,0.3988982,0.12956135,0.06048309,0.02931124,0.01518969,0.00866368,0.00556686,0.00409246,0.00341723,0.00319139,0.00323556,0.0034433,0.00373604,0.00403205,0.00429545,0.00451736,0.004731,0.0049867,0.00530944,0.00570919,0.00615798,0.00659963,0.00697972,0.00724914,0.00740433,0.00747692,0.00751699,0.00758315,0.00770784,0.00790384,0.00816174,0.00845188,0.00874824,0.00902922,0.00928957,0.00954378,0.00981153,0.01011646,0.01047045,0.01086878,0.01129583,0.01172074,0.0121205,0.01249075,0.01284549,0.01322821,0.01368754,0.01427141,0.01501426,0.01590873,0.01693064,0.0180207,0.01910874,0.02016496,0.02118768,0.02224495,0.02342341,0.02481585,0.02652528,0.02856712,0.03093324,0.0335497,0.03630436,0.03911516,0.04193029,0.04482939,0.04793294,0.05139268,0.05537977,0.05998996,0.06527237,0.07121087,0.07773508,0.08479117,0.09237371,0.10052533,0.10930864,0.11883692,0.12926593,0.14059886,0.15279275,0.16584353,0.17960078,0.19395203,0.20915698,0.22562574,0.24353821,0.26349365,0.28563549,0.30968284,0.33525117,0.36162753,0.38757907,0.41198178,0.43528376,0.4580765,0.48092648,0.50689481,0.53204453,0.55711772
YEM,1954,0.39669285,0.12913252,0.06028297,0.02920232,0.01513015,0.0086338,0.00554536,0.00407577,0.00340324,0.00317861,0.00322282,0.00342995,0.0037218,0.00401702,0.00427989,0.00450153,0.00471492,0.00497013,0.00529212,0.00569078,0.00613825,0.00657866,0.00695754,0.00722583,0.00738021,0.00745228,0.00749188,0.00755763,0.00768179,0.0078769,0.00813374,0.00842285,0.00871812,0.0089982,0.00925804,0.00951155,0.00977812,0.01008182,0.01043488,0.01083211,0.01125824,0.01168291,0.01208279,0.01245294,0.01280761,0.0131921,0.01365352,0.01423838,0.01498093,0.01587517,0.01689452,0.01797873,0.01906563,0.02012184,0.02114477,0.02220497,0.02339389,0.0247986,0.02650633,0.02854793,0.0309039,0.03350106,0.03623127,0.03903214,0.04185156,0.04474621,0.04785857,0.05132263,0.05530599,0.05990542,0.06517114,0.07109032,0.07759263,0.08464072,0.09220702,0.10035705,0.10919861,0.11878424,0.12921804,0.14057515,0.15275171,0.16566637,0.17928388,0.19361278,0.20874893,0.22511251,0.24331627,0.26335834,0.28563204,0.30988701,0.33527853,0.36135121,0.38728214,0.41191743,0.43447564,0.4556229,0.47611233,0.50024631,0.53636641,0.5820111
YEM,1955,0.39450386,0.12830498,0.05993278,0.02905361,0.01505424,0.00859549,0.0055271,0.00406188,0.00339135,0.00316728,0.00321103,0.00341699,0.00370749,0.00400175,0.00426428,0.00448619,0.0047001,0.00495561,0.00527754,0.0056758,0.00612258,0.0065622,0.00694049,0.00720833,0.00736231,0.00743417,0.00747366,0.00753912,0.00766295,0.00785756,0.00811359,0.00840181,0.00869629,0.00897556,0.00923475,0.00948792,0.00975385,0.01005633,0.01040819,0.01080468,0.01123,0.01165417,0.01205418,0.01242453,0.0127788,0.0131625,0.01362477,0.01421062,0.01495301,0.01584602,0.01686441,0.01794532,0.01902542,0.02007945,0.02110075,0.02215887,0.02334777,0.0247598,0.02647666,0.02851284,0.03086512,0.03344845,0.03615572,0.03892819,0.04173418,0.04462958,0.04773253,0.05120017,0.05518009,0.05976662,0.06501214,0.07090364,0.07737434,0.08438741,0.0919321,0.10005174,0.10887926,0.1185134,0.12899112,0.14033153,0.15251064,0.16538443,0.17883214,0.19297819,0.20804892,0.22429366,0.24233638,0.26265131,0.28496555,0.30931288,0.33486196,0.36067029,0.38623148,0.41084032,0.43362909,0.45325484,0.47004301,0.49155264,0.51540425,0.55462775
YEM,1956,0.39228603,0.12743158,0.05964865,0.02896924,0.01503425,0.00858741,0.00552695,0.0040671,0.00339569,0.00317138,0.00321515,0.00342107,0.00371133,0.00400529,0.00426767,0.00448965,0.00470376,0.00495942,0.00528124,0.00567918,0.00612558,0.00656477,0.00694268,0.00721041,0.00736437,0.00743614,0.00747564,0.00754121,0.00766508,0.00785988,0.00811612,0.00840438,0.00869883,0.00897807,0.00923704,0.00948997,0.00975588,0.01005794,0.01040871,0.01080419,0.01122902,0.01165258,0.01205217,0.01242258,0.01277681,0.01315971,0.01362099,0.01420791,0.01495201,0.01584623,0.0168653,0.0179476,0.01902673,0.0200759,0.02109688,0.02215493,0.02334358,0.02475808,0.02648602,0.02853671,0.03088967,0.03347673,0.03617721,0.03893232,0.04171343,0.04459815,0.04770512,0.05116639,0.0551554,0.05974615,0.06498798,0.07086948,0.07732352,0.08431501,0.09183217,0.09993857,0.10874455,0.11837688,0.1289218,0.14032639,0.15250868,0.16540638,0.17883327,0.192814,0.20769839,0.22388513,0.24181313,0.26197424,0.28456883,0.3090183,0.33474455,0.36070337,0.3859873,0.41025712,0.43317564,0.45327568,0.47238195,0.49126554,0.51679799,0.54344472
YEM,1957,0.38996747,0.12654334,0.05935461,0.02888712,0.01502139,0.00859484,0.00553365,0.00407557,0.00340606,0.00317981,0.00322249,0.00342776,0.00371763,0.00401162,0.00427461,0.00449781,0.00471356,0.00497104,0.00529463,0.00569405,0.00614174,0.00658215,0.00696107,0.00722963,0.00738437,0.00745671,0.0074965,0.0075624,0.00768674,0.00788203,0.00813903,0.00842814,0.00872331,0.0090032,0.00926281,0.00951623,0.00978272,0.0100858,0.01043739,0.01083312,0.01125839,0.01168296,0.01208328,0.01245441,0.01280962,0.01319334,0.01365465,0.01424159,0.01498825,0.01588584,0.01690777,0.01799216,0.0190736,0.02012208,0.02113805,0.02219578,0.0233843,0.02479874,0.02653008,0.02859347,0.03096282,0.0335514,0.03625663,0.03900557,0.04176981,0.04463065,0.04772893,0.05119704,0.05518203,0.05978436,0.06503221,0.07091144,0.07735699,0.08433391,0.09183255,0.09991584,0.10871607,0.11833345,0.12888541,0.14036696,0.15261673,0.16551723,0.17897057,0.19293035,0.2076381,0.22362758,0.24150148,0.2615512,0.28399454,0.30873965,0.33455289,0.36068046,0.38607671,0.40997605,0.4325638,0.45308582,0.47241164,0.49633334,0.52067815,0.55531487
YEM,1958,0.38080267,0.12312894,0.05817032,0.02849854,0.01490437,0.00856709,0.00553448,0.00408087,0.00341416,0.0031893,0.00322952,0.00343227,0.00371977,0.00401224,0.004275,0.00449931,0.00471693,0.00497616,0.00530091,0.00570048,0.00614722,0.00658609,0.00696357,0.00723118,0.00738568,0.00745855,0.00749915,0.00756563,0.00769037,0.00788581,0.0081426,0.00843152,0.00872654,0.00900623,0.0092657,0.0095191,0.00978542,0.01008825,0.01043973,0.01083483,0.01125859,0.01168166,0.01208121,0.01245161,0.01280654,0.0131906,0.01365223,0.01423869,0.01498463,0.01588392,0.01690815,0.01799432,0.01907699,0.02012744,0.02114274,0.02219574,0.02338484,0.02480028,0.02653254,0.0286001,0.0309832,0.03358964,0.0362969,0.03905074,0.04180795,0.04465035,0.0477231,0.05118209,0.05517533,0.05977586,0.06503805,0.07092614,0.07737188,0.08433992,0.0918217,0.09988292,0.10865613,0.11826728,0.12880715,0.14030132,0.15263447,0.16561405,0.17908397,0.19308348,0.20778158,0.22359026,0.24125813,0.26126429,0.28361692,0.30818029,0.33436602,0.36065361,0.38619122,0.41018098,0.43227815,0.45259339,0.47256973,0.49637568,0.52690596,0.550647
YEM,1959,0.37256694,0.12009739,0.05703795,0.028091,0.01476294,0.0085203,0.0055206,0.00407763,0.00341054,0.00318542,0.00322421,0.00342281,0.00370692,0.00399774,0.00426089,0.00448748,0.00470841,0.00497096,0.00529839,0.00569962,0.00614692,0.00658549,0.00696242,0.0072299,0.00738473,0.00745828,0.00749984,0.00756702,0.00769189,0.00788713,0.00814349,0.00843181,0.00872644,0.00900603,0.00926555,0.00951918,0.00978594,0.01008909,0.01044093,0.01083667,0.01126061,0.01168312,0.01208232,0.01245318,0.01280848,0.01319326,0.01365594,0.01424312,0.01498862,0.01588682,0.01691221,0.01799973,0.01908291,0.0201331,0.02114868,0.02219894,0.02338079,0.02479399,0.02652375,0.02858797,0.0309704,0.03358551,0.03630569,0.0390566,0.04181495,0.0446465,0.04769683,0.05112622,0.05510625,0.05970891,0.06496031,0.07085289,0.07729581,0.0842525,0.09171469,0.09974916,0.1084922,0.11806879,0.12859555,0.14006801,0.15240125,0.16544803,0.17897661,0.19297194,0.2076821,0.22345161,0.24090688,0.2606731,0.28296719,0.30742848,0.33340708,0.36003978,0.38563396,0.40967014,0.43162314,0.45089126,0.47139815,0.49628257,0.52519021,0.56580222
YEM,1960,0.364597,0.11724738,0.05582334,0.02755971,0.01451542,0.00839228,0.0054441,0.00402328,0.00336507,0.00313943,0.00317644,0.00337159,0.00365038,0.00393768,0.00419949,0.00442663,0.00464878,0.00491183,0.00523845,0.00563709,0.0060804,0.00651431,0.00688672,0.00715102,0.00730436,0.00737753,0.00741903,0.00748572,0.00760898,0.00780121,0.00805365,0.00833779,0.0086284,0.00890481,0.00916198,0.00941356,0.00967819,0.00997879,0.01032717,0.01071893,0.01113908,0.01155785,0.0119535,0.01232219,0.01267712,0.01306147,0.01352344,0.01410877,0.01485007,0.0157412,0.01675783,0.01783929,0.01891805,0.01996481,0.02097799,0.02202707,0.02320366,0.02460456,0.02632356,0.02837335,0.03073778,0.03333693,0.0360526,0.03880594,0.04155273,0.04437864,0.04741019,0.05080694,0.05474324,0.05931552,0.06454915,0.07040753,0.07683006,0.08375816,0.0911824,0.09916838,0.10785391,0.1173686,0.12782871,0.13925761,0.1515393,0.1645587,0.17813304,0.19217141,0.20686081,0.22262598,0.24001569,0.25951935,0.28151909,0.30588907,0.33167661,0.3581436,0.38418627,0.40810379,0.4300284,0.44866336,0.46758111,0.49397585,0.52368142,0.552999
YEM,1961,0.3565522,0.11398235,0.05459053,0.02711178,0.01435862,0.00834023,0.00542885,0.0040197,0.00336394,0.00313681,0.00316865,0.00336015,0.00363591,0.00392081,0.0041828,0.00441239,0.00463828,0.00490508,0.00523483,0.00563562,0.00608,0.00651418,0.00688634,0.00715028,0.00730372,0.00737759,0.00741997,0.0074874,0.00761123,0.00780356,0.00805549,0.00833901,0.00862911,0.00890511,0.00916238,0.00941444,0.00967964,0.00998091,0.01033004,0.01072231,0.01114296,0.01156256,0.0119585,0.01232653,0.01268097,0.01306567,0.01352766,0.01411337,0.01485538,0.01574666,0.01676197,0.01784133,0.01892057,0.019968,0.02098083,0.02202856,0.02320404,0.02460013,0.0263093,0.02835441,0.03071369,0.03330725,0.03602111,0.03878432,0.04154634,0.04436869,0.04739983,0.05078006,0.05468547,0.05921838,0.06443062,0.07028385,0.07668791,0.083616,0.0910322,0.09900111,0.10765836,0.11713465,0.12755085,0.13893337,0.1511919,0.16417132,0.17773,0.19182772,0.20656752,0.22231127,0.23969709,0.25913261,0.28085761,0.30493184,0.33064986,0.35694142,0.38292147,0.4072506,0.42857793,0.44839654,0.46635992,0.48942974,0.52152189,0.55663505
YEM,1962,0.35049002,0.11236829,0.05421468,0.02723475,0.01464532,0.00865399,0.00572468,0.00428388,0.00358854,0.00331829,0.00331066,0.00347102,0.00373304,0.00404009,0.00436572,0.0046884,0.00502255,0.005398,0.005871,0.00646286,0.00710008,0.00768299,0.00811436,0.00837761,0.00853015,0.00860304,0.00864368,0.00870716,0.00881085,0.00896143,0.00916178,0.00939619,0.00965262,0.00991038,0.01015486,0.01039774,0.01065489,0.01094639,0.0112832,0.01166281,0.01207277,0.01248693,0.01288573,0.01326239,0.01362693,0.01402269,0.01449527,0.0150877,0.01583242,0.01672362,0.01773682,0.01881355,0.01989293,0.02095854,0.02200948,0.02310427,0.02432636,0.02576072,0.02749428,0.02955633,0.03193943,0.03456082,0.03731141,0.04013254,0.04298473,0.04591569,0.04904024,0.05251784,0.05650246,0.06110327,0.06637906,0.0723211,0.07883784,0.08590104,0.09351108,0.10165836,0.11043276,0.11991926,0.13027447,0.14159381,0.1537906,0.1667361,0.18024571,0.19432215,0.20912838,0.22492133,0.24227939,0.26171934,0.28337178,0.30715782,0.33258301,0.35874411,0.38461024,0.40917012,0.43097407,0.44833272,0.47111612,0.49559848,0.52217391,0.55575171
YEM,1963,0.34459293,0.1109463,0.05401037,0.02750938,0.01506299,0.00907911,0.00611587,0.0046303,0.00388331,0.00355834,0.00350133,0.00362479,0.00386797,0.00418829,0.00455914,0.00494581,0.00535353,0.00580107,0.00636582,0.00707744,0.00783427,0.00850903,0.00897641,0.00924002,0.00939493,0.00947083,0.00951448,0.00957961,0.00966877,0.00978357,0.00994027,0.01013613,0.01037211,0.01062554,0.01086955,0.01111375,0.01137271,0.01166462,0.01199896,0.01237486,0.01278196,0.01319598,0.01359984,0.01398914,0.01437178,0.01478745,0.0152802,0.01589063,0.01664711,0.01754674,0.01856828,0.01965598,0.02075198,0.02184476,0.02293749,0.02408124,0.02535317,0.02683408,0.02861176,0.03071395,0.03313436,0.03580589,0.03861504,0.04151023,0.04445832,0.04751128,0.05077088,0.05436134,0.05846498,0.06317182,0.06854281,0.07457492,0.08120786,0.08844525,0.09625542,0.10461623,0.11353323,0.12304147,0.13333462,0.14458374,0.15670807,0.16958107,0.18304391,0.19705372,0.21181942,0.22766773,0.24506591,0.26446407,0.28611323,0.30981911,0.33494463,0.36081134,0.38655951,0.41120455,0.43356494,0.45414817,0.4715404,0.49810335,0.52813699,0.56026683
YEM,1964,0.33258229,0.1065525,0.05169781,0.0261011,0.01409476,0.00835284,0.0055365,0.00414685,0.0034742,0.0032112,0.00320103,0.00335442,0.00360613,0.00390464,0.00422624,0.004546,0.00487624,0.00524582,0.00570961,0.00628849,0.00690886,0.00747622,0.00789583,0.00815162,0.008301,0.00837154,0.00841074,0.00847236,0.00857224,0.00871779,0.00891078,0.00913731,0.00938538,0.00963451,0.00987255,0.0101091,0.01035977,0.0106444,0.01097205,0.01134134,0.01174011,0.01214369,0.01253492,0.01290669,0.01326948,0.01366158,0.01412713,0.01471215,0.01544406,0.01632035,0.01731709,0.01837638,0.01944227,0.02049398,0.02154067,0.02263686,0.02385501,0.02528227,0.02699736,0.02903228,0.03137316,0.03394633,0.03666292,0.03945135,0.04228576,0.04522554,0.04837457,0.0518652,0.05583653,0.06040662,0.06561878,0.07145727,0.07788201,0.08488637,0.09243821,0.10054859,0.10929673,0.11875497,0.12907449,0.1403371,0.15249804,0.16539004,0.17885512,0.19290262,0.2076628,0.22358751,0.24117381,0.2607814,0.28266925,0.30663465,0.33202225,0.35792385,0.38345741,0.40825245,0.43153751,0.45226026,0.47535715,0.49882312,0.52955156,0.55929905
YEM,1965,0.32219974,0.10291929,0.05025108,0.0255196,0.01385145,0.00824253,0.0054794,0.0041109,0.00344578,0.00318349,0.00317032,0.00331874,0.00356525,0.00385912,0.0041751,0.00449081,0.00481931,0.00518286,0.00563726,0.00620299,0.00680948,0.00736447,0.00777659,0.00802963,0.00817794,0.00824884,0.00828876,0.00835015,0.00844913,0.00859338,0.00878454,0.00900914,0.00925589,0.0095041,0.00974097,0.00997647,0.01022613,0.01050898,0.01083441,0.01120117,0.01159676,0.0119973,0.01238604,0.01275597,0.01311822,0.0135106,0.01397529,0.01455704,0.01528433,0.0161556,0.01714582,0.0181998,0.01926294,0.02031242,0.02135566,0.02244777,0.02366488,0.02509033,0.02680074,0.0288278,0.03115903,0.03371743,0.03641453,0.03919168,0.04201637,0.04494856,0.04809497,0.05159597,0.05558129,0.06013921,0.06534078,0.07114961,0.07752707,0.08447251,0.09198621,0.10007742,0.10879108,0.11823998,0.12854382,0.13978215,0.15190506,0.16475433,0.17817111,0.19215764,0.20688058,0.22275142,0.24031777,0.26000391,0.28197276,0.30596451,0.33141374,0.35731142,0.3826449,0.40710437,0.43042773,0.45243765,0.47247188,0.49944947,0.5305009,0.56097413
YEM,1966,0.31063551,0.0991688,0.04862069,0.02477654,0.0134815,0.00803446,0.00534458,0.00400995,0.00336076,0.00310467,0.0030916,0.00323622,0.00347687,0.00376707,0.00408413,0.00440283,0.00473768,0.00511009,0.00556943,0.00614129,0.00675331,0.00731147,0.00772141,0.00796985,0.00811534,0.00818448,0.0082229,0.00828175,0.00837653,0.00851533,0.0087001,0.00891753,0.00915661,0.00939799,0.00962914,0.00985898,0.01010302,0.01037988,0.01069818,0.01105735,0.01144575,0.01184009,0.01222481,0.01259253,0.01295287,0.01334322,0.01380482,0.01438021,0.01509717,0.01595618,0.0169339,0.01797477,0.01902711,0.02007048,0.02111126,0.02220081,0.02341313,0.02483269,0.02653061,0.02853812,0.03084442,0.03337645,0.03604448,0.03879191,0.04159978,0.04451875,0.04765383,0.05114524,0.05512955,0.05968469,0.06485195,0.07062674,0.07695249,0.08382971,0.09126411,0.09930165,0.10798593,0.11739335,0.12768445,0.13890167,0.15099348,0.16380566,0.17718852,0.19113577,0.20581668,0.22167669,0.23921011,0.25887064,0.28091241,0.3049882,0.33044818,0.35640378,0.38174418,0.40579639,0.42876953,0.45027203,0.47367968,0.49707883,0.52494564,0.55660616
YEM,1967,0.29873554,0.09476604,0.0467702,0.02398639,0.01312631,0.00785805,0.00524354,0.00394079,0.00330451,0.00305172,0.00303642,0.00317563,0.00340967,0.00369495,0.00401024,0.00433032,0.00466476,0.005039,0.0055034,0.00607257,0.0066808,0.00723514,0.00764158,0.00788691,0.00803081,0.00809979,0.00813822,0.00819643,0.0082894,0.00842471,0.00860512,0.00881806,0.00905267,0.00929014,0.00951857,0.0097462,0.00998744,0.01026105,0.01057575,0.01093059,0.0113149,0.01170616,0.01208872,0.01245533,0.01281501,0.01320415,0.01366405,0.01423666,0.01494761,0.01579659,0.01676313,0.01779447,0.01883833,0.01987637,0.02091448,0.02200081,0.02320685,0.02461641,0.02630425,0.02829739,0.03058459,0.03309561,0.03574409,0.03847075,0.04125698,0.04416464,0.04728858,0.050768,0.05473969,0.05929106,0.06445471,0.07019593,0.07649071,0.08332017,0.09069023,0.0986537,0.10729323,0.11668115,0.12693676,0.13814594,0.15022086,0.16300416,0.17634793,0.19025279,0.20487856,0.2206771,0.23818618,0.25780961,0.27983888,0.30402236,0.32961089,0.35561394,0.38104306,0.40514209,0.42733825,0.44855626,0.46840718,0.49566034,0.52641561,0.55453191
YEM,1968,0.28644747,0.09015301,0.04481493,0.02315186,0.01275885,0.00768557,0.00515312,0.00388427,0.00325979,0.00300708,0.0029858,0.00311631,0.00334165,0.00361736,0.00392048,0.00422721,0.00454721,0.0049008,0.00534043,0.00588045,0.00644931,0.00697052,0.00735902,0.00759926,0.00774145,0.00781127,0.00785183,0.00791134,0.0080042,0.00813774,0.008315,0.00852514,0.00875856,0.00899632,0.00922576,0.00945499,0.00969745,0.00997047,0.01028326,0.01063535,0.01101596,0.01140389,0.01178405,0.01215006,0.0125121,0.01290455,0.01336626,0.01393821,0.01464529,0.01548675,0.01644263,0.01746387,0.01850151,0.01953394,0.02056803,0.02165191,0.02285412,0.0242567,0.02593364,0.0279156,0.03018769,0.03268082,0.03531238,0.03802519,0.04079635,0.04368678,0.04680224,0.050272,0.05423268,0.05877208,0.06393252,0.06967184,0.07593536,0.08273684,0.09006361,0.0979651,0.10652654,0.11586181,0.12608829,0.13725314,0.14931367,0.16207403,0.1753812,0.18923581,0.20380459,0.21953204,0.23696696,0.2565653,0.27854859,0.30273918,0.32849193,0.35467284,0.38021685,0.40451295,0.42697168,0.44768693,0.47109142,0.4951656,0.52494116,0.5561755
YEM,1969,0.27225835,0.08430014,0.04206526,0.02170205,0.01188113,0.00708419,0.00469744,0.00351341,0.00294866,0.00274219,0.00275397,0.00290291,0.00313012,0.00338651,0.00365082,0.00390684,0.00417039,0.00446774,0.00482859,0.00526819,0.00573983,0.00617659,0.00652404,0.00675467,0.00689062,0.00695631,0.00699411,0.00705159,0.00715211,0.00730648,0.00750883,0.00773967,0.00798154,0.00821716,0.00844184,0.00866501,0.00890159,0.00916974,0.00947857,0.00982662,0.0102018,0.01058127,0.010949,0.01130019,0.01164707,0.01202416,0.01246987,0.01302425,0.01371183,0.01453125,0.01546265,0.01645876,0.01747436,0.01848197,0.01948097,0.02052422,0.02168328,0.02304086,0.02466659,0.02658764,0.02879524,0.03121864,0.03377659,0.03640903,0.03909163,0.04188288,0.04488984,0.04825469,0.05210367,0.05652246,0.06155525,0.06717238,0.07331307,0.07993496,0.08705522,0.09474075,0.103114,0.11233128,0.12252517,0.13368411,0.14572325,0.15849041,0.171802,0.18565188,0.20019607,0.21589933,0.23329994,0.25285866,0.27484266,0.29899846,0.3247782,0.35114674,0.37689091,0.40131745,0.42397294,0.44456843,0.46392905,0.49135333,0.52271415,0.55387408
YEM,1970,0.25986654,0.08007744,0.04007399,0.02073392,0.01138029,0.00679886,0.00451401,0.0033779,0.00283436,0.00263447,0.00264434,0.00278666,0.00300551,0.00325475,0.00351416,0.00376757,0.00402903,0.00432257,0.00467675,0.00510098,0.00555898,0.00598645,0.00631898,0.00653996,0.00667182,0.00673745,0.00677617,0.00683329,0.00693124,0.00708029,0.00727527,0.00749789,0.00773168,0.00796076,0.00818069,0.00840005,0.00863263,0.00889567,0.00919756,0.00953658,0.00990227,0.01027393,0.01063644,0.01098603,0.0113343,0.01171291,0.01215846,0.01270859,0.0133859,0.01419038,0.01510363,0.01608014,0.01707735,0.01807142,0.01906302,0.02010034,0.02125317,0.02260064,0.02420798,0.0261006,0.02827207,0.03066061,0.03318549,0.035789,0.03844932,0.04122416,0.04421275,0.04755269,0.05137744,0.05576363,0.06075696,0.06633099,0.07243901,0.07903382,0.08610316,0.09374401,0.10205957,0.1112061,0.12131942,0.13243259,0.14445468,0.15719044,0.17049772,0.1843405,0.198869,0.21453889,0.23191514,0.2514542,0.27343318,0.29764368,0.32345428,0.3499221,0.37593831,0.40068397,0.42366856,0.44480758,0.46736364,0.49083706,0.52031965,0.55548897
YEM,1971,0.24833685,0.07565946,0.03832474,0.02004765,0.01110734,0.00668465,0.00446062,0.00334739,0.00281126,0.00261115,0.00261699,0.00275348,0.00296654,0.00320382,0.00344039,0.0036644,0.00389261,0.0041512,0.00445322,0.00480248,0.0051756,0.00553736,0.00584478,0.00606077,0.00619185,0.00626058,0.0063048,0.00636744,0.00647267,0.00663178,0.00683774,0.00707105,0.00731369,0.00755004,0.00777739,0.00800419,0.00824367,0.00851245,0.00881866,0.00916036,0.00952711,0.00989969,0.01026428,0.01061685,0.01096932,0.01135299,0.0118032,0.01235758,0.01303952,0.01384845,0.01476553,0.01574446,0.01674066,0.01772947,0.01871535,0.01974887,0.02089848,0.0222459,0.02385691,0.02575407,0.02792746,0.03031507,0.03284054,0.03544225,0.03809943,0.0408712,0.04385778,0.04719254,0.05100838,0.05539138,0.0603795,0.06594818,0.07205151,0.0786517,0.08573049,0.09335595,0.10166466,0.11079477,0.12088231,0.13195959,0.14397804,0.15673659,0.17004972,0.1839237,0.19847941,0.21415883,0.23152684,0.25106694,0.27304285,0.29721733,0.32305268,0.34954531,0.37561556,0.40057945,0.42381593,0.44492317,0.46503472,0.49138054,0.52045866,0.55154223
YEM,1972,0.23743405,0.07197478,0.03654524,0.01916788,0.01064832,0.00642338,0.00429322,0.00322403,0.00270755,0.00251307,0.00251635,0.00264609,0.002851,0.00308315,0.00331963,0.00354774,0.00378174,0.00404473,0.00435136,0.00470576,0.00508183,0.005438,0.00573932,0.0059516,0.00607689,0.00614394,0.00618847,0.00625078,0.00635264,0.00650475,0.00670128,0.00692436,0.00715766,0.00738633,0.00760729,0.00782864,0.0080628,0.00832517,0.00862347,0.00895631,0.00931395,0.00967836,0.0100375,0.01038823,0.01074135,0.01112642,0.01157645,0.01212607,0.0127975,0.01359027,0.01448673,0.01544513,0.01642417,0.01740014,0.0183772,0.01940486,0.0205486,0.02188364,0.02347494,0.02534484,0.02748341,0.02983119,0.03231753,0.03489089,0.03752817,0.04028511,0.04325865,0.0465771,0.05036568,0.05470909,0.05965477,0.06517303,0.07122305,0.07777297,0.08481849,0.09242182,0.10068537,0.10977463,0.1198045,0.13081218,0.14275317,0.15546711,0.1687596,0.18260081,0.19715317,0.21282549,0.23017682,0.24969303,0.27167107,0.29586134,0.32169418,0.34825884,0.37441399,0.399515,0.42311745,0.44478527,0.46760485,0.49114403,0.51937143,0.55337803
YEM,1973,0.22714737,0.06825591,0.03493503,0.01845646,0.0103152,0.0062506,0.00419012,0.0031506,0.00264555,0.0024535,0.0024541,0.00257836,0.00277726,0.00300341,0.00323371,0.00345629,0.00368469,0.00394079,0.004235,0.00456937,0.00492234,0.00525798,0.00554159,0.00574885,0.0058762,0.00594199,0.0059872,0.00605039,0.00615278,0.00630444,0.0064995,0.00672067,0.0069518,0.00717877,0.00739875,0.00761915,0.0078521,0.00811244,0.00840744,0.00873593,0.0090891,0.00944978,0.00980626,0.01015629,0.01051082,0.01089777,0.01134924,0.01189852,0.01256663,0.01335384,0.01424273,0.01519236,0.01616421,0.01713516,0.01810823,0.01913166,0.02027178,0.02160342,0.02318736,0.02504723,0.02717345,0.02950688,0.03197764,0.03453609,0.03716591,0.03991831,0.04288835,0.04620359,0.0499866,0.0543168,0.05924178,0.06474241,0.07077117,0.07729993,0.08432881,0.09193293,0.10020718,0.10928408,0.11930845,0.13029354,0.14220102,0.15487448,0.1681582,0.18201368,0.19656686,0.21226981,0.22964515,0.24917023,0.27114353,0.29535816,0.3211712,0.34770717,0.37394891,0.39909622,0.42278231,0.44477191,0.46519634,0.49142201,0.52059985,0.54990327
YEM,1974,0.21702006,0.06445885,0.03316244,0.01760087,0.00987492,0.00600091,0.00402988,0.00303251,0.00254657,0.00236083,0.00236046,0.0024795,0.0026712,0.0028909,0.00311659,0.0033365,0.00356281,0.00381545,0.00410373,0.00442905,0.00477049,0.00509403,0.00536713,0.00556234,0.00568625,0.00575451,0.00579781,0.00585923,0.00595893,0.00610632,0.00629538,0.00650982,0.00673452,0.00695594,0.00717137,0.00738761,0.00761591,0.00787065,0.00815902,0.00848007,0.00882577,0.00918052,0.0095332,0.0098812,0.01023542,0.01062254,0.01107247,0.0116172,0.01227672,0.01305085,0.01392394,0.01485731,0.01581405,0.01677376,0.0177396,0.01875609,0.0198864,0.02120453,0.02277001,0.02460348,0.02669829,0.02899854,0.0314365,0.0339638,0.03656683,0.03930142,0.04225505,0.04555106,0.0493094,0.05360656,0.05848551,0.0639293,0.06990333,0.07637267,0.08334214,0.09089291,0.09913337,0.10818705,0.11816218,0.12910436,0.14095092,0.15355063,0.16675132,0.18055094,0.19507182,0.21072604,0.22807605,0.24758081,0.26953087,0.29370459,0.31952653,0.34596036,0.37212808,0.39741108,0.42116363,0.44334121,0.46690737,0.49049632,0.51872838,0.55374787
YEM,1975,0.20660477,0.06089325,0.0315374,0.01684702,0.00950799,0.00580646,0.00391356,0.00295154,0.00248084,0.00229943,0.00229714,0.00241086,0.00259578,0.00280921,0.00303005,0.00324678,0.00347045,0.00371955,0.00400253,0.00432036,0.00465275,0.00496669,0.00523114,0.00542017,0.00553574,0.00560268,0.00564857,0.005707,0.00580343,0.00594686,0.0061313,0.00634057,0.00656016,0.00677721,0.00698896,0.00720199,0.00742699,0.00767771,0.00796153,0.00827795,0.00861934,0.00897091,0.00932232,0.00967062,0.01002556,0.01041323,0.01086272,0.01140441,0.01205819,0.01282419,0.01368686,0.01460989,0.01555788,0.01651059,0.01747242,0.0184863,0.01961158,0.02091959,0.02247048,0.02428586,0.02635718,0.02863296,0.03104859,0.03355647,0.03614211,0.03886183,0.04180715,0.04509267,0.04883549,0.05311144,0.05796163,0.06336669,0.06929463,0.075724,0.08265257,0.09016391,0.0983722,0.10741226,0.11738027,0.12828672,0.1401027,0.15265422,0.1657935,0.17951857,0.19399488,0.20963338,0.22694898,0.24644564,0.26839216,0.29255665,0.3183459,0.34479368,0.3708552,0.396063,0.41997219,0.4422595,0.46299045,0.48976381,0.51899944,0.54826493
YEM,1976,0.19590603,0.05712438,0.02978625,0.01601967,0.00909815,0.00558627,0.00378039,0.00285793,0.00240458,0.00222865,0.00222489,0.00233306,0.00251061,0.002717,0.00293214,0.00314494,0.00336549,0.00361078,0.00388843,0.00419883,0.00452231,0.00482707,0.00508313,0.00526598,0.00537794,0.00543868,0.0054843,0.00554486,0.00563714,0.005776,0.00595562,0.00616021,0.00637522,0.00658831,0.00679692,0.00700725,0.00722966,0.00747727,0.00775718,0.00806947,0.00840727,0.00875635,0.00910681,0.00945605,0.00981274,0.01020112,0.01064964,0.01118796,0.01183486,0.01259122,0.01344244,0.01435325,0.01529058,0.01623507,0.01719018,0.01819868,0.0193177,0.02061415,0.02214597,0.02393698,0.02598075,0.02822587,0.03061304,0.03309751,0.03566486,0.03836741,0.04129559,0.04456724,0.0482894,0.05253632,0.05735009,0.06271115,0.06858626,0.07495766,0.08183727,0.08930021,0.09746333,0.10646564,0.11641606,0.12730967,0.13908039,0.15159271,0.16467711,0.17833572,0.19273233,0.20832471,0.225628,0.2450847,0.26703266,0.29121773,0.31700974,0.34345403,0.36945817,0.39453948,0.41848179,0.44098726,0.46450927,0.4881593,0.51768725,0.55420506
YEM,1977,0.18519518,0.05327106,0.02803901,0.0152032,0.00869209,0.00536387,0.00364282,0.00275982,0.00232415,0.00215413,0.00214943,0.00225252,0.00242304,0.0026229,0.00283298,0.00304232,0.00325985,0.00350087,0.00377192,0.00407285,0.00438476,0.00467747,0.0049228,0.00509771,0.00520498,0.00526385,0.0053043,0.00536362,0.00545634,0.00558904,0.00576154,0.00595891,0.00616727,0.0063743,0.00657763,0.00678323,0.00700084,0.00724306,0.0075166,0.00782159,0.00815211,0.00849526,0.00884173,0.00918909,0.00954585,0.00993447,0.01038128,0.01091511,0.01155448,0.01230007,0.01313891,0.01403775,0.01496455,0.01590158,0.01685219,0.01785638,0.0189705,0.02025899,0.02177586,0.02354407,0.02556056,0.02777776,0.03013665,0.0325971,0.03514602,0.03783337,0.04074533,0.04399851,0.04770442,0.05192882,0.05671284,0.06203946,0.0678744,0.07419705,0.08102227,0.08843904,0.09655675,0.10551745,0.11543573,0.12632109,0.1380941,0.15058136,0.16364533,0.17726522,0.1916028,0.20712302,0.22439325,0.24385393,0.26578695,0.29000623,0.31585494,0.34233729,0.36837905,0.39345473,0.41735177,0.44008121,0.46162294,0.48820945,0.51702672,0.54787962
YEM,1978,0.17471228,0.04934367,0.02620465,0.01432363,0.00824609,0.00511649,0.00348829,0.00264896,0.00223302,0.00206943,0.00206346,0.00216075,0.00232327,0.00251558,0.00271987,0.00292541,0.00313971,0.00337639,0.00364134,0.00393385,0.00423531,0.00451672,0.00475126,0.00491785,0.00501991,0.00507616,0.00511534,0.00516907,0.00525862,0.00538885,0.00555299,0.00574191,0.00594261,0.00614335,0.00634126,0.00654197,0.00675481,0.0069916,0.00725891,0.00755694,0.00788023,0.00821733,0.0085599,0.00890559,0.00926238,0.00965148,0.01009717,0.01062611,0.01125643,0.01198959,0.0128133,0.01369723,0.01461161,0.01553912,0.01648379,0.01748319,0.01858989,0.01986712,0.02136642,0.02310856,0.02509095,0.02727178,0.0295971,0.03202688,0.03455215,0.03722167,0.04011689,0.04334813,0.04702554,0.0512199,0.05596422,0.06124291,0.06702581,0.07329273,0.08005608,0.08740768,0.09546994,0.10437631,0.11424187,0.12508202,0.13682932,0.14929846,0.16231908,0.17590071,0.19018497,0.2056263,0.2228131,0.24223442,0.26414188,0.28831026,0.31419096,0.34073589,0.36682816,0.39184335,0.41552711,0.43827813,0.46227247,0.48631878,0.51545839,0.54983412
YEM,1979,0.1641778,0.04562287,0.02448318,0.0135163,0.00785116,0.00490767,0.00336414,0.00256302,0.00216357,0.00200464,0.00199653,0.00208787,0.00224284,0.0024292,0.00263079,0.00283675,0.00305301,0.0032909,0.00355714,0.00385088,0.00415181,0.0044301,0.00465829,0.00481809,0.00491589,0.00496972,0.00500741,0.0050594,0.00514225,0.00526789,0.00542853,0.00560899,0.00580237,0.0059975,0.00619125,0.00638833,0.00659765,0.00683064,0.00709359,0.00738697,0.00770567,0.00803889,0.00837926,0.00872486,0.00908304,0.00947377,0.00992024,0.01044727,0.01107152,0.01179522,0.01260772,0.01348034,0.01438594,0.01530849,0.01625098,0.01724978,0.01835462,0.01962486,0.02111206,0.02283674,0.0247954,0.02694883,0.02924952,0.03166139,0.03417393,0.03683708,0.03972937,0.04295582,0.04662085,0.05079599,0.0555212,0.06077534,0.06653079,0.07277242,0.07951275,0.0868383,0.09487357,0.10376377,0.11361651,0.12444645,0.13619365,0.14868514,0.16173997,0.17533763,0.18964894,0.20510802,0.22228341,0.24170535,0.26367748,0.28791295,0.31380842,0.34049261,0.36679211,0.39197414,0.41570999,0.43799355,0.4600151,0.4875061,0.51625176,0.54677971
YEM,1980,0.15424503,0.04191697,0.02261925,0.01255248,0.00732497,0.00459601,0.00315913,0.00241053,0.00203595,0.00188631,0.00187806,0.00196349,0.00210953,0.00228619,0.00247816,0.00267524,0.00288265,0.00311042,0.00336343,0.00364034,0.00392257,0.00418277,0.00439624,0.00454589,0.00463723,0.00468751,0.00472274,0.0047717,0.00485023,0.00496597,0.00511895,0.00529401,0.00547769,0.00566466,0.00585207,0.00604403,0.00624813,0.00647503,0.00673091,0.00701648,0.00732755,0.00765445,0.00799055,0.00833459,0.00869343,0.009085,0.00953047,0.01005287,0.01066731,0.01137575,0.01216944,0.01302318,0.0139122,0.01482276,0.01575799,0.01675064,0.01784771,0.0191044,0.0205679,0.02226008,0.02417891,0.02628746,0.02854287,0.03091647,0.03340106,0.03604156,0.03891589,0.04212338,0.04576149,0.04989662,0.05456968,0.05976897,0.0654637,0.07164246,0.07832258,0.08559044,0.09356702,0.10239927,0.11220724,0.12299859,0.13471164,0.14718123,0.16023846,0.17385268,0.18816511,0.20363632,0.22081539,0.24021593,0.26218868,0.28650637,0.31250077,0.33923993,0.36573502,0.39120625,0.41522174,0.43789064,0.46194393,0.48679584,0.51640906,0.54956998
YEM,1981,0.1448541,0.03815125,0.02088465,0.01174628,0.0069355,0.00439319,0.00304067,0.0023297,0.0019708,0.00182526,0.00181469,0.00189408,0.00203248,0.00220171,0.00238722,0.00257938,0.00278248,0.00300525,0.00325047,0.00351541,0.00378354,0.00403,0.00423276,0.00437562,0.00446291,0.00451148,0.00454618,0.00459417,0.00467084,0.0047837,0.0049292,0.00509972,0.00528168,0.00546323,0.00564655,0.00583556,0.00603732,0.00626131,0.00651351,0.00679494,0.00710181,0.00742538,0.00775942,0.00810266,0.00846204,0.00885466,0.00930033,0.00982098,0.01043129,0.01113303,0.01191752,0.01276169,0.01364293,0.01454793,0.01548059,0.01647238,0.01756726,0.01881893,0.02027271,0.02194881,0.02384778,0.02593547,0.02816975,0.03052327,0.03299372,0.03562639,0.03849356,0.04169489,0.0453249,0.04944598,0.05409644,0.05926838,0.06493924,0.07109275,0.07774903,0.08499616,0.09295382,0.10176516,0.11155177,0.12233424,0.13404372,0.14651386,0.15958295,0.1732324,0.18759236,0.20309391,0.2203143,0.2397409,0.26170767,0.28603733,0.31211769,0.33894185,0.3654603,0.39108816,0.41534218,0.4380358,0.46009136,0.48738307,0.51645422,0.54734072
YEM,1982,0.13698035,0.03519574,0.01948962,0.01114311,0.00671187,0.00434465,0.00307336,0.00239839,0.00205293,0.00190873,0.00189258,0.00196247,0.00208951,0.0022474,0.00242262,0.0026064,0.00280228,0.00301763,0.00325442,0.00350886,0.00376465,0.0039986,0.00419022,0.00432467,0.00440668,0.00445255,0.00448586,0.00453217,0.00460652,0.00471642,0.00485823,0.00502115,0.00519812,0.00537767,0.00555587,0.00574078,0.00593913,0.00615987,0.00640837,0.00668595,0.00698962,0.00731158,0.0076465,0.00799332,0.00835844,0.00875779,0.00920962,0.00973388,0.01034467,0.01104437,0.01182491,0.0126649,0.01354449,0.01445222,0.01539187,0.01639358,0.0174985,0.01875618,0.02021033,0.02188079,0.02376789,0.02584272,0.02806772,0.03041673,0.03288873,0.0355316,0.03841624,0.04163526,0.04528781,0.04943518,0.05410663,0.05928742,0.06495413,0.07110773,0.07777134,0.0850291,0.09299446,0.10180196,0.11157471,0.12234725,0.13406288,0.14654894,0.15964153,0.17332705,0.18775043,0.20333038,0.22062029,0.24012932,0.26215853,0.2865379,0.31273163,0.33972613,0.36638348,0.39210659,0.41659115,0.43991341,0.46412672,0.48885333,0.51837983,0.5510039
YEM,1983,0.12819579,0.03152034,0.01759223,0.01007777,0.0060483,0.00388218,0.00271271,0.00209009,0.00177196,0.00164025,0.00162758,0.00169551,0.00181782,0.00197077,0.00214184,0.00232245,0.00251503,0.00272521,0.00295368,0.00319666,0.00343901,0.00365915,0.00383892,0.00396476,0.00404091,0.00408307,0.00411355,0.00415648,0.00422549,0.00432733,0.0044594,0.00461231,0.00477716,0.0049494,0.00512383,0.00530141,0.00549302,0.00570679,0.00594757,0.00621632,0.00651086,0.00682473,0.00715321,0.00749542,0.0078567,0.00825131,0.00869632,0.00921015,0.00980547,0.01048482,0.0112418,0.01205742,0.01291391,0.01380208,0.01472617,0.01571324,0.01680179,0.01803756,0.01945988,0.02108875,0.02292577,0.02494517,0.02711642,0.02941765,0.03184742,0.03445057,0.0372978,0.04047659,0.04407244,0.04814683,0.05273368,0.05782426,0.06340273,0.06946932,0.07604982,0.08322836,0.09112736,0.0998862,0.10962048,0.12034972,0.13202409,0.14448545,0.157563,0.17124222,0.18567115,0.20128716,0.21861656,0.23814063,0.26021453,0.28462074,0.31079218,0.33782447,0.36459174,0.39033847,0.4149465,0.4384461,0.46087965,0.48779705,0.51692319,0.54778665
YEM,1984,0.12106292,0.02864553,0.01616147,0.00935118,0.00566167,0.00365994,0.00257037,0.00198621,0.00168581,0.00156016,0.00154662,0.00160948,0.00172459,0.00187035,0.00203517,0.00221082,0.00239892,0.00260384,0.00282532,0.00305891,0.00329041,0.00349954,0.00366923,0.00378764,0.00385915,0.0038987,0.00392749,0.00396825,0.00403388,0.00413084,0.00425667,0.00440286,0.00456129,0.00472446,0.00489394,0.00506983,0.00525539,0.00546304,0.00569748,0.0059598,0.00624778,0.00655592,0.0068804,0.00722039,0.00758092,0.00797469,0.00841711,0.00892558,0.00951207,0.01017914,0.0109215,0.0117226,0.01256635,0.0134442,0.01436105,0.01534267,0.01642428,0.01764915,0.01905436,0.02065811,0.0224639,0.02444907,0.02658566,0.02885718,0.03126419,0.0338476,0.03667415,0.03983178,0.04340259,0.047442,0.05198736,0.05703117,0.06255732,0.06856607,0.07508887,0.08221838,0.09006862,0.09878112,0.10846983,0.11915518,0.1307811,0.14319463,0.15623905,0.16989157,0.18429838,0.19989249,0.21723181,0.23678347,0.25884997,0.28327523,0.30944605,0.33645492,0.36329076,0.38921484,0.41379152,0.43732987,0.4615369,0.48582998,0.51545502,0.54886418
YEM,1985,0.11467724,0.02631699,0.01506866,0.0088338,0.00540747,0.00352576,0.00249128,0.00193182,0.00164183,0.00151898,0.0015039,0.00156272,0.00167269,0.00181386,0.00197545,0.00214943,0.00233651,0.00253979,0.0027582,0.00298659,0.00321107,0.00341276,0.00357579,0.00368921,0.00375797,0.00379655,0.00382508,0.00386524,0.00392932,0.00402352,0.00414564,0.00428758,0.00444184,0.0046015,0.00476474,0.00493769,0.00512311,0.0053261,0.00555563,0.00581306,0.00609646,0.00640044,0.00672169,0.00705978,0.00741943,0.00781272,0.00825393,0.0087594,0.009341,0.01000164,0.01073644,0.01153014,0.01236822,0.0132424,0.01415701,0.01513723,0.01621738,0.01743854,0.01883704,0.0204311,0.02222317,0.02419321,0.02631529,0.02857303,0.03097011,0.03354732,0.03636763,0.03951581,0.04307693,0.04710602,0.0516357,0.05666311,0.06217238,0.06816186,0.07466115,0.08176755,0.08960524,0.09830648,0.10798896,0.11867147,0.13029699,0.14270671,0.15574382,0.16939635,0.18380846,0.19941648,0.2167744,0.23637765,0.25853111,0.2830269,0.30929946,0.33634752,0.36315065,0.3891405,0.41407709,0.43796773,0.46076658,0.48715702,0.51541774,0.54667257
YEM,1986,0.10950477,0.02438733,0.01409432,0.00833809,0.00514673,0.00337939,0.00240052,0.00186749,0.00158916,0.00146989,0.00145376,0.00150885,0.00161377,0.00181228,0.00213483,0.00254121,0.00299897,0.00347774,0.00407973,0.0048348,0.00559488,0.0062091,0.00653209,0.00663155,0.00667888,0.00669116,0.00668892,0.00669423,0.00670238,0.00671086,0.00673177,0.00677128,0.00683569,0.00691918,0.00701093,0.00711323,0.00724705,0.00740257,0.00757612,0.00778817,0.00803343,0.00830363,0.00859267,0.00890208,0.0092371,0.00960604,0.01001988,0.01049101,0.01101999,0.01161093,0.01227345,0.01300704,0.01381195,0.0146879,0.01562673,0.01663691,0.01773742,0.01895375,0.02030928,0.02183213,0.02354168,0.02543423,0.02750364,0.02974094,0.03213883,0.03473117,0.03757081,0.04072879,0.04428307,0.048298,0.05281041,0.05781934,0.06332111,0.06933765,0.07589646,0.08306171,0.09093351,0.0996251,0.10925805,0.11989299,0.13147093,0.14383148,0.15681891,0.17042348,0.18479409,0.20036551,0.21769433,0.23726914,0.2594174,0.28392914,0.31019235,0.337262,0.36402364,0.38991176,0.41470377,0.43866435,0.46292495,0.48630715,0.51508898,0.54704923
YEM,1987,0.10482956,0.02289405,0.01331252,0.0079164,0.00490647,0.00323127,0.00229985,0.00179117,0.00152485,0.00141016,0.00139413,0.00144655,0.00154729,0.00167893,0.00183192,0.00199886,0.00217949,0.00237513,0.00258361,0.00279921,0.00300881,0.00319509,0.00334444,0.00344804,0.00351063,0.00354582,0.0035723,0.00360966,0.00366914,0.00375657,0.00387019,0.00400297,0.00414823,0.0042998,0.00445622,0.00462013,0.00479636,0.00499482,0.00521729,0.00546306,0.00573573,0.00603126,0.00634664,0.0066812,0.00703932,0.00743137,0.00786959,0.00836804,0.00893687,0.00957949,0.01029308,0.01106554,0.01188525,0.01274611,0.01365251,0.01462588,0.01569647,0.01690225,0.01827615,0.0198356,0.02158527,0.0235085,0.02558443,0.02780204,0.03016612,0.03271647,0.03551464,0.03863746,0.04216029,0.04613877,0.05060995,0.05556866,0.06100334,0.06692042,0.07334908,0.08038265,0.08814558,0.09678275,0.10641124,0.11704198,0.12862111,0.1409889,0.15398531,0.16759694,0.18197474,0.19756013,0.21491057,0.23452139,0.25670949,0.28131112,0.30772072,0.3349348,0.36192661,0.38804867,0.41310681,0.43738835,0.46125957,0.48746538,0.51407491,0.54424581
YEM,1988,0.10085145,0.02155939,0.01258925,0.00751518,0.00467347,0.00308599,0.00220054,0.00171564,0.00146115,0.00135111,0.00133524,0.00138508,0.00148169,0.00160879,0.00175734,0.00192018,0.0020967,0.00228775,0.00249073,0.00269966,0.00290191,0.00308095,0.00322382,0.00332235,0.00338172,0.00341505,0.00344,0.00347555,0.00353242,0.00361616,0.00372526,0.00385317,0.00399368,0.00414103,0.00429368,0.00445417,0.00462709,0.00481868,0.00503683,0.00528055,0.0055466,0.00583653,0.00614793,0.00648024,0.00683685,0.00722735,0.00766313,0.00815703,0.00871864,0.00935112,0.01005215,0.01081165,0.0116197,0.0124711,0.01337045,0.014338,0.0154017,0.0165963,0.01795347,0.01949091,0.02121333,0.02310701,0.02515422,0.02734466,0.02968544,0.03221498,0.03499101,0.03808953,0.04158295,0.04552216,0.04994274,0.05484721,0.06022604,0.06608396,0.07245651,0.07943402,0.08713676,0.09570183,0.10524755,0.11579822,0.12729147,0.13958089,0.15251358,0.16607558,0.18041088,0.1959457,0.21322401,0.2327215,0.25475359,0.27914358,0.3053735,0.33251319,0.35950684,0.38578539,0.41103364,0.43552373,0.45948606,0.48244733,0.51075369,0.54043741
YEM,1989,0.0975869,0.02055595,0.01204584,0.00721825,0.00450531,0.00298443,0.00213328,0.0016657,0.00141948,0.0013125,0.00129654,0.00134434,0.00143796,0.00156192,0.00170753,0.00186781,0.00204184,0.00222997,0.00242946,0.0026341,0.00283143,0.00300559,0.00314424,0.00323958,0.00329677,0.00332902,0.00335335,0.00338788,0.00344321,0.0035247,0.00363091,0.00375571,0.0038932,0.00403797,0.00418856,0.00434724,0.00451845,0.00470828,0.00492093,0.00516215,0.00542874,0.00571498,0.00602411,0.0063559,0.00671351,0.00710513,0.00754149,0.00803478,0.00859388,0.00922213,0.00991736,0.01067041,0.0114731,0.01232121,0.01321951,0.01418744,0.01525188,0.01644563,0.01779806,0.01932722,0.02103912,0.02292117,0.02495818,0.02714221,0.02948,0.03201086,0.03479128,0.03789377,0.04139189,0.04533555,0.04975616,0.05465527,0.06002959,0.06588477,0.07225524,0.07923925,0.08695859,0.0955525,0.10513689,0.11573804,0.12730192,0.1396598,0.1526535,0.16626854,0.18065054,0.19623674,0.21360613,0.23326837,0.25554354,0.28025686,0.30681512,0.33427237,0.36157931,0.38805747,0.41342303,0.438018,0.46228348,0.4882367,0.5148072,0.54610944
YEM,1990,0.0947273,0.01952796,0.01149894,0.0069176,0.00433105,0.00287569,0.00205884,0.00160893,0.00137161,0.00126831,0.00125284,0.00129907,0.00138984,0.00151059,0.00165311,0.00181064,0.001982,0.002167,0.00236256,0.00256245,0.00275445,0.00292323,0.00305719,0.00314915,0.00320413,0.00323497,0.00325844,0.00329192,0.00334544,0.00342439,0.00352744,0.00364873,0.00378276,0.00392439,0.00407226,0.00422852,0.00439726,0.00458436,0.00479403,0.00502836,0.00529132,0.00557749,0.00588232,0.00621131,0.00656762,0.00695879,0.00739404,0.00788482,0.0084397,0.0090618,0.00974956,0.01049454,0.01128949,0.01213156,0.01302587,0.01399104,0.01505255,0.01624184,0.01758648,0.019103,0.02079846,0.02266277,0.02468237,0.02685133,0.02917797,0.03169941,0.03447191,0.03756611,0.04105153,0.04497966,0.04938164,0.05425658,0.05960092,0.06542763,0.07177177,0.07872859,0.0864267,0.0950035,0.10457356,0.11515902,0.12670723,0.13906361,0.15205761,0.16567416,0.18006161,0.19565939,0.21303221,0.23269845,0.2549995,0.27974758,0.30636689,0.33390019,0.36127127,0.38786601,0.4134146,0.43818118,0.46252062,0.4868913,0.51610181,0.54633503
YEM,1991,0.09204339,0.01879531,0.01109373,0.00669537,0.0042072,0.00280353,0.00201326,0.00157665,0.00134546,0.0012443,0.00122868,0.00127344,0.00136199,0.00148029,0.00162046,0.00177598,0.00194561,0.00212899,0.00232276,0.00252053,0.00271036,0.00287697,0.00300884,0.0030991,0.00315281,0.00318254,0.0032049,0.00323735,0.00328973,0.00336718,0.00346865,0.00358837,0.00372088,0.00386119,0.004008,0.00416344,0.00433155,0.00451794,0.00472693,0.00496075,0.00521959,0.00550617,0.00581509,0.00614279,0.00649898,0.00689082,0.00732691,0.00781728,0.00837033,0.00898941,0.00967302,0.01041354,0.01120393,0.01204177,0.01293288,0.01389551,0.01495436,0.01613964,0.01747849,0.01898668,0.02067039,0.02252154,0.02452903,0.02668794,0.02900762,0.03152522,0.03429397,0.03738352,0.04086195,0.04477787,0.04916497,0.05402348,0.05934882,0.06515423,0.07148216,0.07842779,0.08611495,0.09468635,0.10425403,0.11483749,0.12638201,0.13873522,0.15173979,0.16536947,0.17977527,0.19539688,0.21280044,0.23249541,0.25483213,0.27965717,0.30636555,0.33398073,0.36145692,0.38816653,0.41387762,0.43889195,0.46352435,0.48905135,0.51553258,0.54751819
YEM,1992,0.08970757,0.01813776,0.01073466,0.00649214,0.004085,0.00272399,0.00195667,0.00153232,0.00130756,0.00120911,0.0011939,0.00123759,0.00132421,0.00144028,0.00157813,0.0017314,0.00189867,0.00207925,0.00226962,0.00246316,0.00264821,0.00281028,0.00293827,0.00302567,0.00307768,0.00310659,0.00312836,0.00315983,0.0032108,0.00328624,0.003385,0.00350178,0.00363138,0.00376895,0.00391328,0.00406637,0.00423211,0.00441592,0.00462184,0.0048523,0.00510784,0.00538676,0.00569291,0.00602267,0.00637544,0.00676487,0.00719912,0.0076875,0.008237,0.00885105,0.00952875,0.01026311,0.01104813,0.01188153,0.01276919,0.01372931,0.01478578,0.01596768,0.01730076,0.01880089,0.02047406,0.02231199,0.02430575,0.02645276,0.02876284,0.03127322,0.03403685,0.03712011,0.04059071,0.04449636,0.04886834,0.05371062,0.05901851,0.0648033,0.07110715,0.07803129,0.08570044,0.094254,0.10380952,0.11438589,0.12592525,0.13827142,0.15126854,0.164905,0.17931805,0.19494759,0.2123637,0.23207527,0.25442853,0.27925919,0.30600562,0.33368043,0.36120063,0.38797984,0.41377901,0.43894344,0.46382573,0.48874799,0.51720724,0.54702428
YEM,1993,0.08770196,0.01765271,0.01040413,0.00626903,0.00393222,0.00261509,0.00187461,0.00146616,0.00125033,0.00115626,0.00114233,0.00118524,0.00126971,0.00138279,0.00151705,0.00166619,0.00182882,0.00200419,0.00218885,0.00237633,0.00255515,0.00271136,0.00283455,0.00291843,0.00296799,0.00299528,0.00301571,0.00304543,0.0030939,0.00316623,0.00326135,0.00337415,0.00349986,0.0036339,0.00377496,0.00392494,0.00408747,0.00426776,0.00446976,0.0046959,0.00494712,0.0052224,0.00552113,0.00584898,0.00620476,0.00659105,0.00702232,0.00750702,0.00805141,0.00865795,0.00932639,0.01005129,0.01082776,0.01165458,0.01253738,0.01349322,0.01454501,0.0157201,0.01704274,0.01852812,0.02018304,0.02200086,0.0239738,0.02610201,0.02839778,0.03089735,0.03365248,0.0367276,0.0401858,0.04407472,0.04842489,0.05323885,0.05851751,0.06427325,0.07054693,0.0774403,0.08508454,0.09361815,0.1031559,0.11372301,0.1252597,0.13760664,0.15060554,0.16424434,0.17867492,0.1943278,0.21177533,0.23153819,0.25395201,0.27885375,0.30567936,0.33346738,0.36112154,0.38801682,0.41396572,0.43933052,0.46491705,0.49117525,0.51721165,0.54800199
YEM,1994,0.08591999,0.01696532,0.0101032,0.00614739,0.00388983,0.00260592,0.00187799,0.00147352,0.00125837,0.00116354,0.00114831,0.00118969,0.00127278,0.00139133,0.00154227,0.00171615,0.0019079,0.00211315,0.00233865,0.00258121,0.00281573,0.00301462,0.00315442,0.00323735,0.00328519,0.00331012,0.00332783,0.00335453,0.00339775,0.00346173,0.0035472,0.0036503,0.00376749,0.00389446,0.00402899,0.00417287,0.00432987,0.00450521,0.00470304,0.00492579,0.00517405,0.00544675,0.0057432,0.00606406,0.00641912,0.0068087,0.00723536,0.0077165,0.00825714,0.00885938,0.00952314,0.01024442,0.01101983,0.01184849,0.01273493,0.01369435,0.01474831,0.01592354,0.01724369,0.01872504,0.02037572,0.02219083,0.02416351,0.02629279,0.02859048,0.0310933,0.03385175,0.0369299,0.04039123,0.04428176,0.04863414,0.05345143,0.05873261,0.06449653,0.07078285,0.07768679,0.08533614,0.09387243,0.10341031,0.11397492,0.12551238,0.13786162,0.15086174,0.16449933,0.17892637,0.1945881,0.21204398,0.23181272,0.25423778,0.27914093,0.30595858,0.33373099,0.36139521,0.38831771,0.4142716,0.43966647,0.46531008,0.49142243,0.52001047,0.54897118
YEM,1995,0.08434385,0.01658547,0.00980804,0.00592759,0.00372767,0.00248432,0.00178332,0.00139549,0.00119018,0.00110052,0.0010872,0.00112824,0.00120931,0.00131843,0.00144868,0.00159409,0.0017529,0.00192384,0.00210325,0.00228466,0.00245701,0.00260683,0.00272424,0.00280382,0.00285067,0.00287621,0.00289524,0.00292328,0.00296932,0.00303816,0.00312913,0.00323767,0.0033592,0.00348939,0.00362713,0.00377402,0.00393334,0.00411001,0.00430794,0.00452973,0.00477657,0.00504793,0.00534397,0.00566564,0.00601578,0.00640604,0.00683832,0.00731605,0.00785311,0.00845181,0.00911127,0.00982645,0.01059426,0.01141447,0.0122928,0.01324483,0.01429118,0.01545763,0.01676758,0.01823619,0.01987076,0.02166684,0.02361919,0.02572842,0.02800734,0.03049333,0.03323708,0.03630018,0.03974415,0.04361327,0.0479365,0.05271946,0.05796252,0.06368114,0.0699215,0.07678252,0.08439158,0.0928934,0.10240794,0.11295403,0.12447622,0.13682059,0.14982173,0.16346328,0.17789634,0.19356731,0.21105219,0.23085398,0.25332672,0.27830733,0.3052104,0.33307845,0.36084646,0.38796921,0.41420238,0.43989129,0.46566487,0.49188864,0.51797957,0.54938172
YEM,1996,0.08298532,0.01606552,0.0095643,0.00583048,0.00369928,0.00248449,0.00179434,0.00140956,0.0012036,0.00111186,0.00109604,0.00113466,0.00121384,0.00132176,0.00145151,0.00159721,0.00175696,0.00192905,0.00210935,0.00229114,0.00246343,0.00261291,0.00272987,0.00280897,0.00285551,0.00288116,0.00290048,0.00292878,0.00297504,0.003044,0.00313488,0.00324319,0.00336462,0.00349489,0.00363275,0.00377993,0.00393967,0.00411671,0.00431498,0.00453711,0.00478436,0.00505627,0.00535281,0.00567518,0.00602636,0.00641208,0.00684571,0.00732949,0.00786458,0.00846242,0.00912215,0.00983857,0.01060746,0.01142878,0.01230853,0.01326192,0.01430967,0.01547693,0.0167871,0.01825602,0.01989134,0.02168899,0.02364346,0.0257557,0.02803814,0.03052647,0.03327199,0.0363373,0.03978328,0.04365505,0.04798206,0.05276745,0.05801354,0.06373722,0.06998174,0.07684849,0.0844634,0.09296502,0.10247455,0.11302021,0.12454138,0.13688265,0.14988583,0.16353017,0.17796375,0.19362835,0.21110407,0.23091342,0.25337736,0.27834403,0.3052346,0.33305311,0.36071442,0.38761486,0.41352064,0.43848238,0.46282048,0.48923418,0.52129631,0.55243829
YEM,1997,0.08092579,0.01549069,0.00916367,0.00554307,0.0034902,0.0023291,0.00167372,0.00131067,0.00111801,0.00103354,0.00102096,0.00105989,0.0011371,0.00124151,0.00136668,0.001507,0.00166068,0.00182614,0.00199934,0.00217352,0.00233821,0.00248081,0.00259213,0.00266706,0.00271052,0.00273381,0.00275108,0.0027769,0.00281988,0.00288479,0.00297106,0.0030745,0.00319109,0.00331707,0.00345114,0.00359464,0.00375067,0.00392361,0.0041171,0.00433391,0.00457568,0.00484266,0.00513533,0.00545489,0.00580432,0.00618872,0.00661392,0.00709359,0.00762712,0.00821208,0.00885795,0.00956111,0.01031874,0.01113065,0.01200334,0.0129511,0.01399229,0.01514983,0.0164444,0.01789113,0.01949903,0.02126683,0.02319234,0.02527883,0.02754066,0.03001235,0.03274173,0.03578917,0.03921363,0.04305743,0.04734978,0.05209518,0.0572947,0.06296844,0.06916233,0.07597846,0.08355064,0.0920208,0.10150567,0.11203202,0.12354498,0.13587902,0.1488686,0.16249613,0.17690687,0.1925502,0.21001165,0.22982716,0.2523631,0.27742493,0.30442702,0.33236392,0.36006512,0.38685711,0.41231712,0.43654354,0.46196421,0.48857697,0.51580394,0.55456437
YEM,1998,0.0784579,0.01475708,0.00881291,0.0053826,0.00341984,0.00229962,0.00166216,0.00130632,0.00111599,0.00103144,0.0010174,0.00105435,0.00112956,0.0012324,0.00135668,0.00149684,0.00165091,0.00181691,0.00199053,0.00216465,0.0023285,0.00246985,0.00257994,0.00265405,0.00269715,0.00272029,0.00273757,0.00276348,0.00280639,0.00287093,0.00295667,0.00305952,0.00317547,0.00330081,0.00343454,0.00357794,0.00373383,0.00390667,0.00410005,0.00431657,0.00455798,0.00482461,0.00511711,0.0054368,0.00578636,0.00617107,0.00659676,0.00706998,0.00760376,0.00819422,0.00883596,0.00953633,0.0102926,0.01110453,0.0119772,0.01292496,0.01396631,0.01512338,0.01641687,0.01786118,0.01946534,0.0212293,0.02315158,0.02523596,0.02749679,0.0299687,0.03269848,0.03574438,0.03916585,0.04300637,0.04729435,0.05203516,0.05723107,0.0628997,0.06908945,0.07590238,0.08346906,0.09193558,0.10141892,0.11194091,0.12344743,0.1357797,0.14876553,0.1623872,0.17679615,0.19243683,0.2098959,0.22970708,0.25222776,0.27730449,0.30431784,0.3322534,0.3599255,0.38659348,0.41178373,0.43585617,0.4598384,0.48928704,0.52083468,0.54834431
YEM,1999,0.07555917,0.01403957,0.00835193,0.00508261,0.00321936,0.00215972,0.00155834,0.00122338,0.00104466,0.00096575,0.00095341,0.00098923,0.00106148,0.00116029,0.00127983,0.00141486,0.0015633,0.00172315,0.00189011,0.00205727,0.00221417,0.00234882,0.00245313,0.00252293,0.00256311,0.00258424,0.00259961,0.00262318,0.00266317,0.00272397,0.00280528,0.00290347,0.0030149,0.00313604,0.00326585,0.0034057,0.0035581,0.00372691,0.00391579,0.00412738,0.00436356,0.0046253,0.00491373,0.0052305,0.0055782,0.00596108,0.0063843,0.00685346,0.00737305,0.00795419,0.00859075,0.00927504,0.01001765,0.01081937,0.01168542,0.01262742,0.01366218,0.01480985,0.01608855,0.01751231,0.01908994,0.02082373,0.02271615,0.02477404,0.02701348,0.02946829,0.03218383,0.03521424,0.03861396,0.04242523,0.04667699,0.05137477,0.05652316,0.06214298,0.06828143,0.07504565,0.08256876,0.090995,0.10044707,0.11094683,0.12243312,0.1347436,0.14770936,0.16130214,0.17567272,0.19128181,0.20872196,0.22853594,0.25109461,0.27623755,0.30336597,0.331421,0.35923947,0.38594583,0.41104094,0.43510616,0.46148058,0.48878219,0.52197116,0.55487574
YEM,2000,0.0724682,0.01316065,0.0078276,0.00476521,0.00302048,0.00202795,0.00146427,0.00114999,0.00098213,0.00090789,0.00089637,0.00093046,0.00099921,0.0010937,0.00120853,0.00133869,0.00148212,0.00163641,0.00179722,0.0019577,0.00210782,0.00223611,0.00233474,0.0024002,0.0024375,0.00245681,0.00247075,0.00249239,0.00252967,0.002587,0.00266415,0.00275783,0.00286483,0.00298193,0.00310803,0.00324426,0.00339314,0.00355818,0.00374256,0.00394925,0.00418038,0.00443726,0.00472153,0.00503515,0.00538067,0.00576175,0.00618235,0.00664725,0.00716039,0.00772438,0.0083499,0.00902939,0.00975697,0.0105473,0.01140581,0.01234286,0.01337181,0.01451061,0.01577586,0.01718036,0.01873368,0.02043967,0.02230371,0.0243361,0.02655507,0.02899411,0.03169643,0.03471361,0.03809605,0.04188204,0.0461003,0.05075895,0.0558633,0.0614371,0.06753159,0.07425165,0.08173575,0.0901305,0.09955616,0.11003904,0.12151639,0.13381657,0.14676512,0.16033926,0.17468249,0.19026284,0.20769423,0.22753073,0.25015339,0.27540173,0.30267309,0.3308892,0.35881029,0.38564087,0.41067833,0.43485366,0.45901341,0.48937331,0.52205803,0.5593971
YEM,2001,0.06935816,0.01214973,0.00724826,0.0044279,0.00281662,0.00189709,0.00137319,0.00108008,0.00092285,0.00085287,0.00084161,0.00087343,0.00093837,0.0010282,0.00113807,0.00126333,0.00140176,0.0015507,0.00170538,0.00185891,0.0020017,0.00212312,0.00221594,0.00227691,0.00231123,0.00232876,0.00234144,0.0023615,0.00239629,0.00245013,0.00252313,0.0026123,0.00271475,0.00282767,0.00295007,0.00308276,0.00322792,0.00338901,0.00356901,0.00377063,0.00399649,0.00424841,0.00452825,0.00483831,0.00518113,0.00555989,0.00597785,0.00643844,0.00694518,0.00750078,0.00810721,0.00877563,0.00950026,0.01027729,0.01112626,0.01205638,0.01307927,0.01420903,0.01546057,0.01684654,0.01837641,0.02005639,0.0218937,0.02390102,0.02609894,0.02852086,0.03120865,0.03421087,0.0375755,0.04133802,0.04552408,0.05014331,0.05520462,0.06073305,0.06678266,0.07346191,0.08090631,0.08926678,0.09866526,0.10912459,0.12058593,0.1328755,0.14580893,0.1593614,0.17368594,0.18924607,0.20666402,0.22651422,0.24918515,0.27451248,0.30189489,0.33023597,0.35828112,0.38520657,0.41030004,0.43435008,0.46114282,0.48919339,0.52459108,0.55730796
YEM,2002,0.06606418,0.01131026,0.00673516,0.0041094,0.00261186,0.0017581,0.00127193,0.001,0.00085429,0.00078967,0.00077975,0.00081013,0.00087167,0.00095686,0.00106115,0.0011803,0.00131221,0.00145409,0.00160131,0.00174683,0.0018816,0.00199573,0.00208264,0.0021394,0.00217077,0.00218631,0.00219742,0.00221558,0.00224771,0.00229783,0.00236627,0.00245067,0.00254838,0.00265687,0.0027753,0.00290431,0.00304566,0.00320234,0.00337746,0.00357371,0.00379362,0.00403974,0.00431432,0.00461974,0.0049586,0.00533365,0.00574753,0.00620289,0.00670221,0.00724829,0.00784368,0.00849071,0.00920348,0.00997775,0.01081214,0.01173007,0.0127415,0.01385853,0.01509258,0.01645598,0.01795902,0.01960929,0.02141661,0.02339473,0.02556563,0.02796288,0.03062697,0.03360413,0.0369391,0.04066632,0.04480997,0.04937878,0.05438434,0.05985615,0.06584912,0.07247214,0.07986256,0.08816562,0.09750697,0.10791134,0.11931777,0.13156212,0.14446427,0.1579931,0.17229831,0.18784556,0.20524093,0.22505281,0.24767796,0.27295526,0.30029671,0.3286589,0.35678669,0.38377661,0.40896846,0.43345302,0.45808036,0.48834427,0.52130458,0.56055347
YEM,2003,0.06283972,0.01051859,0.00626114,0.00381913,0.00242719,0.0016339,0.00118216,0.00092944,0.00079403,0.00073411,0.00072524,0.00075414,0.00081242,0.00089326,0.00099254,0.00110615,0.00123212,0.00136768,0.00150811,0.00164661,0.00177422,0.00188177,0.00196328,0.00201626,0.00204524,0.00205905,0.00206865,0.00208501,0.0021147,0.00216158,0.002226,0.00230601,0.00239948,0.00250406,0.00261888,0.00274454,0.00288256,0.00303544,0.00320604,0.00339739,0.00361219,0.00385307,0.00412296,0.00442448,0.00475999,0.00513188,0.00554225,0.00599305,0.0064862,0.00702398,0.00760952,0.00824634,0.00893886,0.00970417,0.0105398,0.01144509,0.01244541,0.01355077,0.01477089,0.01611555,0.01759561,0.01922087,0.02100288,0.02295749,0.025107,0.02748468,0.03013035,0.03308814,0.03640091,0.04010087,0.04421192,0.04874335,0.05370591,0.05913143,0.06507925,0.07165868,0.0790087,0.0872775,0.09658555,0.10696324,0.11835037,0.13057795,0.14347072,0.15699707,0.17130149,0.18684868,0.20425533,0.22408682,0.24674554,0.27208749,0.29950924,0.32794771,0.35617294,0.38324648,0.40838403,0.43287201,0.46015548,0.48826479,0.52272512,0.55620395
YEM,2004,0.05992717,0.00956638,0.00578798,0.00357986,0.00230054,0.00156147,0.00113602,0.00089591,0.00076622,0.0007081,0.0006987,0.00072563,0.00078117,0.0008593,0.00095631,0.00106834,0.00119286,0.00132655,0.0014644,0.00159923,0.00172251,0.00182541,0.0019028,0.00195301,0.00198074,0.00199442,0.00200415,0.00202034,0.00204928,0.00209463,0.00215685,0.00223417,0.0023248,0.00242681,0.00253932,0.00266278,0.00279862,0.00294913,0.00311686,0.0033047,0.00351583,0.00375317,0.00401959,0.00431821,0.00465144,0.00502121,0.00542935,0.00587742,0.00636708,0.00690066,0.007481,0.00811245,0.00880035,0.00955038,0.01038241,0.01129471,0.01228656,0.01338488,0.0145981,0.01593552,0.01740599,0.01902025,0.02079144,0.02273587,0.02487674,0.02724605,0.02988325,0.0328325,0.03613584,0.03982549,0.04392425,0.0484417,0.05338866,0.05879495,0.06472102,0.07127934,0.07860879,0.08685894,0.09615337,0.10651672,0.11789371,0.13011555,0.14300158,0.15652355,0.17082416,0.18636631,0.2037655,0.22359422,0.24624977,0.27159121,0.29902661,0.32748573,0.35571062,0.38280019,0.40789526,0.43223107,0.45732465,0.48789202,0.52074415,0.55934554
YEM,2005,0.05732997,0.00873767,0.00532104,0.00331463,0.00214523,0.00146533,0.0010715,0.00084783,0.00072621,0.00067109,0.00066155,0.00068632,0.00073841,0.00081246,0.00090517,0.00101298,0.00113331,0.00126232,0.00139506,0.00152446,0.00164209,0.0017398,0.00181259,0.00185948,0.00188532,0.00189817,0.00190745,0.00192272,0.00195003,0.00199297,0.00205213,0.00212603,0.00221305,0.00231152,0.00242076,0.00254107,0.00267366,0.0028207,0.00298466,0.00316831,0.00337485,0.00360781,0.00387025,0.00416515,0.00449522,0.00486204,0.00526668,0.00571014,0.0061937,0.00671965,0.00729119,0.00791302,0.00859158,0.00933344,0.01014622,0.01105157,0.01204634,0.01312868,0.01432552,0.01564511,0.01709628,0.01868892,0.02043809,0.02236208,0.02448462,0.0268376,0.02945804,0.03238822,0.03566937,0.03933264,0.04340072,0.04788352,0.05279336,0.05816162,0.06404779,0.07056533,0.07785618,0.08606904,0.09532915,0.10566495,0.11701599,0.12921832,0.14209111,0.15560057,0.16989383,0.18543132,0.20282877,0.22266242,0.24534586,0.27073846,0.29823405,0.32677462,0.3551002,0.38232024,0.40754215,0.43195577,0.459023,0.48733136,0.52211048,0.5552965
YEM,2006,0.05463186,0.00801201,0.00491682,0.00309177,0.00202135,0.00139378,0.00102686,0.00081636,0.00070064,0.00064735,0.00063726,0.00066004,0.00070928,0.00078016,0.00086965,0.0009745,0.00109218,0.00121871,0.00134859,0.00147485,0.00158933,0.00168404,0.00175445,0.00179944,0.00182403,0.00183611,0.00184484,0.00185942,0.00188552,0.00192686,0.0019842,0.00205622,0.0021414,0.00223805,0.00234556,0.00246438,0.00259552,0.00274095,0.00290317,0.0030849,0.00328925,0.00351977,0.00378008,0.00407314,0.0044012,0.00476603,0.00516839,0.00560866,0.00608794,0.00660857,0.007174,0.00778946,0.00846133,0.00919695,0.01000422,0.01089036,0.01187943,0.01296609,0.01414565,0.01544905,0.01688423,0.01846157,0.02019463,0.02210287,0.02421099,0.02654994,0.02915617,0.0320692,0.03532876,0.03896647,0.04300501,0.04745592,0.05233284,0.05766851,0.06352296,0.07000735,0.07726382,0.08544322,0.09466987,0.10497322,0.11629641,0.12847185,0.14132455,0.15482117,0.16910261,0.18463548,0.20203162,0.22186882,0.24456171,0.26998715,0.29756111,0.32622176,0.35473755,0.38224406,0.40822767,0.4325855,0.45677039,0.48647016,0.51914201,0.55929329
YEM,2007,0.05208327,0.00743972,0.00456778,0.00287534,0.00188215,0.00129915,0.00095783,0.00076173,0.00065373,0.00060387,0.00059443,0.00061588,0.00066241,0.00072966,0.00081483,0.00091486,0.00102718,0.00114765,0.00127075,0.00138912,0.00149545,0.00158283,0.00164742,0.0016889,0.00171184,0.00172379,0.00173319,0.00174842,0.00177458,0.00181482,0.00186996,0.00193885,0.00202011,0.00211221,0.00221455,0.00232777,0.00245321,0.00259284,0.00274922,0.00292526,0.0031242,0.00334941,0.00360438,0.00389251,0.00421583,0.00457529,0.00497162,0.00540458,0.0058746,0.00638402,0.00693669,0.00753873,0.00819745,0.00892031,0.00971581,0.01059086,0.01155189,0.01262366,0.01379796,0.01507045,0.0164744,0.01802053,0.019724,0.02160323,0.02368421,0.02599782,0.02857841,0.03146338,0.03468877,0.03828472,0.04227472,0.04667161,0.05149119,0.05676855,0.06256547,0.0689925,0.07618943,0.08430704,0.0934731,0.10371748,0.1149849,0.1271122,0.13991888,0.15337645,0.16762603,0.18312734,0.20050186,0.22032399,0.24301967,0.2684706,0.29610981,0.32489667,0.35361192,0.38146961,0.40806895,0.4335239,0.45882915,0.48517254,0.51705013,0.55169572
YEM,2008,0.04989137,0.00679822,0.00423564,0.00269877,0.00178314,0.00123907,0.00091748,0.00073127,0.00062808,0.00058005,0.00057056,0.00059075,0.00063523,0.00070014,0.00078298,0.00088087,0.00099103,0.00110891,0.0012286,0.00134251,0.00144332,0.00152531,0.00158574,0.00162477,0.00164703,0.00165942,0.00166993,0.00168628,0.00171323,0.00175364,0.001808,0.00187528,0.00195424,0.00204359,0.00214291,0.0022528,0.00237475,0.00251101,0.00266411,0.00283694,0.00303287,0.00325534,0.00350762,0.00379289,0.00411358,0.00447047,0.00486362,0.005293,0.00575878,0.00626294,0.00680951,0.00740508,0.00805757,0.00877486,0.00956513,0.01043552,0.01139234,0.01244182,0.01360896,0.01488692,0.01627217,0.01780241,0.01949246,0.02136117,0.02343228,0.02573666,0.02830868,0.03118436,0.0343989,0.03798061,0.04195286,0.04633014,0.05112918,0.05638575,0.06216242,0.06857058,0.07574996,0.08384939,0.09299688,0.10322596,0.11448093,0.12659938,0.13940446,0.15286118,0.16711544,0.18262613,0.20000968,0.2198546,0.24257287,0.26805204,0.29573211,0.32459938,0.35344939,0.3815125,0.40841871,0.43439981,0.45966481,0.48673073,0.51633386,0.55032191
YEM,2009,0.0482509,0.00627497,0.00395589,0.00254956,0.00170314,0.00119524,0.00089204,0.00071473,0.0006155,0.00056871,0.00055891,0.00057783,0.0006205,0.00068454,0.00076849,0.00086906,0.00098287,0.0011046,0.00123006,0.00135225,0.00146138,0.00154895,0.00161048,0.001648,0.00166913,0.00168085,0.00169064,0.0017062,0.00173184,0.00177019,0.00182196,0.00188626,0.00196237,0.00204916,0.00214607,0.00225367,0.00237325,0.0025071,0.00265792,0.00282844,0.00302193,0.00324201,0.00349199,0.00377488,0.00409298,0.00444748,0.0048381,0.00526401,0.00572553,0.00622445,0.00676484,0.00735399,0.00800051,0.00871288,0.00949917,0.01036527,0.01131718,0.01236039,0.01350032,0.01476797,0.01615572,0.0176628,0.01933533,0.02119131,0.02325375,0.02554883,0.02810878,0.03096726,0.03415705,0.03770776,0.0416453,0.04599252,0.05077479,0.05603107,0.06181881,0.06822796,0.07537138,0.08337049,0.09234174,0.10235847,0.11344467,0.12556797,0.13866685,0.15270874,0.16770429,0.18373682,0.20095866,0.21954088,0.23964373,0.26142421,0.2849542,0.31035217,0.33778408,0.36707992,0.39796934,0.42975831,0.46131125,0.49177098,0.52358375,0.55497305
YEM,2010,0.0474414,0.00597552,0.00381333,0.00248632,0.00167799,0.00118745,0.00089172,0.00071724,0.0006187,0.00057153,0.00056088,0.00057882,0.00062055,0.00068395,0.0007676,0.00086831,0.00098264,0.00110499,0.00123088,0.00135301,0.00146176,0.00154886,0.00160951,0.00164641,0.00166736,0.00167918,0.00168941,0.00170527,0.0017312,0.00176979,0.00182181,0.00188635,0.00196248,0.00204926,0.0021463,0.00225419,0.00237419,0.00250832,0.00265933,0.00283017,0.00302398,0.00324427,0.00349449,0.00377774,0.00409602,0.0044504,0.0048413,0.00526778,0.00572953,0.00622895,0.00676997,0.00735944,0.00800607,0.00871854,0.00950519,0.01037217,0.01132479,0.01236919,0.01351123,0.01476006,0.01615073,0.01767772,0.01934263,0.02119606,0.02325909,0.02555746,0.02812015,0.03098082,0.03417324,0.03772629,0.04166616,0.0460144,0.05079655,0.05605316,0.06184204,0.06825356,0.07540062,0.08340414,0.09237911,0.10239615,0.11348091,0.12560442,0.13870498,0.15275066,0.16775586,0.18379743,0.20103108,0.21962548,0.23972319,0.26149679,0.28500177,0.31035639,0.33774218,0.36710882,0.3982036,0.43027613,0.46224433,0.49405842,0.52410031,0.55479867
YEM,2011,0.04721315,0.00597685,0.00378483,0.00244909,0.00164109,0.00115402,0.0008623,0.00069132,0.00059529,0.00054948,0.00053926,0.00055692,0.00059787,0.00066113,0.00074591,0.00084839,0.00096446,0.00108804,0.00121671,0.00134418,0.00145866,0.00154997,0.00161111,0.00164591,0.0016658,0.00167746,0.00168789,0.00170403,0.00172919,0.00176569,0.00181465,0.00187558,0.00194794,0.00203063,0.00212317,0.0022264,0.00234166,0.00247107,0.00261727,0.0027834,0.00297296,0.0031893,0.00343576,0.00371549,0.00403037,0.00438091,0.00476705,0.00518833,0.00564399,0.00613572,0.0066684,0.00724933,0.00788736,0.00859202,0.009372,0.01023286,0.01117909,0.01221476,0.01334609,0.01458304,0.01593688,0.01744828,0.01911506,0.02094248,0.02298702,0.02527173,0.02782378,0.03067188,0.03384831,0.03738249,0.04129947,0.0456215,0.05037382,0.0555988,0.06135667,0.06773747,0.07485387,0.08282595,0.09176946,0.10175581,0.11280779,0.12489877,0.13797155,0.1519932,0.16697861,0.1830089,0.20023535,0.21883128,0.23893004,0.26068723,0.28420341,0.30957462,0.33694229,0.36630005,0.39753546,0.42985684,0.46236039,0.49360826,0.52509009,0.55555383
YEM,2012,0.04729384,0.00604153,0.00382635,0.00248007,0.00166546,0.00117354,0.00087829,0.00070458,0.000606,0.00055782,0.00054556,0.00056176,0.00060213,0.00066611,0.00075292,0.00085826,0.00097755,0.00110415,0.00123666,0.00136915,0.00148867,0.00158381,0.00164652,0.00168149,0.0017012,0.00171284,0.00172346,0.00173976,0.0017645,0.00179945,0.00184642,0.00190554,0.00197686,0.00205925,0.00215153,0.00225452,0.0023696,0.00249879,0.0026446,0.00281012,0.00299915,0.00321558,0.00346282,0.0037435,0.0040592,0.00441054,0.00479721,0.00521863,0.00567493,0.00616761,0.00670073,0.00728222,0.00792075,0.00862597,0.00940711,0.01026971,0.0112183,0.01225702,0.01339094,0.01463086,0.0159887,0.01748064,0.01915302,0.02100544,0.02304505,0.0253309,0.02788807,0.03074451,0.0339291,0.03747132,0.04139714,0.04572784,0.05048871,0.05572252,0.06148974,0.06787971,0.07500305,0.08297848,0.09192401,0.10191347,0.11296873,0.12505906,0.13812812,0.15214793,0.16713155,0.18316181,0.20039755,0.21900887,0.23913602,0.2609196,0.28441821,0.30979835,0.3371834,0.36650166,0.39770595,0.43017223,0.46280395,0.4945346,0.52389265,0.55515443
YEM,2013,0.04717371,0.00595229,0.00376153,0.00242813,0.0016228,0.00113827,0.00084866,0.00067928,0.00058453,0.00053986,0.00053054,0.00054873,0.00058979,0.00065157,0.00073259,0.00082972,0.00093956,0.00105665,0.00117654,0.00129226,0.00139482,0.00147679,0.00153403,0.00156887,0.00158868,0.00160008,0.00161054,0.00162693,0.00165303,0.00169121,0.00174207,0.0018049,0.00187884,0.00196277,0.00205623,0.00215995,0.00227559,0.00240547,0.00255229,0.00271893,0.0029087,0.00312524,0.00337199,0.00365182,0.00396667,0.0043173,0.0047034,0.00512398,0.00557905,0.00607111,0.006604,0.0071847,0.00782254,0.00852608,0.00930361,0.01016145,0.01110507,0.01213959,0.01327034,0.01450654,0.01586081,0.01734966,0.01899307,0.02084125,0.02289493,0.02516169,0.02770505,0.03055122,0.03372817,0.03726116,0.04117619,0.04549575,0.05024429,0.05546243,0.06120955,0.06757835,0.07468496,0.0826514,0.09159367,0.10158133,0.11263476,0.12472306,0.13778723,0.15179991,0.16678013,0.18281069,0.20004833,0.21867037,0.23881481,0.26062501,0.28415646,0.30951668,0.33690255,0.36625225,0.39744869,0.42993822,0.46278648,0.49500607,0.52640789,0.55549717
YEM,2014,0.04728545,0.00602839,0.00381478,0.00246904,0.00165535,0.00116461,0.00087046,0.00069768,0.00059999,0.00055266,0.00054118,0.00055796,0.00059856,0.00066215,0.00074787,0.00085163,0.00096909,0.00109385,0.0012239,0.00135314,0.00146942,0.00156204,0.00162367,0.00165862,0.00167855,0.00169001,0.00170005,0.001716,0.00174085,0.00177646,0.00182428,0.00188409,0.00195593,0.00203875,0.00213152,0.00223479,0.00234982,0.00247899,0.00262501,0.00279099,0.00298039,0.00319684,0.00344404,0.00372488,0.00404071,0.00439215,0.0047791,0.00520067,0.00565637,0.00614841,0.00668179,0.00726348,0.00790201,0.00860756,0.00938858,0.0102502,0.01119737,0.01223493,0.01336869,0.01460873,0.01596673,0.01746023,0.01910974,0.02093828,0.02300157,0.02529963,0.02784056,0.03069078,0.03387604,0.03742106,0.04134783,0.04567894,0.05044009,0.05567281,0.0614366,0.06782039,0.0749374,0.08290904,0.09185344,0.10184449,0.11290339,0.12499741,0.13806628,0.15208049,0.16705979,0.18309242,0.20033543,0.2189645,0.23912956,0.26097071,0.28452794,0.30990214,0.33722956,0.36656471,0.39778627,0.43023603,0.46306717,0.49520015,0.52508443,0.5560058
YEM,2015,0.0480965,0.00658947,0.00417601,0.00274089,0.00187354,0.00134383,0.00102112,0.00082638,0.00070897,0.00064333,0.00061665,0.00062305,0.00065983,0.00074378,0.00088333,0.00106364,0.0012696,0.00148408,0.00173645,0.00203174,0.00231698,0.00254116,0.00265636,0.00269134,0.00270925,0.00271706,0.0027219,0.00273072,0.00273963,0.00274679,0.00276018,0.00278666,0.00283263,0.00289778,0.00297598,0.00306668,0.0031699,0.00328665,0.00341997,0.00357431,0.00375417,0.00396404,0.00420828,0.00448872,0.00480487,0.00515644,0.00554267,0.00596252,0.00641332,0.00689668,0.00742019,0.0079949,0.00863163,0.00934609,0.01014818,0.01103598,0.01200703,0.01305985,0.01420151,0.01544882,0.0168152,0.01831842,0.0199816,0.02183543,0.02390854,0.02625779,0.028875,0.03176093,0.03498749,0.0385798,0.0425596,0.04694594,0.05176584,0.0570791,0.06294456,0.06942783,0.0766179,0.08461306,0.09354984,0.10353417,0.11458806,0.12667901,0.1397457,0.15375731,0.16873201,0.18475781,0.20199739,0.22062818,0.24079213,0.26264308,0.28622771,0.31162223,0.33894696,0.36817108,0.3993675,0.43186491,0.46465033,0.49673355,0.52811229,0.55709318
YEM,2016,0.04797602,0.00649497,0.004121,0.00270173,0.00184249,0.00131816,0.00099933,0.00080779,0.00069355,0.00063099,0.00060694,0.0006152,0.00065273,0.00073409,0.00086667,0.00103702,0.00123147,0.00143429,0.00167066,0.00194422,0.00220723,0.00241381,0.00252182,0.00255673,0.00257496,0.00258333,0.00258922,0.00259956,0.00261009,0.00262076,0.00263899,0.00267021,0.0027202,0.00278771,0.00286787,0.00296044,0.00306575,0.00318485,0.00332006,0.00347603,0.00365742,0.00386862,0.00411371,0.0043942,0.00471018,0.00506212,0.00544893,0.00586928,0.00632113,0.00680625,0.00733122,0.00790641,0.00854403,0.0092585,0.01005812,0.01094317,0.01191192,0.01296291,0.01410347,0.01535001,0.01671629,0.01822021,0.01988308,0.02173579,0.02380724,0.02611979,0.02873466,0.03164425,0.03485345,0.03843625,0.04241146,0.0467969,0.05161448,0.05692126,0.06277731,0.06925095,0.07643504,0.08443118,0.09337328,0.10336369,0.1144246,0.12652452,0.13960136,0.15362342,0.16860712,0.18463855,0.20188062,0.2205171,0.24069287,0.26255319,0.28615244,0.3115709,0.3389393,0.36817432,0.39919466,0.43157507,0.46429387,0.49631147,0.52622727,0.55773016
YEM,2017,0.04792909,0.00645789,0.00408894,0.0026725,0.00181633,0.00129531,0.00097946,0.00079034,0.00067818,0.00061748,0.00059491,0.0006041,0.00064192,0.00072624,0.00086688,0.00104884,0.0012567,0.00147318,0.00172882,0.00202901,0.00231933,0.00254693,0.00266274,0.00269674,0.00271377,0.00272079,0.0027251,0.00273396,0.00274234,0.00274828,0.00276109,0.00278711,0.00283223,0.00289568,0.00297148,0.00305991,0.00316146,0.00327735,0.0034099,0.00356302,0.00374158,0.00395008,0.0041924,0.00447039,0.00478392,0.00513334,0.00551797,0.00593575,0.00638365,0.00686398,0.00738429,0.00795506,0.00858904,0.00930287,0.01010364,0.01098875,0.01195662,0.01300422,0.01413907,0.01537962,0.01673957,0.01823699,0.01989334,0.02173999,0.02380853,0.0261208,0.02870043,0.03161073,0.03484566,0.03840982,0.0423742,0.04675365,0.05156912,0.05687335,0.06272651,0.06919779,0.07637866,0.08436985,0.09330471,0.10328652,0.1143386,0.12643022,0.13950188,0.1535201,0.16850101,0.18452928,0.20176254,0.22038342,0.24054469,0.26239039,0.28597529,0.31139447,0.33874991,0.36802786,0.39906974,0.43126658,0.46385656,0.49554647,0.52689297,0.55633958
YEM,2018,0.04846561,0.00685013,0.00433736,0.00285799,0.00196525,0.00141812,0.00108317,0.0008792,0.00075342,0.00067988,0.00064652,0.00064826,0.00068319,0.00078868,0.00098572,0.00124824,0.00154959,0.00186097,0.00224687,0.00272454,0.00319542,0.00356323,0.00373522,0.00376741,0.00378077,0.00378231,0.0037798,0.00378069,0.00377236,0.00374886,0.00372437,0.00371416,0.00373112,0.00377407,0.00383285,0.00390564,0.00399289,0.00409511,0.00421461,0.00435572,0.004523,0.00472233,0.00495861,0.00523317,0.0055443,0.00589076,0.00627145,0.0066844,0.00712304,0.00758938,0.0080951,0.00865431,0.0092823,0.01000178,0.01082091,0.01172894,0.01271479,0.01376982,0.01490385,0.01614202,0.017499,0.01899399,0.02064971,0.02250707,0.02460063,0.02694754,0.02956601,0.03247453,0.0357466,0.03937468,0.04335467,0.04776199,0.05261482,0.05797919,0.06391029,0.07045732,0.07769341,0.08569857,0.09461933,0.10458501,0.11561954,0.12769338,0.14074766,0.15475158,0.16971965,0.18573711,0.20296142,0.22156983,0.24171367,0.26354587,0.28711719,0.31252073,0.33987199,0.36912575,0.40019681,0.43240704,0.46483928,0.49644176,0.52612978,0.55783145
YEM,2019,0.04836992,0.00679441,0.00431869,0.00285249,0.00196403,0.00141806,0.00108335,0.00088009,0.00075576,0.00068384,0.00065201,0.0006549,0.00069031,0.00078575,0.00095603,0.00118039,0.00143765,0.00170434,0.00202802,0.00242028,0.00280382,0.00310353,0.00324833,0.00328159,0.00329699,0.00330202,0.00330391,0.00330998,0.00331068,0.00330219,0.00329601,0.00330214,0.00333252,0.00338657,0.00345546,0.00353839,0.00363468,0.00374569,0.0038737,0.00402303,0.00419805,0.00440358,0.00464519,0.00492449,0.00523996,0.00559087,0.00597575,0.00639347,0.00684015,0.00731696,0.00783305,0.00840109,0.00903457,0.00975258,0.01056408,0.01146494,0.01244773,0.01350547,0.01464719,0.01589275,0.0172562,0.01875785,0.02042156,0.02228352,0.02437515,0.02671491,0.02932566,0.03223001,0.03545717,0.03908499,0.04309664,0.04748379,0.0523244,0.05767495,0.0635891,0.07011778,0.07734136,0.08534864,0.09428048,0.10425637,0.11529943,0.12738059,0.14044181,0.15445261,0.16943017,0.18545799,0.20269403,0.22131532,0.24146637,0.26329878,0.2868762,0.31228886,0.33965199,0.36893268,0.4000131,0.43228614,0.46477863,0.49631177,0.52729006,0.55654074
YEM,2020,0.04770198,0.00631772,0.00398497,0.00258762,0.00174593,0.0012369,0.00093035,0.00074844,0.00064254,0.00058745,0.00056939,0.00058156,0.00062033,0.00070318,0.0008405,0.00101846,0.001223,0.00143797,0.0016986,0.00201082,0.00231506,0.00255355,0.00267239,0.00270455,0.00272104,0.00272867,0.00273489,0.00274643,0.00276139,0.00277999,0.00280867,0.0028521,0.00291491,0.0029966,0.00309251,0.00320337,0.00333098,0.00347744,0.00364941,0.0038507,0.00408113,0.00434041,0.00462825,0.00495039,0.00531393,0.00572026,0.00616971,0.00666208,0.0072048,0.00780465,0.00846219,0.00918176,0.00996962,0.01084108,0.01181178,0.01288678,0.01407116,0.01536681,0.01679031,0.01836188,0.02008626,0.02197356,0.02403956,0.02632304,0.02886144,0.03166988,0.0347653,0.03816835,0.04195736,0.04617013,0.05082328,0.05581354,0.06105926,0.06663421,0.07264971,0.07926814,0.08667611,0.09507518,0.10478286,0.11596016,0.12854358,0.14241831,0.15744281,0.17457026,0.19401575,0.21463045,0.2353641,0.25522899,0.27510183,0.29659723,0.31977654,0.34475489,0.37164535,0.4004328,0.43099786,0.4626446,0.49435799,0.5245758,0.55223897,0.58337891
YEM,2021,0.04867887,0.00693384,0.00439524,0.00290512,0.00200536,0.00145231,0.00111244,0.00090459,0.00077564,0.00069948,0.00066418,0.00066477,0.00069944,0.00078855,0.00094155,0.00114071,0.00136817,0.00160406,0.00188226,0.00220964,0.00252602,0.00277361,0.00289834,0.00293465,0.00295564,0.00296824,0.00298006,0.00299873,0.00301362,0.00302148,0.00303632,0.00307074,0.00313695,0.00322966,0.0033366,0.00345788,0.00359379,0.00374577,0.00392053,0.00412522,0.00436114,0.00462958,0.0049314,0.00527567,0.005671,0.00611561,0.00660626,0.0071389,0.00771707,0.00834876,0.00903776,0.00978952,0.01061163,0.01151742,0.01252142,0.01363142,0.01485613,0.01620528,0.01771082,0.01939505,0.02125339,0.02328283,0.02548434,0.0278995,0.03057513,0.03352439,0.03676249,0.04030542,0.04422909,0.04857768,0.05332035,0.05848519,0.06397706,0.06974427,0.07596633,0.08281231,0.09047772,0.099167,0.10914069,0.12052251,0.13328704,0.14735925,0.16263977,0.18022711,0.20034398,0.22166597,0.24296703,0.26305269,0.28290768,0.30440288,0.32756745,0.35251462,0.37937984,0.4080997,0.43855679,0.47009167,0.50132172,0.53152729,0.5629084,0.59243009
YEM,2022,0.04866326,0.00692149,0.00439011,0.00290341,0.00200509,0.00145254,0.00111282,0.00090497,0.00077599,0.00069979,0.00066448,0.00066508,0.00069976,0.00078913,0.00094282,0.00114299,0.00137158,0.0016086,0.00188831,0.00221799,0.00253691,0.00278614,0.00291135,0.00294726,0.00296755,0.00297959,0.00299088,0.00300884,0.00302327,0.00303067,0.0030452,0.0030794,0.00314585,0.00323918,0.00334532,0.00346585,0.00360164,0.00375372,0.00392936,0.00413463,0.00437137,0.00464103,0.00494472,0.00529128,0.0056882,0.00613428,0.00662687,0.00716211,0.00774343,0.00837773,0.00906914,0.00982446,0.01065063,0.01156045,0.01256932,0.01368522,0.01491482,0.01626717,0.01777812,0.01946933,0.02133309,0.02336915,0.02557828,0.02800028,0.03068245,0.0336386,0.03688461,0.04043788,0.04437156,0.04873219,0.05349043,0.05860982,0.06412509,0.06995863,0.07617225,0.08302485,0.09070654,0.09941987,0.10941708,0.12082181,0.13361002,0.14770427,0.16300297,0.18060916,0.20074621,0.22207703,0.24336359,0.26341837,0.28321878,0.30465883,0.32777222,0.35262361,0.37934694,0.40787891,0.43808981,0.4690838,0.49944294,0.53013181,0.55947844,0.59356081
YEM,2023,0.04715985,0.00664382,0.00422276,0.00279321,0.00192719,0.00139423,0.00106692,0.00086732,0.00074437,0.00067255,0.00064006,0.00064195,0.00067615,0.00076642,0.00092494,0.00113273,0.00137072,0.00161757,0.00191386,0.00226899,0.0026153,0.00288668,0.00301998,0.00305408,0.00307147,0.00307942,0.00308624,0.00309841,0.00310632,0.00310677,0.00311214,0.0031341,0.00318312,0.0032566,0.00334363,0.00344373,0.00355931,0.00369124,0.00384376,0.00402233,0.00422942,0.0044689,0.00474384,0.00505925,0.00541782,0.00581824,0.006259,0.0067385,0.00725627,0.00781641,0.00842504,0.00909101,0.00982717,0.01064906,0.0115682,0.01258643,0.01370122,0.01491516,0.01624994,0.01773027,0.01935898,0.02113984,0.02309148,0.02525137,0.02765811,0.0303299,0.03328242,0.03654181,0.04016071,0.04417828,0.04859634,0.05340475,0.05860366,0.06428257,0.0704642,0.07722365,0.08476943,0.09324296,0.10283747,0.11366925,0.12573966,0.13899218,0.15335,0.16934058,0.18708459,0.20596423,0.22543015,0.24498509,0.26519725,0.28708735,0.3107416,0.33632504,0.3639451,0.39350262,0.42495039,0.45766957,0.49060696,0.52247,0.55351508,0.58299182
YEM,2024,0.04192584,0.00582849,0.00371519,0.00246018,0.0016974,0.00122729,0.00093872,0.00076309,0.00065556,0.00059338,0.00056588,0.00056863,0.00059954,0.00068284,0.0008317,0.00102798,0.00125368,0.0014881,0.00177305,0.00211878,0.00245779,0.00272543,0.00285647,0.00288837,0.00290406,0.00291008,0.00291535,0.00292475,0.00292985,0.0029273,0.0029278,0.00294192,0.00297702,0.0030326,0.0031015,0.003183,0.00327819,0.00338838,0.00351585,0.00366435,0.00383836,0.00404213,0.00428071,0.0045556,0.00486569,0.00521055,0.00558762,0.00599785,0.00643795,0.00690966,0.00742149,0.00798115,0.00860609,0.0093158,0.01011782,0.01100727,0.0119724,0.01301334,0.01413727,0.0153657,0.01671524,0.0181933,0.0198301,0.02166293,0.02372249,0.02602842,0.02859299,0.03145086,0.03463369,0.03817573,0.04210355,0.04643012,0.05119123,0.05644911,0.06231623,0.06879426,0.0759108,0.0838276,0.09267253,0.10255559,0.11349548,0.12545223,0.13838036,0.15225061,0.16707775,0.18294078,0.19996974,0.21833858,0.23818895,0.25968891,0.28292281,0.30805961,0.33529301,0.36448097,0.39552699,0.4278965,0.46082746,0.49326958,0.5240232,0.5536077
YEM,2025,0.04080796,0.00565733,0.0036103,0.00239323,0.00165275,0.00119592,0.00091523,0.00074425,0.00063954,0.00057899,0.00055225,0.00055497,0.00058513,0.00066632,0.00081139,0.00100272,0.00122284,0.00145151,0.00172925,0.00206582,0.00239572,0.00265655,0.00278522,0.00281764,0.00283363,0.00284003,0.00284589,0.00285558,0.00286133,0.00285969,0.00286087,0.00287609,0.00291194,0.00296801,0.00303718,0.00311906,0.00321495,0.00332426,0.00345068,0.00359846,0.00377165,0.00397501,0.00421244,0.00448602,0.0047949,0.005139,0.00551531,0.00592382,0.00636201,0.00683231,0.00734334,0.00790194,0.00852483,0.00923166,0.01003149,0.01091879,0.01188008,0.01291755,0.01403865,0.01526297,0.01660626,0.01807842,0.0197101,0.02153529,0.02358767,0.02588637,0.02844035,0.03128581,0.03445497,0.03798308,0.04189755,0.04620853,0.05095448,0.05619868,0.06199737,0.068463,0.07560638,0.08348268,0.09229939,0.10216124,0.11308479,0.12502385,0.13793356,0.15178671,0.16659903,0.18245024,0.19947131,0.21784029,0.23768785,0.2591698,0.28237696,0.3074687,0.33467009,0.36390651,0.39502248,0.42745078,0.46052614,0.49333053,0.52485849,0.55449103
YEM,2026,0.03976061,0.00549628,0.00351169,0.00233037,0.00161079,0.00116646,0.00089322,0.00072661,0.00062454,0.00056553,0.0005395,0.0005422,0.00057166,0.00065084,0.00079231,0.00097899,0.00119386,0.00141718,0.00168822,0.00201636,0.00233768,0.00259189,0.00271765,0.00275035,0.00276718,0.00277406,0.00278065,0.00279083,0.00279701,0.00279624,0.00279827,0.0028142,0.00285065,0.00290701,0.00297642,0.00305835,0.00315463,0.00326446,0.00338983,0.00353634,0.00370856,0.0039108,0.00414753,0.0044197,0.00472714,0.00506999,0.00544531,0.00585321,0.00628988,0.00675846,0.00726821,0.00782542,0.00844721,0.00915179,0.00994854,0.01083374,0.01179204,0.0128259,0.01394376,0.01516535,0.01650444,0.01796858,0.01959387,0.02141329,0.02345713,0.02574785,0.02829252,0.03112637,0.03428195,0.03779505,0.04169419,0.04598971,0.05071836,0.05594526,0.06172794,0.06812003,0.07524879,0.08315116,0.09192252,0.10175127,0.11264892,0.12456664,0.13745383,0.15128357,0.16607373,0.18190538,0.19890863,0.21726535,0.23710848,0.25857745,0.28174689,0.30677701,0.3338943,0.36305975,0.39417522,0.42661829,0.45973203,0.49264801,0.52452037,0.5549334
YEM,2027,0.03872705,0.00533633,0.0034137,0.00226795,0.00156917,0.00113719,0.00087133,0.00070911,0.00060967,0.00055217,0.00052682,0.0005295,0.00055828,0.0006355,0.00077341,0.00095549,0.00116525,0.00138334,0.0016479,0.00196792,0.00228109,0.0025288,0.00265146,0.00268368,0.00270103,0.00270886,0.0027162,0.00272695,0.00273369,0.00273352,0.00273632,0.00275305,0.00278967,0.00284611,0.00291548,0.00299735,0.00309357,0.00320349,0.00332906,0.00347416,0.00364469,0.00384548,0.00408057,0.00435155,0.00465717,0.00499819,0.00537168,0.00577833,0.00621422,0.00668108,0.00718876,0.00774359,0.00836337,0.00906608,0.0098597,0.01074101,0.01169556,0.01272582,0.01383935,0.0150568,0.01639219,0.01784959,0.01946526,0.02127654,0.02331276,0.02559298,0.02812651,0.030949,0.03409074,0.03758782,0.04146941,0.04574639,0.05045694,0.05566349,0.06142569,0.0677988,0.07484798,0.08273267,0.09152846,0.10130726,0.11216835,0.1240574,0.13692181,0.15072854,0.16549567,0.18130662,0.19829131,0.21663362,0.23646943,0.25793972,0.28109934,0.30608269,0.33313106,0.36221401,0.39326677,0.42572011,0.458897,0.49189863,0.52395398,0.55480963
YEM,2028,0.03772137,0.00518021,0.00331793,0.00220688,0.00152849,0.00110859,0.00084991,0.00069197,0.00059513,0.00053912,0.00051444,0.0005171,0.00054521,0.00062052,0.00075497,0.00093246,0.00113711,0.00135007,0.00160825,0.00192034,0.00222562,0.00246722,0.00258681,0.00261838,0.00263563,0.0026442,0.00265284,0.00266433,0.00267184,0.00267253,0.00267599,0.00269359,0.00273066,0.00278696,0.00285627,0.00293801,0.00303427,0.0031441,0.00326969,0.00341488,0.00358389,0.00378287,0.00401636,0.00428562,0.00459011,0.00492944,0.00530109,0.00570622,0.00614137,0.006608,0.00711444,0.00766697,0.00828466,0.00898563,0.00977781,0.01065664,0.01160705,0.01263454,0.01374549,0.0149595,0.01629172,0.01774506,0.01935471,0.02115693,0.02318579,0.02545949,0.02798246,0.03079513,0.03392706,0.03741195,0.0412794,0.04554039,0.05023487,0.05542592,0.06117062,0.0675267,0.07456096,0.08236827,0.09115179,0.10096192,0.11177882,0.12363879,0.13648377,0.15027811,0.16503367,0.18083437,0.19781108,0.21615074,0.23598967,0.25747035,0.28064783,0.3056237,0.33262222,0.36163712,0.39261304,0.42501606,0.45824284,0.49133359,0.52351629,0.55460234
YEM,2029,0.03677128,0.00503083,0.00322646,0.0021487,0.00148981,0.00108151,0.00082966,0.00067574,0.00058135,0.00052678,0.00050274,0.00050536,0.00053283,0.00060636,0.00073761,0.0009109,0.00111073,0.00131886,0.00157117,0.00187593,0.002174,0.00241001,0.00252695,0.00255778,0.00257465,0.00258325,0.00259285,0.00260545,0.00261374,0.00261529,0.00261946,0.00263763,0.00267504,0.00273131,0.0028002,0.00288162,0.00297766,0.00308728,0.00321252,0.00335741,0.00352616,0.00372327,0.00395455,0.00422188,0.00452437,0.00486239,0.00523196,0.00563515,0.00606877,0.00653468,0.00704083,0.00759131,0.00820632,0.00890469,0.00969469,0.01057188,0.01151861,0.0125417,0.01364964,0.01486063,0.01618881,0.01763698,0.01924166,0.02103662,0.02305487,0.02531978,0.02783363,0.03063401,0.03375428,0.03722733,0.04108034,0.04532414,0.04999996,0.05517183,0.06089768,0.06723275,0.07424624,0.08203475,0.09073377,0.1005267,0.11137107,0.12318073,0.13599154,0.14976142,0.16449946,0.18028354,0.19724328,0.21556962,0.23540063,0.25687726,0.28005501,0.30502735,0.33198926,0.36092476,0.39180696,0.42411724,0.45731129,0.49044856,0.52272866,0.55395811
YEM,2030,0.03585604,0.00488649,0.00313789,0.00209224,0.00145225,0.00105519,0.00081002,0.00066001,0.00056795,0.00051476,0.00049135,0.00049395,0.0005208,0.00059259,0.00072069,0.00088988,0.00108503,0.00128827,0.00153468,0.00183223,0.00212318,0.00235381,0.00246825,0.00249861,0.00251505,0.00252347,0.00253339,0.00254686,0.00255636,0.00255887,0.00256389,0.00258277,0.00262034,0.00267656,0.00274519,0.002826,0.00292168,0.0030309,0.00315571,0.00329997,0.00346811,0.00366461,0.00389364,0.00415839,0.00445862,0.00479437,0.0051622,0.0055631,0.00599465,0.00645891,0.00696413,0.00751352,0.00812598,0.00882096,0.00960768,0.01048219,0.01142603,0.01244499,0.01354792,0.01475518,0.01607949,0.01752139,0.01911961,0.02090808,0.02291725,0.0251695,0.02767143,0.03046046,0.03356584,0.03702441,0.04086254,0.045088,0.04974295,0.05489187,0.06059382,0.06690512,0.07389218,0.0816541,0.09032754,0.10002585,0.11084544,0.12267536,0.13542711,0.14915421,0.16385862,0.17961566,0.19654723,0.21484551,0.23465138,0.2561061,0.27926194,0.30420544,0.33112794,0.35998657,0.3907509,0.42293859,0.45604575,0.48913946,0.52145832,0.55278146
YEM,2031,0.03493518,0.00474119,0.00304848,0.00203513,0.00141417,0.00102849,0.00079009,0.00064408,0.00055439,0.00050254,0.00047977,0.00048237,0.00050859,0.00057862,0.00070355,0.00086859,0.00105905,0.00125742,0.00149769,0.00178782,0.00207163,0.00229684,0.00240892,0.00243895,0.00245524,0.00246346,0.00247353,0.00248731,0.00249787,0.00250184,0.00250785,0.00252765,0.00256563,0.00262174,0.00269021,0.00277067,0.00286583,0.00297465,0.003099,0.00324273,0.00341011,0.00360589,0.00383422,0.00409663,0.00439428,0.00472787,0.00509339,0.00549282,0.00592246,0.00638507,0.00688905,0.00743737,0.00804907,0.00874172,0.00952532,0.01039714,0.01133824,0.01235526,0.01345495,0.01465799,0.01597955,0.01741737,0.01901016,0.02079311,0.02279693,0.02504148,0.02753109,0.03030993,0.03340603,0.03685192,0.04067828,0.0448915,0.04953169,0.05466357,0.06034693,0.06663963,0.07360915,0.08135185,0.09000664,0.09968838,0.11042234,0.12224056,0.13502875,0.14871358,0.16339382,0.17913751,0.19606295,0.21435748,0.23416227,0.25562089,0.27878585,0.30373282,0.33065206,0.35949886,0.3902193,0.42233758,0.45541123,0.48849694,0.52085496,0.55229786
YEM,2032,0.03406893,0.00460338,0.00296391,0.00198127,0.00137834,0.0010034,0.00077138,0.00062912,0.0005417,0.00049112,0.0004689,0.00047148,0.00049714,0.00056552,0.00068747,0.00084864,0.00103474,0.00122864,0.00146326,0.00174623,0.0020232,0.00224338,0.00235325,0.00238306,0.00239928,0.00240749,0.00241758,0.00243139,0.00244231,0.00244745,0.00245479,0.00247547,0.00251389,0.00256998,0.00263809,0.00271816,0.0028129,0.00292099,0.0030447,0.00318768,0.00335421,0.00354889,0.00377615,0.00403756,0.0043326,0.00466333,0.00502626,0.00542318,0.00585127,0.00631184,0.00681397,0.00736024,0.00797051,0.00866193,0.00944261,0.01031081,0.01124795,0.01226194,0.01335935,0.01455849,0.01587502,0.01730814,0.01889586,0.02067208,0.02266894,0.02490668,0.0273858,0.03015021,0.03323392,0.03666818,0.04047922,0.04467743,0.04930258,0.05441634,0.06007893,0.0663491,0.0732958,0.08101653,0.08964677,0.0993038,0.11001509,0.12173996,0.13451078,0.14822706,0.16285819,0.17857033,0.19547279,0.21375296,0.23354568,0.2549934,0.27815085,0.30308711,0.32998603,0.35880319,0.38948409,0.42153917,0.4545623,0.48762052,0.51998117,0.55147062
YEM,2033,0.03324644,0.00447144,0.00288272,0.00192945,0.00134386,0.00097925,0.00075338,0.00061475,0.00052949,0.00048016,0.00045847,0.00046099,0.00048609,0.0005529,0.00067197,0.00082936,0.00101118,0.0012007,0.00142987,0.00170594,0.00197591,0.00219095,0.00229873,0.00232837,0.00234466,0.00235299,0.0023633,0.00237707,0.00238816,0.00239386,0.00240231,0.00242425,0.00246317,0.00251934,0.00258722,0.00266675,0.00276104,0.00286852,0.00299127,0.00313333,0.00329879,0.00349227,0.00371805,0.00397803,0.00427177,0.00459955,0.00495912,0.00535315,0.00577848,0.00623727,0.00673698,0.00728043,0.00788804,0.00857731,0.00935609,0.01022065,0.0111527,0.01216208,0.01325576,0.01445169,0.01576311,0.01718873,0.01877017,0.02053944,0.02252736,0.02475577,0.02722455,0.02997541,0.03304107,0.03645902,0.04025418,0.04443183,0.04903686,0.05412972,0.05976753,0.06600957,0.07292555,0.08061441,0.08921215,0.09883242,0.10950585,0.12119391,0.13385553,0.14753904,0.1621864,0.17782975,0.19467779,0.21291156,0.23266556,0.25407344,0.27718733,0.30207199,0.32890858,0.35764647,0.38823308,0.42018626,0.45311506,0.48608125,0.51837795,0.54982992
YEM,2034,0.03224163,0.00432316,0.00279282,0.001873,0.00130692,0.00095386,0.00073471,0.00060005,0.0005172,0.00046929,0.00044831,0.00045092,0.0004756,0.00054109,0.00065775,0.00081201,0.00099025,0.00117616,0.00140088,0.00167139,0.00193583,0.0021464,0.00225248,0.00228234,0.00229897,0.00230777,0.00231849,0.00233253,0.00234379,0.00234992,0.00235898,0.00238197,0.00242182,0.00247826,0.00254619,0.00262554,0.00271941,0.0028265,0.00294872,0.00308992,0.00325459,0.00344712,0.00367189,0.0039307,0.00422345,0.00455051,0.00490749,0.00529875,0.00572191,0.00617869,0.00667736,0.00721868,0.00782413,0.00851141,0.00928893,0.01015283,0.01108186,0.0120875,0.01317798,0.01437156,0.01568126,0.01710233,0.01867775,0.02044242,0.02242524,0.02464679,0.02710768,0.02985068,0.03290531,0.03630768,0.04008942,0.04425383,0.04884147,0.05391749,0.05953792,0.06575898,0.07265104,0.08031371,0.08888409,0.09847651,0.10911859,0.12077671,0.13341087,0.14699358,0.16161793,0.17729118,0.19408142,0.21227371,0.23199633,0.25338299,0.27647591,0.30133737,0.32814416,0.35684428,0.38738008,0.41927808,0.45219761,0.48516167,0.51747058,0.54896255
YEM,2035,0.03134101,0.00419086,0.00271237,0.00182226,0.00127359,0.00093085,0.00071773,0.00058663,0.00050594,0.00045932,0.00043899,0.00044169,0.00046597,0.00053016,0.00064448,0.00079574,0.00097052,0.00115293,0.00137328,0.00163838,0.00189754,0.00210387,0.00220792,0.00223777,0.00225482,0.00226409,0.00227529,0.00228966,0.00230126,0.00230771,0.00231717,0.00234062,0.00238115,0.00243817,0.00250615,0.00258533,0.00267882,0.00278527,0.00290686,0.00304724,0.00321074,0.00340208,0.00362551,0.00388291,0.0041741,0.00449976,0.00485543,0.00524359,0.00566347,0.00611754,0.00661356,0.00715277,0.00775518,0.00843919,0.00921355,0.01007516,0.01100199,0.01200345,0.01308882,0.01427762,0.01558328,0.01700009,0.01856888,0.02032506,0.0223006,0.02451415,0.02696412,0.02969559,0.03273829,0.0361249,0.0398857,0.04403059,0.04859909,0.05365091,0.05924713,0.06544291,0.07230541,0.07993443,0.08846734,0.09801959,0.10862019,0.12023399,0.13282344,0.14636329,0.16086744,0.17649805,0.19330543,0.21141371,0.23106804,0.25239568,0.27543953,0.30024906,0.32699148,0.35561817,0.38606944,0.41787374,0.45073669,0.48366395,0.51595081,0.54743274
YEM,2036,0.03043187,0.00405756,0.00263098,0.00177075,0.00123963,0.00090736,0.00070037,0.00057291,0.00049442,0.00044909,0.00042941,0.00043219,0.0004561,0.00051899,0.00063088,0.00077909,0.00095045,0.00112936,0.00134534,0.001605,0.00185888,0.0020611,0.00216324,0.00219274,0.00221004,0.00221989,0.00223164,0.00224649,0.00225857,0.00226557,0.00227538,0.00229914,0.00233986,0.00239728,0.00246568,0.00254479,0.00263803,0.00274401,0.00286486,0.00300447,0.00316699,0.00335694,0.00357901,0.00383493,0.00412463,0.00444868,0.00480278,0.00518965,0.00560643,0.00605722,0.00655051,0.00708662,0.00768682,0.00836755,0.00913847,0.009997,0.01092131,0.01192094,0.01300223,0.0141858,0.01548656,0.01689852,0.01846284,0.02021196,0.02217849,0.02438439,0.02682517,0.02954499,0.03257526,0.03594889,0.03969262,0.04381455,0.04836208,0.05339312,0.05896318,0.06513286,0.07196827,0.07956537,0.08806142,0.09757231,0.10812898,0.11969929,0.1322417,0.14573443,0.1601935,0.17569655,0.19245961,0.21059026,0.23015107,0.25140288,0.27438125,0.29913334,0.32580501,0.35434559,0.38469832,0.41639692,0.44918756,0.48206091,0.51432206,0.54579306
YEM,2037,0.02959208,0.00393194,0.00255478,0.00172284,0.00120822,0.00088569,0.0006844,0.0005603,0.00048384,0.00043969,0.00042059,0.00042345,0.000447,0.00050872,0.00061842,0.00076375,0.00093195,0.00110774,0.00131976,0.0015744,0.00182339,0.0020218,0.00212226,0.00215146,0.00216857,0.00217874,0.00219101,0.00220627,0.00221884,0.00222637,0.00223662,0.00226053,0.00230118,0.00235846,0.00242705,0.00250639,0.00259942,0.002705,0.00282522,0.00296388,0.00312542,0.00331413,0.00353455,0.00378887,0.00407688,0.00439926,0.00475142,0.00513659,0.00555201,0.00599953,0.00648929,0.00702205,0.00761876,0.00829679,0.00906386,0.00991849,0.01083889,0.01183584,0.01291515,0.01409416,0.01538916,0.01679506,0.01835407,0.02009822,0.022057,0.02425314,0.02668492,0.02939483,0.03241259,0.03577292,0.03950295,0.04360669,0.04813058,0.05314006,0.05868893,0.06483216,0.0716417,0.07921211,0.08767643,0.09715064,0.10766705,0.1191972,0.13170024,0.14515126,0.15956943,0.17503461,0.19167037,0.20976047,0.22936245,0.25052317,0.27343617,0.2981394,0.32477001,0.35326263,0.38355747,0.41519632,0.44796828,0.48084011,0.51312775,0.54465517
YEM,2038,0.0287708,0.00381097,0.00248105,0.00167625,0.00117756,0.00086449,0.00066874,0.00054793,0.00047345,0.00043047,0.00041195,0.00041488,0.00043808,0.00049862,0.00060615,0.00074861,0.00091347,0.00108605,0.00129415,0.00154381,0.00178786,0.00198243,0.00208128,0.00211039,0.0021275,0.0021377,0.00215039,0.0021662,0.00217935,0.00218759,0.00219843,0.00222275,0.00226336,0.00232039,0.00238876,0.00246824,0.00256147,0.00266681,0.00278658,0.00292455,0.00308506,0.00327264,0.00349169,0.00374426,0.00403061,0.00435128,0.00470163,0.00508487,0.00549868,0.00594499,0.00643147,0.00696031,0.00755354,0.00822787,0.0089922,0.00984306,0.01075929,0.01175262,0.01282953,0.01400669,0.015297,0.01669618,0.01824872,0.01998705,0.02194027,0.0241279,0.0265482,0.02924791,0.03225421,0.03560002,0.03931445,0.04340148,0.04790418,0.05288626,0.05840957,0.06452733,0.07130551,0.07884429,0.08727472,0.09670836,0.10717836,0.11865925,0.13111157,0.14451205,0.15887642,0.17428765,0.1908739,0.20880828,0.22835204,0.24954728,0.27233572,0.29694185,0.32348138,0.35188405,0.38207386,0.41359759,0.44628955,0.47909884,0.51134775,0.54286335
YEM,2039,0.02798381,0.00369404,0.0024097,0.00163114,0.00114783,0.00084392,0.00065354,0.0005359,0.00046334,0.00042149,0.00040352,0.0004065,0.00042934,0.00048873,0.00059414,0.00073385,0.0008955,0.00106473,0.0012689,0.00151375,0.00175301,0.00194376,0.00204094,0.00206994,0.00208714,0.00209745,0.00211018,0.00212635,0.00214012,0.00214905,0.00216056,0.00218532,0.00222603,0.00228272,0.00235067,0.00242976,0.00252299,0.0026284,0.00274777,0.00288511,0.00304472,0.003231,0.00344867,0.00369963,0.003984,0.0043028,0.00465108,0.0050323,0.00544404,0.00588859,0.00637367,0.00689854,0.00748729,0.00815748,0.00891739,0.00976502,0.01067648,0.01166519,0.01273804,0.0139123,0.01520027,0.01659343,0.01813847,0.01986951,0.02181615,0.02399757,0.0264079,0.02909518,0.03209039,0.03542378,0.03912269,0.04319287,0.04767831,0.05263844,0.05813347,0.06422529,0.0709782,0.07848578,0.08688484,0.09628508,0.10671595,0.1181545,0.1305621,0.14391775,0.15823848,0.17360337,0.19014582,0.2080396,0.22741772,0.24856239,0.27141261,0.29590599,0.32236676,0.35070438,0.38083603,0.41229663,0.44496003,0.47775897,0.51002299,0.54157807
YEM,2040,0.0272527,0.00358345,0.00234237,0.00158866,0.00111992,0.00082463,0.0006393,0.00052464,0.00045387,0.00041307,0.0003956,0.00039863,0.00042112,0.00047942,0.00058286,0.00072002,0.0008788,0.00104502,0.00124532,0.00148564,0.00172056,0.00190785,0.00200341,0.00203221,0.00204946,0.00205994,0.00207276,0.00208889,0.00210304,0.00211266,0.00212477,0.00214998,0.00219078,0.00224725,0.00231466,0.00239314,0.00248583,0.00259106,0.00271031,0.00284704,0.00300578,0.00319087,0.00340698,0.00365631,0.00393883,0.00425541,0.00460147,0.0049804,0.00538994,0.00583222,0.00631529,0.00683819,0.00742245,0.00808745,0.00884251,0.00968512,0.01059255,0.01157604,0.01264371,0.01381319,0.01509753,0.01648699,0.01802492,0.01974706,0.02168487,0.02385811,0.02625988,0.02893497,0.03191508,0.03523446,0.03891772,0.04296841,0.04743321,0.05237178,0.05783992,0.06389785,0.07061905,0.07809486,0.08645473,0.09581443,0.10620214,0.11759255,0.12994744,0.14324753,0.15751183,0.17282057,0.18930486,0.20713931,0.22646031,0.24740003,0.27017997,0.29472563,0.32103872,0.34926407,0.37929404,0.41066047,0.4432611,0.47601097,0.50825089,0.53980785
YEM,2041,0.02645502,0.00346486,0.00226953,0.00154232,0.00108924,0.00080333,0.00062351,0.00051211,0.00044332,0.00040367,0.00038676,0.00038985,0.00041196,0.00046908,0.00057033,0.0007047,0.00086028,0.00102329,0.00121948,0.00145454,0.00168464,0.0018683,0.00196224,0.00199084,0.00200815,0.0020189,0.00203202,0.0020483,0.0020626,0.00207284,0.0020857,0.00211146,0.00215251,0.00220886,0.00227593,0.00235378,0.00244578,0.00255039,0.00266937,0.00280585,0.00296385,0.0031479,0.00336266,0.00361027,0.00389105,0.00420569,0.00454929,0.00492591,0.00533315,0.00577322,0.00625399,0.00677453,0.00735669,0.00801682,0.00876631,0.00960392,0.01050583,0.0114854,0.01254783,0.01371198,0.01499141,0.01637659,0.0179107,0.01962541,0.02155397,0.02371823,0.02611111,0.02877747,0.03174497,0.03504862,0.03871737,0.04275154,0.04719639,0.05211382,0.05756005,0.06359084,0.07027801,0.07772226,0.08605038,0.09537065,0.10571845,0.11706875,0.12937874,0.14263042,0.15684421,0.17210212,0.18853867,0.20632131,0.22558992,0.24648025,0.26904357,0.29353488,0.31991837,0.34800534,0.37793732,0.40922254,0.44179115,0.47452355,0.50676795,0.53835539
YEM,2042,0.02570748,0.00335278,0.00220089,0.00149877,0.00106047,0.00078338,0.00060876,0.00050043,0.00043349,0.00039491,0.00037853,0.00038166,0.00040342,0.00045941,0.00055859,0.00069026,0.0008428,0.00100273,0.00119511,0.00142524,0.00165035,0.00183044,0.00192299,0.00195152,0.00196888,0.00197984,0.00199326,0.0020098,0.00202435,0.00203489,0.00204835,0.00207472,0.00211606,0.00217243,0.00223928,0.00231671,0.00240804,0.00251192,0.00263024,0.00276637,0.00292405,0.00310721,0.00332083,0.00356701,0.00384601,0.00415887,0.00450038,0.00487452,0.0052795,0.00571734,0.00619595,0.00671388,0.00729365,0.00795162,0.00869593,0.00952773,0.0104241,0.01139815,0.01245676,0.01361553,0.01488954,0.01626913,0.01779897,0.01950984,0.02143066,0.02358532,0.02596813,0.0286251,0.03158325,0.03487334,0.03852528,0.04254361,0.0469711,0.05186742,0.0572913,0.06329903,0.06995775,0.07736604,0.08566026,0.094946,0.10525155,0.11656093,0.12882927,0.14203474,0.15619873,0.17140439,0.18778998,0.2055218,0.22473421,0.24556628,0.26807373,0.29232652,0.31865097,0.34679928,0.37658211,0.40776309,0.44028268,0.47299213,0.50523447,0.53684175
YEM,2043,0.02502917,0.00325021,0.00213785,0.00145863,0.00103387,0.00076488,0.00059505,0.00048956,0.00042432,0.00038674,0.00037082,0.00037398,0.0003954,0.00045031,0.00054752,0.0006766,0.00082618,0.00098315,0.00117181,0.00139734,0.00161772,0.00179391,0.00188501,0.0019136,0.00193107,0.00194218,0.0019558,0.00197256,0.00198742,0.00199829,0.00201199,0.00203876,0.00208038,0.00213671,0.00220335,0.00228037,0.00237109,0.00247412,0.00259149,0.00272671,0.00288375,0.00306624,0.00327864,0.00352332,0.00380053,0.00411122,0.00445041,0.00482201,0.00522405,0.00565914,0.00613492,0.00664976,0.00722613,0.00788076,0.00862192,0.00944731,0.01033618,0.01130346,0.01235519,0.01350863,0.01477549,0.01614724,0.01766951,0.01937394,0.02128854,0.02343263,0.02580204,0.0284454,0.03139018,0.03466644,0.03829969,0.04229521,0.046701,0.05157337,0.05696877,0.06294619,0.06957331,0.07694323,0.08518974,0.09442847,0.10468554,0.11593904,0.1281513,0.14129927,0.15540002,0.17053716,0.18685144,0.20450827,0.22364329,0.24438861,0.26680452,0.2909669,0.31700361,0.34505603,0.37485194,0.40584645,0.43825456,0.47088259,0.50307361,0.53464964
YEM,2044,0.02428414,0.00313821,0.00206893,0.00141471,0.00100473,0.00074459,0.00057999,0.0004776,0.00041423,0.00037773,0.00036233,0.00036553,0.00038657,0.00044034,0.00053544,0.0006618,0.00080826,0.00096203,0.00114679,0.00136743,0.00158308,0.00175533,0.00184443,0.00187297,0.00189072,0.0019021,0.00191593,0.0019329,0.0019481,0.00195945,0.0019735,0.00200042,0.00204219,0.00209855,0.00216502,0.00224171,0.00233193,0.00243427,0.0025507,0.00268486,0.00284084,0.00302252,0.0032341,0.00347744,0.00375307,0.0040619,0.00439874,0.00476798,0.0051675,0.00559969,0.00607275,0.00658449,0.00715768,0.00780875,0.00854652,0.00936894,0.01025093,0.01121065,0.01225565,0.01340216,0.01466385,0.01602799,0.0175425,0.01923956,0.02114816,0.02328677,0.02564562,0.02827606,0.03120783,0.03447148,0.03809197,0.0420696,0.04645403,0.05130659,0.05668042,0.06263234,0.06923307,0.07657602,0.08478906,0.09398553,0.10420304,0.11541909,0.12758784,0.14069443,0.15475439,0.16984665,0.18611442,0.20372129,0.22280494,0.2434996,0.26585971,0.28996916,0.31595706,0.3437738,0.37353569,0.40460419,0.4369498,0.46957454,0.50180005,0.53344385
YEM,2045,0.02363949,0.00304032,0.0020085,0.00137613,0.00097913,0.00072677,0.00056677,0.0004671,0.00040537,0.00036983,0.00035488,0.0003581,0.0003788,0.00043153,0.00052471,0.00064858,0.00079219,0.00094305,0.00112415,0.00134029,0.00155149,0.00172032,0.00180767,0.00183575,0.0018537,0.00186551,0.00187965,0.0018968,0.0019123,0.00192412,0.00193863,0.00196576,0.00200742,0.00206369,0.00213007,0.0022065,0.00229633,0.00239811,0.0025138,0.00264693,0.00280176,0.00298224,0.00319291,0.00343536,0.0037096,0.00401681,0.00435164,0.00471848,0.00511563,0.00554526,0.00601531,0.00652394,0.00709384,0.00774147,0.0084754,0.00929429,0.01017291,0.01112543,0.01216241,0.01330165,0.01455583,0.01591378,0.01742004,0.01910854,0.02100884,0.02314052,0.02549221,0.02811044,0.03102712,0.03427523,0.03788031,0.04184178,0.04620489,0.0510319,0.05638137,0.0623066,0.06887591,0.07618538,0.08436272,0.09351504,0.10367829,0.11484318,0.12696093,0.14000907,0.15401127,0.16904466,0.18524886,0.20278489,0.22179025,0.24240016,0.26467105,0.28868009,0.31455816,0.342261,0.3717257,0.40269111,0.43505575,0.46754882,0.49970019,0.53130373
YEM,2046,0.02300132,0.00294294,0.00194833,0.00133765,0.00095355,0.00070894,0.00055352,0.00045657,0.00039647,0.00036186,0.00034736,0.0003506,0.00037095,0.00042265,0.00051395,0.00063539,0.00077621,0.00092423,0.00110175,0.0013134,0.00152027,0.00168565,0.0017715,0.00179916,0.00181682,0.00182893,0.00184348,0.00186087,0.00187659,0.00188879,0.00190369,0.00193108,0.00197263,0.00202848,0.00209458,0.00217073,0.00226013,0.00236137,0.00247633,0.00260852,0.0027621,0.00294117,0.00315037,0.00339167,0.00366483,0.00397045,0.00430335,0.00466793,0.00506246,0.00548949,0.00595668,0.00646171,0.00702805,0.00767184,0.00840176,0.00921632,0.01009064,0.0110394,0.01206838,0.0131986,0.01444456,0.01579359,0.01729288,0.01897218,0.020863,0.0229856,0.02532917,0.02793949,0.03084282,0.03407445,0.03766262,0.0416072,0.04595326,0.05075786,0.05608073,0.06198111,0.06852369,0.07580174,0.08394561,0.0930625,0.10318274,0.11429691,0.12636797,0.13937118,0.15332194,0.16830553,0.18446159,0.20194301,0.22088672,0.2414282,0.26362745,0.28756688,0.31336612,0.34098861,0.37037633,0.40110518,0.43345298,0.46603145,0.49813868,0.52975287
YEM,2047,0.02235166,0.00284306,0.00188674,0.00129835,0.00092746,0.00069079,0.00054006,0.00044588,0.00038744,0.00035379,0.00033973,0.000343,0.00036301,0.00041367,0.0005031,0.0006221,0.00076018,0.00090536,0.00107936,0.00128656,0.001489,0.001651,0.00173527,0.00176278,0.00178026,0.00179226,0.00180717,0.00182497,0.00184104,0.00185362,0.00186892,0.0018966,0.00193819,0.00199374,0.00205932,0.0021351,0.00222418,0.00232496,0.00243934,0.00257075,0.00272334,0.00290106,0.00310877,0.00334858,0.00362064,0.00392526,0.00425653,0.00461927,0.00501169,0.00543626,0.00590102,0.00640311,0.00696593,0.00760622,0.00833242,0.00914328,0.01001325,0.01095815,0.01198382,0.01310609,0.01434313,0.0156837,0.01717437,0.01884719,0.02072923,0.02284292,0.02517745,0.02778026,0.03067626,0.0338948,0.03746675,0.04139454,0.04572452,0.05051298,0.05581427,0.06168903,0.06820829,0.07546113,0.08357465,0.09265903,0.10274544,0.11382014,0.12584392,0.1388049,0.15271582,0.16765314,0.18376715,0.20120658,0.22010142,0.24058567,0.26272046,0.28659389,0.31232539,0.33987122,0.36918109,0.39983987,0.43201399,0.46460379,0.49682685,0.52843717
YEM,2048,0.02179736,0.00275696,0.00183335,0.00126414,0.00090468,0.00067489,0.00052826,0.00043651,0.00037951,0.00034669,0.00033301,0.00033629,0.00035599,0.00040571,0.00049343,0.0006102,0.00074572,0.00088831,0.00105902,0.0012621,0.00146044,0.00161912,0.00170196,0.00172925,0.00174679,0.00175875,0.00177356,0.00179168,0.00180821,0.00182123,0.00183686,0.00186476,0.00190636,0.00196169,0.00202682,0.00210197,0.00219057,0.00229093,0.00240474,0.00253545,0.00268712,0.00286365,0.00306984,0.00330797,0.00357835,0.00388171,0.00421175,0.00457267,0.00496305,0.00538528,0.00584725,0.00634631,0.00690575,0.0075419,0.00826396,0.00907047,0.00993581,0.01087575,0.01189685,0.0130149,0.01424265,0.01557245,0.01705337,0.01871612,0.02059023,0.02269346,0.02501673,0.02760846,0.03049463,0.03370315,0.03725868,0.04116631,0.04547578,0.05024405,0.0555248,0.06137298,0.06786109,0.07508445,0.08316531,0.09221051,0.10225502,0.11328711,0.12526111,0.13816365,0.15202036,0.16690476,0.18295885,0.20033841,0.21917114,0.23958228,0.26163187,0.28541083,0.31103983,0.33847972,0.36767269,0.39821568,0.43030948,0.4627006,0.4948975,0.5265834
YEM,2049,0.02118514,0.00266244,0.00177478,0.0012266,0.00087969,0.00065745,0.0005153,0.0004262,0.0003708,0.00033888,0.00032562,0.00032891,0.00034827,0.000397,0.00048289,0.00059731,0.00073014,0.00086996,0.00103726,0.001236,0.00143006,0.0015853,0.00166647,0.00169356,0.00171108,0.00172324,0.00173807,0.00175609,0.00177303,0.00178664,0.0018027,0.0018308,0.00187239,0.00192749,0.00199225,0.00206682,0.00215467,0.00225445,0.00236773,0.00249773,0.00264854,0.00282395,0.00302876,0.00326518,0.00353373,0.00383528,0.00416385,0.00452342,0.00491191,0.00533204,0.00579158,0.0062875,0.00684372,0.00747621,0.00819383,0.00899603,0.00985657,0.01079173,0.01180765,0.01292084,0.01414416,0.01546367,0.01693323,0.01858574,0.02044935,0.0225445,0.02485646,0.02743641,0.03031092,0.03350904,0.03705408,0.04094429,0.04523296,0.04998016,0.05524046,0.06106824,0.06753008,0.07472253,0.08277424,0.09178712,0.10179346,0.11278705,0.12472249,0.13758035,0.15138435,0.16622121,0.182232,0.19955942,0.21834128,0.23870016,0.26068724,0.28439465,0.30994253,0.33729839,0.36640867,0.39686723,0.42891952,0.46129487,0.49337184,0.52510366
YEM,2050,0.02063565,0.00257746,0.001722,0.00119266,0.00085701,0.00064157,0.00050347,0.00041677,0.00036282,0.00033173,0.00031884,0.00032212,0.00034115,0.00038892,0.0004731,0.00058528,0.00071555,0.00085276,0.00101676,0.00121144,0.00140143,0.00155345,0.00163306,0.00165978,0.00167729,0.00168954,0.00170454,0.00172248,0.00173934,0.00175339,0.00176993,0.00179825,0.00183974,0.00189455,0.00195892,0.00203298,0.00212011,0.002219,0.00233154,0.0024608,0.00261065,0.00278489,0.00298826,0.00322297,0.00348945,0.00378879,0.00411507,0.0044728,0.00485958,0.00527738,0.0057343,0.00622701,0.0067794,0.00740785,0.0081209,0.00891771,0.0097727,0.01070205,0.01171202,0.01281856,0.01403545,0.01534853,0.01680581,0.01844473,0.02029578,0.02237792,0.02467877,0.02724434,0.03010352,0.03328595,0.03681626,0.04069107,0.04495712,0.04967755,0.05491037,0.06071095,0.06714523,0.07430301,0.08231387,0.09128646,0.10124854,0.11219236,0.12407628,0.13688193,0.15062636,0.16539368,0.18134037,0.19860414,0.21731029,0.23759217,0.25949844,0.28311223,0.30855038,0.33578578,0.3647715,0.39510979,0.42707141,0.45937657,0.49141282,0.52299971
YEM,2051,0.02008044,0.00249275,0.0016691,0.0011585,0.00083408,0.00062544,0.00049144,0.00040717,0.00035467,0.00032443,0.00031193,0.00031521,0.00033389,0.00038066,0.00046302,0.00057284,0.00070042,0.00083486,0.00099542,0.00118579,0.00137158,0.00152022,0.00159826,0.00162467,0.00164203,0.00165443,0.00166954,0.00168764,0.00170452,0.00171864,0.00173563,0.00176433,0.00180582,0.00186034,0.00192431,0.00199789,0.00208443,0.00218252,0.00229406,0.00242243,0.00257135,0.0027444,0.00294635,0.00317937,0.00344391,0.00374093,0.00406467,0.00441984,0.00480457,0.00522047,0.00567479,0.00616439,0.00671316,0.00733724,0.00804569,0.00883742,0.00968616,0.01060937,0.01161284,0.01271255,0.01392186,0.01522724,0.01667722,0.01830259,0.02013867,0.02220697,0.02449299,0.02704599,0.02988889,0.03305382,0.03656617,0.0404238,0.04467236,0.04936753,0.05457071,0.06034106,0.06674562,0.07387314,0.08184574,0.09077324,0.10069129,0.11158864,0.12342033,0.13617252,0.14986307,0.16456883,0.18044451,0.1976407,0.21627981,0.23648064,0.25830527,0.28183515,0.30717291,0.33429401,0.36315746,0.39337621,0.42525602,0.45749473,0.48949062,0.52106631
YEM,2052,0.01953345,0.00241332,0.0016203,0.00112754,0.00081372,0.00061144,0.00048115,0.00039911,0.00034796,0.00031851,0.00030643,0.00030978,0.00032828,0.00037436,0.00045541,0.00056355,0.0006892,0.00082169,0.00097982,0.00116714,0.00134992,0.00149615,0.00157306,0.00159935,0.00161672,0.0016292,0.00164438,0.00166249,0.0016795,0.00169365,0.00171059,0.00173939,0.00178088,0.00183507,0.00189854,0.00197152,0.00205735,0.00215462,0.00226511,0.0023922,0.00253994,0.00271174,0.00291218,0.00314347,0.00340597,0.00370063,0.00402161,0.00437379,0.00475546,0.00516871,0.0056204,0.00610659,0.00665143,0.00727084,0.00797365,0.00875938,0.00960151,0.01051697,0.01151249,0.01260349,0.01380347,0.01509859,0.01653836,0.01815358,0.0199724,0.02202149,0.02428922,0.02682272,0.02964779,0.03279018,0.03627798,0.04011085,0.04433536,0.04900535,0.05417437,0.05990521,0.06627081,0.07335903,0.08129037,0.09016685,0.10002611,0.11086966,0.12264471,0.1353348,0.14896235,0.16360484,0.17941474,0.19653305,0.21509866,0.23522728,0.25696548,0.28041548,0.30567039,0.33269676,0.36145805,0.39157852,0.42343029,0.45567485,0.48770907,0.51936023
YEM,2053,0.01900459,0.0023373,0.00157318,0.00109735,0.00079368,0.00059755,0.0004709,0.00039102,0.00034119,0.00031252,0.00030083,0.00030425,0.00032255,0.0003679,0.00044758,0.00055393,0.00067753,0.00080798,0.00096354,0.00114764,0.0013273,0.00147091,0.0015467,0.0015728,0.00159017,0.00160272,0.00161779,0.00163591,0.00165297,0.00166733,0.00168428,0.00171278,0.00175413,0.00180807,0.00187102,0.00194332,0.0020283,0.00212464,0.00223407,0.00235982,0.00250593,0.00267615,0.00287491,0.0031042,0.00336445,0.00365651,0.00397457,0.00432329,0.00470124,0.00511066,0.00555888,0.00604164,0.00658204,0.00719629,0.00789303,0.0086716,0.00950626,0.01041339,0.01139911,0.01247981,0.01366851,0.01495176,0.01637842,0.01798025,0.01978546,0.02181306,0.02405718,0.02656725,0.02936695,0.03248506,0.035943,0.0397443,0.04393578,0.04857265,0.05370664,0.0593922,0.06570777,0.07274348,0.08061998,0.08943757,0.09922643,0.10999434,0.12169467,0.134306,0.14784768,0.16240108,0.1781243,0.19514418,0.21359393,0.23360793,0.25522975,0.27854959,0.30367233,0.33056211,0.35917424,0.38914215,0.42089601,0.45307105,0.48507181,0.51671984
YEM,2054,0.01851344,0.00226557,0.00152877,0.00106894,0.00077483,0.00058451,0.0004613,0.00038347,0.00033488,0.00030694,0.00029561,0.00029909,0.00031721,0.00036188,0.00044026,0.00054494,0.0006666,0.00079511,0.00094827,0.00112932,0.00130601,0.00144717,0.0015218,0.0015478,0.00156515,0.00157782,0.00159283,0.00161085,0.00162801,0.00164254,0.00165971,0.00168804,0.00172894,0.00178261,0.00184526,0.00191701,0.00200124,0.00209672,0.0022052,0.00232985,0.00247457,0.00264312,0.00284025,0.00306785,0.00332613,0.00361598,0.00393156,0.00427743,0.00465201,0.0050578,0.00550225,0.00598176,0.00651888,0.00712873,0.00782038,0.00859301,0.00942078,0.01032064,0.01129814,0.01236898,0.01354737,0.01481961,0.01623466,0.01782363,0.01961583,0.02163036,0.02385351,0.02634013,0.0291166,0.03220951,0.03564365,0.0394165,0.04357748,0.04818253,0.05328508,0.05893778,0.06521204,0.0722003,0.08002692,0.08879258,0.09852654,0.10923288,0.12086483,0.13341019,0.1468828,0.16136009,0.1770095,0.19395395,0.21231601,0.23222365,0.2537425,0.27696418,0.30197005,0.32874404,0.35723887,0.38708403,0.41876494,0.45089157,0.48287737,0.51454604
YEM,2055,0.01803577,0.00219557,0.0014853,0.00104107,0.00075631,0.00057165,0.00045181,0.000376,0.00032861,0.00030139,0.00029042,0.00029394,0.00031187,0.00035587,0.00043296,0.00053598,0.00065571,0.00078227,0.00093302,0.00111107,0.00128479,0.00142351,0.00149701,0.0015228,0.00154019,0.00155292,0.00156788,0.00158582,0.00160294,0.00161766,0.00163499,0.00166332,0.00170386,0.00175689,0.00181915,0.00189048,0.001974,0.0020686,0.00217609,0.00229962,0.00244303,0.00260999,0.0028052,0.00303091,0.00328726,0.0035749,0.00388809,0.00423117,0.0046026,0.00500469,0.0054451,0.00592051,0.00645394,0.00706,0.00774666,0.0085136,0.00933493,0.01022717,0.0111965,0.01225796,0.01342518,0.014686,0.01608876,0.0176647,0.01944246,0.02144237,0.02365105,0.02611428,0.02886443,0.03193097,0.03533647,0.03908297,0.04321199,0.04778262,0.05284922,0.05846643,0.06470534,0.0716474,0.07942055,0.08812952,0.09780473,0.10845318,0.12001781,0.132489,0.14588995,0.16029168,0.17586223,0.19272459,0.21100207,0.23081041,0.25220877,0.27531865,0.30021216,0.32685593,0.35522331,0.38494482,0.41654735,0.44861575,0.4805733,0.51224718
YEM,2056,0.01759683,0.00212934,0.00144433,0.00101488,0.00073895,0.00055961,0.00044291,0.00036898,0.00032274,0.00029616,0.00028551,0.00028908,0.00030681,0.00035017,0.0004261,0.00052763,0.00064563,0.00077044,0.00091898,0.00109429,0.00126534,0.00140179,0.00147422,0.00149979,0.00151705,0.00152985,0.00154469,0.00156252,0.00157958,0.0015943,0.00161175,0.00163997,0.00168028,0.00173274,0.00179424,0.00186506,0.00194798,0.00204176,0.00214822,0.00227059,0.00241269,0.00257815,0.00277155,0.00299514,0.00324944,0.00353498,0.00384584,0.00418633,0.00455477,0.00495347,0.00538987,0.00586102,0.00639,0.00699201,0.00767455,0.00843614,0.00925154,0.01013688,0.0110979,0.01215028,0.01330709,0.01455583,0.01594617,0.01750869,0.01927222,0.02125639,0.02344939,0.02589662,0.02862098,0.03165837,0.03503456,0.03875015,0.0428501,0.04738546,0.05241414,0.05799191,0.06419354,0.07109671,0.07881875,0.08746838,0.09708109,0.10766889,0.11917152,0.13157131,0.14489381,0.15921937,0.17471427,0.19149233,0.20968178,0.22939918,0.25069013,0.27367493,0.29844869,0.32497462,0.35320949,0.38280827,0.41434636,0.44637069,0.4783131,0.51000499
YEM,2057,0.0171241,0.00205956,0.00140082,0.00098686,0.00072024,0.00054657,0.00043325,0.00036133,0.00031631,0.00029046,0.00028016,0.00028376,0.00030128,0.00034393,0.00041855,0.00051839,0.00063446,0.00075728,0.00090335,0.00107555,0.00124358,0.00137759,0.00144884,0.0014742,0.00149142,0.00150423,0.00151906,0.00153678,0.00155382,0.0015686,0.00158609,0.00161426,0.00165431,0.00170637,0.00176718,0.00183711,0.00191934,0.00201238,0.00211784,0.00223898,0.00237968,0.00254357,0.00273514,0.00295656,0.00320837,0.00349147,0.00379988,0.00413758,0.00450297,0.00489819,0.00533061,0.00579719,0.00632116,0.00691783,0.00759542,0.00835202,0.00916122,0.01003954,0.01099232,0.01203474,0.01318072,0.01441744,0.01579381,0.01734187,0.01908978,0.02105737,0.02323238,0.0256611,0.02836625,0.03137368,0.03471611,0.03839853,0.04246296,0.04696443,0.05195253,0.0574869,0.06364526,0.0705058,0.07818277,0.08677388,0.09631967,0.10684153,0.11827815,0.13061114,0.14385732,0.15809853,0.17351621,0.19021258,0.20831052,0.22793247,0.2491256,0.27200068,0.29664296,0.32304706,0.35116545,0.3806404,0.4121184,0.44411121,0.47604889,0.50776585
YEM,2058,0.01664763,0.00199019,0.00135726,0.00095864,0.00070132,0.00053334,0.00042343,0.00035356,0.00030977,0.00028464,0.0002747,0.00027835,0.00029565,0.00033758,0.00041083,0.0005089,0.00062294,0.00074374,0.00088725,0.00105626,0.00122117,0.00135262,0.00142275,0.00144791,0.0014651,0.001478,0.00149272,0.00151041,0.00152743,0.00154232,0.00155989,0.0015879,0.00162773,0.00167935,0.00173966,0.0018088,0.00188999,0.00198222,0.00208682,0.0022068,0.00234608,0.00250835,0.00269811,0.00291747,0.00316686,0.00344719,0.00375296,0.00408794,0.00445026,0.00484212,0.00527069,0.00573298,0.00625189,0.00684293,0.00751453,0.00826566,0.00906952,0.009941,0.01088589,0.01191891,0.0130536,0.01427831,0.01564126,0.01717372,0.01890543,0.0208555,0.02301213,0.02542041,0.02810415,0.03108905,0.03439728,0.03804222,0.04206906,0.04653006,0.05147921,0.05696735,0.06307792,0.06988873,0.07751546,0.08605256,0.09552976,0.10597764,0.11733832,0.12959494,0.14276326,0.15691503,0.17223767,0.18884002,0.20683685,0.22634414,0.24741541,0.270167,0.29466331,0.32089712,0.34885313,0.37817246,0.40953202,0.44143493,0.47331384,0.50499665
YEM,2059,0.01621873,0.00192592,0.00131702,0.00093263,0.00068394,0.0005212,0.00041443,0.00034643,0.00030377,0.0002793,0.00026968,0.00027336,0.00029045,0.00033172,0.00040375,0.00050023,0.00061243,0.00073139,0.00087262,0.00103874,0.0012008,0.00132989,0.0013989,0.0014239,0.00144101,0.00145396,0.0014686,0.00148616,0.00150319,0.00151812,0.00153576,0.00156363,0.00160311,0.00165434,0.00171412,0.00178269,0.00186299,0.00195413,0.00205786,0.00217689,0.00231493,0.0024757,0.00266376,0.00288124,0.00312855,0.00340646,0.00370952,0.00404187,0.00440151,0.00479035,0.00521556,0.00567411,0.00618872,0.00677461,0.00744051,0.00818569,0.0089844,0.00985078,0.01078885,0.01181382,0.01293889,0.01415233,0.01550329,0.01702237,0.01873856,0.02067267,0.02281242,0.02520267,0.02786615,0.03082985,0.0341159,0.03772747,0.04171727,0.04614138,0.05105108,0.05650216,0.06257036,0.06933637,0.07691663,0.08540738,0.09483578,0.10522495,0.11652047,0.12871165,0.14181553,0.15590232,0.17115363,0.18767527,0.20559478,0.22501985,0.24599776,0.26865781,0.293061,0.31918587,0.34701741,0.37623105,0.40754696,0.43942257,0.4713115,0.50303938
YEM,2060,0.01578874,0.00186247,0.00127694,0.00090651,0.00066632,0.00050883,0.00040521,0.00033911,0.0002976,0.00027379,0.00026448,0.00026818,0.00028507,0.00032563,0.00039634,0.00049112,0.00060136,0.00071832,0.00085709,0.00102014,0.00117917,0.00130575,0.00137356,0.00139834,0.00141545,0.00142842,0.00144299,0.00146046,0.00147742,0.00149246,0.00151015,0.00153789,0.00157703,0.00162773,0.00168699,0.0017549,0.00183444,0.00192453,0.00202699,0.00214494,0.00228177,0.00244102,0.00262724,0.00284266,0.00308774,0.00336316,0.00366342,0.00399256,0.00434908,0.00473472,0.0051563,0.00561094,0.00612108,0.00670177,0.00736148,0.00809986,0.00889166,0.0097518,0.01068348,0.01169997,0.01281515,0.01401724,0.01535495,0.01685986,0.01856025,0.02047613,0.02259728,0.02496731,0.02760889,0.03054787,0.03380787,0.03739296,0.04134362,0.04572421,0.05059024,0.05599472,0.06202009,0.06873562,0.07626173,0.08469548,0.09406661,0.10439895,0.11562443,0.12773841,0.14076401,0.15477205,0.16994701,0.18637909,0.20419684,0.22352263,0.24439459,0.2669396,0.29122308,0.31722585,0.34491924,0.37398323,0.40520891,0.43702299,0.46886961,0.50059033
YEM,2061,0.01537413,0.00180037,0.0012377,0.00088095,0.00064909,0.00049671,0.00039618,0.00033193,0.00029154,0.00026836,0.00025936,0.00026307,0.00027974,0.00031961,0.00038906,0.0004822,0.00059057,0.00070561,0.00084199,0.00100209,0.00115823,0.00128239,0.00134902,0.00137352,0.00139053,0.00140357,0.00141802,0.00143537,0.00145227,0.0014673,0.00148506,0.00151261,0.00155141,0.00160157,0.00166017,0.00172743,0.00180613,0.00189532,0.00199658,0.00211308,0.00224861,0.00240644,0.00259088,0.00280422,0.00304702,0.00331997,0.00361756,0.00394361,0.00429662,0.00467883,0.00509686,0.00554761,0.00605343,0.00662912,0.00728307,0.00801467,0.00879922,0.0096518,0.01057652,0.01158568,0.01269123,0.01388247,0.01520767,0.01669798,0.0183828,0.02028136,0.02238285,0.02473231,0.02735127,0.03026557,0.03349775,0.03705441,0.04097565,0.0453132,0.05013155,0.05548832,0.06146452,0.06813348,0.07560436,0.08397857,0.09328751,0.10356121,0.11472672,0.12676744,0.13971246,0.15363828,0.16873483,0.18508731,0.20281143,0.222031,0.24280108,0.26524292,0.28941052,0.3152955,0.34287184,0.37181013,0.40294891,0.43471407,0.46654901,0.49828203
YEM,2062,0.01498761,0.00174165,0.00120057,0.00085672,0.00063276,0.00048525,0.00038765,0.00032517,0.00028583,0.00026326,0.00025454,0.00025827,0.00027472,0.00031394,0.00038218,0.00047375,0.00058031,0.00069353,0.00082761,0.00098483,0.00113818,0.00126006,0.00132556,0.00134982,0.00136673,0.0013798,0.00139423,0.00141147,0.00142833,0.00144342,0.00146118,0.00148863,0.0015271,0.0015768,0.0016348,0.00170136,0.00177934,0.00186766,0.00196799,0.00208323,0.00221724,0.0023737,0.00255666,0.00276819,0.00300889,0.00327955,0.00357474,0.00389812,0.00424805,0.00462676,0.00504135,0.00548868,0.00599063,0.00656197,0.0072109,0.00793675,0.00871468,0.00956002,0.01047707,0.0114791,0.01257717,0.01375882,0.01507309,0.01655072,0.01822071,0.02010345,0.02218759,0.02451681,0.02711439,0.03000503,0.03321138,0.03673983,0.04063183,0.04493907,0.0497127,0.05502006,0.06094847,0.06756674,0.07498919,0.08330537,0.09255204,0.10276405,0.11386939,0.12584856,0.13871773,0.15255883,0.16757193,0.18383982,0.20147706,0.22059255,0.24124258,0.26357022,0.28761278,0.31335585,0.3407849,0.36957696,0.40059814,0.43225513,0.4640209,0.49571888
YEM,2063,0.01457687,0.00168021,0.00116157,0.0008312,0.00061547,0.00047307,0.00037857,0.00031794,0.00027973,0.00025781,0.00024938,0.00025313,0.00026935,0.00030788,0.00037485,0.00046479,0.00056945,0.00068073,0.00081244,0.00096668,0.00111708,0.00123658,0.00130097,0.00132498,0.00134179,0.00135487,0.00136921,0.00138639,0.00140319,0.00141832,0.00143612,0.00146336,0.00150155,0.00155072,0.00160812,0.00167396,0.00175104,0.00183848,0.00193776,0.00205186,0.00218437,0.00233905,0.00252035,0.0027301,0.00296869,0.00323694,0.00352955,0.00385014,0.004197,0.0045722,0.00498277,0.00542626,0.00592426,0.00649109,0.007135,0.00785513,0.0086267,0.00946449,0.01037314,0.01136612,0.01245566,0.01362864,0.01493184,0.01639693,0.0180525,0.01991849,0.02198505,0.02429452,0.0268689,0.02973479,0.03291376,0.03641324,0.04027321,0.04454713,0.04928632,0.05454399,0.06041937,0.06698511,0.07435147,0.08261362,0.09179652,0.10194428,0.11298464,0.12490119,0.13770686,0.15146916,0.16639817,0.18257966,0.20012996,0.2191574,0.23970233,0.26191497,0.28584836,0.31147624,0.33877948,0.36744997,0.39840092,0.43000127,0.46172999,0.49343397
YEM,2064,0.01420882,0.00162404,0.00112581,0.00080776,0.0005996,0.00046185,0.00037018,0.00031126,0.00027407,0.00025274,0.00024458,0.00024832,0.00026433,0.0003022,0.000368,0.00045642,0.00055937,0.00066887,0.00079836,0.00094986,0.00109754,0.00121476,0.00127807,0.00130184,0.00131852,0.00133156,0.00134575,0.0013628,0.00137956,0.00139467,0.00141246,0.00143951,0.0014773,0.00152598,0.00158275,0.00164788,0.00172409,0.00181053,0.00190881,0.00202172,0.00215293,0.00230593,0.00248526,0.00269318,0.00292986,0.00319584,0.00348593,0.00380376,0.00414764,0.00451954,0.00492633,0.00536561,0.00585949,0.00642205,0.0070611,0.0077759,0.00854153,0.00937251,0.01027291,0.01125655,0.01233606,0.01349988,0.01479373,0.01624692,0.01788906,0.01973962,0.02178852,0.02407897,0.02663172,0.02947209,0.0326238,0.03609401,0.03992258,0.04416172,0.04886487,0.0540855,0.05990907,0.06641803,0.0737277,0.08192903,0.0910536,0.10113627,0.11210897,0.12395729,0.13669722,0.15039216,0.16524097,0.18133153,0.19878824,0.21772201,0.23817267,0.2602774,0.28408868,0.30960258,0.33678789,0.36533547,0.3962111,0.42776194,0.45946105,0.49115656
YEM,2065,0.01383076,0.00156717,0.00108943,0.00078377,0.00058327,0.00045028,0.0003615,0.00030433,0.00026819,0.00024746,0.00023959,0.00024333,0.0002591,0.0002963,0.00036086,0.00044767,0.00054878,0.00065643,0.00078358,0.00093217,0.00107701,0.00119186,0.00125398,0.00127752,0.0012941,0.00130712,0.00132119,0.00133809,0.00135477,0.00136993,0.00138769,0.00141455,0.00145197,0.00150008,0.00155624,0.00162062,0.00169595,0.00178138,0.0018785,0.00199023,0.00212003,0.0022715,0.00244887,0.00265451,0.00288909,0.00315286,0.00344041,0.00375534,0.00409606,0.00446456,0.00486757,0.00530265,0.00579174,0.00634953,0.00698362,0.00769286,0.00845254,0.0092767,0.01016914,0.01114309,0.01221171,0.01336421,0.01464758,0.01609003,0.01771869,0.01955407,0.02158585,0.02385623,0.02638707,0.02920244,0.03232483,0.03576458,0.03956006,0.04376367,0.04842768,0.0536079,0.05939143,0.06584326,0.07308999,0.08122803,0.09028519,0.10030658,0.11120913,0.12298487,0.13565159,0.14927528,0.16405494,0.18005828,0.19741587,0.21624852,0.23659933,0.25860921,0.28230824,0.30769805,0.33477016,0.36320577,0.39400774,0.42551001,0.45719227,0.48889315
YEM,2066,0.01349254,0.00151744,0.00105735,0.00076244,0.00056862,0.00043985,0.00035368,0.00029807,0.0002629,0.00024271,0.00023509,0.00023885,0.00025444,0.00029106,0.00035457,0.00044002,0.00053957,0.00064567,0.00077094,0.00091716,0.0010597,0.0011727,0.00123394,0.00125731,0.00127394,0.00128708,0.00130105,0.00131782,0.0013344,0.00134954,0.00136732,0.00139383,0.00143078,0.00147827,0.00153369,0.0015973,0.00167154,0.00175579,0.00185155,0.00196173,0.00208989,0.00223938,0.00241457,0.00261755,0.00284907,0.00310986,0.0033943,0.00370557,0.00404209,0.00440595,0.00480381,0.00523352,0.00571646,0.00626714,0.00689389,0.00759531,0.00834698,0.0091622,0.01004425,0.01100599,0.01206007,0.01319766,0.01446524,0.01589237,0.017505,0.01932089,0.02133263,0.02358004,0.02608402,0.02886987,0.0319588,0.03536282,0.03912084,0.04328399,0.04790496,0.0530385,0.05877762,0.06518479,0.07236902,0.08043904,0.08942945,0.09938585,0.11023032,0.12194146,0.13454374,0.14810473,0.16282965,0.17878053,0.1960702,0.21482722,0.23510659,0.25705248,0.2806941,0.3060154,0.33301553,0.36140092,0.39221327,0.42375096,0.45550768,0.48732464
YEM,2067,0.01320808,0.001475,0.00103014,0.00074446,0.00055632,0.00043107,0.00034708,0.0002928,0.00025841,0.00023868,0.00023127,0.00023503,0.00025045,0.00028654,0.00034906,0.00043325,0.00053135,0.00063596,0.00075942,0.00090343,0.00104375,0.00115492,0.00121533,0.00123854,0.00125511,0.00126834,0.00128222,0.00129884,0.00131532,0.00133041,0.00134816,0.00137443,0.00141093,0.00145785,0.00151261,0.00157543,0.00164872,0.00173183,0.00182635,0.00193508,0.00206157,0.00220923,0.00238227,0.00258288,0.00281153,0.00306902,0.00335034,0.00365821,0.00399078,0.00435013,0.00474298,0.00516751,0.00564467,0.00618862,0.0068076,0.00750102,0.00824493,0.00905139,0.00992355,0.01087369,0.01191424,0.01303718,0.01428867,0.01569872,0.01729474,0.01909317,0.02108536,0.02331062,0.02578894,0.0285447,0.03160059,0.03496994,0.03868864,0.04281047,0.04738695,0.05247332,0.05816436,0.06452262,0.07165685,0.07965735,0.08857254,0.09845892,0.1092324,0.12087974,0.13341089,0.14689954,0.16155524,0.17744254,0.19467109,0.21335042,0.23354462,0.25541116,0.27898297,0.30424338,0.33117442,0.35949288,0.39030816,0.42187819,0.45369802,0.48561918
YEM,2068,0.01292306,0.00143318,0.00100311,0.00072644,0.00054392,0.00042218,0.00034036,0.00028741,0.00025383,0.00023455,0.00022735,0.00023111,0.00024635,0.00028188,0.00034337,0.0004262,0.00052276,0.0006258,0.00074729,0.0008889,0.00102694,0.00113617,0.00119567,0.00121876,0.0012353,0.00124855,0.00126236,0.00127888,0.00129526,0.00131032,0.00132802,0.00135401,0.00139011,0.00143644,0.00149052,0.00155258,0.0016248,0.00170681,0.00180002,0.00190731,0.00203212,0.00217776,0.00234862,0.00254671,0.00277262,0.0030268,0.00330443,0.00360868,0.00393736,0.0042922,0.0046799,0.00509906,0.00557029,0.00610755,0.00671875,0.00740326,0.00813875,0.00893636,0.00979842,0.01073705,0.01176424,0.01287301,0.01410813,0.01550019,0.01707706,0.01885676,0.02083083,0.02303392,0.02548693,0.02821337,0.03123508,0.03456945,0.03824947,0.04232746,0.04685786,0.0518948,0.05753618,0.06384094,0.07092,0.07886352,0.08770131,0.09750777,0.10820435,0.11977358,0.13223352,0.14564153,0.1602155,0.17602073,0.19317252,0.21177738,0.23187863,0.25364365,0.27712013,0.30229508,0.32914899,0.35738447,0.38815705,0.41972123,0.45156545,0.48353911
YEM,2069,0.01265486,0.00139221,0.00097681,0.000709,0.00053198,0.00041368,0.00033397,0.00028228,0.00024947,0.00023064,0.00022363,0.0002274,0.00024246,0.00027746,0.00033797,0.00041952,0.00051462,0.00061618,0.00073583,0.00087512,0.00101092,0.00111838,0.001177,0.00119993,0.00121647,0.00122979,0.00124347,0.00125991,0.00127624,0.00129129,0.00130897,0.00133466,0.00137035,0.00141617,0.00146959,0.00153091,0.00160216,0.00168303,0.00177505,0.00188091,0.00200412,0.00214784,0.00231647,0.00251218,0.00273538,0.00298661,0.00326081,0.00356112,0.00388595,0.00423664,0.00461951,0.00503348,0.00549896,0.00602979,0.00663373,0.0073099,0.00803661,0.00882532,0.00967788,0.01060552,0.01162017,0.01271572,0.01393579,0.01531037,0.01686797,0.01862711,0.02058264,0.02276615,0.025195,0.02789372,0.03088339,0.03418306,0.0378258,0.04186243,0.04634603,0.05133395,0.05692559,0.06317803,0.0702002,0.0780847,0.08686205,0.09659051,0.10720493,0.11869567,0.13107571,0.14441071,0.15890303,0.17462342,0.19169058,0.21021738,0.23024368,0.25191251,0.2752833,0.30035939,0.3271242,0.3552824,0.38601775,0.41756634,0.44943988,0.48147719
YEM,2070,0.01239089,0.00135298,0.00095136,0.00069198,0.00052021,0.00040523,0.00032758,0.00027714,0.00024508,0.00022669,0.00021987,0.00022363,0.00023851,0.00027297,0.00033247,0.00041272,0.00050634,0.00060638,0.00072415,0.00086111,0.00099459,0.0011002,0.001158,0.00118073,0.00119722,0.00121059,0.00122416,0.00124043,0.00125671,0.00127175,0.00128938,0.00131477,0.00135001,0.00139525,0.00144805,0.00150858,0.00157883,0.00165858,0.00174931,0.00185377,0.00197531,0.0021171,0.00228349,0.00247663,0.0026971,0.00294525,0.0032162,0.00351263,0.00383305,0.00417942,0.00455761,0.00496649,0.00542613,0.00595042,0.00654707,0.00721511,0.00793323,0.00871217,0.00955471,0.01047146,0.01147358,0.01255611,0.01376139,0.01511915,0.01665728,0.01839498,0.02032916,0.0224917,0.02489812,0.02756921,0.0305273,0.03379288,0.03739668,0.04139129,0.04582838,0.05076397,0.05630316,0.06249955,0.06946197,0.07728103,0.08599072,0.09565285,0.10618027,0.11757932,0.12987052,0.14311342,0.15752032,0.1731418,0.19010492,0.20852673,0.22845554,0.25002877,0.27328171,0.29823248,0.32488047,0.35293563,0.38361466,0.41511883,0.44697115,0.47902812
YEM,2071,0.01211655,0.00131301,0.00092527,0.00067442,0.00050802,0.00039643,0.00032091,0.00027178,0.00024051,0.00022255,0.00021594,0.0002197,0.00023438,0.00026831,0.00032686,0.00040588,0.00049811,0.00059673,0.00071275,0.00084757,0.00097896,0.00108281,0.0011398,0.00116242,0.00117884,0.00119224,0.00120572,0.00122186,0.00123801,0.00125304,0.00127062,0.00129568,0.00133045,0.00137508,0.0014272,0.00148701,0.00155625,0.00163487,0.00172433,0.00182733,0.00194727,0.00208713,0.00225135,0.00244203,0.00265974,0.00290499,0.00317276,0.00346575,0.00378208,0.0041238,0.00449738,0.00490162,0.00535588,0.00587401,0.00646383,0.00712438,0.00783489,0.00860509,0.00943748,0.01034358,0.01133411,0.01240445,0.01359617,0.01493855,0.01645928,0.01817693,0.02009065,0.02223143,0.02461638,0.02726432,0.03019372,0.03342878,0.03699789,0.04095273,0.04534709,0.05023572,0.05572482,0.06186949,0.06877657,0.07653681,0.08518308,0.09478384,0.10525089,0.1165691,0.12877523,0.14193648,0.1562602,0.17180541,0.18867934,0.20700876,0.22684791,0.2483414,0.27151825,0.2963733,0.32292159,0.3508926,0.38154583,0.41305563,0.44493552,0.47704797
YEM,2072,0.01186553,0.00127482,0.00090052,0.00065786,0.00049658,0.00038821,0.00031469,0.00026678,0.00023625,0.00021871,0.00021227,0.00021602,0.00023053,0.00026392,0.00032151,0.00039928,0.00049007,0.00058725,0.00070148,0.00083406,0.00096327,0.00106532,0.00112139,0.00114385,0.00116027,0.00117368,0.00118703,0.00120307,0.00121911,0.00123408,0.00125166,0.00127645,0.00131079,0.00135484,0.00140628,0.00146534,0.00153365,0.00161117,0.0016994,0.00180099,0.0019193,0.00205731,0.00221937,0.00240762,0.0026226,0.00286479,0.00312943,0.00341887,0.00373138,0.00406857,0.00443697,0.00483639,0.00528544,0.00579745,0.00638023,0.00703301,0.00773568,0.00849723,0.00931958,0.01021395,0.0111922,0.01225044,0.0134285,0.01475567,0.01625911,0.01795716,0.01984976,0.02196726,0.02432713,0.02694995,0.02985225,0.03305639,0.03659083,0.04050631,0.04485578,0.04969632,0.05513511,0.06122361,0.06807193,0.0757688,0.08434806,0.09387975,0.10427787,0.11552817,0.12764396,0.14070891,0.15493984,0.1703875,0.18717126,0.20539629,0.22512903,0.24651915,0.26960325,0.29436911,0.32080816,0.34866923,0.37926564,0.41075073,0.44264175,0.47478803
YEM,2073,0.01161985,0.00123861,0.00087684,0.00064188,0.00048544,0.00038015,0.00030856,0.00026183,0.00023202,0.00021489,0.00020863,0.00021236,0.00022668,0.00025955,0.00031616,0.00039266,0.00048202,0.00057772,0.00069015,0.00082049,0.0009475,0.00104774,0.00110293,0.00112515,0.00114152,0.001155,0.00116821,0.00118409,0.00120005,0.00121497,0.00123247,0.00125701,0.00129095,0.00133442,0.0013852,0.00144349,0.00151083,0.00158731,0.00167431,0.00177452,0.00189124,0.00202736,0.00218732,0.00237314,0.00258545,0.00282464,0.00308601,0.00337201,0.00368067,0.00401371,0.00437718,0.00477126,0.00521505,0.00572132,0.0062974,0.00694256,0.00763748,0.00839058,0.00920347,0.01008674,0.01105209,0.01209796,0.01326298,0.01457545,0.01606259,0.01774218,0.01961526,0.02171013,0.02404487,0.02664048,0.02951552,0.03269231,0.03619378,0.04007226,0.04437989,0.049173,0.05456327,0.06059885,0.06738767,0.07502214,0.08353487,0.09299937,0.103327,0.11450748,0.12655453,0.13952603,0.15365669,0.16900497,0.18568366,0.20381235,0.22343574,0.2447167,0.26769883,0.29237808,0.31873708,0.34650497,0.37704156,0.40849613,0.4403906,0.47257365
YEM,2074,0.01135843,0.00120025,0.00085171,0.00062492,0.0004736,0.00037156,0.00030202,0.00025654,0.00022749,0.0002108,0.00020472,0.00020843,0.00022255,0.00025486,0.00031045,0.00038561,0.00047344,0.00056759,0.0006781,0.00080611,0.00093082,0.00102917,0.00108346,0.00110547,0.00112172,0.00113522,0.00114836,0.00116407,0.0011799,0.00119479,0.00121221,0.00123642,0.00126993,0.00131282,0.00136288,0.00142037,0.00148665,0.00156195,0.00164768,0.00174639,0.00186141,0.00199553,0.00215315,0.00233642,0.00254582,0.0027818,0.00303969,0.00332179,0.00362635,0.00395481,0.00431329,0.00470182,0.00513926,0.00563913,0.00620822,0.00684534,0.00753184,0.00827571,0.0090784,0.00995008,0.01090194,0.01193341,0.01308368,0.0143805,0.01585002,0.01751007,0.01936251,0.02143397,0.02374147,0.02630666,0.02914868,0.03229414,0.03576249,0.03960142,0.04386492,0.04860855,0.05394532,0.05992405,0.06665041,0.07421467,0.0826542,0.0920439,0.10229476,0.11339519,0.12536261,0.13825503,0.15228031,0.16751355,0.18407839,0.20208805,0.22160499,0.2427672,0.26563369,0.29020788,0.31647861,0.34416915,0.37465516,0.40607902,0.43798063,0.47020975
YEM,2075,0.01111913,0.00116394,0.00082799,0.00060895,0.00046252,0.00036356,0.00029595,0.00025164,0.0002233,0.00020701,0.00020111,0.00020481,0.00021874,0.00025052,0.00030518,0.00037913,0.00046558,0.00055832,0.00066711,0.00079297,0.00091562,0.00101225,0.00106568,0.0010875,0.00110368,0.00111714,0.00113017,0.00114579,0.00116149,0.0011763,0.00119368,0.00121758,0.00125062,0.00129298,0.00134241,0.00139914,0.00146444,0.00153864,0.00162315,0.00172052,0.00183394,0.00196621,0.00212174,0.0023026,0.00250941,0.00274245,0.00299722,0.00327582,0.00357649,0.00390085,0.00425471,0.00463852,0.00507037,0.00556378,0.00612644,0.00675667,0.00743589,0.00817148,0.00896493,0.00982619,0.01076615,0.01178488,0.01292065,0.01420267,0.01565654,0.01729897,0.01913321,0.02118393,0.02346759,0.02600477,0.02881545,0.03192893,0.03536572,0.03917116,0.04339451,0.04809343,0.05338218,0.05930675,0.06597505,0.07347515,0.08184292,0.09116077,0.10133679,0.11236049,0.12424734,0.13705892,0.15100443,0.16612689,0.18257001,0.20045924,0.21985064,0.24089893,0.26363582,0.28808083,0.31422858,0.34181128,0.37223025,0.40359111,0.43545285,0.4676788
YEM,2076,0.01086711,0.00112804,0.0008041,0.00059258,0.00045097,0.00035513,0.00028948,0.0002464,0.0002188,0.00020292,0.0001972,0.00020089,0.00021463,0.00024587,0.00029958,0.0003723,0.00045736,0.00054865,0.00065569,0.00077944,9e-04,0.00099498,0.00104758,0.00106918,0.00108527,0.00109874,0.00111161,0.0011271,0.00114273,0.00115744,0.0011747,0.0011983,0.00123088,0.00127262,0.0013214,0.00137739,0.00144171,0.00151481,0.00159806,0.00169402,0.00180589,0.00193629,0.0020897,0.00226821,0.00247237,0.00270259,0.00295426,0.00322947,0.00352636,0.00384651,0.00419592,0.00457502,0.00500181,0.0054892,0.00604499,0.00666853,0.00734122,0.00806925,0.00885393,0.00970519,0.01063391,0.01164093,0.01276338,0.0140304,0.01546918,0.0170959,0.01891386,0.02094649,0.02320933,0.02572241,0.02850471,0.03158836,0.03499351,0.03876808,0.04295916,0.04761957,0.05286789,0.05874762,0.06536533,0.07281179,0.0811216,0.09037803,0.1004931,0.11145476,0.1232791,0.13602527,0.1499075,0.16496833,0.18131823,0.19910594,0.21840421,0.2393615,0.26202966,0.28640113,0.31248652,0.34002546,0.37045869,0.40186131,0.43377854,0.46608646
YEM,2077,0.01062883,0.00109302,0.0007809,0.00057675,0.00043983,0.000347,0.00028327,0.00024135,0.00021446,0.00019898,0.00019343,0.00019708,0.00021062,0.00024132,0.00029403,0.00036544,0.00044903,0.0005388,0.00064396,0.00076542,0.00088374,0.00097687,0.0010286,0.00104998,0.00106596,0.00107941,0.00109213,0.00110742,0.00112293,0.00113761,0.00115475,0.00117801,0.00121014,0.00125127,0.00129933,0.00135456,0.00141789,0.00148984,0.0015718,0.00166629,0.00177649,0.00190499,0.00205617,0.00223217,0.00243356,0.00266066,0.00290907,0.00318059,0.00347348,0.00378917,0.00413361,0.00450772,0.0049289,0.00541015,0.00595865,0.00657388,0.00723898,0.00795892,0.00873418,0.00957447,0.01049084,0.0114851,0.01259343,0.01384439,0.015265,0.01687309,0.0186725,0.02068419,0.02292346,0.02540939,0.02816048,0.03120957,0.03457674,0.03831064,0.04246116,0.04707879,0.05227834,0.05810412,0.06466107,0.07203841,0.08027419,0.08945209,0.09948144,0.11035569,0.12208867,0.13473963,0.1485204,0.16347662,0.17971975,0.19736131,0.21650077,0.2373028,0.25981194,0.28404008,0.30996814,0.33735467,0.36766854,0.39897871,0.4308279,0.4630764
YEM,2078,0.0103964,0.001059,0.00075835,0.00056135,0.00042898,0.00033908,0.00027721,0.00023645,0.00021024,0.00019515,0.00018976,0.00019339,0.00020673,0.00023691,0.00028868,0.00035886,0.00044101,0.00052935,0.00063275,0.000752,0.0008682,0.0009596,0.00101045,0.00103166,0.00104756,0.00106098,0.00107358,0.00108871,0.00110405,0.00111867,0.00113577,0.0011587,0.00119037,0.00123094,0.00127833,0.00133278,0.00139518,0.00146607,0.00154681,0.0016399,0.0017485,0.00187516,0.00202428,0.0021979,0.00239666,0.00262086,0.0028661,0.00313423,0.00342329,0.00373482,0.0040746,0.00444379,0.00485978,0.00533517,0.00587728,0.00648499,0.00714211,0.00785432,0.00862119,0.00945148,0.01035621,0.01133842,0.01243361,0.0136701,0.01507432,0.01666393,0.01844576,0.02043885,0.02265691,0.0251188,0.02784216,0.0308612,0.03419387,0.03788993,0.04200031,0.04657872,0.0517393,0.05751909,0.06402509,0.07134513,0.07951667,0.08862938,0.09859001,0.10939015,0.12104896,0.1336229,0.14732487,0.16219646,0.17835454,0.1959128,0.21493255,0.23560919,0.25800762,0.28213334,0.30798567,0.33529603,0.36558021,0.3968919,0.42878194,0.46110394
YEM,2079,0.01016931,0.00102589,0.00073633,0.00054627,0.00041835,0.00033129,0.00027125,0.00023161,0.00020609,0.00019138,0.00018614,0.00018974,0.00020289,0.00023254,0.00028339,0.00035236,0.00043313,0.00052002,0.00062169,0.00073883,0.00085289,0.00094259,0.0009926,0.00101359,0.00102943,0.00104284,0.0010553,0.00107027,0.00108548,0.00109997,0.00111698,0.00113965,0.00117086,0.00121084,0.00125759,0.00131128,0.00137271,0.00144256,0.00152212,0.00161384,0.00172087,0.00184569,0.00199274,0.00216408,0.00236025,0.00258161,0.0028238,0.00308849,0.0033739,0.00368131,0.00401658,0.00438101,0.0047917,0.00526145,0.00579722,0.0063981,0.00704773,0.00775141,0.00850986,0.00933086,0.01022455,0.01119495,0.01227723,0.01349968,0.01488849,0.01646067,0.018224,0.02019828,0.02239619,0.0248349,0.02753201,0.03052253,0.03382302,0.03748211,0.0415521,0.04608795,0.05120892,0.05694785,0.06340517,0.07067112,0.07878249,0.08783043,0.09772456,0.10845494,0.12003812,0.13253583,0.14615873,0.16094769,0.17701712,0.19448721,0.21342303,0.23397843,0.25625377,0.28027599,0.30603554,0.33328322,0.36353635,0.39484462,0.42676663,0.45916095
YEM,2080,0.0099236,0.00099132,0.00071299,0.00053008,0.00040681,0.00032279,0.0002647,0.00022627,0.0002015,0.00018721,0.00018214,0.00018571,0.00019864,0.00022774,0.00027762,0.00034534,0.0004247,0.00051011,0.00060996,0.00072496,0.00083694,0.00092487,0.00097404,0.00099481,0.00101056,0.00102401,0.00103636,0.00105117,0.00106624,0.00108063,0.00109747,0.00111979,0.00115057,0.00118991,0.00123594,0.00128885,0.00134928,0.00141799,0.00149632,0.00158663,0.00169202,0.00181494,0.00195983,0.00212879,0.0023224,0.00254087,0.00277999,0.0030413,0.00332293,0.00362629,0.00395697,0.00431667,0.00472212,0.00518604,0.00571568,0.00630978,0.00695272,0.00764843,0.00839762,0.00920929,0.01009266,0.01105183,0.01212143,0.01333012,0.01470409,0.01626008,0.01800624,0.01996103,0.02213886,0.02455586,0.02722794,0.03019168,0.03346176,0.03708641,0.04111693,0.0456099,0.0506874,0.05638458,0.06279843,0.07001234,0.07806631,0.0870524,0.09687846,0.10753861,0.11904724,0.13146271,0.14500191,0.15970157,0.17567686,0.19304497,0.21187826,0.23233181,0.25446208,0.27833405,0.30395753,0.33107602,0.36124494,0.39247533,0.42434437,0.45671514
YEM,2081,0.00969104,0.00095786,0.00069074,0.00051482,0.000396,0.00031485,0.00025859,0.00022129,0.00019721,0.00018331,0.00017841,0.00018195,0.00019467,0.00022322,0.0002721,0.00033851,0.00041639,0.00050029,0.00059827,0.00071095,0.00082073,0.00090688,0.00095512,0.00097571,0.00099138,0.00100481,0.00101707,0.00103174,0.00104668,0.00106098,0.00107772,0.00109969,0.00113001,0.0011688,0.00121412,0.00126623,0.00132566,0.00139323,0.00147026,0.00155915,0.0016629,0.00178386,0.0019265,0.0020929,0.00228368,0.00249907,0.00273481,0.0029924,0.00326994,0.00356876,0.00389454,0.004249,0.00464869,0.00510613,0.00562848,0.00621486,0.00684978,0.00753689,0.00827586,0.00907564,0.00994699,0.01089401,0.01194971,0.01314276,0.01449964,0.01603708,0.01776408,0.01969709,0.02185007,0.02424104,0.02688492,0.02981835,0.03305491,0.03664185,0.04063014,0.04507543,0.0501033,0.05574867,0.06211187,0.06927275,0.07726491,0.08618617,0.0959424,0.10652696,0.11795813,0.13029192,0.14374256,0.15835222,0.17423372,0.1915064,0.21024226,0.23060506,0.25265522,0.27641556,0.3019357,0.32898017,0.35912858,0.39038487,0.42230346,0.45476168
YEM,2082,0.00949023,0.00093028,0.00067228,0.00050205,0.00038687,0.00030805,0.0002533,0.00021694,0.00019343,0.00017985,0.00017509,0.0001786,0.00019112,0.00021915,0.00026711,0.00033231,0.00040879,0.00049126,0.00058753,0.00069812,0.00080583,0.00089037,0.00093784,0.00095818,0.00097378,0.0009872,0.00099932,0.00101386,0.00102866,0.00104285,0.00105947,0.00108112,0.00111095,0.00114916,0.00119385,0.00124518,0.00130363,0.00137013,0.00144592,0.00153336,0.0016355,0.00175455,0.00189496,0.00205883,0.00224675,0.002459,0.0026914,0.00294523,0.00321868,0.00351302,0.0038338,0.00418311,0.00457698,0.00502796,0.00554305,0.00612134,0.00674824,0.00742645,0.00815578,0.00894405,0.00980213,0.01073665,0.01177895,0.0129567,0.0142964,0.01581508,0.01752267,0.01943428,0.02156279,0.02392573,0.02654016,0.02944296,0.03264506,0.03619359,0.04013866,0.04453574,0.04951057,0.05509879,0.06140165,0.06850242,0.07643139,0.08528032,0.09495772,0.10545586,0.1167917,0.1290256,0.14237012,0.15686353,0.17262659,0.18977545,0.20838405,0.22861194,0.25052678,0.27415349,0.29949833,0.32636906,0.35637986,0.38751825,0.4193579,0.45175162
YEM,2083,0.00930379,0.00090361,0.00065459,0.00048991,0.00037826,0.00030171,0.00024839,0.00021292,0.00018995,0.00017668,0.00017203,0.00017551,0.00018786,0.0002154,0.00026247,0.0003265,0.00040164,0.00048273,0.00057733,0.0006859,0.0007916,0.00087449,0.0009212,0.00094139,0.00095686,0.00097028,0.00098228,0.00099666,0.00101138,0.0010255,0.00104203,0.00106341,0.00109283,0.00113048,0.00117456,0.00122523,0.00128277,0.00134824,0.0014229,0.00150904,0.00160963,0.00172694,0.00186532,0.00202683,0.00221212,0.00242142,0.00265066,0.00290107,0.00317069,0.00346085,0.00377701,0.0041214,0.00450996,0.00495485,0.00546319,0.00603395,0.00665299,0.00732299,0.00804309,0.00882121,0.00966716,0.0105886,0.01161812,0.0127822,0.0141063,0.0156075,0.01729704,0.019189,0.02129563,0.02363337,0.02621888,0.02909284,0.03226429,0.03577843,0.03968555,0.04404041,0.04897,0.05450771,0.06075618,0.0677998,0.07567333,0.08446685,0.09408058,0.10451063,0.1157727,0.12792573,0.1411874,0.15559305,0.17126026,0.18831415,0.20682762,0.22696295,0.24878681,0.27233424,0.29761354,0.32439386,0.35435446,0.38548282,0.41734541,0.44980947
YEM,2084,0.00911057,0.0008759,0.00063616,0.00047723,0.00036923,0.00029503,0.00024321,0.00020866,0.00018626,0.00017331,0.00016879,0.00017223,0.00018438,0.0002114,0.00025753,0.00032029,0.000394,0.0004736,0.00056638,0.00067277,0.00077637,0.00085752,0.00090333,0.00092334,0.00093875,0.00095209,0.00096398,0.00097822,0.00099279,0.00100687,0.00102331,0.00104438,0.00107337,0.00111044,0.00115381,0.00120373,0.00126035,0.00132472,0.00139813,0.00148287,0.00158183,0.00169719,0.00183339,0.00199239,0.00217484,0.00238096,0.00260676,0.00285339,0.00311895,0.00340457,0.00371576,0.00405489,0.00443752,0.00487592,0.00537685,0.00593947,0.00655002,0.00721067,0.00792087,0.00868774,0.00952136,0.01042912,0.01144317,0.01259191,0.01389951,0.01538192,0.0170514,0.01892135,0.02100373,0.02331429,0.0258686,0.02870834,0.03184421,0.03532025,0.03918481,0.04349298,0.04837217,0.05385431,0.06004032,0.0670159,0.07481755,0.0835413,0.09308307,0.10343128,0.11460544,0.12666324,0.13982118,0.1541188,0.1696715,0.18660025,0.20498788,0.22499294,0.24668449,0.27009628,0.29524512,0.3219052,0.35173917,0.38276232,0.41456042,0.44699124
YEM,2085,0.00891017,0.00084906,0.00061811,0.00046467,0.00036019,0.00028827,0.00023793,0.00020431,0.00018247,0.00016984,0.00016546,0.00016886,0.00018081,0.00020733,0.00025255,0.00031413,0.00038646,0.00046465,0.00055574,0.0006601,0.00076175,0.00084137,0.0008864,0.00090618,0.00092152,0.00093487,0.00094659,0.00096068,0.00097512,0.00098909,0.00100544,0.0010262,0.00105473,0.00109122,0.00113392,0.00118304,0.00123871,0.00130204,0.0013742,0.00145751,0.00155485,0.0016683,0.00180226,0.00195879,0.00213846,0.00234147,0.00256389,0.00280679,0.00306829,0.00334955,0.00365582,0.00398979,0.00436673,0.00479869,0.00529263,0.00584741,0.00644992,0.00710169,0.00780194,0.00855811,0.00937957,0.01027485,0.0112744,0.01240685,0.01369847,0.0151639,0.01681516,0.01866468,0.02072449,0.02301003,0.02553625,0.02834506,0.03144599,0.03488579,0.0387119,0.04297769,0.04781239,0.05324601,0.05937878,0.06629477,0.07403264,0.08269179,0.09217201,0.10245809,0.11356132,0.12554389,0.13862209,0.15283341,0.16829938,0.1851387,0.20343162,0.22334699,0.24495218,0.26828548,0.29336253,0.31996905,0.34979913,0.38081492,0.4126403,0.44514719
YEM,2086,0.00873405,0.00082412,0.00060138,0.00045308,0.00035189,0.00028209,0.00023312,0.00020035,0.00017903,0.00016669,0.00016242,0.00016578,0.00017754,0.00020356,0.00024789,0.0003083,0.00037927,0.00045604,0.00054541,0.00064768,0.00074729,0.0008253,0.00086958,0.00088913,0.00090433,0.00091765,0.00092927,0.00094317,0.00095749,0.00097138,0.00098763,0.00100813,0.00103626,0.0010722,0.00111426,0.00116265,0.00121738,0.00127969,0.00135073,0.00143268,0.00152848,0.00164014,0.00177201,0.00192614,0.00210319,0.00230326,0.00252249,0.00276186,0.00301949,0.00329654,0.00359824,0.0039273,0.00429881,0.00472469,0.00521173,0.0057591,0.00635379,0.00699709,0.00768792,0.00843342,0.00924345,0.01012658,0.0111131,0.01223033,0.01350478,0.01495333,0.01658742,0.0184173,0.02045481,0.02271548,0.02521407,0.02799302,0.03106005,0.03446151,0.03824787,0.04247165,0.04726106,0.05264556,0.05872386,0.06557914,0.07324882,0.08183542,0.09124013,0.10145293,0.11248107,0.12437795,0.13736437,0.15147581,0.16683192,0.1835567,0.20172786,0.22150923,0.24297903,0.26617357,0.29111135,0.3175797,0.34729498,0.37821736,0.40994075,0.44236971
YEM,2087,0.0085549,0.00080011,0.00058494,0.00044145,0.0003434,0.00027566,0.00022805,0.00019613,0.00017534,0.00016329,0.00015911,0.00016242,0.00017397,0.00019944,0.00024283,0.00030198,0.00037154,0.00044682,0.00053438,0.0006345,0.00073201,0.00080837,0.00085187,0.00087128,0.00088637,0.00089963,0.00091121,0.00092505,0.00093926,0.00095314,0.00096933,0.00098961,0.00101743,0.0010529,0.0010944,0.00114214,0.00119602,0.00125734,0.00132729,0.00140803,0.00150234,0.00161221,0.00174206,0.00189387,0.00206831,0.00226556,0.00248165,0.00271752,0.00297132,0.00324416,0.00354126,0.00386542,0.00423141,0.00465116,0.0051314,0.00567117,0.00625807,0.00689266,0.00757389,0.0083085,0.00910621,0.00997685,0.01094947,0.01205179,0.01330899,0.0147382,0.01635419,0.0181647,0.02017985,0.02241493,0.02488485,0.02763341,0.03066664,0.03402966,0.03777275,0.04195197,0.04669651,0.05203225,0.05805786,0.06485494,0.07246057,0.08097813,0.09030929,0.10044612,0.11140128,0.12322455,0.13612951,0.15015546,0.16542105,0.18204798,0.20012085,0.21980053,0.24116116,0.26425202,0.28908981,0.31546859,0.34513036,0.37603022,0.40776839,0.44021674
YEM,2088,0.00840039,0.00077762,0.00056968,0.00043075,0.00033564,0.00026982,0.00022346,0.00019232,0.000172,0.00016021,0.00015612,0.00015936,0.0001707,0.00019566,0.00023812,0.00029605,0.00036422,0.00043805,0.00052384,0.00062177,0.00071714,0.00079183,0.00083448,0.00085369,0.00086871,0.0008819,0.00089337,0.00090711,0.00092128,0.00093508,0.00095125,0.00097134,0.00099881,0.00103386,0.00107483,0.00112194,0.00117502,0.00123541,0.00130428,0.00138382,0.00147678,0.00158494,0.00171281,0.00186242,0.00203436,0.00222882,0.00244189,0.00267444,0.00292455,0.00319335,0.00348598,0.00380534,0.00416607,0.00457982,0.00505337,0.00558576,0.00616479,0.00679098,0.00746275,0.00818685,0.00897269,0.00983065,0.0107899,0.01187729,0.01311837,0.01452882,0.01612459,0.01791495,0.01990824,0.02211792,0.02455876,0.02727614,0.03027504,0.03359981,0.0372996,0.04143041,0.04612656,0.05141166,0.05738154,0.06411751,0.07165543,0.08009995,0.08934997,0.09939988,0.11026449,0.1219999,0.13481731,0.14874521,0.1639078,0.18042409,0.19837552,0.21792828,0.23915152,0.26209171,0.28677819,0.31300746,0.34254649,0.37334491,0.40501661,0.43743621
YEM,2089,0.0082276,0.00075462,0.00055384,0.00041948,0.00032737,0.00026353,0.00021849,0.00018818,0.00016837,0.00015686,0.00015287,0.00015606,0.00016717,0.0001916,0.00023314,0.00028983,0.00035659,0.00042896,0.000513,0.00060883,0.00070212,0.00077519,0.00081705,0.00083604,0.000851,0.0008642,0.00087559,0.00088921,0.0009033,0.00091709,0.00093316,0.00095304,0.00098017,0.00101474,0.00105518,0.00110166,0.0011539,0.00121334,0.00128113,0.00135938,0.0014509,0.00155735,0.00168319,0.00183048,0.00199989,0.00219153,0.00240145,0.0026306,0.00287701,0.0031417,0.00342981,0.00374426,0.0040996,0.00450743,0.00497429,0.00549935,0.00607067,0.00668832,0.00735086,0.00806439,0.0088385,0.00968394,0.01062934,0.01170217,0.01292714,0.01432037,0.01589715,0.01766614,0.01963806,0.0218244,0.02423807,0.02692568,0.02989158,0.03317994,0.0368394,0.0409251,0.04557307,0.05080961,0.05672915,0.06340997,0.07088818,0.07926884,0.08844869,0.09842055,0.10920164,0.12085114,0.13358931,0.14744015,0.16251779,0.17894622,0.19680384,0.21625248,0.23736679,0.26019061,0.28475213,0.31086501,0.34031982,0.37106183,0.40270983,0.43514642
YEM,2090,0.00807001,0.00073232,0.0005386,0.00040873,0.00031952,0.00025759,0.00021381,0.00018428,0.00016495,0.00015369,0.00014979,0.00015292,0.00016381,0.00018771,0.00022832,0.00028377,0.0003491,0.00041997,0.00050221,0.00059588,0.000687,0.00075835,0.00079934,0.00081811,0.00083292,0.00084607,0.00085742,0.00087091,0.00088487,0.00089863,0.00091465,0.00093428,0.00096108,0.00099517,0.00103505,0.0010809,0.00113231,0.00119079,0.00125748,0.00133447,0.0014245,0.0015292,0.00165305,0.00179802,0.00196483,0.00215362,0.00236036,0.002586,0.00282865,0.00308923,0.00337275,0.00368223,0.00403204,0.00443371,0.00489378,0.00541121,0.00597453,0.00658343,0.00723619,0.00793904,0.00870099,0.00953363,0.01046484,0.01152193,0.01273021,0.01410488,0.0156625,0.0174092,0.01935574,0.02151618,0.02390139,0.02655728,0.02948731,0.03273588,0.0363516,0.04038922,0.04498496,0.05016392,0.05602402,0.06264166,0.0700501,0.07835614,0.08745405,0.09733618,0.10801826,0.11956239,0.13219296,0.14594074,0.16091568,0.17722846,0.19496216,0.21427377,0.23523302,0.25789243,0.28227861,0.30820913,0.33750519,0.36810934,0.39964985,0.43200929
YEM,2091,0.00790901,0.0007114,0.00052408,0.00039833,0.00031186,0.00025174,0.00020917,0.00018042,0.00016156,0.00015057,0.00014675,0.00014982,0.00016051,0.00018393,0.00022368,0.00027799,0.00034203,0.00041154,0.00049215,0.0005839,0.00067319,0.00074307,0.0007833,0.00080185,0.00081657,0.00082967,0.00084097,0.0008544,0.00086827,0.00088193,0.00089788,0.00091731,0.00094374,0.00097739,0.00101675,0.00106199,0.00111264,0.00117024,0.0012359,0.00131172,0.00140037,0.0015034,0.00162538,0.00176826,0.00193269,0.00211885,0.00232275,0.00254522,0.0027844,0.00304127,0.00332071,0.00362572,0.00397061,0.0043668,0.00482086,0.00533183,0.00588822,0.00648957,0.00713394,0.0078272,0.00857866,0.00939994,0.01031883,0.01136238,0.01255579,0.01391503,0.01545643,0.01718579,0.01911189,0.02124881,0.02361022,0.02624103,0.02914198,0.03235741,0.03593651,0.03993444,0.04448846,0.04962169,0.05543171,0.06199869,0.06935438,0.07760372,0.08663982,0.09645352,0.10705997,0.11852044,0.1310641,0.14472477,0.15962125,0.17585822,0.19350352,0.21271764,0.23356486,0.25609575,0.28034731,0.30614066,0.33531379,0.36581984,0.39729079,0.4296127
YEM,2092,0.00775032,0.00068899,0.00050875,0.00038748,0.00030393,0.00024573,0.00020443,0.00017647,0.00015809,0.00014736,0.00014363,0.00014664,0.00015711,0.00017999,0.00021879,0.00027184,0.00033445,0.00040244,0.00048121,0.00057073,0.00065785,0.00072606,0.00076543,0.00078371,0.0007983,0.00081135,0.00082257,0.00083591,0.00084973,0.00086334,0.00087919,0.00089843,0.00092453,0.00095768,0.00099648,0.00104109,0.0010909,0.00114757,0.00121215,0.00128671,0.0013739,0.00147516,0.00159506,0.00173563,0.00189751,0.00208078,0.00228147,0.00250048,0.00273584,0.0029885,0.00326339,0.00356348,0.00390284,0.00429284,0.00473996,0.00524332,0.00579182,0.00638438,0.00701909,0.00770153,0.00844075,0.00924937,0.0101541,0.01118222,0.01235857,0.01369896,0.01522135,0.01692954,0.01883259,0.02094238,0.02327271,0.0258728,0.02874034,0.03191748,0.03545351,0.03940441,0.04390909,0.0489891,0.05474028,0.06124203,0.06853053,0.07671083,0.08567166,0.09540433,0.10592271,0.11728812,0.12972993,0.14328455,0.15807477,0.17421344,0.19176149,0.21086214,0.23158403,0.25397562,0.27807425,0.30371639,0.33276309,0.36316175,0.3945626,0.42685067
YEM,2093,0.00758398,0.00066803,0.00049411,0.00037695,0.0002961,0.00023972,0.00019965,0.00017246,0.00015457,0.00014411,0.00014047,0.00014342,0.00015367,0.00017605,0.00021398,0.00026586,0.00032713,0.00039372,0.00047083,0.00055837,0.00064354,0.00071027,0.00074891,0.00076697,0.0007814,0.00079439,0.00080553,0.00081875,0.00083248,0.00084604,0.00086177,0.00088072,0.00090647,0.00093916,0.00097736,0.00102132,0.00107032,0.00112604,0.00118957,0.00126289,0.00134863,0.00144815,0.00156605,0.00170433,0.0018637,0.00204425,0.00224187,0.00245751,0.00268925,0.00293793,0.00320841,0.00350384,0.00383805,0.00422228,0.00466301,0.00515935,0.0057005,0.00628518,0.00691095,0.0075834,0.00831141,0.00910797,0.00999983,0.01101365,0.0121746,0.01349815,0.01500282,0.01669248,0.01857475,0.02066179,0.02296512,0.02553517,0.02837225,0.03151617,0.0350142,0.03892283,0.04338311,0.04841613,0.05411697,0.06056315,0.06779049,0.07590971,0.0848066,0.09446902,0.10491138,0.11619448,0.12854942,0.14201113,0.15670675,0.17275217,0.19021656,0.2092333,0.22985197,0.25212868,0.27610053,0.3016099,0.33054848,0.36086127,0.39220299,0.42447098
YEM,2094,0.00743982,0.0006486,0.00048064,0.0003673,0.000289,0.00023429,0.00019533,0.00016885,0.00015139,0.00014117,0.00013761,0.00014049,0.00015054,0.00017242,0.0002095,0.00026024,0.0003202,0.0003854,0.00046084,0.00054637,0.00062954,0.0006947,0.00073255,0.00075041,0.00076469,0.00077756,0.00078859,0.00080169,0.0008153,0.0008288,0.00084447,0.00086318,0.00088854,0.00092077,0.00095845,0.00100174,0.00104996,0.00110478,0.00116727,0.00123942,0.00132378,0.00142164,0.00153762,0.00167372,0.00183062,0.00200849,0.00220322,0.0024156,0.00264379,0.00288865,0.00315489,0.00344572,0.00377494,0.00415359,0.00458805,0.00507749,0.00561134,0.0061881,0.00680528,0.00746789,0.00818496,0.00896987,0.00984879,0.01084878,0.0119943,0.01330116,0.01478809,0.0164581,0.01831948,0.02038285,0.02266014,0.02520023,0.02800318,0.0311123,0.03457255,0.03843843,0.04285211,0.04783493,0.05348177,0.05986891,0.06703051,0.07507752,0.08389999,0.0934841,0.10384079,0.11503195,0.12728821,0.14064407,0.15522502,0.17114943,0.18848904,0.20738389,0.22787221,0.24999299,0.27379284,0.29911877,0.32787224,0.35801477,0.38920756,0.42134626
YEM,2095,0.00729342,0.00062994,0.0004675,0.00035776,0.00028185,0.00022876,0.0001909,0.00016511,0.00014808,0.00013808,0.00013458,0.00013739,0.0001472,0.00016856,0.00020472,0.00025423,0.00031277,0.00037647,0.00045007,0.00053342,0.00061443,0.00067785,0.00071477,0.00073229,0.00074638,0.00075906,0.00076991,0.00078282,0.00079627,0.00080962,0.00082514,0.00084364,0.00086862,0.0009003,0.0009374,0.00098002,0.0010274,0.00108131,0.00114274,0.00121364,0.00129658,0.00139273,0.00150671,0.00164054,0.00179492,0.00196995,0.0021616,0.00237066,0.00259515,0.002836,0.0030979,0.00338394,0.00370784,0.00408069,0.00450871,0.004991,0.00551721,0.00608559,0.00669358,0.00734608,0.00805164,0.00882429,0.00968982,0.01067504,0.01180488,0.01309442,0.01456342,0.01621373,0.01805318,0.02009305,0.02234369,0.02485559,0.02762561,0.03069735,0.0341198,0.03794538,0.04231561,0.04725133,0.05284805,0.05918188,0.06628625,0.07427178,0.0830269,0.09254315,0.10282994,0.11394646,0.12612617,0.13940268,0.15390219,0.16974076,0.18699349,0.20580246,0.2262137,0.24825708,0.27196442,0.29719821,0.32588473,0.35598213,0.38716694,0.41933649
YEM,2096,0.00719353,0.00061549,0.00045755,0.00035066,0.0002766,0.00022471,0.00018766,0.00016237,0.00014563,0.00013579,0.00013233,0.00013506,0.00014468,0.00016558,0.00020094,0.00024935,0.00030663,0.00036898,0.00044093,0.00052223,0.00060119,0.00066301,0.00069903,0.00071622,0.00073008,0.00074259,0.00075329,0.00076599,0.00077927,0.00079251,0.0008079,0.00082623,0.00085093,0.00088218,0.00091872,0.00096076,0.00100746,0.00106053,0.00112104,0.00119088,0.00127255,0.00136724,0.00147948,0.00161128,0.00176337,0.00193585,0.00212463,0.00233059,0.00255179,0.00278896,0.00304685,0.00332853,0.00364754,0.00401482,0.00443669,0.00491217,0.00543096,0.00599125,0.00659034,0.00723306,0.007928,0.00868905,0.00954194,0.01051327,0.01162765,0.01290064,0.01435164,0.01598235,0.01779993,0.01981528,0.02203962,0.02452257,0.02726127,0.03029663,0.03367811,0.03746241,0.04178917,0.04667621,0.05221887,0.05849365,0.06553431,0.07345147,0.0821318,0.09156665,0.10177119,0.11280306,0.12489198,0.13807257,0.15246975,0.16819872,0.18533216,0.20401456,0.22429545,0.24621401,0.26979265,0.29488299,0.32342832,0.35339439,0.38446487,0.4165464
YEM,2097,0.00706755,0.00059926,0.00044624,0.00034248,0.00027047,0.00021995,0.00018381,0.0001591,0.00014271,0.00013306,0.00012965,0.0001323,0.0001417,0.0001621,0.00019657,0.00024379,0.00029969,0.00036054,0.00043071,0.00050986,0.00058666,0.0006468,0.00068192,0.00069875,0.00071235,0.00072468,0.00073526,0.00074776,0.00076084,0.00077393,0.00078917,0.00080727,0.00083163,0.0008624,0.00089835,0.00093966,0.00098557,0.00103774,0.00109717,0.00116579,0.00124602,0.00133897,0.00144922,0.0015787,0.00172814,0.00189767,0.00208316,0.00228548,0.00250278,0.0027358,0.00298903,0.0032656,0.00357898,0.00393986,0.00435449,0.00482207,0.00533233,0.00588323,0.00647203,0.00710335,0.00778579,0.00853366,0.00937187,0.01032717,0.01142394,0.01267742,0.0141081,0.01571613,0.01750887,0.01949646,0.02168972,0.02414017,0.0268427,0.02983884,0.03317533,0.03690951,0.04118657,0.04602085,0.05150475,0.0577147,0.06468549,0.0725293,0.08113153,0.09048195,0.10059547,0.11153617,0.12353331,0.13661781,0.15091669,0.1665439,0.18357171,0.20214128,0.22230578,0.24410941,0.26758486,0.29257875,0.32104027,0.35094514,0.38198414,0.41406653
YEM,2098,0.00695214,0.00058412,0.00043569,0.00033486,0.00026477,0.00021552,0.00018023,0.00015606,0.00014001,0.00013053,0.00012716,0.00012974,0.00013892,0.00015885,0.00019249,0.00023859,0.00029318,0.00035265,0.00042111,0.00049825,0.00057303,0.00063156,0.00066583,0.00068235,0.00069569,0.00070782,0.00071827,0.00073062,0.00074352,0.00075646,0.00077153,0.00078942,0.00081342,0.00084374,0.00087915,0.0009198,0.00096493,0.00101623,0.00107468,0.00114209,0.00122096,0.00131229,0.00142062,0.00154792,0.00169489,0.00186164,0.00204404,0.00224297,0.00245655,0.00268559,0.00293454,0.0032063,0.00351433,0.00386925,0.00427715,0.00473721,0.00523953,0.00578176,0.00636096,0.00698166,0.00765233,0.00838767,0.0092124,0.01015262,0.01123294,0.0124684,0.01387967,0.01546687,0.01723618,0.01919793,0.02136227,0.02378109,0.02644988,0.02940833,0.03270401,0.03639151,0.04061736,0.0454001,0.05082889,0.056977,0.06387967,0.0716508,0.08017581,0.08944382,0.09946788,0.11031194,0.12221232,0.13519881,0.14939463,0.16491454,0.18182825,0.20027339,0.22029922,0.2419539,0.26527538,0.29012387,0.31844881,0.34822007,0.37914577,0.41113702
YEM,2099,0.00684482,0.00057,0.00042584,0.00032774,0.00025945,0.00021138,0.00017689,0.00015322,0.00013747,0.00012816,0.00012482,0.00012732,0.00013631,0.00015578,0.00018863,0.00023365,0.000287,0.00034513,0.00041196,0.00048711,0.00055993,0.0006169,0.00065029,0.00066647,0.00067957,0.00069147,0.00070173,0.0007139,0.00072665,0.00073945,0.00075434,0.00077201,0.00079567,0.00082551,0.00086039,0.00090043,0.0009448,0.00099523,0.00105271,0.00111902,0.00119654,0.00128631,0.00139281,0.00151799,0.00166259,0.00182667,0.00200609,0.00220177,0.00241182,0.00263699,0.00288177,0.00314904,0.00345194,0.00380109,0.00420255,0.00465542,0.00514993,0.00568383,0.00625391,0.00686442,0.00752384,0.00824707,0.00905861,0.00998458,0.01104891,0.01226692,0.01365951,0.01522594,0.01697282,0.01890926,0.02104568,0.02343389,0.02606874,0.02899098,0.03224633,0.03589047,0.04006743,0.04479608,0.0501703,0.05626009,0.0630979,0.07079868,0.07924873,0.08843754,0.09837735,0.10913026,0.12093264,0.13382224,0.14792191,0.16334214,0.18015403,0.19849167,0.21840218,0.23993212,0.26312514,0.28785117,0.31607944,0.34577693,0.376647,0.40861269
YEM,2100,0.00673568,0.00055626,0.00041618,0.00032071,0.00025414,0.00020723,0.00017352,0.00015036,0.00013491,0.00012576,0.00012247,0.0001249,0.00013369,0.00015271,0.00018477,0.00022871,0.00028081,0.00033761,0.00040284,0.00047606,0.00054693,0.00060241,0.00063499,0.00065085,0.00066373,0.00067547,0.00068558,0.00069757,0.00071018,0.00072289,0.00073763,0.00075507,0.0007784,0.0008078,0.00084214,0.00088159,0.00092528,0.00097487,0.00103138,0.00109659,0.00117282,0.00126102,0.00136572,0.00148881,0.00163104,0.00179251,0.00196902,0.00216148,0.00236805,0.00258943,0.00283002,0.00309276,0.0033907,0.00373413,0.00412917,0.00457503,0.00506194,0.0055875,0.00614866,0.0067493,0.00739774,0.00810921,0.00890788,0.0098199,0.01086926,0.01207062,0.0134456,0.01499279,0.01671823,0.01863144,0.02074163,0.02310154,0.02570506,0.02859253,0.03181102,0.03541448,0.03954858,0.04422878,0.04954942,0.05558566,0.06236703,0.07000595,0.07838911,0.08750705,0.0973724,0.10804668,0.11976455,0.1325642,0.14657751,0.16191382,0.17863884,0.19688548,0.21669655,0.23811639,0.2611875,0.28578864,0.31389954,0.34350408,0.37430352,0.40621117
