VNM,1950,898.272,666.541,595.28,561.197,533.3,511.116,494.008,481.445,473.848,470.64,468.8,468.36,474.345,485.285,496.408,507.067,522.294,516.175,496.873,473.465,457.784,434.783,424.407,425.446,426.666,421.162,420.465,412.7,397.723,381.586,369.92,354.686,348.481,347.747,350.602,349.051,351.244,345.732,331.568,315.899,304.951,289.862,285.45,289.231,293.221,293.195,297.093,290.89,275.035,256.763,243.972,227.531,216.253,210.06,204.35,195.296,188.086,180.018,170.801,161.539,153.273,144.803,136.167,127.542,119.006,110.646,102.349,94.652,87.47,80.526,73.593,67.04,60.499,53.978,47.667,41.85,36.39,30.911,25.51,20.458,15.81,11.255,8.479,7.326,6.6,5.727,5.427,4.81,3.674,2.648,1.988,1.632,1.372,0.949,0.508,0.395,0.341,0.266,0.189,0.108
VNM,1951,910.411,856.535,651.602,585.262,554.014,528.044,507.172,490.955,478.999,471.808,468.866,467.195,466.844,472.817,483.624,494.507,504.847,519.676,513.204,493.553,469.816,453.833,430.756,420.353,421.335,422.519,417.056,416.356,408.654,393.817,377.839,366.289,351.198,345.043,344.3,347.108,345.54,347.666,342.15,328.06,312.475,301.564,286.565,282.134,285.805,289.685,289.586,293.343,287.103,271.321,253.148,240.376,224.018,212.753,206.498,200.717,191.657,184.404,176.3,167.055,157.753,149.416,140.88,132.19,123.523,114.959,106.581,98.281,90.573,83.373,76.416,69.498,62.972,56.501,50.098,43.944,38.302,33.045,27.827,22.745,18.046,13.784,9.689,7.203,6.138,5.449,4.656,4.339,3.778,2.83,1.999,1.468,1.175,0.962,0.648,0.338,0.254,0.213,0.161,0.111
VNM,1952,834.096,869.204,837.864,640.974,578.033,548.757,524.128,504.162,488.559,477.017,470.098,467.32,465.737,465.391,471.25,481.827,492.403,502.386,516.764,509.863,489.846,465.864,449.737,426.746,416.396,417.344,418.505,413.084,412.383,404.752,390.057,374.231,362.788,347.825,341.712,340.957,343.708,342.111,344.158,338.622,324.595,309.089,298.217,283.316,278.873,282.437,286.202,286.015,289.61,283.311,267.581,249.493,236.739,220.463,209.216,202.9,197.052,187.98,180.671,172.51,163.217,153.859,145.442,136.84,128.099,119.396,110.808,102.417,94.118,86.402,79.189,72.234,65.35,58.878,52.502,46.243,40.272,34.829,29.795,24.854,20.101,15.764,11.892,8.247,6.046,5.078,4.439,3.73,3.415,2.917,2.14,1.48,1.062,0.828,0.659,0.431,0.218,0.16,0.129,0.095
VNM,1953,998.901,798.318,851.374,824.91,633.435,572.796,544.855,521.136,501.791,486.61,475.35,468.602,465.912,464.336,463.899,469.551,479.834,490.065,499.639,513.479,506.123,485.822,461.76,445.654,422.827,412.548,413.475,414.617,409.239,408.545,400.99,386.432,370.746,359.396,344.553,338.476,337.699,340.384,338.743,340.697,335.13,321.16,305.737,294.911,280.113,275.66,279.114,282.748,282.453,285.862,279.482,263.791,245.784,233.047,216.862,205.637,199.262,193.34,184.245,176.857,168.616,159.256,149.836,141.339,132.671,123.882,115.148,106.542,98.141,89.844,82.127,74.914,67.979,61.155,54.763,48.512,42.424,36.662,31.44,26.644,21.995,17.585,13.621,10.14,6.933,5.008,4.142,3.561,2.941,2.642,2.211,1.587,1.072,0.75,0.568,0.44,0.279,0.138,0.097,0.077
VNM,1954,975.233,958.563,782.853,838.87,815.612,627.901,568.851,541.829,518.745,499.837,484.949,473.874,467.226,464.546,462.882,462.264,467.652,477.604,487.443,496.53,509.79,502.053,481.636,457.661,441.655,419.009,408.812,409.721,410.844,405.516,404.836,397.354,382.922,367.364,356.099,341.366,335.314,334.505,337.108,335.409,337.259,331.657,317.748,302.416,291.643,276.95,272.481,275.808,279.291,278.863,282.064,275.586,259.93,242.01,229.297,213.208,202.008,195.568,189.559,180.416,172.926,164.585,155.151,145.667,137.091,128.362,119.533,110.772,102.149,93.74,85.455,77.748,70.555,63.668,56.93,50.647,44.549,38.661,33.13,28.148,23.609,19.269,15.217,11.632,8.539,5.752,4.09,3.328,2.811,2.279,2.005,1.642,1.151,0.759,0.517,0.381,0.285,0.176,0.084,0.058
VNM,1955,1090.982,936.718,940.047,771.441,829.48,808.505,623.583,565.697,539.343,516.724,498.132,483.45,472.49,465.874,463.152,461.393,460.636,465.837,475.558,485.134,493.946,506.925,499.078,478.695,454.819,438.879,416.352,406.197,407.077,408.176,402.865,402.17,394.707,380.33,364.833,353.6,338.918,332.848,331.971,334.466,332.682,334.413,328.762,314.889,299.616,288.869,274.238,269.719,272.889,276.182,275.578,278.536,271.932,256.289,238.442,225.748,209.742,198.545,192.009,185.866,176.628,168.992,160.518,150.988,141.426,132.766,123.973,115.1,106.304,97.659,89.24,80.969,73.289,66.138,59.32,52.696,46.55,40.635,34.971,29.693,24.97,20.711,16.701,13.018,9.814,7.099,4.707,3.291,2.633,2.182,1.732,1.491,1.193,0.815,0.524,0.346,0.248,0.18,0.107,0.05
VNM,1956,1057.609,1053.738,921.436,928.302,764.008,823.253,803.709,620.611,563.474,537.539,515.203,496.792,482.214,471.295,464.667,461.886,460.035,459.164,464.214,473.757,483.154,491.801,504.619,496.735,476.4,452.609,436.726,414.289,404.159,405.005,406.063,400.74,400.008,392.543,378.204,362.751,351.533,336.877,330.772,329.815,332.199,330.328,331.953,326.258,312.419,297.199,286.469,271.873,267.28,270.278,273.368,272.579,275.304,268.584,252.961,235.188,222.509,206.566,195.347,188.688,182.386,173.03,165.238,156.632,147.011,137.38,128.641,119.786,110.861,102.027,93.355,84.927,76.68,69.041,61.95,55.224,48.728,42.727,36.992,31.545,26.513,22.049,18.07,14.384,11.059,8.217,5.852,3.815,2.62,2.056,1.67,1.297,1.091,0.851,0.567,0.354,0.227,0.157,0.111,0.064
VNM,1957,1091.099,1023.76,1037.486,910.593,919.898,758.629,818.674,800.106,618.319,561.705,536.052,513.898,495.593,481.061,470.137,463.459,460.592,458.632,457.634,462.53,471.903,481.139,489.652,502.342,494.447,474.178,450.479,434.651,412.297,402.189,402.997,404.012,398.678,397.911,390.447,376.142,360.725,349.511,334.867,328.714,327.669,329.94,327.989,329.519,323.793,309.99,294.816,284.083,269.496,264.806,267.608,270.48,269.505,272.006,265.19,249.602,231.906,219.233,203.331,192.062,185.252,178.77,169.285,161.337,152.606,142.905,133.212,124.396,115.476,106.501,97.629,88.94,80.524,72.327,64.756,57.753,51.141,44.796,38.962,33.426,28.219,23.457,19.277,15.598,12.249,9.282,6.789,4.756,3.044,2.051,1.577,1.253,0.952,0.781,0.593,0.383,0.233,0.145,0.097,0.067
VNM,1958,1209.421,1058.536,1009.028,1025.949,902.711,913.643,754.522,815.084,797.197,616.41,560.181,534.721,512.683,494.433,479.903,468.938,462.183,459.208,457.125,455.997,460.745,469.964,479.067,487.475,500.062,492.176,471.98,448.371,432.593,410.316,400.223,400.991,401.963,396.62,395.818,388.352,374.075,358.682,347.458,332.815,326.606,325.473,327.638,325.618,327.064,321.31,307.539,292.392,281.632,267.032,262.222,264.811,267.461,266.311,268.604,261.705,246.155,228.526,215.833,199.945,188.599,181.613,174.935,165.322,157.224,148.376,138.602,128.849,119.954,110.967,101.943,93.044,84.359,75.982,67.866,60.395,53.509,47.038,40.87,35.226,29.92,24.982,20.521,16.651,13.292,10.289,7.677,5.523,3.799,2.384,1.573,1.184,0.919,0.681,0.544,0.402,0.252,0.148,0.09,0.059
VNM,1959,1238.118,1175.595,1044.167,998.462,1017.595,896.94,908.994,751.411,812.295,794.871,614.829,558.87,533.527,511.546,493.302,478.737,467.705,460.854,457.763,455.555,454.305,458.924,468.016,477.018,485.348,497.854,489.982,469.858,446.331,430.597,408.392,398.311,399.04,399.972,394.62,393.785,386.309,372.046,356.663,345.415,330.763,324.498,323.283,325.354,323.277,324.644,318.856,305.097,289.953,279.139,264.504,259.561,261.937,264.376,263.069,265.168,258.186,242.663,225.077,212.333,196.433,184.987,177.813,170.936,161.205,152.964,144.007,134.16,124.347,115.369,106.317,97.253,88.348,79.693,71.383,63.38,56.035,49.29,42.983,37.013,31.587,26.537,21.899,17.762,14.22,11.191,8.531,6.261,4.425,2.985,1.835,1.184,0.871,0.659,0.476,0.369,0.265,0.161,0.093,0.054
VNM,1960,1264.439,1205.718,1160.613,1033.856,990.761,1011.407,892.583,905.405,748.947,810.022,792.909,613.444,557.67,532.389,510.419,492.146,477.519,466.402,459.446,456.234,453.911,452.558,457.073,466.069,474.994,483.263,495.696,487.84,467.782,444.332,428.636,406.496,396.429,397.121,398.015,392.652,391.775,384.278,370.015,354.629,343.349,328.688,322.375,321.088,323.076,320.946,322.227,316.387,302.612,287.444,276.553,261.875,256.8,258.973,261.22,259.768,261.673,254.595,239.072,221.497,208.673,192.74,181.185,173.819,166.749,156.909,148.532,139.466,129.546,119.667,110.608,101.499,92.414,83.529,74.935,66.725,58.862,51.671,45.09,38.973,33.231,28.054,23.294,18.983,15.193,11.991,9.295,6.97,5.026,3.483,2.303,1.384,0.872,0.626,0.461,0.324,0.244,0.17,0.101,0.056
VNM,1961,1282.9,1233.425,1191.235,1149.808,1026.331,985.066,1006.755,889.241,902.585,746.954,808.12,791.202,612.187,556.535,531.266,509.272,490.944,476.238,465.027,457.965,454.644,452.224,450.793,455.235,464.156,473.021,481.238,493.601,485.756,465.756,442.377,426.716,404.644,394.59,395.247,396.101,390.721,389.791,382.258,367.981,352.581,341.268,326.607,320.253,318.908,320.817,318.627,319.804,313.882,300.065,284.85,273.872,259.157,253.963,255.951,258.018,256.424,258.118,250.916,235.358,217.765,204.834,188.861,177.2,169.647,162.392,152.45,143.938,134.759,124.761,114.819,105.685,96.537,87.46,78.624,70.123,62.042,54.344,47.331,40.942,35.044,29.562,24.668,20.23,16.268,12.837,9.98,7.611,5.608,3.968,2.693,1.741,1.022,0.627,0.439,0.314,0.215,0.157,0.106,0.061
VNM,1962,1135.881,1253.257,1219.38,1180.742,1141.892,1020.747,980.773,1003.179,886.612,900.304,745.286,806.465,789.653,610.995,555.412,530.119,508.071,489.668,474.876,463.569,456.408,452.993,450.5,449.021,453.409,462.273,471.086,479.254,491.544,483.706,463.761,440.449,424.827,402.821,392.784,393.404,394.213,388.802,387.805,380.22,365.921,350.507,339.169,324.518,318.138,316.738,318.561,316.292,317.338,311.305,297.423,282.151,271.09,256.355,251.063,252.879,254.768,253.018,254.47,247.102,231.476,213.842,200.795,184.788,173.028,165.298,157.863,147.822,139.169,129.872,119.797,109.8,100.61,91.45,82.41,73.655,65.278,57.353,49.849,43.042,36.874,31.229,26.043,21.465,17.374,13.776,10.709,8.192,6.141,4.44,3.077,2.043,1.29,0.738,0.442,0.3,0.209,0.138,0.098,0.065
VNM,1963,1308.29,1110.32,1239.002,1208.749,1172.717,1135.758,1016.35,977.323,1000.236,884.388,898.314,743.778,804.904,788.122,609.761,554.203,528.845,506.715,488.217,473.319,461.906,454.648,451.153,448.614,447.107,451.456,460.265,469.025,477.138,489.354,481.53,461.651,438.42,422.842,400.91,390.889,391.466,392.217,386.763,385.682,378.039,363.719,348.303,336.955,322.327,315.923,314.46,316.176,313.802,314.681,308.511,294.555,279.237,268.113,253.382,248.007,249.648,251.338,249.396,250.556,242.982,227.263,209.583,196.423,180.399,168.556,160.652,153.035,142.891,134.093,124.678,114.537,104.506,95.288,86.15,77.183,68.548,60.331,52.6,45.328,38.768,32.867,27.52,22.672,18.444,14.721,11.501,8.799,6.615,4.866,3.449,2.339,1.517,0.933,0.519,0.302,0.2,0.134,0.087,0.06
VNM,1964,1341.746,1278.265,1096.837,1227.516,1199.959,1165.925,1130.445,1012.443,974.178,997.488,882.258,896.349,742.233,803.226,786.385,608.287,552.705,527.238,504.985,486.346,471.304,459.767,452.422,448.879,446.319,444.796,449.105,457.852,466.55,474.613,486.76,478.973,459.185,436.055,420.53,398.686,388.68,389.199,389.873,384.364,383.19,375.492,361.167,345.77,334.425,319.831,313.396,311.845,313.419,310.903,311.581,305.261,291.245,275.908,264.743,250.042,244.578,246.012,247.454,245.267,246.068,238.244,222.428,204.719,191.458,175.444,163.53,155.448,147.637,137.391,128.445,118.924,108.744,98.718,89.512,80.439,71.596,63.14,55.144,47.67,40.691,34.44,28.869,23.879,19.417,15.578,12.25,9.418,7.081,5.226,3.768,2.612,1.73,1.094,0.655,0.354,0.2,0.128,0.084,0.052
VNM,1965,1333.159,1312.51,1263.367,1087.016,1218.805,1193.074,1160.431,1126.004,1009.078,971.402,994.994,880.253,894.411,740.61,801.366,784.371,606.504,550.856,525.234,502.819,484.028,468.861,457.248,449.865,446.305,443.739,442.22,446.506,455.212,463.873,471.905,484.002,476.254,456.562,433.54,418.082,396.329,386.338,386.797,387.394,381.831,380.571,372.832,358.523,343.163,331.832,317.272,310.796,309.139,310.547,307.869,308.334,301.871,287.816,272.485,261.303,246.638,241.077,242.277,243.433,240.959,241.364,233.275,217.366,199.643,186.3,170.33,158.353,150.09,142.082,131.732,122.646,113.038,102.848,92.857,83.698,74.732,66.054,57.809,50.063,42.872,36.219,30.312,25.103,20.498,16.438,12.994,10.056,7.6,5.609,4.057,2.864,1.939,1.253,0.77,0.448,0.235,0.129,0.08,0.051
VNM,1966,1315.97,1303.508,1296.65,1251.785,1079.202,1211.822,1187.541,1155.998,1122.398,1006.316,969.073,992.831,878.429,892.54,738.941,799.352,782.124,604.512,548.8,523.009,500.431,481.512,466.276,454.651,447.273,443.71,441.147,439.628,443.887,452.55,461.18,469.181,481.212,473.496,453.894,430.979,415.573,393.9,383.906,384.283,384.784,379.159,377.813,370.04,355.754,340.432,329.107,314.563,308.017,306.218,307.426,304.565,304.811,298.216,284.148,268.844,257.644,243.006,237.313,238.227,239.036,236.226,236.194,227.826,211.838,194.127,180.721,164.793,152.753,144.301,136.088,125.646,116.44,106.774,96.609,86.697,77.637,68.835,60.379,52.398,44.953,38.101,31.829,26.319,21.515,17.327,13.691,10.652,8.103,6.011,4.348,3.078,2.122,1.402,0.881,0.526,0.297,0.151,0.08,0.049
VNM,1967,1289.091,1286.604,1287.61,1284.673,1242.719,1072.961,1206.145,1182.953,1152.249,1119.29,1003.878,966.945,990.763,876.585,890.537,737.087,797.076,779.593,602.296,546.531,520.583,497.889,478.918,463.69,452.092,444.734,441.174,438.612,437.092,441.329,449.955,458.544,466.498,478.445,470.748,451.228,428.407,413.041,391.428,381.414,381.692,382.087,376.403,374.973,367.172,352.913,337.622,326.283,311.729,305.084,303.112,304.101,301.056,301.092,294.384,280.319,265.046,253.815,239.178,233.311,233.886,234.301,231.126,230.633,221.986,205.939,188.264,174.798,158.92,146.819,138.172,129.759,119.249,109.948,100.26,90.165,80.385,71.481,62.895,54.706,47.033,39.937,33.473,27.628,22.553,18.184,14.43,11.222,8.583,6.409,4.659,3.299,2.282,1.534,0.986,0.603,0.35,0.191,0.095,0.049
VNM,1968,1285.645,1260.081,1270.645,1275.535,1275.221,1235.41,1067.838,1201.39,1179.036,1148.991,1116.526,1001.635,964.894,988.646,874.573,888.248,734.919,794.409,776.632,599.697,543.888,517.819,495.083,476.137,460.958,449.405,442.073,438.521,435.968,434.462,438.69,447.28,455.821,463.716,475.57,467.889,448.449,425.713,410.372,388.812,378.77,378.945,379.238,373.503,371.999,364.174,349.936,334.661,323.284,308.699,301.928,299.769,300.535,297.317,297.156,290.35,276.293,261.042,249.752,235.081,228.999,229.185,229.173,225.612,224.646,215.728,199.646,182.021,168.497,152.678,140.518,131.683,123.088,112.541,103.181,93.514,83.545,73.961,65.269,56.949,49.073,41.758,35.063,29.037,23.66,19.05,15.135,11.82,9.036,6.784,4.965,3.533,2.444,1.649,1.079,0.674,0.399,0.224,0.12,0.057
VNM,1969,1332.24,1250.845,1240.03,1255.74,1263.87,1265.895,1228.053,1062.559,1196.388,1174.857,1145.465,1113.465,999.056,962.387,985.846,871.735,884.896,731.709,790.424,772.133,595.742,539.924,513.791,491.12,472.281,457.194,445.717,438.429,434.903,432.4,430.959,435.205,443.755,452.224,460.032,471.762,464.099,444.757,422.13,406.827,385.351,375.293,375.359,375.543,369.76,368.165,360.303,346.077,330.81,319.38,304.76,297.853,295.497,296.027,292.634,292.258,285.337,271.285,256.042,244.658,229.933,223.583,223.313,222.808,218.822,217.325,208.128,192.038,174.509,160.949,145.239,133.061,124.069,115.327,104.796,95.438,85.884,76.168,66.915,58.56,50.621,43.176,36.332,30.144,24.644,19.807,15.714,12.288,9.434,7.08,5.21,3.732,2.594,1.75,1.149,0.731,0.443,0.255,0.139,0.072
VNM,1970,1355.543,1299.585,1233.211,1227.065,1245.505,1255.642,1259.194,1222.669,1058.639,1192.624,1171.645,1142.653,1110.887,996.725,959.959,983.03,868.867,881.557,728.555,786.518,767.801,592.082,536.417,510.358,487.798,469.061,454.059,442.642,435.397,431.909,429.452,428.049,432.276,440.754,449.137,456.858,468.462,460.791,441.509,418.955,403.662,382.246,372.162,372.127,372.213,366.383,364.696,356.778,342.535,327.24,315.725,301.051,294.008,291.468,291.786,288.24,287.662,280.62,266.54,251.261,239.741,224.928,218.295,217.57,216.587,212.198,210.199,200.733,184.636,167.194,153.595,137.998,125.818,116.692,107.833,97.36,88.063,78.681,69.251,60.332,52.31,44.757,37.752,31.389,25.711,20.733,16.421,12.823,9.857,7.428,5.465,3.935,2.754,1.868,1.226,0.782,0.483,0.284,0.158,0.084
VNM,1971,1386.578,1322.644,1281.407,1220.432,1217.147,1237.454,1249.036,1253.7,1218.177,1055.324,1189.379,1168.784,1140.024,1108.315,994.234,957.248,979.835,865.638,877.817,725.024,782.182,763.125,588.299,532.926,506.998,484.562,465.93,451.01,439.662,432.477,429.037,426.621,425.232,429.411,437.799,446.089,453.71,465.167,457.468,438.227,415.733,400.446,379.092,368.991,368.857,368.841,362.956,361.154,353.155,338.866,323.521,311.909,297.185,290.017,287.308,287.423,283.723,282.924,275.729,261.582,246.227,234.537,219.624,212.7,211.511,210.048,205.254,202.745,193.01,176.911,159.568,145.95,130.499,118.352,109.124,100.197,89.852,80.691,71.549,62.452,53.907,46.263,39.146,32.625,26.782,21.638,17.196,13.404,10.29,7.766,5.737,4.13,2.906,1.984,1.309,0.835,0.517,0.31,0.177,0.095
VNM,1972,1437.227,1355.04,1305.664,1269.314,1211.522,1210.071,1231.608,1244.146,1249.569,1214.764,1052.797,1186.817,1166.483,1137.897,1106.275,992.454,955.531,977.982,864.139,876.083,723.843,780.469,761.381,587.663,532.634,506.8,484.404,465.759,450.792,439.381,432.111,428.557,426.004,424.453,428.429,436.589,444.646,452.032,463.212,455.361,436.05,413.519,398.156,376.794,366.611,366.316,366.135,360.123,358.132,349.975,335.575,320.129,308.387,293.596,286.293,283.403,283.292,279.402,278.331,270.919,256.645,241.168,229.278,214.251,207.026,205.366,203.294,198.101,195.074,185.065,168.97,151.745,138.135,122.865,110.785,101.504,92.572,82.426,73.465,64.601,55.867,47.734,40.513,33.874,27.872,22.568,17.969,14.056,10.773,8.118,6.006,4.342,3.055,2.096,1.392,0.893,0.553,0.332,0.193,0.107
VNM,1973,1489.205,1397.406,1332.316,1289.666,1257.213,1202.279,1202.54,1225.235,1238.715,1244.927,1210.869,1049.792,1183.646,1163.331,1134.522,1102.482,988.46,951.065,972.706,858.726,869.78,718.033,773.797,754.704,582.495,527.942,502.309,480.089,461.608,446.813,435.569,428.425,424.933,422.396,420.833,424.746,432.795,440.724,447.967,458.949,451.056,431.81,409.38,394.056,372.803,362.615,362.201,361.881,355.768,353.6,345.31,330.848,315.365,303.554,288.762,281.356,278.289,277.928,273.817,272.414,264.743,250.334,234.751,222.672,207.566,200.037,197.873,195.279,189.649,186.048,175.761,159.727,142.713,129.181,114.181,102.251,93.011,84.202,74.406,65.77,57.305,49.057,41.455,34.768,28.701,23.296,18.589,14.569,11.204,8.43,6.229,4.51,3.186,2.186,1.459,0.942,0.586,0.352,0.205,0.115
VNM,1974,1545.36,1454.263,1378.182,1318.774,1279.462,1249.269,1196.094,1197.412,1220.835,1234.922,1241.612,1207.962,1047.386,1180.881,1160.335,1131.142,1098.623,984.392,946.53,967.389,853.32,863.762,712.624,767.883,748.866,577.819,523.655,498.202,476.159,457.855,443.229,432.129,425.083,421.638,419.13,417.583,421.462,429.432,437.259,444.384,455.198,447.27,428.079,405.744,390.467,369.316,359.131,358.611,358.151,351.923,349.566,341.136,326.607,311.097,299.238,284.461,276.97,273.74,273.133,268.78,267.024,259.071,244.508,228.81,216.553,201.38,193.613,190.983,187.902,181.855,177.71,167.158,151.188,134.378,120.932,106.218,94.483,85.338,76.677,67.199,58.856,50.763,42.98,35.89,29.72,24.202,19.359,15.205,11.717,8.846,6.525,4.718,3.339,2.299,1.535,0.996,0.623,0.377,0.219,0.124
VNM,1975,1525.341,1507.488,1432.847,1363.323,1307.725,1270.887,1242.436,1190.649,1192.811,1216.839,1231.413,1238.442,1205.023,1044.731,1177.565,1156.505,1126.693,1093.531,978.998,940.493,960.398,846.359,856.305,706.07,760.88,741.991,572.25,518.539,493.327,471.537,453.478,439.071,428.137,421.197,417.817,415.358,413.843,417.694,425.582,433.306,440.31,450.958,443.012,423.908,401.697,386.483,365.445,355.254,354.604,353.977,347.615,345.056,336.494,321.927,306.419,294.533,279.78,272.195,268.765,267.857,263.208,261.048,252.786,238.072,222.276,209.858,194.698,186.656,183.54,179.945,173.467,168.768,157.981,142.127,125.578,112.287,97.953,86.513,77.557,69.115,60.02,52.04,44.394,37.145,30.627,25.018,20.078,15.809,12.209,9.236,6.837,4.936,3.487,2.406,1.613,1.046,0.659,0.4,0.234,0.132
VNM,1976,1546.246,1499.235,1493.837,1423.144,1356.195,1302.314,1266.642,1239.02,1187.901,1190.448,1214.704,1229.424,1236.514,1203.119,1042.974,1175.388,1154.11,1124.068,1090.671,976.135,937.463,957.066,843.26,853.081,703.358,757.941,739.111,570.016,516.505,491.376,469.657,451.655,437.29,426.38,419.449,416.06,413.581,412.027,415.796,423.567,431.153,438.014,448.5,440.502,421.424,399.267,384.063,363.059,352.805,351.992,351.17,344.639,341.877,333.184,318.578,303.066,291.153,276.394,268.691,265.045,263.829,258.872,256.326,247.767,232.9,217.005,204.442,189.226,180.929,177.372,173.309,166.432,161.238,150.233,134.473,118.16,105.018,91.007,79.791,70.945,62.648,53.858,46.187,38.938,32.168,26.166,21.065,16.642,12.883,9.768,7.244,5.248,3.702,2.551,1.712,1.116,0.702,0.428,0.252,0.143
VNM,1977,1568.659,1522.165,1487.274,1484.968,1416.71,1351.419,1298.662,1263.75,1236.66,1185.954,1188.706,1213.048,1227.787,1234.834,1201.387,1041.335,1173.345,1151.868,1121.634,1088.067,973.602,934.867,954.294,840.735,850.484,701.186,755.596,736.81,568.221,514.86,489.784,468.109,450.142,435.803,424.913,417.985,414.577,412.065,410.455,414.133,421.777,429.228,435.958,446.304,438.267,419.218,397.1,381.883,360.873,350.521,349.52,348.487,341.79,338.849,330.058,315.433,299.925,287.972,273.173,265.312,261.408,259.848,254.565,251.627,242.782,227.776,211.798,199.088,183.806,175.244,171.239,166.705,159.44,153.774,142.581,126.948,110.895,97.923,84.247,73.266,64.556,56.436,47.993,40.676,33.861,27.598,22.124,17.534,13.62,10.352,7.694,5.586,3.953,2.72,1.823,1.19,0.752,0.459,0.272,0.155
VNM,1978,1594.416,1545.673,1510.956,1479.214,1478.896,1412.246,1348.063,1296.057,1261.645,1234.893,1184.449,1187.312,1211.695,1226.467,1233.548,1200.194,1040.446,1172.259,1150.827,1120.643,1087.127,972.926,934.268,953.605,840.333,850.001,701.073,755.233,736.392,568.196,514.873,489.742,468.006,449.974,435.564,424.596,417.574,414.052,411.411,409.659,413.162,420.612,427.876,434.434,444.605,436.495,417.424,395.289,379.993,358.912,348.406,347.172,345.905,339.042,335.932,327.047,312.395,296.862,284.818,269.925,261.847,257.629,255.684,250.051,246.713,237.58,222.363,206.302,193.438,178.082,169.239,164.768,159.76,152.121,146.005,134.664,119.202,103.458,90.699,77.402,66.71,58.196,50.328,42.298,35.402,29.075,23.357,18.434,14.365,10.955,8.163,5.939,4.213,2.907,1.946,1.268,0.802,0.491,0.29,0.167
VNM,1979,1636.295,1570.862,1533.804,1502.521,1473.014,1474.102,1408.611,1345.24,1293.79,1259.744,1233.23,1182.954,1185.837,1210.145,1224.788,1231.684,1198.156,1038.434,1169.738,1148.083,1117.73,1084.104,970.065,931.427,950.666,837.694,847.332,698.826,752.823,734.021,566.31,513.138,488.069,466.39,448.406,434.032,423.078,416.047,412.485,409.785,407.956,411.355,418.685,425.836,432.295,442.35,434.204,415.134,392.989,377.616,356.472,345.828,344.391,342.937,335.961,332.729,323.779,309.105,293.528,281.365,266.345,258.023,253.478,251.142,245.172,241.447,232.054,216.715,200.568,187.538,172.103,162.973,158.035,152.565,144.579,138.042,126.588,111.34,95.947,83.443,70.579,60.233,51.983,44.435,36.882,30.458,24.657,19.502,15.134,11.58,8.658,6.314,4.489,3.105,2.086,1.356,0.857,0.526,0.312,0.179
VNM,1980,1672.752,1619.724,1569.485,1537.365,1506.978,1476.432,1473.779,1405.84,1340.949,1287.26,1248.489,1217.144,1162.456,1160.426,1180.311,1193.418,1200.037,1167.09,1008.468,1141.249,1124.001,1098.49,1069.35,959.559,922.618,942.572,830.464,839.819,692.801,745.12,725.826,558.424,505.227,480.738,459.206,441.27,427.376,416.581,410.709,407.682,405.57,404.681,408.348,416.484,423.97,430.753,441.177,433.209,413.994,391.073,375.684,354.849,343.953,342.396,340.633,333.988,331.031,322.085,307.429,290.935,277.872,262.36,253.247,248.019,244.787,238.108,235.939,226.269,210.804,194.56,181.351,165.839,156.426,151.03,145.117,136.81,129.881,118.351,103.358,88.361,76.167,63.796,53.866,45.953,38.796,31.776,25.867,20.617,16.035,12.217,9.164,6.706,4.778,3.312,2.229,1.454,0.917,0.562,0.333,0.191
VNM,1981,1702.916,1650.722,1609.605,1563.147,1533.037,1503.734,1473.475,1470.98,1403.291,1338.392,1284.188,1244.789,1212.802,1157.381,1154.595,1174.103,1186.997,1193.504,1160.543,1002.33,1135.337,1118.726,1093.854,1065.329,956.035,919.291,939.264,827.407,836.887,690.011,742.072,722.773,555.808,502.833,478.413,456.926,439.086,425.22,414.586,408.752,405.749,403.711,402.793,406.505,414.603,422.053,428.805,439.11,431.023,411.619,388.639,373.183,352.259,341.262,339.524,337.69,331.021,327.935,318.876,303.979,287.24,273.923,258.151,248.711,243.066,239.396,232.698,230.085,220.123,204.515,188.166,174.776,159.201,149.519,143.68,137.344,128.747,121.453,109.888,95.205,80.673,68.861,57.064,47.629,40.132,33.432,26.993,21.634,16.955,12.946,9.67,7.098,5.074,3.525,2.377,1.554,0.983,0.601,0.356,0.205
VNM,1982,1752.732,1681.332,1640.867,1603.528,1559.15,1530.088,1500.991,1470.878,1468.473,1400.723,1335.23,1280.322,1240.209,1207.381,1151.194,1148.041,1167.332,1180.123,1186.568,1153.781,996.493,1129.889,1113.967,1089.763,1061.541,952.636,916.068,935.931,824.532,833.7,687.097,738.956,719.651,553.232,500.412,476.042,454.668,436.868,423.19,412.617,406.832,403.923,401.868,401.032,404.735,412.806,420.233,426.894,436.987,428.633,409.138,386.138,370.542,349.586,338.484,336.685,334.792,328.033,324.779,315.401,300.215,283.251,269.618,253.605,243.812,237.772,234.054,227.022,223.941,213.666,197.906,181.453,167.889,152.277,142.35,136.091,129.359,120.501,112.874,101.32,87.012,73.015,61.666,50.52,41.651,34.634,28.442,22.612,17.82,13.712,10.263,7.502,5.38,3.75,2.535,1.661,1.053,0.645,0.381,0.219
VNM,1983,1789.024,1731.202,1671.601,1634.951,1599.634,1556.318,1527.422,1498.442,1468.441,1465.875,1397.515,1331.315,1275.693,1234.729,1201.092,1144.597,1141.265,1160.456,1173.187,1179.743,1147.622,991.389,1125.15,1109.886,1085.978,1057.938,949.388,912.852,932.832,821.426,830.446,684.172,735.832,716.644,550.693,498.007,473.757,452.432,434.836,421.23,410.725,405.048,402.13,400.166,399.346,403.044,411.095,418.434,424.908,434.639,426.125,406.58,383.485,367.809,346.823,335.745,333.891,331.868,324.98,321.346,311.611,296.167,278.927,265.006,248.739,238.629,232.606,228.498,221.119,217.55,206.946,191.036,174.494,160.781,145.17,135.031,128.383,121.288,112.209,104.298,92.821,78.96,65.576,54.768,44.334,36.082,29.587,23.932,18.715,14.487,10.932,8.011,5.723,4.005,2.718,1.786,1.136,0.698,0.414,0.237
VNM,1984,1817.296,1767.76,1721.476,1665.659,1630.963,1596.657,1553.554,1524.784,1495.931,1465.824,1462.607,1393.575,1326.7,1270.265,1228.522,1194.555,1137.947,1134.549,1153.668,1166.492,1173.611,1142.237,987.021,1121.066,1106.067,1082.325,1054.434,946.099,909.816,929.455,818.217,827.149,681.213,732.793,713.651,548.155,495.675,471.479,450.361,432.846,419.311,408.928,403.248,400.421,398.474,397.667,401.363,409.323,416.475,422.613,432.081,423.439,403.765,380.64,364.884,343.994,332.941,330.956,328.757,321.53,317.474,307.404,291.646,274.158,259.935,243.457,233.43,227.068,222.544,214.79,210.693,199.746,183.695,167.091,153.262,137.692,127.371,120.358,112.929,103.673,95.538,84.22,70.906,58.232,48.054,38.399,30.82,24.892,19.806,15.213,11.548,8.532,6.112,4.261,2.902,1.914,1.22,0.753,0.448,0.257
VNM,1985,1834.693,1796.427,1758.128,1715.446,1661.623,1627.932,1593.838,1550.912,1522.286,1493.343,1462.651,1458.73,1389.057,1321.416,1264.247,1222.187,1188.072,1131.468,1128.029,1147.22,1160.563,1168.306,1137.619,983.353,1117.285,1102.423,1078.812,1050.93,943.022,906.553,926.016,815.009,823.857,678.378,729.808,710.692,545.719,493.379,469.389,448.354,430.916,417.503,407.132,401.548,398.738,396.806,396.014,399.639,407.412,414.234,420.136,429.358,420.507,400.766,377.616,361.905,341.116,330.017,327.856,325.273,317.67,313.209,302.743,286.697,268.953,254.466,238.171,227.889,221.165,216.192,208.035,203.381,192.089,175.922,159.294,145.385,129.898,119.428,112.077,104.354,94.981,86.7,75.643,62.976,51.103,41.63,32.808,25.938,20.607,16.104,12.131,9.017,6.512,4.55,3.089,2.045,1.309,0.809,0.483,0.279
VNM,1986,1845.209,1814.326,1786.937,1752.199,1711.466,1658.703,1625.202,1591.245,1548.464,1519.725,1490.169,1458.774,1454.124,1383.66,1315.271,1257.792,1215.589,1181.442,1124.888,1121.576,1141.305,1155.289,1163.649,1133.626,979.956,1113.668,1098.914,1075.299,1047.637,939.712,903.208,922.552,811.776,820.658,675.567,726.831,707.805,543.288,491.241,467.343,446.397,429.095,415.704,405.451,399.899,397.11,395.201,394.361,397.824,405.268,411.854,417.543,426.436,417.431,397.628,374.581,358.92,338.17,326.982,324.439,321.425,313.459,308.52,297.674,281.324,263.361,249.006,232.578,222.025,214.915,209.463,200.886,195.661,184.031,167.779,151.163,137.209,121.852,111.276,103.637,95.683,86.272,77.932,67.221,55.277,44.265,35.559,27.614,21.497,16.8,12.897,9.525,6.925,4.878,3.316,2.183,1.401,0.867,0.519,0.3
VNM,1987,1852.974,1825.619,1805.243,1781.292,1748.397,1708.623,1656.026,1622.623,1588.772,1545.875,1516.482,1486.18,1454.047,1448.501,1377.254,1308.55,1250.941,1208.719,1174.588,1118.273,1115.586,1135.989,1150.62,1159.588,1129.875,976.682,1110.155,1095.37,1071.974,1044.078,936.288,899.806,919.034,808.608,817.46,672.733,723.901,704.896,541,489.138,465.339,444.548,427.285,414.031,403.829,398.313,395.556,393.608,392.631,395.786,403.001,409.385,414.778,423.396,414.242,394.511,371.577,355.901,335.149,323.667,320.694,317.265,308.872,303.474,292.225,275.61,257.849,243.304,226.738,215.899,208.385,202.438,193.441,187.654,175.718,159.423,142.868,128.915,113.734,103.099,95.232,87.12,77.757,69.461,59.196,48.053,37.959,30.059,22.993,17.614,13.528,10.186,7.363,5.224,3.581,2.364,1.509,0.938,0.563,0.326
VNM,1988,1846.653,1834.242,1816.876,1799.767,1777.582,1745.623,1706.013,1653.555,1620.26,1586.286,1542.772,1512.663,1481.648,1448.679,1442.312,1370.752,1301.924,1244.303,1202.097,1168.146,1112.522,1110.524,1131.534,1146.734,1155.912,1126.372,973.611,1106.709,1092.109,1068.477,1040.515,932.921,896.464,915.699,805.548,814.351,670.046,721.047,702.208,538.809,487.129,463.483,442.736,425.614,412.418,402.269,396.792,393.999,391.921,390.667,393.621,400.634,406.726,411.878,420.215,411.04,391.385,368.493,352.758,331.804,319.996,316.613,312.7,303.899,298.012,286.4,269.925,252.025,237.278,220.561,209.416,201.474,195.021,185.605,179.265,167.053,150.758,134.308,120.4,105.444,94.804,86.77,78.581,69.361,61.219,51.505,41.244,32.118,25.052,18.859,14.198,10.695,7.88,5.558,3.837,2.554,1.634,1.011,0.609,0.354
VNM,1989,1844.648,1828.95,1825.767,1811.298,1795.8,1774.512,1742.812,1703.415,1651.164,1617.839,1583.408,1539.358,1508.685,1476.99,1443.363,1436.654,1364.966,1296.104,1238.481,1196.398,1162.945,1107.96,1106.475,1127.914,1143.257,1152.495,1123.082,970.626,1103.523,1088.713,1065.02,1037.059,929.671,893.346,912.516,802.625,811.425,667.48,718.413,699.598,536.7,485.235,461.628,441.002,423.938,410.791,400.685,395.175,392.258,389.931,388.5,391.268,397.992,403.839,408.745,416.907,407.702,388.049,365.157,349.184,328.015,315.91,312.059,307.681,298.46,292.122,280.477,263.814,245.768,230.801,213.919,202.449,194.067,187.101,177.284,170.406,157.953,141.711,125.421,111.61,96.948,86.371,78.254,70.087,61.125,53.26,44.204,34.896,26.768,20.548,15.202,11.226,8.274,5.949,4.083,2.738,1.766,1.096,0.657,0.383
VNM,1990,1845.461,1827.04,1819.559,1818.917,1806.152,1791.819,1771.361,1740.275,1701.331,1649.417,1616.301,1581.987,1537.985,1507.275,1475.482,1441.703,1434.763,1362.9,1293.871,1236.096,1193.88,1160.332,1105.352,1103.801,1125.156,1140.444,1149.651,1120.294,968.168,1100.732,1085.92,1062.246,1034.324,927.179,890.928,910.03,800.39,809.116,665.491,716.184,697.308,534.832,483.459,459.863,439.255,422.201,409.045,398.899,393.299,390.241,387.739,386.107,388.644,395.124,400.755,405.471,413.414,404.111,384.411,361.456,345.305,323.983,311.601,307.344,302.553,293,286.286,274.344,257.488,239.287,224.088,207.039,195.249,186.439,178.982,168.797,161.418,148.769,132.626,116.548,102.894,88.588,78.152,70.045,62.009,53.408,45.925,37.59,29.245,22.087,16.671,12.104,8.75,6.298,4.408,2.94,1.912,1.197,0.719,0.419
VNM,1991,1847.203,1829.142,1818.371,1813.103,1813.93,1802.218,1788.647,1768.767,1738.125,1699.51,1647.83,1614.835,1580.559,1536.529,1505.707,1473.74,1439.741,1432.511,1360.45,1291.256,1233.357,1191.05,1157.452,1102.52,1100.935,1122.226,1137.474,1146.654,1117.351,965.56,1097.781,1082.975,1059.336,1031.465,924.577,888.402,907.425,798.026,806.652,663.346,713.773,694.833,532.822,481.563,457.996,437.414,420.368,407.184,396.97,391.243,388.016,385.321,383.489,385.813,392.077,397.515,402.045,409.743,400.293,380.489,357.416,341.039,319.54,306.87,302.198,296.995,287.128,280.01,267.751,250.682,232.31,216.864,199.654,187.548,178.32,170.39,159.864,152.006,139.205,123.22,107.422,93.999,80.136,69.938,61.952,54.164,46.038,39.041,31.491,24.122,17.912,13.269,9.432,6.657,4.665,3.172,2.052,1.294,0.786,0.459
VNM,1992,1841.785,1832.085,1821.055,1812.372,1808.485,1810.257,1799.25,1786.21,1766.732,1736.392,1697.985,1646.44,1613.488,1579.187,1535.084,1504.124,1471.979,1437.774,1430.296,1358.113,1288.845,1230.909,1188.589,1155.002,1100.154,1098.554,1119.787,1134.983,1144.115,1114.837,963.347,1095.215,1080.4,1056.779,1028.943,922.282,886.152,905.058,795.857,804.346,661.333,711.475,692.471,530.934,479.797,456.254,435.683,418.615,405.369,395.045,389.16,385.745,382.857,380.845,382.989,389.063,394.315,398.641,406.047,396.39,376.42,353.187,336.558,314.881,301.933,296.858,291.249,281.05,273.515,260.925,243.631,225.086,209.4,192.047,179.653,170.038,161.667,150.841,142.551,129.648,113.879,98.426,85.311,71.973,62.102,54.345,46.906,39.334,32.884,26.128,19.688,14.356,10.416,7.234,4.974,3.387,2.235,1.403,0.858,0.507
VNM,1993,1813.739,1827.974,1824.672,1815.4,1807.912,1804.864,1807.255,1796.745,1784.092,1764.909,1734.784,1696.51,1645.024,1612.045,1577.645,1533.394,1502.223,1469.836,1435.389,1427.65,1355.366,1286.063,1228.133,1185.838,1152.291,1097.547,1095.944,1117.118,1132.26,1141.342,1112.094,960.922,1092.445,1077.636,1054.049,1026.252,919.818,883.718,902.481,793.471,801.804,659.11,708.967,689.923,528.906,477.907,454.386,433.811,416.694,403.353,392.895,386.836,383.234,380.176,378.017,380.003,385.89,390.934,395.004,402.045,392.11,371.926,348.507,331.616,309.778,296.559,291.086,285.056,274.502,266.514,253.56,236.028,217.311,201.399,183.932,171.273,161.296,152.509,141.418,132.73,119.786,104.315,89.302,76.594,63.887,54.459,47.044,40.06,33.119,27.273,21.317,15.773,11.266,7.985,5.402,3.611,2.386,1.528,0.93,0.553
VNM,1994,1764.479,1801.229,1821.132,1819.408,1811.229,1804.521,1802.049,1804.884,1794.734,1782.354,1763.366,1733.361,1695.134,1643.631,1610.553,1575.993,1531.544,1500.129,1467.498,1432.835,1424.883,1352.565,1283.287,1225.412,1183.172,1149.683,1095.048,1093.439,1114.551,1129.633,1138.66,1109.44,958.582,1089.775,1074.976,1051.413,1023.641,917.405,881.308,899.901,791.068,799.24,656.882,706.472,687.405,526.91,476.04,452.519,431.906,414.71,401.247,390.642,384.418,380.656,377.461,375.183,377.024,382.708,387.505,391.261,397.87,387.606,367.185,343.582,326.44,304.466,291.003,285.118,278.654,267.73,259.269,245.941,228.177,209.311,193.2,175.658,162.773,152.471,143.311,132.005,122.982,110.069,94.973,80.482,68.275,56.281,47.38,40.395,33.931,27.646,22.408,17.209,12.482,8.715,6.023,3.963,2.572,1.65,1.026,0.607
VNM,1995,1686.88,1753.406,1795.112,1816.246,1815.426,1807.919,1801.731,1799.673,1802.836,1792.958,1780.772,1761.903,1731.947,1693.702,1642.123,1608.893,1574.126,1529.456,1497.797,1464.95,1430.124,1422.022,1349.736,1280.537,1222.75,1180.587,1147.159,1092.627,1091,1112.035,1127.044,1136.009,1106.818,956.281,1087.133,1072.334,1048.778,1021,914.936,878.811,897.205,788.553,796.564,654.578,703.904,684.819,524.857,474.097,450.544,429.861,412.553,398.953,388.204,381.835,377.941,374.633,372.241,373.914,379.346,383.825,387.189,393.291,382.655,361.985,338.214,320.837,298.748,285.025,278.704,271.768,260.439,251.47,237.758,219.775,200.788,184.509,166.934,153.858,143.263,133.767,122.299,113.001,100.208,85.595,71.741,60.148,48.968,40.689,34.217,28.327,22.719,18.093,13.622,9.66,6.576,4.421,2.825,1.78,1.109,0.669
VNM,1996,1585.415,1677.619,1748.286,1790.971,1812.829,1812.579,1805.522,1799.693,1797.922,1801.304,1791.592,1779.518,1760.723,1730.822,1692.624,1641.093,1607.881,1573.119,1528.462,1496.804,1463.976,1429.187,1421.084,1348.925,1279.84,1222.131,1179.993,1146.55,1092.026,1090.281,1111.139,1125.978,1134.791,1105.539,955.225,1085.657,1070.759,1047.107,1019.22,913.234,877.003,895.133,786.624,794.446,652.803,701.832,682.679,523.188,472.472,448.823,428.013,410.561,396.809,385.923,379.423,375.408,371.982,369.446,370.898,376.012,380.101,383.006,388.545,377.517,356.609,332.685,315.008,292.807,278.815,272.033,264.601,252.853,243.37,229.285,211.111,192.04,175.632,158.066,144.838,133.997,124.218,112.657,103.17,90.594,76.562,63.438,52.546,42.24,34.633,28.714,23.41,18.458,14.418,10.619,7.346,4.868,3.18,1.974,1.208,0.732
VNM,1997,1495.414,1577.584,1673.232,1744.578,1787.79,1810.078,1810.206,1803.477,1797.926,1796.373,1799.917,1790.323,1778.333,1759.602,1729.762,1691.624,1640.16,1606.982,1572.244,1527.635,1496.015,1463.238,1428.513,1420.418,1348.379,1279.391,1221.728,1179.582,1146.091,1091.546,1089.657,1110.32,1124.98,1133.632,1104.315,954.212,1084.196,1069.166,1045.38,1017.348,911.426,875.079,892.945,784.608,792.252,650.974,699.681,680.427,521.396,470.696,446.923,425.972,408.38,394.502,383.511,376.904,372.773,369.209,366.486,367.655,372.375,376.003,378.394,383.331,371.91,350.778,326.633,308.736,286.419,272.134,264.852,256.888,244.702,234.696,220.249,201.918,182.805,166.31,148.8,135.465,124.425,114.423,102.85,93.273,81.033,67.704,55.423,45.329,35.957,29.069,23.733,19.023,14.712,11.243,8.079,5.441,3.504,2.223,1.341,0.798
VNM,1998,1438.899,1488.604,1573.717,1669.874,1741.619,1785.181,1807.787,1808.211,1801.743,1796.405,1795.012,1798.667,1789.159,1777.234,1758.561,1728.784,1690.706,1639.303,1606.16,1571.458,1526.915,1495.353,1462.644,1427.978,1419.878,1347.933,1279.009,1221.361,1179.177,1145.614,1091.032,1088.997,1109.465,1123.951,1132.45,1103.061,953.156,1082.67,1067.48,1043.533,1015.338,909.484,873.038,890.658,782.523,789.996,649.076,697.43,678.027,519.441,468.737,444.827,423.747,406.045,392.075,381.009,374.304,370.042,366.302,363.337,364.157,368.42,371.537,373.383,377.702,365.892,344.462,320.199,302.074,279.626,265.023,257.208,248.691,236.066,225.541,210.756,192.302,173.191,156.651,139.25,125.86,114.682,104.535,93.047,83.497,71.718,59.205,47.856,38.625,30.211,24.054,19.307,15.182,11.488,8.566,5.992,3.923,2.453,1.512,0.886
VNM,1999,1397.123,1433.254,1485.608,1571.047,1667.424,1739.38,1783.163,1805.995,1806.643,1800.368,1795.18,1793.895,1797.634,1788.219,1776.403,1757.855,1728.214,1690.273,1639.02,1605.996,1571.411,1527.003,1495.541,1462.907,1428.289,1420.147,1348.247,1279.328,1221.635,1179.356,1145.672,1091.012,1088.792,1109.038,1123.32,1131.626,1102.121,952.367,1081.351,1065.945,1041.793,1013.408,907.627,871.085,888.464,780.528,787.803,647.212,695.143,675.526,517.387,466.667,442.625,421.439,403.659,389.622,378.484,371.663,367.224,363.246,359.972,360.38,364.131,366.702,367.985,371.672,359.352,337.727,313.342,294.964,272.372,257.43,249.058,239.975,226.921,215.891,200.797,182.266,163.207,146.672,129.442,116.064,104.826,94.63,83.347,73.955,62.766,51.169,40.819,32.488,25.029,19.594,15.429,11.873,8.767,6.365,4.328,2.752,1.673,1.003
VNM,2000,1382.349,1391.109,1429.789,1482.581,1568.285,1664.86,1737.031,1781.049,1804.122,1804.992,1798.887,1793.791,1792.509,1796.145,1786.533,1774.417,1755.486,1725.424,1687.069,1635.468,1602.158,1567.379,1522.893,1491.402,1458.796,1424.245,1416.136,1344.4,1275.641,1218.087,1175.917,1142.329,1087.815,1085.634,1105.869,1120.144,1128.435,1098.97,949.513,1078.08,1062.584,1038.356,1009.92,904.359,867.85,885.09,777.44,784.559,644.348,691.854,672.04,514.447,463.791,439.7,418.493,400.706,386.652,375.46,368.513,363.87,359.618,356.001,355.973,359.202,361.23,361.964,365.075,352.375,330.546,306.023,287.372,264.626,249.335,240.397,230.756,217.294,205.783,190.417,171.853,152.897,136.425,119.44,106.164,94.981,84.871,73.933,64.839,54.339,43.703,34.355,26.916,20.386,15.673,12.107,9.13,6.6,4.681,3.104,1.919,1.13
VNM,2001,1397.452,1376.539,1387.75,1426.876,1479.993,1565.938,1662.73,1735.147,1779.431,1802.759,1802.228,1793.883,1785.43,1780.281,1780.704,1768.907,1753.733,1732.344,1701.172,1663.852,1615.146,1584.501,1552.751,1511.315,1482.208,1451.482,1419.07,1412.425,1342.221,1273.994,1216.558,1174.182,1140.666,1086.22,1084.07,1104.527,1119.077,1127.35,1097.895,948.586,1076.935,1061.053,1037.53,1009.07,903.993,867.324,884.653,777.214,784.468,644.157,691.558,670.632,513.312,462.645,438.34,416.687,398.824,384.286,373.126,365.622,360.763,356.199,352.193,351.812,354.477,356.027,355.548,357.995,344.892,322.837,298.161,279.215,256.317,240.679,231.175,220.98,207.134,195.164,179.562,161.019,142.235,125.906,109.265,96.199,85.188,75.291,64.819,56.138,46.413,36.786,28.463,21.923,16.307,12.299,9.31,6.873,4.854,3.357,2.165,1.297
VNM,2002,1407.021,1391.9,1373.37,1385.019,1424.45,1477.823,1563.973,1660.962,1733.604,1778.118,1799.905,1796.953,1784.992,1772.388,1763.795,1761.875,1746.803,1728.999,1706.424,1676.373,1642.157,1596.353,1568.967,1540.471,1501.617,1474.521,1446.086,1415.295,1410.164,1340.522,1272.435,1214.802,1172.521,1139.028,1084.73,1082.875,1103.624,1118.152,1126.349,1096.729,947.951,1075.508,1060.364,1036.801,1008.586,903.556,867.184,884.252,777.409,783.884,644.346,690.234,668.729,511.996,461.272,436.501,414.787,396.432,381.957,370.246,362.553,357.391,352.451,348.156,347.27,349.466,349.752,348.699,350.439,336.898,314.595,289.756,270.511,247.478,231.508,221.447,210.718,196.517,184.117,168.327,149.874,131.347,115.259,99.077,86.342,75.629,66.07,56.173,48.003,39.114,30.518,23.217,17.564,12.818,9.476,7.021,5.067,3.491,2.348,1.467
VNM,2003,1436.332,1401.762,1388.887,1370.787,1382.74,1422.41,1475.998,1562.33,1659.497,1732.333,1775.318,1794.714,1788.21,1772.179,1756.2,1745.312,1740.167,1722.509,1703.532,1682.042,1655.022,1623.626,1581.047,1556.848,1530.858,1493.996,1469.139,1442.286,1413.025,1408.318,1338.814,1270.555,1213.044,1170.806,1137.415,1083.519,1082.001,1102.717,1117.156,1125.097,1095.679,946.88,1074.75,1059.536,1036.194,1007.762,903.25,866.809,883.97,776.815,783.352,643.242,688.196,666.401,510.265,459.266,434.452,412.276,394.005,379.007,367.141,359.174,353.642,348.423,343.682,342.387,343.334,343.044,341.38,342.36,328.346,305.779,280.78,261.242,238.104,221.825,211.225,199.984,185.463,172.674,156.759,138.483,120.317,104.589,88.991,76.712,66.42,57.313,48.081,40.503,32.492,24.931,18.63,13.829,9.893,7.162,5.188,3.653,2.449,1.597
VNM,2004,1430.657,1431.247,1398.88,1386.389,1368.606,1380.81,1420.688,1474.473,1560.976,1658.299,1729.635,1770.297,1786.256,1775.823,1756.538,1738.348,1724.351,1716.693,1697.899,1679.956,1661.372,1637.057,1608.744,1569.263,1547.477,1523.379,1488.694,1465.355,1439.968,1411.157,1406.455,1336.788,1268.672,1211.232,1169.113,1136.068,1082.61,1081.108,1101.723,1115.899,1123.935,1094.166,946.453,1073.824,1058.793,1035.219,1007.02,902.671,866.51,882.841,776.229,781.459,641.432,685.711,663.6,507.89,457.041,431.797,409.722,390.964,375.832,363.728,355.42,349.615,343.965,338.878,336.427,336.8,335.9,333.579,333.742,319.222,296.388,271.248,251.44,228.235,211.678,200.561,188.836,174.04,160.921,144.962,126.969,109.288,94.047,79.157,67.454,57.691,49.131,40.634,33.71,26.597,20.05,14.704,10.702,7.498,5.308,3.753,2.572,1.672
VNM,2005,1444.796,1425.805,1428.436,1396.451,1384.246,1366.735,1379.163,1419.239,1473.212,1559.866,1655.699,1724.743,1762.033,1774.137,1760.521,1739.074,1717.85,1701.406,1692.621,1674.832,1659.722,1643.767,1622.451,1597.141,1560.043,1540.1,1518.1,1484.914,1462.998,1438.041,1409.281,1404.289,1334.762,1266.737,1209.446,1167.685,1135.025,1081.694,1080.146,1100.492,1114.744,1122.333,1093.274,945.901,1073.004,1057.716,1034.347,1006.025,902.186,865.42,881.704,774.345,778.838,639.217,682.774,660.147,505.301,454.226,429.097,406.565,387.695,372.346,359.942,351.391,345.165,339.182,333.022,330.07,329.833,328.276,325.249,324.541,309.496,286.408,261.157,241.109,217.882,201.082,189.476,177.307,162.295,148.92,133.023,115.439,98.375,83.755,69.689,58.665,49.525,41.589,33.877,27.648,21.435,15.862,11.407,8.133,5.574,3.853,2.651,1.763
VNM,2006,1427.253,1440.084,1423.1,1426.043,1394.358,1382.406,1365.145,1377.79,1418.055,1472.195,1557.42,1651.037,1716.828,1750.408,1759.441,1743.743,1719.385,1695.813,1678.292,1670.451,1655.371,1642.774,1629.678,1611.228,1588.176,1552.87,1534.932,1514.34,1482.533,1461.022,1436.103,1407.108,1402.12,1332.685,1264.826,1207.911,1166.535,1133.954,1080.693,1078.935,1099.335,1113.14,1121.299,1092.209,945.418,1071.818,1056.692,1033.178,1005.045,900.87,864.271,879.21,771.715,775.733,636.542,679.174,656.429,502.107,451.339,425.78,403.155,384.091,368.466,355.856,346.919,340.365,333.351,326.76,323.273,322.38,320.113,316.327,314.7,299.124,275.805,250.481,230.229,207.025,190.019,177.957,165.394,150.244,136.713,121.004,103.969,87.66,73.785,60.646,50.391,41.947,34.698,27.803,22.3,16.972,12.317,8.678,6.053,4.05,2.726,1.821
VNM,2007,1402.72,1422.774,1437.465,1420.79,1423.958,1392.53,1380.805,1363.777,1376.625,1417.057,1469.919,1553.125,1643.755,1706.137,1736.891,1743.995,1725.611,1699.09,1674.52,1657.852,1652.457,1639.66,1629.665,1619.171,1602.77,1581.332,1547.882,1531.224,1511.863,1480.441,1458.954,1433.811,1404.865,1399.839,1330.565,1263.077,1206.549,1165.264,1132.698,1079.355,1077.687,1097.646,1111.942,1119.955,1091.047,944.456,1070.524,1055.221,1031.837,1003.071,899.301,861.685,875.826,768.501,772.037,633.158,675.231,652.028,498.761,447.803,422.157,399.355,380.039,364.225,351.277,342.042,334.519,327.088,320.039,315.975,314.368,311.337,306.751,304.168,288.068,264.551,239.203,218.786,195.659,178.493,166.028,153.143,137.959,124.397,109.022,92.684,77.262,64.248,52.119,42.702,35.014,28.496,22.441,17.672,13.192,9.381,6.465,4.403,2.869,1.874
VNM,2008,1423.373,1398.467,1420.285,1435.216,1418.775,1422.141,1390.948,1379.438,1362.632,1375.662,1414.946,1465.995,1546.491,1634.002,1693.792,1722.762,1727.388,1707.009,1679.56,1655.756,1641.305,1637.958,1627.52,1619.879,1611.234,1596.289,1576.513,1544.248,1528.703,1509.662,1478.278,1456.579,1431.47,1402.533,1397.531,1328.604,1261.493,1205.079,1163.822,1131.128,1077.981,1075.956,1096.329,1110.461,1118.523,1089.436,943.409,1068.817,1053.579,1029.569,1000.808,896.387,858.276,871.862,764.749,767.665,629.48,670.667,647.431,494.794,443.963,418.149,395.119,375.633,359.512,346.312,336.201,328.272,320.4,312.855,308.165,305.797,301.964,296.55,292.993,276.386,252.714,227.393,206.857,183.87,166.607,153.811,140.705,125.615,112.167,97.278,81.772,67.349,55.283,44.223,35.69,28.797,23.037,17.813,13.762,10.066,7.004,4.713,3.126,1.977
VNM,2009,1443.66,1419.239,1396.134,1418.14,1433.229,1416.977,1420.515,1389.541,1378.237,1361.634,1373.721,1411.48,1460.244,1538.086,1623.358,1681.586,1708.396,1711.26,1690.043,1663.21,1641.274,1628.559,1627.191,1618.751,1612.676,1605.256,1591.712,1572.921,1541.627,1526.342,1507.305,1475.756,1454.078,1428.971,1400.097,1395.271,1326.679,1259.691,1203.33,1161.971,1129.386,1076.043,1074.4,1094.591,1108.722,1116.506,1087.546,941.82,1066.733,1050.879,1026.795,997.085,892.535,854.182,867.223,760.262,762.877,625.154,665.805,642.091,490.421,439.656,413.623,390.432,370.674,354.324,340.379,329.904,321.539,313.187,305.101,299.738,296.561,291.893,285.635,281.087,263.998,240.22,214.985,194.386,171.616,154.34,141.312,128.111,113.262,100.088,85.836,71.291,57.961,46.917,36.968,29.357,23.282,18.291,13.875,10.505,7.519,5.109,3.348,2.157
VNM,2010,1447.565,1439.868,1417.178,1394.251,1416.344,1431.524,1415.411,1419.083,1388.29,1377.14,1360.472,1372.337,1409.684,1457.92,1535.238,1620.041,1677.641,1703.873,1706.336,1685.031,1658.401,1636.696,1624.29,1623.246,1615.079,1609.213,1602.034,1588.653,1570.021,1538.777,1523.463,1504.371,1472.839,1451.165,1426.083,1397.268,1392.441,1323.924,1256.977,1200.59,1159.201,1126.495,1073.234,1071.455,1091.484,1105.417,1113.052,1083.978,938.568,1062.558,1046.356,1021.77,991.676,887.298,848.825,861.45,754.973,757.244,620.267,660.126,636.088,485.377,434.65,408.403,384.976,364.982,348.277,334.025,323.16,314.324,305.449,296.785,290.711,286.696,281.173,274.065,268.523,250.98,227.146,202.062,181.471,159.013,141.831,128.695,115.546,101.095,88.349,74.867,61.383,49.215,39.242,30.421,23.745,18.493,14.254,10.596,7.851,5.487,3.631,2.31
VNM,2011,1453.929,1443.9,1437.873,1415.341,1392.54,1414.698,1429.967,1413.994,1417.805,1387.175,1375.962,1359.319,1371.175,1408.421,1456.514,1533.584,1618.086,1675.304,1701.186,1703.423,1682.028,1655.405,1633.78,1621.457,1620.512,1612.443,1606.662,1599.526,1586.115,1567.421,1536.089,1520.666,1501.489,1469.913,1448.179,1423.065,1394.22,1389.316,1320.814,1253.863,1197.418,1155.953,1123.134,1069.891,1067.988,1087.827,1101.545,1108.939,1079.667,934.512,1057.479,1040.855,1015.842,985.446,881.343,842.848,855.11,749.137,751.008,614.765,653.733,629.32,479.675,429.017,402.567,378.95,358.75,341.768,327.189,315.9,306.549,297.113,287.835,281.024,276.148,269.763,261.803,255.267,237.307,213.48,188.63,168.139,146.116,129.16,116.064,103.127,89.231,77.056,64.464,52.122,41.163,32.294,24.604,18.858,14.408,10.885,7.917,5.73,3.899,2.505
VNM,2012,1471.813,1450.307,1441.935,1436.042,1413.638,1390.957,1413.195,1428.573,1412.755,1416.697,1386.017,1374.822,1358.186,1369.961,1407.073,1454.948,1531.74,1615.847,1672.689,1698.317,1700.429,1679.032,1652.499,1630.977,1618.775,1617.918,1609.939,1604.201,1597.025,1583.544,1564.736,1533.322,1517.809,1498.557,1466.939,1445.163,1420.009,1391.137,1386.103,1317.59,1250.599,1194.112,1152.555,1119.688,1066.479,1064.463,1084.074,1097.535,1104.6,1075.087,930.101,1052.003,1034.904,1009.549,978.942,875.225,836.714,848.602,743.035,744.461,608.865,646.862,622.003,473.514,422.963,396.343,372.56,352.127,334.853,319.921,308.174,298.275,288.252,278.35,270.794,265.057,257.815,249.018,241.505,223.179,199.438,174.922,154.649,133.198,116.614,103.716,91.147,77.942,66.461,54.84,43.684,33.95,26.183,19.588,14.73,11.033,8.158,5.796,4.086,2.701
VNM,2013,1501.064,1468.212,1448.372,1440.124,1434.33,1412.039,1389.481,1411.817,1427.32,1411.649,1415.509,1384.859,1373.669,1356.967,1368.626,1405.532,1453.16,1529.578,1613.286,1669.841,1695.313,1697.389,1676.079,1649.662,1628.287,1616.198,1615.423,1607.496,1601.716,1594.457,1580.849,1561.933,1530.454,1514.856,1495.529,1463.885,1442.059,1416.866,1387.911,1382.714,1314.152,1247.138,1190.591,1149.008,1116.11,1062.95,1060.779,1080.121,1093.233,1099.913,1070.026,925.272,1045.986,1028.491,1002.885,972.16,868.853,830.329,841.701,736.536,737.338,602.441,639.331,613.985,466.804,416.422,389.66,365.682,345.002,327.409,312.09,299.85,289.373,278.744,268.21,259.906,253.303,245.21,235.589,227.118,208.492,184.939,160.888,140.979,120.259,104.208,91.669,79.617,67.226,56.544,45.969,36.034,27.529,20.85,15.303,11.28,8.27,5.972,4.133,2.83
VNM,2014,1524.067,1497.43,1466.266,1446.571,1438.426,1432.725,1410.557,1388.142,1410.592,1426.215,1410.466,1414.331,1383.694,1372.431,1355.632,1367.105,1403.781,1451.074,1527.117,1610.516,1666.88,1692.286,1694.415,1673.22,1646.965,1625.728,1613.747,1613.018,1605.053,1599.188,1591.787,1578.058,1559.048,1527.51,1511.826,1492.441,1460.761,1438.885,1413.597,1384.531,1379.123,1310.53,1243.477,1186.941,1145.351,1112.433,1059.284,1056.923,1075.904,1088.615,1094.763,1064.516,919.989,1039.536,1021.731,995.969,965.131,862.253,823.588,834.381,729.499,729.606,595.436,631.116,605.29,459.586,409.43,382.498,358.317,337.365,319.425,303.69,290.931,279.862,268.624,257.461,248.416,240.952,232.021,221.603,212.22,193.384,170.152,146.719,127.337,107.509,92.145,80.112,68.709,57.229,47.432,37.952,29.245,21.943,16.306,11.73,8.464,6.061,4.265,2.866
VNM,2015,1525.151,1520.435,1495.473,1464.464,1444.883,1436.835,1431.24,1409.214,1386.953,1409.516,1425.03,1409.295,1413.152,1382.452,1371.086,1354.122,1365.392,1401.751,1448.714,1524.472,1607.653,1663.909,1689.334,1691.539,1670.5,1644.395,1623.288,1611.376,1610.599,1602.552,1596.544,1589.009,1575.175,1556.08,1524.483,1508.733,1489.28,1457.569,1435.584,1410.174,1380.951,1375.345,1306.703,1239.684,1183.179,1141.595,1108.617,1055.45,1052.811,1071.379,1083.542,1089.156,1058.494,914.327,1032.742,1014.722,988.807,957.857,855.291,816.447,826.462,721.87,721.173,587.801,622.21,595.932,451.869,401.939,374.83,350.425,329.177,310.862,294.695,281.408,269.742,257.902,246.124,236.349,228.038,218.296,207.129,196.905,177.987,155.232,132.586,113.901,95.12,80.582,69.185,58.54,48.049,39.2,30.839,23.34,17.185,12.518,8.814,6.212,4.334,2.963
VNM,2016,1523.651,1521.567,1518.475,1493.653,1462.767,1443.291,1435.345,1429.874,1408,1385.888,1408.342,1423.855,1408.123,1411.898,1381.109,1369.572,1352.429,1363.413,1399.462,1446.19,1521.746,1604.777,1661,1686.459,1688.776,1667.877,1641.909,1620.887,1608.948,1608.079,1599.896,1593.754,1586.106,1572.179,1553.002,1521.369,1505.544,1486.028,1454.227,1432.108,1406.528,1377.163,1371.33,1302.718,1235.754,1179.295,1137.678,1104.607,1051.345,1048.384,1066.391,1077.999,1083.009,1052.018,908.345,1025.676,1007.445,981.371,950.163,847.893,808.696,817.838,713.522,711.947,579.497,612.596,585.886,443.578,393.892,366.588,341.936,320.37,301.667,285.06,271.246,258.99,246.561,234.185,223.697,214.564,204.055,192.214,181.259,162.412,140.313,118.634,100.813,83.215,69.622,58.976,49.179,39.737,31.878,24.635,18.298,13.206,9.417,6.477,4.448,3.015
VNM,2017,1507.231,1520.116,1519.634,1516.651,1491.937,1461.162,1441.795,1433.971,1428.636,1406.913,1384.739,1407.192,1422.692,1406.894,1410.559,1379.617,1367.895,1350.498,1361.208,1397.04,1443.611,1519.031,1601.976,1658.173,1683.695,1686.102,1665.324,1639.445,1618.416,1606.409,1605.398,1597.094,1590.843,1583.095,1569.082,1549.846,1518.172,1502.276,1482.635,1450.719,1428.419,1402.684,1373.156,1367.167,1298.606,1231.715,1175.265,1133.579,1100.333,1046.941,1043.523,1060.962,1071.947,1076.429,1045.209,902.156,1018.373,999.92,973.543,942.012,839.896,800.293,808.433,704.423,701.947,570.571,602.311,575.132,434.706,385.278,357.757,332.84,310.946,291.854,274.817,260.489,247.66,234.663,221.715,210.547,200.637,189.436,177.029,165.489,146.896,125.638,105.091,88.28,71.971,59.415,49.607,40.727,32.363,25.509,19.35,14.092,9.958,6.938,4.65,3.103
VNM,2018,1490.68,1503.763,1518.193,1517.817,1514.921,1490.315,1459.666,1440.434,1432.748,1427.547,1405.785,1383.645,1406.083,1421.506,1405.613,1409.103,1377.992,1366.014,1348.382,1358.907,1394.594,1441.067,1516.401,1599.263,1655.453,1681.009,1683.482,1662.776,1636.898,1615.825,1603.71,1602.577,1594.178,1587.834,1580,1565.924,1546.623,1514.907,1498.883,1479.092,1447.015,1424.545,1398.635,1369.014,1362.882,1294.389,1227.531,1171.055,1129.216,1095.746,1042.109,1038.229,1055.032,1065.467,1069.504,1038.152,895.754,1010.811,991.99,965.23,933.181,831.197,791.096,798.138,694.522,691.137,560.973,591.244,563.567,425.155,375.991,348.237,323.047,300.827,281.355,263.904,249.075,235.69,222.147,208.66,196.854,186.231,174.436,161.603,149.648,131.503,111.27,92.006,76.333,61.4,49.959,41.065,33.156,25.886,20.029,14.897,10.621,7.332,4.978,3.241
VNM,2019,1483.665,1487.298,1501.889,1516.397,1516.098,1513.279,1488.789,1458.282,1439.2,1431.65,1426.432,1404.715,1382.595,1404.96,1420.273,1404.225,1407.515,1376.174,1363.954,1346.167,1356.572,1392.159,1438.575,1513.82,1596.608,1652.759,1678.323,1680.812,1660.099,1634.194,1613.046,1600.846,1599.617,1591.145,1584.725,1576.824,1562.678,1543.309,1511.498,1495.315,1475.328,1443.101,1420.45,1394.43,1364.732,1358.468,1290.008,1223.148,1166.563,1124.518,1090.706,1036.833,1032.447,1048.682,1058.646,1062.322,1030.85,889.127,1002.839,983.557,956.218,923.552,821.666,781.029,786.93,683.819,679.51,550.655,579.353,551.133,414.876,365.996,338.003,312.549,290.02,270.191,252.35,237.048,223.13,209.078,195.103,182.731,171.498,159.249,146.16,133.991,116.489,97.441,79.583,65.15,51.651,41.376,33.449,26.536,20.338,15.431,11.239,7.829,5.267,3.473
VNM,2020,1477.506,1480.33,1485.457,1500.131,1514.702,1514.483,1511.76,1487.41,1457.062,1438.123,1430.514,1425.314,1403.608,1381.431,1403.676,1418.804,1402.574,1405.589,1374.025,1361.653,1343.807,1354.182,1389.762,1436.165,1511.379,1594.109,1650.239,1675.794,1678.234,1657.477,1631.487,1610.256,1597.97,1596.641,1588.082,1581.585,1573.597,1559.373,1539.876,1507.937,1491.548,1471.372,1438.979,1416.202,1390.091,1360.329,1353.888,1285.416,1218.465,1161.722,1119.356,1085.204,1031.07,1026.242,1041.982,1051.557,1054.877,1023.27,882.127,994.361,974.424,946.415,913.041,811.278,770.124,774.883,672.384,667.098,539.646,566.657,537.843,403.886,355.321,327.103,301.407,278.598,258.442,240.245,224.498,210.089,195.581,181.195,168.362,156.653,144.118,130.965,118.786,102.1,84.366,67.998,54.871,42.831,33.749,26.81,20.882,15.696,11.663,8.3,5.635,3.683
VNM,2021,1466.138,1474.219,1478.503,1483.732,1498.478,1513.121,1513.002,1510.399,1486.2,1456.001,1437.092,1429.526,1424.339,1402.602,1380.373,1402.491,1417.464,1401.04,1403.833,1372.139,1359.681,1341.813,1352.179,1387.727,1434.1,1509.234,1591.865,1647.911,1673.386,1675.761,1654.951,1628.922,1607.658,1595.325,1593.936,1585.33,1578.767,1570.699,1556.354,1536.72,1504.634,1488.072,1467.729,1435.253,1412.401,1386.238,1356.409,1349.783,1281.228,1214.141,1157.154,1114.497,1080.02,1025.744,1020.619,1036.016,1045.28,1048.284,1016.445,875.75,986.421,965.751,936.983,902.87,801.233,759.604,763.272,661.331,655.064,528.921,554.224,524.776,393.053,344.796,316.377,290.48,267.437,247.003,228.495,212.359,197.528,182.661,167.992,154.898,143.011,130.521,117.575,105.559,89.667,73.126,58.106,46.174,35.454,27.456,21.417,16.363,12.047,8.751,6.07,4.005
VNM,2022,1440.987,1462.917,1472.419,1476.803,1482.117,1496.932,1511.659,1511.657,1509.187,1485.131,1455.054,1436.221,1428.68,1423.468,1401.67,1379.337,1401.269,1416.017,1399.386,1401.972,1370.163,1357.618,1339.719,1350.034,1385.502,1431.78,1506.766,1589.227,1645.135,1670.515,1672.829,1652.002,1625.972,1604.704,1592.348,1590.902,1582.23,1575.564,1567.354,1552.84,1533.014,1500.759,1484.007,1463.509,1430.946,1407.985,1381.7,1351.7,1344.734,1275.973,1208.627,1151.329,1108.338,1073.57,1019.23,1013.801,1028.761,1037.559,1040.002,1007.704,867.427,975.945,954.267,924.545,889.558,788.18,745.989,748.256,647.034,639.469,515.002,538.089,507.853,379.076,331.268,302.637,276.522,253.224,232.487,213.64,197.087,181.829,166.652,151.792,138.486,126.423,114.044,101.524,90.042,75.505,60.721,47.525,37.157,28.045,21.33,16.324,12.218,8.794,6.227,4.2
VNM,2023,1423.059,1438.126,1461.249,1470.859,1475.343,1480.751,1495.666,1510.507,1509.955,1506.709,1481.758,1450.563,1430.464,1422.141,1416.291,1393.75,1370.722,1392.169,1406.9,1390.731,1394.453,1364.375,1353.867,1338.106,1350.512,1387.824,1435.504,1511.238,1593.72,1649.02,1673.321,1674.37,1652.204,1625.002,1602.716,1589.565,1587.466,1578.349,1571.268,1562.718,1547.718,1527.495,1494.905,1477.902,1457.136,1424.477,1401.3,1374.865,1344.535,1337.185,1268.055,1200.299,1142.428,1099.001,1063.737,1009.336,1003.552,1018.186,1026.545,1028.631,996.128,856.728,963.442,941.287,911.141,875.724,774.982,732.536,733.614,633.142,624.374,501.591,522.625,491.729,365.833,318.532,289.79,263.56,240.111,219.182,200.132,183.321,167.813,152.503,137.636,124.346,112.338,100.216,88.152,77.169,63.804,50.535,38.913,29.902,22.161,16.533,12.392,9.065,6.359,4.376
VNM,2024,1399.951,1420.327,1436.52,1459.736,1469.438,1474.017,1479.532,1494.556,1508.832,1507.499,1503.342,1477.269,1444.813,1423.938,1414.98,1408.375,1385.14,1361.673,1383.103,1398.26,1383.252,1388.653,1360.637,1352.255,1338.626,1352.912,1391.642,1440.118,1515.888,1597.718,1651.888,1674.884,1674.554,1651.208,1623.001,1599.943,1586.163,1583.61,1574.083,1566.665,1557.62,1542.214,1521.624,1488.822,1471.542,1450.638,1417.791,1394.451,1367.667,1337.038,1329.057,1259.497,1191.199,1132.957,1089.079,1053.629,999.192,993.236,1007.411,1015.389,1016.989,984.289,845.67,950.508,927.821,897.157,861.276,761.176,718.359,718.036,618.347,608.289,487.316,506.202,474.66,351.868,305.153,276.348,250.052,226.505,205.448,186.274,169.308,153.678,138.389,123.685,110.584,98.801,87.094,75.628,65.28,53.161,41.427,31.355,23.661,17.201,12.569,9.207,6.564,4.475
VNM,2025,1379.032,1397.351,1418.775,1435.066,1458.359,1468.15,1472.833,1478.462,1492.917,1506.398,1504.15,1498.857,1471.518,1438.293,1416.791,1407.081,1399.77,1376.095,1352.662,1374.515,1390.794,1377.493,1384.903,1359.04,1352.777,1341.069,1356.809,1396.35,1444.909,1520.041,1600.699,1653.513,1675.091,1673.542,1649.184,1620.215,1596.55,1582.342,1579.371,1569.515,1561.603,1552.141,1536.357,1515.523,1482.486,1465.061,1443.924,1410.941,1387.237,1360.138,1328.968,1320.271,1250.15,1181.517,1122.895,1078.88,1043.266,988.984,982.732,996.507,1003.976,1005.075,971.987,834.304,937.089,913.769,882.547,846.137,746.622,703.272,701.44,602.578,591.162,472.149,488.809,456.654,337.19,291.141,262.326,236.023,212.447,191.346,172.153,155.16,139.563,124.462,110.088,97.339,85.938,74.788,64.043,54.448,43.626,33.418,24.839,18.387,13.091,9.348,6.674,4.622
VNM,2026,1358.796,1376.555,1395.856,1417.371,1433.746,1457.113,1467.001,1471.798,1476.86,1490.516,1503.068,1499.681,1493.11,1464.999,1431.153,1408.908,1398.496,1390.731,1367.088,1344.137,1367.108,1385.051,1373.786,1383.294,1359.575,1355.221,1345.008,1361.599,1401.237,1449.207,1523.182,1602.44,1653.785,1674.104,1671.502,1646.376,1616.813,1592.742,1578.142,1574.831,1564.491,1556.164,1546.313,1530.274,1509.171,1476.032,1458.366,1437.048,1403.73,1379.694,1352.035,1320.25,1310.682,1240.209,1171.239,1112.556,1068.427,1032.836,978.596,972.12,985.37,992.317,992.695,959.272,822.579,923.09,899.087,867.236,830.166,731.134,687.201,683.752,585.786,572.964,456.086,470.459,437.729,321.818,276.522,247.759,221.522,198.005,176.968,157.889,141.024,125.626,110.879,96.994,84.748,73.867,63.396,53.48,44.737,35.238,26.509,19.331,14.015,9.75,6.786,4.706
VNM,2027,1343.252,1356.437,1375.115,1394.508,1416.1,1432.554,1456.003,1465.998,1470.225,1474.491,1487.214,1498.617,1493.949,1486.594,1457.857,1423.277,1400.34,1389.48,1381.731,1358.568,1336.797,1361.425,1381.359,1372.22,1383.817,1362.033,1359.162,1349.84,1366.567,1405.632,1452.494,1525.083,1602.828,1652.862,1672.088,1668.679,1642.951,1612.993,1588.554,1573.641,1569.837,1559.091,1550.377,1540.259,1523.941,1502.701,1469.364,1451.51,1429.809,1396.19,1371.577,1343.279,1310.732,1300.482,1229.659,1160.675,1101.958,1057.902,1022.215,968.106,961.294,974.007,980.209,979.891,946.086,810.393,908.459,883.693,851.073,813.161,714.626,670.063,664.903,567.931,553.674,439.126,451.154,417.894,305.763,261.314,232.68,206.602,183.257,162.423,143.613,127.042,112.009,97.774,84.52,72.906,62.67,52.988,43.987,36.172,27.983,20.651,14.749,10.449,7.084,4.789
VNM,2028,1329.842,1341.001,1355.051,1373.82,1393.291,1414.955,1431.495,1455.037,1464.455,1467.882,1471.218,1482.789,1492.901,1487.448,1479.456,1449.98,1414.716,1391.343,1380.504,1373.217,1351.232,1331.182,1357.792,1379.806,1372.785,1386.262,1365.988,1363.995,1354.851,1371.043,1409.016,1454.542,1525.632,1602.021,1650.91,1669.289,1665.238,1639.11,1608.796,1584.067,1568.69,1564.469,1553.345,1544.366,1533.956,1517.489,1496.018,1462.538,1444.293,1422.24,1388.076,1362.806,1333.723,1300.61,1289.664,1218.819,1149.848,1091.285,1047.184,1011.478,957.414,950.27,962.223,967.702,966.612,932.334,797.694,893.116,867.439,833.863,795.033,697.018,651.796,644.856,549,533.3,421.276,430.911,397.175,289.06,245.564,217.157,191.355,168.326,147.853,129.481,113.37,98.859,85.278,72.78,61.914,52.431,43.626,35.606,28.756,21.824,15.776,11.01,7.6,5.005
VNM,2029,1312.51,1327.676,1339.657,1353.803,1372.649,1392.193,1413.937,1430.573,1453.524,1462.135,1464.63,1466.817,1477.097,1486.416,1480.326,1471.581,1441.418,1405.728,1382.391,1372.019,1365.889,1345.622,1327.621,1356.302,1380.387,1375.274,1390.208,1370.837,1369.01,1359.373,1374.511,1411.164,1455.239,1524.988,1600.188,1648.178,1665.875,1661.383,1634.889,1604.3,1579.131,1563.368,1558.758,1547.379,1538.108,1527.535,1510.825,1489.173,1455.351,1436.745,1414.092,1379.307,1353.232,1323.558,1289.871,1278.544,1207.704,1138.937,1080.41,1036.34,1000.517,946.531,938.853,950.066,954.739,952.755,917.962,784.406,876.917,850.132,815.517,775.697,678.251,632.368,623.604,529.007,511.858,402.559,409.767,375.625,271.765,229.346,201.29,175.915,153.367,133.427,115.659,100.162,86.318,73.515,61.878,51.859,43.219,35.358,28.346,22.46,16.697,11.794,8.02,5.377
VNM,2030,1300.593,1310.433,1326.372,1338.45,1352.676,1371.596,1391.221,1413.053,1429.099,1451.232,1458.903,1460.249,1461.149,1470.635,1479.31,1472.468,1463.022,1432.427,1396.785,1373.931,1364.721,1360.286,1342.067,1326.202,1356.945,1382.892,1379.263,1395.046,1375.868,1373.535,1362.886,1376.743,1411.962,1454.744,1523.317,1597.573,1644.83,1662.047,1657.147,1630.371,1599.353,1573.823,1557.702,1552.824,1541.163,1531.732,1520.902,1503.999,1481.966,1447.834,1428.619,1405.285,1369.732,1343.045,1312.772,1278.829,1267.141,1196.493,1127.809,1069.397,1025.264,989.341,935.265,927.089,937.476,941.219,938.266,902.884,770.385,859.657,831.672,795.936,755.074,658.277,611.757,601.14,507.949,489.354,382.99,387.749,353.292,253.939,212.746,185.198,160.421,138.529,119.292,102.281,87.54,74.485,62.567,51.884,42.793,35.065,28.179,22.166,17.203,12.495,8.6,5.681
VNM,2031,1288.555,1298.598,1309.175,1325.206,1337.367,1351.668,1370.667,1390.378,1411.614,1426.842,1448.026,1454.542,1454.599,1454.711,1463.555,1471.472,1463.93,1454.036,1423.483,1388.336,1366.659,1359.15,1356.739,1340.654,1326.917,1359.513,1386.897,1384.145,1400.068,1380.411,1377.053,1365.163,1377.626,1411.567,1453.223,1520.866,1594.346,1641.07,1657.841,1652.616,1625.402,1594.036,1568.176,1551.819,1546.647,1534.834,1525.147,1514.112,1496.816,1474.432,1439.747,1419.841,1395.675,1359.551,1332.242,1301.689,1267.515,1255.64,1185.06,1116.538,1058.147,1013.969,977.762,923.674,914.935,924.365,927.098,923.073,886.967,755.452,841.256,811.977,775.057,733.129,637.09,589.975,577.483,485.849,465.823,362.612,364.931,330.279,235.693,195.904,169.041,145.045,123.982,105.604,89.49,75.627,63.469,52.527,42.869,34.763,27.982,22.065,17.003,12.893,9.126,6.101
VNM,2032,1272.662,1286.638,1297.38,1308.052,1324.16,1336.398,1350.781,1369.863,1388.976,1409.387,1423.666,1443.685,1448.91,1448.18,1447.656,1455.745,1462.954,1454.967,1445.096,1415.03,1381.076,1361.117,1355.636,1355.334,1341.375,1329.555,1363.579,1391.797,1389.211,1404.6,1383.944,1379.336,1366.093,1377.318,1410.148,1450.921,1517.804,1590.709,1636.938,1653.341,1647.634,1620.062,1588.38,1562.311,1545.693,1540.355,1528.297,1518.407,1506.966,1489.306,1466.324,1431.01,1410.261,1385.454,1348.754,1321.14,1290.33,1256.102,1243.902,1173.464,1105.007,1046.66,1002.258,965.828,911.7,902.283,910.673,912.286,907.021,870.005,739.52,821.608,790.959,752.821,709.832,614.679,567.013,552.626,462.715,441.29,341.469,341.383,306.696,217.156,178.965,152.979,129.94,109.868,92.491,77.391,64.511,53.342,43.449,34.865,27.772,21.935,16.944,12.759,9.427,6.48
VNM,2033,1265.923,1270.82,1285.454,1296.291,1307.045,1323.226,1335.544,1350.012,1368.495,1386.779,1406.236,1419.352,1438.072,1442.508,1441.143,1439.872,1447.259,1454.013,1446.049,1436.644,1407.764,1375.543,1357.627,1354.26,1356.061,1344.017,1333.691,1368.539,1396.878,1393.787,1408.124,1386.243,1380.269,1365.831,1375.982,1407.946,1448.009,1514.334,1586.701,1632.511,1648.389,1642.28,1614.383,1582.506,1556.204,1539.453,1533.857,1521.606,1511.313,1499.496,1481.225,1457.564,1421.47,1400.069,1374.612,1337.654,1309.759,1278.869,1244.453,1231.976,1161.575,1093.208,1034.733,990.171,953.475,899.233,889.072,896.306,896.628,889.9,851.891,722.491,800.617,768.55,729.188,685.16,591.026,542.859,526.578,438.571,415.806,319.627,317.227,282.716,198.497,162.106,137.182,115.268,96.328,80.073,66.09,54.282,44.177,35.381,27.89,21.799,16.866,12.731,9.342,6.704
VNM,2034,1255.942,1264.147,1269.677,1284.402,1295.319,1306.15,1322.408,1334.81,1348.677,1366.329,1383.657,1401.946,1413.766,1431.69,1435.49,1433.381,1431.418,1438.355,1445.125,1437.628,1429.381,1402.226,1372.064,1356.28,1355.017,1358.71,1348.158,1338.722,1373.682,1401.469,1397.356,1410.413,1387.194,1380.01,1364.542,1373.866,1405.136,1444.693,1510.5,1582.406,1627.638,1643.071,1636.586,1608.486,1576.391,1549.984,1533.011,1527.208,1514.567,1503.901,1491.458,1472.494,1448.002,1411.327,1389.262,1363.472,1326.28,1298.281,1267.173,1232.628,1219.741,1149.397,1080.948,1022.418,977.662,940.608,886.226,875.223,881.127,879.932,871.623,832.533,704.298,778.239,744.732,704.158,659.114,566.135,517.536,499.378,413.476,389.461,297.199,292.637,258.557,179.904,145.499,121.808,101.167,83.483,68.451,55.67,45.005,36.014,28.333,21.915,16.779,12.685,9.33,6.651
VNM,2035,1249.002,1254.231,1263.035,1268.663,1283.465,1294.457,1305.367,1321.704,1333.505,1346.54,1363.233,1379.392,1396.381,1407.41,1424.693,1427.749,1424.951,1422.55,1429.507,1436.73,1430.393,1423.845,1398.741,1370.726,1357.063,1357.697,1362.857,1353.194,1343.935,1378.337,1405.053,1399.69,1411.352,1386.952,1378.726,1362.472,1371.142,1401.924,1441.017,1506.386,1577.673,1622.403,1637.416,1630.677,1602.347,1570.163,1543.563,1526.419,1520.214,1507.213,1495.928,1482.776,1462.965,1437.834,1400.568,1378.156,1352.055,1314.808,1286.565,1255.297,1220.497,1207.182,1136.718,1068.266,1009.658,964.623,927.169,872.589,860.59,864.934,862.097,852.078,811.839,684.888,754.435,719.486,677.711,631.681,540.017,491.071,471.083,387.511,362.383,274.35,267.838,234.468,161.577,129.319,107.018,87.771,71.447,57.723,46.207,36.731,28.875,22.29,16.887,12.634,9.307,6.649
VNM,2036,1240.596,1247.35,1253.154,1262.052,1267.763,1282.636,1293.706,1304.696,1320.426,1331.393,1343.469,1358.992,1373.852,1390.048,1400.44,1416.976,1419.341,1416.111,1413.742,1421.158,1429.526,1424.885,1420.361,1397.396,1371.519,1359.768,1361.873,1367.898,1358.41,1348.659,1381.982,1407.403,1400.674,1411.101,1385.684,1376.66,1359.794,1368.017,1398.355,1437.068,1501.842,1572.584,1616.835,1631.544,1624.524,1596.095,1563.733,1536.995,1519.486,1512.909,1499.303,1487.315,1473.298,1452.83,1427.051,1389.514,1366.775,1340.538,1303.098,1274.667,1243.111,1208.051,1194.087,1123.581,1055.108,996.348,950.996,913.068,858.176,844.972,847.63,843.018,831.171,789.745,664.225,729.186,692.791,649.833,602.869,512.697,463.518,441.779,360.8,334.769,251.284,243.086,210.704,143.706,113.734,92.952,75.207,60.324,47.97,37.761,29.488,22.747,17.201,12.733,9.282,6.642
VNM,2037,1236.28,1239.004,1246.302,1252.201,1261.179,1266.968,1281.915,1293.064,1303.447,1318.338,1328.345,1339.251,1353.473,1367.542,1383.102,1392.753,1408.595,1410.528,1407.335,1405.439,1414.003,1424.05,1421.431,1419.018,1398.182,1374.233,1363.971,1366.944,1373.123,1363.14,1352.376,1384.395,1408.405,1400.468,1409.823,1383.636,1373.988,1356.718,1364.539,1394.519,1432.699,1496.953,1567.168,1611.056,1625.434,1618.261,1589.645,1557.16,1530.088,1512.251,1505.055,1490.762,1477.916,1463.224,1442.088,1415.976,1378.19,1355.301,1328.79,1291.213,1262.465,1230.612,1195.087,1180.505,1109.939,1041.381,982.441,936.704,898.168,842.803,828.292,829.125,822.614,808.857,766.232,642.311,702.487,664.647,620.547,572.723,484.245,434.973,411.62,333.544,306.873,228.244,218.646,187.519,126.481,98.894,79.738,63.575,50.194,39.25,30.354,23.26,17.575,12.985,9.366,6.632
VNM,2038,1232.073,1234.739,1237.985,1245.377,1251.358,1260.412,1266.279,1281.3,1291.839,1301.384,1315.311,1324.146,1333.754,1347.186,1360.622,1375.441,1384.408,1399.813,1401.783,1399.067,1398.332,1408.578,1420.629,1420.118,1419.806,1400.889,1378.444,1369.068,1372.199,1377.859,1366.863,1354.86,1385.461,1408.216,1399.237,1407.768,1380.983,1370.919,1353.292,1360.8,1390.269,1427.994,1491.749,1561.55,1605.042,1619.216,1611.801,1583.049,1550.249,1522.883,1504.473,1496.577,1481.444,1467.928,1452.547,1431.058,1404.634,1366.78,1343.6,1316.865,1279.027,1249.951,1217.593,1181.65,1166.386,1095.695,1027.031,967.852,921.603,882.277,826.384,810.453,809.332,800.831,785.101,741.284,619.127,674.323,635.068,589.89,541.311,454.75,405.574,380.824,305.992,278.984,205.476,194.778,165.157,110.066,84.937,67.491,52.971,41.126,31.592,23.975,17.996,13.286,9.564,6.701
VNM,2039,1227.695,1230.58,1233.747,1237.089,1244.562,1250.619,1259.747,1265.693,1280.1,1289.798,1298.379,1311.131,1318.67,1327.489,1340.29,1352.99,1367.126,1375.667,1391.102,1393.547,1391.995,1392.956,1405.206,1419.347,1420.935,1422.515,1405.094,1383.551,1374.349,1376.965,1381.589,1369.353,1355.999,1385.335,1407.001,1397.226,1405.103,1377.931,1367.498,1349.604,1356.65,1385.689,1422.98,1486.347,1555.7,1598.922,1612.8,1605.193,1576.114,1543.037,1515.137,1496.077,1487.325,1471.54,1457.338,1441.581,1419.76,1393.201,1355.14,1331.722,1304.633,1266.527,1236.909,1204.089,1167.679,1151.622,1080.784,1011.958,952.424,905.485,865.292,808.806,791.351,788.177,777.614,759.866,714.857,594.634,644.678,604.052,557.89,508.689,424.317,375.499,349.632,278.394,251.368,183.195,171.706,143.812,94.599,71.97,56.296,43.451,33.141,24.981,18.57,13.618,9.795,6.849
VNM,2040,1225.716,1226.25,1229.612,1232.874,1236.3,1243.847,1249.981,1259.183,1264.518,1278.08,1286.811,1294.219,1305.672,1312.422,1320.615,1332.684,1344.707,1358.419,1367.002,1382.903,1386.51,1386.657,1389.634,1403.975,1420.194,1423.672,1426.72,1410.192,1388.839,1379.141,1380.725,1384.085,1370.496,1355.945,1384.183,1405.007,1394.608,1402.043,1374.529,1363.816,1345.509,1352.173,1380.805,1417.776,1480.718,1549.747,1592.605,1606.239,1598.247,1568.878,1535.283,1506.775,1486.913,1477.491,1461.038,1446.463,1430.35,1408.372,1381.538,1343.327,1319.54,1292.08,1253.496,1223.379,1190.045,1153.074,1136.155,1065.113,996.015,935.957,888.257,847.106,789.981,770.93,765.623,752.943,733.122,686.923,568.835,613.575,571.661,524.638,475.005,393.163,345.017,318.368,251.046,224.322,161.643,149.668,123.693,80.223,60.106,46.239,35.061,26.24,19.374,14.069,10.053,7.024
VNM,2041,1223.681,1224.316,1225.307,1228.766,1232.111,1235.613,1243.234,1249.443,1258.03,1262.52,1275.113,1282.669,1288.778,1299.442,1305.57,1313.035,1324.433,1336.037,1349.792,1358.855,1375.908,1381.208,1383.373,1388.453,1404.872,1422.961,1427.906,1431.82,1415.475,1393.64,1382.927,1383.251,1385.234,1370.447,1354.864,1382.252,1402.406,1391.594,1398.632,1370.867,1359.727,1341.091,1347.399,1375.735,1412.35,1474.994,1543.604,1586.151,1599.344,1590.999,1561.1,1526.918,1497.65,1477.175,1467.064,1450.256,1435.328,1419.035,1396.76,1369.705,1331.219,1307.044,1278.997,1239.984,1209.31,1175.364,1137.78,1119.894,1048.534,979.001,918.357,869.811,827.629,769.854,749.153,741.648,726.784,704.836,657.483,541.747,581.065,537.97,490.269,440.487,361.552,314.429,287.347,224.229,198.125,141.029,128.865,104.974,67.057,49.429,37.359,27.798,20.378,14.698,10.4,7.218
VNM,2042,1217.674,1222.32,1223.393,1224.483,1228.024,1231.445,1235.023,1242.716,1248.31,1256.051,1259.573,1270.987,1277.246,1282.567,1292.608,1298.011,1304.813,1315.798,1327.454,1341.688,1351.913,1370.647,1377.96,1382.228,1389.399,1407.688,1427.225,1433.033,1437.101,1420.268,1397.435,1385.479,1384.431,1385.192,1369.373,1353.006,1379.715,1399.41,1388.231,1394.961,1366.801,1355.318,1336.378,1342.444,1370.448,1406.835,1469.086,1537.331,1579.369,1592.151,1583.209,1552.706,1517.788,1487.954,1466.85,1456.361,1439.216,1424.111,1407.497,1384.979,1357.574,1318.801,1294.019,1265.423,1225.929,1194.598,1159.984,1121.697,1102.679,1030.835,960.808,899.504,850.043,806.788,748.372,725.984,716.203,699.09,674.994,626.536,513.398,547.208,503.104,455.002,405.414,329.785,284.037,256.885,198.217,173.028,121.541,109.48,87.809,55.191,39.985,29.658,21.615,15.478,10.877,7.474
VNM,2043,1216.886,1216.36,1221.421,1222.591,1223.765,1227.381,1230.876,1234.528,1241.603,1246.349,1253.118,1255.465,1265.579,1271.051,1275.754,1285.072,1289.815,1296.213,1307.255,1319.397,1334.793,1346.709,1367.442,1376.852,1383.212,1392.265,1412.001,1432.384,1438.343,1441.897,1424.056,1399.998,1386.686,1384.422,1384.126,1367.52,1350.543,1376.785,1396.067,1384.612,1390.885,1362.414,1350.614,1331.487,1337.276,1365.076,1401.143,1463.06,1530.742,1572.299,1584.425,1574.805,1543.551,1508.091,1477.676,1456.254,1445.405,1428.101,1412.68,1395.799,1372.908,1345.134,1305.865,1280.513,1251.306,1211.237,1179.189,1143.812,1104.677,1084.304,1011.916,941.325,879.304,828.894,784.548,725.518,701.394,689.26,669.863,643.615,594.139,483.86,512.152,467.305,419.145,370.144,298.2,254.172,227.316,173.284,149.287,103.371,91.689,72.334,44.69,31.787,23.093,16.442,11.471,7.829
VNM,2044,1216.064,1215.61,1215.484,1220.64,1221.894,1223.143,1226.833,1230.4,1233.434,1239.66,1243.433,1249.025,1250.074,1259.4,1264.255,1268.24,1276.9,1281.245,1287.709,1299.243,1312.552,1329.636,1343.561,1366.375,1377.871,1386.115,1396.627,1417.209,1437.725,1443.167,1445.685,1426.611,1401.214,1386.703,1383.386,1382.28,1365.063,1347.687,1373.509,1392.467,1380.591,1386.49,1357.735,1345.732,1326.384,1332.024,1359.531,1395.34,1456.729,1523.88,1564.705,1576.088,1565.638,1533.824,1497.809,1467.128,1445.407,1434.375,1416.776,1401.093,1383.815,1360.53,1332.17,1292.449,1266.462,1236.541,1195.841,1162.98,1126.691,1086.504,1064.655,991.643,920.435,857.677,806.307,760.869,701.239,675.327,660.794,639.095,610.724,560.338,453.228,476.103,430.851,383.03,335.017,267.107,225.132,198.922,149.655,127.108,86.664,75.617,58.618,35.559,24.784,17.59,12.201,8.267
VNM,2045,1218.706,1214.825,1214.754,1214.727,1219.962,1221.292,1222.615,1226.376,1229.324,1231.507,1236.758,1239.354,1243.646,1243.913,1252.621,1256.76,1260.094,1268.357,1272.775,1279.739,1292.444,1307.447,1326.535,1342.551,1367.437,1380.809,1390.512,1401.882,1422.599,1442.578,1446.984,1448.24,1427.82,1401.24,1385.694,1381.571,1379.83,1362.214,1344.489,1369.981,1388.466,1376.252,1381.801,1352.879,1340.641,1321.2,1326.603,1353.881,1389.247,1450.147,1516.511,1556.514,1566.994,1555.899,1523.514,1487.259,1456.331,1434.49,1423.14,1405.302,1389.228,1371.531,1347.632,1318.721,1278.494,1251.766,1221.065,1179.642,1145.813,1108.405,1067.065,1043.595,969.901,898.063,834.572,782.249,735.698,675.485,647.766,630.803,606.817,576.375,525.249,421.691,439.349,394.088,347.013,300.389,236.833,197.21,171.979,127.553,106.687,71.552,61.352,46.681,27.751,18.903,13.071,8.807
VNM,2046,1216.646,1217.499,1213.989,1214.016,1214.071,1219.38,1220.783,1222.177,1225.316,1227.413,1228.621,1232.694,1233.99,1237.498,1237.151,1245.144,1248.636,1251.581,1259.918,1264.842,1272.986,1287.388,1304.4,1325.574,1343.67,1370.416,1385.243,1395.805,1407.321,1427.503,1446.426,1449.568,1449.45,1427.839,1400.241,1383.906,1379.153,1376.989,1359.022,1341.04,1366.055,1384.149,1371.622,1376.935,1347.813,1335.467,1315.849,1321.082,1347.951,1382.919,1443.082,1508.565,1547.577,1557.335,1545.579,1512.935,1476.461,1445.467,1423.372,1411.76,1393.557,1377.073,1358.733,1334.253,1304.729,1263.898,1236.358,1204.775,1162.484,1127.475,1088.84,1046.224,1020.998,946.604,874.15,809.949,756.661,708.98,648.235,618.706,599.31,573.073,540.678,489.08,389.496,402.236,357.375,311.457,266.623,207.681,170.676,146.74,107.174,88.187,58.118,48.916,36.46,21.184,14.065,9.446
VNM,2047,1214.528,1215.476,1216.681,1213.27,1213.379,1213.51,1218.889,1220.362,1221.133,1223.419,1224.539,1224.569,1227.342,1227.857,1230.751,1229.696,1237.043,1240.149,1243.176,1252.02,1258.13,1267.978,1284.391,1303.492,1326.74,1346.704,1374.889,1390.57,1401.281,1412.274,1431.401,1449.042,1450.808,1449.471,1426.834,1398.462,1381.516,1376.344,1373.806,1355.581,1337.198,1361.817,1379.544,1366.819,1371.862,1342.668,1330.129,1310.402,1315.289,1341.798,1376.132,1435.467,1499.894,1538.085,1547.097,1534.99,1502.11,1465.597,1434.406,1412.121,1400.119,1381.533,1364.416,1345.463,1320.337,1290.091,1248.596,1220.14,1187.517,1144.152,1107.853,1067.863,1023.858,996.782,921.698,848.658,783.749,729.484,680.693,619.482,588.169,566.36,537.971,503.844,452.117,356.943,365.123,321.082,276.736,234.059,179.937,145.786,123.433,88.683,71.712,46.388,38.251,27.854,15.776,10.177
VNM,2048,1209.937,1213.393,1214.678,1215.978,1212.652,1212.836,1213.039,1218.484,1219.333,1219.251,1220.559,1220.499,1219.231,1221.22,1221.125,1223.311,1221.617,1228.581,1231.773,1235.316,1245.345,1253.163,1265.028,1283.533,1304.711,1329.823,1351.236,1380.259,1396.081,1406.27,1416.221,1434.068,1450.314,1450.858,1448.466,1425.05,1396.083,1378.736,1373.195,1370.375,1351.748,1333.049,1357.293,1374.766,1361.81,1366.709,1337.359,1324.694,1304.687,1309.286,1335.202,1368.821,1427.153,1490.684,1528.023,1536.597,1524.158,1491.22,1454.538,1423.214,1400.617,1388.209,1369.019,1351.299,1331.661,1305.777,1274.742,1232.487,1202.954,1169.075,1124.531,1086.806,1045.34,999.878,970.879,895.133,821.516,755.904,700.693,650.823,589.241,556.184,532.043,501.706,466.15,414.69,324.337,328.375,285.58,243.193,203.014,153.863,122.757,102.244,72.187,57.3,36.308,29.252,20.755,11.424
VNM,2049,1207.054,1208.83,1212.612,1213.992,1215.374,1212.124,1212.38,1212.65,1217.469,1217.462,1216.403,1216.531,1215.172,1213.123,1214.502,1213.702,1215.251,1213.183,1220.234,1223.946,1228.683,1240.419,1250.257,1264.22,1284.804,1307.849,1334.403,1356.664,1385.815,1401.11,1410.26,1418.942,1435.393,1450.399,1449.887,1446.688,1422.667,1393.317,1375.619,1369.803,1366.555,1347.612,1328.623,1352.605,1369.787,1356.727,1361.394,1331.959,1318.998,1298.771,1302.854,1328.101,1360.835,1418.326,1480.921,1517.708,1525.858,1513.264,1480.137,1443.353,1411.78,1388.859,1375.821,1356.06,1337.665,1317.23,1290.513,1258.583,1215.418,1184.588,1149.34,1103.488,1064.211,1021.194,974.228,943.249,866.846,792.668,726.4,670.284,619.402,557.558,522.859,496.572,464.575,427.96,377.18,292.026,292.4,251.26,211.193,173.817,129.726,101.813,83.334,57.752,44.911,27.803,21.828,15.045
VNM,2050,1197.925,1205.975,1208.067,1211.941,1213.402,1214.859,1211.682,1212.004,1211.65,1215.611,1214.625,1212.386,1211.213,1209.074,1206.418,1207.094,1205.661,1206.838,1204.868,1212.44,1217.348,1223.799,1237.554,1249.493,1265.54,1287.994,1312.485,1339.882,1362.279,1390.89,1405.139,1413.022,1420.324,1435.535,1449.465,1448.144,1444.313,1419.9,1390.217,1372.263,1366.025,1362.434,1343.2,1324.035,1347.717,1364.734,1351.484,1355.991,1326.299,1313.101,1292.436,1295.932,1320.343,1352.358,1408.961,1470.914,1507.16,1515.062,1502.178,1468.928,1431.926,1400.096,1376.636,1362.998,1342.595,1323.411,1302.1,1274.442,1241.457,1197.174,1164.93,1128.165,1080.887,1039.977,995.354,946.856,913.812,836.762,762.08,695.22,638.273,586.453,524.513,488.375,460.21,426.906,389.633,339.955,260.345,257.567,218.464,181.046,146.741,107.733,83.087,66.756,45.321,34.435,20.772,15.844
VNM,2051,1190.387,1196.876,1205.226,1207.412,1211.366,1212.902,1214.43,1211.321,1211.017,1209.805,1212.784,1210.617,1207.078,1205.126,1202.381,1199.024,1199.07,1197.27,1198.546,1197.107,1205.875,1212.501,1220.977,1236.831,1250.857,1268.78,1292.68,1318.018,1345.548,1367.414,1394.964,1407.942,1414.445,1420.518,1434.656,1447.757,1445.802,1441.551,1416.797,1386.875,1368.52,1361.947,1358.036,1338.625,1319.248,1342.756,1359.523,1346.155,1350.326,1320.441,1306.785,1285.616,1288.365,1312.104,1343.356,1399.363,1460.679,1496.559,1504.077,1490.965,1457.473,1420.247,1387.95,1363.988,1349.674,1328.517,1308.463,1286.16,1257.398,1223.139,1177.631,1143.823,1105.407,1056.628,1014.021,967.755,917.668,882.474,804.831,729.72,662.358,604.665,552.043,490.27,452.97,423.26,389.033,351.523,303.38,229.599,224.207,187.498,153.025,122.01,88.022,66.631,52.444,34.784,25.754,15.092
VNM,2052,1177.76,1189.367,1196.147,1204.586,1206.854,1210.881,1212.488,1214.078,1210.344,1209.182,1206.989,1208.786,1205.32,1201.001,1198.444,1195.001,1191.019,1190.699,1189.003,1190.812,1190.58,1201.064,1209.717,1220.298,1238.235,1254.14,1273.516,1298.265,1323.74,1350.733,1371.549,1397.812,1409.405,1414.682,1419.694,1433.003,1445.452,1443.075,1438.455,1413.454,1383.149,1364.479,1357.594,1353.479,1333.854,1314.392,1337.641,1354.226,1340.568,1344.463,1314.167,1299.988,1278.161,1280.332,1303.354,1334.132,1389.548,1450.403,1485.78,1492.972,1479.507,1445.767,1408.111,1375.389,1350.858,1335.751,1313.759,1292.72,1269.258,1239.169,1203.518,1156.648,1121.133,1080.976,1030.642,986.295,938.319,886.586,849.204,771.041,695.606,627.847,569.551,516.367,455.088,416.965,386.079,351.342,314.048,267.857,200.123,192.676,158.687,127.408,99.825,70.685,52.413,40.302,26.047,18.737
VNM,2053,1171.858,1176.773,1188.656,1195.526,1204.043,1206.384,1210.48,1212.15,1213.114,1208.52,1206.377,1203.001,1203.496,1199.253,1194.331,1191.077,1187.01,1182.668,1182.457,1181.299,1184.314,1185.809,1198.318,1209.074,1221.747,1241.559,1258.92,1279.15,1304.038,1328.98,1354.919,1374.458,1399.321,1409.682,1413.898,1418.095,1430.752,1442.762,1440.014,1435.117,1409.725,1379.125,1360.165,1353.081,1348.724,1329.013,1309.383,1332.442,1348.675,1334.79,1338.185,1307.416,1292.557,1270.245,1271.793,1294.386,1324.699,1379.702,1439.961,1474.892,1481.631,1467.798,1433.6,1395.557,1362.351,1337.137,1321.153,1298.213,1276.02,1251.173,1219.632,1182.439,1134.079,1096.76,1054.79,1002.865,956.699,906.944,853.557,813.962,735.386,659.739,591.746,533.096,479.659,419.255,380.675,349.01,314.208,277.575,233.729,172.2,163.274,132.287,104.372,80.266,55.671,40.325,30.214,18.971
VNM,2054,1159.67,1170.897,1176.082,1188.052,1195,1203.588,1205.998,1210.156,1211.196,1211.299,1205.724,1202.397,1197.723,1197.44,1192.592,1186.977,1183.101,1178.678,1174.448,1174.776,1174.83,1179.57,1183.101,1197.711,1210.56,1225.112,1246.378,1264.597,1284.972,1309.33,1333.221,1357.879,1376.027,1399.644,1408.938,1412.341,1415.898,1428.117,1439.737,1436.713,1431.395,1405.697,1374.827,1355.691,1348.372,1343.898,1324.019,1304.295,1326.994,1342.933,1328.6,1331.426,1300.032,1284.664,1261.827,1263.041,1285.215,1315.245,1369.708,1429.429,1463.782,1470.046,1455.623,1421.007,1382.52,1348.723,1322.75,1305.772,1281.715,1258.142,1231.781,1198.632,1159.751,1109.817,1070.615,1026.777,973.19,925.13,873.578,818.546,776.746,697.87,622.191,554.236,495.558,442.241,383.104,344.458,312.451,278.03,242.499,201.366,146.13,136.302,108.521,84.041,63.308,42.892,30.272,22.037
VNM,2055,1145.898,1158.738,1170.222,1175.497,1187.543,1194.563,1203.216,1205.687,1209.215,1209.393,1208.51,1201.754,1197.127,1191.676,1190.788,1185.249,1179.015,1174.786,1170.477,1166.794,1168.335,1170.119,1176.892,1182.534,1199.233,1213.963,1229.976,1252.096,1270.462,1290.314,1313.624,1336.238,1359.499,1376.411,1398.946,1407.42,1410.186,1413.319,1425.151,1436.475,1433.029,1427.375,1401.399,1370.373,1351.024,1343.595,1338.921,1318.948,1298.964,1321.365,1336.785,1321.942,1324.038,1292.194,1276.275,1253.203,1254.096,1276.034,1305.663,1359.654,1418.706,1452.452,1458.011,1443.029,1407.935,1368.902,1334.442,1307.599,1289.456,1264.059,1238.976,1210.938,1176.029,1135.362,1083.793,1042.646,996.845,941.529,891.547,838.199,781.56,737.571,658.572,583.152,515.582,457.258,404.452,346.984,308.693,276.782,243.183,209.181,171.098,122.166,111.972,87.505,66.378,48.843,32.242,22.107
VNM,2056,1131.583,1144.997,1158.081,1169.651,1175.006,1187.12,1194.206,1202.918,1204.758,1207.421,1206.614,1204.547,1196.491,1191.087,1185.035,1183.456,1177.3,1170.715,1166.605,1162.844,1160.38,1163.652,1167.472,1176.356,1184.094,1202.672,1218.862,1235.735,1258.001,1275.848,1294.658,1316.692,1337.914,1359.934,1375.773,1397.473,1405.305,1407.648,1410.408,1421.948,1432.831,1429.049,1423.082,1396.941,1365.722,1346.288,1338.666,1333.867,1313.634,1293.459,1315.338,1330.169,1314.659,1316.193,1283.857,1267.677,1244.385,1245.143,1266.733,1296.04,1349.439,1407.789,1440.689,1445.562,1429.946,1394.27,1354.62,1319.391,1291.515,1271.976,1245.113,1218.354,1188.48,1151.705,1109.17,1055.917,1012.723,964.871,907.807,855.891,800.777,742.577,696.48,617.66,542.866,476.089,418.524,366.639,311.26,273.744,242.37,210.028,177.966,143.228,100.509,90.419,69.213,51.284,36.769,23.579
VNM,2057,1124.862,1130.71,1144.359,1157.529,1169.175,1174.601,1186.778,1193.922,1201.999,1202.975,1204.65,1202.659,1199.292,1190.461,1184.457,1177.716,1175.521,1169.016,1162.554,1158.994,1156.455,1155.725,1161.033,1166.967,1177.945,1187.572,1207.608,1224.659,1241.683,1263.427,1280.234,1297.777,1318.421,1338.405,1359.347,1374.36,1395.403,1402.807,1404.779,1407.262,1418.364,1428.892,1424.796,1418.63,1392.287,1361.005,1341.402,1333.662,1328.572,1308.146,1287.567,1308.852,1322.932,1306.924,1307.848,1275.315,1258.887,1235.564,1236.079,1257.407,1286.287,1339.074,1396.477,1428.536,1432.636,1416.27,1379.937,1339.568,1303.411,1274.283,1253.218,1224.723,1196.128,1164.301,1125.57,1081.101,1026.078,980.732,930.787,871.973,818.146,761.298,701.648,653.656,575.393,501.655,436.095,379.71,329.186,276.295,239.969,209.569,178.907,149.168,117.99,81.281,71.617,53.546,38.659,26.926
VNM,2058,1110.959,1124.012,1130.091,1143.825,1157.07,1168.784,1174.274,1186.508,1193.016,1200.226,1200.215,1200.705,1197.412,1193.269,1183.838,1177.147,1169.794,1167.251,1160.872,1154.964,1152.627,1151.823,1153.136,1160.556,1168.589,1181.452,1192.545,1213.439,1230.644,1247.153,1267.855,1283.398,1299.555,1318.963,1337.873,1357.985,1372.35,1392.95,1399.979,1401.678,1403.739,1414.488,1424.681,1420.386,1413.983,1387.565,1356.136,1336.441,1328.419,1323.102,1302.272,1281.228,1301.755,1315.246,1298.695,1299.298,1266.581,1250.094,1226.637,1227.005,1247.974,1276.425,1328.363,1384.812,1415.927,1419.125,1401.92,1364.825,1323.582,1286.285,1255.782,1233.019,1202.733,1172.183,1138.305,1097.541,1051.028,994.147,946.598,894.536,834.004,778.287,719.803,658.945,609.36,532.103,459.867,395.966,341.211,292.474,242.449,207.717,178.721,150.135,123.034,95.533,64.467,55.475,40.41,28.341
VNM,2059,1099.325,1110.135,1123.407,1129.575,1143.382,1156.693,1168.47,1174.018,1185.614,1191.254,1197.474,1196.276,1195.465,1191.396,1186.654,1176.538,1169.236,1161.54,1159.122,1153.3,1148.618,1148.018,1149.258,1152.686,1162.204,1172.126,1186.453,1198.416,1219.459,1236.148,1251.623,1271.056,1285.219,1300.146,1318.482,1336.565,1356.024,1369.957,1390.168,1396.917,1398.199,1399.923,1410.342,1420.313,1415.779,1409.266,1382.692,1351.193,1331.242,1323.005,1317.247,1295.95,1274.284,1294.214,1307.063,1290.26,1290.552,1257.842,1241.193,1217.703,1217.836,1238.45,1266.253,1317.341,1372.722,1402.746,1404.94,1386.777,1348.76,1306.431,1267.88,1235.839,1211.21,1179.016,1146.407,1110.388,1067.47,1018.8,960.026,910.237,856.065,793.845,736.326,676.442,614.706,563.92,488.137,417.872,356.102,303.417,256.883,210.08,177.338,150.156,123.983,99.743,75.866,50.008,41.923,29.666
VNM,2060,1086.224,1098.527,1109.547,1122.904,1129.149,1143.022,1156.395,1168.225,1173.137,1183.862,1188.512,1193.544,1191.045,1189.457,1184.79,1179.362,1168.639,1160.996,1153.431,1151.569,1146.974,1144.034,1145.477,1148.834,1154.364,1165.77,1177.159,1192.352,1204.473,1224.999,1240.656,1254.869,1272.919,1285.855,1299.716,1317.226,1334.66,1353.683,1367.237,1387.156,1393.482,1394.431,1395.842,1406.041,1415.751,1411.105,1404.399,1377.745,1346.014,1325.877,1317.21,1310.947,1289.029,1266.909,1286.186,1298.682,1281.637,1281.806,1249.003,1232.291,1208.691,1208.607,1228.656,1255.826,1305.956,1360.108,1388.926,1389.984,1370.69,1331.538,1288.014,1248.053,1214.319,1187.7,1153.493,1118.735,1080.444,1035.245,984.362,923.678,871.646,815.372,751.562,692.467,631.506,569.306,517.748,443.929,376.131,316.943,266.751,222.816,179.557,149.173,124.159,100.644,79.314,58.927,37.846,30.817
VNM,2061,1073.113,1085.448,1097.955,1109.06,1122.49,1128.804,1142.738,1156.164,1167.356,1171.397,1181.13,1184.592,1188.32,1185.046,1182.859,1177.508,1171.472,1160.411,1152.901,1145.897,1145.262,1142.409,1141.515,1145.075,1150.534,1157.957,1170.83,1183.088,1198.438,1210.052,1229.542,1243.938,1256.774,1273.594,1285.466,1298.508,1315.372,1332.374,1351.014,1364.287,1383.769,1389.759,1390.397,1391.606,1401.547,1411.122,1406.281,1399.458,1372.559,1340.668,1320.133,1310.974,1304.047,1281.674,1259.051,1277.959,1290.108,1273.013,1272.955,1240.161,1223.308,1199.626,1199.125,1218.632,1245.077,1294.092,1346.883,1374.346,1374.083,1353.429,1313.025,1268.153,1226.633,1191.09,1162.37,1126.061,1089.014,1048.312,1000.763,947.623,885.044,830.762,772.462,707.299,646.949,585.324,523.111,471.257,399.929,335.073,278.904,231.609,190.648,151.219,123.503,100.923,80.144,61.694,44.66,27.866
VNM,2062,1064.272,1072.36,1084.891,1097.481,1108.661,1122.157,1128.535,1142.521,1155.305,1165.624,1168.675,1177.217,1179.377,1182.328,1178.456,1175.585,1169.629,1163.254,1152.33,1145.383,1139.611,1140.717,1139.911,1141.136,1146.8,1154.151,1163.045,1176.785,1189.204,1204.045,1214.633,1232.86,1245.88,1257.492,1273.245,1284.302,1296.703,1313.136,1329.761,1348.117,1360.966,1380.095,1385.771,1386.21,1387.177,1396.985,1406.341,1401.382,1394.277,1367.206,1334.945,1313.951,1304.141,1296.713,1273.837,1250.997,1269.543,1281.535,1264.288,1264.101,1231.242,1214.273,1190.321,1189.441,1208.317,1233.895,1281.669,1332.94,1358.844,1357.017,1334.87,1293.056,1246.688,1203.503,1166.052,1135.127,1096.576,1057.097,1013.897,963.941,908.534,844.072,787.602,727.493,661.309,600.113,538.274,476.537,424.925,356.594,295.137,242.396,198.379,160.739,125.349,100.52,80.477,62.43,46.828,32.935
VNM,2063,1053.831,1063.538,1071.818,1084.433,1097.097,1108.343,1121.898,1128.33,1141.673,1153.585,1162.91,1164.772,1172.01,1173.393,1175.746,1171.193,1167.718,1161.423,1155.185,1144.828,1139.114,1135.089,1138.239,1139.552,1142.882,1150.438,1159.261,1169.027,1182.929,1194.842,1208.654,1217.989,1234.837,1246.634,1257.185,1272.12,1282.538,1294.517,1310.577,1326.923,1344.851,1357.361,1376.16,1381.63,1381.831,1382.682,1392.275,1401.49,1396.247,1388.929,1361.475,1328.786,1307.177,1296.879,1288.899,1265.804,1242.76,1261.134,1272.864,1255.567,1255.169,1222.277,1205.002,1180.829,1179.493,1197.601,1222.202,1268.582,1318.119,1342.207,1338.667,1314.848,1271.47,1223.504,1178.563,1139.113,1105.832,1064.892,1022.886,977.117,924.729,867.038,800.773,742.319,680.716,613.93,552.334,490.774,430.055,379.224,314.378,256.747,207.817,167.424,133.38,102.14,80.251,62.765,47.444,34.575
VNM,2064,1043.908,1053.116,1063.009,1071.373,1084.06,1096.79,1108.097,1121.704,1127.495,1139.963,1150.88,1159.013,1159.573,1166.034,1166.82,1168.492,1163.336,1159.525,1153.368,1147.696,1138.576,1134.609,1132.632,1137.899,1141.318,1146.544,1155.572,1165.267,1175.198,1188.593,1199.483,1212.039,1220.005,1235.626,1246.363,1256.102,1270.395,1280.394,1292.007,1307.791,1323.717,1341.303,1353.496,1372.073,1377.298,1377.386,1378.04,1387.495,1396.403,1390.948,1383.202,1355.305,1322.034,1299.976,1289.137,1280.888,1257.586,1234.531,1252.63,1264.197,1246.776,1246.186,1213.077,1195.542,1171.084,1169.164,1186.401,1209.889,1254.671,1302.2,1324.304,1318.856,1293.187,1248.135,1198.482,1151.703,1110.115,1074.318,1030.896,986.283,937.903,883.05,823.128,755.285,695.149,632.46,565.529,504.03,443.301,384.148,334.644,273.743,220.335,175.561,139.07,108.799,81.637,62.664,47.758,35.075
VNM,2065,1037.65,1043.212,1052.599,1062.575,1071.015,1083.767,1096.556,1107.915,1120.877,1125.794,1137.268,1146.992,1153.823,1153.607,1159.471,1159.578,1160.646,1155.156,1151.483,1145.895,1141.459,1134.088,1132.17,1132.315,1139.685,1144.999,1151.699,1161.6,1171.462,1180.89,1193.26,1202.898,1214.083,1220.832,1235.391,1245.315,1254.42,1268.292,1277.928,1289.273,1304.642,1320.231,1337.496,1349.481,1367.795,1372.901,1372.795,1373.33,1382.483,1391.155,1385.274,1377.037,1348.543,1314.855,1292.298,1281.201,1272.692,1249.379,1226.216,1244.141,1255.465,1237.947,1236.967,1203.694,1185.83,1160.974,1158.381,1174.616,1196.807,1239.726,1285.069,1304.972,1297.418,1269.764,1222.942,1171.525,1122.776,1078.9,1040.478,994.492,947.222,896.18,838.898,776.945,707.847,646.429,583.101,516.534,455.692,396.353,339.308,291.678,235.154,186.326,145.979,113.565,87.061,63.827,47.746,35.358
VNM,2066,1030.264,1036.97,1042.707,1052.178,1062.229,1070.734,1083.546,1096.385,1107.099,1119.185,1123.109,1133.389,1141.81,1147.863,1147.053,1152.238,1151.742,1152.477,1147.13,1144.026,1139.674,1136.984,1131.666,1131.871,1134.123,1143.385,1150.175,1157.749,1167.817,1177.176,1185.585,1196.703,1204.973,1214.938,1220.634,1234.378,1243.669,1252.359,1265.866,1275.24,1286.177,1301.215,1316.489,1333.541,1345.277,1363.453,1368.358,1368.138,1368.393,1377.316,1385.536,1379.165,1370.28,1341.354,1307.202,1284.428,1273.083,1264.508,1241.086,1217.928,1235.6,1246.699,1228.895,1227.562,1194.066,1175.755,1150.425,1147.042,1162.099,1182.753,1223.643,1266.568,1284.047,1274.229,1244.47,1195.791,1142.479,1091.62,1045.363,1004.219,955.616,905.627,851.938,792.413,728.73,658.793,596.533,533.07,467.435,407.82,350.43,296.026,250.808,199.051,155.081,119.321,90.962,68.135,48.684,35.388
VNM,2067,1024.91,1029.599,1036.475,1042.298,1051.842,1061.958,1070.524,1083.385,1095.579,1105.417,1116.507,1119.237,1128.215,1135.859,1141.319,1139.831,1144.414,1143.589,1144.465,1139.688,1137.82,1135.218,1134.578,1131.384,1133.696,1137.845,1148.579,1156.245,1163.988,1173.554,1181.895,1189.056,1198.806,1205.859,1214.769,1219.659,1232.767,1241.644,1249.977,1263.22,1272.191,1282.806,1297.534,1312.601,1329.399,1341.01,1358.968,1363.753,1363.258,1363.306,1371.784,1379.488,1372.468,1363.096,1333.689,1299.357,1276.376,1264.978,1256.24,1232.821,1209.602,1227.041,1237.715,1219.671,1217.908,1184.079,1165.239,1139.331,1134.998,1148.647,1167.622,1206.268,1246.534,1261.406,1249.178,1217.196,1166.52,1111.177,1058.125,1009.401,965.467,914.183,861.483,805.317,743.835,678.822,608.502,545.9,482.881,418.76,360.944,306.056,254.817,212.534,165.85,126.898,95.676,71.268,52.031,36.13
VNM,2068,1021.976,1024.259,1029.114,1036.075,1041.972,1051.583,1061.758,1070.373,1082.589,1093.905,1102.747,1112.643,1114.072,1122.272,1129.322,1134.104,1132.02,1136.273,1135.592,1137.038,1133.501,1133.38,1132.827,1134.309,1133.227,1137.435,1143.06,1154.668,1162.503,1169.748,1178.295,1185.388,1191.185,1199.718,1205.719,1213.821,1218.085,1230.776,1239.298,1247.374,1260.213,1268.868,1279.182,1293.706,1308.525,1325.193,1336.6,1354.418,1358.923,1358.227,1357.858,1365.829,1372.852,1365.345,1355.432,1325.828,1291.327,1268.335,1256.788,1247.996,1224.515,1201.272,1218.279,1228.56,1210.206,1207.885,1173.65,1154.175,1127.543,1122.047,1134.157,1151.267,1187.442,1224.845,1236.931,1222.149,1187.774,1134.954,1077.499,1022.18,970.935,924.128,870.166,814.911,756.54,693.49,627.588,557.397,495.029,433.048,371.025,315.582,263.743,216.166,177.282,135.859,101.863,75.041,54.485,38.66
VNM,2069,1013.338,1021.334,1023.783,1028.724,1035.758,1041.722,1051.391,1061.616,1069.587,1080.924,1091.242,1098.89,1107.483,1108.137,1115.744,1122.118,1126.303,1123.894,1128.291,1128.182,1130.864,1129.077,1131.005,1132.575,1136.164,1136.981,1142.666,1149.17,1160.943,1168.281,1174.51,1181.811,1187.54,1192.124,1199.603,1204.8,1212.273,1216.131,1228.464,1236.731,1244.413,1256.933,1265.292,1275.412,1289.69,1304.386,1320.844,1332.127,1349.648,1353.947,1352.841,1351.992,1359.291,1365.793,1357.743,1347.571,1317.781,1283.308,1260.211,1248.627,1239.713,1216.205,1192.755,1209.36,1219.165,1200.383,1197.412,1162.672,1142.411,1114.862,1108.089,1118.484,1133.535,1167.046,1201.38,1210.502,1192.966,1156.016,1100.962,1041.326,983.695,929.861,880.165,823.68,766.133,705.929,641.742,575.455,505.983,444.45,384.118,324.774,272.273,224.008,180.525,145.401,109.188,79.995,57.444,40.54
VNM,2070,1016.159,1012.711,1020.866,1023.4,1028.415,1035.515,1041.54,1051.258,1060.837,1067.929,1078.268,1087.392,1093.737,1101.554,1101.618,1108.551,1114.328,1118.188,1115.927,1120.896,1122.028,1126.457,1126.72,1130.769,1134.446,1139.931,1142.228,1148.791,1155.467,1166.74,1173.061,1178.047,1183.984,1188.501,1192.036,1198.71,1203.283,1210.347,1213.857,1225.933,1233.808,1241.18,1253.402,1261.572,1271.456,1285.614,1300.106,1316.436,1327.438,1344.736,1348.619,1347.041,1345.552,1352.336,1358.257,1349.946,1339.525,1309.743,1275.207,1252.12,1240.431,1231.426,1207.711,1184.106,1200.221,1209.416,1190.122,1186.383,1150.998,1129.752,1101.19,1092.988,1101.489,1114.319,1144.976,1176.038,1181.96,1161.457,1121.805,1064.436,1002.581,942.578,886.151,833.703,774.951,715.476,653.856,589.029,522.946,454.802,394.719,336.644,280.554,231.546,187.314,148.248,117.008,85.855,61.316,42.801
VNM,2071,1005.698,1015.539,1012.252,1020.49,1023.099,1028.181,1035.341,1041.415,1050.487,1059.185,1065.28,1074.425,1082.246,1087.815,1095.042,1094.434,1100.772,1106.227,1110.234,1108.551,1114.759,1117.638,1124.115,1126.501,1132.656,1138.229,1145.191,1148.369,1155.104,1161.283,1171.538,1176.616,1180.241,1184.966,1188.435,1191.169,1197.217,1201.384,1208.1,1211.365,1223.046,1230.613,1237.697,1249.727,1257.665,1267.437,1281.396,1295.767,1311.813,1322.611,1339.475,1342.882,1340.67,1338.696,1344.906,1350.526,1341.963,1331.486,1301.622,1267.137,1243.995,1232.236,1222.952,1199.08,1175.254,1190.744,1199.229,1179.315,1174.647,1138.426,1116.095,1086.388,1076.6,1083.055,1093.507,1121.115,1148.637,1151.105,1127.471,1084.996,1025.258,961.122,898.749,839.874,784.907,724.245,663.244,600.692,535.809,470.543,404.348,346.339,291.134,238.855,193.831,153.99,119.419,92.097,65.871,45.73
VNM,2072,1002.417,1005.092,1015.085,1011.885,1020.196,1022.873,1028.014,1035.223,1040.651,1048.842,1056.543,1061.444,1069.285,1076.332,1081.311,1087.865,1086.667,1092.684,1098.287,1102.871,1102.432,1110.388,1115.315,1123.912,1128.404,1136.455,1143.505,1151.345,1154.697,1160.936,1166.103,1175.112,1178.828,1181.244,1184.921,1187.589,1189.702,1195.345,1199.167,1205.636,1208.519,1219.89,1227.171,1234.071,1245.867,1253.7,1263.281,1277.124,1291.219,1307.059,1317.445,1333.81,1336.577,1333.889,1331.371,1337.284,1342.61,1333.989,1323.363,1293.53,1259.037,1235.881,1223.864,1214.345,1190.249,1166.085,1180.847,1188.499,1167.816,1162.008,1124.864,1101.308,1070.324,1058.824,1063.089,1071.005,1095.313,1119.012,1117.819,1090.9,1045.511,983.333,916.924,852.339,791.262,734.117,671.947,609.897,546.991,482.667,418.857,355.239,299.931,248.196,200.224,159.565,124.216,94.121,70.759,49.197
VNM,2073,1002.531,1001.821,1004.648,1014.722,1011.6,1019.976,1022.712,1027.903,1034.465,1039.013,1046.205,1052.712,1056.311,1063.378,1069.834,1074.144,1080.106,1078.591,1084.76,1090.942,1096.767,1098.08,1108.083,1115.131,1125.831,1132.22,1141.747,1149.675,1157.685,1160.546,1165.772,1169.696,1177.342,1179.851,1181.22,1184.097,1186.144,1187.856,1193.153,1196.734,1202.819,1205.404,1216.488,1223.588,1230.263,1241.948,1249.595,1259.071,1272.645,1286.544,1301.969,1311.881,1327.583,1329.866,1326.639,1323.855,1329.479,1334.706,1325.933,1315.269,1285.405,1250.943,1227.591,1215.361,1205.533,1181.096,1156.514,1170.421,1177.073,1155.421,1148.361,1110.166,1085.245,1052.881,1039.55,1041.479,1046.646,1067.386,1087.017,1081.96,1051.622,1003.201,938.574,870.051,803.51,740.579,681.639,618.43,555.904,493.258,430.139,368.433,308.023,256.041,208.323,165.042,128.877,98.025,72.403,52.916
VNM,2074,997.199,1001.943,1001.383,1004.294,1014.44,1011.387,1019.822,1022.608,1027.151,1032.833,1036.382,1042.381,1047.584,1050.41,1056.888,1062.676,1066.396,1072.042,1070.683,1077.432,1084.856,1092.432,1095.797,1107.917,1117.07,1129.661,1137.528,1147.932,1156.031,1163.547,1165.397,1169.383,1171.949,1178.382,1179.846,1180.417,1182.673,1184.321,1185.693,1190.749,1193.95,1199.735,1202.046,1212.946,1219.822,1226.396,1237.892,1245.441,1254.659,1268.044,1281.541,1296.49,1305.765,1320.957,1322.693,1319.206,1316.164,1321.693,1326.725,1317.913,1307.145,1277.29,1242.686,1219.187,1206.673,1196.411,1171.552,1146.452,1159.338,1164.773,1142.055,1133.588,1094.217,1067.823,1033.989,1018.711,1018.108,1020.303,1037.249,1052.575,1043.475,1009.562,958.059,891.132,820.756,752.614,688.22,627.941,564.262,501.866,440.123,378.865,319.921,263.338,215.248,171.979,133.503,101.856,75.52,54.227
VNM,2075,993.248,996.621,1001.51,1001.035,1004.021,1014.233,1011.24,1019.723,1021.861,1025.525,1030.208,1032.563,1037.259,1041.689,1043.927,1049.737,1054.937,1058.343,1064.145,1063.372,1071.364,1080.54,1090.163,1095.651,1109.873,1120.921,1134.986,1143.731,1154.305,1161.909,1168.412,1169.025,1171.651,1173.01,1178.395,1179.061,1179.014,1180.871,1182.18,1183.315,1187.992,1190.9,1196.409,1198.548,1209.221,1215.999,1222.394,1233.788,1241.086,1250.13,1263.122,1276.157,1290.465,1299.254,1313.869,1315.333,1311.593,1308.489,1313.83,1318.781,1309.866,1299.026,1269.002,1234.308,1210.595,1197.673,1186.888,1161.506,1135.743,1147.39,1151.491,1127.568,1117.536,1076.896,1048.927,1013.535,996.141,992.797,991.836,1004.763,1015.559,1002.206,964.623,910.14,841.162,769.298,699.952,634.556,573.496,509.954,448.333,388.162,329.441,273.918,221.721,177.989,139.335,105.68,78.597,56.655
VNM,2076,989.484,992.679,996.195,1001.167,1000.769,1003.821,1014.09,1011.148,1018.981,1020.241,1022.905,1026.393,1027.446,1031.37,1035.212,1036.784,1042.009,1046.895,1050.46,1056.845,1057.323,1067.066,1078.29,1090.033,1097.627,1113.741,1126.264,1141.203,1150.12,1160.197,1166.79,1172.052,1171.308,1172.728,1173.043,1177.628,1177.676,1177.233,1178.752,1179.824,1180.587,1184.971,1187.607,1192.942,1194.868,1205.439,1212.039,1218.342,1229.485,1236.617,1245.283,1257.823,1270.23,1284.047,1292.283,1306.595,1307.794,1303.997,1300.739,1306.009,1310.811,1301.826,1290.729,1260.584,1225.738,1201.693,1188.274,1176.855,1150.806,1124.191,1134.478,1137.081,1111.81,1100.086,1058.089,1028.446,991.358,971.67,965.412,961.11,969.803,975.811,958.044,916.843,859.584,788.905,715.95,645.866,580.027,518.784,456.02,395.844,337.934,282.435,230.943,183.592,144.411,110.44,81.651,59.034
VNM,2077,987.991,988.923,992.26,995.859,1000.905,1000.575,1003.686,1014,1010.413,1017.365,1017.624,1019.095,1021.28,1021.562,1024.898,1028.077,1029.065,1033.978,1039.025,1043.177,1050.81,1053.044,1064.836,1078.178,1092.025,1101.516,1119.1,1132.5,1147.608,1156.03,1165.094,1170.446,1174.348,1172.401,1172.778,1172.297,1176.262,1175.913,1175.135,1176.419,1177.121,1177.597,1181.709,1184.177,1189.295,1191.133,1201.523,1208.033,1214.097,1225.072,1231.836,1240.067,1251.989,1263.917,1277.175,1285.132,1299.146,1300.277,1296.335,1293.043,1298.173,1302.859,1293.617,1282.306,1251.976,1216.863,1192.403,1178.379,1166.176,1139.269,1111.713,1120.476,1121.415,1094.688,1081.146,1037.712,1006.247,967.317,945.198,935.861,928.055,932.272,933.286,911.102,866.444,806.724,734.741,661.169,590.913,525.233,464.449,403.136,345.1,290.155,238.513,191.559,149.22,114.681,85.485,61.443
VNM,2078,983.164,987.438,988.51,991.93,995.603,1000.715,1000.444,1003.604,1013.268,1008.801,1014.752,1013.819,1013.987,1015.401,1015.098,1017.769,1020.365,1021.047,1026.122,1031.756,1037.159,1046.545,1050.832,1064.745,1080.19,1095.929,1106.897,1125.355,1138.924,1153.533,1160.945,1168.765,1172.76,1175.454,1172.467,1172.048,1170.951,1174.517,1173.834,1172.825,1173.74,1174.156,1174.364,1178.309,1180.566,1185.593,1187.263,1197.562,1203.835,1209.745,1220.352,1226.692,1234.322,1245.774,1257.155,1270.123,1277.807,1291.721,1292.695,1288.726,1285.339,1290.367,1294.744,1285.287,1273.685,1243.055,1207.598,1182.619,1167.84,1154.651,1126.797,1098.172,1105.242,1104.378,1076.087,1060.605,1015.602,982.154,941.281,916.6,904.03,892.52,892.06,888.013,861.504,813.656,751.831,679.009,605.391,535.567,470.683,411.03,351.866,296.684,245.367,198.125,155.93,118.676,88.903,64.419
VNM,2079,979.309,982.62,987.03,988.186,991.68,995.42,1000.589,1000.367,1002.877,1011.66,1006.194,1010.95,1008.714,1008.112,1008.941,1007.975,1010.067,1012.355,1013.202,1018.866,1025.752,1032.911,1044.348,1050.761,1066.775,1084.113,1101.325,1113.171,1131.797,1144.869,1158.463,1164.633,1171.094,1173.881,1175.533,1171.753,1170.717,1169.228,1172.456,1171.543,1170.168,1170.798,1170.949,1170.997,1174.729,1176.9,1181.758,1183.351,1193.41,1199.535,1205.091,1215.273,1221.023,1228.201,1239.113,1250.215,1262.901,1270.508,1284.232,1285.17,1281.117,1277.672,1282.407,1286.514,1276.767,1264.747,1233.733,1197.835,1172.194,1156.463,1142.187,1113.258,1083.433,1088.665,1085.861,1055.904,1038.304,991.594,956.048,913.139,885.78,869.794,854.43,849.23,840.157,809.53,758.811,695.32,622.235,549.186,480.438,417.021,359.209,302.915,251.267,204.152,161.558,124.241,92.173,67.13
VNM,2080,973.791,978.773,982.219,986.711,987.942,991.501,995.299,1000.515,999.645,1001.274,1009.055,1002.395,1005.849,1002.844,1001.657,1001.824,1000.28,1002.066,1004.521,1005.961,1012.878,1021.521,1030.732,1044.289,1052.81,1070.718,1089.528,1107.615,1119.632,1137.759,1149.817,1162.167,1166.98,1172.232,1173.974,1174.829,1170.437,1169.009,1167.188,1170.183,1168.906,1167.25,1167.616,1167.607,1167.449,1171.094,1173.102,1177.879,1179.25,1189.158,1194.935,1200.083,1209.674,1214.982,1221.635,1232.275,1243.105,1255.705,1263.149,1276.805,1277.649,1273.551,1269.864,1274.343,1278.097,1267.929,1255.402,1223.904,1187.426,1160.933,1144.15,1128.648,1098.51,1067.383,1070.635,1065.75,1033.97,1014.063,965.551,927.797,882.774,852.591,833.051,813.806,803.893,789.932,755.444,702.254,637.652,564.921,493.092,426.091,364.847,309.612,256.88,209.36,166.728,128.934,96.659,69.717
VNM,2081,965.599,973.264,978.377,981.905,986.47,987.768,991.386,995.231,999.797,998.046,998.674,1005.26,997.299,999.982,996.394,994.546,994.136,992.288,994.243,997.292,999.988,1008.662,1019.358,1030.691,1046.354,1056.772,1076.152,1095.837,1114.093,1125.616,1142.726,1153.543,1164.53,1168.135,1172.341,1173.288,1173.527,1168.745,1166.986,1164.938,1167.565,1166.009,1164.093,1164.3,1164.087,1163.847,1167.328,1169.262,1173.815,1175.055,1184.613,1189.987,1194.562,1203.707,1208.5,1214.899,1225.272,1236.027,1248.457,1255.864,1269.391,1270.18,1265.856,1261.969,1266.111,1269.375,1258.697,1245.55,1213.425,1176.184,1148.749,1130.778,1113.902,1082.453,1049.928,1051.057,1043.897,1010.129,987.767,937.367,897.312,850.071,816.962,793.85,770.786,756.29,737.639,699.637,644.502,579.394,507.672,437.741,373.191,314.848,262.902,214.336,171.24,133.275,100.479,73.237
VNM,2082,959.305,965.083,972.875,978.069,981.67,986.301,987.657,991.322,994.517,998.201,995.449,994.883,1000.166,991.437,993.536,989.287,986.864,986.152,984.475,987.025,991.332,995.788,1006.517,1019.335,1032.775,1050.331,1062.226,1082.481,1102.334,1120.092,1130.604,1146.469,1155.924,1165.7,1168.262,1171.671,1172.004,1171.848,1166.739,1164.753,1162.343,1164.689,1162.874,1160.803,1160.806,1160.512,1160.116,1163.523,1165.24,1169.659,1170.57,1179.725,1184.53,1188.677,1197.304,1201.851,1207.998,1218.304,1228.902,1241.287,1248.602,1262.041,1262.593,1258.083,1253.918,1257.587,1260.265,1248.964,1235.044,1202.106,1164.018,1135.512,1116.209,1097.842,1064.984,1030.966,1029.77,1020.129,984.25,959.288,906.93,864.455,814.936,778.92,752.305,725.579,706.684,683.633,642.597,586.101,521.145,451.123,383.802,322.433,267.698,219.675,175.579,137.11,104.05,76.279
VNM,2083,949.826,958.798,964.701,972.572,977.84,981.507,986.195,987.599,990.612,992.925,995.608,991.663,989.794,994.307,984.996,986.434,981.612,978.887,978.348,977.27,981.079,987.145,993.659,1006.51,1021.433,1036.769,1055.799,1068.574,1088.999,1108.353,1125.097,1134.369,1148.869,1157.115,1165.843,1167.61,1170.402,1170.34,1169.855,1164.523,1162.177,1159.492,1161.577,1159.606,1157.335,1157.259,1156.809,1156.346,1159.537,1161.128,1165.218,1165.746,1174.331,1178.714,1182.358,1190.734,1195.038,1201.135,1211.292,1221.862,1234.149,1241.415,1254.579,1254.935,1250.162,1245.588,1248.687,1250.659,1238.581,1223.689,1189.849,1150.794,1121.084,1100.332,1080.36,1045.995,1010.336,1006.602,994.311,956.202,928.509,874.097,829.12,777.385,738.563,708.601,678.416,655.39,628.359,584.835,527.624,463.516,395.923,331.955,274.473,223.97,180.205,140.794,107.217,79.124
VNM,2084,945.314,949.328,958.422,964.406,972.349,977.681,981.406,986.14,986.893,989.025,990.336,991.823,986.576,983.939,987.867,977.9,978.764,973.643,971.093,971.152,971.335,976.906,985.029,993.669,1008.626,1025.445,1042.256,1062.163,1075.112,1095.039,1113.378,1128.877,1136.792,1150.079,1157.279,1165.207,1166.357,1168.756,1168.364,1167.653,1161.965,1159.344,1156.404,1158.331,1156.161,1153.815,1153.584,1153.069,1152.397,1155.463,1156.734,1160.442,1160.423,1168.583,1172.468,1175.876,1184.003,1188.267,1194.234,1204.374,1214.864,1227.098,1234.133,1247.06,1247.14,1241.972,1236.896,1239.305,1240.412,1227.357,1211.393,1176.526,1136.377,1105.36,1083.048,1061.352,1025.331,987.878,981.428,966.318,925.878,895.291,838.773,791.339,737.528,696.084,662.976,629.614,602.853,572.345,526.951,469.721,407.21,342.81,282.908,229.939,183.988,144.724,110.275,81.675
VNM,2085,940.847,944.824,948.96,958.133,964.188,972.195,977.584,981.355,985.438,985.308,986.438,986.554,986.74,980.724,977.505,980.775,970.236,970.8,965.855,963.908,965.228,967.177,974.805,985.053,995.801,1012.655,1030.949,1048.639,1068.714,1081.173,1100.084,1117.18,1131.317,1138.022,1150.262,1156.662,1163.971,1164.729,1166.796,1166.18,1165.11,1159.151,1156.277,1153.185,1154.909,1152.666,1150.167,1149.872,1149.151,1148.364,1151.111,1152.01,1155.168,1154.749,1162.405,1166.058,1169.236,1177.314,1181.46,1187.431,1197.505,1207.964,1219.963,1226.807,1239.411,1239.082,1233.426,1227.734,1229.296,1229.329,1215.197,1198.019,1161.992,1120.656,1088.227,1064.241,1040.654,1002.817,963.456,954.113,936.031,893.125,859.523,800.969,751.199,695.535,651.694,615.718,579.578,549.555,516.147,469.564,413.074,352.959,292.494,237.299,189.152,147.984,113.54,84.152
VNM,2086,927.903,940.365,944.461,948.677,957.921,964.04,972.103,977.537,980.657,983.857,982.726,982.66,981.474,980.89,974.294,970.418,973.115,962.28,963.021,958.679,957.995,961.08,965.089,974.843,987.199,999.847,1018.176,1037.348,1055.21,1074.79,1086.238,1103.906,1119.639,1132.565,1138.226,1149.663,1155.447,1162.359,1162.788,1164.63,1163.655,1162.31,1156.101,1153.078,1149.79,1151.436,1149.041,1146.483,1145.985,1145.15,1144.055,1146.431,1146.792,1149.545,1148.648,1156.066,1159.489,1162.638,1170.594,1174.756,1180.686,1190.744,1200.993,1212.796,1219.369,1231.511,1230.676,1224.421,1217.958,1218.465,1217.316,1201.964,1183.422,1146.134,1103.517,1069.576,1043.747,1018.084,978.316,936.935,924.531,903.282,857.818,821.196,760.755,708.852,651.592,605.646,567.19,528.735,495.994,460.335,413.318,358.386,301.459,245.602,195.429,152.33,116.255,86.772
VNM,2087,918.373,927.431,940.008,944.184,948.472,957.778,963.954,972.06,976.844,979.08,981.277,978.951,977.583,975.628,974.463,967.211,962.765,965.163,954.51,955.852,952.776,953.858,959.003,965.14,977.004,991.259,1005.385,1024.592,1043.936,1061.304,1079.871,1090.081,1106.387,1120.908,1132.785,1137.651,1148.467,1153.856,1160.435,1160.641,1162.123,1160.875,1159.277,1152.924,1149.703,1146.344,1147.836,1145.383,1142.626,1142.017,1140.878,1139.423,1141.263,1141.23,1143.502,1142.39,1149.573,1152.971,1156.015,1163.984,1168.121,1174.064,1183.931,1194.01,1205.534,1211.698,1223.278,1221.823,1214.816,1207.384,1206.732,1204.25,1187.528,1167.502,1128.853,1084.865,1049.256,1021.407,993.526,951.711,908.216,892.548,867.98,819.983,780.422,718.322,664.527,605.995,558.345,517.859,477.618,442.77,405.597,358.978,306.432,253.424,202.518,157.595,119.846,88.989
VNM,2088,910.311,917.911,927.083,939.735,943.983,948.335,957.696,963.916,971.371,975.269,976.503,977.504,973.877,971.741,969.206,967.384,959.563,954.821,957.397,947.352,949.957,948.649,951.793,959.066,967.315,981.077,996.811,1011.817,1031.198,1050.048,1066.405,1083.73,1092.583,1107.677,1121.149,1132.226,1136.475,1146.895,1151.953,1158.305,1158.154,1159.362,1157.863,1156.115,1149.569,1146.278,1142.772,1144.202,1141.552,1138.691,1137.781,1136.285,1134.305,1135.753,1135.247,1137.301,1135.977,1143.129,1146.427,1149.506,1157.448,1161.615,1167.396,1177.114,1186.941,1198.048,1203.707,1214.605,1212.376,1204.419,1195.918,1193.956,1189.982,1171.768,1150.135,1110.025,1064.521,1027.08,997.069,966.831,922.872,877.134,858.034,830.11,779.688,737.348,673.854,618.477,559.098,510.203,468.201,426.761,390.507,352.647,307.287,257.911,209.231,163.532,124.173,91.893
VNM,2089,899.924,909.859,917.569,926.818,939.54,943.851,948.259,957.662,963.231,969.801,972.695,972.733,972.433,968.038,965.321,962.13,959.739,951.625,947.065,950.243,941.467,945.84,946.595,951.868,961.253,971.403,986.644,1003.258,1018.441,1037.328,1055.166,1070.283,1086.247,1093.894,1107.939,1120.611,1131.069,1134.926,1145.012,1149.845,1155.837,1155.414,1156.369,1154.72,1152.778,1146.165,1142.727,1139.168,1140.397,1137.645,1134.489,1133.225,1131.209,1128.849,1129.824,1129.11,1130.946,1129.617,1136.664,1140.003,1143.079,1151.05,1155.076,1160.741,1170.227,1179.666,1190.257,1195.294,1205.35,1202.147,1193.142,1183.433,1180.005,1174.403,1154.572,1131.21,1089.485,1042.312,1002.913,970.604,937.879,891.643,843.574,820.989,789.749,737.091,692.173,627.614,571.067,511.316,461.684,418.735,376.753,339.875,302.197,258.93,213.19,169.165,129.024,95.348
VNM,2090,891.365,899.48,909.523,917.311,926.628,939.411,943.778,948.23,956.981,961.664,967.23,968.929,967.666,966.596,961.621,958.25,954.491,951.806,943.875,939.921,944.365,937.361,943.794,946.681,954.066,965.352,976.983,993.106,1009.896,1024.588,1042.464,1059.063,1072.821,1087.574,1094.178,1107.422,1119.474,1129.537,1133.067,1142.925,1147.4,1153.117,1152.444,1153.248,1151.405,1149.39,1142.636,1139.146,1135.394,1136.518,1133.475,1129.972,1128.192,1125.797,1122.977,1123.741,1122.821,1124.646,1123.24,1130.324,1133.667,1136.8,1144.629,1148.56,1154.03,1163.147,1172.1,1182.058,1186.319,1195.328,1191.054,1180.863,1169.797,1164.768,1157.401,1135.829,1110.559,1067.055,1018.102,976.624,941.891,906.518,857.912,807.537,781.487,747.058,692.387,645.163,579.973,522.723,463.12,413.311,370.049,328.261,291.587,254.952,214.31,172.599,133.66,99.227
VNM,2091,880.988,890.93,899.152,909.27,917.127,926.507,939.342,943.754,947.553,955.418,959.098,963.467,963.865,961.832,960.184,954.555,950.615,946.564,944.061,936.739,934.055,940.265,935.327,943.89,948.89,958.178,970.946,983.46,999.759,1016.058,1029.743,1046.379,1061.618,1074.167,1087.875,1093.682,1106.308,1117.964,1127.695,1131.004,1140.502,1144.705,1150.166,1149.346,1149.954,1148.04,1145.879,1139.078,1135.396,1131.549,1132.379,1128.992,1124.981,1122.825,1119.973,1116.952,1117.51,1116.588,1118.331,1116.992,1124.078,1127.489,1130.511,1138.244,1142.002,1147.141,1155.793,1164.146,1173.315,1176.601,1184.459,1178.973,1167.449,1154.903,1148.14,1138.868,1115.373,1088,1042.595,991.756,948.09,910.773,872.626,821.674,769.093,739.683,702.227,645.834,596.689,531.351,473.916,415.022,365.655,322.791,281.963,246.316,211.308,173.764,136.592,102.974
VNM,2092,872.546,880.561,890.607,898.906,909.092,917.01,926.444,939.323,943.08,945.994,952.855,955.337,958.404,958.034,955.422,953.12,946.924,942.694,938.826,936.932,930.88,929.966,938.238,935.435,946.108,953.012,963.783,977.434,990.127,1005.936,1021.228,1033.676,1048.953,1062.984,1074.488,1087.395,1092.59,1104.819,1116.144,1125.651,1128.607,1137.83,1141.78,1147.089,1146.074,1146.61,1144.551,1142.338,1135.351,1131.576,1127.445,1127.929,1124.036,1119.657,1117.044,1113.995,1110.778,1111.334,1110.342,1112.15,1110.846,1117.997,1121.306,1124.266,1131.822,1135.272,1139.987,1148.061,1155.66,1163.839,1166.052,1172.613,1165.765,1152.788,1138.635,1129.997,1118.621,1093.007,1063.377,1015.952,963.133,917.14,877.114,836.179,782.974,728.364,695.732,655.487,597.772,547.149,482.192,425.131,367.56,319.314,277.588,238.474,204.408,171.559,137.707,105.385
VNM,2093,866.073,872.127,880.246,890.366,898.733,908.98,916.953,926.429,938.652,941.524,943.434,949.098,950.278,952.578,951.627,948.363,945.494,939.008,934.962,931.703,931.079,926.8,927.95,938.35,937.664,950.24,958.628,970.284,984.112,996.318,1011.121,1025.176,1036.268,1050.338,1063.322,1074.029,1086.317,1091.123,1103.022,1114.123,1123.273,1125.961,1134.928,1138.729,1143.839,1142.754,1143.143,1141.033,1138.63,1131.556,1127.499,1123.033,1123.007,1118.749,1113.92,1111.112,1107.868,1104.662,1105.147,1104.232,1106.071,1104.869,1111.917,1115.175,1117.993,1125.238,1128.287,1132.466,1139.809,1146.455,1153.546,1154.545,1159.652,1151.317,1136.76,1120.87,1110.157,1096.463,1068.568,1036.528,986.974,932.047,883.616,840.87,797.205,741.918,685.483,649.841,607.152,548.571,496.973,432.967,376.9,321.32,274.903,235.043,198.136,166.166,136.144,106.403
VNM,2094,859.261,865.661,871.817,880.011,890.198,898.626,908.926,916.942,925.764,937.098,938.967,939.681,944.042,944.455,946.175,944.571,940.741,937.582,931.283,927.847,925.858,927.005,924.792,928.075,940.586,941.807,955.864,965.14,976.975,990.317,1001.518,1015.085,1027.783,1037.671,1050.694,1062.881,1072.971,1084.867,1089.348,1101.025,1111.768,1120.647,1123.086,1131.9,1135.505,1140.54,1139.31,1139.646,1137.348,1134.854,1127.505,1123.116,1118.152,1117.756,1113.05,1108.034,1105.033,1101.801,1098.536,1099.099,1098.23,1100.169,1098.904,1105.898,1109.025,1111.569,1118.407,1120.948,1124.442,1130.859,1136.456,1142.319,1141.957,1145.474,1135.522,1119.257,1101.446,1088.445,1072.252,1041.92,1007.326,955.505,898.382,847.524,802.116,755.861,698.697,640.712,602.388,557.672,498.737,446.723,384.292,329.899,276.993,233.091,195.569,161.314,132.08,105.382
VNM,2095,852.682,858.856,865.356,871.588,879.849,890.097,898.578,908.919,916.28,924.214,934.544,935.216,934.628,938.22,938.055,939.122,936.954,932.835,929.862,924.174,922.01,921.793,925.004,924.925,930.323,944.735,947.445,962.384,971.842,983.19,995.528,1005.496,1017.708,1029.2,1038.045,1050.272,1061.842,1071.541,1083.109,1087.374,1098.694,1109.168,1117.793,1120.087,1128.701,1132.233,1137.117,1135.84,1135.986,1133.598,1130.824,1123.152,1118.267,1112.945,1112.096,1107.202,1102,1099.013,1095.725,1092.553,1093.164,1092.412,1094.286,1093.011,1099.871,1102.735,1104.913,1111.234,1113.117,1115.734,1121.131,1125.545,1130.03,1128.178,1129.964,1118.263,1100.104,1080.167,1064.701,1045.826,1012.907,975.576,921.381,862.089,808.88,760.948,712.27,653.496,594.337,553.721,507.456,448.727,396.923,336.748,284.734,235.156,194.196,159.438,128.405,102.393
VNM,2096,846.695,852.283,858.557,865.132,871.43,879.752,890.052,898.575,908.261,914.735,921.664,930.796,930.166,928.81,931.825,931.007,931.509,929.053,925.121,922.759,918.345,917.953,919.802,925.144,927.183,934.485,950.379,953.978,969.097,978.07,988.416,999.52,1008.135,1019.141,1029.591,1037.641,1049.252,1060.431,1069.805,1081.152,1085.068,1096.12,1106.34,1114.816,1116.917,1125.456,1128.84,1133.67,1132.206,1132.262,1129.597,1126.496,1118.334,1113.093,1107.331,1106.289,1101.21,1096.028,1092.989,1089.798,1086.69,1087.421,1086.623,1088.484,1087.124,1093.716,1096.225,1097.929,1103.588,1104.625,1106.276,1110.522,1113.608,1116.586,1113.114,1113.024,1099.383,1079.132,1056.905,1038.791,1017.06,981.367,941.154,884.596,823.23,767.825,717.535,666.67,606.662,546.758,504.304,457.027,399.124,348.23,291.008,242.05,196.182,158.539,127.094,99.69
VNM,2097,837.2,846.303,851.989,858.337,864.979,871.338,879.713,890.054,897.921,906.719,912.187,917.919,925.748,924.352,922.419,924.781,923.4,923.614,921.345,918.025,916.937,914.296,915.97,919.952,927.408,931.353,940.14,956.918,960.702,975.335,983.306,992.421,1002.171,1009.585,1019.548,1029.203,1036.641,1047.861,1058.715,1067.871,1078.866,1082.519,1093.32,1103.391,1111.669,1113.702,1122.089,1125.422,1130.061,1128.511,1128.29,1125.299,1121.704,1113.196,1107.516,1101.572,1100.338,1095.282,1090.056,1087.116,1083.995,1081.026,1081.714,1080.925,1082.697,1081.119,1087.351,1089.399,1090.487,1095.292,1095.398,1095.959,1098.912,1100.545,1101.881,1096.653,1094.484,1078.699,1056.191,1031.506,1010.569,985.771,947.149,904.02,845.18,781.913,724.493,672.078,619.376,558.56,498.395,454.624,406.948,350.563,301.322,247.722,202.23,160.402,126.576,98.836
VNM,2098,831.813,836.816,846.015,851.774,858.189,864.891,871.303,879.719,889.403,896.382,904.175,908.446,912.875,919.937,917.963,915.379,917.179,915.51,915.912,914.256,912.21,912.895,912.321,916.128,922.225,931.587,937.018,946.693,963.649,966.953,980.582,987.323,995.086,1003.634,1010.007,1019.176,1028.218,1035.269,1046.165,1056.801,1065.609,1076.337,1079.748,1090.399,1100.273,1108.477,1110.366,1118.698,1121.845,1126.393,1124.571,1124.023,1120.542,1116.593,1107.653,1101.793,1095.67,1094.452,1089.355,1084.237,1081.372,1078.395,1075.404,1076.104,1075.247,1076.797,1074.915,1080.679,1082.125,1082.41,1086.275,1085.328,1084.663,1086.203,1086.252,1085.807,1078.63,1074.165,1056.063,1031.129,1003.829,979.856,951.807,910.217,864.208,803.248,738.278,679.092,624.898,570.764,509.626,449.732,405.24,357.868,303.727,256.87,207.279,165.614,128.277,98.606
VNM,2099,826.973,831.435,836.533,845.804,851.63,858.104,864.859,871.312,879.072,887.868,893.842,900.437,903.406,907.067,913.55,910.927,907.781,909.294,907.815,908.83,908.448,908.176,910.926,912.487,918.409,926.412,937.258,943.579,953.436,969.906,972.213,984.609,990,996.561,1004.068,1009.65,1018.208,1026.862,1033.592,1044.272,1054.559,1063.103,1073.585,1076.853,1087.308,1097.107,1105.163,1107.005,1115.148,1118.208,1122.479,1120.336,1119.295,1115.463,1111.076,1101.963,1095.924,1089.83,1088.565,1083.578,1078.546,1075.83,1072.838,1069.88,1070.514,1069.458,1070.697,1068.406,1073.558,1074.214,1073.614,1076.417,1074.283,1072.274,1072.269,1070.597,1068.173,1058.836,1051.884,1031.286,1003.766,973.647,946.45,915.074,870.54,821.765,758.869,692.461,631.865,576.294,521.196,460.273,401.246,356.725,310.411,259.232,215.23,169.994,132.651,100.092
VNM,2100,820.781,826.599,831.156,836.327,845.663,851.549,858.077,864.871,870.668,877.54,885.33,890.106,895.398,897.6,900.685,906.519,903.333,899.903,901.605,900.74,903.029,904.421,906.216,911.099,914.777,922.605,932.093,943.826,950.332,959.706,975.173,976.252,987.296,991.487,997.01,1003.725,1008.698,1016.867,1025.201,1031.719,1042.052,1052.076,1060.377,1070.712,1073.792,1084.172,1093.823,1101.828,1103.489,1111.543,1114.33,1118.274,1115.645,1114.251,1109.981,1105.414,1096.132,1090.123,1083.994,1082.834,1077.938,1073.066,1070.341,1067.389,1064.391,1064.829,1063.485,1064.308,1061.469,1065.825,1065.61,1064.009,1065.617,1062.182,1058.707,1057.024,1053.44,1048.825,1037.149,1027.511,1004.25,973.942,940.834,910.335,875.624,828.25,776.851,712.269,644.794,583.199,526.715,471.178,411.069,353.579,309.773,265.278,217.501,176.784,136.378,103.683
